{
  "best_epoch": 29,
  "best_val_f1": 0.8899186050854195,
  "test_accuracy": 0.8818787747366006,
  "test_macro_f1": 0.8347595605945192,
  "num_classes": 178
}