{
  "best_epoch": 30,
  "best_val_f1": 0.8877043396330005,
  "test_accuracy": 0.87939316288966,
  "test_macro_f1": 0.8349290808450234,
  "num_classes": 178
}