{
  "static": {
    "accuracy": 0.7569266989589329,
    "macro_f1": 0.5957865957813274
  },
  "tent": {
    "accuracy": 0.38268177331330644,
    "macro_f1": 0.301592141248407,
    "adapt_time_s": 481.92901706695557
  },
  "tta_tc": {
    "accuracy": 0.7534916127232208,
    "macro_f1": 0.5920192433622571,
    "adapt_time_s": 465.9574782848358
  }
}