period,class_id,support,centroid_shift_from_ref,radius,delta_radius_from_ref,nearest_other_class,nearest_centroid_distance,delta_nearest_distance_from_ref,margin,delta_margin_from_ref,top_confusion_partner,top_confusion_partner_rate,confusion_partner_distance,ref_top_confusion_partner,ref_top_confusion_partner_distance,ref_distance_to_current_partner,delta_current_partner_distance_from_ref
M-2022-4,0,1414,0.0,6.641011714935303,0.0,14,5.077627658843994,0.0,-1.5633840560913086,0.0,25,0.019801980198019802,5.533766746520996,25,5.533766746520996,5.533766746520996,0.0
M-2022-4,1,10792,0.0,6.869780540466309,0.0,20,5.932801723480225,0.0,-0.936978816986084,0.0,153,0.0064862861378799114,6.644218444824219,153,6.644218444824219,6.644218444824219,0.0
M-2022-4,2,7583,0.0,8.209887504577637,0.0,153,3.825029134750366,0.0,-4.3848583698272705,0.0,117,0.049188975339575364,6.733699321746826,117,6.733699321746826,6.733699321746826,0.0
M-2022-4,3,1593,0.0,4.495903015136719,0.0,94,4.754383087158203,0.0,0.2584800720214844,0.0,2,0.017576898932831136,11.015581130981445,2,11.015581130981445,11.015581130981445,0.0
M-2022-4,4,3737,0.0,4.491601943969727,0.0,27,4.921812534332275,0.0,0.43021059036254883,0.0,28,0.002408348943002408,9.583311080932617,28,9.583311080932617,9.583311080932617,0.0
M-2022-4,5,2093,0.0,5.675634860992432,0.0,7,2.788607597351074,0.0,-2.8870272636413574,0.0,6,0.01433349259436216,3.7021961212158203,6,3.7021961212158203,3.7021961212158203,0.0
M-2022-4,6,2729,0.0,3.3986916542053223,0.0,5,3.7021961212158203,0.0,0.30350446701049805,0.0,5,0.012092341517039208,3.7021961212158203,5,3.7021961212158203,3.7021961212158203,0.0
M-2022-4,7,36,0.0,5.128162384033203,0.0,5,2.788607597351074,0.0,-2.339554786682129,0.0,14,0.1111111111111111,7.21755838394165,14,7.21755838394165,7.21755838394165,0.0
M-2022-4,8,1574,0.0,7.163690090179443,0.0,151,4.7392096519470215,0.0,-2.424480438232422,0.0,28,0.02986022871664549,5.956322193145752,28,5.956322193145752,5.956322193145752,0.0
M-2022-4,9,1547,0.0,7.835673809051514,0.0,25,3.151979446411133,0.0,-4.683694362640381,0.0,25,0.17517776341305752,3.151979446411133,25,3.151979446411133,3.151979446411133,0.0
M-2022-4,10,2020,0.0,6.659149646759033,0.0,12,3.757195472717285,0.0,-2.901954174041748,0.0,12,0.053465346534653464,3.757195472717285,12,3.757195472717285,3.757195472717285,0.0
M-2022-4,11,1685,0.0,7.810478687286377,0.0,88,4.418951988220215,0.0,-3.391526699066162,0.0,133,0.06231454005934718,5.085204124450684,133,5.085204124450684,5.085204124450684,0.0
M-2022-4,12,2788,0.0,8.0222749710083,0.0,10,3.757195472717285,0.0,-4.265079498291016,0.0,10,0.01721664275466284,3.757195472717285,10,3.757195472717285,3.757195472717285,0.0
M-2022-4,13,2093,0.0,7.875782012939453,0.0,159,2.552919387817383,0.0,-5.32286262512207,0.0,46,0.0864787386526517,3.511965274810791,46,3.511965274810791,3.511965274810791,0.0
M-2022-4,14,10401,0.0,8.77728271484375,0.0,16,3.5248446464538574,0.0,-5.252438068389893,0.0,129,0.02153639073166042,3.9953043460845947,129,3.9953043460845947,3.9953043460845947,0.0
M-2022-4,15,751,0.0,7.3279128074646,0.0,154,4.567202568054199,0.0,-2.7607102394104004,0.0,151,0.03861517976031957,5.2011799812316895,151,5.2011799812316895,5.2011799812316895,0.0
M-2022-4,16,2008,0.0,8.545604705810547,0.0,155,3.0408124923706055,0.0,-5.504792213439941,0.0,93,0.07669322709163347,7.065092086791992,93,7.065092086791992,7.065092086791992,0.0
M-2022-4,17,10007,0.0,7.601191520690918,0.0,2,4.3549323081970215,0.0,-3.2462592124938965,0.0,156,0.009293494553812332,5.024440288543701,156,5.024440288543701,5.024440288543701,0.0
M-2022-4,18,21926,0.0,7.478030681610107,0.0,154,5.197081089019775,0.0,-2.280949592590332,0.0,153,0.012177323725257684,6.4388017654418945,153,6.4388017654418945,6.4388017654418945,0.0
M-2022-4,19,13185,0.0,7.233432769775391,0.0,23,4.100835800170898,0.0,-3.132596969604492,0.0,18,0.027152066742510427,5.555657386779785,18,5.555657386779785,5.555657386779785,0.0
M-2022-4,20,1281,0.0,6.8004045486450195,0.0,21,4.4192962646484375,0.0,-2.381108283996582,0.0,19,0.0234192037470726,4.820204257965088,19,4.820204257965088,4.820204257965088,0.0
M-2022-4,21,2620,0.0,5.575272083282471,0.0,20,4.4192962646484375,0.0,-1.1559758186340332,0.0,153,0.0061068702290076335,7.984899520874023,153,7.984899520874023,7.984899520874023,0.0
M-2022-4,22,4636,0.0,6.09963321685791,0.0,124,5.4505815505981445,0.0,-0.6490516662597656,0.0,153,0.007765314926660914,7.523407459259033,153,7.523407459259033,7.523407459259033,0.0
M-2022-4,23,12840,0.0,6.28503942489624,0.0,19,4.100835800170898,0.0,-2.184203624725342,0.0,19,0.008722741433021807,4.100835800170898,19,4.100835800170898,4.100835800170898,0.0
M-2022-4,24,10253,0.0,5.802816867828369,0.0,143,5.1463494300842285,0.0,-0.6564674377441406,0.0,153,0.011021164537208621,6.4211506843566895,153,6.4211506843566895,6.4211506843566895,0.0
M-2022-4,25,54557,0.0,7.897135257720947,0.0,9,3.151979446411133,0.0,-4.7451558113098145,0.0,156,0.004893964110929853,5.544147491455078,156,5.544147491455078,5.544147491455078,0.0
M-2022-4,26,2293,0.0,6.636659622192383,0.0,46,4.036586761474609,0.0,-2.6000728607177734,0.0,13,0.013083296990841693,5.323270320892334,13,5.323270320892334,5.323270320892334,0.0
M-2022-4,27,19386,0.0,4.838223457336426,0.0,4,4.921812534332275,0.0,0.08358907699584961,0.0,83,0.002321262766945218,6.565752983093262,83,6.565752983093262,6.565752983093262,0.0
M-2022-4,28,16366,0.0,7.500316143035889,0.0,50,4.910473823547363,0.0,-2.5898423194885254,0.0,25,0.009959672491751191,7.334218978881836,25,7.334218978881836,7.334218978881836,0.0
M-2022-4,29,29653,0.0,7.886711597442627,0.0,54,3.712200880050659,0.0,-4.174510717391968,0.0,149,0.01942467878460864,6.495394229888916,149,6.495394229888916,6.495394229888916,0.0
M-2022-4,30,8131,0.0,7.567113876342773,0.0,111,3.9582693576812744,0.0,-3.608844518661499,0.0,149,0.0024597220514081908,6.769852638244629,149,6.769852638244629,6.769852638244629,0.0
M-2022-4,31,7973,0.0,5.800617694854736,0.0,158,5.341538906097412,0.0,-0.4590787887573242,0.0,142,0.0056440486642418165,6.792895793914795,142,6.792895793914795,6.792895793914795,0.0
M-2022-4,32,2331,0.0,8.870135307312012,0.0,154,3.771552324295044,0.0,-5.098582983016968,0.0,153,0.04332904332904333,4.397705078125,153,4.397705078125,4.397705078125,0.0
M-2022-4,33,204,0.0,7.431371212005615,0.0,163,3.56781268119812,0.0,-3.863558530807495,0.0,166,0.15196078431372548,4.495631217956543,166,4.495631217956543,4.495631217956543,0.0
M-2022-4,34,588,0.0,4.4232869148254395,0.0,151,6.118799209594727,0.0,1.695512294769287,0.0,110,0.02040816326530612,8.266630172729492,110,8.266630172729492,8.266630172729492,0.0
M-2022-4,35,875,0.0,5.7157816886901855,0.0,41,4.464819431304932,0.0,-1.250962257385254,0.0,41,0.08114285714285714,4.464819431304932,41,4.464819431304932,4.464819431304932,0.0
M-2022-4,36,826,0.0,5.397667407989502,0.0,64,6.187174320220947,0.0,0.7895069122314453,0.0,166,0.04600484261501211,6.325815200805664,166,6.325815200805664,6.325815200805664,0.0
M-2022-4,37,1989,0.0,4.938746452331543,0.0,50,5.9155778884887695,0.0,0.9768314361572266,0.0,36,0.15485168426344897,7.343564510345459,36,7.343564510345459,7.343564510345459,0.0
M-2022-4,38,77,0.0,6.869776248931885,0.0,156,5.438883304595947,0.0,-1.4308929443359375,0.0,68,0.1038961038961039,5.455014705657959,68,5.455014705657959,5.455014705657959,0.0
M-2022-4,39,4388,0.0,7.608900547027588,0.0,11,4.648281574249268,0.0,-2.9606189727783203,0.0,125,0.011166818596171376,5.436428070068359,125,5.436428070068359,5.436428070068359,0.0
M-2022-4,40,2334,0.0,6.551080226898193,0.0,78,5.432871341705322,0.0,-1.118208885192871,0.0,75,0.025278491859468722,7.801549434661865,75,7.801549434661865,7.801549434661865,0.0
M-2022-4,41,2121,0.0,6.562270641326904,0.0,35,4.464819431304932,0.0,-2.0974512100219727,0.0,153,0.030645921735030647,5.502448558807373,153,5.502448558807373,5.502448558807373,0.0
M-2022-4,42,1839,0.0,6.868686199188232,0.0,160,3.246673107147217,0.0,-3.6220130920410156,0.0,115,0.10657966286025014,4.2113237380981445,115,4.2113237380981445,4.2113237380981445,0.0
M-2022-4,43,2042,0.0,7.523932933807373,0.0,162,4.224605560302734,0.0,-3.2993273735046387,0.0,153,0.07982370225269343,4.698450565338135,153,4.698450565338135,4.698450565338135,0.0
M-2022-4,44,2910,0.0,3.2903220653533936,0.0,157,6.77044153213501,0.0,3.480119466781616,0.0,93,0.02302405498281787,9.03125,93,9.03125,9.03125,0.0
M-2022-4,45,2192,0.0,4.803951740264893,0.0,112,6.236897945404053,0.0,1.4329462051391602,0.0,105,0.014142335766423358,7.207004070281982,105,7.207004070281982,7.207004070281982,0.0
M-2022-4,46,9798,0.0,7.821617603302002,0.0,159,2.698843240737915,0.0,-5.122774362564087,0.0,13,0.039701979995917534,3.511965274810791,13,3.511965274810791,3.511965274810791,0.0
M-2022-4,47,3839,0.0,4.002448081970215,0.0,48,5.773986339569092,0.0,1.771538257598877,0.0,48,0.016931492576191715,5.773986339569092,48,5.773986339569092,5.773986339569092,0.0
M-2022-4,48,5001,0.0,5.35991096496582,0.0,94,5.27549409866333,0.0,-0.08441686630249023,0.0,47,0.0013997200559888023,5.773986339569092,47,5.773986339569092,5.773986339569092,0.0
M-2022-4,49,40220,0.0,8.283219337463379,0.0,159,5.5018229484558105,0.0,-2.7813963890075684,0.0,75,0.013326703132769766,7.755835056304932,75,7.755835056304932,7.755835056304932,0.0
M-2022-4,50,4546,0.0,7.863430976867676,0.0,68,3.737952947616577,0.0,-4.125478029251099,0.0,25,0.10272767267927849,5.309215068817139,25,5.309215068817139,5.309215068817139,0.0
M-2022-4,51,21842,0.0,8.057634353637695,0.0,111,4.597440242767334,0.0,-3.4601941108703613,0.0,156,0.007233769801300248,5.915379047393799,156,5.915379047393799,5.915379047393799,0.0
M-2022-4,52,2301,0.0,7.141764163970947,0.0,2,4.482763767242432,0.0,-2.6590003967285156,0.0,153,0.024337244676227728,5.602747440338135,153,5.602747440338135,5.602747440338135,0.0
M-2022-4,53,9775,0.0,5.533491611480713,0.0,94,5.752041339874268,0.0,0.2185497283935547,0.0,117,0.008184143222506393,7.3676018714904785,117,7.3676018714904785,7.3676018714904785,0.0
M-2022-4,54,6663,0.0,6.307574272155762,0.0,29,3.712200880050659,0.0,-2.5953733921051025,0.0,29,0.0754915203361849,3.712200880050659,29,3.712200880050659,3.712200880050659,0.0
M-2022-4,55,8193,0.0,2.497645616531372,0.0,165,6.456521511077881,0.0,3.958875894546509,0.0,165,0.0008543878921030148,6.456521511077881,165,6.456521511077881,6.456521511077881,0.0
M-2022-4,56,10094,0.0,4.520423889160156,0.0,114,7.276540279388428,0.0,2.7561163902282715,0.0,87,0.021993263324747374,11.77489185333252,87,11.77489185333252,11.77489185333252,0.0
M-2022-4,57,3065,0.0,4.123186111450195,0.0,94,7.122630596160889,0.0,2.9994444847106934,0.0,14,0.0006525285481239804,8.034412384033203,14,8.034412384033203,8.034412384033203,0.0
M-2022-4,58,2286,0.0,3.4619197845458984,0.0,150,6.251821517944336,0.0,2.7899017333984375,0.0,96,0.0026246719160104987,9.609481811523438,96,9.609481811523438,9.609481811523438,0.0
M-2022-4,59,13724,0.0,5.285001277923584,0.0,172,6.536205291748047,0.0,1.251204013824463,0.0,172,0.012095598950743223,6.536205291748047,172,6.536205291748047,6.536205291748047,0.0
M-2022-4,60,49622,0.0,7.689431667327881,0.0,171,3.0638883113861084,0.0,-4.6255433559417725,0.0,61,0.021018902905969125,5.104747295379639,61,5.104747295379639,5.104747295379639,0.0
M-2022-4,61,19676,0.0,8.012054443359375,0.0,86,3.0958809852600098,0.0,-4.916173458099365,0.0,86,0.05737954868875788,3.0958809852600098,86,3.0958809852600098,3.0958809852600098,0.0
M-2022-4,62,15549,0.0,7.058374404907227,0.0,63,6.190113544464111,0.0,-0.8682608604431152,0.0,86,0.012862563508907325,6.243754863739014,86,6.243754863739014,6.243754863739014,0.0
M-2022-4,63,11152,0.0,7.980510711669922,0.0,60,3.430480718612671,0.0,-4.550029993057251,0.0,60,0.10616929698708752,3.430480718612671,60,3.430480718612671,3.430480718612671,0.0
M-2022-4,64,2437,0.0,6.952212333679199,0.0,168,3.3317012786865234,0.0,-3.620511054992676,0.0,168,0.051702913418137056,3.3317012786865234,168,3.3317012786865234,3.3317012786865234,0.0
M-2022-4,65,3145,0.0,4.286617279052734,0.0,106,4.659673690795898,0.0,0.37305641174316406,0.0,107,0.009220985691573928,5.227299690246582,107,5.227299690246582,5.227299690246582,0.0
M-2022-4,66,5149,0.0,6.78634786605835,0.0,143,5.13324499130249,0.0,-1.6531028747558594,0.0,133,0.010099048358904641,6.423084259033203,133,6.423084259033203,6.423084259033203,0.0
M-2022-4,67,854,0.0,7.778066635131836,0.0,13,2.850883722305298,0.0,-4.927182912826538,0.0,46,0.16978922716627634,4.160336494445801,46,4.160336494445801,4.160336494445801,0.0
M-2022-4,68,7271,0.0,7.370747089385986,0.0,50,3.737952947616577,0.0,-3.632794141769409,0.0,153,0.02929445743364049,5.167975425720215,153,5.167975425720215,5.167975425720215,0.0
M-2022-4,69,879,0.0,6.910245895385742,0.0,105,4.295083045959473,0.0,-2.6151628494262695,0.0,104,0.03185437997724687,4.692135810852051,104,4.692135810852051,4.692135810852051,0.0
M-2022-4,70,2642,0.0,7.704878330230713,0.0,82,3.6487133502960205,0.0,-4.056164979934692,0.0,82,0.10976532929598788,3.6487133502960205,82,3.6487133502960205,3.6487133502960205,0.0
M-2022-4,71,149408,0.0,8.864776611328125,0.0,82,3.233531951904297,0.0,-5.631244659423828,0.0,82,0.02406832298136646,3.233531951904297,82,3.233531951904297,3.233531951904297,0.0
M-2022-4,72,17880,0.0,8.37066650390625,0.0,82,3.674029588699341,0.0,-4.696636915206909,0.0,71,0.054642058165548096,3.974828004837036,71,3.974828004837036,3.974828004837036,0.0
M-2022-4,73,29211,0.0,5.576393127441406,0.0,75,4.594153881072998,0.0,-0.9822392463684082,0.0,82,0.007531409400568279,5.259551525115967,82,5.259551525115967,5.259551525115967,0.0
M-2022-4,74,9210,0.0,8.693154335021973,0.0,175,3.7370219230651855,0.0,-4.956132411956787,0.0,77,0.098371335504886,4.056864261627197,77,4.056864261627197,4.056864261627197,0.0
M-2022-4,75,28060,0.0,7.43698787689209,0.0,82,3.4337644577026367,0.0,-4.003223419189453,0.0,71,0.04240912330719886,4.6311211585998535,71,4.6311211585998535,4.6311211585998535,0.0
M-2022-4,76,10523,0.0,7.989165306091309,0.0,175,3.9048197269439697,0.0,-4.084345579147339,0.0,175,0.029744369476385063,3.9048197269439697,175,3.9048197269439697,3.9048197269439697,0.0
M-2022-4,77,81932,0.0,9.47087287902832,0.0,175,2.862924575805664,0.0,-6.607948303222656,0.0,175,0.027400771371381145,2.862924575805664,175,2.862924575805664,2.862924575805664,0.0
M-2022-4,78,48009,0.0,7.088164329528809,0.0,71,5.254162311553955,0.0,-1.8340020179748535,0.0,71,0.019662979857943304,5.254162311553955,71,5.254162311553955,5.254162311553955,0.0
M-2022-4,79,25102,0.0,8.128451347351074,0.0,175,3.062697649002075,0.0,-5.065753698348999,0.0,77,0.06967572304995617,3.584693193435669,77,3.584693193435669,3.584693193435669,0.0
M-2022-4,80,6096,0.0,7.4593400955200195,0.0,175,4.019799709320068,0.0,-3.439540386199951,0.0,175,0.07693569553805775,4.019799709320068,175,4.019799709320068,4.019799709320068,0.0
M-2022-4,81,7217,0.0,5.055540084838867,0.0,40,6.110647201538086,0.0,1.0551071166992188,0.0,71,0.005681030899265623,7.446446418762207,71,7.446446418762207,7.446446418762207,0.0
M-2022-4,82,79609,0.0,8.628438949584961,0.0,71,3.233531951904297,0.0,-5.394906997680664,0.0,71,0.04505771960456732,3.233531951904297,71,3.233531951904297,3.233531951904297,0.0
M-2022-4,83,24502,0.0,7.593449592590332,0.0,94,4.9284257888793945,0.0,-2.6650238037109375,0.0,155,0.0051832503469104564,6.851985454559326,155,6.851985454559326,6.851985454559326,0.0
M-2022-4,84,2397,0.0,4.984694957733154,0.0,2,6.488080978393555,0.0,1.5033860206604004,0.0,153,0.0050062578222778474,6.771669864654541,153,6.771669864654541,6.771669864654541,0.0
M-2022-4,85,2080,0.0,7.563607215881348,0.0,142,7.379873752593994,0.0,-0.18373346328735352,0.0,25,0.005288461538461539,9.814266204833984,25,9.814266204833984,9.814266204833984,0.0
M-2022-4,86,27759,0.0,8.216278076171875,0.0,61,3.0958809852600098,0.0,-5.120397090911865,0.0,61,0.1049029143701142,3.0958809852600098,61,3.0958809852600098,3.0958809852600098,0.0
M-2022-4,87,11231,0.0,6.164638519287109,0.0,12,6.364259719848633,0.0,0.19962120056152344,0.0,142,0.0020479031252782476,7.103288173675537,142,7.103288173675537,7.103288173675537,0.0
M-2022-4,88,204,0.0,7.835334300994873,0.0,64,4.412561893463135,0.0,-3.4227724075317383,0.0,63,0.05392156862745098,4.646664142608643,63,4.646664142608643,4.646664142608643,0.0
M-2022-4,89,486,0.0,7.335572719573975,0.0,162,5.140669345855713,0.0,-2.1949033737182617,0.0,155,0.024691358024691357,6.414841175079346,155,6.414841175079346,6.414841175079346,0.0
M-2022-4,90,7635,0.0,6.213293552398682,0.0,14,5.540865898132324,0.0,-0.6724276542663574,0.0,71,0.0061558611656843485,8.130857467651367,71,8.130857467651367,8.130857467651367,0.0
M-2022-4,91,4262,0.0,5.588850975036621,0.0,176,5.003982067108154,0.0,-0.5848689079284668,0.0,83,0.028155795401220086,7.443275451660156,83,7.443275451660156,7.443275451660156,0.0
M-2022-4,92,2288,0.0,2.6543195247650146,0.0,107,4.58973503112793,0.0,1.935415506362915,0.0,140,0.027534965034965036,9.392237663269043,140,9.392237663269043,9.392237663269043,0.0
M-2022-4,93,34812,0.0,7.887857437133789,0.0,126,4.347023010253906,0.0,-3.540834426879883,0.0,131,0.05334367459496725,7.102643013000488,131,7.102643013000488,7.102643013000488,0.0
M-2022-4,94,633,0.0,6.912290096282959,0.0,172,4.388479709625244,0.0,-2.523810386657715,0.0,117,0.06003159557661927,5.466680526733398,117,5.466680526733398,5.466680526733398,0.0
M-2022-4,95,50223,0.0,5.632744312286377,0.0,173,6.341655731201172,0.0,0.7089114189147949,0.0,28,0.00561495729048444,7.385371208190918,28,7.385371208190918,7.385371208190918,0.0
M-2022-4,96,55119,0.0,7.368551254272461,0.0,97,4.822594165802002,0.0,-2.545957088470459,0.0,117,0.013334784738474936,4.861117362976074,117,4.861117362976074,4.861117362976074,0.0
M-2022-4,97,41580,0.0,5.4433770179748535,0.0,96,4.822594165802002,0.0,-0.6207828521728516,0.0,96,0.009908609908609908,4.822594165802002,96,4.822594165802002,4.822594165802002,0.0
M-2022-4,98,63298,0.0,5.468641757965088,0.0,96,7.275697708129883,0.0,1.807055950164795,0.0,117,0.0013902492969762078,7.594439506530762,117,7.594439506530762,7.594439506530762,0.0
M-2022-4,99,23955,0.0,7.511209011077881,0.0,117,4.974876403808594,0.0,-2.536332607269287,0.0,96,0.02458776873304112,6.7261962890625,96,6.7261962890625,6.7261962890625,0.0
M-2022-4,100,30504,0.0,6.660763263702393,0.0,164,5.5802717208862305,0.0,-1.080491542816162,0.0,97,0.0034421715184893785,8.190964698791504,97,8.190964698791504,8.190964698791504,0.0
M-2022-4,101,60629,0.0,4.9470744132995605,0.0,102,7.5284810066223145,0.0,2.581406593322754,0.0,96,0.000808194098533705,9.963253021240234,96,9.963253021240234,9.963253021240234,0.0
M-2022-4,102,79891,0.0,7.431622505187988,0.0,172,6.530092716217041,0.0,-0.9015297889709473,0.0,117,0.0032294000575784506,6.848796367645264,117,6.848796367645264,6.848796367645264,0.0
M-2022-4,103,1787,0.0,5.181587219238281,0.0,66,6.238933563232422,0.0,1.0573463439941406,0.0,117,0.023503077783995522,7.644495010375977,117,7.644495010375977,7.644495010375977,0.0
M-2022-4,104,3363,0.0,6.399390697479248,0.0,162,3.8021810054779053,0.0,-2.5972096920013428,0.0,115,0.1192387749033601,4.7367634773254395,115,4.7367634773254395,4.7367634773254395,0.0
M-2022-4,105,4895,0.0,7.74479866027832,0.0,160,3.231701374053955,0.0,-4.513097286224365,0.0,110,0.05372829417773238,4.020936965942383,110,4.020936965942383,4.020936965942383,0.0
M-2022-4,106,3993,0.0,4.131774425506592,0.0,65,4.659673690795898,0.0,0.5278992652893066,0.0,107,0.009015777610818933,5.6289143562316895,107,5.6289143562316895,5.6289143562316895,0.0
M-2022-4,107,3873,0.0,4.048702716827393,0.0,92,4.58973503112793,0.0,0.5410323143005371,0.0,92,0.0020655822359927703,4.58973503112793,92,4.58973503112793,4.58973503112793,0.0
M-2022-4,108,11663,0.0,7.396543979644775,0.0,140,4.718382358551025,0.0,-2.67816162109375,0.0,142,0.009860241790276943,4.79511022567749,142,4.79511022567749,4.79511022567749,0.0
M-2022-4,109,1867,0.0,4.083592414855957,0.0,65,4.663039684295654,0.0,0.5794472694396973,0.0,107,0.022495982860203535,6.8945512771606445,107,6.8945512771606445,6.8945512771606445,0.0
M-2022-4,110,9808,0.0,6.433478355407715,0.0,168,2.8041439056396484,0.0,-3.6293344497680664,0.0,168,0.03945758564437194,2.8041439056396484,168,2.8041439056396484,2.8041439056396484,0.0
M-2022-4,111,2817,0.0,8.156765937805176,0.0,176,3.371791124343872,0.0,-4.784974813461304,0.0,153,0.037983670571529994,6.319734573364258,153,6.319734573364258,6.319734573364258,0.0
M-2022-4,112,3822,0.0,6.795312404632568,0.0,46,3.9731643199920654,0.0,-2.822148084640503,0.0,46,0.01282051282051282,3.9731643199920654,46,3.9731643199920654,3.9731643199920654,0.0
M-2022-4,113,5042,0.0,5.424196720123291,0.0,164,6.201117038726807,0.0,0.7769203186035156,0.0,14,0.002578341927806426,6.871761798858643,14,6.871761798858643,6.871761798858643,0.0
M-2022-4,114,3329,0.0,5.527435302734375,0.0,28,6.747882843017578,0.0,1.2204475402832031,0.0,117,0.009312105737458696,8.838899612426758,117,8.838899612426758,8.838899612426758,0.0
M-2022-4,115,22978,0.0,7.337362766265869,0.0,160,4.0284342765808105,0.0,-3.3089284896850586,0.0,133,0.02763512925406911,6.111225605010986,133,6.111225605010986,6.111225605010986,0.0
M-2022-4,116,4023,0.0,7.065855503082275,0.0,50,4.813772201538086,0.0,-2.2520833015441895,0.0,117,0.008451404424558787,7.171982765197754,117,7.171982765197754,7.171982765197754,0.0
M-2022-4,117,84936,0.0,8.95292854309082,0.0,122,3.879366159439087,0.0,-5.073562383651733,0.0,122,0.037251577658472264,3.879366159439087,122,3.879366159439087,3.879366159439087,0.0
M-2022-4,118,3760,0.0,6.294064998626709,0.0,90,6.107024192810059,0.0,-0.1870408058166504,0.0,90,0.010106382978723405,6.107024192810059,90,6.107024192810059,6.107024192810059,0.0
M-2022-4,119,2846,0.0,6.056201457977295,0.0,120,2.9443697929382324,0.0,-3.1118316650390625,0.0,120,0.06324666198172874,2.9443697929382324,120,2.9443697929382324,2.9443697929382324,0.0
M-2022-4,120,2918,0.0,5.679367542266846,0.0,119,2.9443697929382324,0.0,-2.7349977493286133,0.0,119,0.05757368060315284,2.9443697929382324,119,2.9443697929382324,2.9443697929382324,0.0
M-2022-4,121,2543,0.0,4.763487339019775,0.0,120,3.3846938610076904,0.0,-1.378793478012085,0.0,119,0.02162799842705466,4.629248142242432,119,4.629248142242432,4.629248142242432,0.0
M-2022-4,122,61426,0.0,8.510601043701172,0.0,117,3.879366159439087,0.0,-4.631234884262085,0.0,117,0.05040210985576141,3.879366159439087,117,3.879366159439087,3.879366159439087,0.0
M-2022-4,123,3393,0.0,6.087117671966553,0.0,50,4.912423610687256,0.0,-1.1746940612792969,0.0,68,0.15207780725022105,5.645855903625488,68,5.645855903625488,5.645855903625488,0.0
M-2022-4,124,30492,0.0,8.5126953125,0.0,14,4.67058801651001,0.0,-3.8421072959899902,0.0,25,0.007805325987144169,6.184355735778809,25,6.184355735778809,6.184355735778809,0.0
M-2022-4,125,3522,0.0,8.206790924072266,0.0,88,4.614440441131592,0.0,-3.592350482940674,0.0,29,0.008233957978421351,5.674258232116699,29,5.674258232116699,5.674258232116699,0.0
M-2022-4,126,2112,0.0,7.063601016998291,0.0,93,4.347023010253906,0.0,-2.7165780067443848,0.0,153,0.020833333333333332,5.529016971588135,153,5.529016971588135,5.529016971588135,0.0
M-2022-4,127,3002,0.0,7.760295867919922,0.0,143,3.843052625656128,0.0,-3.917243242263794,0.0,117,0.00899400399733511,6.884161949157715,117,6.884161949157715,6.884161949157715,0.0
M-2022-4,128,2342,0.0,6.367801189422607,0.0,126,5.501454830169678,0.0,-0.8663463592529297,0.0,153,0.007258753202391118,5.7649383544921875,153,5.7649383544921875,5.7649383544921875,0.0
M-2022-4,129,44177,0.0,7.666927814483643,0.0,14,3.9953043460845947,0.0,-3.671623468399048,0.0,153,0.010299477103470131,6.605562686920166,153,6.605562686920166,6.605562686920166,0.0
M-2022-4,130,7092,0.0,6.504999160766602,0.0,90,5.612221717834473,0.0,-0.8927774429321289,0.0,156,0.01071630005640158,7.340351104736328,156,7.340351104736328,7.340351104736328,0.0
M-2022-4,131,30533,0.0,5.98238468170166,0.0,133,5.831533908843994,0.0,-0.15085077285766602,0.0,133,0.024039563750695967,5.831533908843994,133,5.831533908843994,5.831533908843994,0.0
M-2022-4,132,23157,0.0,6.619006156921387,0.0,134,4.959164142608643,0.0,-1.6598420143127441,0.0,131,0.06373882627283327,6.405720233917236,131,6.405720233917236,6.405720233917236,0.0
M-2022-4,133,54110,0.0,7.306293964385986,0.0,148,3.9042775630950928,0.0,-3.4020164012908936,0.0,153,0.005100720754019589,5.585061550140381,153,5.585061550140381,5.585061550140381,0.0
M-2022-4,134,10738,0.0,7.199996471405029,0.0,132,4.959164142608643,0.0,-2.2408323287963867,0.0,93,0.009685230024213076,6.005341529846191,93,6.005341529846191,6.005341529846191,0.0
M-2022-4,135,3069,0.0,8.115111351013184,0.0,136,3.332332134246826,0.0,-4.782779216766357,0.0,136,0.1436950146627566,3.332332134246826,136,3.332332134246826,3.332332134246826,0.0
M-2022-4,136,22342,0.0,7.842576503753662,0.0,135,3.332332134246826,0.0,-4.510244369506836,0.0,93,0.02636290394772178,4.844748020172119,93,4.844748020172119,4.844748020172119,0.0
M-2022-4,137,4089,0.0,6.171233177185059,0.0,50,5.111888408660889,0.0,-1.05934476852417,0.0,117,0.002445585717779408,6.165253162384033,117,6.165253162384033,6.165253162384033,0.0
M-2022-4,138,43631,0.0,8.164138793945312,0.0,117,4.307001113891602,0.0,-3.857137680053711,0.0,149,0.04068208383947194,4.562226295471191,149,4.562226295471191,4.562226295471191,0.0
M-2022-4,139,2846,0.0,7.6121673583984375,0.0,156,3.6723358631134033,0.0,-3.939831495285034,0.0,156,0.04392129304286718,3.6723358631134033,156,3.6723358631134033,3.6723358631134033,0.0
M-2022-4,140,71932,0.0,8.18735122680664,0.0,142,3.079784631729126,0.0,-5.107566595077515,0.0,142,0.015500750709002947,3.079784631729126,142,3.079784631729126,3.079784631729126,0.0
M-2022-4,141,2022,0.0,7.549326419830322,0.0,43,4.797093868255615,0.0,-2.752232551574707,0.0,154,0.02274975272007913,4.892677307128906,154,4.892677307128906,4.892677307128906,0.0
M-2022-4,142,62604,0.0,8.912429809570312,0.0,140,3.079784631729126,0.0,-5.8326451778411865,0.0,140,0.036371477860839566,3.079784631729126,140,3.079784631729126,3.079784631729126,0.0
M-2022-4,143,4384,0.0,7.850741863250732,0.0,127,3.843052625656128,0.0,-4.0076892375946045,0.0,153,0.045848540145985404,3.9771151542663574,153,3.9771151542663574,3.9771151542663574,0.0
M-2022-4,144,3642,0.0,4.130126476287842,0.0,146,5.442538738250732,0.0,1.3124122619628906,0.0,146,0.009610104338275673,5.442538738250732,146,5.442538738250732,5.442538738250732,0.0
M-2022-4,145,2224,0.0,1.0640472173690796,0.0,144,5.73494815826416,0.0,4.670900940895081,0.0,13,0.0013489208633093526,6.874231815338135,13,6.874231815338135,6.874231815338135,0.0
M-2022-4,146,4793,0.0,5.1231489181518555,0.0,144,5.442538738250732,0.0,0.31938982009887695,0.0,144,0.0018777383684539955,5.442538738250732,144,5.442538738250732,5.442538738250732,0.0
M-2022-4,147,2203,0.0,6.487639427185059,0.0,157,5.849150657653809,0.0,-0.63848876953125,0.0,11,0.012256014525646845,6.048503875732422,11,6.048503875732422,6.048503875732422,0.0
M-2022-4,148,6812,0.0,6.40885066986084,0.0,133,3.9042775630950928,0.0,-2.504573106765747,0.0,133,0.059307105108631825,3.9042775630950928,133,3.9042775630950928,3.9042775630950928,0.0
M-2022-4,149,74194,0.0,8.010655403137207,0.0,138,4.562226295471191,0.0,-3.4484291076660156,0.0,138,0.021362913443135564,4.562226295471191,138,4.562226295471191,4.562226295471191,0.0
M-2022-4,150,2305,0.0,5.655553340911865,0.0,58,6.251821517944336,0.0,0.5962681770324707,0.0,117,0.020390455531453362,6.423443794250488,117,6.423443794250488,6.423443794250488,0.0
M-2022-4,151,2021,0.0,7.910006523132324,0.0,143,4.208010196685791,0.0,-3.701996326446533,0.0,153,0.0351311232063335,4.603928089141846,153,4.603928089141846,4.603928089141846,0.0
M-2022-4,152,1673,0.0,6.985018730163574,0.0,51,6.705956935882568,0.0,-0.27906179428100586,0.0,98,0.011954572624028692,10.252681732177734,98,10.252681732177734,10.252681732177734,0.0
M-2022-4,153,70973,0.0,8.418736457824707,0.0,2,3.825029134750366,0.0,-4.593707323074341,0.0,140,0.026164879602102207,5.506333827972412,140,5.506333827972412,5.506333827972412,0.0
M-2022-4,154,2978,0.0,8.739876747131348,0.0,32,3.771552324295044,0.0,-4.968324422836304,0.0,14,0.050705171255876424,4.530324935913086,14,4.530324935913086,4.530324935913086,0.0
M-2022-4,155,11183,0.0,8.967000007629395,0.0,16,3.0408124923706055,0.0,-5.926187515258789,0.0,14,0.02316015380488241,3.959502935409546,14,3.959502935409546,3.959502935409546,0.0
M-2022-4,156,32897,0.0,8.208885192871094,0.0,139,3.6723358631134033,0.0,-4.53654932975769,0.0,142,0.013010304891023498,4.663613319396973,142,4.663613319396973,4.663613319396973,0.0
M-2022-4,157,2075,0.0,7.5794596672058105,0.0,2,4.666021823883057,0.0,-2.913437843322754,0.0,153,0.013012048192771084,6.11415433883667,153,6.11415433883667,6.11415433883667,0.0
M-2022-4,158,12544,0.0,7.501023769378662,0.0,16,4.034263610839844,0.0,-3.4667601585388184,0.0,142,0.009964923469387755,6.004654407501221,142,6.004654407501221,6.004654407501221,0.0
M-2022-4,159,3182,0.0,8.093114852905273,0.0,13,2.552919387817383,0.0,-5.540195465087891,0.0,46,0.180389692017599,2.698843240737915,46,2.698843240737915,2.698843240737915,0.0
M-2022-4,160,1553,0.0,8.235588073730469,0.0,105,3.231701374053955,0.0,-5.003886699676514,0.0,115,0.13457823567289118,4.0284342765808105,115,4.0284342765808105,4.0284342765808105,0.0
M-2022-4,161,3031,0.0,5.280997276306152,0.0,146,6.275824069976807,0.0,0.9948267936706543,0.0,60,0.001979544704717915,6.951635360717773,60,6.951635360717773,6.951635360717773,0.0
M-2022-4,162,486,0.0,7.7486748695373535,0.0,104,3.8021810054779053,0.0,-3.9464938640594482,0.0,28,0.037037037037037035,6.388343811035156,28,6.388343811035156,6.388343811035156,0.0
M-2022-4,163,3156,0.0,7.803739547729492,0.0,33,3.56781268119812,0.0,-4.235926866531372,0.0,46,0.09188846641318124,4.815720081329346,46,4.815720081329346,4.815720081329346,0.0
M-2022-4,164,3315,0.0,6.89824914932251,0.0,117,5.121659755706787,0.0,-1.7765893936157227,0.0,117,0.03499245852187029,5.121659755706787,117,5.121659755706787,5.121659755706787,0.0
M-2022-4,165,5176,0.0,4.265251636505127,0.0,94,5.911345958709717,0.0,1.6460943222045898,0.0,56,0.04714064914992272,8.180116653442383,56,8.180116653442383,8.180116653442383,0.0
M-2022-4,166,2317,0.0,7.147427558898926,0.0,9,3.99408221244812,0.0,-3.1533453464508057,0.0,25,0.022442813983599482,4.390172958374023,25,4.390172958374023,4.390172958374023,0.0
M-2022-4,167,668,0.0,5.552652835845947,0.0,50,6.00596809387207,0.0,0.45331525802612305,0.0,14,0.020958083832335328,6.508113861083984,14,6.508113861083984,6.508113861083984,0.0
M-2022-4,168,3924,0.0,6.435192108154297,0.0,110,2.8041439056396484,0.0,-3.6310482025146484,0.0,110,0.11391437308868502,2.8041439056396484,110,2.8041439056396484,2.8041439056396484,0.0
M-2022-4,169,2891,0.0,5.898024082183838,0.0,16,5.610597133636475,0.0,-0.2874269485473633,0.0,146,0.004496713939813214,5.774598121643066,146,5.774598121643066,5.774598121643066,0.0
M-2022-4,170,3774,0.0,7.593428134918213,0.0,172,5.112721920013428,0.0,-2.480706214904785,0.0,117,0.014573396926338102,5.362724781036377,117,5.362724781036377,5.362724781036377,0.0
M-2022-4,171,7082,0.0,7.7180705070495605,0.0,60,3.0638883113861084,0.0,-4.654182195663452,0.0,60,0.10251341428974865,3.0638883113861084,60,3.0638883113861084,3.0638883113861084,0.0
M-2022-4,172,7688,0.0,8.730612754821777,0.0,117,3.992140531539917,0.0,-4.73847222328186,0.0,117,0.045915712799167535,3.992140531539917,117,3.992140531539917,3.992140531539917,0.0
M-2022-4,173,4960,0.0,4.913730144500732,0.0,2,5.723573207855225,0.0,0.8098430633544922,0.0,95,0.016129032258064516,6.341655731201172,95,6.341655731201172,6.341655731201172,0.0
M-2022-4,174,4246,0.0,4.134396076202393,0.0,173,6.560673236846924,0.0,2.4262771606445312,0.0,117,0.023080546396608573,7.824143409729004,117,7.824143409729004,7.824143409729004,0.0
M-2022-4,175,50628,0.0,8.796720504760742,0.0,77,2.862924575805664,0.0,-5.933795928955078,0.0,71,0.047740380816939244,3.542565107345581,71,3.542565107345581,3.542565107345581,0.0
M-2022-4,176,4309,0.0,7.148913383483887,0.0,111,3.371791124343872,0.0,-3.7771222591400146,0.0,140,0.020190299373404504,7.1723785400390625,140,7.1723785400390625,7.1723785400390625,0.0
M-2022-4,177,1540,0.0,5.33231782913208,0.0,5,4.607001781463623,0.0,-0.725316047668457,0.0,6,0.008441558441558441,6.82020378112793,6,6.82020378112793,6.82020378112793,0.0
M-2022-7,0,627,1.4649560451507568,5.949655532836914,-0.6913561820983887,14,5.558372497558594,0.4807448387145996,-0.3912830352783203,1.1721010208129883,25,0.02073365231259968,6.232406139373779,25,5.533766746520996,5.533766746520996,0.6986393928527832
M-2022-7,1,5041,1.2781519889831543,6.8604536056518555,-0.009326934814453125,20,5.830435752868652,-0.10236597061157227,-1.0300178527832031,-0.09303903579711914,116,0.01606824042848641,7.0041680335998535,153,6.644218444824219,6.922557353973389,0.08161067962646484
M-2022-7,2,4913,1.619954228401184,7.775169372558594,-0.43471813201904297,157,4.405444145202637,0.5804150104522705,-3.369725227355957,1.0151331424713135,117,0.035212700997353956,6.476702690124512,117,6.733699321746826,6.733699321746826,-0.25699663162231445
M-2022-7,3,814,0.5304054617881775,4.012566566467285,-0.4833364486694336,101,5.684853553771973,0.9304704666137695,1.6722869873046875,1.4138069152832031,140,0.004914004914004914,11.795501708984375,2,11.015581130981445,11.565135955810547,0.23036575317382812
M-2022-7,4,1306,0.4035649597644806,4.5462565422058105,0.054654598236083984,27,6.453752040863037,1.5319395065307617,1.9074954986572266,1.4772849082946777,94,0.023736600306278714,7.003172397613525,28,9.583311080932617,6.4740777015686035,0.5290946960449219
M-2022-7,5,949,1.013240098953247,6.041188716888428,0.3655538558959961,7,2.247746229171753,-0.5408613681793213,-3.793442487716675,-0.9064152240753174,14,0.0368809272918862,7.15994119644165,6,3.7021961212158203,6.797241687774658,0.3626995086669922
M-2022-7,6,1455,2.2714788913726807,3.2263987064361572,-0.17229294776916504,7,3.6842856407165527,-0.017910480499267578,0.4578869342803955,0.15438246726989746,5,0.6707903780068728,3.728950262069702,5,3.7021961212158203,3.7021961212158203,0.026754140853881836
M-2022-7,7,13,2.492806911468506,5.432947158813477,0.30478477478027344,5,2.247746229171753,-0.5408613681793213,-3.1852009296417236,-0.8456461429595947,5,0.46153846153846156,2.247746229171753,14,7.21755838394165,2.788607597351074,-0.5408613681793213
M-2022-7,8,1238,2.012451171875,6.4979095458984375,-0.6657805442810059,151,5.86212682723999,1.1229171752929688,-0.6357827186584473,1.7886977195739746,28,0.018578352180936994,7.231176853179932,28,5.956322193145752,5.956322193145752,1.2748546600341797
M-2022-7,9,1255,3.2448415756225586,7.9272332191467285,0.09155941009521484,25,4.307134628295898,1.1551551818847656,-3.62009859085083,1.0635957717895508,25,0.150597609561753,4.307134628295898,25,3.151979446411133,3.151979446411133,1.1551551818847656
M-2022-7,10,1346,1.1495124101638794,6.596435070037842,-0.0627145767211914,12,3.8955960273742676,0.13840055465698242,-2.700839042663574,0.20111513137817383,12,0.04309063893016345,3.8955960273742676,12,3.757195472717285,3.757195472717285,0.13840055465698242
M-2022-7,11,1290,2.821296215057373,7.853954792022705,0.043476104736328125,88,4.216687202453613,-0.20226478576660156,-3.637267589569092,-0.2457408905029297,133,0.07209302325581396,4.895193576812744,133,5.085204124450684,5.085204124450684,-0.19001054763793945
M-2022-7,12,1813,1.8305211067199707,8.206367492675781,0.18409252166748047,10,3.8955960273742676,0.13840055465698242,-4.310771465301514,-0.04569196701049805,10,0.03033645890788748,3.8955960273742676,10,3.757195472717285,3.757195472717285,0.13840055465698242
M-2022-7,13,1115,1.93120276927948,8.355066299438477,0.47928428649902344,159,2.9599814414978027,0.4070620536804199,-5.395084857940674,-0.07222223281860352,46,0.09147982062780269,4.483251094818115,46,3.511965274810791,3.511965274810791,0.9712858200073242
M-2022-7,14,4897,2.1080455780029297,8.962091445922852,0.18480873107910156,155,3.5835886001586914,0.058743953704833984,-5.37850284576416,-0.12606477737426758,129,0.23994282213600163,4.496997833251953,129,3.9953043460845947,3.9953043460845947,0.5016934871673584
M-2022-7,15,538,1.1498329639434814,6.40201997756958,-0.9258928298950195,154,5.229672431945801,0.6624698638916016,-1.1723475456237793,1.588362693786621,151,0.02973977695167286,5.4966912269592285,151,5.2011799812316895,5.2011799812316895,0.29551124572753906
M-2022-7,16,949,3.317559242248535,8.457026481628418,-0.0885782241821289,155,2.8198976516723633,-0.2209148406982422,-5.637128829956055,-0.13233661651611328,61,0.17281348788198103,5.49092960357666,93,7.065092086791992,7.185797691345215,-1.6948680877685547
M-2022-7,17,9274,2.752462863922119,5.350502967834473,-2.2506885528564453,67,4.373385429382324,0.018453121185302734,-0.9771175384521484,2.269141674041748,49,0.08022428294155703,8.097187995910645,156,5.024440288543701,6.428266525268555,1.6689214706420898
M-2022-7,18,12401,1.523707389831543,6.8571600914001465,-0.6208705902099609,154,5.191463470458984,-0.005617618560791016,-1.665696620941162,0.6152529716491699,117,0.006693008628336425,6.922964572906494,153,6.4388017654418945,7.236661911010742,-0.31369733810424805
M-2022-7,19,9918,1.0135536193847656,7.0406174659729,-0.19281530380249023,23,4.464468479156494,0.3636326789855957,-2.5761489868164062,0.5564479827880859,18,0.019862875579753983,6.442627429962158,18,5.555657386779785,5.555657386779785,0.886970043182373
M-2022-7,20,1273,0.771509051322937,6.998261451721191,0.19785690307617188,2,4.641973972320557,0.22267770767211914,-2.3562874794006348,0.024820804595947266,24,0.018853102906520033,5.195364952087402,19,4.820204257965088,5.760730743408203,-0.5653657913208008
M-2022-7,21,1255,0.6703170537948608,5.47044038772583,-0.10483169555664062,20,4.687837600708008,0.2685413360595703,-0.7826027870178223,0.37337303161621094,117,0.004780876494023904,8.978421211242676,153,7.984899520874023,9.762002944946289,-0.7835817337036133
M-2022-7,22,449,4.862612247467041,6.230117321014404,0.13048410415649414,32,5.654048442840576,0.20346689224243164,-0.5760688781738281,0.0729827880859375,19,0.0467706013363029,10.310403823852539,153,7.523407459259033,9.186062812805176,1.1243410110473633
M-2022-7,23,5629,1.112179160118103,6.536499977111816,0.25146055221557617,19,4.464468479156494,0.3636326789855957,-2.0720314979553223,0.11217212677001953,19,0.004974240540060401,4.464468479156494,19,4.100835800170898,4.100835800170898,0.3636326789855957
M-2022-7,24,4214,1.8068124055862427,5.87874174118042,0.07592487335205078,20,5.195364952087402,0.04901552200317383,-0.6833767890930176,-0.026909351348876953,153,0.014712861888941622,6.574116230010986,153,6.4211506843566895,6.4211506843566895,0.15296554565429688
M-2022-7,25,35008,0.828431248664856,8.118770599365234,0.2216353416442871,166,4.148500442504883,0.99652099609375,-3.9702701568603516,0.7748856544494629,142,0.008483775137111517,6.215756893157959,156,5.544147491455078,6.840477466583252,-0.624720573425293
M-2022-7,26,952,3.9779469966888428,8.255782127380371,1.6191225051879883,163,3.832413673400879,-0.20417308807373047,-4.423368453979492,-1.8232955932617188,13,0.03466386554621849,5.044462203979492,13,5.323270320892334,5.323270320892334,-0.2788081169128418
M-2022-7,27,15113,4.393265247344971,5.334936618804932,0.49671316146850586,4,6.453752040863037,1.5319395065307617,1.1188154220581055,1.0352263450622559,51,0.11652219943095349,7.306364059448242,83,6.565752983093262,7.287057876586914,0.019306182861328125
M-2022-7,28,10579,2.5028464794158936,7.911130905151367,0.4108147621154785,117,5.248929500579834,0.3384556770324707,-2.662201404571533,-0.07235908508300781,142,0.07770110596464694,5.9829936027526855,25,7.334218978881836,7.241425514221191,-1.2584319114685059
M-2022-7,29,19817,4.885010242462158,8.228325843811035,0.3416142463684082,149,3.557255983352661,-0.15494489669799805,-4.671069860458374,-0.49655914306640625,149,0.0804864510268961,3.557255983352661,149,6.495394229888916,6.495394229888916,-2.938138246536255
M-2022-7,30,5745,0.9829748868942261,7.350933074951172,-0.21618080139160156,111,4.10491943359375,0.14665007591247559,-3.246013641357422,0.36283087730407715,19,0.0026109660574412533,10.48600959777832,149,6.769852638244629,9.945351600646973,0.5406579971313477
M-2022-7,31,5940,0.5782628059387207,6.008323669433594,0.20770597457885742,158,5.263671875,-0.07786703109741211,-0.7446517944335938,-0.28557300567626953,142,0.003367003367003367,6.114781379699707,142,6.792895793914795,6.792895793914795,-0.6781144142150879
M-2022-7,32,2014,2.4392428398132324,9.184229850769043,0.31409454345703125,155,3.3173601627349854,-0.4541921615600586,-5.866869688034058,-0.7682867050170898,153,0.12264150943396226,3.8385469913482666,153,4.397705078125,4.397705078125,-0.5591580867767334
M-2022-7,33,273,7.54461145401001,6.373978614807129,-1.0573925971984863,9,5.70337438583374,2.13556170463562,-0.6706042289733887,3.1929543018341064,25,0.2783882783882784,6.032037258148193,166,4.495631217956543,5.156910419464111,0.875126838684082
M-2022-7,34,802,1.686274766921997,4.405698776245117,-0.017588138580322266,151,6.294637680053711,0.17583847045898438,1.8889389038085938,0.19342660903930664,125,0.02369077306733167,7.059741497039795,110,8.266630172729492,6.947178840637207,0.11256265640258789
M-2022-7,35,3174,2.6046054363250732,3.2240631580352783,-2.4917185306549072,41,6.893461227416992,2.4286417961120605,3.669398069381714,4.920360326766968,41,0.02520478890989288,6.893461227416992,41,4.464819431304932,4.464819431304932,2.4286417961120605
M-2022-7,36,1292,4.486264705657959,4.133374214172363,-1.2642931938171387,105,6.3292717933654785,0.14209747314453125,2.1958975791931152,1.40639066696167,64,0.018575851393188854,7.301896572113037,166,6.325815200805664,6.187174320220947,1.1147222518920898
M-2022-7,37,939,1.8735432624816895,3.7934916019439697,-1.1452548503875732,105,6.114711284637451,0.19913339614868164,2.3212196826934814,1.3443882465362549,166,0.04046858359957402,7.049692153930664,36,7.343564510345459,6.007781982421875,1.041910171508789
M-2022-7,38,102,3.008476734161377,6.875864028930664,0.006087779998779297,32,5.449851989746094,0.010968685150146484,-1.4260120391845703,0.0048809051513671875,156,0.3235294117647059,6.047665596008301,68,5.455014705657959,5.438883304595947,0.6087822914123535
M-2022-7,39,5963,0.9770618677139282,7.6329264640808105,0.024025917053222656,11,5.092959403991699,0.44467782974243164,-2.5399670600891113,0.420651912689209,61,0.06288780815025993,5.897344589233398,125,5.436428070068359,5.9129958152771,-0.015651226043701172
M-2022-7,40,1205,1.2882012128829956,6.130766868591309,-0.42031335830688477,78,5.555013179779053,0.12214183807373047,-0.5757536888122559,0.5424551963806152,82,0.03568464730290456,6.447380065917969,75,7.801549434661865,6.692609786987305,-0.24522972106933594
M-2022-7,41,1992,2.2060086727142334,7.085577487945557,0.5233068466186523,104,5.235635280609131,0.7708158493041992,-1.8499422073364258,0.24750900268554688,43,0.06475903614457831,6.239342212677002,153,5.502448558807373,4.517297744750977,1.7220444679260254
M-2022-7,42,630,4.208124160766602,6.806460857391357,-0.062225341796875,162,4.740535259246826,1.4938621520996094,-2.0659255981445312,1.5560874938964844,160,0.5666666666666667,5.612278938293457,115,4.2113237380981445,3.246673107147217,2.3656058311462402
M-2022-7,43,1330,3.21079158782959,8.371127128601074,0.8471941947937012,143,4.314655303955078,0.09004974365234375,-4.056471824645996,-0.7571444511413574,153,0.05714285714285714,4.972898483276367,153,4.698450565338135,4.698450565338135,0.2744479179382324
M-2022-7,44,1904,0.7276431918144226,3.794146776199341,0.5038247108459473,174,6.395880699157715,-0.3745608329772949,2.601733922958374,-0.8783855438232422,93,0.03939075630252101,8.447651863098145,93,9.03125,9.03125,-0.5835981369018555
M-2022-7,45,1928,7.145692348480225,7.369601726531982,2.56564998626709,149,5.0508928298950195,-1.1860051155090332,-2.318708896636963,-3.751655101776123,105,0.030601659751037343,5.925240516662598,105,7.207004070281982,7.207004070281982,-1.2817635536193848
M-2022-7,46,4182,2.205687999725342,8.12695026397705,0.30533266067504883,163,3.603059768676758,0.9042165279388428,-4.523890495300293,0.598883867263794,67,0.058823529411764705,5.4685282707214355,13,3.511965274810791,4.160336494445801,1.3081917762756348
M-2022-7,47,384,2.479891300201416,1.36966073513031,-2.632787346839905,94,6.432304382324219,0.658318042755127,5.062643647193909,3.2911053895950317,6,0.013020833333333334,9.023065567016602,48,5.773986339569092,8.624191284179688,0.39887428283691406
M-2022-7,48,4498,7.948181629180908,4.312905788421631,-1.0470051765441895,6,6.335626125335693,1.0601320266723633,2.0227203369140625,2.1071372032165527,6,0.4735437972432192,6.335626125335693,47,5.773986339569092,8.431612014770508,-2.0959858894348145
M-2022-7,49,13761,1.3357752561569214,8.197463989257812,-0.0857553482055664,139,5.0687737464904785,-0.43304920196533203,-3.128690242767334,-0.3472938537597656,75,0.018530630041421407,7.860833168029785,75,7.755835056304932,7.755835056304932,0.10499811172485352
M-2022-7,50,2568,5.259530067443848,5.779350280761719,-2.084080696105957,28,5.739045143127441,2.0010921955108643,-0.040305137634277344,4.085172891616821,128,0.28582554517133957,7.910181522369385,25,5.309215068817139,8.26926326751709,-0.3590817451477051
M-2022-7,51,15397,0.5487346053123474,7.9291887283325195,-0.12844562530517578,94,4.759714603424072,0.16227436065673828,-3.1694741249084473,0.29071998596191406,156,0.0032473858543872183,6.157201766967773,156,5.915379047393799,5.915379047393799,0.2418227195739746
M-2022-7,52,1010,1.9256155490875244,7.588412761688232,0.44664859771728516,156,4.960529327392578,0.4777655601501465,-2.6278834342956543,0.031116962432861328,156,0.039603960396039604,4.960529327392578,153,5.602747440338135,5.013684272766113,-0.053154945373535156
M-2022-7,53,4517,2.3391289710998535,5.649442195892334,0.1159505844116211,94,4.978816032409668,-0.7732253074645996,-0.670626163482666,-0.8891758918762207,117,0.02435244631392517,7.21414852142334,117,7.3676018714904785,7.3676018714904785,-0.15345335006713867
M-2022-7,54,3357,5.1883978843688965,5.434788703918457,-0.8727855682373047,29,4.831095218658447,1.118894338607788,-0.6036934852600098,1.9916799068450928,149,0.5960679177837355,5.712375640869141,29,3.712200880050659,7.468501091003418,-1.7561254501342773
M-2022-7,55,5627,0.45887893438339233,2.088916778564453,-0.40872883796691895,165,6.926155090332031,0.4696335792541504,4.837238311767578,0.8783624172210693,165,0.0010662875422072153,6.926155090332031,165,6.456521511077881,6.456521511077881,0.4696335792541504
M-2022-7,56,8114,6.77683687210083,4.389830589294434,-0.13059329986572266,58,5.190187454223633,-2.086352825164795,0.8003568649291992,-1.9557595252990723,96,0.49654917426669953,9.589295387268066,87,11.77489185333252,10.53589916229248,-0.9466037750244141
M-2022-7,57,2449,3.1230649948120117,4.967010498046875,0.8438243865966797,94,6.5904436111450195,-0.5321869850158691,1.6234331130981445,-1.3760113716125488,133,0.0057166190281747655,9.062295913696289,14,8.034412384033203,9.267034530639648,-0.20473861694335938
M-2022-7,58,1749,0.3320874571800232,3.238748550415039,-0.22317123413085938,56,5.190187454223633,-1.0616340637207031,1.9514389038085938,-0.8384628295898438,96,0.0011435105774728416,10.011356353759766,96,9.609481811523438,9.609481811523438,0.4018745422363281
M-2022-7,59,5381,2.467426300048828,3.332733154296875,-1.952268123626709,28,7.529118061065674,0.992912769317627,4.196384906768799,2.945180892944336,172,0.0011150343802267236,10.294493675231934,172,6.536205291748047,6.536205291748047,3.7582883834838867
M-2022-7,60,21024,1.8610565662384033,7.781320095062256,0.091888427734375,171,2.9517037868499756,-0.11218452453613281,-4.82961630821228,-0.2040729522705078,61,0.04214231354642314,5.226162433624268,61,5.104747295379639,5.104747295379639,0.1214151382446289
M-2022-7,61,12195,0.9934214353561401,7.979360580444336,-0.03269386291503906,86,3.3824386596679688,0.286557674407959,-4.596921920776367,0.31925153732299805,86,0.042968429684296844,3.3824386596679688,86,3.0958809852600098,3.0958809852600098,0.286557674407959
M-2022-7,62,8933,0.9787035584449768,6.8841376304626465,-0.17423677444458008,86,5.6569132804870605,-0.5332002639770508,-1.227224349975586,-0.3589634895324707,86,0.006716668532407925,5.6569132804870605,86,6.243754863739014,6.243754863739014,-0.5868415832519531
M-2022-7,63,8561,1.0882744789123535,7.938899040222168,-0.041611671447753906,86,3.7820873260498047,0.3516066074371338,-4.156811714172363,0.3932182788848877,61,0.12942413269477865,4.184630393981934,60,3.430480718612671,4.16754150390625,0.017088890075683594
M-2022-7,64,16,6.342883110046387,4.298011302947998,-2.654201030731201,110,5.800108909606934,2.46840763092041,1.5020976066589355,5.122608661651611,122,0.375,6.9540934562683105,168,3.3317012786865234,7.065935134887695,-0.11184167861938477
M-2022-7,65,2044,0.6776530146598816,4.142377853393555,-0.1442394256591797,106,4.377456188201904,-0.28221750259399414,0.2350783348083496,-0.13797807693481445,176,0.07191780821917808,4.987014293670654,107,5.227299690246582,4.962447643280029,0.024566650390625
M-2022-7,66,2587,2.556570053100586,7.48200798034668,0.6956601142883301,104,4.741609573364258,-0.3916354179382324,-2.740398406982422,-1.0872955322265625,133,0.04329339002705837,5.64130163192749,133,6.423084259033203,6.423084259033203,-0.7817826271057129
M-2022-7,67,1175,1.1319470405578613,7.587769508361816,-0.19029712677001953,13,3.950863838195801,1.099980115890503,-3.6369056701660156,1.2902772426605225,13,0.225531914893617,3.950863838195801,46,4.160336494445801,2.850883722305298,1.099980115890503
M-2022-7,68,3493,2.5117645263671875,7.467611789703369,0.09686470031738281,14,4.555149555206299,0.8171966075897217,-2.9124622344970703,0.7203319072723389,156,0.018322359003721728,4.565585613250732,153,5.167975425720215,4.517676830291748,0.047908782958984375
M-2022-7,69,605,4.890293598175049,5.4445319175720215,-1.4657139778137207,149,6.64022159576416,2.3451385498046875,1.1956896781921387,3.810852527618408,104,0.01652892561983471,7.506469249725342,104,4.692135810852051,4.692135810852051,2.814333438873291
M-2022-7,70,1078,0.8050995469093323,7.891842365264893,0.1869640350341797,82,3.5291850566864014,-0.11952829360961914,-4.362657308578491,-0.30649232864379883,82,0.12987012987012986,3.5291850566864014,82,3.6487133502960205,3.6487133502960205,-0.11952829360961914
M-2022-7,71,78156,0.8620368242263794,8.978775978088379,0.1139993667602539,82,2.9500181674957275,-0.28351378440856934,-6.028757810592651,-0.39751315116882324,175,0.030093658836173806,3.5340380668640137,82,3.233531951904297,3.542565107345581,-0.008527040481567383
M-2022-7,72,7931,0.6366376876831055,8.460284233093262,0.08961772918701172,82,3.8938207626342773,0.21979117393493652,-4.566463470458984,0.1301734447479248,71,0.07590467784642542,4.090256690979004,71,3.974828004837036,3.974828004837036,0.11542868614196777
M-2022-7,73,15014,1.995405673980713,5.806605815887451,0.23021268844604492,75,4.758439540863037,0.16428565979003906,-1.048166275024414,-0.06592702865600586,82,0.00546156920207806,5.735991477966309,82,5.259551525115967,5.259551525115967,0.4764399528503418
M-2022-7,74,3474,1.3684396743774414,8.535654067993164,-0.1575002670288086,80,3.0816445350646973,-0.6553773880004883,-5.454009532928467,-0.4978771209716797,175,0.10967184801381692,3.848600387573242,77,4.056864261627197,3.7370219230651855,0.11157846450805664
M-2022-7,75,16084,0.7011292576789856,7.416470527648926,-0.020517349243164062,82,3.534993886947632,0.10122942924499512,-3.881476640701294,0.12174677848815918,71,0.0561427505595623,4.598555088043213,71,4.6311211585998535,4.6311211585998535,-0.032566070556640625
M-2022-7,76,5019,1.2380859851837158,7.592925071716309,-0.396240234375,175,3.6745007038116455,-0.23031902313232422,-3.918424367904663,0.16592121124267578,82,0.1372783422992628,5.024092674255371,175,3.9048197269439697,5.197956085205078,-0.17386341094970703
M-2022-7,77,35082,1.5938739776611328,9.422205924987793,-0.048666954040527344,175,3.0069773197174072,0.14405274391174316,-6.415228605270386,0.1927196979522705,175,0.0423864089846645,3.0069773197174072,175,2.862924575805664,2.862924575805664,0.14405274391174316
M-2022-7,78,31608,0.6835154294967651,6.833258152008057,-0.25490617752075195,71,5.4070305824279785,0.15286827087402344,-1.4262275695800781,0.4077744483947754,71,0.01657808149835485,5.4070305824279785,71,5.254162311553955,5.254162311553955,0.15286827087402344
M-2022-7,79,10765,0.5834966897964478,8.096959114074707,-0.03149223327636719,175,3.1586780548095703,0.09598040580749512,-4.938281059265137,0.1274726390838623,77,0.06502554575011611,3.3468263149261475,77,3.584693193435669,3.584693193435669,-0.23786687850952148
M-2022-7,80,2151,2.678089141845703,7.732078552246094,0.2727384567260742,74,3.0816445350646973,-0.9381551742553711,-4.6504340171813965,-1.2108936309814453,175,0.18781961878196188,3.9770166873931885,175,4.019799709320068,4.019799709320068,-0.04278302192687988
M-2022-7,81,3251,0.5382471084594727,5.140879154205322,0.08533906936645508,40,6.245661735534668,0.13501453399658203,1.1047825813293457,0.04967546463012695,71,0.00984312519224854,6.88504695892334,71,7.446446418762207,7.446446418762207,-0.5613994598388672
M-2022-7,82,38594,1.2958389520645142,8.774900436401367,0.14646148681640625,71,2.9500181674957275,-0.28351378440856934,-5.82488226890564,-0.4299752712249756,71,0.05863605741825154,2.9500181674957275,71,3.233531951904297,3.233531951904297,-0.28351378440856934
M-2022-7,83,21074,1.5140900611877441,6.824388027191162,-0.7690615653991699,94,5.083608150482178,0.1551823616027832,-1.7407798767089844,0.9242439270019531,155,0.02647812470342602,7.292849540710449,155,6.851985454559326,6.851985454559326,0.44086408615112305
M-2022-7,84,1135,1.2156473398208618,5.122304439544678,0.13760948181152344,50,6.286886215209961,-0.20119476318359375,1.1645817756652832,-0.3388042449951172,140,0.004405286343612335,6.691909313201904,153,6.771669864654541,7.224528789520264,-0.5326194763183594
M-2022-7,85,1437,0.7315301895141602,7.5553765296936035,-0.00823068618774414,142,7.996217727661133,0.6163439750671387,0.4408411979675293,0.6245746612548828,96,0.0048712595685455815,9.953789710998535,25,9.814266204833984,10.349699020385742,-0.39590930938720703
M-2022-7,86,16760,1.6472835540771484,8.549025535583496,0.3327474594116211,61,3.3824386596679688,0.286557674407959,-5.166586875915527,-0.04618978500366211,61,0.1051909307875895,3.3824386596679688,61,3.0958809852600098,3.0958809852600098,0.286557674407959
M-2022-7,87,9083,0.3780820369720459,6.043586730957031,-0.12105178833007812,52,6.851307392120361,0.4870476722717285,0.8077206611633301,0.6080994606018066,142,0.007926896399867885,7.6447649002075195,142,7.103288173675537,7.103288173675537,0.5414767265319824
M-2022-7,88,239,3.227074384689331,7.277075290679932,-0.5582590103149414,29,3.793548822402954,-0.6190130710601807,-3.4835264682769775,-0.06075406074523926,155,0.0794979079497908,5.962582111358643,63,4.646664142608643,5.470530986785889,0.4920511245727539
M-2022-7,89,552,4.479328632354736,6.60026216506958,-0.7353105545043945,26,5.602866172790527,0.46219682693481445,-0.9973959922790527,1.197507381439209,61,0.043478260869565216,8.436721801757812,155,6.414841175079346,7.826695442199707,0.6100263595581055
M-2022-7,90,3605,0.4159061908721924,6.118898391723633,-0.09439516067504883,130,5.761482238769531,0.22061634063720703,-0.35741615295410156,0.31501150131225586,71,0.007766990291262136,7.926905155181885,71,8.130857467651367,8.130857467651367,-0.20395231246948242
M-2022-7,91,2609,0.44453057646751404,5.604811668395996,0.015960693359375,176,5.15132474899292,0.14734268188476562,-0.45348691940307617,0.13138198852539062,83,0.02874664622460713,7.378649711608887,83,7.443275451660156,7.443275451660156,-0.06462574005126953
M-2022-7,92,804,0.7633581757545471,3.51568865776062,0.8613691329956055,107,4.332276821136475,-0.2574582099914551,0.8165881633758545,-1.1188273429870605,65,0.06840796019900497,4.854245662689209,140,9.392237663269043,5.01787805557251,-0.16363239288330078
M-2022-7,93,24700,1.234178900718689,8.172642707824707,0.28478527069091797,126,4.438075542449951,0.09105253219604492,-3.734567165374756,-0.19373273849487305,131,0.057368421052631575,7.159243106842041,131,7.102643013000488,7.102643013000488,0.056600093841552734
M-2022-7,94,123,2.0036466121673584,7.409257888793945,0.49696779251098633,170,4.268928527832031,-0.11955118179321289,-3.140329360961914,-0.6165189743041992,155,0.11382113821138211,5.857419013977051,117,5.466680526733398,6.161797523498535,-0.3043785095214844
M-2022-7,95,53160,0.5562003254890442,5.285134315490723,-0.3476099967956543,173,6.630135536193848,0.2884798049926758,1.345001220703125,0.6360898017883301,71,0.003762227238525207,8.691263198852539,28,7.385371208190918,8.609262466430664,0.082000732421875
M-2022-7,96,37892,3.207359552383423,8.217995643615723,0.8494443893432617,122,5.432115077972412,0.6095209121704102,-2.7858805656433105,-0.23992347717285156,68,0.036102607410535205,7.7053422927856445,117,4.861117362976074,9.038899421691895,-1.33355712890625
M-2022-7,97,30023,4.896103382110596,4.97303581237793,-0.47034120559692383,96,5.500326633453369,0.6777324676513672,0.5272908210754395,1.148073673248291,153,0.07161176431402591,10.936487197875977,96,4.822594165802002,11.719310760498047,-0.7828235626220703
M-2022-7,98,48679,1.933885931968689,4.524040699005127,-0.9446010589599609,91,8.359721183776855,1.0840234756469727,3.8356804847717285,2.0286245346069336,149,0.0020953593952217587,11.22348690032959,117,7.594439506530762,7.476205348968506,3.747281551361084
M-2022-7,99,18048,4.340856075286865,2.52557110786438,-4.985637903213501,129,8.51259708404541,3.5377206802368164,5.98702597618103,8.523358583450317,122,0.006150265957446809,9.503011703491211,96,6.7261962890625,5.399181842803955,4.103829860687256
M-2022-7,100,10947,3.0655691623687744,5.556931495666504,-1.1038317680358887,164,5.149679183959961,-0.43059253692626953,-0.40725231170654297,0.6732392311096191,97,0.0020096830181784964,7.643922805786133,97,8.190964698791504,8.190964698791504,-0.5470418930053711
M-2022-7,101,44889,6.146121501922607,5.223557949066162,0.27648353576660156,102,5.3403754234313965,-2.188105583190918,0.11681747436523438,-2.4645891189575195,117,0.39996435652386997,8.43213939666748,96,9.963253021240234,9.017828941345215,-0.5856895446777344
M-2022-7,102,41479,1.1357815265655518,6.814102649688721,-0.6175198554992676,101,5.3403754234313965,-1.1897172927856445,-1.4737272262573242,-0.572197437286377,117,0.0013741893488271174,7.094216823577881,117,6.848796367645264,6.848796367645264,0.2454204559326172
M-2022-7,103,1231,1.8889201879501343,4.440947532653809,-0.7406396865844727,127,6.5946245193481445,0.35569095611572266,2.153676986694336,1.0963306427001953,117,0.03168155970755483,7.702450275421143,117,7.644495010375977,7.644495010375977,0.057955265045166016
M-2022-7,104,1719,4.391430854797363,6.4015326499938965,0.0021419525146484375,162,4.114268779754639,0.3120877742767334,-2.287263870239258,0.30994582176208496,117,0.283304246655032,6.531147003173828,115,4.7367634773254395,6.823610305786133,-0.2924633026123047
M-2022-7,105,1105,2.4769206047058105,8.22149658203125,0.4766979217529297,151,3.7597055435180664,0.5280041694641113,-4.461791038513184,0.05130624771118164,168,0.03619909502262444,4.678746223449707,110,4.020936965942383,4.054703235626221,0.6240429878234863
M-2022-7,106,2288,1.5315372943878174,4.653597831726074,0.5218234062194824,65,4.377456188201904,-0.28221750259399414,-0.2761416435241699,-0.8040409088134766,109,0.005681818181818182,5.354032039642334,107,5.6289143562316895,5.55195951461792,-0.19792747497558594
M-2022-7,107,2160,1.0179169178009033,3.8535797595977783,-0.19512295722961426,92,4.332276821136475,-0.2574582099914551,0.4786970615386963,-0.06233525276184082,92,0.005092592592592593,4.332276821136475,92,4.58973503112793,4.58973503112793,-0.2574582099914551
M-2022-7,108,7204,0.7371128797531128,7.605832099914551,0.2092881202697754,140,4.859416961669922,0.14103460311889648,-2.746415138244629,-0.0682535171508789,142,0.008745141588006662,5.065941333770752,142,4.79511022567749,4.79511022567749,0.2708311080932617
M-2022-7,109,1236,0.24725867807865143,4.192851543426514,0.10925912857055664,65,4.642082214355469,-0.020957469940185547,0.4492306709289551,-0.1302165985107422,65,0.022653721682847898,4.642082214355469,107,6.8945512771606445,4.663039684295654,-0.020957469940185547
M-2022-7,110,6102,1.7087159156799316,6.603085517883301,0.16960716247558594,168,2.6672565937042236,-0.1368873119354248,-3.935828924179077,-0.30649447441101074,168,0.09570632579482137,2.6672565937042236,168,2.8041439056396484,2.8041439056396484,-0.1368873119354248
M-2022-7,111,1330,1.5827573537826538,8.14148235321045,-0.015283584594726562,176,2.9685916900634766,-0.4031994342803955,-5.172890663146973,-0.38791584968566895,153,0.06315789473684211,6.104362964630127,153,6.319734573364258,6.319734573364258,-0.21537160873413086
M-2022-7,112,1780,4.1689934730529785,7.386763572692871,0.5914511680603027,163,4.394180774688721,0.4210164546966553,-2.9925827980041504,-0.17043471336364746,132,0.0898876404494382,6.46973180770874,46,3.9731643199920654,6.5033488273620605,-0.03361701965332031
M-2022-7,113,2014,0.34860849380493164,5.482366561889648,0.05816984176635742,164,6.239574909210205,0.03845787048339844,0.7572083473205566,-0.019711971282958984,14,0.003972194637537239,7.943926811218262,14,6.871761798858643,6.871761798858643,1.0721650123596191
M-2022-7,114,1939,0.9402400851249695,5.091426372528076,-0.43600893020629883,68,7.8048415184021,1.0569586753845215,2.7134151458740234,1.4929676055908203,143,0.0020629190304280558,10.513101577758789,117,8.838899612426758,9.55478286743164,0.9583187103271484
M-2022-7,115,13745,2.378748655319214,7.867356777191162,0.529994010925293,162,3.825000762939453,-0.20343351364135742,-4.042356014251709,-0.7334275245666504,133,0.11633321207711896,5.241750717163086,133,6.111225605010986,6.111225605010986,-0.8694748878479004
M-2022-7,116,3519,1.9629552364349365,7.665579319000244,0.5997238159179688,14,5.3344268798828125,0.5206546783447266,-2.3311524391174316,-0.07906913757324219,28,0.029553850525717535,6.985209941864014,117,7.171982765197754,6.812007904052734,0.1732020378112793
M-2022-7,117,45039,2.203782320022583,9.337807655334473,0.38487911224365234,14,3.927726984024048,0.04836082458496094,-5.410080671310425,-0.3365182876586914,122,0.027820333488754193,5.3770751953125,122,3.879366159439087,3.879366159439087,1.497709035873413
M-2022-7,118,1354,0.5198124051094055,6.2306952476501465,-0.0633697509765625,90,6.1757121086120605,0.06868791580200195,-0.05498313903808594,0.13205766677856445,90,0.014771048744460856,6.1757121086120605,90,6.107024192810059,6.107024192810059,0.06868791580200195
M-2022-7,119,1430,1.0641593933105469,6.1345601081848145,0.07835865020751953,120,3.0264313220977783,0.0820615291595459,-3.108128786087036,0.003702878952026367,120,0.07272727272727272,3.0264313220977783,120,2.9443697929382324,2.9443697929382324,0.0820615291595459
M-2022-7,120,1510,1.02972412109375,5.716977119445801,0.03760957717895508,119,3.0264313220977783,0.0820615291595459,-2.6905457973480225,0.04445195198059082,119,0.056291390728476824,3.0264313220977783,119,2.9443697929382324,2.9443697929382324,0.0820615291595459
M-2022-7,121,7,8.726801872253418,5.139262676239014,0.3757753372192383,119,6.165299415588379,2.7806055545806885,1.0260367393493652,2.40483021736145,14,0.5714285714285714,6.770122051239014,119,4.629248142242432,7.275092601776123,-0.5049705505371094
M-2022-7,122,41710,2.3088538646698,8.902103424072266,0.39150238037109375,9,4.7995405197143555,0.9201743602752686,-4.10256290435791,0.5286719799041748,117,0.07125389594821385,5.3770751953125,117,3.879366159439087,3.879366159439087,1.497709035873413
M-2022-7,123,1121,4.544163703918457,6.057682037353516,-0.02943563461303711,25,5.569095611572266,0.6566720008850098,-0.48858642578125,0.6861076354980469,25,0.07225691347011597,5.569095611572266,68,5.645855903625488,5.7458672523498535,-0.1767716407775879
M-2022-7,124,20257,1.065355896949768,8.661215782165527,0.14852046966552734,14,4.596447467803955,-0.07414054870605469,-4.064768314361572,-0.22266101837158203,117,0.014316038900133287,4.815272808074951,25,6.184355735778809,5.158725261688232,-0.34345245361328125
M-2022-7,125,2871,1.2503561973571777,8.237698554992676,0.030907630920410156,88,4.455331325531006,-0.15910911560058594,-3.78236722946167,-0.1900167465209961,29,0.007662835249042145,4.621701717376709,29,5.674258232116699,5.674258232116699,-1.0525565147399902
M-2022-7,126,1107,0.9711480140686035,7.048272132873535,-0.01532888412475586,93,4.438075542449951,0.09105253219604492,-2.610196590423584,0.10638141632080078,153,0.025293586269196026,5.365268230438232,153,5.529016971588135,5.529016971588135,-0.16374874114990234
M-2022-7,127,2163,3.094228982925415,6.979691982269287,-0.7806038856506348,143,4.444424629211426,0.6013720035552979,-2.5352673530578613,1.3819758892059326,149,0.047619047619047616,6.455953121185303,117,6.884161949157715,8.814216613769531,-2.3582634925842285
M-2022-7,128,2154,1.717095136642456,6.717260360717773,0.349459171295166,153,5.827719211578369,0.3262643814086914,-0.8895411491394043,-0.02319478988647461,157,0.007892293407613741,7.156810283660889,153,5.7649383544921875,8.065834999084473,-0.909024715423584
M-2022-7,129,19427,0.8060809373855591,7.8496856689453125,0.18275785446166992,14,4.496997833251953,0.5016934871673584,-3.3526878356933594,0.3189356327056885,153,0.024141658516497657,6.156651020050049,153,6.605562686920166,6.605562686920166,-0.4489116668701172
M-2022-7,130,4594,0.4609535336494446,6.318898677825928,-0.18610048294067383,90,5.761482238769531,0.1492605209350586,-0.5574164390563965,0.3353610038757324,83,0.011319111885067479,7.26713752746582,156,7.340351104736328,7.370086669921875,-0.10294914245605469
M-2022-7,131,26165,0.9374497532844543,5.6748046875,-0.30757999420166016,41,6.311456203460693,0.4799222946166992,0.6366515159606934,0.7875022888183594,133,0.018956621440856105,6.7518439292907715,133,5.831533908843994,5.831533908843994,0.9203100204467773
M-2022-7,132,10712,1.4489798545837402,6.840846061706543,0.22183990478515625,143,5.289073467254639,0.3299093246459961,-1.5517725944519043,0.10806941986083984,131,0.04882374906646751,6.552121639251709,131,6.405720233917236,6.405720233917236,0.14640140533447266
M-2022-7,133,36135,1.9303165674209595,7.761168003082275,0.45487403869628906,148,3.84188175201416,-0.06239581108093262,-3.9192862510681152,-0.5172698497772217,153,0.0078870900788709,5.494307041168213,153,5.585061550140381,5.585061550140381,-0.09075450897216797
M-2022-7,134,6337,1.6674140691757202,6.694501876831055,-0.5054945945739746,132,5.373251914978027,0.41408777236938477,-1.3212499618530273,0.9195823669433594,93,0.001735837146914944,5.889276504516602,93,6.005341529846191,6.005341529846191,-0.11606502532958984
M-2022-7,135,1882,4.028885364532471,7.287073135375977,-0.828038215637207,136,4.250503063201904,0.9181709289550781,-3.0365700721740723,1.7462091445922852,136,0.03719447396386823,4.250503063201904,136,3.332332134246826,3.332332134246826,0.9181709289550781
M-2022-7,136,14759,2.3136892318725586,7.731856346130371,-0.11072015762329102,135,4.250503063201904,0.9181709289550781,-3.481353282928467,1.0288910865783691,93,0.03773968426045125,4.508995532989502,93,4.844748020172119,4.844748020172119,-0.3357524871826172
M-2022-7,137,1585,12.214461326599121,6.242721080780029,0.0714879035949707,86,8.414677619934082,3.3027892112731934,2.1719565391540527,3.2313013076782227,171,0.32933753943217664,9.089560508728027,117,6.165253162384033,8.499272346496582,0.5902881622314453
M-2022-7,138,28132,4.03257417678833,8.401991844177246,0.2378530502319336,149,4.13461446762085,-0.17238664627075195,-4.2673773765563965,-0.41023969650268555,149,0.10177022607706526,4.13461446762085,149,4.562226295471191,4.562226295471191,-0.4276118278503418
M-2022-7,139,1011,4.65618371963501,8.389996528625488,0.7778291702270508,159,3.798496723175049,0.1261608600616455,-4.5914998054504395,-0.6516683101654053,133,0.1632047477744807,4.962291240692139,156,3.6723358631134033,7.284291744232178,-2.322000503540039
M-2022-7,140,13811,0.9908239245414734,8.271728515625,0.08437728881835938,142,2.984812021255493,-0.09497261047363281,-5.286916494369507,-0.1793498992919922,142,0.022663094634711462,2.984812021255493,142,3.079784631729126,3.079784631729126,-0.09497261047363281
M-2022-7,141,1364,2.7530159950256348,7.403641223907471,-0.14568519592285156,139,4.210269927978516,-0.5868239402770996,-3.193371295928955,-0.44113874435424805,61,0.08284457478005865,5.78177547454834,154,4.892677307128906,6.777338027954102,-0.9955625534057617
M-2022-7,142,23002,1.509737491607666,8.695311546325684,-0.2171182632446289,140,2.984812021255493,-0.09497261047363281,-5.71049952507019,0.1221456527709961,140,0.06060342578906182,2.984812021255493,140,3.079784631729126,3.079784631729126,-0.09497261047363281
M-2022-7,143,2408,2.430111885070801,7.896448612213135,0.045706748962402344,16,4.126087188720703,0.2830345630645752,-3.7703614234924316,0.23732781410217285,153,0.04941860465116279,4.634795188903809,153,3.9771151542663574,3.9771151542663574,0.6576800346374512
M-2022-7,144,3002,3.5242531299591064,4.275272369384766,0.14514589309692383,146,4.1095147132873535,-1.333024024963379,-0.1657576560974121,-1.4781699180603027,86,0.05629580279813458,8.17141342163086,146,5.442538738250732,8.121672630310059,0.04974079132080078
M-2022-7,145,1697,0.25343433022499084,0.6217966079711914,-0.4422506093978882,144,5.300092697143555,-0.43485546112060547,4.678296089172363,0.007395148277282715,171,0.0017678255745433118,8.352362632751465,13,6.874231815338135,8.041871070861816,0.31049156188964844
M-2022-7,146,4786,3.2854840755462646,4.864111423492432,-0.25903749465942383,144,4.1095147132873535,-1.333024024963379,-0.7545967102050781,-1.073986530303955,169,0.05516088591725867,5.106134414672852,144,5.442538738250732,5.774598121643066,-0.6684637069702148
M-2022-7,147,55,6.856398582458496,7.363649845123291,0.8760104179382324,139,5.725848197937012,-0.12330245971679688,-1.6378016471862793,-0.9993128776550293,117,0.16363636363636364,7.981629848480225,11,6.048503875732422,7.806596279144287,0.1750335693359375
M-2022-7,148,4632,2.738602876663208,6.348906993865967,-0.05994367599487305,133,3.84188175201416,-0.06239581108093262,-2.5070252418518066,-0.0024521350860595703,133,0.05505181347150259,3.84188175201416,133,3.9042775630950928,3.9042775630950928,-0.06239581108093262
M-2022-7,149,32883,6.208273410797119,8.706543922424316,0.6958885192871094,29,3.557255983352661,-1.0049703121185303,-5.149287939071655,-1.7008588314056396,117,0.04981297326886233,4.404448509216309,138,4.562226295471191,4.779655456542969,-0.37520694732666016
M-2022-7,150,1436,3.936267137527466,5.6144118309021,-0.041141510009765625,130,5.8276262283325195,-0.4241952896118164,0.21321439743041992,-0.3830537796020508,101,0.15181058495821728,9.284459114074707,117,6.423443794250488,9.35350513458252,-0.0690460205078125
M-2022-7,151,1469,1.1740014553070068,7.757602214813232,-0.1524043083190918,105,3.7597055435180664,-0.4483046531677246,-3.997896671295166,-0.2959003448486328,124,0.013614703880190605,6.807687282562256,153,4.603928089141846,6.653450012207031,0.1542372703552246
M-2022-7,152,336,0.6358290910720825,6.668787479400635,-0.31623125076293945,51,7.054965019226074,0.34900808334350586,0.38617753982543945,0.6652393341064453,53,0.002976190476190476,10.057855606079102,98,10.252681732177734,10.061092376708984,-0.0032367706298828125
M-2022-7,153,39925,1.197161078453064,8.759505271911621,0.34076881408691406,16,3.5688254833221436,-0.25620365142822266,-5.1906797885894775,-0.5969724655151367,140,0.018209142141515342,4.858811855316162,140,5.506333827972412,5.506333827972412,-0.64752197265625
M-2022-7,154,1219,1.9153199195861816,8.967447280883789,0.2275705337524414,155,3.600461006164551,-0.17109131813049316,-5.366986274719238,-0.39866185188293457,155,0.08613617719442165,3.600461006164551,14,4.530324935913086,4.090961933135986,-0.49050092697143555
M-2022-7,155,5019,1.2183339595794678,8.99953556060791,0.032535552978515625,16,2.8198976516723633,-0.2209148406982422,-6.179637908935547,-0.2534503936767578,153,0.02829248854353457,3.5743772983551025,14,3.959502935409546,4.250099182128906,-0.6757218837738037
M-2022-7,156,19602,0.47653868794441223,8.315672874450684,0.10678768157958984,14,3.8202638626098633,0.14792799949645996,-4.49540901184082,0.04114031791687012,142,0.013570043873074176,4.040060043334961,142,4.663613319396973,4.663613319396973,-0.6235532760620117
M-2022-7,157,937,1.309501051902771,7.853797435760498,0.2743377685546875,2,4.405444145202637,-0.2605776786804199,-3.4483532905578613,-0.5349154472351074,153,0.032017075773746,5.153749465942383,153,6.11415433883667,6.11415433883667,-0.9604048728942871
M-2022-7,158,5930,0.5346184372901917,7.568026542663574,0.06700277328491211,155,5.100658416748047,1.0663948059082031,-2.4673681259155273,0.999392032623291,140,0.019224283305227657,5.436651706695557,142,6.004654407501221,5.805856704711914,-0.3692049980163574
M-2022-7,159,1512,1.7381936311721802,8.412336349487305,0.31922149658203125,13,2.9599814414978027,0.4070620536804199,-5.452354907989502,0.08784055709838867,46,0.13756613756613756,3.6566245555877686,46,2.698843240737915,2.698843240737915,0.9577813148498535
M-2022-7,160,1230,2.1539523601531982,8.506206512451172,0.2706184387207031,162,4.1955180168151855,0.9638166427612305,-4.310688495635986,0.6931982040405273,25,0.09268292682926829,5.606362342834473,115,4.0284342765808105,5.740851402282715,-0.1344890594482422
M-2022-7,161,1512,5.60507869720459,6.822697162628174,1.5416998863220215,153,5.209725856781006,-1.0660982131958008,-1.612971305847168,-2.6077980995178223,149,0.04034391534391534,6.144222736358643,60,6.951635360717773,8.101014137268066,-1.9567914009094238
M-2022-7,162,241,2.2578535079956055,7.704987049102783,-0.04368782043457031,115,3.825000762939453,0.02281975746154785,-3.87998628616333,0.06650757789611816,149,0.058091286307053944,4.5831475257873535,28,6.388343811035156,8.886101722717285,-4.302954196929932
M-2022-7,163,1276,4.487570762634277,7.611696243286133,-0.19204330444335938,46,3.603059768676758,0.035247087478637695,-4.008636474609375,0.22729039192199707,46,0.4224137931034483,3.603059768676758,46,4.815720081329346,4.815720081329346,-1.212660312652588
M-2022-7,164,1702,3.7771081924438477,6.3089189529418945,-0.5893301963806152,100,5.149679183959961,0.028019428253173828,-1.1592397689819336,0.6173496246337891,117,0.14806110458284372,5.490415573120117,117,5.121659755706787,5.121659755706787,0.3687558174133301
M-2022-7,165,5683,1.2515779733657837,4.135462284088135,-0.1297893524169922,53,5.745423316955566,-0.1659226417541504,1.6099610328674316,-0.0361332893371582,56,0.08076720042231215,7.104406356811523,56,8.180116653442383,8.180116653442383,-1.0757102966308594
M-2022-7,166,1530,3.170762538909912,7.6818013191223145,0.5343737602233887,25,4.148500442504883,0.1544182300567627,-3.5333008766174316,-0.379955530166626,18,0.1477124183006536,6.670436859130859,25,4.390172958374023,7.610909461975098,-0.9404726028442383
M-2022-7,167,23,4.851292610168457,5.681865692138672,0.1292128562927246,164,5.822347164154053,-0.18362092971801758,0.14048147201538086,-0.3128337860107422,14,0.30434782608695654,7.319497585296631,14,6.508113861083984,6.508113861083984,0.8113837242126465
M-2022-7,168,2156,0.769459068775177,6.2491230964660645,-0.18606901168823242,110,2.6672565937042236,-0.1368873119354248,-3.581866502761841,0.04918169975280762,110,0.08580705009276438,2.6672565937042236,110,2.8041439056396484,2.8041439056396484,-0.1368873119354248
M-2022-7,169,2090,3.121591806411743,6.006414413452148,0.10839033126831055,146,5.106134414672852,-0.504462718963623,-0.9002799987792969,-0.6128530502319336,60,0.006220095693779904,7.50156831741333,146,5.774598121643066,7.546298980712891,-0.04473066329956055
M-2022-7,170,1882,2.2564001083374023,8.084190368652344,0.49076223373413086,94,4.268928527832031,-0.8437933921813965,-3.8152618408203125,-1.3345556259155273,25,0.048352816153028694,7.153034210205078,117,5.362724781036377,7.4667792320251465,-0.31374502182006836
M-2022-7,171,6243,1.0223867893218994,7.924325942993164,0.20625543594360352,60,2.9517037868499756,-0.11218452453613281,-4.9726221561431885,-0.31843996047973633,60,0.07063911580970687,2.9517037868499756,60,3.0638883113861084,3.0638883113861084,-0.11218452453613281
M-2022-7,172,5217,7.265016078948975,6.573764324188232,-2.156848430633545,19,6.046915531158447,2.0547749996185303,-0.5268487930297852,4.211623430252075,117,0.07858922752539774,7.1706671714782715,117,3.992140531539917,3.992140531539917,3.1785266399383545
M-2022-7,173,1718,3.401913642883301,3.982294797897339,-0.9314353466033936,2,5.866876602172852,0.14330339431762695,1.8845818042755127,1.0747387409210205,95,0.11175785797438882,6.630135536193848,95,6.341655731201172,6.341655731201172,0.2884798049926758
M-2022-7,174,1067,7.148894309997559,7.213234901428223,3.07883882522583,2,5.344658851623535,-1.2160143852233887,-1.8685760498046875,-4.294853210449219,2,0.21649484536082475,5.344658851623535,117,7.824143409729004,7.832732200622559,-2.4880733489990234
M-2022-7,175,32188,0.9177771806716919,8.898069381713867,0.101348876953125,77,3.0069773197174072,0.14405274391174316,-5.89109206199646,0.042703866958618164,71,0.07216975270287064,3.5340380668640137,71,3.542565107345581,3.542565107345581,-0.008527040481567383
M-2022-7,176,1623,0.7275378108024597,7.173216342926025,0.024302959442138672,111,2.9685916900634766,-0.4031994342803955,-4.204624652862549,-0.4275023937225342,61,0.019716574245224893,9.317617416381836,140,7.1723785400390625,9.27688217163086,0.04073524475097656
M-2022-7,177,1188,0.2755940556526184,5.373637676239014,0.041319847106933594,5,4.3279852867126465,-0.27901649475097656,-1.0456523895263672,-0.32033634185791016,6,0.010101010101010102,6.870224475860596,6,6.82020378112793,6.82020378112793,0.050020694732666016
M-2022-10,0,1642,1.4732955694198608,6.7327728271484375,0.09176111221313477,111,4.524665832519531,-0.5529618263244629,-2.2081069946289062,-0.6447229385375977,82,0.031668696711327646,6.388741970062256,25,5.533766746520996,6.319215297698975,0.06952667236328125
M-2022-10,1,4956,1.867367148399353,6.884302139282227,0.014521598815917969,20,5.886935234069824,-0.04586648941040039,-0.9973669052124023,-0.06038808822631836,116,0.009281678773204197,6.761752128601074,153,6.644218444824219,6.922557353973389,-0.16080522537231445
M-2022-10,2,5086,2.2418832778930664,7.929251194000244,-0.2806363105773926,19,3.8217132091522217,-0.0033159255981445312,-4.1075379848480225,0.27732038497924805,117,0.034408179315768776,6.354621410369873,117,6.733699321746826,6.733699321746826,-0.3790779113769531
M-2022-10,3,1139,0.36101752519607544,4.285435676574707,-0.21046733856201172,94,5.203919410705566,0.4495363235473633,0.9184837341308594,0.660003662109375,53,0.004389815627743635,7.518200874328613,2,11.015581130981445,7.907148361206055,-0.3889474868774414
M-2022-10,4,972,0.9210349321365356,4.1081438064575195,-0.38345813751220703,27,6.863770484924316,1.941957950592041,2.755626678466797,2.325416088104248,107,0.00823045267489712,7.998523712158203,28,9.583311080932617,7.961100101470947,0.03742361068725586
M-2022-10,5,2902,2.832184076309204,5.670523643493652,-0.005111217498779297,7,2.3478176593780518,-0.44078993797302246,-3.3227059841156006,-0.43567872047424316,14,0.12715368711233632,7.611024379730225,6,3.7021961212158203,6.797241687774658,0.8137826919555664
M-2022-10,6,2429,2.566779851913452,3.915351152420044,0.5166594982147217,5,3.4852511882781982,-0.21694493293762207,-0.4300999641418457,-0.7336044311523438,5,0.5384932070811034,3.4852511882781982,5,3.7021961212158203,3.7021961212158203,-0.21694493293762207
M-2022-10,7,39,3.887596845626831,4.567530632019043,-0.5606317520141602,5,2.3478176593780518,-0.44078993797302246,-2.219712972640991,0.1198418140411377,5,0.8205128205128205,2.3478176593780518,14,7.21755838394165,2.788607597351074,-0.44078993797302246
M-2022-10,8,1940,2.638213634490967,6.125510215759277,-1.038179874420166,11,5.354026794433594,0.6148171424865723,-0.7714834213256836,1.6529970169067383,28,0.027835051546391754,7.118428707122803,28,5.956322193145752,5.956322193145752,1.1621065139770508
M-2022-10,9,1291,4.497321128845215,7.876932144165039,0.04125833511352539,122,5.107303619384766,1.9553241729736328,-2.7696285247802734,1.9140658378601074,71,0.1123160340821069,7.842535972595215,25,3.151979446411133,8.271773338317871,-0.42923736572265625
M-2022-10,10,1434,3.4211697578430176,6.837644100189209,0.17849445343017578,12,3.97371244430542,0.21651697158813477,-2.863931655883789,0.038022518157958984,156,0.2112970711297071,7.4060444831848145,12,3.757195472717285,6.469762802124023,0.936281681060791
M-2022-10,11,2001,4.511930465698242,7.663281440734863,-0.14719724655151367,148,4.257051944732666,-0.16190004348754883,-3.4062294960021973,-0.014702796936035156,153,0.28735632183908044,5.451245307922363,133,5.085204124450684,5.5455641746521,-0.09431886672973633
M-2022-10,12,2580,2.8095173835754395,8.467951774597168,0.4456768035888672,10,3.97371244430542,0.21651697158813477,-4.494239330291748,-0.22915983200073242,156,0.1868217054263566,7.161674499511719,10,3.757195472717285,6.63358211517334,0.5280923843383789
M-2022-10,13,1607,2.29463529586792,8.259713172912598,0.38393115997314453,159,3.097658634185791,0.5447392463684082,-5.162054538726807,0.16080808639526367,46,0.1088985687616677,3.981445074081421,46,3.511965274810791,3.511965274810791,0.4694797992706299
M-2022-10,14,10007,2.096315383911133,9.076848983764648,0.29956626892089844,155,3.3933494091033936,-0.13149523735046387,-5.683499574661255,-0.4310615062713623,129,0.23333666433496553,4.4022369384765625,129,3.9953043460845947,3.9953043460845947,0.4069325923919678
M-2022-10,15,951,1.0046582221984863,6.891513347625732,-0.4363994598388672,154,4.632282257080078,0.0650796890258789,-2.2592310905456543,0.5014791488647461,93,0.030494216614090432,7.38511848449707,151,5.2011799812316895,6.552728176116943,0.832390308380127
M-2022-10,16,2405,3.4085538387298584,8.407365798950195,-0.13823890686035156,155,3.0278360843658447,-0.012976408004760742,-5.379529714584351,0.12526249885559082,61,0.17006237006237007,5.245601654052734,93,7.065092086791992,7.185797691345215,-1.9401960372924805
M-2022-10,17,11892,1.5558735132217407,6.422435283660889,-1.1787562370300293,140,5.278438091278076,0.9235057830810547,-1.1439971923828125,2.102262020111084,153,0.017490750084090144,5.961822032928467,156,5.024440288543701,4.9017229080200195,1.0600991249084473
M-2022-10,18,43004,1.7728075981140137,6.60811710357666,-0.8699135780334473,154,5.242755889892578,0.045674800872802734,-1.365361213684082,0.91558837890625,19,0.008906148265277648,6.432794570922852,153,6.4388017654418945,5.555657386779785,0.8771371841430664
M-2022-10,19,29160,2.182887315750122,7.220145225524902,-0.013287544250488281,2,3.8217132091522217,-0.27912259101867676,-3.3984320163726807,-0.2658350467681885,142,0.1891289437585734,6.4020795822143555,18,5.555657386779785,8.187790870666504,-1.7857112884521484
M-2022-10,20,2388,0.8270869851112366,6.828606605529785,0.028202056884765625,19,4.013620853424072,-0.40567541122436523,-2.814985752105713,-0.43387746810913086,147,0.02386934673366834,9.16711711883545,19,4.820204257965088,6.6937150955200195,2.4734020233154297
M-2022-10,21,3959,1.2084089517593384,6.133854866027832,0.5585827827453613,20,4.306785583496094,-0.11251068115234375,-1.8270692825317383,-0.6710934638977051,142,0.02677443798939126,7.37454080581665,153,7.984899520874023,8.560481071472168,-1.1859402656555176
M-2022-10,22,1178,4.689847469329834,6.363105297088623,0.2634720802307129,83,5.449717998504639,-0.0008635520935058594,-0.9133872985839844,-0.26433563232421875,19,0.03904923599320883,8.99390983581543,153,7.523407459259033,9.186062812805176,-0.1921529769897461
M-2022-10,23,8236,4.29725980758667,6.920765399932861,0.6357259750366211,18,5.797731876373291,1.6968960762023926,-1.1230335235595703,1.0611701011657715,2,0.008377853326857698,6.259953498840332,19,4.100835800170898,4.673820972442627,1.586132526397705
M-2022-10,24,12024,3.448882818222046,5.953091144561768,0.15027427673339844,20,4.6078314781188965,-0.538517951965332,-1.345259666442871,-0.6887922286987305,52,0.04299733865602129,6.173369884490967,153,6.4211506843566895,6.651312828063965,-0.47794294357299805
M-2022-10,25,46993,0.9698584079742432,8.047916412353516,0.15078115463256836,111,4.6714911460876465,1.5195116996765137,-3.376425266265869,1.3687305450439453,71,0.020556253058966228,7.720278263092041,156,5.544147491455078,8.468270301818848,-0.7479920387268066
M-2022-10,26,1400,4.272475719451904,8.152023315429688,1.5153636932373047,163,3.584845542907715,-0.45174121856689453,-4.567177772521973,-1.9671049118041992,13,0.06142857142857143,4.922866344451904,13,5.323270320892334,5.323270320892334,-0.4004039764404297
M-2022-10,27,10235,3.5501463413238525,3.0572669506073,-1.780956506729126,4,6.863770484924316,1.941957950592041,3.8065035343170166,3.722914457321167,83,0.04318514899853444,7.892374038696289,83,6.565752983093262,6.565752983093262,1.3266210556030273
M-2022-10,28,11735,3.5089027881622314,8.323524475097656,0.8232083320617676,117,4.914715766906738,0.004241943359375,-3.408808708190918,-0.8189663887023926,49,0.10847890924584576,7.031658172607422,25,7.334218978881836,8.001187324523926,-0.9695291519165039
M-2022-10,29,34921,4.793975353240967,8.145467758178711,0.258756160736084,54,3.5967445373535156,-0.11545634269714355,-4.548723220825195,-0.37421250343322754,149,0.0731078720540649,3.670663595199585,149,6.495394229888916,6.495394229888916,-2.824730634689331
M-2022-10,30,991,3.550016403198242,7.637734889984131,0.07062101364135742,111,5.477736949920654,1.5194675922393799,-2.1599979400634766,1.4488465785980225,129,0.32694248234106965,5.503827095031738,149,6.769852638244629,5.911870002746582,-0.40804290771484375
M-2022-10,31,1938,1.895436406135559,4.840309143066406,-0.9603085517883301,28,6.185060501098633,0.8435215950012207,1.3447513580322266,1.8038301467895508,28,0.2084623323013416,6.185060501098633,142,6.792895793914795,6.476278781890869,-0.29121828079223633
M-2022-10,32,1783,2.091905117034912,8.893221855163574,0.0230865478515625,155,3.390333890914917,-0.38121843338012695,-5.502887964248657,-0.40430498123168945,153,0.15872125630959058,3.5910732746124268,153,4.397705078125,4.397705078125,-0.8066318035125732
M-2022-10,33,124,4.502930641174316,7.384218215942383,-0.04715299606323242,166,5.0332746505737305,1.4654619693756104,-2.3509435653686523,1.5126149654388428,123,0.12096774193548387,8.325865745544434,166,4.495631217956543,5.195002555847168,3.1308631896972656
M-2022-10,34,1682,5.657691955566406,4.319376468658447,-0.10391044616699219,105,7.008850574493408,0.8900513648986816,2.689474105834961,0.9939618110656738,125,0.20868014268727705,7.075522422790527,110,8.266630172729492,6.947178840637207,0.1283435821533203
M-2022-10,35,2194,2.802536964416504,3.1514625549316406,-2.564319133758545,41,7.014819145202637,2.549999713897705,3.863356590270996,5.11431884765625,41,0.03600729261622607,7.014819145202637,41,4.464819431304932,4.464819431304932,2.549999713897705
M-2022-10,36,2648,4.90900182723999,3.6148841381073,-1.7827832698822021,64,5.809926509857178,-0.37724781036376953,2.195042371749878,1.4055354595184326,104,0.015861027190332326,9.607651710510254,166,6.325815200805664,7.645126819610596,1.9625248908996582
M-2022-10,37,1115,1.8374412059783936,3.6722733974456787,-1.2664730548858643,42,6.4579644203186035,0.542386531829834,2.785691022872925,1.8088595867156982,160,0.059192825112107626,7.109630584716797,36,7.343564510345459,6.9998087882995605,0.10982179641723633
M-2022-10,38,92,5.023812770843506,6.442829132080078,-0.42694711685180664,125,5.0901312828063965,-0.3487520217895508,-1.3526978492736816,0.07819509506225586,125,0.22826086956521738,5.0901312828063965,68,5.455014705657959,6.970582008361816,-1.88045072555542
M-2022-10,39,4329,1.0063105821609497,7.673159122467041,0.06425857543945312,125,5.304892539978027,0.6566109657287598,-2.3682665824890137,0.5923523902893066,61,0.03257103257103257,6.471798419952393,125,5.436428070068359,5.9129958152771,0.558802604675293
M-2022-10,40,981,3.167994737625122,7.176982879638672,0.6259026527404785,79,5.00270938873291,-0.4301619529724121,-2.1742734909057617,-1.0560646057128906,71,0.29561671763506625,5.057103633880615,75,7.801549434661865,5.840755939483643,-0.7836523056030273
M-2022-10,41,2408,2.1290154457092285,7.071770668029785,0.5095000267028809,153,5.304678440093994,0.8398590087890625,-1.767092227935791,0.33035898208618164,43,0.06395348837209303,6.786839485168457,153,5.502448558807373,4.517297744750977,2.2695417404174805
M-2022-10,42,2235,3.4786009788513184,7.198773384094238,0.33008718490600586,162,4.0913190841674805,0.8446459770202637,-3.107454299926758,0.5145587921142578,160,0.5069351230425055,4.5248847007751465,115,4.2113237380981445,3.246673107147217,1.2782115936279297
M-2022-10,43,2062,3.3902785778045654,8.046426773071289,0.522493839263916,143,4.306268215179443,0.08166265487670898,-3.7401585578918457,-0.44083118438720703,153,0.039282250242483024,5.249625205993652,153,4.698450565338135,4.698450565338135,0.5511746406555176
M-2022-10,44,1081,0.44900885224342346,3.1386301517486572,-0.15169191360473633,104,5.781399726867676,-0.989041805267334,2.6427695751190186,-0.8373498916625977,49,0.018501387604070305,8.700124740600586,93,9.03125,8.91047477722168,-0.21035003662109375
M-2022-10,45,1536,7.189573764801025,7.733951568603516,2.929999828338623,149,4.431818008422852,-1.8050799369812012,-3.302133560180664,-4.735079765319824,117,0.050130208333333336,4.707151412963867,105,7.207004070281982,7.964766502380371,-3.257615089416504
M-2022-10,46,11714,2.443464994430542,8.139561653137207,0.3179440498352051,159,3.098021984100342,0.39917874336242676,-5.041539669036865,0.08123469352722168,67,0.08442888850947584,5.1301493644714355,13,3.511965274810791,4.160336494445801,0.9698128700256348
M-2022-10,47,34,7.413117408752441,5.018515110015869,1.0160670280456543,177,4.633545875549316,-1.1404404640197754,-0.38496923446655273,-2.1565074920654297,6,0.29411764705882354,5.666654586791992,48,5.773986339569092,8.624191284179688,-2.9575366973876953
M-2022-10,48,2986,8.863661766052246,3.538991928100586,-1.8209190368652344,47,4.972877502441406,-0.30261659622192383,1.4338855743408203,1.5183024406433105,6,0.5468854655056933,6.482283115386963,47,5.773986339569092,8.431612014770508,-1.949328899383545
M-2022-10,49,42912,1.6000117063522339,8.518824577331543,0.23560523986816406,139,4.972740173339844,-0.5290827751159668,-3.546084403991699,-0.7646880149841309,78,0.05066181953765846,7.486215114593506,75,7.755835056304932,8.061535835266113,-0.5753207206726074
M-2022-10,50,3110,3.914790391921997,6.945983409881592,-0.917447566986084,116,5.015015602111816,1.2770626544952393,-1.9309678077697754,2.1945102214813232,118,0.15241157556270096,7.023305416107178,25,5.309215068817139,6.942073345184326,0.08123207092285156
M-2022-10,51,16876,0.5295828580856323,7.970352649688721,-0.08728170394897461,170,5.118673324584961,0.521233081817627,-2.8516793251037598,0.6085147857666016,49,0.006458876511021569,9.71707820892334,156,5.915379047393799,9.742238998413086,-0.025160789489746094
M-2022-10,52,2218,2.0155179500579834,7.453616142272949,0.31185197830200195,142,5.159117221832275,0.6763534545898438,-2.294498920440674,0.3645014762878418,139,0.04012623985572588,5.761882305145264,153,5.602747440338135,5.005894184112549,0.7559881210327148
M-2022-10,53,11906,1.7502304315567017,6.0344109535217285,0.5009193420410156,94,5.178614139556885,-0.5734272003173828,-0.8557968139648438,-1.0743465423583984,176,0.009575004199563246,6.57969331741333,117,7.3676018714904785,6.890080451965332,-0.31038713455200195
M-2022-10,54,6595,4.820127487182617,5.687962055206299,-0.6196122169494629,29,3.5967445373535156,-0.11545634269714355,-2.091217517852783,0.5041558742523193,149,0.6342683851402577,5.084316730499268,29,3.712200880050659,7.468501091003418,-2.3841843605041504
M-2022-10,55,5643,4.354288578033447,2.033055067062378,-0.46459054946899414,165,6.585093975067139,0.1285724639892578,4.552038908004761,0.593163013458252,51,0.37285132021974127,8.024640083312988,165,6.456521511077881,8.534456253051758,-0.5098161697387695
M-2022-10,56,10706,6.862451553344727,5.075387954711914,0.5549640655517578,58,5.012614727020264,-2.263925552368164,-0.06277322769165039,-2.818889617919922,96,0.38034746870913505,9.130311012268066,87,11.77489185333252,10.53589916229248,-1.405588150024414
M-2022-10,57,2065,4.128647804260254,4.726975917816162,0.6037898063659668,84,6.6115336418151855,-0.5110969543457031,1.8845577239990234,-1.11488676071167,133,0.006779661016949152,8.564251899719238,14,8.034412384033203,9.267034530639648,-0.7027826309204102
M-2022-10,58,2316,0.47808992862701416,3.362816572189331,-0.09910321235656738,56,5.012614727020264,-1.2392067909240723,1.6497981548309326,-1.1401035785675049,96,0.0008635578583765112,9.8076753616333,96,9.609481811523438,9.609481811523438,0.19819355010986328
M-2022-10,59,8856,2.5402708053588867,3.1694350242614746,-2.1155662536621094,28,7.736050128936768,1.1998448371887207,4.566615104675293,3.31541109085083,118,0.00045167118337850043,7.852445602416992,172,6.536205291748047,6.879592418670654,0.9728531837463379
M-2022-10,60,59907,1.6628737449645996,7.749068737030029,0.05963706970214844,171,2.742924690246582,-0.32096362113952637,-5.006144046783447,-0.3806006908416748,61,0.07406480044068306,5.230678081512451,61,5.104747295379639,5.104747295379639,0.1259307861328125
M-2022-10,61,22920,1.2518595457077026,7.885231018066406,-0.12682342529296875,86,3.695827007293701,0.5999460220336914,-4.189404010772705,0.7267694473266602,86,0.04991273996509599,3.695827007293701,86,3.0958809852600098,3.0958809852600098,0.5999460220336914
M-2022-10,62,24087,0.9663625359535217,6.735752582550049,-0.32262182235717773,86,5.875250816345215,-0.3148627281188965,-0.860501766204834,0.00775909423828125,86,0.010711172001494582,5.875250816345215,86,6.243754863739014,6.243754863739014,-0.36850404739379883
M-2022-10,63,12148,0.9639903903007507,7.96613883972168,-0.014371871948242188,60,3.0372467041015625,-0.3932340145111084,-4.928892135620117,-0.3788621425628662,60,0.13730655251893314,3.0372467041015625,60,3.430480718612671,3.430480718612671,-0.3932340145111084
M-2022-10,64,4110,1.8184868097305298,6.59673547744751,-0.35547685623168945,168,3.3671715259552,0.03547024726867676,-3.2295639514923096,0.3909471035003662,168,0.061800486618004864,3.3671715259552,168,3.3317012786865234,3.3317012786865234,0.03547024726867676
M-2022-10,65,3253,0.5289856195449829,4.03691291809082,-0.24970436096191406,106,4.252816200256348,-0.4068574905395508,0.21590328216552734,-0.15715312957763672,176,0.026129726406394098,5.324709415435791,107,5.227299690246582,4.962447643280029,0.3622617721557617
M-2022-10,66,4226,2.7801249027252197,8.126219749450684,1.339871883392334,139,4.330183029174805,-0.8030619621276855,-3.796036720275879,-2.1429338455200195,142,0.0664931377188831,5.734221458435059,133,6.423084259033203,8.430787086486816,-2.696565628051758
M-2022-10,67,4304,2.4953274726867676,7.405564785003662,-0.37250185012817383,13,3.411532163619995,0.5606484413146973,-3.994032621383667,0.9331502914428711,46,0.2295539033457249,5.1301493644714355,46,4.160336494445801,4.160336494445801,0.9698128700256348
M-2022-10,68,3689,3.248213529586792,7.347026348114014,-0.023720741271972656,14,4.805619239807129,1.0676662921905518,-2.5414071083068848,1.0913870334625244,46,0.012198427758200054,5.29940938949585,153,5.167975425720215,4.969450950622559,0.329958438873291
M-2022-10,69,1232,5.873536109924316,5.821659088134766,-1.0885868072509766,139,5.100436210632324,0.8053531646728516,-0.7212228775024414,1.8939399719238281,105,0.5170454545454546,5.639046669006348,104,4.692135810852051,4.295083045959473,1.343963623046875
M-2022-10,70,1735,2.87754487991333,7.69633674621582,-0.008541584014892578,82,3.572972059249878,-0.07574129104614258,-4.123364686965942,-0.06719970703125,75,0.19596541786743515,4.268632888793945,82,3.6487133502960205,3.824140787124634,0.4444921016693115
M-2022-10,71,63797,1.1875648498535156,8.931909561157227,0.06713294982910156,82,3.0035390853881836,-0.22999286651611328,-5.928370475769043,-0.29712581634521484,175,0.0626831982695111,3.126539707183838,82,3.233531951904297,3.542565107345581,-0.41602540016174316
M-2022-10,72,10327,1.8333110809326172,8.225834846496582,-0.14483165740966797,71,3.118579387664795,-0.5554502010345459,-5.107255458831787,-0.41061854362487793,71,0.2520577127917111,3.118579387664795,71,3.974828004837036,3.974828004837036,-0.8562486171722412
M-2022-10,73,13787,2.181159496307373,5.484429836273193,-0.09196329116821289,75,4.995175361633301,0.40102148056030273,-0.4892544746398926,0.4929847717285156,82,0.07064626097047944,5.4808125495910645,82,5.259551525115967,5.259551525115967,0.22126102447509766
M-2022-10,74,3353,1.2539963722229004,8.522385597229004,-0.17076873779296875,80,3.108476161956787,-0.6285457611083984,-5.413909435272217,-0.4577770233154297,175,0.2597673725022368,3.7020046710968018,77,4.056864261627197,3.7370219230651855,-0.03501725196838379
M-2022-10,75,11581,2.1230454444885254,7.376597881317139,-0.06038999557495117,82,3.282017469406128,-0.1517469882965088,-4.094580411911011,-0.09135699272155762,82,0.19272947068474225,3.282017469406128,71,4.6311211585998535,3.4337644577026367,-0.1517469882965088
M-2022-10,76,4405,3.1963541507720947,6.658290386199951,-1.3308749198913574,79,3.887948989868164,-0.016870737075805664,-2.770341396331787,1.3140041828155518,175,0.03745743473325766,4.327921390533447,175,3.9048197269439697,3.9048197269439697,0.42310166358947754
M-2022-10,77,27623,2.391127347946167,9.278138160705566,-0.1927347183227539,71,3.1743266582489014,0.3114020824432373,-6.103811502456665,0.5041368007659912,72,0.08749954747855049,3.7842302322387695,175,2.862924575805664,4.689152717590332,-0.9049224853515625
M-2022-10,78,16173,1.5790705680847168,7.275753974914551,0.1875896453857422,71,4.684326171875,-0.5698361396789551,-2.591427803039551,-0.7574257850646973,71,0.12193161441909355,4.684326171875,71,5.254162311553955,5.254162311553955,-0.5698361396789551
M-2022-10,79,12335,1.316165804862976,8.073036193847656,-0.05541515350341797,175,3.244905710220337,0.18220806121826172,-4.828130483627319,0.2376232147216797,175,0.20972841507904338,3.244905710220337,77,3.584693193435669,3.062697649002075,0.18220806121826172
M-2022-10,80,1260,2.4474411010742188,8.096245765686035,0.6369056701660156,74,3.108476161956787,-0.9113235473632812,-4.987769603729248,-1.5482292175292969,175,0.43412698412698414,3.319749355316162,175,4.019799709320068,4.019799709320068,-0.7000503540039062
M-2022-10,81,3661,0.7828613519668579,5.512413024902344,0.45687294006347656,40,5.546595096588135,-0.5640521049499512,0.034182071685791016,-1.0209250450134277,71,0.03113903305107894,6.723654270172119,71,7.446446418762207,7.446446418762207,-0.7227921485900879
M-2022-10,82,35248,0.8647056818008423,8.565333366394043,-0.06310558319091797,71,3.0035390853881836,-0.22999286651611328,-5.561794281005859,-0.1668872833251953,73,0.04590331366318656,5.4808125495910645,71,3.233531951904297,5.259551525115967,0.22126102447509766
M-2022-10,83,32633,1.4719346761703491,6.840571880340576,-0.7528777122497559,94,4.727675437927246,-0.20075035095214844,-2.11289644241333,0.5521273612976074,155,0.014249379462507279,6.8394622802734375,155,6.851985454559326,6.851985454559326,-0.012523174285888672
M-2022-10,84,1777,2.4421260356903076,4.913991451263428,-0.07070350646972656,142,6.488286972045898,0.00020599365234375,1.5742955207824707,0.07090950012207031,51,0.005627462014631401,7.443556308746338,153,6.771669864654541,7.34672737121582,0.09682893753051758
M-2022-10,85,1115,5.968023777008057,6.092339992523193,-1.4712672233581543,130,5.9245076179504395,-1.4553661346435547,-0.1678323745727539,0.01590108871459961,130,0.05022421524663677,5.9245076179504395,25,9.814266204833984,7.970296859741211,-2.0457892417907715
M-2022-10,86,52904,1.381243348121643,8.326391220092773,0.11011314392089844,61,3.695827007293701,0.5999460220336914,-4.630564212799072,0.48983287811279297,61,0.0913163465900499,3.695827007293701,61,3.0958809852600098,3.0958809852600098,0.5999460220336914
M-2022-10,87,7329,1.3127037286758423,6.815806865692139,0.6511683464050293,12,6.387331485748291,0.023071765899658203,-0.42847537994384766,-0.6280965805053711,142,0.009551098376313277,7.373857498168945,142,7.103288173675537,7.103288173675537,0.2705693244934082
M-2022-10,88,229,2.9725253582000732,7.446308612823486,-0.3890256881713867,29,4.109738349914551,-0.302823543548584,-3.3365702629089355,0.08620214462280273,155,0.07860262008733625,5.3580451011657715,63,4.646664142608643,5.470530986785889,-0.11248588562011719
M-2022-10,89,613,4.392827987670898,6.601869106292725,-0.73370361328125,26,5.620782852172852,0.48011350631713867,-0.981086254119873,1.2138171195983887,61,0.04730831973898858,8.285274505615234,155,6.414841175079346,7.826695442199707,0.45857906341552734
M-2022-10,90,6090,0.31650054454803467,6.219890594482422,0.006597042083740234,130,5.782021999359131,0.24115610122680664,-0.437868595123291,0.2345590591430664,96,0.02528735632183908,7.511481285095215,71,8.130857467651367,7.949999809265137,-0.4385185241699219
M-2022-10,91,3610,0.3254718482494354,5.682079792022705,0.09322881698608398,176,5.241635322570801,0.23765325546264648,-0.4404444694519043,0.1444244384765625,83,0.029085872576177285,7.182912826538086,83,7.443275451660156,7.443275451660156,-0.2603626251220703
M-2022-10,92,1810,0.9691495299339294,3.811206817626953,1.1568872928619385,107,4.322048664093018,-0.2676863670349121,0.5108418464660645,-1.4245736598968506,65,0.05303867403314917,4.833195209503174,140,9.392237663269043,5.01787805557251,-0.18468284606933594
M-2022-10,93,34838,1.7708393335342407,7.234410285949707,-0.653447151184082,126,5.060537338256836,0.7135143280029297,-2.173872947692871,1.3669614791870117,136,0.034703484700614275,5.11140775680542,131,7.102643013000488,4.844748020172119,0.2666597366333008
M-2022-10,94,350,2.1438815593719482,5.764993190765381,-1.1472969055175781,83,4.727675437927246,0.33919572830200195,-1.0373177528381348,1.48649263381958,53,0.11714285714285715,5.178614139556885,117,5.466680526733398,5.752041339874268,-0.5734272003173828
M-2022-10,95,4023,4.637048721313477,6.646627902984619,1.0138835906982422,174,5.945282459259033,-0.39637327194213867,-0.7013454437255859,-1.4102568626403809,25,0.00571712652249565,7.022085666656494,28,7.385371208190918,7.813610076904297,-0.7915244102478027
M-2022-10,96,61021,2.793466567993164,7.728823184967041,0.3602719306945801,97,5.206658363342285,0.3840641975402832,-2.522164821624756,0.023792266845703125,117,0.149571459005916,6.015536785125732,117,4.861117362976074,4.861117362976074,1.1544194221496582
M-2022-10,97,45643,5.195400238037109,4.045068740844727,-1.398308277130127,96,5.206658363342285,0.3840641975402832,1.1615896224975586,1.7823724746704102,96,0.10943627719475056,5.206658363342285,96,4.822594165802002,4.822594165802002,0.3840641975402832
M-2022-10,98,59567,1.6474485397338867,4.613282203674316,-0.8553595542907715,164,7.864173889160156,0.5884761810302734,3.25089168548584,1.443835735321045,3,0.001997750432286333,8.577880859375,117,7.594439506530762,8.596933364868164,-0.019052505493164062
M-2022-10,99,27230,3.9910073280334473,3.219757080078125,-4.291451930999756,129,8.172920227050781,3.1980438232421875,4.953163146972656,7.489495754241943,117,0.011678295997062063,8.760767936706543,96,6.7261962890625,4.974876403808594,3.785891532897949
M-2022-10,100,27178,4.069464206695557,5.922834396362305,-0.7379288673400879,164,6.111132621765137,0.5308609008789062,0.18829822540283203,1.2687897682189941,133,0.17308116859224373,10.55415153503418,97,8.190964698791504,10.696637153625488,-0.1424856185913086
M-2022-10,101,55343,4.996868133544922,4.808726787567139,-0.13834762573242188,102,6.609267711639404,-0.9192132949829102,1.8005409240722656,-0.7808656692504883,117,0.15595468261568762,8.700530052185059,96,9.963253021240234,9.017828941345215,-0.31729888916015625
M-2022-10,102,56050,1.040216326713562,7.783750534057617,0.3521280288696289,117,6.3784894943237305,-0.15160322189331055,-1.4052610397338867,-0.5037312507629395,117,0.0023193577163247102,6.3784894943237305,117,6.848796367645264,6.848796367645264,-0.4703068733215332
M-2022-10,103,2918,3.4916176795959473,4.134026527404785,-1.047560691833496,2,6.9885478019714355,0.7496142387390137,2.8545212745666504,1.7971749305725098,102,0.4832076764907471,8.486400604248047,117,7.644495010375977,8.925333976745605,-0.4389333724975586
M-2022-10,104,2391,6.583727836608887,5.4147796630859375,-0.9846110343933105,2,4.274850845336914,0.4726698398590088,-1.1399288177490234,1.4572808742523193,2,0.21288163948138855,4.274850845336914,115,4.7367634773254395,6.299696445465088,-2.024845600128174
M-2022-10,105,4902,2.35621976852417,8.2384614944458,0.49366283416748047,162,3.1672909259796143,-0.06441044807434082,-5.0711705684661865,-0.5580732822418213,110,0.08017135862913097,4.703408718109131,110,4.020936965942383,4.020936965942383,0.682471752166748
M-2022-10,106,2736,1.473792552947998,4.8679938316345215,0.7362194061279297,65,4.252816200256348,-0.4068574905395508,-0.6151776313781738,-1.1430768966674805,107,0.019005847953216373,4.577910423278809,107,5.6289143562316895,5.6289143562316895,-1.0510039329528809
M-2022-10,107,3189,0.6776220798492432,4.207095623016357,0.15839290618896484,92,4.322048664093018,-0.2676863670349121,0.11495304107666016,-0.42607927322387695,109,0.0037629350893697085,6.366573810577393,92,4.58973503112793,6.8945512771606445,-0.527977466583252
M-2022-10,108,5587,2.518110752105713,7.956473350524902,0.559929370880127,140,5.114448547363281,0.39606618881225586,-2.842024803161621,-0.1638631820678711,158,0.10076964381600143,5.549192905426025,142,4.79511022567749,5.868209362030029,-0.3190164566040039
M-2022-10,109,1824,1.0627983808517456,4.902637481689453,0.8190450668334961,65,4.33461856842041,-0.32842111587524414,-0.568018913269043,-1.1474661827087402,65,0.03234649122807018,4.33461856842041,107,6.8945512771606445,4.663039684295654,-0.32842111587524414
M-2022-10,110,8030,2.093456745147705,7.02919340133667,0.5957150459289551,168,3.0269458293914795,0.22280192375183105,-4.00224757194519,-0.372913122177124,168,0.07310087173100872,3.0269458293914795,168,2.8041439056396484,2.8041439056396484,0.22280192375183105
M-2022-10,111,2242,2.2132720947265625,8.261330604553223,0.10456466674804688,176,3.3133504390716553,-0.0584406852722168,-4.947980165481567,-0.16300535202026367,16,0.07939339875111508,5.105197429656982,153,6.319734573364258,4.13150691986084,0.9736905097961426
M-2022-10,112,1706,3.532111883163452,7.357484817504883,0.5621724128723145,143,3.7123379707336426,-0.26082634925842285,-3.6451468467712402,-0.8229987621307373,132,0.03927315357561548,6.056807994842529,46,3.9731643199920654,6.5033488273620605,-0.44654083251953125
M-2022-10,113,4746,0.3607563078403473,5.411681175231934,-0.012515544891357422,164,6.105337142944336,-0.0957798957824707,0.6936559677124023,-0.08326435089111328,129,0.004846186262115465,7.63518762588501,14,6.871761798858643,7.578868389129639,0.056319236755371094
M-2022-10,114,820,3.851527690887451,4.200259208679199,-1.3271760940551758,34,8.8146390914917,2.066756248474121,4.6143798828125,3.393932342529297,11,0.004878048780487805,10.781888961791992,117,8.838899612426758,7.924814701080322,2.85707426071167
M-2022-10,115,21104,2.0327155590057373,7.758453845977783,0.42109107971191406,162,3.849421262741089,-0.17901301383972168,-3.9090325832366943,-0.6001040935516357,133,0.08064821834723275,5.64039945602417,133,6.111225605010986,6.111225605010986,-0.4708261489868164
M-2022-10,116,4100,2.8578884601593018,6.902677536010742,-0.1631779670715332,50,5.015015602111816,0.20124340057373047,-1.8876619338989258,0.36442136764526367,117,0.012439024390243903,6.634840488433838,117,7.171982765197754,7.171982765197754,-0.537142276763916
M-2022-10,117,83533,2.441754102706909,9.357532501220703,0.4046039581298828,149,3.598828077316284,-0.28053808212280273,-5.758704423904419,-0.6851420402526855,102,0.028791016723929464,6.3784894943237305,122,3.879366159439087,6.848796367645264,-0.4703068733215332
M-2022-10,118,2917,1.1460469961166382,6.255625247955322,-0.03843975067138672,90,6.284699440002441,0.1776752471923828,0.02907419204711914,0.21611499786376953,90,0.013712718546451834,6.284699440002441,90,6.107024192810059,6.107024192810059,0.1776752471923828
M-2022-10,119,2621,0.9453232884407043,6.385688781738281,0.32948732376098633,120,3.1691055297851562,0.22473573684692383,-3.216583251953125,-0.1047515869140625,120,0.07325448302174742,3.1691055297851562,120,2.9443697929382324,2.9443697929382324,0.22473573684692383
M-2022-10,120,2381,0.8234701752662659,6.0030198097229,0.3236522674560547,119,3.1691055297851562,0.22473573684692383,-2.833914279937744,-0.09891653060913086,119,0.06887862242755145,3.1691055297851562,119,2.9443697929382324,2.9443697929382324,0.22473573684692383
M-2022-10,121,205,8.70779037475586,5.0022735595703125,0.2387862205505371,119,6.33043098449707,2.94573712348938,1.3281574249267578,2.7069509029388428,14,0.6780487804878049,7.331461429595947,119,4.629248142242432,7.275092601776123,0.05636882781982422
M-2022-10,122,57235,2.5728390216827393,8.905929565429688,0.3953285217285156,9,5.107303619384766,1.2279374599456787,-3.798625946044922,0.8326089382171631,117,0.09226871669433039,5.247735500335693,117,3.879366159439087,3.879366159439087,1.3683693408966064
M-2022-10,123,8886,3.565035820007324,3.8714916706085205,-2.2156260013580322,68,6.689376354217529,1.7769527435302734,2.817884683609009,3.9925787448883057,68,0.45127166329056945,6.689376354217529,68,5.645855903625488,5.645855903625488,1.043520450592041
M-2022-10,124,24809,0.7748684287071228,8.57254695892334,0.059851646423339844,14,5.099247455596924,0.42865943908691406,-3.473299503326416,0.3688077926635742,117,0.012777621024628158,5.1514573097229,25,6.184355735778809,5.158725261688232,-0.007267951965332031
M-2022-10,125,3524,1.1221147775650024,8.2201566696167,0.013365745544433594,88,4.505921363830566,-0.10851907730102539,-3.714235305786133,-0.12188482284545898,64,0.012202043132803632,6.623810768127441,29,5.674258232116699,6.573482513427734,0.05032825469970703
M-2022-10,126,807,1.7997565269470215,7.464439392089844,0.40083837509155273,63,4.111759185791016,-0.23526382446289062,-3.352680206298828,-0.6361021995544434,153,0.042131350681536554,4.896847724914551,153,5.529016971588135,5.529016971588135,-0.632169246673584
M-2022-10,127,8546,4.444461345672607,6.650781154632568,-1.1095147132873535,143,4.284608364105225,0.4415557384490967,-2.3661727905273438,1.5510704517364502,19,0.08694125906857009,4.531886577606201,117,6.884161949157715,6.236306190490723,-1.7044196128845215
M-2022-10,128,4543,1.2644816637039185,6.346183776855469,-0.021617412567138672,41,5.905468463897705,0.40401363372802734,-0.44071531295776367,0.425631046295166,157,0.007263922518159807,7.441515922546387,153,5.7649383544921875,8.065834999084473,-0.6243190765380859
M-2022-10,129,31048,0.9812146425247192,7.874882221221924,0.20795440673828125,14,4.4022369384765625,0.4069325923919678,-3.4726452827453613,0.19897818565368652,153,0.02872970883792837,6.152674674987793,153,6.605562686920166,6.605562686920166,-0.45288801193237305
M-2022-10,130,6353,0.6126846075057983,6.534351348876953,0.029352188110351562,90,5.782021999359131,0.1698002815246582,-0.7523293495178223,0.14044809341430664,83,0.01369431764520699,7.11336612701416,156,7.340351104736328,7.370086669921875,-0.25672054290771484
M-2022-10,131,26225,0.9496828317642212,5.9254021644592285,-0.05698251724243164,41,5.95676326751709,0.1252293586730957,0.03136110305786133,0.18221187591552734,93,0.030962821734985702,7.502214431762695,133,5.831533908843994,7.102643013000488,0.39957141876220703
M-2022-10,132,18623,1.6046273708343506,6.608462333679199,-0.0105438232421875,134,5.3628106117248535,0.40364646911621094,-1.2456517219543457,0.41419029235839844,131,0.03688986736830801,6.547066688537598,131,6.405720233917236,6.405720233917236,0.14134645462036133
M-2022-10,133,46808,1.8265780210494995,7.663852214813232,0.3575582504272461,148,4.022150039672852,0.11787247657775879,-3.641702175140381,-0.2396857738494873,153,0.00512732866176722,5.454274654388428,153,5.585061550140381,5.585061550140381,-0.13078689575195312
M-2022-10,134,8353,1.9903391599655151,6.510239124298096,-0.6897573471069336,132,5.3628106117248535,0.40364646911621094,-1.1474285125732422,1.0934038162231445,93,0.0023943493355680595,6.936354160308838,93,6.005341529846191,6.005341529846191,0.9310126304626465
M-2022-10,135,2978,3.7899680137634277,7.278185844421387,-0.8369255065917969,14,4.563137054443359,1.2308049201965332,-2.7150487899780273,2.06773042678833,26,0.15950302216252518,6.24462890625,136,3.332332134246826,5.302109718322754,0.9425191879272461
M-2022-10,136,17861,2.2483386993408203,7.788409233093262,-0.05416727066040039,153,4.7928314208984375,1.4604992866516113,-2.995577812194824,1.5146665573120117,93,0.07731929903140922,5.11140775680542,93,4.844748020172119,4.844748020172119,0.2666597366333008
M-2022-10,137,600,11.420495986938477,8.739439964294434,2.568206787109375,63,7.860081195831299,2.74819278717041,-0.8793587684631348,0.17998600006103516,171,0.23333333333333334,9.47618293762207,117,6.165253162384033,8.499272346496582,0.9769105911254883
M-2022-10,138,17872,3.7300195693969727,8.596617698669434,0.4324789047241211,117,4.049953937530518,-0.257047176361084,-4.546663761138916,-0.6895260810852051,149,0.24474037600716203,4.291582107543945,149,4.562226295471191,4.562226295471191,-0.2706441879272461
M-2022-10,139,1906,5.372834205627441,8.323931694030762,0.7117643356323242,46,3.9277589321136475,0.25542306900024414,-4.396172761917114,-0.4563412666320801,133,0.17733473242392445,4.798144340515137,156,3.6723358631134033,7.284291744232178,-2.486147403717041
M-2022-10,140,39024,1.86224365234375,8.2073392868042,0.019988059997558594,142,3.114659309387207,0.034874677658081055,-5.092679977416992,0.014886617660522461,153,0.03377408774087741,4.505234718322754,142,3.079784631729126,5.506333827972412,-1.0010991096496582
M-2022-10,141,1846,2.736086130142212,7.201562881469727,-0.3477635383605957,139,4.068761348724365,-0.72833251953125,-3.1328015327453613,-0.3805689811706543,61,0.05417118093174431,5.976769924163818,154,4.892677307128906,6.777338027954102,-0.8005681037902832
M-2022-10,142,27783,1.9205812215805054,8.58375072479248,-0.32867908477783203,140,3.114659309387207,0.034874677658081055,-5.469091415405273,0.3635537624359131,140,0.09541806140445597,3.114659309387207,140,3.079784631729126,3.079784631729126,0.034874677658081055
M-2022-10,143,4318,3.183250904083252,7.93343448638916,0.08269262313842773,112,3.7123379707336426,-0.13071465492248535,-4.221096515655518,-0.21340727806091309,19,0.08429828624363131,5.661818504333496,153,3.9771151542663574,5.8307342529296875,-0.1689157485961914
M-2022-10,144,2456,4.164741516113281,3.9241039752960205,-0.2060225009918213,146,5.141434669494629,-0.3011040687561035,1.2173306941986084,-0.09508156776428223,171,0.006514657980456026,8.288647651672363,146,5.442538738250732,7.65599250793457,0.632655143737793
M-2022-10,145,1504,0.37715858221054077,0.7596240639686584,-0.30442315340042114,144,5.760259628295898,0.02531147003173828,5.00063556432724,0.3297346234321594,45,0.004654255319148936,7.748541831970215,13,6.874231815338135,9.22099494934082,-1.4724531173706055
M-2022-10,146,5568,4.597941875457764,4.620059967041016,-0.5030889511108398,144,5.141434669494629,-0.3011040687561035,0.5213747024536133,0.20198488235473633,169,0.07830459770114942,6.90673828125,144,5.442538738250732,5.774598121643066,1.1321401596069336
M-2022-10,147,801,8.193290710449219,6.203149318695068,-0.28449010848999023,52,6.6336283683776855,0.784477710723877,0.4304790496826172,1.0689678192138672,117,0.23345817727840198,8.804098129272461,11,6.048503875732422,7.806596279144287,0.9975018501281738
M-2022-10,148,5342,2.7103400230407715,6.149092674255371,-0.25975799560546875,133,4.022150039672852,0.11787247657775879,-2.1269426345825195,0.37763047218322754,133,0.055222763010108575,4.022150039672852,133,3.9042775630950928,3.9042775630950928,0.11787247657775879
M-2022-10,149,56482,5.657440185546875,8.840333938598633,0.8296785354614258,117,3.598828077316284,-0.9633982181549072,-5.241505861282349,-1.793076753616333,117,0.11141602634467618,3.598828077316284,138,4.562226295471191,4.779655456542969,-1.1808273792266846
M-2022-10,150,1195,4.330141544342041,5.168908596038818,-0.4866447448730469,130,6.200655937194824,-0.05116558074951172,1.0317473411560059,0.43547916412353516,117,0.11631799163179916,7.597568988800049,117,6.423443794250488,6.423443794250488,1.1741251945495605
M-2022-10,151,2077,2.1827471256256104,7.276122570037842,-0.6338839530944824,105,4.057176113128662,-0.1508340835571289,-3.2189464569091797,0.4830498695373535,156,0.012999518536350506,6.351925373077393,153,4.603928089141846,4.7376484870910645,1.6142768859863281
M-2022-10,152,618,1.6279876232147217,6.388763904571533,-0.596254825592041,51,7.256077766418457,0.5501208305358887,0.8673138618469238,1.1463756561279297,83,0.01779935275080906,7.970294952392578,98,10.252681732177734,7.392885208129883,0.5774097442626953
M-2022-10,153,90325,1.4562097787857056,8.852073669433594,0.4333372116088867,32,3.5910732746124268,-0.23395586013793945,-5.261000394821167,-0.6672930717468262,157,0.012455023526155549,5.1506829261779785,140,5.506333827972412,6.11415433883667,-0.9634714126586914
M-2022-10,154,3149,1.9294140338897705,8.85548210144043,0.11560535430908203,32,3.472019672393799,-0.2995326519012451,-5.383462429046631,-0.41513800621032715,14,0.07780247697681804,3.612945556640625,14,4.530324935913086,4.530324935913086,-0.9173793792724609
M-2022-10,155,9885,1.2197760343551636,9.190930366516113,0.22393035888671875,16,3.0278360843658447,-0.012976408004760742,-6.1630942821502686,-0.2369067668914795,61,0.03510369246332828,5.6993632316589355,14,3.959502935409546,6.306474685668945,-0.6071114540100098
M-2022-10,156,24907,2.3042900562286377,7.7655510902404785,-0.44333410263061523,135,4.781249046325684,1.1089131832122803,-2.984302043914795,1.5522472858428955,142,0.02119885975830088,5.095050811767578,142,4.663613319396973,4.663613319396973,0.43143749237060547
M-2022-10,157,1745,1.4231603145599365,7.751226902008057,0.1717672348022461,11,4.3918137550354,-0.27420806884765625,-3.3594131469726562,-0.44597530364990234,153,0.02865329512893983,5.1506829261779785,153,6.11415433883667,6.11415433883667,-0.9634714126586914
M-2022-10,158,11346,1.5750758647918701,7.803763389587402,0.30273962020874023,155,5.131165504455566,1.0969018936157227,-2.672597885131836,0.7941622734069824,140,0.028380045831129914,5.442439079284668,142,6.004654407501221,5.805856704711914,-0.3634176254272461
M-2022-10,159,2457,2.0767433643341064,8.213403701782227,0.12028884887695312,13,3.097658634185791,0.5447392463684082,-5.1157450675964355,0.4244503974914551,46,0.19658119658119658,3.098021984100342,46,2.698843240737915,2.698843240737915,0.39917874336242676
M-2022-10,160,2407,3.008096218109131,7.820971965789795,-0.41461610794067383,105,3.759718418121338,0.5280170440673828,-4.061253547668457,0.9426331520080566,115,0.03199002908184462,5.2195210456848145,115,4.0284342765808105,4.0284342765808105,1.191086769104004
M-2022-10,161,929,2.9613113403320312,6.165780067443848,0.8847827911376953,45,5.229497909545898,-1.0463261604309082,-0.9362821578979492,-1.9311089515686035,149,0.062432723358449946,6.039358615875244,60,6.951635360717773,8.101014137268066,-2.0616555213928223
M-2022-10,162,255,1.8087618350982666,7.688816547393799,-0.05985832214355469,105,3.1672909259796143,-0.634890079498291,-4.521525621414185,-0.5750317573547363,115,0.054901960784313725,3.849421262741089,28,6.388343811035156,4.221688270568848,-0.3722670078277588
M-2022-10,163,2116,4.81833028793335,7.685380935668945,-0.11835861206054688,26,3.584845542907715,0.017032861709594727,-4.1005353927612305,0.1353914737701416,46,0.33648393194706994,3.750340461730957,46,4.815720081329346,4.815720081329346,-1.0653796195983887
M-2022-10,164,2237,4.053213119506836,6.188101768493652,-0.7101473808288574,113,6.105337142944336,0.9836773872375488,-0.0827646255493164,1.6938247680664062,117,0.11399195350916407,6.39525842666626,117,5.121659755706787,5.121659755706787,1.2735986709594727
M-2022-10,165,6592,0.9413723349571228,3.833026885986328,-0.43222475051879883,53,6.307341575622559,0.3959956169128418,2.4743146896362305,0.8282203674316406,149,0.0018203883495145632,10.150567054748535,56,8.180116653442383,9.52495288848877,0.6256141662597656
M-2022-10,166,3035,3.9056684970855713,7.509914398193359,0.3624868392944336,16,4.352868556976318,0.35878634452819824,-3.157045841217041,-0.0037004947662353516,18,0.17298187808896212,6.35138463973999,25,4.390172958374023,7.610909461975098,-1.2595248222351074
M-2022-10,167,125,4.091579914093018,5.857036590576172,0.3043837547302246,90,6.157309532165527,0.15134143829345703,0.30027294158935547,-0.15304231643676758,14,0.32,7.090296268463135,14,6.508113861083984,6.508113861083984,0.5821824073791504
M-2022-10,168,4172,0.8619812726974487,6.351419925689697,-0.08377218246459961,110,3.0269458293914795,0.22280192375183105,-3.3244740962982178,0.30657410621643066,110,0.07502396931927133,3.0269458293914795,110,2.8041439056396484,2.8041439056396484,0.22280192375183105
M-2022-10,169,2044,5.385031223297119,4.468355178833008,-1.42966890335083,14,5.742117404937744,0.13152027130126953,1.2737622261047363,1.5611891746520996,138,0.018101761252446183,6.69148063659668,146,5.774598121643066,6.869389057159424,-0.17790842056274414
M-2022-10,170,3079,2.5376603603363037,8.00071907043457,0.4072909355163574,117,4.7391767501831055,-0.37354516983032227,-3.261542320251465,-0.7808361053466797,25,0.05651185449821371,6.748449325561523,117,5.362724781036377,7.4667792320251465,-0.718329906463623
M-2022-10,171,7488,1.3178515434265137,7.655832767486572,-0.06223773956298828,60,2.742924690246582,-0.32096362113952637,-4.91290807723999,-0.2587258815765381,60,0.11057692307692307,2.742924690246582,60,3.0638883113861084,3.0638883113861084,-0.32096362113952637
M-2022-10,172,8866,8.086221694946289,5.775810718536377,-2.9548020362854004,19,6.57111930847168,2.5789787769317627,0.7953085899353027,5.533780813217163,117,0.20279720279720279,7.738803863525391,117,3.992140531539917,3.992140531539917,3.7466633319854736
M-2022-10,173,1393,4.166478157043457,4.707324981689453,-0.2064051628112793,2,4.977637767791748,-0.7459354400634766,0.2703127861022949,-0.5395302772521973,2,0.19382627422828427,4.977637767791748,95,6.341655731201172,5.723573207855225,-0.7459354400634766
M-2022-10,174,2702,7.4681243896484375,6.881371021270752,2.7469749450683594,2,4.605928897857666,-1.9547443389892578,-2.275442123413086,-4.701719284057617,2,0.45965951147298295,4.605928897857666,117,7.824143409729004,7.832732200622559,-3.2268033027648926
M-2022-10,175,36003,1.4243204593658447,8.573935508728027,-0.22278499603271484,71,3.126539707183838,0.26361513137817383,-5.4473958015441895,0.48640012741088867,71,0.21287114962642,3.126539707183838,71,3.542565107345581,3.542565107345581,-0.41602540016174316
M-2022-10,176,3404,1.0808846950531006,7.386023998260498,0.23711061477661133,111,3.3133504390716553,-0.0584406852722168,-4.072673559188843,-0.2955513000488281,158,0.035840188014101056,5.856503009796143,140,7.1723785400390625,6.204994201660156,-0.34849119186401367
M-2022-10,177,1613,4.345162868499756,4.577513694763184,-0.7548041343688965,47,4.633545875549316,0.02654409408569336,0.05603218078613281,0.7813482284545898,14,0.17420954742715436,7.65628719329834,6,6.82020378112793,6.270684242248535,1.3856029510498047
M-2022-12,0,950,1.1674609184265137,6.701994895935059,0.06098318099975586,111,4.563309669494629,-0.5143179893493652,-2.1386852264404297,-0.5753011703491211,82,0.035789473684210524,6.400370121002197,25,5.533766746520996,6.319215297698975,0.08115482330322266
M-2022-12,1,3117,2.1619367599487305,7.198432922363281,0.32865238189697266,147,4.653386116027832,-1.2794156074523926,-2.545046806335449,-1.6080679893493652,2,0.027590632017965994,5.733729362487793,153,6.644218444824219,5.935158729553223,-0.2014293670654297
M-2022-12,2,3678,1.7521858215332031,7.9700026512146,-0.2398848533630371,19,3.496438980102539,-0.32859015464782715,-4.4735636711120605,-0.08870530128479004,156,0.04703643284393692,5.8212785720825195,117,6.733699321746826,4.384461402893066,1.4368171691894531
M-2022-12,3,743,0.5947887897491455,4.253807067871094,-0.242095947265625,94,4.991557598114014,0.23717451095581055,0.7377505302429199,0.47927045822143555,94,0.005383580080753701,4.991557598114014,2,11.015581130981445,4.754383087158203,0.23717451095581055
M-2022-12,4,869,0.8928821086883545,4.358764171600342,-0.13283777236938477,27,5.900582313537598,0.9787697792053223,1.5418181419372559,1.111607551574707,107,0.009205983889528193,7.843165397644043,28,9.583311080932617,7.961100101470947,-0.1179347038269043
M-2022-12,5,1080,2.578494071960449,5.858945369720459,0.18331050872802734,7,2.093745708465576,-0.694861888885498,-3.765199661254883,-0.8781723976135254,14,0.0962962962962963,7.752939224243164,6,3.7021961212158203,6.797241687774658,0.9556975364685059
M-2022-12,6,1684,2.614276647567749,3.9636266231536865,0.5649349689483643,5,3.417119264602661,-0.2850768566131592,-0.5465073585510254,-0.8500118255615234,5,0.5593824228028503,3.417119264602661,5,3.7021961212158203,3.7021961212158203,-0.2850768566131592
M-2022-12,7,33,3.659545421600342,5.292604923248291,0.1644425392150879,5,2.093745708465576,-0.694861888885498,-3.198859214782715,-0.8593044281005859,5,0.48484848484848486,2.093745708465576,14,7.21755838394165,2.788607597351074,-0.694861888885498
M-2022-12,8,1142,2.237366199493408,6.553721904754639,-0.6099681854248047,11,5.226711750030518,0.4875020980834961,-1.327010154724121,1.0974702835083008,172,0.03239929947460595,6.3923540115356445,28,5.956322193145752,7.491925239562988,-1.0995712280273438
M-2022-12,9,910,4.878809928894043,7.502631187438965,-0.33304262161254883,122,5.536832809448242,2.3848533630371094,-1.9657983779907227,2.717895984649658,89,0.13736263736263737,6.417444705963135,25,3.151979446411133,6.682204723358154,-0.26476001739501953
M-2022-12,10,1004,5.635217189788818,5.916580677032471,-0.7425689697265625,12,4.28153657913208,0.5243411064147949,-1.6350440979003906,1.2669100761413574,156,0.3645418326693227,7.79521369934082,12,3.757195472717285,6.469762802124023,1.3254508972167969
M-2022-12,11,1749,4.364834308624268,7.9007368087768555,0.09025812149047852,148,4.222001075744629,-0.19695091247558594,-3.6787357330322266,-0.28720903396606445,153,0.2550028587764437,5.033721923828125,133,5.085204124450684,5.5455641746521,-0.5118422508239746
M-2022-12,12,263,6.996871471405029,6.540058612823486,-1.4822163581848145,10,4.28153657913208,0.5243411064147949,-2.2585220336914062,2.0065574645996094,156,0.20912547528517111,8.246851921081543,10,3.757195472717285,6.63358211517334,1.6132698059082031
M-2022-12,13,1090,2.6047873497009277,8.07794189453125,0.20215988159179688,159,2.5382556915283203,-0.0146636962890625,-5.53968620300293,-0.21682357788085938,46,0.1651376146788991,3.913867712020874,46,3.511965274810791,3.511965274810791,0.401902437210083
M-2022-12,14,5821,2.5701234340667725,9.210646629333496,0.4333639144897461,16,3.312509536743164,-0.21233510971069336,-5.898137092590332,-0.6456990242004395,129,0.20666552138807764,4.119716644287109,129,3.9953043460845947,3.9953043460845947,0.12441229820251465
M-2022-12,15,715,1.5846664905548096,6.455376625061035,-0.8725361824035645,69,4.448661804199219,-0.11854076385498047,-2.0067148208618164,0.753995418548584,153,0.027972027972027972,6.784992694854736,151,5.2011799812316895,6.715865135192871,0.06912755966186523
M-2022-12,16,1186,3.3000733852386475,8.426225662231445,-0.11937904357910156,14,3.312509536743164,0.2716970443725586,-5.113716125488281,0.39107608795166016,61,0.1281618887015177,5.067486763000488,93,7.065092086791992,7.185797691345215,-2.1183109283447266
M-2022-12,17,8301,2.8503613471984863,5.0006327629089355,-2.6005587577819824,140,5.875216484069824,1.5202841758728027,0.8745837211608887,4.120842933654785,153,0.014937959282014215,6.700991630554199,156,5.024440288543701,4.9017229080200195,1.7992687225341797
M-2022-12,18,25658,1.5574562549591064,7.108036994934082,-0.3699936866760254,154,4.875081539154053,-0.32199954986572266,-2.2329554557800293,0.047994136810302734,19,0.04626237430820797,5.516868591308594,153,6.4388017654418945,5.555657386779785,-0.038788795471191406
M-2022-12,19,22936,3.375657320022583,7.686628818511963,0.45319604873657227,20,3.0678038597106934,-1.033031940460205,-4.6188249588012695,-1.4862279891967773,142,0.16964597139867457,5.666779518127441,18,5.555657386779785,8.187790870666504,-2.5210113525390625
M-2022-12,20,1125,1.5195420980453491,6.959762096405029,0.15935754776000977,19,3.0678038597106934,-1.3514924049377441,-3.891958236694336,-1.510849952697754,19,0.08533333333333333,3.0678038597106934,19,4.820204257965088,4.820204257965088,-1.7524003982543945
M-2022-12,21,2095,2.0144519805908203,6.57781457901001,1.002542495727539,20,3.9192121028900146,-0.5000841617584229,-2.658602476119995,-1.502626657485962,117,0.04295942720763723,7.993616104125977,153,7.984899520874023,9.762002944946289,-1.7683868408203125
M-2022-12,22,743,3.990752935409546,6.642694473266602,0.5430612564086914,83,5.545407295227051,0.09482574462890625,-1.0972871780395508,-0.44823551177978516,19,0.05383580080753701,7.511579990386963,153,7.523407459259033,9.186062812805176,-1.674482822418213
M-2022-12,23,5114,3.905813694000244,7.22390604019165,0.9388666152954102,19,5.237638473510742,1.1368026733398438,-1.9862675666809082,0.1979360580444336,19,0.018576456785295268,5.237638473510742,19,4.100835800170898,4.100835800170898,1.1368026733398438
M-2022-12,24,4154,4.229769229888916,6.088636875152588,0.28582000732421875,20,4.644039154052734,-0.5023102760314941,-1.4445977210998535,-0.7881302833557129,153,0.1692344727973038,6.226715087890625,153,6.4211506843566895,6.4211506843566895,-0.19443559646606445
M-2022-12,25,34385,1.0438014268875122,8.078625679016113,0.18149042129516602,111,4.381202697753906,1.2292232513427734,-3.697422981262207,1.0477328300476074,71,0.018816344336193107,7.634777069091797,156,5.544147491455078,8.468270301818848,-0.8334932327270508
M-2022-12,26,807,5.9293389320373535,8.117470741271973,1.4808111190795898,13,3.044445514678955,-0.9921412467956543,-5.073025226593018,-2.472952365875244,13,0.21561338289962825,3.044445514678955,13,5.323270320892334,5.323270320892334,-2.278824806213379
M-2022-12,27,7371,3.356611728668213,3.3973124027252197,-1.440911054611206,4,5.900582313537598,0.9787697792053223,2.503269910812378,2.4196808338165283,4,0.050332383665717,5.900582313537598,83,6.565752983093262,4.921812534332275,0.9787697792053223
M-2022-12,28,5815,3.985994338989258,8.480910301208496,0.9805941581726074,66,4.291224002838135,-0.6192498207092285,-4.189686298370361,-1.599843978881836,49,0.1826311263972485,6.115840435028076,25,7.334218978881836,8.001187324523926,-1.8853468894958496
M-2022-12,29,30274,4.47857666015625,8.295207023620605,0.4084954261779785,149,3.6411235332489014,-0.07107734680175781,-4.654083490371704,-0.47957277297973633,149,0.0670212063156504,3.6411235332489014,149,6.495394229888916,6.495394229888916,-2.8542706966400146
M-2022-12,30,645,6.279280662536621,3.9583330154418945,-3.608780860900879,58,6.408874034881592,2.4506046772003174,2.4505410194396973,6.059385538101196,46,0.05116279069767442,8.774741172790527,149,6.769852638244629,8.10582160949707,0.668919563293457
M-2022-12,31,952,1.7193020582199097,4.28279447555542,-1.5178232192993164,158,6.714635372161865,1.3730964660644531,2.4318408966064453,2.8909196853637695,142,0.007352941176470588,6.932922840118408,142,6.792895793914795,6.792895793914795,0.14002704620361328
M-2022-12,32,998,3.6559863090515137,8.30306625366211,-0.5670690536499023,139,3.1513140201568604,-0.6202383041381836,-5.151752233505249,-0.05316925048828125,153,0.16733466933867736,4.297912120819092,153,4.397705078125,4.397705078125,-0.0997929573059082
M-2022-12,33,630,9.85733699798584,4.427902698516846,-3.0034685134887695,9,7.52073860168457,3.95292592048645,3.0928359031677246,6.95639443397522,25,0.2650793650793651,8.332318305969238,166,4.495631217956543,5.156910419464111,3.175407886505127
M-2022-12,34,1240,5.097572326660156,4.78338623046875,0.36009931564331055,125,6.4926981925964355,0.373898983001709,1.7093119621276855,0.013799667358398438,125,0.16451612903225807,6.4926981925964355,110,8.266630172729492,6.947178840637207,-0.4544806480407715
M-2022-12,35,930,2.0618133544921875,5.978610992431641,0.2628293037414551,41,5.315733432769775,0.8509140014648438,-0.6628775596618652,0.5880846977233887,117,0.10967741935483871,8.824626922607422,41,4.464819431304932,10.056987762451172,-1.23236083984375
M-2022-12,36,216,5.473573684692383,7.030732154846191,1.6330647468566895,105,3.956772565841675,-2.2304017543792725,-3.0739595890045166,-3.863466501235962,104,0.17592592592592593,7.6522064208984375,166,6.325815200805664,7.645126819610596,0.007079601287841797
M-2022-12,37,866,2.034191608428955,3.8032186031341553,-1.1355278491973877,36,5.829025745391846,-0.08655214309692383,2.0258071422576904,1.0489757061004639,160,0.09237875288683603,7.53104305267334,36,7.343564510345459,6.9998087882995605,0.5312342643737793
M-2022-12,38,193,7.998084545135498,5.112509727478027,-1.7572665214538574,39,6.11858606338501,0.6797027587890625,1.0060763359069824,2.43696928024292,45,0.46113989637305697,7.429402828216553,68,5.455014705657959,8.518411636352539,-1.0890088081359863
M-2022-12,39,4483,1.5998196601867676,7.045645713806152,-0.5632548332214355,32,6.001661777496338,1.3533802032470703,-1.0439839363098145,1.9166350364685059,61,0.01182244033013607,7.057742595672607,125,5.436428070068359,5.9129958152771,1.1447467803955078
M-2022-12,40,737,3.279059886932373,7.423022270202637,0.8719420433044434,71,4.721688270568848,-0.7111830711364746,-2.701333999633789,-1.583125114440918,71,0.4355495251017639,4.721688270568848,75,7.801549434661865,5.840755939483643,-1.119067668914795
M-2022-12,41,1636,2.143455743789673,7.027360916137695,0.465090274810791,105,5.226573467254639,0.761754035949707,-1.8007874488830566,0.296663761138916,43,0.055623471882640586,6.530256271362305,153,5.502448558807373,4.517297744750977,2.012958526611328
M-2022-12,42,1444,3.8592164516448975,6.975529670715332,0.10684347152709961,115,4.417988300323486,1.1713151931762695,-2.5575413703918457,1.06447172164917,160,0.5173130193905817,5.070577621459961,115,4.2113237380981445,3.246673107147217,1.8239045143127441
M-2022-12,43,1992,3.1011080741882324,8.13218879699707,0.6082558631896973,143,4.269874095916748,0.04526853561401367,-3.8623147010803223,-0.5629873275756836,153,0.0391566265060241,4.88715934753418,153,4.698450565338135,4.698450565338135,0.18870878219604492
M-2022-12,44,1181,0.4587485194206238,3.382012367248535,0.0916903018951416,104,5.863588333129883,-0.906853199005127,2.4815759658813477,-0.9985435009002686,63,0.029635901778154106,9.576611518859863,93,9.03125,9.613250732421875,-0.03663921356201172
M-2022-12,45,1463,7.114814281463623,7.235313415527344,2.431361675262451,161,4.712860584259033,-1.5240373611450195,-2.5224528312683105,-3.9553990364074707,117,0.03144224196855776,5.166187763214111,105,7.207004070281982,7.964766502380371,-2.7985787391662598
M-2022-12,46,7420,2.7567548751831055,7.967798709869385,0.1461811065673828,159,3.5339624881744385,0.8351192474365234,-4.433836221694946,0.6889381408691406,67,0.07803234501347708,5.449902057647705,13,3.511965274810791,4.160336494445801,1.2895655632019043
M-2022-12,47,618,6.998319625854492,4.358761310577393,0.35631322860717773,7,5.230363368988037,-0.5436229705810547,0.8716020584106445,-0.8999361991882324,5,0.45145631067961167,5.243156909942627,48,5.773986339569092,7.55757474899292,-2.314417839050293
M-2022-12,48,3361,8.801102638244629,4.427751064300537,-0.9321599006652832,47,5.894204616546631,0.6187105178833008,1.4664535522460938,1.550870418548584,14,0.389764950907468,9.957009315490723,47,5.773986339569092,7.927873611450195,2.0291357040405273
M-2022-12,49,31563,1.66661536693573,8.483010292053223,0.19979095458984375,139,4.877832412719727,-0.623990535736084,-3.605177879333496,-0.8237814903259277,78,0.060894084846180654,7.670398712158203,75,7.755835056304932,8.061535835266113,-0.39113712310791016
M-2022-12,50,1528,4.661038875579834,8.87501049041748,1.0115795135498047,124,3.7567648887634277,0.018811941146850586,-5.118245601654053,-0.9927675724029541,124,0.11780104712041885,3.7567648887634277,25,5.309215068817139,5.281807899475098,-1.52504301071167
M-2022-12,51,11645,0.8139646649360657,7.844275951385498,-0.21335840225219727,152,4.930798530578613,0.3333582878112793,-2.9134774208068848,0.5467166900634766,156,0.00506655216831258,6.817592144012451,156,5.915379047393799,5.915379047393799,0.9022130966186523
M-2022-12,52,1274,2.0779426097869873,7.3979620933532715,0.2561979293823242,19,4.184586524963379,-0.29817724227905273,-3.2133755683898926,-0.554375171661377,139,0.061224489795918366,5.637288570404053,153,5.602747440338135,5.005894184112549,0.6313943862915039
M-2022-12,53,5505,2.1234261989593506,6.321565628051758,0.7880740165710449,51,5.418549060821533,-0.3334922790527344,-0.9030165672302246,-1.1215662956237793,14,0.056857402361489555,7.121340274810791,117,7.3676018714904785,6.918376922607422,0.20296335220336914
M-2022-12,54,5063,4.8820905685424805,5.460124492645264,-0.847449779510498,29,4.305535316467285,0.593334436416626,-1.1545891761779785,1.440784215927124,149,0.6336164329448943,5.210707664489746,29,3.712200880050659,7.468501091003418,-2.257793426513672
M-2022-12,55,4063,4.370075225830078,1.9825724363327026,-0.5150731801986694,165,6.950346946716309,0.49382543563842773,4.967774510383606,1.0088986158370972,51,0.465173517105587,7.996035575866699,165,6.456521511077881,8.534456253051758,-0.5384206771850586
M-2022-12,56,12137,6.96217679977417,5.116946220397949,0.596522331237793,164,6.361450672149658,-0.9150896072387695,1.244504451751709,-1.5116119384765625,96,0.25236878965147896,8.233799934387207,87,11.77489185333252,10.53589916229248,-2.3020992279052734
M-2022-12,57,2331,3.6199328899383545,4.801755905151367,0.6785697937011719,84,6.416787147521973,-0.705843448638916,1.6150312423706055,-1.384413242340088,133,0.012441012441012441,8.565316200256348,14,8.034412384033203,9.267034530639648,-0.7017183303833008
M-2022-12,58,15,8.872556686401367,3.940781593322754,0.47886180877685547,30,6.408874034881592,0.15705251693725586,2.468092441558838,-0.3218092918395996,51,0.7333333333333333,7.809664726257324,96,9.609481811523438,7.989777088165283,-0.18011236190795898
M-2022-12,59,6030,4.287503242492676,3.069002628326416,-2.215998649597168,152,8.25348949432373,1.7172842025756836,5.1844868659973145,3.9332828521728516,118,0.0038142620232172473,8.313923835754395,172,6.536205291748047,6.879592418670654,1.4343314170837402
M-2022-12,60,24845,1.4441732168197632,7.672529697418213,-0.01690196990966797,171,2.721431016921997,-0.34245729446411133,-4.951098680496216,-0.32555532455444336,61,0.07003421211511371,5.169524192810059,61,5.104747295379639,5.104747295379639,0.06477689743041992
M-2022-12,61,10494,1.430953025817871,7.9406657218933105,-0.07138872146606445,86,3.572824239730835,0.4769432544708252,-4.367841482162476,0.5483319759368896,86,0.05326853440060987,3.572824239730835,86,3.0958809852600098,3.0958809852600098,0.4769432544708252
M-2022-12,62,11221,0.9746053814888,6.940252304077148,-0.11812210083007812,86,5.619395732879639,-0.5707178115844727,-1.3208565711975098,-0.45259571075439453,86,0.013813385616255235,5.619395732879639,86,6.243754863739014,6.243754863739014,-0.624359130859375
M-2022-12,63,5492,0.9545135498046875,7.910068035125732,-0.07044267654418945,60,3.185610294342041,-0.24487042427062988,-4.724457740783691,-0.17442774772644043,60,0.12163146394756008,3.185610294342041,60,3.430480718612671,3.430480718612671,-0.24487042427062988
M-2022-12,64,1215,1.7868014574050903,6.620139122009277,-0.3320732116699219,168,3.317769765853882,-0.013931512832641602,-3.3023693561553955,0.3181416988372803,168,0.060082304526748974,3.317769765853882,168,3.3317012786865234,3.3317012786865234,-0.013931512832641602
M-2022-12,65,2112,0.8182294368743896,4.495056629180908,0.20843935012817383,106,4.048095703125,-0.6115779876708984,-0.4469609260559082,-0.8200173377990723,107,0.013731060606060606,5.034384727478027,107,5.227299690246582,5.227299690246582,-0.1929149627685547
M-2022-12,66,1955,8.156315803527832,7.601340293884277,0.8149924278259277,28,4.291224002838135,-0.8420209884643555,-3.3101162910461426,-1.6570134162902832,71,0.13861892583120206,6.452206134796143,133,6.423084259033203,9.908470153808594,-3.456264019012451
M-2022-12,67,1191,3.1257524490356445,7.132044792175293,-0.646021842956543,159,3.3880178928375244,0.5371341705322266,-3.7440268993377686,1.1831560134887695,46,0.26700251889168763,5.449902057647705,46,4.160336494445801,4.160336494445801,1.2895655632019043
M-2022-12,68,2499,3.048633337020874,7.660847187042236,0.29010009765625,117,4.965216636657715,1.2272636890411377,-2.6956305503845215,0.9371635913848877,117,0.010404161664665866,4.965216636657715,153,5.167975425720215,6.348978519439697,-1.3837618827819824
M-2022-12,69,1866,6.443212985992432,6.089746475219727,-0.8204994201660156,15,4.448661804199219,0.1535787582397461,-1.6410846710205078,0.9740781784057617,105,0.3767416934619507,6.146244049072266,104,4.692135810852051,4.295083045959473,1.851161003112793
M-2022-12,70,908,3.1232659816741943,7.74099588394165,0.0361175537109375,82,3.357374906539917,-0.2913384437561035,-4.383620977401733,-0.327455997467041,71,0.23788546255506607,3.9226865768432617,82,3.6487133502960205,4.667101860046387,-0.744415283203125
M-2022-12,71,39434,1.3187251091003418,8.914222717285156,0.04944610595703125,82,2.8845620155334473,-0.3489699363708496,-6.029660701751709,-0.39841604232788086,175,0.061013338743216516,2.9939260482788086,82,3.233531951904297,3.542565107345581,-0.5486390590667725
M-2022-12,72,5765,1.450271487236023,8.28528118133545,-0.08538532257080078,71,3.32192063331604,-0.3521089553833008,-4.963360548019409,-0.2667236328125,71,0.20641803989592367,3.32192063331604,71,3.974828004837036,3.974828004837036,-0.6529073715209961
M-2022-12,73,8821,2.109118938446045,5.531557559967041,-0.044835567474365234,75,5.067008018493652,0.4728541374206543,-0.46454954147338867,0.5176897048950195,82,0.06382496315610475,5.478684902191162,82,5.259551525115967,5.259551525115967,0.2191333770751953
M-2022-12,74,2294,1.374314785003662,8.358333587646484,-0.3348207473754883,80,3.1033506393432617,-0.6336712837219238,-5.254982948303223,-0.29885053634643555,175,0.2244986922406277,3.455432891845703,77,4.056864261627197,3.7370219230651855,-0.2815890312194824
M-2022-12,75,6807,2.4823646545410156,7.306070327758789,-0.13091754913330078,82,3.371706247329712,-0.062058210372924805,-3.934364080429077,0.06885933876037598,71,0.46657852210959305,4.217684745788574,71,4.6311211585998535,4.6311211585998535,-0.4134364128112793
M-2022-12,76,2683,3.339869499206543,6.315799236297607,-1.6733660697937012,79,4.099091529846191,0.19427180290222168,-2.216707706451416,1.8676378726959229,175,0.03615355944837868,4.514052391052246,175,3.9048197269439697,3.9048197269439697,0.6092326641082764
M-2022-12,77,17960,2.7730159759521484,9.111205101013184,-0.3596677780151367,80,3.475322723388672,0.6123981475830078,-5.635882377624512,0.9720659255981445,71,0.08797327394209355,3.5918972492218018,175,2.862924575805664,3.7552263736724854,-0.1633291244506836
M-2022-12,78,10246,1.6547563076019287,7.189956188201904,0.1017918586730957,71,4.739310264587402,-0.5148520469665527,-2.450645923614502,-0.6166439056396484,71,0.1814366582080812,4.739310264587402,71,5.254162311553955,5.254162311553955,-0.5148520469665527
M-2022-12,79,7528,1.476937174797058,8.14395809173584,0.015506744384765625,175,3.0682222843170166,0.005524635314941406,-5.075735807418823,-0.009982109069824219,175,0.2218384697130712,3.0682222843170166,77,3.584693193435669,3.062697649002075,0.005524635314941406
M-2022-12,80,1055,2.8922107219696045,8.257177352905273,0.7978372573852539,74,3.1033506393432617,-0.9164490699768066,-5.153826713562012,-1.7142863273620605,175,0.43886255924170614,3.146195411682129,175,4.019799709320068,4.019799709320068,-0.8736042976379395
M-2022-12,81,2122,1.005632996559143,5.606786727905273,0.5512466430664062,40,5.422368049621582,-0.6882791519165039,-0.1844186782836914,-1.2395257949829102,71,0.046182846371347785,6.596088409423828,71,7.446446418762207,7.446446418762207,-0.8503580093383789
M-2022-12,82,27579,0.8763694167137146,8.600417137145996,-0.028021812438964844,71,2.8845620155334473,-0.3489699363708496,-5.715855121612549,-0.32094812393188477,71,0.08930708147503535,2.8845620155334473,71,3.233531951904297,3.233531951904297,-0.3489699363708496
M-2022-12,83,19531,1.4669946432113647,7.2310357093811035,-0.3624138832092285,94,4.698719024658203,-0.2297067642211914,-2.5323166847229004,0.1327071189880371,155,0.029235574215349957,6.117213726043701,155,6.851985454559326,6.851985454559326,-0.734771728515625
M-2022-12,84,1057,2.360825300216675,5.5061259269714355,0.5214309692382812,142,6.120491027832031,-0.36758995056152344,0.6143651008605957,-0.8890209197998047,51,0.015137180700094607,7.521552085876465,153,6.771669864654541,7.34672737121582,0.17482471466064453
M-2022-12,85,350,6.044120788574219,6.789987564086914,-0.7736196517944336,130,5.224740505218506,-2.1551332473754883,-1.5652470588684082,-1.3815135955810547,87,0.08285714285714285,8.98612117767334,25,9.814266204833984,9.518473625183105,-0.5323524475097656
M-2022-12,86,20232,1.3458291292190552,8.343907356262207,0.12762928009033203,61,3.572824239730835,0.4769432544708252,-4.771083116531372,0.34931397438049316,61,0.10844207196520364,3.572824239730835,61,3.0958809852600098,3.0958809852600098,0.4769432544708252
M-2022-12,87,5056,1.391008734703064,6.850310802459717,0.6856722831726074,66,6.468664646148682,0.10440492630004883,-0.38164615631103516,-0.5812673568725586,142,0.012064873417721519,7.288784980773926,142,7.103288173675537,7.103288173675537,0.18549680709838867
M-2022-12,88,83,3.132520914077759,7.304615497589111,-0.5307188034057617,29,3.9048571586608887,-0.5077047348022461,-3.3997583389282227,0.023014068603515625,63,0.08433734939759036,4.660968780517578,63,4.646664142608643,4.646664142608643,0.014304637908935547
M-2022-12,89,377,4.704268932342529,6.605775833129883,-0.7297968864440918,112,5.611315727233887,0.47064638137817383,-0.9944601058959961,1.2004432678222656,61,0.04509283819628647,8.643482208251953,155,6.414841175079346,7.826695442199707,0.8167867660522461
M-2022-12,90,4080,0.5389745235443115,5.935744285583496,-0.27754926681518555,118,6.172791957855225,0.6319260597229004,0.23704767227172852,0.9094753265380859,82,0.007352941176470588,7.062479019165039,71,8.130857467651367,6.9772515296936035,0.08522748947143555
M-2022-12,91,2334,0.24573996663093567,5.570250034332275,-0.018600940704345703,92,5.162840843200684,0.1588587760925293,-0.4074091911315918,0.177459716796875,83,0.027849185946872322,6.890538215637207,83,7.443275451660156,7.443275451660156,-0.5527372360229492
M-2022-12,92,896,1.5469363927841187,4.3871750831604,1.7328555583953857,107,4.161487579345703,-0.42824745178222656,-0.22568750381469727,-2.1611030101776123,65,0.08147321428571429,4.371082782745361,140,9.392237663269043,5.01787805557251,-0.6467952728271484
M-2022-12,93,18804,2.103972911834717,7.36366605758667,-0.5241913795471191,136,4.456650733947754,0.10962772369384766,-2.907015323638916,0.6338191032409668,136,0.06206126356094448,4.456650733947754,131,7.102643013000488,4.844748020172119,-0.38809728622436523
M-2022-12,94,760,2.6900906562805176,5.568332195281982,-1.3439579010009766,152,4.348388195037842,-0.040091514587402344,-1.2199440002441406,1.3038663864135742,172,0.11842105263157894,10.841202735900879,117,5.466680526733398,4.388479709625244,6.452723026275635
M-2022-12,95,3282,4.909492015838623,6.226354598999023,0.5936102867126465,174,6.49534273147583,0.1536870002746582,0.26898813247680664,-0.4399232864379883,25,0.006398537477148081,7.45338249206543,28,7.385371208190918,7.813610076904297,-0.3602275848388672
M-2022-12,96,44573,3.150570869445801,8.022616386413574,0.6540651321411133,97,3.923689365386963,-0.8989048004150391,-4.098927021026611,-1.5529699325561523,117,0.16243017073116012,5.242986679077148,117,4.861117362976074,4.861117362976074,0.3818693161010742
M-2022-12,97,18214,3.7413341999053955,6.40818452835083,0.9648075103759766,96,3.923689365386963,-0.8989048004150391,-2.484495162963867,-1.8637123107910156,96,0.057977380037333916,3.923689365386963,96,4.822594165802002,4.822594165802002,-0.8989048004150391
M-2022-12,98,48912,1.6326847076416016,4.602831840515137,-0.8658099174499512,97,7.966390609741211,0.6906929016113281,3.363558769226074,1.5565028190612793,117,0.0015947006869479882,9.441352844238281,117,7.594439506530762,7.594439506530762,1.8469133377075195
M-2022-12,99,18452,3.464574098587036,4.4997735023498535,-3.0114355087280273,117,8.073941230773926,3.099064826965332,3.5741677284240723,6.110500335693359,149,0.021298504227184045,8.393975257873535,96,6.7261962890625,7.5923752784729,0.8015999794006348
M-2022-12,100,17278,3.4535152912139893,6.580002784729004,-0.08076047897338867,96,5.800061225891113,0.2197895050048828,-0.7799415588378906,0.3005499839782715,133,0.21790716518115522,10.42682933807373,97,8.190964698791504,10.696637153625488,-0.2698078155517578
M-2022-12,101,42403,5.008049011230469,4.606936454772949,-0.34013795852661133,102,5.866397380828857,-1.662083625793457,1.2594609260559082,-1.3219456672668457,117,0.1697285569417258,8.715703010559082,96,9.963253021240234,9.017828941345215,-0.3021259307861328
M-2022-12,102,35717,1.2020421028137207,7.080564498901367,-0.3510580062866211,101,5.866397380828857,-0.6636953353881836,-1.2141671180725098,-0.3126373291015625,117,0.025926029621748746,6.830356597900391,117,6.848796367645264,6.848796367645264,-0.018439769744873047
M-2022-12,103,1446,3.899327278137207,4.883780002593994,-0.2978072166442871,174,6.3628926277160645,0.12395906448364258,1.4791126251220703,0.4217662811279297,102,0.4972337482710927,9.562767028808594,117,7.644495010375977,8.925333976745605,0.6374330520629883
M-2022-12,104,1744,6.597011089324951,5.286750793457031,-1.1126399040222168,2,4.786337852478027,0.9841568470001221,-0.5004129409790039,2.096796751022339,2,0.2121559633027523,4.786337852478027,115,4.7367634773254395,6.299696445465088,-1.5133585929870605
M-2022-12,105,3159,2.5771608352661133,8.32201099395752,0.5772123336791992,162,3.0252058506011963,-0.2064955234527588,-5.296805143356323,-0.783707857131958,110,0.06616017727128838,4.957341194152832,110,4.020936965942383,4.020936965942383,0.9364042282104492
M-2022-12,106,1622,0.9333130121231079,4.768072605133057,0.6362981796264648,65,4.048095703125,-0.6115779876708984,-0.7199769020080566,-1.2478761672973633,107,0.01972872996300863,4.92709493637085,107,5.6289143562316895,5.6289143562316895,-0.7018194198608398
M-2022-12,107,2555,1.0887891054153442,4.572173118591309,0.523470401763916,92,4.161487579345703,-0.42824745178222656,-0.41068553924560547,-0.9517178535461426,155,0.004305283757338552,7.206489086151123,92,4.58973503112793,7.848348140716553,-0.6418590545654297
M-2022-12,108,3529,1.5492178201675415,7.61796236038208,0.2214183807373047,140,4.829372406005859,0.11099004745483398,-2.7885899543762207,-0.1104283332824707,78,0.027769906489090394,8.441603660583496,142,4.79511022567749,8.685012817382812,-0.2434091567993164
M-2022-12,109,393,11.73366928100586,7.146060466766357,3.0624680519104004,66,5.518509864807129,0.8554701805114746,-1.6275506019592285,-2.206997871398926,71,0.24936386768447838,5.8000898361206055,107,6.8945512771606445,11.333112716674805,-5.533022880554199
M-2022-12,110,5670,1.6547683477401733,6.6236138343811035,0.19013547897338867,168,2.674431562423706,-0.12971234321594238,-3.9491822719573975,-0.31984782218933105,168,0.08659611992945326,2.674431562423706,168,2.8041439056396484,2.8041439056396484,-0.12971234321594238
M-2022-12,111,1136,2.6297569274902344,8.259099006652832,0.10233306884765625,176,3.402754545211792,0.030963420867919922,-4.85634446144104,-0.07136964797973633,16,0.10299295774647887,4.810292720794678,153,6.319734573364258,4.13150691986084,0.6787858009338379
M-2022-12,112,1083,4.639910697937012,7.394454479217529,0.5991420745849609,143,4.447372913360596,0.4742085933685303,-2.9470815658569336,-0.12493348121643066,61,0.24007386888273316,5.8369269371032715,46,3.9731643199920654,5.820638656616211,0.016288280487060547
M-2022-12,113,3574,0.6254773736000061,5.471497535705566,0.04730081558227539,164,6.1616058349609375,-0.03951120376586914,0.6901082992553711,-0.08681201934814453,97,0.006994963626189144,6.71885347366333,14,6.871761798858643,7.1957573890686035,-0.47690391540527344
M-2022-12,114,911,2.9801480770111084,5.876061916351318,0.34862661361694336,28,6.287288665771484,-0.46059417724609375,0.411226749420166,-0.8092207908630371,86,0.010976948408342482,8.783873558044434,117,8.838899612426758,9.774712562561035,-0.9908390045166016
M-2022-12,115,15934,1.980112075805664,7.77843713760376,0.4410743713378906,162,3.9509525299072266,-0.07748174667358398,-3.827484607696533,-0.5185561180114746,133,0.08089619681184888,5.528160095214844,133,6.111225605010986,6.111225605010986,-0.5830655097961426
M-2022-12,116,3278,2.5159785747528076,7.50981330871582,0.4439578056335449,105,4.884382247924805,0.07061004638671875,-2.6254310607910156,-0.37334775924682617,143,0.029591214154972543,5.890907287597656,117,7.171982765197754,5.008457660675049,0.8824496269226074
M-2022-12,117,58860,2.192896842956543,9.332059860229492,0.3791313171386719,149,3.7752320766448975,-0.10413408279418945,-5.556827783584595,-0.48326539993286133,122,0.03350322799864084,5.191900730133057,122,3.879366159439087,3.879366159439087,1.3125345706939697
M-2022-12,118,2577,3.5467188358306885,6.481889724731445,0.18782472610473633,124,6.051730155944824,-0.055294036865234375,-0.4301595687866211,-0.2431187629699707,25,0.37679472254559565,6.752245903015137,90,6.107024192810059,6.995048999786377,-0.24280309677124023
M-2022-12,119,1033,0.7808721661567688,6.28062105178833,0.22441959381103516,120,3.201779842376709,0.25741004943847656,-3.078841209411621,0.032990455627441406,120,0.06485963213939981,3.201779842376709,120,2.9443697929382324,2.9443697929382324,0.25741004943847656
M-2022-12,120,1133,0.742091178894043,5.984852313995361,0.3054847717285156,119,3.201779842376709,0.25741004943847656,-2.7830724716186523,-0.04807472229003906,119,0.06619593998234775,3.201779842376709,119,2.9443697929382324,2.9443697929382324,0.25741004943847656
M-2022-12,121,16,8.8904390335083,5.2104315757751465,0.4469442367553711,119,6.555828094482422,3.1711342334747314,1.3453965187072754,2.7241899967193604,14,0.4375,7.559671878814697,119,4.629248142242432,7.275092601776123,0.2845792770385742
M-2022-12,122,40149,2.5904128551483154,8.967432022094727,0.4568309783935547,149,5.1172661781311035,1.2379000186920166,-3.850165843963623,0.7810690402984619,117,0.10189543948790754,5.191900730133057,117,3.879366159439087,3.879366159439087,1.3125345706939697
M-2022-12,123,1458,2.60945987701416,6.521555423736572,0.43443775177001953,36,5.238400459289551,0.3259768486022949,-1.2831549644470215,-0.10846090316772461,105,0.23593964334705075,6.226864337921143,68,5.645855903625488,5.308623790740967,0.9182405471801758
M-2022-12,124,18817,0.8081910014152527,8.522364616394043,0.009669303894042969,50,3.7567648887634277,-0.913823127746582,-4.765599727630615,-0.923492431640625,117,0.01769676356486156,4.823794364929199,25,6.184355735778809,5.158725261688232,-0.3349308967590332
M-2022-12,125,2268,1.2030848264694214,8.227766036987305,0.020975112915039062,88,4.656773567199707,0.042333126068115234,-3.5709924697875977,0.021358013153076172,29,0.01146384479717813,4.909297466278076,29,5.674258232116699,5.674258232116699,-0.764960765838623
M-2022-12,126,2588,1.6397613286972046,6.907614707946777,-0.15598630905151367,60,4.465949058532715,0.1189260482788086,-2.4416656494140625,0.27491235733032227,60,0.02627511591962906,4.465949058532715,153,5.529016971588135,4.860769748687744,-0.3948206901550293
M-2022-12,127,4058,4.100793361663818,6.971851825714111,-0.7884440422058105,143,3.7163474559783936,-0.12670516967773438,-3.2555043697357178,0.6617388725280762,19,0.08255298176441597,5.468113899230957,117,6.884161949157715,6.236306190490723,-0.7681922912597656
M-2022-12,128,3721,1.5261989831924438,6.463607311248779,0.09580612182617188,153,5.743386745452881,0.24193191528320312,-0.7202205657958984,0.14612579345703125,157,0.010749798441279226,8.03384017944336,153,5.7649383544921875,8.065834999084473,-0.03199481964111328
M-2022-12,129,18631,3.194823980331421,8.490160942077637,0.8232331275939941,14,4.119716644287109,0.12441229820251465,-4.370444297790527,-0.6988208293914795,79,0.036605657237936774,6.753350734710693,153,6.605562686920166,8.688215255737305,-1.9348645210266113
M-2022-12,130,4618,1.4481476545333862,6.922728061676025,0.41772890090942383,85,5.224740505218506,-0.3874812126159668,-1.6979875564575195,-0.8052101135253906,83,0.014508445214378518,7.613335132598877,156,7.340351104736328,7.370086669921875,0.24324846267700195
M-2022-12,131,17194,0.9540988206863403,5.874452114105225,-0.10793256759643555,128,5.997988700866699,0.16645479202270508,0.12353658676147461,0.2743873596191406,93,0.029487030359427707,7.200503826141357,133,5.831533908843994,7.102643013000488,0.09786081314086914
M-2022-12,132,13419,1.6568379402160645,6.569795608520508,-0.049210548400878906,134,5.350388050079346,0.3912239074707031,-1.219407558441162,0.44043445587158203,131,0.036813473433191746,6.566888332366943,131,6.405720233917236,6.405720233917236,0.16116809844970703
M-2022-12,133,34000,1.8452218770980835,7.65530252456665,0.34900856018066406,148,3.7999086380004883,-0.10436892509460449,-3.855393886566162,-0.45337748527526855,153,0.005441176470588235,5.146520614624023,153,5.585061550140381,5.585061550140381,-0.4385409355163574
M-2022-12,134,5543,2.0518951416015625,6.428335189819336,-0.7716612815856934,132,5.350388050079346,0.3912239074707031,-1.0779471397399902,1.1628851890563965,93,0.0054122316435143425,6.469295024871826,93,6.005341529846191,6.005341529846191,0.46395349502563477
M-2022-12,135,1872,3.503248453140259,7.567409992218018,-0.547701358795166,136,4.356791019439697,1.024458885192871,-3.2106189727783203,1.572160243988037,156,0.11431623931623931,4.8250956535339355,136,3.332332134246826,4.370560646057129,0.45453500747680664
M-2022-12,136,12861,2.299358367919922,7.7936787605285645,-0.048897743225097656,135,4.356791019439697,1.024458885192871,-3.436887741088867,1.0733566284179688,93,0.0924500427649483,4.456650733947754,93,4.844748020172119,4.844748020172119,-0.38809728622436523
M-2022-12,137,1286,10.590460777282715,8.27501106262207,2.1037778854370117,62,7.515786647796631,2.403898239135742,-0.7592244148254395,0.30012035369873047,171,0.18351477449455678,8.576147079467773,117,6.165253162384033,8.499272346496582,0.0768747329711914
M-2022-12,138,12776,3.9903619289398193,8.56435489654541,0.40021610260009766,149,4.052583694458008,-0.25441741943359375,-4.511771202087402,-0.6546335220336914,149,0.2305103318722605,4.052583694458008,149,4.562226295471191,4.562226295471191,-0.5096426010131836
M-2022-12,139,973,5.217874526977539,8.327391624450684,0.7152242660522461,32,3.1513140201568604,-0.521021842956543,-5.176077604293823,-1.236246109008789,133,0.1510791366906475,4.816078186035156,156,3.6723358631134033,7.284291744232178,-2.4682135581970215
M-2022-12,140,21276,2.0003275871276855,8.249732971191406,0.062381744384765625,142,3.0230813026428223,-0.05670332908630371,-5.226651668548584,-0.11908507347106934,153,0.03586200413611581,4.650001525878906,142,3.079784631729126,5.506333827972412,-0.8563323020935059
M-2022-12,141,1226,2.9507923126220703,7.060422420501709,-0.4889039993286133,139,4.284450531005859,-0.5126433372497559,-2.7759718894958496,-0.023739337921142578,140,0.06688417618270799,7.087422847747803,154,4.892677307128906,7.605548858642578,-0.5181260108947754
M-2022-12,142,15948,1.7843512296676636,8.531473159790039,-0.38095664978027344,140,3.0230813026428223,-0.05670332908630371,-5.508391857147217,0.3242533206939697,140,0.1008903937797843,3.0230813026428223,140,3.079784631729126,3.079784631729126,-0.05670332908630371
M-2022-12,143,3052,3.4162518978118896,7.7978901863098145,-0.05285167694091797,127,3.7163474559783936,-0.12670516967773438,-4.081542730331421,-0.0738534927368164,153,0.08977719528178243,4.42625617980957,153,3.9771151542663574,3.9771151542663574,0.4491410255432129
M-2022-12,144,2267,4.216519832611084,4.172067165374756,0.04194068908691406,146,5.06370210647583,-0.37883663177490234,0.8916349411010742,-0.4207773208618164,63,0.0035288928098809,8.177250862121582,146,5.442538738250732,7.964725017547607,0.2125258445739746
M-2022-12,145,1149,0.28938817977905273,0.7524822950363159,-0.31156492233276367,144,5.722681045532227,-0.012267112731933594,4.970198750495911,0.2992978096008301,45,0.004351610095735422,7.548049449920654,13,6.874231815338135,9.22099494934082,-1.672945499420166
M-2022-12,146,4680,4.583714962005615,4.477158546447754,-0.6459903717041016,144,5.06370210647583,-0.37883663177490234,0.5865435600280762,0.2671537399291992,169,0.07115384615384615,6.961470603942871,144,5.442538738250732,5.774598121643066,1.1868724822998047
M-2022-12,147,2730,2.679656744003296,7.449374675750732,0.9617352485656738,1,4.653386116027832,-1.1957645416259766,-2.7959885597229004,-2.1574997901916504,117,0.08095238095238096,6.339924335479736,11,6.048503875732422,7.806596279144287,-1.4666719436645508
M-2022-12,148,3728,2.2679665088653564,6.5069379806518555,0.09808731079101562,133,3.7999086380004883,-0.10436892509460449,-2.707029342651367,-0.20245623588562012,133,0.06142703862660944,3.7999086380004883,133,3.9042775630950928,3.9042775630950928,-0.10436892509460449
M-2022-12,149,29896,5.703222751617432,8.861039161682129,0.8503837585449219,29,3.6411235332489014,-0.92110276222229,-5.2199156284332275,-1.771486520767212,117,0.0853960396039604,3.7752320766448975,138,4.562226295471191,4.779655456542969,-1.0044233798980713
M-2022-12,150,1291,4.670618534088135,4.661269187927246,-0.9942841529846191,164,5.9740400314331055,-0.27778148651123047,1.3127708435058594,0.7165026664733887,117,0.18745158791634392,7.336706161499023,117,6.423443794250488,6.423443794250488,0.9132623672485352
M-2022-12,151,872,1.5980780124664307,7.540186405181885,-0.36982011795043945,105,4.048493385314941,-0.1595168113708496,-3.4916930198669434,0.21030330657958984,93,0.011467889908256881,5.770664215087891,153,4.603928089141846,5.0059590339660645,0.7647051811218262
M-2022-12,152,729,4.958509922027588,7.397515296936035,0.41249656677246094,94,4.348388195037842,-2.3575687408447266,-3.0491271018981934,-2.7700653076171875,117,0.16049382716049382,5.97418212890625,98,10.252681732177734,8.510284423828125,-2.536102294921875
M-2022-12,153,59235,1.6073883771896362,8.803861618041992,0.38512516021728516,16,3.463796615600586,-0.3612325191497803,-5.340065002441406,-0.7463576793670654,133,0.021237444078669704,5.146520614624023,140,5.506333827972412,5.585061550140381,-0.4385409355163574
M-2022-12,154,1862,2.031873941421509,8.778051376342773,0.03817462921142578,16,3.368149995803833,-0.40340232849121094,-5.40990138053894,-0.4415769577026367,155,0.08002148227712137,3.6832258701324463,14,4.530324935913086,4.090961933135986,-0.40773606300354004
M-2022-12,155,5650,1.411975622177124,9.251930236816406,0.2849302291870117,16,3.417099952697754,0.37628746032714844,-5.834830284118652,0.09135723114013672,14,0.04283185840707965,3.5075175762176514,14,3.959502935409546,3.959502935409546,-0.45198535919189453
M-2022-12,156,11350,2.1946589946746826,7.824869155883789,-0.3840160369873047,136,4.754658222198486,1.082322359085083,-3.0702109336853027,1.4663383960723877,142,0.013744493392070485,5.053907871246338,142,4.663613319396973,4.663613319396973,0.39029455184936523
M-2022-12,157,800,0.9092729091644287,7.440422534942627,-0.1390371322631836,19,5.008353233337402,0.3423314094543457,-2.4320693016052246,0.4813685417175293,38,0.01875,7.323334217071533,153,6.11415433883667,8.059671401977539,-0.7363371849060059
M-2022-12,158,5549,1.5642179250717163,7.929584503173828,0.428560733795166,14,4.851728916168213,0.8174653053283691,-3.0778555870056152,0.3889045715332031,140,0.028473598846639032,5.44389009475708,142,6.004654407501221,5.805856704711914,-0.361966609954834
M-2022-12,159,1740,2.293086528778076,8.198219299316406,0.10510444641113281,13,2.5382556915283203,-0.0146636962890625,-5.659963607788086,-0.11976814270019531,46,0.17988505747126438,3.5339624881744385,46,2.698843240737915,2.698843240737915,0.8351192474365234
M-2022-12,160,1048,2.2282164096832275,8.483417510986328,0.24782943725585938,105,3.5856642723083496,0.35396289825439453,-4.8977532386779785,0.10613346099853516,115,0.04580152671755725,4.872251510620117,115,4.0284342765808105,4.0284342765808105,0.8438172340393066
M-2022-12,161,334,3.4027600288391113,6.675633430480957,1.3946361541748047,45,4.712860584259033,-1.5629634857177734,-1.9627728462219238,-2.957599639892578,149,0.15568862275449102,5.286048412322998,60,6.951635360717773,8.101014137268066,-2.8149657249450684
M-2022-12,162,59,1.8112560510635376,7.811539173126221,0.06286430358886719,105,3.0252058506011963,-0.776975154876709,-4.786333322525024,-0.8398394584655762,160,0.06779661016949153,3.8731932640075684,28,6.388343811035156,3.890118360519409,-0.01692509651184082
M-2022-12,163,1741,5.415523052215576,7.202280044555664,-0.6014595031738281,46,4.018985271453857,0.4511725902557373,-3.1832947731018066,1.0526320934295654,46,0.41815048822515793,4.018985271453857,46,4.815720081329346,4.815720081329346,-0.7967348098754883
M-2022-12,164,1689,4.144469261169434,5.9289703369140625,-0.9692788124084473,96,5.63938570022583,0.517725944519043,-0.2895846366882324,1.4870047569274902,138,0.10479573712255773,7.387671947479248,117,5.121659755706787,5.921755313873291,1.465916633605957
M-2022-12,165,4989,1.7100790739059448,3.894667148590088,-0.37058448791503906,53,5.516937732696533,-0.3944082260131836,1.6222705841064453,-0.02382373809814453,56,0.10663459611144518,6.660470008850098,56,8.180116653442383,8.180116653442383,-1.5196466445922852
M-2022-12,166,1835,3.309164524078369,7.6035871505737305,0.4561595916748047,25,4.3946990966796875,0.4006168842315674,-3.208888053894043,-0.055542707443237305,18,0.14768392370572206,6.298006534576416,25,4.390172958374023,7.610909461975098,-1.3129029273986816
M-2022-12,167,55,4.249279499053955,5.997402191162109,0.4447493553161621,90,6.207760810852051,0.20179271697998047,0.2103586196899414,-0.24295663833618164,14,0.32727272727272727,7.398039817810059,14,6.508113861083984,6.508113861083984,0.8899259567260742
M-2022-12,168,4221,0.8314046859741211,6.426704406738281,-0.008487701416015625,110,2.674431562423706,-0.12971234321594238,-3.752272844314575,-0.12122464179992676,110,0.07438995498696992,2.674431562423706,110,2.8041439056396484,2.8041439056396484,-0.12971234321594238
M-2022-12,169,1502,5.451167583465576,4.199243545532227,-1.6987805366516113,14,5.582483768463135,-0.028113365173339844,1.3832402229309082,1.6706671714782715,60,0.013315579227696404,6.541635036468506,146,5.774598121643066,7.546298980712891,-1.0046639442443848
M-2022-12,170,1916,2.649103879928589,7.763299465179443,0.16987133026123047,111,4.78395414352417,-0.3287677764892578,-2.9793453216552734,-0.4986391067504883,25,0.033402922755741124,6.834915637969971,117,5.362724781036377,7.4667792320251465,-0.6318635940551758
M-2022-12,171,4142,1.292069673538208,7.760191440582275,0.042120933532714844,60,2.721431016921997,-0.34245729446411133,-5.038760423660278,-0.38457822799682617,60,0.12506035731530663,2.721431016921997,60,3.0638883113861084,3.0638883113861084,-0.34245729446411133
M-2022-12,172,5558,7.916858196258545,6.157033443450928,-2.5735793113708496,28,5.934725761413574,1.9425852298736572,-0.22230768203735352,4.516164541244507,117,0.22903922274199354,7.691323757171631,117,3.992140531539917,3.992140531539917,3.699183225631714
M-2022-12,173,978,4.400909900665283,4.473073482513428,-0.4406566619873047,2,4.859988212585449,-0.8635849952697754,0.3869147300720215,-0.4229283332824707,2,0.16359918200409,4.859988212585449,95,6.341655731201172,5.723573207855225,-0.8635849952697754
M-2022-12,174,1507,7.102757453918457,6.797312259674072,2.6629161834716797,2,4.812580108642578,-1.7480931282043457,-1.9847321510314941,-4.411009311676025,2,0.291970802919708,4.812580108642578,117,7.824143409729004,7.832732200622559,-3.0201520919799805
M-2022-12,175,22084,1.353588581085205,8.618570327758789,-0.17815017700195312,71,2.9939260482788086,0.13100147247314453,-5.6246442794799805,0.30915164947509766,71,0.25018112660749864,2.9939260482788086,71,3.542565107345581,3.542565107345581,-0.5486390590667725
M-2022-12,176,2085,2.146369457244873,7.2574872970581055,0.10857391357421875,111,3.402754545211792,0.030963420867919922,-3.8547327518463135,-0.07761049270629883,158,0.1093525179856115,5.583984375,140,7.1723785400390625,6.204994201660156,-0.6210098266601562
M-2022-12,177,1117,4.237306118011475,4.564844131469727,-0.7674736976623535,5,4.91686487197876,0.3098630905151367,0.3520207405090332,1.0773367881774902,14,0.1360787824529991,8.053062438964844,6,6.82020378112793,6.270684242248535,1.7823781967163086
