{
  "static": {
    "accuracy": 0.8319640926509296,
    "macro_f1": 0.7442231399444695
  },
  "bn_adapt": {
    "accuracy": 0.8319640926509296,
    "macro_f1": 0.7442231399444695,
    "adapt_time_s": 2.3458962440490723
  },
  "tent": {
    "accuracy": 0.7303073277529183,
    "macro_f1": 0.614745390736911,
    "adapt_time_s": 11.680093050003052
  },
  "eata": {
    "accuracy": 0.8319836858875012,
    "macro_f1": 0.7442566032232942,
    "adapt_time_s": 17.10047221183777
  },
  "cotta": {
    "accuracy": 0.8318481006904265,
    "macro_f1": 0.7424575813192951,
    "adapt_time_s": 28.88286519050598
  },
  "sar": {
    "accuracy": 0.8289255735234243,
    "macro_f1": 0.739532508537672,
    "adapt_time_s": 21.621750831604004
  },
  "note": {
    "accuracy": 0.7781152168520644,
    "macro_f1": 0.6656573927404384,
    "adapt_time_s": 283.29234194755554
  },
  "tta_tc": {
    "accuracy": 0.8205863001738704,
    "macro_f1": 0.7383848105377914,
    "adapt_time_s": 333.8063175678253
  }
}