{
  "static": {
    "source_accuracy": 0.8378887900827826,
    "aurc": 0.5957848530446287,
    "periods": {
      "W-2022-45": {
        "accuracy": 0.8378887900827826,
        "macro_f1": 0.7787650208343817,
        "arr": 1.0
      },
      "W-2022-46": {
        "accuracy": 0.7215926199855963,
        "macro_f1": 0.7236818379221602,
        "arr": 0.8612033345311896
      },
      "W-2022-47": {
        "accuracy": 0.7141346679492993,
        "macro_f1": 0.7217736436916848,
        "arr": 0.8523024492053932
      }
    }
  },
  "bn_adapt": {
    "source_accuracy": 0.8378887900827826,
    "aurc": 0.5957848530446287,
    "periods": {
      "W-2022-45": {
        "accuracy": 0.8378887900827826,
        "macro_f1": 0.7787650208343817,
        "arr": 1.0
      },
      "W-2022-46": {
        "accuracy": 0.7215926199855963,
        "macro_f1": 0.7236818379221602,
        "arr": 0.8612033345311896
      },
      "W-2022-47": {
        "accuracy": 0.7141346679492993,
        "macro_f1": 0.7217736436916848,
        "arr": 0.8523024492053932
      }
    }
  },
  "tent": {
    "source_accuracy": 0.8378887900827826,
    "aurc": 0.554882133789536,
    "periods": {
      "W-2022-45": {
        "accuracy": 0.8306797982179117,
        "macro_f1": 0.7423091747109248,
        "arr": 0.9913962426157311
      },
      "W-2022-46": {
        "accuracy": 0.681258143701025,
        "macro_f1": 0.5812793527849985,
        "arr": 0.813065112893702
      },
      "W-2022-47": {
        "accuracy": 0.5963810326968401,
        "macro_f1": 0.45256320384461945,
        "arr": 0.7117663343340805
      }
    }
  },
  "eata": {
    "source_accuracy": 0.8378887900827826,
    "aurc": 0.5958336467463322,
    "periods": {
      "W-2022-45": {
        "accuracy": 0.8379118611167699,
        "macro_f1": 0.7787516897590475,
        "arr": 1.0000275347209084
      },
      "W-2022-46": {
        "accuracy": 0.721666957740275,
        "macro_f1": 0.723689764533315,
        "arr": 0.8612920548429523
      },
      "W-2022-47": {
        "accuracy": 0.7142082235800585,
        "macro_f1": 0.7217349100154877,
        "arr": 0.8523902360711801
      }
    }
  },
  "cotta": {
    "source_accuracy": 0.8378887900827826,
    "aurc": 0.5981778055766834,
    "periods": {
      "W-2022-45": {
        "accuracy": 0.8390867574462154,
        "macro_f1": 0.7788086342206268,
        "arr": 1.0014297450659466
      },
      "W-2022-46": {
        "accuracy": 0.7253057412732927,
        "macro_f1": 0.7245144010472478,
        "arr": 0.8656348549568651
      },
      "W-2022-47": {
        "accuracy": 0.7175406266213266,
        "macro_f1": 0.7223750581213773,
        "arr": 0.8563673784804237
      }
    }
  },
  "sar": {
    "source_accuracy": 0.8378887900827826,
    "aurc": 0.6002443378788604,
    "periods": {
      "W-2022-45": {
        "accuracy": 0.8390432834570014,
        "macro_f1": 0.7773407186664836,
        "arr": 1.0013778599115817
      },
      "W-2022-46": {
        "accuracy": 0.7281763680079643,
        "macro_f1": 0.7191860998099764,
        "arr": 0.8690608785158961
      },
      "W-2022-47": {
        "accuracy": 0.7222319926432261,
        "macro_f1": 0.7112502278492842,
        "arr": 0.8619664103297888
      }
    }
  },
  "note": {
    "source_accuracy": 0.8378887900827826,
    "aurc": 0.5766050549291915,
    "periods": {
      "W-2022-45": {
        "accuracy": 0.8359599260848016,
        "macro_f1": 0.7697950974104558,
        "arr": 0.9976979474832329
      },
      "W-2022-46": {
        "accuracy": 0.710310131165499,
        "macro_f1": 0.6902252757529269,
        "arr": 0.8477379570805823
      },
      "W-2022-47": {
        "accuracy": 0.6422052825656204,
        "macro_f1": 0.603029607097229,
        "arr": 0.7664564679307514
      }
    }
  },
  "tta_tc": {
    "source_accuracy": 0.8378887900827826,
    "aurc": 0.5960778536421337,
    "periods": {
      "W-2022-45": {
        "accuracy": 0.8379926882086299,
        "macro_f1": 0.7787670937454364,
        "arr": 1.0001239998996012
      },
      "W-2022-46": {
        "accuracy": 0.7220594610849783,
        "macro_f1": 0.7238429824955679,
        "arr": 0.8617604980890596
      },
      "W-2022-47": {
        "accuracy": 0.7145700991215097,
        "macro_f1": 0.7219667071727457,
        "arr": 0.8528221257750815
      }
    }
  }
}