{
  "static": {
    "source_accuracy": 0.8213570981005924,
    "aurc": 0.5621963921810798,
    "periods": {
      "W-2022-45": {
        "accuracy": 0.7768696718859519,
        "macro_f1": 0.7039549894839665,
        "arr": 0.9458366813685317
      },
      "W-2022-46": {
        "accuracy": 0.6655274818749687,
        "macro_f1": 0.6545636131628065,
        "arr": 0.8102778723335035
      },
      "W-2022-47": {
        "accuracy": 0.6626593478309565,
        "macro_f1": 0.6529236058593807,
        "arr": 0.8067859270509402
      }
    }
  },
  "bn_adapt": {
    "source_accuracy": 0.8213570981005924,
    "aurc": 0.5621963921810798,
    "periods": {
      "W-2022-45": {
        "accuracy": 0.7768696718859519,
        "macro_f1": 0.7039549894839665,
        "arr": 0.9458366813685317
      },
      "W-2022-46": {
        "accuracy": 0.6655274818749687,
        "macro_f1": 0.6545636131628065,
        "arr": 0.8102778723335035
      },
      "W-2022-47": {
        "accuracy": 0.6626593478309565,
        "macro_f1": 0.6529236058593807,
        "arr": 0.8067859270509402
      }
    }
  },
  "tent": {
    "source_accuracy": 0.8213570981005924,
    "aurc": 0.413813862536578,
    "periods": {
      "W-2022-45": {
        "accuracy": 0.6511749120240266,
        "macro_f1": 0.483611423589942,
        "arr": 0.7928036581529323
      },
      "W-2022-46": {
        "accuracy": 0.4668557686989684,
        "macro_f1": 0.22590411903714352,
        "arr": 0.5683956098736874
      },
      "W-2022-47": {
        "accuracy": 0.4544472702990838,
        "macro_f1": 0.2032051708205615,
        "arr": 0.553288297319161
      }
    }
  },
  "eata": {
    "source_accuracy": 0.8213570981005924,
    "aurc": 0.5621977371444536,
    "periods": {
      "W-2022-45": {
        "accuracy": 0.7768735955311878,
        "macro_f1": 0.7039629685682915,
        "arr": 0.9458414583957773
      },
      "W-2022-46": {
        "accuracy": 0.665532239491268,
        "macro_f1": 0.6545653537335857,
        "arr": 0.8102836647182169
      },
      "W-2022-47": {
        "accuracy": 0.6626525371244046,
        "macro_f1": 0.652914920269552,
        "arr": 0.8067776350345108
      }
    }
  },
  "cotta": {
    "source_accuracy": 0.8213570981005924,
    "aurc": 0.5644317407546423,
    "periods": {
      "W-2022-45": {
        "accuracy": 0.7774940023158924,
        "macro_f1": 0.7019497647285476,
        "arr": 0.9465968019438384
      },
      "W-2022-46": {
        "accuracy": 0.6685319165680618,
        "macro_f1": 0.6497778192241396,
        "arr": 0.8139357632801342
      },
      "W-2022-47": {
        "accuracy": 0.6670422645205777,
        "macro_f1": 0.6471559290326114,
        "arr": 0.8121221160237473
      }
    }
  },
  "sar": {
    "source_accuracy": 0.8213570981005924,
    "aurc": 0.550821093417523,
    "periods": {
      "W-2022-45": {
        "accuracy": 0.7729257806406088,
        "macro_f1": 0.694191056905885,
        "arr": 0.9410350046624274
      },
      "W-2022-46": {
        "accuracy": 0.6530030569667064,
        "macro_f1": 0.6160508598774284,
        "arr": 0.795029419574983
      },
      "W-2022-47": {
        "accuracy": 0.6355929945980503,
        "macro_f1": 0.5806792572413507,
        "arr": 0.7738327166927442
      }
    }
  },
  "note": {
    "source_accuracy": 0.8213570981005924,
    "aurc": 0.10696834814578855,
    "periods": {
      "W-2022-45": {
        "accuracy": 0.47221352916822174,
        "macro_f1": 0.3547512484194519,
        "arr": 0.5749186684576375
      },
      "W-2022-46": {
        "accuracy": 0.01517996773939681,
        "macro_f1": 0.009066084821771842,
        "arr": 0.018481568826154718
      },
      "W-2022-47": {
        "accuracy": 0.024581807482817346,
        "macro_f1": 0.010659338205646908,
        "arr": 0.02992828276478447
      }
    }
  },
  "tta_tc": {
    "source_accuracy": 0.8213570981005924,
    "aurc": 0.5514129387701431,
    "periods": {
      "W-2022-45": {
        "accuracy": 0.7216368317914453,
        "macro_f1": 0.6762051186348884,
        "arr": 0.8785908509955627
      },
      "W-2022-46": {
        "accuracy": 0.6661261485926475,
        "macro_f1": 0.6511192943425135,
        "arr": 0.8110067474099631
      },
      "W-2022-47": {
        "accuracy": 0.6635524584834464,
        "macro_f1": 0.6479597526253706,
        "arr": 0.8078732868053701
      }
    }
  }
}