{
  "static": {
    "source_accuracy": 0.8378887900827826,
    "aurc": 0.5957848530446287,
    "periods": {
      "W-2022-45": {
        "accuracy": 0.8378887900827826,
        "macro_f1": 0.7787650208343817,
        "arr": 1.0
      },
      "W-2022-46": {
        "accuracy": 0.7215926199855963,
        "macro_f1": 0.7236818379221602,
        "arr": 0.8612033345311896
      },
      "W-2022-47": {
        "accuracy": 0.7141346679492993,
        "macro_f1": 0.7217736436916848,
        "arr": 0.8523024492053932
      }
    }
  },
  "bn_adapt": {
    "source_accuracy": 0.8378887900827826,
    "aurc": 0.5957848530446287,
    "periods": {
      "W-2022-45": {
        "accuracy": 0.8378887900827826,
        "macro_f1": 0.7787650208343817,
        "arr": 1.0
      },
      "W-2022-46": {
        "accuracy": 0.7215926199855963,
        "macro_f1": 0.7236818379221602,
        "arr": 0.8612033345311896
      },
      "W-2022-47": {
        "accuracy": 0.7141346679492993,
        "macro_f1": 0.7217736436916848,
        "arr": 0.8523024492053932
      }
    }
  },
  "tent": {
    "source_accuracy": 0.8378887900827826,
    "aurc": 0.41509540119915783,
    "periods": {
      "W-2022-45": {
        "accuracy": 0.7096579428861644,
        "macro_f1": 0.5596637656258266,
        "arr": 0.8469595861475254
      },
      "W-2022-46": {
        "accuracy": 0.4627598575331799,
        "macro_f1": 0.2744196777165561,
        "arr": 0.5522926944606332
      },
      "W-2022-47": {
        "accuracy": 0.45164504292561314,
        "macro_f1": 0.23257455189928702,
        "arr": 0.5390274321261549
      }
    }
  },
  "eata": {
    "source_accuracy": 0.8378887900827826,
    "aurc": 0.5958334585445816,
    "periods": {
      "W-2022-45": {
        "accuracy": 0.8379160986536247,
        "macro_f1": 0.7787137059026293,
        "arr": 1.0000325921186264
      },
      "W-2022-46": {
        "accuracy": 0.7216623983579881,
        "macro_f1": 0.7237108070518108,
        "arr": 0.8612866133304976
      },
      "W-2022-47": {
        "accuracy": 0.7142121586549551,
        "macro_f1": 0.7217332451048759,
        "arr": 0.8523949324878682
      }
    }
  },
  "cotta": {
    "source_accuracy": 0.8378887900827826,
    "aurc": 0.6028569285041173,
    "periods": {
      "W-2022-45": {
        "accuracy": 0.8403271001781962,
        "macro_f1": 0.7762674109854872,
        "arr": 1.002910064109072
      },
      "W-2022-46": {
        "accuracy": 0.7321919943986998,
        "macro_f1": 0.7194921947815855,
        "arr": 0.8738534314635715
      },
      "W-2022-47": {
        "accuracy": 0.7260512855284291,
        "macro_f1": 0.7162561928043697,
        "arr": 0.8665246439884892
      }
    }
  },
  "sar": {
    "source_accuracy": 0.8378887900827826,
    "aurc": 0.5998162846733277,
    "periods": {
      "W-2022-45": {
        "accuracy": 0.8371443961086228,
        "macro_f1": 0.7642555133463848,
        "arr": 0.9991115838008928
      },
      "W-2022-46": {
        "accuracy": 0.7281545622665918,
        "macro_f1": 0.6833418638189169,
        "arr": 0.8690348538911122
      },
      "W-2022-47": {
        "accuracy": 0.7220225255795003,
        "macro_f1": 0.6601985281985003,
        "arr": 0.8617164164568488
      }
    }
  },
  "note": {
    "source_accuracy": 0.8378887900827826,
    "aurc": 0.12933866332442637,
    "periods": {
      "W-2022-45": {
        "accuracy": 0.5051567684606724,
        "macro_f1": 0.3662796286184768,
        "arr": 0.6028923819481621
      },
      "W-2022-46": {
        "accuracy": 0.05430799182403639,
        "macro_f1": 0.058088627525405015,
        "arr": 0.06481527437390684
      },
      "W-2022-47": {
        "accuracy": 0.03645574463422268,
        "macro_f1": 0.03109502911057538,
        "arr": 0.04350904925058239
      }
    }
  },
  "tta_tc": {
    "source_accuracy": 0.8378887900827826,
    "aurc": 0.5763975758253238,
    "periods": {
      "W-2022-45": {
        "accuracy": 0.7869634846740847,
        "macro_f1": 0.6722815099692568,
        "arr": 0.939221880025789
      },
      "W-2022-46": {
        "accuracy": 0.706404921119713,
        "macro_f1": 0.6367698646413607,
        "arr": 0.8430771833693119
      },
      "W-2022-47": {
        "accuracy": 0.6979690775760665,
        "macro_f1": 0.6367574933378654,
        "arr": 0.8330092081875303
      }
    }
  }
}