{
  "static": {
    "source_accuracy": 0.8378887900827826,
    "aurc": 0.5957848530446287,
    "periods": {
      "W-2022-45": {
        "accuracy": 0.8378887900827826,
        "macro_f1": 0.7787650208343817,
        "arr": 1.0
      },
      "W-2022-46": {
        "accuracy": 0.7215926199855963,
        "macro_f1": 0.7236818379221602,
        "arr": 0.8612033345311896
      },
      "W-2022-47": {
        "accuracy": 0.7141346679492993,
        "macro_f1": 0.7217736436916848,
        "arr": 0.8523024492053932
      }
    }
  },
  "bn_adapt": {
    "source_accuracy": 0.8378887900827826,
    "aurc": 0.5957848530446287,
    "periods": {
      "W-2022-45": {
        "accuracy": 0.8378887900827826,
        "macro_f1": 0.7787650208343817,
        "arr": 1.0
      },
      "W-2022-46": {
        "accuracy": 0.7215926199855963,
        "macro_f1": 0.7236818379221602,
        "arr": 0.8612033345311896
      },
      "W-2022-47": {
        "accuracy": 0.7141346679492993,
        "macro_f1": 0.7217736436916848,
        "arr": 0.8523024492053932
      }
    }
  },
  "tent": {
    "source_accuracy": 0.8378887900827826,
    "aurc": 0.554882133789536,
    "periods": {
      "W-2022-45": {
        "accuracy": 0.8306797982179117,
        "macro_f1": 0.7423091747109248,
        "arr": 0.9913962426157311
      },
      "W-2022-46": {
        "accuracy": 0.681258143701025,
        "macro_f1": 0.5812793527849985,
        "arr": 0.813065112893702
      },
      "W-2022-47": {
        "accuracy": 0.5963810326968401,
        "macro_f1": 0.45256320384461945,
        "arr": 0.7117663343340805
      }
    }
  },
  "eata": {
    "source_accuracy": 0.8378887900827826,
    "aurc": 0.5958336467463322,
    "periods": {
      "W-2022-45": {
        "accuracy": 0.8379118611167699,
        "macro_f1": 0.7787516897590475,
        "arr": 1.0000275347209084
      },
      "W-2022-46": {
        "accuracy": 0.721666957740275,
        "macro_f1": 0.723689764533315,
        "arr": 0.8612920548429523
      },
      "W-2022-47": {
        "accuracy": 0.7142082235800585,
        "macro_f1": 0.7217349100154877,
        "arr": 0.8523902360711801
      }
    }
  },
  "cotta": {
    "source_accuracy": 0.8378887900827826,
    "aurc": 0.5981711356186769,
    "periods": {
      "W-2022-45": {
        "accuracy": 0.8391550288733206,
        "macro_f1": 0.7788271525717997,
        "arr": 1.0015112253625125
      },
      "W-2022-46": {
        "accuracy": 0.7252789796816084,
        "macro_f1": 0.724575241786496,
        "arr": 0.8656029156446304
      },
      "W-2022-47": {
        "accuracy": 0.7174923462793261,
        "macro_f1": 0.7223073868302625,
        "arr": 0.8563097570602879
      }
    }
  },
  "sar": {
    "source_accuracy": 0.8378887900827826,
    "aurc": 0.6002443378788604,
    "periods": {
      "W-2022-45": {
        "accuracy": 0.8390432834570014,
        "macro_f1": 0.7773407186664836,
        "arr": 1.0013778599115817
      },
      "W-2022-46": {
        "accuracy": 0.7281763680079643,
        "macro_f1": 0.7191860998099764,
        "arr": 0.8690608785158961
      },
      "W-2022-47": {
        "accuracy": 0.7222319926432261,
        "macro_f1": 0.7112502278492842,
        "arr": 0.8619664103297888
      }
    }
  },
  "note": {
    "source_accuracy": 0.8378887900827826,
    "aurc": 0.5772999818870782,
    "periods": {
      "W-2022-45": {
        "accuracy": 0.8360153279555329,
        "macro_f1": 0.7704383051721608,
        "arr": 0.9977640682756185
      },
      "W-2022-46": {
        "accuracy": 0.7093231240173787,
        "macro_f1": 0.6898963345577301,
        "arr": 0.8465599879278708
      },
      "W-2022-47": {
        "accuracy": 0.6476175240387672,
        "macro_f1": 0.609778048184693,
        "arr": 0.772915847191109
      }
    }
  },
  "tta_tc": {
    "source_accuracy": 0.8378887900827826,
    "aurc": 0.5957253716186018,
    "periods": {
      "W-2022-45": {
        "accuracy": 0.8378676023985087,
        "macro_f1": 0.778766986705999,
        "arr": 0.9999747130114107
      },
      "W-2022-46": {
        "accuracy": 0.7214893400650961,
        "macro_f1": 0.7238331762724063,
        "arr": 0.8610800724447139
      },
      "W-2022-47": {
        "accuracy": 0.7140633825540573,
        "macro_f1": 0.7218486112853063,
        "arr": 0.8522173718107728
      }
    }
  }
}