{
  "static": {
    "source_accuracy": 0.8319640926509296,
    "aurc": 0.6091895926704795,
    "periods": {
      "W-2022-45": {
        "accuracy": 0.8319640926509296,
        "macro_f1": 0.7442231399444695,
        "arr": 1.0
      },
      "W-2022-46": {
        "accuracy": 0.7375021879445618,
        "macro_f1": 0.6998513578411898,
        "arr": 0.8864591566621836
      },
      "W-2022-47": {
        "accuracy": 0.733974731770856,
        "macro_f1": 0.6955641211999396,
        "arr": 0.8822192426985098
      }
    }
  },
  "bn_adapt": {
    "source_accuracy": 0.8319640926509296,
    "aurc": 0.6091895926704795,
    "periods": {
      "W-2022-45": {
        "accuracy": 0.8319640926509296,
        "macro_f1": 0.7442231399444695,
        "arr": 1.0
      },
      "W-2022-46": {
        "accuracy": 0.7375021879445618,
        "macro_f1": 0.6998513578411898,
        "arr": 0.8864591566621836
      },
      "W-2022-47": {
        "accuracy": 0.733974731770856,
        "macro_f1": 0.6955641211999396,
        "arr": 0.8822192426985098
      }
    }
  },
  "tent": {
    "source_accuracy": 0.8319640926509296,
    "aurc": 0.41463453491865865,
    "periods": {
      "W-2022-45": {
        "accuracy": 0.7303073277529183,
        "macro_f1": 0.614745390736911,
        "arr": 0.8778111149315384
      },
      "W-2022-46": {
        "accuracy": 0.452655854790892,
        "macro_f1": 0.2517378138358793,
        "arr": 0.54408099915535
      },
      "W-2022-47": {
        "accuracy": 0.43414723041734976,
        "macro_f1": 0.19270954774861757,
        "arr": 0.5218340962697131
      }
    }
  },
  "eata": {
    "source_accuracy": 0.8319640926509296,
    "aurc": 0.6092141391954734,
    "periods": {
      "W-2022-45": {
        "accuracy": 0.8319836858875012,
        "macro_f1": 0.7442566032232942,
        "arr": 1.0000235505795798
      },
      "W-2022-46": {
        "accuracy": 0.7375388809525109,
        "macro_f1": 0.6998195817903546,
        "arr": 0.8865032607386373
      },
      "W-2022-47": {
        "accuracy": 0.7340042834827526,
        "macro_f1": 0.6956042347256496,
        "arr": 0.8822547631159865
      }
    }
  },
  "cotta": {
    "source_accuracy": 0.8319640926509296,
    "aurc": 0.6106356064501982,
    "periods": {
      "W-2022-45": {
        "accuracy": 0.8317861860628606,
        "macro_f1": 0.7426753277054526,
        "arr": 0.9997861607374158
      },
      "W-2022-46": {
        "accuracy": 0.7394345210793893,
        "macro_f1": 0.697768921726389,
        "arr": 0.8887817726883999
      },
      "W-2022-47": {
        "accuracy": 0.7375061613424964,
        "macro_f1": 0.6914068848847917,
        "arr": 0.8864639325869736
      }
    }
  },
  "sar": {
    "source_accuracy": 0.8319640926509296,
    "aurc": 0.602674468146819,
    "periods": {
      "W-2022-45": {
        "accuracy": 0.8289255735234243,
        "macro_f1": 0.739532508537672,
        "arr": 0.9963477761187703
      },
      "W-2022-46": {
        "accuracy": 0.7289041236494865,
        "macro_f1": 0.6820294385816819,
        "arr": 0.8761244987472262
      },
      "W-2022-47": {
        "accuracy": 0.7216872815115019,
        "macro_f1": 0.6648273539057329,
        "arr": 0.8674500352676915
      }
    }
  },
  "note": {
    "source_accuracy": 0.8319640926509296,
    "aurc": 0.2459013089345431,
    "periods": {
      "W-2022-45": {
        "accuracy": 0.7957738172444777,
        "macro_f1": 0.6869571801403637,
        "arr": 0.9565001954698105
      },
      "W-2022-46": {
        "accuracy": 0.20301150424969494,
        "macro_f1": 0.2094474595116472,
        "arr": 0.24401474299549278
      },
      "W-2022-47": {
        "accuracy": 0.025689530472550817,
        "macro_f1": 0.015607855684339339,
        "arr": 0.03087817214646242
      }
    }
  },
  "tta_tc": {
    "source_accuracy": 0.8319640926509296,
    "aurc": 0.6020359023702713,
    "periods": {
      "W-2022-45": {
        "accuracy": 0.8089651596985933,
        "macro_f1": 0.7332674037815616,
        "arr": 0.972355858677682
      },
      "W-2022-46": {
        "accuracy": 0.7331074564654816,
        "macro_f1": 0.697367782232241,
        "arr": 0.8811767995053055
      },
      "W-2022-47": {
        "accuracy": 0.7300534469230416,
        "macro_f1": 0.6913892661037024,
        "arr": 0.8775059565333344
      }
    }
  }
}