{
  "static": {
    "source_accuracy": 0.8336807590401571,
    "aurc": 0.5922316763070744,
    "periods": {
      "W-2022-45": {
        "accuracy": 0.8336682033754022,
        "macro_f1": 0.7746952425163238,
        "arr": 0.9999849394811877
      },
      "W-2022-46": {
        "accuracy": 0.7109193042858392,
        "macro_f1": 0.7113400155355845,
        "arr": 0.8527476453988729
      },
      "W-2022-47": {
        "accuracy": 0.7068861086407585,
        "macro_f1": 0.7190940131588619,
        "arr": 0.8479098275635133
      }
    }
  },
  "bn_adapt": {
    "source_accuracy": 0.8336807590401571,
    "aurc": 0.5922316763070744,
    "periods": {
      "W-2022-45": {
        "accuracy": 0.8336682033754022,
        "macro_f1": 0.7746952425163238,
        "arr": 0.9999849394811877
      },
      "W-2022-46": {
        "accuracy": 0.7109193042858392,
        "macro_f1": 0.7113400155355845,
        "arr": 0.8527476453988729
      },
      "W-2022-47": {
        "accuracy": 0.7068861086407585,
        "macro_f1": 0.7190940131588619,
        "arr": 0.8479098275635133
      }
    }
  },
  "tent": {
    "source_accuracy": 0.8336807590401571,
    "aurc": 0.5271048348127748,
    "periods": {
      "W-2022-45": {
        "accuracy": 0.8205837881884467,
        "macro_f1": 0.7554327807612362,
        "arr": 0.984290184570423
      },
      "W-2022-46": {
        "accuracy": 0.6332740151089999,
        "macro_f1": 0.5956744784105735,
        "arr": 0.7596121275943902
      },
      "W-2022-47": {
        "accuracy": 0.549491134276258,
        "macro_f1": 0.4831314237321666,
        "arr": 0.6591145691174454
      }
    }
  },
  "eata": {
    "source_accuracy": 0.8336807590401571,
    "aurc": 0.5922486784852783,
    "periods": {
      "W-2022-45": {
        "accuracy": 0.8336732256413041,
        "macro_f1": 0.7746864988489965,
        "arr": 0.9999909636887125
      },
      "W-2022-46": {
        "accuracy": 0.7109470570475859,
        "macro_f1": 0.7113386748364349,
        "arr": 0.8527809348342422
      },
      "W-2022-47": {
        "accuracy": 0.7069106271843449,
        "macro_f1": 0.7190505972175628,
        "arr": 0.8479392375544728
      }
    }
  },
  "cotta": {
    "source_accuracy": 0.8336807590401571,
    "aurc": 0.5925019398673537,
    "periods": {
      "W-2022-45": {
        "accuracy": 0.8336842118479647,
        "macro_f1": 0.7746698926212757,
        "arr": 1.0000041416426733
      },
      "W-2022-46": {
        "accuracy": 0.7113270716495033,
        "macro_f1": 0.711541315849428,
        "arr": 0.8532367623171206
      },
      "W-2022-47": {
        "accuracy": 0.7074064466213145,
        "macro_f1": 0.7193732755236312,
        "arr": 0.8485339729272074
      }
    }
  },
  "sar": {
    "source_accuracy": 0.8336807590401571,
    "aurc": 0.5919338902478573,
    "periods": {
      "W-2022-45": {
        "accuracy": 0.8336220613074277,
        "macro_f1": 0.7735792693674848,
        "arr": 0.9999295920745526
      },
      "W-2022-46": {
        "accuracy": 0.7108630058262959,
        "macro_f1": 0.7083199627875427,
        "arr": 0.8526801154014095
      },
      "W-2022-47": {
        "accuracy": 0.705555296580541,
        "macro_f1": 0.7138240214844831,
        "arr": 0.8463135186097721
      }
    }
  },
  "note": {
    "source_accuracy": 0.8336807590401571,
    "aurc": 0.5721975943875058,
    "periods": {
      "W-2022-45": {
        "accuracy": 0.8296613768604748,
        "macro_f1": 0.768007936214635,
        "arr": 0.995178751415218
      },
      "W-2022-46": {
        "accuracy": 0.6953999599170827,
        "macro_f1": 0.6820739564532505,
        "arr": 0.8341321931403557
      },
      "W-2022-47": {
        "accuracy": 0.6417194521649269,
        "macro_f1": 0.6277124852430689,
        "arr": 0.7697424286291058
      }
    }
  },
  "tta_tc": {
    "source_accuracy": 0.8336807590401571,
    "aurc": 0.5920839438138256,
    "periods": {
      "W-2022-45": {
        "accuracy": 0.8335387230826166,
        "macro_f1": 0.7742180873578135,
        "arr": 0.999829627880936
      },
      "W-2022-46": {
        "accuracy": 0.7107161144230508,
        "macro_f1": 0.7107704408576232,
        "arr": 0.8525039191756334
      },
      "W-2022-47": {
        "accuracy": 0.7066829982364811,
        "macro_f1": 0.7185469624996551,
        "arr": 0.8476661966507508
      }
    }
  }
}