{
  "static": {
    "source_accuracy": 0.8378887900827826,
    "aurc": 0.5957848530446287,
    "periods": {
      "W-2022-45": {
        "accuracy": 0.8378887900827826,
        "macro_f1": 0.7787650208343817,
        "arr": 1.0
      },
      "W-2022-46": {
        "accuracy": 0.7215926199855963,
        "macro_f1": 0.7236818379221602,
        "arr": 0.8612033345311896
      },
      "W-2022-47": {
        "accuracy": 0.7141346679492993,
        "macro_f1": 0.7217736436916848,
        "arr": 0.8523024492053932
      }
    }
  },
  "bn_adapt": {
    "source_accuracy": 0.8378887900827826,
    "aurc": 0.5957848530446287,
    "periods": {
      "W-2022-45": {
        "accuracy": 0.8378887900827826,
        "macro_f1": 0.7787650208343817,
        "arr": 1.0
      },
      "W-2022-46": {
        "accuracy": 0.7215926199855963,
        "macro_f1": 0.7236818379221602,
        "arr": 0.8612033345311896
      },
      "W-2022-47": {
        "accuracy": 0.7141346679492993,
        "macro_f1": 0.7217736436916848,
        "arr": 0.8523024492053932
      }
    }
  },
  "tent": {
    "source_accuracy": 0.8378887900827826,
    "aurc": 0.41509540119915783,
    "periods": {
      "W-2022-45": {
        "accuracy": 0.7096579428861644,
        "macro_f1": 0.5596637656258266,
        "arr": 0.8469595861475254
      },
      "W-2022-46": {
        "accuracy": 0.4627598575331799,
        "macro_f1": 0.2744196777165561,
        "arr": 0.5522926944606332
      },
      "W-2022-47": {
        "accuracy": 0.45164504292561314,
        "macro_f1": 0.23257455189928702,
        "arr": 0.5390274321261549
      }
    }
  },
  "eata": {
    "source_accuracy": 0.8378887900827826,
    "aurc": 0.5958334585445816,
    "periods": {
      "W-2022-45": {
        "accuracy": 0.8379160986536247,
        "macro_f1": 0.7787137059026293,
        "arr": 1.0000325921186264
      },
      "W-2022-46": {
        "accuracy": 0.7216623983579881,
        "macro_f1": 0.7237108070518108,
        "arr": 0.8612866133304976
      },
      "W-2022-47": {
        "accuracy": 0.7142121586549551,
        "macro_f1": 0.7217332451048759,
        "arr": 0.8523949324878682
      }
    }
  },
  "cotta": {
    "source_accuracy": 0.8378887900827826,
    "aurc": 0.602837504432539,
    "periods": {
      "W-2022-45": {
        "accuracy": 0.840338871113904,
        "macro_f1": 0.7765993308954128,
        "arr": 1.0029241124360662
      },
      "W-2022-46": {
        "accuracy": 0.7322367952855194,
        "macro_f1": 0.7194894578698674,
        "arr": 0.8739069002381272
      },
      "W-2022-47": {
        "accuracy": 0.7258522615480827,
        "macro_f1": 0.7163061480252231,
        "arr": 0.8662871136829139
      }
    }
  },
  "sar": {
    "source_accuracy": 0.8378887900827826,
    "aurc": 0.5998162846733277,
    "periods": {
      "W-2022-45": {
        "accuracy": 0.8371443961086228,
        "macro_f1": 0.7642555133463848,
        "arr": 0.9991115838008928
      },
      "W-2022-46": {
        "accuracy": 0.7281545622665918,
        "macro_f1": 0.6833418638189169,
        "arr": 0.8690348538911122
      },
      "W-2022-47": {
        "accuracy": 0.7220225255795003,
        "macro_f1": 0.6601985281985003,
        "arr": 0.8617164164568488
      }
    }
  },
  "note": {
    "source_accuracy": 0.8378887900827826,
    "aurc": 0.12303608392170029,
    "periods": {
      "W-2022-45": {
        "accuracy": 0.4945213356841723,
        "macro_f1": 0.3574760801824022,
        "arr": 0.5901992502314227
      },
      "W-2022-46": {
        "accuracy": 0.05136798318499813,
        "macro_f1": 0.04516600558320631,
        "arr": 0.06130644519056404
      },
      "W-2022-47": {
        "accuracy": 0.021286030907894427,
        "macro_f1": 0.019670247277888023,
        "arr": 0.025404362917650906
      }
    }
  },
  "tta_tc": {
    "source_accuracy": 0.8378887900827826,
    "aurc": 0.5822376091178488,
    "periods": {
      "W-2022-45": {
        "accuracy": 0.8313206079578431,
        "macro_f1": 0.7550425455082532,
        "arr": 0.9921610335372901
      },
      "W-2022-46": {
        "accuracy": 0.7004882305493283,
        "macro_f1": 0.6332080077836721,
        "arr": 0.83601575631549
      },
      "W-2022-47": {
        "accuracy": 0.6948051260101792,
        "macro_f1": 0.6355099888150231,
        "arr": 0.829233108538823
      }
    }
  }
}