{
  "static": {
    "source_accuracy": 0.8378887900827826,
    "aurc": 0.5957848530446287,
    "periods": {
      "W-2022-45": {
        "accuracy": 0.8378887900827826,
        "macro_f1": 0.7787650208343817,
        "arr": 1.0
      },
      "W-2022-46": {
        "accuracy": 0.7215926199855963,
        "macro_f1": 0.7236818379221602,
        "arr": 0.8612033345311896
      },
      "W-2022-47": {
        "accuracy": 0.7141346679492993,
        "macro_f1": 0.7217736436916848,
        "arr": 0.8523024492053932
      }
    }
  },
  "bn_adapt": {
    "source_accuracy": 0.8378887900827826,
    "aurc": 0.5957848530446287,
    "periods": {
      "W-2022-45": {
        "accuracy": 0.8378887900827826,
        "macro_f1": 0.7787650208343817,
        "arr": 1.0
      },
      "W-2022-46": {
        "accuracy": 0.7215926199855963,
        "macro_f1": 0.7236818379221602,
        "arr": 0.8612033345311896
      },
      "W-2022-47": {
        "accuracy": 0.7141346679492993,
        "macro_f1": 0.7217736436916848,
        "arr": 0.8523024492053932
      }
    }
  },
  "tent": {
    "source_accuracy": 0.8378887900827826,
    "aurc": 0.554882133789536,
    "periods": {
      "W-2022-45": {
        "accuracy": 0.8306797982179117,
        "macro_f1": 0.7423091747109248,
        "arr": 0.9913962426157311
      },
      "W-2022-46": {
        "accuracy": 0.681258143701025,
        "macro_f1": 0.5812793527849985,
        "arr": 0.813065112893702
      },
      "W-2022-47": {
        "accuracy": 0.5963810326968401,
        "macro_f1": 0.45256320384461945,
        "arr": 0.7117663343340805
      }
    }
  },
  "eata": {
    "source_accuracy": 0.8378887900827826,
    "aurc": 0.5958336467463322,
    "periods": {
      "W-2022-45": {
        "accuracy": 0.8379118611167699,
        "macro_f1": 0.7787516897590475,
        "arr": 1.0000275347209084
      },
      "W-2022-46": {
        "accuracy": 0.721666957740275,
        "macro_f1": 0.723689764533315,
        "arr": 0.8612920548429523
      },
      "W-2022-47": {
        "accuracy": 0.7142082235800585,
        "macro_f1": 0.7217349100154877,
        "arr": 0.8523902360711801
      }
    }
  },
  "cotta": {
    "source_accuracy": 0.8378887900827826,
    "aurc": 0.5981476875985204,
    "periods": {
      "W-2022-45": {
        "accuracy": 0.8391030798103969,
        "macro_f1": 0.7788944719782157,
        "arr": 1.0014492254127119
      },
      "W-2022-46": {
        "accuracy": 0.7251834308875947,
        "macro_f1": 0.7245198652033416,
        "arr": 0.8654888804705781
      },
      "W-2022-47": {
        "accuracy": 0.7176175119308444,
        "macro_f1": 0.7223102290080894,
        "arr": 0.8564591392372543
      }
    }
  },
  "sar": {
    "source_accuracy": 0.8378887900827826,
    "aurc": 0.6002443378788604,
    "periods": {
      "W-2022-45": {
        "accuracy": 0.8390432834570014,
        "macro_f1": 0.7773407186664836,
        "arr": 1.0013778599115817
      },
      "W-2022-46": {
        "accuracy": 0.7281763680079643,
        "macro_f1": 0.7191860998099764,
        "arr": 0.8690608785158961
      },
      "W-2022-47": {
        "accuracy": 0.7222319926432261,
        "macro_f1": 0.7112502278492842,
        "arr": 0.8619664103297888
      }
    }
  },
  "note": {
    "source_accuracy": 0.8378887900827826,
    "aurc": 0.5784682839761194,
    "periods": {
      "W-2022-45": {
        "accuracy": 0.8363224709046011,
        "macro_f1": 0.7700631120481523,
        "arr": 0.9981306359546512
      },
      "W-2022-46": {
        "accuracy": 0.712246877467394,
        "macro_f1": 0.6895672289714665,
        "arr": 0.8500494169363749
      },
      "W-2022-47": {
        "accuracy": 0.6473363175326959,
        "macro_f1": 0.6013329795769865,
        "arr": 0.7725802340293152
      }
    }
  },
  "tta_tc": {
    "source_accuracy": 0.8378887900827826,
    "aurc": 0.5965016391137977,
    "periods": {
      "W-2022-45": {
        "accuracy": 0.8379418377663723,
        "macro_f1": 0.7773774493929437,
        "arr": 1.0000633111269868
      },
      "W-2022-46": {
        "accuracy": 0.7229875927313931,
        "macro_f1": 0.7189345066921423,
        "arr": 0.8628682007548552
      },
      "W-2022-47": {
        "accuracy": 0.7148951968475812,
        "macro_f1": 0.7166252121273841,
        "arr": 0.8532101220460895
      }
    }
  }
}