method,period,class_id,groups,support,precision,recall,f1
bn_static,M-2022-7,0,,627,0.7519788918205804,0.9090909090909091,0.8231046931407943
bn_static,M-2022-7,1,,5041,0.9278439869989166,0.8494346359849236,0.8869096934548467
bn_static,M-2022-7,2,absorber,4913,0.4716446124763705,0.7109708935477305,0.5670914846984333
bn_static,M-2022-7,3,,814,0.9960732984293194,0.9348894348894349,0.9645120405576679
bn_static,M-2022-7,4,,1306,0.9429223744292238,0.9486983154670751,0.9458015267175572
bn_static,M-2022-7,5,absorber,949,0.3919843597262952,0.845100105374078,0.535559265442404
bn_static,M-2022-7,6,degraded_noncollapsed,1455,0.08339429407461595,0.15670103092783505,0.10885652900453568
bn_static,M-2022-7,7,,13,1.0,0.15384615384615385,0.26666666666666666
bn_static,M-2022-7,8,stable,1238,0.8760268857356236,0.9474959612277868,0.910360884749709
bn_static,M-2022-7,9,degraded_noncollapsed,1255,0.6321626617375231,0.5450199203187251,0.5853658536585366
bn_static,M-2022-7,10,final_collapsed;gradual_collapsed,1346,0.9083769633507853,0.7734026745913819,0.8354735152487961
bn_static,M-2022-7,11,degraded_noncollapsed,1290,0.9610705596107056,0.3062015503875969,0.4644326866549089
bn_static,M-2022-7,12,degraded_noncollapsed,1813,0.8821635544108177,0.7556536127964699,0.8140225787284611
bn_static,M-2022-7,13,absorber,1115,0.4163763066202091,0.6430493273542601,0.5054635178004935
bn_static,M-2022-7,14,absorber;degraded_noncollapsed,4897,0.19095595126522963,0.33285685113334695,0.2426859227276111
bn_static,M-2022-7,15,stable,538,0.7624784853700516,0.8234200743494424,0.7917783735478106
bn_static,M-2022-7,16,,949,0.13095238095238096,0.13909378292939936,0.13490035769034237
bn_static,M-2022-7,17,,9274,0.957592033120734,0.9227949105024801,0.9398715062324968
bn_static,M-2022-7,18,,12401,0.681339547730019,0.9548423514232723,0.7952316991269308
bn_static,M-2022-7,19,degraded_noncollapsed,9918,0.7578656126482214,0.9666263359548296,0.8496100673520028
bn_static,M-2022-7,20,,1273,0.9063313096270599,0.8208955223880597,0.8615004122011541
bn_static,M-2022-7,21,,1255,0.935163996948894,0.9768924302788845,0.9555728760717069
bn_static,M-2022-7,22,,449,0.6153846153846154,0.6948775055679287,0.6527196652719666
bn_static,M-2022-7,23,,5629,0.6938724259166248,0.9817019008704921,0.8130655484440521
bn_static,M-2022-7,24,degraded_noncollapsed,4214,0.9820359281437125,0.9340294257237779,0.9574312819265386
bn_static,M-2022-7,25,,35008,0.8212797619047619,0.9458980804387569,0.879194987255735
bn_static,M-2022-7,26,final_collapsed;abrupt_collapsed,952,0.44384384384384384,0.7762605042016807,0.5647688192586932
bn_static,M-2022-7,27,,15113,0.9987745098039216,0.6471249917289751,0.7853844609516162
bn_static,M-2022-7,28,degraded_noncollapsed,10579,0.748850636159521,0.6620663578788165,0.7027894842464378
bn_static,M-2022-7,29,,19817,0.7263778293309925,0.584599081596609,0.6478219538108818
bn_static,M-2022-7,30,,5745,0.9996320824135394,0.9458659704090514,0.9720060817458188
bn_static,M-2022-7,31,,5940,0.9125020216723273,0.9498316498316498,0.9307927080755588
bn_static,M-2022-7,32,degraded_noncollapsed,2014,0.2741683411475776,0.6097318768619663,0.3782535037732943
bn_static,M-2022-7,33,,273,0.3069306930693069,0.11355311355311355,0.1657754010695187
bn_static,M-2022-7,34,degraded_noncollapsed,802,0.9782608695652174,0.8977556109725686,0.9362808842652796
bn_static,M-2022-7,35,,3174,0.9961430575035063,0.8950850661625709,0.9429140391636243
bn_static,M-2022-7,36,degraded_noncollapsed,1292,0.7908713692946058,0.7376160990712074,0.76331597917501
bn_static,M-2022-7,37,,939,0.9764705882352941,0.35356762513312034,0.5191555903049258
bn_static,M-2022-7,38,final_collapsed;abrupt_collapsed,102,0.6049382716049383,0.4803921568627451,0.5355191256830601
bn_static,M-2022-7,39,,5963,0.9247003207833868,0.9184974006372632,0.9215884233552079
bn_static,M-2022-7,40,degraded_noncollapsed,1205,0.9914712153518124,0.7717842323651453,0.8679421371908539
bn_static,M-2022-7,41,,1992,0.7776595744680851,0.3669678714859438,0.49863574351978174
bn_static,M-2022-7,42,degraded_noncollapsed,630,0.5254237288135594,0.049206349206349205,0.0899854862119013
bn_static,M-2022-7,43,,1330,0.815914489311164,0.5165413533834586,0.6325966850828729
bn_static,M-2022-7,44,stable,1904,0.9982537834691502,0.9007352941176471,0.9469906129210381
bn_static,M-2022-7,45,absorber,1928,0.7313432835820896,0.6607883817427386,0.6942779291553134
bn_static,M-2022-7,46,absorber,4182,0.6745454545454546,0.6209947393591583,0.6466633466135459
bn_static,M-2022-7,47,final_collapsed;gradual_collapsed,384,0.9945205479452055,0.9453125,0.9692923898531375
bn_static,M-2022-7,48,final_collapsed;abrupt_collapsed,4498,0.3318007662835249,0.09626500666963095,0.14923315526451836
bn_static,M-2022-7,49,,13761,0.8625819643234859,0.8890342271637236,0.8756083595762955
bn_static,M-2022-7,50,degraded_noncollapsed,2568,0.0778405524168236,0.048286604361370715,0.059601057438115834
bn_static,M-2022-7,51,,15397,0.7338059154241017,0.9748652334870429,0.8373312506973112
bn_static,M-2022-7,52,,1010,0.6453608247422681,0.6198019801980198,0.6323232323232323
bn_static,M-2022-7,53,,4517,0.8422825440855954,0.9411113570954173,0.8889585947302384
bn_static,M-2022-7,54,degraded_noncollapsed,3357,0.1590909090909091,0.08757819481680071,0.11296829971181556
bn_static,M-2022-7,55,degraded_noncollapsed,5627,0.9516569866757773,0.9900479829393993,0.970472955317481
bn_static,M-2022-7,56,final_collapsed;abrupt_collapsed,8114,0.0023094688221709007,0.00012324377618930243,0.000234000234000234
bn_static,M-2022-7,57,stable,2449,0.9402927580893683,0.9967333605553287,0.9676907829534193
bn_static,M-2022-7,58,,1749,1.0,0.9982847341337907,0.9991416309012876
bn_static,M-2022-7,59,stable,5381,0.9076740640352363,0.9957257015424642,0.9496632399858206
bn_static,M-2022-7,60,,21024,0.8345613433858807,0.9266552511415526,0.8782005048683736
bn_static,M-2022-7,61,,12195,0.7430485762144053,0.7275112751127512,0.7351978454526621
bn_static,M-2022-7,62,stable,8933,0.9521885521885521,0.9497369304824806,0.9509611612397019
bn_static,M-2022-7,63,,8561,0.8826573193123017,0.6176848499007125,0.7267729521715228
bn_static,M-2022-7,64,stable,16,0.024291497975708502,0.375,0.045627376425855515
bn_static,M-2022-7,65,,2044,0.9742747673782156,0.8708414872798435,0.919659002841643
bn_static,M-2022-7,66,final_collapsed;abrupt_collapsed,2587,0.8220640569395018,0.714340935446463,0.7644260599793175
bn_static,M-2022-7,67,,1175,0.31198808637379,0.3565957446808511,0.3328038125496426
bn_static,M-2022-7,68,,3493,0.6735088142960638,0.798454050959061,0.7306785433586587
bn_static,M-2022-7,69,final_collapsed;abrupt_collapsed,605,0.8061674008810573,0.9074380165289256,0.8538102643856921
bn_static,M-2022-7,70,degraded_noncollapsed,1078,0.5720338983050848,0.6261595547309833,0.5978742249778565
bn_static,M-2022-7,71,absorber,78156,0.8599406919275123,0.8348431342443319,0.847206081892606
bn_static,M-2022-7,72,,7931,0.750506329113924,0.7475728155339806,0.7490367001452846
bn_static,M-2022-7,73,,15014,0.9910702019508174,0.9609697615558812,0.9757879074800487
bn_static,M-2022-7,74,,3474,0.5315161839863713,0.6286701208981001,0.5760253197942766
bn_static,M-2022-7,75,degraded_noncollapsed,16084,0.7206004018437537,0.7581447401143994,0.7388959583106102
bn_static,M-2022-7,76,stable,5019,0.9310800105624505,0.7025303845387527,0.8008176243470361
bn_static,M-2022-7,77,,35082,0.8102562701491722,0.8453622940539308,0.8274370849840968
bn_static,M-2022-7,78,,31608,0.9846372495939361,0.9205897241204758,0.9515369522563767
bn_static,M-2022-7,79,,10765,0.7184645042326712,0.7962842545285648,0.7553753965456468
bn_static,M-2022-7,80,degraded_noncollapsed,2151,0.5761523046092184,0.2673175267317527,0.36519530009526835
bn_static,M-2022-7,81,,3251,0.9154768703597944,0.9861581051984005,0.9495039241818451
bn_static,M-2022-7,82,,38594,0.851400798860367,0.7897859770948852,0.819436790106862
bn_static,M-2022-7,83,,21074,0.7807967473317956,0.9477080763025529,0.8561935995541552
bn_static,M-2022-7,84,,1135,0.8558352402745996,0.9885462555066079,0.9174161896974653
bn_static,M-2022-7,85,,1437,0.9334677419354839,0.9665970772442589,0.9497435897435897
bn_static,M-2022-7,86,,16760,0.9097351221190231,0.7889618138424821,0.8450551206262982
bn_static,M-2022-7,87,,9083,0.8870659285354806,0.9702741385004954,0.9268061836155221
bn_static,M-2022-7,88,,239,0.3463855421686747,0.4811715481171548,0.4028021015761821
bn_static,M-2022-7,89,,552,0.9727891156462585,0.7771739130434783,0.8640483383685801
bn_static,M-2022-7,90,,3605,0.7816869643662607,0.9614424410540915,0.8622963055106356
bn_static,M-2022-7,91,,2609,0.8304363249379213,0.8972786508240705,0.8625644804716286
bn_static,M-2022-7,92,,804,0.39059876888640177,0.8681592039800995,0.5387881126978
bn_static,M-2022-7,93,,24700,0.844732370433305,0.8050607287449393,0.8244195688225538
bn_static,M-2022-7,94,stable,123,0.005082776648271856,0.2845528455284553,0.009987159366528749
bn_static,M-2022-7,95,,53160,0.9928111851167003,0.9898043641835967,0.9913054945883062
bn_static,M-2022-7,96,absorber;degraded_noncollapsed,37892,0.9798257973613423,0.807505542066927,0.8853587962962963
bn_static,M-2022-7,97,,30023,0.976509511993383,0.7864637111547813,0.8712432891168386
bn_static,M-2022-7,98,stable,48679,0.9955455651564208,0.9917007333757883,0.9936194298651847
bn_static,M-2022-7,99,stable,18048,0.9908119144847466,0.9141733156028369,0.9509510086455332
bn_static,M-2022-7,100,,10947,0.9855982274741507,0.9752443591851648,0.9803939574819781
bn_static,M-2022-7,101,degraded_noncollapsed,44889,0.977319587628866,0.44349395174764417,0.6101227416908013
bn_static,M-2022-7,102,,41479,0.866453125654231,0.997782010173823,0.9274917362317217
bn_static,M-2022-7,103,degraded_noncollapsed,1231,0.9329470198675497,0.9155158407798538,0.924149241492415
bn_static,M-2022-7,104,final_collapsed;gradual_collapsed,1719,0.44695898161244696,0.18382780686445607,0.2605111294311624
bn_static,M-2022-7,105,absorber;degraded_noncollapsed,1105,0.2015267175572519,0.7167420814479638,0.31459781529294933
bn_static,M-2022-7,106,,2288,0.9731949848681366,0.9838286713286714,0.9784829384916323
bn_static,M-2022-7,107,stable,2160,0.9529198732458126,0.9745370370370371,0.963607232776379
bn_static,M-2022-7,108,,7204,0.9797196540411571,0.9119933370349805,0.9446441409058232
bn_static,M-2022-7,109,final_collapsed;abrupt_collapsed,1236,0.956953642384106,0.9352750809061489,0.9459901800327333
bn_static,M-2022-7,110,,6102,0.9386530340075573,0.6920681743690593,0.7967172908216206
bn_static,M-2022-7,111,degraded_noncollapsed,1330,0.40698455339153794,0.4556390977443609,0.4299396949272792
bn_static,M-2022-7,112,degraded_noncollapsed,1780,0.8697342838626053,0.7539325842696629,0.8077038820343063
bn_static,M-2022-7,113,stable,2014,0.9904378459989934,0.9771598808341608,0.9837540614846289
bn_static,M-2022-7,114,,1939,0.8444643657552667,0.9716348633316142,0.9035971223021583
bn_static,M-2022-7,115,,13745,0.9671859157526039,0.7634048744998181,0.8532975522485159
bn_static,M-2022-7,116,,3519,0.9653069004956157,0.7195225916453538,0.8244871377401498
bn_static,M-2022-7,117,,45039,0.6369470028687906,0.7493061568862541,0.6885730899890842
bn_static,M-2022-7,118,degraded_noncollapsed,1354,0.7904269081500647,0.9025110782865583,0.8427586206896551
bn_static,M-2022-7,119,stable,1430,0.889811320754717,0.8244755244755245,0.8558983666061706
bn_static,M-2022-7,120,,1510,0.587012987012987,0.8980132450331125,0.7099476439790576
bn_static,M-2022-7,121,final_collapsed;gradual_collapsed,7,0.0,0.0,0.0
bn_static,M-2022-7,122,,41710,0.9433123988700874,0.8246463677775114,0.8799969298862779
bn_static,M-2022-7,123,degraded_noncollapsed,1121,0.7602663706992231,0.6110615521855486,0.6775469831849654
bn_static,M-2022-7,124,,20257,0.9499115139164477,0.8744137828898653,0.9106004523956406
bn_static,M-2022-7,125,,2871,0.5402393726784978,0.9118773946360154,0.6785020085525463
bn_static,M-2022-7,126,,1107,0.954070981210856,0.8256549232158988,0.8852300242130751
bn_static,M-2022-7,127,,2163,0.899837574445046,0.768377253814147,0.8289276807980049
bn_static,M-2022-7,128,stable,2154,0.9012400354295838,0.9447539461467038,0.9224841341795105
bn_static,M-2022-7,129,degraded_noncollapsed,19427,0.801318719706563,0.944613167241468,0.867085617085617
bn_static,M-2022-7,130,stable,4594,0.6655416264866603,0.9013931214627775,0.7657174556213018
bn_static,M-2022-7,131,stable,26165,0.9232064668238464,0.9428243837187082,0.9329123019324584
bn_static,M-2022-7,132,stable,10712,0.9857928505957837,0.8032113517550411,0.8851851851851852
bn_static,M-2022-7,133,,36135,0.8946552258864882,0.9579631935796319,0.9252275248239272
bn_static,M-2022-7,134,,6337,0.9398330445739487,0.941612750512861,0.9407220558095538
bn_static,M-2022-7,135,,1882,0.7042864894194248,0.6896918172157279,0.6969127516778524
bn_static,M-2022-7,136,,14759,0.8153326265571164,0.8337285723965038,0.8244279923620649
bn_static,M-2022-7,137,degraded_noncollapsed,1585,0.5481481481481482,0.09337539432176656,0.15956873315363881
bn_static,M-2022-7,138,degraded_noncollapsed,28132,0.8060668913663469,0.5525735816863359,0.6556720163654386
bn_static,M-2022-7,139,degraded_noncollapsed,1011,0.3769633507853403,0.21364985163204747,0.2727272727272727
bn_static,M-2022-7,140,,13811,0.6424075295246089,0.7759032655129969,0.7028728846910665
bn_static,M-2022-7,141,,1364,0.5985748218527316,0.7390029325513197,0.6614173228346457
bn_static,M-2022-7,142,,23002,0.876048858204992,0.7171550299973916,0.7886785236182826
bn_static,M-2022-7,143,degraded_noncollapsed,2408,0.6655216831258051,0.643687707641196,0.6544226303567658
bn_static,M-2022-7,144,stable,3002,0.9349211673934921,0.9283810792804796,0.9316396456627111
bn_static,M-2022-7,145,stable,1697,0.9988179669030733,0.995875073659399,0.9973443493655946
bn_static,M-2022-7,146,,4786,0.9973675551168147,0.6333054743000418,0.7746964856230032
bn_static,M-2022-7,147,degraded_noncollapsed,55,0.17333333333333334,0.23636363636363636,0.2
bn_static,M-2022-7,148,,4632,0.9105381165919283,0.876727115716753,0.8933128024637044
bn_static,M-2022-7,149,,32883,0.6969740468534681,0.7382842198096281,0.7170346304363878
bn_static,M-2022-7,150,degraded_noncollapsed,1436,0.8543689320388349,0.3064066852367688,0.451050743208611
bn_static,M-2022-7,151,,1469,0.8113079019073569,0.8107556160653506,0.8110316649642493
bn_static,M-2022-7,152,degraded_noncollapsed,336,0.936046511627907,0.9583333333333334,0.9470588235294117
bn_static,M-2022-7,153,,39925,0.672716704479403,0.8986349405134627,0.7694353299448841
bn_static,M-2022-7,154,,1219,0.6224719101123596,0.6817063166529943,0.6507439310884886
bn_static,M-2022-7,155,,5019,0.646477132262052,0.7294281729428173,0.6854521625163827
bn_static,M-2022-7,156,absorber,19602,0.6417486338797814,0.8986838077747169,0.7487885743432797
bn_static,M-2022-7,157,,937,0.2953941541186891,0.7118463180362861,0.41752738654147104
bn_static,M-2022-7,158,,5930,0.8807542983915696,0.8033726812816189,0.8402857394831996
bn_static,M-2022-7,159,,1512,0.6945010183299389,0.45105820105820105,0.5469125902165196
bn_static,M-2022-7,160,,1230,0.45362058647516457,0.616260162601626,0.5225784212340572
bn_static,M-2022-7,161,,1512,0.9644153957879448,0.8783068783068783,0.919349255797854
bn_static,M-2022-7,162,,241,0.5714285714285714,0.3651452282157676,0.44556962025316454
bn_static,M-2022-7,163,final_collapsed;gradual_collapsed,1276,0.15296803652968036,0.052507836990595615,0.07817969661610269
bn_static,M-2022-7,164,,1702,0.09673055242390079,0.2520564042303173,0.13980772364347402
bn_static,M-2022-7,165,,5683,0.7857542420287152,0.7415097659686786,0.7629911280101395
bn_static,M-2022-7,166,degraded_noncollapsed,1530,0.28110599078341014,0.47843137254901963,0.35413642960812775
bn_static,M-2022-7,167,degraded_noncollapsed,23,0.07476635514018691,0.34782608695652173,0.12307692307692308
bn_static,M-2022-7,168,,2156,0.6984600099354198,0.6521335807050093,0.6745022787239147
bn_static,M-2022-7,169,,2090,0.9658653846153846,0.961244019138756,0.9635491606714628
bn_static,M-2022-7,170,,1882,0.8793103448275862,0.6503719447396387,0.7477092241905925
bn_static,M-2022-7,171,,6243,0.5760691750408974,0.7896844465801698,0.6661712046483346
bn_static,M-2022-7,172,,5217,0.5181614349775785,0.8859497795668009,0.6538869632878263
bn_static,M-2022-7,173,degraded_noncollapsed,1718,0.9928952042628775,0.6507566938300349,0.7862165963431786
bn_static,M-2022-7,174,final_collapsed;abrupt_collapsed,1067,0.0,0.0,0.0
bn_static,M-2022-7,175,,32188,0.7212007625941125,0.6933950540574128,0.707024629761622
bn_static,M-2022-7,176,degraded_noncollapsed,1623,0.611525086934923,0.758471965495995,0.6771177117711771
bn_static,M-2022-7,177,,1188,0.43795341733486065,0.9654882154882155,0.6025742054110849
bn_adabn,M-2022-7,0,,627,0.8129205921938089,0.9633173843700159,0.8817518248175182
bn_adabn,M-2022-7,1,,5041,0.9392737896494157,0.8928783971434239,0.9154886606325638
bn_adabn,M-2022-7,2,absorber,4913,0.6841576196220346,0.6926521473641359,0.6883786790735309
bn_adabn,M-2022-7,3,,814,0.9647630619684082,0.9754299754299754,0.9700671960904093
bn_adabn,M-2022-7,4,,1306,0.9352409638554217,0.9509954058192955,0.9430523917995444
bn_adabn,M-2022-7,5,absorber,949,0.4122674710910005,0.8640674394099052,0.5582028590878149
bn_adabn,M-2022-7,6,degraded_noncollapsed,1455,0.0786046511627907,0.2323024054982818,0.11746307558644657
bn_adabn,M-2022-7,7,,13,0.6,0.23076923076923078,0.3333333333333333
bn_adabn,M-2022-7,8,stable,1238,0.8762962962962964,0.9555735056542811,0.9142194744976816
bn_adabn,M-2022-7,9,degraded_noncollapsed,1255,0.7348406988694759,0.5697211155378487,0.6418312387791741
bn_adabn,M-2022-7,10,final_collapsed;gradual_collapsed,1346,0.9398305084745763,0.8239227340267459,0.8780680918448139
bn_adabn,M-2022-7,11,degraded_noncollapsed,1290,0.8942598187311178,0.45891472868217054,0.6065573770491803
bn_adabn,M-2022-7,12,degraded_noncollapsed,1813,0.7124270973530731,0.875896304467733,0.7857496288965858
bn_adabn,M-2022-7,13,absorber,1115,0.4849476439790576,0.6645739910313901,0.5607264472190693
bn_adabn,M-2022-7,14,absorber;degraded_noncollapsed,4897,0.2699396004336379,0.3559322033898305,0.3070283600493218
bn_adabn,M-2022-7,15,stable,538,0.7151898734177216,0.8401486988847584,0.7726495726495727
bn_adabn,M-2022-7,16,,949,0.2790224032586558,0.14436248682824027,0.19027777777777777
bn_adabn,M-2022-7,17,,9274,0.9680523004810657,0.8462367910286823,0.903055060123123
bn_adabn,M-2022-7,18,,12401,0.7152939769124947,0.9643577130876542,0.8213598901098901
bn_adabn,M-2022-7,19,degraded_noncollapsed,9918,0.8974212579693596,0.9508973583383746,0.9233857149850688
bn_adabn,M-2022-7,20,,1273,0.9044534412955466,0.8774548311076198,0.8907496012759171
bn_adabn,M-2022-7,21,,1255,0.9536321483771252,0.9832669322709163,0.9682228324833267
bn_adabn,M-2022-7,22,,449,0.6225490196078431,0.8485523385300668,0.7181903864278982
bn_adabn,M-2022-7,23,,5629,0.8439651216154199,0.9801030378397584,0.9069538056879829
bn_adabn,M-2022-7,24,degraded_noncollapsed,4214,0.9751196172248804,0.9672520170859041,0.9711698832499405
bn_adabn,M-2022-7,25,,35008,0.8380015519010788,0.956324268738574,0.893261649701837
bn_adabn,M-2022-7,26,final_collapsed;abrupt_collapsed,952,0.6817752596789424,0.7584033613445378,0.7180507210343113
bn_adabn,M-2022-7,27,,15113,0.9961387148477342,0.9047177926288625,0.9482298276639273
bn_adabn,M-2022-7,28,degraded_noncollapsed,10579,0.6664952429930573,0.735041119198412,0.6990919715903983
bn_adabn,M-2022-7,29,,19817,0.7269407403308803,0.6629661401826714,0.6934811295856427
bn_adabn,M-2022-7,30,,5745,0.998945518453427,0.9893820713664055,0.9941407958023611
bn_adabn,M-2022-7,31,,5940,0.9625041295011563,0.980976430976431,0.9716524929131233
bn_adabn,M-2022-7,32,degraded_noncollapsed,2014,0.5976364659538548,0.5273088381330685,0.5602743339488262
bn_adabn,M-2022-7,33,,273,0.3706293706293706,0.3882783882783883,0.37924865831842575
bn_adabn,M-2022-7,34,degraded_noncollapsed,802,0.9671052631578947,0.9164588528678305,0.941101152368758
bn_adabn,M-2022-7,35,,3174,0.9975601254792611,0.9017013232514177,0.9472116498427933
bn_adabn,M-2022-7,36,degraded_noncollapsed,1292,0.8083832335329342,0.8359133126934984,0.821917808219178
bn_adabn,M-2022-7,37,,939,0.9704545454545455,0.9094781682641108,0.9389774601429357
bn_adabn,M-2022-7,38,final_collapsed;abrupt_collapsed,102,0.7,0.4803921568627451,0.5697674418604651
bn_adabn,M-2022-7,39,,5963,0.9721394778342387,0.930404158980379,0.9508140531276779
bn_adabn,M-2022-7,40,degraded_noncollapsed,1205,0.9824074074074074,0.8804979253112033,0.9286652078774617
bn_adabn,M-2022-7,41,,1992,0.7623674911660777,0.43323293172690763,0.5524967989756722
bn_adabn,M-2022-7,42,degraded_noncollapsed,630,0.29064039408866993,0.09365079365079365,0.14165666266506602
bn_adabn,M-2022-7,43,,1330,0.7983739837398374,0.7383458646616541,0.7671875
bn_adabn,M-2022-7,44,stable,1904,0.9907887161773172,0.9038865546218487,0.9453446855259544
bn_adabn,M-2022-7,45,absorber,1928,0.7761437908496732,0.7391078838174274,0.757173219978746
bn_adabn,M-2022-7,46,absorber,4182,0.6725023342670402,0.6889048302247729,0.6806047720292936
bn_adabn,M-2022-7,47,final_collapsed;gradual_collapsed,384,0.9918032786885246,0.9453125,0.968
bn_adabn,M-2022-7,48,final_collapsed;abrupt_collapsed,4498,0.8977035490605428,0.09559804357492219,0.17279485633916014
bn_adabn,M-2022-7,49,,13761,0.8686023622047244,0.8978271927912216,0.88297302126139
bn_adabn,M-2022-7,50,degraded_noncollapsed,2568,0.1580246913580247,0.04984423676012461,0.07578448786264061
bn_adabn,M-2022-7,51,,15397,0.8637833468067906,0.9715528999155679,0.9145040501299099
bn_adabn,M-2022-7,52,,1010,0.6673151750972762,0.6792079207920793,0.6732090284592738
bn_adabn,M-2022-7,53,,4517,0.8737725040916531,0.9455390746070401,0.908240297713982
bn_adabn,M-2022-7,54,degraded_noncollapsed,3357,0.1696230598669623,0.09115281501340483,0.11858167021894982
bn_adabn,M-2022-7,55,degraded_noncollapsed,5627,0.8657314629258517,0.9980451395059534,0.9271916790490342
bn_adabn,M-2022-7,56,final_collapsed;abrupt_collapsed,8114,0.03225806451612903,0.00012324377618930243,0.00024554941682013506
bn_adabn,M-2022-7,57,stable,2449,0.9798630688683044,0.9934667211106574,0.98661800486618
bn_adabn,M-2022-7,58,,1749,0.9819921215531795,0.9977129788450543,0.9897901304594441
bn_adabn,M-2022-7,59,stable,5381,0.8178075926208264,0.996840735922691,0.8984924623115578
bn_adabn,M-2022-7,60,,21024,0.8582936967048035,0.952720700152207,0.9030454678659182
bn_adabn,M-2022-7,61,,12195,0.7101791110783519,0.7900779007790077,0.7480009316046891
bn_adabn,M-2022-7,62,stable,8933,0.9422212476702116,0.9620508227918952,0.9520327905173369
bn_adabn,M-2022-7,63,,8561,0.8374678053409245,0.7216446676790095,0.7752541096749906
bn_adabn,M-2022-7,64,stable,16,0.021505376344086023,0.25,0.039603960396039604
bn_adabn,M-2022-7,65,,2044,0.9235569422776911,0.8688845401174168,0.8953869422737585
bn_adabn,M-2022-7,66,final_collapsed;abrupt_collapsed,2587,0.8551422319474836,0.7553150367220719,0.8021346469622331
bn_adabn,M-2022-7,67,,1175,0.34972677595628415,0.32680851063829786,0.33787945446546414
bn_adabn,M-2022-7,68,,3493,0.7415017757483511,0.8368164901231033,0.7862811028917284
bn_adabn,M-2022-7,69,final_collapsed;abrupt_collapsed,605,0.7619047619047619,0.9256198347107438,0.835820895522388
bn_adabn,M-2022-7,70,degraded_noncollapsed,1078,0.635593220338983,0.6261595547309833,0.6308411214953271
bn_adabn,M-2022-7,71,absorber,78156,0.8383429883047328,0.8832335329341318,0.8602029944484944
bn_adabn,M-2022-7,72,,7931,0.7771347736625515,0.7619467910730047,0.7694658432545999
bn_adabn,M-2022-7,73,,15014,0.9789648307896484,0.9826162248568003,0.9807871293710942
bn_adabn,M-2022-7,74,,3474,0.6757369614512472,0.6004605641911341,0.6358786770309404
bn_adabn,M-2022-7,75,degraded_noncollapsed,16084,0.633409528931917,0.8786371549365829,0.7361375179059774
bn_adabn,M-2022-7,76,stable,5019,0.8976587014240889,0.7409842598127117,0.8118314778432657
bn_adabn,M-2022-7,77,,35082,0.8828144304423029,0.8147197993272903,0.8474013460227104
bn_adabn,M-2022-7,78,,31608,0.965591054313099,0.9561819792457605,0.9608634831817893
bn_adabn,M-2022-7,79,,10765,0.7675675675675676,0.791453785415699,0.7793276926595015
bn_adabn,M-2022-7,80,degraded_noncollapsed,2151,0.6654867256637168,0.3496048349604835,0.4583968302346845
bn_adabn,M-2022-7,81,,3251,0.9716136994754705,0.9686250384497078,0.970117067159581
bn_adabn,M-2022-7,82,,38594,0.7877724820361455,0.8436803648235477,0.814768476234564
bn_adabn,M-2022-7,83,,21074,0.9226315309565059,0.960282812944861,0.9410807291666666
bn_adabn,M-2022-7,84,,1135,0.9333333333333333,0.986784140969163,0.9593147751605996
bn_adabn,M-2022-7,85,,1437,0.9662301860785665,0.9756437021572721,0.9709141274238227
bn_adabn,M-2022-7,86,,16760,0.8811477977570328,0.8391408114558473,0.8596314293572935
bn_adabn,M-2022-7,87,,9083,0.9134029141262788,0.9731366288671144,0.9423240938166312
bn_adabn,M-2022-7,88,,239,0.24584717607973422,0.6192468619246861,0.351961950059453
bn_adabn,M-2022-7,89,,552,0.9513184584178499,0.8496376811594203,0.8976076555023923
bn_adabn,M-2022-7,90,,3605,0.954507628294036,0.954507628294036,0.954507628294036
bn_adabn,M-2022-7,91,,2609,0.8692924363889857,0.9559218091222691,0.9105512960934647
bn_adabn,M-2022-7,92,,804,0.7878440366972477,0.8544776119402985,0.8198090692124105
bn_adabn,M-2022-7,93,,24700,0.8768737544406897,0.8194331983805668,0.8471809468000502
bn_adabn,M-2022-7,94,stable,123,0.021301775147928994,0.43902439024390244,0.040632054176072234
bn_adabn,M-2022-7,95,,53160,0.9951545656011719,0.9967644845748683,0.9959588744995583
bn_adabn,M-2022-7,96,absorber;degraded_noncollapsed,37892,0.9547755150649041,0.8463264013512087,0.8972859541130386
bn_adabn,M-2022-7,97,,30023,0.9000273991369272,0.8752956067015288,0.8874892352375002
bn_adabn,M-2022-7,98,stable,48679,0.9957044496968451,0.9952135417736601,0.9954589352127725
bn_adabn,M-2022-7,99,stable,18048,0.991991991991992,0.9334552304964538,0.9618338043447232
bn_adabn,M-2022-7,100,,10947,0.960829289810322,0.9948844432264548,0.9775603626245399
bn_adabn,M-2022-7,101,degraded_noncollapsed,44889,0.977773580153633,0.6918844260286484,0.8103531499093317
bn_adabn,M-2022-7,102,,41479,0.8901635815755489,0.9970587526218087,0.9405838137800066
bn_adabn,M-2022-7,103,degraded_noncollapsed,1231,0.8556624722427831,0.9390739236393176,0.895429899302866
bn_adabn,M-2022-7,104,final_collapsed;gradual_collapsed,1719,0.4331150608044902,0.26934264107038974,0.3321377331420373
bn_adabn,M-2022-7,105,absorber;degraded_noncollapsed,1105,0.5258019525801952,0.6823529411764706,0.5939346199291059
bn_adabn,M-2022-7,106,,2288,0.9834278238116005,0.9855769230769231,0.9845012006112203
bn_adabn,M-2022-7,107,stable,2160,0.8038548752834467,0.9847222222222223,0.885143570536829
bn_adabn,M-2022-7,108,,7204,0.9650120893187313,0.9418378678511938,0.9532841587636108
bn_adabn,M-2022-7,109,final_collapsed;abrupt_collapsed,1236,0.9363707776904949,0.9644012944983819,0.950179354324432
bn_adabn,M-2022-7,110,,6102,0.9157838983050848,0.8500491642084562,0.8816930137684854
bn_adabn,M-2022-7,111,degraded_noncollapsed,1330,0.640625,0.462406015037594,0.537117903930131
bn_adabn,M-2022-7,112,degraded_noncollapsed,1780,0.8223812621990891,0.7101123595505618,0.762134458848357
bn_adabn,M-2022-7,113,stable,2014,0.9964806435394671,0.9841112214498511,0.9902573070197352
bn_adabn,M-2022-7,114,,1939,0.7567673597489212,0.9948427024239299,0.8596256684491979
bn_adabn,M-2022-7,115,,13745,0.904459721487749,0.7465987631866133,0.8179825435415089
bn_adabn,M-2022-7,116,,3519,0.918233082706767,0.8329070758738278,0.8734912829682611
bn_adabn,M-2022-7,117,,45039,0.7238649350649351,0.7734629987344301,0.7478425142759005
bn_adabn,M-2022-7,118,degraded_noncollapsed,1354,0.549162730785745,0.9446085672082718,0.694542492533261
bn_adabn,M-2022-7,119,stable,1430,0.9127948534667619,0.893006993006993,0.9027925061859314
bn_adabn,M-2022-7,120,,1510,0.5718601640051791,0.8774834437086093,0.6924483929971257
bn_adabn,M-2022-7,121,final_collapsed;gradual_collapsed,7,0.0,0.0,0.0
bn_adabn,M-2022-7,122,,41710,0.9295507167199979,0.8566530807959722,0.8916143682391545
bn_adabn,M-2022-7,123,degraded_noncollapsed,1121,0.8263736263736263,0.6708296164139161,0.740521910388971
bn_adabn,M-2022-7,124,,20257,0.9468079607133626,0.9041812706718665,0.9250037876874906
bn_adabn,M-2022-7,125,,2871,0.5073488372093024,0.9498432601880877,0.6614115934998788
bn_adabn,M-2022-7,126,,1107,0.9433962264150944,0.8581752484191508,0.8987701040681173
bn_adabn,M-2022-7,127,,2163,0.8949435444280806,0.8428109107720758,0.8680952380952381
bn_adabn,M-2022-7,128,stable,2154,0.9297124600638977,0.9456824512534819,0.9376294591484465
bn_adabn,M-2022-7,129,degraded_noncollapsed,19427,0.8367955202312138,0.9538271477840119,0.8914868538163624
bn_adabn,M-2022-7,130,stable,4594,0.7996888370283937,0.8950805398345668,0.8447000821692687
bn_adabn,M-2022-7,131,stable,26165,0.9178720728052976,0.94825148098605,0.9328144973306264
bn_adabn,M-2022-7,132,stable,10712,0.9699612403100775,0.8410194174757282,0.9009
bn_adabn,M-2022-7,133,,36135,0.9141790063386024,0.961892901618929,0.937429203301149
bn_adabn,M-2022-7,134,,6337,0.9392106456978678,0.9801167744989743,0.9592277992277992
bn_adabn,M-2022-7,135,,1882,0.7747474747474747,0.8150903294367694,0.7944070429829104
bn_adabn,M-2022-7,136,,14759,0.8110079575596817,0.9115116200284572,0.8583277506619453
bn_adabn,M-2022-7,137,degraded_noncollapsed,1585,0.6688311688311688,0.1949526813880126,0.30190522716170004
bn_adabn,M-2022-7,138,degraded_noncollapsed,28132,0.877031475005143,0.606178017915541,0.716874054144947
bn_adabn,M-2022-7,139,degraded_noncollapsed,1011,0.5240274599542334,0.2265084075173096,0.31629834254143646
bn_adabn,M-2022-7,140,,13811,0.7081423129075999,0.7940771848526537,0.7486517851047854
bn_adabn,M-2022-7,141,,1364,0.6960526315789474,0.7756598240469208,0.7337031900138696
bn_adabn,M-2022-7,142,,23002,0.8444333499750375,0.735327362838014,0.7861126603457892
bn_adabn,M-2022-7,143,degraded_noncollapsed,2408,0.6627348186981215,0.6299833887043189,0.6459442197147115
bn_adabn,M-2022-7,144,stable,3002,0.9498293515358361,0.9270486342438374,0.9383007417397168
bn_adabn,M-2022-7,145,stable,1697,0.9982279976373302,0.995875073659399,0.9970501474926253
bn_adabn,M-2022-7,146,,4786,0.98544474393531,0.763894692854158,0.8606403013182674
bn_adabn,M-2022-7,147,degraded_noncollapsed,55,0.15454545454545454,0.3090909090909091,0.20606060606060606
bn_adabn,M-2022-7,148,,4632,0.9584905660377359,0.8773747841105354,0.9161406672678089
bn_adabn,M-2022-7,149,,32883,0.777467185221196,0.7781528449350729,0.7778098639714264
bn_adabn,M-2022-7,150,degraded_noncollapsed,1436,0.8728813559322034,0.21518105849582173,0.3452513966480447
bn_adabn,M-2022-7,151,,1469,0.7718416090509114,0.8359428182437032,0.8026143790849674
bn_adabn,M-2022-7,152,degraded_noncollapsed,336,0.9005524861878453,0.9702380952380952,0.9340974212034384
bn_adabn,M-2022-7,153,,39925,0.7576072281649184,0.9135879774577332,0.8283183831043488
bn_adabn,M-2022-7,154,,1219,0.6738754325259516,0.6390484003281378,0.656
bn_adabn,M-2022-7,155,,5019,0.735311456081745,0.745566845985256,0.740403640680649
bn_adabn,M-2022-7,156,absorber,19602,0.7545941807044411,0.9049586776859504,0.822964509394572
bn_adabn,M-2022-7,157,,937,0.35732916014606153,0.7310565635005336,0.4800280308339173
bn_adabn,M-2022-7,158,,5930,0.9397275611121478,0.8492411467116358,0.8921959429533174
bn_adabn,M-2022-7,159,,1512,0.6815165876777252,0.4755291005291005,0.5601869887027658
bn_adabn,M-2022-7,160,,1230,0.4238070805541303,0.6715447154471544,0.5196602705253224
bn_adabn,M-2022-7,161,,1512,0.9703180212014134,0.908068783068783,0.9381619405534677
bn_adabn,M-2022-7,162,,241,0.7028571428571428,0.5103734439834025,0.5913461538461539
bn_adabn,M-2022-7,163,final_collapsed;gradual_collapsed,1276,0.19080459770114944,0.06504702194357367,0.09701928696668614
bn_adabn,M-2022-7,164,,1702,0.22929936305732485,0.23266745005875442,0.23097112860892388
bn_adabn,M-2022-7,165,,5683,0.7744831906452286,0.6526482491641739,0.7083651642475172
bn_adabn,M-2022-7,166,degraded_noncollapsed,1530,0.4667437825332562,0.5274509803921569,0.4952439398588524
bn_adabn,M-2022-7,167,degraded_noncollapsed,23,0.29411764705882354,0.43478260869565216,0.3508771929824561
bn_adabn,M-2022-7,168,,2156,0.7065404475043029,0.761595547309833,0.7330357142857142
bn_adabn,M-2022-7,169,,2090,0.8990384615384616,0.9842105263157894,0.9396984924623115
bn_adabn,M-2022-7,170,,1882,0.7756041426927502,0.7162592986184909,0.7447513812154696
bn_adabn,M-2022-7,171,,6243,0.6116984759027874,0.7135992311388756,0.6587313322490019
bn_adabn,M-2022-7,172,,5217,0.7799302595893065,0.7717078780908568,0.7757972829752384
bn_adabn,M-2022-7,173,degraded_noncollapsed,1718,0.997000599880024,0.9674039580908033,0.9819793205317577
bn_adabn,M-2022-7,174,final_collapsed;abrupt_collapsed,1067,0.0,0.0,0.0
bn_adabn,M-2022-7,175,,32188,0.7758141450190453,0.7023735553622468,0.7372694809959399
bn_adabn,M-2022-7,176,degraded_noncollapsed,1623,0.6319684262456833,0.789279112754159,0.701917808219178
bn_adabn,M-2022-7,177,,1188,0.9670050761421319,0.9621212121212122,0.9645569620253165
bn_static,M-2022-10,0,,1642,0.867741935483871,0.8191230207064556,0.8427318295739349
bn_static,M-2022-10,1,,4956,0.897203947368421,0.880548829701372,0.8887983706720978
bn_static,M-2022-10,2,absorber,5086,0.3019040492225825,0.7139205662603224,0.4243557529363642
bn_static,M-2022-10,3,,1139,0.9886578449905482,0.9183494293239683,0.9522075557578517
bn_static,M-2022-10,4,,972,0.907843137254902,0.9526748971193416,0.929718875502008
bn_static,M-2022-10,5,absorber,2902,0.4594502884289108,0.4665747760165403,0.46298512566250644
bn_static,M-2022-10,6,degraded_noncollapsed,2429,0.15937635339974016,0.15150267599835324,0.1553398058252427
bn_static,M-2022-10,7,,39,0.0,0.0,0.0
bn_static,M-2022-10,8,stable,1940,0.7921291624621595,0.8092783505154639,0.8006119326874044
bn_static,M-2022-10,9,degraded_noncollapsed,1291,0.19344933469805528,0.1463981409759876,0.16666666666666666
bn_static,M-2022-10,10,final_collapsed;gradual_collapsed,1434,0.8254437869822485,0.3891213389121339,0.5289099526066351
bn_static,M-2022-10,11,degraded_noncollapsed,2001,0.6818181818181818,0.022488755622188907,0.04354136429608128
bn_static,M-2022-10,12,degraded_noncollapsed,2580,0.8293124246079614,0.5329457364341085,0.6488909863142992
bn_static,M-2022-10,13,absorber,1607,0.2780804150453956,0.6670815183571873,0.3925302087147565
bn_static,M-2022-10,14,absorber;degraded_noncollapsed,10007,0.2180769511571877,0.29849105626061756,0.2520249746878164
bn_static,M-2022-10,15,stable,951,0.7472118959107806,0.6340694006309149,0.6860068259385665
bn_static,M-2022-10,16,,2405,0.2200392927308448,0.1862785862785863,0.20175636117991444
bn_static,M-2022-10,17,,11892,0.9206185567010309,0.9011099899091827,0.9107598164201938
bn_static,M-2022-10,18,,43004,0.8174592134809133,0.9565854339131243,0.8815669634725214
bn_static,M-2022-10,19,degraded_noncollapsed,29160,0.6903610322339064,0.7587105624142662,0.7229238485794108
bn_static,M-2022-10,20,,2388,0.651062416998672,0.8211892797319933,0.7262962962962963
bn_static,M-2022-10,21,,3959,0.829041985618186,0.9027532205102299,0.864328899637243
bn_static,M-2022-10,22,,1178,0.35526315789473684,0.5730050933786078,0.43859649122807015
bn_static,M-2022-10,23,,8236,0.5922091464322955,0.9653958232151529,0.734096574646847
bn_static,M-2022-10,24,degraded_noncollapsed,12024,0.9581912094337783,0.8176979374584165,0.8823872560017949
bn_static,M-2022-10,25,,46993,0.7691261801260078,0.8546592045623816,0.8096399629077128
bn_static,M-2022-10,26,final_collapsed;abrupt_collapsed,1400,0.402740768937952,0.7557142857142857,0.5254531909610132
bn_static,M-2022-10,27,,10235,0.9979642968994676,0.6226673180263801,0.7668611996871427
bn_static,M-2022-10,28,degraded_noncollapsed,11735,0.6816987740805605,0.39804005112910096,0.5026093506214021
bn_static,M-2022-10,29,,34921,0.7894911872297972,0.6118381489648063,0.6894037170882809
bn_static,M-2022-10,30,,991,0.9846153846153847,0.3229061553985873,0.48632218844984804
bn_static,M-2022-10,31,,1938,0.7560386473429952,0.9690402476780186,0.8493894165535957
bn_static,M-2022-10,32,degraded_noncollapsed,1783,0.11914124774152407,0.6287156477846326,0.2003216583273767
bn_static,M-2022-10,33,,124,0.4852941176470588,0.2661290322580645,0.34375
bn_static,M-2022-10,34,degraded_noncollapsed,1682,0.7257142857142858,0.07550535077288942,0.1367797522886376
bn_static,M-2022-10,35,,2194,0.9890547263681592,0.9061075660893345,0.9457659372026641
bn_static,M-2022-10,36,degraded_noncollapsed,2648,0.9443272880641079,0.8455438066465257,0.8922096035066747
bn_static,M-2022-10,37,,1115,0.968503937007874,0.3309417040358744,0.49331550802139035
bn_static,M-2022-10,38,final_collapsed;abrupt_collapsed,92,0.20491803278688525,0.2717391304347826,0.2336448598130841
bn_static,M-2022-10,39,,4329,0.8053910557484174,0.911064911064911,0.8549750704530674
bn_static,M-2022-10,40,degraded_noncollapsed,981,0.9946428571428572,0.5677879714576962,0.7229072031148605
bn_static,M-2022-10,41,,2408,0.7363367799113737,0.41403654485049834,0.5300372142477405
bn_static,M-2022-10,42,degraded_noncollapsed,2235,0.7333333333333333,0.05413870246085011,0.10083333333333333
bn_static,M-2022-10,43,,2062,0.785829307568438,0.47332686711930166,0.5907990314769975
bn_static,M-2022-10,44,stable,1081,0.9923298178331735,0.9574468085106383,0.9745762711864406
bn_static,M-2022-10,45,absorber,1536,0.5743380855397149,0.55078125,0.5623130608175474
bn_static,M-2022-10,46,absorber,11714,0.7489888175113014,0.5374765238176541,0.625844930417495
bn_static,M-2022-10,47,final_collapsed;gradual_collapsed,34,0.0,0.0,0.0
bn_static,M-2022-10,48,final_collapsed;abrupt_collapsed,2986,0.0,0.0,0.0
bn_static,M-2022-10,49,,42912,0.8969725096229969,0.7656832587621178,0.8261443495970733
bn_static,M-2022-10,50,degraded_noncollapsed,3110,0.07703851925962982,0.049517684887459806,0.06028577020943433
bn_static,M-2022-10,51,,16876,0.6672710041616877,0.9595875799952596,0.7871673350346337
bn_static,M-2022-10,52,,2218,0.544146246596655,0.6307484220018035,0.5842555857172688
bn_static,M-2022-10,53,,11906,0.8873977086743045,0.9108012766672267,0.8989471938986985
bn_static,M-2022-10,54,degraded_noncollapsed,6595,0.7772020725388601,0.11372251705837756,0.1984126984126984
bn_static,M-2022-10,55,degraded_noncollapsed,5643,1.0,0.7276271486797803,0.8423428043901938
bn_static,M-2022-10,56,final_collapsed;abrupt_collapsed,10706,0.13636363636363635,0.0005604334018307491,0.0011162790697674418
bn_static,M-2022-10,57,stable,2065,0.9039473684210526,0.9980629539951574,0.9486766398158804
bn_static,M-2022-10,58,,2316,0.9995674740484429,0.9978411053540587,0.9987035436473639
bn_static,M-2022-10,59,stable,8856,0.9679894759921069,0.9970641373080398,0.9823117143174992
bn_static,M-2022-10,60,,59907,0.8707840283490477,0.9188241774750864,0.8941593092861378
bn_static,M-2022-10,61,,22920,0.7149720110284903,0.7467277486910995,0.7305049297878697
bn_static,M-2022-10,62,stable,24087,0.9608204269568857,0.9529621787686304,0.9568751693519811
bn_static,M-2022-10,63,,12148,0.762449846589568,0.5318570958182417,0.626612355736592
bn_static,M-2022-10,64,stable,4110,0.8838300220750552,0.7793187347931874,0.8282906645978795
bn_static,M-2022-10,65,,3253,0.9771341463414634,0.9852443897940363,0.9811725088014694
bn_static,M-2022-10,66,final_collapsed;abrupt_collapsed,4226,0.7450433705080545,0.5690960719356365,0.6452911188623558
bn_static,M-2022-10,67,,4304,0.37364864864864866,0.2569702602230483,0.30451541850220265
bn_static,M-2022-10,68,,3689,0.6375366568914956,0.8839793982108972,0.7407996365288505
bn_static,M-2022-10,69,final_collapsed;abrupt_collapsed,1232,0.0,0.0,0.0
bn_static,M-2022-10,70,degraded_noncollapsed,1735,0.845691382765531,0.24322766570605187,0.37779767233661593
bn_static,M-2022-10,71,absorber,63797,0.7139044722154468,0.7799269558129692,0.7454567246468006
bn_static,M-2022-10,72,,10327,0.41081081081081083,0.5813885930086182,0.48143693368615187
bn_static,M-2022-10,73,,13787,0.9783190809363393,0.8214985130920432,0.8930768017662829
bn_static,M-2022-10,74,,3353,0.4691394658753709,0.47151804354309573,0.47032574743418115
bn_static,M-2022-10,75,degraded_noncollapsed,11581,0.5864022662889519,0.4111043951299542,0.4833502538071066
bn_static,M-2022-10,76,stable,4405,0.9422885572139303,0.8599318955732123,0.8992284866468843
bn_static,M-2022-10,77,,27623,0.7426389960605938,0.6619845780690005,0.6999961719557478
bn_static,M-2022-10,78,,16173,0.8273948197889543,0.7466147282507883,0.7849319075632983
bn_static,M-2022-10,79,,12335,0.8383879503358437,0.6678556951763275,0.7434682550426425
bn_static,M-2022-10,80,degraded_noncollapsed,1260,0.597911227154047,0.18174603174603174,0.2787583688374924
bn_static,M-2022-10,81,,3661,0.8936918823825082,0.97131931166348,0.930890052356021
bn_static,M-2022-10,82,,35248,0.7386548410938655,0.8506014525646846,0.7906854083704739
bn_static,M-2022-10,83,,32633,0.8707073548024188,0.9486715901081727,0.9080190062767642
bn_static,M-2022-10,84,,1777,0.9145702306079665,0.9819921215531795,0.9470827679782904
bn_static,M-2022-10,85,,1115,0.7701421800947867,0.5829596412556054,0.6636038795303726
bn_static,M-2022-10,86,,52904,0.9374610522567435,0.7961968849236353,0.8610736334273682
bn_static,M-2022-10,87,,7329,0.803228021978022,0.9574293900941465,0.8735760971055089
bn_static,M-2022-10,88,,229,0.23480662983425415,0.37117903930131,0.2876480541455161
bn_static,M-2022-10,89,,613,0.9186691312384473,0.8107667210440457,0.8613518197573656
bn_static,M-2022-10,90,,6090,0.7249056603773585,0.9463054187192118,0.8209401709401709
bn_static,M-2022-10,91,,3610,0.9274985557481225,0.8894736842105263,0.9080882352941176
bn_static,M-2022-10,92,,1810,0.9828680203045685,0.8558011049723757,0.9149438865918488
bn_static,M-2022-10,93,,34838,0.7739899961523663,0.8661231988059016,0.8174688105333027
bn_static,M-2022-10,94,stable,350,0.5241545893719807,0.62,0.5680628272251309
bn_static,M-2022-10,95,,4023,0.6512871949180876,0.9684315187670892,0.7788105947026487
bn_static,M-2022-10,96,absorber;degraded_noncollapsed,61021,0.8520593897116283,0.7326166401730552,0.7878365994642605
bn_static,M-2022-10,97,,45643,0.9526642391917535,0.8139692833512259,0.8778724258928888
bn_static,M-2022-10,98,stable,59567,0.9924172524283246,0.9931169943089294,0.9927670000671276
bn_static,M-2022-10,99,stable,27230,0.9887351536671972,0.8896437752478884,0.9365757476174827
bn_static,M-2022-10,100,,27178,0.975470621791215,0.3775112223121643,0.5443548387096774
bn_static,M-2022-10,101,degraded_noncollapsed,55343,0.9923550087873462,0.8162188533328515,0.8957100225057751
bn_static,M-2022-10,102,,56050,0.8568754985580168,0.9965744870651204,0.9214602682327323
bn_static,M-2022-10,103,degraded_noncollapsed,2918,0.7629179331306991,0.1720356408498972,0.2807606263982103
bn_static,M-2022-10,104,final_collapsed;gradual_collapsed,2391,0.02857142857142857,0.003345880384776244,0.005990265818045676
bn_static,M-2022-10,105,absorber;degraded_noncollapsed,4902,0.3231429686483674,0.5067319461444308,0.39463023274287073
bn_static,M-2022-10,106,,2736,0.9642582628747117,0.91703216374269,0.9400524541026601
bn_static,M-2022-10,107,stable,3189,0.967530440212301,0.9717779868297272,0.9696495619524406
bn_static,M-2022-10,108,,5587,0.9279626065438549,0.6040809020941471,0.731786643538595
bn_static,M-2022-10,109,final_collapsed;abrupt_collapsed,1824,0.9738124238733252,0.8766447368421053,0.9226774379688402
bn_static,M-2022-10,110,,8030,0.9315198481733354,0.7334993773349938,0.8207343412526998
bn_static,M-2022-10,111,degraded_noncollapsed,2242,0.3665919282511211,0.43755575379125783,0.3989426596177308
bn_static,M-2022-10,112,degraded_noncollapsed,1706,0.8143322475570033,0.5861664712778429,0.6816632583503749
bn_static,M-2022-10,113,stable,4746,0.9965657866494956,0.9782975136957438,0.9873471557682084
bn_static,M-2022-10,114,,820,0.982051282051282,0.9341463414634147,0.9575
bn_static,M-2022-10,115,,21104,0.9539577764442747,0.8286106899166035,0.8868771395968049
bn_static,M-2022-10,116,,4100,0.9534622932436221,0.8295121951219512,0.8871788183122473
bn_static,M-2022-10,117,,83533,0.6405388457629684,0.7092526306968503,0.6731467331716157
bn_static,M-2022-10,118,degraded_noncollapsed,2917,0.8244664863240156,0.9403496743229345,0.8786034593209481
bn_static,M-2022-10,119,stable,2621,0.9169960474308301,0.7966425028615033,0.8525928950592079
bn_static,M-2022-10,120,,2381,0.549527665317139,0.8551028979420412,0.6690765691751561
bn_static,M-2022-10,121,final_collapsed;gradual_collapsed,205,0.1,0.00975609756097561,0.017777777777777778
bn_static,M-2022-10,122,,57235,0.8986994248612252,0.7835415392679305,0.8371789127837514
bn_static,M-2022-10,123,degraded_noncollapsed,8886,0.8514957264957265,0.08969164978618051,0.16228873956424353
bn_static,M-2022-10,124,,24809,0.9371274669963354,0.8555362973114595,0.8944751148383834
bn_static,M-2022-10,125,,3524,0.49703680598877104,0.9043700340522134,0.6415056360708534
bn_static,M-2022-10,126,,807,0.8532763532763533,0.7422552664188352,0.7939032471835653
bn_static,M-2022-10,127,,8546,0.924804355222865,0.6360870582728761,0.7537437603993344
bn_static,M-2022-10,128,stable,4543,0.7679498657117279,0.9440898084965882,0.846958925750395
bn_static,M-2022-10,129,degraded_noncollapsed,31048,0.735671861515813,0.9335222880700851,0.8228714192431082
bn_static,M-2022-10,130,stable,6353,0.6441988950276243,0.9176766881788132,0.7569953905083425
bn_static,M-2022-10,131,stable,26225,0.9135754815300884,0.9024976167778836,0.9080027622189826
bn_static,M-2022-10,132,stable,18623,0.9866446280991735,0.8013209472158084,0.8843783335308759
bn_static,M-2022-10,133,,46808,0.816632793786746,0.9614382156896257,0.8831390556929236
bn_static,M-2022-10,134,,8353,0.9360861759425494,0.9363103076738897,0.9361982283935839
bn_static,M-2022-10,135,,2978,0.5239941832283083,0.3629952988582942,0.4288831581035509
bn_static,M-2022-10,136,,17861,0.7760903671164104,0.6924024410727283,0.7318617587880223
bn_static,M-2022-10,137,degraded_noncollapsed,600,0.4342629482071713,0.18166666666666667,0.25616921269095183
bn_static,M-2022-10,138,degraded_noncollapsed,17872,0.5376019743607322,0.4387869292748433,0.4831941834314058
bn_static,M-2022-10,139,degraded_noncollapsed,1906,0.24591738712776176,0.13431269674711438,0.17373600271462505
bn_static,M-2022-10,140,,39024,0.7614767346244364,0.6881662566625666,0.7229677888304101
bn_static,M-2022-10,141,,1846,0.5505882352941176,0.7605633802816901,0.6387625113739763
bn_static,M-2022-10,142,,27783,0.8285884505723647,0.7008242450419321,0.7593697593697594
bn_static,M-2022-10,143,degraded_noncollapsed,4318,0.4904442789774138,0.4576192681797128,0.4734635198274829
bn_static,M-2022-10,144,stable,2456,0.8800148588410104,0.9645765472312704,0.9203574203574204
bn_static,M-2022-10,145,stable,1504,1.0,0.9906914893617021,0.9953239812959251
bn_static,M-2022-10,146,,5568,0.9932735426008968,0.47737068965517243,0.6448326055312955
bn_static,M-2022-10,147,degraded_noncollapsed,801,0.3388888888888889,0.07615480649188515,0.12436289500509684
bn_static,M-2022-10,148,,5342,0.8350715927169878,0.8843129913889929,0.8589871806527866
bn_static,M-2022-10,149,,56482,0.5386746536877574,0.6368400552388371,0.5836585346065538
bn_static,M-2022-10,150,degraded_noncollapsed,1195,0.8213552361396304,0.33472803347280333,0.4756242568370987
bn_static,M-2022-10,151,,2077,0.7268170426065163,0.8377467501203659,0.7783493625587117
bn_static,M-2022-10,152,degraded_noncollapsed,618,0.9617224880382775,0.9757281553398058,0.9686746987951808
bn_static,M-2022-10,153,,90325,0.7818339493299746,0.8384168281206753,0.8091373866774936
bn_static,M-2022-10,154,,3149,0.6329695577254452,0.6999047316608447,0.664756446991404
bn_static,M-2022-10,155,,9885,0.7134806131650135,0.6403641881638846,0.6749480194060884
bn_static,M-2022-10,156,absorber,24907,0.5611985277770917,0.9121532099409805,0.6948768924912067
bn_static,M-2022-10,157,,1745,0.3889721306562781,0.7438395415472779,0.5108225108225108
bn_static,M-2022-10,158,,11346,0.6261240664532846,0.72413185263529,0.6715710315514141
bn_static,M-2022-10,159,,2457,0.5422459893048128,0.4126984126984127,0.468685001155535
bn_static,M-2022-10,160,,2407,0.4931222424085128,0.7893643539675945,0.6070287539936102
bn_static,M-2022-10,161,,929,0.7529411764705882,0.8266953713670614,0.7880964597229349
bn_static,M-2022-10,162,,255,0.6125,0.3843137254901961,0.472289156626506
bn_static,M-2022-10,163,final_collapsed;gradual_collapsed,2116,0.12763596004439512,0.05434782608695652,0.0762346702021876
bn_static,M-2022-10,164,,2237,0.015767045454545454,0.04962002682163612,0.023930149832920126
bn_static,M-2022-10,165,,6592,0.8255829099908819,0.9614684466019418,0.888359380475156
bn_static,M-2022-10,166,degraded_noncollapsed,3035,0.3343558282208589,0.39505766062602965,0.36218093943513063
bn_static,M-2022-10,167,degraded_noncollapsed,125,0.13903743315508021,0.416,0.20841683366733466
bn_static,M-2022-10,168,,4172,0.785049534674272,0.62679769894535,0.6970545115287219
bn_static,M-2022-10,169,,2044,0.8927550047664442,0.9163405088062623,0.9043940125543216
bn_static,M-2022-10,170,,3079,0.7748011720385098,0.6011692107827217,0.6770299926847111
bn_static,M-2022-10,171,,7488,0.44834742505764796,0.7789797008547008,0.5691286954824861
bn_static,M-2022-10,172,,8866,0.5278440731901353,0.8980374464245432,0.6648851774530271
bn_static,M-2022-10,173,degraded_noncollapsed,1393,0.9324324324324325,0.14860014357501794,0.2563467492260062
bn_static,M-2022-10,174,final_collapsed;abrupt_collapsed,2702,0.0,0.0,0.0
bn_static,M-2022-10,175,,36003,0.5363719559831254,0.6674443796350304,0.5947725360130687
bn_static,M-2022-10,176,degraded_noncollapsed,3404,0.4353649068322981,0.6589306698002351,0.5243104254324451
bn_static,M-2022-10,177,,1613,0.5822342901474011,0.930564166150031,0.716296826533047
bn_adabn,M-2022-10,0,,1642,0.7120268327743172,0.904993909866017,0.7969965138106732
bn_adabn,M-2022-10,1,,4956,0.9145228215767635,0.8894269572235673,0.9018003273322422
bn_adabn,M-2022-10,2,absorber,5086,0.39069031747825106,0.679905623279591,0.49623304871923657
bn_adabn,M-2022-10,3,,1139,0.9690265486725663,0.961369622475856,0.9651828999559278
bn_adabn,M-2022-10,4,,972,0.9185700099304865,0.9516460905349794,0.9348155634158666
bn_adabn,M-2022-10,5,absorber,2902,0.5767254038179148,0.5413507925568574,0.5584784927124067
bn_adabn,M-2022-10,6,degraded_noncollapsed,2429,0.24057898677314699,0.3968711403869905,0.2995649471721566
bn_adabn,M-2022-10,7,,39,0.1111111111111111,0.05128205128205128,0.07017543859649122
bn_adabn,M-2022-10,8,stable,1940,0.8415794481446242,0.9118556701030928,0.8753092528451262
bn_adabn,M-2022-10,9,degraded_noncollapsed,1291,0.43934426229508194,0.20759101471727343,0.2819568648079958
bn_adabn,M-2022-10,10,final_collapsed;gradual_collapsed,1434,0.8384491114701131,0.3619246861924686,0.5056015586945932
bn_adabn,M-2022-10,11,degraded_noncollapsed,2001,0.6269230769230769,0.0814592703648176,0.14418398938522778
bn_adabn,M-2022-10,12,degraded_noncollapsed,2580,0.7281683833407971,0.6302325581395349,0.6756700602534802
bn_adabn,M-2022-10,13,absorber,1607,0.381797583081571,0.6291225886745488,0.4752056404230317
bn_adabn,M-2022-10,14,absorber;degraded_noncollapsed,10007,0.23161980082015232,0.316078744878585,0.2673371930862528
bn_adabn,M-2022-10,15,stable,951,0.6924754634678298,0.6677181913774973,0.6798715203426124
bn_adabn,M-2022-10,16,,2405,0.41705716963448924,0.18503118503118504,0.2563364055299539
bn_adabn,M-2022-10,17,,11892,0.9520242553950419,0.8977463841237807,0.9240889812169999
bn_adabn,M-2022-10,18,,43004,0.8247671884287696,0.967956469165659,0.8906433874660333
bn_adabn,M-2022-10,19,degraded_noncollapsed,29160,0.7993996186767272,0.6757887517146777,0.7324153054208248
bn_adabn,M-2022-10,20,,2388,0.47929678464029607,0.8676716917922948,0.6174936671136939
bn_adabn,M-2022-10,21,,3959,0.8602203182374542,0.8875978782520838,0.8736946792640478
bn_adabn,M-2022-10,22,,1178,0.4385447394296952,0.7572156196943973,0.5554171855541719
bn_adabn,M-2022-10,23,,8236,0.809132044426162,0.9553181155900923,0.8761692650334075
bn_adabn,M-2022-10,24,degraded_noncollapsed,12024,0.8881655221617765,0.8282601463739189,0.8571674484658088
bn_adabn,M-2022-10,25,,46993,0.805890049873893,0.9043261762390143,0.8522752341415478
bn_adabn,M-2022-10,26,final_collapsed;abrupt_collapsed,1400,0.5613927916921198,0.6564285714285715,0.6052025024695423
bn_adabn,M-2022-10,27,,10235,0.9963346947324327,0.9295554469956033,0.9617873028710069
bn_adabn,M-2022-10,28,degraded_noncollapsed,11735,0.4400218528057442,0.4804431188751598,0.4593449568192928
bn_adabn,M-2022-10,29,,34921,0.7945354470848027,0.6903296010996248,0.7387760105421225
bn_adabn,M-2022-10,30,,991,0.9629629629629629,0.2885973763874874,0.4440993788819876
bn_adabn,M-2022-10,31,,1938,0.9118072289156627,0.9762641898864809,0.9429354597557936
bn_adabn,M-2022-10,32,degraded_noncollapsed,1783,0.32615083251714005,0.5602916432978127,0.4122988031366075
bn_adabn,M-2022-10,33,,124,0.452991452991453,0.4274193548387097,0.43983402489626555
bn_adabn,M-2022-10,34,degraded_noncollapsed,1682,0.7027027027027027,0.10820451843043995,0.18753219989696032
bn_adabn,M-2022-10,35,,2194,0.9774147044690052,0.927073837739289,0.9515789473684211
bn_adabn,M-2022-10,36,degraded_noncollapsed,2648,0.9785714285714285,0.8795317220543807,0.926412092283214
bn_adabn,M-2022-10,37,,1115,0.9607072691552063,0.8771300448430494,0.9170182841068917
bn_adabn,M-2022-10,38,final_collapsed;abrupt_collapsed,92,0.4098360655737705,0.2717391304347826,0.32679738562091504
bn_adabn,M-2022-10,39,,4329,0.8315502412418712,0.9156849156849157,0.8715919085312225
bn_adabn,M-2022-10,40,degraded_noncollapsed,981,0.9346092503987241,0.5973496432212029,0.7288557213930348
bn_adabn,M-2022-10,41,,2408,0.6709876543209876,0.45141196013289037,0.5397219463753724
bn_adabn,M-2022-10,42,degraded_noncollapsed,2235,0.6763485477178424,0.1458612975391499,0.23997055576002946
bn_adabn,M-2022-10,43,,2062,0.7344357976653697,0.7322987390882638,0.7333657115104419
bn_adabn,M-2022-10,44,stable,1081,0.9838556505223172,0.9583718778908418,0.9709465791940018
bn_adabn,M-2022-10,45,absorber,1536,0.6310367031551836,0.6380208333333334,0.6345095500161865
bn_adabn,M-2022-10,46,absorber,11714,0.7159493670886076,0.6035513061294178,0.6549631756913243
bn_adabn,M-2022-10,47,final_collapsed;gradual_collapsed,34,0.0,0.0,0.0
bn_adabn,M-2022-10,48,final_collapsed;abrupt_collapsed,2986,0.0,0.0,0.0
bn_adabn,M-2022-10,49,,42912,0.9077594782800928,0.7655201342281879,0.8305941845764855
bn_adabn,M-2022-10,50,degraded_noncollapsed,3110,0.341,0.10964630225080386,0.1659367396593674
bn_adabn,M-2022-10,51,,16876,0.6605553946115963,0.9457809907561033,0.7778454640707619
bn_adabn,M-2022-10,52,,2218,0.5857592446892211,0.6713255184851218,0.6256302521008403
bn_adabn,M-2022-10,53,,11906,0.8298673899939722,0.925079791701663,0.8748907776630391
bn_adabn,M-2022-10,54,degraded_noncollapsed,6595,0.7753017641597029,0.12661106899166036,0.21767466110531805
bn_adabn,M-2022-10,55,degraded_noncollapsed,5643,0.9981224183251971,0.9420520999468368,0.9692770535144498
bn_adabn,M-2022-10,56,final_collapsed;abrupt_collapsed,10706,0.1875,0.0008406501027461236,0.0016737957969127767
bn_adabn,M-2022-10,57,stable,2065,0.9803827751196172,0.9922518159806295,0.9862815884476535
bn_adabn,M-2022-10,58,,2316,0.9788135593220338,0.9974093264248705,0.9880239520958084
bn_adabn,M-2022-10,59,stable,8856,0.9563947197576282,0.9980803974706414,0.9767930158028512
bn_adabn,M-2022-10,60,,59907,0.8930902326774747,0.9296743285425744,0.9110151470540125
bn_adabn,M-2022-10,61,,22920,0.6697806809473416,0.8007853403141362,0.729447767422451
bn_adabn,M-2022-10,62,stable,24087,0.9514324357555638,0.9637563831112218,0.9575547580744957
bn_adabn,M-2022-10,63,,12148,0.7304395403975925,0.6593677971682581,0.6930864411179372
bn_adabn,M-2022-10,64,stable,4110,0.9350941275639224,0.8097323600973236,0.8679097665927761
bn_adabn,M-2022-10,65,,3253,0.9717496962332929,0.9833999385182908,0.9775401069518717
bn_adabn,M-2022-10,66,final_collapsed;abrupt_collapsed,4226,0.8286626463284853,0.5527685754850923,0.6631653655074521
bn_adabn,M-2022-10,67,,4304,0.357311320754717,0.21119888475836432,0.2654789719626168
bn_adabn,M-2022-10,68,,3689,0.6069130354844641,0.8948224451070751,0.7232690622261174
bn_adabn,M-2022-10,69,final_collapsed;abrupt_collapsed,1232,0.005479452054794521,0.0016233766233766235,0.002504696305572949
bn_adabn,M-2022-10,70,degraded_noncollapsed,1735,0.861646234676007,0.28357348703170027,0.42671292281006074
bn_adabn,M-2022-10,71,absorber,63797,0.6919145108088215,0.7956957223693905,0.7401850353229369
bn_adabn,M-2022-10,72,,10327,0.4896342491151188,0.5626028856395856,0.5235885189023566
bn_adabn,M-2022-10,73,,13787,0.959392789373814,0.9168056865162835,0.9376159038646985
bn_adabn,M-2022-10,74,,3353,0.5361216730038023,0.42051893826424097,0.47133545044292163
bn_adabn,M-2022-10,75,degraded_noncollapsed,11581,0.39563693026879626,0.4384768154736206,0.415956749672346
bn_adabn,M-2022-10,76,stable,4405,0.8920166128287955,0.8776390465380249,0.88476942441927
bn_adabn,M-2022-10,77,,27623,0.8276572304449873,0.6255294500959345,0.7125360824742268
bn_adabn,M-2022-10,78,,16173,0.7599908524383969,0.8219254312743461,0.7897457224334601
bn_adabn,M-2022-10,79,,12335,0.8544575134659778,0.6301580867450345,0.725363941769317
bn_adabn,M-2022-10,80,degraded_noncollapsed,1260,0.6505263157894737,0.24523809523809523,0.3561959654178674
bn_adabn,M-2022-10,81,,3661,0.9592974630610538,0.9399071291996722,0.9495033112582781
bn_adabn,M-2022-10,82,,35248,0.5525257274199447,0.9002212891511575,0.6847653678906309
bn_adabn,M-2022-10,83,,32633,0.9500824830451519,0.9530230135139276,0.9515504765401502
bn_adabn,M-2022-10,84,,1777,0.9548954895489549,0.9769274057400112,0.9657858136300417
bn_adabn,M-2022-10,85,,1115,0.8569926393270242,0.7309417040358744,0.7889641819941917
bn_adabn,M-2022-10,86,,52904,0.9048515773701049,0.8446809314985634,0.8737315475608564
bn_adabn,M-2022-10,87,,7329,0.9000771604938271,0.9549733933688088,0.9267130089374379
bn_adabn,M-2022-10,88,,229,0.14992503748125938,0.4366812227074236,0.22321428571428573
bn_adabn,M-2022-10,89,,613,0.8020378457059679,0.8988580750407831,0.8476923076923077
bn_adabn,M-2022-10,90,,6090,0.9100621910381119,0.9371100164203613,0.9233880753984306
bn_adabn,M-2022-10,91,,3610,0.9327753779697624,0.9570637119113573,0.9447634673229423
bn_adabn,M-2022-10,92,,1810,0.9863192182410423,0.8364640883977901,0.9052316890881913
bn_adabn,M-2022-10,93,,34838,0.8179063656352228,0.8755669096963087,0.8457550047135807
bn_adabn,M-2022-10,94,stable,350,0.5946547884187082,0.7628571428571429,0.6683354192740926
bn_adabn,M-2022-10,95,,4023,0.7155896312522818,0.9743972160079543,0.8251762972318704
bn_adabn,M-2022-10,96,absorber;degraded_noncollapsed,61021,0.9367358859191525,0.7621638452336081,0.8404807084123972
bn_adabn,M-2022-10,97,,45643,0.6808520838660189,0.9334399579344039,0.7873848400003696
bn_adabn,M-2022-10,98,stable,59567,0.9976124823458201,0.9960884382292209,0.9968498777752577
bn_adabn,M-2022-10,99,stable,27230,0.9907207423406128,0.9096584649283878,0.9484607137387042
bn_adabn,M-2022-10,100,,27178,0.9495481267000088,0.398189712267275,0.5610887880751783
bn_adabn,M-2022-10,101,degraded_noncollapsed,55343,0.9929733192799719,0.8681676092730788,0.9263858093126386
bn_adabn,M-2022-10,102,,56050,0.8930383698035889,0.995343443354148,0.9414196640257845
bn_adabn,M-2022-10,103,degraded_noncollapsed,2918,0.7119279819954989,0.32522275531185746,0.44648318042813456
bn_adabn,M-2022-10,104,final_collapsed;gradual_collapsed,2391,0.05772811918063315,0.012965286491007947,0.02117486338797814
bn_adabn,M-2022-10,105,absorber;degraded_noncollapsed,4902,0.5989081567116249,0.38045695634434923,0.4653193612774451
bn_adabn,M-2022-10,106,,2736,0.9451715599575522,0.9766081871345029,0.9606327521121697
bn_adabn,M-2022-10,107,stable,3189,0.9459297086212076,0.9874568830354343,0.9662473151273396
bn_adabn,M-2022-10,108,,5587,0.8878388460581945,0.6389833542151423,0.7431307243963364
bn_adabn,M-2022-10,109,final_collapsed;abrupt_collapsed,1824,0.9912280701754386,0.8673245614035088,0.9251461988304094
bn_adabn,M-2022-10,110,,8030,0.7990680128702985,0.8968866749688668,0.8451563691838292
bn_adabn,M-2022-10,111,degraded_noncollapsed,2242,0.5587266739846323,0.45405887600356826,0.5009842519685039
bn_adabn,M-2022-10,112,degraded_noncollapsed,1706,0.5490867579908676,0.5638921453692849,0.556390977443609
bn_adabn,M-2022-10,113,stable,4746,0.9959496908974632,0.9844079224610198,0.9901451732542121
bn_adabn,M-2022-10,114,,820,0.889010989010989,0.9865853658536585,0.9352601156069364
bn_adabn,M-2022-10,115,,21104,0.9339263024142312,0.8010329795299469,0.8623900012753475
bn_adabn,M-2022-10,116,,4100,0.8950632597370379,0.88,0.8874677161480753
bn_adabn,M-2022-10,117,,83533,0.669658232878527,0.7262159864963548,0.6967913117889284
bn_adabn,M-2022-10,118,degraded_noncollapsed,2917,0.9356384799726121,0.9369214946863216,0.9362795477903392
bn_adabn,M-2022-10,119,stable,2621,0.9060796645702306,0.8244944677603968,0.863363963244107
bn_adabn,M-2022-10,120,,2381,0.6063764561618639,0.8307433851322974,0.7010455431508064
bn_adabn,M-2022-10,121,final_collapsed;gradual_collapsed,205,0.03508771929824561,0.00975609756097561,0.015267175572519083
bn_adabn,M-2022-10,122,,57235,0.8946160070757824,0.8305931685157684,0.861416637976335
bn_adabn,M-2022-10,123,degraded_noncollapsed,8886,0.7868852459016393,0.10803511141120864,0.18998614684345932
bn_adabn,M-2022-10,124,,24809,0.9147246608140462,0.9239792010963763,0.9193286410395235
bn_adabn,M-2022-10,125,,3524,0.39054311576941403,0.9304767309875142,0.5501677852348993
bn_adabn,M-2022-10,126,,807,0.8291390728476821,0.7757125154894672,0.8015364916773368
bn_adabn,M-2022-10,127,,8546,0.9403114186851211,0.7631640533582963,0.8425268053223097
bn_adabn,M-2022-10,128,stable,4543,0.9335234752084247,0.9366057671142417,0.9350620810899901
bn_adabn,M-2022-10,129,degraded_noncollapsed,31048,0.777543728668942,0.9392231383664004,0.8507702182284981
bn_adabn,M-2022-10,130,stable,6353,0.7902668325729296,0.8997324098850936,0.8414544383924628
bn_adabn,M-2022-10,131,stable,26225,0.8955067920585162,0.9150047664442326,0.9051507893098961
bn_adabn,M-2022-10,132,stable,18623,0.9729712780634642,0.8331095956612791,0.8976250397755214
bn_adabn,M-2022-10,133,,46808,0.8877027507005012,0.9610963937788413,0.922942781527604
bn_adabn,M-2022-10,134,,8353,0.9402468566155265,0.9758170717107626,0.9577017976735989
bn_adabn,M-2022-10,135,,2978,0.6920930232558139,0.7494963062458025,0.7196517813960986
bn_adabn,M-2022-10,136,,17861,0.7533650859391179,0.8147360170203236,0.7828496113188261
bn_adabn,M-2022-10,137,degraded_noncollapsed,600,0.45539906103286387,0.3233333333333333,0.37816764132553604
bn_adabn,M-2022-10,138,degraded_noncollapsed,17872,0.6708597206558515,0.4326880035810206,0.5260723153848771
bn_adabn,M-2022-10,139,degraded_noncollapsed,1906,0.3584672435105068,0.1521511017838405,0.2136279926335175
bn_adabn,M-2022-10,140,,39024,0.7746240550203324,0.7273216482164822,0.7502279785898368
bn_adabn,M-2022-10,141,,1846,0.7177734375,0.7963163596966414,0.7550077041602465
bn_adabn,M-2022-10,142,,27783,0.7465602310561996,0.6698700644278875,0.7061390195780847
bn_adabn,M-2022-10,143,degraded_noncollapsed,4318,0.5113866396761133,0.468040759610931,0.48875453446191053
bn_adabn,M-2022-10,144,stable,2456,0.9134132199458833,0.9621335504885994,0.9371405909181043
bn_adabn,M-2022-10,145,stable,1504,0.9993297587131368,0.9913563829787234,0.9953271028037384
bn_adabn,M-2022-10,146,,5568,0.9822015334063526,0.6442169540229885,0.7780911062906725
bn_adabn,M-2022-10,147,degraded_noncollapsed,801,0.2751322751322751,0.12983770287141075,0.17642069550466496
bn_adabn,M-2022-10,148,,5342,0.8908845113943608,0.863534256832647,0.8769961977186311
bn_adabn,M-2022-10,149,,56482,0.7120736515714121,0.6586700187670408,0.6843315429328232
bn_adabn,M-2022-10,150,degraded_noncollapsed,1195,0.9135559921414538,0.3891213389121339,0.545774647887324
bn_adabn,M-2022-10,151,,2077,0.6965329178028827,0.8608570052961001,0.7700258397932817
bn_adabn,M-2022-10,152,degraded_noncollapsed,618,0.9380804953560371,0.9805825242718447,0.9588607594936709
bn_adabn,M-2022-10,153,,90325,0.8121969434013863,0.8548906725712704,0.8329971197100292
bn_adabn,M-2022-10,154,,3149,0.6706762028608583,0.6551286122578597,0.6628112449799197
bn_adabn,M-2022-10,155,,9885,0.7468339988590987,0.6622154779969651,0.7019839142091153
bn_adabn,M-2022-10,156,absorber,24907,0.7104878203905107,0.8970169028787088,0.7929302787784146
bn_adabn,M-2022-10,157,,1745,0.38015353994882,0.766189111747851,0.508171797795515
bn_adabn,M-2022-10,158,,11346,0.6715123094958968,0.7572712850343734,0.7118180688455324
bn_adabn,M-2022-10,159,,2457,0.41043671354552186,0.45136345136345135,0.42992828067454936
bn_adabn,M-2022-10,160,,2407,0.4887708283023424,0.8408807644370586,0.6182040317654246
bn_adabn,M-2022-10,161,,929,0.8242677824267782,0.8482238966630786,0.8360742705570292
bn_adabn,M-2022-10,162,,255,0.6583850931677019,0.41568627450980394,0.5096153846153846
bn_adabn,M-2022-10,163,final_collapsed;gradual_collapsed,2116,0.13389121338912133,0.06049149338374291,0.08333333333333333
bn_adabn,M-2022-10,164,,2237,0.028622540250447227,0.021457308895842648,0.02452733776188043
bn_adabn,M-2022-10,165,,6592,0.8483983919076644,0.9924150485436893,0.9147731245193316
bn_adabn,M-2022-10,166,degraded_noncollapsed,3035,0.4483675018982536,0.3891268533772652,0.4166519668371847
bn_adabn,M-2022-10,167,degraded_noncollapsed,125,0.6825396825396826,0.344,0.4574468085106383
bn_adabn,M-2022-10,168,,4172,0.7625698324022346,0.7197986577181208,0.7405672009864365
bn_adabn,M-2022-10,169,,2044,0.7614750882699097,0.9496086105675147,0.8451992161985631
bn_adabn,M-2022-10,170,,3079,0.6638078902229846,0.6284507957128938,0.6456456456456456
bn_adabn,M-2022-10,171,,7488,0.5627513227513228,0.7102029914529915,0.6279371826661944
bn_adabn,M-2022-10,172,,8866,0.7505325147224658,0.6756147078727723,0.7111058348667418
bn_adabn,M-2022-10,173,degraded_noncollapsed,1393,0.9591836734693877,0.23618090452261306,0.3790322580645161
bn_adabn,M-2022-10,174,final_collapsed;abrupt_collapsed,2702,0.0,0.0,0.0
bn_adabn,M-2022-10,175,,36003,0.6013705163282211,0.6654445462878094,0.6317871364151789
bn_adabn,M-2022-10,176,degraded_noncollapsed,3404,0.6120842853516121,0.7082843713278496,0.65667983113169
bn_adabn,M-2022-10,177,,1613,0.9436619718309859,0.9138251704897706,0.928503937007874
bn_static,M-2022-12,0,,950,0.8661588683351469,0.8378947368421052,0.8517924023542001
bn_static,M-2022-12,1,,3117,0.881979695431472,0.6689124157844081,0.7608100711548987
bn_static,M-2022-12,2,absorber,3678,0.27520316274983525,0.6813485589994562,0.3920525657071339
bn_static,M-2022-12,3,,743,0.8911290322580645,0.892328398384926,0.8917283120376597
bn_static,M-2022-12,4,,869,0.8998899889988999,0.9413118527042578,0.9201349831271091
bn_static,M-2022-12,5,absorber,1080,0.32573891625615764,0.4898148148148148,0.39127218934911245
bn_static,M-2022-12,6,degraded_noncollapsed,1684,0.4151838671411625,0.20783847980997625,0.2770083102493075
bn_static,M-2022-12,7,,33,0.0,0.0,0.0
bn_static,M-2022-12,8,stable,1142,0.7066881547139404,0.7679509632224168,0.7360469995803609
bn_static,M-2022-12,9,degraded_noncollapsed,910,0.20145631067961164,0.1824175824175824,0.1914648212226067
bn_static,M-2022-12,10,final_collapsed;gradual_collapsed,1004,0.6910112359550562,0.12250996015936255,0.20812182741116753
bn_static,M-2022-12,11,degraded_noncollapsed,1749,0.7804878048780488,0.018296169239565466,0.035754189944134075
bn_static,M-2022-12,12,degraded_noncollapsed,263,0.22310756972111553,0.21292775665399238,0.2178988326848249
bn_static,M-2022-12,13,absorber,1090,0.26275229357798163,0.6568807339449542,0.3753604193971166
bn_static,M-2022-12,14,absorber;degraded_noncollapsed,5821,0.14298884484189175,0.26644906373475347,0.1861051115910727
bn_static,M-2022-12,15,stable,715,0.5237556561085973,0.6475524475524476,0.5791119449656035
bn_static,M-2022-12,16,,1186,0.15095785440613027,0.16610455311973019,0.15816940987555198
bn_static,M-2022-12,17,,8301,0.8658008658008658,0.8914588603782677,0.8784425451092118
bn_static,M-2022-12,18,,25658,0.8014192022363187,0.8715410398316314,0.8350105487201509
bn_static,M-2022-12,19,degraded_noncollapsed,22936,0.6561557334191369,0.711283571677712,0.6826084227703508
bn_static,M-2022-12,20,,1125,0.5392953929539296,0.7075555555555556,0.6120722798923491
bn_static,M-2022-12,21,,2095,0.8298279158699808,0.8286396181384248,0.8292333412944829
bn_static,M-2022-12,22,,743,0.45935727788279773,0.6541049798115747,0.5397001665741255
bn_static,M-2022-12,23,,5114,0.5166503959214666,0.9313648807195932,0.6646201074443592
bn_static,M-2022-12,24,degraded_noncollapsed,4154,0.843940232429441,0.36711603273952814,0.5116591175977185
bn_static,M-2022-12,25,,34385,0.7542448614834674,0.8345499491057147,0.7923679087683451
bn_static,M-2022-12,26,final_collapsed;abrupt_collapsed,807,0.03425774877650897,0.05204460966542751,0.04131824889326119
bn_static,M-2022-12,27,,7371,0.9953177257525083,0.20187220187220187,0.3356643356643357
bn_static,M-2022-12,28,degraded_noncollapsed,5815,0.3795826283135928,0.23147033533963887,0.2875761136630702
bn_static,M-2022-12,29,,30274,0.8247945147140241,0.6397238554535245,0.7205655287880197
bn_static,M-2022-12,30,,645,0.9832089552238806,0.8170542635658915,0.8924640135478408
bn_static,M-2022-12,31,,952,0.732484076433121,0.9663865546218487,0.8333333333333334
bn_static,M-2022-12,32,degraded_noncollapsed,998,0.08421052631578947,0.5130260521042084,0.14467363662051427
bn_static,M-2022-12,33,,630,0.41304347826086957,0.03015873015873016,0.05621301775147929
bn_static,M-2022-12,34,degraded_noncollapsed,1240,0.943127962085308,0.16048387096774194,0.2742935906271537
bn_static,M-2022-12,35,,930,0.9741824440619621,0.6086021505376344,0.7491727332892124
bn_static,M-2022-12,36,degraded_noncollapsed,216,0.5564516129032258,0.3194444444444444,0.40588235294117647
bn_static,M-2022-12,37,,866,0.9768211920529801,0.3406466512702079,0.5051369863013698
bn_static,M-2022-12,38,final_collapsed;abrupt_collapsed,193,0.1891891891891892,0.07253886010362694,0.10486891385767791
bn_static,M-2022-12,39,,4483,0.8188060270837307,0.9576176667410217,0.8827884022208513
bn_static,M-2022-12,40,degraded_noncollapsed,737,0.9943342776203966,0.4762550881953867,0.6440366972477064
bn_static,M-2022-12,41,,1636,0.6666666666666666,0.4229828850855746,0.5175766641735228
bn_static,M-2022-12,42,degraded_noncollapsed,1444,0.7132352941176471,0.06717451523545706,0.12278481012658228
bn_static,M-2022-12,43,,1992,0.8232642019837692,0.4583333333333333,0.5888423089326024
bn_static,M-2022-12,44,stable,1181,0.9911738746690203,0.9508890770533446,0.9706136560069144
bn_static,M-2022-12,45,absorber,1463,0.7026239067055393,0.65892002734108,0.6800705467372135
bn_static,M-2022-12,46,absorber,7420,0.695574269844114,0.5231805929919138,0.5971848319360049
bn_static,M-2022-12,47,final_collapsed;gradual_collapsed,618,0.3235294117647059,0.01779935275080906,0.03374233128834356
bn_static,M-2022-12,48,final_collapsed;abrupt_collapsed,3361,0.006263048016701462,0.0017851829812555787,0.0027784209307710117
bn_static,M-2022-12,49,,31563,0.8968845494521875,0.7625067325666128,0.8242546706166413
bn_static,M-2022-12,50,degraded_noncollapsed,1528,0.11447562776957164,0.10143979057591623,0.10756419153365718
bn_static,M-2022-12,51,,11645,0.6672851328704812,0.9574066122799485,0.7864423517793532
bn_static,M-2022-12,52,,1274,0.49398353388220395,0.6122448979591837,0.5467928496319664
bn_static,M-2022-12,53,,5505,0.7349042709867453,0.8158038147138964,0.7732438016528925
bn_static,M-2022-12,54,degraded_noncollapsed,5063,0.8310911808669657,0.1098163144380802,0.19399860432658758
bn_static,M-2022-12,55,degraded_noncollapsed,4063,0.9216174183514775,0.7292640905734679,0.8142346798571036
bn_static,M-2022-12,56,final_collapsed;abrupt_collapsed,12137,0.009487666034155597,0.00041196341764851283,0.0007896399241945673
bn_static,M-2022-12,57,stable,2331,0.9191353082465973,0.984984984984985,0.9509215158417892
bn_static,M-2022-12,58,,15,0.0,0.0,0.0
bn_static,M-2022-12,59,stable,6030,0.9286826533790097,0.9890547263681592,0.9579184066816576
bn_static,M-2022-12,60,,24845,0.851764793672114,0.9188569128597304,0.8840397312525413
bn_static,M-2022-12,61,,10494,0.7004163512490538,0.7053554412044978,0.7028772196372615
bn_static,M-2022-12,62,stable,11221,0.9553211009174312,0.9279921575617146,0.9414583427512319
bn_static,M-2022-12,63,,5492,0.7140058765915769,0.5309541150764748,0.6090225563909775
bn_static,M-2022-12,64,stable,1215,0.732612055641422,0.7802469135802469,0.7556795536070148
bn_static,M-2022-12,65,,2112,0.9774038461538461,0.962594696969697,0.9699427480916031
bn_static,M-2022-12,66,final_collapsed;abrupt_collapsed,1955,0.010291595197255575,0.003069053708439898,0.004728132387706856
bn_static,M-2022-12,67,,1191,0.201949860724234,0.2434928631402183,0.22078416444613627
bn_static,M-2022-12,68,,2499,0.6415653720723392,0.8659463785514205,0.7370572207084468
bn_static,M-2022-12,69,final_collapsed;abrupt_collapsed,1866,0.0,0.0,0.0
bn_static,M-2022-12,70,degraded_noncollapsed,908,0.7099236641221374,0.20484581497797358,0.31794871794871793
bn_static,M-2022-12,71,absorber,39434,0.6135835665550861,0.8506365065679363,0.7129209483225827
bn_static,M-2022-12,72,,5765,0.37198535745047373,0.5993061578490894,0.459044708695941
bn_static,M-2022-12,73,,8821,0.9774003744316663,0.828590862713978,0.8968648383336401
bn_static,M-2022-12,74,,2294,0.48203842940685043,0.5030514385353095,0.492320819112628
bn_static,M-2022-12,75,degraded_noncollapsed,6807,0.5829903978052127,0.374614367562803,0.4561309364099812
bn_static,M-2022-12,76,stable,2683,0.9260450160771704,0.8587402161759224,0.8911235737768324
bn_static,M-2022-12,77,,17960,0.7517085672443251,0.6859131403118041,0.7173052288342844
bn_static,M-2022-12,78,,10246,0.7713958094443866,0.722233066562561,0.7460053430112404
bn_static,M-2022-12,79,,7528,0.8479801559177887,0.635759829968119,0.7266929851199514
bn_static,M-2022-12,80,degraded_noncollapsed,1055,0.5682656826568265,0.14597156398104266,0.23227752639517346
bn_static,M-2022-12,81,,2122,0.8838209982788297,0.9679547596606974,0.9239766081871345
bn_static,M-2022-12,82,,27579,0.8804441384059218,0.7417962942818811,0.8051953163435993
bn_static,M-2022-12,83,,19531,0.8142863634298177,0.9175157442015258,0.8628244017526121
bn_static,M-2022-12,84,,1057,0.8102253032928943,0.8845789971617786,0.845771144278607
bn_static,M-2022-12,85,,350,0.5602605863192183,0.49142857142857144,0.5235920852359208
bn_static,M-2022-12,86,,20232,0.8902828216132938,0.7997232107552392,0.8425766807269698
bn_static,M-2022-12,87,,5056,0.7840537000654879,0.9471914556962026,0.8579362235757793
bn_static,M-2022-12,88,,83,0.10847457627118644,0.3855421686746988,0.1693121693121693
bn_static,M-2022-12,89,,377,0.8865671641791045,0.7877984084880637,0.8342696629213483
bn_static,M-2022-12,90,,4080,0.7797967956232903,0.9781862745098039,0.867797347249402
bn_static,M-2022-12,91,,2334,0.8087885985748219,0.8753213367609255,0.8407407407407408
bn_static,M-2022-12,92,,896,0.9807692307692307,0.7399553571428571,0.8435114503816794
bn_static,M-2022-12,93,,18804,0.6795839550601246,0.8234950010636035,0.7446501562875691
bn_static,M-2022-12,94,stable,760,0.61,0.6421052631578947,0.6256410256410256
bn_static,M-2022-12,95,,3282,0.7347686669720568,0.9774527726995734,0.8389121338912134
bn_static,M-2022-12,96,absorber;degraded_noncollapsed,44573,0.9488705320440042,0.5437596751396585,0.6913400650350847
bn_static,M-2022-12,97,,18214,0.8737485721964657,0.7139562973536839,0.7858114028461795
bn_static,M-2022-12,98,stable,48912,0.99348248033507,0.9941527641478574,0.9938175092226412
bn_static,M-2022-12,99,stable,18452,0.9932419260510754,0.8283654888358986,0.9033420998197452
bn_static,M-2022-12,100,,17278,0.7949097881983788,0.5278388702396111,0.6344127160794407
bn_static,M-2022-12,101,degraded_noncollapsed,42403,0.9763747890606166,0.8596325731669929,0.9142921641416675
bn_static,M-2022-12,102,,35717,0.857616312900043,0.9490998684100008,0.9010419435436713
bn_static,M-2022-12,103,degraded_noncollapsed,1446,0.7225433526011561,0.17289073305670816,0.27901785714285715
bn_static,M-2022-12,104,final_collapsed;gradual_collapsed,1744,0.018726591760299626,0.0028669724770642203,0.004972650422675286
bn_static,M-2022-12,105,absorber;degraded_noncollapsed,3159,0.2490546579580612,0.4586894586894587,0.32282499721510527
bn_static,M-2022-12,106,,1622,0.975033738191633,0.8908754623921085,0.9310567010309279
bn_static,M-2022-12,107,stable,2555,0.9556272690601049,0.9272015655577299,0.9411998410806516
bn_static,M-2022-12,108,,3529,0.947617438323758,0.7945593652592803,0.8643649815043156
bn_static,M-2022-12,109,final_collapsed;abrupt_collapsed,393,0.0,0.0,0.0
bn_static,M-2022-12,110,,5670,0.916723861816518,0.7067019400352734,0.7981276765262424
bn_static,M-2022-12,111,degraded_noncollapsed,1136,0.14003164556962025,0.31161971830985913,0.19323144104803494
bn_static,M-2022-12,112,degraded_noncollapsed,1083,0.7702349869451697,0.5447830101569714,0.638182801514332
bn_static,M-2022-12,113,stable,3574,0.997968659315148,0.9622271964185787,0.9797720797720798
bn_static,M-2022-12,114,,911,0.9356357927786499,0.6542261251372119,0.7700258397932817
bn_static,M-2022-12,115,,15934,0.9589516426725729,0.8151750972762646,0.881237491095356
bn_static,M-2022-12,116,,3278,0.9327256944444444,0.6555826723611958,0.7699749193837334
bn_static,M-2022-12,117,,58860,0.6249066583696329,0.6824498810737343,0.6524118889069352
bn_static,M-2022-12,118,degraded_noncollapsed,2577,0.6014617368873603,0.5428793170353123,0.5706710177442382
bn_static,M-2022-12,119,stable,1033,0.8837920489296636,0.8393030009680542,0.8609731876861966
bn_static,M-2022-12,120,,1133,0.7830188679245284,0.8790820829655781,0.8282744282744283
bn_static,M-2022-12,121,final_collapsed;gradual_collapsed,16,0.0,0.0,0.0
bn_static,M-2022-12,122,,40149,0.8619802707821024,0.7595705995168,0.8075415739858066
bn_static,M-2022-12,123,degraded_noncollapsed,1458,0.7142857142857143,0.16803840877914952,0.27207107162687394
bn_static,M-2022-12,124,,18817,0.9302587176602924,0.8350427804644737,0.8800828945894478
bn_static,M-2022-12,125,,2268,0.3426502778245496,0.8972663139329806,0.4959181186791763
bn_static,M-2022-12,126,,2588,0.9638939670932358,0.8149149922720247,0.8831658291457286
bn_static,M-2022-12,127,,4058,0.8222718570516911,0.6350418925579103,0.7166295884315906
bn_static,M-2022-12,128,stable,3721,0.8056727613689639,0.9236764310669175,0.8606485539000877
bn_static,M-2022-12,129,degraded_noncollapsed,18631,0.6253353041002901,0.613117921743331,0.6191663504797008
bn_static,M-2022-12,130,stable,4618,0.5880665519219737,0.887830229536596,0.7075064710957722
bn_static,M-2022-12,131,stable,17194,0.9072177227251071,0.8860067465394905,0.8964867886776908
bn_static,M-2022-12,132,stable,13419,0.9856140981837799,0.8169014084507042,0.8933621286826128
bn_static,M-2022-12,133,,34000,0.7282681414745105,0.9605,0.8284163263235331
bn_static,M-2022-12,134,,5543,0.9394898529137963,0.9103373624391123,0.9246838922484881
bn_static,M-2022-12,135,,1872,0.5589849108367627,0.43536324786324787,0.4894894894894895
bn_static,M-2022-12,136,,12861,0.7388333760355282,0.6726537594277272,0.7041921041921042
bn_static,M-2022-12,137,degraded_noncollapsed,1286,0.3634085213032581,0.11275272161741835,0.17210682492581603
bn_static,M-2022-12,138,degraded_noncollapsed,12776,0.5652675760755509,0.4216499686912962,0.48300905585941
bn_static,M-2022-12,139,degraded_noncollapsed,973,0.17236024844720496,0.11408016443987667,0.137291280148423
bn_static,M-2022-12,140,,21276,0.7301762667604078,0.6833991351757849,0.7060137415329335
bn_static,M-2022-12,141,,1226,0.5505685218432077,0.7504078303425775,0.6351397997928891
bn_static,M-2022-12,142,,15948,0.8169212516683969,0.6908076247805367,0.748590065910172
bn_static,M-2022-12,143,degraded_noncollapsed,3052,0.4594302199783628,0.41743119266055045,0.43742489270386264
bn_static,M-2022-12,144,stable,2267,0.9133858267716536,0.9722099691221879,0.9418803418803419
bn_static,M-2022-12,145,stable,1149,1.0,0.9921671018276762,0.9960681520314548
bn_static,M-2022-12,146,,4680,0.9964650432050275,0.542094017094017,0.7021865485745917
bn_static,M-2022-12,147,degraded_noncollapsed,2730,0.9707252162341983,0.5344322344322344,0.6893456177651783
bn_static,M-2022-12,148,,3728,0.8167391860762734,0.8559549356223176,0.8358873608382449
bn_static,M-2022-12,149,,29896,0.49802671523983,0.6584827401659085,0.5671237612353077
bn_static,M-2022-12,150,degraded_noncollapsed,1291,0.9012693935119888,0.4949651432997676,0.639
bn_static,M-2022-12,151,,872,0.5790816326530612,0.7809633027522935,0.6650390625
bn_static,M-2022-12,152,degraded_noncollapsed,729,0.9575,0.5253772290809328,0.6784765279007972
bn_static,M-2022-12,153,,59235,0.7669848219028151,0.8044568245125349,0.7852740516133285
bn_static,M-2022-12,154,,1862,0.5853658536585366,0.6573576799140709,0.6192764988616241
bn_static,M-2022-12,155,,5650,0.6337094751925488,0.6261946902654867,0.6299296715036055
bn_static,M-2022-12,156,absorber,11350,0.430009648055707,0.9031718061674009,0.5826252522094972
bn_static,M-2022-12,157,,800,0.2939547761882787,0.79625,0.42938995618469833
bn_static,M-2022-12,158,,5549,0.4943695087241678,0.7199495404577402,0.5862068965517241
bn_static,M-2022-12,159,,1740,0.6103781882145998,0.3988505747126437,0.4824469933958985
bn_static,M-2022-12,160,,1048,0.3285573122529644,0.6345419847328244,0.4329427083333333
bn_static,M-2022-12,161,,334,0.5106888361045131,0.6437125748502994,0.5695364238410596
bn_static,M-2022-12,162,,59,0.46511627906976744,0.3389830508474576,0.39215686274509803
bn_static,M-2022-12,163,final_collapsed;gradual_collapsed,1741,0.059770114942528735,0.014933946008041356,0.02389705882352941
bn_static,M-2022-12,164,,1689,0.019491734517641253,0.046773238602723505,0.027516544757924068
bn_static,M-2022-12,165,,4989,0.7942767012167643,0.7065544197233915,0.7478519147130582
bn_static,M-2022-12,166,degraded_noncollapsed,1835,0.31986275257338925,0.45722070844686646,0.3764019739793629
bn_static,M-2022-12,167,degraded_noncollapsed,55,0.03825136612021858,0.12727272727272726,0.058823529411764705
bn_static,M-2022-12,168,,4221,0.7963786531130876,0.5939350864723999,0.6804179671597231
bn_static,M-2022-12,169,,1502,0.9159235668789809,0.9573901464713716,0.9361979166666666
bn_static,M-2022-12,170,,1916,0.3288761540910538,0.5391440501043842,0.4085426141981412
bn_static,M-2022-12,171,,4142,0.43155383238890543,0.6986962819893772,0.5335545722713865
bn_static,M-2022-12,172,,5558,0.36158970824718584,0.8495861820798849,0.507278294032336
bn_static,M-2022-12,173,degraded_noncollapsed,978,0.9051094890510949,0.12678936605316973,0.22242152466367712
bn_static,M-2022-12,174,final_collapsed;abrupt_collapsed,1507,0.2857142857142857,0.0013271400132714001,0.002642007926023778
bn_static,M-2022-12,175,,22084,0.5604069520983468,0.6584857815613113,0.6055003851518748
bn_static,M-2022-12,176,degraded_noncollapsed,2085,0.36363636363636365,0.44700239808153475,0.4010327022375215
bn_static,M-2022-12,177,,1117,0.45718050065876153,0.9319606087735004,0.6134354743665291
bn_adabn,M-2022-12,0,,950,0.7967863894139886,0.8873684210526316,0.8396414342629482
bn_adabn,M-2022-12,1,,3117,0.8655788655788655,0.7147898620468399,0.7829906870497276
bn_adabn,M-2022-12,2,absorber,3678,0.3598916761687571,0.6865144100054378,0.472227417243314
bn_adabn,M-2022-12,3,,743,0.8725247524752475,0.9488559892328399,0.9090909090909091
bn_adabn,M-2022-12,4,,869,0.8922413793103449,0.952819332566168,0.9215358931552587
bn_adabn,M-2022-12,5,absorber,1080,0.40867279894875164,0.575925925925926,0.47809377401998465
bn_adabn,M-2022-12,6,degraded_noncollapsed,1684,0.5678160919540229,0.44002375296912116,0.4958179993308799
bn_adabn,M-2022-12,7,,33,0.08333333333333333,0.030303030303030304,0.044444444444444446
bn_adabn,M-2022-12,8,stable,1142,0.723388848660391,0.8747810858143608,0.7919143876337693
bn_adabn,M-2022-12,9,degraded_noncollapsed,910,0.43967828418230565,0.18021978021978022,0.25565081839438814
bn_adabn,M-2022-12,10,final_collapsed;gradual_collapsed,1004,0.6687898089171974,0.10458167330677291,0.18087855297157623
bn_adabn,M-2022-12,11,degraded_noncollapsed,1749,0.5789473684210527,0.0880503144654088,0.15285359801488835
bn_adabn,M-2022-12,12,degraded_noncollapsed,263,0.24343675417661098,0.38783269961977185,0.2991202346041056
bn_adabn,M-2022-12,13,absorber,1090,0.3156411460779709,0.6165137614678899,0.4175209692451072
bn_adabn,M-2022-12,14,absorber;degraded_noncollapsed,5821,0.1714382709064162,0.2602645593540629,0.20671305771592305
bn_adabn,M-2022-12,15,stable,715,0.4435626102292769,0.7034965034965035,0.5440778799351
bn_adabn,M-2022-12,16,,1186,0.3046875,0.16441821247892074,0.21358159912376778
bn_adabn,M-2022-12,17,,8301,0.8335567470956211,0.8989278400192748,0.8650089839448212
bn_adabn,M-2022-12,18,,25658,0.8106460059543025,0.8808168992127212,0.8442759213254385
bn_adabn,M-2022-12,19,degraded_noncollapsed,22936,0.7367152346260981,0.5996250435995815,0.6611383520815306
bn_adabn,M-2022-12,20,,1125,0.3433425523508495,0.7724444444444445,0.47538293216630195
bn_adabn,M-2022-12,21,,2095,0.8686205154118242,0.8205250596658711,0.8438880706921944
bn_adabn,M-2022-12,22,,743,0.5693501454898157,0.7900403768506057,0.6617812852311161
bn_adabn,M-2022-12,23,,5114,0.7421484941214366,0.9010559249120063,0.8139185728163915
bn_adabn,M-2022-12,24,degraded_noncollapsed,4154,0.7185025197984162,0.48050072219547424,0.5758799769186382
bn_adabn,M-2022-12,25,,34385,0.823170731707317,0.8794532499636469,0.8503817437887544
bn_adabn,M-2022-12,26,final_collapsed;abrupt_collapsed,807,0.034074074074074076,0.028500619578686492,0.0310391363022942
bn_adabn,M-2022-12,27,,7371,0.9946176982744974,0.8523945190611857,0.9180303915838691
bn_adabn,M-2022-12,28,degraded_noncollapsed,5815,0.2632693180099803,0.29939810834049874,0.2801738010943032
bn_adabn,M-2022-12,29,,30274,0.8664954592824178,0.7690097113034287,0.8148472227083406
bn_adabn,M-2022-12,30,,645,0.9526315789473684,0.8418604651162791,0.8938271604938272
bn_adabn,M-2022-12,31,,952,0.7905982905982906,0.9716386554621849,0.8718190386427899
bn_adabn,M-2022-12,32,degraded_noncollapsed,998,0.2862476664592408,0.46092184368737477,0.3531669865642994
bn_adabn,M-2022-12,33,,630,0.8951965065502183,0.3253968253968254,0.47729918509895225
bn_adabn,M-2022-12,34,degraded_noncollapsed,1240,0.9003690036900369,0.1967741935483871,0.3229649238914626
bn_adabn,M-2022-12,35,,930,0.9622356495468278,0.6849462365591398,0.800251256281407
bn_adabn,M-2022-12,36,degraded_noncollapsed,216,0.7238805970149254,0.44907407407407407,0.5542857142857143
bn_adabn,M-2022-12,37,,866,0.9713168187744459,0.8602771362586605,0.9124311083894673
bn_adabn,M-2022-12,38,final_collapsed;abrupt_collapsed,193,0.27450980392156865,0.07253886010362694,0.11475409836065574
bn_adabn,M-2022-12,39,,4483,0.8175445244410762,0.9625250948025875,0.8841307243110337
bn_adabn,M-2022-12,40,degraded_noncollapsed,737,0.9559902200488998,0.5305291723202171,0.6823734729493892
bn_adabn,M-2022-12,41,,1636,0.6090169992609017,0.5036674816625917,0.5513549682167949
bn_adabn,M-2022-12,42,degraded_noncollapsed,1444,0.5925925925925926,0.1329639889196676,0.2171945701357466
bn_adabn,M-2022-12,43,,1992,0.8083462132921174,0.7876506024096386,0.7978642257818459
bn_adabn,M-2022-12,44,stable,1181,0.9774891774891775,0.955969517358171,0.9666095890410958
bn_adabn,M-2022-12,45,absorber,1463,0.7430939226519337,0.735475051264525,0.7392648574373067
bn_adabn,M-2022-12,46,absorber,7420,0.69140937450008,0.5824797843665768,0.6322873235315631
bn_adabn,M-2022-12,47,final_collapsed;gradual_collapsed,618,0.11940298507462686,0.012944983818770227,0.02335766423357664
bn_adabn,M-2022-12,48,final_collapsed;abrupt_collapsed,3361,0.023148148148148147,0.001487652484379649,0.0027956388034665923
bn_adabn,M-2022-12,49,,31563,0.9193395331182388,0.7673541805278332,0.8364992747116116
bn_adabn,M-2022-12,50,degraded_noncollapsed,1528,0.45598194130925507,0.2643979057591623,0.3347141673570837
bn_adabn,M-2022-12,51,,11645,0.8587433406455657,0.9412623443538,0.8981113523700275
bn_adabn,M-2022-12,52,,1274,0.5235539654144306,0.6891679748822606,0.5950525245679431
bn_adabn,M-2022-12,53,,5505,0.8831521739130435,0.8265213442325159,0.8538988458290325
bn_adabn,M-2022-12,54,degraded_noncollapsed,5063,0.8034825870646766,0.12759233655935218,0.22021476052497016
bn_adabn,M-2022-12,55,degraded_noncollapsed,4063,0.8177204482977374,0.9517597834112724,0.879663330300273
bn_adabn,M-2022-12,56,final_collapsed;abrupt_collapsed,12137,0.08620689655172414,0.00041196341764851283,0.0008200082000820008
bn_adabn,M-2022-12,57,stable,2331,0.9740425531914894,0.9819819819819819,0.977996154667806
bn_adabn,M-2022-12,58,,15,0.0,0.0,0.0
bn_adabn,M-2022-12,59,stable,6030,0.9323038527530807,0.9912106135986734,0.9608552367173057
bn_adabn,M-2022-12,60,,24845,0.8853781119725718,0.9146709599517006,0.8997861894203357
bn_adabn,M-2022-12,61,,10494,0.6202187798252699,0.8050314465408805,0.7006427534729421
bn_adabn,M-2022-12,62,stable,11221,0.9600580973129993,0.9425184921130024,0.9512074470477133
bn_adabn,M-2022-12,63,,5492,0.6288881535407015,0.6920975965040058,0.6589805825242718
bn_adabn,M-2022-12,64,stable,1215,0.8320413436692506,0.7950617283950617,0.8131313131313131
bn_adabn,M-2022-12,65,,2112,0.9577663068981699,0.9663825757575758,0.9620551496582607
bn_adabn,M-2022-12,66,final_collapsed;abrupt_collapsed,1955,0.004914004914004914,0.0010230179028132991,0.001693480101608806
bn_adabn,M-2022-12,67,,1191,0.1792452830188679,0.17548278757346766,0.17734408145948238
bn_adabn,M-2022-12,68,,2499,0.7741046831955923,0.8995598239295718,0.8321302979826023
bn_adabn,M-2022-12,69,final_collapsed;abrupt_collapsed,1866,0.0,0.0,0.0
bn_adabn,M-2022-12,70,degraded_noncollapsed,908,0.6643835616438356,0.21365638766519823,0.3233333333333333
bn_adabn,M-2022-12,71,absorber,39434,0.5615728673938926,0.8851245118425723,0.6871677757215419
bn_adabn,M-2022-12,72,,5765,0.42985478710312575,0.6058976582827407,0.502915556835361
bn_adabn,M-2022-12,73,,8821,0.9270145310435931,0.9546536673846503,0.9406311086288747
bn_adabn,M-2022-12,74,,2294,0.6050662061024755,0.458151700087184,0.5214586951128752
bn_adabn,M-2022-12,75,degraded_noncollapsed,6807,0.42326441418725835,0.36991332451887765,0.3947946064597052
bn_adabn,M-2022-12,76,stable,2683,0.8997722095671982,0.8833395452851286,0.8914801579838255
bn_adabn,M-2022-12,77,,17960,0.8186358349866594,0.6662583518930958,0.7346287257881328
bn_adabn,M-2022-12,78,,10246,0.7121462777535916,0.7982627366777278,0.752749528323593
bn_adabn,M-2022-12,79,,7528,0.8200946870068385,0.6212805526036131,0.7069760411155619
bn_adabn,M-2022-12,80,degraded_noncollapsed,1055,0.6272493573264781,0.23127962085308057,0.3379501385041551
bn_adabn,M-2022-12,81,,2122,0.9752906976744186,0.9486333647502356,0.9617773530817009
bn_adabn,M-2022-12,82,,27579,0.7902876919749081,0.7948439029696508,0.7925592494169966
bn_adabn,M-2022-12,83,,19531,0.9526715922475639,0.9110644616251088,0.9314035960114109
bn_adabn,M-2022-12,84,,1057,0.8920792079207921,0.8524124881740776,0.8717948717948718
bn_adabn,M-2022-12,85,,350,0.7664233576642335,0.6,0.6730769230769231
bn_adabn,M-2022-12,86,,20232,0.8419496328421467,0.8444049031237644,0.8431754805912691
bn_adabn,M-2022-12,87,,5056,0.8679415478982501,0.9515427215189873,0.9078214925936409
bn_adabn,M-2022-12,88,,83,0.10352422907488987,0.5662650602409639,0.1750465549348231
bn_adabn,M-2022-12,89,,377,0.6858316221765913,0.8859416445623343,0.7731481481481481
bn_adabn,M-2022-12,90,,4080,0.8918612559510315,0.9642156862745098,0.9266281945589447
bn_adabn,M-2022-12,91,,2334,0.8655131734172238,0.9430162810625535,0.9026040598728726
bn_adabn,M-2022-12,92,,896,0.9766081871345029,0.7455357142857143,0.8455696202531645
bn_adabn,M-2022-12,93,,18804,0.7231664726426077,0.8258881089129972,0.771121428039425
bn_adabn,M-2022-12,94,stable,760,0.6286089238845144,0.6302631578947369,0.6294349540078844
bn_adabn,M-2022-12,95,,3282,0.7571294997662459,0.9868982327848873,0.8568783068783069
bn_adabn,M-2022-12,96,absorber;degraded_noncollapsed,44573,0.9169442963752665,0.6174814349494089,0.7379908565606189
bn_adabn,M-2022-12,97,,18214,0.6050213387673498,0.8639508070714835,0.7116658752233
bn_adabn,M-2022-12,98,stable,48912,0.9947567071304703,0.9968514883873079,0.9958029961093467
bn_adabn,M-2022-12,99,stable,18452,0.9896456086286595,0.8702037719488402,0.9260893387547943
bn_adabn,M-2022-12,100,,17278,0.6260623229461756,0.5500057877069106,0.5855747604522907
bn_adabn,M-2022-12,101,degraded_noncollapsed,42403,0.9941131302789864,0.9159729264438837,0.9534446994709904
bn_adabn,M-2022-12,102,,35717,0.9175039374355075,0.9459921046000503,0.9315302648084585
bn_adabn,M-2022-12,103,degraded_noncollapsed,1446,0.7252475247524752,0.40525587828492393,0.5199645075421473
bn_adabn,M-2022-12,104,final_collapsed;gradual_collapsed,1744,0.05337078651685393,0.010894495412844037,0.018095238095238095
bn_adabn,M-2022-12,105,absorber;degraded_noncollapsed,3159,0.6092066601371204,0.393795504906616,0.4783695443184003
bn_adabn,M-2022-12,106,,1622,0.9595267745952677,0.9500616522811344,0.9547707558859975
bn_adabn,M-2022-12,107,stable,2555,0.743452380952381,0.9776908023483366,0.8446322907861369
bn_adabn,M-2022-12,108,,3529,0.9014557670772676,0.9124397846415415,0.9069145190818194
bn_adabn,M-2022-12,109,final_collapsed;abrupt_collapsed,393,0.0,0.0,0.0
bn_adabn,M-2022-12,110,,5670,0.8050264126780855,0.8869488536155202,0.8440043635143073
bn_adabn,M-2022-12,111,degraded_noncollapsed,1136,0.27733118971061094,0.30369718309859156,0.28991596638655465
bn_adabn,M-2022-12,112,degraded_noncollapsed,1083,0.6527777777777778,0.564173591874423,0.605250123823675
bn_adabn,M-2022-12,113,stable,3574,0.9991326973113617,0.9669837716843872,0.9827953931465946
bn_adabn,M-2022-12,114,,911,0.8359293873312564,0.8836443468715697,0.8591248665955176
bn_adabn,M-2022-12,115,,15934,0.9469863117295622,0.7858667001380696,0.8589361045375039
bn_adabn,M-2022-12,116,,3278,0.8867858394672274,0.7718120805369127,0.8253139781438591
bn_adabn,M-2022-12,117,,58860,0.6392985490821789,0.728372409106354,0.6809348718641053
bn_adabn,M-2022-12,118,degraded_noncollapsed,2577,0.4014722536806342,0.5502522312766783,0.464233098706826
bn_adabn,M-2022-12,119,stable,1033,0.9207317073170732,0.8770571151984511,0.8983639067922657
bn_adabn,M-2022-12,120,,1133,0.8621323529411765,0.8278905560458959,0.8446645655110311
bn_adabn,M-2022-12,121,final_collapsed;gradual_collapsed,16,0.013333333333333334,0.0625,0.02197802197802198
bn_adabn,M-2022-12,122,,40149,0.8566937385381189,0.8144661137263692,0.8350464127478645
bn_adabn,M-2022-12,123,degraded_noncollapsed,1458,0.7754137115839244,0.22496570644718794,0.3487506645401382
bn_adabn,M-2022-12,124,,18817,0.9063465783664459,0.8727746186958601,0.8892438476324552
bn_adabn,M-2022-12,125,,2268,0.44172297297297297,0.9223985890652557,0.597372929754426
bn_adabn,M-2022-12,126,,2588,0.9614532565352237,0.8384853168469861,0.8957688338493293
bn_adabn,M-2022-12,127,,4058,0.8583261925164238,0.7405125677673731,0.7950787141156238
bn_adabn,M-2022-12,128,stable,3721,0.937533948940793,0.9277076054823972,0.9325948939619073
bn_adabn,M-2022-12,129,degraded_noncollapsed,18631,0.6899432823077393,0.6072137834791477,0.6459403905447071
bn_adabn,M-2022-12,130,stable,4618,0.7837267319132604,0.884365526201819,0.8310102757147217
bn_adabn,M-2022-12,131,stable,17194,0.8890158222425315,0.9051994881935559,0.8970346675888303
bn_adabn,M-2022-12,132,stable,13419,0.963807760289538,0.8533422758774871,0.9052173913043479
bn_adabn,M-2022-12,133,,34000,0.815015479876161,0.9600882352941177,0.8816237238697132
bn_adabn,M-2022-12,134,,5543,0.9304302567661347,0.967526610138914,0.9486159016538428
bn_adabn,M-2022-12,135,,1872,0.6653974297953356,0.7467948717948718,0.7037503146237101
bn_adabn,M-2022-12,136,,12861,0.7065291626826936,0.8043698001710597,0.7522815692833509
bn_adabn,M-2022-12,137,degraded_noncollapsed,1286,0.5590682196339434,0.26127527216174184,0.356120826709062
bn_adabn,M-2022-12,138,degraded_noncollapsed,12776,0.67417943107221,0.48231058234189106,0.562328892133601
bn_adabn,M-2022-12,139,degraded_noncollapsed,973,0.3103448275862069,0.13874614594039056,0.19176136363636365
bn_adabn,M-2022-12,140,,21276,0.7543116191977924,0.719496145892085,0.7364926629781092
bn_adabn,M-2022-12,141,,1226,0.7523076923076923,0.797716150081566,0.7743467933491687
bn_adabn,M-2022-12,142,,15948,0.7105393984588615,0.7169551040882869,0.713732833957553
bn_adabn,M-2022-12,143,degraded_noncollapsed,3052,0.5038550501156515,0.42824377457404983,0.4629826425788169
bn_adabn,M-2022-12,144,stable,2267,0.9543300301594141,0.9770621967357741,0.9655623365300785
bn_adabn,M-2022-12,145,stable,1149,1.0,0.9921671018276762,0.9960681520314548
bn_adabn,M-2022-12,146,,4680,0.9849204132923765,0.7536324786324786,0.853891780656095
bn_adabn,M-2022-12,147,degraded_noncollapsed,2730,0.8902702702702703,0.6032967032967033,0.7192139737991267
bn_adabn,M-2022-12,148,,3728,0.8670422535211267,0.8256437768240343,0.8458367683429514
bn_adabn,M-2022-12,149,,29896,0.6174105170128148,0.701030238158951,0.6565686627715731
bn_adabn,M-2022-12,150,degraded_noncollapsed,1291,0.7780458383594693,0.49961270333075136,0.6084905660377359
bn_adabn,M-2022-12,151,,872,0.5409090909090909,0.8188073394495413,0.6514598540145985
bn_adabn,M-2022-12,152,degraded_noncollapsed,729,0.9516407599309153,0.7558299039780522,0.8425076452599388
bn_adabn,M-2022-12,153,,59235,0.8146583641871423,0.8172026673419431,0.8159285322995238
bn_adabn,M-2022-12,154,,1862,0.6694762191450934,0.5972073039742213,0.6312801589554357
bn_adabn,M-2022-12,155,,5650,0.6419316843345112,0.6752212389380531,0.658155783662555
bn_adabn,M-2022-12,156,absorber,11350,0.5601018859744201,0.9105726872246696,0.6935776122407892
bn_adabn,M-2022-12,157,,800,0.3474986551909629,0.8075,0.48589695374200825
bn_adabn,M-2022-12,158,,5549,0.5540796963946869,0.7893314110650568,0.651107477330162
bn_adabn,M-2022-12,159,,1740,0.5604743083003952,0.4074712643678161,0.4718801996672213
bn_adabn,M-2022-12,160,,1048,0.30502885408079145,0.7061068702290076,0.4260218767990789
bn_adabn,M-2022-12,161,,334,0.6467236467236467,0.6796407185628742,0.6627737226277373
bn_adabn,M-2022-12,162,,59,0.4745762711864407,0.4745762711864407,0.4745762711864407
bn_adabn,M-2022-12,163,final_collapsed;gradual_collapsed,1741,0.055327868852459015,0.015508328546812177,0.024226110363391656
bn_adabn,M-2022-12,164,,1689,0.030585106382978722,0.027235050325636473,0.028813028499843407
bn_adabn,M-2022-12,165,,4989,0.7850119585437151,0.5921026257767088,0.6750457038391224
bn_adabn,M-2022-12,166,degraded_noncollapsed,1835,0.48740906547285956,0.47465940054495914,0.48094975151849806
bn_adabn,M-2022-12,167,degraded_noncollapsed,55,0.3684210526315789,0.12727272727272726,0.1891891891891892
bn_adabn,M-2022-12,168,,4221,0.7980005126890541,0.7375029613835584,0.7665599606008372
bn_adabn,M-2022-12,169,,1502,0.8028792912513842,0.9653794940079894,0.8766626360338573
bn_adabn,M-2022-12,170,,1916,0.39494301994301995,0.5788100208768268,0.4695173581710415
bn_adabn,M-2022-12,171,,4142,0.5476003147128246,0.6721390632544665,0.6035118144374594
bn_adabn,M-2022-12,172,,5558,0.6265060240963856,0.5426412378553437,0.5815657539529503
bn_adabn,M-2022-12,173,degraded_noncollapsed,978,0.9308755760368663,0.2065439672801636,0.33807531380753136
bn_adabn,M-2022-12,174,final_collapsed;abrupt_collapsed,1507,0.13333333333333333,0.0013271400132714001,0.002628120893561104
bn_adabn,M-2022-12,175,,22084,0.6212349074034289,0.6546821228038399,0.6375201181736005
bn_adabn,M-2022-12,176,degraded_noncollapsed,2085,0.4889543446244477,0.4776978417266187,0.48326055312954874
bn_adabn,M-2022-12,177,,1117,0.4429125376992676,0.9203222918531782,0.598022105875509
