period,true_class,pred_class,confusion_count,confusion_rate,rank_in_period
W-2022-47,49,41,191352,0.6253496823446365,1
W-2022-47,9,61,1252,0.5214493960849645,2
W-2022-47,50,61,185323,0.48996010480090735,3
W-2022-47,62,41,218436,0.4241994651772935,4
W-2022-47,52,41,12008,0.3389792231255646,5
W-2022-47,60,101,23308,0.3339350697727729,6
W-2022-47,71,98,460,0.3205574912891986,7
W-2022-47,23,91,134,0.29910714285714285,8
W-2022-47,80,98,308,0.29473684210526313,9
W-2022-47,48,44,6866,0.275157295715946,10
W-2022-47,2,3,145,0.2741020793950851,11
W-2022-47,80,91,252,0.24114832535885167,12
W-2022-47,68,13,12137,0.23989010554611218,13
W-2022-47,19,101,49073,0.23910406018407987,14
W-2022-47,56,44,4442,0.2324315839045576,15
W-2022-47,34,97,125,0.21258503401360543,16
W-2022-47,20,73,905,0.19618469542597008,17
W-2022-47,60,41,13594,0.19476202756525976,18
W-2022-47,58,61,1647,0.19003115264797507,19
W-2022-47,76,75,3527,0.17686290241700933,20
W-2022-47,47,101,7720,0.1741209373660825,21
W-2022-47,47,44,7573,0.17080542210794597,22
W-2022-47,58,41,1468,0.1693781008422753,23
W-2022-47,6,91,68,0.16790123456790124,24
W-2022-47,77,98,786,0.16726963183656096,25
W-2022-47,56,62,3165,0.16561142797341846,26
W-2022-47,34,63,97,0.1649659863945578,27
W-2022-47,71,91,225,0.156794425087108,28
W-2022-47,95,67,92,0.15593220338983052,29
W-2022-47,99,29,2163,0.15270031768443346,30
W-2022-47,51,44,517,0.1524624004718372,31
W-2022-47,30,32,5206,0.1516899766899767,32
W-2022-47,34,98,89,0.15136054421768708,33
W-2022-47,71,18,212,0.14773519163763066,34
W-2022-47,50,41,52616,0.13910707723382712,35
W-2022-47,72,35,660,0.13650465356773525,36
W-2022-47,95,91,79,0.13389830508474576,37
W-2022-47,31,32,791,0.13126452041154996,38
W-2022-47,56,41,2419,0.12657631730417038,39
W-2022-47,77,91,574,0.12215364971270483,40
W-2022-47,101,41,40361,0.12178496855877277,41
W-2022-47,2,4,64,0.12098298676748583,42
W-2022-47,2,14,64,0.12098298676748583,43
W-2022-47,58,59,1008,0.11630321910695743,44
W-2022-47,61,101,21751,0.11149498936361073,45
W-2022-47,23,98,49,0.109375,46
W-2022-47,48,101,2724,0.10916523063359115,47
W-2022-47,51,42,367,0.10822766145679741,48
W-2022-47,96,89,32,0.10702341137123746,49
W-2022-47,62,101,53713,0.10430984761242637,50
W-2022-47,47,41,4547,0.10255542774657735,51
W-2022-47,47,43,4366,0.09847305861921195,52
W-2022-47,42,61,13921,0.0973142633447977,53
W-2022-47,90,17,396,0.09701126898579128,54
W-2022-47,96,91,29,0.09698996655518395,55
W-2022-47,101,61,31925,0.0963302475468601,56
W-2022-47,9,41,230,0.09579341940857976,57
W-2022-47,52,49,3361,0.09487917795844625,58
W-2022-47,7,91,87,0.09344790547798067,59
W-2022-47,98,91,1369,0.09300903593994157,60
W-2022-47,64,78,513,0.08959133775759692,61
W-2022-47,70,88,415,0.08903668740613602,62
W-2022-47,4,14,1561,0.08894586894586895,63
W-2022-47,8,25,283,0.08890983349041784,64
W-2022-47,53,41,2010,0.08681005441824306,65
W-2022-47,34,39,51,0.08673469387755102,66
W-2022-47,9,101,207,0.08621407746772178,67
W-2022-47,94,64,212,0.08432776451869531,68
W-2022-47,82,68,1610,0.08413461538461539,69
W-2022-47,74,70,200,0.08406893652795293,70
W-2022-47,6,79,34,0.08395061728395062,71
W-2022-47,64,13,478,0.08347886831994411,72
W-2022-47,23,67,37,0.08258928571428571,73
W-2022-47,26,29,6362,0.08251514247545427,74
W-2022-47,21,70,271,0.0800354400472534,75
W-2022-47,78,13,1244,0.0793013323133805,76
W-2022-47,35,22,174,0.07837837837837838,77
W-2022-47,24,11,134,0.07813411078717201,78
W-2022-47,85,21,261,0.07758620689655173,79
W-2022-47,58,101,666,0.07684319833852545,80
W-2022-47,13,68,4529,0.07659005969593966,81
W-2022-47,90,74,311,0.07618814306712396,82
W-2022-47,48,41,1885,0.07554201899571193,83
W-2022-47,24,4,126,0.07346938775510205,84
W-2022-47,85,17,247,0.07342449464922711,85
W-2022-47,90,70,298,0.07300342969132778,86
W-2022-47,62,43,37476,0.07277783495845123,87
W-2022-47,97,91,884,0.0726018396846255,88
W-2022-47,70,11,330,0.07080025745548166,89
W-2022-47,21,4,238,0.07028942705256941,90
W-2022-47,96,86,21,0.07023411371237458,91
W-2022-47,61,62,13606,0.06974395776200118,92
W-2022-47,8,36,220,0.0691171850455545,93
W-2022-47,85,14,230,0.06837098692033294,94
W-2022-47,61,59,13324,0.06829843401594177,95
W-2022-47,74,17,162,0.06809583858764187,96
W-2022-47,84,98,74,0.06751824817518248,97
W-2022-47,71,77,96,0.06689895470383275,98
W-2022-47,0,74,76,0.0657439446366782,99
W-2022-47,21,11,222,0.06556408741878322,100
W-2022-47,80,77,67,0.06411483253588517,101
W-2022-47,3,14,969,0.06352015732546706,102
W-2022-47,90,11,259,0.06344928956393925,103
W-2022-47,23,77,28,0.0625,104
W-2022-47,23,79,28,0.0625,105
W-2022-47,48,59,1552,0.0621969302288302,106
W-2022-47,42,101,8869,0.06199843413583871,107
W-2022-47,99,26,862,0.060854218143310976,108
W-2022-47,74,11,144,0.0605296343001261,109
W-2022-47,84,91,66,0.060218978102189784,110
W-2022-47,58,54,521,0.060113072574131766,111
W-2022-47,42,41,8515,0.05952380952380952,112
W-2022-47,95,77,35,0.059322033898305086,113
W-2022-47,19,61,12168,0.05928755536282444,114
W-2022-47,73,37,308,0.05892481346852879,115
W-2022-47,0,17,68,0.058823529411764705,116
W-2022-47,35,4,130,0.05855855855855856,117
W-2022-47,35,88,130,0.05855855855855856,118
W-2022-47,69,11,52,0.05790645879732739,119
W-2022-47,71,67,82,0.05714285714285714,120
W-2022-47,18,98,632,0.056854983807124865,121
W-2022-47,49,50,17332,0.05664200371251536,122
W-2022-47,21,17,191,0.0564087418783225,123
W-2022-47,0,92,65,0.056228373702422146,124
W-2022-47,85,68,188,0.0558858501783591,125
W-2022-47,48,61,1394,0.055865026249348776,126
W-2022-47,79,91,3045,0.05555454197150207,127
W-2022-47,38,91,277,0.0554,128
W-2022-47,94,68,138,0.05489260143198091,129
W-2022-47,69,79,49,0.05456570155902005,130
W-2022-47,69,91,49,0.05456570155902005,131
W-2022-47,28,66,11544,0.054156756224226985,132
W-2022-47,41,43,26377,0.053982424041488106,133
W-2022-47,48,42,1345,0.053901334508876686,134
W-2022-47,47,59,2388,0.053860207050544694,135
W-2022-47,10,91,248,0.05383112654655958,136
W-2022-47,63,39,102,0.05368421052631579,137
W-2022-47,51,101,182,0.0536714833382483,138
W-2022-47,96,79,16,0.05351170568561873,139
W-2022-47,85,70,180,0.0535077288941736,140
W-2022-47,1,36,58,0.05244122965641953,141
W-2022-47,62,61,26533,0.05152669161470238,142
W-2022-47,51,41,174,0.05131229725744618,143
W-2022-47,37,36,238,0.05101822079314041,144
W-2022-47,64,17,287,0.05012224938875306,145
W-2022-47,85,92,167,0.049643281807372173,146
W-2022-47,90,72,201,0.0492405683488486,147
W-2022-47,94,90,123,0.04892601431980907,148
W-2022-47,92,68,543,0.04863412449619346,149
W-2022-47,80,67,50,0.04784688995215311,150
W-2022-47,33,101,777,0.047750737463126844,151
W-2022-47,54,101,895,0.047207131177804736,152
W-2022-47,83,36,36,0.04712041884816754,153
W-2022-47,80,18,49,0.04688995215311005,154
W-2022-47,88,13,869,0.04673299273998387,155
W-2022-47,55,41,18802,0.04665740235247407,156
W-2022-47,100,14,510,0.04631731904459177,157
W-2022-47,73,11,242,0.046298067725272625,158
W-2022-47,34,91,27,0.04591836734693878,159
W-2022-47,52,57,1626,0.04590108401084011,160
W-2022-47,8,65,146,0.04586867734841345,161
W-2022-47,0,72,53,0.045847750865051905,162
W-2022-47,16,14,46,0.04563492063492063,163
W-2022-47,74,13,108,0.04539722572509458,164
W-2022-47,20,11,209,0.045306741816605246,165
W-2022-47,52,61,1589,0.044856594399277326,166
W-2022-47,16,90,45,0.044642857142857144,167
W-2022-47,94,88,112,0.04455051710421639,168
W-2022-47,31,28,267,0.04430799867241952,169
W-2022-47,53,61,1021,0.04409605251792347,170
W-2022-47,49,61,13473,0.04403056289053309,171
W-2022-47,67,91,982,0.04357085810630935,172
W-2022-47,50,43,16394,0.04334273650926261,173
W-2022-47,28,32,9139,0.04287409867751303,174
W-2022-47,61,42,8362,0.042863367250173,175
W-2022-47,86,91,67,0.04237824161922834,176
W-2022-47,85,11,142,0.04221165279429251,177
W-2022-47,74,90,100,0.042034468263976464,178
W-2022-47,94,82,105,0.041766109785202864,179
W-2022-47,77,79,194,0.04128537986805703,180
W-2022-47,21,92,139,0.04105138806851742,181
W-2022-47,35,14,91,0.04099099099099099,182
W-2022-47,11,17,595,0.04028163292938867,183
W-2022-47,90,4,164,0.04017638412542871,184
W-2022-47,42,55,5729,0.040048374017839665,185
W-2022-47,94,17,100,0.03977724741447892,186
W-2022-47,94,72,100,0.03977724741447892,187
W-2022-47,44,101,2446,0.039335509705224904,188
W-2022-47,21,14,133,0.03927938570584761,189
W-2022-47,25,65,119,0.0391190006574622,190
W-2022-47,85,4,131,0.038941736028537455,191
W-2022-47,43,41,3127,0.03879315692185542,192
W-2022-47,18,91,429,0.03859301907160849,193
W-2022-47,70,92,179,0.03840377601373096,194
W-2022-47,64,70,217,0.037897310513447434,195
W-2022-47,95,98,22,0.03728813559322034,196
W-2022-47,90,92,152,0.03723664870161685,197
W-2022-47,69,77,33,0.036748329621380846,198
W-2022-47,59,44,16318,0.03673818582974987,199
W-2022-47,55,101,14666,0.03639386570053104,200
W-2022-47,41,57,17718,0.03626115893267188,201
W-2022-47,94,92,91,0.03619729514717582,202
W-2022-47,60,55,2518,0.036075532250207744,203
W-2022-47,60,44,2505,0.03588928049514313,204
W-2022-47,74,92,84,0.03530895334174023,205
W-2022-47,25,8,106,0.034845496383957925,206
W-2022-47,94,85,87,0.034606205250596656,207
W-2022-47,52,43,1223,0.03452461607949413,208
W-2022-47,78,68,541,0.03448715496908268,209
W-2022-47,94,13,86,0.03420843277645187,210
W-2022-47,4,3,600,0.03418803418803419,211
W-2022-47,41,61,16486,0.033739782490350416,212
W-2022-47,62,55,17344,0.033681790199577816,213
W-2022-47,52,60,1188,0.03353658536585366,214
W-2022-47,23,97,15,0.033482142857142856,215
W-2022-47,96,67,10,0.033444816053511704,216
W-2022-47,96,93,10,0.033444816053511704,217
W-2022-47,29,26,7562,0.033129323525675006,218
W-2022-47,62,44,17032,0.033075890837131534,219
W-2022-47,41,52,16132,0.033015296077540515,220
W-2022-47,0,70,38,0.0328719723183391,221
W-2022-47,0,78,38,0.0328719723183391,222
W-2022-47,16,85,33,0.03273809523809524,223
W-2022-47,70,17,152,0.03261102767646428,224
W-2022-47,80,79,34,0.03253588516746411,225
W-2022-47,74,21,77,0.032366540563261874,226
W-2022-47,94,70,81,0.032219570405727926,227
W-2022-47,4,17,564,0.032136752136752135,228
W-2022-47,0,90,37,0.03200692041522491,229
W-2022-47,1,65,35,0.03164556962025317,230
W-2022-47,21,68,107,0.031600708800945065,231
W-2022-47,51,59,107,0.0315541138307284,232
W-2022-47,3,4,477,0.03126843657817109,233
W-2022-47,41,101,15236,0.031181567755852173,234
W-2022-47,0,64,36,0.031141868512110725,235
W-2022-47,8,11,99,0.03110273327049953,236
W-2022-47,10,88,143,0.0310397221619275,237
W-2022-47,56,50,593,0.031029250170059128,238
W-2022-47,94,74,78,0.031026252983293555,239
W-2022-47,11,4,456,0.03087130187529619,240
W-2022-47,47,42,1353,0.03051627309019555,241
W-2022-47,78,14,478,0.030471090712054567,242
W-2022-47,64,68,174,0.030387705204331122,243
W-2022-47,24,14,52,0.030320699708454812,244
W-2022-47,37,20,141,0.03022508038585209,245
W-2022-47,96,97,9,0.030100334448160536,246
W-2022-47,25,88,91,0.029914529914529916,247
W-2022-47,51,54,101,0.029784724270126805,248
W-2022-47,73,36,155,0.029653721063707672,249
W-2022-47,70,65,138,0.02960738039047415,250
W-2022-47,0,94,34,0.029411764705882353,251
W-2022-47,75,76,2354,0.02919617497860518,252
W-2022-47,51,60,99,0.029194927749926276,253
W-2022-47,23,40,13,0.029017857142857144,254
W-2022-47,21,85,98,0.028942705256940343,255
W-2022-47,51,47,97,0.028605131229725744,256
W-2022-47,11,36,417,0.028230993162277434,257
W-2022-47,74,72,67,0.02816309373686423,258
W-2022-47,70,21,131,0.028105556747479082,259
W-2022-47,71,84,40,0.027874564459930314,260
W-2022-47,94,11,70,0.02784407319013524,261
W-2022-47,61,50,5408,0.027721249711664148,262
W-2022-47,60,61,1933,0.027694203272300065,263
W-2022-47,0,13,32,0.02768166089965398,264
W-2022-47,77,67,130,0.027665460736326877,265
W-2022-47,65,36,308,0.027620841180163214,266
W-2022-47,101,50,9149,0.027606121685394613,267
W-2022-47,58,62,239,0.027575862466828197,268
W-2022-47,37,65,128,0.027438370846730974,269
W-2022-47,74,68,64,0.026902059688944935,270
W-2022-47,74,94,64,0.026902059688944935,271
W-2022-47,77,88,126,0.026814215790593742,272
W-2022-47,69,67,24,0.026726057906458798,273
W-2022-47,2,11,14,0.026465028355387523,274
W-2022-47,90,78,108,0.02645761881430671,275
W-2022-47,85,78,89,0.026456599286563614,276
W-2022-47,58,42,229,0.02642206068997346,277
W-2022-47,49,101,8044,0.02628826897435227,278
W-2022-47,41,49,12752,0.026097883435457266,279
W-2022-47,45,61,297,0.025991073772643737,280
W-2022-47,37,11,121,0.025937834941050376,281
W-2022-47,72,4,125,0.025853154084798345,282
W-2022-47,62,42,13294,0.02581675039859245,283
W-2022-47,20,37,119,0.025796661608497723,284
W-2022-47,51,55,87,0.02565614862872309,285
W-2022-47,81,91,64,0.025579536370903277,286
W-2022-47,84,38,28,0.025547445255474453,287
W-2022-47,95,97,15,0.025423728813559324,288
W-2022-47,60,42,1768,0.025330238688787643,289
W-2022-47,20,36,115,0.024929546932581835,290
W-2022-47,83,11,19,0.024869109947643978,291
W-2022-47,21,74,84,0.024808033077377438,292
W-2022-47,8,73,78,0.024505183788878417,293
W-2022-47,72,11,118,0.024405377456049638,294
W-2022-47,66,28,7212,0.02438372930408999,295
W-2022-47,62,59,12535,0.02434278368033371,296
W-2022-47,0,11,28,0.02422145328719723,297
W-2022-47,52,44,858,0.024220867208672087,298
W-2022-47,70,14,112,0.024029178287921046,299
W-2022-47,34,18,14,0.023809523809523808,300
W-2022-47,83,78,18,0.02356020942408377,301
W-2022-47,41,60,11412,0.02335547724007515,302
W-2022-47,50,49,8766,0.0231757001488469,303
W-2022-47,52,101,818,0.023091689250225835,304
W-2022-47,71,97,33,0.022996515679442508,305
W-2022-47,58,44,198,0.02284527518172378,306
W-2022-47,16,11,23,0.022817460317460316,307
W-2022-47,57,41,5122,0.022702089372301854,308
W-2022-47,77,18,106,0.02255799106192807,309
W-2022-47,7,79,21,0.022556390977443608,310
W-2022-47,35,72,50,0.02252252252252252,311
W-2022-47,32,28,4578,0.022488689338750006,312
W-2022-47,73,65,117,0.02238377654486321,313
W-2022-47,71,81,32,0.02229965156794425,314
W-2022-47,97,98,271,0.022256898817345598,315
W-2022-47,47,45,966,0.021787671696325867,316
W-2022-47,11,70,321,0.021731771714846658,317
W-2022-47,100,4,239,0.021705567160112616,318
W-2022-47,9,59,52,0.021657642648896292,319
W-2022-47,101,57,7172,0.021640737209274258,320
W-2022-47,85,100,72,0.02140309155766944,321
W-2022-47,4,11,374,0.02131054131054131,322
W-2022-47,38,79,106,0.0212,323
W-2022-47,88,98,392,0.021080935735412747,324
W-2022-47,37,14,98,0.021007502679528403,325
W-2022-47,71,89,30,0.020905923344947737,326
W-2022-47,48,47,521,0.020879252995631786,327
W-2022-47,9,62,50,0.02082465639316951,328
W-2022-47,100,64,228,0.020706566161111616,329
W-2022-47,42,62,2951,0.02062886223191567,330
W-2022-47,74,64,49,0.020596889449348465,331
W-2022-47,74,88,49,0.020596889449348465,332
W-2022-47,70,74,96,0.020596438532503755,333
W-2022-47,90,94,84,0.020578147966683,334
W-2022-47,7,67,19,0.02040816326530612,335
W-2022-47,19,55,4180,0.0203666980125416,336
W-2022-47,78,82,318,0.02027156244023714,337
W-2022-47,52,50,714,0.02015582655826558,338
W-2022-47,23,7,9,0.020089285714285716,339
W-2022-47,73,14,105,0.020088004591543907,340
W-2022-47,25,36,61,0.020052596975673898,341
W-2022-47,38,98,100,0.02,342
W-2022-47,10,98,92,0.01996961146082049,343
W-2022-47,92,78,221,0.019793999104343932,344
W-2022-47,21,88,67,0.019787359716479623,345
W-2022-47,53,101,455,0.019651032219055023,346
W-2022-47,83,17,15,0.01963350785340314,347
W-2022-47,90,21,80,0.019598236158745713,348
W-2022-47,3,17,298,0.019534578826614225,349
W-2022-47,21,13,66,0.019492025989367986,350
W-2022-47,4,13,342,0.019487179487179488,351
W-2022-47,51,48,66,0.019463285166617515,352
W-2022-47,7,98,18,0.01933404940923738,353
W-2022-47,92,14,215,0.019256605463502014,354
W-2022-47,72,74,93,0.01923474663908997,355
W-2022-47,49,43,5850,0.019118146879656985,356
W-2022-47,90,68,78,0.01910828025477707,357
W-2022-47,92,70,213,0.01907747424988804,358
W-2022-47,99,32,270,0.01906106600776562,359
W-2022-47,47,61,838,0.018900692423934863,360
W-2022-47,16,64,19,0.018849206349206348,361
W-2022-47,70,4,87,0.01866552242008153,362
W-2022-47,21,64,63,0.018606024808033077,363
W-2022-47,48,62,464,0.0185949585220214,364
W-2022-47,85,74,62,0.018430439952437573,365
W-2022-47,9,50,44,0.018325697625989172,366
W-2022-47,83,70,14,0.01832460732984293,367
W-2022-47,11,68,270,0.01827906032089906,368
W-2022-47,11,13,269,0.018211360097488322,369
W-2022-47,101,59,6034,0.01820694483000012,370
W-2022-47,64,4,104,0.018162766329025498,371
W-2022-47,11,20,268,0.018143659874077584,372
W-2022-47,71,38,26,0.018118466898954706,373
W-2022-47,78,17,283,0.018040415630777077,374
W-2022-47,59,43,8009,0.01803138437985456,375
W-2022-47,8,37,57,0.017907634307257305,376
W-2022-47,69,44,16,0.017817371937639197,377
W-2022-47,72,17,86,0.017786970010341262,378
W-2022-47,21,90,60,0.01772002362669817,379
W-2022-47,62,57,9116,0.01770313650019323,380
W-2022-47,65,11,194,0.017397542821271636,381
W-2022-47,0,4,20,0.01730103806228374,382
W-2022-47,61,57,3373,0.01728989927467514,383
W-2022-47,85,88,58,0.017241379310344827,384
W-2022-47,7,89,16,0.017185821697099892,385
W-2022-47,21,72,58,0.017129356172474897,386
W-2022-47,11,14,253,0.017128156522916525,387
W-2022-47,68,82,866,0.017116654148713287,388
W-2022-47,86,97,27,0.017077798861480076,389
W-2022-47,100,17,188,0.01707383525565344,390
W-2022-47,2,24,9,0.017013232514177693,391
W-2022-47,95,69,10,0.01694915254237288,392
W-2022-47,95,81,10,0.01694915254237288,393
W-2022-47,57,61,3802,0.01685149234546889,394
W-2022-47,98,79,246,0.016713091922005572,395
W-2022-47,100,88,183,0.016619743892471166,396
W-2022-47,92,17,184,0.016480071652485447,397
W-2022-47,73,20,86,0.016453032332121677,398
W-2022-47,0,100,19,0.01643598615916955,399
W-2022-47,42,59,2337,0.016336716718396108,400
W-2022-47,9,49,39,0.01624323198667222,401
W-2022-47,30,66,555,0.016171328671328672,402
W-2022-47,13,82,953,0.016116212605482558,403
W-2022-47,70,90,75,0.01609096760351856,404
W-2022-47,58,48,139,0.016037844698280835,405
W-2022-47,60,43,1118,0.016017650935556894,406
W-2022-47,94,14,40,0.015910898965791568,407
W-2022-47,70,64,74,0.015876421368804978,408
W-2022-47,35,3,35,0.015765765765765764,409
W-2022-47,85,64,53,0.015755053507728895,410
W-2022-47,70,13,73,0.015661875134091396,411
W-2022-47,88,91,291,0.01564936810970691,412
W-2022-47,61,41,3052,0.015644462670118153,413
W-2022-47,23,89,7,0.015625,414
W-2022-47,69,98,14,0.015590200445434299,415
W-2022-47,81,98,39,0.015587529976019185,416
W-2022-47,59,101,6781,0.015266677173154422,417
W-2022-47,95,79,9,0.015254237288135594,418
W-2022-47,46,89,42,0.015195369030390739,419
W-2022-47,90,65,61,0.014943655071043607,420
W-2022-47,99,66,211,0.014895870102364985,421
W-2022-47,59,61,6582,0.014818650516694058,422
W-2022-47,81,67,37,0.014788169464428458,423
W-2022-47,39,63,188,0.014709334167905484,424
W-2022-47,58,43,127,0.014653282566055153,425
W-2022-47,11,65,216,0.014623248256719247,426
W-2022-47,29,66,3336,0.014615104903683129,427
W-2022-47,60,57,1020,0.014613599243531334,428
W-2022-47,99,28,207,0.014613483939286975,429
W-2022-47,84,77,16,0.014598540145985401,430
W-2022-47,90,0,59,0.014453699167074964,431
W-2022-47,90,14,59,0.014453699167074964,432
W-2022-47,51,57,49,0.014450014744913005,433
W-2022-47,61,58,2816,0.014434733577671272,434
W-2022-47,11,73,213,0.014420147586487035,435
W-2022-47,70,63,67,0.014374597725809912,436
W-2022-47,47,48,634,0.014299569208561697,437
W-2022-47,21,78,48,0.014176018901358535,438
W-2022-47,20,65,65,0.01409061348363321,439
W-2022-47,93,91,210,0.014084507042253521,440
W-2022-47,87,22,29,0.014057198254968492,441
W-2022-47,47,62,619,0.013961251325078377,442
W-2022-47,32,26,2829,0.013897007894129263,443
W-2022-47,0,14,16,0.01384083044982699,444
W-2022-47,64,14,78,0.013622074746769124,445
W-2022-47,1,8,15,0.013562386980108499,446
W-2022-47,56,43,259,0.013552404374444037,447
W-2022-47,48,51,337,0.013505390133450888,448
W-2022-47,37,73,63,0.013504823151125401,449
W-2022-47,48,43,336,0.0134653147918086,450
W-2022-47,74,0,32,0.013451029844472467,451
W-2022-47,100,68,148,0.013441104350195259,452
W-2022-47,23,88,6,0.013392857142857142,453
W-2022-47,96,77,4,0.013377926421404682,454
W-2022-47,11,79,197,0.01333694401191524,455
W-2022-47,98,97,196,0.01331612201915891,456
W-2022-47,45,59,152,0.013301829001487705,457
W-2022-47,64,11,76,0.013272790778903249,458
W-2022-47,48,54,331,0.013264938083597163,459
W-2022-47,2,70,7,0.013232514177693762,460
W-2022-47,11,91,194,0.013133843341683028,461
W-2022-47,35,11,29,0.013063063063063063,462
W-2022-47,58,57,113,0.01303796007845852,463
W-2022-47,72,90,63,0.013029989658738366,464
W-2022-47,0,68,15,0.012975778546712802,465
W-2022-47,44,62,805,0.012945660389495522,466
W-2022-47,7,97,12,0.01288936627282492,467
W-2022-47,11,85,190,0.012863042448040079,468
W-2022-47,100,21,141,0.012805376441740079,469
W-2022-47,44,41,796,0.012800926298184391,470
W-2022-47,48,49,319,0.012784033983889713,471
W-2022-47,61,49,2487,0.012748289207268627,472
W-2022-47,41,62,6142,0.012570043919430562,473
W-2022-47,71,88,18,0.012543554006968641,474
W-2022-47,51,43,42,0.012385726924211147,475
W-2022-47,100,90,136,0.012351285078557806,476
W-2022-47,6,88,5,0.012345679012345678,477
W-2022-47,6,98,5,0.012345679012345678,478
W-2022-47,54,44,232,0.012236932327654413,479
W-2022-47,74,4,29,0.012189995796553174,480
W-2022-47,66,29,3599,0.012168197693485839,481
W-2022-47,60,62,849,0.01216367231152755,482
W-2022-47,89,61,2796,0.012153245646825638,483
W-2022-47,58,50,105,0.012114918656974732,484
W-2022-47,32,30,2466,0.012113828726377788,485
W-2022-47,58,49,104,0.011999538479289258,486
W-2022-47,18,67,133,0.011964735516372796,487
W-2022-47,95,11,7,0.011864406779661017,488
W-2022-47,51,62,40,0.011795930404010616,489
W-2022-47,56,61,225,0.01177332426351316,490
W-2022-47,68,17,595,0.011760287781159822,491
W-2022-47,35,17,26,0.011711711711711712,492
W-2022-47,50,57,4412,0.011664520768504737,493
W-2022-47,59,41,5179,0.011659950019136818,494
W-2022-47,54,42,217,0.011445751358193998,495
W-2022-47,85,35,38,0.011296076099881093,496
W-2022-47,82,13,216,0.0112876254180602,497
W-2022-47,9,19,27,0.011245314452311536,498
W-2022-47,82,17,215,0.011235367892976588,499
W-2022-47,49,57,3432,0.011215979502732098,500
W-2022-47,41,50,5456,0.011166095673137926,501
W-2022-47,71,80,16,0.011149825783972125,502
W-2022-47,14,4,691,0.011089178823038531,503
W-2022-47,85,82,37,0.010998810939357907,504
W-2022-47,85,94,37,0.010998810939357907,505
W-2022-47,13,17,649,0.01097525916155108,506
W-2022-47,11,74,162,0.010967436192539435,507
W-2022-47,70,68,51,0.01094185797039262,508
W-2022-47,70,78,51,0.01094185797039262,509
W-2022-47,74,65,26,0.01092896174863388,510
W-2022-47,74,78,26,0.01092896174863388,511
W-2022-47,16,92,11,0.010912698412698412,512
W-2022-47,25,37,33,0.010848126232741617,513
W-2022-47,64,74,62,0.010827803003842123,514
W-2022-47,81,89,27,0.01079136690647482,515
W-2022-47,90,100,44,0.010779029887310143,516
W-2022-47,86,98,17,0.010752688172043012,517
W-2022-47,7,23,10,0.010741138560687433,518
W-2022-47,85,39,36,0.01070154577883472,519
W-2022-47,98,18,157,0.010666485494938515,520
W-2022-47,26,32,813,0.010544610316338309,521
W-2022-47,54,55,199,0.0104963341948415,522
W-2022-47,71,79,15,0.010452961672473868,523
W-2022-47,38,67,52,0.0104,524
W-2022-47,81,79,26,0.010391686650679457,525
W-2022-47,72,3,50,0.010341261633919338,526
W-2022-47,65,25,115,0.01031297641467133,527
W-2022-47,60,52,719,0.010301154760881401,528
W-2022-47,11,94,152,0.010290433958432063,529
W-2022-47,54,41,195,0.01028535260298539,530
W-2022-47,43,57,829,0.010284466609599663,531
W-2022-47,88,68,191,0.010271578381285291,532
W-2022-47,101,42,3392,0.010234994508346107,533
W-2022-47,34,101,6,0.01020408163265306,534
W-2022-47,25,11,31,0.010190664036817882,535
W-2022-47,95,34,6,0.010169491525423728,536
W-2022-47,64,65,58,0.010129235068110374,537
W-2022-47,88,4,188,0.010110244689432644,538
W-2022-47,96,23,3,0.010033444816053512,539
W-2022-47,11,21,148,0.010019633064789113,540
W-2022-47,60,49,698,0.010000286541161639,541
W-2022-47,29,32,2271,0.009949311521661987,542
W-2022-47,94,21,25,0.00994431185361973,543
W-2022-47,54,57,188,0.009916134817237196,544
W-2022-47,42,60,1411,0.009863546123088108,545
W-2022-47,25,20,30,0.009861932938856016,546
W-2022-47,36,13,312,0.009849417558480917,547
W-2022-47,88,64,183,0.009841355203011562,548
W-2022-47,64,82,56,0.009779951100244499,549
W-2022-47,11,37,144,0.009748832171146166,550
W-2022-47,21,100,33,0.009746012994683993,551
W-2022-47,42,51,1390,0.009716746357967732,552
W-2022-47,92,11,107,0.009583519928347514,553
W-2022-47,94,4,24,0.00954653937947494,554
W-2022-47,85,90,32,0.009512485136741973,555
W-2022-47,101,43,3152,0.009510820368604638,556
W-2022-47,67,79,214,0.009495074984470673,557
W-2022-47,2,17,5,0.00945179584120983,558
W-2022-47,2,100,5,0.00945179584120983,559
W-2022-47,100,85,104,0.009445100354191263,560
W-2022-47,36,11,298,0.009407456514190107,561
W-2022-47,10,89,43,0.009333622747992185,562
W-2022-47,70,72,43,0.009225488092683974,563
W-2022-47,83,73,7,0.009162303664921465,564
W-2022-47,77,10,43,0.009150883166631199,565
W-2022-47,77,11,43,0.009150883166631199,566
W-2022-47,77,80,43,0.009150883166631199,567
W-2022-47,84,89,10,0.009124087591240875,568
W-2022-47,8,20,29,0.009110901665095822,569
W-2022-47,56,101,174,0.009104704097116844,570
W-2022-47,72,13,44,0.009100310237849017,571
W-2022-47,65,73,101,0.009057483633754821,572
W-2022-47,35,78,20,0.009009009009009009,573
W-2022-47,48,53,224,0.0089768765278724,574
W-2022-47,36,68,283,0.008933926823878524,575
W-2022-47,59,55,3968,0.008933516446405656,576
W-2022-47,23,18,4,0.008928571428571428,577
W-2022-47,23,84,4,0.008928571428571428,578
W-2022-47,23,86,4,0.008928571428571428,579
W-2022-47,85,72,30,0.0089179548156956,580
W-2022-47,69,81,8,0.008908685968819599,581
W-2022-47,21,65,30,0.008860011813349085,582
W-2022-47,32,29,1800,0.008842210749180868,583
W-2022-47,100,13,97,0.008809372445736083,584
W-2022-47,59,50,3912,0.008807438593331381,585
W-2022-47,37,4,41,0.008788853161843515,586
W-2022-47,48,55,217,0.008696349136376388,587
W-2022-47,47,60,385,0.008683492342738571,588
W-2022-47,46,59,24,0.008683068017366137,589
W-2022-47,45,41,99,0.008663691257547913,590
W-2022-47,4,100,152,0.008660968660968662,591
W-2022-47,0,73,10,0.00865051903114187,592
W-2022-47,101,62,2861,0.008632759224168104,593
W-2022-47,11,90,127,0.008597928373163631,594
W-2022-47,7,81,8,0.008592910848549946,595
W-2022-47,93,89,128,0.008584842387659289,596
W-2022-47,60,59,597,0.008553253674890397,597
W-2022-47,88,94,159,0.008550685668190373,598
W-2022-47,58,55,74,0.00853813314872505,599
W-2022-47,34,75,5,0.008503401360544218,600
W-2022-47,33,41,138,0.008480825958702065,601
W-2022-47,95,23,5,0.00847457627118644,602
W-2022-47,74,14,20,0.008406893652795292,603
W-2022-47,38,89,42,0.0084,604
W-2022-47,64,21,48,0.008382815228781,605
W-2022-47,4,68,146,0.008319088319088319,606
W-2022-47,98,67,122,0.008288606562945852,607
W-2022-47,11,24,122,0.008259427256109945,608
W-2022-47,33,62,134,0.008235004916420846,609
W-2022-47,45,101,94,0.008226131093025292,610
W-2022-47,84,18,9,0.008211678832116789,611
W-2022-47,84,97,9,0.008211678832116789,612
W-2022-47,91,79,2220,0.008171979680482956,613
W-2022-47,70,39,38,0.00815275691911607,614
W-2022-47,41,44,3978,0.008141262571067205,615
W-2022-47,1,68,9,0.0081374321880651,616
W-2022-47,35,82,18,0.008108108108108109,617
W-2022-47,42,49,1159,0.008101948941643598,618
W-2022-47,64,94,46,0.008033531260915125,619
W-2022-47,38,88,40,0.008,620
W-2022-47,21,35,27,0.007974010632014175,621
W-2022-47,21,39,27,0.007974010632014175,622
W-2022-47,94,78,20,0.007955449482895784,623
W-2022-47,16,88,8,0.007936507936507936,624
W-2022-47,11,88,117,0.00792092613905626,625
W-2022-47,97,67,96,0.00788436268068331,626
W-2022-47,64,88,45,0.007858889276982186,627
W-2022-47,83,8,6,0.007853403141361256,628
W-2022-47,83,39,6,0.007853403141361256,629
W-2022-47,10,38,36,0.007814195789016714,630
W-2022-47,42,44,1116,0.007801358946397115,631
W-2022-47,69,95,7,0.0077951002227171495,632
W-2022-47,92,13,87,0.007792207792207792,633
W-2022-47,0,88,9,0.007785467128027681,634
W-2022-47,36,1,246,0.0077658869211099536,635
W-2022-47,79,98,424,0.007735673496196019,636
W-2022-47,11,78,114,0.0077178254688240475,637
W-2022-47,88,85,143,0.007690239311642914,638
W-2022-47,62,49,3954,0.007678609227924969,639
W-2022-47,35,94,17,0.0076576576576576575,640
W-2022-47,35,100,17,0.0076576576576576575,641
W-2022-47,92,82,85,0.00761307657859382,642
W-2022-47,43,101,612,0.007592392720235215,643
W-2022-47,2,88,4,0.007561436672967864,644
W-2022-47,94,16,19,0.007557677008750994,645
W-2022-47,56,49,144,0.007534927528648422,646
W-2022-47,65,20,84,0.007532956685499058,647
W-2022-47,88,14,140,0.007528905619790266,648
W-2022-47,88,17,140,0.007528905619790266,649
W-2022-47,11,92,111,0.007514724798591835,650
W-2022-47,41,55,3667,0.0075047787451240425,651
W-2022-47,9,44,18,0.007496876301541024,652
W-2022-47,9,55,18,0.007496876301541024,653
W-2022-47,12,43,101,0.007494805580290888,654
W-2022-47,77,89,35,0.007448393275164928,655
W-2022-47,72,22,36,0.007445708376421924,656
W-2022-47,72,88,36,0.007445708376421924,657
W-2022-47,17,68,1227,0.007443988084765608,658
W-2022-47,55,42,2998,0.0074395751650205965,659
W-2022-47,88,10,138,0.007421349825221833,660
W-2022-47,6,10,3,0.007407407407407408,661
W-2022-47,6,67,3,0.007407407407407408,662
W-2022-47,6,84,3,0.007407407407407408,663
W-2022-47,43,61,596,0.007393898792908804,664
W-2022-47,18,79,82,0.007376754228139618,665
W-2022-47,100,70,81,0.007356280083552811,666
W-2022-47,90,64,30,0.007349338559529643,667
W-2022-47,88,35,136,0.007313794030653401,668
W-2022-47,84,41,8,0.0072992700729927005,669
W-2022-47,84,55,8,0.0072992700729927005,670
W-2022-47,87,88,15,0.007270964614638876,671
W-2022-47,72,82,35,0.007238883143743537,672
W-2022-47,61,48,1408,0.007217366788835636,673
W-2022-47,94,0,18,0.007159904534606206,674
W-2022-47,85,13,24,0.007134363852556481,675
W-2022-47,4,82,125,0.007122507122507123,676
W-2022-47,37,8,33,0.00707395498392283,677
W-2022-47,28,29,1507,0.007069839884780845,678
W-2022-47,18,77,78,0.007016912558474271,679
W-2022-47,64,15,40,0.006985679357317499,680
W-2022-47,40,101,22,0.006968641114982578,681
W-2022-47,0,82,8,0.006920415224913495,682
W-2022-47,0,85,8,0.006920415224913495,683
W-2022-47,79,89,378,0.006896425899910602,684
W-2022-47,48,60,172,0.00689295876247345,685
W-2022-47,70,35,32,0.0068654795108345846,686
W-2022-47,54,62,130,0.006856901735323593,687
W-2022-47,30,29,235,0.006847319347319347,688
W-2022-47,63,75,13,0.006842105263157895,689
W-2022-47,81,77,17,0.006794564348521183,690
W-2022-47,51,61,23,0.006782659982306104,691
W-2022-47,95,18,4,0.006779661016949152,692
W-2022-47,95,55,4,0.006779661016949152,693
W-2022-47,95,93,4,0.006779661016949152,694
W-2022-47,57,101,1529,0.006776941556081518,695
W-2022-47,29,28,1533,0.006716113854120575,696
W-2022-47,49,44,2053,0.0067093257340061175,697
W-2022-47,19,50,1376,0.0067044441304443154,698
W-2022-47,23,11,3,0.006696428571428571,699
W-2022-47,23,69,3,0.006696428571428571,700
W-2022-47,23,93,3,0.006696428571428571,701
W-2022-47,96,7,2,0.006688963210702341,702
W-2022-47,96,10,2,0.006688963210702341,703
W-2022-47,96,59,2,0.006688963210702341,704
W-2022-47,96,81,2,0.006688963210702341,705
W-2022-47,101,55,2214,0.0066805064391150595,706
W-2022-47,70,94,31,0.006650933276121004,707
W-2022-47,14,68,411,0.0065957344374368105,708
W-2022-47,58,45,57,0.006576670128071997,709
W-2022-47,83,1,5,0.006544502617801047,710
W-2022-47,46,41,18,0.006512301013024602,711
W-2022-47,11,98,96,0.006499221447430777,712
W-2022-47,3,82,99,0.006489675516224189,713
W-2022-47,64,92,37,0.006461753405518687,714
W-2022-47,17,13,1065,0.006461163252058168,715
W-2022-47,12,41,87,0.006455921638468388,716
W-2022-47,101,49,2133,0.006436097666952313,717
W-2022-47,67,89,145,0.0064335788446179785,718
W-2022-47,11,82,95,0.0064315212240200394,719
W-2022-47,72,70,31,0.006411582213029989,720
W-2022-47,54,43,121,0.006382193153647344,721
W-2022-47,101,44,2109,0.006363680252978166,722
W-2022-47,92,90,71,0.006359158083296014,723
W-2022-47,47,54,281,0.006337821683920879,724
W-2022-47,1,20,7,0.006329113924050633,725
W-2022-47,86,96,10,0.006325110689437065,726
W-2022-47,12,44,85,0.00630750964677946,727
W-2022-47,74,39,15,0.006305170239596469,728
W-2022-47,88,11,117,0.006292013982253294,729
W-2022-47,59,42,2782,0.006263367629511223,730
W-2022-47,57,43,1394,0.006178585041973601,731
W-2022-47,47,55,271,0.006112276428265332,732
W-2022-47,55,43,2448,0.006074743163432429,733
W-2022-47,0,16,7,0.006055363321799308,734
W-2022-47,98,89,89,0.006046606427067057,735
W-2022-47,70,3,28,0.006007294571980262,736
W-2022-47,77,97,28,0.005958714620131943,737
W-2022-47,88,3,109,0.005861790803979565,738
W-2022-47,35,21,13,0.005855855855855856,739
W-2022-47,20,8,27,0.0058530240624322565,740
W-2022-47,24,37,10,0.0058309037900874635,741
W-2022-47,24,70,10,0.0058309037900874635,742
W-2022-47,4,88,101,0.005754985754985755,743
W-2022-47,11,64,85,0.005754518989912667,744
W-2022-47,82,36,110,0.005748327759197324,745
W-2022-47,36,65,182,0.005745493575780535,746
W-2022-47,86,10,9,0.0056925996204933585,747
W-2022-47,90,85,23,0.005634492895639392,748
W-2022-47,44,59,350,0.005628547995432835,749
W-2022-47,52,62,199,0.005617660343270099,750
W-2022-47,81,18,14,0.005595523581135092,751
W-2022-47,72,21,27,0.005584281282316443,752
W-2022-47,4,21,98,0.005584045584045584,753
W-2022-47,42,43,796,0.005564410144562816,754
W-2022-47,67,98,125,0.005546188659153429,755
W-2022-47,44,61,343,0.005515977035524178,756
W-2022-47,42,47,788,0.005508486424516959,757
W-2022-47,98,77,81,0.00550309124261159,758
W-2022-47,97,89,67,0.0055026281208935615,759
W-2022-47,57,44,1232,0.005460557225044101,760
W-2022-47,30,26,187,0.0054487179487179484,761
W-2022-47,88,79,101,0.005431567625705835,762
W-2022-47,1,11,6,0.0054249547920434,763
W-2022-47,1,73,6,0.0054249547920434,764
W-2022-47,20,14,25,0.005419466724474312,765
W-2022-47,9,57,13,0.005414410662224073,766
W-2022-47,43,44,434,0.0053841477787288945,767
W-2022-47,42,53,769,0.005375667589408047,768
W-2022-47,21,94,18,0.005316007088009451,769
W-2022-47,60,53,368,0.0052723573741367945,770
W-2022-47,24,72,9,0.0052478134110787176,771
W-2022-47,83,65,4,0.005235602094240838,772
W-2022-47,0,15,6,0.005190311418685121,773
W-2022-47,0,21,6,0.005190311418685121,774
W-2022-47,100,78,57,0.005176641540277904,775
W-2022-47,92,74,57,0.005105239587998208,776
W-2022-47,34,19,3,0.00510204081632653,777
W-2022-47,19,41,1047,0.005101419334720348,778
W-2022-47,86,101,8,0.005060088551549652,779
W-2022-47,74,100,12,0.005044136191677175,780
W-2022-47,65,8,56,0.005021971123666039,781
W-2022-47,10,79,23,0.004992402865205123,782
W-2022-47,10,97,23,0.004992402865205123,783
W-2022-47,45,49,57,0.004988185875557889,784
W-2022-47,72,0,24,0.004963805584281282,785
W-2022-47,98,80,73,0.004959576058156125,786
W-2022-47,35,90,11,0.004954954954954955,787
W-2022-47,6,38,2,0.0049382716049382715,788
W-2022-47,6,89,2,0.0049382716049382715,789
W-2022-47,6,96,2,0.0049382716049382715,790
W-2022-47,90,82,20,0.004899559039686428,791
W-2022-47,77,84,23,0.004894658437965525,792
W-2022-47,91,89,1327,0.004884782448649047,793
W-2022-47,52,42,173,0.004883694670280036,794
W-2022-47,71,7,7,0.004878048780487805,795
W-2022-47,71,101,7,0.004878048780487805,796
W-2022-47,4,24,84,0.004786324786324786,797
W-2022-47,50,101,1796,0.00474829539896521,798
W-2022-47,100,11,52,0.004722550177095631,799
W-2022-47,8,1,15,0.00471253534401508,800
W-2022-47,82,78,90,0.004703177257525084,801
W-2022-47,88,70,87,0.0046786770637268086,802
W-2022-47,62,53,2409,0.0046782421927342565,803
W-2022-47,24,85,8,0.004664723032069971,804
W-2022-47,90,13,19,0.0046545810877021065,805
W-2022-47,90,39,19,0.0046545810877021065,806
W-2022-47,74,3,11,0.004623791509037411,807
W-2022-47,11,39,68,0.004603615191930133,808
W-2022-47,84,79,5,0.004562043795620438,809
W-2022-47,84,81,5,0.004562043795620438,810
W-2022-47,62,50,2319,0.004503463530490138,811
W-2022-47,37,25,21,0.0045016077170418,812
W-2022-47,22,63,47,0.004493307839388145,813
W-2022-47,67,97,101,0.004481320436595972,814
W-2022-47,23,10,2,0.004464285714285714,815
W-2022-47,23,80,2,0.004464285714285714,816
W-2022-47,85,65,15,0.0044589774078478,817
W-2022-47,73,25,23,0.004400229577195332,818
W-2022-47,57,50,991,0.004392380040599598,819
W-2022-47,64,90,25,0.004366049598323437,820
W-2022-47,27,66,94,0.004358510687624612,821
W-2022-47,78,70,67,0.004271052463823548,822
W-2022-47,77,55,20,0.004256224728665673,823
W-2022-47,44,55,264,0.004245533345126481,824
W-2022-47,92,65,47,0.004209583519928347,825
W-2022-47,11,72,62,0.00419741385146571,826
W-2022-47,71,50,6,0.004181184668989547,827
W-2022-47,18,80,46,0.0041381792011514935,828
W-2022-47,17,82,682,0.004137571209299222,829
W-2022-47,41,59,2004,0.004101329862347581,830
W-2022-47,55,62,1650,0.004094496004764504,831
W-2022-47,67,77,92,0.004081994853136924,832
W-2022-47,24,3,7,0.004081632653061225,833
W-2022-47,24,17,7,0.004081632653061225,834
W-2022-47,24,74,7,0.004081632653061225,835
W-2022-47,78,3,64,0.004079811308726971,836
W-2022-47,98,88,60,0.004076363883415993,837
W-2022-47,61,60,790,0.004049516877258631,838
W-2022-47,4,90,71,0.004045584045584046,839
W-2022-47,101,19,1326,0.004001062122071621,840
W-2022-47,38,97,20,0.004,841
W-2022-47,81,7,10,0.003996802557953637,842
W-2022-47,68,78,202,0.003992568288729889,843
W-2022-47,14,3,248,0.003979907884390095,844
W-2022-47,42,48,569,0.0039775745882616115,845
W-2022-47,16,21,4,0.003968253968253968,846
W-2022-47,92,39,44,0.003940886699507389,847
W-2022-47,57,49,888,0.003935856181687632,848
W-2022-47,55,61,1586,0.0039356791900342445,849
W-2022-47,72,64,19,0.003929679420889349,850
W-2022-47,90,88,16,0.0039196472317491425,851
W-2022-47,62,60,2017,0.003916984019404315,852
W-2022-47,87,4,8,0.003877847794474067,853
W-2022-47,98,84,57,0.0038725456892451933,854
W-2022-47,70,82,18,0.003861832224844454,855
W-2022-47,54,59,73,0.003850414051374018,856
W-2022-47,80,10,4,0.003827751196172249,857
W-2022-47,80,55,4,0.003827751196172249,858
W-2022-47,80,84,4,0.003827751196172249,859
W-2022-47,80,88,4,0.003827751196172249,860
W-2022-47,80,89,4,0.003827751196172249,861
W-2022-47,98,55,56,0.00380460629118826,862
W-2022-47,2,20,2,0.003780718336483932,863
W-2022-47,2,21,2,0.003780718336483932,864
W-2022-47,2,35,2,0.003780718336483932,865
W-2022-47,2,72,2,0.003780718336483932,866
W-2022-47,2,74,2,0.003780718336483932,867
W-2022-47,2,85,2,0.003780718336483932,868
W-2022-47,9,43,9,0.003748438150770512,869
W-2022-47,44,42,233,0.0037470048083881446,870
W-2022-47,4,72,65,0.003703703703703704,871
W-2022-47,65,1,41,0.0036768002869697787,872
W-2022-47,84,6,4,0.0036496350364963502,873
W-2022-47,84,10,4,0.0036496350364963502,874
W-2022-47,84,88,4,0.0036496350364963502,875
W-2022-47,78,39,57,0.003633581946834959,876
W-2022-47,53,57,84,0.003627882871210158,877
W-2022-47,1,37,4,0.003616636528028933,878
W-2022-47,25,22,11,0.003616042077580539,879
W-2022-47,35,25,8,0.0036036036036036037,880
W-2022-47,35,70,8,0.0036036036036036037,881
W-2022-47,88,74,67,0.0036031191180424848,882
W-2022-47,81,84,9,0.0035971223021582736,883
W-2022-47,22,35,37,0.003537284894837476,884
W-2022-47,43,55,283,0.003510861339585892,885
W-2022-47,45,55,40,0.003500481316180975,886
W-2022-47,24,35,6,0.003498542274052478,887
W-2022-47,60,50,244,0.003495802171982005,888
W-2022-47,89,91,800,0.003477323504098895,889
W-2022-47,59,62,1539,0.0034648895693090483,890
W-2022-47,58,12,30,0.003461405330564209,891
W-2022-47,0,65,4,0.0034602076124567475,892
W-2022-47,39,11,44,0.003442610124403411,893
W-2022-47,70,85,16,0.0034327397554172923,894
W-2022-47,90,24,14,0.0034296913277804997,895
W-2022-47,66,32,1013,0.0034249470029177977,896
W-2022-47,95,71,2,0.003389830508474576,897
W-2022-47,95,80,2,0.003389830508474576,898
W-2022-47,78,11,53,0.003378593740039523,899
W-2022-47,74,24,8,0.003362757461118117,900
W-2022-47,26,99,259,0.003359230100776903,901
W-2022-47,96,11,1,0.0033444816053511705,902
W-2022-47,96,55,1,0.0033444816053511705,903
W-2022-47,96,62,1,0.0033444816053511705,904
W-2022-47,96,65,1,0.0033444816053511705,905
W-2022-47,96,69,1,0.0033444816053511705,906
W-2022-47,96,84,1,0.0033444816053511705,907
W-2022-47,96,98,1,0.0033444816053511705,908
W-2022-47,69,48,3,0.0033407572383073497,909
W-2022-47,9,42,8,0.003331945022907122,910
W-2022-47,36,39,105,0.0033147078321810776,911
W-2022-47,92,100,37,0.0033139274518584863,912
W-2022-47,30,28,113,0.0032925407925407926,913
W-2022-47,25,73,10,0.003287310979618672,914
W-2022-47,97,79,40,0.0032851511169513796,915
W-2022-47,3,11,50,0.0032776138970829235,916
W-2022-47,100,94,36,0.00326945781491236,917
W-2022-47,68,100,165,0.0032612562754476817,918
W-2022-47,98,71,48,0.0032610911067327943,919
W-2022-47,50,59,1231,0.00325453877289876,920
W-2022-47,36,20,103,0.0032515705401395334,921
W-2022-47,7,84,3,0.00322234156820623,922
W-2022-47,3,68,49,0.003212061619141265,923
W-2022-47,81,10,8,0.0031974420463629096,924
W-2022-47,77,81,15,0.003192168546499255,925
W-2022-47,77,95,15,0.003192168546499255,926
W-2022-47,94,65,8,0.0031821797931583136,927
W-2022-47,48,50,79,0.0031659519897407127,928
W-2022-47,86,89,5,0.0031625553447185324,929
W-2022-47,13,88,187,0.0031623628092604804,930
W-2022-47,63,73,6,0.003157894736842105,931
W-2022-47,8,83,10,0.0031416902293433867,932
W-2022-47,65,13,35,0.003138731952291274,933
W-2022-47,65,70,35,0.003138731952291274,934
W-2022-47,72,94,15,0.0031023784901758012,935
W-2022-47,49,52,945,0.0030883160344061284,936
W-2022-47,44,43,191,0.0030715790489362045,937
W-2022-47,73,8,16,0.003061029271092405,938
W-2022-47,49,55,933,0.003049099322858114,939
W-2022-47,10,18,14,0.003038853917950944,940
W-2022-47,13,64,179,0.003027074560735968,941
W-2022-47,53,59,70,0.003023235726008465,942
W-2022-47,67,93,68,0.003017126630579466,943
W-2022-47,48,45,75,0.0030056506231715624,944
W-2022-47,78,92,47,0.0029961114298463695,945
W-2022-47,42,12,428,0.002991919022453374,946
W-2022-47,82,85,57,0.0029786789297658865,947
W-2022-47,43,59,240,0.0029774089098961627,948
W-2022-47,16,3,3,0.002976190476190476,949
W-2022-47,16,13,3,0.002976190476190476,950
W-2022-47,16,78,3,0.002976190476190476,951
W-2022-47,67,18,67,0.0029727571213062384,952
W-2022-47,85,3,10,0.002972651605231867,953
W-2022-47,85,15,10,0.002972651605231867,954
W-2022-47,64,0,17,0.002968913726859937,955
W-2022-47,64,85,17,0.002968913726859937,956
W-2022-47,22,88,31,0.0029636711281070746,957
W-2022-47,21,3,10,0.0029533372711163615,958
W-2022-47,93,67,44,0.0029510395707578805,959
W-2022-47,51,50,10,0.002948982601002654,960
W-2022-47,49,62,890,0.002908572773144396,961
W-2022-47,72,24,14,0.002895553257497415,962
W-2022-47,46,101,8,0.002894356005788712,963
W-2022-47,53,62,67,0.002893668480608102,964
W-2022-47,47,11,128,0.002886979272391005,965
W-2022-47,67,80,65,0.0028840181027597837,966
W-2022-47,80,41,3,0.0028708133971291866,967
W-2022-47,80,61,3,0.0028708133971291866,968
W-2022-47,101,54,948,0.0028604878519788057,969
W-2022-47,88,21,53,0.002850228556063458,970
W-2022-47,4,64,50,0.002849002849002849,971
W-2022-47,54,61,54,0.0028482514900574924,972
W-2022-47,11,67,42,0.0028434093832509647,973
W-2022-47,27,28,61,0.0028283952334585247,974
W-2022-47,8,92,9,0.002827521206409048,975
W-2022-47,49,59,864,0.0028236032314570315,976
W-2022-47,39,75,36,0.0028166810108755185,977
W-2022-47,13,100,166,0.0028072311568836353,978
W-2022-47,66,26,829,0.0028028440922199943,979
W-2022-47,54,47,53,0.002795506092093465,980
W-2022-47,70,24,13,0.0027891010512765503,981
W-2022-47,18,97,31,0.002788772939906441,982
W-2022-47,71,34,4,0.0027874564459930314,983
W-2022-47,71,86,4,0.0027874564459930314,984
W-2022-47,71,95,4,0.0027874564459930314,985
W-2022-47,94,35,7,0.0027844073190135244,986
W-2022-47,11,3,41,0.0027757091598402273,987
W-2022-47,77,93,13,0.002766546073632688,988
W-2022-47,77,101,13,0.002766546073632688,989
W-2022-47,32,66,562,0.002760734689466471,990
W-2022-47,14,11,172,0.0027602586940124853,991
W-2022-47,36,8,87,0.002746472203807179,992
W-2022-47,29,99,626,0.0027425226827654794,993
W-2022-47,17,78,452,0.0027422026196528564,994
W-2022-47,55,54,1103,0.002737108541366817,995
W-2022-47,100,3,30,0.002724548179093634,996
W-2022-47,98,93,40,0.0027175759222773286,997
W-2022-47,45,44,31,0.0027128730200402557,998
W-2022-47,97,11,33,0.002710249671484888,999
W-2022-47,35,65,6,0.002702702702702703,1000
W-2022-47,35,74,6,0.002702702702702703,1001
W-2022-47,35,92,6,0.002702702702702703,1002
W-2022-47,90,73,11,0.0026947574718275357,1003
W-2022-47,88,22,50,0.0026888948642108095,1004
W-2022-47,12,59,36,0.0026714158504007124,1005
W-2022-47,67,38,60,0.002662170556393646,1006
W-2022-47,21,0,9,0.0026580035440047253,1007
W-2022-47,21,8,9,0.0026580035440047253,1008
W-2022-47,58,47,23,0.0026537440867658935,1009
W-2022-47,33,49,43,0.002642576204523107,1010
W-2022-47,4,85,46,0.002621082621082621,1011
W-2022-47,83,68,2,0.002617801047120419,1012
W-2022-47,18,89,29,0.0026088521050737674,1013
W-2022-47,65,14,29,0.00260066361761277,1014
W-2022-47,65,37,29,0.00260066361761277,1015
W-2022-47,14,17,162,0.0025997785373838523,1016
W-2022-47,14,78,162,0.0025997785373838523,1017
W-2022-47,92,21,29,0.0025974025974025974,1018
W-2022-47,12,54,35,0.0025972098545562483,1019
W-2022-47,11,8,38,0.0025726084896080157,1020
W-2022-47,15,64,28,0.0025718747129604117,1021
W-2022-47,68,92,129,0.002549709451713642,1022
W-2022-47,100,35,28,0.0025429116338207248,1023
W-2022-47,88,72,47,0.002527561172358161,1024
W-2022-47,74,35,6,0.0025220680958385876,1025
W-2022-47,74,82,6,0.0025220680958385876,1026
W-2022-47,59,60,1119,0.0025193056712519983,1027
W-2022-47,65,74,28,0.0025109855618330196,1028
W-2022-47,60,54,175,0.0025072351643313563,1029
W-2022-47,49,60,763,0.0024935292425945776,1030
W-2022-47,6,77,1,0.0024691358024691358,1031
W-2022-47,6,97,1,0.0024691358024691358,1032
W-2022-47,56,59,47,0.00245931662393386,1033
W-2022-47,55,59,989,0.002454216090128542,1034
W-2022-47,12,101,33,0.0024487978628673196,1035
W-2022-47,47,49,108,0.0024358887610799107,1036
W-2022-47,36,37,77,0.002430785743599457,1037
W-2022-47,42,57,347,0.002425691356989067,1038
W-2022-47,38,10,12,0.0024,1039
W-2022-47,81,97,6,0.002398081534772182,1040
W-2022-47,4,74,42,0.002393162393162393,1041
W-2022-47,62,54,1227,0.002382815761928158,1042
W-2022-47,85,36,8,0.0023781212841854932,1043
W-2022-47,21,24,8,0.002362669816893089,1044
W-2022-47,21,82,8,0.002362669816893089,1045
W-2022-47,78,35,37,0.00235864091285778,1046
W-2022-47,82,3,45,0.002351588628762542,1047
W-2022-47,93,98,35,0.002347417840375587,1048
W-2022-47,77,69,11,0.0023409236007661204,1049
W-2022-47,33,61,38,0.002335299901671583,1050
W-2022-47,24,68,4,0.0023323615160349854,1051
W-2022-47,88,90,43,0.002312449583221296,1052
W-2022-47,55,44,928,0.002302843813588764,1053
W-2022-47,73,94,12,0.0022957719533193035,1054
W-2022-47,3,78,35,0.0022943297279580466,1055
W-2022-47,53,50,53,0.0022890213354064093,1056
W-2022-47,4,70,40,0.002279202279202279,1057
W-2022-47,33,50,37,0.002273844641101278,1058
W-2022-47,39,17,29,0.002268993036538612,1059
W-2022-47,41,42,1102,0.00225532210993365,1060
W-2022-47,13,78,133,0.002249167131720021,1061
W-2022-47,18,55,25,0.0022490104354084203,1062
W-2022-47,65,17,25,0.0022419513944937674,1063
W-2022-47,92,94,25,0.0022391401701746527,1064
W-2022-47,23,6,1,0.002232142857142857,1065
W-2022-47,23,41,1,0.002232142857142857,1066
W-2022-47,23,59,1,0.002232142857142857,1067
W-2022-47,23,66,1,0.002232142857142857,1068
W-2022-47,23,95,1,0.002232142857142857,1069
W-2022-47,23,96,1,0.002232142857142857,1070
W-2022-47,23,101,1,0.002232142857142857,1071
W-2022-47,69,23,2,0.0022271714922048997,1072
W-2022-47,69,55,2,0.0022271714922048997,1073
W-2022-47,12,57,30,0.002226179875333927,1074
W-2022-47,4,2,39,0.0022222222222222222,1075
W-2022-47,26,28,171,0.002217870066536102,1076
W-2022-47,54,49,42,0.0022153067144891608,1077
W-2022-47,90,35,9,0.002204801567858893,1078
W-2022-47,53,55,51,0.0022026431718061676,1079
W-2022-47,8,68,7,0.002199183160540371,1080
W-2022-47,43,62,176,0.0021834332005905193,1081
W-2022-47,61,47,425,0.002178537560550529,1082
W-2022-47,67,11,49,0.0021741059543881444,1083
W-2022-47,44,48,135,0.0021710113696669507,1084
W-2022-47,46,43,6,0.002170767004341534,1085
W-2022-47,46,50,6,0.002170767004341534,1086
W-2022-47,46,55,6,0.002170767004341534,1087
W-2022-47,12,62,29,0.0021519738794894628,1088
W-2022-47,88,78,40,0.0021511158913686476,1089
W-2022-47,7,11,2,0.0021482277121374865,1090
W-2022-47,7,80,2,0.0021482277121374865,1091
W-2022-47,7,86,2,0.0021482277121374865,1092
W-2022-47,7,93,2,0.0021482277121374865,1093
W-2022-47,7,95,2,0.0021482277121374865,1094
W-2022-47,70,8,10,0.002145462347135808,1095
W-2022-47,37,68,10,0.0021436227224008574,1096
W-2022-47,97,88,26,0.0021353482260183967,1097
W-2022-47,77,23,10,0.0021281123643328366,1098
W-2022-47,77,61,10,0.0021281123643328366,1099
W-2022-47,32,31,432,0.0021221305798034083,1100
W-2022-47,54,45,40,0.0021098159185611053,1101
W-2022-47,3,100,32,0.002097672894133071,1102
W-2022-47,71,10,3,0.0020905923344947735,1103
W-2022-47,71,93,3,0.0020905923344947735,1104
W-2022-47,52,55,74,0.0020889792231255644,1105
W-2022-47,91,98,565,0.002079805639402194,1106
W-2022-47,12,55,28,0.0020777678836449986,1107
W-2022-47,14,13,129,0.002070194020509364,1108
W-2022-47,72,92,10,0.002068252326783868,1109
W-2022-47,59,45,917,0.0020645248440912265,1110
W-2022-47,65,68,23,0.002062595282934266,1111
W-2022-47,11,25,30,0.0020310067023221177,1112
W-2022-47,53,44,47,0.002029886844605684,1113
W-2022-47,54,12,38,0.0020043251226330504,1114
W-2022-47,38,18,10,0.002,1115
W-2022-47,61,56,390,0.00199912858497578,1116
W-2022-47,81,34,5,0.0019984012789768186,1117
W-2022-47,81,71,5,0.0019984012789768186,1118
W-2022-47,81,86,5,0.0019984012789768186,1119
W-2022-47,81,95,5,0.0019984012789768186,1120
W-2022-47,100,5,22,0.001998001998001998,1121
W-2022-47,66,30,589,0.0019914055130489466,1122
W-2022-47,94,8,5,0.001988862370723946,1123
W-2022-47,16,17,2,0.001984126984126984,1124
W-2022-47,16,73,2,0.001984126984126984,1125
W-2022-47,16,94,2,0.001984126984126984,1126
W-2022-47,16,100,2,0.001984126984126984,1127
W-2022-47,16,101,2,0.001984126984126984,1128
W-2022-47,89,55,456,0.0019820743973363703,1129
W-2022-47,97,18,24,0.0019710906701708277,1130
W-2022-47,48,58,49,0.0019636917404720873,1131
W-2022-47,90,3,8,0.0019598236158745713,1132
W-2022-47,10,41,9,0.0019535489472541786,1133
W-2022-47,10,55,9,0.0019535489472541786,1134
W-2022-47,87,3,4,0.0019389238972370335,1135
W-2022-47,87,72,4,0.0019389238972370335,1136
W-2022-47,87,73,4,0.0019389238972370335,1137
W-2022-47,87,101,4,0.0019389238972370335,1138
W-2022-47,70,100,9,0.001930916112422227,1139
W-2022-47,62,56,992,0.0019264492549574026,1140
W-2022-47,73,3,10,0.001913143294432753,1141
W-2022-47,86,18,3,0.0018975332068311196,1142
W-2022-47,86,84,3,0.0018975332068311196,1143
W-2022-47,86,88,3,0.0018975332068311196,1144
W-2022-47,11,77,28,0.0018956062555006432,1145
W-2022-47,36,83,60,0.00189411876124633,1146
W-2022-47,2,19,1,0.001890359168241966,1147
W-2022-47,2,64,1,0.001890359168241966,1148
W-2022-47,97,34,23,0.0018889618922470434,1149
W-2022-47,97,86,23,0.0018889618922470434,1150
W-2022-47,92,0,21,0.0018808777429467085,1151
W-2022-47,92,73,21,0.0018808777429467085,1152
W-2022-47,13,11,111,0.0018771244482776114,1153
W-2022-47,26,66,144,0.0018676800560304017,1154
W-2022-47,27,32,40,0.0018546853989891965,1155
W-2022-47,58,60,16,0.001846082842967578,1156
W-2022-47,44,56,114,0.0018332984899409807,1157
W-2022-47,84,67,2,0.0018248175182481751,1158
W-2022-47,84,71,2,0.0018248175182481751,1159
W-2022-47,84,86,2,0.0018248175182481751,1160
W-2022-47,84,101,2,0.0018248175182481751,1161
W-2022-47,46,42,5,0.001808972503617945,1162
W-2022-47,1,14,2,0.0018083182640144665,1163
W-2022-47,1,63,2,0.0018083182640144665,1164
W-2022-47,1,92,2,0.0018083182640144665,1165
W-2022-47,35,85,4,0.0018018018018018018,1166
W-2022-47,85,8,6,0.0017835909631391202,1167
W-2022-47,51,49,6,0.0017693895606015924,1168
W-2022-47,49,42,541,0.0017680200789563125,1169
W-2022-47,98,38,26,0.0017664243494802637,1170
W-2022-47,99,30,25,0.0017649135192375574,1171
W-2022-47,55,91,710,0.0017618740384138171,1172
W-2022-47,11,16,26,0.0017602058086791687,1173
W-2022-47,11,100,26,0.0017602058086791687,1174
W-2022-47,17,11,290,0.0017593777869454167,1175
W-2022-47,68,11,89,0.0017591018697869312,1176
W-2022-47,79,67,96,0.0017514732444217401,1177
W-2022-47,24,0,3,0.001749271137026239,1178
W-2022-47,24,20,3,0.001749271137026239,1179
W-2022-47,24,21,3,0.001749271137026239,1180
W-2022-47,64,72,10,0.0017464198393293748,1181
W-2022-47,0,24,2,0.0017301038062283738,1182
W-2022-47,0,35,2,0.0017301038062283738,1183
W-2022-47,0,39,2,0.0017301038062283738,1184
W-2022-47,97,55,21,0.0017247043363994743,1185
W-2022-47,73,1,9,0.0017218289649894778,1186
W-2022-47,78,64,27,0.0017211703958691911,1187
W-2022-47,88,82,32,0.001720892713094918,1188
W-2022-47,44,60,106,0.0017046459643310873,1189
W-2022-47,77,50,8,0.0017024898914662695,1190
W-2022-47,59,47,756,0.0017020510165026905,1191
W-2022-47,34,73,1,0.0017006802721088435,1192
W-2022-47,34,76,1,0.0017006802721088435,1193
W-2022-47,34,86,1,0.0017006802721088435,1194
W-2022-47,34,88,1,0.0017006802721088435,1195
W-2022-47,34,89,1,0.0017006802721088435,1196
W-2022-47,95,41,1,0.001694915254237288,1197
W-2022-47,95,86,1,0.001694915254237288,1198
W-2022-47,95,89,1,0.001694915254237288,1199
W-2022-47,74,8,4,0.0016813787305590584,1200
W-2022-47,68,14,85,0.0016800411115942603,1201
W-2022-47,88,100,31,0.001667114815810702,1202
W-2022-47,55,89,668,0.0016576505037470843,1203
W-2022-47,72,68,8,0.001654601861427094,1204
W-2022-47,15,14,18,0.0016533480297602646,1205
W-2022-47,25,14,5,0.001643655489809336,1206
W-2022-47,25,35,5,0.001643655489809336,1207
W-2022-47,25,100,5,0.001643655489809336,1208
W-2022-47,97,77,20,0.0016425755584756898,1209
W-2022-47,53,42,38,0.0016411851084045953,1210
W-2022-47,100,92,18,0.00163472890745618,1211
W-2022-47,17,39,269,0.0016319745678907488,1212
W-2022-47,61,53,317,0.0016249327216341595,1213
W-2022-47,79,55,89,0.001623761653682655,1214
W-2022-47,82,88,31,0.0016199832775919732,1215
W-2022-47,82,94,31,0.0016199832775919732,1216
W-2022-47,38,96,8,0.0016,1217
W-2022-47,81,11,4,0.0015987210231814548,1218
W-2022-47,4,35,28,0.0015954415954415955,1219
W-2022-47,94,100,4,0.0015910898965791568,1220
W-2022-47,89,101,366,0.0015908755031252444,1221
W-2022-47,50,55,600,0.001586290222371451,1222
W-2022-47,63,101,3,0.0015789473684210526,1223
W-2022-47,64,100,9,0.0015717778553964374,1224
W-2022-47,98,81,23,0.0015626061553094639,1225
W-2022-47,67,88,35,0.0015529328245629604,1226
W-2022-47,52,59,55,0.0015526196928635954,1227
W-2022-47,62,52,798,0.0015497041385645234,1228
W-2022-47,50,62,586,0.0015492767838494504,1229
W-2022-47,13,14,91,0.0015389038269663302,1230
W-2022-47,17,4,253,0.0015349054486110015,1231
W-2022-47,54,60,29,0.0015296165409568016,1232
W-2022-47,54,89,29,0.0015296165409568016,1233
W-2022-47,18,11,17,0.0015293270960777259,1234
W-2022-47,18,88,17,0.0015293270960777259,1235
W-2022-47,65,39,17,0.001524526948255762,1236
W-2022-47,92,4,17,0.001522615315718764,1237
W-2022-47,92,64,17,0.001522615315718764,1238
W-2022-47,10,67,7,0.001519426958975472,1239
W-2022-47,10,77,7,0.001519426958975472,1240
W-2022-47,10,86,7,0.001519426958975472,1241
W-2022-47,53,60,35,0.0015116178630042326,1242
W-2022-47,67,81,34,0.001508563315289733,1243
W-2022-47,67,95,34,0.001508563315289733,1244
W-2022-47,3,13,23,0.0015077023926581448,1245
W-2022-47,70,19,7,0.0015018236429950654,1246
W-2022-47,37,3,7,0.0015005359056806003,1247
W-2022-47,58,9,13,0.0014999423099111573,1248
W-2022-47,31,29,9,0.0014935280451377365,1249
W-2022-47,77,41,7,0.0014896786550329857,1250
W-2022-47,11,1,22,0.0014894049150362197,1251
W-2022-47,45,62,17,0.0014877045593769144,1252
W-2022-47,85,0,5,0.0014863258026159335,1253
W-2022-47,89,41,341,0.001482209143622154,1254
W-2022-47,21,16,5,0.0014766686355581807,1255
W-2022-47,93,79,22,0.0014755197853789403,1256
W-2022-47,51,56,5,0.001474491300501327,1257
W-2022-47,78,0,23,0.0014661821890737553,1258
W-2022-47,82,4,28,0.001463210702341137,1259
W-2022-47,68,64,74,0.0014626240265644148,1260
W-2022-47,87,11,3,0.001454192922927775,1261
W-2022-47,87,14,3,0.001454192922927775,1262
W-2022-47,87,19,3,0.001454192922927775,1263
W-2022-47,87,25,3,0.001454192922927775,1264
W-2022-47,100,24,16,0.0014530923621832712,1265
W-2022-47,59,51,644,0.0014498953103541437,1266
W-2022-47,72,14,7,0.0014477766287487074,1267
W-2022-47,46,49,4,0.001447178002894356,1268
W-2022-47,19,43,295,0.0014373626587798497,1269
W-2022-47,22,87,15,0.0014340344168260039,1270
W-2022-47,19,59,291,0.0014178729956099533,1271
W-2022-47,82,14,27,0.001410953177257525,1272
W-2022-47,12,89,19,0.0014099139210448203,1273
W-2022-47,61,55,275,0.00140964195094446,1274
W-2022-47,89,50,324,0.0014083160191600524,1275
W-2022-47,68,39,71,0.0014033284579199115,1276
W-2022-47,66,99,415,0.001403112543149937,1277
W-2022-47,38,55,7,0.0014,1278
W-2022-47,38,84,7,0.0014,1279
W-2022-47,38,93,7,0.0014,1280
W-2022-47,61,44,272,0.0013942640387523387,1281
W-2022-47,71,23,2,0.0013937282229965157,1282
W-2022-47,71,49,2,0.0013937282229965157,1283
W-2022-47,71,55,2,0.0013937282229965157,1284
W-2022-47,71,61,2,0.0013937282229965157,1285
W-2022-47,71,69,2,0.0013937282229965157,1286
W-2022-47,36,73,44,0.0013890204249139755,1287
W-2022-47,52,9,49,0.0013832429990966576,1288
W-2022-47,3,70,21,0.0013765978367748278,1289
W-2022-47,67,7,31,0.0013754547874700507,1290
W-2022-47,54,51,26,0.0013713803470647185,1291
W-2022-47,4,92,24,0.0013675213675213675,1292
W-2022-47,101,47,451,0.0013608439042641788,1293
W-2022-47,56,55,26,0.0013604730260059652,1294
W-2022-47,11,97,20,0.0013540044682147452,1295
W-2022-47,35,64,3,0.0013513513513513514,1296
W-2022-47,35,68,3,0.0013513513513513514,1297
W-2022-47,18,71,15,0.0013494062612450521,1298
W-2022-47,88,67,25,0.0013444474321054048,1299
W-2022-47,73,4,7,0.001339200306102927,1300
W-2022-47,73,16,7,0.001339200306102927,1301
W-2022-47,53,43,31,0.0013388615358037488,1302
W-2022-47,91,67,361,0.001328866966060517,1303
W-2022-47,44,49,82,0.0013186883875014072,1304
W-2022-47,25,1,4,0.0013149243918474688,1305
W-2022-47,25,24,4,0.0013149243918474688,1306
W-2022-47,25,83,4,0.0013149243918474688,1307
W-2022-47,25,87,4,0.0013149243918474688,1308
W-2022-47,45,47,15,0.0013126804935678655,1309
W-2022-47,83,19,1,0.0013089005235602095,1310
W-2022-47,83,37,1,0.0013089005235602095,1311
W-2022-47,83,101,1,0.0013089005235602095,1312
W-2022-47,10,11,6,0.001302365964836119,1313
W-2022-47,10,84,6,0.001302365964836119,1314
W-2022-47,101,60,430,0.0012974786670368,1315
W-2022-47,42,50,185,0.0012932360260604536,1316
W-2022-47,77,57,6,0.001276867418599702,1317
W-2022-47,77,71,6,0.001276867418599702,1318
W-2022-47,100,82,14,0.0012714558169103624,1319
W-2022-47,13,36,75,0.0012683273299173051,1320
W-2022-47,13,74,75,0.0012683273299173051,1321
W-2022-47,86,38,2,0.001265022137887413,1322
W-2022-47,86,41,2,0.001265022137887413,1323
W-2022-47,86,71,2,0.001265022137887413,1324
W-2022-47,86,79,2,0.001265022137887413,1325
W-2022-47,74,36,3,0.0012610340479192938,1326
W-2022-47,74,73,3,0.0012610340479192938,1327
W-2022-47,74,85,3,0.0012610340479192938,1328
W-2022-47,8,94,4,0.0012566760917373547,1329
W-2022-47,92,72,14,0.0012539184952978057,1330
W-2022-47,4,37,22,0.0012535612535612536,1331
W-2022-47,9,52,3,0.0012494793835901709,1332
W-2022-47,9,53,3,0.0012494793835901709,1333
W-2022-47,9,89,3,0.0012494793835901709,1334
W-2022-47,72,85,6,0.0012409513960703205,1335
W-2022-47,72,100,6,0.0012409513960703205,1336
W-2022-47,45,48,14,0.0012251684606633412,1337
W-2022-47,98,10,18,0.001222909165024798,1338
W-2022-47,64,1,7,0.0012224938875305623,1339
W-2022-47,64,36,7,0.0012224938875305623,1340
W-2022-47,54,48,23,0.0012131441531726356,1341
W-2022-47,93,59,18,0.0012072434607645875,1342
W-2022-47,41,54,588,0.001203384211107973,1343
W-2022-47,17,14,198,0.0012012303510868707,1344
W-2022-47,81,55,3,0.001199040767386091,1345
W-2022-47,81,69,3,0.001199040767386091,1346
W-2022-47,15,78,13,0.0011940846881601911,1347
W-2022-47,94,3,3,0.0011933174224343676,1348
W-2022-47,62,45,614,0.001192378873532102,1349
W-2022-47,85,50,4,0.0011890606420927466,1350
W-2022-47,91,93,321,0.0011816240889346978,1351
W-2022-47,21,15,4,0.0011813349084465446,1352
W-2022-47,55,57,475,0.0011787185468261452,1353
W-2022-47,60,51,82,0.001174818762715264,1354
W-2022-47,24,88,2,0.0011661807580174927,1355
W-2022-47,24,92,2,0.0011661807580174927,1356
W-2022-47,68,74,59,0.0011661461833418982,1357
W-2022-47,65,92,13,0.001165814725136759,1358
W-2022-47,89,59,268,0.0011649033738731298,1359
W-2022-47,92,16,13,0.0011643528884908196,1360
W-2022-47,14,21,72,0.0011554571277261566,1361
W-2022-47,98,11,17,0.0011549697669678647,1362
W-2022-47,98,34,17,0.0011549697669678647,1363
W-2022-47,11,89,17,0.0011509037979825333,1364
W-2022-47,73,63,6,0.0011478859766596518,1365
W-2022-47,60,47,80,0.0011461646465514772,1366
W-2022-47,60,48,80,0.0011461646465514772,1367
W-2022-47,88,38,21,0.00112933584296854,1368
W-2022-47,69,18,1,0.0011135857461024498,1369
W-2022-47,69,32,1,0.0011135857461024498,1370
W-2022-47,69,38,1,0.0011135857461024498,1371
W-2022-47,69,50,1,0.0011135857461024498,1372
W-2022-47,69,61,1,0.0011135857461024498,1373
W-2022-47,69,66,1,0.0011135857461024498,1374
W-2022-47,69,88,1,0.0011135857461024498,1375
W-2022-47,69,89,1,0.0011135857461024498,1376
W-2022-47,69,93,1,0.0011135857461024498,1377
W-2022-47,69,96,1,0.0011135857461024498,1378
W-2022-47,79,88,61,0.001112915290726314,1379
W-2022-47,67,69,25,0.001109237731830686,1380
W-2022-47,59,54,492,0.0011076839948668303,1381
W-2022-47,15,85,12,0.0011022320198401765,1382
W-2022-47,46,76,3,0.001085383502170767,1383
W-2022-47,20,25,5,0.0010838933448948623,1384
W-2022-47,11,35,16,0.001083203574571796,1385
W-2022-47,11,55,16,0.001083203574571796,1386
W-2022-47,47,58,48,0.001082617227146627,1387
W-2022-47,88,92,20,0.0010755579456843238,1388
W-2022-47,88,97,20,0.0010755579456843238,1389
W-2022-47,92,88,12,0.0010747872816838334,1390
W-2022-47,7,18,1,0.0010741138560687433,1391
W-2022-47,7,53,1,0.0010741138560687433,1392
W-2022-47,7,55,1,0.0010741138560687433,1393
W-2022-47,7,75,1,0.0010741138560687433,1394
W-2022-47,7,96,1,0.0010741138560687433,1395
W-2022-47,36,17,34,0.0010733339647062538,1396
W-2022-47,57,55,242,0.001072609454919377,1397
W-2022-47,37,24,5,0.0010718113612004287,1398
W-2022-47,97,7,13,0.0010676741130091984,1399
W-2022-47,97,10,13,0.0010676741130091984,1400
W-2022-47,97,101,13,0.0010676741130091984,1401
W-2022-47,61,89,208,0.0010662019119870826,1402
W-2022-47,17,3,175,0.0010616934921222343,1403
W-2022-47,17,92,175,0.0010616934921222343,1404
W-2022-47,14,82,66,0.001059169033748977,1405
W-2022-47,63,34,2,0.0010526315789473684,1406
W-2022-47,63,78,2,0.0010526315789473684,1407
W-2022-47,63,88,2,0.0010526315789473684,1408
W-2022-47,14,92,65,0.0010431210180861137,1409
W-2022-47,36,25,32,0.0010101966726647094,1410
W-2022-47,68,88,51,0.0010080246669565561,1411
W-2022-47,93,88,15,0.001006036217303823,1412
W-2022-47,38,6,5,0.001,1413
W-2022-47,38,75,5,0.001,1414
W-2022-47,42,54,143,0.0009996364958197018,1415
W-2022-47,100,65,11,0.000999000999000999,1416
W-2022-47,100,72,11,0.000999000999000999,1417
W-2022-47,56,42,19,0.0009941918266966668,1418
W-2022-47,16,22,1,0.000992063492063492,1419
W-2022-47,16,35,1,0.000992063492063492,1420
W-2022-47,16,68,1,0.000992063492063492,1421
W-2022-47,16,74,1,0.000992063492063492,1422
W-2022-47,16,75,1,0.000992063492063492,1423
W-2022-47,16,83,1,0.000992063492063492,1424
W-2022-47,16,87,1,0.000992063492063492,1425
W-2022-47,16,98,1,0.000992063492063492,1426
W-2022-47,17,70,163,0.0009888916526624239,1427
W-2022-47,25,64,3,0.0009861932938856016,1428
W-2022-47,97,23,12,0.0009855453350854138,1429
W-2022-47,92,15,11,0.0009852216748768472,1430
W-2022-47,3,72,15,0.0009832841691248771,1431
W-2022-47,13,85,58,0.0009808398018027159,1432
W-2022-47,90,8,4,0.0009799118079372856,1433
W-2022-47,62,33,503,0.0009768185234310216,1434
W-2022-47,87,68,2,0.0009694619486185168,1435
W-2022-47,89,79,223,0.000969303926767567,1436
W-2022-47,45,56,11,0.0009626323619497681,1437
W-2022-47,80,57,1,0.0009569377990430622,1438
W-2022-47,80,62,1,0.0009569377990430622,1439
W-2022-47,80,71,1,0.0009569377990430622,1440
W-2022-47,80,81,1,0.0009569377990430622,1441
W-2022-47,80,95,1,0.0009569377990430622,1442
W-2022-47,80,97,1,0.0009569377990430622,1443
W-2022-47,73,78,5,0.0009565716472163765,1444
W-2022-47,78,100,15,0.0009562057754828839,1445
W-2022-47,55,47,383,0.0009504193756513971,1446
W-2022-47,55,49,383,0.0009504193756513971,1447
W-2022-47,40,28,3,0.0009502692429521698,1448
W-2022-47,40,48,3,0.0009502692429521698,1449
W-2022-47,11,69,14,0.0009478031277503216,1450
W-2022-47,8,21,3,0.000942507068803016,1451
W-2022-47,39,68,12,0.0009388936702918395,1452
W-2022-47,88,65,17,0.0009142242538316751,1453
W-2022-47,84,11,1,0.0009124087591240876,1454
W-2022-47,84,22,1,0.0009124087591240876,1455
W-2022-47,84,68,1,0.0009124087591240876,1456
W-2022-47,84,80,1,0.0009124087591240876,1457
W-2022-47,53,49,21,0.0009069707178025395,1458
W-2022-47,1,13,1,0.0009041591320072332,1459
W-2022-47,1,21,1,0.0009041591320072332,1460
W-2022-47,1,22,1,0.0009041591320072332,1461
W-2022-47,1,39,1,0.0009041591320072332,1462
W-2022-47,1,64,1,0.0009041591320072332,1463
W-2022-47,1,74,1,0.0009041591320072332,1464
W-2022-47,1,75,1,0.0009041591320072332,1465
W-2022-47,1,78,1,0.0009041591320072332,1466
W-2022-47,35,0,2,0.0009009009009009009,1467
W-2022-47,44,54,56,0.0009005676792692537,1468
W-2022-47,17,100,148,0.000897889353337661,1469
W-2022-47,78,74,14,0.000892458723784025,1470
W-2022-47,85,16,3,0.0008917954815695601,1471
W-2022-47,85,83,3,0.0008917954815695601,1472
W-2022-47,21,1,3,0.0008860011813349084,1473
W-2022-47,51,45,3,0.0008846947803007962,1474
W-2022-47,51,53,3,0.0008846947803007962,1475
W-2022-47,51,89,3,0.0008846947803007962,1476
W-2022-47,64,35,5,0.0008732099196646874,1477
W-2022-47,44,47,54,0.0008684045478667803,1478
W-2022-47,20,94,4,0.0008671146759158899,1479
W-2022-47,0,8,1,0.0008650519031141869,1480
W-2022-47,0,37,1,0.0008650519031141869,1481
W-2022-47,0,49,1,0.0008650519031141869,1482
W-2022-47,0,63,1,0.0008650519031141869,1483
W-2022-47,0,83,1,0.0008650519031141869,1484
W-2022-47,33,42,14,0.0008603736479842675,1485
W-2022-47,70,0,4,0.0008581849388543231,1486
W-2022-47,77,38,4,0.0008512449457331347,1487
W-2022-47,62,48,438,0.0008505894895880467,1488
W-2022-47,67,23,19,0.0008430206761913213,1489
W-2022-47,57,59,190,0.0008421313902259571,1490
W-2022-47,74,20,2,0.0008406893652795292,1491
W-2022-47,9,58,2,0.0008329862557267805,1492
W-2022-47,9,60,2,0.0008329862557267805,1493
W-2022-47,31,66,5,0.000829737802854298,1494
W-2022-47,53,47,19,0.0008205925542022976,1495
W-2022-47,61,43,160,0.0008201553169131404,1496
W-2022-47,100,63,9,0.00081736445372809,1497
W-2022-47,98,101,12,0.0008152727766831986,1498
W-2022-47,17,64,134,0.0008129538739678823,1499
W-2022-47,11,93,12,0.0008124026809288471,1500
W-2022-47,18,10,9,0.0008096437567470313,1501
W-2022-47,65,90,9,0.0008071025020177562,1502
W-2022-47,88,25,15,0.0008066684592632429,1503
W-2022-47,43,50,65,0.0008063815797635441,1504
W-2022-47,91,55,219,0.0008061547522638593,1505
W-2022-47,49,33,246,0.0008039425867342937,1506
W-2022-47,38,101,4,0.0008,1507
W-2022-47,81,62,2,0.0007993605115907274,1508
W-2022-47,81,93,2,0.0007993605115907274,1509
W-2022-47,94,15,2,0.0007955449482895784,1510
W-2022-47,94,22,2,0.0007955449482895784,1511
W-2022-47,94,24,2,0.0007955449482895784,1512
W-2022-47,94,83,2,0.0007955449482895784,1513
W-2022-47,36,82,25,0.0007892161505193042,1514
W-2022-47,3,88,12,0.0007866273352999017,1515
W-2022-47,56,57,15,0.0007848882842342107,1516
W-2022-47,82,64,15,0.0007838628762541806,1517
W-2022-47,99,31,11,0.0007765619484645253,1518
W-2022-47,47,53,34,0.0007668538692288607,1519
W-2022-47,73,0,4,0.0007652573177731012,1520
W-2022-47,73,64,4,0.0007652573177731012,1521
W-2022-47,73,74,4,0.0007652573177731012,1522
W-2022-47,73,83,4,0.0007652573177731012,1523
W-2022-47,22,72,8,0.0007648183556405354,1524
W-2022-47,59,49,331,0.0007452101672782944,1525
W-2022-47,11,0,11,0.0007447024575181099,1526
W-2022-47,4,0,13,0.0007407407407407407,1527
W-2022-47,44,57,46,0.000739752022256887,1528
W-2022-47,90,36,3,0.0007349338559529642,1529
W-2022-47,46,62,2,0.000723589001447178,1530
W-2022-47,46,93,2,0.000723589001447178,1531
W-2022-47,32,99,147,0.0007221138778497709,1532
W-2022-47,18,50,8,0.0007196833393306944,1533
W-2022-47,43,49,58,0.0007195404865582394,1534
W-2022-47,65,21,8,0.0007174244462380056,1535
W-2022-47,92,35,8,0.0007165248544558889,1536
W-2022-47,55,60,288,0.0007146756662861681,1537
W-2022-47,101,52,235,0.0007090871784968559,1538
W-2022-47,14,100,44,0.0007061126891659846,1539
W-2022-47,88,89,13,0.0006991126646948105,1540
W-2022-47,64,3,4,0.0006985679357317499,1541
W-2022-47,64,39,4,0.0006985679357317499,1542
W-2022-47,71,6,1,0.0006968641114982578,1543
W-2022-47,71,36,1,0.0006968641114982578,1544
W-2022-47,71,41,1,0.0006968641114982578,1545
W-2022-47,71,46,1,0.0006968641114982578,1546
W-2022-47,71,75,1,0.0006968641114982578,1547
W-2022-47,71,99,1,0.0006968641114982578,1548
W-2022-47,36,14,22,0.0006945102124569877,1549
W-2022-47,79,77,38,0.0006932914925836055,1550
W-2022-47,59,48,305,0.000686674021208096,1551
W-2022-47,41,89,335,0.0006856015488455289,1552
W-2022-47,11,95,10,0.0006770022341073726,1553
W-2022-47,57,62,151,0.0006692728417058922,1554
W-2022-47,62,47,343,0.0006661009016636987,1555
W-2022-47,50,33,249,0.0006583104422841522,1556
W-2022-47,25,63,2,0.0006574621959237344,1557
W-2022-47,25,72,2,0.0006574621959237344,1558
W-2022-47,3,85,10,0.0006555227794165847,1559
W-2022-47,47,51,29,0.0006540812414010871,1560
W-2022-47,10,7,3,0.0006511829824180595,1561
W-2022-47,10,71,3,0.0006511829824180595,1562
W-2022-47,20,4,3,0.0006503360069369175,1563
W-2022-47,20,64,3,0.0006503360069369175,1564
W-2022-47,52,89,23,0.0006492773261065944,1565
W-2022-47,88,36,12,0.0006453347674105943,1566
W-2022-47,70,20,3,0.0006436387041407423,1567
W-2022-47,70,73,3,0.0006436387041407423,1568
W-2022-47,37,92,3,0.0006430868167202572,1569
W-2022-47,15,68,7,0.0006429686782401029,1570
W-2022-47,48,89,16,0.0006412054662766,1571
W-2022-47,101,89,212,0.0006396871567716317,1572
W-2022-47,78,94,10,0.0006374705169885893,1573
W-2022-47,100,29,7,0.0006357279084551812,1574
W-2022-47,29,30,145,0.0006352488642188411,1575
W-2022-47,28,31,135,0.0006333300493997438,1576
W-2022-47,86,7,1,0.0006325110689437065,1577
W-2022-47,86,11,1,0.0006325110689437065,1578
W-2022-47,86,34,1,0.0006325110689437065,1579
W-2022-47,86,55,1,0.0006325110689437065,1580
W-2022-47,18,61,7,0.0006297229219143577,1581
W-2022-47,18,81,7,0.0006297229219143577,1582
W-2022-47,8,63,2,0.0006283380458686773,1583
W-2022-47,8,64,2,0.0006283380458686773,1584
W-2022-47,8,85,2,0.0006283380458686773,1585
W-2022-47,8,90,2,0.0006283380458686773,1586
W-2022-47,92,3,7,0.0006269592476489029,1587
W-2022-47,92,85,7,0.0006269592476489029,1588
W-2022-47,4,78,11,0.0006267806267806268,1589
W-2022-47,4,94,11,0.0006267806267806268,1590
W-2022-47,67,55,14,0.0006211731298251842,1591
W-2022-47,72,20,3,0.0006204756980351603,1592
W-2022-47,72,25,3,0.0006204756980351603,1593
W-2022-47,72,101,3,0.0006204756980351603,1594
W-2022-47,98,41,9,0.000611454582512399,1595
W-2022-47,14,88,38,0.000609824595188805,1596
W-2022-47,11,7,9,0.0006093020106966354,1597
W-2022-47,50,89,228,0.0006027902845011513,1598
W-2022-47,42,33,86,0.0006011799904929676,1599
W-2022-47,48,57,15,0.0006011301246343125,1600
W-2022-47,38,61,3,0.0006,1601
W-2022-47,38,77,3,0.0006,1602
W-2022-47,91,97,162,0.0005963336523595671,1603
W-2022-47,85,2,2,0.0005945303210463733,1604
W-2022-47,85,20,2,0.0005945303210463733,1605
W-2022-47,85,24,2,0.0005945303210463733,1606
W-2022-47,85,25,2,0.0005945303210463733,1607
W-2022-47,85,73,2,0.0005945303210463733,1608
W-2022-47,85,101,2,0.0005945303210463733,1609
W-2022-47,14,70,37,0.0005937765795259416,1610
W-2022-47,88,87,11,0.0005915568701263781,1611
W-2022-47,21,2,2,0.0005906674542232723,1612
W-2022-47,3,90,9,0.0005899705014749262,1613
W-2022-47,3,92,9,0.0005899705014749262,1614
W-2022-47,51,12,2,0.0005897965202005308,1615
W-2022-47,24,2,1,0.0005830903790087463,1616
W-2022-47,24,13,1,0.0005830903790087463,1617
W-2022-47,24,16,1,0.0005830903790087463,1618
W-2022-47,24,65,1,0.0005830903790087463,1619
W-2022-47,24,78,1,0.0005830903790087463,1620
W-2022-47,24,82,1,0.0005830903790087463,1621
W-2022-47,24,90,1,0.0005830903790087463,1622
W-2022-47,24,100,1,0.0005830903790087463,1623
W-2022-47,101,58,193,0.0005823567040420986,1624
W-2022-47,17,21,95,0.0005763478957234986,1625
W-2022-47,97,19,7,0.0005749014454664914,1626
W-2022-47,97,93,7,0.0005749014454664914,1627
W-2022-47,73,88,3,0.0005739429883298259,1628
W-2022-47,73,90,3,0.0005739429883298259,1629
W-2022-47,41,33,279,0.0005709935287400076,1630
W-2022-47,26,30,44,0.0005706800171204005,1631
W-2022-47,60,45,39,0.000558755265193845,1632
W-2022-47,68,36,28,0.0005534253073486975,1633
W-2022-47,33,56,9,0.0005530973451327434,1634
W-2022-47,15,100,6,0.0005511160099200882,1635
W-2022-47,41,53,269,0.0005505278108640216,1636
W-2022-47,39,65,7,0.0005476879743369063,1637
W-2022-47,39,78,7,0.0005476879743369063,1638
W-2022-47,17,88,90,0.0005460137959485776,1639
W-2022-47,14,64,34,0.0005456325325373518,1640
W-2022-47,100,101,6,0.0005449096358187268,1641
W-2022-47,98,86,8,0.0005435151844554657,1642
W-2022-47,61,46,106,0.0005433528974549555,1643
W-2022-47,11,6,8,0.000541601787285898,1644
W-2022-47,11,83,8,0.000541601787285898,1645
W-2022-47,18,101,6,0.0005397625044980209,1646
W-2022-47,65,4,6,0.0005380683346785041,1647
W-2022-47,65,24,6,0.0005380683346785041,1648
W-2022-47,65,64,6,0.0005380683346785041,1649
W-2022-47,65,72,6,0.0005380683346785041,1650
W-2022-47,36,88,17,0.0005366669823531269,1651
W-2022-47,67,101,12,0.0005324341112787292,1652
W-2022-47,63,32,1,0.0005263157894736842,1653
W-2022-47,63,61,1,0.0005263157894736842,1654
W-2022-47,63,89,1,0.0005263157894736842,1655
W-2022-47,63,91,1,0.0005263157894736842,1656
W-2022-47,63,97,1,0.0005263157894736842,1657
W-2022-47,45,42,6,0.0005250721974271463,1658
W-2022-47,45,54,6,0.0005250721974271463,1659
W-2022-47,3,24,8,0.0005244182235332678,1660
W-2022-47,3,39,8,0.0005244182235332678,1661
W-2022-47,61,19,102,0.0005228490145321271,1662
W-2022-47,43,60,42,0.0005210465592318285,1663
W-2022-47,4,20,9,0.0005128205128205128,1664
W-2022-47,78,65,8,0.0005099764135908714,1665
W-2022-47,61,54,99,0.0005074711023400056,1666
W-2022-47,49,89,155,0.0005065491908285184,1667
W-2022-47,89,62,114,0.0004955185993340926,1668
W-2022-47,30,99,17,0.0004953379953379954,1669
W-2022-47,68,4,25,0.0004941297387041942,1670
W-2022-47,97,96,6,0.0004927726675427069,1671
W-2022-47,49,53,150,0.0004902088943501791,1672
W-2022-47,90,19,2,0.0004899559039686428,1673
W-2022-47,90,37,2,0.0004899559039686428,1674
W-2022-47,90,63,2,0.0004899559039686428,1675
W-2022-47,90,83,2,0.0004899559039686428,1676
W-2022-47,90,87,2,0.0004899559039686428,1677
W-2022-47,19,89,100,0.0004872415792474067,1678
W-2022-47,87,24,1,0.0004847309743092584,1679
W-2022-47,87,35,1,0.0004847309743092584,1680
W-2022-47,87,36,1,0.0004847309743092584,1681
W-2022-47,87,39,1,0.0004847309743092584,1682
W-2022-47,87,44,1,0.0004847309743092584,1683
W-2022-47,87,60,1,0.0004847309743092584,1684
W-2022-47,87,65,1,0.0004847309743092584,1685
W-2022-47,87,66,1,0.0004847309743092584,1686
W-2022-47,87,74,1,0.0004847309743092584,1687
W-2022-47,87,92,1,0.0004847309743092584,1688
W-2022-47,88,41,9,0.00048400107555794566,1689
W-2022-47,88,77,9,0.00048400107555794566,1690
W-2022-47,88,93,9,0.00048400107555794566,1691
W-2022-47,52,54,17,0.0004799006323396567,1692
W-2022-47,22,59,5,0.0004780114722753346,1693
W-2022-47,98,95,7,0.0004755757863985325,1694
W-2022-47,11,101,7,0.0004739015638751608,1695
W-2022-47,13,4,28,0.00047350886983579387,1696
W-2022-47,13,92,28,0.00047350886983579387,1697
W-2022-47,82,11,9,0.0004703177257525084,1698
W-2022-47,82,92,9,0.0004703177257525084,1699
W-2022-47,93,55,7,0.00046948356807511736,1700
W-2022-47,93,68,7,0.00046948356807511736,1701
W-2022-47,39,14,6,0.00046944683514591975,1702
W-2022-47,39,70,6,0.00046944683514591975,1703
W-2022-47,62,51,241,0.00046801841778703024,1704
W-2022-47,17,74,77,0.0004671451365337831,1705
W-2022-47,17,90,77,0.0004671451365337831,1706
W-2022-47,61,9,91,0.00046646333649434863,1707
W-2022-47,28,26,99,0.0004644420362264788,1708
W-2022-47,27,99,10,0.00046367134974729913,1709
W-2022-47,62,89,238,0.00046219246237889293,1710
W-2022-47,58,33,4,0.0004615207107418945,1711
W-2022-47,58,53,4,0.0004615207107418945,1712
W-2022-47,58,89,4,0.0004615207107418945,1713
W-2022-47,100,74,5,0.0004540913631822723,1714
W-2022-47,35,15,1,0.00045045045045045046,1715
W-2022-47,35,24,1,0.00045045045045045046,1716
W-2022-47,35,28,1,0.00045045045045045046,1717
W-2022-47,35,29,1,0.00045045045045045046,1718
W-2022-47,35,61,1,0.00045045045045045046,1719
W-2022-47,59,56,200,0.00045027804669383345,1720
W-2022-47,18,40,5,0.00044980208708168405,1721
W-2022-47,18,41,5,0.00044980208708168405,1722
W-2022-47,65,3,5,0.0004483902788987535,1723
W-2022-47,65,63,5,0.0004483902788987535,1724
W-2022-47,42,19,64,0.0004473897603668596,1725
W-2022-47,101,48,148,0.00044657405284057305,1726
W-2022-47,78,21,7,0.0004462293618920125,1727
W-2022-47,78,88,7,0.0004462293618920125,1728
W-2022-47,78,90,7,0.0004462293618920125,1729
W-2022-47,12,49,6,0.0004452359750667854,1730
W-2022-47,79,93,24,0.00043786831110543504,1731
W-2022-47,10,22,2,0.0004341219882787063,1732
W-2022-47,10,62,2,0.0004341219882787063,1733
W-2022-47,10,96,2,0.0004341219882787063,1734
W-2022-47,50,52,164,0.0004335859941148633,1735
W-2022-47,20,3,2,0.00043355733795794494,1736
W-2022-47,20,17,2,0.00043355733795794494,1737
W-2022-47,70,25,2,0.00042909246942716153,1738
W-2022-47,70,36,2,0.00042909246942716153,1739
W-2022-47,70,87,2,0.00042909246942716153,1740
W-2022-47,37,1,2,0.00042872454448017146,1741
W-2022-47,37,17,2,0.00042872454448017146,1742
W-2022-47,37,21,2,0.00042872454448017146,1743
W-2022-47,37,74,2,0.00042872454448017146,1744
W-2022-47,77,48,2,0.00042562247286656737,1745
W-2022-47,77,96,2,0.00042562247286656737,1746
W-2022-47,54,9,8,0.00042196318371222113,1747
W-2022-47,74,41,1,0.0004203446826397646,1748
W-2022-47,74,50,1,0.0004203446826397646,1749
W-2022-47,74,61,1,0.0004203446826397646,1750
W-2022-47,74,63,1,0.0004203446826397646,1751
W-2022-47,74,76,1,0.0004203446826397646,1752
W-2022-47,74,87,1,0.0004203446826397646,1753
W-2022-47,74,101,1,0.0004203446826397646,1754
W-2022-47,57,52,94,0.00041663342463810514,1755
W-2022-47,9,51,1,0.00041649312786339027,1756
W-2022-47,9,54,1,0.00041649312786339027,1757
W-2022-47,9,56,1,0.00041649312786339027,1758
W-2022-47,9,87,1,0.00041649312786339027,1759
W-2022-47,72,16,2,0.0004136504653567735,1760
W-2022-47,72,63,2,0.0004136504653567735,1761
W-2022-47,72,65,2,0.0004136504653567735,1762
W-2022-47,72,87,2,0.0004136504653567735,1763
W-2022-47,28,99,88,0.00041283736553464784,1764
W-2022-47,97,38,5,0.00041064388961892245,1765
W-2022-47,97,81,5,0.00041064388961892245,1766
W-2022-47,97,95,5,0.00041064388961892245,1767
W-2022-47,101,53,136,0.0004103653458534996,1768
W-2022-47,11,18,6,0.00040620134046442355,1769
W-2022-47,11,59,6,0.00040620134046442355,1770
W-2022-47,11,87,6,0.00040620134046442355,1771
W-2022-47,93,41,6,0.00040241448692152917,1772
W-2022-47,93,75,6,0.00040241448692152917,1773
W-2022-47,81,6,1,0.0003996802557953637,1774
W-2022-47,81,23,1,0.0003996802557953637,1775
W-2022-47,81,25,1,0.0003996802557953637,1776
W-2022-47,81,29,1,0.0003996802557953637,1777
W-2022-47,81,59,1,0.0003996802557953637,1778
W-2022-47,81,61,1,0.0003996802557953637,1779
W-2022-47,81,63,1,0.0003996802557953637,1780
W-2022-47,81,75,1,0.0003996802557953637,1781
W-2022-47,81,80,1,0.0003996802557953637,1782
W-2022-47,81,88,1,0.0003996802557953637,1783
W-2022-47,81,101,1,0.0003996802557953637,1784
W-2022-47,19,57,82,0.00039953809498287346,1785
W-2022-47,94,5,1,0.0003977724741447892,1786
W-2022-47,94,37,1,0.0003977724741447892,1787
W-2022-47,94,41,1,0.0003977724741447892,1788
W-2022-47,94,73,1,0.0003977724741447892,1789
W-2022-47,49,29,121,0.00039543517477581114,1790
W-2022-47,3,2,6,0.00039331366764995085,1791
W-2022-47,3,35,6,0.00039331366764995085,1792
W-2022-47,55,50,158,0.0003920790113653283,1793
W-2022-47,19,49,80,0.0003897932633979253,1794
W-2022-47,19,62,80,0.0003897932633979253,1795
W-2022-47,13,70,23,0.00038895371450797355,1796
W-2022-47,14,24,24,0.0003851523759087189,1797
W-2022-47,47,89,17,0.00038342693461443036,1798
W-2022-47,22,11,4,0.0003824091778202677,1799
W-2022-47,89,93,87,0.00037815893107075486,1800
W-2022-47,42,89,54,0.0003774851103095378,1801
W-2022-47,88,84,7,0.00037644528098951333,1802
W-2022-47,12,61,5,0.00037102997922232116,1803
W-2022-47,54,58,7,0.0003692177857481935,1804
W-2022-47,15,88,4,0.0003674106732800588,1805
W-2022-47,82,35,7,0.00036580267558528425,1806
W-2022-47,82,70,7,0.00036580267558528425,1807
W-2022-47,79,38,20,0.0003648902592545292,1808
W-2022-47,100,16,4,0.0003632730905458178,1809
W-2022-47,46,19,1,0.000361794500723589,1810
W-2022-47,46,33,1,0.000361794500723589,1811
W-2022-47,46,52,1,0.000361794500723589,1812
W-2022-47,46,53,1,0.000361794500723589,1813
W-2022-47,46,57,1,0.000361794500723589,1814
W-2022-47,46,61,1,0.000361794500723589,1815
W-2022-47,46,67,1,0.000361794500723589,1816
W-2022-47,46,74,1,0.000361794500723589,1817
W-2022-47,46,75,1,0.000361794500723589,1818
W-2022-47,46,79,1,0.000361794500723589,1819
W-2022-47,46,87,1,0.000361794500723589,1820
W-2022-47,46,88,1,0.000361794500723589,1821
W-2022-47,46,91,1,0.000361794500723589,1822
W-2022-47,46,98,1,0.000361794500723589,1823
W-2022-47,18,75,4,0.0003598416696653472,1824
W-2022-47,18,84,4,0.0003598416696653472,1825
W-2022-47,18,95,4,0.0003598416696653472,1826
W-2022-47,62,58,185,0.0003592672501684672,1827
W-2022-47,65,78,4,0.0003587122231190028,1828
W-2022-47,65,88,4,0.0003587122231190028,1829
W-2022-47,65,94,4,0.0003587122231190028,1830
W-2022-47,92,1,4,0.00035826242722794446,1831
W-2022-47,68,21,18,0.0003557734118670198,1832
W-2022-47,67,84,8,0.0003549560741858195,1833
W-2022-47,67,96,8,0.0003549560741858195,1834
W-2022-47,76,41,7,0.00035101795206097684,1835
W-2022-47,76,89,7,0.00035101795206097684,1836
W-2022-47,76,91,7,0.00035101795206097684,1837
W-2022-47,45,43,4,0.0003500481316180975,1838
W-2022-47,45,58,4,0.0003500481316180975,1839
W-2022-47,42,58,50,0.00034952325028660906,1840
W-2022-47,64,8,2,0.00034928396786587494,1841
W-2022-47,64,22,2,0.00034928396786587494,1842
W-2022-47,36,85,11,0.00034725510622849386,1843
W-2022-47,59,9,154,0.00034671409595425173,1844
W-2022-47,58,51,3,0.00034614053305642093,1845
W-2022-47,49,9,104,0.0003398781667494575,1846
W-2022-47,98,6,5,0.00033969699028466607,1847
W-2022-47,98,50,5,0.00033969699028466607,1848
W-2022-47,98,69,5,0.00033969699028466607,1849
W-2022-47,11,96,5,0.0003385011170536863,1850
W-2022-47,47,30,15,0.00033831788348332093,1851
W-2022-47,14,35,21,0.000337008328920129,1852
W-2022-47,14,85,21,0.000337008328920129,1853
W-2022-47,14,90,21,0.000337008328920129,1854
W-2022-47,93,97,5,0.00033534540576794097,1855
W-2022-47,91,88,91,0.0003349775454612383,1856
W-2022-47,43,42,27,0.0003349585023633183,1857
W-2022-47,57,42,75,0.0003324202856155094,1858
W-2022-47,25,0,1,0.0003287310979618672,1859
W-2022-47,25,3,1,0.0003287310979618672,1860
W-2022-47,25,13,1,0.0003287310979618672,1861
W-2022-47,25,70,1,0.0003287310979618672,1862
W-2022-47,25,74,1,0.0003287310979618672,1863
W-2022-47,25,78,1,0.0003287310979618672,1864
W-2022-47,25,92,1,0.0003287310979618672,1865
W-2022-47,25,94,1,0.0003287310979618672,1866
W-2022-47,97,80,4,0.000328515111695138,1867
W-2022-47,3,21,5,0.00032776138970829236,1868
W-2022-47,3,37,5,0.00032776138970829236,1869
W-2022-47,27,91,7,0.0003245699448231094,1870
W-2022-47,88,0,6,0.00032266738370529714,1871
W-2022-47,43,54,26,0.0003225526319054176,1872
W-2022-47,44,51,20,0.0003216313140247335,1873
W-2022-47,17,65,53,0.0003215414576141624,1874
W-2022-47,41,51,157,0.0003213117706529792,1875
W-2022-47,14,39,20,0.00032096031325726574,1876
W-2022-47,78,73,5,0.00031873525849429466,1877
W-2022-47,40,29,1,0.0003167564143173899,1878
W-2022-47,40,89,1,0.0003167564143173899,1879
W-2022-47,54,19,6,0.0003164723877841658,1880
W-2022-47,54,53,6,0.0003164723877841658,1881
W-2022-47,68,90,16,0.0003162430327706843,1882
W-2022-47,68,94,16,0.0003162430327706843,1883
W-2022-47,47,50,14,0.0003157633579177662,1884
W-2022-47,36,64,10,0.0003156864602077217,1885
W-2022-47,36,78,10,0.0003156864602077217,1886
W-2022-47,8,4,1,0.00031416902293433867,1887
W-2022-47,8,13,1,0.00031416902293433867,1888
W-2022-47,8,14,1,0.00031416902293433867,1889
W-2022-47,8,17,1,0.00031416902293433867,1890
W-2022-47,8,35,1,0.00031416902293433867,1891
W-2022-47,8,70,1,0.00031416902293433867,1892
W-2022-47,8,74,1,0.00031416902293433867,1893
W-2022-47,8,88,1,0.00031416902293433867,1894
W-2022-47,82,63,6,0.00031354515050167225,1895
W-2022-47,39,21,4,0.00031296455676394646,1896
W-2022-47,39,74,4,0.00031296455676394646,1897
W-2022-47,67,10,7,0.0003105865649125921,1898
W-2022-47,55,98,125,0.00031018909127003823,1899
W-2022-47,33,89,5,0.00030727630285152407,1900
W-2022-47,55,19,123,0.0003052260658097176,1901
W-2022-47,59,89,134,0.0003016862912848684,1902
W-2022-47,85,1,1,0.00029726516052318666,1903
W-2022-47,85,29,1,0.00029726516052318666,1904
W-2022-47,85,37,1,0.00029726516052318666,1905
W-2022-47,85,61,1,0.00029726516052318666,1906
W-2022-47,85,63,1,0.00029726516052318666,1907
W-2022-47,85,87,1,0.00029726516052318666,1908
W-2022-47,57,54,67,0.0002969621218165217,1909
W-2022-47,12,42,4,0.00029682398337785694,1910
W-2022-47,21,20,1,0.00029533372711163615,1911
W-2022-47,21,37,1,0.00029533372711163615,1912
W-2022-47,21,61,1,0.00029533372711163615,1913
W-2022-47,51,9,1,0.0002948982601002654,1914
W-2022-47,51,58,1,0.0002948982601002654,1915
W-2022-47,51,67,1,0.0002948982601002654,1916
W-2022-47,51,75,1,0.0002948982601002654,1917
W-2022-47,61,52,57,0.0002921803316503063,1918
W-2022-47,79,11,16,0.0002919122074036234,1919
W-2022-47,13,21,17,0.0002874875281145891,1920
W-2022-47,89,46,66,0.00028687918908815884,1921
W-2022-47,60,33,20,0.0002865411616378693,1922
W-2022-47,41,45,140,0.0002865200502638031,1923
W-2022-47,4,39,5,0.0002849002849002849,1924
W-2022-47,4,65,5,0.0002849002849002849,1925
W-2022-47,4,76,5,0.0002849002849002849,1926
W-2022-47,36,22,9,0.00028411781418694954,1927
W-2022-47,57,53,64,0.00028366531039190137,1928
W-2022-47,101,56,94,0.00028363487139874234,1929
W-2022-47,52,19,10,0.00028229448961156276,1930
W-2022-47,52,53,10,0.00028229448961156276,1931
W-2022-47,17,72,46,0.000279073717929273,1932
W-2022-47,41,46,136,0.00027833376311340875,1933
W-2022-47,50,42,105,0.00027760078891500393,1934
W-2022-47,68,89,14,0.00027671265367434873,1935
W-2022-47,15,21,3,0.0002755580049600441,1936
W-2022-47,59,57,122,0.0002746696084832384,1937
W-2022-47,79,80,15,0.0002736676944408969,1938
W-2022-47,75,91,22,0.00027286144839817927,1939
W-2022-47,98,23,4,0.00027175759222773286,1940
W-2022-47,11,84,4,0.000270800893642949,1941
W-2022-47,18,23,3,0.00026988125224901044,1942
W-2022-47,18,34,3,0.00026988125224901044,1943
W-2022-47,18,62,3,0.00026988125224901044,1944
W-2022-47,65,91,3,0.0002690341673392521,1945
W-2022-47,65,100,3,0.0002690341673392521,1946
W-2022-47,88,18,5,0.00026888948642108095,1947
W-2022-47,92,8,3,0.00026869682042095835,1948
W-2022-47,92,36,3,0.00026869682042095835,1949
W-2022-47,93,10,4,0.0002682763246143528,1950
W-2022-47,93,38,4,0.0002682763246143528,1951
W-2022-47,67,59,6,0.0002662170556393646,1952
W-2022-47,67,61,6,0.0002662170556393646,1953
W-2022-47,67,86,6,0.0002662170556393646,1954
W-2022-47,45,89,3,0.00026253609871357313,1955
W-2022-47,3,74,4,0.0002622091117666339,1956
W-2022-47,43,9,21,0.00026052327961591427,1957
W-2022-47,66,27,77,0.0002603365441507112,1958
W-2022-47,53,48,6,0.0002591344908007256,1959
W-2022-47,62,9,133,0.00025828402309408725,1960
W-2022-47,91,18,70,0.00025767503497018334,1961
W-2022-47,44,50,16,0.00025730505121978676,1962
W-2022-47,68,41,13,0.00025694746412618095,1963
W-2022-47,78,4,4,0.0002549882067954357,1964
W-2022-47,78,15,4,0.0002549882067954357,1965
W-2022-47,91,84,69,0.0002539939630420378,1966
W-2022-47,42,56,36,0.0002516567402063585,1967
W-2022-47,76,101,5,0.00025072710861498345,1968
W-2022-47,89,10,57,0.0002477592996670463,1969
W-2022-47,97,63,3,0.00024638633377135346,1970
W-2022-47,97,69,3,0.00024638633377135346,1971
W-2022-47,97,71,3,0.00024638633377135346,1972
W-2022-47,97,84,3,0.00024638633377135346,1973
W-2022-47,90,1,1,0.0002449779519843214,1974
W-2022-47,90,15,1,0.0002449779519843214,1975
W-2022-47,90,22,1,0.0002449779519843214,1976
W-2022-47,90,25,1,0.0002449779519843214,1977
W-2022-47,90,32,1,0.0002449779519843214,1978
W-2022-47,90,79,1,0.0002449779519843214,1979
W-2022-47,90,101,1,0.0002449779519843214,1980
W-2022-47,19,44,50,0.00024362078962370334,1981
W-2022-47,44,33,15,0.00024122348551855008,1982
W-2022-47,55,79,97,0.00024070673482554965,1983
W-2022-47,68,70,12,0.0002371822745780132,1984
W-2022-47,79,18,13,0.00023717866851544398,1985
W-2022-47,13,19,14,0.00023675443491789693,1986
W-2022-47,13,65,14,0.00023675443491789693,1987
W-2022-47,43,12,19,0.00023571153870011289,1988
W-2022-47,39,92,3,0.00023472341757295988,1989
W-2022-47,89,67,54,0.0002347193365266754,1990
W-2022-47,62,19,120,0.00023303821632549224,1991
W-2022-47,58,56,2,0.00023076035537094726,1992
W-2022-47,89,98,53,0.0002303726821465518,1993
W-2022-47,62,29,117,0.00022721226091735493,1994
W-2022-47,14,73,14,0.000224672219280086,1995
W-2022-47,19,46,46,0.00022413112645380706,1996
W-2022-47,43,79,18,0.00022330566824221222,1997
W-2022-47,12,9,3,0.0002226179875333927,1998
W-2022-47,89,57,51,0.00022167937338630456,1999
W-2022-47,57,60,50,0.00022161352374367292,2000
W-2022-47,36,92,7,0.0002209805221454052,2001
W-2022-47,10,23,1,0.00021706099413935315,2002
W-2022-47,10,26,1,0.00021706099413935315,2003
W-2022-47,10,28,1,0.00021706099413935315,2004
W-2022-47,10,29,1,0.00021706099413935315,2005
W-2022-47,10,36,1,0.00021706099413935315,2006
W-2022-47,10,57,1,0.00021706099413935315,2007
W-2022-47,10,63,1,0.00021706099413935315,2008
W-2022-47,10,68,1,0.00021706099413935315,2009
W-2022-47,10,80,1,0.00021706099413935315,2010
W-2022-47,10,81,1,0.00021706099413935315,2011
W-2022-47,10,93,1,0.00021706099413935315,2012
W-2022-47,20,1,1,0.00021677866897897247,2013
W-2022-47,20,16,1,0.00021677866897897247,2014
W-2022-47,20,83,1,0.00021677866897897247,2015
W-2022-47,20,88,1,0.00021677866897897247,2016
W-2022-47,20,92,1,0.00021677866897897247,2017
W-2022-47,20,100,1,0.00021677866897897247,2018
W-2022-47,70,2,1,0.00021454623471358077,2019
W-2022-47,70,22,1,0.00021454623471358077,2020
W-2022-47,70,34,1,0.00021454623471358077,2021
W-2022-47,70,37,1,0.00021454623471358077,2022
W-2022-47,70,66,1,0.00021454623471358077,2023
W-2022-47,70,83,1,0.00021454623471358077,2024
W-2022-47,37,2,1,0.00021436227224008573,2025
W-2022-47,37,5,1,0.00021436227224008573,2026
W-2022-47,37,49,1,0.00021436227224008573,2027
W-2022-47,37,64,1,0.00021436227224008573,2028
W-2022-47,37,72,1,0.00021436227224008573,2029
W-2022-47,37,78,1,0.00021436227224008573,2030
W-2022-47,37,85,1,0.00021436227224008573,2031
W-2022-47,37,88,1,0.00021436227224008573,2032
W-2022-47,37,90,1,0.00021436227224008573,2033
W-2022-47,37,100,1,0.00021436227224008573,2034
W-2022-47,55,48,86,0.0002134100947937863,2035
W-2022-47,89,49,49,0.00021298606462605732,2036
W-2022-47,77,7,1,0.00021281123643328368,2037
W-2022-47,77,19,1,0.00021281123643328368,2038
W-2022-47,77,37,1,0.00021281123643328368,2039
W-2022-47,77,49,1,0.00021281123643328368,2040
W-2022-47,77,52,1,0.00021281123643328368,2041
W-2022-47,77,62,1,0.00021281123643328368,2042
W-2022-47,77,86,1,0.00021281123643328368,2043
W-2022-47,17,94,35,0.00021233869842444687,2044
W-2022-47,28,30,45,0.00021111001646658128,2045
W-2022-47,54,75,4,0.00021098159185611057,2046
W-2022-47,56,60,4,0.00020930354246245618,2047
W-2022-47,56,89,4,0.00020930354246245618,2048
W-2022-47,72,37,1,0.00020682523267838676,2049
W-2022-47,72,42,1,0.00020682523267838676,2050
W-2022-47,72,73,1,0.00020682523267838676,2051
W-2022-47,72,76,1,0.00020682523267838676,2052
W-2022-47,49,46,63,0.0002058877356270752,2053
W-2022-47,98,49,3,0.00020381819417079964,2054
W-2022-47,98,61,3,0.00020381819417079964,2055
W-2022-47,98,68,3,0.00020381819417079964,2056
W-2022-47,47,56,9,0.00020299073008999256,2057
W-2022-47,42,45,29,0.00020272348516623326,2058
W-2022-47,93,11,3,0.00020120724346076458,2059
W-2022-47,93,77,3,0.00020120724346076458,2060
W-2022-47,93,86,3,0.00020120724346076458,2061
W-2022-47,93,96,3,0.00020120724346076458,2062
W-2022-47,79,10,11,0.00020068964258999105,2063
W-2022-47,79,69,11,0.00020068964258999105,2064
W-2022-47,79,81,11,0.00020068964258999105,2065
W-2022-47,79,97,11,0.00020068964258999105,2066
W-2022-47,76,36,4,0.00020058168689198675,2067
W-2022-47,76,62,4,0.00020058168689198675,2068
W-2022-47,60,9,14,0.0002005788131465085,2069
W-2022-47,48,9,5,0.0002003767082114375,2070
W-2022-47,38,11,1,0.0002,2071
W-2022-47,38,36,1,0.0002,2072
W-2022-47,38,37,1,0.0002,2073
W-2022-47,38,41,1,0.0002,2074
W-2022-47,38,71,1,0.0002,2075
W-2022-47,38,80,1,0.0002,2076
W-2022-47,38,81,1,0.0002,2077
W-2022-47,38,86,1,0.0002,2078
W-2022-47,68,19,10,0.00019765189548167766,2079
W-2022-47,68,32,10,0.00019765189548167766,2080
W-2022-47,3,29,3,0.00019665683382497542,2081
W-2022-47,3,64,3,0.00019665683382497542,2082
W-2022-47,44,53,12,0.00019297878841484007,2083
W-2022-47,44,89,12,0.00019297878841484007,2084
W-2022-47,14,20,12,0.00019257618795435945,2085
W-2022-47,73,22,1,0.0001913143294432753,2086
W-2022-47,73,24,1,0.0001913143294432753,2087
W-2022-47,73,35,1,0.0001913143294432753,2088
W-2022-47,73,85,1,0.0001913143294432753,2089
W-2022-47,73,92,1,0.0001913143294432753,2090
W-2022-47,73,101,1,0.0001913143294432753,2091
W-2022-47,78,85,3,0.00019124115509657678,2092
W-2022-47,22,13,2,0.00019120458891013384,2093
W-2022-47,22,25,2,0.00019120458891013384,2094
W-2022-47,22,41,2,0.00019120458891013384,2095
W-2022-47,22,78,2,0.00019120458891013384,2096
W-2022-47,22,101,2,0.00019120458891013384,2097
W-2022-47,101,46,63,0.00019009571168213582,2098
W-2022-47,36,90,6,0.00018941187612463303,2099
W-2022-47,43,89,15,0.00018608805686851017,2100
W-2022-47,33,59,3,0.00018436578171091445,2101
W-2022-47,15,0,2,0.0001837053366400294,2102
W-2022-47,15,4,2,0.0001837053366400294,2103
W-2022-47,15,72,2,0.0001837053366400294,2104
W-2022-47,15,90,2,0.0001837053366400294,2105
W-2022-47,15,92,2,0.0001837053366400294,2106
W-2022-47,15,94,2,0.0001837053366400294,2107
W-2022-47,100,0,2,0.0001816365452729089,2108
W-2022-47,100,2,2,0.0001816365452729089,2109
W-2022-47,100,15,2,0.0001816365452729089,2110
W-2022-47,100,25,2,0.0001816365452729089,2111
W-2022-47,100,26,2,0.0001816365452729089,2112
W-2022-47,100,57,2,0.0001816365452729089,2113
W-2022-47,47,66,8,0.00018043620452443782,2114
W-2022-47,18,38,2,0.0001799208348326736,2115
W-2022-47,18,86,2,0.0001799208348326736,2116
W-2022-47,65,0,2,0.0001793561115595014,2117
W-2022-47,65,83,2,0.0001793561115595014,2118
W-2022-47,92,37,2,0.00017913121361397223,2119
W-2022-47,67,41,4,0.00017747803709290975,2120
W-2022-47,45,9,2,0.00017502406580904875,2121
W-2022-47,45,19,2,0.00017502406580904875,2122
W-2022-47,45,50,2,0.00017502406580904875,2123
W-2022-47,64,16,1,0.00017464198393293747,2124
W-2022-47,64,24,1,0.00017464198393293747,2125
W-2022-47,64,25,1,0.00017464198393293747,2126
W-2022-47,64,46,1,0.00017464198393293747,2127
W-2022-47,64,63,1,0.00017464198393293747,2128
W-2022-47,64,73,1,0.00017464198393293747,2129
W-2022-47,64,101,1,0.00017464198393293747,2130
W-2022-47,4,25,3,0.00017094017094017094,2131
W-2022-47,13,90,10,0.00016911031065564068,2132
W-2022-47,55,12,68,0.00016874286565090078,2133
W-2022-47,42,52,24,0.00016777116013757235,2134
W-2022-47,31,99,1,0.00016594756057085962,2135
W-2022-47,79,41,9,0.00016420061666453815,2136
W-2022-47,79,75,9,0.00016420061666453815,2137
W-2022-47,88,20,3,0.00016133369185264857,2138
W-2022-47,88,49,3,0.00016133369185264857,2139
W-2022-47,88,50,3,0.00016133369185264857,2140
W-2022-47,88,62,3,0.00016133369185264857,2141
W-2022-47,88,101,3,0.00016133369185264857,2142
W-2022-47,14,37,10,0.00016048015662863287,2143
W-2022-47,14,94,10,0.00016048015662863287,2144
W-2022-47,48,56,4,0.00016030136656915,2145
W-2022-47,54,50,3,0.0001582361938920829,2146
W-2022-47,68,3,8,0.00015812151638534215,2147
W-2022-47,47,46,7,0.0001578816789588831,2148
W-2022-47,56,47,3,0.00015697765684684212,2149
W-2022-47,82,65,3,0.00015677257525083612,2150
W-2022-47,39,3,2,0.00015648227838197323,2151
W-2022-47,39,5,2,0.00015648227838197323,2152
W-2022-47,39,19,2,0.00015648227838197323,2153
W-2022-47,39,30,2,0.00015648227838197323,2154
W-2022-47,39,66,2,0.00015648227838197323,2155
W-2022-47,39,76,2,0.00015648227838197323,2156
W-2022-47,59,93,68,0.00015309453587590338,2157
W-2022-47,89,97,35,0.00015213290330432666,2158
W-2022-47,19,45,31,0.00015104488956669607,2159
W-2022-47,91,75,41,0.0001509239490539645,2160
W-2022-47,76,42,3,0.00015043626516899006,2161
W-2022-47,76,55,3,0.00015043626516899006,2162
W-2022-47,76,60,3,0.00015043626516899006,2163
W-2022-47,61,18,29,0.0001486531511905067,2164
W-2022-47,89,75,34,0.00014778624892420304,2165
W-2022-47,14,2,9,0.00014443214096576958,2166
W-2022-47,61,98,28,0.00014352718045979957,2167
W-2022-47,60,12,10,0.00014327058081893464,2168
W-2022-47,52,46,5,0.00014114724480578138,2169
W-2022-47,17,85,23,0.0001395368589646365,2170
W-2022-47,89,88,32,0.0001390929401639558,2171
W-2022-47,68,29,7,0.00013835632683717436,2172
W-2022-47,68,72,7,0.00013835632683717436,2173
W-2022-47,49,54,42,0.00013725849041805016,2174
W-2022-47,41,56,67,0.00013712030976910578,2175
W-2022-47,43,19,11,0.00013646457503690745,2176
W-2022-47,43,53,11,0.00013646457503690745,2177
W-2022-47,98,43,2,0.00013587879611386643,2178
W-2022-47,98,75,2,0.00013587879611386643,2179
W-2022-47,11,22,2,0.0001354004468214745,2180
W-2022-47,11,23,2,0.0001354004468214745,2181
W-2022-47,11,28,2,0.0001354004468214745,2182
W-2022-47,11,38,2,0.0001354004468214745,2183
W-2022-47,11,47,2,0.0001354004468214745,2184
W-2022-47,11,63,2,0.0001354004468214745,2185
W-2022-47,11,86,2,0.0001354004468214745,2186
W-2022-47,47,75,6,0.00013532715339332837,2187
W-2022-47,93,18,2,0.0001341381623071764,2188
W-2022-47,93,48,2,0.0001341381623071764,2189
W-2022-47,93,62,2,0.0001341381623071764,2190
W-2022-47,93,69,2,0.0001341381623071764,2191
W-2022-47,93,101,2,0.0001341381623071764,2192
W-2022-47,67,68,3,0.0001331085278196823,2193
W-2022-47,42,75,19,0.00013281883510891145,2194
W-2022-47,101,9,44,0.0001327652589526028,2195
W-2022-47,91,81,36,0.00013251858941323714,2196
W-2022-47,19,82,27,0.0001315552263967998,2197
W-2022-47,3,20,2,0.00013110455588331694,2198
W-2022-47,3,73,2,0.00013110455588331694,2199
W-2022-47,89,54,30,0.00013039963140370857,2200
W-2022-47,53,52,3,0.0001295672454003628,2201
W-2022-47,53,54,3,0.0001295672454003628,2202
W-2022-47,44,58,8,0.00012865252560989338,2203
W-2022-47,79,59,7,0.00012771159073908522,2204
W-2022-47,78,19,2,0.00012749410339771785,2205
W-2022-47,78,36,2,0.00012749410339771785,2206
W-2022-47,28,27,27,0.00012666600987994877,2207
W-2022-47,36,19,4,0.00012627458408308868,2208
W-2022-47,36,100,4,0.00012627458408308868,2209
W-2022-47,50,60,47,0.00012425940075243034,2210
W-2022-47,43,52,10,0.0001240587045790068,2211
W-2022-47,59,46,55,0.0001238264628408042,2212
W-2022-47,61,33,24,0.00012302329753697107,2213
W-2022-47,33,55,2,0.00012291052114060964,2214
W-2022-47,33,76,2,0.00012291052114060964,2215
W-2022-47,59,53,54,0.00012157507260733503,2216
W-2022-47,91,38,33,0.00012147537362880071,2217
W-2022-47,41,19,58,0.00011870116368071843,2218
W-2022-47,68,63,6,0.0001185911372890066,2219
W-2022-47,61,91,23,0.00011789732680626393,2220
W-2022-47,91,7,32,0.00011779430170065523,2221
W-2022-47,101,29,39,0.00011767829770798884,2222
W-2022-47,49,19,36,0.00011765013464404299,2223
W-2022-47,58,19,1,0.00011538017768547363,2224
W-2022-47,58,46,1,0.00011538017768547363,2225
W-2022-47,5,17,9,0.00011529297225282468,2226
W-2022-47,60,89,8,0.00011461646465514771,2227
W-2022-47,41,9,56,0.00011460802010552124,2228
W-2022-47,91,10,31,0.00011411322977250976,2229
W-2022-47,4,5,2,0.00011396011396011396,2230
W-2022-47,4,63,2,0.00011396011396011396,2231
W-2022-47,4,73,2,0.00011396011396011396,2232
W-2022-47,4,87,2,0.00011396011396011396,2233
W-2022-47,29,61,26,0.00011390669289441288,2234
W-2022-47,59,58,50,0.00011256951167345836,2235
W-2022-47,75,50,9,0.00011162513798107333,2236
W-2022-47,57,89,25,0.00011080676187183646,2237
W-2022-47,62,46,57,0.00011069315275460881,2238
W-2022-47,79,6,6,0.00010946707777635876,2239
W-2022-47,79,62,6,0.00010946707777635876,2240
W-2022-47,88,2,2,0.00010755579456843238,2241
W-2022-47,88,37,2,0.00010755579456843238,2242
W-2022-47,88,39,2,0.00010755579456843238,2243
W-2022-47,88,59,2,0.00010755579456843238,2244
W-2022-47,88,80,2,0.00010755579456843238,2245
W-2022-47,88,83,2,0.00010755579456843238,2246
W-2022-47,19,14,22,0.00010719314743442947,2247
W-2022-47,19,42,22,0.00010719314743442947,2248
W-2022-47,19,54,22,0.00010719314743442947,2249
W-2022-47,57,19,24,0.000106374491396963,2250
W-2022-47,57,29,24,0.000106374491396963,2251
W-2022-47,54,52,2,0.00010549079592805528,2252
W-2022-47,54,91,2,0.00010549079592805528,2253
W-2022-47,56,9,2,0.00010465177123122809,2254
W-2022-47,56,29,2,0.00010465177123122809,2255
W-2022-47,56,52,2,0.00010465177123122809,2256
W-2022-47,56,53,2,0.00010465177123122809,2257
W-2022-47,56,54,2,0.00010465177123122809,2258
W-2022-47,82,21,2,0.00010451505016722408,2259
W-2022-47,82,43,2,0.00010451505016722408,2260
W-2022-47,82,72,2,0.00010451505016722408,2261
W-2022-47,82,74,2,0.00010451505016722408,2262
W-2022-47,82,90,2,0.00010451505016722408,2263
W-2022-47,82,100,2,0.00010451505016722408,2264
W-2022-47,41,48,51,0.00010437516116752827,2265
W-2022-47,89,45,24,0.00010431970512296685,2266
W-2022-47,91,86,28,0.00010307001398807333,2267
W-2022-47,13,63,6,0.0001014661863933844,2268
W-2022-47,13,94,6,0.0001014661863933844,2269
W-2022-47,76,49,2,0.00010029084344599338,2270
W-2022-47,91,77,27,9.938894205992785e-05,2271
W-2022-47,75,89,8,9.922234487206518e-05,2272
W-2022-47,68,5,5,9.882594774083883e-05,2273
W-2022-47,68,75,5,9.882594774083883e-05,2274
W-2022-47,68,85,5,9.882594774083883e-05,2275
W-2022-47,41,58,48,9.82354458047325e-05,2276
W-2022-47,50,19,37,9.782123037957281e-05,2277
W-2022-47,17,0,16,9.706911927974713e-05,2278
W-2022-47,14,36,6,9.628809397717973e-05,2279
W-2022-47,91,101,26,9.570787013178238e-05,2280
W-2022-47,89,29,22,9.562639636271962e-05,2281
W-2022-47,89,43,22,9.562639636271962e-05,2282
W-2022-47,22,2,1,9.560229445506692e-05,2283
W-2022-47,22,36,1,9.560229445506692e-05,2284
W-2022-47,22,39,1,9.560229445506692e-05,2285
W-2022-47,22,50,1,9.560229445506692e-05,2286
W-2022-47,22,64,1,9.560229445506692e-05,2287
W-2022-47,22,65,1,9.560229445506692e-05,2288
W-2022-47,22,68,1,9.560229445506692e-05,2289
W-2022-47,22,73,1,9.560229445506692e-05,2290
W-2022-47,22,92,1,9.560229445506692e-05,2291
W-2022-47,22,100,1,9.560229445506692e-05,2292
W-2022-47,36,16,3,9.470593806231651e-05,2293
W-2022-47,36,63,3,9.470593806231651e-05,2294
W-2022-47,36,70,3,9.470593806231651e-05,2295
W-2022-47,36,76,3,9.470593806231651e-05,2296
W-2022-47,36,91,3,9.470593806231651e-05,2297
W-2022-47,36,101,3,9.470593806231651e-05,2298
W-2022-47,62,12,48,9.32152865301969e-05,2299
W-2022-47,27,29,2,9.273426994945982e-05,2300
W-2022-47,29,41,21,9.200155964548732e-05,2301
W-2022-47,15,3,1,9.18526683200147e-05,2302
W-2022-47,15,13,1,9.18526683200147e-05,2303
W-2022-47,15,22,1,9.18526683200147e-05,2304
W-2022-47,15,35,1,9.18526683200147e-05,2305
W-2022-47,15,41,1,9.18526683200147e-05,2306
W-2022-47,15,62,1,9.18526683200147e-05,2307
W-2022-47,15,74,1,9.18526683200147e-05,2308
W-2022-47,89,42,21,9.1279741982596e-05,2309
W-2022-47,79,7,5,9.12225648136323e-05,2310
W-2022-47,79,29,5,9.12225648136323e-05,2311
W-2022-47,79,84,5,9.12225648136323e-05,2312
W-2022-47,79,96,5,9.12225648136323e-05,2313
W-2022-47,100,30,1,9.081827263645445e-05,2314
W-2022-47,100,32,1,9.081827263645445e-05,2315
W-2022-47,100,36,1,9.081827263645445e-05,2316
W-2022-47,100,37,1,9.081827263645445e-05,2317
W-2022-47,100,41,1,9.081827263645445e-05,2318
W-2022-47,100,55,1,9.081827263645445e-05,2319
W-2022-47,100,59,1,9.081827263645445e-05,2320
W-2022-47,100,73,1,9.081827263645445e-05,2321
W-2022-47,100,91,1,9.081827263645445e-05,2322
W-2022-47,47,19,4,9.021810226221891e-05,2323
W-2022-47,47,32,4,9.021810226221891e-05,2324
W-2022-47,47,33,4,9.021810226221891e-05,2325
W-2022-47,47,57,4,9.021810226221891e-05,2326
W-2022-47,18,14,1,8.99604174163368e-05,2327
W-2022-47,18,19,1,8.99604174163368e-05,2328
W-2022-47,18,36,1,8.99604174163368e-05,2329
W-2022-47,18,69,1,8.99604174163368e-05,2330
W-2022-47,18,76,1,8.99604174163368e-05,2331
W-2022-47,18,93,1,8.99604174163368e-05,2332
W-2022-47,50,44,34,8.988977926771556e-05,2333
W-2022-47,65,2,1,8.96780557797507e-05,2334
W-2022-47,65,62,1,8.96780557797507e-05,2335
W-2022-47,65,77,1,8.96780557797507e-05,2336
W-2022-47,65,85,1,8.96780557797507e-05,2337
W-2022-47,65,101,1,8.96780557797507e-05,2338
W-2022-47,5,14,7,8.967231175219697e-05,2339
W-2022-47,92,20,1,8.956560680698612e-05,2340
W-2022-47,92,55,1,8.956560680698612e-05,2341
W-2022-47,92,63,1,8.956560680698612e-05,2342
W-2022-47,67,6,2,8.873901854645488e-05,2343
W-2022-47,67,27,2,8.873901854645488e-05,2344
W-2022-47,67,29,2,8.873901854645488e-05,2345
W-2022-47,67,40,2,8.873901854645488e-05,2346
W-2022-47,67,49,2,8.873901854645488e-05,2347
W-2022-47,67,50,2,8.873901854645488e-05,2348
W-2022-47,91,59,24,8.834572627549143e-05,2349
W-2022-47,41,47,43,8.800258686673952e-05,2350
W-2022-47,29,89,20,8.762053299570221e-05,2351
W-2022-47,45,46,1,8.751203290452437e-05,2352
W-2022-47,45,68,1,8.751203290452437e-05,2353
W-2022-47,45,91,1,8.751203290452437e-05,2354
W-2022-47,61,75,17,8.714150242202117e-05,2355
W-2022-47,89,18,20,8.693308760247237e-05,2356
W-2022-47,43,46,7,8.684109320530475e-05,2357
W-2022-47,53,12,2,8.637816360024185e-05,2358
W-2022-47,53,45,2,8.637816360024185e-05,2359
W-2022-47,53,46,2,8.637816360024185e-05,2360
W-2022-47,53,56,2,8.637816360024185e-05,2361
W-2022-47,60,58,6,8.596234849136078e-05,2362
W-2022-47,52,29,3,8.468834688346883e-05,2363
W-2022-47,91,23,23,8.466465434734595e-05,2364
W-2022-47,13,3,5,8.455515532782034e-05,2365
W-2022-47,13,29,5,8.455515532782034e-05,2366
W-2022-47,97,6,1,8.21287779237845e-05,2367
W-2022-47,97,14,1,8.21287779237845e-05,2368
W-2022-47,97,49,1,8.21287779237845e-05,2369
W-2022-47,97,59,1,8.21287779237845e-05,2370
W-2022-47,97,87,1,8.21287779237845e-05,2371
W-2022-47,14,15,5,8.024007831431643e-05,2372
W-2022-47,48,11,2,8.0150683284575e-05,2373
W-2022-47,48,12,2,8.0150683284575e-05,2374
W-2022-47,48,33,2,8.0150683284575e-05,2375
W-2022-47,48,37,2,8.0150683284575e-05,2376
W-2022-47,48,52,2,8.0150683284575e-05,2377
W-2022-47,48,75,2,8.0150683284575e-05,2378
W-2022-47,68,1,4,7.906075819267107e-05,2379
W-2022-47,68,91,4,7.906075819267107e-05,2380
W-2022-47,68,98,4,7.906075819267107e-05,2381
W-2022-47,17,5,13,7.886865941479454e-05,2382
W-2022-47,49,12,24,7.843342309602866e-05,2383
W-2022-47,39,1,1,7.824113919098662e-05,2384
W-2022-47,39,4,1,7.824113919098662e-05,2385
W-2022-47,39,22,1,7.824113919098662e-05,2386
W-2022-47,39,25,1,7.824113919098662e-05,2387
W-2022-47,39,27,1,7.824113919098662e-05,2388
W-2022-47,39,35,1,7.824113919098662e-05,2389
W-2022-47,39,36,1,7.824113919098662e-05,2390
W-2022-47,39,55,1,7.824113919098662e-05,2391
W-2022-47,39,61,1,7.824113919098662e-05,2392
W-2022-47,39,73,1,7.824113919098662e-05,2393
W-2022-47,39,85,1,7.824113919098662e-05,2394
W-2022-47,39,87,1,7.824113919098662e-05,2395
W-2022-47,39,88,1,7.824113919098662e-05,2396
W-2022-47,39,89,1,7.824113919098662e-05,2397
W-2022-47,39,91,1,7.824113919098662e-05,2398
W-2022-47,39,94,1,7.824113919098662e-05,2399
W-2022-47,39,101,1,7.824113919098662e-05,2400
W-2022-47,41,12,37,7.572315614114796e-05,2401
W-2022-47,43,18,6,7.443522274740407e-05,2402
W-2022-47,12,29,1,7.420599584446424e-05,2403
W-2022-47,12,50,1,7.420599584446424e-05,2404
W-2022-47,12,60,1,7.420599584446424e-05,2405
W-2022-47,12,66,1,7.420599584446424e-05,2406
W-2022-47,12,67,1,7.420599584446424e-05,2407
W-2022-47,12,79,1,7.420599584446424e-05,2408
W-2022-47,12,91,1,7.420599584446424e-05,2409
W-2022-47,50,46,28,7.402687704400105e-05,2410
W-2022-47,50,53,28,7.402687704400105e-05,2411
W-2022-47,41,91,36,7.367658435354937e-05,2412
W-2022-47,79,32,4,7.297805185090584e-05,2413
W-2022-47,79,52,4,7.297805185090584e-05,2414
W-2022-47,79,101,4,7.297805185090584e-05,2415
W-2022-47,55,53,29,7.196386917464887e-05,2416
W-2022-47,57,46,16,7.091632759797534e-05,2417
W-2022-47,99,20,1,7.05965407695023e-05,2418
W-2022-47,99,27,1,7.05965407695023e-05,2419
W-2022-47,99,101,1,7.05965407695023e-05,2420
W-2022-47,91,6,19,6.994036663476404e-05,2421
W-2022-47,42,46,10,6.990465005732181e-05,2422
W-2022-47,89,19,16,6.95464700819779e-05,2423
W-2022-47,101,91,23,6.940002172522419e-05,2424
W-2022-47,98,4,1,6.793939805693321e-05,2425
W-2022-47,98,7,1,6.793939805693321e-05,2426
W-2022-47,98,52,1,6.793939805693321e-05,2427
W-2022-47,98,57,1,6.793939805693321e-05,2428
W-2022-47,98,59,1,6.793939805693321e-05,2429
W-2022-47,98,62,1,6.793939805693321e-05,2430
W-2022-47,98,96,1,6.793939805693321e-05,2431
W-2022-47,11,2,1,6.770022341073725e-05,2432
W-2022-47,11,10,1,6.770022341073725e-05,2433
W-2022-47,11,19,1,6.770022341073725e-05,2434
W-2022-47,11,32,1,6.770022341073725e-05,2435
W-2022-47,11,42,1,6.770022341073725e-05,2436
W-2022-47,11,48,1,6.770022341073725e-05,2437
W-2022-47,11,50,1,6.770022341073725e-05,2438
W-2022-47,11,66,1,6.770022341073725e-05,2439
W-2022-47,11,81,1,6.770022341073725e-05,2440
W-2022-47,47,9,3,6.766357669666418e-05,2441
W-2022-47,13,0,4,6.764412426225626e-05,2442
W-2022-47,93,19,1,6.70690811535882e-05,2443
W-2022-47,93,23,1,6.70690811535882e-05,2444
W-2022-47,93,28,1,6.70690811535882e-05,2445
W-2022-47,93,40,1,6.70690811535882e-05,2446
W-2022-47,93,47,1,6.70690811535882e-05,2447
W-2022-47,93,49,1,6.70690811535882e-05,2448
W-2022-47,93,50,1,6.70690811535882e-05,2449
W-2022-47,93,61,1,6.70690811535882e-05,2450
W-2022-47,93,66,1,6.70690811535882e-05,2451
W-2022-47,93,95,1,6.70690811535882e-05,2452
W-2022-47,57,9,15,6.648405712310189e-05,2453
W-2022-47,101,33,22,6.63826294763014e-05,2454
W-2022-47,28,40,14,6.567867178960306e-05,2455
W-2022-47,28,62,14,6.567867178960306e-05,2456
W-2022-47,3,16,1,6.555227794165847e-05,2457
W-2022-47,3,49,1,6.555227794165847e-05,2458
W-2022-47,3,50,1,6.555227794165847e-05,2459
W-2022-47,3,54,1,6.555227794165847e-05,2460
W-2022-47,3,55,1,6.555227794165847e-05,2461
W-2022-47,3,63,1,6.555227794165847e-05,2462
W-2022-47,3,67,1,6.555227794165847e-05,2463
W-2022-47,3,83,1,6.555227794165847e-05,2464
W-2022-47,3,87,1,6.555227794165847e-05,2465
W-2022-47,3,91,1,6.555227794165847e-05,2466
W-2022-47,3,94,1,6.555227794165847e-05,2467
W-2022-47,3,101,1,6.555227794165847e-05,2468
W-2022-47,89,68,15,6.519981570185428e-05,2469
W-2022-47,55,67,26,6.451933098416795e-05,2470
W-2022-47,44,9,4,6.432626280494669e-05,2471
W-2022-47,14,63,4,6.419206265145314e-05,2472
W-2022-47,14,66,4,6.419206265145314e-05,2473
W-2022-47,14,91,4,6.419206265145314e-05,2474
W-2022-47,5,68,5,6.405165125156926e-05,2475
W-2022-47,5,89,5,6.405165125156926e-05,2476
W-2022-47,78,1,1,6.374705169885892e-05,2477
W-2022-47,78,5,1,6.374705169885892e-05,2478
W-2022-47,78,8,1,6.374705169885892e-05,2479
W-2022-47,78,28,1,6.374705169885892e-05,2480
W-2022-47,78,37,1,6.374705169885892e-05,2481
W-2022-47,78,63,1,6.374705169885892e-05,2482
W-2022-47,78,76,1,6.374705169885892e-05,2483
W-2022-47,78,83,1,6.374705169885892e-05,2484
W-2022-47,78,99,1,6.374705169885892e-05,2485
W-2022-47,36,21,2,6.313729204154434e-05,2486
W-2022-47,36,29,2,6.313729204154434e-05,2487
W-2022-47,36,62,2,6.313729204154434e-05,2488
W-2022-47,42,91,9,6.291418505158963e-05,2489
W-2022-47,75,61,5,6.201396554504075e-05,2490
W-2022-47,61,29,12,6.151164876848554e-05,2491
W-2022-47,61,45,12,6.151164876848554e-05,2492
W-2022-47,33,47,1,6.145526057030482e-05,2493
W-2022-47,33,57,1,6.145526057030482e-05,2494
W-2022-47,33,58,1,6.145526057030482e-05,2495
W-2022-47,33,60,1,6.145526057030482e-05,2496
W-2022-47,33,75,1,6.145526057030482e-05,2497
W-2022-47,33,91,1,6.145526057030482e-05,2498
W-2022-47,29,40,14,6.133437309699155e-05,2499
W-2022-47,29,101,14,6.133437309699155e-05,2500
W-2022-47,59,33,27,6.078753630366752e-05,2501
W-2022-47,41,29,29,5.935058184035922e-05,2502
W-2022-47,41,79,29,5.935058184035922e-05,2503
W-2022-47,68,15,3,5.92955686445033e-05,2504
W-2022-47,68,27,3,5.92955686445033e-05,2505
W-2022-47,68,61,3,5.92955686445033e-05,2506
W-2022-47,68,65,3,5.92955686445033e-05,2507
W-2022-47,91,41,16,5.889715085032761e-05,2508
W-2022-47,19,36,12,5.8468989509688797e-05,2509
W-2022-47,19,68,12,5.8468989509688797e-05,2510
W-2022-47,30,89,2,5.8275058275058275e-05,2511
W-2022-47,60,19,4,5.7308232327573853e-05,2512
W-2022-47,60,56,4,5.7308232327573853e-05,2513
W-2022-47,55,29,23,5.707479279368703e-05,2514
W-2022-47,4,15,1,5.698005698005698e-05,2515
W-2022-47,4,19,1,5.698005698005698e-05,2516
W-2022-47,4,41,1,5.698005698005698e-05,2517
W-2022-47,4,48,1,5.698005698005698e-05,2518
W-2022-47,4,49,1,5.698005698005698e-05,2519
W-2022-47,4,50,1,5.698005698005698e-05,2520
W-2022-47,4,59,1,5.698005698005698e-05,2521
W-2022-47,4,89,1,5.698005698005698e-05,2522
W-2022-47,29,5,13,5.695334644720644e-05,2523
W-2022-47,29,31,13,5.695334644720644e-05,2524
W-2022-47,89,26,13,5.6506506941607044e-05,2525
W-2022-47,52,56,2,5.6458897922312554e-05,2526
W-2022-47,59,19,25,5.628475583672918e-05,2527
W-2022-47,91,11,15,5.521607892218214e-05,2528
W-2022-47,91,69,15,5.521607892218214e-05,2529
W-2022-47,79,95,3,5.473353888817938e-05,2530
W-2022-47,101,11,18,5.431306048061024e-05,2531
W-2022-47,32,27,11,5.40357323561053e-05,2532
W-2022-47,88,15,1,5.377789728421619e-05,2533
W-2022-47,88,16,1,5.377789728421619e-05,2534
W-2022-47,88,23,1,5.377789728421619e-05,2535
W-2022-47,88,24,1,5.377789728421619e-05,2536
W-2022-47,88,42,1,5.377789728421619e-05,2537
W-2022-47,88,46,1,5.377789728421619e-05,2538
W-2022-47,88,55,1,5.377789728421619e-05,2539
W-2022-47,88,61,1,5.377789728421619e-05,2540
W-2022-47,88,63,1,5.377789728421619e-05,2541
W-2022-47,88,73,1,5.377789728421619e-05,2542
W-2022-47,88,76,1,5.377789728421619e-05,2543
W-2022-47,88,86,1,5.377789728421619e-05,2544
W-2022-47,88,95,1,5.377789728421619e-05,2545
W-2022-47,54,29,1,5.274539796402764e-05,2546
W-2022-47,54,33,1,5.274539796402764e-05,2547
W-2022-47,54,46,1,5.274539796402764e-05,2548
W-2022-47,54,56,1,5.274539796402764e-05,2549
W-2022-47,54,66,1,5.274539796402764e-05,2550
W-2022-47,56,19,1,5.2325885615614045e-05,2551
W-2022-47,56,48,1,5.2325885615614045e-05,2552
W-2022-47,56,75,1,5.2325885615614045e-05,2553
W-2022-47,56,91,1,5.2325885615614045e-05,2554
W-2022-47,82,8,1,5.225752508361204e-05,2555
W-2022-47,82,41,1,5.225752508361204e-05,2556
W-2022-47,82,49,1,5.225752508361204e-05,2557
W-2022-47,82,61,1,5.225752508361204e-05,2558
W-2022-47,82,75,1,5.225752508361204e-05,2559
W-2022-47,82,83,1,5.225752508361204e-05,2560
W-2022-47,82,91,1,5.225752508361204e-05,2561
W-2022-47,55,56,21,5.211176733336642e-05,2562
W-2022-47,26,89,4,5.188000155640005e-05,2563
W-2022-47,59,12,23,5.1781975369790846e-05,2564
W-2022-47,91,62,14,5.1535006994036664e-05,2565
W-2022-47,91,76,14,5.1535006994036664e-05,2566
W-2022-47,61,76,10,5.1259707307071275e-05,2567
W-2022-47,13,22,3,5.07330931966922e-05,2568
W-2022-47,76,11,1,5.014542172299669e-05,2569
W-2022-47,76,19,1,5.014542172299669e-05,2570
W-2022-47,76,22,1,5.014542172299669e-05,2571
W-2022-47,76,29,1,5.014542172299669e-05,2572
W-2022-47,76,39,1,5.014542172299669e-05,2573
W-2022-47,76,59,1,5.014542172299669e-05,2574
W-2022-47,76,61,1,5.014542172299669e-05,2575
W-2022-47,76,70,1,5.014542172299669e-05,2576
W-2022-47,76,79,1,5.014542172299669e-05,2577
W-2022-47,76,93,1,5.014542172299669e-05,2578
W-2022-47,43,51,4,4.9623481831602716e-05,2579
W-2022-47,75,36,4,4.961117243603259e-05,2580
W-2022-47,75,41,4,4.961117243603259e-05,2581
W-2022-47,75,42,4,4.961117243603259e-05,2582
W-2022-47,59,91,22,4.953058513632168e-05,2583
W-2022-47,19,4,10,4.8724157924740664e-05,2584
W-2022-47,17,36,8,4.8534559639873566e-05,2585
W-2022-47,44,12,3,4.824469710371002e-05,2586
W-2022-47,44,75,3,4.824469710371002e-05,2587
W-2022-47,29,17,11,4.819129314763622e-05,2588
W-2022-47,29,57,11,4.819129314763622e-05,2589
W-2022-47,14,19,3,4.8144046988589864e-05,2590
W-2022-47,14,28,3,4.8144046988589864e-05,2591
W-2022-47,14,74,3,4.8144046988589864e-05,2592
W-2022-47,89,44,11,4.781319818135981e-05,2593
W-2022-47,89,81,11,4.781319818135981e-05,2594
W-2022-47,50,29,18,4.758870667114353e-05,2595
W-2022-47,27,26,1,4.636713497472991e-05,2596
W-2022-47,27,30,1,4.636713497472991e-05,2597
W-2022-47,27,62,1,4.636713497472991e-05,2598
W-2022-47,27,89,1,4.636713497472991e-05,2599
W-2022-47,47,67,2,4.5109051131109456e-05,2600
W-2022-47,47,85,2,4.5109051131109456e-05,2601
W-2022-47,47,93,2,4.5109051131109456e-05,2602
W-2022-47,55,75,18,4.4667229142885504e-05,2603
W-2022-47,67,28,1,4.436950927322744e-05,2604
W-2022-47,67,36,1,4.436950927322744e-05,2605
W-2022-47,67,39,1,4.436950927322744e-05,2606
W-2022-47,67,46,1,4.436950927322744e-05,2607
W-2022-47,67,47,1,4.436950927322744e-05,2608
W-2022-47,67,48,1,4.436950927322744e-05,2609
W-2022-47,67,57,1,4.436950927322744e-05,2610
W-2022-47,67,58,1,4.436950927322744e-05,2611
W-2022-47,67,62,1,4.436950927322744e-05,2612
W-2022-47,67,63,1,4.436950927322744e-05,2613
W-2022-47,67,65,1,4.436950927322744e-05,2614
W-2022-47,67,66,1,4.436950927322744e-05,2615
W-2022-47,19,13,9,4.38517421322666e-05,2616
W-2022-47,29,49,10,4.3810266497851106e-05,2617
W-2022-47,29,79,10,4.3810266497851106e-05,2618
W-2022-47,89,11,10,4.3466543801236185e-05,2619
W-2022-47,89,76,10,4.3466543801236185e-05,2620
W-2022-47,53,10,1,4.3189081800120926e-05,2621
W-2022-47,53,51,1,4.3189081800120926e-05,2622
W-2022-47,53,58,1,4.3189081800120926e-05,2623
W-2022-47,53,79,1,4.3189081800120926e-05,2624
W-2022-47,53,89,1,4.3189081800120926e-05,2625
W-2022-47,53,91,1,4.3189081800120926e-05,2626
W-2022-47,53,98,1,4.3189081800120926e-05,2627
W-2022-47,60,46,3,4.298117424568039e-05,2628
W-2022-47,60,66,3,4.298117424568039e-05,2629
W-2022-47,17,29,7,4.2467739684889374e-05,2630
W-2022-47,50,58,16,4.2301072596572024e-05,2631
W-2022-47,101,88,14,4.2243491484919076e-05,2632
W-2022-47,55,77,17,4.2185716412725195e-05,2633
W-2022-47,55,97,17,4.2185716412725195e-05,2634
W-2022-47,42,76,6,4.194279003439309e-05,2635
W-2022-47,48,4,1,4.00753416422875e-05,2636
W-2022-47,48,14,1,4.00753416422875e-05,2637
W-2022-47,48,29,1,4.00753416422875e-05,2638
W-2022-47,48,40,1,4.00753416422875e-05,2639
W-2022-47,48,66,1,4.00753416422875e-05,2640
W-2022-47,48,67,1,4.00753416422875e-05,2641
W-2022-47,48,76,1,4.00753416422875e-05,2642
W-2022-47,48,77,1,4.00753416422875e-05,2643
W-2022-47,48,84,1,4.00753416422875e-05,2644
W-2022-47,48,91,1,4.00753416422875e-05,2645
W-2022-47,68,49,2,3.9530379096335537e-05,2646
W-2022-47,68,73,2,3.9530379096335537e-05,2647
W-2022-47,68,79,2,3.9530379096335537e-05,2648
W-2022-47,68,101,2,3.9530379096335537e-05,2649
W-2022-47,32,91,8,3.9298714440803856e-05,2650
W-2022-47,101,87,13,3.9226099235996286e-05,2651
W-2022-47,89,9,9,3.911988942111257e-05,2652
W-2022-47,89,17,9,3.911988942111257e-05,2653
W-2022-47,19,53,8,3.897932633979253e-05,2654
W-2022-47,19,78,8,3.897932633979253e-05,2655
W-2022-47,5,75,3,3.8430990750941557e-05,2656
W-2022-47,5,91,3,3.8430990750941557e-05,2657
W-2022-47,5,100,3,3.8430990750941557e-05,2658
W-2022-47,43,91,3,3.721761137370204e-05,2659
W-2022-47,75,49,3,3.720837932702445e-05,2660
W-2022-47,75,55,3,3.720837932702445e-05,2661
W-2022-47,75,63,3,3.720837932702445e-05,2662
W-2022-47,75,93,3,3.720837932702445e-05,2663
W-2022-47,62,75,19,3.6897717584869607e-05,2664
W-2022-47,79,28,2,3.648902592545292e-05,2665
W-2022-47,79,76,2,3.648902592545292e-05,2666
W-2022-47,17,63,6,3.6400919729905175e-05,2667
W-2022-47,101,75,12,3.6208706987073495e-05,2668
W-2022-47,101,77,12,3.6208706987073495e-05,2669
W-2022-47,61,97,7,3.588179511494989e-05,2670
W-2022-47,29,50,8,3.504821319828088e-05,2671
W-2022-47,42,9,5,3.495232502866091e-05,2672
W-2022-47,50,9,13,3.4369621484714775e-05,2673
W-2022-47,19,12,7,3.410691054731847e-05,2674
W-2022-47,19,17,7,3.410691054731847e-05,2675
W-2022-47,19,52,7,3.410691054731847e-05,2676
W-2022-47,19,60,7,3.410691054731847e-05,2677
W-2022-47,13,5,2,3.382206213112813e-05,2678
W-2022-47,13,15,2,3.382206213112813e-05,2679
W-2022-47,13,89,2,3.382206213112813e-05,2680
W-2022-47,101,45,11,3.31913147381507e-05,2681
W-2022-47,91,95,9,3.3129647353309284e-05,2682
W-2022-47,62,91,17,3.301374731277807e-05,2683
W-2022-47,28,91,7,3.283933589480153e-05,2684
W-2022-47,41,75,16,3.27451486015775e-05,2685
W-2022-47,41,85,16,3.27451486015775e-05,2686
W-2022-47,55,58,13,3.225966549208398e-05,2687
W-2022-47,14,5,2,3.209603132572657e-05,2688
W-2022-47,14,65,2,3.209603132572657e-05,2689
W-2022-47,14,67,2,3.209603132572657e-05,2690
W-2022-47,14,72,2,3.209603132572657e-05,2691
W-2022-47,14,75,2,3.209603132572657e-05,2692
W-2022-47,14,76,2,3.209603132572657e-05,2693
W-2022-47,50,48,12,3.172580444742902e-05,2694
W-2022-47,36,5,1,3.156864602077217e-05,2695
W-2022-47,36,32,1,3.156864602077217e-05,2696
W-2022-47,36,49,1,3.156864602077217e-05,2697
W-2022-47,36,50,1,3.156864602077217e-05,2698
W-2022-47,36,74,1,3.156864602077217e-05,2699
W-2022-47,36,87,1,3.156864602077217e-05,2700
W-2022-47,36,94,1,3.156864602077217e-05,2701
W-2022-47,61,12,6,3.075582438424277e-05,2702
W-2022-47,61,80,6,3.075582438424277e-05,2703
W-2022-47,41,77,15,3.06985768139789e-05,2704
W-2022-47,17,15,5,3.033409977492098e-05,2705
W-2022-47,17,61,5,3.033409977492098e-05,2706
W-2022-47,17,62,5,3.033409977492098e-05,2707
W-2022-47,17,89,5,3.033409977492098e-05,2708
W-2022-47,17,101,5,3.033409977492098e-05,2709
W-2022-47,101,18,10,3.017392248922791e-05,2710
W-2022-47,101,66,10,3.017392248922791e-05,2711
W-2022-47,55,11,12,2.9778152761923667e-05,2712
W-2022-47,91,50,8,2.9448575425163807e-05,2713
W-2022-47,19,75,6,2.9234494754844398e-05,2714
W-2022-47,30,31,1,2.9137529137529138e-05,2715
W-2022-47,30,47,1,2.9137529137529138e-05,2716
W-2022-47,60,22,2,2.8654116163786927e-05,2717
W-2022-47,60,32,2,2.8654116163786927e-05,2718
W-2022-47,60,75,2,2.8654116163786927e-05,2719
W-2022-47,60,87,2,2.8654116163786927e-05,2720
W-2022-47,60,91,2,2.8654116163786927e-05,2721
W-2022-47,41,40,14,2.865200502638031e-05,2722
W-2022-47,52,12,1,2.8229448961156277e-05,2723
W-2022-47,52,14,1,2.8229448961156277e-05,2724
W-2022-47,52,33,1,2.8229448961156277e-05,2725
W-2022-47,52,47,1,2.8229448961156277e-05,2726
W-2022-47,52,51,1,2.8229448961156277e-05,2727
W-2022-47,52,68,1,2.8229448961156277e-05,2728
W-2022-47,52,75,1,2.8229448961156277e-05,2729
W-2022-47,52,91,1,2.8229448961156277e-05,2730
W-2022-47,52,98,1,2.8229448961156277e-05,2731
W-2022-47,28,79,6,2.814800219554417e-05,2732
W-2022-47,28,89,6,2.814800219554417e-05,2733
W-2022-47,42,68,4,2.7961860022928726e-05,2734
W-2022-47,55,18,11,2.7296640031763364e-05,2735
W-2022-47,55,46,11,2.7296640031763364e-05,2736
W-2022-47,59,67,12,2.7016682801630005e-05,2737
W-2022-47,41,14,13,2.6605433238781716e-05,2738
W-2022-47,41,18,13,2.6605433238781716e-05,2739
W-2022-47,57,18,6,2.659362284924075e-05,2740
W-2022-47,57,75,6,2.659362284924075e-05,2741
W-2022-47,50,54,10,2.643817037285752e-05,2742
W-2022-47,29,55,6,2.6286159898710665e-05,2743
W-2022-47,49,58,8,2.6144474365342883e-05,2744
W-2022-47,49,91,8,2.6144474365342883e-05,2745
W-2022-47,89,14,6,2.6079926280741713e-05,2746
W-2022-47,89,84,6,2.6079926280741713e-05,2747
W-2022-47,26,13,2,2.5940000778200023e-05,2748
W-2022-47,26,55,2,2.5940000778200023e-05,2749
W-2022-47,26,61,2,2.5940000778200023e-05,2750
W-2022-47,91,19,7,2.5767503497018332e-05,2751
W-2022-47,61,11,5,2.5629853653535638e-05,2752
W-2022-47,61,51,5,2.5629853653535638e-05,2753
W-2022-47,61,67,5,2.5629853653535638e-05,2754
W-2022-47,61,68,5,2.5629853653535638e-05,2755
W-2022-47,61,81,5,2.5629853653535638e-05,2756
W-2022-47,5,3,2,2.5620660500627708e-05,2757
W-2022-47,5,28,2,2.5620660500627708e-05,2758
W-2022-47,62,76,13,2.5245806768594994e-05,2759
W-2022-47,55,51,10,2.4815127301603058e-05,2760
W-2022-47,43,47,2,2.4811740915801358e-05,2761
W-2022-47,43,98,2,2.4811740915801358e-05,2762
W-2022-47,75,25,2,2.4805586218016296e-05,2763
W-2022-47,75,60,2,2.4805586218016296e-05,2764
W-2022-47,75,62,2,2.4805586218016296e-05,2765
W-2022-47,75,101,2,2.4805586218016296e-05,2766
W-2022-47,32,41,5,2.456169652550241e-05,2767
W-2022-47,32,89,5,2.456169652550241e-05,2768
W-2022-47,32,101,5,2.456169652550241e-05,2769
W-2022-47,41,76,12,2.4558861451183124e-05,2770
W-2022-47,19,9,5,2.4362078962370332e-05,2771
W-2022-47,17,35,4,2.4267279819936783e-05,2772
W-2022-47,17,50,4,2.4267279819936783e-05,2773
W-2022-47,101,98,8,2.413913799138233e-05,2774
W-2022-47,62,79,12,2.3303821632549226e-05,2775
W-2022-47,47,3,1,2.2554525565554728e-05,2776
W-2022-47,47,12,1,2.2554525565554728e-05,2777
W-2022-47,47,29,1,2.2554525565554728e-05,2778
W-2022-47,47,52,1,2.2554525565554728e-05,2779
W-2022-47,47,68,1,2.2554525565554728e-05,2780
W-2022-47,47,76,1,2.2554525565554728e-05,2781
W-2022-47,47,91,1,2.2554525565554728e-05,2782
W-2022-47,41,66,11,2.2512289663584528e-05,2783
W-2022-47,41,68,11,2.2512289663584528e-05,2784
W-2022-47,55,88,9,2.2333614571442752e-05,2785
W-2022-47,57,77,5,2.2161352374367295e-05,2786
W-2022-47,91,68,6,2.2086431568872857e-05,2787
W-2022-47,29,13,5,2.1905133248925553e-05,2788
W-2022-47,29,67,5,2.1905133248925553e-05,2789
W-2022-47,89,7,5,2.1733271900618093e-05,2790
W-2022-47,89,32,5,2.1733271900618093e-05,2791
W-2022-47,89,38,5,2.1733271900618093e-05,2792
W-2022-47,89,77,5,2.1733271900618093e-05,2793
W-2022-47,62,32,11,2.1361836496503457e-05,2794
W-2022-47,101,12,7,2.1121745742459538e-05,2795
W-2022-47,42,11,3,2.0971395017196544e-05,2796
W-2022-47,61,66,4,2.050388292282851e-05,2797
W-2022-47,61,79,4,2.050388292282851e-05,2798
W-2022-47,61,93,4,2.050388292282851e-05,2799
W-2022-47,66,64,6,2.0285964479276195e-05,2800
W-2022-47,66,101,6,2.0285964479276195e-05,2801
W-2022-47,59,11,9,2.0262512101222505e-05,2802
W-2022-47,55,9,8,1.9852101841282446e-05,2803
W-2022-47,55,76,8,1.9852101841282446e-05,2804
W-2022-47,68,0,1,1.9765189548167768e-05,2805
W-2022-47,68,10,1,1.9765189548167768e-05,2806
W-2022-47,68,23,1,1.9765189548167768e-05,2807
W-2022-47,68,28,1,1.9765189548167768e-05,2808
W-2022-47,68,42,1,1.9765189548167768e-05,2809
W-2022-47,68,57,1,1.9765189548167768e-05,2810
W-2022-47,68,59,1,1.9765189548167768e-05,2811
W-2022-47,68,97,1,1.9765189548167768e-05,2812
W-2022-47,32,55,4,1.9649357220401928e-05,2813
W-2022-47,49,48,6,1.9608355774007164e-05,2814
W-2022-47,49,56,6,1.9608355774007164e-05,2815
W-2022-47,62,66,10,1.9419851360457686e-05,2816
W-2022-47,50,75,7,1.8506719261000262e-05,2817
W-2022-47,91,3,5,1.840535964072738e-05,2818
W-2022-47,91,60,5,1.840535964072738e-05,2819
W-2022-47,91,61,5,1.840535964072738e-05,2820
W-2022-47,91,80,5,1.840535964072738e-05,2821
W-2022-47,91,96,5,1.840535964072738e-05,2822
W-2022-47,79,23,1,1.824451296272646e-05,2823
W-2022-47,79,44,1,1.824451296272646e-05,2824
W-2022-47,79,46,1,1.824451296272646e-05,2825
W-2022-47,79,49,1,1.824451296272646e-05,2826
W-2022-47,79,50,1,1.824451296272646e-05,2827
W-2022-47,79,58,1,1.824451296272646e-05,2828
W-2022-47,79,61,1,1.824451296272646e-05,2829
W-2022-47,79,73,1,1.824451296272646e-05,2830
W-2022-47,79,86,1,1.824451296272646e-05,2831
W-2022-47,17,16,3,1.8200459864952587e-05,2832
W-2022-47,17,24,3,1.8200459864952587e-05,2833
W-2022-47,17,55,3,1.8200459864952587e-05,2834
W-2022-47,17,66,3,1.8200459864952587e-05,2835
W-2022-47,101,51,6,1.8104353493536747e-05,2836
W-2022-47,59,75,8,1.8011121867753337e-05,2837
W-2022-47,57,12,4,1.7729081899493835e-05,2838
W-2022-47,57,51,4,1.7729081899493835e-05,2839
W-2022-47,57,79,4,1.7729081899493835e-05,2840
W-2022-47,29,68,4,1.752410659914044e-05,2841
W-2022-47,62,87,9,1.7477866224411917e-05,2842
W-2022-47,89,22,4,1.7386617520494476e-05,2843
W-2022-47,89,23,4,1.7386617520494476e-05,2844
W-2022-47,89,48,4,1.7386617520494476e-05,2845
W-2022-47,89,86,4,1.7386617520494476e-05,2846
W-2022-47,89,96,4,1.7386617520494476e-05,2847
W-2022-47,55,38,7,1.737058911112214e-05,2848
W-2022-47,55,45,7,1.737058911112214e-05,2849
W-2022-47,13,16,1,1.6911031065564066e-05,2850
W-2022-47,13,37,1,1.6911031065564066e-05,2851
W-2022-47,13,39,1,1.6911031065564066e-05,2852
W-2022-47,13,46,1,1.6911031065564066e-05,2853
W-2022-47,13,49,1,1.6911031065564066e-05,2854
W-2022-47,13,72,1,1.6911031065564066e-05,2855
W-2022-47,13,76,1,1.6911031065564066e-05,2856
W-2022-47,13,83,1,1.6911031065564066e-05,2857
W-2022-47,41,11,8,1.637257430078875e-05,2858
W-2022-47,41,87,8,1.637257430078875e-05,2859
W-2022-47,41,98,8,1.637257430078875e-05,2860
W-2022-47,49,68,5,1.6340296478339305e-05,2861
W-2022-47,44,32,1,1.6081565701236672e-05,2862
W-2022-47,44,45,1,1.6081565701236672e-05,2863
W-2022-47,44,46,1,1.6081565701236672e-05,2864
W-2022-47,14,8,1,1.6048015662863286e-05,2865
W-2022-47,14,16,1,1.6048015662863286e-05,2866
W-2022-47,14,29,1,1.6048015662863286e-05,2867
W-2022-47,14,32,1,1.6048015662863286e-05,2868
W-2022-47,14,42,1,1.6048015662863286e-05,2869
W-2022-47,14,47,1,1.6048015662863286e-05,2870
W-2022-47,14,55,1,1.6048015662863286e-05,2871
W-2022-47,14,79,1,1.6048015662863286e-05,2872
W-2022-47,14,87,1,1.6048015662863286e-05,2873
W-2022-47,14,89,1,1.6048015662863286e-05,2874
W-2022-47,14,93,1,1.6048015662863286e-05,2875
W-2022-47,14,99,1,1.6048015662863286e-05,2876
W-2022-47,14,101,1,1.6048015662863286e-05,2877
W-2022-47,50,18,6,1.586290222371451e-05,2878
W-2022-47,50,91,6,1.586290222371451e-05,2879
W-2022-47,59,79,7,1.575973163428417e-05,2880
W-2022-47,62,28,8,1.553588108836615e-05,2881
W-2022-47,61,17,3,1.5377912192121384e-05,2882
W-2022-47,61,77,3,1.5377912192121384e-05,2883
W-2022-47,101,17,5,1.5086961244613955e-05,2884
W-2022-47,101,76,5,1.5086961244613955e-05,2885
W-2022-47,101,79,5,1.5086961244613955e-05,2886
W-2022-47,55,93,6,1.4889076380961834e-05,2887
W-2022-47,32,42,3,1.4737017915301446e-05,2888
W-2022-47,91,63,4,1.4724287712581903e-05,2889
W-2022-47,91,71,4,1.4724287712581903e-05,2890
W-2022-47,19,3,3,1.4617247377422199e-05,2891
W-2022-47,19,11,3,1.4617247377422199e-05,2892
W-2022-47,19,91,3,1.4617247377422199e-05,2893
W-2022-47,60,11,1,1.4327058081893463e-05,2894
W-2022-47,60,29,1,1.4327058081893463e-05,2895
W-2022-47,60,67,1,1.4327058081893463e-05,2896
W-2022-47,60,98,1,1.4327058081893463e-05,2897
W-2022-47,41,4,7,1.4326002513190154e-05,2898
W-2022-47,28,41,3,1.4074001097772085e-05,2899
W-2022-47,42,29,2,1.3980930011464363e-05,2900
W-2022-47,62,67,7,1.3593895952320381e-05,2901
W-2022-47,66,59,4,1.3523976319517464e-05,2902
W-2022-47,66,61,4,1.3523976319517464e-05,2903
W-2022-47,57,67,3,1.3296811424620376e-05,2904
W-2022-47,50,68,5,1.321908518642876e-05,2905
W-2022-47,29,14,3,1.3143079949355332e-05,2906
W-2022-47,29,27,3,1.3143079949355332e-05,2907
W-2022-47,29,62,3,1.3143079949355332e-05,2908
W-2022-47,29,75,3,1.3143079949355332e-05,2909
W-2022-47,29,88,3,1.3143079949355332e-05,2910
W-2022-47,49,67,4,1.3072237182671442e-05,2911
W-2022-47,49,75,4,1.3072237182671442e-05,2912
W-2022-47,89,47,3,1.3039963140370857e-05,2913
W-2022-47,89,80,3,1.3039963140370857e-05,2914
W-2022-47,89,95,3,1.3039963140370857e-05,2915
W-2022-47,26,31,1,1.2970000389100012e-05,2916
W-2022-47,26,41,1,1.2970000389100012e-05,2917
W-2022-47,26,43,1,1.2970000389100012e-05,2918
W-2022-47,26,47,1,1.2970000389100012e-05,2919
W-2022-47,26,75,1,1.2970000389100012e-05,2920
W-2022-47,26,79,1,1.2970000389100012e-05,2921
W-2022-47,26,88,1,1.2970000389100012e-05,2922
W-2022-47,26,100,1,1.2970000389100012e-05,2923
W-2022-47,26,101,1,1.2970000389100012e-05,2924
W-2022-47,5,13,1,1.2810330250313854e-05,2925
W-2022-47,5,29,1,1.2810330250313854e-05,2926
W-2022-47,5,35,1,1.2810330250313854e-05,2927
W-2022-47,5,36,1,1.2810330250313854e-05,2928
W-2022-47,5,37,1,1.2810330250313854e-05,2929
W-2022-47,5,40,1,1.2810330250313854e-05,2930
W-2022-47,5,41,1,1.2810330250313854e-05,2931
W-2022-47,5,79,1,1.2810330250313854e-05,2932
W-2022-47,5,88,1,1.2810330250313854e-05,2933
W-2022-47,55,28,5,1.2407563650801529e-05,2934
W-2022-47,43,14,1,1.2405870457900679e-05,2935
W-2022-47,43,29,1,1.2405870457900679e-05,2936
W-2022-47,43,45,1,1.2405870457900679e-05,2937
W-2022-47,43,56,1,1.2405870457900679e-05,2938
W-2022-47,43,58,1,1.2405870457900679e-05,2939
W-2022-47,43,63,1,1.2405870457900679e-05,2940
W-2022-47,43,75,1,1.2405870457900679e-05,2941
W-2022-47,43,87,1,1.2405870457900679e-05,2942
W-2022-47,43,92,1,1.2405870457900679e-05,2943
W-2022-47,75,11,1,1.2402793109008148e-05,2944
W-2022-47,75,18,1,1.2402793109008148e-05,2945
W-2022-47,75,19,1,1.2402793109008148e-05,2946
W-2022-47,75,28,1,1.2402793109008148e-05,2947
W-2022-47,75,32,1,1.2402793109008148e-05,2948
W-2022-47,75,34,1,1.2402793109008148e-05,2949
W-2022-47,75,43,1,1.2402793109008148e-05,2950
W-2022-47,75,57,1,1.2402793109008148e-05,2951
W-2022-47,75,65,1,1.2402793109008148e-05,2952
W-2022-47,75,72,1,1.2402793109008148e-05,2953
W-2022-47,75,79,1,1.2402793109008148e-05,2954
W-2022-47,75,82,1,1.2402793109008148e-05,2955
W-2022-47,17,1,2,1.2133639909968392e-05,2956
W-2022-47,17,8,2,1.2133639909968392e-05,2957
W-2022-47,17,22,2,1.2133639909968392e-05,2958
W-2022-47,17,28,2,1.2133639909968392e-05,2959
W-2022-47,17,32,2,1.2133639909968392e-05,2960
W-2022-47,17,49,2,1.2133639909968392e-05,2961
W-2022-47,17,73,2,1.2133639909968392e-05,2962
W-2022-47,101,14,4,1.2069568995691164e-05,2963
W-2022-47,101,67,4,1.2069568995691164e-05,2964
W-2022-47,101,68,4,1.2069568995691164e-05,2965
W-2022-47,101,78,4,1.2069568995691164e-05,2966
W-2022-47,101,90,4,1.2069568995691164e-05,2967
W-2022-47,101,97,4,1.2069568995691164e-05,2968
W-2022-47,62,17,6,1.1651910816274613e-05,2969
W-2022-47,62,93,6,1.1651910816274613e-05,2970
W-2022-47,91,29,3,1.1043215784436429e-05,2971
W-2022-47,91,40,3,1.1043215784436429e-05,2972
W-2022-47,91,66,3,1.1043215784436429e-05,2973
W-2022-47,50,45,4,1.0575268149143006e-05,2974
W-2022-47,61,4,2,1.0251941461414255e-05,2975
W-2022-47,61,26,2,1.0251941461414255e-05,2976
W-2022-47,61,72,2,1.0251941461414255e-05,2977
W-2022-47,61,88,2,1.0251941461414255e-05,2978
W-2022-47,41,67,5,1.0232858937992968e-05,2979
W-2022-47,66,62,3,1.0142982239638098e-05,2980
W-2022-47,66,75,3,1.0142982239638098e-05,2981
W-2022-47,32,3,2,9.824678610200964e-06,2982
W-2022-47,32,33,2,9.824678610200964e-06,2983
W-2022-47,32,59,2,9.824678610200964e-06,2984
W-2022-47,49,51,3,9.804177887003582e-06,2985
W-2022-47,49,98,3,9.804177887003582e-06,2986
W-2022-47,19,8,2,9.744831584948133e-06,2987
W-2022-47,19,64,2,9.744831584948133e-06,2988
W-2022-47,19,66,2,9.744831584948133e-06,2989
W-2022-47,19,76,2,9.744831584948133e-06,2990
W-2022-47,19,79,2,9.744831584948133e-06,2991
W-2022-47,62,4,5,9.709925680228843e-06,2992
W-2022-47,62,18,5,9.709925680228843e-06,2993
W-2022-47,28,55,2,9.382667398514723e-06,2994
W-2022-47,28,75,2,9.382667398514723e-06,2995
W-2022-47,28,101,2,9.382667398514723e-06,2996
W-2022-47,101,15,3,9.052176746768374e-06,2997
W-2022-47,101,23,3,9.052176746768374e-06,2998
W-2022-47,101,36,3,9.052176746768374e-06,2999
W-2022-47,101,63,3,9.052176746768374e-06,3000
W-2022-47,101,93,3,9.052176746768374e-06,3001
W-2022-47,59,29,4,9.005560933876668e-06,3002
W-2022-47,59,98,4,9.005560933876668e-06,3003
W-2022-47,57,33,2,8.864540949746918e-06,3004
W-2022-47,57,40,2,8.864540949746918e-06,3005
W-2022-47,57,56,2,8.864540949746918e-06,3006
W-2022-47,29,4,2,8.76205329957022e-06,3007
W-2022-47,29,43,2,8.76205329957022e-06,3008
W-2022-47,29,46,2,8.76205329957022e-06,3009
W-2022-47,29,59,2,8.76205329957022e-06,3010
W-2022-47,29,60,2,8.76205329957022e-06,3011
W-2022-47,29,76,2,8.76205329957022e-06,3012
W-2022-47,29,100,2,8.76205329957022e-06,3013
W-2022-47,89,3,2,8.693308760247238e-06,3014
W-2022-47,89,5,2,8.693308760247238e-06,3015
W-2022-47,89,28,2,8.693308760247238e-06,3016
W-2022-47,89,53,2,8.693308760247238e-06,3017
W-2022-47,89,56,2,8.693308760247238e-06,3018
W-2022-47,41,84,4,8.186287150394375e-06,3019
W-2022-47,41,100,4,8.186287150394375e-06,3020
W-2022-47,50,66,3,7.931451111857255e-06,3021
W-2022-47,62,11,4,7.767940544183075e-06,3022
W-2022-47,62,68,4,7.767940544183075e-06,3023
W-2022-47,62,98,4,7.767940544183075e-06,3024
W-2022-47,55,52,3,7.444538190480917e-06,3025
W-2022-47,55,68,3,7.444538190480917e-06,3026
W-2022-47,55,80,3,7.444538190480917e-06,3027
W-2022-47,91,4,2,7.362143856290952e-06,3028
W-2022-47,91,5,2,7.362143856290952e-06,3029
W-2022-47,91,34,2,7.362143856290952e-06,3030
W-2022-47,42,3,1,6.9904650057321815e-06,3031
W-2022-47,42,4,1,6.9904650057321815e-06,3032
W-2022-47,42,10,1,6.9904650057321815e-06,3033
W-2022-47,42,13,1,6.9904650057321815e-06,3034
W-2022-47,42,17,1,6.9904650057321815e-06,3035
W-2022-47,42,22,1,6.9904650057321815e-06,3036
W-2022-47,42,28,1,6.9904650057321815e-06,3037
W-2022-47,42,30,1,6.9904650057321815e-06,3038
W-2022-47,42,32,1,6.9904650057321815e-06,3039
W-2022-47,42,66,1,6.9904650057321815e-06,3040
W-2022-47,42,67,1,6.9904650057321815e-06,3041
W-2022-47,42,72,1,6.9904650057321815e-06,3042
W-2022-47,42,88,1,6.9904650057321815e-06,3043
W-2022-47,42,93,1,6.9904650057321815e-06,3044
W-2022-47,66,3,2,6.761988159758732e-06,3045
W-2022-47,66,21,2,6.761988159758732e-06,3046
W-2022-47,66,40,2,6.761988159758732e-06,3047
W-2022-47,66,55,2,6.761988159758732e-06,3048
W-2022-47,66,93,2,6.761988159758732e-06,3049
W-2022-47,59,77,3,6.754170700407501e-06,3050
W-2022-47,49,18,2,6.536118591335721e-06,3051
W-2022-47,49,26,2,6.536118591335721e-06,3052
W-2022-47,49,40,2,6.536118591335721e-06,3053
W-2022-47,49,66,2,6.536118591335721e-06,3054
W-2022-47,49,76,2,6.536118591335721e-06,3055
W-2022-47,49,87,2,6.536118591335721e-06,3056
W-2022-47,49,93,2,6.536118591335721e-06,3057
W-2022-47,41,32,3,6.139715362795781e-06,3058
W-2022-47,41,88,3,6.139715362795781e-06,3059
W-2022-47,17,25,1,6.066819954984196e-06,3060
W-2022-47,17,27,1,6.066819954984196e-06,3061
W-2022-47,17,30,1,6.066819954984196e-06,3062
W-2022-47,17,37,1,6.066819954984196e-06,3063
W-2022-47,17,41,1,6.066819954984196e-06,3064
W-2022-47,17,75,1,6.066819954984196e-06,3065
W-2022-47,17,76,1,6.066819954984196e-06,3066
W-2022-47,17,79,1,6.066819954984196e-06,3067
W-2022-47,17,91,1,6.066819954984196e-06,3068
W-2022-47,17,93,1,6.066819954984196e-06,3069
W-2022-47,101,26,2,6.034784497845582e-06,3070
W-2022-47,101,37,2,6.034784497845582e-06,3071
W-2022-47,101,40,2,6.034784497845582e-06,3072
W-2022-47,101,85,2,6.034784497845582e-06,3073
W-2022-47,62,22,3,5.825955408137306e-06,3074
W-2022-47,50,51,2,5.287634074571503e-06,3075
W-2022-47,50,56,2,5.287634074571503e-06,3076
W-2022-47,61,10,1,5.125970730707128e-06,3077
W-2022-47,61,21,1,5.125970730707128e-06,3078
W-2022-47,61,22,1,5.125970730707128e-06,3079
W-2022-47,61,34,1,5.125970730707128e-06,3080
W-2022-47,61,86,1,5.125970730707128e-06,3081
W-2022-47,61,92,1,5.125970730707128e-06,3082
W-2022-47,61,99,1,5.125970730707128e-06,3083
W-2022-47,61,100,1,5.125970730707128e-06,3084
W-2022-47,55,10,2,4.9630254603206115e-06,3085
W-2022-47,55,14,2,4.9630254603206115e-06,3086
W-2022-47,55,84,2,4.9630254603206115e-06,3087
W-2022-47,32,4,1,4.912339305100482e-06,3088
W-2022-47,32,9,1,4.912339305100482e-06,3089
W-2022-47,32,62,1,4.912339305100482e-06,3090
W-2022-47,32,75,1,4.912339305100482e-06,3091
W-2022-47,32,79,1,4.912339305100482e-06,3092
W-2022-47,32,81,1,4.912339305100482e-06,3093
W-2022-47,32,88,1,4.912339305100482e-06,3094
W-2022-47,32,97,1,4.912339305100482e-06,3095
W-2022-47,19,5,1,4.872415792474066e-06,3096
W-2022-47,19,18,1,4.872415792474066e-06,3097
W-2022-47,19,28,1,4.872415792474066e-06,3098
W-2022-47,19,29,1,4.872415792474066e-06,3099
W-2022-47,19,33,1,4.872415792474066e-06,3100
W-2022-47,19,35,1,4.872415792474066e-06,3101
W-2022-47,19,67,1,4.872415792474066e-06,3102
W-2022-47,19,86,1,4.872415792474066e-06,3103
W-2022-47,19,90,1,4.872415792474066e-06,3104
W-2022-47,19,97,1,4.872415792474066e-06,3105
W-2022-47,28,4,1,4.6913336992573615e-06,3106
W-2022-47,28,5,1,4.6913336992573615e-06,3107
W-2022-47,28,14,1,4.6913336992573615e-06,3108
W-2022-47,28,42,1,4.6913336992573615e-06,3109
W-2022-47,28,59,1,4.6913336992573615e-06,3110
W-2022-47,28,61,1,4.6913336992573615e-06,3111
W-2022-47,28,78,1,4.6913336992573615e-06,3112
W-2022-47,28,93,1,4.6913336992573615e-06,3113
W-2022-47,59,18,2,4.502780466938334e-06,3114
W-2022-47,59,28,2,4.502780466938334e-06,3115
W-2022-47,59,52,2,4.502780466938334e-06,3116
W-2022-47,57,11,1,4.432270474873459e-06,3117
W-2022-47,57,17,1,4.432270474873459e-06,3118
W-2022-47,57,28,1,4.432270474873459e-06,3119
W-2022-47,57,58,1,4.432270474873459e-06,3120
W-2022-47,57,66,1,4.432270474873459e-06,3121
W-2022-47,57,68,1,4.432270474873459e-06,3122
W-2022-47,57,91,1,4.432270474873459e-06,3123
W-2022-47,57,98,1,4.432270474873459e-06,3124
W-2022-47,29,9,1,4.38102664978511e-06,3125
W-2022-47,29,42,1,4.38102664978511e-06,3126
W-2022-47,29,44,1,4.38102664978511e-06,3127
W-2022-47,29,52,1,4.38102664978511e-06,3128
W-2022-47,29,53,1,4.38102664978511e-06,3129
W-2022-47,29,54,1,4.38102664978511e-06,3130
W-2022-47,29,64,1,4.38102664978511e-06,3131
W-2022-47,29,85,1,4.38102664978511e-06,3132
W-2022-47,29,91,1,4.38102664978511e-06,3133
W-2022-47,29,93,1,4.38102664978511e-06,3134
W-2022-47,89,12,1,4.346654380123619e-06,3135
W-2022-47,89,15,1,4.346654380123619e-06,3136
W-2022-47,89,21,1,4.346654380123619e-06,3137
W-2022-47,89,33,1,4.346654380123619e-06,3138
W-2022-47,89,40,1,4.346654380123619e-06,3139
W-2022-47,89,51,1,4.346654380123619e-06,3140
W-2022-47,89,52,1,4.346654380123619e-06,3141
W-2022-47,89,58,1,4.346654380123619e-06,3142
W-2022-47,89,60,1,4.346654380123619e-06,3143
W-2022-47,89,69,1,4.346654380123619e-06,3144
W-2022-47,89,71,1,4.346654380123619e-06,3145
W-2022-47,89,73,1,4.346654380123619e-06,3146
W-2022-47,89,85,1,4.346654380123619e-06,3147
W-2022-47,89,90,1,4.346654380123619e-06,3148
W-2022-47,89,92,1,4.346654380123619e-06,3149
W-2022-47,41,3,2,4.093143575197188e-06,3150
W-2022-47,41,5,2,4.093143575197188e-06,3151
W-2022-47,41,10,2,4.093143575197188e-06,3152
W-2022-47,41,17,2,4.093143575197188e-06,3153
W-2022-47,41,28,2,4.093143575197188e-06,3154
W-2022-47,41,72,2,4.093143575197188e-06,3155
W-2022-47,62,14,2,3.883970272091537e-06,3156
W-2022-47,62,63,2,3.883970272091537e-06,3157
W-2022-47,91,14,1,3.681071928145476e-06,3158
W-2022-47,91,36,1,3.681071928145476e-06,3159
W-2022-47,91,37,1,3.681071928145476e-06,3160
W-2022-47,91,47,1,3.681071928145476e-06,3161
W-2022-47,91,48,1,3.681071928145476e-06,3162
W-2022-47,91,52,1,3.681071928145476e-06,3163
W-2022-47,91,53,1,3.681071928145476e-06,3164
W-2022-47,91,73,1,3.681071928145476e-06,3165
W-2022-47,66,13,1,3.380994079879366e-06,3166
W-2022-47,66,14,1,3.380994079879366e-06,3167
W-2022-47,66,17,1,3.380994079879366e-06,3168
W-2022-47,66,22,1,3.380994079879366e-06,3169
W-2022-47,66,24,1,3.380994079879366e-06,3170
W-2022-47,66,31,1,3.380994079879366e-06,3171
W-2022-47,66,41,1,3.380994079879366e-06,3172
W-2022-47,66,42,1,3.380994079879366e-06,3173
W-2022-47,66,50,1,3.380994079879366e-06,3174
W-2022-47,66,57,1,3.380994079879366e-06,3175
W-2022-47,66,68,1,3.380994079879366e-06,3176
W-2022-47,66,76,1,3.380994079879366e-06,3177
W-2022-47,66,79,1,3.380994079879366e-06,3178
W-2022-47,66,89,1,3.380994079879366e-06,3179
W-2022-47,66,94,1,3.380994079879366e-06,3180
W-2022-47,49,3,1,3.2680592956678604e-06,3181
W-2022-47,49,4,1,3.2680592956678604e-06,3182
W-2022-47,49,11,1,3.2680592956678604e-06,3183
W-2022-47,49,14,1,3.2680592956678604e-06,3184
W-2022-47,49,22,1,3.2680592956678604e-06,3185
W-2022-47,49,35,1,3.2680592956678604e-06,3186
W-2022-47,49,38,1,3.2680592956678604e-06,3187
W-2022-47,49,39,1,3.2680592956678604e-06,3188
W-2022-47,49,47,1,3.2680592956678604e-06,3189
W-2022-47,49,63,1,3.2680592956678604e-06,3190
W-2022-47,49,99,1,3.2680592956678604e-06,3191
W-2022-47,101,4,1,3.017392248922791e-06,3192
W-2022-47,101,13,1,3.017392248922791e-06,3193
W-2022-47,101,16,1,3.017392248922791e-06,3194
W-2022-47,101,21,1,3.017392248922791e-06,3195
W-2022-47,101,25,1,3.017392248922791e-06,3196
W-2022-47,101,32,1,3.017392248922791e-06,3197
W-2022-47,101,39,1,3.017392248922791e-06,3198
W-2022-47,101,69,1,3.017392248922791e-06,3199
W-2022-47,101,71,1,3.017392248922791e-06,3200
W-2022-47,101,74,1,3.017392248922791e-06,3201
W-2022-47,101,84,1,3.017392248922791e-06,3202
W-2022-47,101,92,1,3.017392248922791e-06,3203
W-2022-47,101,100,1,3.017392248922791e-06,3204
W-2022-47,50,12,1,2.6438170372857515e-06,3205
W-2022-47,50,17,1,2.6438170372857515e-06,3206
W-2022-47,50,26,1,2.6438170372857515e-06,3207
W-2022-47,50,38,1,2.6438170372857515e-06,3208
W-2022-47,50,40,1,2.6438170372857515e-06,3209
W-2022-47,50,47,1,2.6438170372857515e-06,3210
W-2022-47,50,63,1,2.6438170372857515e-06,3211
W-2022-47,50,67,1,2.6438170372857515e-06,3212
W-2022-47,50,76,1,2.6438170372857515e-06,3213
W-2022-47,50,87,1,2.6438170372857515e-06,3214
W-2022-47,50,93,1,2.6438170372857515e-06,3215
W-2022-47,55,5,1,2.4815127301603057e-06,3216
W-2022-47,55,7,1,2.4815127301603057e-06,3217
W-2022-47,55,22,1,2.4815127301603057e-06,3218
W-2022-47,55,26,1,2.4815127301603057e-06,3219
W-2022-47,55,30,1,2.4815127301603057e-06,3220
W-2022-47,55,32,1,2.4815127301603057e-06,3221
W-2022-47,55,33,1,2.4815127301603057e-06,3222
W-2022-47,55,36,1,2.4815127301603057e-06,3223
W-2022-47,55,40,1,2.4815127301603057e-06,3224
W-2022-47,55,66,1,2.4815127301603057e-06,3225
W-2022-47,55,82,1,2.4815127301603057e-06,3226
W-2022-47,55,85,1,2.4815127301603057e-06,3227
W-2022-47,55,90,1,2.4815127301603057e-06,3228
W-2022-47,55,95,1,2.4815127301603057e-06,3229
W-2022-47,59,15,1,2.251390233469167e-06,3230
W-2022-47,59,17,1,2.251390233469167e-06,3231
W-2022-47,59,25,1,2.251390233469167e-06,3232
W-2022-47,59,30,1,2.251390233469167e-06,3233
W-2022-47,59,32,1,2.251390233469167e-06,3234
W-2022-47,59,40,1,2.251390233469167e-06,3235
W-2022-47,59,65,1,2.251390233469167e-06,3236
W-2022-47,59,68,1,2.251390233469167e-06,3237
W-2022-47,59,69,1,2.251390233469167e-06,3238
W-2022-47,59,90,1,2.251390233469167e-06,3239
W-2022-47,59,92,1,2.251390233469167e-06,3240
W-2022-47,41,24,1,2.046571787598594e-06,3241
W-2022-47,41,25,1,2.046571787598594e-06,3242
W-2022-47,41,37,1,2.046571787598594e-06,3243
W-2022-47,41,63,1,2.046571787598594e-06,3244
W-2022-47,41,78,1,2.046571787598594e-06,3245
W-2022-47,41,80,1,2.046571787598594e-06,3246
W-2022-47,41,93,1,2.046571787598594e-06,3247
W-2022-47,62,3,1,1.9419851360457687e-06,3248
W-2022-47,62,5,1,1.9419851360457687e-06,3249
W-2022-47,62,26,1,1.9419851360457687e-06,3250
W-2022-47,62,36,1,1.9419851360457687e-06,3251
W-2022-47,62,37,1,1.9419851360457687e-06,3252
W-2022-47,62,38,1,1.9419851360457687e-06,3253
W-2022-47,62,40,1,1.9419851360457687e-06,3254
W-2022-47,62,72,1,1.9419851360457687e-06,3255
W-2022-47,62,85,1,1.9419851360457687e-06,3256
W-2022-47,62,90,1,1.9419851360457687e-06,3257
