period,true_class,pred_class,confusion_count,confusion_rate,rank_in_period,delta_count_from_ref,delta_rate_from_ref
W-2022-45,71,98,122,0.35777126099706746,1,0,0.0
W-2022-45,9,61,775,0.3480017961383027,2,0,0.0
W-2022-45,80,98,342,0.33962264150943394,3,0,0.0
W-2022-45,49,41,73866,0.2562451650055678,4,0,0.0
W-2022-45,2,3,107,0.2326086956521739,5,0,0.0
W-2022-45,23,91,130,0.23090586145648312,6,0,0.0
W-2022-45,68,13,11442,0.2260148148148148,7,0,0.0
W-2022-45,1,36,238,0.21715328467153286,8,0,0.0
W-2022-45,50,61,68887,0.2036600688849798,9,0,0.0
W-2022-45,34,97,123,0.1849624060150376,10,0,0.0
W-2022-45,80,91,181,0.17974180734856007,11,0,0.0
W-2022-45,34,63,117,0.17593984962406015,12,0,0.0
W-2022-45,62,41,81495,0.16559346038415976,13,0,0.0
W-2022-45,52,41,5293,0.16468062599172398,14,0,0.0
W-2022-45,2,4,75,0.16304347826086957,15,0,0.0
W-2022-45,99,29,2760,0.159408571098533,16,0,0.0
W-2022-45,76,75,3299,0.15901860599633663,17,0,0.0
W-2022-45,6,91,105,0.15625,18,0,0.0
W-2022-45,30,32,4858,0.15025361870592602,19,0,0.0
W-2022-45,60,101,9725,0.14946132448091967,20,0,0.0
W-2022-45,95,67,84,0.14736842105263157,21,0,0.0
W-2022-45,52,49,4630,0.14405276749323295,22,0,0.0
W-2022-45,77,91,540,0.13489882588058955,23,0,0.0
W-2022-45,77,98,538,0.13439920059955035,24,0,0.0
W-2022-45,34,98,89,0.13383458646616542,25,0,0.0
W-2022-45,2,14,60,0.13043478260869565,26,0,0.0
W-2022-45,31,32,2054,0.12892292242028622,27,0,0.0
W-2022-45,48,44,3150,0.1276130286825474,28,0,0.0
W-2022-45,9,101,283,0.12707678491243826,29,0,0.0
W-2022-45,95,91,71,0.12456140350877193,30,0,0.0
W-2022-45,51,42,398,0.11532889017676036,31,0,0.0
W-2022-45,60,41,7353,0.11300659320392825,32,0,0.0
W-2022-45,23,79,63,0.11190053285968028,33,0,0.0
W-2022-45,64,13,581,0.10468468468468468,34,0,0.0
W-2022-45,98,91,1466,0.10315226569096538,35,0,0.0
W-2022-45,56,62,1779,0.10218265364732912,36,0,0.0
W-2022-45,96,89,27,0.0996309963099631,37,0,0.0
W-2022-45,51,44,336,0.0973630831643002,38,0,0.0
W-2022-45,71,18,33,0.0967741935483871,39,0,0.0
W-2022-45,96,86,26,0.0959409594095941,40,0,0.0
W-2022-45,47,44,4020,0.08996106163004072,41,0,0.0
W-2022-45,23,67,50,0.08880994671403197,42,0,0.0
W-2022-45,71,91,30,0.08797653958944282,43,0,0.0
W-2022-45,7,91,110,0.0878594249201278,44,0,0.0
W-2022-45,19,101,17047,0.08680840229153405,45,0,0.0
W-2022-45,21,70,326,0.08622057656704575,46,0,0.0
W-2022-45,56,44,1490,0.08558299827685238,47,0,0.0
W-2022-45,96,91,23,0.08487084870848709,48,0,0.0
W-2022-45,25,65,370,0.08464882177991306,49,0,0.0
W-2022-45,4,14,1288,0.08377780668661376,50,0,0.0
W-2022-45,13,68,4362,0.08298613092859997,51,0,0.0
W-2022-45,74,70,219,0.08211473565804274,52,0,0.0
W-2022-45,34,91,54,0.081203007518797,53,0,0.0
W-2022-45,47,101,3627,0.08116636082889496,54,0,0.0
W-2022-45,26,29,5770,0.08091658719919223,55,0,0.0
W-2022-45,24,11,142,0.08068181818181819,56,0,0.0
W-2022-45,78,13,1217,0.0806013643287635,57,0,0.0
W-2022-45,58,61,612,0.08035714285714286,58,0,0.0
W-2022-45,85,21,259,0.07996295152824946,59,0,0.0
W-2022-45,0,74,102,0.0797498045347928,60,0,0.0
W-2022-45,94,64,208,0.07746741154562384,61,0,0.0
W-2022-45,82,68,1254,0.07708858425032274,62,0,0.0
W-2022-45,21,4,291,0.07696376619941814,63,0,0.0
W-2022-45,9,41,167,0.07498877413560844,64,0,0.0
W-2022-45,58,59,563,0.0739233193277311,65,0,0.0
W-2022-45,21,11,269,0.07114519968262364,66,0,0.0
W-2022-45,85,14,228,0.07039209632602655,67,0,0.0
W-2022-45,85,17,222,0.06853967273849954,68,0,0.0
W-2022-45,97,91,827,0.06852833941000995,69,0,0.0
W-2022-45,58,41,521,0.06840861344537816,70,0,0.0
W-2022-45,24,4,120,0.06818181818181818,71,0,0.0
W-2022-45,51,62,235,0.06809620399884092,72,0,0.0
W-2022-45,71,97,23,0.06744868035190615,73,0,0.0
W-2022-45,74,17,178,0.06674165729283839,74,0,0.0
W-2022-45,70,11,405,0.06663376110562685,75,0,0.0
W-2022-45,101,41,21828,0.0661877746074005,76,0,0.0
W-2022-45,23,98,37,0.06571936056838366,77,0,0.0
W-2022-45,63,39,152,0.0654326302195437,78,0,0.0
W-2022-45,74,11,174,0.06524184476940383,79,0,0.0
W-2022-45,34,39,43,0.06466165413533835,80,0,0.0
W-2022-45,84,91,86,0.06461307287753569,81,0,0.0
W-2022-45,10,91,290,0.06431581281880683,82,0,0.0
W-2022-45,85,70,208,0.06421735103426984,83,0,0.0
W-2022-45,21,17,242,0.06400423168473948,84,0,0.0
W-2022-45,99,26,1100,0.06353240152477764,85,0,0.0
W-2022-45,48,42,1568,0.06352292983309026,86,0,0.0
W-2022-45,94,88,170,0.0633147113594041,87,0,0.0
W-2022-45,6,79,42,0.0625,88,0,0.0
W-2022-45,37,36,321,0.06187355435620663,89,0,0.0
W-2022-45,71,77,21,0.06158357771260997,90,0,0.0
W-2022-45,80,77,62,0.06156901688182721,91,0,0.0
W-2022-45,9,49,135,0.06061966771441401,92,0,0.0
W-2022-45,48,101,1457,0.05902608977475288,93,0,0.0
W-2022-45,85,68,191,0.05896881753627663,94,0,0.0
W-2022-45,61,101,10947,0.058763849523318736,95,0,0.0
W-2022-45,35,22,163,0.058464849354375896,96,0,0.0
W-2022-45,90,17,238,0.05813385442110405,97,0,0.0
W-2022-45,85,11,188,0.058042605742513124,98,0,0.0
W-2022-45,18,98,674,0.05790875504768451,99,0,0.0
W-2022-45,95,77,33,0.05789473684210526,100,0,0.0
W-2022-45,37,73,292,0.05628373168851195,101,0,0.0
W-2022-45,79,91,3428,0.05602680395521778,102,0,0.0
W-2022-45,69,91,71,0.05594956658786446,103,0,0.0
W-2022-45,50,41,18896,0.05586483170482934,104,0,0.0
W-2022-45,23,97,31,0.055062166962699825,105,0,0.0
W-2022-45,101,61,18144,0.055016995715442295,106,0,0.0
W-2022-45,92,68,531,0.05498602050326188,107,0,0.0
W-2022-45,38,91,270,0.0546448087431694,108,0,0.0
W-2022-45,58,62,416,0.0546218487394958,109,0,0.0
W-2022-45,3,14,727,0.053883782982508156,110,0,0.0
W-2022-45,53,41,1121,0.0534343867677201,111,0,0.0
W-2022-45,0,94,68,0.053166536356528536,112,0,0.0
W-2022-45,56,41,915,0.05255600229753016,113,0,0.0
W-2022-45,54,101,1085,0.0523572841770014,114,0,0.0
W-2022-45,45,59,500,0.052328623757195186,115,0,0.0
W-2022-45,80,18,52,0.05163853028798411,116,0,0.0
W-2022-45,35,4,143,0.051291248206599714,117,0,0.0
W-2022-45,28,66,10463,0.05124575727446822,118,0,0.0
W-2022-45,73,37,253,0.050864495375954964,119,0,0.0
W-2022-45,67,91,1075,0.050690809638326964,120,0,0.0
W-2022-45,85,92,164,0.05063291139240506,121,0,0.0
W-2022-45,74,13,135,0.05061867266591676,122,0,0.0
W-2022-45,83,36,36,0.0502092050209205,123,0,0.0
W-2022-45,58,49,380,0.04989495798319328,124,0,0.0
W-2022-45,51,101,170,0.04926108374384237,125,0,0.0
W-2022-45,74,90,131,0.04911886014248219,126,0,0.0
W-2022-45,33,101,797,0.04900393507132317,127,0,0.0
W-2022-45,47,41,2187,0.04894150293156693,128,0,0.0
W-2022-45,69,79,62,0.04885736800630418,129,0,0.0
W-2022-45,39,90,775,0.04855585489630976,130,0,0.0
W-2022-45,47,43,2167,0.04849393546077071,131,0,0.0
W-2022-45,62,101,23844,0.04844972660163084,132,0,0.0
W-2022-45,90,94,198,0.04836345872007816,133,0,0.0
W-2022-45,77,79,193,0.04821383962028478,134,0,0.0
W-2022-45,96,79,13,0.04797047970479705,135,0,0.0
W-2022-45,8,36,141,0.047942876572594356,136,0,0.0
W-2022-45,80,79,48,0.047666335650446874,137,0,0.0
W-2022-45,23,77,26,0.046181172291296625,138,0,0.0
W-2022-45,58,101,348,0.04569327731092437,139,0,0.0
W-2022-45,0,72,58,0.04534792806880375,140,0,0.0
W-2022-45,8,25,133,0.045222713362801766,141,0,0.0
W-2022-45,35,88,126,0.04519368723098996,142,0,0.0
W-2022-45,94,68,120,0.0446927374301676,143,0,0.0
W-2022-45,28,32,9112,0.04462881967743042,144,0,0.0
W-2022-45,94,90,119,0.04432029795158287,145,0,0.0
W-2022-45,50,49,14911,0.04408343064938137,146,0,0.0
W-2022-45,94,82,118,0.04394785847299814,147,0,0.0
W-2022-45,73,11,217,0.043626859670285484,148,0,0.0
W-2022-45,39,85,694,0.04348098490069544,149,0,0.0
W-2022-45,85,4,140,0.04322321704229701,150,0,0.0
W-2022-45,86,91,65,0.042735042735042736,151,0,0.0
W-2022-45,94,85,114,0.042458100558659215,152,0,0.0
W-2022-45,88,13,793,0.04234301580521145,153,0,0.0
W-2022-45,90,4,173,0.04225696140693698,154,0,0.0
W-2022-45,56,49,732,0.04204480183802412,155,0,0.0
W-2022-45,0,13,53,0.04143862392494136,156,0,0.0
W-2022-45,0,90,53,0.04143862392494136,157,0,0.0
W-2022-45,84,98,55,0.04132231404958678,158,0,0.0
W-2022-45,83,78,29,0.040446304044630406,159,0,0.0
W-2022-45,47,59,1806,0.04041534261289889,160,0,0.0
W-2022-45,16,90,34,0.040380047505938245,161,0,0.0
W-2022-45,69,67,51,0.04018912529550828,162,0,0.0
W-2022-45,0,92,51,0.0398749022673964,163,0,0.0
W-2022-45,44,101,2387,0.03962812318419524,164,0,0.0
W-2022-45,48,59,978,0.03962080700048615,165,0,0.0
W-2022-45,16,14,33,0.039192399049881234,166,0,0.0
W-2022-45,35,14,109,0.0390961262553802,167,0,0.0
W-2022-45,0,64,50,0.039093041438623924,168,0,0.0
W-2022-45,8,65,113,0.0384223053383203,169,0,0.0
W-2022-45,0,17,49,0.03831118060985145,170,0,0.0
W-2022-45,78,68,576,0.03814822173653885,171,0,0.0
W-2022-45,51,41,130,0.0376702405099971,172,0,0.0
W-2022-45,7,89,47,0.037539936102236424,173,0,0.0
W-2022-45,31,28,595,0.03734622144112478,174,0,0.0
W-2022-45,21,14,141,0.03729172176672838,175,0,0.0
W-2022-45,21,92,141,0.03729172176672838,176,0,0.0
W-2022-45,96,93,10,0.03690036900369004,177,0,0.0
W-2022-45,49,50,10509,0.036456291650333206,178,0,0.0
W-2022-45,90,85,149,0.036394723986321445,179,0,0.0
W-2022-45,42,101,5151,0.036214715084191655,180,0,0.0
W-2022-45,11,17,484,0.03533362534676595,181,0,0.0
W-2022-45,4,3,541,0.03518928060361649,182,0,0.0
W-2022-45,58,42,267,0.0350577731092437,183,0,0.0
W-2022-45,42,61,4967,0.03492108130910113,184,0,0.0
W-2022-45,2,11,16,0.034782608695652174,185,0,0.0
W-2022-45,42,62,4942,0.034745315850529056,186,0,0.0
W-2022-45,52,57,1115,0.034690893251610094,187,0,0.0
W-2022-45,38,79,171,0.03460837887067395,188,0,0.0
W-2022-45,6,98,23,0.03422619047619048,189,0,0.0
W-2022-45,74,92,91,0.03412073490813648,190,0,0.0
W-2022-45,47,42,1497,0.03350042518909726,191,0,0.0
W-2022-45,20,11,158,0.03347457627118644,192,0,0.0
W-2022-45,74,21,89,0.033370828646419194,193,0,0.0
W-2022-45,29,26,6942,0.03320482527048874,194,0,0.0
W-2022-45,41,49,15388,0.03318195736459183,195,0,0.0
W-2022-45,18,91,386,0.03316436119941576,196,0,0.0
W-2022-45,75,76,2598,0.032887741151450704,197,0,0.0
W-2022-45,1,73,36,0.032846715328467155,198,0,0.0
W-2022-45,0,4,42,0.0328381548084441,199,0,0.0
W-2022-45,90,64,133,0.03248656570591109,200,0,0.0
W-2022-45,85,100,105,0.032417412781722756,201,0,0.0
W-2022-45,71,67,11,0.03225806451612903,202,0,0.0
W-2022-45,64,78,178,0.03207207207207207,203,0,0.0
W-2022-45,80,67,32,0.031777557100297914,204,0,0.0
W-2022-45,94,13,85,0.03165735567970205,205,0,0.0
W-2022-45,61,62,5871,0.03151571759855707,206,0,0.0
W-2022-45,90,72,128,0.03126526624328285,207,0,0.0
W-2022-45,48,41,767,0.03107275968238535,208,0,0.0
W-2022-45,64,88,172,0.03099099099099099,209,0,0.0
W-2022-45,47,62,1374,0.03074788524370049,210,0,0.0
W-2022-45,69,77,39,0.030732860520094562,211,0,0.0
W-2022-45,0,11,39,0.03049257232212666,212,0,0.0
W-2022-45,77,67,122,0.030477142143392456,213,0,0.0
W-2022-45,60,42,1979,0.030414803202852444,214,0,0.0
W-2022-45,10,88,136,0.03016189842537148,215,0,0.0
W-2022-45,62,43,14741,0.029952919805176993,216,0,0.0
W-2022-45,81,91,64,0.029712163416898793,217,0,0.0
W-2022-45,74,72,79,0.02962129733783277,218,0,0.0
W-2022-45,71,84,10,0.02932551319648094,219,0,0.0
W-2022-45,90,14,120,0.029311187103077674,220,0,0.0
W-2022-45,48,62,720,0.02916869227029655,221,0,0.0
W-2022-45,21,85,110,0.029092832583972494,222,0,0.0
W-2022-45,35,72,81,0.029053084648493543,223,0,0.0
W-2022-45,53,61,608,0.028981362314695648,224,0,0.0
W-2022-45,94,11,77,0.02867783985102421,225,0,0.0
W-2022-45,94,14,77,0.02867783985102421,226,0,0.0
W-2022-45,21,68,108,0.02856387199153663,227,0,0.0
W-2022-45,21,74,108,0.02856387199153663,228,0,0.0
W-2022-45,51,48,98,0.028397565922920892,229,0,0.0
W-2022-45,64,17,157,0.028288288288288287,230,0,0.0
W-2022-45,70,17,171,0.02813425468904245,231,0,0.0
W-2022-45,95,79,16,0.028070175438596492,232,0,0.0
W-2022-45,83,17,20,0.02789400278940028,233,0,0.0
W-2022-45,73,36,138,0.027744270205066344,234,0,0.0
W-2022-45,11,36,378,0.02759526938239159,235,0,0.0
W-2022-45,94,74,74,0.027560521415270017,236,0,0.0
W-2022-45,11,4,372,0.02715724923346474,237,0,0.0
W-2022-45,65,36,301,0.02711223203026482,238,0,0.0
W-2022-45,88,98,504,0.02691157624946604,239,0,0.0
W-2022-45,77,88,107,0.0267299525355983,240,0,0.0
W-2022-45,3,4,358,0.02653424251408242,241,0,0.0
W-2022-45,61,59,4926,0.02644292708064932,242,0,0.0
W-2022-45,90,74,108,0.026380068392769906,243,0,0.0
W-2022-45,95,98,15,0.02631578947368421,244,0,0.0
W-2022-45,42,55,3728,0.02621014518226878,245,0,0.0
W-2022-45,51,59,90,0.02607939727615184,246,0,0.0
W-2022-45,48,61,641,0.025968238535083454,247,0,0.0
W-2022-45,42,41,3690,0.025942981685239216,248,0,0.0
W-2022-45,90,92,106,0.025891548607718612,249,0,0.0
W-2022-45,4,17,398,0.025887862625211394,250,0,0.0
W-2022-45,90,70,105,0.025647288715192965,251,0,0.0
W-2022-45,34,18,17,0.02556390977443609,252,0,0.0
W-2022-45,41,43,11776,0.025393210938746642,253,0,0.0
W-2022-45,38,98,125,0.02529852256628213,254,0,0.0
W-2022-45,64,68,139,0.025045045045045046,255,0,0.0
W-2022-45,60,55,1617,0.024851307114205357,256,0,0.0
W-2022-45,43,41,2153,0.02465220129386844,257,0,0.0
W-2022-45,0,78,31,0.024237685691946835,258,0,0.0
W-2022-45,0,85,31,0.024237685691946835,259,0,0.0
W-2022-45,11,70,331,0.02416411154913126,260,0,0.0
W-2022-45,66,28,7160,0.023946167944241547,261,0,0.0
W-2022-45,73,14,119,0.02392440691596301,262,0,0.0
W-2022-45,24,14,42,0.023863636363636365,263,0,0.0
W-2022-45,51,54,82,0.023761228629382788,264,0,0.0
W-2022-45,19,61,4658,0.023719923615531508,265,0,0.0
W-2022-45,73,65,117,0.023522316043425813,266,0,0.0
W-2022-45,77,18,94,0.023482388208843366,267,0,0.0
W-2022-45,70,21,142,0.023362948338269168,268,0,0.0
W-2022-45,7,67,29,0.0231629392971246,269,0,0.0
W-2022-45,23,7,13,0.023090586145648313,270,0,0.0
W-2022-45,95,11,13,0.02280701754385965,271,0,0.0
W-2022-45,94,35,61,0.02271880819366853,272,0,0.0
W-2022-45,35,11,63,0.02259684361549498,273,0,0.0
W-2022-45,85,78,73,0.02253782031491201,274,0,0.0
W-2022-45,41,101,10444,0.0225209489677539,275,0,0.0
W-2022-45,94,17,60,0.0223463687150838,276,0,0.0
W-2022-45,92,78,215,0.022263642953298125,277,0,0.0
W-2022-45,11,20,304,0.022193020878960433,278,0,0.0
W-2022-45,37,20,115,0.022166538164996145,279,0,0.0
W-2022-45,74,64,59,0.022122234720659918,280,0,0.0
W-2022-45,88,91,413,0.022052541648868006,281,0,0.0
W-2022-45,9,19,49,0.022002694207453974,282,0,0.0
W-2022-45,84,38,29,0.021788129226145755,283,0,0.0
W-2022-45,85,74,70,0.021611608521148504,284,0,0.0
W-2022-45,4,11,332,0.02159490048133212,285,0,0.0
W-2022-45,48,47,533,0.021592934694538973,286,0,0.0
W-2022-45,37,11,112,0.02158828064764842,287,0,0.0
W-2022-45,90,88,88,0.02149487054225696,288,0,0.0
W-2022-45,48,49,529,0.021430886404148437,289,0,0.0
W-2022-45,74,88,57,0.021372328458942633,290,0,0.0
W-2022-45,81,98,46,0.02135561745589601,291,0,0.0
W-2022-45,62,61,10498,0.021331371827877896,292,0,0.0
W-2022-45,23,89,12,0.021314387211367674,293,0,0.0
W-2022-45,55,41,8274,0.021313920509432066,294,0,0.0
W-2022-45,72,90,114,0.021150278293135438,295,0,0.0
W-2022-45,64,94,117,0.02108108108108108,296,0,0.0
W-2022-45,10,98,95,0.021068973164781547,297,0,0.0
W-2022-45,70,74,128,0.021059559065482066,298,0,0.0
W-2022-45,52,61,674,0.02097010049469525,299,0,0.0
W-2022-45,61,41,3905,0.020962166108391307,300,0,0.0
W-2022-45,68,82,1041,0.020562962962962963,301,0,0.0
W-2022-45,71,88,7,0.020527859237536656,302,0,0.0
W-2022-45,100,14,213,0.02051627817376228,303,0,0.0
W-2022-45,81,67,44,0.02042711234911792,304,0,0.0
W-2022-45,85,35,65,0.020067922198209322,305,0,0.0
W-2022-45,60,44,1299,0.019964037069482226,306,0,0.0
W-2022-45,52,60,641,0.019943374506082575,307,0,0.0
W-2022-45,90,11,81,0.01978505129457743,308,0,0.0
W-2022-45,32,28,3473,0.019617478930838924,309,0,0.0
W-2022-45,97,98,236,0.0195558501823003,310,0,0.0
W-2022-45,41,57,9058,0.019532243943883074,311,0,0.0
W-2022-45,74,94,52,0.01949756280464942,312,0,0.0
W-2022-45,78,14,294,0.019471488178025034,313,0,0.0
W-2022-45,37,14,101,0.019468003084040092,314,0,0.0
W-2022-45,62,55,9562,0.01942947012937402,315,0,0.0
W-2022-45,70,65,117,0.0192497532082922,316,0,0.0
W-2022-45,52,101,618,0.019227777604928286,317,0,0.0
W-2022-45,11,13,261,0.019053876478318004,318,0,0.0
W-2022-45,90,68,78,0.019052271617000488,319,0,0.0
W-2022-45,52,43,612,0.019041100152453253,320,0,0.0
W-2022-45,11,68,260,0.018980873120163527,321,0,0.0
W-2022-45,92,70,183,0.018949984467225848,322,0,0.0
W-2022-45,9,59,42,0.018859452177817693,323,0,0.0
W-2022-45,51,47,65,0.01883512025499855,324,0,0.0
W-2022-45,49,61,5404,0.018746769443182095,325,0,0.0
W-2022-45,60,62,1219,0.018734535171438672,326,0,0.0
W-2022-45,20,36,88,0.01864406779661017,327,0,0.0
W-2022-45,78,82,281,0.018610504006887872,328,0,0.0
W-2022-45,3,17,251,0.018603616958197452,329,0,0.0
W-2022-45,92,14,179,0.01853577715646681,330,0,0.0
W-2022-45,21,64,70,0.018513620735255223,331,0,0.0
W-2022-45,96,67,5,0.01845018450184502,332,0,0.0
W-2022-45,78,17,277,0.01834558580038413,333,0,0.0
W-2022-45,4,13,282,0.01834265643293873,334,0,0.0
W-2022-45,60,49,1181,0.01815052176986798,335,0,0.0
W-2022-45,99,32,312,0.01802009934157329,336,0,0.0
W-2022-45,21,88,68,0.01798466014281936,337,0,0.0
W-2022-45,0,88,23,0.017982799061767005,338,0,0.0
W-2022-45,100,4,185,0.0178193026391832,339,0,0.0
W-2022-45,59,55,7575,0.01769045556134209,340,0,0.0
W-2022-45,61,50,3286,0.017639354118354374,341,0,0.0
W-2022-45,53,101,369,0.01758901758901759,342,0,0.0
W-2022-45,94,70,47,0.017504655493482308,343,0,0.0
W-2022-45,73,20,87,0.017490952955367914,344,0,0.0
W-2022-45,72,11,94,0.017439703153988868,345,0,0.0
W-2022-45,72,17,94,0.017439703153988868,346,0,0.0
W-2022-45,1,65,19,0.017335766423357664,347,0,0.0
W-2022-45,65,11,192,0.017294181228607458,348,0,0.0
W-2022-45,21,78,65,0.017191219254165564,349,0,0.0
W-2022-45,8,11,50,0.017001020061203673,350,0,0.0
W-2022-45,93,91,308,0.016852702998467937,351,0,0.0
W-2022-45,51,55,58,0.01680672268907563,352,0,0.0
W-2022-45,51,60,58,0.01680672268907563,353,0,0.0
W-2022-45,44,62,1001,0.01661824520627542,354,0,0.0
W-2022-45,70,92,101,0.016617308325106942,355,0,0.0
W-2022-45,9,50,37,0.01661427929950606,356,0,0.0
W-2022-45,72,4,89,0.016512059369202227,357,0,0.0
W-2022-45,101,62,5442,0.01650146002443987,358,0,0.0
W-2022-45,74,68,44,0.016497937757780277,359,0,0.0
W-2022-45,25,8,72,0.016472203157172273,360,0,0.0
W-2022-45,50,43,5563,0.016446658487191238,361,0,0.0
W-2022-45,0,68,21,0.01641907740422205,362,0,0.0
W-2022-45,85,39,53,0.016363075023155295,363,0,0.0
W-2022-45,61,42,3034,0.016286609980245642,364,0,0.0
W-2022-45,41,61,7539,0.01625674399347919,365,0,0.0
W-2022-45,25,20,71,0.0162434225577671,366,0,0.0
W-2022-45,64,70,90,0.016216216216216217,367,0,0.0
W-2022-45,37,65,84,0.016191210485736313,368,0,0.0
W-2022-45,9,62,36,0.016165244723843737,369,0,0.0
W-2022-45,35,78,45,0.016140602582496413,370,0,0.0
W-2022-45,21,13,61,0.01613329806929384,371,0,0.0
W-2022-45,21,90,61,0.01613329806929384,372,0,0.0
W-2022-45,70,88,98,0.016123724909509706,373,0,0.0
W-2022-45,100,17,167,0.01608553265266808,374,0,0.0
W-2022-45,32,26,2832,0.015996746424456042,375,0,0.0
W-2022-45,23,93,9,0.015985790408525755,376,0,0.0
W-2022-45,11,14,218,0.01591473207767557,377,0,0.0
W-2022-45,100,68,165,0.015892891543055288,378,0,0.0
W-2022-45,20,65,75,0.015889830508474576,379,0,0.0
W-2022-45,54,42,328,0.015827824156734064,380,0,0.0
W-2022-45,86,97,24,0.015779092702169626,381,0,0.0
W-2022-45,72,74,85,0.015769944341372914,382,0,0.0
W-2022-45,58,50,120,0.015756302521008403,383,0,0.0
W-2022-45,74,0,42,0.015748031496062992,384,0,0.0
W-2022-45,11,65,215,0.015695722003212148,385,0,0.0
W-2022-45,51,57,54,0.015647638365691104,386,0,0.0
W-2022-45,8,37,46,0.015640938456307377,387,0,0.0
W-2022-45,92,17,150,0.015532774153463809,388,0,0.0
W-2022-45,43,57,1351,0.01546917043567871,389,0,0.0
W-2022-45,16,64,13,0.015439429928741092,390,0,0.0
W-2022-45,16,85,13,0.015439429928741092,391,0,0.0
W-2022-45,30,66,499,0.015433626128912532,392,0,0.0
W-2022-45,83,11,11,0.015341701534170154,393,0,0.0
W-2022-45,25,36,67,0.01532830016014642,394,0,0.0
W-2022-45,62,49,7526,0.015292427545876267,395,0,0.0
W-2022-45,62,42,7518,0.015276171975803584,396,0,0.0
W-2022-45,94,92,41,0.015270018621973929,397,0,0.0
W-2022-45,55,101,5901,0.015201044830330992,398,0,0.0
W-2022-45,47,48,679,0.015194915633531755,399,0,0.0
W-2022-45,61,49,2823,0.015153955166194279,400,0,0.0
W-2022-45,34,86,10,0.015037593984962405,401,0,0.0
W-2022-45,57,41,3238,0.015011590171534538,402,0,0.0
W-2022-45,93,89,274,0.014992339680455241,403,0,0.0
W-2022-45,11,73,205,0.014965688421667397,404,0,0.0
W-2022-45,62,44,7350,0.014934805004277248,405,0,0.0
W-2022-45,6,67,10,0.01488095238095238,406,0,0.0
W-2022-45,13,82,782,0.014877385232958545,407,0,0.0
W-2022-45,21,72,56,0.014810896588204179,408,0,0.0
W-2022-45,51,49,51,0.014778325123152709,409,0,0.0
W-2022-45,96,97,4,0.014760147601476014,410,0,0.0
W-2022-45,29,66,3081,0.014736973013306802,411,0,0.0
W-2022-45,70,13,89,0.014642974662718,412,0,0.0
W-2022-45,25,11,64,0.014641958361930909,413,0,0.0
W-2022-45,42,49,2082,0.01463774738988294,414,0,0.0
W-2022-45,41,62,6773,0.014604977724875255,415,0,0.0
W-2022-45,42,59,2049,0.014405736984567792,416,0,0.0
W-2022-45,11,21,197,0.014381661556431596,417,0,0.0
W-2022-45,7,97,18,0.01437699680511182,418,0,0.0
W-2022-45,35,3,40,0.014347202295552367,419,0,0.0
W-2022-45,85,90,46,0.014201914171040445,420,0,0.0
W-2022-45,101,57,4660,0.014130246915452001,421,0,0.0
W-2022-45,87,22,34,0.014119601328903655,422,0,0.0
W-2022-45,99,66,244,0.014092641792768857,423,0,0.0
W-2022-45,98,79,200,0.014072614691809739,424,0,0.0
W-2022-45,95,97,8,0.014035087719298246,425,0,0.0
W-2022-45,54,55,290,0.013994112821502678,426,0,0.0
W-2022-45,60,52,908,0.013954846542794351,427,0,0.0
W-2022-45,8,73,41,0.01394083645018701,428,0,0.0
W-2022-45,60,61,907,0.013939477769068806,429,0,0.0
W-2022-45,101,50,4597,0.013939215680328937,430,0,0.0
W-2022-45,67,79,295,0.0139105012495874,431,0,0.0
W-2022-45,85,88,45,0.01389317690645261,432,0,0.0
W-2022-45,49,101,3977,0.01379642895550244,433,0,0.0
W-2022-45,39,63,220,0.013783597518952447,434,0,0.0
W-2022-45,64,4,76,0.013693693693693694,435,0,0.0
W-2022-45,64,11,76,0.013693693693693694,436,0,0.0
W-2022-45,98,18,193,0.013580073177596397,437,0,0.0
W-2022-45,7,98,17,0.013578274760383386,438,0,0.0
W-2022-45,84,97,18,0.013523666416228399,439,0,0.0
W-2022-45,19,55,2653,0.01350986632718014,440,0,0.0
W-2022-45,98,97,191,0.0134393470306783,441,0,0.0
W-2022-45,70,90,81,0.01332675222112537,442,0,0.0
W-2022-45,45,54,127,0.013291470434327577,443,0,0.0
W-2022-45,58,48,101,0.01326155462184874,444,0,0.0
W-2022-45,64,85,73,0.013153153153153152,445,0,0.0
W-2022-45,32,30,2325,0.013132922117535417,446,0,0.0
W-2022-45,99,28,227,0.013110777405567748,447,0,0.0
W-2022-45,100,13,136,0.013099595453669814,448,0,0.0
W-2022-45,13,17,686,0.013051005460114529,449,0,0.0
W-2022-45,56,50,227,0.013038483630097644,450,0,0.0
W-2022-45,54,89,270,0.013029001592433528,451,0,0.0
W-2022-45,69,98,16,0.01260835303388495,452,0,0.0
W-2022-45,62,59,6171,0.012539140364815632,453,0,0.0
W-2022-45,0,100,16,0.012509773260359656,454,0,0.0
W-2022-45,58,44,95,0.01247373949579832,455,0,0.0
W-2022-45,59,44,5335,0.012459218537262055,456,0,0.0
W-2022-45,23,88,7,0.012433392539964476,457,0,0.0
W-2022-45,21,100,47,0.012430573922242793,458,0,0.0
W-2022-45,74,78,33,0.012373453318335208,459,0,0.0
W-2022-45,53,62,259,0.012345679012345678,460,0,0.0
W-2022-45,95,69,7,0.012280701754385965,461,0,0.0
W-2022-45,68,17,619,0.01222716049382716,462,0,0.0
W-2022-45,41,52,5641,0.01216398632009764,463,0,0.0
W-2022-45,45,41,116,0.012140240711669283,464,0,0.0
W-2022-45,82,17,197,0.012110407573615294,465,0,0.0
W-2022-45,60,57,787,0.012095224922003473,466,0,0.0
W-2022-45,64,14,67,0.012072072072072072,467,0,0.0
W-2022-45,70,4,73,0.012010529779532741,468,0,0.0
W-2022-45,101,59,3960,0.01200767763630685,469,0,0.0
W-2022-45,11,74,163,0.011899547379179443,470,0,0.0
W-2022-45,47,45,530,0.011860537976099896,471,0,0.0
W-2022-45,35,100,33,0.011836441893830704,472,0,0.0
W-2022-45,66,29,3529,0.011802517692071008,473,0,0.0
W-2022-45,18,67,137,0.011770770684766733,474,0,0.0
W-2022-45,11,79,161,0.011753540662870493,475,0,0.0
W-2022-45,85,64,38,0.011732016054337758,476,0,0.0
W-2022-45,71,38,4,0.011730205278592375,477,0,0.0
W-2022-45,71,79,4,0.011730205278592375,478,0,0.0
W-2022-45,71,80,4,0.011730205278592375,479,0,0.0
W-2022-45,71,89,4,0.011730205278592375,480,0,0.0
W-2022-45,25,73,51,0.011667810569663692,481,0,0.0
W-2022-45,21,65,44,0.011637133033588997,482,0,0.0
W-2022-45,54,57,237,0.011436568064469431,483,0,0.0
W-2022-45,39,13,181,0.011340141595138149,484,0,0.0
W-2022-45,54,41,234,0.011291801380109058,485,0,0.0
W-2022-45,74,4,30,0.01124859392575928,486,0,0.0
W-2022-45,90,0,46,0.011235955056179775,487,0,0.0
W-2022-45,63,75,26,0.011192423590185106,488,0,0.0
W-2022-45,83,70,8,0.011157601115760111,489,0,0.0
W-2022-45,96,77,3,0.01107011070110701,490,0,0.0
W-2022-45,96,84,3,0.01107011070110701,491,0,0.0
W-2022-45,96,98,3,0.01107011070110701,492,0,0.0
W-2022-45,26,32,786,0.011022606159196724,493,0,0.0
W-2022-45,0,16,14,0.0109460516028147,494,0,0.0
W-2022-45,74,39,29,0.010873640794900637,495,0,0.0
W-2022-45,64,15,60,0.010810810810810811,496,0,0.0
W-2022-45,85,82,35,0.010805804260574252,497,0,0.0
W-2022-45,94,72,29,0.01080074487895717,498,0,0.0
W-2022-45,77,10,43,0.010741943542343242,499,0,0.0
W-2022-45,16,88,9,0.010688836104513063,500,0,0.0
W-2022-45,92,82,103,0.010665838252045149,501,0,0.0
W-2022-45,10,38,48,0.010645375914836993,502,0,0.0
W-2022-45,84,55,14,0.010518407212622089,503,0,0.0
W-2022-45,84,77,14,0.010518407212622089,504,0,0.0
W-2022-45,46,89,39,0.010517799352750809,505,0,0.0
W-2022-45,85,94,34,0.010497066995986416,506,0,0.0
W-2022-45,101,42,3440,0.01043091188608474,507,0,0.0
W-2022-45,6,84,7,0.010416666666666666,508,0,0.0
W-2022-45,6,89,7,0.010416666666666666,509,0,0.0
W-2022-45,90,21,42,0.010258915486077186,510,0,0.0
W-2022-45,51,43,35,0.010141987829614604,511,0,0.0
W-2022-45,38,67,50,0.010119409026512852,512,0,0.0
W-2022-45,21,39,38,0.010050251256281407,513,0,0.0
W-2022-45,35,82,28,0.010043041606886656,514,0,0.0
W-2022-45,1,20,11,0.010036496350364963,515,0,0.0
W-2022-45,77,80,40,0.009992505620784412,516,0,0.0
W-2022-45,44,41,599,0.009944384494064913,517,0,0.0
W-2022-45,80,10,10,0.009930486593843098,518,0,0.0
W-2022-45,80,89,10,0.009930486593843098,519,0,0.0
W-2022-45,11,91,136,0.009928456709008614,520,0,0.0
W-2022-45,14,4,669,0.009896449704142012,521,0,0.0
W-2022-45,52,44,318,0.00989390498117669,522,0,0.0
W-2022-45,60,59,643,0.009882121505525074,523,0,0.0
W-2022-45,86,98,15,0.009861932938856016,524,0,0.0
W-2022-45,92,11,95,0.009837423630527078,525,0,0.0
W-2022-45,88,94,184,0.009824861170439982,526,0,0.0
W-2022-45,65,73,109,0.009818050801657359,527,0,0.0
W-2022-45,56,61,170,0.009764503159103963,528,0,0.0
W-2022-45,65,25,108,0.009727976941091695,529,0,0.0
W-2022-45,59,101,4149,0.009689465362905391,530,0,0.0
W-2022-45,72,35,52,0.009647495361781076,531,0,0.0
W-2022-45,29,32,2015,0.009638104713344111,532,0,0.0
W-2022-45,44,59,579,0.009612351622810659,533,0,0.0
W-2022-45,97,67,116,0.00961219754723235,534,0,0.0
W-2022-45,33,41,156,0.009591736350221348,535,0,0.0
W-2022-45,70,63,58,0.009542612701546561,536,0,0.0
W-2022-45,70,64,58,0.009542612701546561,537,0,0.0
W-2022-45,90,13,39,0.009526135808500244,538,0,0.0
W-2022-45,38,88,47,0.009512244484922081,539,0,0.0
W-2022-45,41,60,4407,0.00950304692655031,540,0,0.0
W-2022-45,16,94,8,0.009501187648456057,541,0,0.0
W-2022-45,77,97,38,0.00949288033974519,542,0,0.0
W-2022-45,11,37,130,0.009490436560081764,543,0,0.0
W-2022-45,101,55,3128,0.009484852435951471,544,0,0.0
W-2022-45,54,62,196,0.009458090044877672,545,0,0.0
W-2022-45,65,20,105,0.009457755359394703,546,0,0.0
W-2022-45,32,29,1668,0.00942181251270928,547,0,0.0
W-2022-45,39,16,150,0.00939790739928576,548,0,0.0
W-2022-45,0,14,12,0.009382329945269743,549,0,0.0
W-2022-45,25,37,41,0.009380004575611988,550,0,0.0
W-2022-45,94,21,25,0.00931098696461825,551,0,0.0
W-2022-45,88,17,174,0.009290901324220419,552,0,0.0
W-2022-45,21,35,35,0.009256810367627611,553,0,0.0
W-2022-45,79,98,566,0.009250633325161395,554,0,0.0
W-2022-45,60,43,597,0.00917515791415003,555,0,0.0
W-2022-45,4,92,141,0.009171328216469364,556,0,0.0
W-2022-45,100,85,95,0.00915045270660759,557,0,0.0
W-2022-45,11,24,125,0.009125419769309388,558,0,0.0
W-2022-45,1,8,10,0.009124087591240875,559,0,0.0
W-2022-45,1,11,10,0.009124087591240875,560,0,0.0
W-2022-45,84,18,12,0.009015777610818933,561,0,0.0
W-2022-45,9,44,20,0.00898069151324652,562,0,0.0
W-2022-45,91,79,2425,0.008976029374750151,563,0,0.0
W-2022-45,61,57,1666,0.008943141801941081,564,0,0.0
W-2022-45,12,89,117,0.008929934361166235,565,0,0.0
W-2022-45,58,57,68,0.008928571428571428,566,0,0.0
W-2022-45,6,38,6,0.008928571428571428,567,0,0.0
W-2022-45,88,85,167,0.008917129431866724,568,0,0.0
W-2022-45,23,10,5,0.008880994671403197,569,0,0.0
W-2022-45,23,18,5,0.008880994671403197,570,0,0.0
W-2022-45,23,80,5,0.008880994671403197,571,0,0.0
W-2022-45,88,64,166,0.008863733447244768,572,0,0.0
W-2022-45,18,77,103,0.008849557522123894,573,0,0.0
W-2022-45,81,89,19,0.008820798514391829,574,0,0.0
W-2022-45,71,10,3,0.008797653958944282,575,0,0.0
W-2022-45,71,101,3,0.008797653958944282,576,0,0.0
W-2022-45,2,24,4,0.008695652173913044,577,0,0.0
W-2022-45,52,50,279,0.008680501540088982,578,0,0.0
W-2022-45,48,55,214,0.008669583535893696,579,0,0.0
W-2022-45,47,61,382,0.00854853869220785,580,0,0.0
W-2022-45,86,10,13,0.008547008547008548,581,0,0.0
W-2022-45,88,4,160,0.00854335753951303,582,0,0.0
W-2022-45,88,68,160,0.00854335753951303,583,0,0.0
W-2022-45,49,43,2437,0.008454085331797699,584,0,0.0
W-2022-45,88,14,158,0.008436565570269115,585,0,0.0
W-2022-45,10,89,38,0.00842758926591262,586,0,0.0
W-2022-45,70,68,51,0.00839091806515301,587,0,0.0
W-2022-45,83,39,6,0.008368200836820083,588,0,0.0
W-2022-45,16,11,7,0.00831353919239905,589,0,0.0
W-2022-45,16,92,7,0.00831353919239905,590,0,0.0
W-2022-45,88,35,155,0.008276377616403246,591,0,0.0
W-2022-45,49,57,2382,0.008263287345236814,592,0,0.0
W-2022-45,41,50,3784,0.008159639112790192,593,0,0.0
W-2022-45,82,13,132,0.008114587815823446,594,0,0.0
W-2022-45,64,74,45,0.008108108108108109,595,0,0.0
W-2022-45,42,60,1148,0.008071149857629979,596,0,0.0
W-2022-45,70,14,49,0.008061862454754853,597,0,0.0
W-2022-45,20,37,38,0.008050847457627118,598,0,0.0
W-2022-45,85,72,26,0.00802716887928373,599,0,0.0
W-2022-45,101,49,2636,0.007992989456895166,600,0,0.0
W-2022-45,7,23,10,0.007987220447284345,601,0,0.0
W-2022-45,7,79,10,0.007987220447284345,602,0,0.0
W-2022-45,10,79,36,0.007984031936127744,603,0,0.0
W-2022-45,4,68,122,0.007935475478079875,604,0,0.0
W-2022-45,100,21,82,0.007898285494124446,605,0,0.0
W-2022-45,3,82,106,0.007856507560035577,606,0,0.0
W-2022-45,11,78,107,0.0078113593225288365,607,0,0.0
W-2022-45,100,70,81,0.00780196493931805,608,0,0.0
W-2022-45,72,22,42,0.007792207792207792,609,0,0.0
W-2022-45,39,14,124,0.007768936783409561,610,0,0.0
W-2022-45,64,82,43,0.0077477477477477475,611,0,0.0
W-2022-45,64,90,43,0.0077477477477477475,612,0,0.0
W-2022-45,37,25,40,0.007710100231303007,613,0,0.0
W-2022-45,100,78,80,0.0077056443845116545,614,0,0.0
W-2022-45,36,13,211,0.007688943954522265,615,0,0.0
W-2022-45,54,44,159,0.0076726342710997444,616,0,0.0
W-2022-45,58,54,58,0.007615546218487395,617,0,0.0
W-2022-45,59,62,3260,0.007613318168973627,618,0,0.0
W-2022-45,98,67,108,0.007599211933577259,619,0,0.0
W-2022-45,79,89,464,0.00758355806161641,620,0,0.0
W-2022-45,17,68,1269,0.007572728628972102,621,0,0.0
W-2022-45,90,100,31,0.007572056668295066,622,0,0.0
W-2022-45,35,17,21,0.007532281205164993,623,0,0.0
W-2022-45,34,75,5,0.007518796992481203,624,0,0.0
W-2022-45,34,88,5,0.007518796992481203,625,0,0.0
W-2022-45,34,101,5,0.007518796992481203,626,0,0.0
W-2022-45,84,89,10,0.007513148009015778,627,0,0.0
W-2022-45,38,89,37,0.00748836267961951,628,0,0.0
W-2022-45,58,55,57,0.007484243697478992,629,0,0.0
W-2022-45,94,4,20,0.0074487895716946,630,0,0.0
W-2022-45,6,10,5,0.00744047619047619,631,0,0.0
W-2022-45,47,55,331,0.007407241641677483,632,0,0.0
W-2022-45,70,78,45,0.007403751233958539,633,0,0.0
W-2022-45,24,17,13,0.007386363636363636,634,0,0.0
W-2022-45,28,29,1507,0.007380995528301979,635,0,0.0
W-2022-45,57,61,1592,0.007380621233194252,636,0,0.0
W-2022-45,96,10,2,0.007380073800738007,637,0,0.0
W-2022-45,90,16,30,0.0073277967757694185,638,0,0.0
W-2022-45,100,88,76,0.007320362165286072,639,0,0.0
W-2022-45,59,42,3109,0.007260676744582517,640,0,0.0
W-2022-45,77,89,29,0.007244566575068698,641,0,0.0
W-2022-45,4,100,111,0.007219981787433329,642,0,0.0
W-2022-45,33,62,117,0.0071938022626660105,643,0,0.0
W-2022-45,59,43,3080,0.0071929509081100525,644,0,0.0
W-2022-45,62,57,3539,0.007191057810903017,645,0,0.0
W-2022-45,36,11,197,0.007178777057065811,646,0,0.0
W-2022-45,35,70,20,0.007173601147776184,647,0,0.0
W-2022-45,21,94,27,0.007140967997884158,648,0,0.0
W-2022-45,23,11,4,0.007104795737122558,649,0,0.0
W-2022-45,52,62,228,0.007093743194051212,650,0,0.0
W-2022-45,0,82,9,0.007036747458952306,651,0,0.0
W-2022-45,30,29,227,0.007020908078683657,652,0,0.0
W-2022-45,95,81,4,0.007017543859649123,653,0,0.0
W-2022-45,95,89,4,0.007017543859649123,654,0,0.0
W-2022-45,95,93,4,0.007017543859649123,655,0,0.0
W-2022-45,45,55,67,0.007012035583464155,656,0,0.0
W-2022-45,67,89,148,0.006978827745555713,657,0,0.0
W-2022-45,43,101,609,0.006973149367378485,658,0,0.0
W-2022-45,81,79,15,0.006963788300835654,659,0,0.0
W-2022-45,92,13,67,0.006937972455213834,660,0,0.0
W-2022-45,11,98,95,0.006935319024675135,661,0,0.0
W-2022-45,70,72,42,0.006910167818361303,662,0,0.0
W-2022-45,17,13,1155,0.006892436222586901,663,0,0.0
W-2022-45,88,10,129,0.006888082016232379,664,0,0.0
W-2022-45,72,0,37,0.006864564007421151,665,0,0.0
W-2022-45,72,70,37,0.006864564007421151,666,0,0.0
W-2022-45,78,92,103,0.006821643817471356,667,0,0.0
W-2022-45,35,21,19,0.0068149210903873745,668,0,0.0
W-2022-45,88,79,127,0.006781290046988467,669,0,0.0
W-2022-45,20,73,32,0.006779661016949152,670,0,0.0
W-2022-45,56,101,118,0.006777713957495692,671,0,0.0
W-2022-45,84,79,9,0.0067618332081141996,672,0,0.0
W-2022-45,11,82,92,0.0067163089502117095,673,0,0.0
W-2022-45,64,65,37,0.006666666666666667,674,0,0.0
W-2022-45,57,49,1432,0.006638850254983774,675,0,0.0
W-2022-45,37,4,34,0.0065535851966075555,676,0,0.0
W-2022-45,2,74,3,0.006521739130434782,677,0,0.0
W-2022-45,81,77,14,0.0064995357474466105,678,0,0.0
W-2022-45,64,21,36,0.006486486486486486,679,0,0.0
W-2022-45,29,28,1355,0.006481206891603608,680,0,0.0
W-2022-45,8,20,19,0.006460387623257395,681,0,0.0
W-2022-45,35,94,18,0.006456241032998565,682,0,0.0
W-2022-45,56,43,112,0.006433084434233199,683,0,0.0
W-2022-45,41,55,2958,0.006378491674321719,684,0,0.0
W-2022-45,51,61,22,0.006374963778614894,685,0,0.0
W-2022-45,67,98,135,0.006365822605743387,686,0,0.0
W-2022-45,18,89,74,0.006357934530457943,687,0,0.0
W-2022-45,88,11,119,0.006354122170012815,688,0,0.0
W-2022-45,9,55,14,0.006286484059272564,689,0,0.0
W-2022-45,77,55,25,0.006245316012990257,690,0,0.0
W-2022-45,97,89,75,0.006214782896917468,691,0,0.0
W-2022-45,55,42,2411,0.006210764122339946,692,0,0.0
W-2022-45,48,54,152,0.006157835034840383,693,0,0.0
W-2022-45,92,74,59,0.006109557833695765,694,0,0.0
W-2022-45,90,65,25,0.006106497313141182,695,0,0.0
W-2022-45,18,79,71,0.00610018042787181,696,0,0.0
W-2022-45,35,90,17,0.006097560975609756,697,0,0.0
W-2022-45,84,41,8,0.006010518407212622,698,0,0.0
W-2022-45,84,81,8,0.006010518407212622,699,0,0.0
W-2022-45,84,86,8,0.006010518407212622,700,0,0.0
W-2022-45,77,84,24,0.005995503372470647,701,0,0.0
W-2022-45,94,78,16,0.0059590316573556795,702,0,0.0
W-2022-45,16,13,5,0.0059382422802850355,703,0,0.0
W-2022-45,50,57,1997,0.005904004493784092,704,0,0.0
W-2022-45,71,86,2,0.005865102639296188,705,0,0.0
W-2022-45,4,21,90,0.005854039287108105,706,0,0.0
W-2022-45,4,24,90,0.005854039287108105,707,0,0.0
W-2022-45,59,41,2500,0.005838434178660756,708,0,0.0
W-2022-45,14,68,394,0.0058284023668639055,709,0,0.0
W-2022-45,59,61,2494,0.0058244219366319705,710,0,0.0
W-2022-45,92,65,56,0.005798902350626489,711,0,0.0
W-2022-45,30,26,187,0.0057837436595323515,712,0,0.0
W-2022-45,45,44,55,0.0057561486132914706,713,0,0.0
W-2022-45,72,82,31,0.00575139146567718,714,0,0.0
W-2022-45,25,22,25,0.005719514985129261,715,0,0.0
W-2022-45,92,90,55,0.00569535052293673,716,0,0.0
W-2022-45,11,92,78,0.0056942619360490585,717,0,0.0
W-2022-45,100,64,59,0.005682912733577346,718,0,0.0
W-2022-45,91,89,1532,0.005670629691594735,719,0,0.0
W-2022-45,44,42,341,0.0056611604548850334,720,0,0.0
W-2022-45,12,59,74,0.00564799267287437,721,0,0.0
W-2022-45,70,94,34,0.005593945376768674,722,0,0.0
W-2022-45,100,90,58,0.00558659217877095,723,0,0.0
W-2022-45,83,65,4,0.005578800557880056,724,0,0.0
W-2022-45,85,13,18,0.005557270762581044,725,0,0.0
W-2022-45,11,90,76,0.005548255219740108,726,0,0.0
W-2022-45,69,11,7,0.005516154452324665,727,0,0.0
W-2022-45,77,11,22,0.005495878091431427,728,0,0.0
W-2022-45,1,68,6,0.005474452554744526,729,0,0.0
W-2022-45,0,35,7,0.00547302580140735,730,0,0.0
W-2022-45,38,18,27,0.00546448087431694,731,0,0.0
W-2022-45,54,59,113,0.0054528784442406985,732,0,0.0
W-2022-45,43,62,476,0.005450277666456747,733,0,0.0
W-2022-45,98,77,77,0.005417956656346749,734,0,0.0
W-2022-45,50,101,1813,0.0053600201037709355,735,0,0.0
W-2022-45,98,89,76,0.0053475935828877,736,0,0.0
W-2022-45,23,81,3,0.0053285968028419185,737,0,0.0
W-2022-45,23,95,3,0.0053285968028419185,738,0,0.0
W-2022-45,97,79,64,0.005303281405369572,739,0,0.0
W-2022-45,95,18,3,0.005263157894736842,740,0,0.0
W-2022-45,86,88,8,0.005259697567389875,741,0,0.0
W-2022-45,84,67,7,0.005259203606311044,742,0,0.0
W-2022-45,74,65,14,0.005249343832020997,743,0,0.0
W-2022-45,85,65,17,0.005248533497993208,744,0,0.0
W-2022-45,45,101,50,0.0052328623757195184,745,0,0.0
W-2022-45,44,55,311,0.0051631111480036525,746,0,0.0
W-2022-45,4,88,79,0.0051385455964615585,747,0,0.0
W-2022-45,39,75,82,0.0051375227116095485,748,0,0.0
W-2022-45,24,72,9,0.005113636363636364,749,0,0.0
W-2022-45,4,72,78,0.00507350071549369,750,0,0.0
W-2022-45,4,82,78,0.00507350071549369,751,0,0.0
W-2022-45,11,39,69,0.005037231712658782,752,0,0.0
W-2022-45,35,25,14,0.005021520803443328,753,0,0.0
W-2022-45,35,74,14,0.005021520803443328,754,0,0.0
W-2022-45,72,13,27,0.0050092764378478665,755,0,0.0
W-2022-45,56,59,87,0.004997128087306146,756,0,0.0
W-2022-45,48,43,123,0.004982984929508993,757,0,0.0
W-2022-45,80,88,5,0.004965243296921549,758,0,0.0
W-2022-45,11,72,68,0.004964228354504307,759,0,0.0
W-2022-45,12,41,65,0.004961074645092352,760,0,0.0
W-2022-45,90,82,20,0.004885197850512946,761,0,0.0
W-2022-45,55,62,1895,0.004881542103622645,762,0,0.0
W-2022-45,101,44,1606,0.004869780374724445,763,0,0.0
W-2022-45,47,60,217,0.004856107058139015,764,0,0.0
W-2022-45,52,42,155,0.004822500855604991,765,0,0.0
W-2022-45,45,61,46,0.0048142333856619575,766,0,0.0
W-2022-45,48,60,118,0.0047804245665208234,767,0,0.0
W-2022-45,16,101,4,0.004750593824228029,768,0,0.0
W-2022-45,48,51,117,0.0047399124939231894,769,0,0.0
W-2022-45,58,43,36,0.004726890756302521,770,0,0.0
W-2022-45,78,11,71,0.00470229816544142,771,0,0.0
W-2022-45,67,77,99,0.004668269910878484,772,0,0.0
W-2022-45,35,0,13,0.004662840746054519,773,0,0.0
W-2022-45,35,92,13,0.004662840746054519,774,0,0.0
W-2022-45,20,14,22,0.004661016949152543,775,0,0.0
W-2022-45,47,50,208,0.004654701696280714,776,0,0.0
W-2022-45,61,58,866,0.004648715966675256,777,0,0.0
W-2022-45,44,60,280,0.004648460197559558,778,0,0.0
W-2022-45,81,10,10,0.004642525533890436,779,0,0.0
W-2022-45,37,8,24,0.004626060138781804,780,0,0.0
W-2022-45,41,44,2136,0.00460596964717755,781,0,0.0
W-2022-45,86,96,7,0.0046022353714661405,782,0,0.0
W-2022-45,36,68,126,0.004591502077108083,783,0,0.0
W-2022-45,67,18,97,0.004573961427830433,784,0,0.0
W-2022-45,39,36,73,0.0045736482676524024,785,0,0.0
W-2022-45,57,101,986,0.004571163653222068,786,0,0.0
W-2022-45,36,65,125,0.004555061584432621,787,0,0.0
W-2022-45,4,90,70,0.004553141667750748,788,0,0.0
W-2022-45,49,62,1312,0.004551399243052352,789,0,0.0
W-2022-45,24,70,8,0.004545454545454545,790,0,0.0
W-2022-45,17,82,759,0.004529315231985678,791,0,0.0
W-2022-45,84,88,6,0.004507888805409466,792,0,0.0
W-2022-45,74,100,12,0.0044994375703037125,793,0,0.0
W-2022-45,21,0,17,0.00449616503570484,794,0,0.0
W-2022-45,94,0,12,0.004469273743016759,795,0,0.0
W-2022-45,58,47,34,0.004464285714285714,796,0,0.0
W-2022-45,6,7,3,0.004464285714285714,797,0,0.0
W-2022-45,6,18,3,0.004464285714285714,798,0,0.0
W-2022-45,55,49,1730,0.004456500179032811,799,0,0.0
W-2022-45,92,39,43,0.004452728590659625,800,0,0.0
W-2022-45,101,19,1461,0.004430105309758664,801,0,0.0
W-2022-45,73,25,22,0.004422999597909127,802,0,0.0
W-2022-45,90,36,18,0.004396678065461651,803,0,0.0
W-2022-45,49,52,1266,0.004391822745201431,804,0,0.0
W-2022-45,54,43,91,0.004391256092264634,805,0,0.0
W-2022-45,2,20,2,0.004347826086956522,806,0,0.0
W-2022-45,2,70,2,0.004347826086956522,807,0,0.0
W-2022-45,2,87,2,0.004347826086956522,808,0,0.0
W-2022-45,51,50,15,0.004346566212691973,809,0,0.0
W-2022-45,67,97,92,0.004338190220210308,810,0,0.0
W-2022-45,42,44,616,0.004330860899216086,811,0,0.0
W-2022-45,50,62,1463,0.0043252671879850406,812,0,0.0
W-2022-45,11,3,59,0.004307198131114031,813,0,0.0
W-2022-45,98,55,61,0.0042921474810019705,814,0,0.0
W-2022-45,12,57,56,0.004274156617310334,815,0,0.0
W-2022-45,72,64,23,0.004267161410018553,816,0,0.0
W-2022-45,72,88,23,0.004267161410018553,817,0,0.0
W-2022-45,44,61,256,0.004250020752054454,818,0,0.0
W-2022-45,77,81,17,0.004246814888833375,819,0,0.0
W-2022-45,67,38,90,0.004243881737162258,820,0,0.0
W-2022-45,65,70,47,0.004233471446586201,821,0,0.0
W-2022-45,88,22,79,0.0042182827851345575,822,0,0.0
W-2022-45,83,8,3,0.0041841004184100415,823,0,0.0
W-2022-45,83,73,3,0.0041841004184100415,824,0,0.0
W-2022-45,83,74,3,0.0041841004184100415,825,0,0.0
W-2022-45,81,11,9,0.004178272980501393,826,0,0.0
W-2022-45,81,18,9,0.004178272980501393,827,0,0.0
W-2022-45,40,101,14,0.0041654269562630165,828,0,0.0
W-2022-45,90,73,17,0.004152418172936004,829,0,0.0
W-2022-45,98,80,59,0.004151421334083873,830,0,0.0
W-2022-45,98,88,59,0.004151421334083873,831,0,0.0
W-2022-45,41,59,1912,0.0041229466130166086,832,0,0.0
W-2022-45,70,39,25,0.004113195129976966,833,0,0.0
W-2022-45,94,65,11,0.00409683426443203,834,0,0.0
W-2022-45,101,43,1347,0.004084429741440739,835,0,0.0
W-2022-45,82,78,66,0.004057293907911723,836,0,0.0
W-2022-45,38,97,20,0.0040477636106051405,837,0,0.0
W-2022-45,12,43,53,0.004045183941382995,838,0,0.0
W-2022-45,4,70,62,0.004032782620007805,839,0,0.0
W-2022-45,85,3,13,0.004013584439641865,840,0,0.0
W-2022-45,24,20,7,0.003977272727272727,841,0,0.0
W-2022-45,80,41,4,0.003972194637537239,842,0,0.0
W-2022-45,80,55,4,0.003972194637537239,843,0,0.0
W-2022-45,80,61,4,0.003972194637537239,844,0,0.0
W-2022-45,80,81,4,0.003972194637537239,845,0,0.0
W-2022-45,21,3,15,0.003967204443268976,846,0,0.0
W-2022-45,14,3,268,0.003964497041420118,847,0,0.0
W-2022-45,69,81,5,0.003940110323089046,848,0,0.0
W-2022-45,69,95,5,0.003940110323089046,849,0,0.0
W-2022-45,30,28,127,0.003927997030805394,850,0,0.0
W-2022-45,0,73,5,0.003909304143862392,851,0,0.0
W-2022-45,78,39,59,0.003907543545930194,852,0,0.0
W-2022-45,72,3,21,0.003896103896103896,853,0,0.0
W-2022-45,72,21,21,0.003896103896103896,854,0,0.0
W-2022-45,72,92,21,0.003896103896103896,855,0,0.0
W-2022-45,25,35,17,0.0038892701898878973,856,0,0.0
W-2022-45,68,78,196,0.003871604938271605,857,0,0.0
W-2022-45,11,67,53,0.0038691779821871807,858,0,0.0
W-2022-45,100,11,40,0.0038528221922558272,859,0,0.0
W-2022-45,38,10,19,0.0038453754300748835,860,0,0.0
W-2022-45,39,94,61,0.003821815675709542,861,0,0.0
W-2022-45,20,8,18,0.0038135593220338985,862,0,0.0
W-2022-45,49,55,1098,0.003809021622615459,863,0,0.0
W-2022-45,57,43,812,0.0037644877144181734,864,0,0.0
W-2022-45,84,80,5,0.003756574004507889,865,0,0.0
W-2022-45,87,4,9,0.003737541528239203,866,0,0.0
W-2022-45,94,16,10,0.0037243947858473,867,0,0.0
W-2022-45,94,100,10,0.0037243947858473,868,0,0.0
W-2022-45,81,7,8,0.003714020427112349,869,0,0.0
W-2022-45,81,97,8,0.003714020427112349,870,0,0.0
W-2022-45,42,48,528,0.0037121664850423594,871,0,0.0
W-2022-45,3,11,50,0.0037058997924696115,872,0,0.0
W-2022-45,42,51,527,0.003705135866699476,873,0,0.0
W-2022-45,39,11,59,0.0036965102437190654,874,0,0.0
W-2022-45,65,37,41,0.0036930282831922176,875,0,0.0
W-2022-45,96,36,1,0.0036900369003690036,876,0,0.0
W-2022-45,96,81,1,0.0036900369003690036,877,0,0.0
W-2022-45,96,88,1,0.0036900369003690036,878,0,0.0
W-2022-45,96,95,1,0.0036900369003690036,879,0,0.0
W-2022-45,89,91,825,0.0036514118792599806,880,0,0.0
W-2022-45,1,14,4,0.0036496350364963502,881,0,0.0
W-2022-45,78,70,55,0.0036426253394264523,882,0,0.0
W-2022-45,88,74,68,0.003630926954293037,883,0,0.0
W-2022-45,70,3,22,0.0036196117143797303,884,0,0.0
W-2022-45,73,8,18,0.0036188178528347406,885,0,0.0
W-2022-45,9,43,8,0.003592276605298608,886,0,0.0
W-2022-45,67,93,76,0.0035837223558259066,887,0,0.0
W-2022-45,16,36,3,0.0035629453681710215,888,0,0.0
W-2022-45,16,74,3,0.0035629453681710215,889,0,0.0
W-2022-45,23,55,2,0.003552397868561279,890,0,0.0
W-2022-45,23,84,2,0.003552397868561279,891,0,0.0
W-2022-45,59,50,1515,0.0035380911122684187,892,0,0.0
W-2022-45,72,14,19,0.0035250463821892395,893,0,0.0
W-2022-45,65,1,39,0.00351288056206089,894,0,0.0
W-2022-45,12,44,46,0.0035109143642192034,895,0,0.0
W-2022-45,95,34,2,0.0035087719298245615,896,0,0.0
W-2022-45,46,59,13,0.003505933117583603,897,0,0.0
W-2022-45,77,95,14,0.0034973769672745443,898,0,0.0
W-2022-45,29,99,726,0.0034725876039145534,899,0,0.0
W-2022-45,13,64,182,0.0034625116526834465,900,0,0.0
W-2022-45,63,73,8,0.0034438226431338786,901,0,0.0
W-2022-45,13,88,181,0.003443486863382988,902,0,0.0
W-2022-45,62,50,1689,0.0034319572315951387,903,0,0.0
W-2022-45,24,21,6,0.003409090909090909,904,0,0.0
W-2022-45,89,61,769,0.003403558466849606,905,0,0.0
W-2022-45,8,92,10,0.0034002040122407345,906,0,0.0
W-2022-45,74,3,9,0.003374578177727784,907,0,0.0
W-2022-45,49,44,969,0.003361513617772659,908,0,0.0
W-2022-45,68,100,170,0.003358024691358025,909,0,0.0
W-2022-45,18,80,39,0.0033508033336197268,910,0,0.0
W-2022-45,3,78,45,0.0033353098132226505,911,0,0.0
W-2022-45,87,101,8,0.0033222591362126247,912,0,0.0
W-2022-45,70,82,20,0.003290556103981573,913,0,0.0
W-2022-45,86,101,5,0.003287310979618672,914,0,0.0
W-2022-45,100,3,34,0.0032748988634174535,915,0,0.0
W-2022-45,4,64,50,0.0032522440483933913,916,0,0.0
W-2022-45,81,95,7,0.0032497678737233053,917,0,0.0
W-2022-45,64,92,18,0.003243243243243243,918,0,0.0
W-2022-45,64,100,18,0.003243243243243243,919,0,0.0
W-2022-45,36,8,89,0.0032432038481160267,920,0,0.0
W-2022-45,65,8,36,0.0032426589803638984,921,0,0.0
W-2022-45,97,55,39,0.003231687106397083,922,0,0.0
W-2022-45,48,58,79,0.0032004537352130933,923,0,0.0
W-2022-45,54,49,66,0.0031848670559281957,924,0,0.0
W-2022-45,90,83,13,0.0031753786028334147,925,0,0.0
W-2022-45,44,49,191,0.0031709139204781273,926,0,0.0
W-2022-45,65,92,35,0.0031525851197982345,927,0,0.0
W-2022-45,69,97,4,0.0031520882584712374,928,0,0.0
W-2022-45,11,88,43,0.0031391444006424294,929,0,0.0
W-2022-45,0,70,4,0.003127443315089914,930,0,0.0
W-2022-45,70,35,19,0.0031260282987824943,931,0,0.0
W-2022-45,22,87,31,0.003116204262163249,932,0,0.0
W-2022-45,92,100,30,0.0031065548306927616,933,0,0.0
W-2022-45,10,18,14,0.003104901308494123,934,0,0.0
W-2022-45,32,66,543,0.003067172778417949,935,0,0.0
W-2022-45,19,50,601,0.003060471037555697,936,0,0.0
W-2022-45,66,32,912,0.0030501264197134487,937,0,0.0
W-2022-45,78,3,46,0.0030465593747930324,938,0,0.0
W-2022-45,3,68,41,0.0030388378298250814,939,0,0.0
W-2022-45,43,55,265,0.003034293238678651,940,0,0.0
W-2022-45,22,63,30,0.0030156815440289505,941,0,0.0
W-2022-45,34,73,2,0.0030075187969924814,942,0,0.0
W-2022-45,18,55,35,0.0030071311968382164,943,0,0.0
W-2022-45,84,11,4,0.003005259203606311,944,0,0.0
W-2022-45,74,14,8,0.0029996250468691415,945,0,0.0
W-2022-45,77,69,12,0.0029977516862353237,946,0,0.0
W-2022-45,80,38,3,0.0029791459781529296,947,0,0.0
W-2022-45,43,49,260,0.0029770424228545258,948,0,0.0
W-2022-45,65,13,33,0.002972437398666907,949,0,0.0
W-2022-45,46,41,11,0.0029665587918015104,950,0,0.0
W-2022-45,46,101,11,0.0029665587918015104,951,0,0.0
W-2022-45,93,98,54,0.002954694681549573,952,0,0.0
W-2022-45,43,59,258,0.0029541420965248756,953,0,0.0
W-2022-45,71,11,1,0.002932551319648094,954,0,0.0
W-2022-45,71,34,1,0.002932551319648094,955,0,0.0
W-2022-45,71,49,1,0.002932551319648094,956,0,0.0
W-2022-45,71,50,1,0.002932551319648094,957,0,0.0
W-2022-45,71,57,1,0.002932551319648094,958,0,0.0
W-2022-45,71,69,1,0.002932551319648094,959,0,0.0
W-2022-45,71,75,1,0.002932551319648094,960,0,0.0
W-2022-45,71,93,1,0.002932551319648094,961,0,0.0
W-2022-45,71,95,1,0.002932551319648094,962,0,0.0
W-2022-45,44,56,176,0.002921889267037437,963,0,0.0
W-2022-45,48,53,72,0.002916869227029655,964,0,0.0
W-2022-45,51,58,10,0.0028977108084613156,965,0,0.0
W-2022-45,11,64,39,0.0028471309680245293,966,0,0.0
W-2022-45,24,37,5,0.002840909090909091,967,0,0.0
W-2022-45,57,50,612,0.0028372739916550766,968,0,0.0
W-2022-45,67,80,60,0.0028292544914415053,969,0,0.0
W-2022-45,14,11,191,0.0028254437869822484,970,0,0.0
W-2022-45,17,78,472,0.0028166492615246904,971,0,0.0
W-2022-45,98,71,40,0.0028145229383619475,972,0,0.0
W-2022-45,14,17,190,0.0028106508875739645,973,0,0.0
W-2022-45,44,48,169,0.0028056777620984476,974,0,0.0
W-2022-45,83,1,2,0.002789400278940028,975,0,0.0
W-2022-45,83,14,2,0.002789400278940028,976,0,0.0
W-2022-45,81,34,6,0.002785515320334262,977,0,0.0
W-2022-45,85,15,9,0.002778635381290522,978,0,0.0
W-2022-45,26,99,198,0.0027766870477365794,979,0,0.0
W-2022-45,18,97,32,0.0027493770942520835,980,0,0.0
W-2022-45,77,23,11,0.0027479390457157134,981,0,0.0
W-2022-45,36,83,75,0.002733036950659573,982,0,0.0
W-2022-45,62,60,1340,0.002722807987174355,983,0,0.0
W-2022-45,64,0,15,0.002702702702702703,984,0,0.0
W-2022-45,65,17,30,0.0027022158169699153,985,0,0.0
W-2022-45,9,57,6,0.002694207453973956,986,0,0.0
W-2022-45,9,58,6,0.002694207453973956,987,0,0.0
W-2022-45,9,89,6,0.002694207453973956,988,0,0.0
W-2022-45,92,94,26,0.002692347519933727,989,0,0.0
W-2022-45,60,50,174,0.0026741666282447322,990,0,0.0
W-2022-45,12,67,35,0.002671347885818959,991,0,0.0
W-2022-45,88,72,50,0.0026697992310978215,992,0,0.0
W-2022-45,4,74,41,0.002666840119682581,993,0,0.0
W-2022-45,36,20,73,0.002660155965308651,994,0,0.0
W-2022-45,97,88,32,0.002651640702684786,995,0,0.0
W-2022-45,62,53,1304,0.002649657921847283,996,0,0.0
W-2022-45,33,49,43,0.00264387604525332,997,0,0.0
W-2022-45,56,55,46,0.0026421596783457782,998,0,0.0
W-2022-45,67,95,56,0.0026406375253454047,999,0,0.0
W-2022-45,44,43,159,0.0026396613264713206,1000,0,0.0
W-2022-45,74,16,7,0.0026246719160104987,1001,0,0.0
W-2022-45,74,35,7,0.0026246719160104987,1002,0,0.0
W-2022-45,74,82,7,0.0026246719160104987,1003,0,0.0
W-2022-45,44,57,158,0.0026230596829086078,1004,0,0.0
W-2022-45,53,60,55,0.002621669288335955,1005,0,0.0
W-2022-45,66,26,783,0.002618694064293454,1006,0,0.0
W-2022-45,88,70,49,0.002616403246475865,1007,0,0.0
W-2022-45,12,54,34,0.0025950236605098457,1008,0,0.0
W-2022-45,92,72,25,0.002588795692243968,1009,0,0.0
W-2022-45,14,78,175,0.0025887573964497044,1010,0,0.0
W-2022-45,55,59,1004,0.0025863157108375386,1011,0,0.0
W-2022-45,63,101,6,0.002582866982350409,1012,0,0.0
W-2022-45,61,48,479,0.002571287468865413,1013,0,0.0
W-2022-45,54,48,53,0.0025575447570332483,1014,0,0.0
W-2022-45,11,85,35,0.0025551175354066287,1015,0,0.0
W-2022-45,11,94,35,0.0025551175354066287,1016,0,0.0
W-2022-45,13,100,134,0.0025493217662614386,1017,0,0.0
W-2022-45,20,24,12,0.002542372881355932,1018,0,0.0
W-2022-45,19,41,498,0.002535964353914704,1019,0,0.0
W-2022-45,22,35,25,0.002513067953357459,1020,0,0.0
W-2022-45,41,42,1165,0.002512151048203111,1021,0,0.0
W-2022-45,48,50,62,0.0025117485010533137,1022,0,0.0
W-2022-45,35,68,7,0.002510760401721664,1023,0,0.0
W-2022-45,35,85,7,0.002510760401721664,1024,0,0.0
W-2022-45,68,92,127,0.002508641975308642,1025,0,0.0
W-2022-45,58,60,19,0.0024947478991596637,1026,0,0.0
W-2022-45,87,88,6,0.0024916943521594683,1027,0,0.0
W-2022-45,47,54,111,0.002483999462919035,1028,0,0.0
W-2022-45,19,62,486,0.0024748567791215786,1029,0,0.0
W-2022-45,14,13,167,0.002470414201183432,1030,0,0.0
W-2022-45,70,100,15,0.0024679170779861796,1031,0,0.0
W-2022-45,33,61,40,0.002459419576979833,1032,0,0.0
W-2022-45,88,21,46,0.0024562152926099956,1033,0,0.0
W-2022-45,55,89,950,0.0024472110809717748,1034,0,0.0
W-2022-45,3,70,33,0.0024458938630299437,1035,0,0.0
W-2022-45,90,78,10,0.002442598925256473,1036,0,0.0
W-2022-45,12,79,32,0.00244237520989162,1037,0,0.0
W-2022-45,46,49,9,0.0024271844660194173,1038,0,0.0
W-2022-45,46,50,9,0.0024271844660194173,1039,0,0.0
W-2022-45,73,78,12,0.0024125452352231603,1040,0,0.0
W-2022-45,72,85,13,0.002411873840445269,1041,0,0.0
W-2022-45,45,62,23,0.0024071166928309787,1042,0,0.0
W-2022-45,15,14,28,0.0024050850369352343,1043,0,0.0
W-2022-45,97,77,29,0.0024030493868080877,1044,0,0.0
W-2022-45,7,6,3,0.0023961661341853034,1045,0,0.0
W-2022-45,7,18,3,0.0023961661341853034,1046,0,0.0
W-2022-45,7,55,3,0.0023961661341853034,1047,0,0.0
W-2022-45,53,57,50,0.00238333571666905,1048,0,0.0
W-2022-45,92,21,23,0.0023816920368644507,1049,0,0.0
W-2022-45,40,48,8,0.0023802439750074383,1050,0,0.0
W-2022-45,8,83,7,0.0023801428085685142,1051,0,0.0
W-2022-45,16,0,2,0.0023752969121140144,1052,0,0.0
W-2022-45,16,21,2,0.0023752969121140144,1053,0,0.0
W-2022-45,16,65,2,0.0023752969121140144,1054,0,0.0
W-2022-45,69,55,3,0.002364066193853428,1055,0,0.0
W-2022-45,69,93,3,0.002364066193853428,1056,0,0.0
W-2022-45,0,21,3,0.0023455824863174357,1057,0,0.0
W-2022-45,13,11,123,0.002340049083956395,1058,0,0.0
W-2022-45,53,50,49,0.002335669002335669,1059,0,0.0
W-2022-45,81,84,5,0.002321262766945218,1060,0,0.0
W-2022-45,13,78,122,0.002321024294655937,1061,0,0.0
W-2022-45,52,55,74,0.00230235524719206,1062,0,0.0
W-2022-45,12,55,30,0.0022897267592733935,1063,0,0.0
W-2022-45,25,1,10,0.0022878059940517046,1064,0,0.0
W-2022-45,24,74,4,0.0022727272727272726,1065,0,0.0
W-2022-45,54,12,47,0.002268011388312503,1066,0,0.0
W-2022-45,36,37,62,0.0022593105458785802,1067,0,0.0
W-2022-45,84,10,3,0.002253944402704733,1068,0,0.0
W-2022-45,84,75,3,0.002253944402704733,1069,0,0.0
W-2022-45,57,44,484,0.0022438572090866943,1070,0,0.0
W-2022-45,43,44,195,0.002232781817140894,1071,0,0.0
W-2022-45,10,97,10,0.0022177866489243737,1072,0,0.0
W-2022-45,47,11,99,0.0022154589804413015,1073,0,0.0
W-2022-45,4,85,34,0.002211525952907506,1074,0,0.0
W-2022-45,55,61,855,0.002202489972874597,1075,0,0.0
W-2022-45,90,3,9,0.0021983390327308255,1076,0,0.0
W-2022-45,47,49,98,0.0021930806069014905,1077,0,0.0
W-2022-45,11,77,30,0.002190100744634253,1078,0,0.0
W-2022-45,78,35,33,0.002185575203655871,1079,0,0.0
W-2022-45,98,93,31,0.0021812552772305094,1080,0,0.0
W-2022-45,101,89,719,0.0021801818738648045,1081,0,0.0
W-2022-45,2,13,1,0.002173913043478261,1082,0,0.0
W-2022-45,2,35,1,0.002173913043478261,1083,0,0.0
W-2022-45,2,72,1,0.002173913043478261,1084,0,0.0
W-2022-45,2,88,1,0.002173913043478261,1085,0,0.0
W-2022-45,2,90,1,0.002173913043478261,1086,0,0.0
W-2022-45,2,92,1,0.002173913043478261,1087,0,0.0
W-2022-45,2,100,1,0.002173913043478261,1088,0,0.0
W-2022-45,2,101,1,0.002173913043478261,1089,0,0.0
W-2022-45,64,72,12,0.002162162162162162,1090,0,0.0
W-2022-45,65,14,24,0.0021617726535759323,1091,0,0.0
W-2022-45,55,43,837,0.0021561217629193427,1092,0,0.0
W-2022-45,63,91,5,0.002152389151958674,1093,0,0.0
W-2022-45,70,24,13,0.0021388614675880223,1094,0,0.0
W-2022-45,101,54,701,0.0021256015209725008,1095,0,0.0
W-2022-45,100,74,22,0.002119052205740705,1096,0,0.0
W-2022-45,19,89,413,0.0021031190324633992,1097,0,0.0
W-2022-45,45,47,20,0.0020931449502878076,1098,0,0.0
W-2022-45,55,91,811,0.0020891454596506415,1099,0,0.0
W-2022-45,4,2,32,0.0020814361909717704,1100,0,0.0
W-2022-45,87,73,5,0.0020764119601328905,1101,0,0.0
W-2022-45,42,43,294,0.0020670017928076773,1102,0,0.0
W-2022-45,72,94,11,0.0020408163265306124,1103,0,0.0
W-2022-45,36,1,56,0.0020406675898258144,1104,0,0.0
W-2022-45,42,53,290,0.0020388793194361446,1105,0,0.0
W-2022-45,51,89,7,0.002028397565922921,1106,0,0.0
W-2022-45,67,69,43,0.0020276323855330787,1107,0,0.0
W-2022-45,38,101,10,0.0020238818053025702,1108,0,0.0
W-2022-45,4,35,31,0.0020163913100039025,1109,0,0.0
W-2022-45,53,55,42,0.002002002002002002,1110,0,0.0
W-2022-45,77,101,8,0.0019985011241568824,1111,0,0.0
W-2022-45,10,84,9,0.001996007984031936,1112,0,0.0
W-2022-45,80,84,2,0.0019860973187686196,1113,0,0.0
W-2022-45,80,97,2,0.0019860973187686196,1114,0,0.0
W-2022-45,79,67,121,0.0019776088910680722,1115,0,0.0
W-2022-45,70,85,12,0.0019743336623889436,1116,0,0.0
W-2022-45,86,34,3,0.0019723865877712033,1117,0,0.0
W-2022-45,86,55,3,0.0019723865877712033,1118,0,0.0
W-2022-45,86,62,3,0.0019723865877712033,1119,0,0.0
W-2022-45,86,67,3,0.0019723865877712033,1120,0,0.0
W-2022-45,86,84,3,0.0019723865877712033,1121,0,0.0
W-2022-45,86,89,3,0.0019723865877712033,1122,0,0.0
W-2022-45,11,8,27,0.0019710906701708277,1123,0,0.0
W-2022-45,98,84,28,0.0019701660568533634,1124,0,0.0
W-2022-45,92,64,19,0.0019674847261054156,1125,0,0.0
W-2022-45,26,28,140,0.0019633140741571772,1126,0,0.0
W-2022-45,68,39,99,0.0019555555555555554,1127,0,0.0
W-2022-45,91,98,528,0.0019543684576775588,1128,0,0.0
W-2022-45,68,14,98,0.0019358024691358024,1129,0,0.0
W-2022-45,43,61,169,0.0019350775748554418,1130,0,0.0
W-2022-45,54,61,40,0.0019302224581383004,1131,0,0.0
W-2022-45,88,90,36,0.0019222554463904314,1132,0,0.0
W-2022-45,88,100,36,0.0019222554463904314,1133,0,0.0
W-2022-45,49,42,548,0.0019010417570066223,1134,0,0.0
W-2022-45,11,97,26,0.0018980873120163528,1135,0,0.0
W-2022-45,11,100,26,0.0018980873120163528,1136,0,0.0
W-2022-45,46,55,7,0.0018878101402373248,1137,0,0.0
W-2022-45,67,88,40,0.0018861696609610034,1138,0,0.0
W-2022-45,54,60,39,0.001881966896684843,1139,0,0.0
W-2022-45,74,73,5,0.0018747656542932134,1140,0,0.0
W-2022-45,74,85,5,0.0018747656542932134,1141,0,0.0
W-2022-45,88,82,35,0.001868859461768475,1142,0,0.0
W-2022-45,92,4,18,0.001863932898415657,1143,0,0.0
W-2022-45,92,73,18,0.001863932898415657,1144,0,0.0
W-2022-45,89,101,419,0.0018544746392847658,1145,0,0.0
W-2022-45,85,0,6,0.0018524235875270144,1146,0,0.0
W-2022-45,85,24,6,0.0018524235875270144,1147,0,0.0
W-2022-45,21,82,7,0.0018513620735255223,1148,0,0.0
W-2022-45,17,4,310,0.0018499179471878264,1149,0,0.0
W-2022-45,25,72,8,0.0018302447952413636,1150,0,0.0
W-2022-45,100,35,19,0.001830090541321518,1151,0,0.0
W-2022-45,1,64,2,0.0018248175182481751,1152,0,0.0
W-2022-45,1,83,2,0.0018248175182481751,1153,0,0.0
W-2022-45,1,88,2,0.0018248175182481751,1154,0,0.0
W-2022-45,39,17,29,0.0018169287638619134,1155,0,0.0
W-2022-45,73,92,9,0.0018094089264173703,1156,0,0.0
W-2022-45,15,92,21,0.0018038137777014259,1157,0,0.0
W-2022-45,9,42,4,0.001796138302649304,1158,0,0.0
W-2022-45,35,13,5,0.001793400286944046,1159,0,0.0
W-2022-45,35,65,5,0.001793400286944046,1160,0,0.0
W-2022-45,78,74,27,0.0017881978939002583,1161,0,0.0
W-2022-45,61,56,333,0.0017875547539293996,1162,0,0.0
W-2022-45,23,29,1,0.0017761989342806395,1163,0,0.0
W-2022-45,23,50,1,0.0017761989342806395,1164,0,0.0
W-2022-45,23,61,1,0.0017761989342806395,1165,0,0.0
W-2022-45,23,69,1,0.0017761989342806395,1166,0,0.0
W-2022-45,23,71,1,0.0017761989342806395,1167,0,0.0
W-2022-45,23,75,1,0.0017761989342806395,1168,0,0.0
W-2022-45,10,41,8,0.0017742293191394987,1169,0,0.0
W-2022-45,53,59,37,0.001763668430335097,1170,0,0.0
W-2022-45,88,78,33,0.0017620674925245621,1171,0,0.0
W-2022-45,62,52,867,0.0017616974066269895,1172,0,0.0
W-2022-45,49,60,507,0.0017588105306612365,1173,0,0.0
W-2022-45,95,25,1,0.0017543859649122807,1174,0,0.0
W-2022-45,95,61,1,0.0017543859649122807,1175,0,0.0
W-2022-45,95,76,1,0.0017543859649122807,1176,0,0.0
W-2022-45,95,80,1,0.0017543859649122807,1177,0,0.0
W-2022-45,95,84,1,0.0017543859649122807,1178,0,0.0
W-2022-45,95,101,1,0.0017543859649122807,1179,0,0.0
W-2022-45,93,67,32,0.0017509301816590063,1180,0,0.0
W-2022-45,91,67,472,0.001747086954590545,1181,0,0.0
W-2022-45,49,53,499,0.0017310580962523806,1182,0,0.0
W-2022-45,63,41,4,0.0017219113215669393,1183,0,0.0
W-2022-45,63,89,4,0.0017219113215669393,1184,0,0.0
W-2022-45,60,53,112,0.001721302657260977,1185,0,0.0
W-2022-45,60,54,112,0.001721302657260977,1186,0,0.0
W-2022-45,90,8,7,0.001709819247679531,1187,0,0.0
W-2022-45,90,35,7,0.001709819247679531,1188,0,0.0
W-2022-45,58,9,13,0.0017069327731092437,1189,0,0.0
W-2022-45,58,45,13,0.0017069327731092437,1190,0,0.0
W-2022-45,3,100,23,0.0017047139045360214,1191,0,0.0
W-2022-45,24,0,3,0.0017045454545454545,1192,0,0.0
W-2022-45,24,68,3,0.0017045454545454545,1193,0,0.0
W-2022-45,24,90,3,0.0017045454545454545,1194,0,0.0
W-2022-45,24,92,3,0.0017045454545454545,1195,0,0.0
W-2022-45,8,21,5,0.0017001020061203672,1196,0,0.0
W-2022-45,8,85,5,0.0017001020061203672,1197,0,0.0
W-2022-45,32,31,299,0.0016889220271583182,1198,0,0.0
W-2022-45,59,60,720,0.001681469043454298,1199,0,0.0
W-2022-45,68,11,85,0.0016790123456790125,1200,0,0.0
W-2022-45,66,30,501,0.0016755628687241642,1201,0,0.0
W-2022-45,17,11,279,0.0016649261524690436,1202,0,0.0
W-2022-45,62,47,819,0.0016641639861908932,1203,0,0.0
W-2022-45,48,45,41,0.0016609949765029979,1204,0,0.0
W-2022-45,44,54,100,0.001660164356271271,1205,0,0.0
W-2022-45,101,60,547,0.0016586362795605674,1206,0,0.0
W-2022-45,27,66,39,0.0016577403723539914,1207,0,0.0
W-2022-45,92,0,16,0.0016568292430361397,1208,0,0.0
W-2022-45,67,81,35,0.001650398453340878,1209,0,0.0
W-2022-45,42,47,233,0.0016381340738917988,1210,0,0.0
W-2022-45,65,68,18,0.0016213294901819492,1211,0,0.0
W-2022-45,53,42,34,0.001620668287334954,1212,0,0.0
W-2022-45,50,59,548,0.0016201274224304867,1213,0,0.0
W-2022-45,38,55,8,0.0016191054442420564,1214,0,0.0
W-2022-45,46,62,6,0.0016181229773462784,1215,0,0.0
W-2022-45,61,89,300,0.0016104096882246844,1216,0,0.0
W-2022-45,73,3,8,0.0016083634901487736,1217,0,0.0
W-2022-45,73,63,8,0.0016083634901487736,1218,0,0.0
W-2022-45,73,94,8,0.0016083634901487736,1219,0,0.0
W-2022-45,11,1,22,0.0016060738793984522,1220,0,0.0
W-2022-45,33,50,26,0.0015986227250368913,1221,0,0.0
W-2022-45,7,81,2,0.001597444089456869,1222,0,0.0
W-2022-45,54,51,33,0.0015924335279640979,1223,0,0.0
W-2022-45,21,16,6,0.0015868817773075905,1224,0,0.0
W-2022-45,69,44,2,0.0015760441292356187,1225,0,0.0
W-2022-45,69,89,2,0.0015760441292356187,1226,0,0.0
W-2022-45,58,89,12,0.0015756302521008404,1227,0,0.0
W-2022-45,97,18,19,0.0015744116672190918,1228,0,0.0
W-2022-45,97,86,19,0.0015744116672190918,1229,0,0.0
W-2022-45,55,44,608,0.0015662150918219358,1230,0,0.0
W-2022-45,0,15,2,0.001563721657544957,1231,0,0.0
W-2022-45,13,36,82,0.0015600327226375967,1232,0,0.0
W-2022-45,3,13,21,0.001556477912837237,1233,0,0.0
W-2022-45,10,86,7,0.0015524506542470614,1234,0,0.0
W-2022-45,50,55,525,0.0015521293736788422,1235,0,0.0
W-2022-45,18,11,18,0.001546524615516797,1236,0,0.0
W-2022-45,15,64,18,0.0015461260951726507,1237,0,0.0
W-2022-45,17,39,259,0.0015455766074891839,1238,0,0.0
W-2022-45,62,56,760,0.0015442791569048582,1239,0,0.0
W-2022-45,26,66,110,0.0015426039154092107,1240,0,0.0
W-2022-45,100,65,16,0.001541128876902331,1241,0,0.0
W-2022-45,100,92,16,0.001541128876902331,1242,0,0.0
W-2022-45,61,60,287,0.0015406252684016146,1243,0,0.0
W-2022-45,48,89,38,0.0015394587587100957,1244,0,0.0
W-2022-45,57,89,332,0.0015391747797867407,1245,0,0.0
W-2022-45,53,44,32,0.001525334858668192,1246,0,0.0
W-2022-45,79,55,93,0.0015199803873498406,1247,0,0.0
W-2022-45,62,54,745,0.001513799963018578,1248,0,0.0
W-2022-45,22,88,15,0.0015078407720144752,1249,0,0.0
W-2022-45,34,19,1,0.0015037593984962407,1250,0,0.0
W-2022-45,34,55,1,0.0015037593984962407,1251,0,0.0
W-2022-45,34,59,1,0.0015037593984962407,1252,0,0.0
W-2022-45,34,77,1,0.0015037593984962407,1253,0,0.0
W-2022-45,34,89,1,0.0015037593984962407,1254,0,0.0
W-2022-45,84,19,2,0.0015026296018031556,1255,0,0.0
W-2022-45,84,29,2,0.0015026296018031556,1256,0,0.0
W-2022-45,77,41,6,0.0014988758431176618,1257,0,0.0
W-2022-45,4,94,23,0.0014960322622609601,1258,0,0.0
W-2022-45,97,11,18,0.0014915478952601923,1259,0,0.0
W-2022-45,97,34,18,0.0014915478952601923,1260,0,0.0
W-2022-45,89,55,337,0.001491546428255289,1261,0,0.0
W-2022-45,94,3,4,0.0014897579143389199,1262,0,0.0
W-2022-45,94,8,4,0.0014897579143389199,1263,0,0.0
W-2022-45,94,73,4,0.0014897579143389199,1264,0,0.0
W-2022-45,94,83,4,0.0014897579143389199,1265,0,0.0
W-2022-45,6,11,1,0.001488095238095238,1266,0,0.0
W-2022-45,6,66,1,0.001488095238095238,1267,0,0.0
W-2022-45,6,88,1,0.001488095238095238,1268,0,0.0
W-2022-45,6,97,1,0.001488095238095238,1269,0,0.0
W-2022-45,72,100,8,0.001484230055658627,1270,0,0.0
W-2022-45,82,92,24,0.0014753796028769903,1271,0,0.0
W-2022-45,79,88,90,0.0014709487619514587,1272,0,0.0
W-2022-45,99,30,25,0.001443918216472219,1273,0,0.0
W-2022-45,14,82,97,0.0014349112426035504,1274,0,0.0
W-2022-45,35,1,4,0.0014347202295552368,1275,0,0.0
W-2022-45,38,93,7,0.0014167172637117992,1276,0,0.0
W-2022-45,82,3,23,0.0014139054527571157,1277,0,0.0
W-2022-45,3,90,19,0.0014082419211384524,1278,0,0.0
W-2022-45,73,16,7,0.0014073180538801769,1279,0,0.0
W-2022-45,98,81,20,0.0014072614691809737,1280,0,0.0
W-2022-45,61,55,262,0.0014064244610495578,1281,0,0.0
W-2022-45,54,58,29,0.001399411282150268,1282,0,0.0
W-2022-45,83,19,1,0.001394700139470014,1283,0,0.0
W-2022-45,83,21,1,0.001394700139470014,1284,0,0.0
W-2022-45,83,25,1,0.001394700139470014,1285,0,0.0
W-2022-45,83,68,1,0.001394700139470014,1286,0,0.0
W-2022-45,83,101,1,0.001394700139470014,1287,0,0.0
W-2022-45,81,66,3,0.001392757660167131,1288,0,0.0
W-2022-45,81,86,3,0.001392757660167131,1289,0,0.0
W-2022-45,47,58,61,0.0013650807859284786,1290,0,0.0
W-2022-45,8,1,4,0.0013600816048962938,1291,0,0.0
W-2022-45,8,68,4,0.0013600816048962938,1292,0,0.0
W-2022-45,59,47,581,0.0013568521031207597,1293,0,0.0
W-2022-45,100,94,14,0.0013484877672895396,1294,0,0.0
W-2022-45,36,73,37,0.001348298228992056,1295,0,0.0
W-2022-45,9,45,3,0.001347103726986978,1296,0,0.0
W-2022-45,9,54,3,0.001347103726986978,1297,0,0.0
W-2022-45,9,56,3,0.001347103726986978,1298,0,0.0
W-2022-45,43,50,117,0.0013396690902845365,1299,0,0.0
W-2022-45,88,89,25,0.0013348996155489107,1300,0,0.0
W-2022-45,53,49,28,0.001334668001334668,1301,0,0.0
W-2022-45,13,74,70,0.0013317352510320948,1302,0,0.0
W-2022-45,42,57,189,0.0013287868668049355,1303,0,0.0
W-2022-45,78,21,20,0.00132459103251871,1304,0,0.0
W-2022-45,21,1,5,0.0013224014810896587,1305,0,0.0
W-2022-45,21,15,5,0.0013224014810896587,1306,0,0.0
W-2022-45,21,24,5,0.0013224014810896587,1307,0,0.0
W-2022-45,86,6,2,0.0013149243918474688,1308,0,0.0
W-2022-45,86,81,2,0.0013149243918474688,1309,0,0.0
W-2022-45,11,25,18,0.001314060446780552,1310,0,0.0
W-2022-45,58,12,10,0.0013130252100840337,1311,0,0.0
W-2022-45,60,48,85,0.0013063457666712772,1312,0,0.0
W-2022-45,72,24,7,0.0012987012987012987,1313,0,0.0
W-2022-45,72,25,7,0.0012987012987012987,1314,0,0.0
W-2022-45,63,55,3,0.0012914334911752045,1315,0,0.0
W-2022-45,63,78,3,0.0012914334911752045,1316,0,0.0
W-2022-45,63,88,3,0.0012914334911752045,1317,0,0.0
W-2022-45,15,78,15,0.0012884384126438757,1318,0,0.0
W-2022-45,88,36,24,0.0012815036309269544,1319,0,0.0
W-2022-45,52,9,41,0.0012756292585793846,1320,0,0.0
W-2022-45,20,25,6,0.001271186440677966,1321,0,0.0
W-2022-45,98,10,18,0.0012665353222628764,1322,0,0.0
W-2022-45,68,64,64,0.0012641975308641975,1323,0,0.0
W-2022-45,64,36,7,0.0012612612612612612,1324,0,0.0
W-2022-45,78,64,19,0.0012583614808927743,1325,0,0.0
W-2022-45,77,38,5,0.0012490632025980515,1326,0,0.0
W-2022-45,77,50,5,0.0012490632025980515,1327,0,0.0
W-2022-45,77,93,5,0.0012490632025980515,1328,0,0.0
W-2022-45,87,25,3,0.0012458471760797341,1329,0,0.0
W-2022-45,87,35,3,0.0012458471760797341,1330,0,0.0
W-2022-45,92,88,12,0.0012426219322771047,1331,0,0.0
W-2022-45,53,43,26,0.001239334572667906,1332,0,0.0
W-2022-45,85,73,4,0.001234949058351343,1333,0,0.0
W-2022-45,67,11,26,0.0012260102796246522,1334,0,0.0
W-2022-45,91,93,331,0.0012251817414607423,1335,0,0.0
W-2022-45,90,37,5,0.0012212994626282364,1336,0,0.0
W-2022-45,90,101,5,0.0012212994626282364,1337,0,0.0
W-2022-45,12,62,16,0.00122118760494581,1338,0,0.0
W-2022-45,12,101,16,0.00122118760494581,1339,0,0.0
W-2022-45,61,44,227,0.0012185433307566778,1340,0,0.0
W-2022-45,38,96,6,0.0012143290831815423,1341,0,0.0
W-2022-45,55,54,469,0.0012081494705008023,1342,0,0.0
W-2022-45,22,72,12,0.0012062726176115801,1343,0,0.0
W-2022-45,73,1,6,0.0012062726176115801,1344,0,0.0
W-2022-45,73,64,6,0.0012062726176115801,1345,0,0.0
W-2022-45,56,42,21,0.0012062033314187248,1346,0,0.0
W-2022-45,49,33,347,0.0012037618424841205,1347,0,0.0
W-2022-45,78,0,18,0.001192131929266839,1348,0,0.0
W-2022-45,16,17,1,0.0011876484560570072,1349,0,0.0
W-2022-45,16,18,1,0.0011876484560570072,1350,0,0.0
W-2022-45,16,72,1,0.0011876484560570072,1351,0,0.0
W-2022-45,16,83,1,0.0011876484560570072,1352,0,0.0
W-2022-45,13,14,62,0.0011795369366284269,1353,0,0.0
W-2022-45,43,60,103,0.001179366805976985,1354,0,0.0
W-2022-45,67,7,25,0.001178856038100627,1355,0,0.0
W-2022-45,88,97,22,0.0011747116616830414,1356,0,0.0
W-2022-45,65,39,13,0.00117096018735363,1357,0,0.0
W-2022-45,33,42,19,0.0011682242990654205,1358,0,0.0
W-2022-45,82,11,19,0.0011680088522776173,1359,0,0.0
W-2022-45,97,10,14,0.001160092807424594,1360,0,0.0
W-2022-45,97,71,14,0.001160092807424594,1361,0,0.0
W-2022-45,51,56,4,0.0011590843233845263,1362,0,0.0
W-2022-45,49,59,334,0.0011586641365697297,1363,0,0.0
W-2022-45,37,3,6,0.001156515034695451,1364,0,0.0
W-2022-45,37,68,6,0.001156515034695451,1365,0,0.0
W-2022-45,100,24,12,0.0011558466576767482,1366,0,0.0
W-2022-45,70,0,7,0.0011516946363935505,1367,0,0.0
W-2022-45,56,57,20,0.0011487650775416428,1368,0,0.0
W-2022-45,68,74,58,0.001145679012345679,1369,0,0.0
W-2022-45,41,89,530,0.001142867000470085,1370,0,0.0
W-2022-45,92,16,11,0.001139070104587346,1371,0,0.0
W-2022-45,24,3,2,0.0011363636363636363,1372,0,0.0
W-2022-45,24,35,2,0.0011363636363636363,1373,0,0.0
W-2022-45,24,82,2,0.0011363636363636363,1374,0,0.0
W-2022-45,24,85,2,0.0011363636363636363,1375,0,0.0
W-2022-45,24,88,2,0.0011363636363636363,1376,0,0.0
W-2022-45,24,100,2,0.0011363636363636363,1377,0,0.0
W-2022-45,57,62,244,0.0011312007417709781,1378,0,0.0
W-2022-45,98,34,16,0.001125809175344779,1379,0,0.0
W-2022-45,98,38,16,0.001125809175344779,1380,0,0.0
W-2022-45,98,41,16,0.001125809175344779,1381,0,0.0
W-2022-45,74,24,3,0.0011248593925759281,1382,0,0.0
W-2022-45,18,71,13,0.001116934444539909,1383,0,0.0
W-2022-45,18,88,13,0.001116934444539909,1384,0,0.0
W-2022-45,18,93,13,0.001116934444539909,1385,0,0.0
W-2022-45,19,49,218,0.0011101209420751113,1386,0,0.0
W-2022-45,10,11,5,0.0011088933244621868,1387,0,0.0
W-2022-45,10,67,5,0.0011088933244621868,1388,0,0.0
W-2022-45,4,0,17,0.001105762976453753,1389,0,0.0
W-2022-45,17,3,184,0.0010980158138147098,1390,0,0.0
W-2022-45,36,39,30,0.0010932147802638291,1391,0,0.0
W-2022-45,17,14,183,0.001092048336565717,1392,0,0.0
W-2022-45,42,12,155,0.0010897458431469048,1393,0,0.0
W-2022-45,59,49,466,0.001088284130902365,1394,0,0.0
W-2022-45,42,50,154,0.0010827152248040215,1395,0,0.0
W-2022-45,64,16,6,0.001081081081081081,1396,0,0.0
W-2022-45,97,38,13,0.0010772290354656945,1397,0,0.0
W-2022-45,35,24,3,0.0010760401721664275,1398,0,0.0
W-2022-45,35,64,3,0.0010760401721664275,1399,0,0.0
W-2022-45,35,73,3,0.0010760401721664275,1400,0,0.0
W-2022-45,27,28,25,0.0010626540848423021,1401,0,0.0
W-2022-45,50,89,357,0.0010554479741016127,1402,0,0.0
W-2022-45,61,47,196,0.0010521343296401272,1403,0,0.0
W-2022-45,45,60,10,0.0010465724751439038,1404,0,0.0
W-2022-45,44,47,63,0.0010459035444509005,1405,0,0.0
W-2022-45,82,35,17,0.001045060552037868,1406,0,0.0
W-2022-45,4,78,16,0.0010407180954858852,1407,0,0.0
W-2022-45,93,79,19,0.0010396147953600351,1408,0,0.0
W-2022-45,3,92,14,0.0010376519418914913,1409,0,0.0
W-2022-45,60,47,67,0.0010297078396114775,1410,0,0.0
W-2022-45,89,41,232,0.0010268212799858368,1411,0,0.0
W-2022-45,11,55,14,0.0010220470141626514,1412,0,0.0
W-2022-45,8,74,3,0.0010200612036722204,1413,0,0.0
W-2022-45,8,88,3,0.0010200612036722204,1414,0,0.0
W-2022-45,88,38,19,0.001014523707817172,1415,0,0.0
W-2022-45,88,77,19,0.001014523707817172,1416,0,0.0
W-2022-45,49,89,292,0.0010129638559232368,1417,0,0.0
W-2022-45,38,6,5,0.0010119409026512851,1418,0,0.0
W-2022-45,38,75,5,0.0010119409026512851,1419,0,0.0
W-2022-45,89,79,228,0.0010091174648136673,1420,0,0.0
W-2022-45,73,0,5,0.0010052271813429834,1421,0,0.0
W-2022-45,73,74,5,0.0010052271813429834,1422,0,0.0
W-2022-45,73,83,5,0.0010052271813429834,1423,0,0.0
W-2022-45,39,88,16,0.0010024434559238143,1424,0,0.0
W-2022-45,77,57,4,0.0009992505620784412,1425,0,0.0
W-2022-45,17,64,167,0.000996568700581829,1426,0,0.0
W-2022-45,97,101,12,0.0009943652635067948,1427,0,0.0
W-2022-45,62,48,489,0.000993621720692731,1428,0,0.0
W-2022-45,80,23,1,0.0009930486593843098,1429,0,0.0
W-2022-45,80,57,1,0.0009930486593843098,1430,0,0.0
W-2022-45,80,71,1,0.0009930486593843098,1431,0,0.0
W-2022-45,80,93,1,0.0009930486593843098,1432,0,0.0
W-2022-45,80,95,1,0.0009930486593843098,1433,0,0.0
W-2022-45,12,49,13,0.0009922149290184704,1434,0,0.0
W-2022-45,57,55,213,0.0009874826147426982,1435,0,0.0
W-2022-45,70,73,6,0.0009871668311944718,1436,0,0.0
W-2022-45,82,70,16,0.0009835864019179935,1437,0,0.0
W-2022-45,32,99,173,0.000977202376917689,1438,0,0.0
W-2022-45,4,37,15,0.0009756732145180174,1439,0,0.0
W-2022-45,101,52,320,0.0009703173847520688,1440,0,0.0
W-2022-45,79,77,59,0.0009642886328348452,1441,0,0.0
W-2022-45,37,24,5,0.0009637625289128759,1442,0,0.0
W-2022-45,42,54,137,0.0009631947129750062,1443,0,0.0
W-2022-45,88,3,18,0.0009611277231952157,1444,0,0.0
W-2022-45,11,35,13,0.0009490436560081764,1445,0,0.0
W-2022-45,18,10,11,0.0009450983761491537,1446,0,0.0
W-2022-45,18,50,11,0.0009450983761491537,1447,0,0.0
W-2022-45,59,48,401,0.0009364848422571853,1448,0,0.0
W-2022-45,92,35,9,0.0009319664492078285,1449,0,0.0
W-2022-45,17,92,156,0.0009309264508429062,1450,0,0.0
W-2022-45,81,6,2,0.0009285051067780873,1451,0,0.0
W-2022-45,81,62,2,0.0009285051067780873,1452,0,0.0
W-2022-45,81,71,2,0.0009285051067780873,1453,0,0.0
W-2022-45,81,88,2,0.0009285051067780873,1454,0,0.0
W-2022-45,81,93,2,0.0009285051067780873,1455,0,0.0
W-2022-45,72,73,5,0.0009276437847866419,1456,0,0.0
W-2022-45,72,87,5,0.0009276437847866419,1457,0,0.0
W-2022-45,25,88,4,0.0009151223976206818,1458,0,0.0
W-2022-45,98,101,13,0.000914719954967633,1459,0,0.0
W-2022-45,1,0,1,0.0009124087591240876,1460,0,0.0
W-2022-45,1,13,1,0.0009124087591240876,1461,0,0.0
W-2022-45,1,19,1,0.0009124087591240876,1462,0,0.0
W-2022-45,1,37,1,0.0009124087591240876,1463,0,0.0
W-2022-45,1,74,1,0.0009124087591240876,1464,0,0.0
W-2022-45,1,78,1,0.0009124087591240876,1465,0,0.0
W-2022-45,1,82,1,0.0009124087591240876,1466,0,0.0
W-2022-45,1,90,1,0.0009124087591240876,1467,0,0.0
W-2022-45,1,92,1,0.0009124087591240876,1468,0,0.0
W-2022-45,97,84,11,0.0009115014915478953,1469,0,0.0
W-2022-45,62,33,444,0.0009021841390338908,1470,0,0.0
W-2022-45,65,63,10,0.0009007386056566384,1471,0,0.0
W-2022-45,9,52,2,0.000898069151324652,1472,0,0.0
W-2022-45,9,53,2,0.000898069151324652,1473,0,0.0
W-2022-45,9,60,2,0.000898069151324652,1474,0,0.0
W-2022-45,55,60,347,0.000893876047470743,1475,0,0.0
W-2022-45,40,89,3,0.0008925914906277894,1476,0,0.0
W-2022-45,3,88,12,0.0008894159501927068,1477,0,0.0
W-2022-45,10,55,4,0.0008871146595697493,1478,0,0.0
W-2022-45,17,100,148,0.0008831866328509623,1479,0,0.0
W-2022-45,17,70,147,0.0008772191556019693,1480,0,0.0
W-2022-45,39,78,14,0.0008771380239333375,1481,0,0.0
W-2022-45,62,89,430,0.000873736891406696,1482,0,0.0
W-2022-45,52,89,28,0.0008711614448834821,1483,0,0.0
W-2022-45,51,45,3,0.0008693132425383947,1484,0,0.0
W-2022-45,51,53,3,0.0008693132425383947,1485,0,0.0
W-2022-45,51,79,3,0.0008693132425383947,1486,0,0.0
W-2022-45,100,72,9,0.0008668849932575612,1487,0,0.0
W-2022-45,29,30,181,0.000865755311719744,1488,0,0.0
W-2022-45,56,48,15,0.0008615738081562321,1489,0,0.0
W-2022-45,56,89,15,0.0008615738081562321,1490,0,0.0
W-2022-45,63,34,2,0.0008609556607834697,1491,0,0.0
W-2022-45,60,51,56,0.0008606513286304885,1492,0,0.0
W-2022-45,82,14,14,0.0008606381016782443,1493,0,0.0
W-2022-45,82,64,14,0.0008606381016782443,1494,0,0.0
W-2022-45,98,11,12,0.0008443568815085843,1495,0,0.0
W-2022-45,87,3,2,0.0008305647840531562,1496,0,0.0
W-2022-45,87,33,2,0.0008305647840531562,1497,0,0.0
W-2022-45,87,44,2,0.0008305647840531562,1498,0,0.0
W-2022-45,87,72,2,0.0008305647840531562,1499,0,0.0
W-2022-45,68,36,42,0.0008296296296296296,1500,0,0.0
W-2022-45,43,79,72,0.0008244117478674072,1501,0,0.0
W-2022-45,70,16,5,0.0008226390259953932,1502,0,0.0
W-2022-45,61,53,153,0.000821308940994589,1503,0,0.0
W-2022-45,93,68,15,0.0008207485226526593,1504,0,0.0
W-2022-45,3,72,11,0.0008152979543433145,1505,0,0.0
W-2022-45,14,92,55,0.0008136094674556213,1506,0,0.0
W-2022-45,65,74,9,0.0008106647450909746,1507,0,0.0
W-2022-45,38,41,4,0.0008095527221210282,1508,0,0.0
W-2022-45,38,84,4,0.0008095527221210282,1509,0,0.0
W-2022-45,46,42,3,0.0008090614886731392,1510,0,0.0
W-2022-45,61,19,150,0.0008052048441123422,1511,0,0.0
W-2022-45,11,89,11,0.0008030369396992261,1512,0,0.0
W-2022-45,67,55,17,0.0008016221059084264,1513,0,0.0
W-2022-45,43,89,70,0.0008015114215377569,1514,0,0.0
W-2022-45,7,29,1,0.0007987220447284345,1515,0,0.0
W-2022-45,7,36,1,0.0007987220447284345,1516,0,0.0
W-2022-45,7,41,1,0.0007987220447284345,1517,0,0.0
W-2022-45,7,95,1,0.0007987220447284345,1518,0,0.0
W-2022-45,7,101,1,0.0007987220447284345,1519,0,0.0
W-2022-45,50,33,270,0.0007982379636062618,1520,0,0.0
W-2022-45,21,8,3,0.0007934408886537953,1521,0,0.0
W-2022-45,21,20,3,0.0007934408886537953,1522,0,0.0
W-2022-45,68,88,40,0.0007901234567901234,1523,0,0.0
W-2022-45,69,18,1,0.0007880220646178094,1524,0,0.0
W-2022-45,69,48,1,0.0007880220646178094,1525,0,0.0
W-2022-45,69,66,1,0.0007880220646178094,1526,0,0.0
W-2022-45,69,80,1,0.0007880220646178094,1527,0,0.0
W-2022-45,47,89,35,0.0007832430738933894,1528,0,0.0
W-2022-45,66,99,234,0.0007825982261106875,1529,0,0.0
W-2022-45,0,41,1,0.0007818608287724785,1530,0,0.0
W-2022-45,0,63,1,0.0007818608287724785,1531,0,0.0
W-2022-45,0,65,1,0.0007818608287724785,1532,0,0.0
W-2022-45,0,83,1,0.0007818608287724785,1533,0,0.0
W-2022-45,89,50,175,0.0007745419137824201,1534,0,0.0
W-2022-45,18,40,9,0.0007732623077583984,1535,0,0.0
W-2022-45,15,21,9,0.0007730630475863253,1536,0,0.0
W-2022-45,100,63,8,0.0007705644384511655,1537,0,0.0
W-2022-45,48,56,19,0.0007697293793550478,1538,0,0.0
W-2022-45,14,100,52,0.0007692307692307692,1539,0,0.0
W-2022-45,43,52,67,0.0007671609320432817,1540,0,0.0
W-2022-45,55,57,296,0.0007624994525975213,1541,0,0.0
W-2022-45,13,85,40,0.0007609915720183398,1542,0,0.0
W-2022-45,57,52,163,0.000755679184051924,1543,0,0.0
W-2022-45,67,23,16,0.0007544678643844014,1544,0,0.0
W-2022-45,39,70,12,0.0007518325919428607,1545,0,0.0
W-2022-45,84,6,1,0.0007513148009015778,1546,0,0.0
W-2022-45,84,23,1,0.0007513148009015778,1547,0,0.0
W-2022-45,84,50,1,0.0007513148009015778,1548,0,0.0
W-2022-45,84,59,1,0.0007513148009015778,1549,0,0.0
W-2022-45,84,63,1,0.0007513148009015778,1550,0,0.0
W-2022-45,84,71,1,0.0007513148009015778,1551,0,0.0
W-2022-45,84,96,1,0.0007513148009015778,1552,0,0.0
W-2022-45,84,101,1,0.0007513148009015778,1553,0,0.0
W-2022-45,74,15,2,0.0007499062617172854,1554,0,0.0
W-2022-45,74,20,2,0.0007499062617172854,1555,0,0.0
W-2022-45,74,36,2,0.0007499062617172854,1556,0,0.0
W-2022-45,74,87,2,0.0007499062617172854,1557,0,0.0
W-2022-45,77,71,3,0.0007494379215588309,1558,0,0.0
W-2022-45,88,25,14,0.00074754378470739,1559,0,0.0
W-2022-45,97,23,9,0.0007457739476300962,1560,0,0.0
W-2022-45,97,93,9,0.0007457739476300962,1561,0,0.0
W-2022-45,94,24,2,0.0007448789571694599,1562,0,0.0
W-2022-45,94,63,2,0.0007448789571694599,1563,0,0.0
W-2022-45,72,68,4,0.0007421150278293135,1564,0,0.0
W-2022-45,3,2,10,0.0007411799584939224,1565,0,0.0
W-2022-45,90,39,3,0.0007327796775769418,1566,0,0.0
W-2022-45,11,93,10,0.0007300335815447511,1567,0,0.0
W-2022-45,36,14,20,0.0007288098535092194,1568,0,0.0
W-2022-45,17,21,121,0.0007220647471281516,1569,0,0.0
W-2022-45,64,25,4,0.0007207207207207207,1570,0,0.0
W-2022-45,64,35,4,0.0007207207207207207,1571,0,0.0
W-2022-45,64,39,4,0.0007207207207207207,1572,0,0.0
W-2022-45,35,8,2,0.0007173601147776184,1573,0,0.0
W-2022-45,53,47,15,0.000715000715000715,1574,0,0.0
W-2022-45,93,55,13,0.0007113153862989713,1575,0,0.0
W-2022-45,93,59,13,0.0007113153862989713,1576,0,0.0
W-2022-45,93,88,13,0.0007113153862989713,1577,0,0.0
W-2022-45,14,35,48,0.0007100591715976331,1578,0,0.0
W-2022-45,101,48,233,0.0007065123457726001,1579,0,0.0
W-2022-45,79,38,43,0.0007027866307101414,1580,0,0.0
W-2022-45,14,21,47,0.0006952662721893491,1581,0,0.0
W-2022-45,47,51,31,0.0006937295797341449,1582,0,0.0
W-2022-45,36,17,19,0.0006923693608337585,1583,0,0.0
W-2022-45,36,85,19,0.0006923693608337585,1584,0,0.0
W-2022-45,101,47,228,0.000691351136635849,1585,0,0.0
W-2022-45,41,33,319,0.0006878765531131266,1586,0,0.0
W-2022-45,18,61,8,0.0006873442735630209,1587,0,0.0
W-2022-45,25,14,3,0.0006863417982155113,1588,0,0.0
W-2022-45,52,59,22,0.0006844839924084503,1589,0,0.0
W-2022-45,27,32,16,0.0006800986142990734,1590,0,0.0
W-2022-45,8,70,2,0.0006800408024481469,1591,0,0.0
W-2022-45,8,94,2,0.0006800408024481469,1592,0,0.0
W-2022-45,82,4,11,0.0006762156513186205,1593,0,0.0
W-2022-45,82,72,11,0.0006762156513186205,1594,0,0.0
W-2022-45,82,94,11,0.0006762156513186205,1595,0,0.0
W-2022-45,100,82,7,0.0006742438836447698,1596,0,0.0
W-2022-45,91,55,180,0.0006662619742082587,1597,0,0.0
W-2022-45,10,77,3,0.0006653359946773121,1598,0,0.0
W-2022-45,10,96,3,0.0006653359946773121,1599,0,0.0
W-2022-45,10,101,3,0.0006653359946773121,1600,0,0.0
W-2022-45,97,7,8,0.0006629101756711965,1601,0,0.0
W-2022-45,78,65,10,0.000662295516259355,1602,0,0.0
W-2022-45,78,73,10,0.000662295516259355,1603,0,0.0
W-2022-45,70,19,4,0.0006581112207963146,1604,0,0.0
W-2022-45,86,18,1,0.0006574621959237344,1605,0,0.0
W-2022-45,86,19,1,0.0006574621959237344,1606,0,0.0
W-2022-45,86,38,1,0.0006574621959237344,1607,0,0.0
W-2022-45,86,56,1,0.0006574621959237344,1608,0,0.0
W-2022-45,86,77,1,0.0006574621959237344,1609,0,0.0
W-2022-45,58,56,5,0.0006565126050420169,1610,0,0.0
W-2022-45,36,25,18,0.0006559288681582975,1611,0,0.0
W-2022-45,88,65,12,0.0006407518154634772,1612,0,0.0
W-2022-45,42,19,91,0.0006397862692023764,1613,0,0.0
W-2022-45,89,62,144,0.0006373373461981056,1614,0,0.0
W-2022-45,20,1,3,0.000635593220338983,1615,0,0.0
W-2022-45,20,4,3,0.000635593220338983,1616,0,0.0
W-2022-45,45,19,6,0.0006279434850863422,1617,0,0.0
W-2022-45,39,4,10,0.0006265271599523839,1618,0,0.0
W-2022-45,39,68,10,0.0006265271599523839,1619,0,0.0
W-2022-45,85,1,2,0.0006174745291756715,1620,0,0.0
W-2022-45,85,25,2,0.0006174745291756715,1621,0,0.0
W-2022-45,85,36,2,0.0006174745291756715,1622,0,0.0
W-2022-45,85,50,2,0.0006174745291756715,1623,0,0.0
W-2022-45,85,61,2,0.0006174745291756715,1624,0,0.0
W-2022-45,85,63,2,0.0006174745291756715,1625,0,0.0
W-2022-45,61,9,114,0.00061195568152538,1626,0,0.0
W-2022-45,13,92,32,0.0006087932576146719,1627,0,0.0
W-2022-45,17,90,102,0.0006086826793972848,1628,0,0.0
W-2022-45,38,80,3,0.0006071645415907711,1629,0,0.0
W-2022-45,91,97,163,0.0006033372321997009,1630,0,0.0
W-2022-45,73,85,3,0.0006031363088057901,1631,0,0.0
W-2022-45,73,90,3,0.0006031363088057901,1632,0,0.0
W-2022-45,59,54,257,0.0006001910335663257,1633,0,0.0
W-2022-45,57,59,129,0.0005980528511821975,1634,0,0.0
W-2022-45,78,88,9,0.0005960659646334195,1635,0,0.0
W-2022-45,3,35,8,0.0005929439667951378,1636,0,0.0
W-2022-45,14,24,40,0.000591715976331361,1637,0,0.0
W-2022-45,52,53,19,0.0005911452661709343,1638,0,0.0
W-2022-45,41,54,274,0.0005908406757147231,1639,0,0.0
W-2022-45,88,67,11,0.0005873558308415207,1640,0,0.0
W-2022-45,59,89,251,0.00058617879153754,1641,0,0.0
W-2022-45,36,88,16,0.0005830478828073755,1642,0,0.0
W-2022-45,97,81,7,0.000580046403712297,1643,0,0.0
W-2022-45,89,59,131,0.0005797999468885545,1644,0,0.0
W-2022-45,51,63,2,0.0005795421616922632,1645,0,0.0
W-2022-45,37,1,3,0.0005782575173477255,1646,0,0.0
W-2022-45,37,100,3,0.0005782575173477255,1647,0,0.0
W-2022-45,59,45,246,0.0005745019231802184,1648,0,0.0
W-2022-45,41,53,265,0.0005714335002350425,1649,0,0.0
W-2022-45,24,2,1,0.0005681818181818182,1650,0,0.0
W-2022-45,24,25,1,0.0005681818181818182,1651,0,0.0
W-2022-45,24,60,1,0.0005681818181818182,1652,0,0.0
W-2022-45,24,63,1,0.0005681818181818182,1653,0,0.0
W-2022-45,24,89,1,0.0005681818181818182,1654,0,0.0
W-2022-45,24,94,1,0.0005681818181818182,1655,0,0.0
W-2022-45,55,50,220,0.0005667225661197794,1656,0,0.0
W-2022-45,67,10,12,0.0005658508982883011,1657,0,0.0
W-2022-45,62,45,278,0.0005648810600257245,1658,0,0.0
W-2022-45,28,31,115,0.0005632478339447429,1659,0,0.0
W-2022-45,98,6,8,0.0005629045876723895,1660,0,0.0
W-2022-45,14,88,38,0.0005621301775147929,1661,0,0.0
W-2022-45,50,52,190,0.0005617230114266286,1662,0,0.0
W-2022-45,72,63,3,0.0005565862708719852,1663,0,0.0
W-2022-45,79,18,34,0.0005556917545149955,1664,0,0.0
W-2022-45,79,93,34,0.0005556917545149955,1665,0,0.0
W-2022-45,82,36,9,0.0005532673510788714,1666,0,0.0
W-2022-45,91,88,149,0.0005515168564279475,1667,0,0.0
W-2022-45,44,51,33,0.0005478542375695194,1668,0,0.0
W-2022-45,93,75,10,0.0005471656817684395,1669,0,0.0
W-2022-45,42,58,77,0.0005413576124020107,1670,0,0.0
W-2022-45,64,8,3,0.0005405405405405405,1671,0,0.0
W-2022-45,65,21,6,0.0005404431633939831,1672,0,0.0
W-2022-45,46,57,2,0.0005393743257820927,1673,0,0.0
W-2022-45,46,98,2,0.0005393743257820927,1674,0,0.0
W-2022-45,88,16,10,0.0005339598462195643,1675,0,0.0
W-2022-45,88,41,10,0.0005339598462195643,1676,0,0.0
W-2022-45,88,92,10,0.0005339598462195643,1677,0,0.0
W-2022-45,44,52,32,0.0005312525940068067,1678,0,0.0
W-2022-45,76,89,11,0.0005302226935312832,1679,0,0.0
W-2022-45,78,94,8,0.0005298364130074839,1680,0,0.0
W-2022-45,21,66,2,0.0005289605924358636,1681,0,0.0
W-2022-45,52,54,17,0.000528919448679257,1682,0,0.0
W-2022-45,58,33,4,0.0005252100840336134,1683,0,0.0
W-2022-45,45,9,5,0.0005232862375719519,1684,0,0.0
W-2022-45,17,88,87,0.0005191705206623899,1685,0,0.0
W-2022-45,89,49,117,0.0005178365937859609,1686,0,0.0
W-2022-45,92,3,5,0.0005177591384487936,1687,0,0.0
W-2022-45,92,15,5,0.0005177591384487936,1688,0,0.0
W-2022-45,18,81,6,0.0005155082051722657,1689,0,0.0
W-2022-45,18,95,6,0.0005155082051722657,1690,0,0.0
W-2022-45,18,101,6,0.0005155082051722657,1691,0,0.0
W-2022-45,11,7,7,0.0005110235070813257,1692,0,0.0
W-2022-45,11,96,7,0.0005110235070813257,1693,0,0.0
W-2022-45,60,89,33,0.0005071695329429665,1694,0,0.0
W-2022-45,31,29,8,0.0005021340697966357,1695,0,0.0
W-2022-45,39,64,8,0.0005012217279619072,1696,0,0.0
W-2022-45,77,61,2,0.0004996252810392206,1697,0,0.0
W-2022-45,77,86,2,0.0004996252810392206,1698,0,0.0
W-2022-45,70,8,3,0.0004935834155972359,1699,0,0.0
W-2022-45,70,36,3,0.0004935834155972359,1700,0,0.0
W-2022-45,98,7,7,0.0004925415142133408,1701,0,0.0
W-2022-45,98,50,7,0.0004925415142133408,1702,0,0.0
W-2022-45,90,61,2,0.0004885197850512946,1703,0,0.0
W-2022-45,90,63,2,0.0004885197850512946,1704,0,0.0
W-2022-45,62,19,240,0.00048766710218048153,1705,0,0.0
W-2022-45,54,19,10,0.0004825556145345751,1706,0,0.0
W-2022-45,54,47,10,0.0004825556145345751,1707,0,0.0
W-2022-45,76,91,10,0.00048202063048298466,1708,0,0.0
W-2022-45,100,0,5,0.0004816027740319784,1709,0,0.0
W-2022-45,88,93,9,0.00048056386159760786,1710,0,0.0
W-2022-45,17,74,80,0.0004773981799194391,1711,0,0.0
W-2022-45,26,30,34,0.0004768048465810288,1712,0,0.0
W-2022-45,68,21,24,0.0004740740740740741,1713,0,0.0
W-2022-45,14,85,32,0.00047337278106508875,1714,0,0.0
W-2022-45,67,96,10,0.00047154241524025085,1715,0,0.0
W-2022-45,47,53,21,0.00046994584433603364,1716,0,0.0
W-2022-45,81,23,1,0.00046425255338904364,1717,0,0.0
W-2022-45,81,29,1,0.00046425255338904364,1718,0,0.0
W-2022-45,81,41,1,0.00046425255338904364,1719,0,0.0
W-2022-45,81,42,1,0.00046425255338904364,1720,0,0.0
W-2022-45,81,50,1,0.00046425255338904364,1721,0,0.0
W-2022-45,81,55,1,0.00046425255338904364,1722,0,0.0
W-2022-45,81,61,1,0.00046425255338904364,1723,0,0.0
W-2022-45,81,80,1,0.00046425255338904364,1724,0,0.0
W-2022-45,42,89,66,0.0004640208106302949,1725,0,0.0
W-2022-45,30,99,15,0.00046393665718173945,1726,0,0.0
W-2022-45,78,90,7,0.0004636068613815484,1727,0,0.0
W-2022-45,78,100,7,0.0004636068613815484,1728,0,0.0
W-2022-45,101,53,152,0.00046090075775723265,1729,0,0.0
W-2022-45,25,74,2,0.0004575611988103409,1730,0,0.0
W-2022-45,25,75,2,0.0004575611988103409,1731,0,0.0
W-2022-45,25,90,2,0.0004575611988103409,1732,0,0.0
W-2022-45,25,91,2,0.0004575611988103409,1733,0,0.0
W-2022-45,13,4,24,0.00045659494321100393,1734,0,0.0
W-2022-45,89,93,103,0.00045587324068336726,1735,0,0.0
W-2022-45,28,99,93,0.00045549607440748777,1736,0,0.0
W-2022-45,61,43,84,0.0004509147127029116,1737,0,0.0
W-2022-45,65,78,5,0.0004503693028283192,1738,0,0.0
W-2022-45,65,83,5,0.0004503693028283192,1739,0,0.0
W-2022-45,9,12,1,0.000449034575662326,1740,0,0.0
W-2022-45,9,29,1,0.000449034575662326,1741,0,0.0
W-2022-45,9,47,1,0.000449034575662326,1742,0,0.0
W-2022-45,9,75,1,0.000449034575662326,1743,0,0.0
W-2022-45,61,52,83,0.00044554668040882933,1744,0,0.0
W-2022-45,57,60,96,0.0004450625869262865,1745,0,0.0
W-2022-45,3,39,6,0.0004447079750963534,1746,0,0.0
W-2022-45,10,81,2,0.00044355732978487467,1747,0,0.0
W-2022-45,50,53,150,0.0004434655353368121,1748,0,0.0
W-2022-45,79,6,27,0.0004412846285854376,1749,0,0.0
W-2022-45,79,10,27,0.0004412846285854376,1750,0,0.0
W-2022-45,11,0,6,0.0004380201489268506,1751,0,0.0
W-2022-45,11,6,6,0.0004380201489268506,1752,0,0.0
W-2022-45,93,41,8,0.0004377325454147516,1753,0,0.0
W-2022-45,93,77,8,0.0004377325454147516,1754,0,0.0
W-2022-45,13,70,23,0.0004375701539105454,1755,0,0.0
W-2022-45,28,26,89,0.0004359048454007141,1756,0,0.0
W-2022-45,54,33,9,0.0004343000530811176,1757,0,0.0
W-2022-45,63,11,1,0.00043047783039173483,1758,0,0.0
W-2022-45,63,14,1,0.00043047783039173483,1759,0,0.0
W-2022-45,63,17,1,0.00043047783039173483,1760,0,0.0
W-2022-45,63,21,1,0.00043047783039173483,1761,0,0.0
W-2022-45,63,36,1,0.00043047783039173483,1762,0,0.0
W-2022-45,63,43,1,0.00043047783039173483,1763,0,0.0
W-2022-45,63,47,1,0.00043047783039173483,1764,0,0.0
W-2022-45,63,53,1,0.00043047783039173483,1765,0,0.0
W-2022-45,63,65,1,0.00043047783039173483,1766,0,0.0
W-2022-45,63,67,1,0.00043047783039173483,1767,0,0.0
W-2022-45,63,68,1,0.00043047783039173483,1768,0,0.0
W-2022-45,63,98,1,0.00043047783039173483,1769,0,0.0
W-2022-45,82,63,7,0.00043031905083912216,1770,0,0.0
W-2022-45,15,13,5,0.0004294794708812919,1771,0,0.0
W-2022-45,15,90,5,0.0004294794708812919,1772,0,0.0
W-2022-45,20,68,2,0.000423728813559322,1773,0,0.0
W-2022-45,20,72,2,0.000423728813559322,1774,0,0.0
W-2022-45,98,86,6,0.00042217844075429216,1775,0,0.0
W-2022-45,45,48,4,0.0004186289900575615,1776,0,0.0
W-2022-45,45,49,4,0.0004186289900575615,1777,0,0.0
W-2022-45,45,56,4,0.0004186289900575615,1778,0,0.0
W-2022-45,87,11,1,0.0004152823920265781,1779,0,0.0
W-2022-45,87,24,1,0.0004152823920265781,1780,0,0.0
W-2022-45,87,41,1,0.0004152823920265781,1781,0,0.0
W-2022-45,87,57,1,0.0004152823920265781,1782,0,0.0
W-2022-45,87,65,1,0.0004152823920265781,1783,0,0.0
W-2022-45,87,68,1,0.0004152823920265781,1784,0,0.0
W-2022-45,87,70,1,0.0004152823920265781,1785,0,0.0
W-2022-45,87,74,1,0.0004152823920265781,1786,0,0.0
W-2022-45,87,90,1,0.0004152823920265781,1787,0,0.0
W-2022-45,44,50,25,0.00041504108906781774,1788,0,0.0
W-2022-45,44,89,25,0.00041504108906781774,1789,0,0.0
W-2022-45,97,19,5,0.00041431885979449786,1790,0,0.0
W-2022-45,14,70,28,0.0004142011834319527,1791,0,0.0
W-2022-45,19,59,81,0.00041247612985359646,1792,0,0.0
W-2022-45,38,86,2,0.0004047763610605141,1793,0,0.0
W-2022-45,99,31,7,0.0004042971006122213,1794,0,0.0
W-2022-45,22,14,4,0.0004020908725371934,1795,0,0.0
W-2022-45,73,4,2,0.0004020908725371934,1796,0,0.0
W-2022-45,73,68,2,0.0004020908725371934,1797,0,0.0
W-2022-45,73,72,2,0.0004020908725371934,1798,0,0.0
W-2022-45,73,82,2,0.0004020908725371934,1799,0,0.0
W-2022-45,73,88,2,0.0004020908725371934,1800,0,0.0
W-2022-45,73,100,2,0.0004020908725371934,1801,0,0.0
W-2022-45,55,47,156,0.0004018578196122072,1802,0,0.0
W-2022-45,43,54,35,0.00040075571076887847,1803,0,0.0
W-2022-45,78,4,6,0.00039737730975561295,1804,0,0.0
W-2022-45,59,57,169,0.00039467815047746716,1805,0,0.0
W-2022-45,58,53,3,0.0003939075630252101,1806,0,0.0
W-2022-45,58,63,3,0.0003939075630252101,1807,0,0.0
W-2022-45,58,79,3,0.0003939075630252101,1808,0,0.0
W-2022-45,62,58,193,0.00039216562800347055,1809,0,0.0
W-2022-45,4,20,6,0.00039026928580720695,1810,0,0.0
W-2022-45,4,39,6,0.00039026928580720695,1811,0,0.0
W-2022-45,37,17,2,0.00038550501156515033,1812,0,0.0
W-2022-45,37,64,2,0.00038550501156515033,1813,0,0.0
W-2022-45,37,85,2,0.00038550501156515033,1814,0,0.0
W-2022-45,100,8,4,0.00038528221922558276,1815,0,0.0
W-2022-45,100,15,4,0.00038528221922558276,1816,0,0.0
W-2022-45,57,42,83,0.0003847936949466852,1817,0,0.0
W-2022-45,93,38,7,0.0003830159772379076,1818,0,0.0
W-2022-45,12,61,5,0.00038162112654556554,1819,0,0.0
W-2022-45,19,43,74,0.0003768300445576066,1820,0,0.0
W-2022-45,68,4,19,0.00037530864197530867,1821,0,0.0
W-2022-45,74,1,1,0.0003749531308586427,1822,0,0.0
W-2022-45,74,63,1,0.0003749531308586427,1823,0,0.0
W-2022-45,74,76,1,0.0003749531308586427,1824,0,0.0
W-2022-45,74,83,1,0.0003749531308586427,1825,0,0.0
W-2022-45,74,101,1,0.0003749531308586427,1826,0,0.0
W-2022-45,88,0,7,0.000373771892353695,1827,0,0.0
W-2022-45,88,18,7,0.000373771892353695,1828,0,0.0
W-2022-45,55,19,145,0.00037352169130621825,1829,0,0.0
W-2022-45,94,37,1,0.00037243947858472997,1830,0,0.0
W-2022-45,94,41,1,0.00037243947858472997,1831,0,0.0
W-2022-45,94,101,1,0.00037243947858472997,1832,0,0.0
W-2022-45,72,20,2,0.00037105751391465676,1833,0,0.0
W-2022-45,72,65,2,0.00037105751391465676,1834,0,0.0
W-2022-45,3,24,5,0.0003705899792469612,1835,0,0.0
W-2022-45,3,74,5,0.0003705899792469612,1836,0,0.0
W-2022-45,3,85,5,0.0003705899792469612,1837,0,0.0
W-2022-45,3,94,5,0.0003705899792469612,1838,0,0.0
W-2022-45,14,73,25,0.0003698224852071006,1839,0,0.0
W-2022-45,14,90,25,0.0003698224852071006,1840,0,0.0
W-2022-45,82,21,6,0.00036884490071924757,1841,0,0.0
W-2022-45,82,74,6,0.00036884490071924757,1842,0,0.0
W-2022-45,82,85,6,0.00036884490071924757,1843,0,0.0
W-2022-45,82,88,6,0.00036884490071924757,1844,0,0.0
W-2022-45,11,83,5,0.00036501679077237555,1845,0,0.0
W-2022-45,11,84,5,0.00036501679077237555,1846,0,0.0
W-2022-45,11,95,5,0.00036501679077237555,1847,0,0.0
W-2022-45,36,22,10,0.0003644049267546097,1848,0,0.0
W-2022-45,36,82,10,0.0003644049267546097,1849,0,0.0
W-2022-45,59,51,156,0.0003643182927484312,1850,0,0.0
W-2022-45,13,21,19,0.00036147099670871146,1851,0,0.0
W-2022-45,50,42,122,0.0003606853020739405,1852,0,0.0
W-2022-45,64,1,2,0.00036036036036036037,1853,0,0.0
W-2022-45,64,22,2,0.00036036036036036037,1854,0,0.0
W-2022-45,64,73,2,0.00036036036036036037,1855,0,0.0
W-2022-45,64,83,2,0.00036036036036036037,1856,0,0.0
W-2022-45,65,64,4,0.0003602954422626554,1857,0,0.0
W-2022-45,65,90,4,0.0003602954422626554,1858,0,0.0
W-2022-45,35,15,1,0.0003586800573888092,1859,0,0.0
W-2022-45,35,63,1,0.0003586800573888092,1860,0,0.0
W-2022-45,35,75,1,0.0003586800573888092,1861,0,0.0
W-2022-45,35,87,1,0.0003586800573888092,1862,0,0.0
W-2022-45,14,64,24,0.00035502958579881655,1863,0,0.0
W-2022-45,17,72,59,0.0003520811576905863,1864,0,0.0
W-2022-45,59,58,150,0.0003503060507196454,1865,0,0.0
W-2022-45,44,33,21,0.0003486345148169669,1866,0,0.0
W-2022-45,59,56,148,0.00034563530337671677,1867,0,0.0
W-2022-45,18,38,4,0.00034367213678151043,1868,0,0.0
W-2022-45,18,41,4,0.00034367213678151043,1869,0,0.0
W-2022-45,15,68,4,0.0003435835767050335,1870,0,0.0
W-2022-45,8,3,1,0.00034002040122407346,1871,0,0.0
W-2022-45,8,4,1,0.00034002040122407346,1872,0,0.0
W-2022-45,8,14,1,0.00034002040122407346,1873,0,0.0
W-2022-45,8,78,1,0.00034002040122407346,1874,0,0.0
W-2022-45,8,90,1,0.00034002040122407346,1875,0,0.0
W-2022-45,8,100,1,0.00034002040122407346,1876,0,0.0
W-2022-45,8,101,1,0.00034002040122407346,1877,0,0.0
W-2022-45,54,45,7,0.0003377889301742026,1878,0,0.0
W-2022-45,54,53,7,0.0003377889301742026,1879,0,0.0
W-2022-45,54,91,7,0.0003377889301742026,1880,0,0.0
W-2022-45,54,93,7,0.0003377889301742026,1881,0,0.0
W-2022-45,68,89,17,0.0003358024691358025,1882,0,0.0
W-2022-45,55,79,129,0.0003323055046793252,1883,0,0.0
W-2022-45,97,6,4,0.00033145508783559825,1884,0,0.0
W-2022-45,97,96,4,0.00033145508783559825,1885,0,0.0
W-2022-45,70,1,2,0.0003290556103981573,1886,0,0.0
W-2022-45,70,47,2,0.0003290556103981573,1887,0,0.0
W-2022-45,70,87,2,0.0003290556103981573,1888,0,0.0
W-2022-45,70,101,2,0.0003290556103981573,1889,0,0.0
W-2022-45,36,76,9,0.00032796443407914874,1890,0,0.0
W-2022-45,79,11,20,0.0003268775026558797,1891,0,0.0
W-2022-45,4,65,5,0.0003252244048393391,1892,0,0.0
W-2022-45,48,57,8,0.00032409658078107277,1893,0,0.0
W-2022-45,60,45,21,0.0003227442482364332,1894,0,0.0
W-2022-45,88,87,6,0.0003203759077317386,1895,0,0.0
W-2022-45,57,54,69,0.0003198887343532684,1896,0,0.0
W-2022-45,55,98,123,0.0003168494346942403,1897,0,0.0
W-2022-45,45,42,3,0.0003139717425431711,1898,0,0.0
W-2022-45,92,20,3,0.00031065548306927616,1899,0,0.0
W-2022-45,92,36,3,0.00031065548306927616,1900,0,0.0
W-2022-45,92,63,3,0.00031065548306927616,1901,0,0.0
W-2022-45,92,85,3,0.00031065548306927616,1902,0,0.0
W-2022-45,92,89,3,0.00031065548306927616,1903,0,0.0
W-2022-45,79,69,19,0.00031053362752308573,1904,0,0.0
W-2022-45,43,42,27,0.00030915440545027764,1905,0,0.0
W-2022-45,85,2,1,0.00030873726458783575,1906,0,0.0
W-2022-45,85,8,1,0.00030873726458783575,1907,0,0.0
W-2022-45,85,16,1,0.00030873726458783575,1908,0,0.0
W-2022-45,85,19,1,0.00030873726458783575,1909,0,0.0
W-2022-45,85,20,1,0.00030873726458783575,1910,0,0.0
W-2022-45,85,37,1,0.00030873726458783575,1911,0,0.0
W-2022-45,85,47,1,0.00030873726458783575,1912,0,0.0
W-2022-45,85,48,1,0.00030873726458783575,1913,0,0.0
W-2022-45,85,59,1,0.00030873726458783575,1914,0,0.0
W-2022-45,85,87,1,0.00030873726458783575,1915,0,0.0
W-2022-45,85,89,1,0.00030873726458783575,1916,0,0.0
W-2022-45,85,101,1,0.00030873726458783575,1917,0,0.0
W-2022-45,82,100,5,0.000307370750599373,1918,0,0.0
W-2022-45,12,42,4,0.0003052969012364525,1919,0,0.0
W-2022-45,12,97,4,0.0003052969012364525,1920,0,0.0
W-2022-45,75,91,24,0.0003038128512836093,1921,0,0.0
W-2022-45,101,56,100,0.0003032241827350215,1922,0,0.0
W-2022-45,22,73,3,0.00030156815440289503,1923,0,0.0
W-2022-45,61,54,56,0.00030060980846860773,1924,0,0.0
W-2022-45,44,58,18,0.00029882958412882877,1925,0,0.0
W-2022-45,27,29,7,0.0002975431437558446,1926,0,0.0
W-2022-45,40,28,1,0.0002975304968759298,1927,0,0.0
W-2022-45,40,29,1,0.0002975304968759298,1928,0,0.0
W-2022-45,40,62,1,0.0002975304968759298,1929,0,0.0
W-2022-45,3,20,4,0.0002964719833975689,1930,0,0.0
W-2022-45,3,21,4,0.0002964719833975689,1931,0,0.0
W-2022-45,79,41,18,0.00029418975239029176,1932,0,0.0
W-2022-45,11,16,4,0.0002920134326179004,1933,0,0.0
W-2022-45,11,69,4,0.0002920134326179004,1934,0,0.0
W-2022-45,11,87,4,0.0002920134326179004,1935,0,0.0
W-2022-45,36,75,8,0.00029152394140368777,1936,0,0.0
W-2022-45,51,9,1,0.0002897710808461316,1937,0,0.0
W-2022-45,51,12,1,0.0002897710808461316,1938,0,0.0
W-2022-45,51,28,1,0.0002897710808461316,1939,0,0.0
W-2022-45,51,91,1,0.0002897710808461316,1940,0,0.0
W-2022-45,51,93,1,0.0002897710808461316,1941,0,0.0
W-2022-45,51,98,1,0.0002897710808461316,1942,0,0.0
W-2022-45,54,79,6,0.0002895333687207451,1943,0,0.0
W-2022-45,42,33,41,0.00028825535205821354,1944,0,0.0
W-2022-45,42,56,41,0.00028825535205821354,1945,0,0.0
W-2022-45,67,59,6,0.00028292544914415053,1946,0,0.0
W-2022-45,98,23,4,0.00028145229383619476,1947,0,0.0
W-2022-45,98,95,4,0.00028145229383619476,1948,0,0.0
W-2022-45,14,39,19,0.00028106508875739645,1949,0,0.0
W-2022-45,68,94,14,0.0002765432098765432,1950,0,0.0
W-2022-45,62,51,136,0.0002763446912356062,1951,0,0.0
W-2022-45,93,10,5,0.00027358284088421976,1952,0,0.0
W-2022-45,93,11,5,0.00027358284088421976,1953,0,0.0
W-2022-45,93,97,5,0.00027358284088421976,1954,0,0.0
W-2022-45,66,27,81,0.0002708993859613918,1955,0,0.0
W-2022-45,65,88,3,0.00027022158169699153,1956,0,0.0
W-2022-45,65,94,3,0.00027022158169699153,1957,0,0.0
W-2022-45,46,19,1,0.00026968716289104636,1958,0,0.0
W-2022-45,46,52,1,0.00026968716289104636,1959,0,0.0
W-2022-45,46,60,1,0.00026968716289104636,1960,0,0.0
W-2022-45,46,67,1,0.00026968716289104636,1961,0,0.0
W-2022-45,47,56,12,0.0002685404824777335,1962,0,0.0
W-2022-45,88,63,5,0.00026697992310978217,1963,0,0.0
W-2022-45,88,96,5,0.00026697992310978217,1964,0,0.0
W-2022-45,91,84,72,0.0002665047896833035,1965,0,0.0
W-2022-45,55,48,103,0.000265329201410624,1966,0,0.0
W-2022-45,21,19,1,0.0002644802962179318,1967,0,0.0
W-2022-45,21,22,1,0.0002644802962179318,1968,0,0.0
W-2022-45,21,32,1,0.0002644802962179318,1969,0,0.0
W-2022-45,21,47,1,0.0002644802962179318,1970,0,0.0
W-2022-45,21,61,1,0.0002644802962179318,1971,0,0.0
W-2022-45,21,73,1,0.0002644802962179318,1972,0,0.0
W-2022-45,21,87,1,0.0002644802962179318,1973,0,0.0
W-2022-45,21,101,1,0.0002644802962179318,1974,0,0.0
W-2022-45,58,17,2,0.0002626050420168067,1975,0,0.0
W-2022-45,58,19,2,0.0002626050420168067,1976,0,0.0
W-2022-45,58,67,2,0.0002626050420168067,1977,0,0.0
W-2022-45,60,33,17,0.00026126915333425546,1978,0,0.0
W-2022-45,89,67,59,0.00026113127378950165,1979,0,0.0
W-2022-45,4,87,4,0.0002601795238714713,1980,0,0.0
W-2022-45,18,6,3,0.00025775410258613285,1981,0,0.0
W-2022-45,18,7,3,0.00025775410258613285,1982,0,0.0
W-2022-45,18,49,3,0.00025775410258613285,1983,0,0.0
W-2022-45,18,69,3,0.00025775410258613285,1984,0,0.0
W-2022-45,18,86,3,0.00025775410258613285,1985,0,0.0
W-2022-45,15,17,3,0.00025768768252877513,1986,0,0.0
W-2022-45,15,72,3,0.00025768768252877513,1987,0,0.0
W-2022-45,15,85,3,0.00025768768252877513,1988,0,0.0
W-2022-45,91,18,68,0.0002516989680342311,1989,0,0.0
W-2022-45,101,9,83,0.0002516760716700678,1990,0,0.0
W-2022-45,39,21,4,0.0002506108639809536,1991,0,0.0
W-2022-45,39,74,4,0.0002506108639809536,1992,0,0.0
W-2022-45,39,100,4,0.0002506108639809536,1993,0,0.0
W-2022-45,77,42,1,0.0002498126405196103,1994,0,0.0
W-2022-45,77,48,1,0.0002498126405196103,1995,0,0.0
W-2022-45,77,52,1,0.0002498126405196103,1996,0,0.0
W-2022-45,77,59,1,0.0002498126405196103,1997,0,0.0
W-2022-45,77,62,1,0.0002498126405196103,1998,0,0.0
W-2022-45,77,68,1,0.0002498126405196103,1999,0,0.0
W-2022-45,77,75,1,0.0002498126405196103,2000,0,0.0
W-2022-45,77,96,1,0.0002498126405196103,2001,0,0.0
W-2022-45,97,29,3,0.0002485913158766987,2002,0,0.0
W-2022-45,97,63,3,0.0002485913158766987,2003,0,0.0
W-2022-45,97,80,3,0.0002485913158766987,2004,0,0.0
W-2022-45,61,46,46,0.0002469294855277849,2005,0,0.0
W-2022-45,33,56,4,0.00024594195769798326,2006,0,0.0
W-2022-45,33,59,4,0.00024594195769798326,2007,0,0.0
W-2022-45,33,89,4,0.00024594195769798326,2008,0,0.0
W-2022-45,82,0,4,0.0002458966004794984,2009,0,0.0
W-2022-45,79,81,15,0.00024515812699190976,2010,0,0.0
W-2022-45,90,24,1,0.0002442598925256473,2011,0,0.0
W-2022-45,90,25,1,0.0002442598925256473,2012,0,0.0
W-2022-45,90,29,1,0.0002442598925256473,2013,0,0.0
W-2022-45,90,30,1,0.0002442598925256473,2014,0,0.0
W-2022-45,90,41,1,0.0002442598925256473,2015,0,0.0
W-2022-45,90,75,1,0.0002442598925256473,2016,0,0.0
W-2022-45,54,9,5,0.00024127780726728755,2017,0,0.0
W-2022-45,54,50,5,0.00024127780726728755,2018,0,0.0
W-2022-45,54,67,5,0.00024127780726728755,2019,0,0.0
W-2022-45,76,42,5,0.00024101031524149233,2020,0,0.0
W-2022-45,53,89,5,0.000238333571666905,2021,0,0.0
W-2022-45,55,93,92,0.00023699307310463502,2022,0,0.0
W-2022-45,14,20,16,0.00023668639053254438,2023,0,0.0
W-2022-45,67,40,5,0.00023577120762012543,2024,0,0.0
W-2022-45,67,61,5,0.00023577120762012543,2025,0,0.0
W-2022-45,67,101,5,0.00023577120762012543,2026,0,0.0
W-2022-45,25,4,1,0.00022878059940517045,2027,0,0.0
W-2022-45,25,19,1,0.00022878059940517045,2028,0,0.0
W-2022-45,25,24,1,0.00022878059940517045,2029,0,0.0
W-2022-45,25,29,1,0.00022878059940517045,2030,0,0.0
W-2022-45,25,41,1,0.00022878059940517045,2031,0,0.0
W-2022-45,25,47,1,0.00022878059940517045,2032,0,0.0
W-2022-45,25,63,1,0.00022878059940517045,2033,0,0.0
W-2022-45,25,64,1,0.00022878059940517045,2034,0,0.0
W-2022-45,25,69,1,0.00022878059940517045,2035,0,0.0
W-2022-45,25,70,1,0.00022878059940517045,2036,0,0.0
W-2022-45,25,87,1,0.00022878059940517045,2037,0,0.0
W-2022-45,25,89,1,0.00022878059940517045,2038,0,0.0
W-2022-45,25,100,1,0.00022878059940517045,2039,0,0.0
W-2022-45,25,101,1,0.00022878059940517045,2040,0,0.0
W-2022-45,13,65,12,0.00022829747160550196,2041,0,0.0
W-2022-45,13,90,12,0.00022829747160550196,2042,0,0.0
W-2022-45,10,28,1,0.00022177866489243733,2043,0,0.0
W-2022-45,10,29,1,0.00022177866489243733,2044,0,0.0
W-2022-45,10,46,1,0.00022177866489243733,2045,0,0.0
W-2022-45,10,49,1,0.00022177866489243733,2046,0,0.0
W-2022-45,10,63,1,0.00022177866489243733,2047,0,0.0
W-2022-45,17,85,37,0.00022079665821274057,2048,0,0.0
W-2022-45,11,18,3,0.0002190100744634253,2049,0,0.0
W-2022-45,11,23,3,0.0002190100744634253,2050,0,0.0
W-2022-45,19,46,43,0.000218968809675366,2051,0,0.0
W-2022-45,93,66,4,0.0002188662727073758,2052,0,0.0
W-2022-45,93,96,4,0.0002188662727073758,2053,0,0.0
W-2022-45,93,101,4,0.0002188662727073758,2054,0,0.0
W-2022-45,36,100,6,0.00021864295605276583,2055,0,0.0
W-2022-45,101,58,72,0.00021832141156921547,2056,0,0.0
W-2022-45,52,46,7,0.00021779036122087053,2057,0,0.0
W-2022-45,68,41,11,0.00021728395061728395,2058,0,0.0
W-2022-45,89,10,49,0.00021687173585907763,2059,0,0.0
W-2022-45,88,24,4,0.00021358393848782572,2060,0,0.0
W-2022-45,88,42,4,0.00021358393848782572,2061,0,0.0
W-2022-45,88,73,4,0.00021358393848782572,2062,0,0.0
W-2022-45,88,84,4,0.00021358393848782572,2063,0,0.0
W-2022-45,79,97,13,0.0002124703767263218,2064,0,0.0
W-2022-45,89,88,48,0.00021244578206603524,2065,0,0.0
W-2022-45,20,2,1,0.000211864406779661,2066,0,0.0
W-2022-45,20,3,1,0.000211864406779661,2067,0,0.0
W-2022-45,20,17,1,0.000211864406779661,2068,0,0.0
W-2022-45,20,35,1,0.000211864406779661,2069,0,0.0
W-2022-45,20,74,1,0.000211864406779661,2070,0,0.0
W-2022-45,20,82,1,0.000211864406779661,2071,0,0.0
W-2022-45,20,100,1,0.000211864406779661,2072,0,0.0
W-2022-45,20,101,1,0.000211864406779661,2073,0,0.0
W-2022-45,98,62,3,0.00021108922037714608,2074,0,0.0
W-2022-45,98,75,3,0.00021108922037714608,2075,0,0.0
W-2022-45,45,58,2,0.00020931449502878074,2076,0,0.0
W-2022-45,13,72,11,0.00020927268230504348,2077,0,0.0
W-2022-45,17,65,35,0.0002088617037147546,2078,0,0.0
W-2022-45,17,94,35,0.0002088617037147546,2079,0,0.0
W-2022-45,92,1,2,0.00020710365537951746,2080,0,0.0
W-2022-45,92,28,2,0.00020710365537951746,2081,0,0.0
W-2022-45,92,37,2,0.00020710365537951746,2082,0,0.0
W-2022-45,14,37,14,0.00020710059171597634,2083,0,0.0
W-2022-45,50,60,70,0.00020695058315717897,2084,0,0.0
W-2022-45,28,30,42,0.0002057079045711235,2085,0,0.0
W-2022-45,49,19,59,0.00020467420376531155,2086,0,0.0
W-2022-45,57,53,44,0.00020398701900788133,2087,0,0.0
W-2022-45,19,42,40,0.00020369191597708467,2088,0,0.0
W-2022-45,89,19,46,0.00020359387447995043,2089,0,0.0
W-2022-45,38,23,1,0.00020238818053025704,2090,0,0.0
W-2022-45,38,48,1,0.00020238818053025704,2091,0,0.0
W-2022-45,38,61,1,0.00020238818053025704,2092,0,0.0
W-2022-45,38,62,1,0.00020238818053025704,2093,0,0.0
W-2022-45,38,71,1,0.00020238818053025704,2094,0,0.0
W-2022-45,38,77,1,0.00020238818053025704,2095,0,0.0
W-2022-45,49,29,58,0.00020120514946420456,2096,0,0.0
W-2022-45,22,89,2,0.0002010454362685967,2097,0,0.0
W-2022-45,22,92,2,0.0002010454362685967,2098,0,0.0
W-2022-45,73,19,1,0.0002010454362685967,2099,0,0.0
W-2022-45,73,21,1,0.0002010454362685967,2100,0,0.0
W-2022-45,73,35,1,0.0002010454362685967,2101,0,0.0
W-2022-45,73,66,1,0.0002010454362685967,2102,0,0.0
W-2022-45,73,101,1,0.0002010454362685967,2103,0,0.0
W-2022-45,78,15,3,0.00019868865487780648,2104,0,0.0
W-2022-45,68,63,10,0.00019753086419753085,2105,0,0.0
W-2022-45,68,70,10,0.00019753086419753085,2106,0,0.0
W-2022-45,4,15,3,0.00019513464290360347,2107,0,0.0
W-2022-45,4,63,3,0.00019513464290360347,2108,0,0.0
W-2022-45,101,46,64,0.00019406347695041375,2109,0,0.0
W-2022-45,54,52,4,0.00019302224581383003,2110,0,0.0
W-2022-45,76,61,4,0.00019280825219319386,2111,0,0.0
W-2022-45,37,5,1,0.00019275250578257516,2112,0,0.0
W-2022-45,37,13,1,0.00019275250578257516,2113,0,0.0
W-2022-45,37,16,1,0.00019275250578257516,2114,0,0.0
W-2022-45,37,39,1,0.00019275250578257516,2115,0,0.0
W-2022-45,37,61,1,0.00019275250578257516,2116,0,0.0
W-2022-45,37,78,1,0.00019275250578257516,2117,0,0.0
W-2022-45,37,88,1,0.00019275250578257516,2118,0,0.0
W-2022-45,37,90,1,0.00019275250578257516,2119,0,0.0
W-2022-45,37,94,1,0.00019275250578257516,2120,0,0.0
W-2022-45,100,2,2,0.00019264110961279138,2121,0,0.0
W-2022-45,100,16,2,0.00019264110961279138,2122,0,0.0
W-2022-45,100,29,2,0.00019264110961279138,2123,0,0.0
W-2022-45,41,45,89,0.00019191540196573123,2124,0,0.0
W-2022-45,53,48,4,0.000190666857333524,2125,0,0.0
W-2022-45,53,52,4,0.000190666857333524,2126,0,0.0
W-2022-45,67,50,4,0.00018861696609610035,2127,0,0.0
W-2022-45,19,57,37,0.0001884150222788033,2128,0,0.0
W-2022-45,31,66,3,0.0001883002761737384,2129,0,0.0
W-2022-45,39,2,3,0.00018795814798571519,2130,0,0.0
W-2022-45,39,65,3,0.00018795814798571519,2131,0,0.0
W-2022-45,39,89,3,0.00018795814798571519,2132,0,0.0
W-2022-45,61,91,35,0.00018788113029287985,2133,0,0.0
W-2022-45,89,98,42,0.00018589005930778082,2134,0,0.0
W-2022-45,72,15,1,0.00018552875695732838,2135,0,0.0
W-2022-45,72,37,1,0.00018552875695732838,2136,0,0.0
W-2022-45,72,78,1,0.00018552875695732838,2137,0,0.0
W-2022-45,33,55,3,0.00018445646827348745,2138,0,0.0
W-2022-45,60,9,12,0.00018442528470653328,2139,0,0.0
W-2022-45,82,15,3,0.00018442245035962378,2140,0,0.0
W-2022-45,82,39,3,0.00018442245035962378,2141,0,0.0
W-2022-45,82,90,3,0.00018442245035962378,2142,0,0.0
W-2022-45,50,19,62,0.00018329908793921566,2143,0,0.0
W-2022-45,43,12,16,0.00018320261063720157,2144,0,0.0
W-2022-45,61,29,34,0.00018251309799879756,2145,0,0.0
W-2022-45,36,21,5,0.00018220246337730486,2146,0,0.0
W-2022-45,36,64,5,0.00018220246337730486,2147,0,0.0
W-2022-45,101,91,60,0.0001819345096410129,2148,0,0.0
W-2022-45,64,20,1,0.00018018018018018018,2149,0,0.0
W-2022-45,64,29,1,0.00018018018018018018,2150,0,0.0
W-2022-45,64,63,1,0.00018018018018018018,2151,0,0.0
W-2022-45,64,66,1,0.00018018018018018018,2152,0,0.0
W-2022-45,64,67,1,0.00018018018018018018,2153,0,0.0
W-2022-45,64,75,1,0.00018018018018018018,2154,0,0.0
W-2022-45,64,79,1,0.00018018018018018018,2155,0,0.0
W-2022-45,65,85,2,0.0001801477211313277,2156,0,0.0
W-2022-45,47,66,8,0.00017902698831848902,2157,0,0.0
W-2022-45,47,91,8,0.00017902698831848902,2158,0,0.0
W-2022-45,68,19,9,0.00017777777777777779,2159,0,0.0
W-2022-45,62,91,87,0.00017677932454042455,2160,0,0.0
W-2022-45,101,29,57,0.00017283778415896225,2161,0,0.0
W-2022-45,56,47,3,0.0001723147616312464,2162,0,0.0
W-2022-45,56,52,3,0.0001723147616312464,2163,0,0.0
W-2022-45,56,53,3,0.0001723147616312464,2164,0,0.0
W-2022-45,56,60,3,0.0001723147616312464,2165,0,0.0
W-2022-45,56,91,3,0.0001723147616312464,2166,0,0.0
W-2022-45,18,19,2,0.00017183606839075522,2167,0,0.0
W-2022-45,18,34,2,0.00017183606839075522,2168,0,0.0
W-2022-45,18,57,2,0.00017183606839075522,2169,0,0.0
W-2022-45,18,62,2,0.00017183606839075522,2170,0,0.0
W-2022-45,15,4,2,0.00017179178835251675,2171,0,0.0
W-2022-45,15,74,2,0.00017179178835251675,2172,0,0.0
W-2022-45,15,100,2,0.00017179178835251675,2173,0,0.0
W-2022-45,13,94,9,0.00017122310370412647,2174,0,0.0
W-2022-45,60,19,11,0.00016905651098098883,2175,0,0.0
W-2022-45,41,58,78,0.00016819552082389928,2176,0,0.0
W-2022-45,57,29,36,0.00016689847009735743,2177,0,0.0
W-2022-45,49,54,48,0.00016651460645313482,2178,0,0.0
W-2022-45,97,69,2,0.00016572754391779913,2179,0,0.0
W-2022-45,70,15,1,0.00016452780519907864,2180,0,0.0
W-2022-45,70,20,1,0.00016452780519907864,2181,0,0.0
W-2022-45,70,22,1,0.00016452780519907864,2182,0,0.0
W-2022-45,70,25,1,0.00016452780519907864,2183,0,0.0
W-2022-45,70,55,1,0.00016452780519907864,2184,0,0.0
W-2022-45,70,61,1,0.00016452780519907864,2185,0,0.0
W-2022-45,70,66,1,0.00016452780519907864,2186,0,0.0
W-2022-45,79,80,10,0.00016343875132793985,2187,0,0.0
W-2022-45,79,95,10,0.00016343875132793985,2188,0,0.0
W-2022-45,91,81,44,0.00016286403813979656,2189,0,0.0
W-2022-45,14,36,11,0.00016272189349112427,2190,0,0.0
W-2022-45,14,72,11,0.00016272189349112427,2191,0,0.0
W-2022-45,42,52,23,0.0001617042218863149,2192,0,0.0
W-2022-45,62,93,79,0.00016052375446774184,2193,0,0.0
W-2022-45,88,37,3,0.0001601879538658693,2194,0,0.0
W-2022-45,88,66,3,0.0001601879538658693,2195,0,0.0
W-2022-45,88,101,3,0.0001601879538658693,2196,0,0.0
W-2022-45,68,3,8,0.0001580246913580247,2197,0,0.0
W-2022-45,68,90,8,0.0001580246913580247,2198,0,0.0
W-2022-45,68,91,8,0.0001580246913580247,2199,0,0.0
W-2022-45,29,61,33,0.00015784489108702516,2200,0,0.0
W-2022-45,41,91,73,0.00015741375666852113,2201,0,0.0
W-2022-45,47,19,7,0.0001566486147786779,2202,0,0.0
W-2022-45,47,30,7,0.0001566486147786779,2203,0,0.0
W-2022-45,47,63,7,0.0001566486147786779,2204,0,0.0
W-2022-45,41,79,72,0.0001552574038374455,2205,0,0.0
W-2022-45,89,75,35,0.00015490838275648402,2206,0,0.0
W-2022-45,60,56,10,0.0001536877372554444,2207,0,0.0
W-2022-45,19,68,30,0.0001527689369828135,2208,0,0.0
W-2022-45,12,9,2,0.00015264845061822624,2209,0,0.0
W-2022-45,12,28,2,0.00015264845061822624,2210,0,0.0
W-2022-45,12,58,2,0.00015264845061822624,2211,0,0.0
W-2022-45,12,60,2,0.00015264845061822624,2212,0,0.0
W-2022-45,41,46,70,0.00015094469817529424,2213,0,0.0
W-2022-45,44,12,9,0.00014941479206441439,2214,0,0.0
W-2022-45,3,5,2,0.00014823599169878446,2215,0,0.0
W-2022-45,3,37,2,0.00014823599169878446,2216,0,0.0
W-2022-45,3,64,2,0.00014823599169878446,2217,0,0.0
W-2022-45,79,62,9,0.00014709487619514588,2218,0,0.0
W-2022-45,11,42,2,0.0001460067163089502,2219,0,0.0
W-2022-45,11,50,2,0.0001460067163089502,2220,0,0.0
W-2022-45,11,59,2,0.0001460067163089502,2221,0,0.0
W-2022-45,11,80,2,0.0001460067163089502,2222,0,0.0
W-2022-45,11,86,2,0.0001460067163089502,2223,0,0.0
W-2022-45,36,78,4,0.00014576197070184389,2224,0,0.0
W-2022-45,36,101,4,0.00014576197070184389,2225,0,0.0
W-2022-45,59,93,62,0.00014479316763078677,2226,0,0.0
W-2022-45,54,66,3,0.00014476668436037255,2227,0,0.0
W-2022-45,54,87,3,0.00014476668436037255,2228,0,0.0
W-2022-45,76,36,3,0.0001446061891448954,2229,0,0.0
W-2022-45,76,41,3,0.0001446061891448954,2230,0,0.0
W-2022-45,76,50,3,0.0001446061891448954,2231,0,0.0
W-2022-45,76,60,3,0.0001446061891448954,2232,0,0.0
W-2022-45,41,51,67,0.00014447563968206733,2233,0,0.0
W-2022-45,41,56,67,0.00014447563968206733,2234,0,0.0
W-2022-45,17,0,24,0.0001432194539758317,2235,0,0.0
W-2022-45,67,6,3,0.00014146272457207527,2236,0,0.0
W-2022-45,98,46,2,0.00014072614691809738,2237,0,0.0
W-2022-45,98,61,2,0.00014072614691809738,2238,0,0.0
W-2022-45,98,68,2,0.00014072614691809738,2239,0,0.0
W-2022-45,98,69,2,0.00014072614691809738,2240,0,0.0
W-2022-45,91,75,38,0.00014065530566618795,2241,0,0.0
W-2022-45,75,89,11,0.00013924755683832093,2242,0,0.0
W-2022-45,68,0,7,0.0001382716049382716,2243,0,0.0
W-2022-45,68,29,7,0.0001382716049382716,2244,0,0.0
W-2022-45,68,85,7,0.0001382716049382716,2245,0,0.0
W-2022-45,41,19,64,0.00013800658118884044,2246,0,0.0
W-2022-45,19,91,27,0.00013749204328453215,2247,0,0.0
W-2022-45,49,9,39,0.00013529311774317204,2248,0,0.0
W-2022-45,47,75,6,0.00013427024123886675,2249,0,0.0
W-2022-45,91,77,36,0.00013325239484165174,2250,0,0.0
W-2022-45,13,29,7,0.00013317352510320947,2251,0,0.0
W-2022-45,44,53,8,0.00013281314850170168,2252,0,0.0
W-2022-45,78,19,2,0.00013245910325187097,2253,0,0.0
W-2022-45,78,36,2,0.00013245910325187097,2254,0,0.0
W-2022-45,58,11,1,0.00013130252100840336,2255,0,0.0
W-2022-45,58,27,1,0.00013130252100840336,2256,0,0.0
W-2022-45,58,29,1,0.00013130252100840336,2257,0,0.0
W-2022-45,58,46,1,0.00013130252100840336,2258,0,0.0
W-2022-45,4,41,2,0.00013008976193573565,2259,0,0.0
W-2022-45,4,73,2,0.00013008976193573565,2260,0,0.0
W-2022-45,4,93,2,0.00013008976193573565,2261,0,0.0
W-2022-45,91,10,35,0.00012955093942938363,2262,0,0.0
W-2022-45,89,18,29,0.0001283526599982296,2263,0,0.0
W-2022-45,27,26,3,0.00012751849018107625,2264,0,0.0
W-2022-45,41,47,59,0.0001272248170334623,2265,0,0.0
W-2022-45,50,58,43,0.0001271267867965528,2266,0,0.0
W-2022-45,43,19,11,0.00012595179481307607,2267,0,0.0
W-2022-45,31,99,2,0.00012553351744915893,2268,0,0.0
W-2022-45,39,3,2,0.0001253054319904768,2269,0,0.0
W-2022-45,39,62,2,0.0001253054319904768,2270,0,0.0
W-2022-45,39,76,2,0.0001253054319904768,2271,0,0.0
W-2022-45,5,89,8,0.00012459312557429645,2272,0,0.0
W-2022-45,52,29,4,0.00012445163498335458,2273,0,0.0
W-2022-45,62,9,61,0.00012394872180420573,2274,0,0.0
W-2022-45,33,91,2,0.00012297097884899163,2275,0,0.0
W-2022-45,82,24,2,0.0001229483002397492,2276,0,0.0
W-2022-45,82,49,2,0.0001229483002397492,2277,0,0.0
W-2022-45,82,61,2,0.0001229483002397492,2278,0,0.0
W-2022-45,82,62,2,0.0001229483002397492,2279,0,0.0
W-2022-45,82,65,2,0.0001229483002397492,2280,0,0.0
W-2022-45,59,91,52,0.00012143943091614374,2281,0,0.0
W-2022-45,59,19,51,0.00011910405724467943,2282,0,0.0
W-2022-45,68,65,6,0.00011851851851851852,2283,0,0.0
W-2022-45,68,75,6,0.00011851851851851852,2284,0,0.0
W-2022-45,14,15,8,0.00011834319526627219,2285,0,0.0
W-2022-45,14,65,8,0.00011834319526627219,2286,0,0.0
W-2022-45,14,94,8,0.00011834319526627219,2287,0,0.0
W-2022-45,61,33,22,0.00011809671046981018,2288,0,0.0
W-2022-45,61,75,22,0.00011809671046981018,2289,0,0.0
W-2022-45,19,88,23,0.00011712285168682368,2290,0,0.0
W-2022-45,44,91,7,0.00011621150493898897,2291,0,0.0
W-2022-45,89,57,26,0.00011507479861910241,2292,0,0.0
W-2022-45,56,17,2,0.00011487650775416428,2293,0,0.0
W-2022-45,56,33,2,0.00011487650775416428,2294,0,0.0
W-2022-45,56,75,2,0.00011487650775416428,2295,0,0.0
W-2022-45,91,38,31,0.00011474511778031122,2296,0,0.0
W-2022-45,79,59,7,0.0001144071259295579,2297,0,0.0
W-2022-45,28,27,23,0.00011264956678894859,2298,0,0.0
W-2022-45,59,9,48,0.00011209793623028653,2299,0,0.0
W-2022-45,47,9,5,0.00011189186769905564,2300,0,0.0
W-2022-45,47,46,5,0.00011189186769905564,2301,0,0.0
W-2022-45,47,57,5,0.00011189186769905564,2302,0,0.0
W-2022-45,47,67,5,0.00011189186769905564,2303,0,0.0
W-2022-45,47,76,5,0.00011189186769905564,2304,0,0.0
W-2022-45,49,46,32,0.00011100973763542321,2305,0,0.0
W-2022-45,89,46,25,0.00011064884482606002,2306,0,0.0
W-2022-45,89,97,25,0.00011064884482606002,2307,0,0.0
W-2022-45,93,18,2,0.0001094331363536879,2308,0,0.0
W-2022-45,93,47,2,0.0001094331363536879,2309,0,0.0
W-2022-45,93,61,2,0.0001094331363536879,2310,0,0.0
W-2022-45,93,86,2,0.0001094331363536879,2311,0,0.0
W-2022-45,36,63,3,0.00010932147802638291,2312,0,0.0
W-2022-45,36,74,3,0.00010932147802638291,2313,0,0.0
W-2022-45,5,17,7,0.00010901898487750939,2314,0,0.0
W-2022-45,60,46,7,0.00010758141607881107,2315,0,0.0
W-2022-45,19,82,21,0.00010693825588796945,2316,0,0.0
W-2022-45,88,1,2,0.00010679196924391286,2317,0,0.0
W-2022-45,88,8,2,0.00010679196924391286,2318,0,0.0
W-2022-45,88,15,2,0.00010679196924391286,2319,0,0.0
W-2022-45,88,55,2,0.00010679196924391286,2320,0,0.0
W-2022-45,88,83,2,0.00010679196924391286,2321,0,0.0
W-2022-45,89,29,24,0.00010622289103301762,2322,0,0.0
W-2022-45,89,54,24,0.00010622289103301762,2323,0,0.0
W-2022-45,45,43,1,0.00010465724751439037,2324,0,0.0
W-2022-45,45,57,1,0.00010465724751439037,2325,0,0.0
W-2022-45,45,89,1,0.00010465724751439037,2326,0,0.0
W-2022-45,92,22,1,0.00010355182768975873,2327,0,0.0
W-2022-45,92,24,1,0.00010355182768975873,2328,0,0.0
W-2022-45,92,42,1,0.00010355182768975873,2329,0,0.0
W-2022-45,75,41,8,0.00010127095042786977,2330,0,0.0
W-2022-45,75,50,8,0.00010127095042786977,2331,0,0.0
W-2022-45,22,13,1,0.00010052271813429835,2332,0,0.0
W-2022-45,22,19,1,0.00010052271813429835,2333,0,0.0
W-2022-45,22,24,1,0.00010052271813429835,2334,0,0.0
W-2022-45,22,25,1,0.00010052271813429835,2335,0,0.0
W-2022-45,22,29,1,0.00010052271813429835,2336,0,0.0
W-2022-45,22,33,1,0.00010052271813429835,2337,0,0.0
W-2022-45,22,41,1,0.00010052271813429835,2338,0,0.0
W-2022-45,22,59,1,0.00010052271813429835,2339,0,0.0
W-2022-45,22,61,1,0.00010052271813429835,2340,0,0.0
W-2022-45,22,62,1,0.00010052271813429835,2341,0,0.0
W-2022-45,22,64,1,0.00010052271813429835,2342,0,0.0
W-2022-45,22,68,1,0.00010052271813429835,2343,0,0.0
W-2022-45,22,100,1,0.00010052271813429835,2344,0,0.0
W-2022-45,22,101,1,0.00010052271813429835,2345,0,0.0
W-2022-45,68,15,5,9.876543209876543e-05,2346,0,0.0
W-2022-45,59,46,42,9.808569420150071e-05,2347,0,0.0
W-2022-45,79,75,6,9.806325079676392e-05,2348,0,0.0
W-2022-45,50,29,33,9.756241777409865e-05,2349,0,0.0
W-2022-45,54,3,2,9.651112290691502e-05,2350,0,0.0
W-2022-45,54,63,2,9.651112290691502e-05,2351,0,0.0
W-2022-45,54,92,2,9.651112290691502e-05,2352,0,0.0
W-2022-45,76,5,2,9.640412609659693e-05,2353,0,0.0
W-2022-45,76,49,2,9.640412609659693e-05,2354,0,0.0
W-2022-45,76,55,2,9.640412609659693e-05,2355,0,0.0
W-2022-45,76,62,2,9.640412609659693e-05,2356,0,0.0
W-2022-45,76,93,2,9.640412609659693e-05,2357,0,0.0
W-2022-45,76,101,2,9.640412609659693e-05,2358,0,0.0
W-2022-45,100,1,1,9.632055480639569e-05,2359,0,0.0
W-2022-45,100,19,1,9.632055480639569e-05,2360,0,0.0
W-2022-45,100,32,1,9.632055480639569e-05,2361,0,0.0
W-2022-45,100,39,1,9.632055480639569e-05,2362,0,0.0
W-2022-45,100,41,1,9.632055480639569e-05,2363,0,0.0
W-2022-45,100,42,1,9.632055480639569e-05,2364,0,0.0
W-2022-45,100,49,1,9.632055480639569e-05,2365,0,0.0
W-2022-45,100,101,1,9.632055480639569e-05,2366,0,0.0
W-2022-45,91,23,26,9.62378407189707e-05,2367,0,0.0
W-2022-45,91,59,26,9.62378407189707e-05,2368,0,0.0
W-2022-45,53,93,2,9.5333428666762e-05,2369,0,0.0
W-2022-45,55,12,37,9.531243157469017e-05,2370,0,0.0
W-2022-45,13,3,5,9.512394650229248e-05,2371,0,0.0
W-2022-45,67,29,2,9.430848304805017e-05,2372,0,0.0
W-2022-45,67,41,2,9.430848304805017e-05,2373,0,0.0
W-2022-45,67,57,2,9.430848304805017e-05,2374,0,0.0
W-2022-45,67,68,2,9.430848304805017e-05,2375,0,0.0
W-2022-45,67,71,2,9.430848304805017e-05,2376,0,0.0
W-2022-45,67,84,2,9.430848304805017e-05,2377,0,0.0
W-2022-45,67,86,2,9.430848304805017e-05,2378,0,0.0
W-2022-45,49,58,27,9.366446612988833e-05,2379,0,0.0
W-2022-45,52,79,3,9.333872623751595e-05,2380,0,0.0
W-2022-45,91,101,25,9.25363853067026e-05,2381,0,0.0
W-2022-45,19,44,18,9.16613621896881e-05,2382,0,0.0
W-2022-45,61,18,17,9.125654899939878e-05,2383,0,0.0
W-2022-45,101,13,30,9.096725482050645e-05,2384,0,0.0
W-2022-45,101,33,30,9.096725482050645e-05,2385,0,0.0
W-2022-45,55,97,35,9.016040824632854e-05,2386,0,0.0
W-2022-45,65,4,1,9.007386056566384e-05,2387,0,0.0
W-2022-45,65,35,1,9.007386056566384e-05,2388,0,0.0
W-2022-45,65,40,1,9.007386056566384e-05,2389,0,0.0
W-2022-45,65,61,1,9.007386056566384e-05,2390,0,0.0
W-2022-45,65,72,1,9.007386056566384e-05,2391,0,0.0
W-2022-45,65,75,1,9.007386056566384e-05,2392,0,0.0
W-2022-45,65,76,1,9.007386056566384e-05,2393,0,0.0
W-2022-45,65,87,1,9.007386056566384e-05,2394,0,0.0
W-2022-45,65,101,1,9.007386056566384e-05,2395,0,0.0
W-2022-45,47,32,4,8.951349415924451e-05,2396,0,0.0
W-2022-45,47,93,4,8.951349415924451e-05,2397,0,0.0
W-2022-45,91,6,24,8.88349298944345e-05,2398,0,0.0
W-2022-45,91,11,24,8.88349298944345e-05,2399,0,0.0
W-2022-45,14,91,6,8.875739644970414e-05,2400,0,0.0
W-2022-45,41,29,41,8.84104660741009e-05,2401,0,0.0
W-2022-45,62,29,43,8.737368914066961e-05,2402,0,0.0
W-2022-45,19,17,17,8.656906429026099e-05,2403,0,0.0
W-2022-45,18,13,1,8.591803419537761e-05,2404,0,0.0
W-2022-45,18,23,1,8.591803419537761e-05,2405,0,0.0
W-2022-45,18,46,1,8.591803419537761e-05,2406,0,0.0
W-2022-45,18,72,1,8.591803419537761e-05,2407,0,0.0
W-2022-45,18,84,1,8.591803419537761e-05,2408,0,0.0
W-2022-45,15,37,1,8.589589417625838e-05,2409,0,0.0
W-2022-45,15,70,1,8.589589417625838e-05,2410,0,0.0
W-2022-45,15,82,1,8.589589417625838e-05,2411,0,0.0
W-2022-45,61,26,16,8.58885167053165e-05,2412,0,0.0
W-2022-45,27,30,2,8.501232678738417e-05,2413,0,0.0
W-2022-45,42,91,12,8.436742011459907e-05,2414,0,0.0
W-2022-45,97,32,1,8.286377195889956e-05,2415,0,0.0
W-2022-45,97,59,1,8.286377195889956e-05,2416,0,0.0
W-2022-45,97,65,1,8.286377195889956e-05,2417,0,0.0
W-2022-45,97,68,1,8.286377195889956e-05,2418,0,0.0
W-2022-45,97,75,1,8.286377195889956e-05,2419,0,0.0
W-2022-45,97,78,1,8.286377195889956e-05,2420,0,0.0
W-2022-45,97,99,1,8.286377195889956e-05,2421,0,0.0
W-2022-45,101,11,27,8.18705293384558e-05,2422,0,0.0
W-2022-45,79,96,5,8.171937566396992e-05,2423,0,0.0
W-2022-45,79,101,5,8.171937566396992e-05,2424,0,0.0
W-2022-45,29,31,17,8.13140348024069e-05,2425,0,0.0
W-2022-45,62,79,40,8.127785036341358e-05,2426,0,0.0
W-2022-45,48,9,2,8.102414519526819e-05,2427,0,0.0
W-2022-45,48,11,2,8.102414519526819e-05,2428,0,0.0
W-2022-45,48,19,2,8.102414519526819e-05,2429,0,0.0
W-2022-45,48,52,2,8.102414519526819e-05,2430,0,0.0
W-2022-45,48,67,2,8.102414519526819e-05,2431,0,0.0
W-2022-45,48,68,2,8.102414519526819e-05,2432,0,0.0
W-2022-45,48,75,2,8.102414519526819e-05,2433,0,0.0
W-2022-45,48,91,2,8.102414519526819e-05,2434,0,0.0
W-2022-45,61,45,15,8.052048441123422e-05,2435,0,0.0
W-2022-45,43,51,7,8.015114215377569e-05,2436,0,0.0
W-2022-45,49,56,23,7.978824892546043e-05,2437,0,0.0
W-2022-45,68,101,4,7.901234567901235e-05,2438,0,0.0
W-2022-45,17,5,13,7.757720423690884e-05,2439,0,0.0
W-2022-45,60,58,5,7.68438686277222e-05,2440,0,0.0
W-2022-45,60,75,5,7.68438686277222e-05,2441,0,0.0
W-2022-45,19,13,15,7.638446849140675e-05,2442,0,0.0
W-2022-45,12,19,1,7.632422530911312e-05,2443,0,0.0
W-2022-45,12,46,1,7.632422530911312e-05,2444,0,0.0
W-2022-45,12,52,1,7.632422530911312e-05,2445,0,0.0
W-2022-45,12,91,1,7.632422530911312e-05,2446,0,0.0
W-2022-45,49,91,22,7.631919462435346e-05,2447,0,0.0
W-2022-45,13,15,4,7.609915720183399e-05,2448,0,0.0
W-2022-45,75,63,6,7.595321282090232e-05,2449,0,0.0
W-2022-45,41,9,35,7.547234908764712e-05,2450,0,0.0
W-2022-45,61,12,14,7.515245211715193e-05,2451,0,0.0
W-2022-45,57,79,16,7.417709782104775e-05,2452,0,0.0
W-2022-45,3,36,1,7.411799584939223e-05,2453,0,0.0
W-2022-45,3,41,1,7.411799584939223e-05,2454,0,0.0
W-2022-45,3,65,1,7.411799584939223e-05,2455,0,0.0
W-2022-45,3,75,1,7.411799584939223e-05,2456,0,0.0
W-2022-45,91,69,20,7.402910824536207e-05,2457,0,0.0
W-2022-45,14,2,5,7.396449704142012e-05,2458,0,0.0
W-2022-45,14,74,5,7.396449704142012e-05,2459,0,0.0
W-2022-45,14,101,5,7.396449704142012e-05,2460,0,0.0
W-2022-45,11,2,1,7.30033581544751e-05,2461,0,0.0
W-2022-45,11,5,1,7.30033581544751e-05,2462,0,0.0
W-2022-45,11,10,1,7.30033581544751e-05,2463,0,0.0
W-2022-45,11,29,1,7.30033581544751e-05,2464,0,0.0
W-2022-45,11,34,1,7.30033581544751e-05,2465,0,0.0
W-2022-45,11,38,1,7.30033581544751e-05,2466,0,0.0
W-2022-45,11,41,1,7.30033581544751e-05,2467,0,0.0
W-2022-45,11,61,1,7.30033581544751e-05,2468,0,0.0
W-2022-45,11,62,1,7.30033581544751e-05,2469,0,0.0
W-2022-45,11,63,1,7.30033581544751e-05,2470,0,0.0
W-2022-45,11,71,1,7.30033581544751e-05,2471,0,0.0
W-2022-45,11,75,1,7.30033581544751e-05,2472,0,0.0
W-2022-45,11,81,1,7.30033581544751e-05,2473,0,0.0
W-2022-45,36,16,2,7.288098535092194e-05,2474,0,0.0
W-2022-45,49,88,21,7.285014032324648e-05,2475,0,0.0
W-2022-45,98,19,1,7.036307345904869e-05,2476,0,0.0
W-2022-45,98,49,1,7.036307345904869e-05,2477,0,0.0
W-2022-45,98,57,1,7.036307345904869e-05,2478,0,0.0
W-2022-45,98,59,1,7.036307345904869e-05,2479,0,0.0
W-2022-45,42,45,10,7.030618342883256e-05,2480,0,0.0
W-2022-45,26,31,5,7.011835979132776e-05,2481,0,0.0
W-2022-45,61,93,13,6.978441982306965e-05,2482,0,0.0
W-2022-45,61,98,13,6.978441982306965e-05,2483,0,0.0
W-2022-45,43,9,6,6.870097898895059e-05,2484,0,0.0
W-2022-45,50,44,23,6.799804875164452e-05,2485,0,0.0
W-2022-45,47,29,3,6.713512061943337e-05,2486,0,0.0
W-2022-45,47,33,3,6.713512061943337e-05,2487,0,0.0
W-2022-45,78,1,1,6.622955162593549e-05,2488,0,0.0
W-2022-45,78,5,1,6.622955162593549e-05,2489,0,0.0
W-2022-45,78,22,1,6.622955162593549e-05,2490,0,0.0
W-2022-45,78,29,1,6.622955162593549e-05,2491,0,0.0
W-2022-45,78,37,1,6.622955162593549e-05,2492,0,0.0
W-2022-45,78,41,1,6.622955162593549e-05,2493,0,0.0
W-2022-45,78,62,1,6.622955162593549e-05,2494,0,0.0
W-2022-45,78,63,1,6.622955162593549e-05,2495,0,0.0
W-2022-45,78,72,1,6.622955162593549e-05,2496,0,0.0
W-2022-45,78,89,1,6.622955162593549e-05,2497,0,0.0
W-2022-45,19,9,13,6.619987269255251e-05,2498,0,0.0
W-2022-45,79,43,4,6.537550053117594e-05,2499,0,0.0
W-2022-45,4,5,1,6.504488096786782e-05,2500,0,0.0
W-2022-45,4,8,1,6.504488096786782e-05,2501,0,0.0
W-2022-45,4,19,1,6.504488096786782e-05,2502,0,0.0
W-2022-45,4,25,1,6.504488096786782e-05,2503,0,0.0
W-2022-45,4,28,1,6.504488096786782e-05,2504,0,0.0
W-2022-45,4,32,1,6.504488096786782e-05,2505,0,0.0
W-2022-45,4,36,1,6.504488096786782e-05,2506,0,0.0
W-2022-45,4,55,1,6.504488096786782e-05,2507,0,0.0
W-2022-45,4,59,1,6.504488096786782e-05,2508,0,0.0
W-2022-45,4,66,1,6.504488096786782e-05,2509,0,0.0
W-2022-45,4,91,1,6.504488096786782e-05,2510,0,0.0
W-2022-45,4,101,1,6.504488096786782e-05,2511,0,0.0
W-2022-45,41,48,30,6.469058493226895e-05,2512,0,0.0
W-2022-45,61,13,12,6.441638752898738e-05,2513,0,0.0
W-2022-45,55,56,25,6.440029160452039e-05,2514,0,0.0
W-2022-45,55,67,25,6.440029160452039e-05,2515,0,0.0
W-2022-45,75,61,5,6.32943440174186e-05,2516,0,0.0
W-2022-45,42,75,9,6.327556508594931e-05,2517,0,0.0
W-2022-45,42,76,9,6.327556508594931e-05,2518,0,0.0
W-2022-45,59,79,27,6.305508912953617e-05,2519,0,0.0
W-2022-45,91,7,17,6.292474200855777e-05,2520,0,0.0
W-2022-45,31,26,1,6.276675872457946e-05,2521,0,0.0
W-2022-45,31,76,1,6.276675872457946e-05,2522,0,0.0
W-2022-45,31,91,1,6.276675872457946e-05,2523,0,0.0
W-2022-45,39,5,1,6.26527159952384e-05,2524,0,0.0
W-2022-45,39,19,1,6.26527159952384e-05,2525,0,0.0
W-2022-45,39,22,1,6.26527159952384e-05,2526,0,0.0
W-2022-45,39,27,1,6.26527159952384e-05,2527,0,0.0
W-2022-45,39,28,1,6.26527159952384e-05,2528,0,0.0
W-2022-45,39,29,1,6.26527159952384e-05,2529,0,0.0
W-2022-45,39,30,1,6.26527159952384e-05,2530,0,0.0
W-2022-45,39,32,1,6.26527159952384e-05,2531,0,0.0
W-2022-45,39,34,1,6.26527159952384e-05,2532,0,0.0
W-2022-45,39,66,1,6.26527159952384e-05,2533,0,0.0
W-2022-45,39,73,1,6.26527159952384e-05,2534,0,0.0
W-2022-45,39,83,1,6.26527159952384e-05,2535,0,0.0
W-2022-45,39,87,1,6.26527159952384e-05,2536,0,0.0
W-2022-45,39,91,1,6.26527159952384e-05,2537,0,0.0
W-2022-45,5,3,4,6.229656278714822e-05,2538,0,0.0
W-2022-45,52,19,2,6.222581749167729e-05,2539,0,0.0
W-2022-45,52,26,2,6.222581749167729e-05,2540,0,0.0
W-2022-45,52,91,2,6.222581749167729e-05,2541,0,0.0
W-2022-45,29,5,13,6.218132073125233e-05,2542,0,0.0
W-2022-45,29,40,13,6.218132073125233e-05,2543,0,0.0
W-2022-45,29,101,13,6.218132073125233e-05,2544,0,0.0
W-2022-45,50,48,21,6.208517494715369e-05,2545,0,0.0
W-2022-45,89,48,14,6.196335310259361e-05,2546,0,0.0
W-2022-45,30,27,2,6.185822095756526e-05,2547,0,0.0
W-2022-45,33,18,1,6.148548942449582e-05,2548,0,0.0
W-2022-45,33,19,1,6.148548942449582e-05,2549,0,0.0
W-2022-45,33,29,1,6.148548942449582e-05,2550,0,0.0
W-2022-45,33,60,1,6.148548942449582e-05,2551,0,0.0
W-2022-45,33,75,1,6.148548942449582e-05,2552,0,0.0
W-2022-45,60,12,4,6.147509490217775e-05,2553,0,0.0
W-2022-45,60,91,4,6.147509490217775e-05,2554,0,0.0
W-2022-45,82,19,1,6.14741501198746e-05,2555,0,0.0
W-2022-45,82,41,1,6.14741501198746e-05,2556,0,0.0
W-2022-45,82,75,1,6.14741501198746e-05,2557,0,0.0
W-2022-45,19,45,12,6.110757479312539e-05,2558,0,0.0
W-2022-45,57,67,13,6.02688919796013e-05,2559,0,0.0
W-2022-45,68,5,3,5.925925925925926e-05,2560,0,0.0
W-2022-45,68,28,3,5.925925925925926e-05,2561,0,0.0
W-2022-45,68,57,3,5.925925925925926e-05,2562,0,0.0
W-2022-45,68,72,3,5.925925925925926e-05,2563,0,0.0
W-2022-45,68,73,3,5.925925925925926e-05,2564,0,0.0
W-2022-45,14,25,4,5.9171597633136094e-05,2565,0,0.0
W-2022-45,14,75,4,5.9171597633136094e-05,2566,0,0.0
W-2022-45,61,68,11,5.904835523490509e-05,2567,0,0.0
W-2022-45,99,17,1,5.775672865888876e-05,2568,0,0.0
W-2022-45,99,20,1,5.775672865888876e-05,2569,0,0.0
W-2022-45,99,27,1,5.775672865888876e-05,2570,0,0.0
W-2022-45,99,59,1,5.775672865888876e-05,2571,0,0.0
W-2022-45,99,67,1,5.775672865888876e-05,2572,0,0.0
W-2022-45,99,73,1,5.775672865888876e-05,2573,0,0.0
W-2022-45,99,89,1,5.775672865888876e-05,2574,0,0.0
W-2022-45,99,91,1,5.775672865888876e-05,2575,0,0.0
W-2022-45,89,11,13,5.7537399309551206e-05,2576,0,0.0
W-2022-45,89,42,13,5.7537399309551206e-05,2577,0,0.0
W-2022-45,56,9,1,5.743825387708214e-05,2578,0,0.0
W-2022-45,56,14,1,5.743825387708214e-05,2579,0,0.0
W-2022-45,56,35,1,5.743825387708214e-05,2580,0,0.0
W-2022-45,56,79,1,5.743825387708214e-05,2581,0,0.0
W-2022-45,29,41,12,5.739814221346369e-05,2582,0,0.0
W-2022-45,29,89,12,5.739814221346369e-05,2583,0,0.0
W-2022-45,43,63,5,5.7250815824125495e-05,2584,0,0.0
W-2022-45,43,75,5,5.7250815824125495e-05,2585,0,0.0
W-2022-45,43,98,5,5.7250815824125495e-05,2586,0,0.0
W-2022-45,13,16,3,5.707436790137549e-05,2587,0,0.0
W-2022-45,13,19,3,5.707436790137549e-05,2588,0,0.0
W-2022-45,13,63,3,5.707436790137549e-05,2589,0,0.0
W-2022-45,55,53,22,5.667225661197794e-05,2590,0,0.0
W-2022-45,41,18,26,5.606517360796643e-05,2591,0,0.0
W-2022-45,57,18,12,5.5632823365785815e-05,2592,0,0.0
W-2022-45,57,75,12,5.5632823365785815e-05,2593,0,0.0
W-2022-45,57,91,12,5.5632823365785815e-05,2594,0,0.0
W-2022-45,91,41,15,5.552183118402156e-05,2595,0,0.0
W-2022-45,62,75,27,5.486254899530417e-05,2596,0,0.0
W-2022-45,62,98,27,5.486254899530417e-05,2597,0,0.0
W-2022-45,93,7,1,5.471656817684395e-05,2598,0,0.0
W-2022-45,93,14,1,5.471656817684395e-05,2599,0,0.0
W-2022-45,93,49,1,5.471656817684395e-05,2600,0,0.0
W-2022-45,93,62,1,5.471656817684395e-05,2601,0,0.0
W-2022-45,93,69,1,5.471656817684395e-05,2602,0,0.0
W-2022-45,93,72,1,5.471656817684395e-05,2603,0,0.0
W-2022-45,93,84,1,5.471656817684395e-05,2604,0,0.0
W-2022-45,101,51,18,5.458035289230387e-05,2605,0,0.0
W-2022-45,101,79,18,5.458035289230387e-05,2606,0,0.0
W-2022-45,55,75,21,5.4096244947797124e-05,2607,0,0.0
W-2022-45,59,12,23,5.371359444367896e-05,2608,0,0.0
W-2022-45,59,53,23,5.371359444367896e-05,2609,0,0.0
W-2022-45,17,36,9,5.3707295240936895e-05,2610,0,0.0
W-2022-45,61,11,10,5.3680322940822814e-05,2611,0,0.0
W-2022-45,88,2,1,5.339598462195643e-05,2612,0,0.0
W-2022-45,88,5,1,5.339598462195643e-05,2613,0,0.0
W-2022-45,88,19,1,5.339598462195643e-05,2614,0,0.0
W-2022-45,88,49,1,5.339598462195643e-05,2615,0,0.0
W-2022-45,88,61,1,5.339598462195643e-05,2616,0,0.0
W-2022-45,88,62,1,5.339598462195643e-05,2617,0,0.0
W-2022-45,88,80,1,5.339598462195643e-05,2618,0,0.0
W-2022-45,88,95,1,5.339598462195643e-05,2619,0,0.0
W-2022-45,89,76,12,5.311144551650881e-05,2620,0,0.0
W-2022-45,62,12,26,5.283060273621883e-05,2621,0,0.0
W-2022-45,62,46,26,5.283060273621883e-05,2622,0,0.0
W-2022-45,49,48,15,5.203581451660463e-05,2623,0,0.0
W-2022-45,49,98,15,5.203581451660463e-05,2624,0,0.0
W-2022-45,91,86,14,5.182037577175345e-05,2625,0,0.0
W-2022-45,41,68,24,5.175246794581517e-05,2626,0,0.0
W-2022-45,101,75,17,5.154811106495365e-05,2627,0,0.0
W-2022-45,101,88,17,5.154811106495365e-05,2628,0,0.0
W-2022-45,57,26,11,5.099675475197033e-05,2629,0,0.0
W-2022-45,19,18,10,5.0922978994271167e-05,2630,0,0.0
W-2022-45,75,36,4,5.0635475213934886e-05,2631,0,0.0
W-2022-45,75,42,4,5.0635475213934886e-05,2632,0,0.0
W-2022-45,75,93,4,5.0635475213934886e-05,2633,0,0.0
W-2022-45,44,19,3,4.980493068813813e-05,2634,0,0.0
W-2022-45,41,12,23,4.9596115114739536e-05,2635,0,0.0
W-2022-45,79,7,3,4.903162539838196e-05,2636,0,0.0
W-2022-45,79,14,3,4.903162539838196e-05,2637,0,0.0
W-2022-45,79,23,3,4.903162539838196e-05,2638,0,0.0
W-2022-45,79,73,3,4.903162539838196e-05,2639,0,0.0
W-2022-45,79,84,3,4.903162539838196e-05,2640,0,0.0
W-2022-45,28,62,10,4.8978072516934167e-05,2641,0,0.0
W-2022-45,49,12,14,4.856676021549765e-05,2642,0,0.0
W-2022-45,61,76,9,4.831229064674053e-05,2643,0,0.0
W-2022-45,54,11,1,4.825556145345751e-05,2644,0,0.0
W-2022-45,54,30,1,4.825556145345751e-05,2645,0,0.0
W-2022-45,54,56,1,4.825556145345751e-05,2646,0,0.0
W-2022-45,54,68,1,4.825556145345751e-05,2647,0,0.0
W-2022-45,54,90,1,4.825556145345751e-05,2648,0,0.0
W-2022-45,54,98,1,4.825556145345751e-05,2649,0,0.0
W-2022-45,76,4,1,4.8202063048298465e-05,2650,0,0.0
W-2022-45,76,11,1,4.8202063048298465e-05,2651,0,0.0
W-2022-45,76,14,1,4.8202063048298465e-05,2652,0,0.0
W-2022-45,76,16,1,4.8202063048298465e-05,2653,0,0.0
W-2022-45,76,19,1,4.8202063048298465e-05,2654,0,0.0
W-2022-45,76,29,1,4.8202063048298465e-05,2655,0,0.0
W-2022-45,76,47,1,4.8202063048298465e-05,2656,0,0.0
W-2022-45,76,56,1,4.8202063048298465e-05,2657,0,0.0
W-2022-45,76,59,1,4.8202063048298465e-05,2658,0,0.0
W-2022-45,76,67,1,4.8202063048298465e-05,2659,0,0.0
W-2022-45,76,68,1,4.8202063048298465e-05,2660,0,0.0
W-2022-45,76,74,1,4.8202063048298465e-05,2661,0,0.0
W-2022-45,76,78,1,4.8202063048298465e-05,2662,0,0.0
W-2022-45,76,90,1,4.8202063048298465e-05,2663,0,0.0
W-2022-45,76,98,1,4.8202063048298465e-05,2664,0,0.0
W-2022-45,29,17,10,4.783178517788641e-05,2665,0,0.0
W-2022-45,53,19,1,4.7666714333381e-05,2666,0,0.0
W-2022-45,53,29,1,4.7666714333381e-05,2667,0,0.0
W-2022-45,53,46,1,4.7666714333381e-05,2668,0,0.0
W-2022-45,53,54,1,4.7666714333381e-05,2669,0,0.0
W-2022-45,53,58,1,4.7666714333381e-05,2670,0,0.0
W-2022-45,53,76,1,4.7666714333381e-05,2671,0,0.0
W-2022-45,41,32,22,4.74397622836639e-05,2672,0,0.0
W-2022-45,67,4,1,4.715424152402509e-05,2673,0,0.0
W-2022-45,67,25,1,4.715424152402509e-05,2674,0,0.0
W-2022-45,67,27,1,4.715424152402509e-05,2675,0,0.0
W-2022-45,67,36,1,4.715424152402509e-05,2676,0,0.0
W-2022-45,67,44,1,4.715424152402509e-05,2677,0,0.0
W-2022-45,67,58,1,4.715424152402509e-05,2678,0,0.0
W-2022-45,67,60,1,4.715424152402509e-05,2679,0,0.0
W-2022-45,67,62,1,4.715424152402509e-05,2680,0,0.0
W-2022-45,67,75,1,4.715424152402509e-05,2681,0,0.0
W-2022-45,5,14,3,4.672242209036116e-05,2682,0,0.0
W-2022-45,55,58,18,4.636820995525468e-05,2683,0,0.0
W-2022-45,57,46,10,4.636068613815485e-05,2684,0,0.0
W-2022-45,57,51,10,4.636068613815485e-05,2685,0,0.0
W-2022-45,60,29,3,4.610632117663332e-05,2686,0,0.0
W-2022-45,60,30,3,4.610632117663332e-05,2687,0,0.0
W-2022-45,60,79,3,4.610632117663332e-05,2688,0,0.0
W-2022-45,19,14,9,4.583068109484405e-05,2689,0,0.0
W-2022-45,43,46,4,4.580065265930039e-05,2690,0,0.0
W-2022-45,43,47,4,4.580065265930039e-05,2691,0,0.0
W-2022-45,43,53,4,4.580065265930039e-05,2692,0,0.0
W-2022-45,43,91,4,4.580065265930039e-05,2693,0,0.0
W-2022-45,101,63,15,4.5483627410253225e-05,2694,0,0.0
W-2022-45,41,75,21,4.528340945258827e-05,2695,0,0.0
W-2022-45,41,98,21,4.528340945258827e-05,2696,0,0.0
W-2022-45,32,27,8,4.518854922162724e-05,2697,0,0.0
W-2022-45,49,68,13,4.5097705914390675e-05,2698,0,0.0
W-2022-45,47,77,2,4.4756747079622256e-05,2699,0,0.0
W-2022-45,91,62,12,4.441746494721725e-05,2700,0,0.0
W-2022-45,91,68,12,4.441746494721725e-05,2701,0,0.0
W-2022-45,91,95,12,4.441746494721725e-05,2702,0,0.0
W-2022-45,14,5,3,4.437869822485207e-05,2703,0,0.0
W-2022-45,89,43,10,4.4259537930424005e-05,2704,0,0.0
W-2022-45,29,57,9,4.3048606660097766e-05,2705,0,0.0
W-2022-45,27,31,1,4.2506163393692086e-05,2706,0,0.0
W-2022-45,27,59,1,4.2506163393692086e-05,2707,0,0.0
W-2022-45,27,91,1,4.2506163393692086e-05,2708,0,0.0
W-2022-45,27,99,1,4.2506163393692086e-05,2709,0,0.0
W-2022-45,101,17,14,4.2451385582903006e-05,2710,0,0.0
W-2022-45,17,15,7,4.177234074295092e-05,2711,0,0.0
W-2022-45,17,63,7,4.177234074295092e-05,2712,0,0.0
W-2022-45,50,47,14,4.1390116631435794e-05,2713,0,0.0
W-2022-45,48,3,1,4.0512072597634096e-05,2714,0,0.0
W-2022-45,48,4,1,4.0512072597634096e-05,2715,0,0.0
W-2022-45,48,12,1,4.0512072597634096e-05,2716,0,0.0
W-2022-45,48,28,1,4.0512072597634096e-05,2717,0,0.0
W-2022-45,48,32,1,4.0512072597634096e-05,2718,0,0.0
W-2022-45,48,33,1,4.0512072597634096e-05,2719,0,0.0
W-2022-45,48,37,1,4.0512072597634096e-05,2720,0,0.0
W-2022-45,48,40,1,4.0512072597634096e-05,2721,0,0.0
W-2022-45,48,63,1,4.0512072597634096e-05,2722,0,0.0
W-2022-45,48,69,1,4.0512072597634096e-05,2723,0,0.0
W-2022-45,48,79,1,4.0512072597634096e-05,2724,0,0.0
W-2022-45,48,93,1,4.0512072597634096e-05,2725,0,0.0
W-2022-45,89,26,9,3.98335841373816e-05,2726,0,0.0
W-2022-45,89,81,9,3.98335841373816e-05,2727,0,0.0
W-2022-45,68,18,2,3.950617283950617e-05,2728,0,0.0
W-2022-45,68,20,2,3.950617283950617e-05,2729,0,0.0
W-2022-45,68,32,2,3.950617283950617e-05,2730,0,0.0
W-2022-45,68,35,2,3.950617283950617e-05,2731,0,0.0
W-2022-45,68,49,2,3.950617283950617e-05,2732,0,0.0
W-2022-45,68,61,2,3.950617283950617e-05,2733,0,0.0
W-2022-45,68,62,2,3.950617283950617e-05,2734,0,0.0
W-2022-45,68,79,2,3.950617283950617e-05,2735,0,0.0
W-2022-45,101,18,13,3.9419143755552794e-05,2736,0,0.0
W-2022-45,29,49,8,3.826542814230913e-05,2737,0,0.0
W-2022-45,13,0,2,3.8049578600916996e-05,2738,0,0.0
W-2022-45,13,62,2,3.8049578600916996e-05,2739,0,0.0
W-2022-45,13,75,2,3.8049578600916996e-05,2740,0,0.0
W-2022-45,13,76,2,3.8049578600916996e-05,2741,0,0.0
W-2022-45,13,83,2,3.8049578600916996e-05,2742,0,0.0
W-2022-45,75,49,3,3.797660641045116e-05,2743,0,0.0
W-2022-45,75,55,3,3.797660641045116e-05,2744,0,0.0
W-2022-45,75,62,3,3.797660641045116e-05,2745,0,0.0
W-2022-45,75,101,3,3.797660641045116e-05,2746,0,0.0
W-2022-45,61,67,7,3.7576226058575966e-05,2747,0,0.0
W-2022-45,61,79,7,3.7576226058575966e-05,2748,0,0.0
W-2022-45,91,3,10,3.701455412268104e-05,2749,0,0.0
W-2022-45,36,5,1,3.644049267546097e-05,2750,0,0.0
W-2022-45,36,15,1,3.644049267546097e-05,2751,0,0.0
W-2022-45,36,18,1,3.644049267546097e-05,2752,0,0.0
W-2022-45,36,19,1,3.644049267546097e-05,2753,0,0.0
W-2022-45,36,29,1,3.644049267546097e-05,2754,0,0.0
W-2022-45,36,41,1,3.644049267546097e-05,2755,0,0.0
W-2022-45,36,42,1,3.644049267546097e-05,2756,0,0.0
W-2022-45,36,55,1,3.644049267546097e-05,2757,0,0.0
W-2022-45,36,70,1,3.644049267546097e-05,2758,0,0.0
W-2022-45,36,79,1,3.644049267546097e-05,2759,0,0.0
W-2022-45,36,89,1,3.644049267546097e-05,2760,0,0.0
W-2022-45,36,97,1,3.644049267546097e-05,2761,0,0.0
W-2022-45,101,45,12,3.638690192820258e-05,2762,0,0.0
W-2022-45,101,93,12,3.638690192820258e-05,2763,0,0.0
W-2022-45,55,9,14,3.6064163298531414e-05,2764,0,0.0
W-2022-45,55,76,14,3.6064163298531414e-05,2765,0,0.0
W-2022-45,17,35,6,3.580486349395793e-05,2766,0,0.0
W-2022-45,19,53,7,3.564608529598982e-05,2767,0,0.0
W-2022-45,19,78,7,3.564608529598982e-05,2768,0,0.0
W-2022-45,89,44,8,3.540763034433921e-05,2769,0,0.0
W-2022-45,89,77,8,3.540763034433921e-05,2770,0,0.0
W-2022-45,42,63,5,3.515309171441628e-05,2771,0,0.0
W-2022-45,42,79,5,3.515309171441628e-05,2772,0,0.0
W-2022-45,43,29,3,3.4350489494475296e-05,2773,0,0.0
W-2022-45,55,29,13,3.34881516343506e-05,2774,0,0.0
W-2022-45,55,52,13,3.34881516343506e-05,2775,0,0.0
W-2022-45,91,50,9,3.3313098710412936e-05,2776,0,0.0
W-2022-45,44,9,2,3.320328712542542e-05,2777,0,0.0
W-2022-45,44,32,2,3.320328712542542e-05,2778,0,0.0
W-2022-45,44,76,2,3.320328712542542e-05,2779,0,0.0
W-2022-45,79,19,2,3.268775026558797e-05,2780,0,0.0
W-2022-45,79,28,2,3.268775026558797e-05,2781,0,0.0
W-2022-45,79,29,2,3.268775026558797e-05,2782,0,0.0
W-2022-45,79,33,2,3.268775026558797e-05,2783,0,0.0
W-2022-45,79,36,2,3.268775026558797e-05,2784,0,0.0
W-2022-45,79,49,2,3.268775026558797e-05,2785,0,0.0
W-2022-45,79,68,2,3.268775026558797e-05,2786,0,0.0
W-2022-45,50,56,11,3.252080592469955e-05,2787,0,0.0
W-2022-45,50,75,11,3.252080592469955e-05,2788,0,0.0
W-2022-45,50,91,11,3.252080592469955e-05,2789,0,0.0
W-2022-45,41,14,15,3.234529246613448e-05,2790,0,0.0
W-2022-45,41,67,15,3.234529246613448e-05,2791,0,0.0
W-2022-45,61,51,6,3.220819376449369e-05,2792,0,0.0
W-2022-45,61,63,6,3.220819376449369e-05,2793,0,0.0
W-2022-45,61,81,6,3.220819376449369e-05,2794,0,0.0
W-2022-45,49,75,9,3.1221488709962775e-05,2795,0,0.0
W-2022-45,5,68,2,3.114828139357411e-05,2796,0,0.0
W-2022-45,52,12,1,3.1112908745838646e-05,2797,0,0.0
W-2022-45,52,14,1,3.1112908745838646e-05,2798,0,0.0
W-2022-45,52,18,1,3.1112908745838646e-05,2799,0,0.0
W-2022-45,52,40,1,3.1112908745838646e-05,2800,0,0.0
W-2022-45,52,58,1,3.1112908745838646e-05,2801,0,0.0
W-2022-45,52,66,1,3.1112908745838646e-05,2802,0,0.0
W-2022-45,52,67,1,3.1112908745838646e-05,2803,0,0.0
W-2022-45,52,75,1,3.1112908745838646e-05,2804,0,0.0
W-2022-45,52,98,1,3.1112908745838646e-05,2805,0,0.0
W-2022-45,89,13,7,3.0981676551296804e-05,2806,0,0.0
W-2022-45,89,68,7,3.0981676551296804e-05,2807,0,0.0
W-2022-45,30,4,1,3.092911047878263e-05,2808,0,0.0
W-2022-45,30,31,1,3.092911047878263e-05,2809,0,0.0
W-2022-45,30,59,1,3.092911047878263e-05,2810,0,0.0
W-2022-45,30,67,1,3.092911047878263e-05,2811,0,0.0
W-2022-45,30,89,1,3.092911047878263e-05,2812,0,0.0
W-2022-45,55,11,12,3.0912139970169784e-05,2813,0,0.0
W-2022-45,55,18,12,3.0912139970169784e-05,2814,0,0.0
W-2022-45,55,51,12,3.0912139970169784e-05,2815,0,0.0
W-2022-45,60,3,2,3.073754745108888e-05,2816,0,0.0
W-2022-45,60,40,2,3.073754745108888e-05,2817,0,0.0
W-2022-45,19,4,6,3.0553787396562696e-05,2818,0,0.0
W-2022-45,19,5,6,3.0553787396562696e-05,2819,0,0.0
W-2022-45,19,60,6,3.0553787396562696e-05,2820,0,0.0
W-2022-45,19,64,6,3.0553787396562696e-05,2821,0,0.0
W-2022-45,59,11,13,3.0359857729035934e-05,2822,0,0.0
W-2022-45,101,87,10,3.032241827350215e-05,2823,0,0.0
W-2022-45,101,98,10,3.032241827350215e-05,2824,0,0.0
W-2022-45,41,63,14,3.0188939635058847e-05,2825,0,0.0
W-2022-45,41,93,14,3.0188939635058847e-05,2826,0,0.0
W-2022-45,66,89,9,3.009993177348798e-05,2827,0,0.0
W-2022-45,91,76,8,2.961164329814483e-05,2828,0,0.0
W-2022-45,14,16,2,2.9585798816568047e-05,2829,0,0.0
W-2022-45,14,93,2,2.9585798816568047e-05,2830,0,0.0
W-2022-45,50,13,10,2.9564369022454138e-05,2831,0,0.0
W-2022-45,29,14,6,2.8699071106731845e-05,2832,0,0.0
W-2022-45,29,50,6,2.8699071106731845e-05,2833,0,0.0
W-2022-45,29,55,6,2.8699071106731845e-05,2834,0,0.0
W-2022-45,29,79,6,2.8699071106731845e-05,2835,0,0.0
W-2022-45,62,67,14,2.8447247627194754e-05,2836,0,0.0
W-2022-45,55,77,11,2.833612830598897e-05,2837,0,0.0
W-2022-45,26,89,2,2.8047343916531105e-05,2838,0,0.0
W-2022-45,26,101,2,2.8047343916531105e-05,2839,0,0.0
W-2022-45,59,67,12,2.8024484057571632e-05,2840,0,0.0
W-2022-45,57,9,6,2.7816411682892907e-05,2841,0,0.0
W-2022-45,49,67,8,2.7752434408855802e-05,2842,0,0.0
W-2022-45,101,67,9,2.7290176446151934e-05,2843,0,0.0
W-2022-45,101,77,9,2.7290176446151934e-05,2844,0,0.0
W-2022-45,61,80,5,2.6840161470411407e-05,2845,0,0.0
W-2022-45,61,97,5,2.6840161470411407e-05,2846,0,0.0
W-2022-45,50,46,9,2.6607932120208724e-05,2847,0,0.0
W-2022-45,50,51,9,2.6607932120208724e-05,2848,0,0.0
W-2022-45,89,5,6,2.6555722758254405e-05,2849,0,0.0
W-2022-45,89,28,6,2.6555722758254405e-05,2850,0,0.0
W-2022-45,91,40,7,2.5910187885876725e-05,2851,0,0.0
W-2022-45,55,46,10,2.5760116641808155e-05,2852,0,0.0
W-2022-45,55,88,10,2.5760116641808155e-05,2853,0,0.0
W-2022-45,59,33,11,2.568911038610733e-05,2854,0,0.0
W-2022-45,19,11,5,2.5461489497135583e-05,2855,0,0.0
W-2022-45,19,36,5,2.5461489497135583e-05,2856,0,0.0
W-2022-45,19,52,5,2.5461489497135583e-05,2857,0,0.0
W-2022-45,19,75,5,2.5461489497135583e-05,2858,0,0.0
W-2022-45,75,13,2,2.5317737606967443e-05,2859,0,0.0
W-2022-45,75,17,2,2.5317737606967443e-05,2860,0,0.0
W-2022-45,28,91,5,2.4489036258467083e-05,2861,0,0.0
W-2022-45,62,88,12,2.4383355109024075e-05,2862,0,0.0
W-2022-45,101,66,8,2.425793461880172e-05,2863,0,0.0
W-2022-45,101,68,8,2.425793461880172e-05,2864,0,0.0
W-2022-45,29,13,5,2.3915892588943205e-05,2865,0,0.0
W-2022-45,29,75,5,2.3915892588943205e-05,2866,0,0.0
W-2022-45,17,24,4,2.3869908995971953e-05,2867,0,0.0
W-2022-45,17,29,4,2.3869908995971953e-05,2868,0,0.0
W-2022-45,17,89,4,2.3869908995971953e-05,2869,0,0.0
W-2022-45,55,45,9,2.318410497762734e-05,2870,0,0.0
W-2022-45,55,80,9,2.318410497762734e-05,2871,0,0.0
W-2022-45,57,19,5,2.3180343069077424e-05,2872,0,0.0
W-2022-45,57,58,5,2.3180343069077424e-05,2873,0,0.0
W-2022-45,57,63,5,2.3180343069077424e-05,2874,0,0.0
W-2022-45,57,98,5,2.3180343069077424e-05,2875,0,0.0
W-2022-45,43,67,2,2.2900326329650196e-05,2876,0,0.0
W-2022-45,43,100,2,2.2900326329650196e-05,2877,0,0.0
W-2022-45,47,12,1,2.2378373539811128e-05,2878,0,0.0
W-2022-45,47,17,1,2.2378373539811128e-05,2879,0,0.0
W-2022-45,47,28,1,2.2378373539811128e-05,2880,0,0.0
W-2022-45,47,64,1,2.2378373539811128e-05,2881,0,0.0
W-2022-45,47,72,1,2.2378373539811128e-05,2882,0,0.0
W-2022-45,47,79,1,2.2378373539811128e-05,2883,0,0.0
W-2022-45,47,88,1,2.2378373539811128e-05,2884,0,0.0
W-2022-45,62,76,11,2.2351408849938737e-05,2885,0,0.0
W-2022-45,91,80,6,2.2208732473608624e-05,2886,0,0.0
W-2022-45,89,45,5,2.2129768965212002e-05,2887,0,0.0
W-2022-45,89,47,5,2.2129768965212002e-05,2888,0,0.0
W-2022-45,89,86,5,2.2129768965212002e-05,2889,0,0.0
W-2022-45,61,5,4,2.1472129176329125e-05,2890,0,0.0
W-2022-45,61,66,4,2.1472129176329125e-05,2891,0,0.0
W-2022-45,50,17,7,2.0695058315717897e-05,2892,0,0.0
W-2022-45,50,67,7,2.0695058315717897e-05,2893,0,0.0
W-2022-45,50,68,7,2.0695058315717897e-05,2894,0,0.0
W-2022-45,19,76,4,2.0369191597708467e-05,2895,0,0.0
W-2022-45,62,17,10,2.0319462590853396e-05,2896,0,0.0
W-2022-45,62,68,10,2.0319462590853396e-05,2897,0,0.0
W-2022-45,68,26,1,1.9753086419753087e-05,2898,0,0.0
W-2022-45,68,27,1,1.9753086419753087e-05,2899,0,0.0
W-2022-45,68,33,1,1.9753086419753087e-05,2900,0,0.0
W-2022-45,68,42,1,1.9753086419753087e-05,2901,0,0.0
W-2022-45,68,50,1,1.9753086419753087e-05,2902,0,0.0
W-2022-45,68,55,1,1.9753086419753087e-05,2903,0,0.0
W-2022-45,68,67,1,1.9753086419753087e-05,2904,0,0.0
W-2022-45,68,76,1,1.9753086419753087e-05,2905,0,0.0
W-2022-45,68,83,1,1.9753086419753087e-05,2906,0,0.0
W-2022-45,68,86,1,1.9753086419753087e-05,2907,0,0.0
W-2022-45,68,98,1,1.9753086419753087e-05,2908,0,0.0
W-2022-45,28,55,4,1.9591229006773667e-05,2909,0,0.0
W-2022-45,28,79,4,1.9591229006773667e-05,2910,0,0.0
W-2022-45,28,89,4,1.9591229006773667e-05,2911,0,0.0
W-2022-45,41,11,9,1.940717547968069e-05,2912,0,0.0
W-2022-45,41,76,9,1.940717547968069e-05,2913,0,0.0
W-2022-45,29,59,4,1.9132714071154565e-05,2914,0,0.0
W-2022-45,29,60,4,1.9132714071154565e-05,2915,0,0.0
W-2022-45,29,67,4,1.9132714071154565e-05,2916,0,0.0
W-2022-45,13,20,1,1.9024789300458498e-05,2917,0,0.0
W-2022-45,13,22,1,1.9024789300458498e-05,2918,0,0.0
W-2022-45,13,28,1,1.9024789300458498e-05,2919,0,0.0
W-2022-45,13,32,1,1.9024789300458498e-05,2920,0,0.0
W-2022-45,13,35,1,1.9024789300458498e-05,2921,0,0.0
W-2022-45,13,39,1,1.9024789300458498e-05,2922,0,0.0
W-2022-45,13,59,1,1.9024789300458498e-05,2923,0,0.0
W-2022-45,13,61,1,1.9024789300458498e-05,2924,0,0.0
W-2022-45,13,73,1,1.9024789300458498e-05,2925,0,0.0
W-2022-45,13,101,1,1.9024789300458498e-05,2926,0,0.0
W-2022-45,59,75,8,1.8682989371714423e-05,2927,0,0.0
W-2022-45,57,12,4,1.8544274455261937e-05,2928,0,0.0
W-2022-45,57,66,4,1.8544274455261937e-05,2929,0,0.0
W-2022-45,57,68,4,1.8544274455261937e-05,2930,0,0.0
W-2022-45,57,76,4,1.8544274455261937e-05,2931,0,0.0
W-2022-45,91,19,5,1.850727706134052e-05,2932,0,0.0
W-2022-45,91,63,5,1.850727706134052e-05,2933,0,0.0
W-2022-45,62,28,9,1.8287516331768058e-05,2934,0,0.0
W-2022-45,101,28,6,1.819345096410129e-05,2935,0,0.0
W-2022-45,101,40,6,1.819345096410129e-05,2936,0,0.0
W-2022-45,55,10,7,1.8032081649265707e-05,2937,0,0.0
W-2022-45,17,1,3,1.7902431746978964e-05,2938,0,0.0
W-2022-45,17,16,3,1.7902431746978964e-05,2939,0,0.0
W-2022-45,17,25,3,1.7902431746978964e-05,2940,0,0.0
W-2022-45,17,57,3,1.7902431746978964e-05,2941,0,0.0
W-2022-45,50,9,6,1.7738621413472483e-05,2942,0,0.0
W-2022-45,50,76,6,1.7738621413472483e-05,2943,0,0.0
W-2022-45,89,7,4,1.7703815172169603e-05,2944,0,0.0
W-2022-45,89,22,4,1.7703815172169603e-05,2945,0,0.0
W-2022-45,89,60,4,1.7703815172169603e-05,2946,0,0.0
W-2022-45,49,17,5,1.7345271505534876e-05,2947,0,0.0
W-2022-45,49,79,5,1.7345271505534876e-05,2948,0,0.0
W-2022-45,49,93,5,1.7345271505534876e-05,2949,0,0.0
W-2022-45,41,40,8,1.7250822648605055e-05,2950,0,0.0
W-2022-45,32,41,3,1.6945705958110215e-05,2951,0,0.0
W-2022-45,32,79,3,1.6945705958110215e-05,2952,0,0.0
W-2022-45,32,89,3,1.6945705958110215e-05,2953,0,0.0
W-2022-45,66,91,5,1.6722184318604433e-05,2954,0,0.0
W-2022-45,44,22,1,1.660164356271271e-05,2955,0,0.0
W-2022-45,44,28,1,1.660164356271271e-05,2956,0,0.0
W-2022-45,44,46,1,1.660164356271271e-05,2957,0,0.0
W-2022-45,44,68,1,1.660164356271271e-05,2958,0,0.0
W-2022-45,44,69,1,1.660164356271271e-05,2959,0,0.0
W-2022-45,44,90,1,1.660164356271271e-05,2960,0,0.0
W-2022-45,59,29,7,1.634761570025012e-05,2961,0,0.0
W-2022-45,79,13,1,1.6343875132793986e-05,2962,0,0.0
W-2022-45,79,32,1,1.6343875132793986e-05,2963,0,0.0
W-2022-45,79,42,1,1.6343875132793986e-05,2964,0,0.0
W-2022-45,79,44,1,1.6343875132793986e-05,2965,0,0.0
W-2022-45,79,46,1,1.6343875132793986e-05,2966,0,0.0
W-2022-45,79,50,1,1.6343875132793986e-05,2967,0,0.0
W-2022-45,79,52,1,1.6343875132793986e-05,2968,0,0.0
W-2022-45,79,57,1,1.6343875132793986e-05,2969,0,0.0
W-2022-45,79,61,1,1.6343875132793986e-05,2970,0,0.0
W-2022-45,79,76,1,1.6343875132793986e-05,2971,0,0.0
W-2022-45,62,11,8,1.6255570072682717e-05,2972,0,0.0
W-2022-45,62,18,8,1.6255570072682717e-05,2973,0,0.0
W-2022-45,62,32,8,1.6255570072682717e-05,2974,0,0.0
W-2022-45,61,17,3,1.6104096882246844e-05,2975,0,0.0
W-2022-45,61,71,3,1.6104096882246844e-05,2976,0,0.0
W-2022-45,61,77,3,1.6104096882246844e-05,2977,0,0.0
W-2022-45,61,85,3,1.6104096882246844e-05,2978,0,0.0
W-2022-45,61,100,3,1.6104096882246844e-05,2979,0,0.0
W-2022-45,5,28,1,1.5574140696787056e-05,2980,0,0.0
W-2022-45,5,36,1,1.5574140696787056e-05,2981,0,0.0
W-2022-45,5,37,1,1.5574140696787056e-05,2982,0,0.0
W-2022-45,5,55,1,1.5574140696787056e-05,2983,0,0.0
W-2022-45,5,70,1,1.5574140696787056e-05,2984,0,0.0
W-2022-45,5,94,1,1.5574140696787056e-05,2985,0,0.0
W-2022-45,55,33,6,1.5456069985084892e-05,2986,0,0.0
W-2022-45,60,4,1,1.536877372554444e-05,2987,0,0.0
W-2022-45,60,11,1,1.536877372554444e-05,2988,0,0.0
W-2022-45,60,14,1,1.536877372554444e-05,2989,0,0.0
W-2022-45,60,17,1,1.536877372554444e-05,2990,0,0.0
W-2022-45,60,24,1,1.536877372554444e-05,2991,0,0.0
W-2022-45,60,32,1,1.536877372554444e-05,2992,0,0.0
W-2022-45,60,68,1,1.536877372554444e-05,2993,0,0.0
W-2022-45,60,69,1,1.536877372554444e-05,2994,0,0.0
W-2022-45,60,72,1,1.536877372554444e-05,2995,0,0.0
W-2022-45,60,76,1,1.536877372554444e-05,2996,0,0.0
W-2022-45,60,87,1,1.536877372554444e-05,2997,0,0.0
W-2022-45,60,88,1,1.536877372554444e-05,2998,0,0.0
W-2022-45,60,90,1,1.536877372554444e-05,2999,0,0.0
W-2022-45,60,93,1,1.536877372554444e-05,3000,0,0.0
W-2022-45,19,33,3,1.5276893698281348e-05,3001,0,0.0
W-2022-45,19,54,3,1.5276893698281348e-05,3002,0,0.0
W-2022-45,19,67,3,1.5276893698281348e-05,3003,0,0.0
W-2022-45,19,97,3,1.5276893698281348e-05,3004,0,0.0
W-2022-45,101,26,5,1.5161209136751075e-05,3005,0,0.0
W-2022-45,101,76,5,1.5161209136751075e-05,3006,0,0.0
W-2022-45,101,97,5,1.5161209136751075e-05,3007,0,0.0
W-2022-45,41,26,7,1.5094469817529424e-05,3008,0,0.0
W-2022-45,91,36,4,1.4805821649072415e-05,3009,0,0.0
W-2022-45,91,71,4,1.4805821649072415e-05,3010,0,0.0
W-2022-45,91,96,4,1.4805821649072415e-05,3011,0,0.0
W-2022-45,14,0,1,1.4792899408284024e-05,3012,0,0.0
W-2022-45,14,1,1,1.4792899408284024e-05,3013,0,0.0
W-2022-45,14,8,1,1.4792899408284024e-05,3014,0,0.0
W-2022-45,14,19,1,1.4792899408284024e-05,3015,0,0.0
W-2022-45,14,27,1,1.4792899408284024e-05,3016,0,0.0
W-2022-45,14,28,1,1.4792899408284024e-05,3017,0,0.0
W-2022-45,14,29,1,1.4792899408284024e-05,3018,0,0.0
W-2022-45,14,32,1,1.4792899408284024e-05,3019,0,0.0
W-2022-45,14,40,1,1.4792899408284024e-05,3020,0,0.0
W-2022-45,14,41,1,1.4792899408284024e-05,3021,0,0.0
W-2022-45,14,42,1,1.4792899408284024e-05,3022,0,0.0
W-2022-45,14,44,1,1.4792899408284024e-05,3023,0,0.0
W-2022-45,14,59,1,1.4792899408284024e-05,3024,0,0.0
W-2022-45,14,60,1,1.4792899408284024e-05,3025,0,0.0
W-2022-45,14,63,1,1.4792899408284024e-05,3026,0,0.0
W-2022-45,14,66,1,1.4792899408284024e-05,3027,0,0.0
W-2022-45,14,67,1,1.4792899408284024e-05,3028,0,0.0
W-2022-45,14,79,1,1.4792899408284024e-05,3029,0,0.0
W-2022-45,14,87,1,1.4792899408284024e-05,3030,0,0.0
W-2022-45,14,89,1,1.4792899408284024e-05,3031,0,0.0
W-2022-45,14,99,1,1.4792899408284024e-05,3032,0,0.0
W-2022-45,50,54,5,1.4782184511227069e-05,3033,0,0.0
W-2022-45,50,100,5,1.4782184511227069e-05,3034,0,0.0
W-2022-45,28,40,3,1.4693421755080251e-05,3035,0,0.0
W-2022-45,29,27,3,1.4349535553365923e-05,3036,0,0.0
W-2022-45,29,62,3,1.4349535553365923e-05,3037,0,0.0
W-2022-45,29,68,3,1.4349535553365923e-05,3038,0,0.0
W-2022-45,62,66,7,1.4223623813597377e-05,3039,0,0.0
W-2022-45,42,3,2,1.4061236685766512e-05,3040,0,0.0
W-2022-45,42,9,2,1.4061236685766512e-05,3041,0,0.0
W-2022-45,42,28,2,1.4061236685766512e-05,3042,0,0.0
W-2022-45,42,32,2,1.4061236685766512e-05,3043,0,0.0
W-2022-45,42,46,2,1.4061236685766512e-05,3044,0,0.0
W-2022-45,42,88,2,1.4061236685766512e-05,3045,0,0.0
W-2022-45,42,98,2,1.4061236685766512e-05,3046,0,0.0
W-2022-45,26,41,1,1.4023671958265553e-05,3047,0,0.0
W-2022-45,26,49,1,1.4023671958265553e-05,3048,0,0.0
W-2022-45,26,52,1,1.4023671958265553e-05,3049,0,0.0
W-2022-45,26,61,1,1.4023671958265553e-05,3050,0,0.0
W-2022-45,26,68,1,1.4023671958265553e-05,3051,0,0.0
W-2022-45,26,88,1,1.4023671958265553e-05,3052,0,0.0
W-2022-45,57,56,3,1.3908205841446454e-05,3053,0,0.0
W-2022-45,49,13,4,1.3876217204427901e-05,3054,0,0.0
W-2022-45,49,26,4,1.3876217204427901e-05,3055,0,0.0
W-2022-45,66,13,4,1.3377747454883546e-05,3056,0,0.0
W-2022-45,66,64,4,1.3377747454883546e-05,3057,0,0.0
W-2022-45,66,75,4,1.3377747454883546e-05,3058,0,0.0
W-2022-45,89,3,3,1.3277861379127202e-05,3059,0,0.0
W-2022-45,89,23,3,1.3277861379127202e-05,3060,0,0.0
W-2022-45,89,52,3,1.3277861379127202e-05,3061,0,0.0
W-2022-45,89,53,3,1.3277861379127202e-05,3062,0,0.0
W-2022-45,89,84,3,1.3277861379127202e-05,3063,0,0.0
W-2022-45,41,88,6,1.2938116986453792e-05,3064,0,0.0
W-2022-45,75,4,1,1.2658868803483722e-05,3065,0,0.0
W-2022-45,75,11,1,1.2658868803483722e-05,3066,0,0.0
W-2022-45,75,14,1,1.2658868803483722e-05,3067,0,0.0
W-2022-45,75,29,1,1.2658868803483722e-05,3068,0,0.0
W-2022-45,75,32,1,1.2658868803483722e-05,3069,0,0.0
W-2022-45,75,57,1,1.2658868803483722e-05,3070,0,0.0
W-2022-45,75,64,1,1.2658868803483722e-05,3071,0,0.0
W-2022-45,75,67,1,1.2658868803483722e-05,3072,0,0.0
W-2022-45,75,68,1,1.2658868803483722e-05,3073,0,0.0
W-2022-45,75,98,1,1.2658868803483722e-05,3074,0,0.0
W-2022-45,101,32,4,1.212896730940086e-05,3075,0,0.0
W-2022-45,101,37,4,1.212896730940086e-05,3076,0,0.0
W-2022-45,17,8,2,1.1934954497985977e-05,3077,0,0.0
W-2022-45,17,19,2,1.1934954497985977e-05,3078,0,0.0
W-2022-45,17,26,2,1.1934954497985977e-05,3079,0,0.0
W-2022-45,17,43,2,1.1934954497985977e-05,3080,0,0.0
W-2022-45,17,50,2,1.1934954497985977e-05,3081,0,0.0
W-2022-45,17,62,2,1.1934954497985977e-05,3082,0,0.0
W-2022-45,50,18,4,1.1825747608981655e-05,3083,0,0.0
W-2022-45,50,98,4,1.1825747608981655e-05,3084,0,0.0
W-2022-45,59,68,5,1.1676868357321514e-05,3085,0,0.0
W-2022-45,43,18,1,1.1450163164825098e-05,3086,0,0.0
W-2022-45,43,32,1,1.1450163164825098e-05,3087,0,0.0
W-2022-45,43,40,1,1.1450163164825098e-05,3088,0,0.0
W-2022-45,43,58,1,1.1450163164825098e-05,3089,0,0.0
W-2022-45,43,66,1,1.1450163164825098e-05,3090,0,0.0
W-2022-45,91,14,3,1.1104366236804312e-05,3091,0,0.0
W-2022-45,91,29,3,1.1104366236804312e-05,3092,0,0.0
W-2022-45,91,46,3,1.1104366236804312e-05,3093,0,0.0
W-2022-45,91,52,3,1.1104366236804312e-05,3094,0,0.0
W-2022-45,91,60,3,1.1104366236804312e-05,3095,0,0.0
W-2022-45,41,17,5,1.0781764155378159e-05,3096,0,0.0
W-2022-45,41,28,5,1.0781764155378159e-05,3097,0,0.0
W-2022-45,41,80,5,1.0781764155378159e-05,3098,0,0.0
W-2022-45,41,100,5,1.0781764155378159e-05,3099,0,0.0
W-2022-45,61,92,2,1.0736064588164563e-05,3100,0,0.0
W-2022-45,49,40,3,1.0407162903320926e-05,3101,0,0.0
W-2022-45,49,87,3,1.0407162903320926e-05,3102,0,0.0
W-2022-45,49,100,3,1.0407162903320926e-05,3103,0,0.0
W-2022-45,19,3,2,1.0184595798854234e-05,3104,0,0.0
W-2022-45,19,29,2,1.0184595798854234e-05,3105,0,0.0
W-2022-45,19,65,2,1.0184595798854234e-05,3106,0,0.0
W-2022-45,19,90,2,1.0184595798854234e-05,3107,0,0.0
W-2022-45,19,93,2,1.0184595798854234e-05,3108,0,0.0
W-2022-45,66,41,3,1.003331059116266e-05,3109,0,0.0
W-2022-45,28,59,2,9.795614503386834e-06,3110,0,0.0
W-2022-45,29,43,2,9.566357035577282e-06,3111,0,0.0
W-2022-45,29,63,2,9.566357035577282e-06,3112,0,0.0
W-2022-45,29,85,2,9.566357035577282e-06,3113,0,0.0
W-2022-45,29,91,2,9.566357035577282e-06,3114,0,0.0
W-2022-45,29,93,2,9.566357035577282e-06,3115,0,0.0
W-2022-45,29,100,2,9.566357035577282e-06,3116,0,0.0
W-2022-45,59,98,4,9.341494685857211e-06,3117,0,0.0
W-2022-45,57,77,2,9.272137227630969e-06,3118,0,0.0
W-2022-45,57,100,2,9.272137227630969e-06,3119,0,0.0
W-2022-45,101,4,3,9.096725482050645e-06,3120,0,0.0
W-2022-45,101,5,3,9.096725482050645e-06,3121,0,0.0
W-2022-45,101,100,3,9.096725482050645e-06,3122,0,0.0
W-2022-45,50,45,3,8.869310706736241e-06,3123,0,0.0
W-2022-45,89,12,2,8.851907586084802e-06,3124,0,0.0
W-2022-45,89,32,2,8.851907586084802e-06,3125,0,0.0
W-2022-45,89,38,2,8.851907586084802e-06,3126,0,0.0
W-2022-45,89,40,2,8.851907586084802e-06,3127,0,0.0
W-2022-45,89,56,2,8.851907586084802e-06,3128,0,0.0
W-2022-45,89,58,2,8.851907586084802e-06,3129,0,0.0
W-2022-45,89,63,2,8.851907586084802e-06,3130,0,0.0
W-2022-45,89,64,2,8.851907586084802e-06,3131,0,0.0
W-2022-45,89,66,2,8.851907586084802e-06,3132,0,0.0
W-2022-45,89,96,2,8.851907586084802e-06,3133,0,0.0
W-2022-45,41,22,4,8.625411324302528e-06,3134,0,0.0
W-2022-45,41,66,4,8.625411324302528e-06,3135,0,0.0
W-2022-45,41,81,4,8.625411324302528e-06,3136,0,0.0
W-2022-45,41,85,4,8.625411324302528e-06,3137,0,0.0
W-2022-45,41,87,4,8.625411324302528e-06,3138,0,0.0
W-2022-45,55,17,3,7.728034992542446e-06,3139,0,0.0
W-2022-45,55,38,3,7.728034992542446e-06,3140,0,0.0
W-2022-45,55,63,3,7.728034992542446e-06,3141,0,0.0
W-2022-45,55,68,3,7.728034992542446e-06,3142,0,0.0
W-2022-45,55,87,3,7.728034992542446e-06,3143,0,0.0
W-2022-45,91,34,2,7.402910824536208e-06,3144,0,0.0
W-2022-45,91,42,2,7.402910824536208e-06,3145,0,0.0
W-2022-45,91,61,2,7.402910824536208e-06,3146,0,0.0
W-2022-45,91,73,2,7.402910824536208e-06,3147,0,0.0
W-2022-45,42,4,1,7.030618342883256e-06,3148,0,0.0
W-2022-45,42,11,1,7.030618342883256e-06,3149,0,0.0
W-2022-45,42,17,1,7.030618342883256e-06,3150,0,0.0
W-2022-45,42,29,1,7.030618342883256e-06,3151,0,0.0
W-2022-45,42,30,1,7.030618342883256e-06,3152,0,0.0
W-2022-45,42,40,1,7.030618342883256e-06,3153,0,0.0
W-2022-45,42,66,1,7.030618342883256e-06,3154,0,0.0
W-2022-45,42,67,1,7.030618342883256e-06,3155,0,0.0
W-2022-45,42,68,1,7.030618342883256e-06,3156,0,0.0
W-2022-45,42,72,1,7.030618342883256e-06,3157,0,0.0
W-2022-45,42,77,1,7.030618342883256e-06,3158,0,0.0
W-2022-45,42,93,1,7.030618342883256e-06,3159,0,0.0
W-2022-45,59,63,3,7.006121014392908e-06,3160,0,0.0
W-2022-45,59,66,3,7.006121014392908e-06,3161,0,0.0
W-2022-45,59,76,3,7.006121014392908e-06,3162,0,0.0
W-2022-45,59,97,3,7.006121014392908e-06,3163,0,0.0
W-2022-45,49,3,2,6.9381086022139505e-06,3164,0,0.0
W-2022-45,49,11,2,6.9381086022139505e-06,3165,0,0.0
W-2022-45,49,14,2,6.9381086022139505e-06,3166,0,0.0
W-2022-45,49,77,2,6.9381086022139505e-06,3167,0,0.0
W-2022-45,49,80,2,6.9381086022139505e-06,3168,0,0.0
W-2022-45,66,17,2,6.688873727441773e-06,3169,0,0.0
W-2022-45,66,21,2,6.688873727441773e-06,3170,0,0.0
W-2022-45,66,53,2,6.688873727441773e-06,3171,0,0.0
W-2022-45,66,68,2,6.688873727441773e-06,3172,0,0.0
W-2022-45,66,78,2,6.688873727441773e-06,3173,0,0.0
W-2022-45,62,3,3,6.095838777256019e-06,3174,0,0.0
W-2022-45,62,4,3,6.095838777256019e-06,3175,0,0.0
W-2022-45,62,14,3,6.095838777256019e-06,3176,0,0.0
W-2022-45,62,22,3,6.095838777256019e-06,3177,0,0.0
W-2022-45,62,30,3,6.095838777256019e-06,3178,0,0.0
W-2022-45,62,63,3,6.095838777256019e-06,3179,0,0.0
W-2022-45,62,77,3,6.095838777256019e-06,3180,0,0.0
W-2022-45,101,12,2,6.06448365470043e-06,3181,0,0.0
W-2022-45,101,14,2,6.06448365470043e-06,3182,0,0.0
W-2022-45,101,36,2,6.06448365470043e-06,3183,0,0.0
W-2022-45,101,39,2,6.06448365470043e-06,3184,0,0.0
W-2022-45,101,74,2,6.06448365470043e-06,3185,0,0.0
W-2022-45,101,83,2,6.06448365470043e-06,3186,0,0.0
W-2022-45,101,92,2,6.06448365470043e-06,3187,0,0.0
W-2022-45,17,20,1,5.967477248992988e-06,3188,0,0.0
W-2022-45,17,22,1,5.967477248992988e-06,3189,0,0.0
W-2022-45,17,27,1,5.967477248992988e-06,3190,0,0.0
W-2022-45,17,30,1,5.967477248992988e-06,3191,0,0.0
W-2022-45,17,32,1,5.967477248992988e-06,3192,0,0.0
W-2022-45,17,41,1,5.967477248992988e-06,3193,0,0.0
W-2022-45,17,42,1,5.967477248992988e-06,3194,0,0.0
W-2022-45,17,49,1,5.967477248992988e-06,3195,0,0.0
W-2022-45,17,59,1,5.967477248992988e-06,3196,0,0.0
W-2022-45,17,76,1,5.967477248992988e-06,3197,0,0.0
W-2022-45,17,81,1,5.967477248992988e-06,3198,0,0.0
W-2022-45,17,83,1,5.967477248992988e-06,3199,0,0.0
W-2022-45,17,101,1,5.967477248992988e-06,3200,0,0.0
W-2022-45,50,22,2,5.912873804490828e-06,3201,0,0.0
W-2022-45,50,80,2,5.912873804490828e-06,3202,0,0.0
W-2022-45,32,14,1,5.648568652703405e-06,3203,0,0.0
W-2022-45,32,60,1,5.648568652703405e-06,3204,0,0.0
W-2022-45,32,67,1,5.648568652703405e-06,3205,0,0.0
W-2022-45,32,75,1,5.648568652703405e-06,3206,0,0.0
W-2022-45,32,84,1,5.648568652703405e-06,3207,0,0.0
W-2022-45,32,88,1,5.648568652703405e-06,3208,0,0.0
W-2022-45,32,91,1,5.648568652703405e-06,3209,0,0.0
W-2022-45,32,101,1,5.648568652703405e-06,3210,0,0.0
W-2022-45,61,3,1,5.368032294082281e-06,3211,0,0.0
W-2022-45,61,4,1,5.368032294082281e-06,3212,0,0.0
W-2022-45,61,14,1,5.368032294082281e-06,3213,0,0.0
W-2022-45,61,23,1,5.368032294082281e-06,3214,0,0.0
W-2022-45,61,82,1,5.368032294082281e-06,3215,0,0.0
W-2022-45,61,87,1,5.368032294082281e-06,3216,0,0.0
W-2022-45,61,88,1,5.368032294082281e-06,3217,0,0.0
W-2022-45,61,95,1,5.368032294082281e-06,3218,0,0.0
W-2022-45,55,14,2,5.1520233283616304e-06,3219,0,0.0
W-2022-45,55,28,2,5.1520233283616304e-06,3220,0,0.0
W-2022-45,55,32,2,5.1520233283616304e-06,3221,0,0.0
W-2022-45,55,65,2,5.1520233283616304e-06,3222,0,0.0
W-2022-45,55,66,2,5.1520233283616304e-06,3223,0,0.0
W-2022-45,55,84,2,5.1520233283616304e-06,3224,0,0.0
W-2022-45,19,22,1,5.092297899427117e-06,3225,0,0.0
W-2022-45,19,26,1,5.092297899427117e-06,3226,0,0.0
W-2022-45,19,28,1,5.092297899427117e-06,3227,0,0.0
W-2022-45,19,35,1,5.092297899427117e-06,3228,0,0.0
W-2022-45,19,56,1,5.092297899427117e-06,3229,0,0.0
W-2022-45,19,70,1,5.092297899427117e-06,3230,0,0.0
W-2022-45,19,79,1,5.092297899427117e-06,3231,0,0.0
W-2022-45,19,83,1,5.092297899427117e-06,3232,0,0.0
W-2022-45,19,85,1,5.092297899427117e-06,3233,0,0.0
W-2022-45,19,98,1,5.092297899427117e-06,3234,0,0.0
W-2022-45,28,5,1,4.897807251693417e-06,3235,0,0.0
W-2022-45,28,33,1,4.897807251693417e-06,3236,0,0.0
W-2022-45,28,41,1,4.897807251693417e-06,3237,0,0.0
W-2022-45,28,75,1,4.897807251693417e-06,3238,0,0.0
W-2022-45,28,76,1,4.897807251693417e-06,3239,0,0.0
W-2022-45,28,93,1,4.897807251693417e-06,3240,0,0.0
W-2022-45,28,101,1,4.897807251693417e-06,3241,0,0.0
W-2022-45,29,3,1,4.783178517788641e-06,3242,0,0.0
W-2022-45,29,46,1,4.783178517788641e-06,3243,0,0.0
W-2022-45,29,53,1,4.783178517788641e-06,3244,0,0.0
W-2022-45,29,76,1,4.783178517788641e-06,3245,0,0.0
W-2022-45,29,77,1,4.783178517788641e-06,3246,0,0.0
W-2022-45,29,88,1,4.783178517788641e-06,3247,0,0.0
W-2022-45,59,14,2,4.670747342928606e-06,3248,0,0.0
W-2022-45,59,15,2,4.670747342928606e-06,3249,0,0.0
W-2022-45,59,28,2,4.670747342928606e-06,3250,0,0.0
W-2022-45,59,30,2,4.670747342928606e-06,3251,0,0.0
W-2022-45,59,40,2,4.670747342928606e-06,3252,0,0.0
W-2022-45,59,69,2,4.670747342928606e-06,3253,0,0.0
W-2022-45,59,77,2,4.670747342928606e-06,3254,0,0.0
W-2022-45,59,90,2,4.670747342928606e-06,3255,0,0.0
W-2022-45,57,11,1,4.636068613815484e-06,3256,0,0.0
W-2022-45,57,33,1,4.636068613815484e-06,3257,0,0.0
W-2022-45,57,40,1,4.636068613815484e-06,3258,0,0.0
W-2022-45,57,88,1,4.636068613815484e-06,3259,0,0.0
W-2022-45,57,93,1,4.636068613815484e-06,3260,0,0.0
W-2022-45,89,4,1,4.425953793042401e-06,3261,0,0.0
W-2022-45,89,9,1,4.425953793042401e-06,3262,0,0.0
W-2022-45,89,31,1,4.425953793042401e-06,3263,0,0.0
W-2022-45,89,33,1,4.425953793042401e-06,3264,0,0.0
W-2022-45,89,36,1,4.425953793042401e-06,3265,0,0.0
W-2022-45,89,71,1,4.425953793042401e-06,3266,0,0.0
W-2022-45,89,80,1,4.425953793042401e-06,3267,0,0.0
W-2022-45,89,90,1,4.425953793042401e-06,3268,0,0.0
W-2022-45,89,92,1,4.425953793042401e-06,3269,0,0.0
W-2022-45,41,13,2,4.312705662151264e-06,3270,0,0.0
W-2022-45,41,15,2,4.312705662151264e-06,3271,0,0.0
W-2022-45,41,37,2,4.312705662151264e-06,3272,0,0.0
W-2022-45,41,77,2,4.312705662151264e-06,3273,0,0.0
W-2022-45,41,90,2,4.312705662151264e-06,3274,0,0.0
W-2022-45,62,81,2,4.063892518170679e-06,3275,0,0.0
W-2022-45,62,90,2,4.063892518170679e-06,3276,0,0.0
W-2022-45,91,4,1,3.701455412268104e-06,3277,0,0.0
W-2022-45,91,28,1,3.701455412268104e-06,3278,0,0.0
W-2022-45,91,32,1,3.701455412268104e-06,3279,0,0.0
W-2022-45,91,43,1,3.701455412268104e-06,3280,0,0.0
W-2022-45,91,44,1,3.701455412268104e-06,3281,0,0.0
W-2022-45,91,47,1,3.701455412268104e-06,3282,0,0.0
W-2022-45,91,57,1,3.701455412268104e-06,3283,0,0.0
W-2022-45,91,74,1,3.701455412268104e-06,3284,0,0.0
W-2022-45,91,90,1,3.701455412268104e-06,3285,0,0.0
W-2022-45,49,5,1,3.4690543011069753e-06,3286,0,0.0
W-2022-45,49,32,1,3.4690543011069753e-06,3287,0,0.0
W-2022-45,49,38,1,3.4690543011069753e-06,3288,0,0.0
W-2022-45,49,45,1,3.4690543011069753e-06,3289,0,0.0
W-2022-45,49,47,1,3.4690543011069753e-06,3290,0,0.0
W-2022-45,49,63,1,3.4690543011069753e-06,3291,0,0.0
W-2022-45,49,66,1,3.4690543011069753e-06,3292,0,0.0
W-2022-45,49,82,1,3.4690543011069753e-06,3293,0,0.0
W-2022-45,49,90,1,3.4690543011069753e-06,3294,0,0.0
W-2022-45,66,3,1,3.3444368637208866e-06,3295,0,0.0
W-2022-45,66,33,1,3.3444368637208866e-06,3296,0,0.0
W-2022-45,66,40,1,3.3444368637208866e-06,3297,0,0.0
W-2022-45,66,55,1,3.3444368637208866e-06,3298,0,0.0
W-2022-45,66,59,1,3.3444368637208866e-06,3299,0,0.0
W-2022-45,66,79,1,3.3444368637208866e-06,3300,0,0.0
W-2022-45,66,88,1,3.3444368637208866e-06,3301,0,0.0
W-2022-45,101,10,1,3.032241827350215e-06,3302,0,0.0
W-2022-45,101,15,1,3.032241827350215e-06,3303,0,0.0
W-2022-45,101,22,1,3.032241827350215e-06,3304,0,0.0
W-2022-45,101,23,1,3.032241827350215e-06,3305,0,0.0
W-2022-45,101,30,1,3.032241827350215e-06,3306,0,0.0
W-2022-45,101,73,1,3.032241827350215e-06,3307,0,0.0
W-2022-45,101,78,1,3.032241827350215e-06,3308,0,0.0
W-2022-45,101,86,1,3.032241827350215e-06,3309,0,0.0
W-2022-45,101,90,1,3.032241827350215e-06,3310,0,0.0
W-2022-45,50,12,1,2.956436902245414e-06,3311,0,0.0
W-2022-45,50,26,1,2.956436902245414e-06,3312,0,0.0
W-2022-45,50,32,1,2.956436902245414e-06,3313,0,0.0
W-2022-45,50,40,1,2.956436902245414e-06,3314,0,0.0
W-2022-45,50,63,1,2.956436902245414e-06,3315,0,0.0
W-2022-45,50,66,1,2.956436902245414e-06,3316,0,0.0
W-2022-45,50,77,1,2.956436902245414e-06,3317,0,0.0
W-2022-45,50,81,1,2.956436902245414e-06,3318,0,0.0
W-2022-45,50,84,1,2.956436902245414e-06,3319,0,0.0
W-2022-45,50,87,1,2.956436902245414e-06,3320,0,0.0
W-2022-45,50,88,1,2.956436902245414e-06,3321,0,0.0
W-2022-45,50,93,1,2.956436902245414e-06,3322,0,0.0
W-2022-45,55,3,1,2.5760116641808152e-06,3323,0,0.0
W-2022-45,55,5,1,2.5760116641808152e-06,3324,0,0.0
W-2022-45,55,7,1,2.5760116641808152e-06,3325,0,0.0
W-2022-45,55,15,1,2.5760116641808152e-06,3326,0,0.0
W-2022-45,55,36,1,2.5760116641808152e-06,3327,0,0.0
W-2022-45,55,72,1,2.5760116641808152e-06,3328,0,0.0
W-2022-45,55,81,1,2.5760116641808152e-06,3329,0,0.0
W-2022-45,55,90,1,2.5760116641808152e-06,3330,0,0.0
W-2022-45,59,4,1,2.335373671464303e-06,3331,0,0.0
W-2022-45,59,17,1,2.335373671464303e-06,3332,0,0.0
W-2022-45,59,23,1,2.335373671464303e-06,3333,0,0.0
W-2022-45,59,25,1,2.335373671464303e-06,3334,0,0.0
W-2022-45,59,32,1,2.335373671464303e-06,3335,0,0.0
W-2022-45,59,88,1,2.335373671464303e-06,3336,0,0.0
W-2022-45,59,100,1,2.335373671464303e-06,3337,0,0.0
W-2022-45,41,3,1,2.156352831075632e-06,3338,0,0.0
W-2022-45,41,4,1,2.156352831075632e-06,3339,0,0.0
W-2022-45,41,6,1,2.156352831075632e-06,3340,0,0.0
W-2022-45,41,10,1,2.156352831075632e-06,3341,0,0.0
W-2022-45,41,25,1,2.156352831075632e-06,3342,0,0.0
W-2022-45,41,64,1,2.156352831075632e-06,3343,0,0.0
W-2022-45,41,65,1,2.156352831075632e-06,3344,0,0.0
W-2022-45,41,72,1,2.156352831075632e-06,3345,0,0.0
W-2022-45,41,97,1,2.156352831075632e-06,3346,0,0.0
W-2022-45,62,10,1,2.0319462590853396e-06,3347,0,0.0
W-2022-45,62,25,1,2.0319462590853396e-06,3348,0,0.0
W-2022-45,62,26,1,2.0319462590853396e-06,3349,0,0.0
W-2022-45,62,40,1,2.0319462590853396e-06,3350,0,0.0
W-2022-45,62,85,1,2.0319462590853396e-06,3351,0,0.0
W-2022-45,62,87,1,2.0319462590853396e-06,3352,0,0.0
W-2022-45,62,97,1,2.0319462590853396e-06,3353,0,0.0
W-2022-45,62,100,1,2.0319462590853396e-06,3354,0,0.0
W-2022-46,49,41,135192,0.6144029667602868,1,61326,0.358157801754719
W-2022-46,9,61,848,0.5196078431372549,2,73,0.17160604699895227
W-2022-46,50,61,144040,0.49784671961731747,3,75153,0.29418665073233763
W-2022-46,1,36,415,0.4217479674796748,4,177,0.20459468280814194
W-2022-46,62,41,160225,0.4215970298097847,5,78730,0.25600356942562497
W-2022-46,71,98,43,0.36134453781512604,6,-79,0.0035732768180585794
W-2022-46,52,41,8699,0.35373292127521144,7,3406,0.18905229528348746
W-2022-46,23,91,143,0.33966745843230406,8,13,0.10876159697582094
W-2022-46,60,101,18706,0.3356962116181828,9,8981,0.18623488713726313
W-2022-46,2,3,112,0.2916666666666667,10,5,0.05905797101449278
W-2022-46,48,44,5286,0.2866905304262935,11,2136,0.1590775017437461
W-2022-46,80,98,223,0.2742927429274293,12,-119,-0.06532989858200466
W-2022-46,80,91,222,0.2730627306273063,13,41,0.09332092327874622
W-2022-46,39,90,2956,0.2685807741232055,14,2181,0.22002491922689577
W-2022-46,19,101,36973,0.24633558084374918,15,19926,0.15952717855221513
W-2022-46,68,13,9456,0.23917442331040065,16,-1986,0.01315960849558584
W-2022-46,34,97,117,0.21467889908256882,17,-6,0.029716493067531213
W-2022-46,95,91,96,0.200836820083682,18,25,0.07627541657491008
W-2022-46,39,85,2181,0.19816463747047064,19,1487,0.1546836525697752
W-2022-46,60,41,10906,0.1957181056296323,20,3553,0.08271151242570404
W-2022-46,56,44,2778,0.19451057274891473,21,1288,0.10892757447206235
W-2022-46,58,61,1182,0.18788745827372436,22,570,0.10753031541658149
W-2022-46,6,91,69,0.1820580474934037,23,-36,0.025808047493403707
W-2022-46,58,41,1130,0.1796216817676045,24,609,0.11121306832222635
W-2022-46,47,44,6520,0.17751157092295128,25,2500,0.08755050929291056
W-2022-46,56,62,2503,0.1752555664472763,26,724,0.07307291279994718
W-2022-46,47,101,6340,0.17261094473182684,27,2713,0.09144458390293188
W-2022-46,51,44,445,0.16958841463414634,28,109,0.07222533146984614
W-2022-46,95,67,81,0.1694560669456067,29,-3,0.022087645892975127
W-2022-46,34,63,88,0.1614678899082569,30,-29,-0.014471959715803256
W-2022-46,77,98,596,0.15965711224216447,31,58,0.025257911642614123
W-2022-46,76,75,2594,0.15722164979695738,32,-705,-0.0017969561993792516
W-2022-46,2,4,60,0.15625,33,-15,-0.006793478260869568
W-2022-46,99,29,2378,0.15223097112860892,34,-382,-0.0071775999699240645
W-2022-46,30,32,3985,0.15076422518159807,35,-873,0.0005106064756720541
W-2022-46,34,98,73,0.13394495412844037,36,-16,0.0001103676622749572
W-2022-46,31,32,470,0.13008580127318017,37,-1584,0.001162878852893956
W-2022-46,101,41,33770,0.12898962582695453,38,11942,0.06280185121955403
W-2022-46,72,35,548,0.12891084450717477,39,496,0.11926334914539369
W-2022-46,50,41,35912,0.12412296164188494,40,17016,0.0682581299370556
W-2022-46,77,91,456,0.12215376372890437,41,-84,-0.01274506215168518
W-2022-46,56,41,1701,0.11910096625122532,42,786,0.06654496395369516
W-2022-46,96,91,28,0.11570247933884298,43,5,0.03083163063035589
W-2022-46,58,59,710,0.11285964075663646,44,147,0.038936321428905366
W-2022-46,61,101,15513,0.10797811621237854,45,4566,0.04921426668905981
W-2022-46,64,13,538,0.10642927794263106,46,-43,0.0017445932579463752
W-2022-46,62,101,39681,0.10441186918322401,47,15837,0.05596214258159317
W-2022-46,47,41,3821,0.10402940375714674,48,1634,0.05508790082557981
W-2022-46,47,43,3732,0.10160631636264633,49,1565,0.053112380901875623
W-2022-46,98,91,1270,0.10147011824864174,50,-196,-0.001682147442323631
W-2022-46,51,42,265,0.10099085365853659,51,-133,-0.014338036518223768
W-2022-46,48,101,1859,0.10082438442347326,52,402,0.04179829464872038
W-2022-46,9,41,164,0.10049019607843138,53,-3,0.02550142194282294
W-2022-46,96,89,24,0.09917355371900827,54,-3,-0.0004574425909548291
W-2022-46,101,61,25673,0.09806190890895479,55,7529,0.043044913193512495
W-2022-46,74,90,183,0.09728867623604466,56,52,0.04816981609356247
W-2022-46,26,29,5503,0.0972175602861938,57,-267,0.01630097308700157
W-2022-46,52,49,2343,0.09527488614183474,58,-2287,-0.04877788135139821
W-2022-46,42,61,10027,0.09360792404566969,59,5060,0.05868684273656855
W-2022-46,84,98,83,0.09263392857142858,60,28,0.0513116145218418
W-2022-46,71,18,11,0.09243697478991597,61,-22,-0.004337218758471123
W-2022-46,2,14,35,0.09114583333333333,62,-25,-0.03928894927536232
W-2022-46,96,86,22,0.09090909090909091,63,-4,-0.005031868500503189
W-2022-46,24,11,134,0.08909574468085106,64,-8,0.008413926499032873
W-2022-46,25,65,392,0.08820882088208822,65,22,0.0035599991021751515
W-2022-46,0,74,91,0.08766859344894026,66,-11,0.007918788914147462
W-2022-46,90,17,330,0.08709422011084719,67,92,0.02896036568974314
W-2022-46,78,13,1120,0.08596868283696653,68,-97,0.005367318508203031
W-2022-46,21,11,226,0.08473940757405324,69,-43,0.013594207891429594
W-2022-46,83,36,51,0.0845771144278607,70,15,0.0343679094069402
W-2022-46,4,14,1241,0.08341174889097996,71,-47,-0.0003660577956337979
W-2022-46,13,68,3946,0.0830876779247031,72,-416,0.00010154699610313844
W-2022-46,8,25,223,0.08231819859726837,73,90,0.0370954852344666
W-2022-46,21,70,219,0.08211473565804274,74,-107,-0.004105840909003011
W-2022-46,9,101,134,0.0821078431372549,75,-149,-0.04496894177518336
W-2022-46,69,79,48,0.08067226890756303,76,-14,0.03181490090125885
W-2022-46,94,64,209,0.07986243790599924,77,1,0.0023950263603754046
W-2022-46,23,77,33,0.07838479809976247,78,7,0.03220362580846584
W-2022-46,53,41,1397,0.07783597058168042,79,276,0.024401583813960313
W-2022-46,90,70,291,0.0768012668250198,80,186,0.05115397810982683
W-2022-46,58,101,483,0.07677634716261325,81,135,0.031083069851688884
W-2022-46,21,4,203,0.07611548556430446,82,-88,-0.0008482806351136768
W-2022-46,61,62,10850,0.07552134086922627,83,4979,0.044005623270669196
W-2022-46,23,67,31,0.07363420427553444,84,-19,-0.015175742438497536
W-2022-46,23,98,31,0.07363420427553444,85,-6,0.007914843707150773
W-2022-46,7,91,71,0.07349896480331262,86,-39,-0.014360460116815174
W-2022-46,34,39,40,0.07339449541284404,87,-3,0.00873284127750569
W-2022-46,62,43,27468,0.07227603192270349,88,12727,0.0423231121175265
W-2022-46,34,91,39,0.07155963302752294,89,-15,-0.00964337449127406
W-2022-46,95,77,34,0.07112970711297072,90,1,0.013234970270865454
W-2022-46,73,37,300,0.0706713780918728,91,47,0.01980688271591783
W-2022-46,74,11,131,0.06964380648591174,92,-43,0.004401961716507918
W-2022-46,84,91,62,0.06919642857142858,93,-24,0.004583355693892885
W-2022-46,82,68,1122,0.06852326859655551,94,-132,-0.008565315653767225
W-2022-46,0,17,71,0.06840077071290944,95,22,0.030089590103057992
W-2022-46,35,14,228,0.06824304100568691,96,119,0.029146914750306716
W-2022-46,71,97,8,0.06722689075630252,97,-15,-0.00022178959560363587
W-2022-46,61,59,9657,0.06721747361973439,98,4731,0.04077454653908507
W-2022-46,96,79,16,0.06611570247933884,99,3,0.018145222774541794
W-2022-46,48,41,1188,0.06443215099251545,100,421,0.033359391310130104
W-2022-46,1,73,63,0.06402439024390244,101,27,0.031177674915435286
W-2022-46,69,91,38,0.06386554621848739,102,-33,0.007915979630622932
W-2022-46,51,101,166,0.06326219512195122,103,-4,0.014001111378108853
W-2022-46,42,101,6749,0.06300587208379622,104,1598,0.02679115699960457
W-2022-46,19,61,9295,0.061928683740639076,105,4637,0.03820876012510757
W-2022-46,24,4,92,0.061170212765957445,106,-28,-0.007011605415860732
W-2022-46,6,79,23,0.06068601583113457,107,-19,-0.0018139841688654332
W-2022-46,63,39,111,0.060130010834236185,108,-41,-0.00530261938530751
W-2022-46,97,91,510,0.05982404692082111,109,-317,-0.008704292489188838
W-2022-46,74,70,112,0.05954279638490165,110,-107,-0.022571939273141092
W-2022-46,23,79,25,0.05938242280285035,111,-38,-0.05251811005682993
W-2022-46,74,17,111,0.05901116427432217,112,-67,-0.007730493018516221
W-2022-46,94,90,154,0.0588460068781047,113,35,0.01452570892652183
W-2022-46,69,67,35,0.058823529411764705,114,-16,0.01863440411625643
W-2022-46,49,50,12942,0.05881711340768413,115,2433,0.02236082175735092
W-2022-46,99,26,899,0.057550732987644834,116,-201,-0.005981668537132806
W-2022-46,48,59,1059,0.05743573055645949,117,81,0.01781492355597334
W-2022-46,41,43,20821,0.057344698899706684,118,9045,0.03195148796096004
W-2022-46,85,14,214,0.057295850066934405,119,-14,-0.01309624625909215
W-2022-46,70,11,324,0.057294429708222815,120,-81,-0.00933933139740404
W-2022-46,90,74,216,0.057007125890736345,121,108,0.030627057497966438
W-2022-46,48,42,1051,0.05700184401778935,122,-517,-0.006521085815300906
W-2022-46,88,13,1028,0.05647110525159306,123,235,0.014128089446381609
W-2022-46,48,61,1028,0.0557544202191127,124,387,0.029786181684029245
W-2022-46,85,21,207,0.05542168674698795,125,-52,-0.024541264781261514
W-2022-46,42,41,5859,0.054697200257662185,126,2169,0.028754218572422968
W-2022-46,18,98,434,0.054331497245868804,127,-240,-0.0035772578018157045
W-2022-46,54,101,835,0.05431954202446006,128,-250,0.0019622578474586608
W-2022-46,94,88,142,0.054260603744745894,129,-28,-0.009054107614658205
W-2022-46,62,61,20488,0.053909689166752185,130,9990,0.032578317338874285
W-2022-46,79,91,2201,0.05347164860793936,131,-1227,-0.0025551553472784178
W-2022-46,28,66,8849,0.05326551495816529,132,-1614,0.002019757683697068
W-2022-46,80,77,43,0.05289052890528905,133,-19,-0.008678487976538161
W-2022-46,3,14,608,0.052332587364434496,134,-119,-0.00155119561807366
W-2022-46,0,72,54,0.05202312138728324,135,-4,0.006675193318479489
W-2022-46,0,92,54,0.05202312138728324,136,3,0.012148219119886838
W-2022-46,10,91,182,0.051970302684180465,137,-108,-0.012345510134626363
W-2022-46,94,82,136,0.05196790217806649,138,18,0.008020043705068348
W-2022-46,39,16,571,0.051880792295111756,139,421,0.042482884895825995
W-2022-46,73,11,219,0.051590106007067135,140,2,0.007963246336781651
W-2022-46,37,36,180,0.05083309799491669,141,-141,-0.01104045636128994
W-2022-46,8,36,137,0.05057216685123662,142,-4,0.0026292902786422614
W-2022-46,71,67,6,0.05042016806722689,143,-5,0.01816210355109786
W-2022-46,71,77,6,0.05042016806722689,144,-15,-0.01116340964538308
W-2022-46,23,97,21,0.0498812351543943,145,-10,-0.005180931808305526
W-2022-46,38,91,181,0.049657064471879286,146,-89,-0.004987744271290111
W-2022-46,47,59,1820,0.04955077593248026,147,14,0.009135433319581367
W-2022-46,52,61,1213,0.04932498373454782,148,539,0.028354883239852573
W-2022-46,21,17,131,0.04911886014248219,149,-111,-0.014885371542257289
W-2022-46,31,28,177,0.04898975920287849,150,-418,0.011643537761753711
W-2022-46,39,13,538,0.048882427766672724,151,357,0.03754228617153457
W-2022-46,16,90,49,0.04846686449060336,152,15,0.008086816984665117
W-2022-46,92,68,390,0.0484472049689441,153,-141,-0.006538815534317781
W-2022-46,80,18,39,0.04797047970479705,154,-13,-0.0036680505831870602
W-2022-46,80,79,39,0.04797047970479705,155,-9,0.0003041440543501764
W-2022-46,94,68,125,0.04776461597248758,156,5,0.0030718785423199807
W-2022-46,90,4,180,0.047505938242280284,157,7,0.005248976835343304
W-2022-46,77,79,177,0.04741494776319314,158,-16,-0.0007988918570916437
W-2022-46,52,57,1160,0.04716981132075472,159,45,0.012478918069144626
W-2022-46,90,11,178,0.04697809448403273,160,97,0.0271930431894553
W-2022-46,85,70,175,0.04685408299866131,161,-33,-0.01736326803560853
W-2022-46,49,61,10192,0.04631927212572374,162,4788,0.027572502682541643
W-2022-46,67,91,733,0.0462256416724475,163,-342,-0.004465167965879466
W-2022-46,50,43,13195,0.0456059946219835,164,7632,0.029159336134792265
W-2022-46,8,65,122,0.045035068290882246,165,9,0.006612762952561947
W-2022-46,53,61,795,0.044294628928014265,166,187,0.015313266613318617
W-2022-46,86,91,53,0.04427736006683375,167,-12,0.0015423173317910127
W-2022-46,85,17,165,0.04417670682730924,168,-57,-0.024362965911190297
W-2022-46,33,101,528,0.04398167430237401,169,-269,-0.005022260768949155
W-2022-46,70,88,248,0.04385499557913351,170,150,0.027731270669623807
W-2022-46,51,60,115,0.04382621951219512,171,57,0.02701949682311949
W-2022-46,51,41,114,0.04344512195121951,172,-16,0.005774881441222408
W-2022-46,4,17,637,0.042814894475063855,173,239,0.01692703184985246
W-2022-46,55,41,13079,0.04256517069678133,174,4805,0.021251250187349267
W-2022-46,6,98,16,0.04221635883905013,175,-7,0.007990168362859651
W-2022-46,35,4,141,0.042202933253516914,176,-2,-0.0090883149530828
W-2022-46,71,84,5,0.04201680672268908,177,-5,0.012691293526208139
W-2022-46,28,32,6953,0.041852765906218024,178,-2159,-0.002776053771212393
W-2022-46,95,98,20,0.04184100418410042,179,5,0.015525214710416207
W-2022-46,90,92,158,0.041699656901557136,180,52,0.015808108293838524
W-2022-46,61,42,5964,0.04151237575521341,181,2930,0.025225765774967768
W-2022-46,42,55,4322,0.04034840408151834,182,594,0.014138258899249558
W-2022-46,43,41,2438,0.039942331006913724,183,285,0.015290129713045286
W-2022-46,74,13,75,0.03987240829346093,184,-60,-0.010746264372455835
W-2022-46,35,22,130,0.038910505836575876,185,-33,-0.01955434351780002
W-2022-46,85,11,144,0.03855421686746988,186,-44,-0.01948838887504324
W-2022-46,4,3,572,0.03844602769189407,187,31,0.003256747088277577
W-2022-46,64,88,194,0.03837784371909001,188,22,0.007386852728099021
W-2022-46,35,88,128,0.038311882669859326,189,2,-0.006881804561130633
W-2022-46,44,101,1725,0.0381493686003052,190,-662,-0.0014787545838900393
W-2022-46,85,68,142,0.03801874163319947,191,-49,-0.02095007590307716
W-2022-46,95,79,18,0.03765690376569038,192,2,0.009586728327093886
W-2022-46,21,92,100,0.03749531308586427,193,-41,0.00020359131913588735
W-2022-46,90,78,142,0.03747690683557667,194,132,0.035034307910320195
W-2022-46,11,17,428,0.036782399449982815,195,-56,0.0014487741032168655
W-2022-46,52,60,903,0.036719258295380613,196,262,0.01677588378929804
W-2022-46,0,78,38,0.036608863198458574,197,7,0.01237117750651174
W-2022-46,52,43,892,0.03627195836044242,198,280,0.017230858207989166
W-2022-46,85,92,135,0.03614457831325301,199,-29,-0.014488333079152052
W-2022-46,37,20,127,0.035865574696413445,200,12,0.0136990365314173
W-2022-46,16,14,36,0.03560830860534125,201,3,-0.0035840904445399863
W-2022-46,41,57,12912,0.035561920762355925,202,3854,0.01602967681847285
W-2022-46,85,4,132,0.035341365461847386,203,-8,-0.007881851580449621
W-2022-46,60,55,1966,0.0352816610735244,204,349,0.010430353959319044
W-2022-46,21,14,94,0.03524559430071241,205,-47,-0.0020461274660159706
W-2022-46,59,44,12052,0.03501483162258823,206,6717,0.022555613085326172
W-2022-46,78,68,452,0.034694504144918634,207,-124,-0.003453717591620213
W-2022-46,81,91,64,0.034408602150537634,208,0,0.004696438733638841
W-2022-46,94,85,90,0.03439052350019106,209,-24,-0.008067577058468153
W-2022-46,62,44,13044,0.03432243193533363,210,5694,0.019387626931056383
W-2022-46,20,11,121,0.03413258110014104,211,-37,0.0006580048289546031
W-2022-46,77,67,127,0.034020894722743104,212,5,0.003543752579350648
W-2022-46,60,44,1890,0.03391777183568724,213,591,0.013953734766205015
W-2022-46,90,72,128,0.03378200052784376,214,0,0.002516734284560909
W-2022-46,69,77,20,0.03361344537815126,215,-19,0.002880584858056697
W-2022-46,71,38,4,0.03361344537815126,216,0,0.021883240099558884
W-2022-46,71,88,4,0.03361344537815126,217,-3,0.013085586140614603
W-2022-46,71,91,4,0.03361344537815126,218,-26,-0.05436309421129156
W-2022-46,41,61,12113,0.033361334122863795,219,4574,0.017104590129384607
W-2022-46,25,8,148,0.0333033303330333,220,76,0.01683112717586103
W-2022-46,94,11,87,0.03324417271685136,221,10,0.004566332865827149
W-2022-46,94,13,87,0.03324417271685136,222,2,0.0015868170371493087
W-2022-46,70,17,187,0.033068081343943415,223,16,0.004933826654900966
W-2022-46,47,42,1206,0.03283419548053362,224,-291,-0.0006662297085636357
W-2022-46,62,55,12462,0.03279102627860531,225,2900,0.013361556149231294
W-2022-46,55,101,10041,0.03267810069320142,226,4140,0.01747705586287043
W-2022-46,29,26,5721,0.032373795390369914,227,-1221,-0.000831029880118829
W-2022-46,11,4,374,0.03214162942591956,228,2,0.004984380192454823
W-2022-46,37,65,113,0.03191188929680881,229,29,0.0157206788110725
W-2022-46,39,14,351,0.031891695438851536,230,227,0.024122758655441976
W-2022-46,83,11,19,0.03150912106135987,231,8,0.016167419527189718
W-2022-46,41,101,11387,0.03136180233278709,232,943,0.00884085336503319
W-2022-46,58,42,197,0.03131457637895406,233,-70,-0.0037431967302896385
W-2022-46,51,54,82,0.03125,234,0,0.007488771370617212
W-2022-46,9,50,51,0.03125,235,14,0.014635720700493939
W-2022-46,11,36,362,0.031110347198349948,236,-16,0.0035150778159583583
W-2022-46,18,91,247,0.030921382073109665,237,-139,-0.002242979126306093
W-2022-46,74,72,58,0.03083466241360978,238,-21,0.0012133650757770106
W-2022-46,21,74,82,0.0307461567304087,239,-26,0.0021822847388720673
W-2022-46,16,85,31,0.03066271018793274,240,18,0.01522328025919165
W-2022-46,75,76,1902,0.030357199859546078,241,-696,-0.002530541291904626
W-2022-46,56,50,430,0.030107828035289174,242,203,0.01706934440519153
W-2022-46,0,68,31,0.029865125240847785,243,10,0.013446047836625737
W-2022-46,51,55,78,0.02972560975609756,244,20,0.01291888706702193
W-2022-46,3,4,345,0.02969530039593734,245,-13,0.003161057881854921
W-2022-46,94,14,76,0.02904088651127245,246,-1,0.0003630466602482403
W-2022-46,77,88,108,0.028931154567372087,247,1,0.002201202031773788
W-2022-46,96,93,7,0.028925619834710745,248,-3,-0.007974749168979292
W-2022-46,0,11,30,0.028901734104046242,249,-9,-0.001590838218080419
W-2022-46,74,94,54,0.028708133971291867,250,2,0.009210571166642447
W-2022-46,2,11,11,0.028645833333333332,251,-5,-0.006136775362318842
W-2022-46,25,20,127,0.02857785778577858,252,56,0.012334435228011479
W-2022-46,41,52,10334,0.02846165498437005,253,4693,0.01629766866427241
W-2022-46,58,62,178,0.028294388809410268,254,-238,-0.02632745993008553
W-2022-46,94,74,74,0.028276652655712647,255,0,0.0007161312404426294
W-2022-46,11,70,329,0.028274321072533515,256,-2,0.004110209523402256
W-2022-46,83,78,17,0.028192371475953566,257,-12,-0.01225393256867684
W-2022-46,74,88,53,0.028176501860712386,258,-4,0.006804173401769753
W-2022-46,74,92,53,0.028176501860712386,259,-38,-0.005944233047424096
W-2022-46,8,11,76,0.028054632705795498,260,26,0.011053612644591825
W-2022-46,10,88,98,0.027984009137635636,261,-38,-0.0021778892877358444
W-2022-46,7,89,27,0.027950310559006212,262,-20,-0.009589625543230212
W-2022-46,64,94,141,0.027893175074183978,263,24,0.006812093993102897
W-2022-46,61,50,3985,0.027737561600356377,264,699,0.010098207482002002
W-2022-46,56,43,396,0.027727209074359334,265,284,0.021294124640126134
W-2022-46,78,14,361,0.027709548664415107,266,67,0.008238060486390072
W-2022-46,37,11,98,0.02767579779723242,267,-14,0.006087517149584002
W-2022-46,90,21,104,0.027447875428873055,268,62,0.01718895994279587
W-2022-46,64,17,138,0.027299703264094956,269,-19,-0.0009885850241933315
W-2022-46,51,59,71,0.027057926829268292,270,-19,0.0009785295531164508
W-2022-46,101,50,7067,0.026993476035507478,271,2470,0.013054260355178541
W-2022-46,0,70,28,0.02697495183044316,272,24,0.023847508515353246
W-2022-46,60,61,1466,0.026308705561437825,273,559,0.01236922779236902
W-2022-46,41,49,9505,0.026178443064296238,274,-5883,-0.007003514300295589
W-2022-46,49,101,5681,0.025818267753751626,275,1704,0.012021838798249185
W-2022-46,34,18,14,0.025688073394495414,276,-3,0.00012416362005932338
W-2022-46,85,35,95,0.025435073627844713,277,30,0.00536715142963539
W-2022-46,65,36,215,0.025410707954142537,278,-86,-0.0017015240761222815
W-2022-46,24,14,38,0.02526595744680851,279,-4,0.0014023210831721443
W-2022-46,71,80,3,0.025210084033613446,280,-1,0.01347987875502107
W-2022-46,95,69,12,0.02510460251046025,281,5,0.012823900756074286
W-2022-46,0,4,26,0.025048169556840076,282,-16,-0.007789985251604022
W-2022-46,73,36,106,0.024970553592461718,283,-32,-0.0027737166126046257
W-2022-46,60,42,1389,0.024926870412576494,284,-590,-0.00548793279027595
W-2022-46,50,49,7210,0.024919986451269503,285,-7701,-0.019163444198111865
W-2022-46,62,42,9426,0.02480245656412564,286,1908,0.009526284588322055
W-2022-46,80,67,20,0.024600246002460024,287,-12,-0.007177311097837889
W-2022-46,38,79,89,0.024417009602194787,288,-82,-0.010191369268479165
W-2022-46,12,43,308,0.02429213660383311,289,255,0.020246952662450114
W-2022-46,62,59,9212,0.024239362387940312,290,3041,0.01170022202312468
W-2022-46,94,17,63,0.02407336645013374,291,3,0.001726997735049942
W-2022-46,52,44,592,0.024072869225764477,292,274,0.014178964244587786
W-2022-46,51,48,63,0.024009146341463415,293,-35,-0.004388419581457477
W-2022-46,23,89,10,0.023752969121140142,294,-2,0.002438581909772468
W-2022-46,77,18,88,0.02357353335119207,295,-6,9.114514234870308e-05
W-2022-46,66,28,5570,0.02352633090608052,296,-1590,-0.0004198370381610257
W-2022-46,72,11,100,0.023523876734885908,297,6,0.0060841735808970406
W-2022-46,35,72,78,0.023346303501945526,298,-3,-0.005706781146548018
W-2022-46,90,0,88,0.023225125362892583,299,42,0.011989170306712808
W-2022-46,70,92,131,0.023165340406719716,300,30,0.006548032081612774
W-2022-46,20,36,82,0.0231311706629055,301,-6,0.00448710286629533
W-2022-46,0,90,24,0.023121387283236993,302,-29,-0.018317236641704367
W-2022-46,58,44,145,0.023048799872834206,303,50,0.010575060377035886
W-2022-46,47,45,844,0.022978491696161178,304,314,0.011117953720061281
W-2022-46,21,68,61,0.022872140982377203,305,-47,-0.005691731009159429
W-2022-46,21,85,61,0.022872140982377203,306,-49,-0.006220691601595291
W-2022-46,74,85,43,0.022860180754917598,307,38,0.020985415100624384
W-2022-46,57,41,3797,0.022621253373527713,308,559,0.007609663201993175
W-2022-46,101,57,5902,0.022543582221814792,309,1242,0.00841333530636279
W-2022-46,97,98,191,0.022404692082111436,310,-45,0.0028488418998111366
W-2022-46,70,65,126,0.022281167108753316,311,9,0.0030314139004611156
W-2022-46,72,90,93,0.021877205363443897,312,-21,0.0007269270703084592
W-2022-46,69,98,13,0.021848739495798318,313,-3,0.009240386461913368
W-2022-46,74,64,41,0.021796916533758637,314,-18,-0.0003253181869012807
W-2022-46,72,4,92,0.021641966596095037,315,3,0.00512990722689281
W-2022-46,83,17,13,0.02155887230514096,316,-7,-0.006335130484259318
W-2022-46,9,62,35,0.02144607843137255,317,-1,0.005280833707528812
W-2022-46,94,72,56,0.021398547955674436,318,27,0.010597803076717266
W-2022-46,23,18,9,0.021377672209026127,319,4,0.01249667753762293
W-2022-46,92,78,172,0.021366459627329193,320,-43,-0.0008971833259689317
W-2022-46,32,28,3100,0.02129106256138351,321,-373,0.0016735836305445846
W-2022-46,100,4,242,0.02125230526038465,322,57,0.003433002621201449
W-2022-46,0,13,22,0.02119460500963391,323,-31,-0.02024401891530745
W-2022-46,25,36,93,0.020927092709270928,324,26,0.005598792549124508
W-2022-46,95,97,10,0.02092050209205021,325,2,0.006885414372751962
W-2022-46,41,60,7592,0.02090970433920432,326,3185,0.011406657412654009
W-2022-46,38,98,76,0.020850480109739368,327,-49,-0.004448042456542761
W-2022-46,74,4,39,0.02073365231259968,328,9,0.009485058386840401
W-2022-46,74,16,39,0.02073365231259968,329,32,0.018108980396589182
W-2022-46,96,67,5,0.02066115702479339,330,0,0.0022109725229483707
W-2022-46,52,101,505,0.020535133376707874,331,-113,0.0013073557717795878
W-2022-46,19,55,3033,0.02020760600165232,332,380,0.006697739674472181
W-2022-46,64,14,102,0.020178041543026708,333,35,0.008105969470954636
W-2022-46,92,14,162,0.020124223602484472,334,-17,0.0015884464460176606
W-2022-46,99,32,312,0.01997311311695794,335,0,0.0019530137753846488
W-2022-46,88,98,362,0.019885739397934518,336,-142,-0.007025836851531523
W-2022-46,72,74,84,0.019760056457304165,337,-1,0.003990112115931251
W-2022-46,58,48,124,0.019710697822285805,338,23,0.0064491432004370654
W-2022-46,74,21,37,0.019670388091440724,339,-52,-0.01370044055497847
W-2022-46,78,17,256,0.019649984648449494,340,-21,0.0013043988480653627
W-2022-46,90,68,74,0.019530219055159673,341,-4,0.0004779474381591854
W-2022-46,90,94,74,0.019530219055159673,342,-124,-0.02883323966491849
W-2022-46,11,68,227,0.01950842213819182,343,-33,0.0005275490180282928
W-2022-46,65,11,165,0.019501240988062878,344,-27,0.0022070597594554195
W-2022-46,47,61,713,0.01941192485706507,345,331,0.010863386164857219
W-2022-46,1,20,19,0.019308943089430895,346,8,0.009272446739065932
W-2022-46,8,73,52,0.019195275009228498,347,11,0.005254438559041487
W-2022-46,35,78,64,0.019155941334929663,348,19,0.0030153387524332505
W-2022-46,100,14,218,0.01914463862299113,349,5,-0.0013716395507711518
W-2022-46,70,21,108,0.01909814323607427,350,-34,-0.004264805102194898
W-2022-46,72,17,81,0.019054340155257588,351,-13,0.0016146370012687199
W-2022-46,9,59,31,0.018995098039215685,352,-11,0.00013564586139799134
W-2022-46,84,38,17,0.018973214285714284,353,-12,-0.0028149149404314705
W-2022-46,70,74,107,0.01892130857648099,354,-21,-0.002138250489001077
W-2022-46,37,14,67,0.01892120869810788,355,-34,-0.000546794385932213
W-2022-46,73,14,80,0.01884570082449941,356,-39,-0.005078706091463599
W-2022-46,68,82,745,0.01884358559287738,357,-296,-0.0017193773700855848
W-2022-46,95,34,9,0.01882845188284519,358,7,0.015319679953020627
W-2022-46,11,20,219,0.01882090065314541,359,-85,-0.003372120225815022
W-2022-46,4,13,280,0.018819733835192903,360,-2,0.0004770774022541738
W-2022-46,54,42,289,0.018800416341399947,361,-39,0.002972592184665883
W-2022-46,64,4,95,0.018793273986152326,362,19,0.005099580292458631
W-2022-46,16,64,19,0.018793273986152326,363,6,0.0033538440574112337
W-2022-46,59,43,6450,0.01873926850030651,364,3370,0.011546317592196459
W-2022-46,42,62,2005,0.018717850574605337,365,-2937,-0.01602746527592372
W-2022-46,4,11,277,0.018618093829815836,366,-55,-0.002976806651516284
W-2022-46,92,17,149,0.018509316770186336,367,-1,0.0029765426167225276
W-2022-46,49,43,4021,0.018274116289004626,368,1584,0.009820030957206927
W-2022-46,52,50,449,0.01825797007156799,369,170,0.009577468531479007
W-2022-46,90,14,69,0.018210609659540775,370,-51,-0.011100577443536899
W-2022-46,64,68,92,0.018199802176063304,371,-47,-0.006845242868981742
W-2022-46,53,101,326,0.01816358368620459,372,-43,0.0005745660971870001
W-2022-46,8,37,49,0.01808785529715762,373,3,0.002446916840850244
W-2022-46,57,61,2994,0.017837248512073207,374,1402,0.010456627278878954
W-2022-46,39,94,196,0.01780846810830456,375,135,0.01398665243259502
W-2022-46,101,59,4659,0.01779575560342852,376,699,0.005788077967121668
W-2022-46,81,98,33,0.017741935483870968,377,-13,-0.003613681972025041
W-2022-46,3,17,206,0.017731106903081426,378,-45,-0.0008725100551160263
W-2022-46,78,82,231,0.017731040835124348,379,-50,-0.000879463171763524
W-2022-46,58,49,111,0.01764425369575584,380,-269,-0.03225070428743744
W-2022-46,21,72,47,0.017622797150356206,381,-9,0.002811900562152027
W-2022-46,37,73,62,0.01750917819824908,382,-230,-0.038774553490262875
W-2022-46,58,57,110,0.017485296455253537,383,42,0.008556725026682109
W-2022-46,21,13,46,0.01724784401949756,384,-15,0.0011145459502037228
W-2022-46,88,91,313,0.017194023291584266,385,-100,-0.00485851835728374
W-2022-46,73,65,72,0.01696113074204947,386,-45,-0.006561185301376345
W-2022-46,39,36,186,0.01689987279665637,387,113,0.012326224529003966
W-2022-46,85,78,63,0.016867469879518072,388,-10,-0.005670350435393937
W-2022-46,71,69,2,0.01680672268907563,389,1,0.013874171369427535
W-2022-46,71,79,2,0.01680672268907563,390,-2,0.005076517410483254
W-2022-46,35,82,56,0.016761448668063453,391,28,0.006718407061176797
W-2022-46,46,89,52,0.016709511568123392,392,13,0.006191712215372583
W-2022-46,48,49,308,0.016704631738800303,393,-221,-0.004726254665348133
W-2022-46,23,10,7,0.0166270783847981,394,2,0.007746083713394903
W-2022-46,70,4,94,0.016622458001768346,395,21,0.004611928222235604
W-2022-46,85,100,62,0.016599732262382864,396,-43,-0.01581768051933989
W-2022-46,83,39,10,0.01658374792703151,397,4,0.008215547090211427
W-2022-46,62,57,6299,0.01657444026070734,398,2760,0.009383382449804323
W-2022-46,9,19,27,0.016544117647058824,399,-22,-0.00545857656039515
W-2022-46,21,78,44,0.016497937757780277,400,-21,-0.0006932814963852875
W-2022-46,48,62,304,0.016487688469465234,401,-416,-0.012681003800831314
W-2022-46,35,11,55,0.01646213708470518,402,-8,-0.006134706530789801
W-2022-46,11,65,191,0.016414575455482985,403,-24,0.0007188534522708373
W-2022-46,0,64,17,0.016377649325626204,404,-33,-0.02271539211299772
W-2022-46,0,82,17,0.016377649325626204,405,8,0.009340901866673898
W-2022-46,0,94,17,0.016377649325626204,406,-51,-0.03678888703090233
W-2022-46,20,73,58,0.016361071932299014,407,26,0.00958141091534986
W-2022-46,25,11,72,0.016201620162016202,408,8,0.0015596618000852935
W-2022-46,21,64,43,0.016122984626921636,409,-27,-0.0023906361083335867
W-2022-46,64,85,81,0.016023738872403562,410,8,0.0028705857192504094
W-2022-46,51,57,42,0.01600609756097561,411,-12,0.0003584591952845058
W-2022-46,6,67,6,0.0158311345646438,412,-4,0.0009501821836914205
W-2022-46,6,84,6,0.0158311345646438,413,-1,0.0054144678979771346
W-2022-46,82,13,258,0.015756687431293513,414,126,0.007642099615470067
W-2022-46,21,88,42,0.015748031496062992,415,-26,-0.002236628646756368
W-2022-46,58,54,99,0.015736766809728183,416,41,0.008121220591240787
W-2022-46,60,43,874,0.015684726235127327,417,277,0.006509568320977297
W-2022-46,10,98,54,0.015419760137064534,418,-41,-0.005649213027717013
W-2022-46,48,51,284,0.01540297212278989,419,167,0.0106630596288667
W-2022-46,11,73,179,0.015383293227913371,420,-26,0.00041760480624597474
W-2022-46,61,41,2208,0.015368766879193696,421,-1697,-0.005593399229197611
W-2022-46,42,59,1643,0.01533836832622273,422,-406,0.0009326313416549367
W-2022-46,51,43,40,0.01524390243902439,423,5,0.005101914609409786
W-2022-46,51,62,40,0.01524390243902439,424,-195,-0.05285230155981653
W-2022-46,100,17,173,0.015192763677878283,425,6,-0.0008927689747897961
W-2022-46,30,66,400,0.01513317191283293,426,-99,-0.0003004542160796025
W-2022-46,73,20,64,0.015076560659599529,427,-23,-0.002414392295768385
W-2022-46,11,13,175,0.015039532485390169,428,-86,-0.0040143439929278355
W-2022-46,86,97,18,0.015037593984962405,429,-6,-0.0007414987172072209
W-2022-46,86,98,18,0.015037593984962405,430,3,0.005175661046106389
W-2022-46,13,82,714,0.015034111008169797,431,-68,0.00015672577521125275
W-2022-46,87,22,27,0.015025041736227046,432,-7,0.0009054404073233907
W-2022-46,59,101,5148,0.0149565510448958,433,999,0.00526708568199041
W-2022-46,48,43,275,0.014914849766785986,434,152,0.009931864837276993
W-2022-46,74,14,28,0.014885699096225412,435,20,0.01188607404935627
W-2022-46,16,11,15,0.01483679525222552,436,8,0.00652325605982647
W-2022-46,11,14,172,0.014781711928497766,437,-46,-0.0011330201491778057
W-2022-46,98,18,185,0.014781080217321827,438,-8,0.00120100703972543
W-2022-46,85,64,55,0.014725568942436412,439,17,0.0029935528880986537
W-2022-46,85,74,55,0.014725568942436412,440,-15,-0.006886039578712092
W-2022-46,32,26,2144,0.014725173590840723,441,-688,-0.0012715728336153195
W-2022-46,39,63,162,0.01471924404870071,442,-58,0.0009356465297482627
W-2022-46,34,101,8,0.014678899082568808,443,3,0.0071601020900876056
W-2022-46,29,66,2590,0.014656201723659864,444,-491,-8.077128964693869e-05
W-2022-46,11,21,169,0.014523891371605363,445,-28,0.0001422298151737677
W-2022-46,94,70,38,0.014520443255636225,446,-9,-0.002984212237846083
W-2022-46,81,67,27,0.014516129032258065,447,-17,-0.005910983316859854
W-2022-46,84,18,13,0.014508928571428572,448,1,0.005493150960609639
W-2022-46,88,64,264,0.014502307185234015,449,98,0.005638573737989247
W-2022-46,47,48,532,0.014484072964878846,450,-147,-0.0007108426686529088
W-2022-46,54,44,222,0.01444184231069477,451,63,0.006769208039595026
W-2022-46,70,14,81,0.014323607427055704,452,32,0.006261744972300851
W-2022-46,38,67,52,0.014266117969821674,453,2,0.004146708943308822
W-2022-46,48,54,263,0.014264019958780778,454,111,0.008106184923940395
W-2022-46,58,43,89,0.014147194404705134,455,53,0.009420303648402614
W-2022-46,94,35,37,0.014138326327856323,456,-24,-0.008580481865812206
W-2022-46,94,92,37,0.014138326327856323,457,-4,-0.0011316922941176054
W-2022-46,61,57,2011,0.013997549906729403,458,345,0.005054408104788322
W-2022-46,98,79,175,0.013982102908277404,459,-25,-9.051178353233422e-05
W-2022-46,60,57,774,0.013890135132710013,460,-13,0.0017949102107065393
W-2022-46,21,100,37,0.013873265841769778,461,-10,0.0014426919195269852
W-2022-46,12,41,175,0.013802350343086994,462,110,0.008841275697994642
W-2022-46,35,3,46,0.013768332834480694,463,6,-0.0005788694610716731
W-2022-46,64,11,69,0.013649851632047478,464,-7,-4.384206164621644e-05
W-2022-46,66,29,3216,0.013583605061751339,465,-313,0.0017810873696803304
W-2022-46,44,62,612,0.013534732512108278,466,-389,-0.0030835126941671422
W-2022-46,100,90,154,0.013524194256608413,467,96,0.007937602077837464
W-2022-46,7,98,13,0.013457556935817806,468,-4,-0.0001207178245655801
W-2022-46,98,97,168,0.013422818791946308,469,-23,-1.6528238731990802e-05
W-2022-46,84,89,12,0.013392857142857142,470,2,0.0058797091338413645
W-2022-46,83,73,8,0.013266998341625208,471,5,0.009082897923215167
W-2022-46,6,10,5,0.013192612137203167,472,0,0.0057521359467269766
W-2022-46,6,88,5,0.013192612137203167,473,4,0.011704516899107929
W-2022-46,61,49,1891,0.013162290837208008,474,-932,-0.001991664328986271
W-2022-46,2,24,5,0.013020833333333334,475,1,0.00432518115942029
W-2022-46,61,58,1869,0.01300916000779575,476,1003,0.008360444041120494
W-2022-46,32,30,1885,0.012946339654260616,477,-440,-0.00018658246327480157
W-2022-46,85,88,48,0.01285140562248996,478,3,-0.001041771283962649
W-2022-46,47,62,472,0.012850530901170705,479,-902,-0.017897354342529787
W-2022-46,60,62,714,0.012813380471259624,480,-505,-0.005921154700179048
W-2022-46,74,68,24,0.012759170653907496,481,-20,-0.0037387671038727806
W-2022-46,59,61,4390,0.012754323831991562,482,1896,0.006929901895359592
W-2022-46,70,13,72,0.01273209549071618,483,-17,-0.0019108791720018198
W-2022-46,90,65,48,0.012668250197941409,484,23,0.006561752884800227
W-2022-46,44,41,571,0.012627993896101024,485,-28,0.002683609402036111
W-2022-46,13,17,591,0.012444201128611134,486,-95,-0.0006068043315033949
W-2022-46,7,67,12,0.012422360248447204,487,-17,-0.010740579048677396
W-2022-46,7,97,12,0.012422360248447204,488,-6,-0.0019546365566646164
W-2022-46,96,69,3,0.012396694214876033,489,3,0.012396694214876033
W-2022-46,96,97,3,0.012396694214876033,490,-1,-0.002363453386599981
W-2022-46,21,90,33,0.012373453318335208,491,-28,-0.0037598447509586304
W-2022-46,48,47,227,0.012311530534765159,492,-306,-0.009281404159773814
W-2022-46,84,88,11,0.012276785714285714,493,5,0.007768896908876248
W-2022-46,9,49,20,0.012254901960784314,494,-115,-0.0483647657536297
W-2022-46,88,4,223,0.012250054932981763,495,63,0.0037066973934687334
W-2022-46,94,4,32,0.01222774168895682,496,12,0.004778952117262221
W-2022-46,82,17,200,0.012214486380847685,497,3,0.00010407880723239081
W-2022-46,1,11,12,0.012195121951219513,498,2,0.0030710343599786374
W-2022-46,20,65,43,0.012129760225669958,499,-32,-0.0037600702828046173
W-2022-46,59,55,4174,0.01212677623570223,500,-3401,-0.0055636793256398625
W-2022-46,38,88,44,0.012071330589849109,501,-3,0.0025590861049270275
W-2022-46,4,82,179,0.01203118698749832,502,101,0.00695768627200463
W-2022-46,45,101,86,0.012024608501118568,503,36,0.006791746125399049
W-2022-46,11,74,139,0.011945685802681334,504,-24,4.613842350189093e-05
W-2022-46,23,7,5,0.011876484560570071,505,-8,-0.011214101585078242
W-2022-46,23,93,5,0.011876484560570071,506,-4,-0.004109305847955684
W-2022-46,89,61,1778,0.011875262985646827,507,1009,0.00847170451879722
W-2022-46,81,79,22,0.011827956989247311,508,7,0.004864168688411657
W-2022-46,88,85,215,0.011810591078883761,509,48,0.002893461647017037
W-2022-46,49,57,2592,0.011779783491942301,510,210,0.003516496146705487
W-2022-46,69,95,7,0.011764705882352941,511,2,0.007824595559263896
W-2022-46,41,62,4251,0.011708002258424336,512,-2522,-0.002896975466450919
W-2022-46,74,0,22,0.011695906432748537,513,-20,-0.0040521250633144545
W-2022-46,50,57,3379,0.011678867436732267,514,1382,0.005774862942948176
W-2022-46,35,17,39,0.011673151750972763,515,18,0.00414087054580777
W-2022-46,43,57,709,0.01161571480061601,516,-642,-0.003853455635062699
W-2022-46,83,65,7,0.011608623548922056,517,3,0.006029822991042
W-2022-46,45,59,83,0.011605145413870246,518,-417,-0.04072347834332494
W-2022-46,93,91,162,0.01139240506329114,519,-146,-0.005460297935176798
W-2022-46,41,50,4119,0.011344451023864935,520,335,0.0031848119110747426
W-2022-46,100,68,129,0.011328708175990165,521,-36,-0.0045641833670651225
W-2022-46,37,25,40,0.011296243998870376,522,0,0.003586143767567369
W-2022-46,58,50,71,0.011285964075663646,523,-49,-0.004470338445344757
W-2022-46,77,80,42,0.011251004553978034,524,2,0.0012584989331936216
W-2022-46,85,90,42,0.011244979919678716,525,-4,-0.0029569342513617296
W-2022-46,4,68,167,0.011224626965990053,526,45,0.003289151487910178
W-2022-46,92,70,90,0.011180124223602485,527,-93,-0.007769860243623363
W-2022-46,1,65,11,0.011178861788617886,528,-8,-0.006156904634739778
W-2022-46,59,41,3845,0.011170928276539307,529,1345,0.005332494097878551
W-2022-46,84,77,10,0.011160714285714286,530,-4,0.0006423070730921972
W-2022-46,99,28,174,0.011138851545995775,531,-53,-0.0019719258595719737
W-2022-46,14,4,588,0.011028170599047225,532,-81,0.0011317208949052134
W-2022-46,99,66,170,0.010882785993214263,533,-74,-0.0032098557995545937
W-2022-46,16,88,11,0.010880316518298714,534,2,0.00019148041378565066
W-2022-46,21,35,29,0.010873640794900637,535,-6,0.0016168304272730256
W-2022-46,90,39,41,0.010820797044074954,536,38,0.010088017366498012
W-2022-46,54,55,165,0.010733801717408275,537,-125,-0.0032603111040944033
W-2022-46,51,47,28,0.010670731707317074,538,-37,-0.008164388547681476
W-2022-46,51,61,28,0.010670731707317074,539,6,0.00429576792870218
W-2022-46,56,61,152,0.010642767119451058,540,-18,0.0008782639603470942
W-2022-46,88,14,193,0.01060206548011426,541,35,0.002165499909845145
W-2022-46,90,64,40,0.010556875164951175,542,-93,-0.021929690540959914
W-2022-46,100,64,120,0.010538333186967595,543,61,0.004855420453390249
W-2022-46,11,91,122,0.010484702646957717,544,-14,0.0005562459379491024
W-2022-46,95,11,5,0.010460251046025104,545,-8,-0.012346766497834546
W-2022-46,85,39,39,0.010441767068273093,546,-14,-0.005921307954882202
W-2022-46,26,32,591,0.010440773783234696,547,-195,-0.000581832375962028
W-2022-46,88,68,189,0.01038233355306526,548,29,0.0018389760135522314
W-2022-46,18,67,82,0.010265398097145719,549,-55,-0.001505372587621014
W-2022-46,70,64,58,0.010256410256410256,550,0,0.0007137975548636953
W-2022-46,70,90,58,0.010256410256410256,551,-23,-0.003070341964715114
W-2022-46,81,77,19,0.01021505376344086,552,5,0.0037155180159942503
W-2022-46,60,52,568,0.010193277461730346,553,-340,-0.0037615690810640055
W-2022-46,42,60,1091,0.010185124676755324,554,-57,0.002113974819125345
W-2022-46,69,11,6,0.010084033613445379,555,-1,0.0045678791611207135
W-2022-46,68,17,396,0.010016187778227438,556,-223,-0.002210972715599722
W-2022-46,83,8,6,0.009950248756218905,557,3,0.005766148337808864
W-2022-46,77,10,37,0.00991159924993303,558,-6,-0.0008303442924102126
W-2022-46,85,82,37,0.009906291834002677,559,2,-0.0008995124265715748
W-2022-46,48,53,182,0.009870918754745633,560,110,0.006954049527715979
W-2022-46,70,78,55,0.009725906277630416,561,10,0.002322155043671877
W-2022-46,11,37,113,0.009711240976280509,562,-17,0.0002208044161987454
W-2022-46,88,94,176,0.00966820479015601,563,-8,-0.00015665638028397252
W-2022-46,48,55,178,0.009653975485410565,564,-36,0.000984391949516869
W-2022-46,32,29,1395,0.009580978152622578,565,-273,0.00015916563991329874
W-2022-46,41,44,3449,0.009499153090874037,566,1313,0.004893183443696487
W-2022-46,54,57,146,0.009497788186312776,567,-91,-0.0019387798781566549
W-2022-46,29,32,1669,0.009444479025786993,568,-346,-0.00019362568755711823
W-2022-46,101,42,2459,0.00939252265053246,569,-981,-0.0010383892355522797
W-2022-46,21,65,25,0.009373828271466067,570,-19,-0.0022633047621229297
W-2022-46,88,35,170,0.009338606899582508,571,15,0.0010622292831792626
W-2022-46,54,41,143,0.00930262815508717,572,-91,-0.001989173225021887
W-2022-46,101,43,2419,0.00923973659684344,573,1072,0.0051553068554027
W-2022-46,58,55,58,0.009219519949133684,574,1,0.0017352762516546919
W-2022-46,65,20,78,0.00921876846708427,575,-27,-0.00023898689231043393
W-2022-46,9,44,15,0.009191176470588236,576,-5,0.00021048495734171495
W-2022-46,34,86,5,0.009174311926605505,577,-5,-0.0058632820583569
W-2022-46,81,89,17,0.00913978494623656,578,-2,0.0003189864318447304
W-2022-46,100,13,103,0.009045402652147186,579,-33,-0.004054192801522628
W-2022-46,74,78,17,0.009037745879851143,580,-16,-0.0033357074384840653
W-2022-46,11,24,105,0.009023719491234101,581,-20,-0.00010170027807528646
W-2022-46,65,73,76,0.008982389788441082,582,-33,-0.0008356610132162767
W-2022-46,60,49,498,0.008937063690038225,583,-683,-0.009213458079829756
W-2022-46,84,55,8,0.008928571428571428,584,-6,-0.0015898357840506607
W-2022-46,84,79,8,0.008928571428571428,585,-1,0.0021667382204572285
W-2022-46,97,67,75,0.008797653958944282,586,-41,-0.0008145435882880685
W-2022-46,67,79,139,0.008765844737339976,587,-156,-0.005144656512247424
W-2022-46,42,51,932,0.008700766451636996,588,405,0.0049956305849375195
W-2022-46,88,17,158,0.00867941111843551,589,-16,-0.0006114902057849092
W-2022-46,79,98,355,0.008624459452893446,590,-211,-0.0006261738722679495
W-2022-46,80,89,7,0.008610086100861008,591,-3,-0.0013204004929820903
W-2022-46,11,79,99,0.008508078377449295,592,-62,-0.003245462285421198
W-2022-46,33,41,102,0.00849645980841316,593,-54,-0.0010952765418081878
W-2022-46,72,70,36,0.008468595624558928,594,-1,0.0016040316171377772
W-2022-46,93,89,120,0.008438818565400843,595,-154,-0.006553521115054398
W-2022-46,71,10,1,0.008403361344537815,596,-2,-0.0003942926144064676
W-2022-46,71,11,1,0.008403361344537815,597,0,0.005470810024889721
W-2022-46,71,50,1,0.008403361344537815,598,0,0.005470810024889721
W-2022-46,71,81,1,0.008403361344537815,599,1,0.008403361344537815
W-2022-46,45,61,60,0.008389261744966443,600,14,0.0035750283593044855
W-2022-46,59,50,2886,0.008384733161532494,601,1371,0.004846642049264075
W-2022-46,11,78,97,0.008336198006187694,602,-10,0.0005248386836588575
W-2022-46,14,68,443,0.00830863873363592,603,49,0.002480236366772014
W-2022-46,64,15,42,0.00830860534124629,604,-18,-0.0025022054695645213
W-2022-46,96,84,2,0.008264462809917356,605,-1,-0.0028056478911896547
W-2022-46,100,70,94,0.008255027663124616,606,13,0.00045306272380656563
W-2022-46,92,11,66,0.008198757763975155,607,-29,-0.0016386658665519232
W-2022-46,1,8,8,0.008130081300813009,608,-2,-0.0009940062904278662
W-2022-46,63,75,15,0.008125677139761646,609,-11,-0.0030667464504234593
W-2022-46,77,11,30,0.008036431824270024,610,8,0.002540553732838597
W-2022-46,94,16,21,0.008024455483377914,611,11,0.0043000606975306145
W-2022-46,3,82,93,0.008004820106730934,612,-13,0.0001483125466953568
W-2022-46,10,38,28,0.00799543118218161,613,-20,-0.002649944732655382
W-2022-46,24,72,12,0.007978723404255319,614,3,0.002865087040618955
W-2022-46,101,62,2084,0.007960153397197904,615,-3358,-0.008541306627241965
W-2022-46,65,25,67,0.007918685734546745,616,-41,-0.0018092912065449506
W-2022-46,6,11,3,0.0079155672823219,617,2,0.006427472044226662
W-2022-46,6,89,3,0.0079155672823219,618,-4,-0.0025010993843447658
W-2022-46,16,92,8,0.00791295746785361,619,1,-0.0004005817245454398
W-2022-46,88,10,144,0.007910349373764008,620,15,0.0010222673575316287
W-2022-46,37,4,28,0.007907370799209263,621,-6,0.0013537856026017078
W-2022-46,42,49,846,0.007897906027988087,622,-1236,-0.0067398413618948525
W-2022-46,21,94,21,0.007874015748031496,623,-6,0.000733047750147338
W-2022-46,91,79,1758,0.007842332536312053,624,-667,-0.0011336968384380985
W-2022-46,84,10,7,0.0078125,625,4,0.005558555597295267
W-2022-46,2,70,3,0.0078125,626,1,0.003464673913043478
W-2022-46,70,63,44,0.007780725022104333,627,-14,-0.0017618876794422283
W-2022-46,8,20,21,0.007751937984496124,628,2,0.0012915503612387289
W-2022-46,55,42,2380,0.007745630878380577,629,-31,0.0015348667560406313
W-2022-46,43,61,471,0.007716504472623611,630,302,0.00578142689776817
W-2022-46,0,21,8,0.007707129094412331,631,5,0.005361546608094896
W-2022-46,92,82,62,0.007701863354037267,632,-41,-0.002963974898007882
W-2022-46,90,88,29,0.007653734494589602,633,-59,-0.01384113604766736
W-2022-46,30,29,201,0.007604418886198548,634,-26,0.0005835108075148907
W-2022-46,43,101,464,0.007601821815917953,635,-145,0.000628672448539468
W-2022-46,36,13,158,0.0075248845073105685,636,-53,-0.00016405944721169675
W-2022-46,86,10,9,0.007518796992481203,637,-4,-0.0010282115545273453
W-2022-46,18,77,60,0.007511266900350526,638,-43,-0.0013382906217733678
W-2022-46,77,97,28,0.007500669702652022,639,-10,-0.0019922106370931685
W-2022-46,48,60,138,0.007484542792059876,640,20,0.002704118225539053
W-2022-46,74,65,14,0.007442849548112706,641,0,0.0021935057160917086
W-2022-46,62,49,2796,0.007357062227169031,642,-4730,-0.007935365318707236
W-2022-46,9,43,12,0.007352941176470588,643,4,0.0037606645711719803
W-2022-46,98,67,92,0.007350591243208693,644,-16,-0.0002486206903685659
W-2022-46,34,75,4,0.007339449541284404,645,-1,-0.0001793474511967985
W-2022-46,36,11,154,0.007334381102062199,646,-43,0.00015560404499638785
W-2022-46,20,37,26,0.007334273624823695,647,-12,-0.0007165738328034233
W-2022-46,58,45,46,0.007312033063106025,648,33,0.005605100289996781
W-2022-46,73,25,31,0.007302709069493522,649,9,0.002879709471584395
W-2022-46,56,49,104,0.007281893292255986,650,-628,-0.034762908545768134
W-2022-46,70,72,41,0.007250221043324492,651,-1,0.0003400532249631886
W-2022-46,35,85,24,0.007183478000598623,652,17,0.004672717598876958
W-2022-46,35,92,24,0.007183478000598623,653,11,0.0025206372545441037
W-2022-46,42,44,766,0.007151059122268174,654,150,0.0028201982230520884
W-2022-46,79,89,294,0.007142510082114572,655,-170,-0.0004410479795018381
W-2022-46,47,60,262,0.007133133678192213,656,45,0.0022770266200531986
W-2022-46,23,11,3,0.007125890736342043,657,-1,2.109499921948508e-05
W-2022-46,23,88,3,0.007125890736342043,658,-4,-0.0053075018036224325
W-2022-46,11,92,82,0.007047095221725679,659,4,0.0013528332856766207
W-2022-46,28,29,1170,0.007042677421296575,660,-337,-0.0003383181070054043
W-2022-46,100,21,80,0.007025555457978397,661,-2,-0.0008727300361460492
W-2022-46,100,78,80,0.007025555457978397,662,0,-0.0006800889265332578
W-2022-46,59,42,2408,0.006995993573447764,663,-701,-0.000264683171134753
W-2022-46,4,100,104,0.00699018685307165,664,-7,-0.00022979493436167935
W-2022-46,77,89,26,0.006964907581034021,665,-3,-0.0002796589940346778
W-2022-46,11,82,81,0.006961155036094878,666,-11,0.0002448460858831686
W-2022-46,49,44,1525,0.00693062107454167,667,556,0.0035691074567690113
W-2022-46,54,62,106,0.006895654436638044,668,-90,-0.002562435608239628
W-2022-46,35,94,23,0.006884166417240347,669,5,0.00042792538424178163
W-2022-46,11,98,80,0.006875214850464077,670,-15,-6.0104174211057966e-05
W-2022-46,38,89,25,0.006858710562414266,671,-12,-0.0006296521172052443
W-2022-46,10,79,24,0.006853226727584237,672,-12,-0.0011308052085435066
W-2022-46,73,8,29,0.006831566548881037,673,11,0.003212748696046296
W-2022-46,0,14,7,0.00674373795761079,674,-5,-0.002638591987658953
W-2022-46,0,65,7,0.00674373795761079,675,6,0.0059618771288383115
W-2022-46,0,100,7,0.00674373795761079,676,-9,-0.005766035302748866
W-2022-46,9,55,11,0.006740196078431373,677,-3,0.0004537120191588093
W-2022-46,69,81,4,0.0067226890756302525,678,-1,0.0027825787525412064
W-2022-46,84,67,6,0.006696428571428571,679,-1,0.0014372249651175267
W-2022-46,60,59,371,0.006657932989968236,680,-272,-0.003224188515556838
W-2022-46,56,101,95,0.006651729449656911,681,-23,-0.00012598450783878144
W-2022-46,24,70,10,0.006648936170212766,682,2,0.0021034816247582208
W-2022-46,17,68,957,0.0065981343206403704,683,-312,-0.0009745943083317313
W-2022-46,35,21,22,0.006584854833882071,684,3,-0.00023006625650530323
W-2022-46,70,94,37,0.00654288240495137,685,3,0.0009489370281826962
W-2022-46,57,101,1097,0.00653555832255989,686,111,0.0019643946693378217
W-2022-46,47,55,239,0.006506942553770759,687,-92,-0.0009002990879067238
W-2022-46,101,55,1700,0.0064934072817833186,688,-1428,-0.0029914451541681528
W-2022-46,92,13,52,0.006459627329192546,689,-15,-0.00047834512602128784
W-2022-46,85,94,24,0.00642570281124498,690,-10,-0.004071364184741436
W-2022-46,41,55,2324,0.006400705069060964,691,-634,2.2213394739244857e-05
W-2022-46,19,50,956,0.006369426751592357,692,355,0.00330895571403666
W-2022-46,67,98,101,0.006369426751592357,693,-34,3.6041458489699876e-06
W-2022-46,72,0,27,0.006351446718419196,694,-10,-0.0005131172890019547
W-2022-46,72,88,27,0.006351446718419196,695,4,0.0020842853084006427
W-2022-46,44,61,287,0.006347170312050778,696,31,0.002097149559996324
W-2022-46,29,28,1120,0.006337816961582644,697,-235,-0.0001433899300209646
W-2022-46,90,100,24,0.006334125098970704,698,-7,-0.0012379315693243614
W-2022-46,64,74,32,0.006330365974282888,699,-13,-0.0017777421338252206
W-2022-46,12,44,80,0.006309645871125483,700,34,0.00279873150690628
W-2022-46,35,90,21,0.0062855432505237955,701,4,0.00018798227491403918
W-2022-46,95,18,3,0.006276150627615063,702,0,0.0010129927328782207
W-2022-46,95,71,3,0.006276150627615063,703,3,0.006276150627615063
W-2022-46,95,81,3,0.006276150627615063,704,-1,-0.0007413932320340603
W-2022-46,92,90,50,0.006211180124223602,705,-5,0.0005158296012868725
W-2022-46,7,23,6,0.006211180124223602,706,-4,-0.0017760403230607427
W-2022-46,7,79,6,0.006211180124223602,707,-4,-0.0017760403230607427
W-2022-46,88,11,113,0.006207426939134256,708,-6,-0.00014669523087855896
W-2022-46,61,48,888,0.0061809171144583345,709,409,0.0036096296455929216
W-2022-46,39,88,68,0.006178448119207705,710,52,0.005176004663283891
W-2022-46,33,62,74,0.006164098292378176,711,-43,-0.0010297039702878343
W-2022-46,85,72,23,0.006157965194109772,712,-3,-0.0018692036851739582
W-2022-46,80,61,5,0.006150061500615006,713,1,0.002177866863077767
W-2022-46,101,44,1602,0.0061190814502452215,714,-4,0.0012493010755207767
W-2022-46,67,89,97,0.0061171722267768175,715,-51,-0.0008616555187788951
W-2022-46,57,43,1025,0.006106606454534081,716,213,0.0023421187401159076
W-2022-46,1,64,6,0.006097560975609756,717,4,0.004272743457361582
W-2022-46,90,85,23,0.006070203219846925,718,-126,-0.03032452076647452
W-2022-46,101,49,1576,0.006019770515347359,719,-1060,-0.0019732189415478073
W-2022-46,17,13,869,0.005991409325638957,720,-286,-0.000901026896947944
W-2022-46,24,90,9,0.005984042553191489,721,6,0.004279497098646035
W-2022-46,4,92,89,0.0059819868261863154,722,-52,-0.003189341390283049
W-2022-46,64,82,30,0.005934718100890208,723,-13,-0.0018130296468575396
W-2022-46,37,8,21,0.005930528099406947,724,-3,0.001304467960625143
W-2022-46,55,43,1819,0.005919875028476584,725,982,0.003763753265557241
W-2022-46,4,24,88,0.005914773491060626,726,-2,6.0734203952521326e-05
W-2022-46,74,24,11,0.005847953216374269,727,8,0.0047230938237983406
W-2022-46,11,72,68,0.005843932622894466,728,0,0.0008797042683901584
W-2022-46,98,77,73,0.0058325343560242885,729,-4,0.00041457769967753917
W-2022-46,46,59,18,0.005784061696658098,730,5,0.0022781285790744944
W-2022-46,64,90,29,0.005736894164193867,731,-14,-0.0020108535835538805
W-2022-46,10,89,20,0.0057110222729868645,732,-18,-0.0027165669929257548
W-2022-46,11,88,66,0.005672052251632863,733,23,0.002532907850990434
W-2022-46,70,68,32,0.005658709106984969,734,-19,-0.0027322089581680413
W-2022-46,20,8,20,0.005641748942172073,735,2,0.0018281896201381748
W-2022-46,47,54,207,0.005635720119793085,736,96,0.0031517206568740497
W-2022-46,39,11,62,0.00563329093221879,737,3,0.0019367806884997246
W-2022-46,25,22,25,0.0056255625562556255,738,0,-9.395242887363583e-05
W-2022-46,88,79,102,0.005603164139749505,739,-25,-0.0011781259072389614
W-2022-46,54,43,86,0.005594587561800677,740,-5,0.001203331469536043
W-2022-46,52,62,135,0.0054895901106050745,741,-93,-0.0016041530834461377
W-2022-46,36,65,114,0.005429347049578512,742,-11,0.0008742854651458904
W-2022-46,42,53,581,0.005423975652790874,743,291,0.003385096333354729
W-2022-46,97,89,46,0.005395894428152493,744,-29,-0.000818888468764975
W-2022-46,81,10,10,0.005376344086021506,745,0,0.0007338185521310698
W-2022-46,98,80,67,0.005353147970597635,746,8,0.001201726636513762
W-2022-46,91,89,1199,0.005348667071125228,747,-333,-0.00032196262046950766
W-2022-46,64,21,27,0.005341246290801187,748,-9,-0.0011452401956852992
W-2022-46,24,3,8,0.005319148936170213,749,6,0.004182785299806577
W-2022-46,57,44,889,0.005296364037151998,750,405,0.003052506828065304
W-2022-46,90,73,20,0.005278437582475587,751,3,0.0011260194095395835
W-2022-46,6,7,2,0.005277044854881266,752,-1,0.0008127591405955523
W-2022-46,18,79,42,0.005257886830245368,753,-29,-0.0008422935976264423
W-2022-46,26,99,296,0.00522922003356594,754,98,0.0024525329858293603
W-2022-46,30,26,138,0.005220944309927361,755,-49,-0.0005627993496049909
W-2022-46,2,17,2,0.005208333333333333,756,2,0.005208333333333333
W-2022-46,98,89,65,0.005193352508788751,757,-11,-0.00015424107409894947
W-2022-46,72,3,22,0.0051752528816749,758,1,0.0012791489855710036
W-2022-46,11,39,60,0.005156411137848058,759,-9,0.00011917942518927579
W-2022-46,44,59,233,0.005152929208041224,760,-346,-0.004459422414769435
W-2022-46,18,80,41,0.005132699048572859,761,2,0.0017818957149531326
W-2022-46,70,3,29,0.005128205128205128,762,7,0.001508593413825398
W-2022-46,12,55,65,0.005126587270289455,763,35,0.0028368605110160616
W-2022-46,98,88,64,0.005113454777884308,764,5,0.0009620334438004349
W-2022-46,77,55,19,0.005089740155371015,765,-6,-0.001155575857619242
W-2022-46,35,70,17,0.0050882969170906915,766,-3,-0.002085304230685492
W-2022-46,85,65,19,0.0050870147255689425,767,2,-0.00016151877242426543
W-2022-46,22,63,42,0.005086593193653869,768,12,0.002070911649624919
W-2022-46,11,67,59,0.005070470952217257,769,6,0.0012012929700300763
W-2022-46,4,21,75,0.005041000134426671,770,-15,-0.0008130391526814341
W-2022-46,90,82,19,0.005014515703351808,771,-1,0.00012931785283886235
W-2022-46,86,88,6,0.005012531328320802,772,-2,-0.0002471662390690736
W-2022-46,86,101,6,0.005012531328320802,773,1,0.0017252203487021296
W-2022-46,11,90,58,0.004984530766586456,774,-18,-0.0005637244531536524
W-2022-46,83,70,3,0.004975124378109453,775,-5,-0.0061824767376506586
W-2022-46,94,0,13,0.004967520061138708,776,1,0.0004982463181219489
W-2022-46,16,13,5,0.004945598417408506,777,0,-0.0009926438628765294
W-2022-46,16,94,5,0.004945598417408506,778,-3,-0.004555589231047551
W-2022-46,80,81,4,0.004920049200492005,779,0,0.0009478545629547658
W-2022-46,80,88,4,0.004920049200492005,780,-1,-4.5194096429544174e-05
W-2022-46,21,39,13,0.004874390701162355,781,-25,-0.005175860555119052
W-2022-46,10,18,17,0.0048543689320388345,782,3,0.0017494676235447117
W-2022-46,65,70,41,0.004845762912185321,783,-6,0.0006122914655991201
W-2022-46,81,69,9,0.004838709677419355,784,9,0.004838709677419355
W-2022-46,42,43,518,0.004835833714536442,785,224,0.0027688319217287643
W-2022-46,100,88,55,0.004830069377360148,786,-21,-0.002490292787925924
W-2022-46,77,93,18,0.004821859094562015,787,13,0.0035727958919639633
W-2022-46,0,15,5,0.004816955684007707,788,3,0.0032532340264627498
W-2022-46,0,16,5,0.004816955684007707,789,-9,-0.0061290959188069925
W-2022-46,20,14,17,0.004795486600846262,790,-5,0.00013446965169371973
W-2022-46,70,39,27,0.004774535809018567,791,2,0.0006613406790416014
W-2022-46,45,41,34,0.0047539149888143175,792,-82,-0.007386325722854965
W-2022-46,23,55,2,0.004750593824228029,793,0,0.0011981959556667497
W-2022-46,23,80,2,0.004750593824228029,794,-3,-0.004130400847175168
W-2022-46,23,86,2,0.004750593824228029,795,2,0.004750593824228029
W-2022-46,23,95,2,0.004750593824228029,796,-1,-0.0005780029786138898
W-2022-46,72,22,20,0.004704775346977182,797,-22,-0.0030874324452306104
W-2022-46,43,44,286,0.004685605688259773,798,91,0.0024528238711188787
W-2022-46,78,11,61,0.0046822229045133555,799,-10,-2.0075260928064352e-05
W-2022-46,38,10,17,0.004663923182441701,800,-2,0.0008185477523668175
W-2022-46,62,53,1769,0.004654736437718889,801,465,0.0020050785158716063
W-2022-46,19,41,698,0.0046504810382965115,802,200,0.0021145166843818076
W-2022-46,11,85,54,0.004640770024063252,803,19,0.0020856524886566233
W-2022-46,17,82,671,0.004626278086885777,804,-88,9.696285490009941e-05
W-2022-46,4,90,68,0.004570506788546848,805,-2,1.7365120796099774e-05
W-2022-46,100,85,52,0.0045666110476859575,806,-43,-0.0045838416589216325
W-2022-46,88,74,83,0.004559437486266755,807,15,0.0009285105319737177
W-2022-46,88,90,83,0.004559437486266755,808,47,0.0026371820398763232
W-2022-46,14,3,243,0.004557560298585843,809,-25,0.0005930632571657249
W-2022-46,68,78,180,0.004552812626467017,810,-16,0.0006812076881954122
W-2022-46,64,70,23,0.004549950544015826,811,-67,-0.011666265672200391
W-2022-46,67,77,72,0.0045405814466796994,812,-27,-0.00012768846419878438
W-2022-46,46,41,14,0.004498714652956298,813,3,0.001532155861154788
W-2022-46,54,59,69,0.004488680718188915,814,-44,-0.0009641977260517838
W-2022-46,67,38,71,0.004477517815475815,815,-19,0.00023363607831355677
W-2022-46,60,53,249,0.004468531845019112,816,137,0.0027472291877581353
W-2022-46,84,97,4,0.004464285714285714,817,-14,-0.009059380701942685
W-2022-46,50,101,1279,0.004420618955779985,818,-534,-0.0009394011479909505
W-2022-46,67,97,70,0.00441445418427193,819,-22,7.626396406162222e-05
W-2022-46,65,1,37,0.004373005554898948,820,-2,0.0008601249928380582
W-2022-46,63,73,8,0.004333694474539545,821,0,0.0008898718314056661
W-2022-46,100,11,49,0.004303152718011767,822,9,0.0004503305257559402
W-2022-46,81,7,8,0.004301075268817204,823,0,0.0005870548417048552
W-2022-46,9,42,7,0.00428921568627451,824,3,0.002493077383625206
W-2022-46,74,3,8,0.004253056884635832,825,-1,0.0008784787069080484
W-2022-46,36,68,89,0.0042387007667762065,826,-37,-0.0003528013103318763
W-2022-46,98,55,53,0.004234579737935442,827,-8,-5.7567743066528135e-05
W-2022-46,98,84,53,0.004234579737935442,828,25,0.002264413681082079
W-2022-46,72,21,18,0.004234297812279464,829,-3,0.0003381939161755678
W-2022-46,72,82,18,0.004234297812279464,830,-13,-0.0015170936533977159
W-2022-46,90,13,16,0.00422275006598047,831,-23,-0.005303385742519774
W-2022-46,55,61,1292,0.004204771048263742,832,437,0.0020022810753891453
W-2022-46,94,21,11,0.004203286205578907,833,-14,-0.005107700759039343
W-2022-46,94,78,11,0.004203286205578907,834,-5,-0.0017557454517767726
W-2022-46,94,100,11,0.004203286205578907,835,1,0.00047889141973160706
W-2022-46,95,93,2,0.0041841004184100415,836,-2,-0.0028334434412390815
W-2022-46,86,96,5,0.004177109440267335,837,-2,-0.0004251259311988057
W-2022-46,43,55,254,0.004161342114748189,838,-11,0.0011270488760695384
W-2022-46,78,92,54,0.004144918636782315,839,-49,-0.0026767251806890406
W-2022-46,7,81,4,0.004140786749482402,840,2,0.002543342660025533
W-2022-46,96,7,1,0.004132231404958678,841,1,0.004132231404958678
W-2022-46,96,59,1,0.004132231404958678,842,1,0.004132231404958678
W-2022-46,96,63,1,0.004132231404958678,843,1,0.004132231404958678
W-2022-46,96,80,1,0.004132231404958678,844,1,0.004132231404958678
W-2022-46,96,81,1,0.004132231404958678,845,0,0.0004421945045896742
W-2022-46,96,95,1,0.004132231404958678,846,0,0.0004421945045896742
W-2022-46,21,24,11,0.004124484439445069,847,6,0.0028020829583554107
W-2022-46,97,79,35,0.004105571847507331,848,-29,-0.0011977095578622407
W-2022-46,1,37,4,0.0040650406504065045,849,3,0.003152631891282417
W-2022-46,1,83,4,0.0040650406504065045,850,2,0.0022402231321583294
W-2022-46,25,37,18,0.004050405040504051,851,-23,-0.005329599535107937
W-2022-46,67,18,64,0.004036072397048622,852,-33,-0.0005378890307818109
W-2022-46,54,61,62,0.004033307311995837,853,22,0.0021030848538575366
W-2022-46,77,84,15,0.004018215912135012,854,-9,-0.0019772874603356354
W-2022-46,18,97,32,0.00400600901352028,855,0,0.0012566319192681965
W-2022-46,72,64,17,0.0039990590449306045,856,-6,-0.0002681023650879487
W-2022-46,78,70,52,0.003991403131716303,857,-3,0.0003487777922898507
W-2022-46,24,17,6,0.003989361702127659,858,-7,-0.003397001934235977
W-2022-46,24,21,6,0.003989361702127659,859,0,0.0005802707930367503
W-2022-46,27,66,31,0.003962167689161554,860,-8,0.0023044273168075628
W-2022-46,62,50,1505,0.003960078201677179,861,-184,0.0005281209700820403
W-2022-46,44,55,179,0.00395868810403167,862,-132,-0.0012044230439719828
W-2022-46,16,73,4,0.003956478733926805,863,4,0.003956478733926805
W-2022-46,37,3,14,0.003953685399604632,864,8,0.002797170364909181
W-2022-46,68,100,156,0.003945770942938082,865,-14,0.0005877462515800572
W-2022-46,57,50,661,0.0039380164550702704,866,49,0.0011007424634151938
W-2022-46,13,64,185,0.003895392908279289,867,3,0.00043288125559584265
W-2022-46,35,100,13,0.0038910505836575876,868,-20,-0.007945391310173116
W-2022-46,44,42,175,0.0038702258000309618,869,-166,-0.0017909346548540717
W-2022-46,52,42,95,0.0038630448926480158,870,-60,-0.0009594559629569751
W-2022-46,36,1,81,0.0038576939562794685,871,25,0.0018170263664536541
W-2022-46,92,74,31,0.0038509316770186336,872,-28,-0.0022586261566771315
W-2022-46,41,59,1395,0.0038420755470482118,873,-517,-0.0002808710659683968
W-2022-46,25,73,17,0.003825382538253825,874,-34,-0.007842428031409866
W-2022-46,51,49,10,0.0038109756097560975,875,-41,-0.010967349513396611
W-2022-46,3,68,44,0.003787226717163023,876,3,0.0007483888873379414
W-2022-46,72,13,16,0.0037638202775817455,877,-11,-0.001245456160266121
W-2022-46,72,94,16,0.0037638202775817455,878,5,0.001723003951051133
W-2022-46,81,11,7,0.003763440860215054,879,-2,-0.000414832120286339
W-2022-46,81,18,7,0.003763440860215054,880,-2,-0.000414832120286339
W-2022-46,42,48,403,0.0037622412875640654,881,-125,5.0074802521705986e-05
W-2022-46,66,32,889,0.0037549206778286505,882,-23,0.0007047942581152019
W-2022-46,92,100,30,0.0037267080745341614,883,0,0.0006201532438413998
W-2022-46,39,75,41,0.003725240777757587,884,-41,-0.0014122819338519615
W-2022-46,74,73,7,0.003721424774056353,885,2,0.0018466591197631396
W-2022-46,13,88,176,0.0037058873073359724,886,-5,0.0002624004439529845
W-2022-46,80,97,3,0.0036900369003690036,887,1,0.001703939581600384
W-2022-46,88,82,67,0.003680509778070754,888,32,0.0018116503163022788
W-2022-46,30,28,97,0.0036697941888619856,889,-30,-0.00025820284194340813
W-2022-46,101,19,960,0.0036668652885364626,890,-501,-0.0007632400212222016
W-2022-46,22,35,30,0.0036332808526099067,891,5,0.0011202128992524479
W-2022-46,57,49,605,0.0036043872243835305,892,-827,-0.003034463030600243
W-2022-46,55,62,1106,0.003599440231718033,893,-789,-0.0012821018719046122
W-2022-46,35,25,12,0.0035917390002993114,894,-2,-0.0014297818031440168
W-2022-46,89,91,537,0.0035866232976897337,895,-288,-6.47885815702469e-05
W-2022-46,93,98,51,0.003586497890295359,896,-3,0.0006318032087457856
W-2022-46,27,32,28,0.0035787321063394683,897,12,0.002898633492040395
W-2022-46,11,94,41,0.0035235476108628396,898,6,0.0009684300754562109
W-2022-46,4,88,52,0.003495093426535825,899,-27,-0.0016434521699257337
W-2022-46,62,60,1328,0.0034943414297855767,900,-12,0.0007715334426112216
W-2022-46,67,80,55,0.0034684997162136594,901,-5,0.0006392452247721541
W-2022-46,78,39,45,0.0034540988639852623,902,-14,-0.0004534446819449314
W-2022-46,90,3,13,0.003430984428609132,903,4,0.0012326453958783064
W-2022-46,65,8,29,0.0034274908403262028,904,-7,0.00018483185996230438
W-2022-46,33,49,41,0.0034152436484798,905,-2,0.0007713676032264799
W-2022-46,60,50,190,0.003409723094592897,906,16,0.0007355564663481646
W-2022-46,97,55,29,0.003401759530791789,907,-10,0.00017007242439470585
W-2022-46,78,3,44,0.0033773411114522566,908,-2,0.0003307817366592241
W-2022-46,21,16,9,0.003374578177727784,909,3,0.0017876964004201934
W-2022-46,69,93,2,0.0033613445378151263,910,-1,0.0009972783439616984
W-2022-46,84,41,3,0.0033482142857142855,911,-5,-0.002662304121498337
W-2022-46,84,80,3,0.0033482142857142855,912,-2,-0.00040835971879360326
W-2022-46,84,81,3,0.0033482142857142855,913,-5,-0.002662304121498337
W-2022-46,58,12,21,0.0033381020505484026,914,11,0.002025076840464369
W-2022-46,44,43,150,0.0033173364000265385,915,-9,0.0006776750735552179
W-2022-46,83,14,2,0.003316749585406302,916,0,0.0005273493064662741
W-2022-46,83,21,2,0.003316749585406302,917,1,0.001922049445936288
W-2022-46,83,68,2,0.003316749585406302,918,1,0.001922049445936288
W-2022-46,59,62,1141,0.0033149620711394926,919,-2119,-0.004298356097834135
W-2022-46,65,14,28,0.0033093015010046095,920,4,0.0011475288474286772
W-2022-46,82,78,54,0.003297911322828875,921,-12,-0.0007593825850828483
W-2022-46,4,72,49,0.003293453421158758,922,-29,-0.0017800472943349322
W-2022-46,35,68,11,0.0032924274169410356,923,4,0.0007816670152193715
W-2022-46,14,11,174,0.003263438238493567,924,-17,0.0004379944515113185
W-2022-46,63,101,6,0.0032502708559046588,925,0,0.0006674038735542498
W-2022-46,88,70,59,0.003241045923972753,926,10,0.0006246426774968879
W-2022-46,81,97,6,0.0032258064516129032,927,-2,-0.0004882139754994459
W-2022-46,61,60,462,0.0032157474176573767,928,175,0.001675122149255762
W-2022-46,77,23,12,0.0032145727297080095,929,1,0.0004666336839922961
W-2022-46,77,81,12,0.0032145727297080095,930,-5,-0.0010322421591253653
W-2022-46,85,15,12,0.00321285140562249,931,3,0.00043421602433196815
W-2022-46,74,100,6,0.003189792663476874,932,-6,-0.0013096449068268384
W-2022-46,88,22,58,0.0031861129422105033,933,-21,-0.0010321698429240542
W-2022-46,33,50,38,0.003165347771761766,934,12,0.0015667250467248746
W-2022-46,49,55,693,0.003149456003054018,935,-405,-0.0006595656195614408
W-2022-46,18,89,25,0.003129694541812719,936,-49,-0.003228239988645224
W-2022-46,43,59,191,0.0031291982043972605,937,-67,0.0001750561078723849
W-2022-46,53,57,56,0.0031201248049922,938,6,0.0007367890883231499
W-2022-46,3,78,36,0.0030986400413152006,939,-9,-0.00023666977190744997
W-2022-46,67,93,49,0.003090117928990351,940,-27,-0.0004936044268355555
W-2022-46,88,72,56,0.0030762469786860033,941,6,0.0004064477475881818
W-2022-46,53,62,55,0.003064408290617339,942,-204,-0.00928127072172834
W-2022-46,9,57,5,0.0030637254901960784,943,-1,0.0003695180362221222
W-2022-46,94,65,8,0.003056935422239205,944,-3,-0.0010398988421928246
W-2022-46,36,83,64,0.003048054483973901,945,-11,0.00031501753331432793
W-2022-46,48,45,56,0.0030372057706909645,946,15,0.0013762107941879666
W-2022-46,48,50,56,0.0030372057706909645,947,-6,0.0005254572696376508
W-2022-46,38,97,11,0.003017832647462277,948,-9,-0.0010299309631428633
W-2022-46,70,35,17,0.003006189213085765,949,-2,-0.00011983908569672928
W-2022-46,70,82,17,0.003006189213085765,950,-3,-0.00028436689089580795
W-2022-46,92,65,24,0.0029813664596273293,951,-32,-0.0028175358909991594
W-2022-46,16,74,3,0.002967359050445104,952,0,-0.0005955863177259176
W-2022-46,32,66,431,0.0029601445045020296,953,-112,-0.00010702827391591936
W-2022-46,98,71,37,0.0029562160434643656,954,-3,0.00014169310510241812
W-2022-46,65,13,25,0.0029547334830398297,955,-8,-1.7703915627077186e-05
W-2022-46,8,1,8,0.0029531192321889995,956,4,0.0015930376272927057
W-2022-46,26,66,167,0.002950269410829432,957,57,0.0014076654954202211
W-2022-46,77,69,11,0.0029466916688990086,958,-1,-5.106001733631502e-05
W-2022-46,97,77,25,0.002932551319648094,959,-4,0.0005295019328400061
W-2022-46,40,101,7,0.0029251984956122023,960,-7,-0.0012402284606508143
W-2022-46,39,4,32,0.002907504997274214,961,22,0.0022809778373218304
W-2022-46,42,12,310,0.002894031759664666,962,155,0.001804285916517761
W-2022-46,46,49,9,0.002892030848329049,963,0,0.00046484638230963153
W-2022-46,46,101,9,0.002892030848329049,964,-2,-7.452794347246163e-05
W-2022-46,0,35,3,0.002890173410404624,965,-4,-0.0025828523910027255
W-2022-46,0,85,3,0.002890173410404624,966,-28,-0.021347512281542212
W-2022-46,0,88,3,0.002890173410404624,967,-20,-0.01509262565136238
W-2022-46,14,17,154,0.0028883303949885594,968,-36,7.767950741459492e-05
W-2022-46,62,54,1095,0.0028812529108548242,969,350,0.0013674529478362462
W-2022-46,92,94,23,0.002857142857142857,970,-3,0.0001647953372091301
W-2022-46,53,59,51,0.002841542233117896,971,14,0.001077873802782799
W-2022-46,101,54,743,0.002838000947273533,972,42,0.0007123994263010321
W-2022-46,11,3,33,0.0028360261258164317,973,-26,-0.0014711720052975994
W-2022-46,72,85,12,0.0028228652081863093,974,-1,0.0004109913677410402
W-2022-46,88,21,51,0.0028015820698747526,975,5,0.00034536677726475706
W-2022-46,87,4,5,0.0027824151363383415,976,-4,-0.0009551263919008613
W-2022-46,87,88,5,0.0027824151363383415,977,-1,0.00029072078417887327
W-2022-46,87,101,5,0.0027824151363383415,978,-3,-0.0005398439998742831
W-2022-46,60,54,155,0.002781616208746837,979,43,0.0010603135514858598
W-2022-46,64,78,14,0.0027695351137487635,980,-164,-0.029302536958323307
W-2022-46,78,35,36,0.00276327909118821,981,3,0.000577703887532339
W-2022-46,49,52,598,0.00271771239513175,982,-668,-0.001674110350069681
W-2022-46,50,59,782,0.0027028334819546116,983,234,0.001082706059524125
W-2022-46,27,28,21,0.0026840490797546013,984,-4,0.0016213949949122992
W-2022-46,77,95,10,0.002678810608090008,985,-4,-0.0008185663591845365
W-2022-46,24,0,4,0.0026595744680851063,986,1,0.0009550290135396519
W-2022-46,24,20,4,0.0026595744680851063,987,-3,-0.0013176982591876205
W-2022-46,24,94,4,0.0026595744680851063,988,3,0.0020913926499032884
W-2022-46,74,82,5,0.002658160552897395,989,-2,3.348863688689644e-05
W-2022-46,74,83,5,0.002658160552897395,990,4,0.0022832074220387522
W-2022-46,49,59,584,0.002654087021332679,991,250,0.0014954228847629493
W-2022-46,6,18,1,0.002638522427440633,992,-2,-0.0018257632868450809
W-2022-46,6,23,1,0.002638522427440633,993,1,0.002638522427440633
W-2022-46,6,38,1,0.002638522427440633,994,-5,-0.006290049001130795
W-2022-46,6,93,1,0.002638522427440633,995,1,0.002638522427440633
W-2022-46,39,64,29,0.0026349264037797567,996,21,0.0021337046758178498
W-2022-46,13,100,125,0.002632022235323844,997,-9,8.270046906240546e-05
W-2022-46,18,55,21,0.002628943415122684,998,-14,-0.00037818778171553246
W-2022-46,21,3,7,0.0026246719160104987,999,-8,-0.0013425325272584778
W-2022-46,92,39,21,0.0026086956521739132,1000,-22,-0.0018440329384857117
W-2022-46,2,25,1,0.0026041666666666665,1001,1,0.0026041666666666665
W-2022-46,2,35,1,0.0026041666666666665,1002,0,0.0004302536231884056
W-2022-46,2,37,1,0.0026041666666666665,1003,1,0.0026041666666666665
W-2022-46,2,72,1,0.0026041666666666665,1004,0,0.0004302536231884056
W-2022-46,2,74,1,0.0026041666666666665,1005,-2,-0.003917572463768115
W-2022-46,2,87,1,0.0026041666666666665,1006,-1,-0.0017436594202898553
W-2022-46,2,94,1,0.0026041666666666665,1007,1,0.0026041666666666665
W-2022-46,65,37,22,0.0026001654650750503,1008,-19,-0.0010928628181171673
W-2022-46,66,26,614,0.0025933872847995407,1009,-169,-2.530677949391354e-05
W-2022-46,73,16,11,0.002591283863368669,1010,4,0.001183965809488492
W-2022-46,49,62,570,0.002590461647533608,1011,-742,-0.001960937595518744
W-2022-46,13,11,123,0.0025899098795586625,1012,0,0.0002498607956022674
W-2022-46,72,24,11,0.00258762644083745,1013,4,0.0012889251421361512
W-2022-46,3,11,30,0.0025822000344293337,1014,-20,-0.0011236997580402778
W-2022-46,64,65,13,0.0025717111770524235,1015,-24,-0.004094955489614244
W-2022-46,10,97,9,0.002569960022844089,1016,-1,0.0003521733739197154
W-2022-46,14,78,137,0.0025694887280093026,1017,-38,-1.926866844040179e-05
W-2022-46,15,64,31,0.0025687769307258866,1018,13,0.001022650835553236
W-2022-46,61,47,369,0.0025684216387782946,1019,173,0.0015162873091381674
W-2022-46,4,64,38,0.0025541067347761796,1020,-12,-0.0006981373136172118
W-2022-46,100,92,29,0.002546763853517169,1021,13,0.0010056349766148379
W-2022-46,44,56,115,0.0025432912400203465,1022,-61,-0.00037859802701709034
W-2022-46,47,11,93,0.0025319901987476178,1023,-6,0.00031653121830631627
W-2022-46,68,92,100,0.002529340348037232,1024,-27,2.0698372728590163e-05
W-2022-46,56,59,36,0.002520655370396303,1025,-51,-0.0024764727169098427
W-2022-46,82,3,41,0.0025039697080737754,1026,18,0.0010900642553166597
W-2022-46,65,17,21,0.002481976125753457,1027,-9,-0.00022023969121645831
W-2022-46,47,49,91,0.002477538796624013,1028,-7,0.00028445818972252243
W-2022-46,70,8,14,0.002475685234305924,1029,11,0.001982101818708688
W-2022-46,88,100,45,0.0024719841793012527,1030,9,0.0005497287329108212
W-2022-46,80,55,2,0.0024600246002460025,1031,-2,-0.0015121700372912367
W-2022-46,9,58,4,0.0024509803921568627,1032,-2,-0.00024322706181709348
W-2022-46,59,60,843,0.002449178813295874,1033,123,0.000767709769841576
W-2022-46,29,99,432,0.002444586542324734,1034,-294,-0.0010280010615898194
W-2022-46,49,60,536,0.0024359428825930065,1035,29,0.00067713235193177
W-2022-46,55,54,747,0.002431086666449702,1036,278,0.0012229371959488998
W-2022-46,22,72,20,0.0024221872350732713,1037,8,0.0012159146174616912
W-2022-46,17,78,351,0.0024200053777897286,1038,-121,-0.00039664388373496185
W-2022-46,85,3,9,0.0024096385542168677,1039,-4,-0.0016039458854249975
W-2022-46,85,13,9,0.0024096385542168677,1040,-9,-0.003147632208364176
W-2022-46,11,64,28,0.0024063251976624267,1041,-11,-0.0004408057703621025
W-2022-46,41,42,867,0.002387870608810609,1042,-298,-0.00012428043939250203
W-2022-46,26,28,135,0.002384948326119601,1043,-5,0.00042163425196242374
W-2022-46,23,6,1,0.0023752969121140144,1044,1,0.0023752969121140144
W-2022-46,23,29,1,0.0023752969121140144,1045,0,0.0005990979778333749
W-2022-46,23,48,1,0.0023752969121140144,1046,1,0.0023752969121140144
W-2022-46,23,50,1,0.0023752969121140144,1047,0,0.0005990979778333749
W-2022-46,23,61,1,0.0023752969121140144,1048,0,0.0005990979778333749
W-2022-46,23,69,1,0.0023752969121140144,1049,0,0.0005990979778333749
W-2022-46,23,71,1,0.0023752969121140144,1050,0,0.0005990979778333749
W-2022-46,64,16,12,0.002373887240356083,1051,6,0.001292806159275002
W-2022-46,64,72,12,0.002373887240356083,1052,0,0.0002117250781939208
W-2022-46,64,92,12,0.002373887240356083,1053,-6,-0.0008693560028871601
W-2022-46,64,100,12,0.002373887240356083,1054,-6,-0.0008693560028871601
W-2022-46,72,92,10,0.002352387673488591,1055,-11,-0.0015437162226153052
W-2022-46,53,50,42,0.00234009360374415,1056,-7,4.42460140848101e-06
W-2022-46,70,24,13,0.0022988505747126436,1057,0,0.00015998910712462138
W-2022-46,36,37,48,0.002286040862980426,1058,-14,2.6730317101845633e-05
W-2022-46,82,11,37,0.0022596799804568217,1059,18,0.0010916711281792045
W-2022-46,68,11,89,0.0022511129097531365,1060,4,0.0005721005640741241
W-2022-46,21,82,6,0.0022497187851518562,1061,-1,0.0003983567116263339
W-2022-46,45,55,16,0.0022371364653243847,1062,-51,-0.0047748991181397705
W-2022-46,44,48,101,0.0022336731760178694,1063,-68,-0.0005720045860805783
W-2022-46,84,86,2,0.002232142857142857,1064,-6,-0.0037783755500697654
W-2022-46,84,101,2,0.002232142857142857,1065,1,0.0014808280562412792
W-2022-46,87,35,4,0.0022259321090706734,1066,1,0.0009800849329909393
W-2022-46,8,83,6,0.0022148394241417496,1067,-1,-0.00016530338442676462
W-2022-46,8,92,6,0.0022148394241417496,1068,-4,-0.0011853645880989848
W-2022-46,38,55,8,0.0021947873799725653,1069,0,0.0005756819357305089
W-2022-46,63,78,4,0.0021668472372697724,1070,1,0.0008754137460945679
W-2022-46,81,95,4,0.002150537634408602,1071,-3,-0.0010992302393147031
W-2022-46,11,100,25,0.002148504640770024,1072,-1,0.0002504173287536714
W-2022-46,54,12,33,0.002146760343481655,1073,-14,-0.00012125104483084797
W-2022-46,82,85,35,0.002137535116648345,1074,29,0.0017686902159290974
W-2022-46,82,94,35,0.002137535116648345,1075,24,0.0014613194653297244
W-2022-46,12,62,27,0.0021295054815048506,1076,11,0.0009083178765590407
W-2022-46,65,92,18,0.0021274081077886776,1077,-17,-0.001025177012009557
W-2022-46,97,101,18,0.0021114369501466276,1078,6,0.0011170716866398327
W-2022-46,90,35,8,0.002111375032990235,1079,1,0.0004015557853107041
W-2022-46,55,44,648,0.0021088944576431153,1080,40,0.0005426793658211795
W-2022-46,100,3,24,0.002107666637393519,1081,-10,-0.0011672322260239346
W-2022-46,36,20,44,0.002095537457732057,1082,-29,-0.0005646185075765943
W-2022-46,35,74,7,0.0020951810835079317,1083,-7,-0.0029263397199353965
W-2022-46,95,10,1,0.0020920502092050207,1084,1,0.0020920502092050207
W-2022-46,95,23,1,0.0020920502092050207,1085,1,0.0020920502092050207
W-2022-46,95,88,1,0.0020920502092050207,1086,1,0.0020920502092050207
W-2022-46,95,89,1,0.0020920502092050207,1087,-3,-0.004925493650444103
W-2022-46,95,101,1,0.0020920502092050207,1088,0,0.00033766424429274
W-2022-46,4,70,31,0.002083613388896357,1089,-31,-0.0019491692311114478
W-2022-46,4,74,31,0.002083613388896357,1090,-10,-0.0005832267307862237
W-2022-46,52,55,51,0.0020738451528952507,1091,-23,-0.00022851009429680942
W-2022-46,7,18,2,0.002070393374741201,1092,-1,-0.00032577275944410244
W-2022-46,58,9,13,0.0020664441265299633,1093,0,0.00035951135342071963
W-2022-46,55,59,634,0.002063331923064406,1094,-370,-0.0005229837877731326
W-2022-46,12,59,26,0.002050634908115782,1095,-48,-0.003597357764758588
W-2022-46,14,13,109,0.0020443377471022917,1096,-58,-0.00042607645408114037
W-2022-46,93,79,29,0.002039381153305204,1097,10,0.0009997663579451688
W-2022-46,1,13,2,0.0020325203252032522,1098,1,0.0011201115660791647
W-2022-46,1,90,2,0.0020325203252032522,1099,1,0.0011201115660791647
W-2022-46,42,57,217,0.002025822231765266,1100,28,0.0006970353649603303
W-2022-46,18,71,16,0.00200300450676014,1101,3,0.000886070062220231
W-2022-46,13,78,95,0.0020003368988461214,1102,-27,-0.00032068739580981553
W-2022-46,91,98,448,0.0019985011241568824,1103,-80,4.4132666479323665e-05
W-2022-46,24,74,3,0.0019946808510638296,1104,-1,-0.000278046421663443
W-2022-46,24,85,3,0.0019946808510638296,1105,1,0.0008583172147001933
W-2022-46,24,92,3,0.0019946808510638296,1106,0,0.00029013539651837517
W-2022-46,24,100,3,0.0019946808510638296,1107,1,0.0008583172147001933
W-2022-46,97,86,17,0.001994134897360704,1108,-2,0.00041972323014161203
W-2022-46,92,4,16,0.001987577639751553,1109,-2,0.0001236447413358959
W-2022-46,92,21,16,0.001987577639751553,1110,-7,-0.0003941143971128978
W-2022-46,64,36,10,0.0019782393669634025,1111,3,0.0007169781057021413
W-2022-46,16,17,2,0.0019782393669634025,1112,1,0.0007905909109063953
W-2022-46,16,83,2,0.0019782393669634025,1113,1,0.0007905909109063953
W-2022-46,16,98,2,0.0019782393669634025,1114,2,0.0019782393669634025
W-2022-46,16,100,2,0.0019782393669634025,1115,2,0.0019782393669634025
W-2022-46,16,101,2,0.0019782393669634025,1116,-2,-0.002772354457264626
W-2022-46,12,101,25,0.0019717643347267133,1117,9,0.0007505767297809034
W-2022-46,79,67,81,0.0019678344103785045,1118,-40,-9.774480689567731e-06
W-2022-46,49,42,431,0.0019587525790999735,1119,-117,5.771082209335117e-05
W-2022-46,45,44,14,0.0019574944071588368,1120,-41,-0.003798654206132634
W-2022-46,67,95,31,0.0019549725673204264,1121,-25,-0.0006856649580249783
W-2022-46,54,89,30,0.00195160031225605,1122,-240,-0.011077401280177477
W-2022-46,53,55,35,0.0019500780031201249,1123,-7,-5.192399888187711e-05
W-2022-46,70,100,11,0.0019451812555260832,1124,-4,-0.0005227358224600964
W-2022-46,46,42,6,0.0019280205655526992,1125,3,0.0011189590768795601
W-2022-46,46,55,6,0.0019280205655526992,1126,-1,4.021042531537444e-05
W-2022-46,0,20,2,0.0019267822736030828,1127,2,0.0019267822736030828
W-2022-46,0,73,2,0.0019267822736030828,1128,-3,-0.001982521870259309
W-2022-46,44,60,87,0.0019240551120153924,1129,-193,-0.0027244050855441656
W-2022-46,68,39,76,0.0019222986645082963,1130,-23,-3.325689104725915e-05
W-2022-46,38,18,7,0.0019204389574759945,1131,-20,-0.0035440419168409456
W-2022-46,66,30,454,0.00191758603794624,1132,-47,0.00024202316922207587
W-2022-46,33,61,23,0.0019158683881715952,1133,-17,-0.0005435511888082377
W-2022-46,94,83,5,0.0019105846388995033,1134,1,0.0004208267245605834
W-2022-46,51,56,5,0.0019054878048780487,1135,1,0.0007464034814935224
W-2022-46,3,13,22,0.0018936133585815114,1136,1,0.0003371354457442745
W-2022-46,62,56,719,0.0018918911807348116,1137,-41,0.0003476120238299534
W-2022-46,11,1,22,0.0018906840838776211,1138,0,0.00028461020447916887
W-2022-46,11,8,22,0.0018906840838776211,1139,-5,-8.040658629320657e-05
W-2022-46,11,77,22,0.0018906840838776211,1140,-8,-0.00029941666075663197
W-2022-46,89,55,282,0.001883478156328687,1141,-55,0.0003919317280733981
W-2022-46,77,101,7,0.0018751674256630056,1142,-1,-0.00012333369849387688
W-2022-46,85,24,7,0.0018741633199464524,1143,1,2.1739732419438036e-05
W-2022-46,32,31,270,0.0018543828682495312,1144,-29,0.00016546084109121304
W-2022-46,90,8,7,0.0018474531538664556,1145,0,0.0001376339061869246
W-2022-46,68,14,73,0.0018464184540671793,1146,-25,-8.938401506862308e-05
W-2022-46,8,85,5,0.0018456995201181247,1147,0,0.00014559751399775746
W-2022-46,61,56,265,0.001844530445193084,1148,-68,5.697569126368444e-05
W-2022-46,100,74,21,0.0018442083077193291,1149,-1,-0.0002748438980213759
W-2022-46,59,45,634,0.0018419684076270277,1150,388,0.0012674664844468091
W-2022-46,9,52,3,0.001838235294117647,1151,1,0.0009401661427929951
W-2022-46,9,54,3,0.001838235294117647,1152,0,0.0004911315671306689
W-2022-46,34,38,1,0.001834862385321101,1153,1,0.001834862385321101
W-2022-46,34,65,1,0.001834862385321101,1154,1,0.001834862385321101
W-2022-46,34,73,1,0.001834862385321101,1155,-1,-0.0011726564116713804
W-2022-46,34,76,1,0.001834862385321101,1156,1,0.001834862385321101
W-2022-46,34,88,1,0.001834862385321101,1157,-4,-0.005683934607160102
W-2022-46,34,89,1,0.001834862385321101,1158,0,0.00033110298682486033
W-2022-46,54,49,28,0.0018214936247723133,1159,-38,-0.0013633734311558825
W-2022-46,45,56,13,0.0018176733780760625,1160,9,0.0013990443880185011
W-2022-46,4,85,27,0.0018147600483936013,1161,-7,-0.00039676590451390484
W-2022-46,11,25,21,0.0018047438982468202,1162,3,0.0004906834514662682
W-2022-46,17,4,261,0.0017994911783564646,1163,-49,-5.0426768831361756e-05
W-2022-46,35,0,6,0.0017958695001496557,1164,-7,-0.0028669712459048636
W-2022-46,64,35,9,0.0017804154302670622,1165,5,0.0010596947095463415
W-2022-46,65,68,15,0.0017728400898238978,1166,-3,0.0001515105996419486
W-2022-46,42,47,189,0.0017644258147632961,1167,-44,0.00012629174087149734
W-2022-46,100,82,20,0.0017563888644945992,1168,13,0.0010821449808498295
W-2022-46,52,9,43,0.0017485361093038387,1169,2,0.00047290685072445414
W-2022-46,58,47,11,0.0017485296455253536,1170,-23,-0.0027157560687603604
W-2022-46,43,62,106,0.0017366230872571185,1171,-370,-0.0037136545791996286
W-2022-46,55,91,532,0.0017313763139909526,1172,-279,-0.0003577691456596889
W-2022-46,79,55,71,0.001724891890578689,1173,-22,0.00020491150322884846
W-2022-46,11,97,20,0.0017188037126160192,1174,-6,-0.00017928359940033354
W-2022-46,36,8,36,0.0017145306472353193,1175,-53,-0.0015286732008807074
W-2022-46,10,41,6,0.0017133066818960593,1176,-2,-6.092263724343937e-05
W-2022-46,10,86,6,0.0017133066818960593,1177,-1,0.0001608560276489979
W-2022-46,55,89,523,0.0017020861131903538,1178,-427,-0.000745124967781421
W-2022-46,61,53,244,0.0016983601080268397,1179,91,0.0008770511670322508
W-2022-46,37,24,6,0.0016944365998305564,1180,1,0.0007306740709176805
W-2022-46,17,11,245,0.0016891775429016623,1181,-34,2.4251390432618617e-05
W-2022-46,44,49,76,0.0016807837760134464,1182,-115,-0.001490130144464681
W-2022-46,69,23,1,0.0016806722689075631,1183,1,0.0016806722689075631
W-2022-46,69,25,1,0.0016806722689075631,1184,1,0.0016806722689075631
W-2022-46,69,37,1,0.0016806722689075631,1185,1,0.0016806722689075631
W-2022-46,69,48,1,0.0016806722689075631,1186,0,0.0008926502042897538
W-2022-46,69,55,1,0.0016806722689075631,1187,-2,-0.0006833939249458647
W-2022-46,69,60,1,0.0016806722689075631,1188,1,0.0016806722689075631
W-2022-46,69,89,1,0.0016806722689075631,1189,-1,0.00010462813967194442
W-2022-46,69,97,1,0.0016806722689075631,1190,-3,-0.0014714159895636743
W-2022-46,56,42,24,0.0016804369135975353,1191,3,0.0004742335821788105
W-2022-46,98,93,21,0.0016778523489932886,1192,-10,-0.0005034029282372208
W-2022-46,45,62,12,0.0016778523489932886,1193,-11,-0.0007292643438376902
W-2022-46,53,42,30,0.0016714954312458212,1194,-4,5.08271439108672e-05
W-2022-46,86,11,2,0.001670843776106934,1195,2,0.001670843776106934
W-2022-46,86,84,2,0.001670843776106934,1196,-1,-0.00030154281166426935
W-2022-46,86,89,2,0.001670843776106934,1197,-1,-0.00030154281166426935
W-2022-46,87,68,3,0.001669449081803005,1198,2,0.001254166689776427
W-2022-46,31,29,6,0.0016606698034874066,1199,-2,0.001158535733690771
W-2022-46,83,16,1,0.001658374792703151,1200,1,0.001658374792703151
W-2022-46,83,20,1,0.001658374792703151,1201,1,0.001658374792703151
W-2022-46,83,74,1,0.001658374792703151,1202,-2,-0.0025257256257068903
W-2022-46,83,90,1,0.001658374792703151,1203,1,0.001658374792703151
W-2022-46,83,92,1,0.001658374792703151,1204,1,0.001658374792703151
W-2022-46,73,63,7,0.0016489988221436984,1205,-1,4.0635331994924844e-05
W-2022-46,72,14,7,0.0016466713714420136,1206,-12,-0.0018783750107472259
W-2022-46,72,100,7,0.0016466713714420136,1207,-1,0.00016244131578338657
W-2022-46,67,69,26,0.0016396544113010027,1208,-17,-0.00038797797423207594
W-2022-46,67,81,26,0.0016396544113010027,1209,-9,-1.0744042039875302e-05
W-2022-46,39,83,18,0.0016354715609667454,1210,17,0.001572818844971507
W-2022-46,18,11,13,0.001627441161742614,1211,-5,8.091654622581707e-05
W-2022-46,63,62,3,0.0016251354279523294,1212,3,0.0016251354279523294
W-2022-46,63,90,3,0.0016251354279523294,1213,3,0.0016251354279523294
W-2022-46,4,35,24,0.0016131200430165346,1214,-7,-0.00040327126698736795
W-2022-46,81,61,3,0.0016129032258064516,1215,2,0.001148650672417408
W-2022-46,81,84,3,0.0016129032258064516,1216,-2,-0.0007083595411387664
W-2022-46,78,74,21,0.0016119128031931225,1217,-6,-0.0001762850907071358
W-2022-46,77,41,6,0.0016072863648540047,1218,0,0.0001084105217363429
W-2022-46,77,57,6,0.0016072863648540047,1219,2,0.0006080358027755635
W-2022-46,46,62,5,0.0016066838046272494,1220,-1,-1.143917271902899e-05
W-2022-46,85,0,6,0.001606425702811245,1221,0,-0.00024599788471576936
W-2022-46,85,73,6,0.001606425702811245,1222,2,0.00037147664445990203
W-2022-46,99,30,25,0.0016004097048844504,1223,0,0.00015649148841223137
W-2022-46,13,36,76,0.0016002695190768972,1224,-6,4.0236796439300495e-05
W-2022-46,90,101,6,0.001583531274742676,1225,1,0.0003622318121144397
W-2022-46,50,62,458,0.0015829894306076883,1226,-1005,-0.0027422777573773522
W-2022-46,89,101,232,0.0015495281286108348,1227,-187,-0.00030494651067393104
W-2022-46,88,67,28,0.0015381234893430016,1228,17,0.0009507676585014809
W-2022-46,94,73,4,0.0015284677111196026,1229,0,3.870979678068272e-05
W-2022-46,82,88,25,0.0015268107976059606,1230,19,0.001157965896886713
W-2022-46,97,11,13,0.0015249266862170088,1231,-5,3.337879095681646e-05
W-2022-46,97,18,13,0.0015249266862170088,1232,-6,-4.948498100208298e-05
W-2022-46,97,19,13,0.0015249266862170088,1233,8,0.001110607826422511
W-2022-46,51,45,4,0.001524390243902439,1234,1,0.0006550770013640444
W-2022-46,51,50,4,0.001524390243902439,1235,-11,-0.002822175968789534
W-2022-46,51,89,4,0.001524390243902439,1236,-3,-0.0005040073220204818
W-2022-46,21,0,4,0.0014998125234345708,1237,-13,-0.0029963525122702695
W-2022-46,21,1,4,0.0014998125234345708,1238,-1,0.00017741104234491201
W-2022-46,35,65,5,0.00149655791679138,1239,0,-0.00029684237015266597
W-2022-46,54,45,23,0.0014962269060629716,1240,16,0.0011584379758887691
W-2022-46,92,73,12,0.0014906832298136647,1241,-6,-0.0003732496686019923
W-2022-46,88,78,27,0.0014831905075807514,1242,-6,-0.0002788769849438107
W-2022-46,88,89,27,0.0014831905075807514,1243,2,0.00014829089203184068
W-2022-46,93,88,21,0.0014767932489451476,1244,8,0.0007654778626461763
W-2022-46,91,67,331,0.001476571143071268,1245,-141,-0.00027051581151927694
W-2022-46,19,59,221,0.0014724302427844256,1246,140,0.0010599541129308293
W-2022-46,39,89,16,0.001453752498637107,1247,13,0.0012657943506513918
W-2022-46,13,74,69,0.0014528762738987618,1248,-1,0.00012114102286666707
W-2022-46,59,51,500,0.0014526564728919776,1249,344,0.0010883381801435465
W-2022-46,14,82,77,0.0014441651974942797,1250,-20,9.253954890729287e-06
W-2022-46,68,64,57,0.001441723998381222,1251,-7,0.00017752646751702456
W-2022-46,52,59,35,0.0014232270657124268,1252,13,0.0007387430733039765
W-2022-46,65,39,12,0.0014182720718591182,1253,-1,0.0002473118845054882
W-2022-46,73,3,6,0.0014134275618374558,1254,-2,-0.00019493592831131782
W-2022-46,73,4,6,0.0014134275618374558,1255,4,0.0010113366893002623
W-2022-46,73,90,6,0.0014134275618374558,1256,3,0.0008102912530316657
W-2022-46,48,58,26,0.0014101312506779478,1257,-53,-0.0017903224845351455
W-2022-46,82,14,23,0.0014046659337974838,1258,9,0.0005440278321192395
W-2022-46,62,52,532,0.001399841596871933,1259,-335,-0.00036185580975505653
W-2022-46,50,55,404,0.001396348755383201,1260,-121,-0.00015578061829564114
W-2022-46,53,44,25,0.0013929128593715178,1261,-7,-0.00013242199929667424
W-2022-46,68,74,55,0.0013911371914204775,1262,-3,0.00024545817907479844
W-2022-46,89,41,208,0.0013892321153062656,1263,-24,0.0003624108353204288
W-2022-46,64,0,7,0.0013847675568743817,1264,-8,-0.001317935145828321
W-2022-46,36,39,29,0.0013811496880506739,1265,-1,0.0002879349077868447
W-2022-46,3,100,16,0.0013771733516956446,1266,-7,-0.00032754055284037686
W-2022-46,88,36,25,0.0013733245440562514,1267,1,9.182091312929705e-05
W-2022-46,38,6,5,0.0013717421124828531,1268,0,0.000359801209831568
W-2022-46,38,41,5,0.0013717421124828531,1269,1,0.0005621893903618249
W-2022-46,38,75,5,0.0013717421124828531,1270,0,0.000359801209831568
W-2022-46,62,45,519,0.0013656349413092728,1271,241,0.0008007538812835484
W-2022-46,89,50,203,0.0013558371125344804,1272,28,0.0005812951987520603
W-2022-46,25,35,6,0.0013501350135013501,1273,-11,-0.0025391351763865474
W-2022-46,25,72,6,0.0013501350135013501,1274,-2,-0.0004801097817400135
W-2022-46,25,88,6,0.0013501350135013501,1275,2,0.0004350126158806683
W-2022-46,82,36,22,0.0013435935018932454,1276,13,0.0007903261508143741
W-2022-46,12,54,17,0.0013407997476141652,1277,-17,-0.0012542239128956805
W-2022-46,77,38,5,0.001339405304045004,1278,0,9.034210144695238e-05
W-2022-46,17,39,194,0.0013375528298894795,1279,-65,-0.00020802377759970435
W-2022-46,93,67,19,0.0013361462728551335,1280,-13,-0.0004147839088038728
W-2022-46,36,73,28,0.0013335238367385817,1281,-9,-1.4774392253474227e-05
W-2022-46,22,87,11,0.0013322029792902992,1282,-20,-0.0017840012828729498
W-2022-46,24,16,2,0.0013297872340425532,1283,2,0.0013297872340425532
W-2022-46,24,37,2,0.0013297872340425532,1284,-3,-0.0015111218568665378
W-2022-46,24,68,2,0.0013297872340425532,1285,-1,-0.0003747582205029013
W-2022-46,24,101,2,0.0013297872340425532,1286,2,0.0013297872340425532
W-2022-46,88,38,24,0.0013183915622940012,1287,5,0.0003038678544768291
W-2022-46,61,55,189,0.0013155330344961995,1288,-73,-9.089142655335824e-05
W-2022-46,19,43,197,0.0013125283159662075,1289,123,0.0009356982714086009
W-2022-46,78,64,17,0.0013048817930610991,1290,-2,4.652031216832481e-05
W-2022-46,55,57,397,0.0012920233019819702,1291,101,0.0005295238493844489
W-2022-46,97,10,11,0.0012903225806451613,1292,-3,0.00013022977322056737
W-2022-46,11,35,15,0.0012891027844620145,1293,2,0.00034005912845383815
W-2022-46,46,50,4,0.0012853470437017994,1294,-5,-0.0011418374223176179
W-2022-46,98,10,16,0.001278363694471077,1295,-2,1.1828372208200644e-05
W-2022-46,98,81,16,0.001278363694471077,1296,-4,-0.0001288977747098967
W-2022-46,45,54,9,0.0012583892617449664,1297,-118,-0.01203308117258261
W-2022-46,18,61,10,0.0012518778167250877,1298,2,0.0005645335431620668
W-2022-46,92,0,10,0.0012422360248447205,1299,-6,-0.00041459321819141914
W-2022-46,92,16,10,0.0012422360248447205,1300,-1,0.00010316592025737454
W-2022-46,70,73,7,0.001237842617152962,1301,1,0.00025067578595849025
W-2022-46,70,85,7,0.001237842617152962,1302,-5,-0.0007364910452359816
W-2022-46,54,60,19,0.0012360135310954983,1303,-20,-0.0006459533655893447
W-2022-46,80,10,1,0.0012300123001230013,1304,-9,-0.008700474293720097
W-2022-46,80,66,1,0.0012300123001230013,1305,1,0.0012300123001230013
W-2022-46,80,71,1,0.0012300123001230013,1306,0,0.00023696364073869146
W-2022-46,80,84,1,0.0012300123001230013,1307,-1,-0.0007560850186456183
W-2022-46,80,101,1,0.0012300123001230013,1308,1,0.0012300123001230013
W-2022-46,100,35,14,0.0012294722051462194,1309,-5,-0.0006006183361752986
W-2022-46,91,93,275,0.0012267585025516577,1310,-56,1.5767610909154291e-06
W-2022-46,53,60,22,0.0012257633162469357,1311,-33,-0.0013959059720890193
W-2022-46,9,56,2,0.0012254901960784314,1312,-1,-0.00012161353090854674
W-2022-46,9,60,2,0.0012254901960784314,1313,0,0.0003274210447537794
W-2022-46,9,89,2,0.0012254901960784314,1314,-4,-0.0014687172578955248
W-2022-46,79,88,50,0.0012147125989990769,1315,-40,-0.0002562361629523818
W-2022-46,22,88,10,0.0012110936175366357,1316,-5,-0.0002967471544778396
W-2022-46,4,94,18,0.0012098400322624009,1317,-5,-0.00028619222999855926
W-2022-46,14,92,64,0.0012003450992160245,1318,9,0.00038673563176040324
W-2022-46,35,13,4,0.001197246333433104,1319,-1,-0.000596153953510942
W-2022-46,56,55,17,0.001190309480464921,1320,-29,-0.0014518501978808573
W-2022-46,101,60,310,0.0011840919160898992,1321,-237,-0.0004745443634706682
W-2022-46,17,14,170,0.001172082376707276,1322,-13,8.003404014155901e-05
W-2022-46,53,43,21,0.001170046801872075,1323,-5,-6.928777079583115e-05
W-2022-46,61,89,168,0.0011693626973299552,1324,-132,-0.0004410469908947292
W-2022-46,60,48,65,0.0011664842165712542,1325,-20,-0.00013986155010002306
W-2022-46,42,54,124,0.0011576127038658663,1326,-13,0.00019441799089086015
W-2022-46,78,21,15,0.0011513662879950874,1327,-5,-0.00017322474452362248
W-2022-46,60,47,64,0.001148538305547081,1328,-3,0.00011883046593560358
W-2022-46,94,15,3,0.0011463507833397019,1329,3,0.0011463507833397019
W-2022-46,4,2,17,0.001142626697136712,1330,-15,-0.0009388094938350584
W-2022-46,4,37,17,0.001142626697136712,1331,2,0.00016695348261869453
W-2022-46,10,11,4,0.001142204454597373,1332,-1,3.331113013518611e-05
W-2022-46,10,84,4,0.001142204454597373,1333,-5,-0.000853803529434563
W-2022-46,100,94,13,0.0011416527619214894,1334,-1,-0.00020683500536805024
W-2022-46,59,47,392,0.0011388826747473105,1335,-189,-0.00021796942837344927
W-2022-46,67,55,18,0.0011351453616699249,1336,1,0.0003335232557614984
W-2022-46,17,3,164,0.001130714763411725,1337,-20,3.269894959701523e-05
W-2022-46,20,24,4,0.0011283497884344146,1338,-8,-0.0014140230929215174
W-2022-46,21,15,3,0.0011248593925759281,1339,-2,-0.00019754208851373062
W-2022-46,21,61,3,0.0011248593925759281,1340,2,0.0008603790963579963
W-2022-46,21,101,3,0.0011248593925759281,1341,2,0.0008603790963579963
W-2022-46,3,70,13,0.0011189533482527114,1342,-20,-0.0013269405147772323
W-2022-46,45,48,8,0.0011185682326621924,1343,4,0.0006999392426046309
W-2022-46,11,69,13,0.0011172224132004124,1344,9,0.000825208980582512
W-2022-46,84,11,1,0.0011160714285714285,1345,-3,-0.0018891877750348827
W-2022-46,84,63,1,0.0011160714285714285,1346,0,0.0003647566276698507
W-2022-46,84,93,1,0.0011160714285714285,1347,1,0.0011160714285714285
W-2022-46,87,25,2,0.0011129660545353367,1348,-1,-0.00013288112154439743
W-2022-46,87,72,2,0.0011129660545353367,1349,0,0.00028240127048218054
W-2022-46,87,74,2,0.0011129660545353367,1350,1,0.0006976836625087586
W-2022-46,60,51,62,0.0011126464834987349,1351,6,0.00025199515486824635
W-2022-46,8,68,3,0.0011074197120708748,1352,-1,-0.000252661892825419
W-2022-46,12,89,14,0.0011041880274469595,1353,-103,-0.007825746333719276
W-2022-46,13,14,52,0.001094921249894719,1354,-10,-8.461568673370778e-05
W-2022-46,61,44,157,0.001092797282623827,1355,-70,-0.00012574604813285072
W-2022-46,49,33,240,0.0010907206936983612,1356,-107,-0.00011304114878575924
W-2022-46,63,41,2,0.0010834236186348862,1357,-2,-0.0006384877029320531
W-2022-46,63,88,2,0.0010834236186348862,1358,-1,-0.0002080098725403183
W-2022-46,63,89,2,0.0010834236186348862,1359,-2,-0.0006384877029320531
W-2022-46,81,9,2,0.001075268817204301,1360,2,0.001075268817204301
W-2022-46,81,23,2,0.001075268817204301,1361,1,0.0006110162638152574
W-2022-46,81,25,2,0.001075268817204301,1362,2,0.001075268817204301
W-2022-46,81,66,2,0.001075268817204301,1363,-1,-0.00031748884296282985
W-2022-46,81,68,2,0.001075268817204301,1364,2,0.001075268817204301
W-2022-46,81,80,2,0.001075268817204301,1365,1,0.0006110162638152574
W-2022-46,81,86,2,0.001075268817204301,1366,-1,-0.00031748884296282985
W-2022-46,78,0,14,0.0010746085354620817,1367,-4,-0.00011752339380475727
W-2022-46,42,50,115,0.001073592426972376,1368,-39,-9.122797831645447e-06
W-2022-46,67,7,17,0.0010720817304660402,1369,-8,-0.00010677430763458688
W-2022-46,67,11,17,0.0010720817304660402,1370,-9,-0.00015392854915861204
W-2022-46,67,88,17,0.0010720817304660402,1371,-23,-0.0008140879304949632
W-2022-46,77,50,4,0.0010715242432360033,1372,-1,-0.00017753895936204822
W-2022-46,77,71,4,0.0010715242432360033,1373,1,0.0003220863216771724
W-2022-46,74,2,2,0.001063264221158958,1374,2,0.001063264221158958
W-2022-46,74,8,2,0.001063264221158958,1375,2,0.001063264221158958
W-2022-46,74,35,2,0.001063264221158958,1376,-5,-0.0015614076948515406
W-2022-46,74,36,2,0.001063264221158958,1377,0,0.0003133579594416727
W-2022-46,74,61,2,0.001063264221158958,1378,2,0.001063264221158958
W-2022-46,74,101,2,0.001063264221158958,1379,1,0.0006883110903003154
W-2022-46,70,19,6,0.0010610079575596816,1380,2,0.00040289673676336703
W-2022-46,97,34,9,0.0010557184750733138,1381,-9,-0.00043582942018687855
W-2022-46,97,88,9,0.0010557184750733138,1382,-23,-0.0015959222276114723
W-2022-46,100,65,12,0.0010538333186967594,1383,-4,-0.0004872955582055716
W-2022-46,41,54,380,0.0010465868873679716,1384,106,0.00045574621165324846
W-2022-46,88,65,19,0.001043726653482751,1385,7,0.00040297483801927383
W-2022-46,7,6,1,0.0010351966873706005,1386,-2,-0.001360969446814703
W-2022-46,7,11,1,0.0010351966873706005,1387,1,0.0010351966873706005
W-2022-46,7,29,1,0.0010351966873706005,1388,0,0.00023647464264216602
W-2022-46,7,77,1,0.0010351966873706005,1389,1,0.0010351966873706005
W-2022-46,7,84,1,0.0010351966873706005,1390,1,0.0010351966873706005
W-2022-46,7,88,1,0.0010351966873706005,1391,1,0.0010351966873706005
W-2022-46,7,93,1,0.0010351966873706005,1392,1,0.0010351966873706005
W-2022-46,62,48,390,0.0010261996668798005,1393,-99,3.257794618706945e-05
W-2022-46,1,85,1,0.0010162601626016261,1394,1,0.0010162601626016261
W-2022-46,4,78,15,0.0010082000268853341,1395,-1,-3.2518068600551064e-05
W-2022-46,57,55,169,0.001006845356893912,1396,-44,1.936274215121373e-05
W-2022-46,18,6,8,0.00100150225338007,1397,5,0.0007437481507939371
W-2022-46,18,10,8,0.00100150225338007,1398,-3,5.640387723091628e-05
W-2022-46,18,40,8,0.00100150225338007,1399,-1,0.00022823994562167155
W-2022-46,18,50,8,0.00100150225338007,1400,-3,5.640387723091628e-05
W-2022-46,33,42,12,0.0009995835068721366,1401,-7,-0.0001686407921932839
W-2022-46,39,29,11,0.000999454842813011,1402,10,0.0009368021268177727
W-2022-46,92,64,8,0.0009937888198757764,1403,-11,-0.0009736959062296392
W-2022-46,55,49,305,0.0009926123604647378,1404,-1425,-0.003463887818568073
W-2022-46,13,85,47,0.0009896403604817653,1405,7,0.00022864878846342543
W-2022-46,16,4,1,0.0009891196834817012,1406,1,0.0009891196834817012
W-2022-46,16,21,1,0.0009891196834817012,1407,-1,-0.001386177228632313
W-2022-46,16,35,1,0.0009891196834817012,1408,1,0.0009891196834817012
W-2022-46,16,36,1,0.0009891196834817012,1409,-2,-0.00257382568468932
W-2022-46,16,63,1,0.0009891196834817012,1410,1,0.0009891196834817012
W-2022-46,16,72,1,0.0009891196834817012,1411,0,-0.00019852877257530593
W-2022-46,16,81,1,0.0009891196834817012,1412,1,0.0009891196834817012
W-2022-46,88,3,18,0.000988793671720501,1413,0,2.7665948525285294e-05
W-2022-46,45,42,7,0.0009787472035794184,1414,4,0.0006647754610362472
W-2022-46,82,92,16,0.0009771589104678147,1415,-8,-0.0004982206924091755
W-2022-46,61,43,140,0.0009744689144416293,1416,56,0.0005235542017387177
W-2022-46,59,54,335,0.000973279836837625,1417,78,0.00037308880327129924
W-2022-46,44,54,44,0.0009730853440077847,1418,-56,-0.0006870790122634863
W-2022-46,100,24,11,0.0009660138754720296,1419,-1,-0.00018983278220471866
W-2022-46,46,76,3,0.0009640102827763496,1420,3,0.0009640102827763496
W-2022-46,0,24,1,0.0009633911368015414,1421,1,0.0009633911368015414
W-2022-46,0,25,1,0.0009633911368015414,1422,1,0.0009633911368015414
W-2022-46,0,37,1,0.0009633911368015414,1423,1,0.0009633911368015414
W-2022-46,0,87,1,0.0009633911368015414,1424,1,0.0009633911368015414
W-2022-46,14,21,51,0.0009565250009377696,1425,4,0.00026125872874842044
W-2022-46,47,58,35,0.0009528995371630819,1426,-26,-0.0004121812487653967
W-2022-46,3,88,11,0.0009468066792907557,1427,-1,5.739072909804891e-05
W-2022-46,12,57,12,0.0009464468806688225,1428,-44,-0.0033277097366415116
W-2022-46,65,94,8,0.0009455147145727455,1429,5,0.000675293132875754
W-2022-46,73,0,4,0.0009422850412249705,1430,-1,-6.294214011801286e-05
W-2022-46,73,78,4,0.0009422850412249705,1431,-8,-0.0014702601939981896
W-2022-46,73,85,4,0.0009422850412249705,1432,1,0.0003391487324191805
W-2022-46,73,92,4,0.0009422850412249705,1433,-5,-0.0008671238851923998
W-2022-46,72,68,4,0.0009409550693954364,1434,0,0.00019884004156612287
W-2022-46,97,7,8,0.00093841642228739,1435,0,0.0002755062466161935
W-2022-46,97,38,8,0.00093841642228739,1436,-5,-0.00013881261317830445
W-2022-46,17,100,134,0.0009238766969339704,1437,-14,4.0690064083008124e-05
W-2022-46,82,4,15,0.0009160864785635764,1438,4,0.0002398708272449559
W-2022-46,82,64,15,0.0009160864785635764,1439,1,5.544837688533212e-05
W-2022-46,15,78,11,0.0009115014915478953,1440,-4,-0.00037693692109598044
W-2022-46,54,48,14,0.0009107468123861566,1441,-39,-0.0016467979446470916
W-2022-46,56,57,13,0.0009102366615319983,1442,-7,-0.0002385284160096445
W-2022-46,17,92,132,0.0009100874925021201,1443,-24,-2.0838958340786088e-05
W-2022-46,39,28,10,0.0009085953116481918,1444,9,0.0008459425956529534
W-2022-46,62,33,345,0.0009077920130090543,1445,-99,5.6078739751634285e-06
W-2022-46,36,14,19,0.0009048911749297519,1446,-1,0.00017608132142053247
W-2022-46,57,59,151,0.0008996073898874597,1447,22,0.00030155453870526225
W-2022-46,35,64,3,0.0008979347500748278,1448,0,-0.00017810542209159964
W-2022-46,53,49,16,0.0008914642299977714,1449,-12,-0.0004432037713368967
W-2022-46,68,88,35,0.0008852691218130312,1450,-5,9.514566502290777e-05
W-2022-46,70,0,5,0.0008841732979664014,1451,-2,-0.0002675213384271491
W-2022-46,70,1,5,0.0008841732979664014,1452,3,0.000555117687568244
W-2022-46,98,38,11,0.0008788750399488655,1453,-5,-0.00024693413539591353
W-2022-46,18,93,7,0.0008763144717075614,1454,-6,-0.00024061997283234763
W-2022-46,89,59,131,0.000874949072620773,1455,0,0.00029514912573221845
W-2022-46,66,99,207,0.0008743178631164574,1456,-27,9.171963700576994e-05
W-2022-46,92,72,7,0.0008695652173913044,1457,-18,-0.0017192304748526637
W-2022-46,11,0,10,0.0008594018563080096,1458,4,0.000421381707381159
W-2022-46,10,6,3,0.0008566533409480297,1459,3,0.0008566533409480297
W-2022-46,10,55,3,0.0008566533409480297,1460,-1,-3.0461318621719685e-05
W-2022-46,22,25,7,0.0008477655322756449,1461,6,0.0007472428141413465
W-2022-46,37,68,3,0.0008472182999152782,1462,-3,-0.0003092967347801728
W-2022-46,37,90,3,0.0008472182999152782,1463,2,0.0006544657941327031
W-2022-46,20,25,3,0.000846262341325811,1464,-3,-0.000424924099352155
W-2022-46,20,68,3,0.000846262341325811,1465,1,0.000422533527766489
W-2022-46,78,94,11,0.0008443352778630641,1466,3,0.00031449886485558024
W-2022-46,47,51,31,0.0008439967329158726,1467,0,0.00015026715318172765
W-2022-46,45,49,6,0.0008389261744966443,1468,2,0.0004202971844390828
W-2022-46,40,29,2,0.0008357709987463436,1469,1,0.0005382405018704138
W-2022-46,40,48,2,0.0008357709987463436,1470,-6,-0.0015444729762610948
W-2022-46,86,7,1,0.000835421888053467,1471,1,0.000835421888053467
W-2022-46,86,18,1,0.000835421888053467,1472,0,0.00017795969212973254
W-2022-46,86,19,1,0.000835421888053467,1473,0,0.00017795969212973254
W-2022-46,86,67,1,0.000835421888053467,1474,-2,-0.0011369646997177363
W-2022-46,89,79,125,0.0008348750692946308,1475,-103,-0.00017424239551903648
W-2022-46,38,101,3,0.0008230452674897119,1476,-7,-0.0012008365378128583
W-2022-46,67,23,13,0.0008198272056505014,1477,-3,6.535934126609998e-05
W-2022-46,39,3,9,0.0008177357804833727,1478,7,0.000692430348492896
W-2022-46,59,49,277,0.0008047716859821555,1479,-189,-0.0002835124449202095
W-2022-46,85,2,3,0.0008032128514056225,1480,2,0.0004944755868177867
W-2022-46,17,64,116,0.0007997738570473177,1481,-51,-0.00019679484353451137
W-2022-46,58,33,5,0.0007947862025115244,1482,1,0.00026957611847791096
W-2022-46,58,60,5,0.0007947862025115244,1483,-14,-0.0016999616966481392
W-2022-46,91,55,178,0.0007940473216516184,1484,-2,0.00012778534744335972
W-2022-46,90,24,3,0.000791765637371338,1485,2,0.0005475057448456908
W-2022-46,90,36,3,0.000791765637371338,1486,-15,-0.0036049124280903132
W-2022-46,90,63,3,0.000791765637371338,1487,1,0.0003032458523200435
W-2022-46,100,0,9,0.0007903749890225696,1488,4,0.0003087722149905912
W-2022-46,43,50,48,0.0007863953602673744,1489,-69,-0.0005532737300171621
W-2022-46,93,59,11,0.0007735583684950774,1490,-2,6.224298219610603e-05
W-2022-46,11,87,9,0.0007734616706772087,1491,5,0.00048144823805930826
W-2022-46,11,95,9,0.0007734616706772087,1492,4,0.0004084448799048331
W-2022-46,88,92,14,0.0007690617446715008,1493,4,0.00023510189845193648
W-2022-46,27,79,6,0.0007668711656441718,1494,6,0.0007668711656441718
W-2022-46,94,3,2,0.0007642338555598013,1495,-2,-0.0007255240587791186
W-2022-46,94,25,2,0.0007642338555598013,1496,2,0.0007642338555598013
W-2022-46,36,17,16,0.0007620136209934753,1497,-3,6.96442601597168e-05
W-2022-46,21,5,2,0.0007499062617172854,1498,2,0.0007499062617172854
W-2022-46,21,8,2,0.0007499062617172854,1499,-1,-4.353462693650989e-05
W-2022-46,92,35,6,0.0007453416149068323,1500,-3,-0.00018662483430099616
W-2022-46,101,52,194,0.0007410123603917435,1501,-126,-0.00022930502436032535
W-2022-46,8,21,2,0.0007382798080472499,1502,-3,-0.0009618221980731174
W-2022-46,8,78,2,0.0007382798080472499,1503,1,0.0003982594068231764
W-2022-46,44,47,33,0.0007298140080058385,1504,-30,-0.00031608953644506207
W-2022-46,98,34,9,0.0007190795781399808,1505,-7,-0.0004067295972047982
W-2022-46,65,63,6,0.0007091360359295591,1506,-4,-0.00019160256972707934
W-2022-46,73,1,3,0.0007067137809187279,1507,-3,-0.0004995588366928523
W-2022-46,73,64,3,0.0007067137809187279,1508,-3,-0.0004995588366928523
W-2022-46,73,74,3,0.0007067137809187279,1509,-2,-0.00029851340042425553
W-2022-46,73,83,3,0.0007067137809187279,1510,-2,-0.00029851340042425553
W-2022-46,73,88,3,0.0007067137809187279,1511,1,0.0003046229083815345
W-2022-46,73,94,3,0.0007067137809187279,1512,-5,-0.0009016497092300457
W-2022-46,72,25,3,0.0007057163020465773,1513,-4,-0.0005929849966547214
W-2022-46,72,73,3,0.0007057163020465773,1514,-2,-0.00022192748274006463
W-2022-46,72,87,3,0.0007057163020465773,1515,-2,-0.00022192748274006463
W-2022-46,97,80,6,0.0007038123167155425,1516,3,0.0004552210008388438
W-2022-46,93,68,10,0.0007032348804500703,1517,-5,-0.00011751364220258893
W-2022-46,59,48,242,0.0007030857328797171,1518,-159,-0.00023339910937746826
W-2022-46,100,72,8,0.0007025555457978396,1519,-1,-0.00016432944745972157
W-2022-46,55,60,214,0.0006964558857031275,1520,-133,-0.0001974201617676155
W-2022-46,29,30,122,0.0006903693476009665,1521,-59,-0.00017538596411877756
W-2022-46,3,72,8,0.0006885866758478223,1522,-3,-0.00012671127849549224
W-2022-46,3,90,8,0.0006885866758478223,1523,-11,-0.0007196552452906301
W-2022-46,11,16,8,0.0006875214850464077,1524,4,0.0003955080524285073
W-2022-46,11,55,8,0.0006875214850464077,1525,-6,-0.00033452552911624367
W-2022-46,60,45,38,0.0006819446189185794,1526,17,0.0003592003706821462
W-2022-46,25,1,3,0.0006750675067506751,1527,-7,-0.0016127384873010297
W-2022-46,25,14,3,0.0006750675067506751,1528,0,-1.1274291464836235e-05
W-2022-46,4,0,10,0.0006721333512568893,1529,-7,-0.0004336296251968637
W-2022-46,53,47,12,0.0006685981724983285,1530,-3,-4.640254250238651e-05
W-2022-46,24,8,1,0.0006648936170212766,1531,1,0.0006648936170212766
W-2022-46,24,25,1,0.0006648936170212766,1532,0,9.671179883945843e-05
W-2022-46,24,42,1,0.0006648936170212766,1533,1,0.0006648936170212766
W-2022-46,24,63,1,0.0006648936170212766,1534,0,9.671179883945843e-05
W-2022-46,24,65,1,0.0006648936170212766,1535,1,0.0006648936170212766
W-2022-46,24,78,1,0.0006648936170212766,1536,1,0.0006648936170212766
W-2022-46,24,88,1,0.0006648936170212766,1537,-1,-0.00047147001934235973
W-2022-46,24,89,1,0.0006648936170212766,1538,0,9.671179883945843e-05
W-2022-46,50,89,192,0.0006636112896870658,1539,-165,-0.00039183668441454685
W-2022-46,62,47,251,0.000660451580479051,1540,-568,-0.001003712405711842
W-2022-46,88,25,12,0.0006591957811470006,1541,-2,-8.834800356038943e-05
W-2022-46,14,35,35,0.0006564387261337634,1542,-13,-5.362044546386967e-05
W-2022-46,79,77,27,0.0006559448034595015,1543,-32,-0.00030834382937534367
W-2022-46,17,70,95,0.0006549872105128895,1544,-52,-0.00022223194508907984
W-2022-46,47,53,24,0.0006534168254832562,1545,3,0.00018347098114722253
W-2022-46,50,33,189,0.0006532423632857054,1546,-81,-0.00014499560032055637
W-2022-46,54,51,10,0.0006505334374186833,1547,-23,-0.0009419000905454146
W-2022-46,57,62,109,0.0006493854668724047,1548,-135,-0.00048181527489857344
W-2022-46,41,89,234,0.0006444771885371194,1549,-296,-0.0004983898119329656
W-2022-46,46,57,2,0.0006426735218508997,1550,0,0.00010329919606880697
W-2022-46,98,101,8,0.0006391818472355385,1551,-5,-0.0002755381077320945
W-2022-46,58,89,4,0.0006358289620092195,1552,-8,-0.0009398012900916208
W-2022-46,62,51,240,0.0006315074873106464,1553,104,0.00035516279607504016
W-2022-46,67,40,10,0.0006306363120388472,1554,5,0.00039486510441872176
W-2022-46,41,53,227,0.0006251979564013936,1555,-38,5.3764456166351094e-05
W-2022-46,32,99,91,0.0006249957074470642,1556,-82,-0.00035220666947062486
W-2022-46,43,49,38,0.0006225629935450047,1557,-222,-0.002354479429309521
W-2022-46,41,33,226,0.0006224437803820042,1558,-93,-6.54327727311224e-05
W-2022-46,19,57,93,0.0006196199664205953,1559,56,0.000431204944141792
W-2022-46,9,12,1,0.0006127450980392157,1560,0,0.0001637105223768897
W-2022-46,9,45,1,0.0006127450980392157,1561,-2,-0.0007343586289477624
W-2022-46,9,53,1,0.0006127450980392157,1562,-1,-0.0002853240532854363
W-2022-46,9,75,1,0.0006127450980392157,1563,0,0.0001637105223768897
W-2022-46,9,87,1,0.0006127450980392157,1564,1,0.0006127450980392157
W-2022-46,43,60,37,0.0006061797568727678,1565,-66,-0.0005731870491042173
W-2022-46,3,92,7,0.0006025133413668446,1566,-7,-0.0004351386005246468
W-2022-46,11,93,7,0.0006015812994156067,1567,-3,-0.0001284522821291444
W-2022-46,14,100,32,0.0006001725496080123,1568,-20,-0.00016905821962275697
W-2022-46,35,15,2,0.000598623166716552,1569,1,0.00023994310932774277
W-2022-46,35,73,2,0.000598623166716552,1570,-1,-0.0004774170054498755
W-2022-46,35,87,2,0.000598623166716552,1571,1,0.00023994310932774277
W-2022-46,48,89,11,0.0005965939906714394,1572,-27,-0.0009428647680386563
W-2022-46,64,3,3,0.0005934718100890207,1573,3,0.0005934718100890207
W-2022-46,64,83,3,0.0005934718100890207,1574,1,0.00023311144972866038
W-2022-46,15,14,7,0.000580046403712297,1575,-21,-0.0018250386332229374
W-2022-46,28,31,96,0.000577860711491001,1576,-19,1.4612877546258101e-05
W-2022-46,101,89,150,0.0005729477013338223,1577,-569,-0.0016072341725309823
W-2022-46,10,67,2,0.0005711022272986865,1578,-3,-0.0005377910971635004
W-2022-46,42,33,61,0.0005694707656114343,1579,20,0.0002812154135532207
W-2022-46,37,17,2,0.0005648121999435188,1580,0,0.00017930718837836848
W-2022-46,37,92,2,0.0005648121999435188,1581,2,0.0005648121999435188
W-2022-46,37,100,2,0.0005648121999435188,1582,-1,-1.3445317404206709e-05
W-2022-46,20,1,2,0.0005641748942172073,1583,-1,-7.14183261217757e-05
W-2022-46,20,17,2,0.0005641748942172073,1584,1,0.00035231048743754627
W-2022-46,20,19,2,0.0005641748942172073,1585,2,0.0005641748942172073
W-2022-46,20,63,2,0.0005641748942172073,1586,2,0.0005641748942172073
W-2022-46,14,85,30,0.0005626617652575115,1587,-2,8.92889841924228e-05
W-2022-46,93,55,8,0.0005625879043600563,1588,-5,-0.00014872748193891507
W-2022-46,98,50,7,0.0005592841163310962,1589,0,6.674260211775535e-05
W-2022-46,98,86,7,0.0005592841163310962,1590,1,0.00013710567557680402
W-2022-46,45,47,4,0.0005592841163310962,1591,-16,-0.0015338608339567114
W-2022-46,79,18,23,0.0005587677955395753,1592,-11,3.0760410245798606e-06
W-2022-46,87,8,1,0.0005564830272676684,1593,1,0.0005564830272676684
W-2022-46,87,11,1,0.0005564830272676684,1594,0,0.00014120063524109027
W-2022-46,87,36,1,0.0005564830272676684,1595,1,0.0005564830272676684
W-2022-46,87,41,1,0.0005564830272676684,1596,0,0.00014120063524109027
W-2022-46,87,44,1,0.0005564830272676684,1597,-1,-0.0002740817567854878
W-2022-46,87,54,1,0.0005564830272676684,1598,1,0.0005564830272676684
W-2022-46,87,57,1,0.0005564830272676684,1599,0,0.00014120063524109027
W-2022-46,87,66,1,0.0005564830272676684,1600,1,0.0005564830272676684
W-2022-46,87,73,1,0.0005564830272676684,1601,-4,-0.0015199289328652222
W-2022-46,31,99,2,0.0005535566011624688,1602,0,0.0004280230837133099
W-2022-46,101,47,144,0.0005500297932804694,1603,-84,-0.00014132134335537963
W-2022-46,61,54,79,0.0005498788874349195,1604,23,0.0002492690789663117
W-2022-46,82,35,9,0.0005496518871381459,1605,-8,-0.0004954086648997222
W-2022-46,88,77,10,0.0005493298176225005,1606,-9,-0.0004651938901946716
W-2022-46,88,93,10,0.0005493298176225005,1607,1,6.876595602489264e-05
W-2022-46,38,84,2,0.0005486968449931413,1608,-2,-0.00026085587712788687
W-2022-46,38,93,2,0.0005486968449931413,1609,-5,-0.0008680204187186579
W-2022-46,39,24,6,0.0005451571869889151,1610,6,0.0005451571869889151
W-2022-46,17,21,79,0.000544673575058087,1611,-42,-0.00017739117207006452
W-2022-46,63,14,1,0.0005417118093174431,1612,0,0.00011123397892570826
W-2022-46,63,53,1,0.0005417118093174431,1613,0,0.00011123397892570826
W-2022-46,63,60,1,0.0005417118093174431,1614,1,0.0005417118093174431
W-2022-46,63,91,1,0.0005417118093174431,1615,-4,-0.001610677342641231
W-2022-46,101,48,141,0.0005385708392537929,1616,-92,-0.00016794150651880716
W-2022-46,81,4,1,0.0005376344086021505,1617,1,0.0005376344086021505
W-2022-46,81,29,1,0.0005376344086021505,1618,0,7.33818552131069e-05
W-2022-46,81,34,1,0.0005376344086021505,1619,-5,-0.0022478809117321115
W-2022-46,81,50,1,0.0005376344086021505,1620,0,7.33818552131069e-05
W-2022-46,81,62,1,0.0005376344086021505,1621,-1,-0.00039087069817593675
W-2022-46,81,71,1,0.0005376344086021505,1622,-1,-0.00039087069817593675
W-2022-46,81,88,1,0.0005376344086021505,1623,-1,-0.00039087069817593675
W-2022-46,81,96,1,0.0005376344086021505,1624,1,0.0005376344086021505
W-2022-46,81,101,1,0.0005376344086021505,1625,1,0.0005376344086021505
W-2022-46,78,4,7,0.0005373042677310408,1626,1,0.0001399269579754279
W-2022-46,78,90,7,0.0005373042677310408,1627,0,7.369740634949242e-05
W-2022-46,77,29,2,0.0005357621216180017,1628,2,0.0005357621216180017
W-2022-46,77,96,2,0.0005357621216180017,1629,1,0.00028594948109839135
W-2022-46,85,1,2,0.000535475234270415,1630,0,-8.199929490525649e-05
W-2022-46,85,8,2,0.000535475234270415,1631,1,0.00022673796968257926
W-2022-46,85,25,2,0.000535475234270415,1632,0,-8.199929490525649e-05
W-2022-46,85,36,2,0.000535475234270415,1633,0,-8.199929490525649e-05
W-2022-46,85,61,2,0.000535475234270415,1634,0,-8.199929490525649e-05
W-2022-46,74,5,1,0.000531632110579479,1635,1,0.000531632110579479
W-2022-46,74,15,1,0.000531632110579479,1636,-1,-0.00021827415113780634
W-2022-46,74,20,1,0.000531632110579479,1637,-1,-0.00021827415113780634
W-2022-46,74,39,1,0.000531632110579479,1638,-28,-0.010342008684321159
W-2022-46,74,60,1,0.000531632110579479,1639,1,0.000531632110579479
W-2022-46,74,63,1,0.000531632110579479,1640,0,0.00015667897972083635
W-2022-46,74,75,1,0.000531632110579479,1641,1,0.000531632110579479
W-2022-46,74,87,1,0.000531632110579479,1642,-1,-0.00021827415113780634
W-2022-46,68,21,21,0.0005311614730878187,1643,-3,5.708739901374467e-05
W-2022-46,70,16,3,0.0005305039787798408,1644,-2,-0.00029213504721555244
W-2022-46,70,25,3,0.0005305039787798408,1645,2,0.00036597617358076213
W-2022-46,52,89,13,0.0005286271958360443,1646,-15,-0.00034253424904743786
W-2022-46,90,22,2,0.0005278437582475588,1647,2,0.0005278437582475588
W-2022-46,90,57,2,0.0005278437582475588,1648,2,0.0005278437582475588
W-2022-46,90,83,2,0.0005278437582475588,1649,-11,-0.002647534844585856
W-2022-46,43,9,32,0.0005242635735115829,1650,26,0.0004555625945226323
W-2022-46,36,22,11,0.0005238843644330142,1651,1,0.0001594794376784045
W-2022-46,54,9,8,0.0005204267499349467,1652,3,0.0002791489426676591
W-2022-46,54,53,8,0.0005204267499349467,1653,1,0.00018263781976074407
W-2022-46,49,89,114,0.0005180923295067215,1654,-178,-0.0004948715264165152
W-2022-46,91,97,116,0.0005174690410763356,1655,-47,-8.58681911233653e-05
W-2022-46,47,50,19,0.0005172883201742445,1656,-189,-0.00413741337610647
W-2022-46,3,35,6,0.0005164400068858667,1657,-2,-7.650395990927111e-05
W-2022-46,3,74,6,0.0005164400068858667,1658,1,0.00014585002763890554
W-2022-46,79,38,21,0.0005101792915796123,1659,-22,-0.00019260733913052913
W-2022-46,44,57,23,0.0005086582480040693,1660,-135,-0.0021144014349045387
W-2022-46,68,36,20,0.0005058680696074464,1661,-22,-0.00032376156002218324
W-2022-46,50,52,146,0.0005046210848662063,1662,-44,-5.7101926560422294e-05
W-2022-46,67,96,8,0.0005045090496310778,1663,-2,3.296663439082692e-05
W-2022-46,17,88,73,0.0005033059617625362,1664,-14,-1.586455889985379e-05
W-2022-46,18,41,4,0.000500751126690035,1665,0,0.00015707898990852457
W-2022-46,33,56,6,0.0004997917534360683,1666,2,0.000253849795738085
W-2022-46,15,92,6,0.0004971826317533974,1667,-15,-0.0013066311459480283
W-2022-46,92,88,4,0.0004968944099378882,1668,-8,-0.0007457275223392164
W-2022-46,26,30,28,0.0004946559491211023,1669,-6,1.7851102540073535e-05
W-2022-46,88,97,9,0.0004943968358602505,1670,-13,-0.0006803148258227909
W-2022-46,61,46,71,0.0004941949494668263,1671,25,0.0002472654639390414
W-2022-46,91,88,110,0.0004907034010206631,1672,-39,-6.081345540728442e-05
W-2022-46,47,89,18,0.0004900626191124422,1673,-17,-0.00029318045478094726
W-2022-46,82,74,8,0.0004885794552339074,1674,2,0.0001197345545146598
W-2022-46,14,24,26,0.00048764019655651,1675,-14,-0.00010407577977485094
W-2022-46,14,88,26,0.00048764019655651,1676,-12,-7.448998095828288e-05
W-2022-46,22,13,4,0.00048443744701465424,1677,3,0.0003839147288803559
W-2022-46,98,6,6,0.00047938638542665386,1678,-2,-8.351820224573566e-05
W-2022-46,98,11,6,0.00047938638542665386,1679,-6,-0.00036497049608193047
W-2022-46,98,41,6,0.00047938638542665386,1680,-10,-0.0006464227899181252
W-2022-46,98,62,6,0.00047938638542665386,1681,3,0.0002682971650495078
W-2022-46,61,19,68,0.0004733134727287914,1682,-82,-0.0003318913713835508
W-2022-46,12,61,6,0.00047322344033441123,1683,1,9.160231378884569e-05
W-2022-46,65,4,4,0.00047275735728637277,1684,3,0.0003826834967207089
W-2022-46,65,64,4,0.00047275735728637277,1685,0,0.00011246191502371739
W-2022-46,65,90,4,0.00047275735728637277,1686,0,0.00011246191502371739
W-2022-46,73,68,2,0.0004711425206124853,1687,0,6.905164807529188e-05
W-2022-46,73,70,2,0.0004711425206124853,1688,2,0.0004711425206124853
W-2022-46,72,15,2,0.0004704775346977182,1689,1,0.0002849487777403898
W-2022-46,72,16,2,0.0004704775346977182,1690,2,0.0004704775346977182
W-2022-46,72,20,2,0.0004704775346977182,1691,0,9.942002078306144e-05
W-2022-46,72,101,2,0.0004704775346977182,1692,2,0.0004704775346977182
W-2022-46,97,23,4,0.000469208211143695,1693,-5,-0.00027656573648640115
W-2022-46,97,29,4,0.000469208211143695,1694,1,0.0002206168952669963
W-2022-46,97,71,4,0.000469208211143695,1695,-10,-0.0006908845962808989
W-2022-46,97,81,4,0.000469208211143695,1696,-3,-0.00011083819256860195
W-2022-46,19,62,70,0.00046638061988646965,1697,-416,-0.002008476159235109
W-2022-46,55,47,140,0.0004556253457870928,1698,-16,5.376752617488559e-05
W-2022-46,54,19,7,0.0004553734061930783,1699,-3,-2.7182208341496776e-05
W-2022-46,54,47,7,0.0004553734061930783,1700,-3,-2.7182208341496776e-05
W-2022-46,68,4,18,0.00045528126264670173,1701,-1,7.997262067139306e-05
W-2022-46,39,100,5,0.0004542976558240959,1702,1,0.00020368679184314234
W-2022-46,14,70,24,0.00045012941220600925,1703,-4,3.592822877405657e-05
W-2022-46,25,4,2,0.00045004500450045,1704,1,0.00022126440509527957
W-2022-46,25,17,2,0.00045004500450045,1705,2,0.00045004500450045
W-2022-46,44,33,20,0.00044231152000353847,1706,-1,9.367700518657157e-05
W-2022-46,17,74,64,0.00044125454181920975,1707,-16,-3.614363810022932e-05
W-2022-46,88,0,8,0.00043946385409800046,1708,1,6.569196174430544e-05
W-2022-46,88,41,8,0.00043946385409800046,1709,-2,-9.449599212156388e-05
W-2022-46,100,63,5,0.0004390972161236498,1710,-3,-0.0003314672223275157
W-2022-46,19,89,65,0.00043306771846600753,1711,-348,-0.0016700513139973918
W-2022-46,3,21,5,0.000430366672404889,1712,1,0.00013389468900732007
W-2022-46,3,24,5,0.000430366672404889,1713,0,5.97766931579278e-05
W-2022-46,3,85,5,0.000430366672404889,1714,0,5.97766931579278e-05
W-2022-46,68,90,17,0.00042998785916632945,1715,9,0.00027196316780830475
W-2022-46,11,38,5,0.0004297009281540048,1716,4,0.0003566975699995297
W-2022-46,11,84,5,0.0004297009281540048,1717,0,6.468413738162926e-05
W-2022-46,11,96,5,0.0004297009281540048,1718,-2,-8.13225789273209e-05
W-2022-46,36,25,9,0.0004286326618088298,1719,-9,-0.00022729620634946766
W-2022-46,36,88,9,0.0004286326618088298,1720,-7,-0.00015441522099854572
W-2022-46,36,92,9,0.0004286326618088298,1721,9,0.0004286326618088298
W-2022-46,17,90,62,0.00042746533738735945,1722,-40,-0.00018121734200992533
W-2022-46,57,52,71,0.00042299420319211683,1723,-92,-0.00033268498085980714
W-2022-46,93,38,6,0.0004219409282700422,1724,-1,3.892495103213458e-05
W-2022-46,13,4,20,0.00042112355765181505,1725,-4,-3.547138555918888e-05
W-2022-46,13,70,20,0.00042112355765181505,1726,-3,-1.6446596258730363e-05
W-2022-46,19,49,63,0.0004197425578978227,1727,-155,-0.0006903783841772887
W-2022-46,45,9,3,0.00041946308724832214,1728,-2,-0.00010382315032362975
W-2022-46,45,58,3,0.00041946308724832214,1729,1,0.0002101485922195414
W-2022-46,45,89,3,0.00041946308724832214,1730,2,0.0003148058397339318
W-2022-46,40,28,1,0.0004178854993731718,1731,0,0.00012035500249724199
W-2022-46,40,59,1,0.0004178854993731718,1732,1,0.0004178854993731718
W-2022-46,30,99,11,0.0004161622276029056,1733,-4,-4.777442957883387e-05
W-2022-46,79,11,17,0.0004130022836596861,1734,-3,8.612478100380642e-05
W-2022-46,89,93,61,0.00040741903381577983,1735,-42,-4.8454206867587426e-05
W-2022-46,52,53,10,0.0004066363044892648,1736,-9,-0.00018450896168166952
W-2022-46,42,19,43,0.00040143021182445363,1737,-48,-0.00023835605737792273
W-2022-46,98,69,5,0.0003994886545222116,1738,3,0.0002587625076041142
W-2022-46,64,20,2,0.0003956478733926805,1739,1,0.00021546769321250032
W-2022-46,64,37,2,0.0003956478733926805,1740,2,0.0003956478733926805
W-2022-46,62,89,150,0.000394692179569154,1741,-280,-0.000479044711837542
W-2022-46,14,39,21,0.00039386323568025807,1742,2,0.00011279814692286163
W-2022-46,101,58,102,0.0003896044369069991,1743,30,0.00017128302533778365
W-2022-46,28,26,64,0.000385240474327334,1744,-25,-5.06643710733801e-05
W-2022-46,88,87,7,0.0003845308723357504,1745,1,6.415496460401182e-05
W-2022-46,99,31,6,0.0003840983291722681,1746,-1,-2.019877143995323e-05
W-2022-46,78,73,5,0.00038378876266502914,1747,-5,-0.0002785067535943258
W-2022-46,78,100,5,0.00038378876266502914,1748,-2,-7.981809871651928e-05
W-2022-46,94,2,1,0.00038211692777990065,1749,1,0.00038211692777990065
W-2022-46,94,8,1,0.00038211692777990065,1750,-3,-0.0011076409865590192
W-2022-46,94,20,1,0.00038211692777990065,1751,1,0.00038211692777990065
W-2022-46,94,29,1,0.00038211692777990065,1752,1,0.00038211692777990065
W-2022-46,94,36,1,0.00038211692777990065,1753,1,0.00038211692777990065
W-2022-46,94,101,1,0.00038211692777990065,1754,0,9.67744919517068e-06
W-2022-46,51,91,1,0.00038109756097560977,1755,0,9.13264801294782e-05
W-2022-46,36,64,8,0.0003810068104967376,1756,3,0.00019880434711943277
W-2022-46,36,85,8,0.0003810068104967376,1757,-11,-0.00031136255033702083
W-2022-46,68,41,15,0.00037940105220558477,1758,4,0.00016211710158830082
W-2022-46,55,50,116,0.00037751814365216257,1759,-104,-0.00018920442246761682
W-2022-46,18,88,3,0.0003755633450175263,1760,-10,-0.0007413710995223827
W-2022-46,18,101,3,0.0003755633450175263,1761,-3,-0.0001399448601547394
W-2022-46,57,42,63,0.00037533288452258254,1762,-20,-9.460810424102644e-06
W-2022-46,21,2,1,0.0003749531308586427,1763,1,0.0003749531308586427
W-2022-46,21,36,1,0.0003749531308586427,1764,1,0.0003749531308586427
W-2022-46,21,37,1,0.0003749531308586427,1765,1,0.0003749531308586427
W-2022-46,21,63,1,0.0003749531308586427,1766,1,0.0003749531308586427
W-2022-46,21,73,1,0.0003749531308586427,1767,0,0.0001104728346407109
W-2022-46,21,89,1,0.0003749531308586427,1768,1,0.0003749531308586427
W-2022-46,92,36,3,0.00037267080745341616,1769,0,6.201532438414e-05
W-2022-46,8,3,1,0.00036913990402362494,1770,0,2.9119502799551482e-05
W-2022-46,8,13,1,0.00036913990402362494,1771,1,0.00036913990402362494
W-2022-46,8,63,1,0.00036913990402362494,1772,1,0.00036913990402362494
W-2022-46,8,70,1,0.00036913990402362494,1773,-1,-0.000310900898424522
W-2022-46,8,74,1,0.00036913990402362494,1774,-2,-0.0006509212996485955
W-2022-46,8,88,1,0.00036913990402362494,1775,-2,-0.0006509212996485955
W-2022-46,49,53,81,0.0003681182341231969,1776,-418,-0.0013629398621291837
W-2022-46,82,70,6,0.00036643459142543056,1777,-10,-0.000617151810492563
W-2022-46,79,93,15,0.00036441377969972303,1778,-19,-0.00019127797481527245
W-2022-46,39,2,4,0.00036343812465927677,1779,1,0.00017547997667356158
W-2022-46,39,17,4,0.00036343812465927677,1780,-25,-0.0014534906392026366
W-2022-46,39,70,4,0.00036343812465927677,1781,-8,-0.000388394467283584
W-2022-46,22,17,3,0.00036332808526099065,1782,3,0.00036332808526099065
W-2022-46,22,59,3,0.00036332808526099065,1783,2,0.0002628053671266923
W-2022-46,22,73,3,0.00036332808526099065,1784,0,6.175993085809562e-05
W-2022-46,22,92,3,0.00036332808526099065,1785,1,0.00016228264899239395
W-2022-46,61,9,52,0.00036194559679260515,1786,-62,-0.0002500100847327749
W-2022-46,49,9,79,0.0003590288950090439,1787,40,0.00022373577726587184
W-2022-46,13,92,17,0.0003579550240040428,1788,-15,-0.00025083823361062913
W-2022-46,14,64,19,0.0003563524513297573,1789,-5,1.3228655309407544e-06
W-2022-46,65,21,3,0.00035456801796477955,1790,-3,-0.00018587514542920352
W-2022-46,65,74,3,0.00035456801796477955,1791,-6,-0.00045609672712619505
W-2022-46,65,83,3,0.00035456801796477955,1792,-2,-9.580128486353967e-05
W-2022-46,65,85,3,0.00035456801796477955,1793,1,0.00017442029683345186
W-2022-46,44,51,16,0.0003538492160028308,1794,-17,-0.00019400502156668856
W-2022-46,70,20,2,0.00035366931918656057,1795,1,0.00018914151398748193
W-2022-46,70,22,2,0.00035366931918656057,1796,1,0.00018914151398748193
W-2022-46,70,47,2,0.00035366931918656057,1797,0,2.4613708788403285e-05
W-2022-46,70,75,2,0.00035366931918656057,1798,2,0.00035366931918656057
W-2022-46,70,87,2,0.00035366931918656057,1799,0,2.4613708788403285e-05
W-2022-46,97,84,3,0.00035190615835777126,1800,-8,-0.000559595333190124
W-2022-46,97,95,3,0.00035190615835777126,1801,3,0.00035190615835777126
W-2022-46,93,69,5,0.00035161744022503517,1802,4,0.0002969008720481912
W-2022-46,100,15,4,0.0003512777728989198,1803,0,-3.4004446326662933e-05
W-2022-46,100,29,4,0.0003512777728989198,1804,2,0.00015863666328612845
W-2022-46,3,39,4,0.00034429333792391115,1805,-2,-0.00010041463717244225
W-2022-46,11,6,4,0.00034376074252320387,1806,-2,-9.425940640364676e-05
W-2022-46,59,56,118,0.0003428269276025067,1807,-30,-2.8083757742100655e-06
W-2022-46,89,62,51,0.00034062902827220934,1808,-93,-0.0002967083179258963
W-2022-46,79,10,14,0.0003401195277197415,1809,-13,-0.00010116510086569612
W-2022-46,101,53,88,0.0003361293181158424,1810,-64,-0.00012477143964139027
W-2022-46,4,39,5,0.0003360666756284447,1811,-1,-5.4202610178762274e-05
W-2022-46,36,82,7,0.00033338095918464543,1812,-3,-3.1023967569964285e-05
W-2022-46,44,50,15,0.00033173364000265386,1813,-10,-8.330744906516387e-05
W-2022-46,44,53,15,0.00033173364000265386,1814,7,0.0001989204915009522
W-2022-46,15,4,4,0.00033145508783559825,1815,2,0.0001596632994830815
W-2022-46,15,21,4,0.00033145508783559825,1816,-5,-0.0004416079597507271
W-2022-46,15,68,4,0.00033145508783559825,1817,0,-1.2128488869435252e-05
W-2022-46,88,18,6,0.0003295978905735003,1818,-1,-4.417400178019471e-05
W-2022-46,88,73,6,0.0003295978905735003,1819,2,0.00011601395208567458
W-2022-46,88,101,6,0.0003295978905735003,1820,3,0.000169409936707631
W-2022-46,68,89,13,0.00032881424524484014,1821,-4,-6.988223890962337e-06
W-2022-46,43,54,20,0.0003276647334447393,1822,-15,-7.309097732413915e-05
W-2022-46,91,84,73,0.00032564862067734914,1823,1,5.9143830994045656e-05
W-2022-46,48,56,6,0.0003254149040026033,1824,-13,-0.00044431447535244454
W-2022-46,52,54,8,0.00032530904359141186,1825,-9,-0.00020361040508784517
W-2022-46,28,99,54,0.00032504665021368807,1826,-39,-0.0001304494241937997
W-2022-46,59,89,111,0.000322489736982019,1827,-140,-0.00026368905455552096
W-2022-46,46,53,1,0.00032133676092544985,1828,1,0.00032133676092544985
W-2022-46,46,61,1,0.00032133676092544985,1829,1,0.00032133676092544985
W-2022-46,46,75,1,0.00032133676092544985,1830,1,0.00032133676092544985
W-2022-46,46,91,1,0.00032133676092544985,1831,1,0.00032133676092544985
W-2022-46,46,98,1,0.00032133676092544985,1832,-1,-0.00021803756485664288
W-2022-46,98,61,4,0.00031959092361776926,1833,2,0.00017886477669967188
W-2022-46,98,75,4,0.00031959092361776926,1834,1,0.00010850170324062317
W-2022-46,58,53,2,0.00031791448100460976,1835,-1,-7.599308202060033e-05
W-2022-46,13,3,15,0.00031584266823886126,1836,10,0.0002207187217365688
W-2022-46,12,42,4,0.00031548229355627414,1837,0,1.018539231982166e-05
W-2022-46,67,50,5,0.0003153181560194236,1838,1,0.00012670118992332325
W-2022-46,67,59,5,0.0003153181560194236,1839,-1,3.239270687527306e-05
W-2022-46,89,54,47,0.00031391302605478114,1840,23,0.00020769013502176353
W-2022-46,43,42,19,0.00031128149677250237,1841,-8,2.127091322224727e-06
W-2022-46,78,88,4,0.00030703101013202335,1842,-5,-0.00028903495450139613
W-2022-46,82,72,5,0.00030536215952119215,1843,-6,-0.0003708534917974284
W-2022-46,60,89,17,0.0003050804874109434,1844,-16,-0.00020208904553202305
W-2022-46,76,36,5,0.0003030486696163404,1845,2,0.000158442480471445
W-2022-46,76,62,5,0.0003030486696163404,1846,3,0.00020664454351974345
W-2022-46,76,91,5,0.0003030486696163404,1847,-5,-0.00017897196086664427
W-2022-46,89,57,45,0.00030055502494606706,1848,19,0.00018548022632696465
W-2022-46,47,56,11,0.00029948271167982575,1849,-1,3.094222920209226e-05
W-2022-46,35,5,1,0.000299311583358276,1850,1,0.000299311583358276
W-2022-46,35,36,1,0.000299311583358276,1851,1,0.000299311583358276
W-2022-46,35,41,1,0.000299311583358276,1852,1,0.000299311583358276
W-2022-46,35,76,1,0.000299311583358276,1853,1,0.000299311583358276
W-2022-46,42,89,32,0.0002987387622879655,1854,-34,-0.00016528204834232943
W-2022-46,59,57,102,0.0002963419204699634,1855,-67,-9.833623000750374e-05
W-2022-46,50,42,85,0.00029378624803854476,1856,-37,-6.689905403539572e-05
W-2022-46,79,6,12,0.0002915310237597784,1857,-15,-0.0001497536048256592
W-2022-46,79,69,12,0.0002915310237597784,1858,-7,-1.9002603763307313e-05
W-2022-46,79,81,12,0.0002915310237597784,1859,-3,4.637289676786866e-05
W-2022-46,19,45,43,0.0002864909522159742,1860,31,0.00022538337742284879
W-2022-46,19,46,43,0.0002864909522159742,1861,0,6.752214254060818e-05
W-2022-46,41,46,104,0.00028643430601649753,1862,34,0.0001354896078412033
W-2022-46,10,7,1,0.00028555111364934324,1863,1,0.00028555111364934324
W-2022-46,10,77,1,0.00028555111364934324,1864,-2,-0.0003797848810279688
W-2022-46,10,80,1,0.00028555111364934324,1865,1,0.00028555111364934324
W-2022-46,10,81,1,0.00028555111364934324,1866,-1,-0.00015800621613553143
W-2022-46,10,93,1,0.00028555111364934324,1867,1,0.00028555111364934324
W-2022-46,10,101,1,0.00028555111364934324,1868,-2,-0.0003797848810279688
W-2022-46,37,64,1,0.0002824060999717594,1869,-1,-0.00010309891159339092
W-2022-46,37,70,1,0.0002824060999717594,1870,1,0.0002824060999717594
W-2022-46,37,74,1,0.0002824060999717594,1871,1,0.0002824060999717594
W-2022-46,37,76,1,0.0002824060999717594,1872,1,0.0002824060999717594
W-2022-46,37,85,1,0.0002824060999717594,1873,-1,-0.00010309891159339092
W-2022-46,37,94,1,0.0002824060999717594,1874,0,8.965359418918424e-05
W-2022-46,20,3,1,0.00028208744710860365,1875,0,7.022304032894264e-05
W-2022-46,20,4,1,0.00028208744710860365,1876,-2,-0.00035350577323037935
W-2022-46,20,35,1,0.00028208744710860365,1877,0,7.022304032894264e-05
W-2022-46,20,59,1,0.00028208744710860365,1878,1,0.00028208744710860365
W-2022-46,20,74,1,0.00028208744710860365,1879,0,7.022304032894264e-05
W-2022-46,20,90,1,0.00028208744710860365,1880,1,0.00028208744710860365
W-2022-46,20,92,1,0.00028208744710860365,1881,1,0.00028208744710860365
W-2022-46,20,100,1,0.00028208744710860365,1882,0,7.022304032894264e-05
W-2022-46,14,90,15,0.0002813308826287558,1883,-10,-8.849160257834481e-05
W-2022-46,93,86,4,0.00028129395218002813,1884,2,0.00017186081582634024
W-2022-46,56,60,4,0.0002800728189329226,1885,1,0.00010775805730167619
W-2022-46,56,91,4,0.0002800728189329226,1886,1,0.00010775805730167619
W-2022-46,57,53,47,0.00028001024718351397,1887,3,7.602322817563264e-05
W-2022-46,55,98,86,0.0002798841409834999,1888,-37,-3.696529371074043e-05
W-2022-46,45,19,2,0.0002796420581655481,1889,-4,-0.00034830142692079415
W-2022-46,53,48,5,0.00027858257187430354,1890,1,8.791571454077953e-05
W-2022-46,68,70,11,0.0002782274382840955,1891,1,8.069657408656466e-05
W-2022-46,31,26,1,0.0002767783005812344,1892,0,0.00021401154185665496
W-2022-46,31,50,1,0.0002767783005812344,1893,1,0.0002767783005812344
W-2022-46,31,66,1,0.0002767783005812344,1894,-2,8.847802440749603e-05
W-2022-46,31,75,1,0.0002767783005812344,1895,1,0.0002767783005812344
W-2022-46,31,91,1,0.0002767783005812344,1896,0,0.00021401154185665496
W-2022-46,31,97,1,0.0002767783005812344,1897,1,0.0002767783005812344
W-2022-46,31,101,1,0.0002767783005812344,1898,1,0.0002767783005812344
W-2022-46,88,16,5,0.00027466490881125025,1899,-5,-0.0002592949374083141
W-2022-46,88,24,5,0.00027466490881125025,1900,1,6.108097032342453e-05
W-2022-46,88,62,5,0.00027466490881125025,1901,4,0.00022126892418929383
W-2022-46,88,83,5,0.00027466490881125025,1902,3,0.0001678729395673374
W-2022-46,38,68,1,0.00027434842249657066,1903,1,0.00027434842249657066
W-2022-46,38,96,1,0.00027434842249657066,1904,-5,-0.0009399806606849716
W-2022-46,13,90,13,0.00027373031247367977,1905,1,4.54328408681778e-05
W-2022-46,62,58,104,0.0002736532445012801,1906,-89,-0.00011851238350219043
W-2022-46,39,74,3,0.00027257859349445756,1907,-1,2.1967729513503982e-05
W-2022-46,39,101,3,0.00027257859349445756,1908,3,0.00027257859349445756
W-2022-46,47,30,10,0.0002722570106180234,1909,3,0.00011560839583934552
W-2022-46,48,57,5,0.0002711790866688361,1910,-3,-5.2917494112236676e-05
W-2022-46,4,20,4,0.00026885334050275576,1911,-2,-0.00012141594530445119
W-2022-46,77,7,1,0.0002678810608090008,1912,1,0.0002678810608090008
W-2022-46,77,19,1,0.0002678810608090008,1913,1,0.0002678810608090008
W-2022-46,77,52,1,0.0002678810608090008,1914,0,1.806842028939052e-05
W-2022-46,77,61,1,0.0002678810608090008,1915,-1,-0.00023174422023021978
W-2022-46,77,62,1,0.0002678810608090008,1916,0,1.806842028939052e-05
W-2022-46,85,16,1,0.0002677376171352075,1917,0,-4.0999647452628245e-05
W-2022-46,85,20,1,0.0002677376171352075,1918,0,-4.0999647452628245e-05
W-2022-46,85,22,1,0.0002677376171352075,1919,1,0.0002677376171352075
W-2022-46,85,29,1,0.0002677376171352075,1920,1,0.0002677376171352075
W-2022-46,85,50,1,0.0002677376171352075,1921,-1,-0.000349736912040464
W-2022-46,85,60,1,0.0002677376171352075,1922,1,0.0002677376171352075
W-2022-46,85,75,1,0.0002677376171352075,1923,1,0.0002677376171352075
W-2022-46,101,56,70,0.00026737559395578373,1924,-30,-3.5848588779237767e-05
W-2022-46,90,19,1,0.0002639218791237794,1925,1,0.0002639218791237794
W-2022-46,90,32,1,0.0002639218791237794,1926,1,0.0002639218791237794
W-2022-46,90,42,1,0.0002639218791237794,1927,1,0.0002639218791237794
W-2022-46,100,39,3,0.00026345832967418985,1928,2,0.00016713777486779415
W-2022-46,100,101,3,0.00026345832967418985,1929,2,0.00016713777486779415
W-2022-46,14,94,14,0.00026257549045350536,1930,6,0.00014423229518723316
W-2022-46,43,12,16,0.00026213178675579146,1931,0,7.892917611858989e-05
W-2022-46,3,2,3,0.00025822000344293336,1932,-7,-0.000482959955050989
W-2022-46,11,18,3,0.0002578205568924029,1933,0,3.881048242897756e-05
W-2022-46,11,83,3,0.0002578205568924029,1934,-2,-0.00010719623387997268
W-2022-46,11,86,3,0.0002578205568924029,1935,1,0.00011181384058345266
W-2022-46,11,89,3,0.0002578205568924029,1936,-8,-0.0005452163828068232
W-2022-46,41,51,93,0.00025613836980321414,1937,26,0.00011166273012114681
W-2022-46,75,91,16,0.00025537076643151275,1938,-8,-4.8442084852096535e-05
W-2022-46,13,21,12,0.000252674134591089,1939,-7,-0.00010879686211762244
W-2022-46,67,10,4,0.0002522545248155389,1940,-8,-0.0003135963734727622
W-2022-46,67,41,4,0.0002522545248155389,1941,2,0.00015794604176748873
W-2022-46,42,56,27,0.0002520608306804709,1942,-14,-3.6194521377742655e-05
W-2022-46,18,7,2,0.0002503755633450175,1943,-1,-7.3785392411153524e-06
W-2022-46,18,19,2,0.0002503755633450175,1944,0,7.853949495426228e-05
W-2022-46,18,34,2,0.0002503755633450175,1945,0,7.853949495426228e-05
W-2022-46,18,38,2,0.0002503755633450175,1946,-2,-9.329657343649293e-05
W-2022-46,18,62,2,0.0002503755633450175,1947,0,7.853949495426228e-05
W-2022-46,18,69,2,0.0002503755633450175,1948,-1,-7.3785392411153524e-06
W-2022-46,18,81,2,0.0002503755633450175,1949,-4,-0.0002651326418272482
W-2022-46,57,54,42,0.00025022192301505503,1950,-27,-6.966681133821338e-05
W-2022-46,15,90,3,0.0002485913158766987,1951,-2,-0.00018088815500459318
W-2022-46,15,100,3,0.0002485913158766987,1952,1,7.679952752418195e-05
W-2022-46,92,1,2,0.0002484472049689441,1953,0,4.134354958942665e-05
W-2022-46,92,8,2,0.0002484472049689441,1954,2,0.0002484472049689441
W-2022-46,92,15,2,0.0002484472049689441,1955,-3,-0.00026931193347984946
W-2022-46,92,20,2,0.0002484472049689441,1956,-1,-6.220827810033205e-05
W-2022-46,92,37,2,0.0002484472049689441,1957,0,4.134354958942665e-05
W-2022-46,92,41,2,0.0002484472049689441,1958,2,0.0002484472049689441
W-2022-46,17,72,36,0.0002482056797733055,1959,-23,-0.0001038754779172808
W-2022-46,19,44,37,0.00024651547051141964,1960,19,0.00015485410832173153
W-2022-46,47,66,9,0.0002450313095562211,1961,1,6.600432123773207e-05
W-2022-46,57,89,41,0.00024426425818136323,1962,-291,-0.0012949105216053776
W-2022-46,52,19,6,0.00024398178269355888,1963,4,0.0001817559652018816
W-2022-46,76,41,4,0.0002424389356930723,1964,1,9.783274654817691e-05
W-2022-46,76,42,4,0.0002424389356930723,1965,-1,1.428620451579966e-06
W-2022-46,22,11,2,0.00024221872350732712,1966,2,0.00024221872350732712
W-2022-46,22,29,2,0.00024221872350732712,1967,1,0.00014169600537302876
W-2022-46,22,33,2,0.00024221872350732712,1968,1,0.00014169600537302876
W-2022-46,22,39,2,0.00024221872350732712,1969,2,0.00024221872350732712
W-2022-46,22,100,2,0.00024221872350732712,1970,1,0.00014169600537302876
W-2022-46,22,101,2,0.00024221872350732712,1971,1,0.00014169600537302876
W-2022-46,49,29,53,0.00024086748652505475,1972,-5,3.966233706085019e-05
W-2022-46,98,7,3,0.00023969319271332693,1973,-4,-0.0002528483215000139
W-2022-46,98,59,3,0.00023969319271332693,1974,2,0.00016933011925427825
W-2022-46,98,95,3,0.00023969319271332693,1975,-1,-4.175910112286783e-05
W-2022-46,62,9,91,0.0002394465889386201,1976,30,0.00011549786713441437
W-2022-46,55,19,73,0.00023757607316041265,1977,-72,-0.0001359456181458056
W-2022-46,65,24,2,0.00023637867864318638,1978,2,0.00023637867864318638
W-2022-46,65,75,2,0.00023637867864318638,1979,1,0.00014630481807752254
W-2022-46,65,78,2,0.00023637867864318638,1980,-3,-0.00021399062418513284
W-2022-46,65,88,2,0.00023637867864318638,1981,-1,-3.384290305380515e-05
W-2022-46,73,17,1,0.00023557126030624264,1982,1,0.00023557126030624264
W-2022-46,73,21,1,0.00023557126030624264,1983,0,3.452582403764594e-05
W-2022-46,73,22,1,0.00023557126030624264,1984,1,0.00023557126030624264
W-2022-46,73,24,1,0.00023557126030624264,1985,1,0.00023557126030624264
W-2022-46,73,89,1,0.00023557126030624264,1986,1,0.00023557126030624264
W-2022-46,73,100,1,0.00023557126030624264,1987,-1,-0.00016651961223095076
W-2022-46,73,101,1,0.00023557126030624264,1988,0,3.452582403764594e-05
W-2022-46,72,2,1,0.0002352387673488591,1989,1,0.0002352387673488591
W-2022-46,72,29,1,0.0002352387673488591,1990,1,0.0002352387673488591
W-2022-46,72,32,1,0.0002352387673488591,1991,1,0.0002352387673488591
W-2022-46,72,55,1,0.0002352387673488591,1992,1,0.0002352387673488591
W-2022-46,72,63,1,0.0002352387673488591,1993,-2,-0.0003213475035231261
W-2022-46,72,65,1,0.0002352387673488591,1994,-1,-0.00013581874656579766
W-2022-46,72,78,1,0.0002352387673488591,1995,0,4.971001039153072e-05
W-2022-46,97,6,2,0.0002346041055718475,1996,-2,-9.685098226375075e-05
W-2022-46,55,79,72,0.00023432160640479057,1997,-57,-9.798389827453464e-05
W-2022-46,60,9,13,0.00023329684331425084,1998,1,4.8871558607717564e-05
W-2022-46,66,27,55,0.00023230667860582203,1999,-26,-3.859270735556979e-05
W-2022-46,78,15,3,0.0002302732575990175,2000,0,3.158460272121102e-05
W-2022-46,78,65,3,0.0002302732575990175,2001,-7,-0.00043202225866033746
W-2022-46,61,52,33,0.00022969624411838405,2002,-50,-0.00021585043629044527
W-2022-46,17,94,33,0.00022752187312553003,2003,-2,1.8660169410775434e-05
W-2022-46,89,98,34,0.00022708601884813956,2004,-8,4.119595954035874e-05
W-2022-46,14,73,12,0.00022506470610300462,2005,-13,-0.00014475777910409596
W-2022-46,25,3,1,0.000225022502250225,2006,1,0.000225022502250225
W-2022-46,25,41,1,0.000225022502250225,2007,0,-3.758097154945439e-06
W-2022-46,25,67,1,0.000225022502250225,2008,1,0.000225022502250225
W-2022-46,25,74,1,0.000225022502250225,2009,-1,-0.0002325386965601159
W-2022-46,25,85,1,0.000225022502250225,2010,1,0.000225022502250225
W-2022-46,25,87,1,0.000225022502250225,2011,0,-3.758097154945439e-06
W-2022-46,25,90,1,0.000225022502250225,2012,-1,-0.0002325386965601159
W-2022-46,25,101,1,0.000225022502250225,2013,0,-3.758097154945439e-06
W-2022-46,53,52,4,0.00022286605749944285,2014,0,3.219920016591884e-05
W-2022-46,53,89,4,0.00022286605749944285,2015,-1,-1.5467514167462153e-05
W-2022-46,57,60,37,0.00022043359884659609,2016,-59,-0.00022462898807969043
W-2022-46,41,45,80,0.00022033408155115193,2017,-9,2.8418679585420705e-05
W-2022-46,88,84,4,0.00021973192704900023,2018,0,6.14798856117451e-06
W-2022-46,47,57,8,0.00021780560849441873,2019,3,0.0001059137407953631
W-2022-46,48,67,4,0.00021694326933506888,2020,2,0.00013591912413980068
W-2022-46,55,48,65,0.00021154033911543592,2021,-38,-5.378886229518806e-05
W-2022-46,93,41,3,0.0002109704641350211,2022,-5,-0.00022676208127973049
W-2022-46,93,75,3,0.0002109704641350211,2023,-7,-0.0003361952176334184
W-2022-46,89,88,31,0.00020704901718506842,2024,-17,-5.396764880966819e-06
W-2022-46,19,42,31,0.00020653998880686513,2025,-9,2.848072829780466e-06
W-2022-46,59,9,71,0.00020627721915066082,2026,23,9.41792829203743e-05
W-2022-46,62,19,78,0.0002052399333759601,2027,-162,-0.00028242716880452144
W-2022-46,52,46,5,0.0002033181522446324,2028,-2,-1.4472208976238135e-05
W-2022-46,68,29,8,0.00020234722784297855,2029,1,6.407562290470695e-05
W-2022-46,4,15,3,0.00020164000537706682,2030,0,6.505362473463347e-06
W-2022-46,4,25,3,0.00020164000537706682,2031,2,0.000136595124409199
W-2022-46,4,73,3,0.00020164000537706682,2032,1,7.155024344133117e-05
W-2022-46,89,67,30,0.00020037001663071138,2033,-29,-6.076125715879027e-05
W-2022-46,89,97,30,0.00020037001663071138,2034,5,8.972117180465136e-05
W-2022-46,44,89,9,0.00019904018400159233,2035,-16,-0.0002160009050662254
W-2022-46,101,46,52,0.00019862186979572504,2036,-12,4.558392845311287e-06
W-2022-46,64,8,1,0.00019782393669634025,2037,-2,-0.0003427166038442003
W-2022-46,64,19,1,0.00019782393669634025,2038,1,0.00019782393669634025
W-2022-46,64,73,1,0.00019782393669634025,2039,-1,-0.00016253642366402012
W-2022-46,91,18,44,0.00019628136040826522,2040,-24,-5.541760762596586e-05
W-2022-46,54,33,3,0.000195160031225605,2041,-6,-0.00023914002185551262
W-2022-46,54,56,3,0.000195160031225605,2042,2,0.00014690446977214748
W-2022-46,54,91,3,0.000195160031225605,2043,-4,-0.00014262889894859759
W-2022-46,79,41,8,0.0001943540158398523,2044,-10,-9.983573655043948e-05
W-2022-46,26,31,11,0.0001943291228690045,2045,6,0.00012421076307767674
W-2022-46,41,9,70,0.00019279232135725795,2046,35,0.00011731997226961083
W-2022-46,36,70,4,0.0001905034052483688,2047,3,0.00015406291257290784
W-2022-46,36,75,4,0.0001905034052483688,2048,-4,-0.00010102053615531896
W-2022-46,13,65,9,0.00018950560094331678,2049,-3,-3.8791870662185186e-05
W-2022-46,13,94,9,0.00018950560094331678,2050,0,1.8282497239190305e-05
W-2022-46,67,57,3,0.00018919089361165415,2051,1,9.488241056360398e-05
W-2022-46,67,84,3,0.00018919089361165415,2052,1,9.488241056360398e-05
W-2022-46,89,10,28,0.00018701201552199728,2053,-21,-2.985972033708035e-05
W-2022-46,76,60,3,0.00018182920176980423,2054,0,3.722301262490884e-05
W-2022-46,76,61,3,0.00018182920176980423,2055,-1,-1.097905042338963e-05
W-2022-46,76,93,3,0.00018182920176980423,2056,1,8.54250756732073e-05
W-2022-46,39,19,2,0.00018171906232963838,2057,1,0.00011906634633439999
W-2022-46,39,66,2,0.00018171906232963838,2058,1,0.00011906634633439999
W-2022-46,39,68,2,0.00018171906232963838,2059,-8,-0.0004448080976227455
W-2022-46,39,73,2,0.00018171906232963838,2060,1,0.00011906634633439999
W-2022-46,39,78,2,0.00018171906232963838,2061,-12,-0.0006954189616036991
W-2022-46,43,79,11,0.00018021560339460664,2062,-61,-0.0006441961444728006
W-2022-46,17,65,26,0.00017925965761405395,2063,-9,-2.960204610070064e-05
W-2022-46,49,19,39,0.0001772421127259837,2064,-20,-2.7432091039327855e-05
W-2022-46,68,94,7,0.00017705382436260624,2065,-7,-9.948938551393696e-05
W-2022-46,70,29,1,0.00017683465959328028,2066,1,0.00017683465959328028
W-2022-46,70,36,1,0.00017683465959328028,2067,-2,-0.0003167487560039556
W-2022-46,70,48,1,0.00017683465959328028,2068,1,0.00017683465959328028
W-2022-46,70,55,1,0.00017683465959328028,2069,0,1.2306854394201642e-05
W-2022-46,70,83,1,0.00017683465959328028,2070,1,0.00017683465959328028
W-2022-46,70,101,1,0.00017683465959328028,2071,-1,-0.000152220950804877
W-2022-46,55,12,54,0.00017574120480359293,2072,17,8.042877322890276e-05
W-2022-46,100,1,2,0.0001756388864494599,2073,1,7.931833164306422e-05
W-2022-46,100,8,2,0.0001756388864494599,2074,-2,-0.00020964333277612285
W-2022-46,100,36,2,0.0001756388864494599,2075,2,0.0001756388864494599
W-2022-46,100,89,2,0.0001756388864494599,2076,2,0.0001756388864494599
W-2022-46,19,68,26,0.00017322708738640302,2077,-4,2.0458150403589512e-05
W-2022-46,3,29,2,0.00017214666896195557,2078,2,0.00017214666896195557
W-2022-46,3,37,2,0.00017214666896195557,2079,0,2.3910677263171116e-05
W-2022-46,3,55,2,0.00017214666896195557,2080,2,0.00017214666896195557
W-2022-46,3,64,2,0.00017214666896195557,2081,0,2.3910677263171116e-05
W-2022-46,3,94,2,0.00017214666896195557,2082,-3,-0.0001984433102850056
W-2022-46,11,10,2,0.00017188037126160193,2083,1,9.887701310712683e-05
W-2022-46,11,22,2,0.00017188037126160193,2084,2,0.00017188037126160193
W-2022-46,11,47,2,0.00017188037126160193,2085,2,0.00017188037126160193
W-2022-46,11,59,2,0.00017188037126160193,2086,0,2.5873654952651725e-05
W-2022-46,11,63,2,0.00017188037126160193,2087,1,9.887701310712683e-05
W-2022-46,11,71,2,0.00017188037126160193,2088,1,9.887701310712683e-05
W-2022-46,11,80,2,0.00017188037126160193,2089,0,2.5873654952651725e-05
W-2022-46,11,81,2,0.00017188037126160193,2090,1,9.887701310712683e-05
W-2022-46,79,97,7,0.00017005976385987075,2091,-6,-4.241061286645105e-05
W-2022-46,14,15,9,0.00016879852957725345,2092,1,5.045533431098126e-05
W-2022-46,14,37,9,0.00016879852957725345,2093,-5,-3.830206213872289e-05
W-2022-46,14,65,9,0.00016879852957725345,2094,1,5.045533431098126e-05
W-2022-46,42,45,18,0.0001680405537869806,2095,8,9.773437035814804e-05
W-2022-46,61,18,24,0.0001670518139042793,2096,7,7.579526490488052e-05
W-2022-46,61,91,24,0.0001670518139042793,2097,-11,-2.0829316388600553e-05
W-2022-46,89,19,25,0.00016697501385892614,2098,-21,-3.6618860621024296e-05
W-2022-46,33,89,2,0.0001665972511453561,2099,-2,-7.934470655262716e-05
W-2022-46,15,72,2,0.00016572754391779913,2100,-1,-9.1960138610976e-05
W-2022-46,15,85,2,0.00016572754391779913,2101,-1,-9.1960138610976e-05
W-2022-46,17,85,24,0.00016547045318220365,2102,-13,-5.532620503053692e-05
W-2022-46,91,81,37,0.00016505478034331396,2103,-7,2.1907422035174e-06
W-2022-46,88,19,3,0.00016479894528675015,2104,2,0.00011140296066479373
W-2022-46,101,9,43,0.00016424500771569571,2105,-40,-8.743106395437211e-05
W-2022-46,41,19,59,0.00016249638514397456,2106,-5,2.4489803955134116e-05
W-2022-46,60,12,9,0.00016151319921755829,2107,5,0.00010003810431538053
W-2022-46,91,10,36,0.00016059384033403518,2108,1,3.104290090465156e-05
W-2022-46,41,58,58,0.00015974220912458515,2109,-20,-8.453311699314127e-06
W-2022-46,58,19,1,0.00015895724050230488,2110,-1,-0.00010364780151450183
W-2022-46,58,37,1,0.00015895724050230488,2111,1,0.00015895724050230488
W-2022-46,58,52,1,0.00015895724050230488,2112,1,0.00015895724050230488
W-2022-46,12,9,2,0.00015774114677813707,2113,0,5.09269615991083e-06
W-2022-46,50,60,45,0.00015553389602040605,2114,-25,-5.141668713677292e-05
W-2022-46,89,29,23,0.00015361701275021206,2115,-1,4.739412171719444e-05
W-2022-46,89,75,23,0.00015361701275021206,2116,-12,-1.2913700062719576e-06
W-2022-46,78,85,2,0.00015351550506601167,2117,2,0.00015351550506601167
W-2022-46,61,33,22,0.00015313082941225605,2118,0,3.503411894244586e-05
W-2022-46,68,72,6,0.0001517604208822339,2119,3,9.250116162297465e-05
W-2022-46,59,93,52,0.00015107627318076568,2120,-10,6.283105549978907e-06
W-2022-46,28,30,25,0.00015048456028411486,2121,-17,-5.522334428700865e-05
W-2022-46,14,20,8,0.00015004313740200306,2122,-8,-8.664325313054131e-05
W-2022-46,42,58,16,0.00014936938114398275,2123,-61,-0.000391988231258028
W-2022-46,43,19,9,0.0001474491300501327,2124,-2,2.1497335237056635e-05
W-2022-46,43,52,9,0.0001474491300501327,2125,-58,-0.000619711801993149
W-2022-46,13,19,7,0.00014739324517813526,2126,4,9.031887727675977e-05
W-2022-46,13,72,7,0.00014739324517813526,2127,-4,-6.187943712690822e-05
W-2022-46,29,61,26,0.00014712789375102565,2128,-7,-1.071699733599951e-05
W-2022-46,79,75,6,0.0001457655118798892,2129,0,4.770226108312529e-05
W-2022-46,49,54,32,0.00014542942582644817,2130,-16,-2.1085180626686655e-05
W-2022-46,36,21,3,0.00014287755393627662,2131,-2,-3.932490944102824e-05
W-2022-46,36,63,3,0.00014287755393627662,2132,0,3.35560759098937e-05
W-2022-46,36,74,3,0.00014287755393627662,2133,0,3.35560759098937e-05
W-2022-46,36,76,3,0.00014287755393627662,2134,-6,-0.00018508688014287213
W-2022-46,36,78,3,0.00014287755393627662,2135,-1,-2.8844167655672694e-06
W-2022-46,36,90,3,0.00014287755393627662,2136,3,0.00014287755393627662
W-2022-46,36,101,3,0.00014287755393627662,2137,-1,-2.8844167655672694e-06
W-2022-46,91,38,32,0.00014275008029692016,2138,1,2.8004962516608935e-05
W-2022-46,62,29,54,0.00014208918464489546,2139,11,5.4715495504225847e-05
W-2022-46,49,46,31,0.00014088475626937165,2140,-1,2.9875018633948437e-05
W-2022-46,93,10,2,0.00014064697609001407,2141,-3,-0.0001329358647942057
W-2022-46,93,33,2,0.00014064697609001407,2142,2,0.00014064697609001407
W-2022-46,93,66,2,0.00014064697609001407,2143,-2,-7.821929661736173e-05
W-2022-46,93,77,2,0.00014064697609001407,2144,-6,-0.0002970855693247375
W-2022-46,93,101,2,0.00014064697609001407,2145,-2,-7.821929661736173e-05
W-2022-46,89,46,21,0.00014025901164149796,2146,-4,2.9610166815437937e-05
W-2022-46,56,29,2,0.0001400364094664613,2147,2,0.0001400364094664613
W-2022-46,56,48,2,0.0001400364094664613,2148,-13,-0.0007215373986897708
W-2022-46,56,53,2,0.0001400364094664613,2149,-1,-3.2278352164785104e-05
W-2022-46,45,43,1,0.00013982102908277405,2150,0,3.516378156838368e-05
W-2022-46,45,50,1,0.00013982102908277405,2151,1,0.00013982102908277405
W-2022-46,45,60,1,0.00013982102908277405,2152,-9,-0.0009067514460611298
W-2022-46,50,19,39,0.00013479604321768525,2153,-23,-4.850304472153041e-05
W-2022-46,4,65,2,0.00013442667025137788,2154,-3,-0.00019079773458796124
W-2022-46,5,17,7,0.00013250298131707962,2155,0,2.3483996439570238e-05
W-2022-46,5,89,7,0.00013250298131707962,2156,-1,7.909855742783175e-06
W-2022-46,17,0,19,0.0001309974421025779,2157,-5,-1.222201187325381e-05
W-2022-46,54,52,2,0.00013010668748373666,2158,-2,-6.291555833009337e-05
W-2022-46,91,77,29,0.0001293672602690839,2159,-7,-3.885134572567846e-06
W-2022-46,27,99,1,0.0001278118609406953,2160,0,8.530569754700322e-05
W-2022-46,75,50,8,0.00012768538321575638,2161,0,2.6414432787886605e-05
W-2022-46,75,89,8,0.00012768538321575638,2162,-3,-1.156217362256455e-05
W-2022-46,89,45,19,0.00012690101053278388,2163,14,0.00010477124156757188
W-2022-46,89,49,19,0.00012690101053278388,2164,-98,-0.000390935583253177
W-2022-46,41,56,46,0.00012669209689191235,2165,-21,-1.7783542790154974e-05
W-2022-46,68,0,5,0.0001264670174018616,2166,-2,-1.180458753641001e-05
W-2022-46,68,19,5,0.0001264670174018616,2167,-4,-5.13107603759162e-05
W-2022-46,68,55,5,0.0001264670174018616,2168,4,0.0001067139309821085
W-2022-46,67,32,2,0.00012612726240776944,2169,2,0.00012612726240776944
W-2022-46,67,61,2,0.00012612726240776944,2170,-3,-0.00010964394521235598
W-2022-46,67,65,2,0.00012612726240776944,2171,2,0.00012612726240776944
W-2022-46,67,101,2,0.00012612726240776944,2172,-3,-0.00010964394521235598
W-2022-46,60,33,7,0.00012562137716921198,2173,-10,-0.00013564777616504348
W-2022-46,61,98,18,0.0001252888604282095,2174,5,5.550444060513983e-05
W-2022-46,18,23,1,0.00012518778167250875,2175,0,3.926974747713114e-05
W-2022-46,18,49,1,0.00012518778167250875,2176,-2,-0.0001325663209136241
W-2022-46,18,52,1,0.00012518778167250875,2177,1,0.00012518778167250875
W-2022-46,18,57,1,0.00012518778167250875,2178,-1,-4.664828671824647e-05
W-2022-46,18,59,1,0.00012518778167250875,2179,1,0.00012518778167250875
W-2022-46,18,84,1,0.00012518778167250875,2180,0,3.926974747713114e-05
W-2022-46,18,86,1,0.00012518778167250875,2181,-2,-0.0001325663209136241
W-2022-46,18,95,1,0.00012518778167250875,2182,-5,-0.00039032042349975695
W-2022-46,59,58,43,0.00012492845666871007,2183,-107,-0.0002253775940509353
W-2022-46,92,3,1,0.00012422360248447205,2184,-4,-0.0003935355359643215
W-2022-46,92,5,1,0.00012422360248447205,2185,1,0.00012422360248447205
W-2022-46,92,63,1,0.00012422360248447205,2186,-2,-0.0001864318805848041
W-2022-46,92,85,1,0.00012422360248447205,2187,-2,-0.0001864318805848041
W-2022-46,92,87,1,0.00012422360248447205,2188,1,0.00012422360248447205
W-2022-46,82,61,2,0.00012214486380847684,2189,0,-8.03436431272346e-07
W-2022-46,82,63,2,0.00012214486380847684,2190,-5,-0.00030817418703064535
W-2022-46,82,100,2,0.00012214486380847684,2191,-3,-0.00018522588679089613
W-2022-46,52,29,3,0.00012199089134677944,2192,-1,-2.4607436365751425e-06
W-2022-46,76,5,2,0.00012121946784653615,2193,0,2.481534174993922e-05
W-2022-46,76,19,2,0.00012121946784653615,2194,1,7.301740479823769e-05
W-2022-46,76,70,2,0.00012121946784653615,2195,2,0.00012121946784653615
W-2022-46,76,89,2,0.00012121946784653615,2196,-9,-0.00040900322568474705
W-2022-46,76,101,2,0.00012121946784653615,2197,0,2.481534174993922e-05
W-2022-46,22,0,1,0.00012110936175366356,2198,1,0.00012110936175366356
W-2022-46,22,41,1,0.00012110936175366356,2199,0,2.058664361936521e-05
W-2022-46,22,61,1,0.00012110936175366356,2200,0,2.058664361936521e-05
W-2022-46,22,66,1,0.00012110936175366356,2201,1,0.00012110936175366356
W-2022-46,22,68,1,0.00012110936175366356,2202,0,2.058664361936521e-05
W-2022-46,22,78,1,0.00012110936175366356,2203,1,0.00012110936175366356
W-2022-46,22,89,1,0.00012110936175366356,2204,-1,-7.993607451493314e-05
W-2022-46,22,91,1,0.00012110936175366356,2205,1,0.00012110936175366356
W-2022-46,89,43,18,0.00012022200997842683,2206,8,7.596247204800282e-05
W-2022-46,65,0,1,0.00011818933932159319,2207,1,0.00011818933932159319
W-2022-46,65,15,1,0.00011818933932159319,2208,1,0.00011818933932159319
W-2022-46,65,58,1,0.00011818933932159319,2209,1,0.00011818933932159319
W-2022-46,65,62,1,0.00011818933932159319,2210,1,0.00011818933932159319
W-2022-46,65,72,1,0.00011818933932159319,2211,0,2.8115478755929348e-05
W-2022-46,65,87,1,0.00011818933932159319,2212,0,2.8115478755929348e-05
W-2022-46,65,89,1,0.00011818933932159319,2213,1,0.00011818933932159319
W-2022-46,97,27,1,0.00011730205278592375,2214,1,0.00011730205278592375
W-2022-46,97,36,1,0.00011730205278592375,2215,1,0.00011730205278592375
W-2022-46,97,41,1,0.00011730205278592375,2216,1,0.00011730205278592375
W-2022-46,97,63,1,0.00011730205278592375,2217,-2,-0.00013128926309077495
W-2022-46,97,68,1,0.00011730205278592375,2218,0,3.443828082702419e-05
W-2022-46,97,93,1,0.00011730205278592375,2219,-8,-0.0006284718948441724
W-2022-46,97,96,1,0.00011730205278592375,2220,-3,-0.0002141530350496745
W-2022-46,59,53,40,0.0001162125178313582,2221,17,6.249892338767925e-05
W-2022-46,75,41,7,0.00011172471031378682,2222,-1,1.0453759885917051e-05
W-2022-46,75,63,7,0.00011172471031378682,2223,1,3.57714974928845e-05
W-2022-46,44,58,5,0.00011057788000088462,2224,-13,-0.00018825170412794417
W-2022-46,59,46,38,0.0001104018919397903,2225,-4,1.2316197738289591e-05
W-2022-46,88,8,2,0.00010986596352450011,2226,0,3.073994280587255e-06
W-2022-46,88,29,2,0.00010986596352450011,2227,2,0.00010986596352450011
W-2022-46,88,37,2,0.00010986596352450011,2228,-1,-5.032199034136918e-05
W-2022-46,88,55,2,0.00010986596352450011,2229,0,3.073994280587255e-06
W-2022-46,88,63,2,0.00010986596352450011,2230,-3,-0.00015711395958528207
W-2022-46,88,66,2,0.00010986596352450011,2231,-1,-5.032199034136918e-05
W-2022-46,88,76,2,0.00010986596352450011,2232,2,0.00010986596352450011
W-2022-46,48,40,2,0.00010847163466753444,2233,1,6.795956206990034e-05
W-2022-46,28,27,18,0.00010834888340456269,2234,-5,-4.300683384385901e-06
W-2022-46,13,15,5,0.00010528088941295376,2235,1,2.918173221111977e-05
W-2022-46,13,29,5,0.00010528088941295376,2236,-2,-2.7892635690255707e-05
W-2022-46,41,47,38,0.00010465868873679717,2237,-21,-2.256612829666512e-05
W-2022-46,62,46,39,0.00010261996668798005,2238,13,4.978936395176121e-05
W-2022-46,68,3,4,0.00010117361392148928,2239,-4,-5.6851077436535416e-05
W-2022-46,68,85,4,0.00010117361392148928,2240,-3,-3.709799101678232e-05
W-2022-46,43,46,6,9.82994200334218e-05,2241,2,5.2498767374121404e-05
W-2022-46,91,23,22,9.814068020413261e-05,2242,-4,1.9028394851619101e-06
W-2022-46,79,7,4,9.717700791992614e-05,2243,1,4.8145382521544185e-05
W-2022-46,17,36,14,9.652443102295212e-05,2244,5,4.281713578201523e-05
W-2022-46,41,48,35,9.639616067862897e-05,2245,5,3.170557574636002e-05
W-2022-46,29,5,17,9.61990074525937e-05,2246,4,3.401768672134137e-05
W-2022-46,29,101,17,9.61990074525937e-05,2247,4,3.401768672134137e-05
W-2022-46,14,0,5,9.377696087625193e-05,2248,4,7.898406146796791e-05
W-2022-46,14,2,5,9.377696087625193e-05,2249,0,1.981246383483181e-05
W-2022-46,14,72,5,9.377696087625193e-05,2250,-6,-6.894493261487234e-05
W-2022-46,14,91,5,9.377696087625193e-05,2251,-1,5.019564426547791e-06
W-2022-46,91,7,21,9.367974019485386e-05,2252,4,3.0754998186296095e-05
W-2022-46,89,18,14,9.350600776099864e-05,2253,-15,-3.4846652237230965e-05
W-2022-46,89,44,14,9.350600776099864e-05,2254,6,5.809837741665943e-05
W-2022-46,42,76,10,9.335586321498921e-05,2255,1,3.0080298129039898e-05
W-2022-46,55,53,28,9.112506915741855e-05,2256,6,3.4452812545440615e-05
W-2022-46,39,0,1,9.085953116481919e-05,2257,1,9.085953116481919e-05
W-2022-46,39,22,1,9.085953116481919e-05,2258,0,2.8206815169580797e-05
W-2022-46,39,34,1,9.085953116481919e-05,2259,0,2.8206815169580797e-05
W-2022-46,39,55,1,9.085953116481919e-05,2260,1,9.085953116481919e-05
W-2022-46,39,91,1,9.085953116481919e-05,2261,0,2.8206815169580797e-05
W-2022-46,39,92,1,9.085953116481919e-05,2262,1,9.085953116481919e-05
W-2022-46,39,99,1,9.085953116481919e-05,2263,1,9.085953116481919e-05
W-2022-46,61,29,13,9.048639919815129e-05,2264,-21,-9.202669880064627e-05
W-2022-46,50,53,26,8.986402881179016e-05,2265,-124,-0.00035360150652502195
W-2022-46,60,29,5,8.97295551208657e-05,2266,2,4.3623233944232387e-05
W-2022-46,60,56,5,8.97295551208657e-05,2267,-5,-6.395818213457869e-05
W-2022-46,60,58,5,8.97295551208657e-05,2268,0,1.288568649314351e-05
W-2022-46,57,29,15,8.936497250537679e-05,2269,-21,-7.753349759198064e-05
W-2022-46,91,75,20,8.921880018557511e-05,2270,-18,-5.143650548061284e-05
W-2022-46,100,5,1,8.781944322472996e-05,2271,1,8.781944322472996e-05
W-2022-46,100,32,1,8.781944322472996e-05,2272,0,-8.501111581665733e-06
W-2022-46,100,61,1,8.781944322472996e-05,2273,1,8.781944322472996e-05
W-2022-46,100,62,1,8.781944322472996e-05,2274,1,8.781944322472996e-05
W-2022-46,100,67,1,8.781944322472996e-05,2275,1,8.781944322472996e-05
W-2022-46,100,73,1,8.781944322472996e-05,2276,1,8.781944322472996e-05
W-2022-46,100,76,1,8.781944322472996e-05,2277,1,8.781944322472996e-05
W-2022-46,100,83,1,8.781944322472996e-05,2278,1,8.781944322472996e-05
W-2022-46,100,99,1,8.781944322472996e-05,2279,1,8.781944322472996e-05
W-2022-46,19,13,13,8.661354369320151e-05,2280,-2,1.0229075201794756e-05
W-2022-46,19,82,13,8.661354369320151e-05,2281,-8,-2.032471219476794e-05
W-2022-46,49,12,19,8.63487215844536e-05,2282,5,3.778196136895595e-05
W-2022-46,3,0,1,8.607333448097779e-05,2283,1,8.607333448097779e-05
W-2022-46,3,8,1,8.607333448097779e-05,2284,1,8.607333448097779e-05
W-2022-46,3,20,1,8.607333448097779e-05,2285,-3,-0.00021039864891659113
W-2022-46,3,22,1,8.607333448097779e-05,2286,1,8.607333448097779e-05
W-2022-46,3,25,1,8.607333448097779e-05,2287,1,8.607333448097779e-05
W-2022-46,3,87,1,8.607333448097779e-05,2288,1,8.607333448097779e-05
W-2022-46,11,5,1,8.594018563080097e-05,2289,0,1.2936827476325863e-05
W-2022-46,11,19,1,8.594018563080097e-05,2290,1,8.594018563080097e-05
W-2022-46,11,23,1,8.594018563080097e-05,2291,-2,-0.00013306988883262435
W-2022-46,11,32,1,8.594018563080097e-05,2292,1,8.594018563080097e-05
W-2022-46,11,41,1,8.594018563080097e-05,2293,0,1.2936827476325863e-05
W-2022-46,11,48,1,8.594018563080097e-05,2294,1,8.594018563080097e-05
W-2022-46,11,61,1,8.594018563080097e-05,2295,0,1.2936827476325863e-05
W-2022-46,11,101,1,8.594018563080097e-05,2296,1,8.594018563080097e-05
W-2022-46,29,89,15,8.488147716405325e-05,2297,3,2.7483334950589564e-05
W-2022-46,91,101,19,8.475786017629635e-05,2298,-6,-7.778525130406247e-06
W-2022-46,101,33,22,8.40323295289606e-05,2299,-8,-6.934925291545856e-06
W-2022-46,42,52,9,8.40202768934903e-05,2300,-14,-7.768394499282461e-05
W-2022-46,61,45,12,8.352590695213965e-05,2301,-3,3.005422540905425e-06
W-2022-46,33,29,1,8.329862557267805e-05,2302,0,2.1813136148182236e-05
W-2022-46,33,55,1,8.329862557267805e-05,2303,-2,-0.0001011578427008094
W-2022-46,33,59,1,8.329862557267805e-05,2304,-3,-0.0001626433321253052
W-2022-46,33,76,1,8.329862557267805e-05,2305,1,8.329862557267805e-05
W-2022-46,33,91,1,8.329862557267805e-05,2306,-1,-3.967235327631358e-05
W-2022-46,15,0,1,8.286377195889956e-05,2307,1,8.286377195889956e-05
W-2022-46,15,13,1,8.286377195889956e-05,2308,-4,-0.00034661569892239233
W-2022-46,15,17,1,8.286377195889956e-05,2309,-2,-0.00017482391056987558
W-2022-46,15,65,1,8.286377195889956e-05,2310,1,8.286377195889956e-05
W-2022-46,15,74,1,8.286377195889956e-05,2311,-1,-8.892801639361719e-05
W-2022-46,15,94,1,8.286377195889956e-05,2312,1,8.286377195889956e-05
W-2022-46,43,45,5,8.191618336118483e-05,2313,5,8.191618336118483e-05
W-2022-46,43,53,5,8.191618336118483e-05,2314,1,3.611553070188444e-05
W-2022-46,43,89,5,8.191618336118483e-05,2315,-65,-0.0007195952381765721
W-2022-46,47,12,3,8.167710318540702e-05,2316,2,5.9298729645595896e-05
W-2022-46,47,33,3,8.167710318540702e-05,2317,0,1.4541982565973647e-05
W-2022-46,52,58,2,8.132726089785297e-05,2318,1,5.021435215201432e-05
W-2022-46,52,66,2,8.132726089785297e-05,2319,1,5.021435215201432e-05
W-2022-46,52,68,2,8.132726089785297e-05,2320,2,8.132726089785297e-05
W-2022-46,52,75,2,8.132726089785297e-05,2321,1,5.021435215201432e-05
W-2022-46,91,41,18,8.029692016701759e-05,2322,3,2.4775088982996033e-05
W-2022-46,19,54,12,7.995096340910909e-05,2323,9,6.467406971082774e-05
W-2022-46,98,19,1,7.989773090444231e-05,2324,0,9.534657445393625e-06
W-2022-46,98,23,1,7.989773090444231e-05,2325,-3,-0.00020155456293175243
W-2022-46,98,29,1,7.989773090444231e-05,2326,1,7.989773090444231e-05
W-2022-46,98,36,1,7.989773090444231e-05,2327,1,7.989773090444231e-05
W-2022-46,98,49,1,7.989773090444231e-05,2328,0,9.534657445393625e-06
W-2022-46,98,52,1,7.989773090444231e-05,2329,1,7.989773090444231e-05
W-2022-46,98,53,1,7.989773090444231e-05,2330,1,7.989773090444231e-05
W-2022-46,98,68,1,7.989773090444231e-05,2331,-1,-6.0828416013655065e-05
W-2022-46,41,12,29,7.987110456229258e-05,2332,6,3.027498944755304e-05
W-2022-46,75,62,5,7.980336450984773e-05,2333,2,4.182675809939657e-05
W-2022-46,29,41,14,7.922271201978304e-05,2334,2,2.182456980631935e-05
W-2022-46,12,19,1,7.887057338906853e-05,2335,0,2.546348079955415e-06
W-2022-46,12,49,1,7.887057338906853e-05,2336,-12,-0.0009133443556294019
W-2022-46,12,58,1,7.887057338906853e-05,2337,-1,-7.37778772291577e-05
W-2022-46,12,67,1,7.887057338906853e-05,2338,-34,-0.0025924773124298907
W-2022-46,12,75,1,7.887057338906853e-05,2339,1,7.887057338906853e-05
W-2022-46,12,79,1,7.887057338906853e-05,2340,-31,-0.0023635046365025514
W-2022-46,55,97,24,7.810720213493019e-05,2341,-11,-1.205320611139835e-05
W-2022-46,57,46,13,7.744964283799321e-05,2342,3,3.108895669983837e-05
W-2022-46,78,1,1,7.675775253300584e-05,2343,0,1.052820090707035e-05
W-2022-46,78,16,1,7.675775253300584e-05,2344,1,7.675775253300584e-05
W-2022-46,78,20,1,7.675775253300584e-05,2345,1,7.675775253300584e-05
W-2022-46,78,36,1,7.675775253300584e-05,2346,-1,-5.570135071886514e-05
W-2022-46,78,37,1,7.675775253300584e-05,2347,0,1.052820090707035e-05
W-2022-46,78,89,1,7.675775253300584e-05,2348,0,1.052820090707035e-05
W-2022-46,68,15,3,7.588021044111695e-05,2349,-2,-2.2885221657648476e-05
W-2022-46,68,50,3,7.588021044111695e-05,2350,2,5.6127124021363864e-05
W-2022-46,68,61,3,7.588021044111695e-05,2351,1,3.637403760161078e-05
W-2022-46,68,63,3,7.588021044111695e-05,2352,-7,-0.0001216506537564139
W-2022-46,68,65,3,7.588021044111695e-05,2353,-3,-4.263830807740157e-05
W-2022-46,68,91,3,7.588021044111695e-05,2354,-5,-8.214448091690774e-05
W-2022-46,30,27,2,7.566585956416465e-05,2355,0,1.380763860659939e-05
W-2022-46,30,31,2,7.566585956416465e-05,2356,1,4.473674908538202e-05
W-2022-46,14,74,4,7.502156870100153e-05,2357,-1,1.057071659581413e-06
W-2022-46,42,46,8,7.468469057199137e-05,2358,6,6.062345388622486e-05
W-2022-46,29,31,13,7.356394687551283e-05,2359,-4,-7.750087926894076e-06
W-2022-46,29,40,13,7.356394687551283e-05,2360,0,1.1382626144260498e-05
W-2022-46,89,11,11,7.346900609792751e-05,2361,-2,1.5931606788376307e-05
W-2022-46,89,76,11,7.346900609792751e-05,2362,-1,2.0357560581418703e-05
W-2022-46,79,52,3,7.28827559399446e-05,2363,2,5.653888080715062e-05
W-2022-46,79,59,3,7.28827559399446e-05,2364,-4,-4.152436998961329e-05
W-2022-46,79,96,3,7.28827559399446e-05,2365,-2,-8.83661972402532e-06
W-2022-46,101,29,19,7.257337550228416e-05,2366,-38,-0.00010026440865667809
W-2022-46,26,89,4,7.066513558872891e-05,2367,2,4.261779167219781e-05
W-2022-46,93,7,1,7.032348804500703e-05,2368,0,1.5606919868163085e-05
W-2022-46,93,11,1,7.032348804500703e-05,2369,-4,-0.00020325935283921272
W-2022-46,93,14,1,7.032348804500703e-05,2370,0,1.5606919868163085e-05
W-2022-46,93,23,1,7.032348804500703e-05,2371,1,7.032348804500703e-05
W-2022-46,93,25,1,7.032348804500703e-05,2372,1,7.032348804500703e-05
W-2022-46,93,42,1,7.032348804500703e-05,2373,1,7.032348804500703e-05
W-2022-46,93,47,1,7.032348804500703e-05,2374,-1,-3.910964830868086e-05
W-2022-46,93,48,1,7.032348804500703e-05,2375,1,7.032348804500703e-05
W-2022-46,93,49,1,7.032348804500703e-05,2376,0,1.5606919868163085e-05
W-2022-46,93,50,1,7.032348804500703e-05,2377,1,7.032348804500703e-05
W-2022-46,93,62,1,7.032348804500703e-05,2378,0,1.5606919868163085e-05
W-2022-46,93,63,1,7.032348804500703e-05,2379,1,7.032348804500703e-05
W-2022-46,93,95,1,7.032348804500703e-05,2380,1,7.032348804500703e-05
W-2022-46,93,97,1,7.032348804500703e-05,2381,-4,-0.00020325935283921272
W-2022-46,56,32,1,7.001820473323065e-05,2382,1,7.001820473323065e-05
W-2022-46,56,46,1,7.001820473323065e-05,2383,1,7.001820473323065e-05
W-2022-46,56,47,1,7.001820473323065e-05,2384,-2,-0.00010229655689801575
W-2022-46,56,52,1,7.001820473323065e-05,2385,-2,-0.00010229655689801575
W-2022-46,56,54,1,7.001820473323065e-05,2386,1,7.001820473323065e-05
W-2022-46,61,75,10,6.960492246011638e-05,2387,-12,-4.84917880096938e-05
W-2022-46,50,44,20,6.912617600906935e-05,2388,-3,1.1281272574248331e-06
W-2022-46,17,35,10,6.894602215925153e-05,2389,4,3.31411586652936e-05
W-2022-46,4,22,1,6.721333512568894e-05,2390,1,6.721333512568894e-05
W-2022-46,4,26,1,6.721333512568894e-05,2391,1,6.721333512568894e-05
W-2022-46,4,36,1,6.721333512568894e-05,2392,0,2.1684541578211155e-06
W-2022-46,4,42,1,6.721333512568894e-05,2393,1,6.721333512568894e-05
W-2022-46,4,55,1,6.721333512568894e-05,2394,0,2.1684541578211155e-06
W-2022-46,4,61,1,6.721333512568894e-05,2395,1,6.721333512568894e-05
W-2022-46,4,75,1,6.721333512568894e-05,2396,1,6.721333512568894e-05
W-2022-46,4,93,1,6.721333512568894e-05,2397,-1,-6.287642681004671e-05
W-2022-46,4,101,1,6.721333512568894e-05,2398,0,2.1684541578211155e-06
W-2022-46,91,6,15,6.691410013918133e-05,2399,-9,-2.192082975525316e-05
W-2022-46,91,59,15,6.691410013918133e-05,2400,-11,-2.9323740579789364e-05
W-2022-46,91,95,15,6.691410013918133e-05,2401,3,2.2496635191964086e-05
W-2022-46,89,42,10,6.679000554357046e-05,2402,-3,9.252606234019255e-06
W-2022-46,44,12,3,6.634672800053077e-05,2403,-6,-8.306806406388362e-05
W-2022-46,44,19,3,6.634672800053077e-05,2404,0,1.654179731239264e-05
W-2022-46,55,56,20,6.508933511244182e-05,2405,-5,6.890435079214338e-07
W-2022-46,54,3,1,6.505334374186833e-05,2406,-1,-3.1457779165046685e-05
W-2022-46,54,28,1,6.505334374186833e-05,2407,1,6.505334374186833e-05
W-2022-46,54,30,1,6.505334374186833e-05,2408,0,1.6797782288410823e-05
W-2022-46,54,46,1,6.505334374186833e-05,2409,1,6.505334374186833e-05
W-2022-46,54,50,1,6.505334374186833e-05,2410,-4,-0.00017622446352541922
W-2022-46,54,87,1,6.505334374186833e-05,2411,-2,-7.971334061850421e-05
W-2022-46,101,11,17,6.493407281783318e-05,2412,-10,-1.6936456520622617e-05
W-2022-46,101,91,17,6.493407281783318e-05,2413,-43,-0.00011700043682317972
W-2022-46,99,89,1,6.401638819537802e-05,2414,0,6.259659536489254e-06
W-2022-46,75,42,4,6.384269160787819e-05,2415,0,1.3207216393943302e-05
W-2022-46,13,0,3,6.316853364777226e-05,2416,1,2.511895504685526e-05
W-2022-46,13,83,3,6.316853364777226e-05,2417,1,2.511895504685526e-05
W-2022-46,13,101,3,6.316853364777226e-05,2418,2,4.4143744347313753e-05
W-2022-46,67,19,1,6.306363120388472e-05,2419,1,6.306363120388472e-05
W-2022-46,67,37,1,6.306363120388472e-05,2420,1,6.306363120388472e-05
W-2022-46,67,46,1,6.306363120388472e-05,2421,1,6.306363120388472e-05
W-2022-46,67,49,1,6.306363120388472e-05,2422,1,6.306363120388472e-05
W-2022-46,67,56,1,6.306363120388472e-05,2423,1,6.306363120388472e-05
W-2022-46,67,62,1,6.306363120388472e-05,2424,0,1.5909389679859635e-05
W-2022-46,67,66,1,6.306363120388472e-05,2425,1,6.306363120388472e-05
W-2022-46,67,68,1,6.306363120388472e-05,2426,-1,-3.124485184416545e-05
W-2022-46,67,75,1,6.306363120388472e-05,2427,0,1.5909389679859635e-05
W-2022-46,67,86,1,6.306363120388472e-05,2428,-1,-3.124485184416545e-05
W-2022-46,50,58,18,6.221355840816242e-05,2429,-25,-6.491322838839037e-05
W-2022-46,101,18,16,6.111442147560771e-05,2430,3,2.1695277720054915e-05
W-2022-46,82,15,1,6.107243190423842e-05,2431,-2,-0.00012335001845538538
W-2022-46,82,65,1,6.107243190423842e-05,2432,-1,-6.187586833551077e-05
W-2022-46,82,75,1,6.107243190423842e-05,2433,0,-4.01718215636173e-07
W-2022-46,82,90,1,6.107243190423842e-05,2434,-2,-0.00012335001845538538
W-2022-46,82,91,1,6.107243190423842e-05,2435,1,6.107243190423842e-05
W-2022-46,76,49,1,6.0609733923268075e-05,2436,-1,-3.5794392173328856e-05
W-2022-46,76,55,1,6.0609733923268075e-05,2437,-1,-3.5794392173328856e-05
W-2022-46,76,68,1,6.0609733923268075e-05,2438,0,1.240767087496961e-05
W-2022-46,76,90,1,6.0609733923268075e-05,2439,0,1.240767087496961e-05
W-2022-46,62,12,23,6.051946753393695e-05,2440,-3,7.688864797718115e-06
W-2022-46,28,40,10,6.019382411364594e-05,2441,7,4.550040235856569e-05
W-2022-46,19,53,9,5.996322255683181e-05,2442,2,2.4317137260841993e-05
W-2022-46,19,88,9,5.996322255683181e-05,2443,-14,-5.715962912999187e-05
W-2022-46,57,9,10,5.9576648336917864e-05,2444,4,3.176023665402496e-05
W-2022-46,57,19,10,5.9576648336917864e-05,2445,5,3.639630526784044e-05
W-2022-46,50,46,17,5.875724960770895e-05,2446,8,3.214931748750023e-05
W-2022-46,91,86,13,5.799222012062382e-05,2447,-1,6.171844348870368e-06
W-2022-46,41,91,21,5.7837696407177384e-05,2448,-52,-9.957606026134375e-05
W-2022-46,101,88,15,5.729477013338223e-05,2449,-2,5.746659068428578e-06
W-2022-46,29,13,10,5.6587651442702176e-05,2450,5,3.267175885375897e-05
W-2022-46,14,36,3,5.6266176525751156e-05,2451,-8,-0.00010645571696537312
W-2022-46,14,76,3,5.6266176525751156e-05,2452,3,5.6266176525751156e-05
W-2022-46,14,101,3,5.6266176525751156e-05,2453,-2,-1.7698320515668963e-05
W-2022-46,42,75,6,5.601351792899353e-05,2454,-3,-7.262047156955782e-06
W-2022-46,53,9,1,5.571651437486071e-05,2455,1,5.571651437486071e-05
W-2022-46,53,45,1,5.571651437486071e-05,2456,1,5.571651437486071e-05
W-2022-46,53,46,1,5.571651437486071e-05,2457,0,8.04980004147971e-06
W-2022-46,53,51,1,5.571651437486071e-05,2458,1,5.571651437486071e-05
W-2022-46,53,56,1,5.571651437486071e-05,2459,1,5.571651437486071e-05
W-2022-46,55,67,17,5.5325934845575554e-05,2460,-8,-9.074356758944836e-06
W-2022-46,55,77,17,5.5325934845575554e-05,2461,6,2.6989806539586584e-05
W-2022-46,17,5,8,5.515681772740122e-05,2462,-5,-2.2420386509507626e-05
W-2022-46,17,29,8,5.515681772740122e-05,2463,4,3.128690873142927e-05
W-2022-46,32,27,8,5.494467757776389e-05,2464,0,9.756128356136652e-06
W-2022-46,88,32,1,5.493298176225006e-05,2465,1,5.493298176225006e-05
W-2022-46,88,39,1,5.493298176225006e-05,2466,1,5.493298176225006e-05
W-2022-46,88,42,1,5.493298176225006e-05,2467,-3,-0.00015865095672557567
W-2022-46,88,47,1,5.493298176225006e-05,2468,1,5.493298176225006e-05
W-2022-46,88,50,1,5.493298176225006e-05,2469,1,5.493298176225006e-05
W-2022-46,88,75,1,5.493298176225006e-05,2470,1,5.493298176225006e-05
W-2022-46,66,89,13,5.490885130683066e-05,2471,4,2.4808919533342682e-05
W-2022-46,49,75,12,5.453603468491806e-05,2472,3,2.3314545974955283e-05
W-2022-46,47,9,2,5.445140212360468e-05,2473,-3,-5.744046557545095e-05
W-2022-46,47,32,2,5.445140212360468e-05,2474,-2,-3.506209203563983e-05
W-2022-46,47,46,2,5.445140212360468e-05,2475,-3,-5.744046557545095e-05
W-2022-46,47,91,2,5.445140212360468e-05,2476,-6,-0.00012457558619488433
W-2022-46,48,11,1,5.423581733376722e-05,2477,-1,-2.678832786150097e-05
W-2022-46,48,19,1,5.423581733376722e-05,2478,-1,-2.678832786150097e-05
W-2022-46,48,29,1,5.423581733376722e-05,2479,1,5.423581733376722e-05
W-2022-46,48,33,1,5.423581733376722e-05,2480,0,1.3723744736133125e-05
W-2022-46,48,37,1,5.423581733376722e-05,2481,0,1.3723744736133125e-05
W-2022-46,48,68,1,5.423581733376722e-05,2482,-1,-2.678832786150097e-05
W-2022-46,48,79,1,5.423581733376722e-05,2483,0,1.3723744736133125e-05
W-2022-46,28,89,9,5.4174441702281345e-05,2484,5,3.458321269550768e-05
W-2022-46,60,87,3,5.383773307251943e-05,2485,2,3.846895934697499e-05
W-2022-46,91,62,12,5.353128011134506e-05,2486,0,9.113815164127814e-06
W-2022-46,89,68,8,5.343200443485637e-05,2487,1,2.2450327883559567e-05
W-2022-46,19,4,8,5.330064227273939e-05,2488,2,2.2746854876176693e-05
W-2022-46,26,41,3,5.2998851691546685e-05,2489,2,3.8975179733281134e-05
W-2022-46,41,79,19,5.2329344368398584e-05,2490,-53,-0.00010292805946904692
W-2022-46,55,29,16,5.207146808995346e-05,2491,3,1.858331645560286e-05
W-2022-46,29,79,9,5.0928886298431955e-05,2492,3,2.222981519170011e-05
W-2022-46,68,1,2,5.058680696074464e-05,2493,2,5.058680696074464e-05
W-2022-46,68,20,2,5.058680696074464e-05,2494,0,1.1080634121238465e-05
W-2022-46,68,24,2,5.058680696074464e-05,2495,2,5.058680696074464e-05
W-2022-46,68,28,2,5.058680696074464e-05,2496,-1,-8.672452298514622e-06
W-2022-46,68,66,2,5.058680696074464e-05,2497,2,5.058680696074464e-05
W-2022-46,68,73,2,5.058680696074464e-05,2498,-1,-8.672452298514622e-06
W-2022-46,62,91,19,4.999434274542617e-05,2499,-68,-0.00012678498179499837
W-2022-46,41,29,18,4.9575168349009184e-05,2500,-23,-3.883529772509172e-05
W-2022-46,91,96,11,4.9070340102066304e-05,2501,7,3.426451845299389e-05
W-2022-46,79,28,2,4.858850395996307e-05,2502,0,1.59007536943751e-05
W-2022-46,79,62,2,4.858850395996307e-05,2503,-7,-9.85063722351828e-05
W-2022-46,79,80,2,4.858850395996307e-05,2504,-8,-0.00011485024736797677
W-2022-46,79,84,2,4.858850395996307e-05,2505,-1,-4.431214384188867e-07
W-2022-46,75,55,3,4.788201870590864e-05,2506,0,9.90541229545748e-06
W-2022-46,75,61,3,4.788201870590864e-05,2507,-2,-1.5412325311509963e-05
W-2022-46,75,101,3,4.788201870590864e-05,2508,0,9.90541229545748e-06
W-2022-46,36,5,1,4.76258513120922e-05,2509,0,1.1185358636631232e-05
W-2022-46,36,18,1,4.76258513120922e-05,2510,0,1.1185358636631232e-05
W-2022-46,36,27,1,4.76258513120922e-05,2511,1,4.76258513120922e-05
W-2022-46,36,35,1,4.76258513120922e-05,2512,1,4.76258513120922e-05
W-2022-46,36,61,1,4.76258513120922e-05,2513,1,4.76258513120922e-05
W-2022-46,36,72,1,4.76258513120922e-05,2514,1,4.76258513120922e-05
W-2022-46,36,89,1,4.76258513120922e-05,2515,0,1.1185358636631232e-05
W-2022-46,36,91,1,4.76258513120922e-05,2516,1,4.76258513120922e-05
W-2022-46,36,94,1,4.76258513120922e-05,2517,1,4.76258513120922e-05
W-2022-46,36,100,1,4.76258513120922e-05,2518,-5,-0.00017101710474067363
W-2022-46,89,28,7,4.675300388049932e-05,2519,1,2.0197281122244915e-05
W-2022-46,19,14,7,4.6638061988646966e-05,2520,-2,8.073808938029154e-07
W-2022-46,49,56,10,4.5446695570765047e-05,2521,-13,-3.434155335469539e-05
W-2022-46,29,17,8,4.527012115416174e-05,2522,-2,-2.561664023724669e-06
W-2022-46,50,29,13,4.493201440589508e-05,2523,-20,-5.2630403368203574e-05
W-2022-46,50,54,13,4.493201440589508e-05,2524,8,3.014982989466801e-05
W-2022-46,44,9,2,4.423115200035385e-05,2525,0,1.102786487492843e-05
W-2022-46,44,32,2,4.423115200035385e-05,2526,0,1.102786487492843e-05
W-2022-46,44,45,2,4.423115200035385e-05,2527,2,4.423115200035385e-05
W-2022-46,59,91,15,4.357969418675933e-05,2528,-37,-7.785973672938441e-05
W-2022-46,55,75,13,4.230806782308719e-05,2529,-8,-1.1788177124709935e-05
W-2022-46,28,62,7,4.213567687955216e-05,2530,-3,-6.842395637382007e-06
W-2022-46,13,63,2,4.21123557651815e-05,2531,-1,-1.496201213619399e-05
W-2022-46,13,73,2,4.21123557651815e-05,2532,1,2.3087566464723003e-05
W-2022-46,61,51,6,4.1762953476069824e-05,2533,0,9.554759711576136e-06
W-2022-46,61,76,6,4.1762953476069824e-05,2534,-3,-6.5493371706707045e-06
W-2022-46,17,1,6,4.136761329555091e-05,2535,3,2.346518154857195e-05
W-2022-46,32,89,6,4.120850818332292e-05,2536,3,2.4262802225212704e-05
W-2022-46,59,12,14,4.067438124097537e-05,2537,-9,-1.3039213202703588e-05
W-2022-46,59,19,14,4.067438124097537e-05,2538,-37,-7.842967600370405e-05
W-2022-46,52,18,1,4.066363044892648e-05,2539,0,9.550721703087837e-06
W-2022-46,52,28,1,4.066363044892648e-05,2540,1,4.066363044892648e-05
W-2022-46,52,38,1,4.066363044892648e-05,2541,1,4.066363044892648e-05
W-2022-46,52,45,1,4.066363044892648e-05,2542,1,4.066363044892648e-05
W-2022-46,52,48,1,4.066363044892648e-05,2543,1,4.066363044892648e-05
W-2022-46,52,56,1,4.066363044892648e-05,2544,1,4.066363044892648e-05
W-2022-46,91,50,9,4.0148460083508796e-05,2545,0,6.835361373095861e-06
W-2022-46,91,68,9,4.0148460083508796e-05,2546,-3,-4.269004863708451e-06
W-2022-46,89,48,6,4.0074003326142275e-05,2547,-8,-2.1889349776451333e-05
W-2022-46,89,96,6,4.0074003326142275e-05,2548,4,3.122209574005748e-05
W-2022-46,19,17,6,3.997548170455454e-05,2549,-11,-4.659358258570644e-05
W-2022-46,19,52,6,3.997548170455454e-05,2550,1,1.451399220741896e-05
W-2022-46,19,78,6,3.997548170455454e-05,2551,-1,4.329396408564725e-06
W-2022-46,29,55,7,3.961135600989152e-05,2552,1,1.0912284903159675e-05
W-2022-46,29,57,7,3.961135600989152e-05,2553,-2,-3.437250650206246e-06
W-2022-46,55,76,12,3.9053601067465094e-05,2554,-2,2.9894377689336805e-06
W-2022-46,5,14,2,3.785799466202275e-05,2555,-1,-8.864427428338412e-06
W-2022-46,30,42,1,3.7832929782082326e-05,2556,1,3.7832929782082326e-05
W-2022-46,30,44,1,3.7832929782082326e-05,2557,1,3.7832929782082326e-05
W-2022-46,14,5,2,3.7510784350500766e-05,2558,-1,-6.867913874351303e-06
W-2022-46,14,19,2,3.7510784350500766e-05,2559,1,2.271788494221674e-05
W-2022-46,14,25,2,3.7510784350500766e-05,2560,-2,-2.1660813282635328e-05
W-2022-46,14,32,2,3.7510784350500766e-05,2561,1,2.271788494221674e-05
W-2022-46,14,66,2,3.7510784350500766e-05,2562,1,2.271788494221674e-05
W-2022-46,14,89,2,3.7510784350500766e-05,2563,1,2.271788494221674e-05
W-2022-46,49,91,8,3.635735645661204e-05,2564,-14,-3.9961838167741416e-05
W-2022-46,60,46,2,3.5891822048346284e-05,2565,-5,-7.168959403046479e-05
W-2022-46,60,66,2,3.5891822048346284e-05,2566,2,3.5891822048346284e-05
W-2022-46,60,75,2,3.5891822048346284e-05,2567,-3,-4.095204657937591e-05
W-2022-46,60,76,2,3.5891822048346284e-05,2568,1,2.0523048322801845e-05
W-2022-46,41,40,13,3.580428825206219e-05,2569,5,1.8553465603457136e-05
W-2022-46,55,51,11,3.579913431184301e-05,2570,-1,4.886994341673222e-06
W-2022-46,91,69,8,3.568752007423004e-05,2571,-12,-3.8341588171132036e-05
W-2022-46,26,4,2,3.5332567794364456e-05,2572,2,3.5332567794364456e-05
W-2022-46,26,40,2,3.5332567794364456e-05,2573,2,3.5332567794364456e-05
W-2022-46,26,88,2,3.5332567794364456e-05,2574,1,2.1308895836098905e-05
W-2022-46,61,12,5,3.480246123005819e-05,2575,-9,-4.034999088709374e-05
W-2022-46,17,15,5,3.447301107962576e-05,2576,-2,-7.299329663325154e-06
W-2022-46,17,19,5,3.447301107962576e-05,2577,3,2.2538056581639785e-05
W-2022-46,17,63,5,3.447301107962576e-05,2578,-2,-7.299329663325154e-06
W-2022-46,32,41,5,3.4340423486102434e-05,2579,2,1.739471752799222e-05
W-2022-46,29,50,6,3.3952590865621306e-05,2580,0,5.2535197588894605e-06
W-2022-46,89,26,5,3.339500277178523e-05,2581,-4,-6.438581365596372e-06
W-2022-46,89,77,5,3.339500277178523e-05,2582,-3,-2.012627572553976e-06
W-2022-46,19,9,5,3.3312901420462114e-05,2583,-8,-3.2886971272090394e-05
W-2022-46,19,70,5,3.3312901420462114e-05,2584,4,2.8220603521034998e-05
W-2022-46,19,91,5,3.3312901420462114e-05,2585,-22,-0.00010417914186407003
W-2022-46,41,18,12,3.305011223267279e-05,2586,-14,-2.3015061375293637e-05
W-2022-46,59,11,11,3.195844240362351e-05,2587,-2,1.5985846745875744e-06
W-2022-46,75,36,2,3.1921345803939094e-05,2588,-2,-1.8714129409995792e-05
W-2022-46,75,65,2,3.1921345803939094e-05,2589,2,3.1921345803939094e-05
W-2022-46,91,11,7,3.122658006495129e-05,2590,-17,-5.760834982948321e-05
W-2022-46,91,40,7,3.122658006495129e-05,2591,0,5.316392179074563e-06
W-2022-46,50,56,9,3.110677920408121e-05,2592,-2,-1.4140267206183365e-06
W-2022-46,101,75,8,3.0557210737803854e-05,2593,-9,-2.0990900327149795e-05
W-2022-46,101,87,8,3.0557210737803854e-05,2594,-2,2.3479246430170429e-07
W-2022-46,41,14,11,3.029593621328339e-05,2595,-4,-2.0493562528510855e-06
W-2022-46,41,75,11,3.029593621328339e-05,2596,-10,-1.4987473239304878e-05
W-2022-46,57,51,5,2.9788324168458932e-05,2597,-5,-1.6572361969695916e-05
W-2022-46,55,45,9,2.929020080059882e-05,2598,0,6.106095822971481e-06
W-2022-46,55,58,9,2.929020080059882e-05,2599,-9,-1.707800915465586e-05
W-2022-46,55,88,9,2.929020080059882e-05,2600,-1,3.530084158790666e-06
W-2022-46,59,33,10,2.905312945783955e-05,2601,-1,3.3640190717322207e-06
W-2022-46,29,14,5,2.8293825721351088e-05,2602,-1,-4.0524538538075713e-07
W-2022-46,29,49,5,2.8293825721351088e-05,2603,-3,-9.971602420958041e-06
W-2022-46,29,62,5,2.8293825721351088e-05,2604,2,1.3944290167985165e-05
W-2022-46,29,67,5,2.8293825721351088e-05,2605,1,9.161111650196523e-06
W-2022-46,29,75,5,2.8293825721351088e-05,2606,0,4.377933132407883e-06
W-2022-46,61,17,4,2.7841968984046552e-05,2607,1,1.1737872101799708e-05
W-2022-46,61,88,4,2.7841968984046552e-05,2608,3,2.247393668996427e-05
W-2022-46,61,93,4,2.7841968984046552e-05,2609,-9,-4.19424508390231e-05
W-2022-46,61,97,4,2.7841968984046552e-05,2610,-1,1.001807513635145e-06
W-2022-46,50,48,8,2.765047040362774e-05,2611,-13,-3.4434704543525947e-05
W-2022-46,17,89,4,2.757840886370061e-05,2612,0,3.7084998677286565e-06
W-2022-46,32,3,4,2.7472338788881945e-05,2613,4,2.7472338788881945e-05
W-2022-46,32,61,4,2.7472338788881945e-05,2614,4,2.7472338788881945e-05
W-2022-46,32,91,4,2.7472338788881945e-05,2615,3,2.182377013617854e-05
W-2022-46,49,68,6,2.726801734245903e-05,2616,-7,-1.7829688571931645e-05
W-2022-46,47,28,1,2.722570106180234e-05,2617,0,4.8473275219912136e-06
W-2022-46,47,67,1,2.722570106180234e-05,2618,-4,-8.466616663725329e-05
W-2022-46,47,69,1,2.722570106180234e-05,2619,1,2.722570106180234e-05
W-2022-46,101,77,7,2.673755939557837e-05,2620,-2,-5.526170505735644e-07
W-2022-46,89,32,4,2.6716002217428186e-05,2621,2,1.7864094631343384e-05
W-2022-46,89,40,4,2.6716002217428186e-05,2622,2,1.7864094631343384e-05
W-2022-46,89,81,4,2.6716002217428186e-05,2623,-5,-1.3117581919953417e-05
W-2022-46,19,75,4,2.6650321136369694e-05,2624,-1,1.188831639234111e-06
W-2022-46,62,32,10,2.6312811971276936e-05,2625,2,1.005724189859422e-05
W-2022-46,55,46,8,2.603573404497673e-05,2626,-2,2.756174031685749e-07
W-2022-46,66,13,6,2.5342546756998765e-05,2627,2,1.1964799302115219e-05
W-2022-46,68,35,1,2.529340348037232e-05,2628,-1,-1.4212769359133854e-05
W-2022-46,68,37,1,2.529340348037232e-05,2629,1,2.529340348037232e-05
W-2022-46,68,49,1,2.529340348037232e-05,2630,-1,-1.4212769359133854e-05
W-2022-46,68,62,1,2.529340348037232e-05,2631,-1,-1.4212769359133854e-05
W-2022-46,68,75,1,2.529340348037232e-05,2632,-5,-9.32251150381462e-05
W-2022-46,68,79,1,2.529340348037232e-05,2633,-1,-1.4212769359133854e-05
W-2022-46,68,84,1,2.529340348037232e-05,2634,1,2.529340348037232e-05
W-2022-46,68,87,1,2.529340348037232e-05,2635,1,2.529340348037232e-05
W-2022-46,68,97,1,2.529340348037232e-05,2636,1,2.529340348037232e-05
W-2022-46,41,98,9,2.4787584174504592e-05,2637,-12,-2.0495825278083677e-05
W-2022-46,79,19,1,2.4294251979981536e-05,2638,-1,-8.393498285606436e-06
W-2022-46,79,23,1,2.4294251979981536e-05,2639,-2,-2.4737373418400423e-05
W-2022-46,79,25,1,2.4294251979981536e-05,2640,1,2.4294251979981536e-05
W-2022-46,79,29,1,2.4294251979981536e-05,2641,-1,-8.393498285606436e-06
W-2022-46,79,57,1,2.4294251979981536e-05,2642,0,7.95037684718755e-06
W-2022-46,79,58,1,2.4294251979981536e-05,2643,1,2.4294251979981536e-05
W-2022-46,79,61,1,2.4294251979981536e-05,2644,0,7.95037684718755e-06
W-2022-46,79,63,1,2.4294251979981536e-05,2645,1,2.4294251979981536e-05
W-2022-46,79,71,1,2.4294251979981536e-05,2646,1,2.4294251979981536e-05
W-2022-46,79,73,1,2.4294251979981536e-05,2647,-2,-2.4737373418400423e-05
W-2022-46,79,95,1,2.4294251979981536e-05,2648,-9,-0.0001391444993479583
W-2022-46,57,12,4,2.3830659334767146e-05,2649,0,5.286384879505209e-06
W-2022-46,57,75,4,2.3830659334767146e-05,2650,-8,-3.180216403101867e-05
W-2022-46,62,79,9,2.368153077414924e-05,2651,-31,-5.759631958926434e-05
W-2022-46,59,79,8,2.324250356627164e-05,2652,-19,-3.9812585563264534e-05
W-2022-46,55,9,7,2.278126728935464e-05,2653,-7,-1.3282896009176776e-05
W-2022-46,55,93,7,2.278126728935464e-05,2654,-85,-0.00021421180581528037
W-2022-46,29,60,4,2.263506057708087e-05,2655,0,3.502346505926306e-06
W-2022-46,29,76,4,2.263506057708087e-05,2656,3,1.785188205929223e-05
W-2022-46,91,3,5,2.2304700046393777e-05,2657,-5,-1.470985407628726e-05
W-2022-46,44,34,1,2.2115576000176925e-05,2658,1,2.2115576000176925e-05
W-2022-46,44,63,1,2.2115576000176925e-05,2659,1,2.2115576000176925e-05
W-2022-46,44,88,1,2.2115576000176925e-05,2660,1,2.2115576000176925e-05
W-2022-46,44,97,1,2.2115576000176925e-05,2661,1,2.2115576000176925e-05
W-2022-46,41,11,8,2.2033408155115192e-05,2662,-1,2.6262326754345038e-06
W-2022-46,41,76,8,2.2033408155115192e-05,2663,-1,2.6262326754345038e-06
W-2022-46,41,85,8,2.2033408155115192e-05,2664,4,1.3407996830812665e-05
W-2022-46,66,75,5,2.111878896416564e-05,2665,1,7.741041509282093e-06
W-2022-46,13,16,1,2.105617788259075e-05,2666,-2,-3.6018190018784744e-05
W-2022-46,13,26,1,2.105617788259075e-05,2667,1,2.105617788259075e-05
W-2022-46,13,35,1,2.105617788259075e-05,2668,0,2.0313885821322524e-06
W-2022-46,13,39,1,2.105617788259075e-05,2669,0,2.0313885821322524e-06
W-2022-46,13,41,1,2.105617788259075e-05,2670,1,2.105617788259075e-05
W-2022-46,13,50,1,2.105617788259075e-05,2671,1,2.105617788259075e-05
W-2022-46,13,61,1,2.105617788259075e-05,2672,0,2.0313885821322524e-06
W-2022-46,13,67,1,2.105617788259075e-05,2673,1,2.105617788259075e-05
W-2022-46,13,89,1,2.105617788259075e-05,2674,1,2.105617788259075e-05
W-2022-46,62,75,8,2.105024957702155e-05,2675,-19,-3.381229941828262e-05
W-2022-46,61,26,3,2.0881476738034912e-05,2676,-13,-6.500703996728158e-05
W-2022-46,61,67,3,2.0881476738034912e-05,2677,-4,-1.6694749320541054e-05
W-2022-46,61,80,3,2.0881476738034912e-05,2678,-2,-5.958684732376495e-06
W-2022-46,50,9,6,2.0737852802720807e-05,2679,0,2.999231389248324e-06
W-2022-46,50,18,6,2.0737852802720807e-05,2680,2,8.912105193739152e-06
W-2022-46,50,75,6,2.0737852802720807e-05,2681,-5,-1.1782953121978742e-05
W-2022-46,17,50,3,2.0683806647775456e-05,2682,1,8.74885214978948e-06
W-2022-46,17,55,3,2.0683806647775456e-05,2683,3,2.0683806647775456e-05
W-2022-46,17,57,3,2.0683806647775456e-05,2684,0,2.7813749007964924e-06
W-2022-46,17,59,3,2.0683806647775456e-05,2685,2,1.4716329398782467e-05
W-2022-46,17,101,3,2.0683806647775456e-05,2686,2,1.4716329398782467e-05
W-2022-46,32,67,3,2.060425409166146e-05,2687,2,1.4955685438958056e-05
W-2022-46,32,79,3,2.060425409166146e-05,2688,0,3.6585481335512446e-06
W-2022-46,32,101,3,2.060425409166146e-05,2689,2,1.4955685438958056e-05
W-2022-46,59,67,7,2.0337190620487685e-05,2690,-5,-7.687293437083947e-06
W-2022-46,89,5,3,2.0037001663071138e-05,2691,-3,-6.518721095183267e-06
W-2022-46,89,7,3,2.0037001663071138e-05,2692,-1,2.3331864909015343e-06
W-2022-46,89,12,3,2.0037001663071138e-05,2693,1,1.1185094076986336e-05
W-2022-46,89,14,3,2.0037001663071138e-05,2694,3,2.0037001663071138e-05
W-2022-46,89,17,3,2.0037001663071138e-05,2695,3,2.0037001663071138e-05
W-2022-46,89,33,3,2.0037001663071138e-05,2696,2,1.561104787002874e-05
W-2022-46,89,38,3,2.0037001663071138e-05,2697,1,1.1185094076986336e-05
W-2022-46,89,66,3,2.0037001663071138e-05,2698,1,1.1185094076986336e-05
W-2022-46,19,60,3,1.998774085227727e-05,2699,-3,-1.0566046544285424e-05
W-2022-46,55,11,6,1.9526800533732547e-05,2700,-6,-1.1385339436437237e-05
W-2022-46,55,52,6,1.9526800533732547e-05,2701,-7,-1.3961351100618052e-05
W-2022-46,41,4,7,1.9279232135725796e-05,2702,6,1.7122879304650162e-05
W-2022-46,101,98,5,1.9098256711127408e-05,2703,-5,-1.1224161562374742e-05
W-2022-46,5,4,1,1.8928997331011375e-05,2704,1,1.8928997331011375e-05
W-2022-46,5,11,1,1.8928997331011375e-05,2705,1,1.8928997331011375e-05
W-2022-46,5,15,1,1.8928997331011375e-05,2706,1,1.8928997331011375e-05
W-2022-46,5,37,1,1.8928997331011375e-05,2707,0,3.3548566342243188e-06
W-2022-46,5,41,1,1.8928997331011375e-05,2708,1,1.8928997331011375e-05
W-2022-46,5,68,1,1.8928997331011375e-05,2709,-1,-1.2219284062562737e-05
W-2022-46,5,82,1,1.8928997331011375e-05,2710,1,1.8928997331011375e-05
W-2022-46,14,16,1,1.8755392175250383e-05,2711,-1,-1.0830406641317664e-05
W-2022-46,14,29,1,1.8755392175250383e-05,2712,0,3.9624927669663595e-06
W-2022-46,14,30,1,1.8755392175250383e-05,2713,1,1.8755392175250383e-05
W-2022-46,14,42,1,1.8755392175250383e-05,2714,0,3.9624927669663595e-06
W-2022-46,14,49,1,1.8755392175250383e-05,2715,1,1.8755392175250383e-05
W-2022-46,14,50,1,1.8755392175250383e-05,2716,1,1.8755392175250383e-05
W-2022-46,14,55,1,1.8755392175250383e-05,2717,1,1.8755392175250383e-05
W-2022-46,14,57,1,1.8755392175250383e-05,2718,1,1.8755392175250383e-05
W-2022-46,14,63,1,1.8755392175250383e-05,2719,0,3.9624927669663595e-06
W-2022-46,14,67,1,1.8755392175250383e-05,2720,0,3.9624927669663595e-06
W-2022-46,14,75,1,1.8755392175250383e-05,2721,-3,-4.041620545788571e-05
W-2022-46,14,93,1,1.8755392175250383e-05,2722,-1,-1.0830406641317664e-05
W-2022-46,14,99,1,1.8755392175250383e-05,2723,0,3.9624927669663595e-06
W-2022-46,42,9,2,1.8671172642997843e-05,2724,0,4.609935957231331e-06
W-2022-46,42,11,2,1.8671172642997843e-05,2725,1,1.1640554300114587e-05
W-2022-46,42,14,2,1.8671172642997843e-05,2726,2,1.8671172642997843e-05
W-2022-46,42,32,2,1.8671172642997843e-05,2727,0,4.609935957231331e-06
W-2022-46,42,72,2,1.8671172642997843e-05,2728,1,1.1640554300114587e-05
W-2022-46,42,91,2,1.8671172642997843e-05,2729,-10,-6.569624747160122e-05
W-2022-46,62,66,7,1.8418968379893853e-05,2730,0,4.195344566296476e-06
W-2022-46,62,76,7,1.8418968379893853e-05,2731,-4,-3.932440470044884e-06
W-2022-46,49,48,4,1.817867822830602e-05,2732,-11,-3.385713628829861e-05
W-2022-46,28,91,3,1.8058147234093782e-05,2733,-2,-6.4308890243733015e-06
W-2022-46,60,4,1,1.7945911024173142e-05,2734,0,2.5771372986287033e-06
W-2022-46,60,19,1,1.7945911024173142e-05,2735,-10,-0.00015111059995681568
W-2022-46,60,68,1,1.7945911024173142e-05,2736,0,2.5771372986287033e-06
W-2022-46,91,80,4,1.784376003711502e-05,2737,-2,-4.364972436493604e-06
W-2022-46,26,13,1,1.7666283897182228e-05,2738,1,1.7666283897182228e-05
W-2022-46,26,43,1,1.7666283897182228e-05,2739,1,1.7666283897182228e-05
W-2022-46,26,50,1,1.7666283897182228e-05,2740,1,1.7666283897182228e-05
W-2022-46,26,56,1,1.7666283897182228e-05,2741,1,1.7666283897182228e-05
W-2022-46,26,61,1,1.7666283897182228e-05,2742,0,3.6426119389166755e-06
W-2022-46,66,31,4,1.689503117133251e-05,2743,4,1.689503117133251e-05
W-2022-46,66,67,4,1.689503117133251e-05,2744,4,1.689503117133251e-05
W-2022-46,41,32,6,1.6525056116336396e-05,2745,-16,-3.0914706167327503e-05
W-2022-46,43,47,1,1.6383236672236966e-05,2746,-3,-2.9417415987063426e-05
W-2022-46,43,51,1,1.6383236672236966e-05,2747,-6,-6.376790548153872e-05
W-2022-46,43,56,1,1.6383236672236966e-05,2748,1,1.6383236672236966e-05
W-2022-46,75,4,1,1.5960672901969547e-05,2749,0,3.3018040984858256e-06
W-2022-46,75,5,1,1.5960672901969547e-05,2750,1,1.5960672901969547e-05
W-2022-46,75,11,1,1.5960672901969547e-05,2751,0,3.3018040984858256e-06
W-2022-46,75,29,1,1.5960672901969547e-05,2752,0,3.3018040984858256e-06
W-2022-46,75,49,1,1.5960672901969547e-05,2753,-2,-2.2015933508481614e-05
W-2022-46,75,68,1,1.5960672901969547e-05,2754,0,3.3018040984858256e-06
W-2022-46,75,74,1,1.5960672901969547e-05,2755,1,1.5960672901969547e-05
W-2022-46,75,93,1,1.5960672901969547e-05,2756,-3,-3.467480231196534e-05
W-2022-46,62,4,6,1.578768718276616e-05,2757,3,9.691848405510143e-06
W-2022-46,62,98,6,1.578768718276616e-05,2758,-21,-3.907486181253801e-05
W-2022-46,101,12,4,1.5278605368901927e-05,2759,2,9.214121714201497e-06
W-2022-46,101,13,4,1.5278605368901927e-05,2760,-26,-7.568864945160453e-05
W-2022-46,101,17,4,1.5278605368901927e-05,2761,-10,-2.717278021400108e-05
W-2022-46,101,40,4,1.5278605368901927e-05,2762,-2,-2.9148455951993635e-06
W-2022-46,101,63,4,1.5278605368901927e-05,2763,-11,-3.0205022041351298e-05
W-2022-46,101,66,4,1.5278605368901927e-05,2764,-4,-8.979329249899792e-06
W-2022-46,101,79,4,1.5278605368901927e-05,2765,-14,-3.930174752340194e-05
W-2022-46,101,97,4,1.5278605368901927e-05,2766,-1,1.1739623215085214e-07
W-2022-46,61,3,2,1.3920984492023276e-05,2767,1,8.552952197940995e-06
W-2022-46,61,10,2,1.3920984492023276e-05,2768,2,1.3920984492023276e-05
W-2022-46,61,77,2,1.3920984492023276e-05,2769,-1,-2.183112390223568e-06
W-2022-46,61,95,2,1.3920984492023276e-05,2770,1,8.552952197940995e-06
W-2022-46,61,100,2,1.3920984492023276e-05,2771,-1,-2.183112390223568e-06
W-2022-46,50,17,4,1.382523520181387e-05,2772,-3,-6.8698231139040266e-06
W-2022-46,17,24,2,1.3789204431850305e-05,2773,-2,-1.0080704564121648e-05
W-2022-46,17,37,2,1.3789204431850305e-05,2774,2,1.3789204431850305e-05
W-2022-46,17,73,2,1.3789204431850305e-05,2775,2,1.3789204431850305e-05
W-2022-46,17,87,2,1.3789204431850305e-05,2776,2,1.3789204431850305e-05
W-2022-46,41,66,5,1.3770880096946996e-05,2777,1,5.145468772644468e-06
W-2022-46,41,77,5,1.3770880096946996e-05,2778,3,9.458174434795733e-06
W-2022-46,32,59,2,1.3736169394440973e-05,2779,2,1.3736169394440973e-05
W-2022-46,49,79,3,1.3634008671229515e-05,2780,-2,-3.7112628343053613e-06
W-2022-46,91,49,3,1.3382820027836265e-05,2781,3,1.3382820027836265e-05
W-2022-46,91,61,3,1.3382820027836265e-05,2782,1,5.979909203300058e-06
W-2022-46,91,63,3,1.3382820027836265e-05,2783,-2,-5.124457033504253e-06
W-2022-46,91,66,3,1.3382820027836265e-05,2784,3,1.3382820027836265e-05
W-2022-46,91,76,3,1.3382820027836265e-05,2785,-5,-1.6228823270308565e-05
W-2022-46,89,4,2,1.3358001108714093e-05,2786,1,8.932047315671692e-06
W-2022-46,89,9,2,1.3358001108714093e-05,2787,1,8.932047315671692e-06
W-2022-46,89,22,2,1.3358001108714093e-05,2788,-2,-4.3458140634555104e-06
W-2022-46,89,52,2,1.3358001108714093e-05,2789,-1,8.013972958689039e-08
W-2022-46,89,60,2,1.3358001108714093e-05,2790,-2,-4.3458140634555104e-06
W-2022-46,89,78,2,1.3358001108714093e-05,2791,2,1.3358001108714093e-05
W-2022-46,89,80,2,1.3358001108714093e-05,2792,1,8.932047315671692e-06
W-2022-46,89,95,2,1.3358001108714093e-05,2793,2,1.3358001108714093e-05
W-2022-46,62,18,5,1.3156405985638468e-05,2794,-3,-3.0991640870442488e-06
W-2022-46,62,28,5,1.3156405985638468e-05,2795,-4,-5.13111034612959e-06
W-2022-46,55,14,4,1.3017867022488365e-05,2796,2,7.865843694126735e-06
W-2022-46,55,63,4,1.3017867022488365e-05,2797,1,5.289832029945919e-06
W-2022-46,55,68,4,1.3017867022488365e-05,2798,1,5.289832029945919e-06
W-2022-46,66,5,3,1.2671273378499383e-05,2799,3,1.2671273378499383e-05
W-2022-46,66,21,3,1.2671273378499383e-05,2800,1,5.9823996510576095e-06
W-2022-46,66,59,3,1.2671273378499383e-05,2801,2,9.326836514778496e-06
W-2022-46,66,88,3,1.2671273378499383e-05,2802,2,9.326836514778496e-06
W-2022-46,28,5,2,1.2038764822729187e-05,2803,1,7.1409575710357705e-06
W-2022-46,28,41,2,1.2038764822729187e-05,2804,1,7.1409575710357705e-06
W-2022-46,28,59,2,1.2038764822729187e-05,2805,0,2.2431503193423536e-06
W-2022-46,28,75,2,1.2038764822729187e-05,2806,1,7.1409575710357705e-06
W-2022-46,28,79,2,1.2038764822729187e-05,2807,-2,-7.55246418404448e-06
W-2022-46,28,101,2,1.2038764822729187e-05,2808,1,7.1409575710357705e-06
W-2022-46,57,18,2,1.1915329667383573e-05,2809,-10,-4.371749369840224e-05
W-2022-46,57,58,2,1.1915329667383573e-05,2810,-3,-1.126501340169385e-05
W-2022-46,57,67,2,1.1915329667383573e-05,2811,-11,-4.835356231221773e-05
W-2022-46,57,77,2,1.1915329667383573e-05,2812,0,2.6431924397526046e-06
W-2022-46,57,79,2,1.1915329667383573e-05,2813,-14,-6.226176815366418e-05
W-2022-46,101,51,3,1.1458954026676445e-05,2814,-15,-4.3121398865627426e-05
W-2022-46,29,48,2,1.1317530288540435e-05,2815,2,1.1317530288540435e-05
W-2022-46,29,68,2,1.1317530288540435e-05,2816,-1,-3.0320052648254874e-06
W-2022-46,29,88,2,1.1317530288540435e-05,2817,1,6.534351770751794e-06
W-2022-46,29,91,2,1.1317530288540435e-05,2818,0,1.751173252963153e-06
W-2022-46,41,28,4,1.1016704077557596e-05,2819,-1,2.34939922179437e-07
W-2022-46,41,68,4,1.1016704077557596e-05,2820,-20,-4.073576386825757e-05
W-2022-46,62,67,4,1.0525124788510774e-05,2821,-10,-1.792212283868398e-05
W-2022-46,50,11,3,1.0368926401360404e-05,2822,3,1.0368926401360404e-05
W-2022-46,55,18,3,9.763400266866274e-06,2823,-9,-2.114873970330351e-05
W-2022-46,55,80,3,9.763400266866274e-06,2824,-6,-1.3420704710761066e-05
W-2022-46,55,84,3,9.763400266866274e-06,2825,1,4.611376938504643e-06
W-2022-46,42,3,1,9.335586321498922e-06,2826,-1,-4.725650364267591e-06
W-2022-46,42,17,1,9.335586321498922e-06,2827,0,2.3049679786156655e-06
W-2022-46,42,29,1,9.335586321498922e-06,2828,0,2.3049679786156655e-06
W-2022-46,42,36,1,9.335586321498922e-06,2829,1,9.335586321498922e-06
W-2022-46,42,66,1,9.335586321498922e-06,2830,0,2.3049679786156655e-06
W-2022-46,42,79,1,9.335586321498922e-06,2831,-4,-2.581750539291736e-05
W-2022-46,42,81,1,9.335586321498922e-06,2832,1,9.335586321498922e-06
W-2022-46,49,17,2,9.08933911415301e-06,2833,-3,-8.255932391381866e-06
W-2022-46,49,18,2,9.08933911415301e-06,2834,2,9.08933911415301e-06
W-2022-46,49,28,2,9.08933911415301e-06,2835,2,9.08933911415301e-06
W-2022-46,49,38,2,9.08933911415301e-06,2836,1,5.6202848130460355e-06
W-2022-46,49,51,2,9.08933911415301e-06,2837,2,9.08933911415301e-06
W-2022-46,49,58,2,9.08933911415301e-06,2838,-25,-8.457512701573531e-05
W-2022-46,91,34,2,8.92188001855751e-06,2839,0,1.518969194021302e-06
W-2022-46,91,46,2,8.92188001855751e-06,2840,-1,-2.182486218246802e-06
W-2022-46,91,57,2,8.92188001855751e-06,2841,1,5.220424606289406e-06
W-2022-46,59,75,3,8.715938837351865e-06,2842,-5,-9.967050534362557e-06
W-2022-46,66,14,2,8.447515585666255e-06,2843,2,8.447515585666255e-06
W-2022-46,66,41,2,8.447515585666255e-06,2844,-1,-1.5857950054964042e-06
W-2022-46,66,55,2,8.447515585666255e-06,2845,1,5.103078721945368e-06
W-2022-46,66,64,2,8.447515585666255e-06,2846,-2,-4.930231869217291e-06
W-2022-46,66,78,2,8.447515585666255e-06,2847,0,1.758641858224482e-06
W-2022-46,66,91,2,8.447515585666255e-06,2848,-3,-8.274668732938178e-06
W-2022-46,41,3,3,8.262528058168198e-06,2849,2,6.106175227092566e-06
W-2022-46,41,67,3,8.262528058168198e-06,2850,-12,-2.4082764407966278e-05
W-2022-46,41,80,3,8.262528058168198e-06,2851,-2,-2.519236097209961e-06
W-2022-46,62,85,3,7.89384359138308e-06,2852,2,5.861897332297741e-06
W-2022-46,62,87,3,7.89384359138308e-06,2853,2,5.861897332297741e-06
W-2022-46,101,4,2,7.639302684450964e-06,2854,-1,-1.4574227975996818e-06
W-2022-46,101,28,2,7.639302684450964e-06,2855,-4,-1.0554148279650327e-05
W-2022-46,101,32,2,7.639302684450964e-06,2856,-2,-4.489664624949896e-06
W-2022-46,101,45,2,7.639302684450964e-06,2857,-10,-2.874759924375162e-05
W-2022-46,101,70,2,7.639302684450964e-06,2858,2,7.639302684450964e-06
W-2022-46,101,76,2,7.639302684450964e-06,2859,-3,-7.5219064523001114e-06
W-2022-46,101,93,2,7.639302684450964e-06,2860,-10,-2.874759924375162e-05
W-2022-46,61,11,1,6.960492246011638e-06,2861,-9,-4.6719830694811174e-05
W-2022-46,61,14,1,6.960492246011638e-06,2862,0,1.5924599519293566e-06
W-2022-46,61,37,1,6.960492246011638e-06,2863,1,6.960492246011638e-06
W-2022-46,61,63,1,6.960492246011638e-06,2864,-5,-2.524770151848205e-05
W-2022-46,61,68,1,6.960492246011638e-06,2865,-10,-5.208786298889345e-05
W-2022-46,61,69,1,6.960492246011638e-06,2866,1,6.960492246011638e-06
W-2022-46,61,71,1,6.960492246011638e-06,2867,-2,-9.143604636235206e-06
W-2022-46,61,79,1,6.960492246011638e-06,2868,-6,-3.0615733812564326e-05
W-2022-46,61,81,1,6.960492246011638e-06,2869,-5,-2.524770151848205e-05
W-2022-46,50,28,2,6.912617600906935e-06,2870,2,6.912617600906935e-06
W-2022-46,50,45,2,6.912617600906935e-06,2871,-1,-1.9566931058293064e-06
W-2022-46,50,66,2,6.912617600906935e-06,2872,1,3.956180698661521e-06
W-2022-46,50,68,2,6.912617600906935e-06,2873,-5,-1.3782440714810962e-05
W-2022-46,50,81,2,6.912617600906935e-06,2874,1,3.956180698661521e-06
W-2022-46,50,88,2,6.912617600906935e-06,2875,1,3.956180698661521e-06
W-2022-46,50,91,2,6.912617600906935e-06,2876,-9,-2.5608188323792612e-05
W-2022-46,17,25,1,6.894602215925152e-06,2877,-2,-1.100782953105381e-05
W-2022-46,17,32,1,6.894602215925152e-06,2878,0,9.271249669321641e-07
W-2022-46,17,54,1,6.894602215925152e-06,2879,1,6.894602215925152e-06
W-2022-46,17,91,1,6.894602215925152e-06,2880,1,6.894602215925152e-06
W-2022-46,32,14,1,6.868084697220486e-06,2881,0,1.2195160445170815e-06
W-2022-46,32,40,1,6.868084697220486e-06,2882,1,6.868084697220486e-06
W-2022-46,32,49,1,6.868084697220486e-06,2883,1,6.868084697220486e-06
W-2022-46,32,50,1,6.868084697220486e-06,2884,1,6.868084697220486e-06
W-2022-46,32,55,1,6.868084697220486e-06,2885,1,6.868084697220486e-06
W-2022-46,32,75,1,6.868084697220486e-06,2886,0,1.2195160445170815e-06
W-2022-46,32,77,1,6.868084697220486e-06,2887,1,6.868084697220486e-06
W-2022-46,32,84,1,6.868084697220486e-06,2888,0,1.2195160445170815e-06
W-2022-46,32,87,1,6.868084697220486e-06,2889,1,6.868084697220486e-06
W-2022-46,32,88,1,6.868084697220486e-06,2890,0,1.2195160445170815e-06
W-2022-46,32,97,1,6.868084697220486e-06,2891,1,6.868084697220486e-06
W-2022-46,32,100,1,6.868084697220486e-06,2892,1,6.868084697220486e-06
W-2022-46,89,34,1,6.6790005543570464e-06,2893,1,6.6790005543570464e-06
W-2022-46,89,36,1,6.6790005543570464e-06,2894,0,2.2530467613146456e-06
W-2022-46,89,53,1,6.6790005543570464e-06,2895,-2,-6.598860824770156e-06
W-2022-46,89,63,1,6.6790005543570464e-06,2896,-1,-2.1729070317277552e-06
W-2022-46,89,69,1,6.6790005543570464e-06,2897,1,6.6790005543570464e-06
W-2022-46,89,71,1,6.6790005543570464e-06,2898,0,2.2530467613146456e-06
W-2022-46,89,74,1,6.6790005543570464e-06,2899,1,6.6790005543570464e-06
W-2022-46,19,11,1,6.662580284092424e-06,2900,-4,-1.879890921304316e-05
W-2022-46,19,12,1,6.662580284092424e-06,2901,1,6.662580284092424e-06
W-2022-46,19,18,1,6.662580284092424e-06,2902,-9,-4.4260398710178744e-05
W-2022-46,19,28,1,6.662580284092424e-06,2903,0,1.5702823846653068e-06
W-2022-46,19,29,1,6.662580284092424e-06,2904,-1,-3.52201551476181e-06
W-2022-46,19,33,1,6.662580284092424e-06,2905,-2,-8.614313414188925e-06
W-2022-46,19,36,1,6.662580284092424e-06,2906,-4,-1.879890921304316e-05
W-2022-46,19,66,1,6.662580284092424e-06,2907,1,6.662580284092424e-06
W-2022-46,19,67,1,6.662580284092424e-06,2908,-2,-8.614313414188925e-06
W-2022-46,19,76,1,6.662580284092424e-06,2909,-3,-1.3706611313616045e-05
W-2022-46,19,79,1,6.662580284092424e-06,2910,0,1.5702823846653068e-06
W-2022-46,19,85,1,6.662580284092424e-06,2911,0,1.5702823846653068e-06
W-2022-46,19,93,1,6.662580284092424e-06,2912,-1,-3.52201551476181e-06
W-2022-46,19,97,1,6.662580284092424e-06,2913,-2,-8.614313414188925e-06
W-2022-46,55,17,2,6.508933511244182e-06,2914,-1,-1.2191014812982637e-06
W-2022-46,55,38,2,6.508933511244182e-06,2915,-1,-1.2191014812982637e-06
W-2022-46,28,3,1,6.019382411364594e-06,2916,1,6.019382411364594e-06
W-2022-46,28,14,1,6.019382411364594e-06,2917,1,6.019382411364594e-06
W-2022-46,28,33,1,6.019382411364594e-06,2918,0,1.1215751596711768e-06
W-2022-46,28,44,1,6.019382411364594e-06,2919,1,6.019382411364594e-06
W-2022-46,28,47,1,6.019382411364594e-06,2920,1,6.019382411364594e-06
W-2022-46,28,48,1,6.019382411364594e-06,2921,1,6.019382411364594e-06
W-2022-46,28,55,1,6.019382411364594e-06,2922,-3,-1.3571846595409075e-05
W-2022-46,28,57,1,6.019382411364594e-06,2923,1,6.019382411364594e-06
W-2022-46,28,67,1,6.019382411364594e-06,2924,1,6.019382411364594e-06
W-2022-46,57,56,1,5.957664833691787e-06,2925,-2,-7.950541007754668e-06
W-2022-46,57,68,1,5.957664833691787e-06,2926,-3,-1.2586609621570151e-05
W-2022-46,57,91,1,5.957664833691787e-06,2927,-11,-4.967515853209403e-05
W-2022-46,59,4,2,5.81062589156791e-06,2928,1,3.4752522201036073e-06
W-2022-46,59,29,2,5.81062589156791e-06,2929,-5,-1.053698980868221e-05
W-2022-46,59,30,2,5.81062589156791e-06,2930,0,1.1398785486393045e-06
W-2022-46,59,68,2,5.81062589156791e-06,2931,-3,-5.8662424657536036e-06
W-2022-46,59,69,2,5.81062589156791e-06,2932,0,1.1398785486393045e-06
W-2022-46,29,3,1,5.658765144270218e-06,2933,0,8.755866264815765e-07
W-2022-46,29,4,1,5.658765144270218e-06,2934,1,5.658765144270218e-06
W-2022-46,29,11,1,5.658765144270218e-06,2935,1,5.658765144270218e-06
W-2022-46,29,15,1,5.658765144270218e-06,2936,1,5.658765144270218e-06
W-2022-46,29,27,1,5.658765144270218e-06,2937,-2,-8.690770409095705e-06
W-2022-46,29,35,1,5.658765144270218e-06,2938,1,5.658765144270218e-06
W-2022-46,29,36,1,5.658765144270218e-06,2939,1,5.658765144270218e-06
W-2022-46,29,42,1,5.658765144270218e-06,2940,1,5.658765144270218e-06
W-2022-46,29,43,1,5.658765144270218e-06,2941,-1,-3.907591891307065e-06
W-2022-46,29,53,1,5.658765144270218e-06,2942,0,8.755866264815765e-07
W-2022-46,29,59,1,5.658765144270218e-06,2943,-3,-1.3473948926884347e-05
W-2022-46,29,64,1,5.658765144270218e-06,2944,1,5.658765144270218e-06
W-2022-46,29,97,1,5.658765144270218e-06,2945,1,5.658765144270218e-06
W-2022-46,41,36,2,5.508352038778798e-06,2946,2,5.508352038778798e-06
W-2022-46,41,78,2,5.508352038778798e-06,2947,2,5.508352038778798e-06
W-2022-46,41,84,2,5.508352038778798e-06,2948,2,5.508352038778798e-06
W-2022-46,41,87,2,5.508352038778798e-06,2949,-2,-3.1170592855237296e-06
W-2022-46,41,93,2,5.508352038778798e-06,2950,-12,-2.468058759628005e-05
W-2022-46,62,14,2,5.262562394255387e-06,2951,-1,-8.332763830006316e-07
W-2022-46,62,40,2,5.262562394255387e-06,2952,1,3.2306161351700476e-06
W-2022-46,62,68,2,5.262562394255387e-06,2953,-8,-1.5056900196598009e-05
W-2022-46,62,88,2,5.262562394255387e-06,2954,-10,-1.9120792714768688e-05
W-2022-46,62,93,2,5.262562394255387e-06,2955,-77,-0.00015526119207348645
W-2022-46,49,40,1,4.544669557076505e-06,2956,-2,-5.862493346244421e-06
W-2022-46,49,76,1,4.544669557076505e-06,2957,1,4.544669557076505e-06
W-2022-46,49,87,1,4.544669557076505e-06,2958,-2,-5.862493346244421e-06
W-2022-46,49,88,1,4.544669557076505e-06,2959,-20,-6.830547076616997e-05
W-2022-46,49,98,1,4.544669557076505e-06,2960,-14,-4.749114495952812e-05
W-2022-46,49,99,1,4.544669557076505e-06,2961,1,4.544669557076505e-06
W-2022-46,91,4,1,4.460940009278755e-06,2962,0,7.59484597010651e-07
W-2022-46,91,5,1,4.460940009278755e-06,2963,1,4.460940009278755e-06
W-2022-46,91,14,1,4.460940009278755e-06,2964,-2,-6.643426227525557e-06
W-2022-46,91,25,1,4.460940009278755e-06,2965,1,4.460940009278755e-06
W-2022-46,91,48,1,4.460940009278755e-06,2966,1,4.460940009278755e-06
W-2022-46,91,52,1,4.460940009278755e-06,2967,-2,-6.643426227525557e-06
W-2022-46,91,58,1,4.460940009278755e-06,2968,1,4.460940009278755e-06
W-2022-46,91,60,1,4.460940009278755e-06,2969,-2,-6.643426227525557e-06
W-2022-46,91,71,1,4.460940009278755e-06,2970,-3,-1.034488163979366e-05
W-2022-46,91,78,1,4.460940009278755e-06,2971,1,4.460940009278755e-06
W-2022-46,91,85,1,4.460940009278755e-06,2972,1,4.460940009278755e-06
W-2022-46,66,3,1,4.2237577928331275e-06,2973,0,8.79320929112241e-07
W-2022-46,66,39,1,4.2237577928331275e-06,2974,1,4.2237577928331275e-06
W-2022-46,66,43,1,4.2237577928331275e-06,2975,1,4.2237577928331275e-06
W-2022-46,66,50,1,4.2237577928331275e-06,2976,1,4.2237577928331275e-06
W-2022-46,66,61,1,4.2237577928331275e-06,2977,1,4.2237577928331275e-06
W-2022-46,66,62,1,4.2237577928331275e-06,2978,1,4.2237577928331275e-06
W-2022-46,66,63,1,4.2237577928331275e-06,2979,1,4.2237577928331275e-06
W-2022-46,66,68,1,4.2237577928331275e-06,2980,-1,-2.4651159346086456e-06
W-2022-46,66,76,1,4.2237577928331275e-06,2981,1,4.2237577928331275e-06
W-2022-46,66,98,1,4.2237577928331275e-06,2982,1,4.2237577928331275e-06
W-2022-46,101,14,1,3.819651342225482e-06,2983,-1,-2.244832312474948e-06
W-2022-46,101,15,1,3.819651342225482e-06,2984,0,7.87409514875267e-07
W-2022-46,101,36,1,3.819651342225482e-06,2985,-1,-2.244832312474948e-06
W-2022-46,101,37,1,3.819651342225482e-06,2986,-3,-8.309315967175378e-06
W-2022-46,101,64,1,3.819651342225482e-06,2987,1,3.819651342225482e-06
W-2022-46,101,67,1,3.819651342225482e-06,2988,-8,-2.3470525103926453e-05
W-2022-46,101,74,1,3.819651342225482e-06,2989,-1,-2.244832312474948e-06
W-2022-46,101,78,1,3.819651342225482e-06,2990,0,7.87409514875267e-07
W-2022-46,101,83,1,3.819651342225482e-06,2991,-1,-2.244832312474948e-06
W-2022-46,101,90,1,3.819651342225482e-06,2992,0,7.87409514875267e-07
W-2022-46,101,100,1,3.819651342225482e-06,2993,-2,-5.2770741398251636e-06
W-2022-46,50,3,1,3.4563088004534676e-06,2994,1,3.4563088004534676e-06
W-2022-46,50,13,1,3.4563088004534676e-06,2995,-9,-2.610806022200067e-05
W-2022-46,50,26,1,3.4563088004534676e-06,2996,0,4.998718982080537e-07
W-2022-46,50,32,1,3.4563088004534676e-06,2997,0,4.998718982080537e-07
W-2022-46,50,38,1,3.4563088004534676e-06,2998,1,3.4563088004534676e-06
W-2022-46,50,47,1,3.4563088004534676e-06,2999,-13,-3.793380783098233e-05
W-2022-46,50,67,1,3.4563088004534676e-06,3000,-6,-1.723874951526443e-05
W-2022-46,50,76,1,3.4563088004534676e-06,3001,-5,-1.4282312613019015e-05
W-2022-46,50,79,1,3.4563088004534676e-06,3002,1,3.4563088004534676e-06
W-2022-46,50,93,1,3.4563088004534676e-06,3003,0,4.998718982080537e-07
W-2022-46,50,98,1,3.4563088004534676e-06,3004,-3,-8.369438808528187e-06
W-2022-46,55,7,1,3.254466755622091e-06,3005,0,6.78455091441276e-07
W-2022-46,55,10,1,3.254466755622091e-06,3006,-6,-1.4777614893643616e-05
W-2022-46,55,28,1,3.254466755622091e-06,3007,-1,-1.8975565727395392e-06
W-2022-46,55,33,1,3.254466755622091e-06,3008,-5,-1.2201603229462801e-05
W-2022-46,55,36,1,3.254466755622091e-06,3009,0,6.78455091441276e-07
W-2022-46,55,64,1,3.254466755622091e-06,3010,1,3.254466755622091e-06
W-2022-46,55,87,1,3.254466755622091e-06,3011,-2,-4.473568236920355e-06
W-2022-46,55,95,1,3.254466755622091e-06,3012,1,3.254466755622091e-06
W-2022-46,59,6,1,2.905312945783955e-06,3013,1,2.905312945783955e-06
W-2022-46,59,14,1,2.905312945783955e-06,3014,-1,-1.7654343971446506e-06
W-2022-46,59,28,1,2.905312945783955e-06,3015,-1,-1.7654343971446506e-06
W-2022-46,59,40,1,2.905312945783955e-06,3016,-1,-1.7654343971446506e-06
W-2022-46,59,77,1,2.905312945783955e-06,3017,-1,-1.7654343971446506e-06
W-2022-46,59,86,1,2.905312945783955e-06,3018,1,2.905312945783955e-06
W-2022-46,59,87,1,2.905312945783955e-06,3019,1,2.905312945783955e-06
W-2022-46,41,5,1,2.754176019389399e-06,3020,1,2.754176019389399e-06
W-2022-46,41,10,1,2.754176019389399e-06,3021,0,5.978231883137671e-07
W-2022-46,41,21,1,2.754176019389399e-06,3022,1,2.754176019389399e-06
W-2022-46,41,26,1,2.754176019389399e-06,3023,-6,-1.2340293798140026e-05
W-2022-46,41,37,1,2.754176019389399e-06,3024,-1,-1.5585296427618648e-06
W-2022-46,41,72,1,2.754176019389399e-06,3025,0,5.978231883137671e-07
W-2022-46,41,82,1,2.754176019389399e-06,3026,1,2.754176019389399e-06
W-2022-46,41,86,1,2.754176019389399e-06,3027,1,2.754176019389399e-06
W-2022-46,62,3,1,2.6312811971276936e-06,3028,-2,-3.464557580128325e-06
W-2022-46,62,17,1,2.6312811971276936e-06,3029,-9,-1.76881813937257e-05
W-2022-46,62,30,1,2.6312811971276936e-06,3030,-2,-3.464557580128325e-06
W-2022-46,62,38,1,2.6312811971276936e-06,3031,1,2.6312811971276936e-06
W-2022-46,62,63,1,2.6312811971276936e-06,3032,-2,-3.464557580128325e-06
W-2022-46,62,72,1,2.6312811971276936e-06,3033,1,2.6312811971276936e-06
W-2022-46,62,90,1,2.6312811971276936e-06,3034,-1,-1.4326113210429856e-06
W-2022-46,62,97,1,2.6312811971276936e-06,3035,0,5.99334938042354e-07
W-2022-47,49,41,191352,0.6253496823446365,1,117486,0.3691045173390687
W-2022-47,9,61,1252,0.5214493960849645,2,477,0.17344759994666187
W-2022-47,50,61,185323,0.48996010480090735,3,116436,0.28630003591592756
W-2022-47,62,41,218436,0.4241994651772935,4,136941,0.2586060047931338
W-2022-47,52,41,12008,0.3389792231255646,5,6715,0.17429859713384063
W-2022-47,60,101,23308,0.3339350697727729,6,13583,0.1844737452918532
W-2022-47,71,98,460,0.3205574912891986,7,338,-0.03721376970786888
W-2022-47,23,91,134,0.29910714285714285,8,4,0.06820128140065973
W-2022-47,80,98,308,0.29473684210526313,9,-34,-0.04488579940417081
W-2022-47,48,44,6866,0.275157295715946,10,3716,0.1475442670333986
W-2022-47,2,3,145,0.2741020793950851,11,38,0.04149338374291117
W-2022-47,80,91,252,0.24114832535885167,12,71,0.061406518010291594
W-2022-47,68,13,12137,0.23989010554611218,13,695,0.013875290731297368
W-2022-47,19,101,49073,0.23910406018407987,14,32026,0.15229565789254582
W-2022-47,56,44,4442,0.2324315839045576,15,2952,0.1468485856277052
W-2022-47,34,97,125,0.21258503401360543,16,2,0.027622627998567822
W-2022-47,20,73,905,0.19618469542597008,17,873,0.18940503440902093
W-2022-47,60,41,13594,0.19476202756525976,18,6241,0.08175543436133151
W-2022-47,58,61,1647,0.19003115264797507,19,1035,0.10967400979083221
W-2022-47,76,75,3527,0.17686290241700933,20,228,0.0178442964206727
W-2022-47,47,101,7720,0.1741209373660825,21,4093,0.09295457653718754
W-2022-47,47,44,7573,0.17080542210794597,22,3553,0.08084436047790525
W-2022-47,58,41,1468,0.1693781008422753,23,947,0.10096948739689715
W-2022-47,6,91,68,0.16790123456790124,24,-37,0.011651234567901236
W-2022-47,77,98,786,0.16726963183656096,25,248,0.03287043123701061
W-2022-47,56,62,3165,0.16561142797341846,26,1386,0.06342877432608934
W-2022-47,34,63,97,0.1649659863945578,27,-20,-0.010973863229502334
W-2022-47,71,91,225,0.156794425087108,28,195,0.06881788549766518
W-2022-47,95,67,92,0.15593220338983052,29,8,0.008563782337198955
W-2022-47,99,29,2163,0.15270031768443346,30,-597,-0.00670825341409953
W-2022-47,51,44,517,0.1524624004718372,31,181,0.055099317307537005
W-2022-47,30,32,5206,0.1516899766899767,32,348,0.0014363579840506735
W-2022-47,34,98,89,0.15136054421768708,33,0,0.01752595775152166
W-2022-47,71,18,212,0.14773519163763066,34,179,0.050960998089243564
W-2022-47,50,41,52616,0.13910707723382712,35,33720,0.08324224552899778
W-2022-47,72,35,660,0.13650465356773525,36,608,0.12685715820595417
W-2022-47,95,91,79,0.13389830508474576,37,8,0.009336901575973833
W-2022-47,31,32,791,0.13126452041154996,38,-1263,0.0023415979912637386
W-2022-47,56,41,2419,0.12657631730417038,39,1504,0.07402031500664022
W-2022-47,77,91,574,0.12215364971270483,40,34,-0.012745176167884717
W-2022-47,101,41,40361,0.12178496855877277,41,18533,0.055597193951372276
W-2022-47,2,4,64,0.12098298676748583,42,-11,-0.04206049149338374
W-2022-47,2,14,64,0.12098298676748583,43,4,-0.009451795841209823
W-2022-47,58,59,1008,0.11630321910695743,44,445,0.042379899779226335
W-2022-47,61,101,21751,0.11149498936361073,45,10804,0.05273113984029199
W-2022-47,23,98,49,0.109375,46,12,0.043655639431616336
W-2022-47,48,101,2724,0.10916523063359115,47,1267,0.05013914085883828
W-2022-47,51,42,367,0.10822766145679741,48,-31,-0.0071012287199629515
W-2022-47,96,89,32,0.10702341137123746,49,5,0.00739241506127436
W-2022-47,62,101,53713,0.10430984761242637,50,29869,0.05586012101079553
W-2022-47,47,41,4547,0.10255542774657735,51,2360,0.053613924815010414
W-2022-47,47,43,4366,0.09847305861921195,52,2199,0.04997912315844124
W-2022-47,42,61,13921,0.0973142633447977,53,8954,0.06239318203569657
W-2022-47,90,17,396,0.09701126898579128,54,158,0.03887741456468723
W-2022-47,96,91,29,0.09698996655518395,55,6,0.012119117846696864
W-2022-47,101,61,31925,0.0963302475468601,56,13781,0.04131325183141781
W-2022-47,9,41,230,0.09579341940857976,57,63,0.020804645272971323
W-2022-47,52,49,3361,0.09487917795844625,58,-1269,-0.049173589534786705
W-2022-47,7,91,87,0.09344790547798067,59,-23,0.005588480557852868
W-2022-47,98,91,1369,0.09300903593994157,60,-97,-0.010143229751023802
W-2022-47,64,78,513,0.08959133775759692,61,335,0.05751926568552485
W-2022-47,70,88,415,0.08903668740613602,62,317,0.07291296249662631
W-2022-47,4,14,1561,0.08894586894586895,63,273,0.005168062259255188
W-2022-47,8,25,283,0.08890983349041784,64,150,0.04368712012761607
W-2022-47,53,41,2010,0.08681005441824306,65,889,0.03337566765052296
W-2022-47,34,39,51,0.08673469387755102,66,8,0.02207303974221267
W-2022-47,9,101,207,0.08621407746772178,67,-76,-0.040862707444716484
W-2022-47,94,64,212,0.08432776451869531,68,4,0.006860352973071471
W-2022-47,82,68,1610,0.08413461538461539,69,356,0.007046031134292655
W-2022-47,74,70,200,0.08406893652795293,70,-19,0.0019542008699101887
W-2022-47,6,79,34,0.08395061728395062,71,-8,0.021450617283950618
W-2022-47,64,13,478,0.08347886831994411,72,-103,-0.021205816364740573
W-2022-47,23,67,37,0.08258928571428571,73,-13,-0.006220660999746261
W-2022-47,26,29,6362,0.08251514247545427,74,592,0.0015985552762620425
W-2022-47,21,70,271,0.0800354400472534,75,-55,-0.006185136519792356
W-2022-47,78,13,1244,0.0793013323133805,76,27,-0.001300032015382993
W-2022-47,35,22,174,0.07837837837837838,77,11,0.019913529024002487
W-2022-47,24,11,134,0.07813411078717201,78,-8,-0.002547707394646173
W-2022-47,85,21,261,0.07758620689655173,79,2,-0.002376744631697736
W-2022-47,58,101,666,0.07684319833852545,80,318,0.031149921027601078
W-2022-47,13,68,4529,0.07659005969593966,81,167,-0.006396071232660311
W-2022-47,90,74,311,0.07618814306712396,82,203,0.04980807467435405
W-2022-47,48,41,1885,0.07554201899571193,83,1118,0.044469259313326584
W-2022-47,24,4,126,0.07346938775510205,84,6,0.005287569573283871
W-2022-47,85,17,247,0.07342449464922711,85,25,0.004884821910727574
W-2022-47,90,70,298,0.07300342969132778,86,193,0.04735614097613482
W-2022-47,62,43,37476,0.07277783495845123,87,22735,0.042824915153274246
W-2022-47,97,91,884,0.0726018396846255,88,57,0.004073500274615546
W-2022-47,70,11,330,0.07080025745548166,89,-75,0.0041664963498548035
W-2022-47,21,4,238,0.07028942705256941,90,-53,-0.006674339146848729
W-2022-47,96,86,21,0.07023411371237458,91,-5,-0.025706845697219524
W-2022-47,61,62,13606,0.06974395776200118,92,7735,0.03822824016344411
W-2022-47,8,36,220,0.0691171850455545,93,79,0.021174308472960146
W-2022-47,85,14,230,0.06837098692033294,94,2,-0.0020211094056936107
W-2022-47,61,59,13324,0.06829843401594177,95,8398,0.04185550693529245
W-2022-47,74,17,162,0.06809583858764187,96,-16,0.0013541812948034831
W-2022-47,84,98,74,0.06751824817518248,97,19,0.026195934125595705
W-2022-47,71,77,96,0.06689895470383275,98,75,0.005315376991222781
W-2022-47,0,74,76,0.0657439446366782,99,-26,-0.014005859898114606
W-2022-47,21,11,222,0.06556408741878322,100,-47,-0.005581112263840421
W-2022-47,80,77,67,0.06411483253588517,101,5,0.0025458156540579535
W-2022-47,3,14,969,0.06352015732546706,102,242,0.009636374342958907
W-2022-47,90,11,259,0.06344928956393925,103,178,0.04366423826936182
W-2022-47,23,77,28,0.0625,104,2,0.016318827708703375
W-2022-47,23,79,28,0.0625,105,-35,-0.04940053285968028
W-2022-47,48,59,1552,0.0621969302288302,106,574,0.022576123228344055
W-2022-47,42,101,8869,0.06199843413583871,107,3718,0.025783719051647058
W-2022-47,99,26,862,0.060854218143310976,108,-238,-0.0026781833814666645
W-2022-47,74,11,144,0.0605296343001261,109,-30,-0.004712210469277722
W-2022-47,84,91,66,0.060218978102189784,110,-20,-0.004394094775345907
W-2022-47,58,54,521,0.060113072574131766,111,463,0.05249752635564437
W-2022-47,42,41,8515,0.05952380952380952,112,4825,0.033580827838570304
W-2022-47,95,77,35,0.059322033898305086,113,2,0.0014272970561998236
W-2022-47,19,61,12168,0.05928755536282444,114,7510,0.03556763174729294
W-2022-47,73,37,308,0.05892481346852879,115,55,0.008060318092573827
W-2022-47,0,17,68,0.058823529411764705,116,19,0.020512348801913258
W-2022-47,35,4,130,0.05855855855855856,117,-13,0.007267310351958843
W-2022-47,35,88,130,0.05855855855855856,118,4,0.013364871327568598
W-2022-47,69,11,52,0.05790645879732739,119,45,0.052390304345002726
W-2022-47,71,67,82,0.05714285714285714,120,71,0.02488479262672811
W-2022-47,18,98,632,0.056854983807124865,121,-42,-0.0010537712405596436
W-2022-47,49,50,17332,0.05664200371251536,122,6823,0.020185712062182157
W-2022-47,21,17,191,0.0564087418783225,123,-51,-0.007595489806416979
W-2022-47,0,92,65,0.056228373702422146,124,14,0.016353471435025746
W-2022-47,85,68,188,0.0558858501783591,125,-3,-0.003082967357917528
W-2022-47,48,61,1394,0.055865026249348776,126,753,0.02989678771426532
W-2022-47,79,91,3045,0.05555454197150207,127,-383,-0.0004722619837157077
W-2022-47,38,91,277,0.0554,128,7,0.0007551912568306007
W-2022-47,94,68,138,0.05489260143198091,129,18,0.01019986400181331
W-2022-47,69,79,49,0.05456570155902005,130,-13,0.005708333552715869
W-2022-47,69,91,49,0.05456570155902005,131,-22,-0.001383865028844411
W-2022-47,28,66,11544,0.054156756224226985,132,1081,0.0029109989497587627
W-2022-47,41,43,26377,0.053982424041488106,133,14601,0.028589213102741463
W-2022-47,48,42,1345,0.053901334508876686,134,-223,-0.00962159532421357
W-2022-47,47,59,2388,0.053860207050544694,135,582,0.013444864437645802
W-2022-47,10,91,248,0.05383112654655958,136,-42,-0.010484686272247246
W-2022-47,63,39,102,0.05368421052631579,137,-50,-0.011748419693227902
W-2022-47,51,101,182,0.0536714833382483,138,12,0.0044103995944059365
W-2022-47,96,79,16,0.05351170568561873,139,3,0.005541225980821678
W-2022-47,85,70,180,0.0535077288941736,140,-28,-0.010709622140096242
W-2022-47,1,36,58,0.05244122965641953,141,-180,-0.16471205501511332
W-2022-47,62,61,26533,0.05152669161470238,142,16035,0.030195319786824482
W-2022-47,51,41,174,0.05131229725744618,143,44,0.013642056747449081
W-2022-47,37,36,238,0.05101822079314041,144,-83,-0.01085533356306622
W-2022-47,64,17,287,0.05012224938875306,145,130,0.02183396110046477
W-2022-47,85,92,167,0.049643281807372173,146,3,-0.000989629585032889
W-2022-47,90,72,201,0.0492405683488486,147,73,0.01797530210556575
W-2022-47,94,90,123,0.04892601431980907,148,4,0.004605716368226202
W-2022-47,92,68,543,0.04863412449619346,149,12,-0.006351896007068418
W-2022-47,80,67,50,0.04784688995215311,150,18,0.016069332851855196
W-2022-47,33,101,777,0.047750737463126844,151,-20,-0.0012531976081963242
W-2022-47,54,101,895,0.047207131177804736,152,-190,-0.005150152999196661
W-2022-47,83,36,36,0.04712041884816754,153,0,-0.003088786172752961
W-2022-47,80,18,49,0.04688995215311005,154,-3,-0.00474857813487406
W-2022-47,88,13,869,0.04673299273998387,155,76,0.004389976934772416
W-2022-47,55,41,18802,0.04665740235247407,156,10528,0.025343481843042005
W-2022-47,100,14,510,0.04631731904459177,157,297,0.02580104087082949
W-2022-47,73,11,242,0.046298067725272625,158,25,0.002671208054987141
W-2022-47,34,91,27,0.04591836734693878,159,-27,-0.03528464017185822
W-2022-47,52,57,1626,0.04590108401084011,160,511,0.011210190759230014
W-2022-47,8,65,146,0.04586867734841345,161,33,0.007446372010093148
W-2022-47,0,72,53,0.045847750865051905,162,-5,0.0004998227962481547
W-2022-47,16,14,46,0.04563492063492063,163,13,0.0064425215850393985
W-2022-47,74,13,108,0.04539722572509458,164,-27,-0.005221446940822182
W-2022-47,20,11,209,0.045306741816605246,165,51,0.011832165545418806
W-2022-47,52,61,1589,0.044856594399277326,166,915,0.023886493904582078
W-2022-47,16,90,45,0.044642857142857144,167,11,0.004262809636918899
W-2022-47,94,88,112,0.04455051710421639,168,-58,-0.01876419425518771
W-2022-47,31,28,267,0.04430799867241952,169,-328,0.006961777231294736
W-2022-47,53,61,1021,0.04409605251792347,170,413,0.015114690203227824
W-2022-47,49,61,13473,0.04403056289053309,171,8069,0.025283793447350992
W-2022-47,67,91,982,0.04357085810630935,172,-93,-0.007119951532017617
W-2022-47,50,43,16394,0.04334273650926261,173,10831,0.026896078022071373
W-2022-47,28,32,9139,0.04287409867751303,174,27,-0.0017547209999173863
W-2022-47,61,42,8362,0.042863367250173,175,5328,0.026576757269927358
W-2022-47,86,91,67,0.04237824161922834,176,2,-0.0003568011158143966
W-2022-47,85,11,142,0.04221165279429251,177,-46,-0.015830952948220615
W-2022-47,74,90,100,0.042034468263976464,178,-31,-0.007084391878505729
W-2022-47,94,82,105,0.041766109785202864,179,-13,-0.0021817486877952763
W-2022-47,77,79,194,0.04128537986805703,180,1,-0.00692845975222775
W-2022-47,21,92,139,0.04105138806851742,181,-2,0.00375966630178904
W-2022-47,35,14,91,0.04099099099099099,182,-18,0.0018948647356107906
W-2022-47,11,17,595,0.04028163292938867,183,111,0.004948007582622718
W-2022-47,90,4,164,0.04017638412542871,184,-9,-0.002080577281508268
W-2022-47,42,55,5729,0.040048374017839665,185,2001,0.013838228835570884
W-2022-47,94,17,100,0.03977724741447892,186,40,0.01743087869939512
W-2022-47,94,72,100,0.03977724741447892,187,71,0.028976502535521746
W-2022-47,44,101,2446,0.039335509705224904,188,59,-0.00029261347897033274
W-2022-47,21,14,133,0.03927938570584761,189,-8,0.0019876639391192275
W-2022-47,25,65,119,0.0391190006574622,190,-251,-0.04552982112245087
W-2022-47,85,4,131,0.038941736028537455,191,-9,-0.004281481013759553
W-2022-47,43,41,3127,0.03879315692185542,192,974,0.014140955627986982
W-2022-47,18,91,429,0.03859301907160849,193,43,0.005428657872192731
W-2022-47,70,92,179,0.03840377601373096,194,78,0.02178646768862402
W-2022-47,64,70,217,0.037897310513447434,195,127,0.021681094297231217
W-2022-47,95,98,22,0.03728813559322034,196,7,0.010972346119536132
W-2022-47,90,92,152,0.03723664870161685,197,46,0.01134510009389824
W-2022-47,69,77,33,0.036748329621380846,198,-6,0.006015469101286284
W-2022-47,59,44,16318,0.03673818582974987,199,10983,0.024278967292487817
W-2022-47,55,101,14666,0.03639386570053104,200,8765,0.02119282087020005
W-2022-47,41,57,17718,0.03626115893267188,201,8660,0.016728914988788805
W-2022-47,94,92,91,0.03619729514717582,202,50,0.02092727652520189
W-2022-47,60,55,2518,0.036075532250207744,203,901,0.011224225136002387
W-2022-47,60,44,2505,0.03588928049514313,204,1206,0.015925243425660904
W-2022-47,74,92,84,0.03530895334174023,205,-7,0.001188218433603748
W-2022-47,25,8,106,0.034845496383957925,206,34,0.01837329322678565
W-2022-47,94,85,87,0.034606205250596656,207,-27,-0.00785189530806256
W-2022-47,52,43,1223,0.03452461607949413,208,611,0.015483515927040874
W-2022-47,78,68,541,0.03448715496908268,209,-35,-0.0036610667674561656
W-2022-47,94,13,86,0.03420843277645187,210,1,0.0025510770967498222
W-2022-47,4,3,600,0.03418803418803419,211,59,-0.001001246415582302
W-2022-47,41,61,16486,0.033739782490350416,212,8947,0.017483038496871228
W-2022-47,62,55,17344,0.033681790199577816,213,7782,0.014252320070203797
W-2022-47,52,60,1188,0.03353658536585366,214,547,0.013593210859771086
W-2022-47,23,97,15,0.033482142857142856,215,-16,-0.02158002410555697
W-2022-47,96,67,10,0.033444816053511704,216,5,0.014994631551666686
W-2022-47,96,93,10,0.033444816053511704,217,0,-0.0034555529501783325
W-2022-47,29,26,7562,0.033129323525675006,218,620,-7.550174481373711e-05
W-2022-47,62,44,17032,0.033075890837131534,219,9682,0.018141085832854287
W-2022-47,41,52,16132,0.033015296077540515,220,10491,0.020851309757442878
W-2022-47,0,70,38,0.0328719723183391,221,34,0.029744529003249184
W-2022-47,0,78,38,0.0328719723183391,222,7,0.008634286626392262
W-2022-47,16,85,33,0.03273809523809524,223,20,0.017298665309354148
W-2022-47,70,17,152,0.03261102767646428,224,-19,0.004476772987421832
W-2022-47,80,79,34,0.03253588516746411,225,-14,-0.015130450482982762
W-2022-47,74,21,77,0.032366540563261874,226,-12,-0.0010042880831573203
W-2022-47,94,70,81,0.032219570405727926,227,34,0.014714914912245618
W-2022-47,4,17,564,0.032136752136752135,228,166,0.006248889511540741
W-2022-47,0,90,37,0.03200692041522491,229,-16,-0.00943170350971645
W-2022-47,1,65,35,0.03164556962025317,230,16,0.014309803196895503
W-2022-47,21,68,107,0.031600708800945065,231,-1,0.0030368368094084337
W-2022-47,51,59,107,0.0315541138307284,232,17,0.005474716554576556
W-2022-47,3,4,477,0.03126843657817109,233,119,0.0047341940640886725
W-2022-47,41,101,15236,0.031181567755852173,234,4792,0.008660618788098273
W-2022-47,0,64,36,0.031141868512110725,235,-14,-0.007951172926513199
W-2022-47,8,11,99,0.03110273327049953,236,49,0.014101713209295857
W-2022-47,10,88,143,0.0310397221619275,237,7,0.0008778237365560208
W-2022-47,56,50,593,0.031029250170059128,238,366,0.017990766539961484
W-2022-47,94,74,78,0.031026252983293555,239,4,0.0034657315680235376
W-2022-47,11,4,456,0.03087130187529619,240,84,0.0037140526418314515
W-2022-47,47,42,1353,0.03051627309019555,241,-144,-0.00298415209890171
W-2022-47,78,14,478,0.030471090712054567,242,184,0.010999602534029533
W-2022-47,64,68,174,0.030387705204331122,243,35,0.0053426601592860765
W-2022-47,24,14,52,0.030320699708454812,244,10,0.006457063344818447
W-2022-47,37,20,141,0.03022508038585209,245,26,0.008058542220855947
W-2022-47,96,97,9,0.030100334448160536,246,5,0.015340186846684522
W-2022-47,25,88,91,0.029914529914529916,247,87,0.028999407516909236
W-2022-47,51,54,101,0.029784724270126805,248,19,0.006023495640744017
W-2022-47,73,36,155,0.029653721063707672,249,17,0.0019094508586413282
W-2022-47,70,65,138,0.02960738039047415,250,21,0.010357627182181948
W-2022-47,0,94,34,0.029411764705882353,251,-34,-0.023754771650646184
W-2022-47,75,76,2354,0.02919617497860518,252,-244,-0.003691566172845523
W-2022-47,51,60,99,0.029194927749926276,253,41,0.012388205060850647
W-2022-47,23,40,13,0.029017857142857144,254,13,0.029017857142857144
W-2022-47,21,85,98,0.028942705256940343,255,-12,-0.00015012732703215126
W-2022-47,51,47,97,0.028605131229725744,256,32,0.009770010974727194
W-2022-47,11,36,417,0.028230993162277434,257,39,0.0006357237798858446
W-2022-47,74,72,67,0.02816309373686423,258,-12,-0.0014582036009685405
W-2022-47,70,21,131,0.028105556747479082,259,-11,0.004742608409209915
W-2022-47,71,84,40,0.027874564459930314,260,30,-0.0014509487365506266
W-2022-47,94,11,70,0.02784407319013524,261,-7,-0.0008337666608889682
W-2022-47,61,50,5408,0.027721249711664148,262,2122,0.010081895593309773
W-2022-47,60,61,1933,0.027694203272300065,263,1026,0.01375472550323126
W-2022-47,0,13,32,0.02768166089965398,264,-21,-0.01375696302528738
W-2022-47,77,67,130,0.027665460736326877,265,8,-0.002811681407065579
W-2022-47,65,36,308,0.027620841180163214,266,7,0.0005086091498983959
W-2022-47,101,50,9149,0.027606121685394613,267,4552,0.013666906005065677
W-2022-47,58,62,239,0.027575862466828197,268,-177,-0.0270459862726676
W-2022-47,37,65,128,0.027438370846730974,269,44,0.01124716036099466
W-2022-47,74,68,64,0.026902059688944935,270,20,0.010404121931164658
W-2022-47,74,94,64,0.026902059688944935,271,12,0.007404496884295515
W-2022-47,77,88,126,0.026814215790593742,272,19,8.426325499544252e-05
W-2022-47,69,67,24,0.026726057906458798,273,-27,-0.013463067389049479
W-2022-47,2,11,14,0.026465028355387523,274,-2,-0.008317580340264651
W-2022-47,90,78,108,0.02645761881430671,275,98,0.024015019889050238
W-2022-47,85,78,89,0.026456599286563614,276,16,0.003918778971651604
W-2022-47,58,42,229,0.02642206068997346,277,-38,-0.008635712419270237
W-2022-47,49,101,8044,0.02628826897435227,278,4067,0.012491840018849829
W-2022-47,41,49,12752,0.026097883435457266,279,-2636,-0.007084073929134561
W-2022-47,45,61,297,0.025991073772643737,280,251,0.02117684038698178
W-2022-47,37,11,121,0.025937834941050376,281,9,0.0043495542934019575
W-2022-47,72,4,125,0.025853154084798345,282,36,0.009341094715596118
W-2022-47,62,42,13294,0.02581675039859245,283,5776,0.010540578422788867
W-2022-47,20,37,119,0.025796661608497723,284,81,0.017745814150870606
W-2022-47,51,55,87,0.02565614862872309,285,29,0.008849425939647462
W-2022-47,81,91,64,0.025579536370903277,286,0,-0.004132627045995516
W-2022-47,84,38,28,0.025547445255474453,287,-1,0.003759316029328698
W-2022-47,95,97,15,0.025423728813559324,288,7,0.011388641094261078
W-2022-47,60,42,1768,0.025330238688787643,289,-211,-0.005084564514064801
W-2022-47,20,36,115,0.024929546932581835,290,27,0.0062854791359716645
W-2022-47,83,11,19,0.024869109947643978,291,8,0.009527408413473824
W-2022-47,21,74,84,0.024808033077377438,292,-24,-0.0037558389141591937
W-2022-47,8,73,78,0.024505183788878417,293,37,0.010564347338691406
W-2022-47,72,11,118,0.024405377456049638,294,24,0.00696567430206077
W-2022-47,66,28,7212,0.02438372930408999,295,52,0.0004375613598484422
W-2022-47,62,59,12535,0.02434278368033371,296,6364,0.011803643315518078
W-2022-47,0,11,28,0.02422145328719723,297,-11,-0.0062711190349294295
W-2022-47,52,44,858,0.024220867208672087,298,540,0.014326962227495396
W-2022-47,70,14,112,0.024029178287921046,299,63,0.01596731583316619
W-2022-47,34,18,14,0.023809523809523808,300,-3,-0.0017543859649122827
W-2022-47,83,78,18,0.02356020942408377,301,-11,-0.016886094620546636
W-2022-47,41,60,11412,0.02335547724007515,302,7005,0.01385243031352484
W-2022-47,50,49,8766,0.0231757001488469,303,-6145,-0.020907730500534467
W-2022-47,52,101,818,0.023091689250225835,304,200,0.003863911645297549
W-2022-47,71,97,33,0.022996515679442508,305,10,-0.04445216467246364
W-2022-47,58,44,198,0.02284527518172378,306,103,0.01037153568592546
W-2022-47,16,11,23,0.022817460317460316,307,16,0.014503921125061266
W-2022-47,57,41,5122,0.022702089372301854,308,1884,0.007690499200767316
W-2022-47,77,18,106,0.02255799106192807,309,12,-0.0009243971469152963
W-2022-47,7,79,21,0.022556390977443608,310,11,0.014569170530159263
W-2022-47,35,72,50,0.02252252252252252,311,-31,-0.006530562125971022
W-2022-47,32,28,4578,0.022488689338750006,312,1105,0.0028712104079110824
W-2022-47,73,65,117,0.02238377654486321,313,0,-0.0011385394985626018
W-2022-47,71,81,32,0.02229965156794425,314,32,0.02229965156794425
W-2022-47,97,98,271,0.022256898817345598,315,35,0.0027010486350452986
W-2022-47,47,45,966,0.021787671696325867,316,436,0.00992713372022597
W-2022-47,11,70,321,0.021731771714846658,317,-10,-0.002432339834284602
W-2022-47,100,4,239,0.021705567160112616,318,54,0.0038862645209294146
W-2022-47,9,59,52,0.021657642648896292,319,10,0.0027981904710785988
W-2022-47,101,57,7172,0.021640737209274258,320,2512,0.007510490293822256
W-2022-47,85,100,72,0.02140309155766944,321,-33,-0.011014321224053315
W-2022-47,4,11,374,0.02131054131054131,322,42,-0.00028435917079080997
W-2022-47,38,79,106,0.0212,323,-65,-0.013408378870673952
W-2022-47,88,98,392,0.021080935735412747,324,-112,-0.0058306405140532945
W-2022-47,37,14,98,0.021007502679528403,325,-3,0.0015394995954883112
W-2022-47,71,89,30,0.020905923344947737,326,26,0.009175718066355362
W-2022-47,48,47,521,0.020879252995631786,327,-12,-0.0007136816989071863
W-2022-47,9,62,50,0.02082465639316951,328,14,0.004659411669325774
W-2022-47,100,64,228,0.020706566161111616,329,169,0.01502365342753427
W-2022-47,42,62,2951,0.02062886223191567,330,-1991,-0.014116453618613387
W-2022-47,74,64,49,0.020596889449348465,331,-10,-0.0015253452713114533
W-2022-47,74,88,49,0.020596889449348465,332,-8,-0.0007754390095941685
W-2022-47,70,74,96,0.020596438532503755,333,-32,-0.0004631205329783117
W-2022-47,90,94,84,0.020578147966683,334,-114,-0.027785310753395163
W-2022-47,7,67,19,0.02040816326530612,335,-10,-0.002754776031818479
W-2022-47,19,55,4180,0.0203666980125416,336,1527,0.006856831685361459
W-2022-47,78,82,318,0.02027156244023714,337,37,0.0016610584333492662
W-2022-47,52,50,714,0.02015582655826558,338,435,0.011475325018176599
W-2022-47,23,7,9,0.020089285714285716,339,-4,-0.003001300431362597
W-2022-47,73,14,105,0.020088004591543907,340,-14,-0.003836402324419102
W-2022-47,25,36,61,0.020052596975673898,341,-6,0.004724296815527478
W-2022-47,38,98,100,0.02,342,-25,-0.005298522566282129
W-2022-47,10,98,92,0.01996961146082049,343,-3,-0.0010993617039610562
W-2022-47,92,78,221,0.019793999104343932,344,6,-0.002469643848954192
W-2022-47,21,88,67,0.019787359716479623,345,-1,0.001802699573660263
W-2022-47,53,101,455,0.019651032219055023,346,86,0.002062014630037433
W-2022-47,83,17,15,0.01963350785340314,347,-5,-0.008260494935997138
W-2022-47,90,21,80,0.019598236158745713,348,38,0.009339320672668527
W-2022-47,3,17,298,0.019534578826614225,349,47,0.0009309618684167735
W-2022-47,21,13,66,0.019492025989367986,350,5,0.0033587279200741477
W-2022-47,4,13,342,0.019487179487179488,351,60,0.0011445230542407592
W-2022-47,51,48,66,0.019463285166617515,352,-32,-0.008934280756303377
W-2022-47,7,98,18,0.01933404940923738,353,1,0.005755774648853993
W-2022-47,92,14,215,0.019256605463502014,354,36,0.0007208283070352026
W-2022-47,72,74,93,0.01923474663908997,355,8,0.0034648022977170553
W-2022-47,49,43,5850,0.019118146879656985,356,3413,0.010664061547859286
W-2022-47,90,68,78,0.01910828025477707,357,0,5.60086377765813e-05
W-2022-47,92,70,213,0.01907747424988804,358,30,0.00012748978266219346
W-2022-47,99,32,270,0.01906106600776562,359,-42,0.0010409666661923278
W-2022-47,47,61,838,0.018900692423934863,360,456,0.010352153731727013
W-2022-47,16,64,19,0.018849206349206348,361,6,0.003409776420465256
W-2022-47,70,4,87,0.01866552242008153,362,14,0.006654992640548788
W-2022-47,21,64,63,0.018606024808033077,363,-7,9.240407277785398e-05
W-2022-47,48,62,464,0.0185949585220214,364,-256,-0.010573733748275149
W-2022-47,85,74,62,0.018430439952437573,365,-8,-0.0031811685687109306
W-2022-47,9,50,44,0.018325697625989172,366,7,0.0017114183264831107
W-2022-47,83,70,14,0.01832460732984293,367,6,0.007167006214082819
W-2022-47,11,68,270,0.01827906032089906,368,10,-0.0007018127992644667
W-2022-47,11,13,269,0.018211360097488322,369,8,-0.0008425163808296818
W-2022-47,101,59,6034,0.01820694483000012,370,2074,0.006199267193693269
W-2022-47,64,4,104,0.018162766329025498,371,28,0.004469072635331804
W-2022-47,11,20,268,0.018143659874077584,372,-36,-0.004049361004882849
W-2022-47,71,38,26,0.018118466898954706,373,22,0.00638826162036233
W-2022-47,78,17,283,0.018040415630777077,374,6,-0.00030517016960705454
W-2022-47,59,43,8009,0.01803138437985456,375,4929,0.010838433471744506
W-2022-47,8,37,57,0.017907634307257305,376,11,0.0022666958509499277
W-2022-47,69,44,16,0.017817371937639197,377,14,0.01624132780840358
W-2022-47,72,17,86,0.017786970010341262,378,-8,0.0003472668563523941
W-2022-47,21,90,60,0.01772002362669817,379,-1,0.0015867255574043317
W-2022-47,62,57,9116,0.01770313650019323,380,5577,0.010512078689290211
W-2022-47,65,11,194,0.017397542821271636,381,2,0.00010336159266417788
W-2022-47,0,4,20,0.01730103806228374,382,-22,-0.01553711674616036
W-2022-47,61,57,3373,0.01728989927467514,383,1707,0.00834675747273406
W-2022-47,85,88,58,0.017241379310344827,384,13,0.003348202403892218
W-2022-47,7,89,16,0.017185821697099892,385,-31,-0.02035411440513653
W-2022-47,21,72,58,0.017129356172474897,386,2,0.0023184595842707188
W-2022-47,11,14,253,0.017128156522916525,387,35,0.0012134244452409529
W-2022-47,68,82,866,0.017116654148713287,388,-175,-0.0034463088142496767
W-2022-47,86,97,27,0.017077798861480076,389,3,0.0012987061593104504
W-2022-47,100,17,188,0.01707383525565344,390,21,0.0009883026029853595
W-2022-47,2,24,9,0.017013232514177693,391,5,0.00831758034026465
W-2022-47,95,69,10,0.01694915254237288,392,3,0.004668450787986916
W-2022-47,95,81,10,0.01694915254237288,393,6,0.009931608682723757
W-2022-47,57,61,3802,0.01685149234546889,394,2210,0.009470871112274636
W-2022-47,98,79,246,0.016713091922005572,395,46,0.0026404772301958333
W-2022-47,100,88,183,0.016619743892471166,396,107,0.009299381727185094
W-2022-47,92,17,184,0.016480071652485447,397,34,0.000947297499021638
W-2022-47,73,20,86,0.016453032332121677,398,-1,-0.001037920623246237
W-2022-47,0,100,19,0.01643598615916955,399,3,0.003926212898809893
W-2022-47,42,59,2337,0.016336716718396108,400,288,0.0019309797338283152
W-2022-47,9,49,39,0.01624323198667222,401,-96,-0.04437643572774179
W-2022-47,30,66,555,0.016171328671328672,402,56,0.0007377025424161396
W-2022-47,13,82,953,0.016116212605482558,403,171,0.001238827372524013
W-2022-47,70,90,75,0.01609096760351856,404,-6,0.0027642153823931887
W-2022-47,58,48,139,0.016037844698280835,405,38,0.0027762900764320957
W-2022-47,60,43,1118,0.016017650935556894,406,521,0.006842493021406864
W-2022-47,94,14,40,0.015910898965791568,407,-37,-0.012766940885232642
W-2022-47,70,64,74,0.015876421368804978,408,16,0.006333808667258417
W-2022-47,35,3,35,0.015765765765765764,409,-5,0.0014185634702133972
W-2022-47,85,64,53,0.015755053507728895,410,15,0.004023037453391137
W-2022-47,70,13,73,0.015661875134091396,411,-16,0.0010189004713733966
W-2022-47,88,91,291,0.01564936810970691,412,-122,-0.006403173539161096
W-2022-47,61,41,3052,0.015644462670118153,413,-853,-0.005317703438273154
W-2022-47,23,89,7,0.015625,414,-5,-0.005689387211367674
W-2022-47,69,98,14,0.015590200445434299,415,-2,0.0029818474115493494
W-2022-47,81,98,39,0.015587529976019185,416,-7,-0.005768087479876824
W-2022-47,59,101,6781,0.015266677173154422,417,2632,0.005577211810249031
W-2022-47,95,79,9,0.015254237288135594,418,-7,-0.012815938150460898
W-2022-47,46,89,42,0.015195369030390739,419,3,0.00467756967763993
W-2022-47,90,65,61,0.014943655071043607,420,36,0.008837157757902425
W-2022-47,99,66,211,0.014895870102364985,421,-33,0.0008032283095961278
W-2022-47,59,61,6582,0.014818650516694058,422,4088,0.008994228580062089
W-2022-47,81,67,37,0.014788169464428458,423,-7,-0.0056389428846894615
W-2022-47,39,63,188,0.014709334167905484,424,-32,0.0009257366489530371
W-2022-47,58,43,127,0.014653282566055153,425,91,0.009926391809752633
W-2022-47,11,65,216,0.014623248256719247,426,1,-0.0010724737464929014
W-2022-47,29,66,3336,0.014615104903683129,427,255,-0.00012186810962367366
W-2022-47,60,57,1020,0.014613599243531334,428,233,0.00251837432152786
W-2022-47,99,28,207,0.014613483939286975,429,-20,0.0015027065337192263
W-2022-47,84,77,16,0.014598540145985401,430,2,0.004080132933363312
W-2022-47,90,0,59,0.014453699167074964,431,13,0.0032177441108951887
W-2022-47,90,14,59,0.014453699167074964,432,-61,-0.01485748793600271
W-2022-47,51,57,49,0.014450014744913005,433,-5,-0.0011976236207780992
W-2022-47,61,58,2816,0.014434733577671272,434,1950,0.009786017610996015
W-2022-47,11,73,213,0.014420147586487035,435,8,-0.0005455408351803612
W-2022-47,70,63,67,0.014374597725809912,436,9,0.0048319850242633505
W-2022-47,47,48,634,0.014299569208561697,437,-45,-0.0008953464249700574
W-2022-47,21,78,48,0.014176018901358535,438,-17,-0.0030152003528070292
W-2022-47,20,65,65,0.01409061348363321,439,-10,-0.0017992170248413656
W-2022-47,93,91,210,0.014084507042253521,440,-98,-0.002768195956214416
W-2022-47,87,22,29,0.014057198254968492,441,-5,-6.240307393516262e-05
W-2022-47,47,62,619,0.013961251325078377,442,-755,-0.01678663391862211
W-2022-47,32,26,2829,0.013897007894129263,443,-3,-0.0020997385303267793
W-2022-47,0,14,16,0.01384083044982699,444,4,0.004458500504557247
W-2022-47,64,14,78,0.013622074746769124,445,11,0.0015500026746970517
W-2022-47,1,8,15,0.013562386980108499,446,5,0.004438299388867624
W-2022-47,56,43,259,0.013552404374444037,447,147,0.007119319940210838
W-2022-47,48,51,337,0.013505390133450888,448,220,0.008765477639527699
W-2022-47,37,73,63,0.013504823151125401,449,-229,-0.04277890853738655
W-2022-47,48,43,336,0.0134653147918086,450,213,0.008482329862299607
W-2022-47,74,0,32,0.013451029844472467,451,-10,-0.0022970016515905245
W-2022-47,100,68,148,0.013441104350195259,452,-17,-0.0024517871928600287
W-2022-47,23,88,6,0.013392857142857142,453,-1,0.0009594646028926665
W-2022-47,96,77,4,0.013377926421404682,454,1,0.0023078157202976717
W-2022-47,11,79,197,0.01333694401191524,455,36,0.0015834033490447468
W-2022-47,98,97,196,0.01331612201915891,456,5,-0.00012322501151938899
W-2022-47,45,59,152,0.013301829001487705,457,-348,-0.03902679475570748
W-2022-47,64,11,76,0.013272790778903249,458,0,-0.00042090291479044556
W-2022-47,48,54,331,0.013264938083597163,459,179,0.00710710304875678
W-2022-47,2,70,7,0.013232514177693762,460,5,0.008884688090737239
W-2022-47,11,91,194,0.013133843341683028,461,58,0.003205386632674414
W-2022-47,35,11,29,0.013063063063063063,462,-34,-0.009533780552431917
W-2022-47,58,57,113,0.01303796007845852,463,45,0.004109388649887092
W-2022-47,72,90,63,0.013029989658738366,464,-51,-0.008120288634397071
W-2022-47,0,68,15,0.012975778546712802,465,-6,-0.003443298857509247
W-2022-47,44,62,805,0.012945660389495522,466,-196,-0.0036725848167798985
W-2022-47,7,97,12,0.01288936627282492,467,-6,-0.0014876305322869005
W-2022-47,11,85,190,0.012863042448040079,468,155,0.010307924912633451
W-2022-47,100,21,141,0.012805376441740079,469,59,0.004907090947615633
W-2022-47,44,41,796,0.012800926298184391,470,197,0.0028565418041194782
W-2022-47,48,49,319,0.012784033983889713,471,-210,-0.008646852420258724
W-2022-47,61,49,2487,0.012748289207268627,472,-336,-0.002405665958925652
W-2022-47,41,62,6142,0.012570043919430562,473,-631,-0.0020349338054446928
W-2022-47,71,88,18,0.012543554006968641,474,11,-0.007984305230568015
W-2022-47,51,43,42,0.012385726924211147,475,7,0.002243739094596542
W-2022-47,100,90,136,0.012351285078557806,476,78,0.006764692899786856
W-2022-47,6,88,5,0.012345679012345678,477,4,0.01085758377425044
W-2022-47,6,98,5,0.012345679012345678,478,-18,-0.0218805114638448
W-2022-47,54,44,232,0.012236932327654413,479,73,0.0045642980565546686
W-2022-47,74,4,29,0.012189995796553174,480,-1,0.000941401870793895
W-2022-47,66,29,3599,0.012168197693485839,481,70,0.00036568000141483023
W-2022-47,60,62,849,0.01216367231152755,482,-370,-0.006570862859911122
W-2022-47,89,61,2796,0.012153245646825638,483,2027,0.008749687179976033
W-2022-47,58,50,105,0.012114918656974732,484,-15,-0.0036413838640336708
W-2022-47,32,30,2466,0.012113828726377788,485,141,-0.0010190933911576293
W-2022-47,58,49,104,0.011999538479289258,486,-276,-0.03789541950390402
W-2022-47,18,67,133,0.011964735516372796,487,-4,0.00019396483160606312
W-2022-47,95,11,7,0.011864406779661017,488,-6,-0.010942610764198633
W-2022-47,51,62,40,0.011795930404010616,489,-195,-0.05630027359483031
W-2022-47,56,61,225,0.01177332426351316,490,55,0.0020088211044091957
W-2022-47,68,17,595,0.011760287781159822,491,-24,-0.00046687271266733846
W-2022-47,35,17,26,0.011711711711711712,492,5,0.004179430506546719
W-2022-47,50,57,4412,0.011664520768504737,493,2415,0.005760516274720645
W-2022-47,59,41,5179,0.011659950019136818,494,2679,0.005821515840476061
W-2022-47,54,42,217,0.011445751358193998,495,-111,-0.004382072798540066
W-2022-47,85,35,38,0.011296076099881093,496,-27,-0.008771846098328229
W-2022-47,82,13,216,0.0112876254180602,497,84,0.0031730376022367536
W-2022-47,9,19,27,0.011245314452311536,498,-22,-0.010757379755142437
W-2022-47,82,17,215,0.011235367892976588,499,18,-0.0008750396806387062
W-2022-47,49,57,3432,0.011215979502732098,500,1050,0.002952692157495284
W-2022-47,41,50,5456,0.011166095673137926,501,1672,0.0030064565603477346
W-2022-47,71,80,16,0.011149825783972125,502,12,-0.0005803794946202499
W-2022-47,14,4,691,0.011089178823038531,503,22,0.0011927291188965194
W-2022-47,85,82,37,0.010998810939357907,504,2,0.00019300667878365506
W-2022-47,85,94,37,0.010998810939357907,505,3,0.000501743943371491
W-2022-47,13,17,649,0.01097525916155108,506,-37,-0.00207574629856345
W-2022-47,11,74,162,0.010967436192539435,507,-1,-0.0009321111866400084
W-2022-47,70,68,51,0.01094185797039262,508,0,0.0025509399052396093
W-2022-47,70,78,51,0.01094185797039262,509,6,0.0035381067364340804
W-2022-47,74,65,26,0.01092896174863388,510,12,0.0056796179166128825
W-2022-47,74,78,26,0.01092896174863388,511,-7,-0.0014444915697013287
W-2022-47,16,92,11,0.010912698412698412,512,4,0.0025991592202993623
W-2022-47,25,37,33,0.010848126232741617,513,-8,0.0014681216571296295
W-2022-47,64,74,62,0.010827803003842123,514,17,0.0027196948957340147
W-2022-47,81,89,27,0.01079136690647482,515,8,0.0019705683920829917
W-2022-47,90,100,44,0.010779029887310143,516,13,0.003206973219015077
W-2022-47,86,98,17,0.010752688172043012,517,2,0.0008907552331869958
W-2022-47,7,23,10,0.010741138560687433,518,0,0.0027539181134030883
W-2022-47,85,39,36,0.01070154577883472,519,-17,-0.005661529244320574
W-2022-47,98,18,157,0.010666485494938515,520,-36,-0.002913587682657882
W-2022-47,26,32,813,0.010544610316338309,521,27,-0.00047799584285841516
W-2022-47,54,55,199,0.0104963341948415,522,-91,-0.003497778626661178
W-2022-47,71,79,15,0.010452961672473868,523,11,-0.001277243606118507
W-2022-47,38,67,52,0.0104,524,2,0.0002805909734871475
W-2022-47,81,79,26,0.010391686650679457,525,11,0.0034278983498438028
W-2022-47,72,3,50,0.010341261633919338,526,29,0.006445157737815442
W-2022-47,65,25,115,0.01031297641467133,527,7,0.0005849994735796348
W-2022-47,60,52,719,0.010301154760881401,528,-189,-0.00365369178191295
W-2022-47,11,94,152,0.010290433958432063,529,117,0.007735316423025434
W-2022-47,54,41,195,0.01028535260298539,530,-39,-0.0010064487771236676
W-2022-47,43,57,829,0.010284466609599663,531,-522,-0.005184703826079046
W-2022-47,88,68,191,0.010271578381285291,532,31,0.001728220841772262
W-2022-47,101,42,3392,0.010234994508346107,533,-48,-0.00019591737773863235
W-2022-47,34,101,6,0.01020408163265306,534,1,0.002685284640171858
W-2022-47,25,11,31,0.010190664036817882,535,-33,-0.0044512943251130265
W-2022-47,95,34,6,0.010169491525423728,536,4,0.006660719595599166
W-2022-47,64,65,58,0.010129235068110374,537,21,0.0034625684014437065
W-2022-47,88,4,188,0.010110244689432644,538,28,0.0015668871499196144
W-2022-47,96,23,3,0.010033444816053512,539,3,0.010033444816053512
W-2022-47,11,21,148,0.010019633064789113,540,-49,-0.004362028491642482
W-2022-47,60,49,698,0.010000286541161639,541,-483,-0.008150235228706343
W-2022-47,29,32,2271,0.009949311521661987,542,256,0.0003112068083178758
W-2022-47,94,21,25,0.00994431185361973,543,0,0.0006333248890014794
W-2022-47,54,57,188,0.009916134817237196,544,-49,-0.0015204332472322345
W-2022-47,42,60,1411,0.009863546123088108,545,263,0.0017923962654581294
W-2022-47,25,20,30,0.009861932938856016,546,-41,-0.0063814896189110844
W-2022-47,36,13,312,0.009849417558480917,547,101,0.0021604736039586517
W-2022-47,88,64,183,0.009841355203011562,548,17,0.0009776217557667943
W-2022-47,64,82,56,0.009779951100244499,549,13,0.002032203352496751
W-2022-47,11,37,144,0.009748832171146166,550,14,0.000258395611064402
W-2022-47,21,100,33,0.009746012994683993,551,-14,-0.0026845609275587996
W-2022-47,42,51,1390,0.009716746357967732,552,863,0.006011610491268256
W-2022-47,92,11,107,0.009583519928347514,553,12,-0.00025390370217956426
W-2022-47,94,4,24,0.00954653937947494,554,4,0.002097749807780341
W-2022-47,85,90,32,0.009512485136741973,555,-14,-0.004689429034298472
W-2022-47,101,43,3152,0.009510820368604638,556,1805,0.005426390627163899
W-2022-47,67,79,214,0.009495074984470673,557,-81,-0.004415426265116727
W-2022-47,2,17,5,0.00945179584120983,558,5,0.00945179584120983
W-2022-47,2,100,5,0.00945179584120983,559,4,0.0072778827977315694
W-2022-47,100,85,104,0.009445100354191263,560,9,0.00029464764758367276
W-2022-47,36,11,298,0.009407456514190107,561,101,0.002228679457124296
W-2022-47,10,89,43,0.009333622747992185,562,5,0.000906033482079566
W-2022-47,70,72,43,0.009225488092683974,563,1,0.0023153202743226705
W-2022-47,83,73,7,0.009162303664921465,564,4,0.004978203246511424
W-2022-47,77,10,43,0.009150883166631199,565,0,-0.0015910603757120431
W-2022-47,77,11,43,0.009150883166631199,566,21,0.003655005075199772
W-2022-47,77,80,43,0.009150883166631199,567,3,-0.0008416224541532135
W-2022-47,84,89,10,0.009124087591240875,568,0,0.0016109395822250976
W-2022-47,8,20,29,0.009110901665095822,569,10,0.0026505140418384265
W-2022-47,56,101,174,0.009104704097116844,570,56,0.0023269901396211516
W-2022-47,72,13,44,0.009100310237849017,571,17,0.00409103380000115
W-2022-47,65,73,101,0.009057483633754821,572,-8,-0.0007605671679025375
W-2022-47,35,78,20,0.009009009009009009,573,-25,-0.007131593573487404
W-2022-47,48,53,224,0.0089768765278724,574,152,0.006060007300842746
W-2022-47,36,68,283,0.008933926823878524,575,157,0.004342424746770442
W-2022-47,59,55,3968,0.008933516446405656,576,-3607,-0.008756939114936435
W-2022-47,23,18,4,0.008928571428571428,577,-1,4.7576757168231454e-05
W-2022-47,23,84,4,0.008928571428571428,578,2,0.005376173560010149
W-2022-47,23,86,4,0.008928571428571428,579,4,0.008928571428571428
W-2022-47,85,72,30,0.0089179548156956,580,4,0.0008907859364118698
W-2022-47,69,81,8,0.008908685968819599,581,3,0.004968575645730553
W-2022-47,21,65,30,0.008860011813349085,582,-14,-0.002777121220239912
W-2022-47,32,29,1800,0.008842210749180868,583,132,-0.0005796017635284114
W-2022-47,100,13,97,0.008809372445736083,584,-39,-0.004290223007933731
W-2022-47,59,50,3912,0.008807438593331381,585,2397,0.005269347481062963
W-2022-47,37,4,41,0.008788853161843515,586,7,0.0022352679652359597
W-2022-47,48,55,217,0.008696349136376388,587,3,2.676560048269286e-05
W-2022-47,47,60,385,0.008683492342738571,588,168,0.0038273852845995566
W-2022-47,46,59,24,0.008683068017366137,589,11,0.005177134899782533
W-2022-47,45,41,99,0.008663691257547913,590,-17,-0.0034765494541213696
W-2022-47,4,100,152,0.008660968660968662,591,41,0.0014409868735353326
W-2022-47,0,73,10,0.00865051903114187,592,5,0.004741214887279477
W-2022-47,101,62,2861,0.008632759224168104,593,-2581,-0.007868700800271765
W-2022-47,11,90,127,0.008597928373163631,594,51,0.003049673153423523
W-2022-47,7,81,8,0.008592910848549946,595,6,0.006995466759093077
W-2022-47,93,89,128,0.008584842387659289,596,-146,-0.006407497292795952
W-2022-47,60,59,597,0.008553253674890397,597,-46,-0.0013288678306346766
W-2022-47,88,94,159,0.008550685668190373,598,-25,-0.0012741755022496089
W-2022-47,58,55,74,0.00853813314872505,599,17,0.0010538894512460576
W-2022-47,34,75,5,0.008503401360544218,600,0,0.0009846043680630159
W-2022-47,33,41,138,0.008480825958702065,601,-18,-0.0011109103915192837
W-2022-47,95,23,5,0.00847457627118644,602,5,0.00847457627118644
W-2022-47,74,14,20,0.008406893652795292,603,12,0.005407268605926151
W-2022-47,38,89,42,0.0084,604,5,0.0009116373203804894
W-2022-47,64,21,48,0.008382815228781,605,12,0.0018963287422945133
W-2022-47,4,68,146,0.008319088319088319,606,24,0.00038361284100844363
W-2022-47,98,67,122,0.008288606562945852,607,14,0.0006893946293685931
W-2022-47,11,24,122,0.008259427256109945,608,-3,-0.0008659925131994425
W-2022-47,33,62,134,0.008235004916420846,609,17,0.0010412026537548356
W-2022-47,45,101,94,0.008226131093025292,610,44,0.0029932687173057733
W-2022-47,84,18,9,0.008211678832116789,611,-3,-0.000804098778702144
W-2022-47,84,97,9,0.008211678832116789,612,-9,-0.00531198758411161
W-2022-47,91,79,2220,0.008171979680482956,613,-205,-0.0008040496942671952
W-2022-47,70,39,38,0.00815275691911607,614,13,0.004039561789139104
W-2022-47,41,44,3978,0.008141262571067205,615,1842,0.0035352929238896555
W-2022-47,1,68,9,0.0081374321880651,616,3,0.002662979633320574
W-2022-47,35,82,18,0.008108108108108109,617,-10,-0.0019349334987785478
W-2022-47,42,49,1159,0.008101948941643598,618,-923,-0.006535798448239342
W-2022-47,64,94,46,0.008033531260915125,619,-71,-0.013047549820165956
W-2022-47,38,88,40,0.008,620,-7,-0.001512244484922081
W-2022-47,21,35,27,0.007974010632014175,621,-8,-0.0012827997356134359
W-2022-47,21,39,27,0.007974010632014175,622,-11,-0.0020762406242672317
W-2022-47,94,78,20,0.007955449482895784,623,4,0.0019964178255401045
W-2022-47,16,88,8,0.007936507936507936,624,-1,-0.0027523281680051272
W-2022-47,11,88,117,0.00792092613905626,625,74,0.004781781738413831
W-2022-47,97,67,96,0.00788436268068331,626,-20,-0.0017278348665490401
W-2022-47,64,88,45,0.007858889276982186,627,-127,-0.023132101714008806
W-2022-47,83,8,6,0.007853403141361256,628,3,0.0036693027229512147
W-2022-47,83,39,6,0.007853403141361256,629,0,-0.0005147976954588268
W-2022-47,10,38,36,0.007814195789016714,630,-12,-0.0028311801258202787
W-2022-47,42,44,1116,0.007801358946397115,631,500,0.003470498047181029
W-2022-47,69,95,7,0.0077951002227171495,632,2,0.0038549898996281034
W-2022-47,92,13,87,0.007792207792207792,633,20,0.000854235336993958
W-2022-47,0,88,9,0.007785467128027681,634,-14,-0.010197331933739324
W-2022-47,36,1,246,0.0077658869211099536,635,190,0.005725219331284139
W-2022-47,79,98,424,0.007735673496196019,636,-142,-0.0015149598289653761
W-2022-47,11,78,114,0.0077178254688240475,637,7,-9.353385370478896e-05
W-2022-47,88,85,143,0.007690239311642914,638,-24,-0.0012268901202238097
W-2022-47,62,49,3954,0.007678609227924969,639,-3572,-0.007613818317951298
W-2022-47,35,94,17,0.0076576576576576575,640,-1,0.001201416624659092
W-2022-47,35,100,17,0.0076576576576576575,641,-16,-0.004178784236173046
W-2022-47,92,82,85,0.00761307657859382,642,-18,-0.0030527616734513287
W-2022-47,43,101,612,0.007592392720235215,643,3,0.0006192433528567302
W-2022-47,2,88,4,0.007561436672967864,644,3,0.005387523629489603
W-2022-47,94,16,19,0.007557677008750994,645,9,0.0038332822229036946
W-2022-47,56,49,144,0.007534927528648422,646,-588,-0.0345098743093757
W-2022-47,65,20,84,0.007532956685499058,647,-21,-0.0019247986738956451
W-2022-47,88,14,140,0.007528905619790266,648,-18,-0.0009076599504788492
W-2022-47,88,17,140,0.007528905619790266,649,-34,-0.0017619957044301528
W-2022-47,11,92,111,0.007514724798591835,650,33,0.001820462862542777
W-2022-47,41,55,3667,0.0075047787451240425,651,709,0.0011262870708023233
W-2022-47,9,44,18,0.007496876301541024,652,-2,-0.0014838152117054963
W-2022-47,9,55,18,0.007496876301541024,653,4,0.0012103922422684607
W-2022-47,12,43,101,0.007494805580290888,654,48,0.0034496216389078927
W-2022-47,77,89,35,0.007448393275164928,655,6,0.00020382670009622995
W-2022-47,72,22,36,0.007445708376421924,656,-6,-0.0003464994157858685
W-2022-47,72,88,36,0.007445708376421924,657,13,0.0031785469664033705
W-2022-47,17,68,1227,0.007443988084765608,658,-42,-0.0001287405442064937
W-2022-47,55,42,2998,0.0074395751650205965,659,587,0.0012288110426806505
W-2022-47,88,10,138,0.007421349825221833,660,9,0.000533267808989454
W-2022-47,6,10,3,0.007407407407407408,661,-2,-3.306878306878237e-05
W-2022-47,6,67,3,0.007407407407407408,662,-7,-0.0074735449735449724
W-2022-47,6,84,3,0.007407407407407408,663,-4,-0.0030092592592592584
W-2022-47,43,61,596,0.007393898792908804,664,427,0.005458821218053363
W-2022-47,18,79,82,0.007376754228139618,665,11,0.0012765738002678082
W-2022-47,100,70,81,0.007356280083552811,666,0,-0.00044568485576523906
W-2022-47,90,64,30,0.007349338559529643,667,-103,-0.025137227146381447
W-2022-47,88,35,136,0.007313794030653401,668,-19,-0.0009625835857498448
W-2022-47,84,41,8,0.0072992700729927005,669,0,0.001288751665780078
W-2022-47,84,55,8,0.0072992700729927005,670,-6,-0.0032191371396293883
W-2022-47,87,88,15,0.007270964614638876,671,9,0.0047792702624794075
W-2022-47,72,82,35,0.007238883143743537,672,4,0.001487491678066357
W-2022-47,61,48,1408,0.007217366788835636,673,929,0.004646079319970223
W-2022-47,94,0,18,0.007159904534606206,674,6,0.002690630791589446
W-2022-47,85,13,24,0.007134363852556481,675,6,0.0015770930899754367
W-2022-47,4,82,125,0.007122507122507123,676,47,0.0020490064070134324
W-2022-47,37,8,33,0.00707395498392283,677,9,0.0024478948451410257
W-2022-47,28,29,1507,0.007069839884780845,678,0,-0.0003111556435211344
W-2022-47,18,77,78,0.007016912558474271,679,-25,-0.0018326449636496224
W-2022-47,64,15,40,0.006985679357317499,680,-20,-0.003825131453493312
W-2022-47,40,101,22,0.006968641114982578,681,8,0.002803214158719562
W-2022-47,0,82,8,0.006920415224913495,682,-1,-0.00011633223403881114
W-2022-47,0,85,8,0.006920415224913495,683,-23,-0.01731727046703334
W-2022-47,79,89,378,0.006896425899910602,684,-86,-0.0006871321617058076
W-2022-47,48,60,172,0.00689295876247345,685,54,0.0021125341959526266
W-2022-47,70,35,32,0.0068654795108345846,686,13,0.0037394512120520903
W-2022-47,54,62,130,0.006856901735323593,687,-66,-0.0026011883095540785
W-2022-47,30,29,235,0.006847319347319347,688,8,-0.00017358873136430995
W-2022-47,63,75,13,0.006842105263157895,689,-13,-0.004350318327027211
W-2022-47,81,77,17,0.006794564348521183,690,3,0.0002950286010745722
W-2022-47,51,61,23,0.006782659982306104,691,1,0.0004076962036912105
W-2022-47,95,18,4,0.006779661016949152,692,1,0.0015165031222123104
W-2022-47,95,55,4,0.006779661016949152,693,4,0.006779661016949152
W-2022-47,95,93,4,0.006779661016949152,694,0,-0.0002378828426999706
W-2022-47,57,101,1529,0.006776941556081518,695,543,0.0022057779028594503
W-2022-47,29,28,1533,0.006716113854120575,696,178,0.0002349069625169663
W-2022-47,49,44,2053,0.0067093257340061175,697,1084,0.0033478121162334585
W-2022-47,19,50,1376,0.0067044441304443154,698,775,0.0036439730928886182
W-2022-47,23,11,3,0.006696428571428571,699,-1,-0.00040836716569398693
W-2022-47,23,69,3,0.006696428571428571,700,2,0.0049202296371479316
W-2022-47,23,93,3,0.006696428571428571,701,-6,-0.009289361837097183
W-2022-47,96,7,2,0.006688963210702341,702,2,0.006688963210702341
W-2022-47,96,10,2,0.006688963210702341,703,0,-0.0006911105900356661
W-2022-47,96,59,2,0.006688963210702341,704,2,0.006688963210702341
W-2022-47,96,81,2,0.006688963210702341,705,1,0.0029989263103333374
W-2022-47,101,55,2214,0.0066805064391150595,706,-914,-0.0028043459968364118
W-2022-47,70,94,31,0.006650933276121004,707,-3,0.0010569878993523301
W-2022-47,14,68,411,0.0065957344374368105,708,17,0.0007673320705729051
W-2022-47,58,45,57,0.006576670128071997,709,44,0.0048697373549627535
W-2022-47,83,1,5,0.006544502617801047,710,3,0.0037551023388610193
W-2022-47,46,41,18,0.006512301013024602,711,7,0.0035457422212230917
W-2022-47,11,98,96,0.006499221447430777,712,1,-0.0004360975772443581
W-2022-47,3,82,99,0.006489675516224189,713,-7,-0.0013668320438113887
W-2022-47,64,92,37,0.006461753405518687,714,19,0.003218510162275444
W-2022-47,17,13,1065,0.006461163252058168,715,-90,-0.0004312729705287328
W-2022-47,12,41,87,0.006455921638468388,716,22,0.0014948469933760361
W-2022-47,101,49,2133,0.006436097666952313,717,-503,-0.0015568917899428537
W-2022-47,67,89,145,0.0064335788446179785,718,-3,-0.000545248900937734
W-2022-47,11,82,95,0.0064315212240200394,719,3,-0.00028478772619167005
W-2022-47,72,70,31,0.006411582213029989,720,-6,-0.00045298179439116123
W-2022-47,54,43,121,0.006382193153647344,721,30,0.0019909370613827105
W-2022-47,101,44,2109,0.006363680252978166,722,503,0.0014938998782537214
W-2022-47,92,90,71,0.006359158083296014,723,16,0.0006638075603592848
W-2022-47,47,54,281,0.006337821683920879,724,170,0.003853822221001844
W-2022-47,1,20,7,0.006329113924050633,725,-4,-0.0037073824263143306
W-2022-47,86,96,10,0.006325110689437065,726,3,0.0017228753179709243
W-2022-47,12,44,85,0.00630750964677946,727,39,0.0027965952825602567
W-2022-47,74,39,15,0.006305170239596469,728,-14,-0.004568470555304168
W-2022-47,88,11,117,0.006292013982253294,729,-2,-6.210818775952056e-05
W-2022-47,59,42,2782,0.006263367629511223,730,-327,-0.0009973091150712937
W-2022-47,57,43,1394,0.006178585041973601,731,582,0.0024140973275554277
W-2022-47,47,55,271,0.006112276428265332,732,-60,-0.0012949652134121512
W-2022-47,55,43,2448,0.006074743163432429,733,1611,0.003918621400513086
W-2022-47,0,16,7,0.006055363321799308,734,-7,-0.004890688281015391
W-2022-47,98,89,89,0.006046606427067057,735,13,0.0006990128441793564
W-2022-47,70,3,28,0.006007294571980262,736,6,0.0023876828576005313
W-2022-47,77,97,28,0.005958714620131943,737,-10,-0.003534165719613248
W-2022-47,88,3,109,0.005861790803979565,738,91,0.004900663080784349
W-2022-47,35,21,13,0.005855855855855856,739,-6,-0.0009590652345315186
W-2022-47,20,8,27,0.0058530240624322565,740,9,0.002039464740398358
W-2022-47,24,37,10,0.0058309037900874635,741,5,0.0029899946991783725
W-2022-47,24,70,10,0.0058309037900874635,742,2,0.0012854492446329182
W-2022-47,4,88,101,0.005754985754985755,743,22,0.0006164401585241966
W-2022-47,11,64,85,0.005754518989912667,744,46,0.0029073880218881375
W-2022-47,82,36,110,0.005748327759197324,745,101,0.005195060408118453
W-2022-47,36,65,182,0.005745493575780535,746,57,0.001190431991347914
W-2022-47,86,10,9,0.0056925996204933585,747,-4,-0.0028544089265151893
W-2022-47,90,85,23,0.005634492895639392,748,-126,-0.03076023109068205
W-2022-47,44,59,350,0.005628547995432835,749,-229,-0.0039838036273778235
W-2022-47,52,62,199,0.005617660343270099,750,-29,-0.0014760828507811132
W-2022-47,81,18,14,0.005595523581135092,751,5,0.0014172506006336991
W-2022-47,72,21,27,0.005584281282316443,752,6,0.0016881773862125467
W-2022-47,4,21,98,0.005584045584045584,753,8,-0.000269993703062521
W-2022-47,42,43,796,0.005564410144562816,754,502,0.003497408351755139
W-2022-47,67,98,125,0.005546188659153429,755,-10,-0.0008196339465899576
W-2022-47,44,61,343,0.005515977035524178,756,87,0.0012659562834697246
W-2022-47,42,47,788,0.005508486424516959,757,555,0.00387035235062516
W-2022-47,98,77,81,0.00550309124261159,758,4,8.513458626484109e-05
W-2022-47,97,89,67,0.0055026281208935615,759,-8,-0.0007121547760239062
W-2022-47,57,44,1232,0.005460557225044101,760,748,0.0032167000159574067
W-2022-47,30,26,187,0.0054487179487179484,761,0,-0.0003350257108144031
W-2022-47,88,79,101,0.005431567625705835,762,-26,-0.0013497224212826314
W-2022-47,1,11,6,0.0054249547920434,763,-4,-0.0036991327991974755
W-2022-47,1,73,6,0.0054249547920434,764,-30,-0.027421760536423756
W-2022-47,20,14,25,0.005419466724474312,765,3,0.000758449775321769
W-2022-47,9,57,13,0.005414410662224073,766,7,0.002720203208250117
W-2022-47,43,44,434,0.0053841477787288945,767,239,0.0031513659615880004
W-2022-47,42,53,769,0.005375667589408047,768,479,0.0033367882699719027
W-2022-47,21,94,18,0.005316007088009451,769,-9,-0.0018249609098747073
W-2022-47,60,53,368,0.0052723573741367945,770,256,0.0035510547168758175
W-2022-47,24,72,9,0.0052478134110787176,771,0,0.00013417704744235395
W-2022-47,83,65,4,0.005235602094240838,772,0,-0.0003431984636392176
W-2022-47,0,15,6,0.005190311418685121,773,4,0.003626589761140164
W-2022-47,0,21,6,0.005190311418685121,774,3,0.002844728932367685
W-2022-47,100,78,57,0.005176641540277904,775,-23,-0.0025290028442337504
W-2022-47,92,74,57,0.005105239587998208,776,-2,-0.0010043182456975566
W-2022-47,34,19,3,0.00510204081632653,777,2,0.0035982814178302895
W-2022-47,19,41,1047,0.005101419334720348,778,549,0.002565454980805644
W-2022-47,86,101,8,0.005060088551549652,779,3,0.0017727775719309801
W-2022-47,74,100,12,0.005044136191677175,780,0,0.0005446986213734628
W-2022-47,65,8,56,0.005021971123666039,781,20,0.001779312143302141
W-2022-47,10,79,23,0.004992402865205123,782,-13,-0.002991629070922621
W-2022-47,10,97,23,0.004992402865205123,783,13,0.002774616216280749
W-2022-47,45,49,57,0.004988185875557889,784,53,0.004569556885500327
W-2022-47,72,0,24,0.004963805584281282,785,-13,-0.0019007584231398684
W-2022-47,98,80,73,0.004959576058156125,786,14,0.000808154724072252
W-2022-47,35,90,11,0.004954954954954955,787,-6,-0.0011426060206548017
W-2022-47,6,38,2,0.0049382716049382715,788,-4,-0.003990299823633157
W-2022-47,6,89,2,0.0049382716049382715,789,-5,-0.005478395061728395
W-2022-47,6,96,2,0.0049382716049382715,790,2,0.0049382716049382715
W-2022-47,90,82,20,0.004899559039686428,791,0,1.4361189173482496e-05
W-2022-47,77,84,23,0.004894658437965525,792,-1,-0.0011008449345051227
W-2022-47,91,89,1327,0.004884782448649047,793,-205,-0.0007858472429456888
W-2022-47,52,42,173,0.004883694670280036,794,18,6.119381467504549e-05
W-2022-47,71,7,7,0.004878048780487805,795,7,0.004878048780487805
W-2022-47,71,101,7,0.004878048780487805,796,4,-0.0039196051784564775
W-2022-47,4,24,84,0.004786324786324786,797,-6,-0.0010677145007833184
W-2022-47,50,101,1796,0.00474829539896521,798,-17,-0.0006117247048057252
W-2022-47,100,11,52,0.004722550177095631,799,12,0.0008697279848398042
W-2022-47,8,1,15,0.00471253534401508,800,11,0.003352453739118786
W-2022-47,82,78,90,0.004703177257525084,801,24,0.0006458833496133607
W-2022-47,88,70,87,0.0046786770637268086,802,38,0.0020622738172509435
W-2022-47,62,53,2409,0.0046782421927342565,803,1105,0.0020285842708869734
W-2022-47,24,85,8,0.004664723032069971,804,6,0.0035283593957063345
W-2022-47,90,13,19,0.0046545810877021065,805,-20,-0.0048715547207981375
W-2022-47,90,39,19,0.0046545810877021065,806,16,0.003921801410125165
W-2022-47,74,3,11,0.004623791509037411,807,2,0.0012492133313096268
W-2022-47,11,39,68,0.004603615191930133,808,-1,-0.00043361652072864895
W-2022-47,84,79,5,0.004562043795620438,809,-4,-0.002199789412493762
W-2022-47,84,81,5,0.004562043795620438,810,-3,-0.0014484746115921848
W-2022-47,62,50,2319,0.004503463530490138,811,630,0.0010715062988949993
W-2022-47,37,25,21,0.0045016077170418,812,-19,-0.003208492514261207
W-2022-47,22,63,47,0.004493307839388145,813,17,0.0014776262953591947
W-2022-47,67,97,101,0.004481320436595972,814,9,0.00014313021638566372
W-2022-47,23,10,2,0.004464285714285714,815,-3,-0.004416708957117483
W-2022-47,23,80,2,0.004464285714285714,816,-3,-0.004416708957117483
W-2022-47,85,65,15,0.0044589774078478,817,-2,-0.0007895560901454079
W-2022-47,73,25,23,0.004400229577195332,818,1,-2.2770020713795344e-05
W-2022-47,57,50,991,0.004392380040599598,819,379,0.0015551060489445213
W-2022-47,64,90,25,0.004366049598323437,820,-18,-0.0033816981494243104
W-2022-47,27,66,94,0.004358510687624612,821,55,0.0027007703152706207
W-2022-47,78,70,67,0.004271052463823548,822,12,0.0006284271243970959
W-2022-47,77,55,20,0.004256224728665673,823,-5,-0.001989091284324584
W-2022-47,44,55,264,0.004245533345126481,824,-47,-0.0009175778028771711
W-2022-47,92,65,47,0.004209583519928347,825,-9,-0.0015893188306981415
W-2022-47,11,72,62,0.00419741385146571,826,-6,-0.0007668145030385971
W-2022-47,71,50,6,0.004181184668989547,827,5,0.0012486333493414532
W-2022-47,18,80,46,0.0041381792011514935,828,7,0.0007873758675317668
W-2022-47,17,82,682,0.004137571209299222,829,-77,-0.0003917440226864563
W-2022-47,41,59,2004,0.004101329862347581,830,92,-2.1616750669027282e-05
W-2022-47,55,62,1650,0.004094496004764504,831,-245,-0.0007870460988581409
W-2022-47,67,77,92,0.004081994853136924,832,-7,-0.0005862750577415596
W-2022-47,24,3,7,0.004081632653061225,833,5,0.0029452690166975885
W-2022-47,24,17,7,0.004081632653061225,834,-6,-0.0033047309833024114
W-2022-47,24,74,7,0.004081632653061225,835,3,0.0018089053803339522
W-2022-47,78,3,64,0.004079811308726971,836,18,0.0010332519339339387
W-2022-47,98,88,60,0.004076363883415993,837,1,-7.505745066788052e-05
W-2022-47,61,60,790,0.004049516877258631,838,503,0.002508891608857016
W-2022-47,4,90,71,0.004045584045584046,839,1,-0.0005075576221667023
W-2022-47,101,19,1326,0.004001062122071621,840,-135,-0.00042904318768704347
W-2022-47,38,97,20,0.004,841,0,-4.776361060514038e-05
W-2022-47,81,7,10,0.003996802557953637,842,2,0.000282782130841288
W-2022-47,68,78,202,0.003992568288729889,843,6,0.00012096335045828433
W-2022-47,14,3,248,0.003979907884390095,844,-20,1.541084296997723e-05
W-2022-47,42,48,569,0.0039775745882616115,845,41,0.0002654081032192521
W-2022-47,16,21,4,0.003968253968253968,846,2,0.0015929570561399537
W-2022-47,92,39,44,0.003940886699507389,847,1,-0.0005118418911522361
W-2022-47,57,49,888,0.003935856181687632,848,-544,-0.002702994073296142
W-2022-47,55,61,1586,0.0039356791900342445,849,731,0.0017331892171596475
W-2022-47,72,64,19,0.003929679420889349,850,-4,-0.0003374819891292045
W-2022-47,90,88,16,0.0039196472317491425,851,-72,-0.01757522331050782
W-2022-47,62,60,2017,0.003916984019404315,852,677,0.00119417603222996
W-2022-47,87,4,8,0.003877847794474067,853,-1,0.00014030626623486421
W-2022-47,98,84,57,0.0038725456892451933,854,29,0.00190237963239183
W-2022-47,70,82,18,0.003861832224844454,855,-2,0.0005712761208628812
W-2022-47,54,59,73,0.003850414051374018,856,-40,-0.0016024643928666807
W-2022-47,80,10,4,0.003827751196172249,857,-6,-0.006102735397670849
W-2022-47,80,55,4,0.003827751196172249,858,0,-0.0001444434413649903
W-2022-47,80,84,4,0.003827751196172249,859,2,0.0018416538774036293
W-2022-47,80,88,4,0.003827751196172249,860,-1,-0.0011374921007493003
W-2022-47,80,89,4,0.003827751196172249,861,-6,-0.006102735397670849
W-2022-47,98,55,56,0.00380460629118826,862,-5,-0.0004875411898137105
W-2022-47,2,20,2,0.003780718336483932,863,0,-0.0005671077504725897
W-2022-47,2,21,2,0.003780718336483932,864,2,0.003780718336483932
W-2022-47,2,35,2,0.003780718336483932,865,1,0.0016068052930056712
W-2022-47,2,72,2,0.003780718336483932,866,1,0.0016068052930056712
W-2022-47,2,74,2,0.003780718336483932,867,-1,-0.00274102079395085
W-2022-47,2,85,2,0.003780718336483932,868,2,0.003780718336483932
W-2022-47,9,43,9,0.003748438150770512,869,1,0.00015616154547190434
W-2022-47,44,42,233,0.0037470048083881446,870,-108,-0.0019141556464968889
W-2022-47,4,72,65,0.003703703703703704,871,-13,-0.0013697970117899864
W-2022-47,65,1,41,0.0036768002869697787,872,2,0.00016391972490888878
W-2022-47,84,6,4,0.0036496350364963502,873,3,0.0028983202355947722
W-2022-47,84,10,4,0.0036496350364963502,874,1,0.001395690633791617
W-2022-47,84,88,4,0.0036496350364963502,875,-2,-0.0008582537689131161
W-2022-47,78,39,57,0.003633581946834959,876,-2,-0.0002739615990952349
W-2022-47,53,57,84,0.003627882871210158,877,34,0.0012445471545411081
W-2022-47,1,37,4,0.003616636528028933,878,3,0.002704227768904845
W-2022-47,25,22,11,0.003616042077580539,879,-14,-0.0021034729075487223
W-2022-47,35,25,8,0.0036036036036036037,880,-6,-0.0014179171998397245
W-2022-47,35,70,8,0.0036036036036036037,881,-12,-0.00356999754417258
W-2022-47,88,74,67,0.0036031191180424848,882,-1,-2.780783625055223e-05
W-2022-47,81,84,9,0.0035971223021582736,883,4,0.0012758595352130556
W-2022-47,22,35,37,0.003537284894837476,884,12,0.0010242169414800173
W-2022-47,43,55,283,0.003510861339585892,885,18,0.000476568100907241
W-2022-47,45,55,40,0.003500481316180975,886,-27,-0.0035115542672831805
W-2022-47,24,35,6,0.003498542274052478,887,4,0.0023621786376888418
W-2022-47,60,50,244,0.003495802171982005,888,70,0.0008216355437372729
W-2022-47,89,91,800,0.003477323504098895,889,-25,-0.00017408837516108555
W-2022-47,59,62,1539,0.0034648895693090483,890,-1721,-0.004148428599664578
W-2022-47,58,12,30,0.003461405330564209,891,20,0.0021483801204801754
W-2022-47,0,65,4,0.0034602076124567475,892,3,0.0026783467836842692
W-2022-47,39,11,44,0.003442610124403411,893,-15,-0.0002539001193156542
W-2022-47,70,85,16,0.0034327397554172923,894,4,0.0014584060930283487
W-2022-47,90,24,14,0.0034296913277804997,895,13,0.0031854314352548524
W-2022-47,66,32,1013,0.0034249470029177977,896,101,0.00037482058320434906
W-2022-47,95,71,2,0.003389830508474576,897,2,0.003389830508474576
W-2022-47,95,80,2,0.003389830508474576,898,1,0.0016354445435622954
W-2022-47,78,11,53,0.003378593740039523,899,-18,-0.0013237044254018966
W-2022-47,74,24,8,0.003362757461118117,900,5,0.0022378980685421887
W-2022-47,26,99,259,0.003359230100776903,901,61,0.0005825430530403235
W-2022-47,96,11,1,0.0033444816053511705,902,1,0.0033444816053511705
W-2022-47,96,55,1,0.0033444816053511705,903,1,0.0033444816053511705
W-2022-47,96,62,1,0.0033444816053511705,904,1,0.0033444816053511705
W-2022-47,96,65,1,0.0033444816053511705,905,1,0.0033444816053511705
W-2022-47,96,69,1,0.0033444816053511705,906,1,0.0033444816053511705
W-2022-47,96,84,1,0.0033444816053511705,907,-2,-0.00772562909575584
W-2022-47,96,98,1,0.0033444816053511705,908,-2,-0.00772562909575584
W-2022-47,69,48,3,0.0033407572383073497,909,2,0.0025527351736895406
W-2022-47,9,42,8,0.003331945022907122,910,4,0.0015358067202578183
W-2022-47,36,39,105,0.0033147078321810776,911,75,0.0022214930519172484
W-2022-47,92,100,37,0.0033139274518584863,912,7,0.0002073726211657247
W-2022-47,30,28,113,0.0032925407925407926,913,-14,-0.0006354562382646011
W-2022-47,25,73,10,0.003287310979618672,914,-41,-0.00838049959004502
W-2022-47,97,79,40,0.0032851511169513796,915,-24,-0.0020181302884181925
W-2022-47,3,11,50,0.0032776138970829235,916,0,-0.000428285895386688
W-2022-47,100,94,36,0.00326945781491236,917,22,0.0019209700476228205
W-2022-47,68,100,165,0.0032612562754476817,918,-5,-9.676841591034317e-05
W-2022-47,98,71,48,0.0032610911067327943,919,8,0.00044656816837084683
W-2022-47,50,59,1231,0.00325453877289876,920,683,0.0016344113504682734
W-2022-47,36,20,103,0.0032515705401395334,921,30,0.0005914145748308823
W-2022-47,7,84,3,0.00322234156820623,922,3,0.00322234156820623
W-2022-47,3,68,49,0.003212061619141265,923,8,0.00017322378931618372
W-2022-47,81,10,8,0.0031974420463629096,924,-2,-0.0014450834875275264
W-2022-47,77,81,15,0.003192168546499255,925,-2,-0.0010546463423341196
W-2022-47,77,95,15,0.003192168546499255,926,1,-0.00030520842077528913
W-2022-47,94,65,8,0.0031821797931583136,927,-3,-0.0009146544712737162
W-2022-47,48,50,79,0.0031659519897407127,928,17,0.000654203488687399
W-2022-47,86,89,5,0.0031625553447185324,929,2,0.0011901687569473292
W-2022-47,13,88,187,0.0031623628092604804,930,6,-0.0002811240541225075
W-2022-47,63,73,6,0.003157894736842105,931,-2,-0.00028592790629177346
W-2022-47,8,83,10,0.0031416902293433867,932,3,0.0007615474207748724
W-2022-47,65,13,35,0.003138731952291274,933,2,0.00016629455362436726
W-2022-47,65,70,35,0.003138731952291274,934,-12,-0.001094739494294927
W-2022-47,72,94,15,0.0031023784901758012,935,4,0.0010615621636451888
W-2022-47,49,52,945,0.0030883160344061284,936,-321,-0.0013035067107953027
W-2022-47,44,43,191,0.0030715790489362045,937,32,0.0004319177224648839
W-2022-47,73,8,16,0.003061029271092405,938,-2,-0.0005577885817423358
W-2022-47,49,55,933,0.003049099322858114,939,-165,-0.0007599222997573449
W-2022-47,10,18,14,0.003038853917950944,940,0,-6.60473905431786e-05
W-2022-47,13,64,179,0.003027074560735968,941,-3,-0.0004354370919474786
W-2022-47,53,59,70,0.003023235726008465,942,33,0.0012595672956733682
W-2022-47,67,93,68,0.003017126630579466,943,-8,-0.0005665957252464406
W-2022-47,48,45,75,0.0030056506231715624,944,34,0.0013446556466685646
W-2022-47,78,92,47,0.0029961114298463695,945,-56,-0.0038255323876249863
W-2022-47,42,12,428,0.002991919022453374,946,273,0.001902173179306469
W-2022-47,82,85,57,0.0029786789297658865,947,51,0.002609834029046639
W-2022-47,43,59,240,0.0029774089098961627,948,-18,2.3266813371287075e-05
W-2022-47,16,3,3,0.002976190476190476,949,3,0.002976190476190476
W-2022-47,16,13,3,0.002976190476190476,950,-2,-0.0029620518040945594
W-2022-47,16,78,3,0.002976190476190476,951,3,0.002976190476190476
W-2022-47,67,18,67,0.0029727571213062384,952,-30,-0.0016012043065241947
W-2022-47,85,3,10,0.002972651605231867,953,-3,-0.0010409328344099982
W-2022-47,85,15,10,0.002972651605231867,954,1,0.00019401622394134505
W-2022-47,64,0,17,0.002968913726859937,955,2,0.0002662110241572341
W-2022-47,64,85,17,0.002968913726859937,956,-56,-0.010184239426293215
W-2022-47,22,88,31,0.0029636711281070746,957,16,0.0014558303560925994
W-2022-47,21,3,10,0.0029533372711163615,958,-5,-0.001013867172152615
W-2022-47,93,67,44,0.0029510395707578805,959,12,0.0012001093890988742
W-2022-47,51,50,10,0.002948982601002654,960,-5,-0.001397583611689319
W-2022-47,49,62,890,0.002908572773144396,961,-422,-0.0016428264699079559
W-2022-47,72,24,14,0.002895553257497415,962,7,0.0015968519587961161
W-2022-47,46,101,8,0.002894356005788712,963,-3,-7.220278601279863e-05
W-2022-47,53,62,67,0.002893668480608102,964,-192,-0.009452010531737576
W-2022-47,47,11,128,0.002886979272391005,965,29,0.0006715202919497037
W-2022-47,67,80,65,0.0028840181027597837,966,5,5.4763611318278324e-05
W-2022-47,80,41,3,0.0028708133971291866,967,-1,-0.0011013812404080526
W-2022-47,80,61,3,0.0028708133971291866,968,-1,-0.0011013812404080526
W-2022-47,101,54,948,0.0028604878519788057,969,247,0.000734886331006305
W-2022-47,88,21,53,0.002850228556063458,970,7,0.0003940132634534625
W-2022-47,4,64,50,0.002849002849002849,971,0,-0.0004032411993905422
W-2022-47,54,61,54,0.0028482514900574924,972,14,0.000918029031919192
W-2022-47,11,67,42,0.0028434093832509647,973,-11,-0.001025768598936216
W-2022-47,27,28,61,0.0028283952334585247,974,36,0.0017657411486162226
W-2022-47,8,92,9,0.002827521206409048,975,-1,-0.0005726828058316862
W-2022-47,49,59,864,0.0028236032314570315,976,530,0.0016649390948873018
W-2022-47,39,75,36,0.0028166810108755185,977,-46,-0.00232084170073403
W-2022-47,13,100,166,0.0028072311568836353,978,32,0.00025790939062219666
W-2022-47,66,26,829,0.0028028440922199943,979,46,0.0001841500279265401
W-2022-47,54,47,53,0.002795506092093465,980,43,0.00231295047755889
W-2022-47,70,24,13,0.0027891010512765503,981,0,0.000650239583688528
W-2022-47,18,97,31,0.002788772939906441,982,-1,3.939584565435753e-05
W-2022-47,71,34,4,0.0027874564459930314,983,3,-0.00014509487365506248
W-2022-47,71,86,4,0.0027874564459930314,984,2,-0.0030776461933031563
W-2022-47,71,95,4,0.0027874564459930314,985,3,-0.00014509487365506248
W-2022-47,94,35,7,0.0027844073190135244,986,-54,-0.019934400874655006
W-2022-47,11,3,41,0.0027757091598402273,987,-18,-0.0015314889712738037
W-2022-47,77,93,13,0.002766546073632688,988,8,0.0015174828710346365
W-2022-47,77,101,13,0.002766546073632688,989,5,0.0007680449494758055
W-2022-47,32,66,562,0.002760734689466471,990,19,-0.00030643808895147815
W-2022-47,14,11,172,0.0027602586940124853,991,-19,-6.518509296976312e-05
W-2022-47,36,8,87,0.002746472203807179,992,-2,-0.0004967316443088479
W-2022-47,29,99,626,0.0027425226827654794,993,-100,-0.000730064921149074
W-2022-47,17,78,452,0.0027422026196528564,994,-20,-7.444664187183404e-05
W-2022-47,55,54,1103,0.002737108541366817,995,634,0.0015289590708660148
W-2022-47,100,3,30,0.002724548179093634,996,-4,-0.0005503506843238196
W-2022-47,98,93,40,0.0027175759222773286,997,9,0.0005363206450468192
W-2022-47,45,44,31,0.0027128730200402557,998,-24,-0.003043275593251215
W-2022-47,97,11,33,0.002710249671484888,999,15,0.0012187017762246958
W-2022-47,35,65,6,0.002702702702702703,1000,1,0.000909302415758657
W-2022-47,35,74,6,0.002702702702702703,1001,-8,-0.0023188181007406253
W-2022-47,35,92,6,0.002702702702702703,1002,-7,-0.0019601380433518162
W-2022-47,90,73,11,0.0026947574718275357,1003,-6,-0.001457660701108468
W-2022-47,88,22,50,0.0026888948642108095,1004,-29,-0.001529387920923748
W-2022-47,12,59,36,0.0026714158504007124,1005,-38,-0.0029765768224736576
W-2022-47,67,38,60,0.002662170556393646,1006,-30,-0.0015817111807686119
W-2022-47,21,0,9,0.0026580035440047253,1007,-8,-0.0018381614917001147
W-2022-47,21,8,9,0.0026580035440047253,1008,6,0.00186456265535093
W-2022-47,58,47,23,0.0026537440867658935,1009,-11,-0.0018105416275198205
W-2022-47,33,49,43,0.002642576204523107,1010,0,-1.2998407302130567e-06
W-2022-47,4,85,46,0.002621082621082621,1011,12,0.0004095566681751148
W-2022-47,83,68,2,0.002617801047120419,1012,1,0.001223100907650405
W-2022-47,18,89,29,0.0026088521050737674,1013,-45,-0.0037490824253841757
W-2022-47,65,14,29,0.00260066361761277,1014,5,0.0004388909640368377
W-2022-47,65,37,29,0.00260066361761277,1015,-12,-0.0010923646655794476
W-2022-47,14,17,162,0.0025997785373838523,1016,-28,-0.00021087235019011212
W-2022-47,14,78,162,0.0025997785373838523,1017,-13,1.102114093414798e-05
W-2022-47,92,21,29,0.0025974025974025974,1018,6,0.00021571056053814675
W-2022-47,12,54,35,0.0025972098545562483,1019,1,2.1861940464025856e-06
W-2022-47,11,8,38,0.0025726084896080157,1020,11,0.000601517819437188
W-2022-47,15,64,28,0.0025718747129604117,1021,10,0.001025748617787761
W-2022-47,68,92,129,0.002549709451713642,1022,2,4.1067476405000185e-05
W-2022-47,100,35,28,0.0025429116338207248,1023,9,0.0007128210924992068
W-2022-47,88,72,47,0.002527561172358161,1024,-3,-0.00014223805873966053
W-2022-47,74,35,6,0.0025220680958385876,1025,-1,-0.00010260382017191101
W-2022-47,74,82,6,0.0025220680958385876,1026,-1,-0.00010260382017191101
W-2022-47,59,60,1119,0.0025193056712519983,1027,399,0.0008378366277977003
W-2022-47,65,74,28,0.0025109855618330196,1028,19,0.001700320816742045
W-2022-47,60,54,175,0.0025072351643313563,1029,63,0.0007859325070703792
W-2022-47,49,60,763,0.0024935292425945776,1030,256,0.0007347187119333411
W-2022-47,6,77,1,0.0024691358024691358,1031,1,0.0024691358024691358
W-2022-47,6,97,1,0.0024691358024691358,1032,0,0.0009810405643738977
W-2022-47,56,59,47,0.00245931662393386,1033,-40,-0.002537811463372286
W-2022-47,55,59,989,0.002454216090128542,1034,-15,-0.00013209962070899646
W-2022-47,12,101,33,0.0024487978628673196,1035,17,0.0012276102579215097
W-2022-47,47,49,108,0.0024358887610799107,1036,10,0.0002428081541784202
W-2022-47,36,37,77,0.002430785743599457,1037,15,0.00017147519772087692
W-2022-47,42,57,347,0.002425691356989067,1038,158,0.0010969044901841315
W-2022-47,38,10,12,0.0024,1039,-7,-0.0014453754300748837
W-2022-47,81,97,6,0.002398081534772182,1040,-2,-0.001315938892340167
W-2022-47,4,74,42,0.002393162393162393,1041,1,-0.0002736777265201877
W-2022-47,62,54,1227,0.002382815761928158,1042,482,0.0008690157989095801
W-2022-47,85,36,8,0.0023781212841854932,1043,6,0.0017606467550098218
W-2022-47,21,24,8,0.002362669816893089,1044,3,0.0010402683358034304
W-2022-47,21,82,8,0.002362669816893089,1045,1,0.0005113077433675668
W-2022-47,78,35,37,0.00235864091285778,1046,4,0.00017306570920190903
W-2022-47,82,3,45,0.002351588628762542,1047,22,0.0009376831760054263
W-2022-47,93,98,35,0.002347417840375587,1048,-19,-0.0006072768411739863
W-2022-47,77,69,11,0.0023409236007661204,1049,-1,-0.0006568280854692033
W-2022-47,33,61,38,0.002335299901671583,1050,-2,-0.00012411967530824965
W-2022-47,24,68,4,0.0023323615160349854,1051,1,0.0006278160614895309
W-2022-47,88,90,43,0.002312449583221296,1052,7,0.00039019413683086474
W-2022-47,55,44,928,0.002302843813588764,1053,320,0.000736628721766828
W-2022-47,73,94,12,0.0022957719533193035,1054,4,0.00068740846317053
W-2022-47,3,78,35,0.0022943297279580466,1055,-10,-0.001040980085264604
W-2022-47,53,50,53,0.0022890213354064093,1056,4,-4.664766692925957e-05
W-2022-47,4,70,40,0.002279202279202279,1057,-22,-0.001753580340805526
W-2022-47,33,50,37,0.002273844641101278,1058,11,0.0006752219160643868
W-2022-47,39,17,29,0.002268993036538612,1059,0,0.00045206427267669856
W-2022-47,41,42,1102,0.00225532210993365,1060,-63,-0.000256828938269461
W-2022-47,13,78,133,0.002249167131720021,1061,11,-7.185716293591589e-05
W-2022-47,18,55,25,0.0022490104354084203,1062,-10,-0.0007581207614297961
W-2022-47,65,17,25,0.0022419513944937674,1063,-5,-0.000460264422476148
W-2022-47,92,94,25,0.0022391401701746527,1064,-1,-0.0004532073497590743
W-2022-47,23,6,1,0.002232142857142857,1065,1,0.002232142857142857
W-2022-47,23,41,1,0.002232142857142857,1066,1,0.002232142857142857
W-2022-47,23,59,1,0.002232142857142857,1067,1,0.002232142857142857
W-2022-47,23,66,1,0.002232142857142857,1068,1,0.002232142857142857
W-2022-47,23,95,1,0.002232142857142857,1069,-2,-0.0030964539456990615
W-2022-47,23,96,1,0.002232142857142857,1070,1,0.002232142857142857
W-2022-47,23,101,1,0.002232142857142857,1071,1,0.002232142857142857
W-2022-47,69,23,2,0.0022271714922048997,1072,2,0.0022271714922048997
W-2022-47,69,55,2,0.0022271714922048997,1073,-1,-0.00013689470164852816
W-2022-47,12,57,30,0.002226179875333927,1074,-26,-0.0020479767419764074
W-2022-47,4,2,39,0.0022222222222222222,1075,7,0.00014078603125045183
W-2022-47,26,28,171,0.002217870066536102,1076,31,0.00025455599237892475
W-2022-47,54,49,42,0.0022153067144891608,1077,-24,-0.000969560341439035
W-2022-47,90,35,9,0.002204801567858893,1078,2,0.0004949823201793619
W-2022-47,53,55,51,0.0022026431718061676,1079,9,0.00020064116980416562
W-2022-47,8,68,7,0.002199183160540371,1080,3,0.0008391015556440771
W-2022-47,43,62,176,0.0021834332005905193,1081,-300,-0.003266844465866228
W-2022-47,61,47,425,0.002178537560550529,1082,229,0.001126403230910402
W-2022-47,67,11,49,0.0021741059543881444,1083,23,0.0009480956747634922
W-2022-47,44,48,135,0.0021710113696669507,1084,-34,-0.0006346663924314969
W-2022-47,46,43,6,0.002170767004341534,1085,6,0.002170767004341534
W-2022-47,46,50,6,0.002170767004341534,1086,-3,-0.0002564174616778831
W-2022-47,46,55,6,0.002170767004341534,1087,-1,0.0002829568641042094
W-2022-47,12,62,29,0.0021519738794894628,1088,13,0.0009307862745436529
W-2022-47,88,78,40,0.0021511158913686476,1089,7,0.0003890483988440855
W-2022-47,7,11,2,0.0021482277121374865,1090,2,0.0021482277121374865
W-2022-47,7,80,2,0.0021482277121374865,1091,2,0.0021482277121374865
W-2022-47,7,86,2,0.0021482277121374865,1092,2,0.0021482277121374865
W-2022-47,7,93,2,0.0021482277121374865,1093,2,0.0021482277121374865
W-2022-47,7,95,2,0.0021482277121374865,1094,1,0.001349505667409052
W-2022-47,70,8,10,0.002145462347135808,1095,7,0.0016518789315385718
W-2022-47,37,68,10,0.0021436227224008574,1096,4,0.0009871076877054064
W-2022-47,97,88,26,0.0021353482260183967,1097,-6,-0.0005162924766663893
W-2022-47,77,23,10,0.0021281123643328366,1098,-1,-0.0006198266813828767
W-2022-47,77,61,10,0.0021281123643328366,1099,8,0.001628487083293616
W-2022-47,32,31,432,0.0021221305798034083,1100,133,0.0004332085526450901
W-2022-47,54,45,40,0.0021098159185611053,1101,33,0.0017720269883869028
W-2022-47,3,100,32,0.002097672894133071,1102,9,0.0003929589895970496
W-2022-47,71,10,3,0.0020905923344947735,1103,0,-0.006707061624449509
W-2022-47,71,93,3,0.0020905923344947735,1104,2,-0.0008419589851533203
W-2022-47,52,55,74,0.0020889792231255644,1105,0,-0.0002133760240664957
W-2022-47,91,98,565,0.002079805639402194,1106,37,0.00012543718172463528
W-2022-47,12,55,28,0.0020777678836449986,1107,-2,-0.00021195887562839482
W-2022-47,14,13,129,0.002070194020509364,1108,-38,-0.0004002201806740679
W-2022-47,72,92,10,0.002068252326783868,1109,-11,-0.0018278515693200283
W-2022-47,59,45,917,0.0020645248440912265,1110,671,0.0014900229209110082
W-2022-47,65,68,23,0.002062595282934266,1111,5,0.00044126579275231663
W-2022-47,11,25,30,0.0020310067023221177,1112,12,0.0007169462555415658
W-2022-47,53,44,47,0.002029886844605684,1113,15,0.0005045519859374918
W-2022-47,54,12,38,0.0020043251226330504,1114,-9,-0.0002636862656794528
W-2022-47,38,18,10,0.002,1115,-17,-0.00346448087431694
W-2022-47,61,56,390,0.00199912858497578,1116,57,0.0002115738310463802
W-2022-47,81,34,5,0.0019984012789768186,1117,-1,-0.0007871140413574433
W-2022-47,81,71,5,0.0019984012789768186,1118,3,0.0010698961721987313
W-2022-47,81,86,5,0.0019984012789768186,1119,2,0.0006056436188096876
W-2022-47,81,95,5,0.0019984012789768186,1120,-2,-0.0012513665947464867
W-2022-47,100,5,22,0.001998001998001998,1121,22,0.001998001998001998
W-2022-47,66,30,589,0.0019914055130489466,1122,88,0.0003158426443247823
W-2022-47,94,8,5,0.001988862370723946,1123,1,0.0004991044563850261
W-2022-47,16,17,2,0.001984126984126984,1124,1,0.0007964785280699768
W-2022-47,16,73,2,0.001984126984126984,1125,2,0.001984126984126984
W-2022-47,16,94,2,0.001984126984126984,1126,-6,-0.007517060664329073
W-2022-47,16,100,2,0.001984126984126984,1127,2,0.001984126984126984
W-2022-47,16,101,2,0.001984126984126984,1128,-2,-0.0027664668401010447
W-2022-47,89,55,456,0.0019820743973363703,1129,119,0.0004905279690810814
W-2022-47,97,18,24,0.0019710906701708277,1130,5,0.0003966790029517359
W-2022-47,48,58,49,0.0019636917404720873,1131,-30,-0.001236761994741006
W-2022-47,90,3,8,0.0019598236158745713,1132,-1,-0.00023851541685625428
W-2022-47,10,41,9,0.0019535489472541786,1133,1,0.0001793196281146799
W-2022-47,10,55,9,0.0019535489472541786,1134,5,0.0010664342876844292
W-2022-47,87,3,4,0.0019389238972370335,1135,2,0.0011083591131838774
W-2022-47,87,72,4,0.0019389238972370335,1136,2,0.0011083591131838774
W-2022-47,87,73,4,0.0019389238972370335,1137,-1,-0.000137488062895857
W-2022-47,87,101,4,0.0019389238972370335,1138,-4,-0.0013833352389755911
W-2022-47,70,100,9,0.001930916112422227,1139,-6,-0.0005370009655639525
W-2022-47,62,56,992,0.0019264492549574026,1140,232,0.0003821700980525444
W-2022-47,73,3,10,0.001913143294432753,1141,2,0.0003047798042839795
W-2022-47,86,18,3,0.0018975332068311196,1142,2,0.0012400710109073852
W-2022-47,86,84,3,0.0018975332068311196,1143,0,-7.485338094008367e-05
W-2022-47,86,88,3,0.0018975332068311196,1144,-5,-0.0033621643605587555
W-2022-47,11,77,28,0.0018956062555006432,1145,-2,-0.0002944944891336099
W-2022-47,36,83,60,0.00189411876124633,1146,-15,-0.000838918189413243
W-2022-47,2,19,1,0.001890359168241966,1147,1,0.001890359168241966
W-2022-47,2,64,1,0.001890359168241966,1148,1,0.001890359168241966
W-2022-47,97,34,23,0.0018889618922470434,1149,5,0.00039741399698685104
W-2022-47,97,86,23,0.0018889618922470434,1150,4,0.0003145502250279516
W-2022-47,92,0,21,0.0018808777429467085,1151,5,0.0002240484999105688
W-2022-47,92,73,21,0.0018808777429467085,1152,3,1.6944844531051502e-05
W-2022-47,13,11,111,0.0018771244482776114,1153,-12,-0.0004629246356787837
W-2022-47,26,66,144,0.0018676800560304017,1154,34,0.000325076140621191
W-2022-47,27,32,40,0.0018546853989891965,1155,24,0.0011745867846901232
W-2022-47,58,60,16,0.001846082842967578,1156,-3,-0.0006486650561920856
W-2022-47,44,56,114,0.0018332984899409807,1157,-62,-0.0010885907770964562
W-2022-47,84,67,2,0.0018248175182481751,1158,-5,-0.0034343860880628693
W-2022-47,84,71,2,0.0018248175182481751,1159,1,0.0010735027173465973
W-2022-47,84,86,2,0.0018248175182481751,1160,-6,-0.004185700888964448
W-2022-47,84,101,2,0.0018248175182481751,1161,1,0.0010735027173465973
W-2022-47,46,42,5,0.001808972503617945,1162,2,0.0009999110149448058
W-2022-47,1,14,2,0.0018083182640144665,1163,-2,-0.0018413167724818838
W-2022-47,1,63,2,0.0018083182640144665,1164,2,0.0018083182640144665
W-2022-47,1,92,2,0.0018083182640144665,1165,1,0.0008959095048903789
W-2022-47,35,85,4,0.0018018018018018018,1166,-3,-0.0007089585999198623
W-2022-47,85,8,6,0.0017835909631391202,1167,5,0.0014748536985512845
W-2022-47,51,49,6,0.0017693895606015924,1168,-45,-0.013008935562551116
W-2022-47,49,42,541,0.0017680200789563125,1169,-7,-0.0001330216780503098
W-2022-47,98,38,26,0.0017664243494802637,1170,10,0.0006406151741354847
W-2022-47,99,30,25,0.0017649135192375574,1171,0,0.0003209953027653383
W-2022-47,55,91,710,0.0017618740384138171,1172,-101,-0.00032727142123682436
W-2022-47,11,16,26,0.0017602058086791687,1173,22,0.0014681923760612682
W-2022-47,11,100,26,0.0017602058086791687,1174,0,-0.00013788150333718407
W-2022-47,17,11,290,0.0017593777869454167,1175,11,9.445163447637309e-05
W-2022-47,68,11,89,0.0017591018697869312,1176,4,8.008952410791872e-05
W-2022-47,79,67,96,0.0017514732444217401,1177,-25,-0.0002261356466463321
W-2022-47,24,0,3,0.001749271137026239,1178,0,4.4725682480784576e-05
W-2022-47,24,20,3,0.001749271137026239,1179,-4,-0.002228001590246488
W-2022-47,24,21,3,0.001749271137026239,1180,-3,-0.0016598197720646699
W-2022-47,64,72,10,0.0017464198393293748,1181,-2,-0.0004157423228327874
W-2022-47,0,24,2,0.0017301038062283738,1182,2,0.0017301038062283738
W-2022-47,0,35,2,0.0017301038062283738,1183,-5,-0.003742921995178976
W-2022-47,0,39,2,0.0017301038062283738,1184,2,0.0017301038062283738
W-2022-47,97,55,21,0.0017247043363994743,1185,-18,-0.0015069827699976087
W-2022-47,73,1,9,0.0017218289649894778,1186,3,0.0005155563473778976
W-2022-47,78,64,27,0.0017211703958691911,1187,8,0.0004628089149764168
W-2022-47,88,82,32,0.001720892713094918,1188,-3,-0.000147966748673557
W-2022-47,44,60,106,0.0017046459643310873,1189,-174,-0.0029438142332284707
W-2022-47,77,50,8,0.0017024898914662695,1190,3,0.00045342668886821794
W-2022-47,59,47,756,0.0017020510165026905,1191,175,0.00034519891338193076
W-2022-47,34,73,1,0.0017006802721088435,1192,-1,-0.001306838524883638
W-2022-47,34,76,1,0.0017006802721088435,1193,1,0.0017006802721088435
W-2022-47,34,86,1,0.0017006802721088435,1194,-9,-0.013336913712853561
W-2022-47,34,88,1,0.0017006802721088435,1195,-4,-0.005818116720372359
W-2022-47,34,89,1,0.0017006802721088435,1196,0,0.00019692087361260278
W-2022-47,95,41,1,0.001694915254237288,1197,1,0.001694915254237288
W-2022-47,95,86,1,0.001694915254237288,1198,1,0.001694915254237288
W-2022-47,95,89,1,0.001694915254237288,1199,-3,-0.005322628605411835
W-2022-47,74,8,4,0.0016813787305590584,1200,4,0.0016813787305590584
W-2022-47,68,14,85,0.0016800411115942603,1201,-13,-0.00025576135754154213
W-2022-47,88,100,31,0.001667114815810702,1202,-5,-0.00025514063057972955
W-2022-47,55,89,668,0.0016576505037470843,1203,-282,-0.0007895605772246905
W-2022-47,72,68,8,0.001654601861427094,1204,4,0.0009124868335977805
W-2022-47,15,14,18,0.0016533480297602646,1205,-10,-0.0007517370071749698
W-2022-47,25,14,5,0.001643655489809336,1206,2,0.0009573136915938247
W-2022-47,25,35,5,0.001643655489809336,1207,-12,-0.002245614700078561
W-2022-47,25,100,5,0.001643655489809336,1208,4,0.0014148748904041655
W-2022-47,97,77,20,0.0016425755584756898,1209,-9,-0.0007604738283323979
W-2022-47,53,42,38,0.0016411851084045953,1210,4,2.051682106964125e-05
W-2022-47,100,92,18,0.00163472890745618,1211,2,9.360003055384905e-05
W-2022-47,17,39,269,0.0016319745678907488,1212,10,8.639796040156491e-05
W-2022-47,61,53,317,0.0016249327216341595,1213,164,0.0008036237806395705
W-2022-47,79,55,89,0.001623761653682655,1214,-4,0.00010378126633281437
W-2022-47,82,88,31,0.0016199832775919732,1215,25,0.0012511383768727257
W-2022-47,82,94,31,0.0016199832775919732,1216,20,0.0009437676262733527
W-2022-47,38,96,8,0.0016,1217,2,0.0003856709168184578
W-2022-47,81,11,4,0.0015987210231814548,1218,-5,-0.002579551957319938
W-2022-47,4,35,28,0.0015954415954415955,1219,-3,-0.000420949714562307
W-2022-47,94,100,4,0.0015910898965791568,1220,-6,-0.002133304889268143
W-2022-47,89,101,366,0.0015908755031252444,1221,-53,-0.00026359913615952137
W-2022-47,50,55,600,0.001586290222371451,1222,75,3.4160848692608905e-05
W-2022-47,63,101,3,0.0015789473684210526,1223,-3,-0.0010039196139293564
W-2022-47,64,100,9,0.0015717778553964374,1224,-9,-0.0016714653878468057
W-2022-47,98,81,23,0.0015626061553094639,1225,3,0.00015534468612849015
W-2022-47,67,88,35,0.0015529328245629604,1226,-5,-0.00033323683639804305
W-2022-47,52,59,55,0.0015526196928635954,1227,33,0.0008681357004551451
W-2022-47,62,52,798,0.0015497041385645234,1228,-69,-0.00021199326806246605
W-2022-47,50,62,586,0.0015492767838494504,1229,-877,-0.0027759904041355903
W-2022-47,13,14,91,0.0015389038269663302,1230,29,0.0003593668903379033
W-2022-47,17,4,253,0.0015349054486110015,1231,-57,-0.00031501249857682494
W-2022-47,54,60,29,0.0015296165409568016,1232,-10,-0.0003523503557280414
W-2022-47,54,89,29,0.0015296165409568016,1233,-241,-0.011499385051476727
W-2022-47,18,11,17,0.0015293270960777259,1234,-1,-1.7197519439071012e-05
W-2022-47,18,88,17,0.0015293270960777259,1235,4,0.0004123926515378169
W-2022-47,65,39,17,0.001524526948255762,1236,4,0.0003535667609021319
W-2022-47,92,4,17,0.001522615315718764,1237,-1,-0.00034131758269689296
W-2022-47,92,64,17,0.001522615315718764,1238,-2,-0.0004448694103866516
W-2022-47,10,67,7,0.001519426958975472,1239,2,0.00041053363451328526
W-2022-47,10,77,7,0.001519426958975472,1240,4,0.00085409096429816
W-2022-47,10,86,7,0.001519426958975472,1241,0,-3.30236952715893e-05
W-2022-47,53,60,35,0.0015116178630042326,1242,-20,-0.0011100514253317225
W-2022-47,67,81,34,0.001508563315289733,1243,-1,-0.00014183513805114505
W-2022-47,67,95,34,0.001508563315289733,1244,-22,-0.0011320742100556717
W-2022-47,3,13,23,0.0015077023926581448,1245,2,-4.877552017909211e-05
W-2022-47,70,19,7,0.0015018236429950654,1246,3,0.0008437124221987508
W-2022-47,37,3,7,0.0015005359056806003,1247,1,0.00034402087098514924
W-2022-47,58,9,13,0.0014999423099111573,1248,0,-0.00020699046319808644
W-2022-47,31,29,9,0.0014935280451377365,1249,1,0.0009913939753411008
W-2022-47,77,41,7,0.0014896786550329857,1250,1,-9.197188084676157e-06
W-2022-47,11,1,22,0.0014894049150362197,1251,0,-0.00011666896436223254
W-2022-47,45,62,17,0.0014877045593769144,1252,-6,-0.0009194121334540643
W-2022-47,85,0,5,0.0014863258026159335,1253,-1,-0.0003660977849110809
W-2022-47,89,41,341,0.001482209143622154,1254,109,0.0004553878636363172
W-2022-47,21,16,5,0.0014766686355581807,1255,-1,-0.0001102131417494098
W-2022-47,93,79,22,0.0014755197853789403,1256,3,0.00043590499001890516
W-2022-47,51,56,5,0.001474491300501327,1257,1,0.00031540697711680073
W-2022-47,78,0,23,0.0014661821890737553,1258,5,0.0002740502598069163
W-2022-47,82,4,28,0.001463210702341137,1259,17,0.0007869950510225165
W-2022-47,68,64,74,0.0014626240265644148,1260,10,0.00019842649570021723
W-2022-47,87,11,3,0.001454192922927775,1261,2,0.0010389105309011968
W-2022-47,87,14,3,0.001454192922927775,1262,3,0.001454192922927775
W-2022-47,87,19,3,0.001454192922927775,1263,3,0.001454192922927775
W-2022-47,87,25,3,0.001454192922927775,1264,0,0.00020834574684804085
W-2022-47,100,24,16,0.0014530923621832712,1265,4,0.000297245704506523
W-2022-47,59,51,644,0.0014498953103541437,1266,488,0.0010855770176057126
W-2022-47,72,14,7,0.0014477766287487074,1267,-12,-0.002077269753440532
W-2022-47,46,49,4,0.001447178002894356,1268,-5,-0.0009800064631250614
W-2022-47,19,43,295,0.0014373626587798497,1269,221,0.001060532614222243
W-2022-47,22,87,15,0.0014340344168260039,1270,-16,-0.0016821698453372452
W-2022-47,19,59,291,0.0014178729956099533,1271,210,0.0010053968657563568
W-2022-47,82,14,27,0.001410953177257525,1272,13,0.0005503150755792807
W-2022-47,12,89,19,0.0014099139210448203,1273,-98,-0.007520020440121414
W-2022-47,61,55,275,0.00140964195094446,1274,13,3.2174898949022257e-06
W-2022-47,89,50,324,0.0014083160191600524,1275,149,0.0006337741053776323
W-2022-47,68,39,71,0.0014033284579199115,1276,-28,-0.0005522270976356439
W-2022-47,66,99,415,0.001403112543149937,1277,181,0.0006205143170392494
W-2022-47,38,55,7,0.0014,1278,-1,-0.00021910544424205637
W-2022-47,38,84,7,0.0014,1279,3,0.0005904472778789718
W-2022-47,38,93,7,0.0014,1280,0,-1.671726371179922e-05
W-2022-47,61,44,272,0.0013942640387523387,1281,45,0.00017572070799566088
W-2022-47,71,23,2,0.0013937282229965157,1282,2,0.0013937282229965157
W-2022-47,71,49,2,0.0013937282229965157,1283,1,-0.0015388230966515782
W-2022-47,71,55,2,0.0013937282229965157,1284,2,0.0013937282229965157
W-2022-47,71,61,2,0.0013937282229965157,1285,2,0.0013937282229965157
W-2022-47,71,69,2,0.0013937282229965157,1286,1,-0.0015388230966515782
W-2022-47,36,73,44,0.0013890204249139755,1287,7,4.072219592191951e-05
W-2022-47,52,9,49,0.0013832429990966576,1288,8,0.00010761374051727304
W-2022-47,3,70,21,0.0013765978367748278,1289,-12,-0.0010692960262551159
W-2022-47,67,7,31,0.0013754547874700507,1290,6,0.0001965987493694236
W-2022-47,54,51,26,0.0013713803470647185,1291,-7,-0.00022105318089937938
W-2022-47,4,92,24,0.0013675213675213675,1292,-117,-0.007803806848947997
W-2022-47,101,47,451,0.0013608439042641788,1293,223,0.0006694927676283298
W-2022-47,56,55,26,0.0013604730260059652,1294,-20,-0.001281686652339813
W-2022-47,11,97,20,0.0013540044682147452,1295,-6,-0.0005440828438016076
W-2022-47,35,64,3,0.0013513513513513514,1296,0,0.00027531117918492393
W-2022-47,35,68,3,0.0013513513513513514,1297,-4,-0.0011594090503703127
W-2022-47,18,71,15,0.0013494062612450521,1298,2,0.00023247181670514312
W-2022-47,88,67,25,0.0013444474321054048,1299,14,0.000757091601263884
W-2022-47,73,4,7,0.001339200306102927,1300,5,0.0009371094335657337
W-2022-47,73,16,7,0.001339200306102927,1301,0,-6.811774777724976e-05
W-2022-47,53,43,31,0.0013388615358037488,1302,5,9.952696313584274e-05
W-2022-47,91,67,361,0.001328866966060517,1303,-111,-0.00041821998853002807
W-2022-47,44,49,82,0.0013186883875014072,1304,-109,-0.0018522255329767201
W-2022-47,25,1,4,0.0013149243918474688,1305,-6,-0.0009728816022042358
W-2022-47,25,24,4,0.0013149243918474688,1306,3,0.0010861437924422983
W-2022-47,25,83,4,0.0013149243918474688,1307,4,0.0013149243918474688
W-2022-47,25,87,4,0.0013149243918474688,1308,3,0.0010861437924422983
W-2022-47,45,47,15,0.0013126804935678655,1309,-5,-0.0007804644567199421
W-2022-47,83,19,1,0.0013089005235602095,1310,0,-8.57996159098044e-05
W-2022-47,83,37,1,0.0013089005235602095,1311,1,0.0013089005235602095
W-2022-47,83,101,1,0.0013089005235602095,1312,0,-8.57996159098044e-05
W-2022-47,10,11,6,0.001302365964836119,1313,1,0.00019347264037393214
W-2022-47,10,84,6,0.001302365964836119,1314,-3,-0.000693642019195817
W-2022-47,101,60,430,0.0012974786670368,1315,-117,-0.00036115761252376736
W-2022-47,42,50,185,0.0012932360260604536,1316,31,0.00021052080125643215
W-2022-47,77,57,6,0.001276867418599702,1317,2,0.0002776168565212609
W-2022-47,77,71,6,0.001276867418599702,1318,3,0.0005274294970408712
W-2022-47,100,82,14,0.0012714558169103624,1319,7,0.0005972119332655926
W-2022-47,13,36,75,0.0012683273299173051,1320,-7,-0.0002917053927202916
W-2022-47,13,74,75,0.0012683273299173051,1321,5,-6.340792111478961e-05
W-2022-47,86,38,2,0.001265022137887413,1322,1,0.0006075599419636786
W-2022-47,86,41,2,0.001265022137887413,1323,2,0.001265022137887413
W-2022-47,86,71,2,0.001265022137887413,1324,2,0.001265022137887413
W-2022-47,86,79,2,0.001265022137887413,1325,2,0.001265022137887413
W-2022-47,74,36,3,0.0012610340479192938,1326,1,0.0005111277862020084
W-2022-47,74,73,3,0.0012610340479192938,1327,-2,-0.0006137316063739196
W-2022-47,74,85,3,0.0012610340479192938,1328,-2,-0.0006137316063739196
W-2022-47,8,94,4,0.0012566760917373547,1329,2,0.0005766352892892078
W-2022-47,92,72,14,0.0012539184952978057,1330,-11,-0.0013348771969461622
W-2022-47,4,37,22,0.0012535612535612536,1331,7,0.0002778880390432362
W-2022-47,9,52,3,0.0012494793835901709,1332,1,0.0003514102322655189
W-2022-47,9,53,3,0.0012494793835901709,1333,1,0.0003514102322655189
W-2022-47,9,89,3,0.0012494793835901709,1334,-3,-0.0014447280703837853
W-2022-47,72,85,6,0.0012409513960703205,1335,-7,-0.0011709224443749485
W-2022-47,72,100,6,0.0012409513960703205,1336,-2,-0.00024327865958830648
W-2022-47,45,48,14,0.0012251684606633412,1337,10,0.0008065394706057798
W-2022-47,98,10,18,0.001222909165024798,1338,0,-4.362615723807841e-05
W-2022-47,64,1,7,0.0012224938875305623,1339,5,0.000862133527170202
W-2022-47,64,36,7,0.0012224938875305623,1340,0,-3.876737373069883e-05
W-2022-47,54,48,23,0.0012131441531726356,1341,-30,-0.0013444006038606127
W-2022-47,93,59,18,0.0012072434607645875,1342,5,0.0004959280744656162
W-2022-47,41,54,588,0.001203384211107973,1343,314,0.0006125435353932498
W-2022-47,17,14,198,0.0012012303510868707,1344,15,0.0001091820145211538
W-2022-47,81,55,3,0.001199040767386091,1345,2,0.0007347882139970474
W-2022-47,81,69,3,0.001199040767386091,1346,3,0.001199040767386091
W-2022-47,15,78,13,0.0011940846881601911,1347,-2,-9.435372448368456e-05
W-2022-47,94,3,3,0.0011933174224343676,1348,-1,-0.0002964404919045523
W-2022-47,62,45,614,0.001192378873532102,1349,336,0.0006274978135063775
W-2022-47,85,50,4,0.0011890606420927466,1350,2,0.0005715861129170751
W-2022-47,91,93,321,0.0011816240889346978,1351,-10,-4.355765252604454e-05
W-2022-47,21,15,4,0.0011813349084465446,1352,-1,-0.00014106657264311416
W-2022-47,55,57,475,0.0011787185468261452,1353,179,0.0004162190942286238
W-2022-47,60,51,82,0.001174818762715264,1354,26,0.00031416743408477547
W-2022-47,24,88,2,0.0011661807580174927,1355,0,2.9817121653856384e-05
W-2022-47,24,92,2,0.0011661807580174927,1356,-1,-0.0005383646965279618
W-2022-47,68,74,59,0.0011661461833418982,1357,1,2.0467170996219062e-05
W-2022-47,65,92,13,0.001165814725136759,1358,-22,-0.0019867703946614755
W-2022-47,89,59,268,0.0011649033738731298,1359,137,0.0005851034269845753
W-2022-47,92,16,13,0.0011643528884908196,1360,2,2.5282783903473553e-05
W-2022-47,14,21,72,0.0011554571277261566,1361,25,0.0004601908555368075
W-2022-47,98,11,17,0.0011549697669678647,1362,5,0.0003106128854592804
W-2022-47,98,34,17,0.0011549697669678647,1363,1,2.916059162308567e-05
W-2022-47,11,89,17,0.0011509037979825333,1364,6,0.0003478668582833072
W-2022-47,73,63,6,0.0011478859766596518,1365,-2,-0.0004604775134891218
W-2022-47,60,47,80,0.0011461646465514772,1366,13,0.00011645680693999965
W-2022-47,60,48,80,0.0011461646465514772,1367,-5,-0.00016018112011980008
W-2022-47,88,38,21,0.00112933584296854,1368,2,0.0001148121351513679
W-2022-47,69,18,1,0.0011135857461024498,1369,0,0.0003255636814846405
W-2022-47,69,32,1,0.0011135857461024498,1370,1,0.0011135857461024498
W-2022-47,69,38,1,0.0011135857461024498,1371,1,0.0011135857461024498
W-2022-47,69,50,1,0.0011135857461024498,1372,1,0.0011135857461024498
W-2022-47,69,61,1,0.0011135857461024498,1373,1,0.0011135857461024498
W-2022-47,69,66,1,0.0011135857461024498,1374,0,0.0003255636814846405
W-2022-47,69,88,1,0.0011135857461024498,1375,1,0.0011135857461024498
W-2022-47,69,89,1,0.0011135857461024498,1376,-1,-0.00046245838313316886
W-2022-47,69,93,1,0.0011135857461024498,1377,-2,-0.001250480447750978
W-2022-47,69,96,1,0.0011135857461024498,1378,1,0.0011135857461024498
W-2022-47,79,88,61,0.001112915290726314,1379,-29,-0.00035803347122514463
W-2022-47,67,69,25,0.001109237731830686,1380,-18,-0.0009183946537023927
W-2022-47,59,54,492,0.0011076839948668303,1381,235,0.0005074929613005046
W-2022-47,15,85,12,0.0011022320198401765,1382,9,0.0008445443373114013
W-2022-47,46,76,3,0.001085383502170767,1383,3,0.001085383502170767
W-2022-47,20,25,5,0.0010838933448948623,1384,-1,-0.00018729309578310372
W-2022-47,11,35,16,0.001083203574571796,1385,3,0.0001341599185636196
W-2022-47,11,55,16,0.001083203574571796,1386,2,6.115656040914458e-05
W-2022-47,47,58,48,0.001082617227146627,1387,-13,-0.0002824635587818517
W-2022-47,88,92,20,0.0010755579456843238,1388,10,0.0005415980994647595
W-2022-47,88,97,20,0.0010755579456843238,1389,-2,-9.915371599871761e-05
W-2022-47,92,88,12,0.0010747872816838334,1390,0,-0.00016783465059327127
W-2022-47,7,18,1,0.0010741138560687433,1391,-2,-0.0013220522781165602
W-2022-47,7,53,1,0.0010741138560687433,1392,1,0.0010741138560687433
W-2022-47,7,55,1,0.0010741138560687433,1393,-2,-0.0013220522781165602
W-2022-47,7,75,1,0.0010741138560687433,1394,1,0.0010741138560687433
W-2022-47,7,96,1,0.0010741138560687433,1395,1,0.0010741138560687433
W-2022-47,36,17,34,0.0010733339647062538,1396,15,0.0003809646038724953
W-2022-47,57,55,242,0.001072609454919377,1397,29,8.512684017667892e-05
W-2022-47,37,24,5,0.0010718113612004287,1398,0,0.00010804883228755281
W-2022-47,97,7,13,0.0010676741130091984,1399,5,0.00040476393733800185
W-2022-47,97,10,13,0.0010676741130091984,1400,-1,-9.241869441539556e-05
W-2022-47,97,101,13,0.0010676741130091984,1401,1,7.330884950240354e-05
W-2022-47,61,89,208,0.0010662019119870826,1402,-92,-0.0005442077762376019
W-2022-47,17,3,175,0.0010616934921222343,1403,-9,-3.632232169247548e-05
W-2022-47,17,92,175,0.0010616934921222343,1404,19,0.0001307670412793281
W-2022-47,14,82,66,0.001059169033748977,1405,-31,-0.0003757422088545735
W-2022-47,63,34,2,0.0010526315789473684,1406,0,0.00019167591816389874
W-2022-47,63,78,2,0.0010526315789473684,1407,-1,-0.0002388019122278361
W-2022-47,63,88,2,0.0010526315789473684,1408,-1,-0.0002388019122278361
W-2022-47,14,92,65,0.0010431210180861137,1409,10,0.00022951155063049243
W-2022-47,36,25,32,0.0010101966726647094,1410,14,0.0003542678045064119
W-2022-47,68,88,51,0.0010080246669565561,1411,11,0.0002179012101664327
W-2022-47,93,88,15,0.001006036217303823,1412,2,0.0002947208310048517
W-2022-47,38,6,5,0.001,1413,0,-1.1940902651285095e-05
W-2022-47,38,75,5,0.001,1414,0,-1.1940902651285095e-05
W-2022-47,42,54,143,0.0009996364958197018,1415,6,3.6441782844695656e-05
W-2022-47,100,65,11,0.000999000999000999,1416,-5,-0.000542127877901332
W-2022-47,100,72,11,0.000999000999000999,1417,2,0.00013211600574343778
W-2022-47,56,42,19,0.0009941918266966668,1418,-2,-0.000212011504722058
W-2022-47,16,22,1,0.000992063492063492,1419,1,0.000992063492063492
W-2022-47,16,35,1,0.000992063492063492,1420,1,0.000992063492063492
W-2022-47,16,68,1,0.000992063492063492,1421,1,0.000992063492063492
W-2022-47,16,74,1,0.000992063492063492,1422,-2,-0.0025708818761075295
W-2022-47,16,75,1,0.000992063492063492,1423,1,0.000992063492063492
W-2022-47,16,83,1,0.000992063492063492,1424,0,-0.00019558496399351517
W-2022-47,16,87,1,0.000992063492063492,1425,1,0.000992063492063492
W-2022-47,16,98,1,0.000992063492063492,1426,1,0.000992063492063492
W-2022-47,17,70,163,0.0009888916526624239,1427,16,0.00011167249706045459
W-2022-47,25,64,3,0.0009861932938856016,1428,2,0.0007574126944804311
W-2022-47,97,23,12,0.0009855453350854138,1429,3,0.00023977138745531767
W-2022-47,92,15,11,0.0009852216748768472,1430,6,0.00046746253642805365
W-2022-47,3,72,15,0.0009832841691248771,1431,4,0.0001679862147815626
W-2022-47,13,85,58,0.0009808398018027159,1432,18,0.00021984822978437602
W-2022-47,90,8,4,0.0009799118079372856,1433,-3,-0.0007299074397422453
W-2022-47,62,33,503,0.0009768185234310216,1434,59,7.463438439713073e-05
W-2022-47,87,68,2,0.0009694619486185168,1435,1,0.0005541795565919387
W-2022-47,89,79,223,0.000969303926767567,1436,-5,-3.9813538046100275e-05
W-2022-47,45,56,11,0.0009626323619497681,1437,7,0.0005440033718922066
W-2022-47,80,57,1,0.0009569377990430622,1438,0,-3.6110860341247576e-05
W-2022-47,80,62,1,0.0009569377990430622,1439,1,0.0009569377990430622
W-2022-47,80,71,1,0.0009569377990430622,1440,0,-3.6110860341247576e-05
W-2022-47,80,81,1,0.0009569377990430622,1441,-3,-0.003015256838494177
W-2022-47,80,95,1,0.0009569377990430622,1442,0,-3.6110860341247576e-05
W-2022-47,80,97,1,0.0009569377990430622,1443,-1,-0.0010291595197255573
W-2022-47,73,78,5,0.0009565716472163765,1444,-7,-0.0014559735880067836
W-2022-47,78,100,15,0.0009562057754828839,1445,8,0.0004925989141013354
W-2022-47,55,47,383,0.0009504193756513971,1446,227,0.0005485615560391899
W-2022-47,55,49,383,0.0009504193756513971,1447,-1347,-0.0035060808033814134
W-2022-47,40,28,3,0.0009502692429521698,1448,2,0.00065273874607624
W-2022-47,40,48,3,0.0009502692429521698,1449,-5,-0.0014299747320552685
W-2022-47,11,69,14,0.0009478031277503216,1450,10,0.0006557896951324212
W-2022-47,8,21,3,0.000942507068803016,1451,-2,-0.0007575949373173512
W-2022-47,39,68,12,0.0009388936702918395,1452,2,0.0003123665103394556
W-2022-47,88,65,17,0.0009142242538316751,1453,5,0.00027347243836819794
W-2022-47,84,11,1,0.0009124087591240876,1454,-3,-0.002092850444482224
W-2022-47,84,22,1,0.0009124087591240876,1455,1,0.0009124087591240876
W-2022-47,84,68,1,0.0009124087591240876,1456,1,0.0009124087591240876
W-2022-47,84,80,1,0.0009124087591240876,1457,-4,-0.002844165245383801
W-2022-47,53,49,21,0.0009069707178025395,1458,-7,-0.00042769728353212854
W-2022-47,1,13,1,0.0009041591320072332,1459,0,-8.249627116854318e-06
W-2022-47,1,21,1,0.0009041591320072332,1460,1,0.0009041591320072332
W-2022-47,1,22,1,0.0009041591320072332,1461,1,0.0009041591320072332
W-2022-47,1,39,1,0.0009041591320072332,1462,1,0.0009041591320072332
W-2022-47,1,64,1,0.0009041591320072332,1463,-1,-0.0009206583862409419
W-2022-47,1,74,1,0.0009041591320072332,1464,0,-8.249627116854318e-06
W-2022-47,1,75,1,0.0009041591320072332,1465,1,0.0009041591320072332
W-2022-47,1,78,1,0.0009041591320072332,1466,0,-8.249627116854318e-06
W-2022-47,35,0,2,0.0009009009009009009,1467,-11,-0.0037619398451536183
W-2022-47,44,54,56,0.0009005676792692537,1468,-44,-0.0007595966770020172
W-2022-47,17,100,148,0.000897889353337661,1469,0,1.470272048669874e-05
W-2022-47,78,74,14,0.000892458723784025,1470,-13,-0.0008957391701162334
W-2022-47,85,16,3,0.0008917954815695601,1471,2,0.0005830582169817243
W-2022-47,85,83,3,0.0008917954815695601,1472,3,0.0008917954815695601
W-2022-47,21,1,3,0.0008860011813349084,1473,-2,-0.0004364002997547503
W-2022-47,51,45,3,0.0008846947803007962,1474,0,1.5381537762401525e-05
W-2022-47,51,53,3,0.0008846947803007962,1475,0,1.5381537762401525e-05
W-2022-47,51,89,3,0.0008846947803007962,1476,-4,-0.0011437027856221246
W-2022-47,64,35,5,0.0008732099196646874,1477,1,0.00015248919894396667
W-2022-47,44,47,54,0.0008684045478667803,1478,-9,-0.00017749899658412024
W-2022-47,20,94,4,0.0008671146759158899,1479,4,0.0008671146759158899
W-2022-47,0,8,1,0.0008650519031141869,1480,1,0.0008650519031141869
W-2022-47,0,37,1,0.0008650519031141869,1481,1,0.0008650519031141869
W-2022-47,0,49,1,0.0008650519031141869,1482,1,0.0008650519031141869
W-2022-47,0,63,1,0.0008650519031141869,1483,0,8.319107434170839e-05
W-2022-47,0,83,1,0.0008650519031141869,1484,0,8.319107434170839e-05
W-2022-47,33,42,14,0.0008603736479842675,1485,-5,-0.000307850651081153
W-2022-47,70,0,4,0.0008581849388543231,1486,-3,-0.0002935096975392274
W-2022-47,77,38,4,0.0008512449457331347,1487,-1,-0.0003978182568649168
W-2022-47,62,48,438,0.0008505894895880467,1488,-51,-0.0001430322311046844
W-2022-47,67,23,19,0.0008430206761913213,1489,3,8.855281180691996e-05
W-2022-47,57,59,190,0.0008421313902259571,1490,61,0.0002440785390437596
W-2022-47,74,20,2,0.0008406893652795292,1491,0,9.078310356224384e-05
W-2022-47,9,58,2,0.0008329862557267805,1492,-4,-0.0018612211982471758
W-2022-47,9,60,2,0.0008329862557267805,1493,0,-6.508289559787142e-05
W-2022-47,31,66,5,0.000829737802854298,1494,2,0.0006414375266805596
W-2022-47,53,47,19,0.0008205925542022976,1495,4,0.00010559183920158261
W-2022-47,61,43,160,0.0008201553169131404,1496,76,0.0003692406042102288
W-2022-47,100,63,9,0.00081736445372809,1497,1,4.680001527692453e-05
W-2022-47,98,101,12,0.0008152727766831986,1498,-1,-9.944717828443443e-05
W-2022-47,17,64,134,0.0008129538739678823,1499,-33,-0.0001836148266139468
W-2022-47,11,93,12,0.0008124026809288471,1500,2,8.2369099384096e-05
W-2022-47,18,10,9,0.0008096437567470313,1501,-2,-0.0001354546194021224
W-2022-47,65,90,9,0.0008071025020177562,1502,5,0.00044680705975510084
W-2022-47,88,25,15,0.0008066684592632429,1503,1,5.9124674555852824e-05
W-2022-47,43,50,65,0.0008063815797635441,1504,-52,-0.0005332875105209924
W-2022-47,91,55,219,0.0008061547522638593,1505,39,0.0001398927780556006
W-2022-47,49,33,246,0.0008039425867342937,1506,-101,-0.00039981925574982674
W-2022-47,38,101,4,0.0008,1507,-6,-0.0012238818053025703
W-2022-47,81,62,2,0.0007993605115907274,1508,0,-0.00012914459518735988
W-2022-47,81,93,2,0.0007993605115907274,1509,0,-0.00012914459518735988
W-2022-47,94,15,2,0.0007955449482895784,1510,2,0.0007955449482895784
W-2022-47,94,22,2,0.0007955449482895784,1511,2,0.0007955449482895784
W-2022-47,94,24,2,0.0007955449482895784,1512,0,5.066599112011846e-05
W-2022-47,94,83,2,0.0007955449482895784,1513,-2,-0.0006942129660493415
W-2022-47,36,82,25,0.0007892161505193042,1514,15,0.00042481122376469447
W-2022-47,3,88,12,0.0007866273352999017,1515,0,-0.00010278861489280511
W-2022-47,56,57,15,0.0007848882842342107,1516,-5,-0.00036387679330743207
W-2022-47,82,64,15,0.0007838628762541806,1517,1,-7.67752254240637e-05
W-2022-47,99,31,11,0.0007765619484645253,1518,4,0.00037226484785230396
W-2022-47,47,53,34,0.0007668538692288607,1519,13,0.0002969080248928271
W-2022-47,73,0,4,0.0007652573177731012,1520,-1,-0.0002399698635698822
W-2022-47,73,64,4,0.0007652573177731012,1521,-2,-0.0004410152998384789
W-2022-47,73,74,4,0.0007652573177731012,1522,-1,-0.0002399698635698822
W-2022-47,73,83,4,0.0007652573177731012,1523,-1,-0.0002399698635698822
W-2022-47,22,72,8,0.0007648183556405354,1524,-4,-0.00044145426197104477
W-2022-47,59,49,331,0.0007452101672782944,1525,-135,-0.0003430739636240707
W-2022-47,11,0,11,0.0007447024575181099,1526,5,0.0003066823085912592
W-2022-47,4,0,13,0.0007407407407407407,1527,-4,-0.00036502223571301237
W-2022-47,44,57,46,0.000739752022256887,1528,-112,-0.0018833076606517207
W-2022-47,90,36,3,0.0007349338559529642,1529,-15,-0.003661744209508687
W-2022-47,46,62,2,0.000723589001447178,1530,-4,-0.0008945339758991004
W-2022-47,46,93,2,0.000723589001447178,1531,2,0.000723589001447178
W-2022-47,32,99,147,0.0007221138778497709,1532,-26,-0.00025508849906791817
W-2022-47,18,50,8,0.0007196833393306944,1533,-3,-0.00022541503681845927
W-2022-47,43,49,58,0.0007195404865582394,1534,-202,-0.0022575019362962865
W-2022-47,65,21,8,0.0007174244462380056,1535,2,0.0001769812828440225
W-2022-47,92,35,8,0.0007165248544558889,1536,-1,-0.00021544159475193956
W-2022-47,55,60,288,0.0007146756662861681,1537,-59,-0.00017920038118457492
W-2022-47,101,52,235,0.0007090871784968559,1538,-85,-0.0002612302062552129
W-2022-47,14,100,44,0.0007061126891659846,1539,-8,-6.311808006478458e-05
W-2022-47,88,89,13,0.0006991126646948105,1540,-12,-0.0006357869508541003
W-2022-47,64,3,4,0.0006985679357317499,1541,4,0.0006985679357317499
W-2022-47,64,39,4,0.0006985679357317499,1542,0,-2.2152784988970853e-05
W-2022-47,71,6,1,0.0006968641114982578,1543,1,0.0006968641114982578
W-2022-47,71,36,1,0.0006968641114982578,1544,1,0.0006968641114982578
W-2022-47,71,41,1,0.0006968641114982578,1545,1,0.0006968641114982578
W-2022-47,71,46,1,0.0006968641114982578,1546,1,0.0006968641114982578
W-2022-47,71,75,1,0.0006968641114982578,1547,0,-0.002235687208149836
W-2022-47,71,99,1,0.0006968641114982578,1548,1,0.0006968641114982578
W-2022-47,36,14,22,0.0006945102124569877,1549,2,-3.42996410522317e-05
W-2022-47,79,77,38,0.0006932914925836055,1550,-21,-0.0002709971402512397
W-2022-47,59,48,305,0.000686674021208096,1551,-96,-0.00024981082104908933
W-2022-47,41,89,335,0.0006856015488455289,1552,-195,-0.0004572654516245561
W-2022-47,11,95,10,0.0006770022341073726,1553,5,0.00031198544333499705
W-2022-47,57,62,151,0.0006692728417058922,1554,-93,-0.00046192790006508594
W-2022-47,62,47,343,0.0006661009016636987,1555,-476,-0.0009980630845271947
W-2022-47,50,33,249,0.0006583104422841522,1556,-21,-0.0001399275213221096
W-2022-47,25,63,2,0.0006574621959237344,1557,1,0.00042868159651856397
W-2022-47,25,72,2,0.0006574621959237344,1558,-6,-0.0011727825993176292
W-2022-47,3,85,10,0.0006555227794165847,1559,5,0.00028493280016962354
W-2022-47,47,51,29,0.0006540812414010871,1560,-2,-3.964833833305784e-05
W-2022-47,10,7,3,0.0006511829824180595,1561,3,0.0006511829824180595
W-2022-47,10,71,3,0.0006511829824180595,1562,3,0.0006511829824180595
W-2022-47,20,4,3,0.0006503360069369175,1563,0,1.4742786597934454e-05
W-2022-47,20,64,3,0.0006503360069369175,1564,3,0.0006503360069369175
W-2022-47,52,89,23,0.0006492773261065944,1565,-5,-0.00022188411877688773
W-2022-47,88,36,12,0.0006453347674105943,1566,-12,-0.0006361688635163601
W-2022-47,70,20,3,0.0006436387041407423,1567,2,0.00047911089894166366
W-2022-47,70,73,3,0.0006436387041407423,1568,-3,-0.00034352812705372947
W-2022-47,37,92,3,0.0006430868167202572,1569,3,0.0006430868167202572
W-2022-47,15,68,7,0.0006429686782401029,1570,3,0.0002993851015350694
W-2022-47,48,89,16,0.0006412054662766,1571,-22,-0.0008982532924334957
W-2022-47,101,89,212,0.0006396871567716317,1572,-507,-0.001540494717093173
W-2022-47,78,94,10,0.0006374705169885893,1573,2,0.00010763410398110542
W-2022-47,100,29,7,0.0006357279084551812,1574,5,0.0004430867988423898
W-2022-47,29,30,145,0.0006352488642188411,1575,-36,-0.00023050644750090298
W-2022-47,28,31,135,0.0006333300493997438,1576,20,7.008221545500091e-05
W-2022-47,86,7,1,0.0006325110689437065,1577,1,0.0006325110689437065
W-2022-47,86,11,1,0.0006325110689437065,1578,1,0.0006325110689437065
W-2022-47,86,34,1,0.0006325110689437065,1579,-2,-0.0013398755188274967
W-2022-47,86,55,1,0.0006325110689437065,1580,-2,-0.0013398755188274967
W-2022-47,18,61,7,0.0006297229219143577,1581,-1,-5.76213516486632e-05
W-2022-47,18,81,7,0.0006297229219143577,1582,1,0.00011421471674209196
W-2022-47,8,63,2,0.0006283380458686773,1583,2,0.0006283380458686773
W-2022-47,8,64,2,0.0006283380458686773,1584,2,0.0006283380458686773
W-2022-47,8,85,2,0.0006283380458686773,1585,-3,-0.00107176396025169
W-2022-47,8,90,2,0.0006283380458686773,1586,1,0.0002883176446446039
W-2022-47,92,3,7,0.0006269592476489029,1587,2,0.0001092001092001093
W-2022-47,92,85,7,0.0006269592476489029,1588,4,0.0003163037645796267
W-2022-47,4,78,11,0.0006267806267806268,1589,-5,-0.0004139374687052584
W-2022-47,4,94,11,0.0006267806267806268,1590,-12,-0.0008692516354803333
W-2022-47,67,55,14,0.0006211731298251842,1591,-3,-0.00018044897608324227
W-2022-47,72,20,3,0.0006204756980351603,1592,1,0.0002494181841205035
W-2022-47,72,25,3,0.0006204756980351603,1593,-4,-0.0006782256006661384
W-2022-47,72,101,3,0.0006204756980351603,1594,3,0.0006204756980351603
W-2022-47,98,41,9,0.000611454582512399,1595,-7,-0.00051435459283238
W-2022-47,14,88,38,0.000609824595188805,1596,0,4.7694417674012056e-05
W-2022-47,11,7,9,0.0006093020106966354,1597,2,9.827850361530965e-05
W-2022-47,50,89,228,0.0006027902845011513,1598,-129,-0.00045265768960046134
W-2022-47,42,33,86,0.0006011799904929676,1599,45,0.000312924638434754
W-2022-47,48,57,15,0.0006011301246343125,1600,7,0.0002770335438532397
W-2022-47,38,61,3,0.0006,1601,2,0.0003976118194697429
W-2022-47,38,77,3,0.0006,1602,2,0.0003976118194697429
W-2022-47,91,97,162,0.0005963336523595671,1603,-1,-7.003579840133807e-06
W-2022-47,85,2,2,0.0005945303210463733,1604,1,0.00028579305645853756
W-2022-47,85,20,2,0.0005945303210463733,1605,1,0.00028579305645853756
W-2022-47,85,24,2,0.0005945303210463733,1606,-4,-0.001257893266480641
W-2022-47,85,25,2,0.0005945303210463733,1607,0,-2.2944208129298195e-05
W-2022-47,85,73,2,0.0005945303210463733,1608,-2,-0.0006404187373049697
W-2022-47,85,101,2,0.0005945303210463733,1609,1,0.00028579305645853756
W-2022-47,14,70,37,0.0005937765795259416,1610,9,0.00017957539609398895
W-2022-47,88,87,11,0.0005915568701263781,1611,5,0.0002711809623946395
W-2022-47,21,2,2,0.0005906674542232723,1612,2,0.0005906674542232723
W-2022-47,3,90,9,0.0005899705014749262,1613,-10,-0.0008182714196635261
W-2022-47,3,92,9,0.0005899705014749262,1614,-5,-0.0004476814404165651
W-2022-47,51,12,2,0.0005897965202005308,1615,1,0.00030002543935439926
W-2022-47,24,2,1,0.0005830903790087463,1616,0,1.4908560826928192e-05
W-2022-47,24,13,1,0.0005830903790087463,1617,1,0.0005830903790087463
W-2022-47,24,16,1,0.0005830903790087463,1618,1,0.0005830903790087463
W-2022-47,24,65,1,0.0005830903790087463,1619,1,0.0005830903790087463
W-2022-47,24,78,1,0.0005830903790087463,1620,1,0.0005830903790087463
W-2022-47,24,82,1,0.0005830903790087463,1621,-1,-0.00055327325735489
W-2022-47,24,90,1,0.0005830903790087463,1622,-2,-0.0011214550755367081
W-2022-47,24,100,1,0.0005830903790087463,1623,-1,-0.00055327325735489
W-2022-47,101,58,193,0.0005823567040420986,1624,121,0.0003640352924728831
W-2022-47,17,21,95,0.0005763478957234986,1625,-26,-0.000145716851404653
W-2022-47,97,19,7,0.0005749014454664914,1626,2,0.00016058258567199358
W-2022-47,97,93,7,0.0005749014454664914,1627,-2,-0.00017087250216360473
W-2022-47,73,88,3,0.0005739429883298259,1628,1,0.0001718521157926325
W-2022-47,73,90,3,0.0005739429883298259,1629,0,-2.9193320475964183e-05
W-2022-47,41,33,279,0.0005709935287400076,1630,-40,-0.000116883024373119
W-2022-47,26,30,44,0.0005706800171204005,1631,10,9.387517053937173e-05
W-2022-47,60,45,39,0.000558755265193845,1632,18,0.00023601101695741182
W-2022-47,68,36,28,0.0005534253073486975,1633,-14,-0.00027620432228093214
W-2022-47,33,56,9,0.0005530973451327434,1634,5,0.0003071553874347601
W-2022-47,15,100,6,0.0005511160099200882,1635,4,0.0003793242215675715
W-2022-47,41,53,269,0.0005505278108640216,1636,4,-2.090568937102087e-05
W-2022-47,39,65,7,0.0005476879743369063,1637,4,0.0003597298263511912
W-2022-47,39,78,7,0.0005476879743369063,1638,-7,-0.00032945004959643114
W-2022-47,17,88,90,0.0005460137959485776,1639,3,2.6843275286187645e-05
W-2022-47,14,64,34,0.0005456325325373518,1640,10,0.00019060294673853523
W-2022-47,100,101,6,0.0005449096358187268,1641,5,0.00044858908101233106
W-2022-47,98,86,8,0.0005435151844554657,1642,2,0.00012133674370117355
W-2022-47,61,46,106,0.0005433528974549555,1643,60,0.0002964234119271706
W-2022-47,11,6,8,0.000541601787285898,1644,2,0.00010358163835904737
W-2022-47,11,83,8,0.000541601787285898,1645,3,0.00017658499651352245
W-2022-47,18,101,6,0.0005397625044980209,1646,0,2.4254299325755183e-05
W-2022-47,65,4,6,0.0005380683346785041,1647,5,0.0004479944741128403
W-2022-47,65,24,6,0.0005380683346785041,1648,6,0.0005380683346785041
W-2022-47,65,64,6,0.0005380683346785041,1649,2,0.00017777289241584877
W-2022-47,65,72,6,0.0005380683346785041,1650,5,0.0004479944741128403
W-2022-47,36,88,17,0.0005366669823531269,1651,1,-4.6380900454248654e-05
W-2022-47,67,101,12,0.0005324341112787292,1652,7,0.0002966629036586038
W-2022-47,63,32,1,0.0005263157894736842,1653,1,0.0005263157894736842
W-2022-47,63,61,1,0.0005263157894736842,1654,1,0.0005263157894736842
W-2022-47,63,89,1,0.0005263157894736842,1655,-3,-0.0011955955320932551
W-2022-47,63,91,1,0.0005263157894736842,1656,-4,-0.00162607336248499
W-2022-47,63,97,1,0.0005263157894736842,1657,1,0.0005263157894736842
W-2022-47,45,42,6,0.0005250721974271463,1658,3,0.00021110045488397514
W-2022-47,45,54,6,0.0005250721974271463,1659,-121,-0.012766398236900432
W-2022-47,3,24,8,0.0005244182235332678,1660,3,0.00015382824428630657
W-2022-47,3,39,8,0.0005244182235332678,1661,2,7.971024843691436e-05
W-2022-47,61,19,102,0.0005228490145321271,1662,-48,-0.00028235582958021515
W-2022-47,43,60,42,0.0005210465592318285,1663,-61,-0.0006583202467451565
W-2022-47,4,20,9,0.0005128205128205128,1664,3,0.00012255122701330587
W-2022-47,78,65,8,0.0005099764135908714,1665,-2,-0.00015231910266848357
W-2022-47,61,54,99,0.0005074711023400056,1666,43,0.0002068612938713979
W-2022-47,49,89,155,0.0005065491908285184,1667,-137,-0.0005064146650947184
W-2022-47,89,62,114,0.0004955185993340926,1668,-30,-0.00014181874686401306
W-2022-47,30,99,17,0.0004953379953379954,1669,2,3.1401338156255947e-05
W-2022-47,68,4,25,0.0004941297387041942,1670,6,0.00011882109672888555
W-2022-47,97,96,6,0.0004927726675427069,1671,2,0.00016131757970710867
W-2022-47,49,53,150,0.0004902088943501791,1672,-349,-0.0012408492019022016
W-2022-47,90,19,2,0.0004899559039686428,1673,2,0.0004899559039686428
W-2022-47,90,37,2,0.0004899559039686428,1674,-3,-0.0007313435586595936
W-2022-47,90,63,2,0.0004899559039686428,1675,0,1.4361189173482496e-06
W-2022-47,90,83,2,0.0004899559039686428,1676,-11,-0.002685422698864772
W-2022-47,90,87,2,0.0004899559039686428,1677,2,0.0004899559039686428
W-2022-47,19,89,100,0.0004872415792474067,1678,-313,-0.0016158774532159925
W-2022-47,87,24,1,0.0004847309743092584,1679,0,6.94485822826803e-05
W-2022-47,87,35,1,0.0004847309743092584,1680,-2,-0.0007611162017704758
W-2022-47,87,36,1,0.0004847309743092584,1681,1,0.0004847309743092584
W-2022-47,87,39,1,0.0004847309743092584,1682,1,0.0004847309743092584
W-2022-47,87,44,1,0.0004847309743092584,1683,-1,-0.0003458338097438978
W-2022-47,87,60,1,0.0004847309743092584,1684,1,0.0004847309743092584
W-2022-47,87,65,1,0.0004847309743092584,1685,0,6.94485822826803e-05
W-2022-47,87,66,1,0.0004847309743092584,1686,1,0.0004847309743092584
W-2022-47,87,74,1,0.0004847309743092584,1687,0,6.94485822826803e-05
W-2022-47,87,92,1,0.0004847309743092584,1688,1,0.0004847309743092584
W-2022-47,88,41,9,0.00048400107555794566,1689,-1,-4.995877066161868e-05
W-2022-47,88,77,9,0.00048400107555794566,1690,-10,-0.0005305226322592264
W-2022-47,88,93,9,0.00048400107555794566,1691,0,3.4372139603377973e-06
W-2022-47,52,54,17,0.0004799006323396567,1692,0,-4.901881633960031e-05
W-2022-47,22,59,5,0.0004780114722753346,1693,4,0.00037748875414103623
W-2022-47,98,95,7,0.0004755757863985325,1694,3,0.00019412349256233774
W-2022-47,11,101,7,0.0004739015638751608,1695,7,0.0004739015638751608
W-2022-47,13,4,28,0.00047350886983579387,1696,4,1.691392662478994e-05
W-2022-47,13,92,28,0.00047350886983579387,1697,-4,-0.00013528438777887807
W-2022-47,82,11,9,0.0004703177257525084,1698,-10,-0.0006976911265251089
W-2022-47,82,92,9,0.0004703177257525084,1699,-15,-0.0010050618771244818
W-2022-47,93,55,7,0.00046948356807511736,1700,-6,-0.00024183181822385398
W-2022-47,93,68,7,0.00046948356807511736,1701,-8,-0.0003512649545775419
W-2022-47,39,14,6,0.00046944683514591975,1702,-118,-0.007299489948263641
W-2022-47,39,70,6,0.00046944683514591975,1703,-6,-0.000282385756796941
W-2022-47,62,51,241,0.00046801841778703024,1704,105,0.000191673726551424
W-2022-47,17,74,77,0.0004671451365337831,1705,-3,-1.025304338565596e-05
W-2022-47,17,90,77,0.0004671451365337831,1706,-25,-0.00014153754286350167
W-2022-47,61,9,91,0.00046646333649434863,1707,-23,-0.0001454923450310314
W-2022-47,28,26,99,0.0004644420362264788,1708,10,2.8537190825764724e-05
W-2022-47,27,99,10,0.00046367134974729913,1709,9,0.00042116518635360706
W-2022-47,62,89,238,0.00046219246237889293,1710,-192,-0.0004115444290278031
W-2022-47,58,33,4,0.0004615207107418945,1711,0,-6.36893732917189e-05
W-2022-47,58,53,4,0.0004615207107418945,1712,1,6.761314771668443e-05
W-2022-47,58,89,4,0.0004615207107418945,1713,-8,-0.0011141095413589458
W-2022-47,100,74,5,0.0004540913631822723,1714,-17,-0.0016649608425584328
W-2022-47,35,15,1,0.00045045045045045046,1715,0,9.177039306164126e-05
W-2022-47,35,24,1,0.00045045045045045046,1716,-2,-0.0006255897217159771
W-2022-47,35,28,1,0.00045045045045045046,1717,1,0.00045045045045045046
W-2022-47,35,29,1,0.00045045045045045046,1718,1,0.00045045045045045046
W-2022-47,35,61,1,0.00045045045045045046,1719,1,0.00045045045045045046
W-2022-47,59,56,200,0.00045027804669383345,1720,52,0.00010464274331711669
W-2022-47,18,40,5,0.00044980208708168405,1721,-4,-0.0003234602206767144
W-2022-47,18,41,5,0.00044980208708168405,1722,1,0.00010612995030017362
W-2022-47,65,3,5,0.0004483902788987535,1723,5,0.0004483902788987535
W-2022-47,65,63,5,0.0004483902788987535,1724,-5,-0.00045234832675788495
W-2022-47,42,19,64,0.0004473897603668596,1725,-27,-0.00019239650883551675
W-2022-47,101,48,148,0.00044657405284057305,1726,-85,-0.00025993829293202703
W-2022-47,78,21,7,0.0004462293618920125,1727,-13,-0.0008783616706266974
W-2022-47,78,88,7,0.0004462293618920125,1728,-2,-0.000149836602741407
W-2022-47,78,90,7,0.0004462293618920125,1729,0,-1.7377499489535948e-05
W-2022-47,12,49,6,0.0004452359750667854,1730,-7,-0.000546978953951685
W-2022-47,79,93,24,0.00043786831110543504,1731,-10,-0.00011782344340956045
W-2022-47,10,22,2,0.0004341219882787063,1732,2,0.0004341219882787063
W-2022-47,10,62,2,0.0004341219882787063,1733,2,0.0004341219882787063
W-2022-47,10,96,2,0.0004341219882787063,1734,-1,-0.00023121400639860575
W-2022-47,50,52,164,0.0004335859941148633,1735,-26,-0.0001281370173117653
W-2022-47,20,3,2,0.00043355733795794494,1736,1,0.00022169293117828393
W-2022-47,20,17,2,0.00043355733795794494,1737,1,0.00022169293117828393
W-2022-47,70,25,2,0.00042909246942716153,1738,1,0.0002645646642280829
W-2022-47,70,36,2,0.00042909246942716153,1739,-1,-6.449094617007437e-05
W-2022-47,70,87,2,0.00042909246942716153,1740,0,0.00010003685902900425
W-2022-47,37,1,2,0.00042872454448017146,1741,-1,-0.00014953297286755406
W-2022-47,37,17,2,0.00042872454448017146,1742,0,4.3219532915021134e-05
W-2022-47,37,21,2,0.00042872454448017146,1743,2,0.00042872454448017146
W-2022-47,37,74,2,0.00042872454448017146,1744,2,0.00042872454448017146
W-2022-47,77,48,2,0.00042562247286656737,1745,1,0.00017580983234695706
W-2022-47,77,96,2,0.00042562247286656737,1746,1,0.00017580983234695706
W-2022-47,54,9,8,0.00042196318371222113,1747,3,0.00018068537644493358
W-2022-47,74,41,1,0.0004203446826397646,1748,1,0.0004203446826397646
W-2022-47,74,50,1,0.0004203446826397646,1749,1,0.0004203446826397646
W-2022-47,74,61,1,0.0004203446826397646,1750,1,0.0004203446826397646
W-2022-47,74,63,1,0.0004203446826397646,1751,0,4.539155178112192e-05
W-2022-47,74,76,1,0.0004203446826397646,1752,0,4.539155178112192e-05
W-2022-47,74,87,1,0.0004203446826397646,1753,-1,-0.00032956157907752077
W-2022-47,74,101,1,0.0004203446826397646,1754,0,4.539155178112192e-05
W-2022-47,57,52,94,0.00041663342463810514,1755,-69,-0.00033904575941381883
W-2022-47,9,51,1,0.00041649312786339027,1756,1,0.00041649312786339027
W-2022-47,9,54,1,0.00041649312786339027,1757,-2,-0.0009306105991235879
W-2022-47,9,56,1,0.00041649312786339027,1758,-2,-0.0009306105991235879
W-2022-47,9,87,1,0.00041649312786339027,1759,1,0.00041649312786339027
W-2022-47,72,16,2,0.0004136504653567735,1760,2,0.0004136504653567735
W-2022-47,72,63,2,0.0004136504653567735,1761,-1,-0.00014293580551521167
W-2022-47,72,65,2,0.0004136504653567735,1762,0,4.259295144211676e-05
W-2022-47,72,87,2,0.0004136504653567735,1763,-3,-0.0005139933194298684
W-2022-47,28,99,88,0.00041283736553464784,1764,-5,-4.265870887283993e-05
W-2022-47,97,38,5,0.00041064388961892245,1765,-8,-0.0006665851458467721
W-2022-47,97,81,5,0.00041064388961892245,1766,-2,-0.0001694025140933745
W-2022-47,97,95,5,0.00041064388961892245,1767,5,0.00041064388961892245
W-2022-47,101,53,136,0.0004103653458534996,1768,-16,-5.053541190373306e-05
W-2022-47,11,18,6,0.00040620134046442355,1769,3,0.00018719126600099824
W-2022-47,11,59,6,0.00040620134046442355,1770,4,0.00026019462415547334
W-2022-47,11,87,6,0.00040620134046442355,1771,2,0.00011418790784652313
W-2022-47,93,41,6,0.00040241448692152917,1772,-2,-3.531805849322242e-05
W-2022-47,93,75,6,0.00040241448692152917,1773,-4,-0.00014475119484691035
W-2022-47,81,6,1,0.0003996802557953637,1774,-1,-0.0005288248509827235
W-2022-47,81,23,1,0.0003996802557953637,1775,0,-6.457229759367994e-05
W-2022-47,81,25,1,0.0003996802557953637,1776,1,0.0003996802557953637
W-2022-47,81,29,1,0.0003996802557953637,1777,0,-6.457229759367994e-05
W-2022-47,81,59,1,0.0003996802557953637,1778,1,0.0003996802557953637
W-2022-47,81,61,1,0.0003996802557953637,1779,0,-6.457229759367994e-05
W-2022-47,81,63,1,0.0003996802557953637,1780,1,0.0003996802557953637
W-2022-47,81,75,1,0.0003996802557953637,1781,1,0.0003996802557953637
W-2022-47,81,80,1,0.0003996802557953637,1782,0,-6.457229759367994e-05
W-2022-47,81,88,1,0.0003996802557953637,1783,-1,-0.0005288248509827235
W-2022-47,81,101,1,0.0003996802557953637,1784,1,0.0003996802557953637
W-2022-47,19,57,82,0.00039953809498287346,1785,45,0.00021112307270407016
W-2022-47,94,5,1,0.0003977724741447892,1786,1,0.0003977724741447892
W-2022-47,94,37,1,0.0003977724741447892,1787,0,2.533299556005923e-05
W-2022-47,94,41,1,0.0003977724741447892,1788,0,2.533299556005923e-05
W-2022-47,94,73,1,0.0003977724741447892,1789,-3,-0.0010919854401941307
W-2022-47,49,29,121,0.00039543517477581114,1790,63,0.00019423002531160659
W-2022-47,3,2,6,0.00039331366764995085,1791,-4,-0.0003478662908439715
W-2022-47,3,35,6,0.00039331366764995085,1792,-2,-0.00019963029914518699
W-2022-47,55,50,158,0.0003920790113653283,1793,-62,-0.00017464355475445108
W-2022-47,19,49,80,0.0003897932633979253,1794,-138,-0.0007203276786771861
W-2022-47,19,62,80,0.0003897932633979253,1795,-406,-0.0020850635157236533
W-2022-47,13,70,23,0.00038895371450797355,1796,0,-4.861643940257186e-05
W-2022-47,14,24,24,0.0003851523759087189,1797,-16,-0.00020656360042264205
W-2022-47,47,89,17,0.00038342693461443036,1798,-18,-0.0003998161392789591
W-2022-47,22,11,4,0.0003824091778202677,1799,4,0.0003824091778202677
W-2022-47,89,93,87,0.00037815893107075486,1800,-16,-7.77143096126124e-05
W-2022-47,42,89,54,0.0003774851103095378,1801,-12,-8.653570032075711e-05
W-2022-47,88,84,7,0.00037644528098951333,1802,3,0.0001628613425016876
W-2022-47,12,61,5,0.00037102997922232116,1803,0,-1.0591147323244377e-05
W-2022-47,54,58,7,0.0003692177857481935,1804,-22,-0.0010301934964020744
W-2022-47,15,88,4,0.0003674106732800588,1805,4,0.0003674106732800588
W-2022-47,82,35,7,0.00036580267558528425,1806,-10,-0.0006792578764525839
W-2022-47,82,70,7,0.00036580267558528425,1807,-9,-0.0006177837263327093
W-2022-47,79,38,20,0.0003648902592545292,1808,-23,-0.0003378963714556122
W-2022-47,100,16,4,0.0003632730905458178,1809,2,0.00017063198093302643
W-2022-47,46,19,1,0.000361794500723589,1810,0,9.210733783254261e-05
W-2022-47,46,33,1,0.000361794500723589,1811,1,0.000361794500723589
W-2022-47,46,52,1,0.000361794500723589,1812,0,9.210733783254261e-05
W-2022-47,46,53,1,0.000361794500723589,1813,1,0.000361794500723589
W-2022-47,46,57,1,0.000361794500723589,1814,-1,-0.00017757982505850375
W-2022-47,46,61,1,0.000361794500723589,1815,1,0.000361794500723589
W-2022-47,46,67,1,0.000361794500723589,1816,0,9.210733783254261e-05
W-2022-47,46,74,1,0.000361794500723589,1817,1,0.000361794500723589
W-2022-47,46,75,1,0.000361794500723589,1818,1,0.000361794500723589
W-2022-47,46,79,1,0.000361794500723589,1819,1,0.000361794500723589
W-2022-47,46,87,1,0.000361794500723589,1820,1,0.000361794500723589
W-2022-47,46,88,1,0.000361794500723589,1821,1,0.000361794500723589
W-2022-47,46,91,1,0.000361794500723589,1822,1,0.000361794500723589
W-2022-47,46,98,1,0.000361794500723589,1823,-1,-0.00017757982505850375
W-2022-47,18,75,4,0.0003598416696653472,1824,4,0.0003598416696653472
W-2022-47,18,84,4,0.0003598416696653472,1825,3,0.00027392363546996964
W-2022-47,18,95,4,0.0003598416696653472,1826,-2,-0.00015566653550691848
W-2022-47,62,58,185,0.0003592672501684672,1827,-8,-3.2898377835003365e-05
W-2022-47,65,78,4,0.0003587122231190028,1828,-1,-9.165707970931644e-05
W-2022-47,65,88,4,0.0003587122231190028,1829,1,8.849064142201125e-05
W-2022-47,65,94,4,0.0003587122231190028,1830,1,8.849064142201125e-05
W-2022-47,92,1,4,0.00035826242722794446,1831,2,0.000151158771848427
W-2022-47,68,21,18,0.0003557734118670198,1832,-6,-0.00011830066220705428
W-2022-47,67,84,8,0.0003549560741858195,1833,6,0.00026064759113776935
W-2022-47,67,96,8,0.0003549560741858195,1834,-2,-0.00011658634105443134
W-2022-47,76,41,7,0.00035101795206097684,1835,4,0.00020641176291608145
W-2022-47,76,89,7,0.00035101795206097684,1836,-4,-0.00017920474147030635
W-2022-47,76,91,7,0.00035101795206097684,1837,-3,-0.00013100267842200782
W-2022-47,45,43,4,0.0003500481316180975,1838,3,0.00024539088410370713
W-2022-47,45,58,4,0.0003500481316180975,1839,2,0.00014073363658931675
W-2022-47,42,58,50,0.00034952325028660906,1840,-27,-0.00019183436211540168
W-2022-47,64,8,2,0.00034928396786587494,1841,-1,-0.0001912565726746656
W-2022-47,64,22,2,0.00034928396786587494,1842,0,-1.1076392494485427e-05
W-2022-47,36,85,11,0.00034725510622849386,1843,-8,-0.0003451142546052646
W-2022-47,59,9,154,0.00034671409595425173,1844,106,0.00023461615972396522
W-2022-47,58,51,3,0.00034614053305642093,1845,3,0.00034614053305642093
W-2022-47,49,9,104,0.0003398781667494575,1846,65,0.00020458504900628546
W-2022-47,98,6,5,0.00033969699028466607,1847,-3,-0.00022320759738772344
W-2022-47,98,50,5,0.00033969699028466607,1848,-2,-0.00015284452392867477
W-2022-47,98,69,5,0.00033969699028466607,1849,3,0.0001989708433665687
W-2022-47,11,96,5,0.0003385011170536863,1850,-2,-0.0001725223900276394
W-2022-47,47,30,15,0.00033831788348332093,1851,8,0.00018166926870464303
W-2022-47,14,35,21,0.000337008328920129,1852,-27,-0.0003730508426775041
W-2022-47,14,85,21,0.000337008328920129,1853,-11,-0.00013636445214495975
W-2022-47,14,90,21,0.000337008328920129,1854,-4,-3.281415628697158e-05
W-2022-47,93,97,5,0.00033534540576794097,1855,0,6.176256488372122e-05
W-2022-47,91,88,91,0.0003349775454612383,1856,-58,-0.00021653931096670916
W-2022-47,43,42,27,0.0003349585023633183,1857,0,2.5804096913040675e-05
W-2022-47,57,42,75,0.0003324202856155094,1858,-8,-5.237340933117576e-05
W-2022-47,25,0,1,0.0003287310979618672,1859,1,0.0003287310979618672
W-2022-47,25,3,1,0.0003287310979618672,1860,1,0.0003287310979618672
W-2022-47,25,13,1,0.0003287310979618672,1861,1,0.0003287310979618672
W-2022-47,25,70,1,0.0003287310979618672,1862,0,9.995049855669676e-05
W-2022-47,25,74,1,0.0003287310979618672,1863,-1,-0.0001288301008484737
W-2022-47,25,78,1,0.0003287310979618672,1864,1,0.0003287310979618672
W-2022-47,25,92,1,0.0003287310979618672,1865,1,0.0003287310979618672
W-2022-47,25,94,1,0.0003287310979618672,1866,1,0.0003287310979618672
W-2022-47,97,80,4,0.000328515111695138,1867,1,7.992379581843928e-05
W-2022-47,3,21,5,0.00032776138970829236,1868,1,3.128940631072345e-05
W-2022-47,3,37,5,0.00032776138970829236,1869,3,0.0001795253980095079
W-2022-47,27,91,7,0.0003245699448231094,1870,6,0.0002820637814294173
W-2022-47,88,0,6,0.00032266738370529714,1871,-1,-5.1104508648397873e-05
W-2022-47,43,54,26,0.0003225526319054176,1872,-9,-7.820307886346084e-05
W-2022-47,44,51,20,0.0003216313140247335,1873,-13,-0.00022622292354478588
W-2022-47,17,65,53,0.0003215414576141624,1874,18,0.0001126797538994078
W-2022-47,41,51,157,0.0003213117706529792,1875,90,0.0001768361309709119
W-2022-47,14,39,20,0.00032096031325726574,1876,1,3.9895224499869293e-05
W-2022-47,78,73,5,0.00031873525849429466,1877,-5,-0.0003435602577650603
W-2022-47,40,29,1,0.0003167564143173899,1878,0,1.9225917441460143e-05
W-2022-47,40,89,1,0.0003167564143173899,1879,-2,-0.0005758350763103994
W-2022-47,54,19,6,0.0003164723877841658,1880,-4,-0.00016608322675040928
W-2022-47,54,53,6,0.0003164723877841658,1881,-1,-2.1316542390036758e-05
W-2022-47,68,90,16,0.0003162430327706843,1882,8,0.0001582183414126596
W-2022-47,68,94,16,0.0003162430327706843,1883,2,3.9699822894141094e-05
W-2022-47,47,50,14,0.0003157633579177662,1884,-194,-0.004338938338362948
W-2022-47,36,64,10,0.0003156864602077217,1885,5,0.00013348399683041682
W-2022-47,36,78,10,0.0003156864602077217,1886,6,0.0001699244895058778
W-2022-47,8,4,1,0.00031416902293433867,1887,0,-2.585137828973479e-05
W-2022-47,8,13,1,0.00031416902293433867,1888,1,0.00031416902293433867
W-2022-47,8,14,1,0.00031416902293433867,1889,0,-2.585137828973479e-05
W-2022-47,8,17,1,0.00031416902293433867,1890,1,0.00031416902293433867
W-2022-47,8,35,1,0.00031416902293433867,1891,1,0.00031416902293433867
W-2022-47,8,70,1,0.00031416902293433867,1892,-1,-0.00036587177951380825
W-2022-47,8,74,1,0.00031416902293433867,1893,-2,-0.0007058921807378818
W-2022-47,8,88,1,0.00031416902293433867,1894,-2,-0.0007058921807378818
W-2022-47,82,63,6,0.00031354515050167225,1895,-1,-0.00011677390033744991
W-2022-47,39,21,4,0.00031296455676394646,1896,0,6.235369278299288e-05
W-2022-47,39,74,4,0.00031296455676394646,1897,0,6.235369278299288e-05
W-2022-47,67,10,7,0.0003105865649125921,1898,-5,-0.000255264333375709
W-2022-47,55,98,125,0.00031018909127003823,1899,2,-6.6603434242020745e-06
W-2022-47,33,89,5,0.00030727630285152407,1900,1,6.13343451535408e-05
W-2022-47,55,19,123,0.0003052260658097176,1901,-22,-6.829562549650063e-05
W-2022-47,59,89,134,0.0003016862912848684,1902,-117,-0.00028449250025267155
W-2022-47,85,1,1,0.00029726516052318666,1903,-1,-0.00032020936865248485
W-2022-47,85,29,1,0.00029726516052318666,1904,1,0.00029726516052318666
W-2022-47,85,37,1,0.00029726516052318666,1905,0,-1.1472104064649098e-05
W-2022-47,85,61,1,0.00029726516052318666,1906,-1,-0.00032020936865248485
W-2022-47,85,63,1,0.00029726516052318666,1907,-1,-0.00032020936865248485
W-2022-47,85,87,1,0.00029726516052318666,1908,0,-1.1472104064649098e-05
W-2022-47,57,54,67,0.0002969621218165217,1909,-2,-2.2926612536746684e-05
W-2022-47,12,42,4,0.00029682398337785694,1910,0,-8.472917858595534e-06
W-2022-47,21,20,1,0.00029533372711163615,1911,-2,-0.0004981071615421591
W-2022-47,21,37,1,0.00029533372711163615,1912,1,0.00029533372711163615
W-2022-47,21,61,1,0.00029533372711163615,1913,0,3.0853430893704355e-05
W-2022-47,51,9,1,0.0002948982601002654,1914,0,5.1271792541338415e-06
W-2022-47,51,58,1,0.0002948982601002654,1915,-9,-0.00260281254836105
W-2022-47,51,67,1,0.0002948982601002654,1916,1,0.0002948982601002654
W-2022-47,51,75,1,0.0002948982601002654,1917,1,0.0002948982601002654
W-2022-47,61,52,57,0.0002921803316503063,1918,-26,-0.00015336634875852303
W-2022-47,79,11,16,0.0002919122074036234,1919,-4,-3.496529525225632e-05
W-2022-47,13,21,17,0.0002874875281145891,1920,-2,-7.398346859412234e-05
W-2022-47,89,46,66,0.00028687918908815884,1921,41,0.00017623034426209882
W-2022-47,60,33,20,0.0002865411616378693,1922,3,2.527200830361383e-05
W-2022-47,41,45,140,0.0002865200502638031,1923,51,9.460464829807189e-05
W-2022-47,4,39,5,0.0002849002849002849,1924,-1,-0.00010536900090692207
W-2022-47,4,65,5,0.0002849002849002849,1925,0,-4.032411993905424e-05
W-2022-47,4,76,5,0.0002849002849002849,1926,5,0.0002849002849002849
W-2022-47,36,22,9,0.00028411781418694954,1927,-1,-8.028711256766018e-05
W-2022-47,57,53,64,0.00028366531039190137,1928,20,7.967829138402004e-05
W-2022-47,101,56,94,0.00028363487139874234,1929,-6,-1.9589311336279164e-05
W-2022-47,52,19,10,0.00028229448961156276,1930,8,0.00022006867211988549
W-2022-47,52,53,10,0.00028229448961156276,1931,-9,-0.00030885077655937155
W-2022-47,17,72,46,0.000279073717929273,1932,-13,-7.300743976131329e-05
W-2022-47,41,46,136,0.00027833376311340875,1933,66,0.0001273890649381145
W-2022-47,50,42,105,0.00027760078891500393,1934,-17,-8.308451315893655e-05
W-2022-47,68,89,14,0.00027671265367434873,1935,-3,-5.908981546145375e-05
W-2022-47,15,21,3,0.0002755580049600441,1936,-6,-0.0004975050426262813
W-2022-47,59,57,122,0.0002746696084832384,1937,-47,-0.00012000854199422875
W-2022-47,79,80,15,0.0002736676944408969,1938,5,0.00011022894311295704
W-2022-47,75,91,22,0.00027286144839817927,1939,-2,-3.0951402885430023e-05
W-2022-47,98,23,4,0.00027175759222773286,1940,0,-9.6947016084619e-06
W-2022-47,11,84,4,0.000270800893642949,1941,-1,-9.421589712942655e-05
W-2022-47,18,23,3,0.00026988125224901044,1942,2,0.00018396321805363284
W-2022-47,18,34,3,0.00026988125224901044,1943,1,9.804518385825523e-05
W-2022-47,18,62,3,0.00026988125224901044,1944,1,9.804518385825523e-05
W-2022-47,65,91,3,0.0002690341673392521,1945,3,0.0002690341673392521
W-2022-47,65,100,3,0.0002690341673392521,1946,3,0.0002690341673392521
W-2022-47,88,18,5,0.00026888948642108095,1947,-2,-0.00010488240593261406
W-2022-47,92,8,3,0.00026869682042095835,1948,3,0.00026869682042095835
W-2022-47,92,36,3,0.00026869682042095835,1949,0,-4.1958662648317816e-05
W-2022-47,93,10,4,0.0002682763246143528,1950,-1,-5.3065162698669784e-06
W-2022-47,93,38,4,0.0002682763246143528,1951,-3,-0.00011473965262355485
W-2022-47,67,59,6,0.0002662170556393646,1952,0,-1.670839350478593e-05
W-2022-47,67,61,6,0.0002662170556393646,1953,1,3.0445848019239178e-05
W-2022-47,67,86,6,0.0002662170556393646,1954,4,0.00017190857259131445
W-2022-47,45,89,3,0.00026253609871357313,1955,2,0.00015787885119918278
W-2022-47,3,74,4,0.0002622091117666339,1956,-1,-0.0001083808674803273
W-2022-47,43,9,21,0.00026052327961591427,1957,15,0.00019182230062696367
W-2022-47,66,27,77,0.0002603365441507112,1958,-4,-1.056284181068061e-05
W-2022-47,53,48,6,0.0002591344908007256,1959,2,6.846763346720158e-05
W-2022-47,62,9,133,0.00025828402309408725,1960,72,0.00013433530128988152
W-2022-47,91,18,70,0.00025767503497018334,1961,2,5.976066935952263e-06
W-2022-47,44,50,16,0.00025730505121978676,1962,-9,-0.00015773603784803098
W-2022-47,68,41,13,0.00025694746412618095,1963,2,3.9663513508897e-05
W-2022-47,78,4,4,0.0002549882067954357,1964,-2,-0.00014238910296017726
W-2022-47,78,15,4,0.0002549882067954357,1965,1,5.629955191762922e-05
W-2022-47,91,84,69,0.0002539939630420378,1966,-3,-1.2510826641265666e-05
W-2022-47,42,56,36,0.0002516567402063585,1967,-5,-3.6598611851855034e-05
W-2022-47,76,101,5,0.00025072710861498345,1968,3,0.0001543229825183865
W-2022-47,89,10,57,0.0002477592996670463,1969,8,3.088756380796866e-05
W-2022-47,97,63,3,0.00024638633377135346,1970,0,-2.2049821053452445e-06
W-2022-47,97,69,3,0.00024638633377135346,1971,1,8.065878985355433e-05
W-2022-47,97,71,3,0.00024638633377135346,1972,-11,-0.0009137064736532405
W-2022-47,97,84,3,0.00024638633377135346,1973,-8,-0.0006651151577765418
W-2022-47,90,1,1,0.0002449779519843214,1974,1,0.0002449779519843214
W-2022-47,90,15,1,0.0002449779519843214,1975,1,0.0002449779519843214
W-2022-47,90,22,1,0.0002449779519843214,1976,1,0.0002449779519843214
W-2022-47,90,25,1,0.0002449779519843214,1977,0,7.180594586741248e-07
W-2022-47,90,32,1,0.0002449779519843214,1978,1,0.0002449779519843214
W-2022-47,90,79,1,0.0002449779519843214,1979,1,0.0002449779519843214
W-2022-47,90,101,1,0.0002449779519843214,1980,-4,-0.000976321510643915
W-2022-47,19,44,50,0.00024362078962370334,1981,32,0.00015195942743401522
W-2022-47,44,33,15,0.00024122348551855008,1982,-6,-0.00010741102929841682
W-2022-47,55,79,97,0.00024070673482554965,1983,-32,-9.159876985377556e-05
W-2022-47,68,70,12,0.0002371822745780132,1984,2,3.965141038048234e-05
W-2022-47,79,18,13,0.00023717866851544398,1985,-21,-0.00031851308599955153
W-2022-47,13,19,14,0.00023675443491789693,1986,11,0.00017968006701652144
W-2022-47,13,65,14,0.00023675443491789693,1987,2,8.45696331239497e-06
W-2022-47,43,12,19,0.00023571153870011289,1988,3,5.250892806291132e-05
W-2022-47,39,92,3,0.00023472341757295988,1989,3,0.00023472341757295988
W-2022-47,89,67,54,0.0002347193365266754,1990,-5,-2.6411937262826244e-05
W-2022-47,62,19,120,0.00023303821632549224,1991,-120,-0.0002546288858549893
W-2022-47,58,56,2,0.00023076035537094726,1992,-3,-0.00042575224967106957
W-2022-47,89,98,53,0.0002303726821465518,1993,11,4.448262283877097e-05
W-2022-47,62,29,117,0.00022721226091735493,1994,74,0.00013983857177668534
W-2022-47,14,73,14,0.000224672219280086,1995,-11,-0.00014515026592701457
W-2022-47,19,46,46,0.00022413112645380706,1996,3,5.1623167784410596e-06
W-2022-47,43,79,18,0.00022330566824221222,1997,-54,-0.0006011060796251949
W-2022-47,12,9,3,0.0002226179875333927,1998,1,6.996953691516645e-05
W-2022-47,89,57,51,0.00022167937338630456,1999,25,0.00010660457476720215
W-2022-47,57,60,50,0.00022161352374367292,2000,-46,-0.0002234490631826136
W-2022-47,36,92,7,0.0002209805221454052,2001,7,0.0002209805221454052
W-2022-47,10,23,1,0.00021706099413935315,2002,1,0.00021706099413935315
W-2022-47,10,26,1,0.00021706099413935315,2003,1,0.00021706099413935315
W-2022-47,10,28,1,0.00021706099413935315,2004,0,-4.717670753084181e-06
W-2022-47,10,29,1,0.00021706099413935315,2005,0,-4.717670753084181e-06
W-2022-47,10,36,1,0.00021706099413935315,2006,1,0.00021706099413935315
W-2022-47,10,57,1,0.00021706099413935315,2007,1,0.00021706099413935315
W-2022-47,10,63,1,0.00021706099413935315,2008,0,-4.717670753084181e-06
W-2022-47,10,68,1,0.00021706099413935315,2009,1,0.00021706099413935315
W-2022-47,10,80,1,0.00021706099413935315,2010,1,0.00021706099413935315
W-2022-47,10,81,1,0.00021706099413935315,2011,-1,-0.00022649633564552152
W-2022-47,10,93,1,0.00021706099413935315,2012,1,0.00021706099413935315
W-2022-47,20,1,1,0.00021677866897897247,2013,-2,-0.00041881455136001054
W-2022-47,20,16,1,0.00021677866897897247,2014,1,0.00021677866897897247
W-2022-47,20,83,1,0.00021677866897897247,2015,1,0.00021677866897897247
W-2022-47,20,88,1,0.00021677866897897247,2016,1,0.00021677866897897247
W-2022-47,20,92,1,0.00021677866897897247,2017,1,0.00021677866897897247
W-2022-47,20,100,1,0.00021677866897897247,2018,0,4.914262199311458e-06
W-2022-47,70,2,1,0.00021454623471358077,2019,1,0.00021454623471358077
W-2022-47,70,22,1,0.00021454623471358077,2020,0,5.0018429514502125e-05
W-2022-47,70,34,1,0.00021454623471358077,2021,1,0.00021454623471358077
W-2022-47,70,37,1,0.00021454623471358077,2022,1,0.00021454623471358077
W-2022-47,70,66,1,0.00021454623471358077,2023,0,5.0018429514502125e-05
W-2022-47,70,83,1,0.00021454623471358077,2024,1,0.00021454623471358077
W-2022-47,37,2,1,0.00021436227224008573,2025,1,0.00021436227224008573
W-2022-47,37,5,1,0.00021436227224008573,2026,0,2.1609766457510567e-05
W-2022-47,37,49,1,0.00021436227224008573,2027,1,0.00021436227224008573
W-2022-47,37,64,1,0.00021436227224008573,2028,-1,-0.0001711427393250646
W-2022-47,37,72,1,0.00021436227224008573,2029,1,0.00021436227224008573
W-2022-47,37,78,1,0.00021436227224008573,2030,0,2.1609766457510567e-05
W-2022-47,37,85,1,0.00021436227224008573,2031,-1,-0.0001711427393250646
W-2022-47,37,88,1,0.00021436227224008573,2032,0,2.1609766457510567e-05
W-2022-47,37,90,1,0.00021436227224008573,2033,0,2.1609766457510567e-05
W-2022-47,37,100,1,0.00021436227224008573,2034,-2,-0.0003638952451076398
W-2022-47,55,48,86,0.0002134100947937863,2035,-17,-5.191910661683769e-05
W-2022-47,89,49,49,0.00021298606462605732,2036,-68,-0.00030485052915990357
W-2022-47,77,7,1,0.00021281123643328368,2037,1,0.00021281123643328368
W-2022-47,77,19,1,0.00021281123643328368,2038,1,0.00021281123643328368
W-2022-47,77,37,1,0.00021281123643328368,2039,1,0.00021281123643328368
W-2022-47,77,49,1,0.00021281123643328368,2040,1,0.00021281123643328368
W-2022-47,77,52,1,0.00021281123643328368,2041,0,-3.700140408632662e-05
W-2022-47,77,62,1,0.00021281123643328368,2042,0,-3.700140408632662e-05
W-2022-47,77,86,1,0.00021281123643328368,2043,-1,-0.00028681404460593693
W-2022-47,17,94,35,0.00021233869842444687,2044,0,3.4769947096922784e-06
W-2022-47,28,30,45,0.00021111001646658128,2045,3,5.4021118954577705e-06
W-2022-47,54,75,4,0.00021098159185611057,2046,4,0.00021098159185611057
W-2022-47,56,60,4,0.00020930354246245618,2047,1,3.698878083120978e-05
W-2022-47,56,89,4,0.00020930354246245618,2048,-11,-0.0006522702656937759
W-2022-47,72,37,1,0.00020682523267838676,2049,0,2.129647572105838e-05
W-2022-47,72,42,1,0.00020682523267838676,2050,1,0.00020682523267838676
W-2022-47,72,73,1,0.00020682523267838676,2051,-4,-0.0007208185521082552
W-2022-47,72,76,1,0.00020682523267838676,2052,1,0.00020682523267838676
W-2022-47,49,46,63,0.0002058877356270752,2053,31,9.4877997991652e-05
W-2022-47,98,49,3,0.00020381819417079964,2054,2,0.00013345512071175097
W-2022-47,98,61,3,0.00020381819417079964,2055,1,6.309204725270226e-05
W-2022-47,98,68,3,0.00020381819417079964,2056,1,6.309204725270226e-05
W-2022-47,47,56,9,0.00020299073008999256,2057,-3,-6.554975238774093e-05
W-2022-47,42,45,29,0.00020272348516623326,2058,19,0.0001324173017374007
W-2022-47,93,11,3,0.00020120724346076458,2059,-2,-7.237559742345517e-05
W-2022-47,93,77,3,0.00020120724346076458,2060,-5,-0.000236525301953987
W-2022-47,93,86,3,0.00020120724346076458,2061,1,9.177410710707669e-05
W-2022-47,93,96,3,0.00020120724346076458,2062,-1,-1.765902924661121e-05
W-2022-47,79,10,11,0.00020068964258999105,2063,-16,-0.00024059498599544657
W-2022-47,79,69,11,0.00020068964258999105,2064,-8,-0.00010984398493309468
W-2022-47,79,81,11,0.00020068964258999105,2065,-4,-4.4468484401918705e-05
W-2022-47,79,97,11,0.00020068964258999105,2066,-2,-1.1780734136330746e-05
W-2022-47,76,36,4,0.00020058168689198675,2067,1,5.5975497747091365e-05
W-2022-47,76,62,4,0.00020058168689198675,2068,2,0.00010417756079538982
W-2022-47,60,9,14,0.0002005788131465085,2069,2,1.6153528439975215e-05
W-2022-47,48,9,5,0.0002003767082114375,2070,3,0.00011935256301616932
W-2022-47,38,11,1,0.0002,2071,1,0.0002
W-2022-47,38,36,1,0.0002,2072,1,0.0002
W-2022-47,38,37,1,0.0002,2073,1,0.0002
W-2022-47,38,41,1,0.0002,2074,-3,-0.0006095527221210282
W-2022-47,38,71,1,0.0002,2075,0,-2.3881805302570353e-06
W-2022-47,38,80,1,0.0002,2076,-2,-0.00040716454159077115
W-2022-47,38,81,1,0.0002,2077,1,0.0002
W-2022-47,38,86,1,0.0002,2078,-1,-0.00020477636106051408
W-2022-47,68,19,10,0.00019765189548167766,2079,1,1.987411770389987e-05
W-2022-47,68,32,10,0.00019765189548167766,2080,8,0.00015814572264217147
W-2022-47,3,29,3,0.00019665683382497542,2081,3,0.00019665683382497542
W-2022-47,3,64,3,0.00019665683382497542,2082,1,4.8420842126190966e-05
W-2022-47,44,53,12,0.00019297878841484007,2083,4,6.016563991313839e-05
W-2022-47,44,89,12,0.00019297878841484007,2084,-13,-0.00022206230065297767
W-2022-47,14,20,12,0.00019257618795435945,2085,-4,-4.411020257818492e-05
W-2022-47,73,22,1,0.0001913143294432753,2086,1,0.0001913143294432753
W-2022-47,73,24,1,0.0001913143294432753,2087,1,0.0001913143294432753
W-2022-47,73,35,1,0.0001913143294432753,2088,0,-9.731106825321394e-06
W-2022-47,73,85,1,0.0001913143294432753,2089,-2,-0.00041182197936251474
W-2022-47,73,92,1,0.0001913143294432753,2090,-8,-0.001618094596974095
W-2022-47,73,101,1,0.0001913143294432753,2091,0,-9.731106825321394e-06
W-2022-47,78,85,3,0.00019124115509657678,2092,3,0.00019124115509657678
W-2022-47,22,13,2,0.00019120458891013384,2093,1,9.068187077583549e-05
W-2022-47,22,25,2,0.00019120458891013384,2094,1,9.068187077583549e-05
W-2022-47,22,41,2,0.00019120458891013384,2095,1,9.068187077583549e-05
W-2022-47,22,78,2,0.00019120458891013384,2096,2,0.00019120458891013384
W-2022-47,22,101,2,0.00019120458891013384,2097,1,9.068187077583549e-05
W-2022-47,101,46,63,0.00019009571168213582,2098,-1,-3.96776526827793e-06
W-2022-47,36,90,6,0.00018941187612463303,2099,6,0.00018941187612463303
W-2022-47,43,89,15,0.00018608805686851017,2100,-55,-0.0006154233646692468
W-2022-47,33,59,3,0.00018436578171091445,2101,-1,-6.157617598706881e-05
W-2022-47,15,0,2,0.0001837053366400294,2102,2,0.0001837053366400294
W-2022-47,15,4,2,0.0001837053366400294,2103,0,1.1913548287512647e-05
W-2022-47,15,72,2,0.0001837053366400294,2104,-1,-7.398234588874573e-05
W-2022-47,15,90,2,0.0001837053366400294,2105,-3,-0.00024577413424126246
W-2022-47,15,92,2,0.0001837053366400294,2106,-19,-0.0016201084410613965
W-2022-47,15,94,2,0.0001837053366400294,2107,2,0.0001837053366400294
W-2022-47,100,0,2,0.0001816365452729089,2108,-3,-0.0002999662287590695
W-2022-47,100,2,2,0.0001816365452729089,2109,0,-1.1004564339882474e-05
W-2022-47,100,15,2,0.0001816365452729089,2110,-2,-0.00020364567395267385
W-2022-47,100,25,2,0.0001816365452729089,2111,2,0.0001816365452729089
W-2022-47,100,26,2,0.0001816365452729089,2112,2,0.0001816365452729089
W-2022-47,100,57,2,0.0001816365452729089,2113,2,0.0001816365452729089
W-2022-47,47,66,8,0.00018043620452443782,2114,0,1.4092162059488008e-06
W-2022-47,18,38,2,0.0001799208348326736,2115,-2,-0.00016375130194883682
W-2022-47,18,86,2,0.0001799208348326736,2116,-1,-7.783326775345924e-05
W-2022-47,65,0,2,0.0001793561115595014,2117,2,0.0001793561115595014
W-2022-47,65,83,2,0.0001793561115595014,2118,-3,-0.0002710131912688178
W-2022-47,92,37,2,0.00017913121361397223,2119,0,-2.797244176554523e-05
W-2022-47,67,41,4,0.00017747803709290975,2120,2,8.316955404485958e-05
W-2022-47,45,9,2,0.00017502406580904875,2121,-3,-0.00034826217176290317
W-2022-47,45,19,2,0.00017502406580904875,2122,-4,-0.0004529194192772935
W-2022-47,45,50,2,0.00017502406580904875,2123,2,0.00017502406580904875
W-2022-47,64,16,1,0.00017464198393293747,2124,-5,-0.0009064390971481437
W-2022-47,64,24,1,0.00017464198393293747,2125,1,0.00017464198393293747
W-2022-47,64,25,1,0.00017464198393293747,2126,-3,-0.0005460787367877833
W-2022-47,64,46,1,0.00017464198393293747,2127,1,0.00017464198393293747
W-2022-47,64,63,1,0.00017464198393293747,2128,0,-5.538196247242713e-06
W-2022-47,64,73,1,0.00017464198393293747,2129,-1,-0.0001857183764274229
W-2022-47,64,101,1,0.00017464198393293747,2130,1,0.00017464198393293747
W-2022-47,4,25,3,0.00017094017094017094,2131,2,0.00010589528997230312
W-2022-47,13,90,10,0.00016911031065564068,2132,-2,-5.918716094986128e-05
W-2022-47,55,12,68,0.00016874286565090078,2133,31,7.343043407621061e-05
W-2022-47,42,52,24,0.00016777116013757235,2134,1,6.0669382512574415e-06
W-2022-47,31,99,1,0.00016594756057085962,2135,-1,4.041404312170069e-05
W-2022-47,79,41,9,0.00016420061666453815,2136,-9,-0.0001299891357257536
W-2022-47,79,75,9,0.00016420061666453815,2137,3,6.613736586777424e-05
W-2022-47,88,20,3,0.00016133369185264857,2138,3,0.00016133369185264857
W-2022-47,88,49,3,0.00016133369185264857,2139,2,0.00010793770723069215
W-2022-47,88,50,3,0.00016133369185264857,2140,3,0.00016133369185264857
W-2022-47,88,62,3,0.00016133369185264857,2141,2,0.00010793770723069215
W-2022-47,88,101,3,0.00016133369185264857,2142,0,1.1457379867792748e-06
W-2022-47,14,37,10,0.00016048015662863287,2143,-4,-4.662043508734347e-05
W-2022-47,14,94,10,0.00016048015662863287,2144,2,4.213696136236068e-05
W-2022-47,48,56,4,0.00016030136656915,2145,-15,-0.0006094280127858978
W-2022-47,54,50,3,0.0001582361938920829,2146,-2,-8.304161337520464e-05
W-2022-47,68,3,8,0.00015812151638534215,2147,0,9.682502731745346e-08
W-2022-47,47,46,7,0.0001578816789588831,2148,2,4.598981125982747e-05
W-2022-47,56,47,3,0.00015697765684684212,2149,0,-1.5337104784404277e-05
W-2022-47,82,65,3,0.00015677257525083612,2150,1,3.3824275011086935e-05
W-2022-47,39,3,2,0.00015648227838197323,2151,0,3.117684639149644e-05
W-2022-47,39,5,2,0.00015648227838197323,2152,1,9.382956238673484e-05
W-2022-47,39,19,2,0.00015648227838197323,2153,1,9.382956238673484e-05
W-2022-47,39,30,2,0.00015648227838197323,2154,1,9.382956238673484e-05
W-2022-47,39,66,2,0.00015648227838197323,2155,1,9.382956238673484e-05
W-2022-47,39,76,2,0.00015648227838197323,2156,0,3.117684639149644e-05
W-2022-47,59,93,68,0.00015309453587590338,2157,6,8.30136824511661e-06
W-2022-47,89,97,35,0.00015213290330432666,2158,10,4.1484058478266633e-05
W-2022-47,19,45,31,0.00015104488956669607,2159,19,8.993731477357068e-05
W-2022-47,91,75,41,0.0001509239490539645,2160,3,1.0268643387776558e-05
W-2022-47,76,42,3,0.00015043626516899006,2161,-2,-9.057405007250227e-05
W-2022-47,76,55,3,0.00015043626516899006,2162,1,5.403213907239313e-05
W-2022-47,76,60,3,0.00015043626516899006,2163,0,5.83007602409467e-06
W-2022-47,61,18,29,0.0001486531511905067,2164,12,5.739660219110792e-05
W-2022-47,89,75,34,0.00014778624892420304,2165,-1,-7.122133832280982e-06
W-2022-47,14,2,9,0.00014443214096576958,2166,4,7.046764392434946e-05
W-2022-47,61,98,28,0.00014352718045979957,2167,15,7.374276063672991e-05
W-2022-47,60,12,10,0.00014327058081893464,2168,6,8.179548591675689e-05
W-2022-47,52,46,5,0.00014114724480578138,2169,-2,-7.664311641508915e-05
W-2022-47,17,85,23,0.0001395368589646365,2170,-14,-8.125979924810406e-05
W-2022-47,89,88,32,0.0001390929401639558,2171,-16,-7.335284190207944e-05
W-2022-47,68,29,7,0.00013835632683717436,2172,0,8.4721898902765e-08
W-2022-47,68,72,7,0.00013835632683717436,2173,4,7.909706757791511e-05
W-2022-47,49,54,42,0.00013725849041805016,2174,-6,-2.9256116035084663e-05
W-2022-47,41,56,67,0.00013712030976910578,2175,0,-7.3553299129615465e-06
W-2022-47,43,19,11,0.00013646457503690745,2176,0,1.0512780223831381e-05
W-2022-47,43,53,11,0.00013646457503690745,2177,7,9.066392237760707e-05
W-2022-47,98,43,2,0.00013587879611386643,2178,2,0.00013587879611386643
W-2022-47,98,75,2,0.00013587879611386643,2179,-1,-7.521042426327965e-05
W-2022-47,11,22,2,0.0001354004468214745,2180,2,0.0001354004468214745
W-2022-47,11,23,2,0.0001354004468214745,2181,-1,-8.360962764195081e-05
W-2022-47,11,28,2,0.0001354004468214745,2182,2,0.0001354004468214745
W-2022-47,11,38,2,0.0001354004468214745,2183,1,6.23970886669994e-05
W-2022-47,11,47,2,0.0001354004468214745,2184,2,0.0001354004468214745
W-2022-47,11,63,2,0.0001354004468214745,2185,1,6.23970886669994e-05
W-2022-47,11,86,2,0.0001354004468214745,2186,0,-1.060626948747571e-05
W-2022-47,47,75,6,0.00013532715339332837,2187,0,1.056912154461621e-06
W-2022-47,93,18,2,0.0001341381623071764,2188,0,2.4705025953488492e-05
W-2022-47,93,48,2,0.0001341381623071764,2189,2,0.0001341381623071764
W-2022-47,93,62,2,0.0001341381623071764,2190,1,7.942159413033244e-05
W-2022-47,93,69,2,0.0001341381623071764,2191,1,7.942159413033244e-05
W-2022-47,93,101,2,0.0001341381623071764,2192,-2,-8.47281104001994e-05
W-2022-47,67,68,3,0.0001331085278196823,2193,1,3.880004477163213e-05
W-2022-47,42,75,19,0.00013281883510891145,2194,10,6.954327002296214e-05
W-2022-47,101,9,44,0.0001327652589526028,2195,-39,-0.00011891081271746503
W-2022-47,91,81,36,0.00013251858941323714,2196,-8,-3.0345448726559418e-05
W-2022-47,19,82,27,0.0001315552263967998,2197,6,2.4616970508830347e-05
W-2022-47,3,20,2,0.00013110455588331694,2198,-2,-0.00016536742751425198
W-2022-47,3,73,2,0.00013110455588331694,2199,2,0.00013110455588331694
W-2022-47,89,54,30,0.00013039963140370857,2200,6,2.417674037069095e-05
W-2022-47,53,52,3,0.0001295672454003628,2201,-1,-6.109961193316121e-05
W-2022-47,53,54,3,0.0001295672454003628,2202,2,8.19005310669818e-05
W-2022-47,44,58,8,0.00012865252560989338,2203,-10,-0.0001701770585189354
W-2022-47,79,59,7,0.00012771159073908522,2204,0,1.3304464809527327e-05
W-2022-47,78,19,2,0.00012749410339771785,2205,0,-4.964999854153128e-06
W-2022-47,78,36,2,0.00012749410339771785,2206,0,-4.964999854153128e-06
W-2022-47,28,27,27,0.00012666600987994877,2207,4,1.401644309100018e-05
W-2022-47,36,19,4,0.00012627458408308868,2208,3,8.98340914076277e-05
W-2022-47,36,100,4,0.00012627458408308868,2209,-2,-9.236837196967715e-05
W-2022-47,50,60,47,0.00012425940075243034,2210,-23,-8.269118240474864e-05
W-2022-47,43,52,10,0.0001240587045790068,2211,-57,-0.0006431022274642748
W-2022-47,59,46,55,0.0001238264628408042,2212,13,2.57407686393035e-05
W-2022-47,61,33,24,0.00012302329753697107,2213,2,4.926587067160889e-06
W-2022-47,33,55,2,0.00012291052114060964,2214,-1,-6.15459471328778e-05
W-2022-47,33,76,2,0.00012291052114060964,2215,2,0.00012291052114060964
W-2022-47,59,53,54,0.00012157507260733503,2216,31,6.786147816365608e-05
W-2022-47,91,38,33,0.00012147537362880071,2217,2,6.730255848489487e-06
W-2022-47,41,19,58,0.00011870116368071843,2218,-6,-1.9305417508122007e-05
W-2022-47,68,63,6,0.0001185911372890066,2219,-4,-7.893972690852426e-05
W-2022-47,61,91,23,0.00011789732680626393,2220,-12,-6.998380348661592e-05
W-2022-47,91,7,32,0.00011779430170065523,2221,15,5.486955969209746e-05
W-2022-47,101,29,39,0.00011767829770798884,2222,-18,-5.515948645097341e-05
W-2022-47,49,19,36,0.00011765013464404299,2223,-23,-8.702406912126856e-05
W-2022-47,58,19,1,0.00011538017768547363,2224,-1,-0.00014722486433133307
W-2022-47,58,46,1,0.00011538017768547363,2225,0,-1.5922343322929725e-05
W-2022-47,5,17,9,0.00011529297225282468,2226,2,6.273987375315297e-06
W-2022-47,60,89,8,0.00011461646465514771,2227,-25,-0.0003925530682878188
W-2022-47,41,9,56,0.00011460802010552124,2228,21,3.9135671017874116e-05
W-2022-47,91,10,31,0.00011411322977250976,2229,-4,-1.543770965687387e-05
W-2022-47,4,5,2,0.00011396011396011396,2230,1,4.891523299224613e-05
W-2022-47,4,63,2,0.00011396011396011396,2231,-1,-8.117452894348952e-05
W-2022-47,4,73,2,0.00011396011396011396,2232,0,-1.6129647975621694e-05
W-2022-47,4,87,2,0.00011396011396011396,2233,-2,-0.00014621940991135736
W-2022-47,29,61,26,0.00011390669289441288,2234,-7,-4.393819819261228e-05
W-2022-47,59,58,50,0.00011256951167345836,2235,-100,-0.00023773653904618703
W-2022-47,75,50,9,0.00011162513798107333,2236,1,1.0354187553203561e-05
W-2022-47,57,89,25,0.00011080676187183646,2237,-307,-0.0014283680179149043
W-2022-47,62,46,57,0.00011069315275460881,2238,31,5.786255001838998e-05
W-2022-47,79,6,6,0.00010946707777635876,2239,-21,-0.0003318175508090789
W-2022-47,79,62,6,0.00010946707777635876,2240,-3,-3.762779841878712e-05
W-2022-47,88,2,2,0.00010755579456843238,2241,1,5.415980994647595e-05
W-2022-47,88,37,2,0.00010755579456843238,2242,-1,-5.2632159297436916e-05
W-2022-47,88,39,2,0.00010755579456843238,2243,2,0.00010755579456843238
W-2022-47,88,59,2,0.00010755579456843238,2244,2,0.00010755579456843238
W-2022-47,88,80,2,0.00010755579456843238,2245,1,5.415980994647595e-05
W-2022-47,88,83,2,0.00010755579456843238,2246,0,7.63825324519521e-07
W-2022-47,19,14,22,0.00010719314743442947,2247,13,6.136246633958541e-05
W-2022-47,19,42,22,0.00010719314743442947,2248,-18,-9.64987685426552e-05
W-2022-47,19,54,22,0.00010719314743442947,2249,19,9.191625373614812e-05
W-2022-47,57,19,24,0.000106374491396963,2250,19,8.319414832788558e-05
W-2022-47,57,29,24,0.000106374491396963,2251,-12,-6.0523978700394426e-05
W-2022-47,54,52,2,0.00010549079592805528,2252,-2,-8.753144988577475e-05
W-2022-47,54,91,2,0.00010549079592805528,2253,-5,-0.0002322981342461473
W-2022-47,56,9,2,0.00010465177123122809,2254,1,4.721351735414595e-05
W-2022-47,56,29,2,0.00010465177123122809,2255,2,0.00010465177123122809
W-2022-47,56,52,2,0.00010465177123122809,2256,-1,-6.766299040001831e-05
W-2022-47,56,53,2,0.00010465177123122809,2257,-1,-6.766299040001831e-05
W-2022-47,56,54,2,0.00010465177123122809,2258,2,0.00010465177123122809
W-2022-47,82,21,2,0.00010451505016722408,2259,-4,-0.0002643298505520235
W-2022-47,82,43,2,0.00010451505016722408,2260,2,0.00010451505016722408
W-2022-47,82,72,2,0.00010451505016722408,2261,-9,-0.0005717006011513964
W-2022-47,82,74,2,0.00010451505016722408,2262,-4,-0.0002643298505520235
W-2022-47,82,90,2,0.00010451505016722408,2263,-1,-7.99074001923997e-05
W-2022-47,82,100,2,0.00010451505016722408,2264,-3,-0.0002028557004321489
W-2022-47,41,48,51,0.00010437516116752827,2265,21,3.968457623525932e-05
W-2022-47,89,45,24,0.00010431970512296685,2266,19,8.218993615775485e-05
W-2022-47,91,86,28,0.00010307001398807333,2267,14,5.124963821631988e-05
W-2022-47,13,63,6,0.0001014661863933844,2268,3,4.439181849200891e-05
W-2022-47,13,94,6,0.0001014661863933844,2269,-3,-6.975691731074207e-05
W-2022-47,76,49,2,0.00010029084344599338,2270,0,3.886717349396447e-06
W-2022-47,91,77,27,9.938894205992785e-05,2271,-9,-3.3863452781723896e-05
W-2022-47,75,89,8,9.922234487206518e-05,2272,-3,-4.002521196625574e-05
W-2022-47,68,5,5,9.882594774083883e-05,2273,2,3.956668848157957e-05
W-2022-47,68,75,5,9.882594774083883e-05,2274,-1,-1.9692570777679692e-05
W-2022-47,68,85,5,9.882594774083883e-05,2275,-2,-3.944565719743277e-05
W-2022-47,41,58,48,9.82354458047325e-05,2276,-30,-6.996007501916678e-05
W-2022-47,50,19,37,9.782123037957281e-05,2277,-25,-8.547785755964285e-05
W-2022-47,17,0,16,9.706911927974713e-05,2278,-8,-4.615033469608458e-05
W-2022-47,14,36,6,9.628809397717973e-05,2279,-5,-6.643379951394454e-05
W-2022-47,91,101,26,9.570787013178238e-05,2280,1,3.1714848250797824e-06
W-2022-47,89,29,22,9.562639636271962e-05,2281,-2,-1.0596494670298001e-05
W-2022-47,89,43,22,9.562639636271962e-05,2282,12,5.1366858432295614e-05
W-2022-47,22,2,1,9.560229445506692e-05,2283,1,9.560229445506692e-05
W-2022-47,22,36,1,9.560229445506692e-05,2284,1,9.560229445506692e-05
W-2022-47,22,39,1,9.560229445506692e-05,2285,1,9.560229445506692e-05
W-2022-47,22,50,1,9.560229445506692e-05,2286,1,9.560229445506692e-05
W-2022-47,22,64,1,9.560229445506692e-05,2287,0,-4.920423679231428e-06
W-2022-47,22,65,1,9.560229445506692e-05,2288,1,9.560229445506692e-05
W-2022-47,22,68,1,9.560229445506692e-05,2289,0,-4.920423679231428e-06
W-2022-47,22,73,1,9.560229445506692e-05,2290,-2,-0.00020596585994782813
W-2022-47,22,92,1,9.560229445506692e-05,2291,-1,-0.00010544314181352978
W-2022-47,22,100,1,9.560229445506692e-05,2292,0,-4.920423679231428e-06
W-2022-47,36,16,3,9.470593806231651e-05,2293,1,2.182495271139457e-05
W-2022-47,36,63,3,9.470593806231651e-05,2294,0,-1.4615539964066401e-05
W-2022-47,36,70,3,9.470593806231651e-05,2295,2,5.826544538685554e-05
W-2022-47,36,76,3,9.470593806231651e-05,2296,-6,-0.00023325849601683223
W-2022-47,36,91,3,9.470593806231651e-05,2297,3,9.470593806231651e-05
W-2022-47,36,101,3,9.470593806231651e-05,2298,-1,-5.105603263952737e-05
W-2022-47,62,12,48,9.32152865301969e-05,2299,22,4.038468379397807e-05
W-2022-47,27,29,2,9.273426994945982e-05,2300,-5,-0.0002048088738063848
W-2022-47,29,41,21,9.200155964548732e-05,2301,9,3.4603417432023627e-05
W-2022-47,15,3,1,9.18526683200147e-05,2302,1,9.18526683200147e-05
W-2022-47,15,13,1,9.18526683200147e-05,2303,-4,-0.0003376268025612772
W-2022-47,15,22,1,9.18526683200147e-05,2304,1,9.18526683200147e-05
W-2022-47,15,35,1,9.18526683200147e-05,2305,1,9.18526683200147e-05
W-2022-47,15,41,1,9.18526683200147e-05,2306,1,9.18526683200147e-05
W-2022-47,15,62,1,9.18526683200147e-05,2307,1,9.18526683200147e-05
W-2022-47,15,74,1,9.18526683200147e-05,2308,-1,-7.993912003250205e-05
W-2022-47,89,42,21,9.1279741982596e-05,2309,8,3.3742342673044796e-05
W-2022-47,79,7,5,9.12225648136323e-05,2310,2,4.2190939415250336e-05
W-2022-47,79,29,5,9.12225648136323e-05,2311,3,5.853481454804432e-05
W-2022-47,79,84,5,9.12225648136323e-05,2312,2,4.2190939415250336e-05
W-2022-47,79,96,5,9.12225648136323e-05,2313,0,9.50318914966237e-06
W-2022-47,100,30,1,9.081827263645445e-05,2314,1,9.081827263645445e-05
W-2022-47,100,32,1,9.081827263645445e-05,2315,0,-5.502282169941237e-06
W-2022-47,100,36,1,9.081827263645445e-05,2316,1,9.081827263645445e-05
W-2022-47,100,37,1,9.081827263645445e-05,2317,1,9.081827263645445e-05
W-2022-47,100,41,1,9.081827263645445e-05,2318,0,-5.502282169941237e-06
W-2022-47,100,55,1,9.081827263645445e-05,2319,1,9.081827263645445e-05
W-2022-47,100,59,1,9.081827263645445e-05,2320,1,9.081827263645445e-05
W-2022-47,100,73,1,9.081827263645445e-05,2321,1,9.081827263645445e-05
W-2022-47,100,91,1,9.081827263645445e-05,2322,1,9.081827263645445e-05
W-2022-47,47,19,4,9.021810226221891e-05,2323,-3,-6.643051251645899e-05
W-2022-47,47,32,4,9.021810226221891e-05,2324,0,7.046081029744004e-07
W-2022-47,47,33,4,9.021810226221891e-05,2325,1,2.308298164278554e-05
W-2022-47,47,57,4,9.021810226221891e-05,2326,-1,-2.1673765436836724e-05
W-2022-47,18,14,1,8.99604174163368e-05,2327,1,8.99604174163368e-05
W-2022-47,18,19,1,8.99604174163368e-05,2328,-1,-8.187565097441841e-05
W-2022-47,18,36,1,8.99604174163368e-05,2329,1,8.99604174163368e-05
W-2022-47,18,69,1,8.99604174163368e-05,2330,-2,-0.00016779368516979605
W-2022-47,18,76,1,8.99604174163368e-05,2331,1,8.99604174163368e-05
W-2022-47,18,93,1,8.99604174163368e-05,2332,-12,-0.0010269740271235722
W-2022-47,50,44,34,8.988977926771556e-05,2333,11,2.189173051607104e-05
W-2022-47,65,2,1,8.96780557797507e-05,2334,1,8.96780557797507e-05
W-2022-47,65,62,1,8.96780557797507e-05,2335,1,8.96780557797507e-05
W-2022-47,65,77,1,8.96780557797507e-05,2336,1,8.96780557797507e-05
W-2022-47,65,85,1,8.96780557797507e-05,2337,-1,-9.046966535157699e-05
W-2022-47,65,101,1,8.96780557797507e-05,2338,0,-3.958047859131485e-07
W-2022-47,5,14,7,8.967231175219697e-05,2339,4,4.2949889661835804e-05
W-2022-47,92,20,1,8.956560680698612e-05,2340,-2,-0.00022108987626229005
W-2022-47,92,55,1,8.956560680698612e-05,2341,1,8.956560680698612e-05
W-2022-47,92,63,1,8.956560680698612e-05,2342,-2,-0.00022108987626229005
W-2022-47,67,6,2,8.873901854645488e-05,2343,-1,-5.272370602562039e-05
W-2022-47,67,27,2,8.873901854645488e-05,2344,1,4.158477702242979e-05
W-2022-47,67,29,2,8.873901854645488e-05,2345,0,-5.569464501595296e-06
W-2022-47,67,40,2,8.873901854645488e-05,2346,-3,-0.00014703218907367055
W-2022-47,67,49,2,8.873901854645488e-05,2347,2,8.873901854645488e-05
W-2022-47,67,50,2,8.873901854645488e-05,2348,-2,-9.987794754964547e-05
W-2022-47,91,59,24,8.834572627549143e-05,2349,-2,-7.892114443479268e-06
W-2022-47,41,47,43,8.800258686673952e-05,2350,-16,-3.922223016672277e-05
W-2022-47,29,89,20,8.762053299570221e-05,2351,8,3.022239078223852e-05
W-2022-47,45,46,1,8.751203290452437e-05,2352,1,8.751203290452437e-05
W-2022-47,45,68,1,8.751203290452437e-05,2353,1,8.751203290452437e-05
W-2022-47,45,91,1,8.751203290452437e-05,2354,1,8.751203290452437e-05
W-2022-47,61,75,17,8.714150242202117e-05,2355,-5,-3.0955208047789016e-05
W-2022-47,89,18,20,8.693308760247237e-05,2356,-9,-4.1419572395757234e-05
W-2022-47,43,46,7,8.684109320530475e-05,2357,3,4.104044054600436e-05
W-2022-47,53,12,2,8.637816360024185e-05,2358,2,8.637816360024185e-05
W-2022-47,53,45,2,8.637816360024185e-05,2359,2,8.637816360024185e-05
W-2022-47,53,46,2,8.637816360024185e-05,2360,1,3.871144926686085e-05
W-2022-47,53,56,2,8.637816360024185e-05,2361,2,8.637816360024185e-05
W-2022-47,60,58,6,8.596234849136078e-05,2362,1,9.118479863638588e-06
W-2022-47,52,29,3,8.468834688346883e-05,2363,-1,-3.976328809988575e-05
W-2022-47,91,23,23,8.466465434734595e-05,2364,-3,-1.157318637162475e-05
W-2022-47,13,3,5,8.455515532782034e-05,2365,0,-1.056879117447214e-05
W-2022-47,13,29,5,8.455515532782034e-05,2366,-2,-4.861836977538913e-05
W-2022-47,97,6,1,8.21287779237845e-05,2367,-3,-0.0002493263099118138
W-2022-47,97,14,1,8.21287779237845e-05,2368,1,8.21287779237845e-05
W-2022-47,97,49,1,8.21287779237845e-05,2369,1,8.21287779237845e-05
W-2022-47,97,59,1,8.21287779237845e-05,2370,0,-7.34994035115068e-07
W-2022-47,97,87,1,8.21287779237845e-05,2371,1,8.21287779237845e-05
W-2022-47,14,15,5,8.024007831431643e-05,2372,-3,-3.8103116951955754e-05
W-2022-47,48,11,2,8.0150683284575e-05,2373,0,-8.734619106931968e-07
W-2022-47,48,12,2,8.0150683284575e-05,2374,1,3.96386106869409e-05
W-2022-47,48,33,2,8.0150683284575e-05,2375,1,3.96386106869409e-05
W-2022-47,48,37,2,8.0150683284575e-05,2376,1,3.96386106869409e-05
W-2022-47,48,52,2,8.0150683284575e-05,2377,0,-8.734619106931968e-07
W-2022-47,48,75,2,8.0150683284575e-05,2378,0,-8.734619106931968e-07
W-2022-47,68,1,4,7.906075819267107e-05,2379,4,7.906075819267107e-05
W-2022-47,68,91,4,7.906075819267107e-05,2380,-4,-7.896393316535362e-05
W-2022-47,68,98,4,7.906075819267107e-05,2381,3,5.9307671772917987e-05
W-2022-47,17,5,13,7.886865941479454e-05,2382,0,1.2914551778856972e-06
W-2022-47,49,12,24,7.843342309602866e-05,2383,10,2.9866662880531006e-05
W-2022-47,39,1,1,7.824113919098662e-05,2384,1,7.824113919098662e-05
W-2022-47,39,4,1,7.824113919098662e-05,2385,-9,-0.0005482860207613973
W-2022-47,39,22,1,7.824113919098662e-05,2386,0,1.558842319574822e-05
W-2022-47,39,25,1,7.824113919098662e-05,2387,1,7.824113919098662e-05
W-2022-47,39,27,1,7.824113919098662e-05,2388,0,1.558842319574822e-05
W-2022-47,39,35,1,7.824113919098662e-05,2389,1,7.824113919098662e-05
W-2022-47,39,36,1,7.824113919098662e-05,2390,-72,-0.004495407128461416
W-2022-47,39,55,1,7.824113919098662e-05,2391,1,7.824113919098662e-05
W-2022-47,39,61,1,7.824113919098662e-05,2392,1,7.824113919098662e-05
W-2022-47,39,73,1,7.824113919098662e-05,2393,0,1.558842319574822e-05
W-2022-47,39,85,1,7.824113919098662e-05,2394,-693,-0.04340274376150446
W-2022-47,39,87,1,7.824113919098662e-05,2395,0,1.558842319574822e-05
W-2022-47,39,88,1,7.824113919098662e-05,2396,-15,-0.0009242023167328277
W-2022-47,39,89,1,7.824113919098662e-05,2397,-2,-0.00010971700879472857
W-2022-47,39,91,1,7.824113919098662e-05,2398,0,1.558842319574822e-05
W-2022-47,39,94,1,7.824113919098662e-05,2399,-60,-0.0037435745365185552
W-2022-47,39,101,1,7.824113919098662e-05,2400,1,7.824113919098662e-05
W-2022-47,41,12,37,7.572315614114796e-05,2401,14,2.612704102640843e-05
W-2022-47,43,18,6,7.443522274740407e-05,2402,5,6.298505958257898e-05
W-2022-47,12,29,1,7.420599584446424e-05,2403,1,7.420599584446424e-05
W-2022-47,12,50,1,7.420599584446424e-05,2404,1,7.420599584446424e-05
W-2022-47,12,60,1,7.420599584446424e-05,2405,-1,-7.8442454773762e-05
W-2022-47,12,66,1,7.420599584446424e-05,2406,1,7.420599584446424e-05
W-2022-47,12,67,1,7.420599584446424e-05,2407,-34,-0.002597141889974495
W-2022-47,12,79,1,7.420599584446424e-05,2408,-31,-0.0023681692140471557
W-2022-47,12,91,1,7.420599584446424e-05,2409,0,-2.1182294646488836e-06
W-2022-47,50,46,28,7.402687704400105e-05,2410,19,4.741894492379233e-05
W-2022-47,50,53,28,7.402687704400105e-05,2411,-122,-0.00036943865829281103
W-2022-47,41,91,36,7.367658435354937e-05,2412,-37,-8.373717231497175e-05
W-2022-47,79,32,4,7.297805185090584e-05,2413,3,5.663417671811186e-05
W-2022-47,79,52,4,7.297805185090584e-05,2414,3,5.663417671811186e-05
W-2022-47,79,101,4,7.297805185090584e-05,2415,-1,-8.74132381306408e-06
W-2022-47,55,53,29,7.196386917464887e-05,2416,7,1.529161256267093e-05
W-2022-47,57,46,16,7.091632759797534e-05,2417,6,2.4555641459820493e-05
W-2022-47,99,20,1,7.05965407695023e-05,2418,0,1.2839812110613536e-05
W-2022-47,99,27,1,7.05965407695023e-05,2419,0,1.2839812110613536e-05
W-2022-47,99,101,1,7.05965407695023e-05,2420,1,7.05965407695023e-05
W-2022-47,91,6,19,6.994036663476404e-05,2421,-5,-1.8894563259670458e-05
W-2022-47,42,46,10,6.990465005732181e-05,2422,8,5.58434133715553e-05
W-2022-47,89,19,16,6.95464700819779e-05,2423,-30,-0.00013404740439797253
W-2022-47,101,91,23,6.940002172522419e-05,2424,-37,-0.00011253448791578871
W-2022-47,98,4,1,6.793939805693321e-05,2425,1,6.793939805693321e-05
W-2022-47,98,7,1,6.793939805693321e-05,2426,-6,-0.0004246021161564076
W-2022-47,98,52,1,6.793939805693321e-05,2427,1,6.793939805693321e-05
W-2022-47,98,57,1,6.793939805693321e-05,2428,0,-2.423675402115475e-06
W-2022-47,98,59,1,6.793939805693321e-05,2429,0,-2.423675402115475e-06
W-2022-47,98,62,1,6.793939805693321e-05,2430,-2,-0.00014314982232021287
W-2022-47,98,96,1,6.793939805693321e-05,2431,1,6.793939805693321e-05
W-2022-47,11,2,1,6.770022341073725e-05,2432,0,-5.303134743737855e-06
W-2022-47,11,10,1,6.770022341073725e-05,2433,0,-5.303134743737855e-06
W-2022-47,11,19,1,6.770022341073725e-05,2434,1,6.770022341073725e-05
W-2022-47,11,32,1,6.770022341073725e-05,2435,1,6.770022341073725e-05
W-2022-47,11,42,1,6.770022341073725e-05,2436,-1,-7.830649289821296e-05
W-2022-47,11,48,1,6.770022341073725e-05,2437,1,6.770022341073725e-05
W-2022-47,11,50,1,6.770022341073725e-05,2438,-1,-7.830649289821296e-05
W-2022-47,11,66,1,6.770022341073725e-05,2439,1,6.770022341073725e-05
W-2022-47,11,81,1,6.770022341073725e-05,2440,0,-5.303134743737855e-06
W-2022-47,47,9,3,6.766357669666418e-05,2441,-2,-4.422829100239145e-05
W-2022-47,13,0,4,6.764412426225626e-05,2442,2,2.959454566133927e-05
W-2022-47,93,19,1,6.70690811535882e-05,2443,1,6.70690811535882e-05
W-2022-47,93,23,1,6.70690811535882e-05,2444,1,6.70690811535882e-05
W-2022-47,93,28,1,6.70690811535882e-05,2445,1,6.70690811535882e-05
W-2022-47,93,40,1,6.70690811535882e-05,2446,1,6.70690811535882e-05
W-2022-47,93,47,1,6.70690811535882e-05,2447,-1,-4.23640552000997e-05
W-2022-47,93,49,1,6.70690811535882e-05,2448,0,1.2352512976744246e-05
W-2022-47,93,50,1,6.70690811535882e-05,2449,1,6.70690811535882e-05
W-2022-47,93,61,1,6.70690811535882e-05,2450,-1,-4.23640552000997e-05
W-2022-47,93,66,1,6.70690811535882e-05,2451,-3,-0.0001517971915537876
W-2022-47,93,95,1,6.70690811535882e-05,2452,1,6.70690811535882e-05
W-2022-47,57,9,15,6.648405712310189e-05,2453,9,3.866764544020898e-05
W-2022-47,101,33,22,6.63826294763014e-05,2454,-8,-2.4584625344205055e-05
W-2022-47,28,40,14,6.567867178960306e-05,2455,11,5.098525003452281e-05
W-2022-47,28,62,14,6.567867178960306e-05,2456,4,1.6700599272668896e-05
W-2022-47,3,16,1,6.555227794165847e-05,2457,1,6.555227794165847e-05
W-2022-47,3,49,1,6.555227794165847e-05,2458,1,6.555227794165847e-05
W-2022-47,3,50,1,6.555227794165847e-05,2459,1,6.555227794165847e-05
W-2022-47,3,54,1,6.555227794165847e-05,2460,1,6.555227794165847e-05
W-2022-47,3,55,1,6.555227794165847e-05,2461,1,6.555227794165847e-05
W-2022-47,3,63,1,6.555227794165847e-05,2462,1,6.555227794165847e-05
W-2022-47,3,67,1,6.555227794165847e-05,2463,1,6.555227794165847e-05
W-2022-47,3,83,1,6.555227794165847e-05,2464,1,6.555227794165847e-05
W-2022-47,3,87,1,6.555227794165847e-05,2465,1,6.555227794165847e-05
W-2022-47,3,91,1,6.555227794165847e-05,2466,1,6.555227794165847e-05
W-2022-47,3,94,1,6.555227794165847e-05,2467,-4,-0.0003050377013053027
W-2022-47,3,101,1,6.555227794165847e-05,2468,1,6.555227794165847e-05
W-2022-47,89,68,15,6.519981570185428e-05,2469,8,3.421813915055748e-05
W-2022-47,55,67,26,6.451933098416795e-05,2470,1,1.1903937964756332e-07
W-2022-47,44,9,4,6.432626280494669e-05,2471,2,3.112297567952127e-05
W-2022-47,14,63,4,6.419206265145314e-05,2472,3,4.939916324316912e-05
W-2022-47,14,66,4,6.419206265145314e-05,2473,3,4.939916324316912e-05
W-2022-47,14,91,4,6.419206265145314e-05,2474,-2,-2.4565333798250995e-05
W-2022-47,5,68,5,6.405165125156926e-05,2475,3,3.290336985799515e-05
W-2022-47,5,89,5,6.405165125156926e-05,2476,-3,-6.054147432272719e-05
W-2022-47,78,1,1,6.374705169885892e-05,2477,0,-2.482499927076564e-06
W-2022-47,78,5,1,6.374705169885892e-05,2478,0,-2.482499927076564e-06
W-2022-47,78,8,1,6.374705169885892e-05,2479,1,6.374705169885892e-05
W-2022-47,78,28,1,6.374705169885892e-05,2480,1,6.374705169885892e-05
W-2022-47,78,37,1,6.374705169885892e-05,2481,0,-2.482499927076564e-06
W-2022-47,78,63,1,6.374705169885892e-05,2482,0,-2.482499927076564e-06
W-2022-47,78,76,1,6.374705169885892e-05,2483,1,6.374705169885892e-05
W-2022-47,78,83,1,6.374705169885892e-05,2484,1,6.374705169885892e-05
W-2022-47,78,99,1,6.374705169885892e-05,2485,1,6.374705169885892e-05
W-2022-47,36,21,2,6.313729204154434e-05,2486,-3,-0.00011906517133576052
W-2022-47,36,29,2,6.313729204154434e-05,2487,1,2.6696799366083366e-05
W-2022-47,36,62,2,6.313729204154434e-05,2488,2,6.313729204154434e-05
W-2022-47,42,91,9,6.291418505158963e-05,2489,-3,-2.145323506300945e-05
W-2022-47,75,61,5,6.201396554504075e-05,2490,0,-1.2803784723778558e-06
W-2022-47,61,29,12,6.151164876848554e-05,2491,-22,-0.00012100144923031202
W-2022-47,61,45,12,6.151164876848554e-05,2492,-3,-1.9008835642748688e-05
W-2022-47,33,47,1,6.145526057030482e-05,2493,1,6.145526057030482e-05
W-2022-47,33,57,1,6.145526057030482e-05,2494,1,6.145526057030482e-05
W-2022-47,33,58,1,6.145526057030482e-05,2495,1,6.145526057030482e-05
W-2022-47,33,60,1,6.145526057030482e-05,2496,0,-3.022885419099407e-08
W-2022-47,33,75,1,6.145526057030482e-05,2497,0,-3.022885419099407e-08
W-2022-47,33,91,1,6.145526057030482e-05,2498,-1,-6.151571827868681e-05
W-2022-47,29,40,14,6.133437309699155e-05,2499,1,-8.469476342607736e-07
W-2022-47,29,101,14,6.133437309699155e-05,2500,1,-8.469476342607736e-07
W-2022-47,59,33,27,6.078753630366752e-05,2501,16,3.509842591756019e-05
W-2022-47,41,29,29,5.935058184035922e-05,2502,-12,-2.905988423374169e-05
W-2022-47,41,79,29,5.935058184035922e-05,2503,-43,-9.59068219970863e-05
W-2022-47,68,15,3,5.92955686445033e-05,2504,-2,-3.946986345426213e-05
W-2022-47,68,27,3,5.92955686445033e-05,2505,2,3.954248222475021e-05
W-2022-47,68,61,3,5.92955686445033e-05,2506,1,1.9789395804997125e-05
W-2022-47,68,65,3,5.92955686445033e-05,2507,-3,-5.922294987401522e-05
W-2022-47,91,41,16,5.889715085032761e-05,2508,1,3.375319666306054e-06
W-2022-47,19,36,12,5.8468989509688797e-05,2509,7,3.300750001255322e-05
W-2022-47,19,68,12,5.8468989509688797e-05,2510,-18,-9.429994747312471e-05
W-2022-47,30,89,2,5.8275058275058275e-05,2511,1,2.7345947796275644e-05
W-2022-47,60,19,4,5.7308232327573853e-05,2512,-7,-0.00011174827865341499
W-2022-47,60,56,4,5.7308232327573853e-05,2513,-6,-9.637950492787054e-05
W-2022-47,55,29,23,5.707479279368703e-05,2514,10,2.3586641159336433e-05
W-2022-47,4,15,1,5.698005698005698e-05,2515,-2,-0.0001381545859235465
W-2022-47,4,19,1,5.698005698005698e-05,2516,0,-8.064823987810847e-06
W-2022-47,4,41,1,5.698005698005698e-05,2517,-1,-7.310970495567868e-05
W-2022-47,4,48,1,5.698005698005698e-05,2518,1,5.698005698005698e-05
W-2022-47,4,49,1,5.698005698005698e-05,2519,1,5.698005698005698e-05
W-2022-47,4,50,1,5.698005698005698e-05,2520,1,5.698005698005698e-05
W-2022-47,4,59,1,5.698005698005698e-05,2521,0,-8.064823987810847e-06
W-2022-47,4,89,1,5.698005698005698e-05,2522,1,5.698005698005698e-05
W-2022-47,29,5,13,5.695334644720644e-05,2523,0,-5.2279742840458855e-06
W-2022-47,29,31,13,5.695334644720644e-05,2524,-4,-2.436068835520046e-05
W-2022-47,89,26,13,5.6506506941607044e-05,2525,4,1.667292280422544e-05
W-2022-47,52,56,2,5.6458897922312554e-05,2526,2,5.6458897922312554e-05
W-2022-47,59,19,25,5.628475583672918e-05,2527,-26,-6.281930140795026e-05
W-2022-47,91,11,15,5.521607892218214e-05,2528,-9,-3.3618850972252356e-05
W-2022-47,91,69,15,5.521607892218214e-05,2529,-5,-1.8813029323179936e-05
W-2022-47,79,95,3,5.473353888817938e-05,2530,-7,-0.00010870521243976047
W-2022-47,101,11,18,5.431306048061024e-05,2531,-9,-2.755746885784556e-05
W-2022-47,32,27,11,5.40357323561053e-05,2532,3,8.84718313447806e-06
W-2022-47,88,15,1,5.377789728421619e-05,2533,-1,-5.301407195969667e-05
W-2022-47,88,16,1,5.377789728421619e-05,2534,-9,-0.00048018194893534815
W-2022-47,88,23,1,5.377789728421619e-05,2535,1,5.377789728421619e-05
W-2022-47,88,24,1,5.377789728421619e-05,2536,-3,-0.00015980604120360953
W-2022-47,88,42,1,5.377789728421619e-05,2537,-3,-0.00015980604120360953
W-2022-47,88,46,1,5.377789728421619e-05,2538,1,5.377789728421619e-05
W-2022-47,88,55,1,5.377789728421619e-05,2539,-1,-5.301407195969667e-05
W-2022-47,88,61,1,5.377789728421619e-05,2540,0,3.819126622597605e-07
W-2022-47,88,63,1,5.377789728421619e-05,2541,-4,-0.00021320202582556598
W-2022-47,88,73,1,5.377789728421619e-05,2542,-3,-0.00015980604120360953
W-2022-47,88,76,1,5.377789728421619e-05,2543,1,5.377789728421619e-05
W-2022-47,88,86,1,5.377789728421619e-05,2544,1,5.377789728421619e-05
W-2022-47,88,95,1,5.377789728421619e-05,2545,0,3.819126622597605e-07
W-2022-47,54,29,1,5.274539796402764e-05,2546,1,5.274539796402764e-05
W-2022-47,54,33,1,5.274539796402764e-05,2547,-8,-0.00038155465511708996
W-2022-47,54,46,1,5.274539796402764e-05,2548,1,5.274539796402764e-05
W-2022-47,54,56,1,5.274539796402764e-05,2549,0,4.489836510570133e-06
W-2022-47,54,66,1,5.274539796402764e-05,2550,-2,-9.20212863963449e-05
W-2022-47,56,19,1,5.2325885615614045e-05,2551,1,5.2325885615614045e-05
W-2022-47,56,48,1,5.2325885615614045e-05,2552,-14,-0.000809247922540618
W-2022-47,56,75,1,5.2325885615614045e-05,2553,-1,-6.255062213855023e-05
W-2022-47,56,91,1,5.2325885615614045e-05,2554,-2,-0.00011998887601563235
W-2022-47,82,8,1,5.225752508361204e-05,2555,1,5.225752508361204e-05
W-2022-47,82,41,1,5.225752508361204e-05,2556,0,-9.216625036262555e-06
W-2022-47,82,49,1,5.225752508361204e-05,2557,-1,-7.069077515613716e-05
W-2022-47,82,61,1,5.225752508361204e-05,2558,-1,-7.069077515613716e-05
W-2022-47,82,75,1,5.225752508361204e-05,2559,0,-9.216625036262555e-06
W-2022-47,82,83,1,5.225752508361204e-05,2560,1,5.225752508361204e-05
W-2022-47,82,91,1,5.225752508361204e-05,2561,1,5.225752508361204e-05
W-2022-47,55,56,21,5.211176733336642e-05,2562,-4,-1.2288524271153971e-05
W-2022-47,26,89,4,5.188000155640005e-05,2563,2,2.383265763986894e-05
W-2022-47,59,12,23,5.1781975369790846e-05,2564,0,-1.9316190738881127e-06
W-2022-47,91,62,14,5.1535006994036664e-05,2565,2,7.117542046819417e-06
W-2022-47,91,76,14,5.1535006994036664e-05,2566,6,2.1923363695891834e-05
W-2022-47,61,76,10,5.1259707307071275e-05,2567,1,2.9474166603307467e-06
W-2022-47,13,22,3,5.07330931966922e-05,2568,2,3.17083038962337e-05
W-2022-47,76,11,1,5.014542172299669e-05,2569,0,1.9433586746982234e-06
W-2022-47,76,19,1,5.014542172299669e-05,2570,0,1.9433586746982234e-06
W-2022-47,76,22,1,5.014542172299669e-05,2571,1,5.014542172299669e-05
W-2022-47,76,29,1,5.014542172299669e-05,2572,0,1.9433586746982234e-06
W-2022-47,76,39,1,5.014542172299669e-05,2573,1,5.014542172299669e-05
W-2022-47,76,59,1,5.014542172299669e-05,2574,0,1.9433586746982234e-06
W-2022-47,76,61,1,5.014542172299669e-05,2575,-3,-0.00014266283047019717
W-2022-47,76,70,1,5.014542172299669e-05,2576,1,5.014542172299669e-05
W-2022-47,76,79,1,5.014542172299669e-05,2577,1,5.014542172299669e-05
W-2022-47,76,93,1,5.014542172299669e-05,2578,-1,-4.625870437360024e-05
W-2022-47,43,51,4,4.9623481831602716e-05,2579,-3,-3.052766032217297e-05
W-2022-47,75,36,4,4.961117243603259e-05,2580,0,-1.0243027779022941e-06
W-2022-47,75,41,4,4.961117243603259e-05,2581,-4,-5.165977799183718e-05
W-2022-47,75,42,4,4.961117243603259e-05,2582,0,-1.0243027779022941e-06
W-2022-47,59,91,22,4.953058513632168e-05,2583,-30,-7.190884577982205e-05
W-2022-47,19,4,10,4.8724157924740664e-05,2584,4,1.8170370528177968e-05
W-2022-47,17,36,8,4.8534559639873566e-05,2585,-1,-5.172735601063329e-06
W-2022-47,44,12,3,4.824469710371002e-05,2586,-6,-0.00010117009496070437
W-2022-47,44,75,3,4.824469710371002e-05,2587,3,4.824469710371002e-05
W-2022-47,29,17,11,4.819129314763622e-05,2588,1,3.595079697498081e-07
W-2022-47,29,57,11,4.819129314763622e-05,2589,2,5.142686487538452e-06
W-2022-47,14,19,3,4.8144046988589864e-05,2590,2,3.335114758030584e-05
W-2022-47,14,28,3,4.8144046988589864e-05,2591,2,3.335114758030584e-05
W-2022-47,14,74,3,4.8144046988589864e-05,2592,-2,-2.5820450052830256e-05
W-2022-47,89,44,11,4.781319818135981e-05,2593,3,1.2405567837020603e-05
W-2022-47,89,81,11,4.781319818135981e-05,2594,2,7.979614043978207e-06
W-2022-47,50,29,18,4.758870667114353e-05,2595,-15,-4.997371110295512e-05
W-2022-47,27,26,1,4.636713497472991e-05,2596,-2,-8.115135520634633e-05
W-2022-47,27,30,1,4.636713497472991e-05,2597,-1,-3.864519181265426e-05
W-2022-47,27,62,1,4.636713497472991e-05,2598,1,4.636713497472991e-05
W-2022-47,27,89,1,4.636713497472991e-05,2599,1,4.636713497472991e-05
W-2022-47,47,67,2,4.5109051131109456e-05,2600,-3,-6.678281656794618e-05
W-2022-47,47,85,2,4.5109051131109456e-05,2601,2,4.5109051131109456e-05
W-2022-47,47,93,2,4.5109051131109456e-05,2602,-2,-4.4404443028135055e-05
W-2022-47,55,75,18,4.4667229142885504e-05,2603,-3,-9.42901580491162e-06
W-2022-47,67,28,1,4.436950927322744e-05,2604,1,4.436950927322744e-05
W-2022-47,67,36,1,4.436950927322744e-05,2605,0,-2.784732250797648e-06
W-2022-47,67,39,1,4.436950927322744e-05,2606,1,4.436950927322744e-05
W-2022-47,67,46,1,4.436950927322744e-05,2607,1,4.436950927322744e-05
W-2022-47,67,47,1,4.436950927322744e-05,2608,1,4.436950927322744e-05
W-2022-47,67,48,1,4.436950927322744e-05,2609,1,4.436950927322744e-05
W-2022-47,67,57,1,4.436950927322744e-05,2610,-1,-4.9938973774822735e-05
W-2022-47,67,58,1,4.436950927322744e-05,2611,0,-2.784732250797648e-06
W-2022-47,67,62,1,4.436950927322744e-05,2612,0,-2.784732250797648e-06
W-2022-47,67,63,1,4.436950927322744e-05,2613,1,4.436950927322744e-05
W-2022-47,67,65,1,4.436950927322744e-05,2614,1,4.436950927322744e-05
W-2022-47,67,66,1,4.436950927322744e-05,2615,1,4.436950927322744e-05
W-2022-47,19,13,9,4.38517421322666e-05,2616,-6,-3.253272635914015e-05
W-2022-47,29,49,10,4.3810266497851106e-05,2617,2,5.544838355541977e-06
W-2022-47,29,79,10,4.3810266497851106e-05,2618,4,1.511119539111926e-05
W-2022-47,89,11,10,4.3466543801236185e-05,2619,-3,-1.407085550831502e-05
W-2022-47,89,76,10,4.3466543801236185e-05,2620,-2,-9.644901715272624e-06
W-2022-47,53,10,1,4.3189081800120926e-05,2621,1,4.3189081800120926e-05
W-2022-47,53,51,1,4.3189081800120926e-05,2622,1,4.3189081800120926e-05
W-2022-47,53,58,1,4.3189081800120926e-05,2623,0,-4.477632533260075e-06
W-2022-47,53,79,1,4.3189081800120926e-05,2624,1,4.3189081800120926e-05
W-2022-47,53,89,1,4.3189081800120926e-05,2625,-4,-0.0001951444898667841
W-2022-47,53,91,1,4.3189081800120926e-05,2626,1,4.3189081800120926e-05
W-2022-47,53,98,1,4.3189081800120926e-05,2627,1,4.3189081800120926e-05
W-2022-47,60,46,3,4.298117424568039e-05,2628,-4,-6.460024183313067e-05
W-2022-47,60,66,3,4.298117424568039e-05,2629,3,4.298117424568039e-05
W-2022-47,17,29,7,4.2467739684889374e-05,2630,3,1.859783068891742e-05
W-2022-47,50,58,16,4.2301072596572024e-05,2631,-27,-8.482571419998077e-05
W-2022-47,101,88,14,4.2243491484919076e-05,2632,-3,-9.304619580034573e-06
W-2022-47,55,77,17,4.2185716412725195e-05,2633,6,1.3849588106736225e-05
W-2022-47,55,97,17,4.2185716412725195e-05,2634,-18,-4.7974691833603344e-05
W-2022-47,42,76,6,4.194279003439309e-05,2635,-3,-2.1332775051556224e-05
W-2022-47,48,4,1,4.00753416422875e-05,2636,0,-4.367309553465984e-07
W-2022-47,48,14,1,4.00753416422875e-05,2637,1,4.00753416422875e-05
W-2022-47,48,29,1,4.00753416422875e-05,2638,1,4.00753416422875e-05
W-2022-47,48,40,1,4.00753416422875e-05,2639,0,-4.367309553465984e-07
W-2022-47,48,66,1,4.00753416422875e-05,2640,1,4.00753416422875e-05
W-2022-47,48,67,1,4.00753416422875e-05,2641,-1,-4.0948803552980694e-05
W-2022-47,48,76,1,4.00753416422875e-05,2642,1,4.00753416422875e-05
W-2022-47,48,77,1,4.00753416422875e-05,2643,1,4.00753416422875e-05
W-2022-47,48,84,1,4.00753416422875e-05,2644,1,4.00753416422875e-05
W-2022-47,48,91,1,4.00753416422875e-05,2645,-1,-4.0948803552980694e-05
W-2022-47,68,49,2,3.9530379096335537e-05,2646,0,2.4206256829363364e-08
W-2022-47,68,73,2,3.9530379096335537e-05,2647,-1,-1.9728880162923723e-05
W-2022-47,68,79,2,3.9530379096335537e-05,2648,0,2.4206256829363364e-08
W-2022-47,68,101,2,3.9530379096335537e-05,2649,-2,-3.948196658267681e-05
W-2022-47,32,91,8,3.9298714440803856e-05,2650,7,3.365014578810045e-05
W-2022-47,101,87,13,3.9226099235996286e-05,2651,3,8.903680962494135e-06
W-2022-47,89,9,9,3.911988942111257e-05,2652,8,3.4693935628070166e-05
W-2022-47,89,17,9,3.911988942111257e-05,2653,9,3.911988942111257e-05
W-2022-47,19,53,8,3.897932633979253e-05,2654,1,3.3332410438027124e-06
W-2022-47,19,78,8,3.897932633979253e-05,2655,1,3.3332410438027124e-06
W-2022-47,5,75,3,3.8430990750941557e-05,2656,3,3.8430990750941557e-05
W-2022-47,5,91,3,3.8430990750941557e-05,2657,3,3.8430990750941557e-05
W-2022-47,5,100,3,3.8430990750941557e-05,2658,3,3.8430990750941557e-05
W-2022-47,43,91,3,3.721761137370204e-05,2659,-1,-8.583041285598355e-06
W-2022-47,75,49,3,3.720837932702445e-05,2660,0,-7.682270834267121e-07
W-2022-47,75,55,3,3.720837932702445e-05,2661,0,-7.682270834267121e-07
W-2022-47,75,63,3,3.720837932702445e-05,2662,-3,-3.874483349387787e-05
W-2022-47,75,93,3,3.720837932702445e-05,2663,-1,-1.3427095886910437e-05
W-2022-47,62,75,19,3.6897717584869607e-05,2664,-8,-1.7964831410434564e-05
W-2022-47,79,28,2,3.648902592545292e-05,2665,0,3.8012756598649496e-06
W-2022-47,79,76,2,3.648902592545292e-05,2666,1,2.0145150792658936e-05
W-2022-47,17,63,6,3.6400919729905175e-05,2667,-1,-5.371421013045742e-06
W-2022-47,101,75,12,3.6208706987073495e-05,2668,-5,-1.5339404077880155e-05
W-2022-47,101,77,12,3.6208706987073495e-05,2669,3,8.91853054092156e-06
W-2022-47,61,97,7,3.588179511494989e-05,2670,2,9.041633644538485e-06
W-2022-47,29,50,8,3.504821319828088e-05,2671,2,6.349142091549037e-06
W-2022-47,42,9,5,3.495232502866091e-05,2672,3,2.0891088342894395e-05
W-2022-47,50,9,13,3.4369621484714775e-05,2673,7,1.663100007124229e-05
W-2022-47,19,12,7,3.410691054731847e-05,2674,7,3.410691054731847e-05
W-2022-47,19,17,7,3.410691054731847e-05,2675,-10,-5.246215374294252e-05
W-2022-47,19,52,7,3.410691054731847e-05,2676,2,8.645421050182885e-06
W-2022-47,19,60,7,3.410691054731847e-05,2677,1,3.553123150755772e-06
W-2022-47,13,5,2,3.382206213112813e-05,2678,2,3.382206213112813e-05
W-2022-47,13,15,2,3.382206213112813e-05,2679,-2,-4.227709507070586e-05
W-2022-47,13,89,2,3.382206213112813e-05,2680,2,3.382206213112813e-05
W-2022-47,101,45,11,3.31913147381507e-05,2681,-1,-3.195587190051884e-06
W-2022-47,91,95,9,3.3129647353309284e-05,2682,-3,-1.1287817593907963e-05
W-2022-47,62,91,17,3.301374731277807e-05,2683,-70,-0.00014376557722764648
W-2022-47,28,91,7,3.283933589480153e-05,2684,2,8.350299636334448e-06
W-2022-47,41,75,16,3.27451486015775e-05,2685,-5,-1.2538260851010769e-05
W-2022-47,41,85,16,3.27451486015775e-05,2686,12,2.4119737277274975e-05
W-2022-47,55,58,13,3.225966549208398e-05,2687,-5,-1.4108544463170703e-05
W-2022-47,14,5,2,3.209603132572657e-05,2688,-1,-1.2282666899125498e-05
W-2022-47,14,65,2,3.209603132572657e-05,2689,-6,-8.624716394054562e-05
W-2022-47,14,67,2,3.209603132572657e-05,2690,1,1.7303131917442546e-05
W-2022-47,14,72,2,3.209603132572657e-05,2691,-9,-0.0001306258621653977
W-2022-47,14,75,2,3.209603132572657e-05,2692,-2,-2.7075566307409523e-05
W-2022-47,14,76,2,3.209603132572657e-05,2693,2,3.209603132572657e-05
W-2022-47,50,48,12,3.172580444742902e-05,2694,-9,-3.035937049972467e-05
W-2022-47,36,5,1,3.156864602077217e-05,2695,0,-4.871846654688803e-06
W-2022-47,36,32,1,3.156864602077217e-05,2696,1,3.156864602077217e-05
W-2022-47,36,49,1,3.156864602077217e-05,2697,1,3.156864602077217e-05
W-2022-47,36,50,1,3.156864602077217e-05,2698,1,3.156864602077217e-05
W-2022-47,36,74,1,3.156864602077217e-05,2699,-2,-7.775283200561075e-05
W-2022-47,36,87,1,3.156864602077217e-05,2700,1,3.156864602077217e-05
W-2022-47,36,94,1,3.156864602077217e-05,2701,1,3.156864602077217e-05
W-2022-47,61,12,6,3.075582438424277e-05,2702,-8,-4.4396627732909164e-05
W-2022-47,61,80,6,3.075582438424277e-05,2703,1,3.915662913831361e-06
W-2022-47,41,77,15,3.06985768139789e-05,2704,13,2.638587115182764e-05
W-2022-47,17,15,5,3.033409977492098e-05,2705,-2,-1.1438240968029938e-05
W-2022-47,17,61,5,3.033409977492098e-05,2706,5,3.033409977492098e-05
W-2022-47,17,62,5,3.033409977492098e-05,2707,3,1.8399145276935004e-05
W-2022-47,17,89,5,3.033409977492098e-05,2708,1,6.464190778949026e-06
W-2022-47,17,101,5,3.033409977492098e-05,2709,4,2.436662252592799e-05
W-2022-47,101,18,10,3.017392248922791e-05,2710,-3,-9.245221266324884e-06
W-2022-47,101,66,10,3.017392248922791e-05,2711,2,5.9159878704261914e-06
W-2022-47,55,11,12,2.9778152761923667e-05,2712,0,-1.1339872082461171e-06
W-2022-47,91,50,8,2.9448575425163807e-05,2713,-1,-3.864523285249129e-06
W-2022-47,19,75,6,2.9234494754844398e-05,2714,1,3.773005257708815e-06
W-2022-47,30,31,1,2.9137529137529138e-05,2715,0,-1.791581341253494e-06
W-2022-47,30,47,1,2.9137529137529138e-05,2716,1,2.9137529137529138e-05
W-2022-47,60,22,2,2.8654116163786927e-05,2717,2,2.8654116163786927e-05
W-2022-47,60,32,2,2.8654116163786927e-05,2718,1,1.3285342438242488e-05
W-2022-47,60,75,2,2.8654116163786927e-05,2719,-3,-4.818975246393527e-05
W-2022-47,60,87,2,2.8654116163786927e-05,2720,1,1.3285342438242488e-05
W-2022-47,60,91,2,2.8654116163786927e-05,2721,-2,-3.282097873839083e-05
W-2022-47,41,40,14,2.865200502638031e-05,2722,6,1.1401182377775254e-05
W-2022-47,52,12,1,2.8229448961156277e-05,2723,0,-2.883459784682369e-06
W-2022-47,52,14,1,2.8229448961156277e-05,2724,0,-2.883459784682369e-06
W-2022-47,52,33,1,2.8229448961156277e-05,2725,1,2.8229448961156277e-05
W-2022-47,52,47,1,2.8229448961156277e-05,2726,1,2.8229448961156277e-05
W-2022-47,52,51,1,2.8229448961156277e-05,2727,1,2.8229448961156277e-05
W-2022-47,52,68,1,2.8229448961156277e-05,2728,1,2.8229448961156277e-05
W-2022-47,52,75,1,2.8229448961156277e-05,2729,0,-2.883459784682369e-06
W-2022-47,52,91,1,2.8229448961156277e-05,2730,-1,-3.399636853052102e-05
W-2022-47,52,98,1,2.8229448961156277e-05,2731,0,-2.883459784682369e-06
W-2022-47,28,79,6,2.814800219554417e-05,2732,2,8.556773188770503e-06
W-2022-47,28,89,6,2.814800219554417e-05,2733,2,8.556773188770503e-06
W-2022-47,42,68,4,2.7961860022928726e-05,2734,3,2.093124168004547e-05
W-2022-47,55,18,11,2.7296640031763364e-05,2735,-1,-3.61549993840642e-06
W-2022-47,55,46,11,2.7296640031763364e-05,2736,1,1.5365233899552097e-06
W-2022-47,59,67,12,2.7016682801630005e-05,2737,0,-1.007801255941627e-06
W-2022-47,41,14,13,2.6605433238781716e-05,2738,-2,-5.739859227352761e-06
W-2022-47,41,18,13,2.6605433238781716e-05,2739,-13,-2.9459740369184712e-05
W-2022-47,57,18,6,2.659362284924075e-05,2740,-6,-2.9039200516545063e-05
W-2022-47,57,75,6,2.659362284924075e-05,2741,-6,-2.9039200516545063e-05
W-2022-47,50,54,10,2.643817037285752e-05,2742,5,1.165598586163045e-05
W-2022-47,29,55,6,2.6286159898710665e-05,2743,0,-2.4129112080211803e-06
W-2022-47,49,58,8,2.6144474365342883e-05,2744,-19,-6.751999176454545e-05
W-2022-47,49,91,8,2.6144474365342883e-05,2745,-14,-5.0174720259010573e-05
W-2022-47,89,14,6,2.6079926280741713e-05,2746,6,2.6079926280741713e-05
W-2022-47,89,84,6,2.6079926280741713e-05,2747,3,1.280206490161451e-05
W-2022-47,26,13,2,2.5940000778200023e-05,2748,2,2.5940000778200023e-05
W-2022-47,26,55,2,2.5940000778200023e-05,2749,2,2.5940000778200023e-05
W-2022-47,26,61,2,2.5940000778200023e-05,2750,1,1.191632881993447e-05
W-2022-47,91,19,7,2.5767503497018332e-05,2751,2,7.260226435677813e-06
W-2022-47,61,11,5,2.5629853653535638e-05,2752,-5,-2.8050469287287176e-05
W-2022-47,61,51,5,2.5629853653535638e-05,2753,-1,-6.57834011095805e-06
W-2022-47,61,67,5,2.5629853653535638e-05,2754,-2,-1.1946372405040328e-05
W-2022-47,61,68,5,2.5629853653535638e-05,2755,-6,-3.3418501581369454e-05
W-2022-47,61,81,5,2.5629853653535638e-05,2756,-1,-6.57834011095805e-06
W-2022-47,5,3,2,2.5620660500627708e-05,2757,-2,-3.667590228652052e-05
W-2022-47,5,28,2,2.5620660500627708e-05,2758,1,1.0046519803840652e-05
W-2022-47,62,76,13,2.5245806768594994e-05,2759,2,2.8943979186562566e-06
W-2022-47,55,51,10,2.4815127301603058e-05,2760,-2,-6.097012668566726e-06
W-2022-47,43,47,2,2.4811740915801358e-05,2761,-2,-2.0988911743499034e-05
W-2022-47,43,98,2,2.4811740915801358e-05,2762,-3,-3.243907490832414e-05
W-2022-47,75,25,2,2.4805586218016296e-05,2763,2,2.4805586218016296e-05
W-2022-47,75,60,2,2.4805586218016296e-05,2764,2,2.4805586218016296e-05
W-2022-47,75,62,2,2.4805586218016296e-05,2765,-1,-1.3171020192434865e-05
W-2022-47,75,101,2,2.4805586218016296e-05,2766,-1,-1.3171020192434865e-05
W-2022-47,32,41,5,2.456169652550241e-05,2767,2,7.615990567392195e-06
W-2022-47,32,89,5,2.456169652550241e-05,2768,2,7.615990567392195e-06
W-2022-47,32,101,5,2.456169652550241e-05,2769,4,1.8913127872799006e-05
W-2022-47,41,76,12,2.4558861451183124e-05,2770,3,5.151685971502436e-06
W-2022-47,19,9,5,2.4362078962370332e-05,2771,-8,-4.183779373018218e-05
W-2022-47,17,35,4,2.4267279819936783e-05,2772,-2,-1.1537583674021145e-05
W-2022-47,17,50,4,2.4267279819936783e-05,2773,2,1.2332325321950807e-05
W-2022-47,101,98,8,2.413913799138233e-05,2774,-2,-6.183280282119821e-06
W-2022-47,62,79,12,2.3303821632549226e-05,2775,-28,-5.797402873086436e-05
W-2022-47,47,3,1,2.2554525565554728e-05,2776,1,2.2554525565554728e-05
W-2022-47,47,12,1,2.2554525565554728e-05,2777,0,1.761520257436001e-07
W-2022-47,47,29,1,2.2554525565554728e-05,2778,-2,-4.4580595053878645e-05
W-2022-47,47,52,1,2.2554525565554728e-05,2779,1,2.2554525565554728e-05
W-2022-47,47,68,1,2.2554525565554728e-05,2780,1,2.2554525565554728e-05
W-2022-47,47,76,1,2.2554525565554728e-05,2781,-4,-8.933734213350091e-05
W-2022-47,47,91,1,2.2554525565554728e-05,2782,-7,-0.00015647246275293428
W-2022-47,41,66,11,2.2512289663584528e-05,2783,7,1.3886878339282e-05
W-2022-47,41,68,11,2.2512289663584528e-05,2784,-13,-2.924017828223064e-05
W-2022-47,55,88,9,2.2333614571442752e-05,2785,-1,-3.4265020703654026e-06
W-2022-47,57,77,5,2.2161352374367295e-05,2786,3,1.2889215146736326e-05
W-2022-47,91,68,6,2.2086431568872857e-05,2787,-6,-2.233103337834439e-05
W-2022-47,29,13,5,2.1905133248925553e-05,2788,0,-2.010759340017652e-06
W-2022-47,29,67,5,2.1905133248925553e-05,2789,1,2.7724191777709884e-06
W-2022-47,89,7,5,2.1733271900618093e-05,2790,1,4.029456728448489e-06
W-2022-47,89,32,5,2.1733271900618093e-05,2791,3,1.2881364314533291e-05
W-2022-47,89,38,5,2.1733271900618093e-05,2792,3,1.2881364314533291e-05
W-2022-47,89,77,5,2.1733271900618093e-05,2793,-3,-1.3674358443721114e-05
W-2022-47,62,32,11,2.1361836496503457e-05,2794,3,5.106266423820741e-06
W-2022-47,101,12,7,2.1121745742459538e-05,2795,5,1.5057262087759108e-05
W-2022-47,42,11,3,2.0971395017196544e-05,2796,2,1.3940776674313288e-05
W-2022-47,61,66,4,2.050388292282851e-05,2797,0,-9.682462535006145e-07
W-2022-47,61,79,4,2.050388292282851e-05,2798,-3,-1.7072343135747455e-05
W-2022-47,61,93,4,2.050388292282851e-05,2799,-9,-4.928053690024115e-05
W-2022-47,66,64,6,2.0285964479276195e-05,2800,2,6.908217024392649e-06
W-2022-47,66,101,6,2.0285964479276195e-05,2801,6,2.0285964479276195e-05
W-2022-47,59,11,9,2.0262512101222505e-05,2802,-4,-1.009734562781343e-05
W-2022-47,55,9,8,1.9852101841282446e-05,2803,-6,-1.6212061457248968e-05
W-2022-47,55,76,8,1.9852101841282446e-05,2804,-6,-1.6212061457248968e-05
W-2022-47,68,0,1,1.9765189548167768e-05,2805,-6,-0.00011850641539010383
W-2022-47,68,10,1,1.9765189548167768e-05,2806,1,1.9765189548167768e-05
W-2022-47,68,23,1,1.9765189548167768e-05,2807,1,1.9765189548167768e-05
W-2022-47,68,28,1,1.9765189548167768e-05,2808,-2,-3.949406971109149e-05
W-2022-47,68,42,1,1.9765189548167768e-05,2809,0,1.2103128414681682e-08
W-2022-47,68,57,1,1.9765189548167768e-05,2810,-2,-3.949406971109149e-05
W-2022-47,68,59,1,1.9765189548167768e-05,2811,1,1.9765189548167768e-05
W-2022-47,68,97,1,1.9765189548167768e-05,2812,1,1.9765189548167768e-05
W-2022-47,32,55,4,1.9649357220401928e-05,2813,4,1.9649357220401928e-05
W-2022-47,49,48,6,1.9608355774007164e-05,2814,-9,-3.2427458742597464e-05
W-2022-47,49,56,6,1.9608355774007164e-05,2815,-17,-6.017989315145327e-05
W-2022-47,62,66,10,1.9419851360457686e-05,2816,3,5.196227546860309e-06
W-2022-47,50,75,7,1.8506719261000262e-05,2817,-4,-1.4014086663699286e-05
W-2022-47,91,3,5,1.840535964072738e-05,2818,-5,-1.8609194481953658e-05
W-2022-47,91,60,5,1.840535964072738e-05,2819,2,7.300993403923068e-06
W-2022-47,91,61,5,1.840535964072738e-05,2820,3,1.1002448816191173e-05
W-2022-47,91,80,5,1.840535964072738e-05,2821,-1,-3.803372832881244e-06
W-2022-47,91,96,5,1.840535964072738e-05,2822,1,3.5995379916549643e-06
W-2022-47,79,23,1,1.824451296272646e-05,2823,-2,-3.07871124356555e-05
W-2022-47,79,44,1,1.824451296272646e-05,2824,0,1.9006378299324748e-06
W-2022-47,79,46,1,1.824451296272646e-05,2825,0,1.9006378299324748e-06
W-2022-47,79,49,1,1.824451296272646e-05,2826,-1,-1.4443237302861511e-05
W-2022-47,79,50,1,1.824451296272646e-05,2827,0,1.9006378299324748e-06
W-2022-47,79,58,1,1.824451296272646e-05,2828,1,1.824451296272646e-05
W-2022-47,79,61,1,1.824451296272646e-05,2829,0,1.9006378299324748e-06
W-2022-47,79,73,1,1.824451296272646e-05,2830,-2,-3.07871124356555e-05
W-2022-47,79,86,1,1.824451296272646e-05,2831,1,1.824451296272646e-05
W-2022-47,17,16,3,1.8200459864952587e-05,2832,0,2.980281179736235e-07
W-2022-47,17,24,3,1.8200459864952587e-05,2833,-1,-5.669449131019366e-06
W-2022-47,17,55,3,1.8200459864952587e-05,2834,3,1.8200459864952587e-05
W-2022-47,17,66,3,1.8200459864952587e-05,2835,3,1.8200459864952587e-05
W-2022-47,101,51,6,1.8104353493536747e-05,2836,-12,-3.647599939876712e-05
W-2022-47,59,75,8,1.8011121867753337e-05,2837,0,-6.718675039610858e-07
W-2022-47,57,12,4,1.7729081899493835e-05,2838,0,-8.151925557681018e-07
W-2022-47,57,51,4,1.7729081899493835e-05,2839,-6,-2.8631604238661013e-05
W-2022-47,57,79,4,1.7729081899493835e-05,2840,-12,-5.644801592155391e-05
W-2022-47,29,68,4,1.752410659914044e-05,2841,1,3.1745710457745184e-06
W-2022-47,62,87,9,1.7477866224411917e-05,2842,8,1.544591996532658e-05
W-2022-47,89,22,4,1.7386617520494476e-05,2843,0,-3.171976516751278e-07
W-2022-47,89,23,4,1.7386617520494476e-05,2844,1,4.108756141367273e-06
W-2022-47,89,48,4,1.7386617520494476e-05,2845,-10,-4.457673558209913e-05
W-2022-47,89,86,4,1.7386617520494476e-05,2846,-1,-4.743151444717527e-06
W-2022-47,89,96,4,1.7386617520494476e-05,2847,2,8.534709934409674e-06
W-2022-47,55,38,7,1.737058911112214e-05,2848,4,9.642554118579694e-06
W-2022-47,55,45,7,1.737058911112214e-05,2849,-2,-5.8135158665052e-06
W-2022-47,13,16,1,1.6911031065564066e-05,2850,-2,-4.016333683581143e-05
W-2022-47,13,37,1,1.6911031065564066e-05,2851,1,1.6911031065564066e-05
W-2022-47,13,39,1,1.6911031065564066e-05,2852,0,-2.113758234894432e-06
W-2022-47,13,46,1,1.6911031065564066e-05,2853,1,1.6911031065564066e-05
W-2022-47,13,49,1,1.6911031065564066e-05,2854,1,1.6911031065564066e-05
W-2022-47,13,72,1,1.6911031065564066e-05,2855,-10,-0.00019236165123947941
W-2022-47,13,76,1,1.6911031065564066e-05,2856,-1,-2.113854753535293e-05
W-2022-47,13,83,1,1.6911031065564066e-05,2857,-1,-2.113854753535293e-05
W-2022-47,41,11,8,1.637257430078875e-05,2858,-1,-3.034601178891938e-06
W-2022-47,41,87,8,1.637257430078875e-05,2859,4,7.747162976486223e-06
W-2022-47,41,98,8,1.637257430078875e-05,2860,-13,-2.891083515179952e-05
W-2022-47,49,68,5,1.6340296478339305e-05,2861,-8,-2.875740943605137e-05
W-2022-47,44,32,1,1.6081565701236672e-05,2862,-1,-1.7121721424188747e-05
W-2022-47,44,45,1,1.6081565701236672e-05,2863,1,1.6081565701236672e-05
W-2022-47,44,46,1,1.6081565701236672e-05,2864,0,-5.200778614760371e-07
W-2022-47,14,8,1,1.6048015662863286e-05,2865,0,1.255116254579262e-06
W-2022-47,14,16,1,1.6048015662863286e-05,2866,-1,-1.3537783153704761e-05
W-2022-47,14,29,1,1.6048015662863286e-05,2867,0,1.255116254579262e-06
W-2022-47,14,32,1,1.6048015662863286e-05,2868,0,1.255116254579262e-06
W-2022-47,14,42,1,1.6048015662863286e-05,2869,0,1.255116254579262e-06
W-2022-47,14,47,1,1.6048015662863286e-05,2870,1,1.6048015662863286e-05
W-2022-47,14,55,1,1.6048015662863286e-05,2871,1,1.6048015662863286e-05
W-2022-47,14,79,1,1.6048015662863286e-05,2872,0,1.255116254579262e-06
W-2022-47,14,87,1,1.6048015662863286e-05,2873,0,1.255116254579262e-06
W-2022-47,14,89,1,1.6048015662863286e-05,2874,0,1.255116254579262e-06
W-2022-47,14,93,1,1.6048015662863286e-05,2875,-1,-1.3537783153704761e-05
W-2022-47,14,99,1,1.6048015662863286e-05,2876,0,1.255116254579262e-06
W-2022-47,14,101,1,1.6048015662863286e-05,2877,-4,-5.7916481378556834e-05
W-2022-47,50,18,6,1.586290222371451e-05,2878,2,4.037154614732854e-06
W-2022-47,50,91,6,1.586290222371451e-05,2879,-5,-1.665790370098504e-05
W-2022-47,59,79,7,1.575973163428417e-05,2880,-20,-4.7295357495252e-05
W-2022-47,62,28,8,1.553588108836615e-05,2881,-1,-2.7516352434019088e-06
W-2022-47,61,17,3,1.5377912192121384e-05,2882,0,-7.261846901254601e-07
W-2022-47,61,77,3,1.5377912192121384e-05,2883,0,-7.261846901254601e-07
W-2022-47,101,17,5,1.5086961244613955e-05,2884,-9,-2.7364424338289053e-05
W-2022-47,101,76,5,1.5086961244613955e-05,2885,0,-7.424789213711997e-08
W-2022-47,101,79,5,1.5086961244613955e-05,2886,-13,-3.9493391647689915e-05
W-2022-47,55,93,6,1.4889076380961834e-05,2887,-86,-0.00022210399672367319
W-2022-47,32,42,3,1.4737017915301446e-05,2888,3,1.4737017915301446e-05
W-2022-47,91,63,4,1.4724287712581903e-05,2889,-1,-3.7829893487586153e-06
W-2022-47,91,71,4,1.4724287712581903e-05,2890,0,-8.153393649051196e-08
W-2022-47,19,3,3,1.4617247377422199e-05,2891,1,4.4326515785679655e-06
W-2022-47,19,11,3,1.4617247377422199e-05,2892,-2,-1.0844242119713384e-05
W-2022-47,19,91,3,1.4617247377422199e-05,2893,-24,-0.00012287479590710994
W-2022-47,60,11,1,1.4327058081893463e-05,2894,0,-1.0417156436509751e-06
W-2022-47,60,29,1,1.4327058081893463e-05,2895,-2,-3.177926309473986e-05
W-2022-47,60,67,1,1.4327058081893463e-05,2896,1,1.4327058081893463e-05
W-2022-47,60,98,1,1.4327058081893463e-05,2897,1,1.4327058081893463e-05
W-2022-47,41,4,7,1.4326002513190154e-05,2898,6,1.2169649682114523e-05
W-2022-47,28,41,3,1.4074001097772085e-05,2899,2,9.17619384607867e-06
W-2022-47,42,29,2,1.3980930011464363e-05,2900,1,6.950311668581107e-06
W-2022-47,62,67,7,1.3593895952320381e-05,2901,-7,-1.4853351674874373e-05
W-2022-47,66,59,4,1.3523976319517464e-05,2902,3,1.0179539455796577e-05
W-2022-47,66,61,4,1.3523976319517464e-05,2903,4,1.3523976319517464e-05
W-2022-47,57,67,3,1.3296811424620376e-05,2904,-10,-4.697208055498092e-05
W-2022-47,50,68,5,1.321908518642876e-05,2905,-2,-7.4759731292891376e-06
W-2022-47,29,14,3,1.3143079949355332e-05,2906,-3,-1.5555991157376513e-05
W-2022-47,29,27,3,1.3143079949355332e-05,2907,0,-1.2064556040105901e-06
W-2022-47,29,62,3,1.3143079949355332e-05,2908,0,-1.2064556040105901e-06
W-2022-47,29,75,3,1.3143079949355332e-05,2909,-2,-1.0772812639587872e-05
W-2022-47,29,88,3,1.3143079949355332e-05,2910,2,8.359901431566692e-06
W-2022-47,49,67,4,1.3072237182671442e-05,2911,-4,-1.468019722618436e-05
W-2022-47,49,75,4,1.3072237182671442e-05,2912,-5,-1.8149251527291334e-05
W-2022-47,89,47,3,1.3039963140370857e-05,2913,-2,-9.089805824841146e-06
W-2022-47,89,80,3,1.3039963140370857e-05,2914,2,8.614009347328456e-06
W-2022-47,89,95,3,1.3039963140370857e-05,2915,3,1.3039963140370857e-05
W-2022-47,26,31,1,1.2970000389100012e-05,2916,-4,-5.714835940222775e-05
W-2022-47,26,41,1,1.2970000389100012e-05,2917,0,-1.053671569165541e-06
W-2022-47,26,43,1,1.2970000389100012e-05,2918,1,1.2970000389100012e-05
W-2022-47,26,47,1,1.2970000389100012e-05,2919,1,1.2970000389100012e-05
W-2022-47,26,75,1,1.2970000389100012e-05,2920,1,1.2970000389100012e-05
W-2022-47,26,79,1,1.2970000389100012e-05,2921,1,1.2970000389100012e-05
W-2022-47,26,88,1,1.2970000389100012e-05,2922,0,-1.053671569165541e-06
W-2022-47,26,100,1,1.2970000389100012e-05,2923,1,1.2970000389100012e-05
W-2022-47,26,101,1,1.2970000389100012e-05,2924,-1,-1.5077343527431094e-05
W-2022-47,5,13,1,1.2810330250313854e-05,2925,1,1.2810330250313854e-05
W-2022-47,5,29,1,1.2810330250313854e-05,2926,1,1.2810330250313854e-05
W-2022-47,5,35,1,1.2810330250313854e-05,2927,1,1.2810330250313854e-05
W-2022-47,5,36,1,1.2810330250313854e-05,2928,0,-2.7638104464732023e-06
W-2022-47,5,37,1,1.2810330250313854e-05,2929,0,-2.7638104464732023e-06
W-2022-47,5,40,1,1.2810330250313854e-05,2930,1,1.2810330250313854e-05
W-2022-47,5,41,1,1.2810330250313854e-05,2931,1,1.2810330250313854e-05
W-2022-47,5,79,1,1.2810330250313854e-05,2932,1,1.2810330250313854e-05
W-2022-47,5,88,1,1.2810330250313854e-05,2933,1,1.2810330250313854e-05
W-2022-47,55,28,5,1.2407563650801529e-05,2934,3,7.255540322439899e-06
W-2022-47,43,14,1,1.2405870457900679e-05,2935,1,1.2405870457900679e-05
W-2022-47,43,29,1,1.2405870457900679e-05,2936,-2,-2.1944619036574617e-05
W-2022-47,43,45,1,1.2405870457900679e-05,2937,1,1.2405870457900679e-05
W-2022-47,43,56,1,1.2405870457900679e-05,2938,1,1.2405870457900679e-05
W-2022-47,43,58,1,1.2405870457900679e-05,2939,0,9.557072930755809e-07
W-2022-47,43,63,1,1.2405870457900679e-05,2940,-4,-4.4844945366224816e-05
W-2022-47,43,75,1,1.2405870457900679e-05,2941,-4,-4.4844945366224816e-05
W-2022-47,43,87,1,1.2405870457900679e-05,2942,1,1.2405870457900679e-05
W-2022-47,43,92,1,1.2405870457900679e-05,2943,1,1.2405870457900679e-05
W-2022-47,75,11,1,1.2402793109008148e-05,2944,0,-2.5607569447557353e-07
W-2022-47,75,18,1,1.2402793109008148e-05,2945,1,1.2402793109008148e-05
W-2022-47,75,19,1,1.2402793109008148e-05,2946,1,1.2402793109008148e-05
W-2022-47,75,28,1,1.2402793109008148e-05,2947,1,1.2402793109008148e-05
W-2022-47,75,32,1,1.2402793109008148e-05,2948,0,-2.5607569447557353e-07
W-2022-47,75,34,1,1.2402793109008148e-05,2949,1,1.2402793109008148e-05
W-2022-47,75,43,1,1.2402793109008148e-05,2950,1,1.2402793109008148e-05
W-2022-47,75,57,1,1.2402793109008148e-05,2951,0,-2.5607569447557353e-07
W-2022-47,75,65,1,1.2402793109008148e-05,2952,1,1.2402793109008148e-05
W-2022-47,75,72,1,1.2402793109008148e-05,2953,1,1.2402793109008148e-05
W-2022-47,75,79,1,1.2402793109008148e-05,2954,1,1.2402793109008148e-05
W-2022-47,75,82,1,1.2402793109008148e-05,2955,1,1.2402793109008148e-05
W-2022-47,17,1,2,1.2133639909968392e-05,2956,-1,-5.768791837010572e-06
W-2022-47,17,8,2,1.2133639909968392e-05,2957,0,1.986854119824151e-07
W-2022-47,17,22,2,1.2133639909968392e-05,2958,1,6.166162660975403e-06
W-2022-47,17,28,2,1.2133639909968392e-05,2959,2,1.2133639909968392e-05
W-2022-47,17,32,2,1.2133639909968392e-05,2960,1,6.166162660975403e-06
W-2022-47,17,49,2,1.2133639909968392e-05,2961,1,6.166162660975403e-06
W-2022-47,17,73,2,1.2133639909968392e-05,2962,2,1.2133639909968392e-05
W-2022-47,101,14,4,1.2069568995691164e-05,2963,2,6.005085340990735e-06
W-2022-47,101,67,4,1.2069568995691164e-05,2964,-5,-1.522060745046077e-05
W-2022-47,101,68,4,1.2069568995691164e-05,2965,-4,-1.2188365623110554e-05
W-2022-47,101,78,4,1.2069568995691164e-05,2966,3,9.03732716834095e-06
W-2022-47,101,90,4,1.2069568995691164e-05,2967,3,9.03732716834095e-06
W-2022-47,101,97,4,1.2069568995691164e-05,2968,-1,-3.0916401410599106e-06
W-2022-47,62,17,6,1.1651910816274613e-05,2969,-4,-8.667551774578783e-06
W-2022-47,62,93,6,1.1651910816274613e-05,2970,-73,-0.00014887184365146723
W-2022-47,91,29,3,1.1043215784436429e-05,2971,0,-6.115045236788312e-08
W-2022-47,91,40,3,1.1043215784436429e-05,2972,-4,-1.4866972101440297e-05
W-2022-47,91,66,3,1.1043215784436429e-05,2973,3,1.1043215784436429e-05
W-2022-47,50,45,4,1.0575268149143006e-05,2974,1,1.7059574424067645e-06
W-2022-47,61,4,2,1.0251941461414255e-05,2975,1,4.883909167331974e-06
W-2022-47,61,26,2,1.0251941461414255e-05,2976,-14,-7.563657524390224e-05
W-2022-47,61,72,2,1.0251941461414255e-05,2977,2,1.0251941461414255e-05
W-2022-47,61,88,2,1.0251941461414255e-05,2978,1,4.883909167331974e-06
W-2022-47,41,67,5,1.0232858937992968e-05,2979,-10,-2.2112433528141508e-05
W-2022-47,66,62,3,1.0142982239638098e-05,2980,3,1.0142982239638098e-05
W-2022-47,66,75,3,1.0142982239638098e-05,2981,-1,-3.2347652152454486e-06
W-2022-47,32,3,2,9.824678610200964e-06,2982,2,9.824678610200964e-06
W-2022-47,32,33,2,9.824678610200964e-06,2983,2,9.824678610200964e-06
W-2022-47,32,59,2,9.824678610200964e-06,2984,2,9.824678610200964e-06
W-2022-47,49,51,3,9.804177887003582e-06,2985,3,9.804177887003582e-06
W-2022-47,49,98,3,9.804177887003582e-06,2986,-12,-4.223163662960104e-05
W-2022-47,19,8,2,9.744831584948133e-06,2987,2,9.744831584948133e-06
W-2022-47,19,64,2,9.744831584948133e-06,2988,-4,-2.0808955811614563e-05
W-2022-47,19,66,2,9.744831584948133e-06,2989,2,9.744831584948133e-06
W-2022-47,19,76,2,9.744831584948133e-06,2990,-2,-1.0624360012760335e-05
W-2022-47,19,79,2,9.744831584948133e-06,2991,1,4.652533685521016e-06
W-2022-47,62,4,5,9.709925680228843e-06,2992,2,3.614086902972824e-06
W-2022-47,62,18,5,9.709925680228843e-06,2993,-3,-6.545644392453874e-06
W-2022-47,28,55,2,9.382667398514723e-06,2994,-2,-1.0208561608258944e-05
W-2022-47,28,75,2,9.382667398514723e-06,2995,1,4.484860146821306e-06
W-2022-47,28,101,2,9.382667398514723e-06,2996,1,4.484860146821306e-06
W-2022-47,101,15,3,9.052176746768374e-06,2997,2,6.019934919418159e-06
W-2022-47,101,23,3,9.052176746768374e-06,2998,2,6.019934919418159e-06
W-2022-47,101,36,3,9.052176746768374e-06,2999,1,2.987693092067944e-06
W-2022-47,101,63,3,9.052176746768374e-06,3000,-12,-3.643145066348485e-05
W-2022-47,101,93,3,9.052176746768374e-06,3001,-9,-2.733472518143421e-05
W-2022-47,59,29,4,9.005560933876668e-06,3002,-3,-7.342054766373452e-06
W-2022-47,59,98,4,9.005560933876668e-06,3003,0,-3.359337519805429e-07
W-2022-47,57,33,2,8.864540949746918e-06,3004,1,4.228472335931433e-06
W-2022-47,57,40,2,8.864540949746918e-06,3005,1,4.228472335931433e-06
W-2022-47,57,56,2,8.864540949746918e-06,3006,-1,-5.043664891699536e-06
W-2022-47,29,4,2,8.76205329957022e-06,3007,2,8.76205329957022e-06
W-2022-47,29,43,2,8.76205329957022e-06,3008,0,-8.043037360070618e-07
W-2022-47,29,46,2,8.76205329957022e-06,3009,1,3.978874781781579e-06
W-2022-47,29,59,2,8.76205329957022e-06,3010,-2,-1.0370660771584344e-05
W-2022-47,29,60,2,8.76205329957022e-06,3011,-2,-1.0370660771584344e-05
W-2022-47,29,76,2,8.76205329957022e-06,3012,1,3.978874781781579e-06
W-2022-47,29,100,2,8.76205329957022e-06,3013,0,-8.043037360070618e-07
W-2022-47,89,3,2,8.693308760247238e-06,3014,-1,-4.584552618879965e-06
W-2022-47,89,5,2,8.693308760247238e-06,3015,-4,-1.7862413998007167e-05
W-2022-47,89,28,2,8.693308760247238e-06,3016,-4,-1.7862413998007167e-05
W-2022-47,89,53,2,8.693308760247238e-06,3017,-1,-4.584552618879965e-06
W-2022-47,89,56,2,8.693308760247238e-06,3018,0,-1.585988258375639e-07
W-2022-47,41,84,4,8.186287150394375e-06,3019,4,8.186287150394375e-06
W-2022-47,41,100,4,8.186287150394375e-06,3020,-1,-2.595477004983784e-06
W-2022-47,50,66,3,7.931451111857255e-06,3021,2,4.975014209611841e-06
W-2022-47,62,11,4,7.767940544183075e-06,3022,-4,-8.487629528499642e-06
W-2022-47,62,68,4,7.767940544183075e-06,3023,-6,-1.2551522046670321e-05
W-2022-47,62,98,4,7.767940544183075e-06,3024,-23,-4.70946084511211e-05
W-2022-47,55,52,3,7.444538190480917e-06,3025,-10,-2.6043613443869684e-05
W-2022-47,55,68,3,7.444538190480917e-06,3026,0,-2.834968020615293e-07
W-2022-47,55,80,3,7.444538190480917e-06,3027,-6,-1.5739566787146425e-05
W-2022-47,91,4,2,7.362143856290952e-06,3028,1,3.660688444022848e-06
W-2022-47,91,5,2,7.362143856290952e-06,3029,2,7.362143856290952e-06
W-2022-47,91,34,2,7.362143856290952e-06,3030,0,-4.076696824525598e-08
W-2022-47,42,3,1,6.9904650057321815e-06,3031,-1,-7.070771680034331e-06
W-2022-47,42,4,1,6.9904650057321815e-06,3032,0,-4.0153337151074765e-08
W-2022-47,42,10,1,6.9904650057321815e-06,3033,1,6.9904650057321815e-06
W-2022-47,42,13,1,6.9904650057321815e-06,3034,1,6.9904650057321815e-06
W-2022-47,42,17,1,6.9904650057321815e-06,3035,0,-4.0153337151074765e-08
W-2022-47,42,22,1,6.9904650057321815e-06,3036,1,6.9904650057321815e-06
W-2022-47,42,28,1,6.9904650057321815e-06,3037,-1,-7.070771680034331e-06
W-2022-47,42,30,1,6.9904650057321815e-06,3038,0,-4.0153337151074765e-08
W-2022-47,42,32,1,6.9904650057321815e-06,3039,-1,-7.070771680034331e-06
W-2022-47,42,66,1,6.9904650057321815e-06,3040,0,-4.0153337151074765e-08
W-2022-47,42,67,1,6.9904650057321815e-06,3041,0,-4.0153337151074765e-08
W-2022-47,42,72,1,6.9904650057321815e-06,3042,0,-4.0153337151074765e-08
W-2022-47,42,88,1,6.9904650057321815e-06,3043,-1,-7.070771680034331e-06
W-2022-47,42,93,1,6.9904650057321815e-06,3044,0,-4.0153337151074765e-08
W-2022-47,66,3,2,6.761988159758732e-06,3045,1,3.4175512960378455e-06
W-2022-47,66,21,2,6.761988159758732e-06,3046,0,7.311443231695892e-08
W-2022-47,66,40,2,6.761988159758732e-06,3047,1,3.4175512960378455e-06
W-2022-47,66,55,2,6.761988159758732e-06,3048,1,3.4175512960378455e-06
W-2022-47,66,93,2,6.761988159758732e-06,3049,2,6.761988159758732e-06
W-2022-47,59,77,3,6.754170700407501e-06,3050,1,2.0834233574788957e-06
W-2022-47,49,18,2,6.536118591335721e-06,3051,2,6.536118591335721e-06
W-2022-47,49,26,2,6.536118591335721e-06,3052,-2,-7.34009861309218e-06
W-2022-47,49,40,2,6.536118591335721e-06,3053,-1,-3.871044311985205e-06
W-2022-47,49,66,2,6.536118591335721e-06,3054,1,3.0670642902287456e-06
W-2022-47,49,76,2,6.536118591335721e-06,3055,2,6.536118591335721e-06
W-2022-47,49,87,2,6.536118591335721e-06,3056,-1,-3.871044311985205e-06
W-2022-47,49,93,2,6.536118591335721e-06,3057,-3,-1.0809152914199155e-05
W-2022-47,41,32,3,6.139715362795781e-06,3058,-19,-4.1300046920868125e-05
W-2022-47,41,88,3,6.139715362795781e-06,3059,-3,-6.798401623658011e-06
W-2022-47,17,25,1,6.066819954984196e-06,3060,-2,-1.1835611791994768e-05
W-2022-47,17,27,1,6.066819954984196e-06,3061,0,9.934270599120754e-08
W-2022-47,17,30,1,6.066819954984196e-06,3062,0,9.934270599120754e-08
W-2022-47,17,37,1,6.066819954984196e-06,3063,1,6.066819954984196e-06
W-2022-47,17,41,1,6.066819954984196e-06,3064,0,9.934270599120754e-08
W-2022-47,17,75,1,6.066819954984196e-06,3065,1,6.066819954984196e-06
W-2022-47,17,76,1,6.066819954984196e-06,3066,0,9.934270599120754e-08
W-2022-47,17,79,1,6.066819954984196e-06,3067,1,6.066819954984196e-06
W-2022-47,17,91,1,6.066819954984196e-06,3068,1,6.066819954984196e-06
W-2022-47,17,93,1,6.066819954984196e-06,3069,1,6.066819954984196e-06
W-2022-47,101,26,2,6.034784497845582e-06,3070,-3,-9.126424638905494e-06
W-2022-47,101,37,2,6.034784497845582e-06,3071,-2,-6.094182811555277e-06
W-2022-47,101,40,2,6.034784497845582e-06,3072,-4,-1.215866646625571e-05
W-2022-47,101,85,2,6.034784497845582e-06,3073,2,6.034784497845582e-06
W-2022-47,62,22,3,5.825955408137306e-06,3074,0,-2.698833691187124e-07
W-2022-47,50,51,2,5.287634074571503e-06,3075,-7,-2.132029804563722e-05
W-2022-47,50,56,2,5.287634074571503e-06,3076,-9,-2.7233171850128046e-05
W-2022-47,61,10,1,5.125970730707128e-06,3077,1,5.125970730707128e-06
W-2022-47,61,21,1,5.125970730707128e-06,3078,1,5.125970730707128e-06
W-2022-47,61,22,1,5.125970730707128e-06,3079,1,5.125970730707128e-06
W-2022-47,61,34,1,5.125970730707128e-06,3080,1,5.125970730707128e-06
W-2022-47,61,86,1,5.125970730707128e-06,3081,1,5.125970730707128e-06
W-2022-47,61,92,1,5.125970730707128e-06,3082,-1,-5.610093857457435e-06
W-2022-47,61,99,1,5.125970730707128e-06,3083,1,5.125970730707128e-06
W-2022-47,61,100,1,5.125970730707128e-06,3084,-2,-1.0978126151539717e-05
W-2022-47,55,10,2,4.9630254603206115e-06,3085,-5,-1.3069056188945095e-05
W-2022-47,55,14,2,4.9630254603206115e-06,3086,0,-1.8899786804101895e-07
W-2022-47,55,84,2,4.9630254603206115e-06,3087,0,-1.8899786804101895e-07
W-2022-47,32,4,1,4.912339305100482e-06,3088,1,4.912339305100482e-06
W-2022-47,32,9,1,4.912339305100482e-06,3089,1,4.912339305100482e-06
W-2022-47,32,62,1,4.912339305100482e-06,3090,1,4.912339305100482e-06
W-2022-47,32,75,1,4.912339305100482e-06,3091,0,-7.362293476029228e-07
W-2022-47,32,79,1,4.912339305100482e-06,3092,-2,-1.2033366653009733e-05
W-2022-47,32,81,1,4.912339305100482e-06,3093,1,4.912339305100482e-06
W-2022-47,32,88,1,4.912339305100482e-06,3094,0,-7.362293476029228e-07
W-2022-47,32,97,1,4.912339305100482e-06,3095,1,4.912339305100482e-06
W-2022-47,19,5,1,4.872415792474066e-06,3096,-5,-2.568137160408863e-05
W-2022-47,19,18,1,4.872415792474066e-06,3097,-9,-4.60505632017971e-05
W-2022-47,19,28,1,4.872415792474066e-06,3098,0,-2.1988210695305045e-07
W-2022-47,19,29,1,4.872415792474066e-06,3099,-1,-5.312180006380167e-06
W-2022-47,19,33,1,4.872415792474066e-06,3100,-2,-1.0404477905807282e-05
W-2022-47,19,35,1,4.872415792474066e-06,3101,0,-2.1988210695305045e-07
W-2022-47,19,67,1,4.872415792474066e-06,3102,-2,-1.0404477905807282e-05
W-2022-47,19,86,1,4.872415792474066e-06,3103,1,4.872415792474066e-06
W-2022-47,19,90,1,4.872415792474066e-06,3104,-1,-5.312180006380167e-06
W-2022-47,19,97,1,4.872415792474066e-06,3105,-2,-1.0404477905807282e-05
W-2022-47,28,4,1,4.6913336992573615e-06,3106,1,4.6913336992573615e-06
W-2022-47,28,5,1,4.6913336992573615e-06,3107,0,-2.0647355243605536e-07
W-2022-47,28,14,1,4.6913336992573615e-06,3108,1,4.6913336992573615e-06
W-2022-47,28,42,1,4.6913336992573615e-06,3109,1,4.6913336992573615e-06
W-2022-47,28,59,1,4.6913336992573615e-06,3110,-1,-5.104280804129472e-06
W-2022-47,28,61,1,4.6913336992573615e-06,3111,1,4.6913336992573615e-06
W-2022-47,28,78,1,4.6913336992573615e-06,3112,1,4.6913336992573615e-06
W-2022-47,28,93,1,4.6913336992573615e-06,3113,0,-2.0647355243605536e-07
W-2022-47,59,18,2,4.502780466938334e-06,3114,2,4.502780466938334e-06
W-2022-47,59,28,2,4.502780466938334e-06,3115,0,-1.6796687599027144e-07
W-2022-47,59,52,2,4.502780466938334e-06,3116,2,4.502780466938334e-06
W-2022-47,57,11,1,4.432270474873459e-06,3117,0,-2.0379813894202545e-07
W-2022-47,57,17,1,4.432270474873459e-06,3118,1,4.432270474873459e-06
W-2022-47,57,28,1,4.432270474873459e-06,3119,1,4.432270474873459e-06
W-2022-47,57,58,1,4.432270474873459e-06,3120,-4,-1.8748072594203964e-05
W-2022-47,57,66,1,4.432270474873459e-06,3121,-3,-1.4112003980388477e-05
W-2022-47,57,68,1,4.432270474873459e-06,3122,-3,-1.4112003980388477e-05
W-2022-47,57,91,1,4.432270474873459e-06,3123,-11,-5.120055289091236e-05
W-2022-47,57,98,1,4.432270474873459e-06,3124,-4,-1.8748072594203964e-05
W-2022-47,29,9,1,4.38102664978511e-06,3125,1,4.38102664978511e-06
W-2022-47,29,42,1,4.38102664978511e-06,3126,1,4.38102664978511e-06
W-2022-47,29,44,1,4.38102664978511e-06,3127,1,4.38102664978511e-06
W-2022-47,29,52,1,4.38102664978511e-06,3128,1,4.38102664978511e-06
W-2022-47,29,53,1,4.38102664978511e-06,3129,0,-4.021518680035309e-07
W-2022-47,29,54,1,4.38102664978511e-06,3130,1,4.38102664978511e-06
W-2022-47,29,64,1,4.38102664978511e-06,3131,1,4.38102664978511e-06
W-2022-47,29,85,1,4.38102664978511e-06,3132,-1,-5.185330385792172e-06
W-2022-47,29,91,1,4.38102664978511e-06,3133,-1,-5.185330385792172e-06
W-2022-47,29,93,1,4.38102664978511e-06,3134,-1,-5.185330385792172e-06
W-2022-47,89,12,1,4.346654380123619e-06,3135,-1,-4.505253205961183e-06
W-2022-47,89,15,1,4.346654380123619e-06,3136,1,4.346654380123619e-06
W-2022-47,89,21,1,4.346654380123619e-06,3137,1,4.346654380123619e-06
W-2022-47,89,33,1,4.346654380123619e-06,3138,0,-7.929941291878194e-08
W-2022-47,89,40,1,4.346654380123619e-06,3139,-1,-4.505253205961183e-06
W-2022-47,89,51,1,4.346654380123619e-06,3140,1,4.346654380123619e-06
W-2022-47,89,52,1,4.346654380123619e-06,3141,-2,-8.931206999003584e-06
W-2022-47,89,58,1,4.346654380123619e-06,3142,-1,-4.505253205961183e-06
W-2022-47,89,60,1,4.346654380123619e-06,3143,-3,-1.3357160792045984e-05
W-2022-47,89,69,1,4.346654380123619e-06,3144,1,4.346654380123619e-06
W-2022-47,89,71,1,4.346654380123619e-06,3145,0,-7.929941291878194e-08
W-2022-47,89,73,1,4.346654380123619e-06,3146,1,4.346654380123619e-06
W-2022-47,89,85,1,4.346654380123619e-06,3147,1,4.346654380123619e-06
W-2022-47,89,90,1,4.346654380123619e-06,3148,0,-7.929941291878194e-08
W-2022-47,89,92,1,4.346654380123619e-06,3149,0,-7.929941291878194e-08
W-2022-47,41,3,2,4.093143575197188e-06,3150,1,1.9367907441215557e-06
W-2022-47,41,5,2,4.093143575197188e-06,3151,2,4.093143575197188e-06
W-2022-47,41,10,2,4.093143575197188e-06,3152,1,1.9367907441215557e-06
W-2022-47,41,17,2,4.093143575197188e-06,3153,-3,-6.6886205801809715e-06
W-2022-47,41,28,2,4.093143575197188e-06,3154,-3,-6.6886205801809715e-06
W-2022-47,41,72,2,4.093143575197188e-06,3155,1,1.9367907441215557e-06
W-2022-47,62,14,2,3.883970272091537e-06,3156,-1,-2.2118685051644815e-06
W-2022-47,62,63,2,3.883970272091537e-06,3157,-1,-2.2118685051644815e-06
W-2022-47,91,14,1,3.681071928145476e-06,3158,-2,-7.423294308658836e-06
W-2022-47,91,36,1,3.681071928145476e-06,3159,-3,-1.1124749720926939e-05
W-2022-47,91,37,1,3.681071928145476e-06,3160,1,3.681071928145476e-06
W-2022-47,91,47,1,3.681071928145476e-06,3161,0,-2.038348412262799e-08
W-2022-47,91,48,1,3.681071928145476e-06,3162,1,3.681071928145476e-06
W-2022-47,91,52,1,3.681071928145476e-06,3163,-2,-7.423294308658836e-06
W-2022-47,91,53,1,3.681071928145476e-06,3164,1,3.681071928145476e-06
W-2022-47,91,73,1,3.681071928145476e-06,3165,-1,-3.721838896390732e-06
W-2022-47,66,13,1,3.380994079879366e-06,3166,-3,-9.99675337500418e-06
W-2022-47,66,14,1,3.380994079879366e-06,3167,1,3.380994079879366e-06
W-2022-47,66,17,1,3.380994079879366e-06,3168,-1,-3.307879647562407e-06
W-2022-47,66,22,1,3.380994079879366e-06,3169,1,3.380994079879366e-06
W-2022-47,66,24,1,3.380994079879366e-06,3170,1,3.380994079879366e-06
W-2022-47,66,31,1,3.380994079879366e-06,3171,1,3.380994079879366e-06
W-2022-47,66,41,1,3.380994079879366e-06,3172,-2,-6.652316511283293e-06
W-2022-47,66,42,1,3.380994079879366e-06,3173,1,3.380994079879366e-06
W-2022-47,66,50,1,3.380994079879366e-06,3174,1,3.380994079879366e-06
W-2022-47,66,57,1,3.380994079879366e-06,3175,1,3.380994079879366e-06
W-2022-47,66,68,1,3.380994079879366e-06,3176,-1,-3.307879647562407e-06
W-2022-47,66,76,1,3.380994079879366e-06,3177,1,3.380994079879366e-06
W-2022-47,66,79,1,3.380994079879366e-06,3178,0,3.655721615847946e-08
W-2022-47,66,89,1,3.380994079879366e-06,3179,-8,-2.6718937693608616e-05
W-2022-47,66,94,1,3.380994079879366e-06,3180,1,3.380994079879366e-06
W-2022-47,49,3,1,3.2680592956678604e-06,3181,-1,-3.67004930654609e-06
W-2022-47,49,4,1,3.2680592956678604e-06,3182,1,3.2680592956678604e-06
W-2022-47,49,11,1,3.2680592956678604e-06,3183,-1,-3.67004930654609e-06
W-2022-47,49,14,1,3.2680592956678604e-06,3184,-1,-3.67004930654609e-06
W-2022-47,49,22,1,3.2680592956678604e-06,3185,1,3.2680592956678604e-06
W-2022-47,49,35,1,3.2680592956678604e-06,3186,1,3.2680592956678604e-06
W-2022-47,49,38,1,3.2680592956678604e-06,3187,0,-2.0099500543911485e-07
W-2022-47,49,39,1,3.2680592956678604e-06,3188,1,3.2680592956678604e-06
W-2022-47,49,47,1,3.2680592956678604e-06,3189,0,-2.0099500543911485e-07
W-2022-47,49,63,1,3.2680592956678604e-06,3190,0,-2.0099500543911485e-07
W-2022-47,49,99,1,3.2680592956678604e-06,3191,1,3.2680592956678604e-06
W-2022-47,101,4,1,3.017392248922791e-06,3192,-2,-6.079333233127855e-06
W-2022-47,101,13,1,3.017392248922791e-06,3193,-29,-8.794986257158365e-05
W-2022-47,101,16,1,3.017392248922791e-06,3194,1,3.017392248922791e-06
W-2022-47,101,21,1,3.017392248922791e-06,3195,1,3.017392248922791e-06
W-2022-47,101,25,1,3.017392248922791e-06,3196,1,3.017392248922791e-06
W-2022-47,101,32,1,3.017392248922791e-06,3197,-3,-9.111575060478069e-06
W-2022-47,101,39,1,3.017392248922791e-06,3198,-1,-3.0470914057776386e-06
W-2022-47,101,69,1,3.017392248922791e-06,3199,1,3.017392248922791e-06
W-2022-47,101,71,1,3.017392248922791e-06,3200,1,3.017392248922791e-06
W-2022-47,101,74,1,3.017392248922791e-06,3201,-1,-3.0470914057776386e-06
W-2022-47,101,84,1,3.017392248922791e-06,3202,1,3.017392248922791e-06
W-2022-47,101,92,1,3.017392248922791e-06,3203,-1,-3.0470914057776386e-06
W-2022-47,101,100,1,3.017392248922791e-06,3204,-2,-6.079333233127855e-06
W-2022-47,50,12,1,2.6438170372857515e-06,3205,0,-3.126198649596623e-07
W-2022-47,50,17,1,2.6438170372857515e-06,3206,-6,-1.8051241278432144e-05
W-2022-47,50,26,1,2.6438170372857515e-06,3207,0,-3.126198649596623e-07
W-2022-47,50,38,1,2.6438170372857515e-06,3208,1,2.6438170372857515e-06
W-2022-47,50,40,1,2.6438170372857515e-06,3209,0,-3.126198649596623e-07
W-2022-47,50,47,1,2.6438170372857515e-06,3210,-13,-3.8746299594150044e-05
W-2022-47,50,63,1,2.6438170372857515e-06,3211,0,-3.126198649596623e-07
W-2022-47,50,67,1,2.6438170372857515e-06,3212,-6,-1.8051241278432144e-05
W-2022-47,50,76,1,2.6438170372857515e-06,3213,-5,-1.5094804376186731e-05
W-2022-47,50,87,1,2.6438170372857515e-06,3214,0,-3.126198649596623e-07
W-2022-47,50,93,1,2.6438170372857515e-06,3215,0,-3.126198649596623e-07
W-2022-47,55,5,1,2.4815127301603057e-06,3216,0,-9.449893402050948e-08
W-2022-47,55,7,1,2.4815127301603057e-06,3217,0,-9.449893402050948e-08
W-2022-47,55,22,1,2.4815127301603057e-06,3218,1,2.4815127301603057e-06
W-2022-47,55,26,1,2.4815127301603057e-06,3219,1,2.4815127301603057e-06
W-2022-47,55,30,1,2.4815127301603057e-06,3220,1,2.4815127301603057e-06
W-2022-47,55,32,1,2.4815127301603057e-06,3221,-1,-2.6705105982013247e-06
W-2022-47,55,33,1,2.4815127301603057e-06,3222,-5,-1.2974557254924586e-05
W-2022-47,55,36,1,2.4815127301603057e-06,3223,0,-9.449893402050948e-08
W-2022-47,55,40,1,2.4815127301603057e-06,3224,1,2.4815127301603057e-06
W-2022-47,55,66,1,2.4815127301603057e-06,3225,-1,-2.6705105982013247e-06
W-2022-47,55,82,1,2.4815127301603057e-06,3226,1,2.4815127301603057e-06
W-2022-47,55,85,1,2.4815127301603057e-06,3227,1,2.4815127301603057e-06
W-2022-47,55,90,1,2.4815127301603057e-06,3228,0,-9.449893402050948e-08
W-2022-47,55,95,1,2.4815127301603057e-06,3229,1,2.4815127301603057e-06
W-2022-47,59,15,1,2.251390233469167e-06,3230,-1,-2.4193571094594385e-06
W-2022-47,59,17,1,2.251390233469167e-06,3231,0,-8.398343799513572e-08
W-2022-47,59,25,1,2.251390233469167e-06,3232,0,-8.398343799513572e-08
W-2022-47,59,30,1,2.251390233469167e-06,3233,-1,-2.4193571094594385e-06
W-2022-47,59,32,1,2.251390233469167e-06,3234,0,-8.398343799513572e-08
W-2022-47,59,40,1,2.251390233469167e-06,3235,-1,-2.4193571094594385e-06
W-2022-47,59,65,1,2.251390233469167e-06,3236,1,2.251390233469167e-06
W-2022-47,59,68,1,2.251390233469167e-06,3237,-4,-9.425478123852347e-06
W-2022-47,59,69,1,2.251390233469167e-06,3238,-1,-2.4193571094594385e-06
W-2022-47,59,90,1,2.251390233469167e-06,3239,-1,-2.4193571094594385e-06
W-2022-47,59,92,1,2.251390233469167e-06,3240,1,2.251390233469167e-06
W-2022-47,41,24,1,2.046571787598594e-06,3241,1,2.046571787598594e-06
W-2022-47,41,25,1,2.046571787598594e-06,3242,0,-1.097810434770381e-07
W-2022-47,41,37,1,2.046571787598594e-06,3243,-1,-2.26613387455267e-06
W-2022-47,41,63,1,2.046571787598594e-06,3244,-13,-2.8142367847460255e-05
W-2022-47,41,78,1,2.046571787598594e-06,3245,1,2.046571787598594e-06
W-2022-47,41,80,1,2.046571787598594e-06,3246,-4,-8.735192367779565e-06
W-2022-47,41,93,1,2.046571787598594e-06,3247,-13,-2.8142367847460255e-05
W-2022-47,62,3,1,1.9419851360457687e-06,3248,-2,-4.1538536412102505e-06
W-2022-47,62,5,1,1.9419851360457687e-06,3249,1,1.9419851360457687e-06
W-2022-47,62,26,1,1.9419851360457687e-06,3250,0,-8.996112303957093e-08
W-2022-47,62,36,1,1.9419851360457687e-06,3251,1,1.9419851360457687e-06
W-2022-47,62,37,1,1.9419851360457687e-06,3252,1,1.9419851360457687e-06
W-2022-47,62,38,1,1.9419851360457687e-06,3253,1,1.9419851360457687e-06
W-2022-47,62,40,1,1.9419851360457687e-06,3254,0,-8.996112303957093e-08
W-2022-47,62,72,1,1.9419851360457687e-06,3255,1,1.9419851360457687e-06
W-2022-47,62,85,1,1.9419851360457687e-06,3256,0,-8.996112303957093e-08
W-2022-47,62,90,1,1.9419851360457687e-06,3257,-1,-2.1219073821249105e-06
