period,class_id,support,precision,recall,f1,delta_recall_from_ref,delta_f1_from_ref,is_collapsed,top_confusion_target,top_confusion_count,top_confusion_rate
M-2022-4,0,1414,0.9046951646811493,0.9130127298444131,0.908834917282647,0.0,0.0,0,25,28,0.019801980198019802
M-2022-5,0,1621,0.9164603960396039,0.9136335595311537,0.9150447945628668,0.0006208296867405982,0.006209877280219822,0,82,28,0.01727328809376928
M-2022-6,0,1356,0.8956965718453683,0.9056047197640118,0.9006233956729006,-0.007408010080401262,-0.008211521609746364,0,25,32,0.02359882005899705
M-2022-7,0,627,0.8763358778625954,0.9154704944178629,0.8954758190327613,0.0024577645734498166,-0.013359098249885681,0,25,13,0.02073365231259968
M-2022-8,0,862,0.9112903225806451,0.9176334106728539,0.9144508670520232,0.004620680828440804,0.005615949769376183,0,129,9,0.010440835266821345
M-2022-9,0,1520,0.9164420485175202,0.8947368421052632,0.9054593874833555,-0.0182758877391499,-0.0033755297992914546,0,82,48,0.031578947368421054
M-2022-10,0,1642,0.9252396166134186,0.881851400730816,0.9030246336139695,-0.031161329113597036,-0.0058102836686775294,0,82,52,0.031668696711327646
M-2022-11,0,1567,0.9065969954278249,0.8857689853222719,0.8960619754680439,-0.027243744522141178,-0.01277294181460309,0,82,46,0.029355456285896617
M-2022-12,0,950,0.9036544850498339,0.8589473684210527,0.8807339449541285,-0.05406536142336038,-0.028100972328518492,0,82,34,0.035789473684210524
M-2022-4,1,10792,0.961175136973361,0.9428280207561156,0.9519131817756572,0.0,0.0,0,153,70,0.0064862861378799114
M-2022-5,1,10263,0.9483921415306422,0.9454350579752508,0.946911291109593,0.0026070372191352442,-0.005001890666064157,0,153,65,0.0063334307707298065
M-2022-6,1,9294,0.9525777681096367,0.9423283839035937,0.9474253569883168,-0.0004996368525218564,-0.004487824787340444,0,116,73,0.007854529804174736
M-2022-7,1,5041,0.9311765917988872,0.8964491172386432,0.9134829189407722,-0.046378903517472425,-0.03843026283488504,0,116,81,0.01606824042848641
M-2022-8,1,5146,0.8605823068309071,0.8960357559269335,0.877951256664128,-0.046792264829182084,-0.07396192511152921,0,116,97,0.018849591916051303
M-2022-9,1,3720,0.8276704962111953,0.9102150537634408,0.8669824606324414,-0.0326129669926748,-0.08493072114321576,0,151,35,0.009408602150537635
M-2022-10,1,4956,0.8567593480345158,0.9015334947538337,0.8785763445088979,-0.041294526002281895,-0.07333683726675932,0,116,46,0.009281678773204197
M-2022-11,1,7396,0.8934010152284264,0.9042725797728501,0.898803924203736,-0.038555440983265465,-0.0531092575719212,0,116,145,0.019605191995673336
M-2022-12,1,3117,0.7545114061967995,0.7109400064164261,0.7320779649818302,-0.23188801433968953,-0.219835216793827,0,2,86,0.027590632017965994
M-2022-4,2,7583,0.7204069934078533,0.6629302386918107,0.6904745553190028,0.0,0.0,0,117,373,0.049188975339575364
M-2022-5,2,8750,0.7628157959283787,0.7108571428571429,0.7359204921911974,0.047926904165332185,0.04544593687219456,0,117,341,0.038971428571428574
M-2022-6,2,7505,0.7428906861466215,0.7588274483677548,0.7507745039878716,0.09589720967594417,0.060299948668868786,0,117,283,0.03770819453697535
M-2022-7,2,4913,0.6682960893854749,0.7791573376755546,0.7194812517620525,0.11622709898374395,0.02900669644304965,0,117,173,0.035212700997353956
M-2022-8,2,5944,0.624072187454519,0.721399730820996,0.6692157627779945,0.058469492129185285,-0.021258792541008265,0,117,308,0.051816958277254375
M-2022-9,2,5358,0.5021926722308672,0.6625606569615529,0.571336605777742,-0.0003695817302578064,-0.11913794954126078,0,117,232,0.04329973870847331
M-2022-10,2,5086,0.40220765781303897,0.6877703499803381,0.5075818036711891,0.024840111288527478,-0.1828927516478137,0,117,175,0.034408179315768776
M-2022-11,2,7710,0.46429763096429766,0.7219195849546044,0.5651335160930043,0.05898934626279373,-0.12534103922599849,0,117,293,0.038002594033722435
M-2022-12,2,3678,0.38136422976501305,0.6353996737357259,0.47664695084642056,-0.027530564956084747,-0.21382760447258226,0,156,173,0.04703643284393692
M-2022-4,3,1593,0.9379267535692116,0.9485247959824231,0.9431960049937578,0.0,0.0,0,2,28,0.017576898932831136
M-2022-5,3,1684,0.8531618435155413,0.9453681710213777,0.8969014084507042,-0.0031566249610454067,-0.04629459654305357,0,2,40,0.023752969121140142
M-2022-6,3,1306,0.6410126582278481,0.9693721286370597,0.7717159402621152,0.020847332654636563,-0.17148006473164257,0,94,6,0.004594180704441042
M-2022-7,3,814,0.5692857142857143,0.9791154791154791,0.7199638663053297,0.030590683133056018,-0.22323213868842806,0,140,4,0.004914004914004914
M-2022-8,3,961,0.7017024426350851,0.9864724245577523,0.8200692041522492,0.037947628575329184,-0.12312680084150862,0,17,1,0.001040582726326743
M-2022-9,3,1029,0.7961321514907332,0.9601554907677357,0.8704845814977974,0.011630694785312534,-0.07271142349596038,0,140,7,0.006802721088435374
M-2022-10,3,1139,0.8167655786350149,0.9666374012291484,0.8854041013268998,0.01811260524672531,-0.057791903666857936,0,53,5,0.004389815627743635
M-2022-11,3,1321,0.7635919364691509,0.9462528387585163,0.8451656524678837,-0.0022719572239068286,-0.09803035252587411,0,53,16,0.012112036336109008
M-2022-12,3,743,0.8551068883610451,0.9690444145356663,0.9085173501577287,0.020519618553243135,-0.034678654836029055,0,94,4,0.005383580080753701
M-2022-4,4,3737,0.9523684899241036,0.9737757559539738,0.9629531622122255,0.0,0.0,0,28,9,0.002408348943002408
M-2022-5,4,4052,0.9586374695863747,0.9723593287265548,0.9654496446949277,-0.0014164272274189704,0.002496482482702178,0,94,14,0.0034550839091806516
M-2022-6,4,3168,0.9281454979129398,0.9826388888888888,0.9546151487273843,0.00886313293491503,-0.0083380134848412,0,28,9,0.002840909090909091
M-2022-7,4,1306,0.8729050279329609,0.9571209800918836,0.9130752373995618,-0.016654775862090188,-0.04987792481266373,0,94,31,0.023736600306278714
M-2022-8,4,537,0.7709580838323353,0.9590316573556797,0.8547717842323651,-0.014744098598294064,-0.10818137797986038,0,107,5,0.00931098696461825
M-2022-9,4,1001,0.8570167696381289,0.97002997002997,0.9100281162136832,-0.003745785924003764,-0.05292504599854231,0,94,6,0.005994005994005994
M-2022-10,4,972,0.8296557811120918,0.9670781893004116,0.8931116389548693,-0.006697566653562248,-0.06984152325735615,0,107,8,0.00823045267489712
M-2022-11,4,1300,0.6075322101090188,0.943076923076923,0.7389993972272453,-0.030698832877050775,-0.2239537649849802,0,170,17,0.013076923076923076
M-2022-12,4,869,0.6099185788304959,0.9482163406214039,0.7423423423423423,-0.02555941533256989,-0.22061081986988318,0,107,8,0.009205983889528193
M-2022-4,5,2093,0.9365671641791045,0.9593884376493073,0.9478404531508142,0.0,0.0,0,6,30,0.01433349259436216
M-2022-5,5,2200,0.8490642799023597,0.9486363636363636,0.8960927436668098,-0.010752074012943647,-0.05174770948400442,0,6,32,0.014545454545454545
M-2022-6,5,1778,0.46020573903627504,0.9561304836895388,0.6213450292397661,-0.003257953959768467,-0.32649542391104813,0,6,21,0.011811023622047244
M-2022-7,5,949,0.4429637526652452,0.8756585879873551,0.5883185840707965,-0.08372984966195218,-0.3595218690800177,0,14,35,0.0368809272918862
M-2022-8,5,2001,0.5752364574376613,0.6686656671664168,0.6184423388028657,-0.2907227704828904,-0.3293981143479485,0,14,257,0.12843578210894552
M-2022-9,5,2682,0.5613440197287299,0.6789709172259508,0.6145798177522781,-0.28041752042335644,-0.3332606353985361,0,14,344,0.12826249067859807
M-2022-10,5,2902,0.532555615843733,0.6764300482425913,0.5959319975713419,-0.2829583894067159,-0.35190845557947237,0,14,369,0.12715368711233632
M-2022-11,5,2225,0.4620051085568327,0.6503370786516854,0.5402277394063841,-0.3090513589976218,-0.4076127137444301,0,14,220,0.09887640449438202
M-2022-12,5,1080,0.31640788921527485,0.6981481481481482,0.4354605833092694,-0.2612402895011591,-0.5123798698415448,0,14,104,0.0962962962962963
M-2022-4,6,2729,0.9723736822973464,0.9802125320630267,0.9762773722627737,0.0,0.0,0,5,33,0.012092341517039208
M-2022-5,6,2812,0.9679783950617284,0.8922475106685633,0.9285714285714286,-0.08796502139446338,-0.047705943691345065,0,5,277,0.09850640113798008
M-2022-6,6,2765,0.7159468438538206,0.311754068716094,0.4343663391282439,-0.6684584633469327,-0.5419110331345298,0,5,1882,0.6806509945750452
M-2022-7,6,1455,0.17620481927710843,0.3216494845360825,0.22768182923862806,-0.6585630475269442,-0.7485955430241455,0,5,976,0.6707903780068728
M-2022-8,6,1603,0.17114192977279433,0.3618215845290081,0.23237179487179488,-0.6183909475340186,-0.7439055773909788,0,5,896,0.5589519650655022
M-2022-9,6,1625,0.24173131890567578,0.36430769230769233,0.29062346588119786,-0.6159048397553344,-0.6856539063815759,0,5,912,0.5612307692307692
M-2022-10,6,2429,0.33285968028419183,0.3857554549197201,0.35736079328756676,-0.5944570771433066,-0.6189165789752069,0,5,1308,0.5384932070811034
M-2022-11,6,2352,0.46554288547347544,0.399234693877551,0.42984664682993823,-0.5809778381854758,-0.5464307254328354,0,5,1200,0.5102040816326531
M-2022-12,6,1684,0.6045081967213115,0.3503562945368171,0.44360902255639095,-0.6298562375262096,-0.5326683497063827,0,5,942,0.5593824228028503
M-2022-4,7,36,0.6857142857142857,0.6666666666666666,0.676056338028169,0.0,0.0,0,14,4,0.1111111111111111
M-2022-5,7,104,0.859375,0.5288461538461539,0.6547619047619048,-0.13782051282051277,-0.021294433266264234,0,5,27,0.25961538461538464
M-2022-6,7,30,0.4444444444444444,0.13333333333333333,0.20512820512820512,-0.5333333333333333,-0.4709281328999639,0,5,24,0.8
M-2022-7,7,13,0.7142857142857143,0.38461538461538464,0.5,-0.282051282051282,-0.176056338028169,0,5,6,0.46153846153846156
M-2022-8,7,14,0.5,0.07142857142857142,0.125,-0.5952380952380952,-0.551056338028169,0,5,8,0.5714285714285714
M-2022-9,7,17,0.25,0.058823529411764705,0.09523809523809523,-0.6078431372549019,-0.5808182427900738,0,5,15,0.8823529411764706
M-2022-10,7,39,0.25,0.02564102564102564,0.046511627906976744,-0.641025641025641,-0.6295447101211923,0,5,32,0.8205128205128205
M-2022-11,7,52,0.16666666666666666,0.057692307692307696,0.08571428571428572,-0.6089743589743589,-0.5903420523138833,1,5,41,0.7884615384615384
M-2022-12,7,33,0.08860759493670886,0.21212121212121213,0.125,-0.4545454545454545,-0.551056338028169,0,5,16,0.48484848484848486
M-2022-4,8,1574,0.9174122505161735,0.8468869123252859,0.8807400066072019,0.0,0.0,0,28,47,0.02986022871664549
M-2022-5,8,2060,0.9057097957045573,0.8393203883495146,0.8712522045855379,-0.007566523975771289,-0.009487802021663994,0,28,72,0.03495145631067961
M-2022-6,8,1732,0.8878950506857484,0.8596997690531177,0.8735699618656497,0.012812856727831834,-0.0071700447415521396,0,28,55,0.03175519630484989
M-2022-7,8,1238,0.8773656320968963,0.9361873990306947,0.9058225869480265,0.0893004867054088,0.025082580340824667,0,28,23,0.018578352180936994
M-2022-8,8,2212,0.8946053946053946,0.8096745027124774,0.8500237304224015,-0.03721240961280847,-0.03071627618480033,0,28,122,0.05515370705244123
M-2022-9,8,1739,0.8474860335195531,0.8723404255319149,0.859733635590819,0.02545351320662903,-0.02100637101638292,0,28,67,0.03852788959171938
M-2022-10,8,1940,0.9035639412997903,0.8886597938144329,0.896049896049896,0.04177288148914704,0.01530988944269418,0,28,54,0.027835051546391754
M-2022-11,8,2069,0.8911419423692636,0.8071532141130981,0.8470707583058584,-0.03973369821218775,-0.033669248301343435,0,28,71,0.03431609473175447
M-2022-12,8,1142,0.9138431752178122,0.8266199649737302,0.8680459770114942,-0.020266947351555653,-0.012694029595707645,0,172,37,0.03239929947460595
M-2022-4,9,1547,0.7186311787072244,0.6108597285067874,0.660377358490566,0.0,0.0,0,25,271,0.17517776341305752
M-2022-5,9,1824,0.7299801455989411,0.6047149122807017,0.6614692653673163,-0.006144816226085648,0.0010919068767503148,0,25,266,0.14583333333333334
M-2022-6,9,1714,0.817966903073286,0.6056009334889149,0.6959436808581965,-0.00525879501787252,0.035566322367630465,0,25,188,0.10968494749124855
M-2022-7,9,1255,0.8315363881401617,0.49163346613545816,0.6179268903355033,-0.11922626237132922,-0.042450468155062704,0,25,189,0.150597609561753
M-2022-8,9,1272,0.7906574394463668,0.35927672955974843,0.49405405405405406,-0.25158299894703895,-0.16632330443651194,0,25,227,0.17845911949685533
M-2022-9,9,1470,0.5409836065573771,0.20204081632653062,0.29420505200594355,-0.4088189121802568,-0.36617230648462246,0,71,170,0.11564625850340136
M-2022-10,9,1291,0.5057471264367817,0.20449264136328427,0.2912300055157198,-0.4063670871435031,-0.3691473529748462,0,71,145,0.1123160340821069
M-2022-11,9,1414,0.5301003344481605,0.22418670438472418,0.31510934393638174,-0.38667302412206317,-0.34526801455418427,0,25,170,0.12022630834512023
M-2022-12,9,910,0.4222222222222222,0.16703296703296702,0.23937007874015748,-0.4438267614738204,-0.4210072797504085,0,89,125,0.13736263736263737
M-2022-4,10,2020,0.836901121304791,0.8128712871287128,0.8247112004018081,0.0,0.0,0,12,108,0.053465346534653464
M-2022-5,10,2341,0.8046744574290484,0.8235796668090559,0.8140173105340933,0.010708379680343105,-0.010693889867714801,0,12,141,0.06023067065356685
M-2022-6,10,1895,0.8127764127764128,0.8728232189973615,0.8417302798982188,0.05995193186864867,0.017019079496410683,0,12,102,0.05382585751978892
M-2022-7,10,1346,0.8383620689655172,0.8670133729569094,0.8524470416362309,0.05414208582819657,0.027735841234422742,0,12,58,0.04309063893016345
M-2022-8,10,1331,0.8384442782348541,0.8422238918106687,0.8403298350824587,0.029352604681955885,0.015618634680650612,0,12,71,0.05334335086401202
M-2022-9,10,930,0.751412429378531,0.8580645161290322,0.8012048192771084,0.04519322900031941,-0.023506381124699716,0,12,35,0.03763440860215054
M-2022-10,10,1434,0.7194968553459119,0.398884239888424,0.5132346343651862,-0.41398704724028884,-0.3114765660366219,0,156,303,0.2112970711297071
M-2022-11,10,2038,0.4590909090909091,0.09911678115799803,0.16303470540758677,-0.7137545059707148,-0.6616764949942213,1,156,708,0.34739941118743867
M-2022-12,10,1004,0.47342995169082125,0.09760956175298804,0.16184971098265896,-0.7152617253757247,-0.6628614894191491,1,156,366,0.3645418326693227
M-2022-4,11,1685,0.7974530018192845,0.7804154302670623,0.7888422315536893,0.0,0.0,0,133,105,0.06231454005934718
M-2022-5,11,2013,0.7488196411709159,0.7878787878787878,0.7678528201404018,0.007463357611725563,-0.020989411413287473,0,133,151,0.07501241927471436
M-2022-6,11,1542,0.6742508324084351,0.7879377431906615,0.7266746411483254,0.007522312923599173,-0.062167590405363904,0,133,90,0.058365758754863814
M-2022-7,11,1290,0.6821345707656613,0.6837209302325581,0.6829268292682927,-0.0966945000345042,-0.10591540228539653,0,133,93,0.07209302325581396
M-2022-8,11,1630,0.40885684860968075,0.24355828220858897,0.30526720492118414,-0.5368571480584733,-0.4835750266325051,0,153,397,0.24355828220858897
M-2022-9,11,1941,0.31752178121974833,0.1689850592478104,0.22057834566240753,-0.6114303710192519,-0.5682638858912817,0,153,527,0.2715095311695003
M-2022-10,11,2001,0.30226480836236935,0.17341329335332334,0.2203874245792315,-0.6070021369137389,-0.5684548069744577,0,153,575,0.28735632183908044
M-2022-11,11,3055,0.356353591160221,0.16890343698854338,0.229180546302465,-0.6115119932785189,-0.5596616852512243,0,153,790,0.25859247135842883
M-2022-12,11,1749,0.3073073073073073,0.1755288736420812,0.22343522561863174,-0.604886556624981,-0.5654070059350575,0,153,446,0.2550028587764437
M-2022-4,12,2788,0.8371592539454806,0.8371592539454806,0.8371592539454806,0.0,0.0,0,10,48,0.01721664275466284
M-2022-5,12,3428,0.8410886742756805,0.838389731621937,0.8397370343316289,0.001230477676456343,0.0025777803861483095,0,10,96,0.028004667444574097
M-2022-6,12,3008,0.8372703412073491,0.848404255319149,0.8428005284015853,0.01124500137366835,0.005641274456104628,0,10,89,0.029587765957446808
M-2022-7,12,1813,0.812790097988654,0.8692774407060121,0.8400852878464818,0.032118186760531464,0.0029260339010012126,0,10,55,0.03033645890788748
M-2022-8,12,2224,0.8155426529700759,0.8210431654676259,0.8182836656957204,-0.01611608847785473,-0.01887558824976021,0,10,60,0.02697841726618705
M-2022-9,12,3307,0.8537749925395405,0.8651345630480798,0.8594172424151397,0.027975309102599155,0.022257988469659096,0,136,68,0.020562443302086484
M-2022-10,12,2580,0.7142210144927537,0.6112403100775193,0.6587301587301587,-0.2259189438679613,-0.1784290952153219,0,156,482,0.1868217054263566
M-2022-11,12,2343,0.41626794258373206,0.1856594110115237,0.256788665879575,-0.6514998429339569,-0.5803705880659056,0,156,940,0.401195049082373
M-2022-12,12,263,0.18322295805739514,0.3155893536121673,0.23184357541899442,-0.5215699003333134,-0.6053156785264862,0,156,55,0.20912547528517111
M-2022-4,13,2093,0.48784911135291986,0.6426182513139035,0.554639175257732,0.0,0.0,0,46,181,0.0864787386526517
M-2022-5,13,2703,0.5487115021998743,0.6459489456159823,0.5933729821580289,0.003330694302078774,0.03873380690029693,0,46,274,0.10136884942656307
M-2022-6,13,1939,0.4945515507124895,0.6085611139762764,0.545664739884393,-0.03405713733762705,-0.008974435373338974,0,46,272,0.14027849406910778
M-2022-7,13,1115,0.45198902606310015,0.5910313901345291,0.5122425184609405,-0.05158686117937439,-0.0423966567967915,0,46,102,0.09147982062780269
M-2022-8,13,1200,0.43468593663146193,0.6516666666666666,0.5215071690563521,0.009048415352763128,-0.033132006201379904,0,46,67,0.05583333333333333
M-2022-9,13,1491,0.3086608164822587,0.5425888665325285,0.39348249027237353,-0.10002938478137502,-0.16115668498535846,0,46,122,0.0818242790073776
M-2022-10,13,1607,0.300739787713091,0.5818294959551961,0.39652247667514845,-0.060788755358707425,-0.15811669858258354,0,46,175,0.1088985687616677
M-2022-11,13,2295,0.3501984126984127,0.46143790849673205,0.398195149464185,-0.18118034281717144,-0.156444025793547,0,49,310,0.13507625272331156
M-2022-12,13,1090,0.3163265306122449,0.5403669724770642,0.3990514905149051,-0.10225127883683927,-0.15558768474282686,0,46,180,0.1651376146788991
M-2022-4,14,10401,0.8183999165536664,0.7543505432169983,0.7850710426255754,0.0,0.0,0,129,224,0.02153639073166042
M-2022-5,14,10444,0.7804543053354464,0.707296055151283,0.7420764478376614,-0.04705448806571533,-0.04299459478791401,0,153,340,0.03255457679050172
M-2022-6,14,8055,0.6433659102203081,0.48218497827436374,0.551234743116662,-0.2721655649426346,-0.23383629950891338,0,129,754,0.0936064556176288
M-2022-7,14,4897,0.39216696727647515,0.3108025321625485,0.3467760309865573,-0.44354801105444985,-0.4382950116390181,0,129,1175,0.23994282213600163
M-2022-8,14,6466,0.27652322113336175,0.301113516857408,0.28829495816983786,-0.45323702635959034,-0.4967760844557375,0,129,1554,0.24033405505722238
M-2022-9,14,7474,0.31899538106235564,0.2956917313352957,0.30690181919177895,-0.45865881188170265,-0.4781692234337964,0,129,2535,0.33917580947283915
M-2022-10,14,10007,0.41714285714285715,0.3063855301289098,0.35328685832805207,-0.44796501308808856,-0.4317841842975233,0,129,2335,0.23333666433496553
M-2022-11,14,12202,0.38603275705186535,0.2781511227667596,0.32333047537391635,-0.4761994204502388,-0.461740567251659,0,129,2515,0.20611375184396
M-2022-12,14,5821,0.2455731593662628,0.271602817385329,0.2579329472224488,-0.48274772583166936,-0.5271380954031266,0,129,1203,0.20666552138807764
M-2022-4,15,751,0.8964968152866242,0.7496671105193076,0.8165337200870196,0.0,0.0,0,151,29,0.03861517976031957
M-2022-5,15,1474,0.9335548172757475,0.5719131614654003,0.7092974337400084,-0.1777539490539073,-0.10723628634701121,0,45,161,0.10922659430122117
M-2022-6,15,888,0.9028132992327366,0.795045045045045,0.8455089820359282,0.04537793452573746,0.028975261948908537,0,117,21,0.02364864864864865
M-2022-7,15,538,0.8445297504798465,0.8178438661710037,0.8309726156751652,0.06817675565169612,0.014438895588145595,0,151,16,0.02973977695167286
M-2022-8,15,491,0.8293216630196937,0.7718940936863544,0.79957805907173,0.022226983167046854,-0.01695566101528967,0,151,22,0.04480651731160896
M-2022-9,15,529,0.8059701492537313,0.7145557655954632,0.7575150300601202,-0.03511134492384438,-0.05901869002689941,0,51,23,0.043478260869565216
M-2022-10,15,951,0.8444976076555024,0.7423764458464774,0.7901510912143257,-0.007290664672830127,-0.026382628872693936,0,93,29,0.030494216614090432
M-2022-11,15,848,0.7936117936117936,0.7617924528301887,0.7773766546329723,0.012125342310881138,-0.03915706545404729,0,153,31,0.036556603773584904
M-2022-12,15,715,0.8353115727002968,0.7874125874125875,0.8106551475881929,0.037745476893279895,-0.0058785724988267285,0,153,20,0.027972027972027972
M-2022-4,16,2008,0.7660818713450293,0.39143426294820716,0.5181278839815425,0.0,0.0,0,93,154,0.07669322709163347
M-2022-5,16,1958,0.7287066246056783,0.3539325842696629,0.47645238913716054,-0.03750167867854426,-0.04167549484438199,0,93,112,0.05720122574055159
M-2022-6,16,1419,0.5898305084745763,0.2452431289640592,0.3464410154305625,-0.14619113398414796,-0.17168686855098003,0,153,106,0.07470049330514447
M-2022-7,16,949,0.335149863760218,0.12961011591148577,0.18693009118541035,-0.2618241470367214,-0.33119779279613215,0,61,164,0.17281348788198103
M-2022-8,16,677,0.2581453634085213,0.15214180206794684,0.19144981412639406,-0.23929246088026032,-0.32667806985514847,0,61,91,0.1344165435745938
M-2022-9,16,1595,0.2956259426847662,0.12288401253918495,0.17360496014171833,-0.2685502504090222,-0.3445229238398242,0,176,250,0.15673981191222572
M-2022-10,16,2405,0.37068160597572364,0.16507276507276508,0.2284234752589183,-0.22636149787544207,-0.28970440872262426,0,61,409,0.17006237006237007
M-2022-11,16,2260,0.2750217580504787,0.13982300884955753,0.18539161044294514,-0.2516112540986496,-0.33273627353859736,0,61,312,0.13805309734513274
M-2022-12,16,1186,0.31203566121842496,0.17706576728499157,0.22592791823561054,-0.21436849566321559,-0.292199965745932,0,61,152,0.1281618887015177
M-2022-4,17,10007,0.941901776384535,0.9007694613770361,0.9208765387955253,0.0,0.0,0,156,93,0.009293494553812332
M-2022-5,17,9201,0.936278478084885,0.8799043582219324,0.9072164948453608,-0.020865103155103704,-0.013660043950164513,0,77,195,0.021193348549070755
M-2022-6,17,11760,0.9552393272962484,0.9418367346938775,0.9484906872190109,0.04106727331684146,0.02761414842348553,0,156,75,0.006377551020408163
M-2022-7,17,9274,0.9529867926814491,0.848069872762562,0.897472471044674,-0.0526995886144741,-0.023404067750851354,0,49,744,0.08022428294155703
M-2022-8,17,10142,0.9590689417102278,0.9587852494577006,0.9589270746018441,0.05801578808066454,0.038050535806318786,0,153,64,0.006310392427529087
M-2022-9,17,10138,0.9243333661320476,0.9266127441309923,0.9254716516427762,0.025843282753956198,0.004595112847250893,0,153,149,0.014697178930755573
M-2022-10,17,11892,0.9212100495641771,0.9064917591658258,0.9137916419428669,0.005722297788789743,-0.007084896852658451,0,153,208,0.017490750084090144
M-2022-11,17,13481,0.7862634546386469,0.9103182256509161,0.8437553714462511,0.009548764273880073,-0.07712116734927421,0,153,286,0.021215043394406944
M-2022-12,17,8301,0.7706980101041344,0.9004939163956149,0.8305555555555556,-0.0002755449814211275,-0.09032098323996973,0,153,124,0.014937959282014215
M-2022-4,18,21926,0.9364035087719298,0.9153060293715224,0.9257345818534065,0.0,0.0,0,153,267,0.012177323725257684
M-2022-5,18,27154,0.9379307775418203,0.9271193930912572,0.9324937494212427,0.011813363719734848,0.006759167567836233,0,19,279,0.010274729321646903
M-2022-6,18,29195,0.947870505057339,0.9597533824284981,0.9537749336238002,0.04444735305697567,0.028040351770393657,0,19,172,0.00589141976365816
M-2022-7,18,12401,0.8660102115244347,0.9574227884847996,0.9094251464899851,0.04211675911327717,-0.016309435363421443,0,117,83,0.006693008628336425
M-2022-8,18,15084,0.8341728909733078,0.9551180058339963,0.8905578735898625,0.03981197646247392,-0.03517670826354402,0,117,129,0.008552108194112968
M-2022-9,18,26366,0.8662426950842214,0.9557384510354244,0.9087925562608193,0.04043242166390204,-0.016942025592587173,0,19,252,0.009557763786694986
M-2022-10,18,43004,0.8917678986818299,0.9627709050320901,0.9259101887467573,0.047464875660567674,0.00017560689335083257,0,19,383,0.008906148265277648
M-2022-11,18,45913,0.8894950857189563,0.9481192690523381,0.9178720533040948,0.03281323968081573,-0.007862528549311687,0,19,443,0.009648683379435018
M-2022-12,18,25658,0.8863206217533122,0.857822121755398,0.8718385454833535,-0.05748390761612443,-0.053896036370053024,0,19,1187,0.04626237430820797
M-2022-4,19,13185,0.9039080459770115,0.8946530147895335,0.8992567181246427,0.0,0.0,0,18,358,0.027152066742510427
M-2022-5,19,19072,0.9121771217712177,0.9072986577181208,0.9097313495610115,0.012645642928587275,0.010474631436368842,0,18,432,0.022651006711409395
M-2022-6,19,19320,0.9126405347918566,0.9327639751552795,0.9225925357088005,0.038110960365746016,0.023335817584157814,0,18,348,0.018012422360248446
M-2022-7,19,9918,0.8991884228023859,0.9272030651340997,0.9129808885579548,0.03255005034456615,0.013724170433312088,0,18,197,0.019862875579753983
M-2022-8,19,11453,0.8745478774033886,0.8022352222125207,0.8368322783369005,-0.09241779257701277,-0.06242443978774215,0,142,934,0.08155068540993626
M-2022-9,19,19469,0.8087248322147651,0.6189326621809029,0.7012133026855597,-0.2757203526086306,-0.198043415439083,0,142,4061,0.20858801171092506
M-2022-10,19,29160,0.8097567366903962,0.6358367626886146,0.7123345563516914,-0.25881625210091896,-0.1869221617729513,0,142,5515,0.1891289437585734
M-2022-11,19,38480,0.8141712620955156,0.6100571725571725,0.6974878552434151,-0.284595842232361,-0.20176886288122764,0,142,5837,0.1516891891891892
M-2022-12,19,22936,0.7239438324658032,0.521494593651901,0.6062648892493284,-0.37315842113763253,-0.2929918288753143,0,142,3891,0.16964597139867457
M-2022-4,20,1281,0.8068763716166789,0.8610460577673692,0.8330815709969789,0.0,0.0,0,19,30,0.0234192037470726
M-2022-5,20,2201,0.8738317757009346,0.8496138119036801,0.8615526376410966,-0.011432245863689072,0.028471066644117693,0,24,50,0.02271694684234439
M-2022-6,20,1495,0.8370464672183323,0.8795986622073578,0.857795172863666,0.01855260443998863,0.02471360186668714,0,142,37,0.024749163879598662
M-2022-7,20,1273,0.8870326173428799,0.8758837391987431,0.8814229249011858,0.014837681431373873,0.04834135390420691,0,24,24,0.018853102906520033
M-2022-8,20,1430,0.8288227334235453,0.8566433566433567,0.842503438789546,-0.004402701124012531,0.009421867792567151,0,142,61,0.04265734265734266
M-2022-9,20,1992,0.6655132641291811,0.8689759036144579,0.7537557152188112,0.007929845847088668,-0.07932585577816764,0,19,39,0.01957831325301205
M-2022-10,20,2388,0.5920745920745921,0.8509212730318257,0.6982817869415807,-0.010124784735543457,-0.13479978405539816,0,147,57,0.02386934673366834
M-2022-11,20,2049,0.4962195463455615,0.864812103465105,0.6306049822064057,0.0037660456977357537,-0.20247658879057318,0,21,44,0.021473889702293802
M-2022-12,20,1125,0.4394394394394394,0.7804444444444445,0.5622798591098302,-0.0806016133229247,-0.27080171188714863,0,19,96,0.08533333333333333
M-2022-4,21,2620,0.8953571428571429,0.9568702290076336,0.9250922509225092,0.0,0.0,0,153,16,0.0061068702290076335
M-2022-5,21,2853,0.9273461150353178,0.9663512092534174,0.9464469618949537,0.00948098024578381,0.021354710972444457,0,20,14,0.004907115317209955
M-2022-6,21,2264,0.9369747899159664,0.984982332155477,0.9603789836347976,0.028112103147843404,0.03528673271228833,0,20,12,0.00530035335689046
M-2022-7,21,1255,0.9434682964094728,0.9840637450199203,0.9633385335413417,0.0271935160122867,0.03824628261883245,0,117,6,0.004780876494023904
M-2022-8,21,1311,0.9258181818181819,0.9710144927536232,0.9478778853313478,0.014144263745989538,0.022785634408838518,0,142,14,0.010678871090770405
M-2022-9,21,2626,0.8973509933774835,0.9287890327494288,0.9127994011976048,-0.02808119625820482,-0.012292849724904409,0,20,43,0.016374714394516376
M-2022-10,21,3959,0.9112860892388451,0.8769891386713816,0.8938087269918908,-0.07988109033625201,-0.031283523930618395,0,142,106,0.02677443798939126
M-2022-11,21,4103,0.8905879251252307,0.8233000243724105,0.8556231003039514,-0.13357020463522318,-0.06946915061855785,0,117,138,0.0336339263953205
M-2022-12,21,2095,0.8748010610079575,0.7871121718377089,0.828643216080402,-0.16975805716992476,-0.0964490348421072,0,117,90,0.04295942720763723
M-2022-4,22,4636,0.9413495900777801,0.9659188955996548,0.9534759927605664,0.0,0.0,0,153,36,0.007765314926660914
M-2022-5,22,648,0.6944114149821641,0.9012345679012346,0.7844190732034922,-0.06468432769842025,-0.16905691955707414,0,153,11,0.016975308641975308
M-2022-6,22,721,0.7487373737373737,0.8224687933425797,0.7838730998017185,-0.1434501022570751,-0.1696028929588479,0,19,33,0.04576976421636616
M-2022-7,22,449,0.778705636743215,0.8307349665924276,0.8038793103448276,-0.1351839290072272,-0.14959668241573876,0,19,21,0.0467706013363029
M-2022-8,22,752,0.7784810126582279,0.8178191489361702,0.7976653696498055,-0.14809974666348458,-0.15581062311076088,0,61,20,0.026595744680851064
M-2022-9,22,853,0.7187827911857293,0.8030480656506448,0.7585825027685493,-0.16287082994901003,-0.19489348999201705,0,19,36,0.04220398593200469
M-2022-10,22,1178,0.7078066914498141,0.8081494057724957,0.7546571541815299,-0.1577694898271591,-0.19881883857903648,0,19,46,0.03904923599320883
M-2022-11,22,1125,0.6629502572898799,0.6871111111111111,0.674814491488433,-0.2788077844885437,-0.2786615012721334,0,155,100,0.08888888888888889
M-2022-12,22,743,0.6345062429057888,0.7523553162853297,0.6884236453201971,-0.21356357931432512,-0.2650523474403693,0,19,40,0.05383580080753701
M-2022-4,23,12840,0.9380874698982367,0.9404984423676013,0.9392914090148952,0.0,0.0,0,19,112,0.008722741433021807
M-2022-5,23,15639,0.9470760980592441,0.9485900633032802,0.9478324761204996,0.008091620935678945,0.008541067105604427,0,19,133,0.008504380075452395
M-2022-6,23,13374,0.9553380913840042,0.9708389412292507,0.9630261450027814,0.030340498861649468,0.023734735987886224,0,19,70,0.005234036189621654
M-2022-7,23,5629,0.9239112014912727,0.9685556937289039,0.9457068516912402,0.02805725136130266,0.0064154426763450845,0,19,28,0.004974240540060401
M-2022-8,23,4529,0.8566775244299675,0.9291234268050342,0.8914309924796102,-0.011375015562567037,-0.047860416535284944,0,117,50,0.011039964672113049
M-2022-9,23,8006,0.8516333938294011,0.9377966525106171,0.8926405897039591,-0.002701789856984216,-0.046650819310936065,0,2,63,0.007869098176367724
M-2022-10,23,8236,0.8797653958944281,0.9470616804273919,0.9121740147351187,0.006563238059790644,-0.02711739427977644,0,2,69,0.008377853326857698
M-2022-11,23,8443,0.8388495294490853,0.9395949307118323,0.8863687150837989,-0.0009035116557689626,-0.052922693931096276,0,2,75,0.008883098424730547
M-2022-12,23,5114,0.8133166278861643,0.8885412592882284,0.8492664236987197,-0.051957183079372915,-0.09002498531617542,0,19,95,0.018576456785295268
M-2022-4,24,10253,0.9463597842835131,0.9584511850190188,0.9523671076222319,0.0,0.0,0,153,113,0.011021164537208621
M-2022-5,24,9752,0.9358460304731355,0.9573420836751435,0.9464720194647201,-0.0011091013438753183,-0.005895088157511719,0,153,113,0.011587366694011485
M-2022-6,24,7355,0.9600054046750439,0.9660095173351462,0.9629981024667932,0.0075583323161273475,0.010630994844561314,0,153,84,0.01142080217539089
M-2022-7,24,4214,0.9672170375687964,0.9591836734693877,0.9631836053854402,0.0007324884503688844,0.010816497763208366,0,153,62,0.014712861888941622
M-2022-8,24,4554,0.9588614631976874,0.9468599033816425,0.9528228924980665,-0.011591281637376327,0.00045578487583464167,0,153,71,0.015590689503732982
M-2022-9,24,9634,0.958789657897708,0.8814614905542869,0.9185008923259964,-0.07698969446473192,-0.03386621529623546,0,20,292,0.03030932115424538
M-2022-10,24,12024,0.9547882487600152,0.8325016633399867,0.8894615247911853,-0.12594952167903217,-0.06290558283104652,0,52,517,0.04299733865602129
M-2022-11,24,3411,0.7627182991647684,0.5889768396364703,0.6646815550041356,-0.36947434538254853,-0.28768555261809625,0,20,382,0.11199061858692466
M-2022-12,24,4154,0.8084722848129788,0.43187289359653347,0.5630001569119724,-0.5265782914224854,-0.3893669507102595,0,153,703,0.1692344727973038
M-2022-4,25,54557,0.9076298158926656,0.9460930769653757,0.926462405542692,0.0,0.0,0,156,267,0.004893964110929853
M-2022-5,25,63996,0.9237125639152666,0.948481155072192,0.9359330187806457,0.0023880781068162937,0.009470613237953729,0,156,384,0.006000375023438965
M-2022-6,25,55471,0.920311511145489,0.943754394187954,0.9318855413644253,-0.0023386827774216634,0.00542313582173326,0,142,422,0.007607578734834418
M-2022-7,25,35008,0.9054225858161516,0.9357861060329068,0.9203539823008849,-0.010306970932468906,-0.006108423241807048,0,142,297,0.008483775137111517
M-2022-8,25,39522,0.9069562233442816,0.9362380446333688,0.9213645418326694,-0.009855032332006908,-0.005097863710022632,0,142,387,0.009792014574161227
M-2022-9,25,43246,0.8895627832577979,0.9258890995699024,0.9073625053819484,-0.020203977395473305,-0.019099900160743588,0,142,500,0.011561762937612727
M-2022-10,25,46993,0.8952174853927721,0.8803013214734109,0.8876967479587566,-0.06579175549196481,-0.03876565758393535,0,71,966,0.020556253058966228
M-2022-11,25,49655,0.8676350611879415,0.8781190212466016,0.8728455610049044,-0.06797405571877413,-0.05361684453778759,0,71,980,0.019736179639512637
M-2022-12,25,34385,0.8670064600248918,0.8508942852988222,0.8588748146952195,-0.09519879166655354,-0.06758759084747246,0,71,647,0.018816344336193107
M-2022-4,26,2293,0.8358762886597938,0.8839947666812037,0.8592623993217465,0.0,0.0,0,13,30,0.013083296990841693
M-2022-5,26,2539,0.7943991492378589,0.8826309570697125,0.8361940298507463,-0.0013638096114911846,-0.023068369471000216,0,13,30,0.011815675462780622
M-2022-6,26,3110,0.6545708304256804,0.3016077170418006,0.41294298921417566,-0.582387049639403,-0.44631941010757087,0,112,1867,0.6003215434083601
M-2022-7,26,952,0.6336448598130842,0.7121848739495799,0.6706231454005934,-0.17180989273162384,-0.1886392539211531,0,13,33,0.03466386554621849
M-2022-8,26,1103,0.6869009584664537,0.7796917497733454,0.7303609341825902,-0.10430301690785826,-0.12890146513915635,0,13,37,0.033544877606527655
M-2022-9,26,1325,0.5290102389078498,0.7018867924528301,0.6033084657800843,-0.18210797422837355,-0.2559539335416622,0,13,69,0.052075471698113204
M-2022-10,26,1400,0.47703703703703704,0.69,0.5640875912408759,-0.19399476668120375,-0.2951748080808706,0,13,86,0.06142857142857143
M-2022-11,26,1647,0.4824478178368121,0.6174863387978142,0.5416777629826898,-0.26650842788338946,-0.31758463633905676,0,13,133,0.08075288403157256
M-2022-12,26,807,0.02727272727272727,0.022304832713754646,0.024539877300613498,-0.8616899339674491,-0.8347225220211331,1,13,174,0.21561338289962825
M-2022-4,27,19386,0.9931397328106463,0.993190962550294,0.9931653470198334,0.0,0.0,0,83,45,0.002321262766945218
M-2022-5,27,19743,0.9902666531481293,0.9894139695081802,0.9898401276951532,-0.003776993042113874,-0.0033252193246802175,0,51,72,0.003646862179000152
M-2022-6,27,8737,0.9420617856738712,0.9528442257067643,0.9474223284397405,-0.04034673684352974,-0.04574301858009289,0,51,336,0.03845713631681355
M-2022-7,27,15113,0.9650504741511166,0.834976510289155,0.8953137748767249,-0.15821445226113906,-0.09785157214310847,0,51,1761,0.11652219943095349
M-2022-8,27,1901,0.8593429158110883,0.8805891635981062,0.8698363211223694,-0.1126017989521878,-0.12332902589746397,0,83,142,0.07469752761704367
M-2022-9,27,5401,0.9642442984151527,0.9237178300314757,0.9435460992907801,-0.06947313251881837,-0.04961924772905324,0,83,319,0.059063136456211814
M-2022-10,27,10235,0.9748666393106278,0.9284807034684904,0.9511084421758494,-0.06471025908180361,-0.042056904843983944,0,83,442,0.04318514899853444
M-2022-11,27,13927,0.9479376982982406,0.4719609391828822,0.630171132735727,-0.5212300233674119,-0.3629942142841064,0,155,5669,0.40705105191354923
M-2022-12,27,7371,0.9729144095341279,0.8528015194681862,0.9089068825910931,-0.14038944308210788,-0.0842584644287403,0,4,371,0.050332383665717
M-2022-4,28,16366,0.8664544034602908,0.8812782598069168,0.8738034654065189,0.0,0.0,0,25,163,0.009959672491751191
M-2022-5,28,21533,0.894711186936388,0.8524125760460688,0.8730498477929984,-0.02886568376084797,-0.0007536176135204409,0,142,458,0.021269679097199647
M-2022-6,28,17369,0.8957515664807547,0.7489780643675514,0.8158158785902421,-0.13230019543936533,-0.057987586816276804,0,142,1335,0.07686107432782543
M-2022-7,28,10579,0.8206374932468936,0.7179317515833255,0.7658566098618533,-0.1633465082235913,-0.10794685554466554,0,142,822,0.07770110596464694
M-2022-8,28,9168,0.7621899059024807,0.6803010471204188,0.7189210996484352,-0.20097721268649793,-0.15488236575808367,0,142,817,0.08911431064572425
M-2022-9,28,10545,0.7589153046062407,0.5812233285917496,0.6582890285161914,-0.30005493121516713,-0.21551443689032745,0,142,1363,0.12925557136083451
M-2022-10,28,11735,0.6979026620059156,0.4423519386450788,0.54149063787618,-0.43892632116183794,-0.33231282753033886,0,49,1273,0.10847890924584576
M-2022-11,28,11258,0.6752610966057441,0.3675608456208918,0.47601518463131254,-0.513717414186025,-0.39778828077520634,0,49,1959,0.1740095931781844
M-2022-12,28,5815,0.4132721877528999,0.26345657781599313,0.3217811384162991,-0.6178216819909237,-0.5520223269902198,0,49,1062,0.1826311263972485
M-2022-4,29,29653,0.8945477529024317,0.9068559673557481,0.9006598117694343,0.0,0.0,0,149,576,0.01942467878460864
M-2022-5,29,31966,0.8557527864598691,0.9079021460301571,0.8810564663023679,0.0010461786744089263,-0.019603345467066435,0,149,618,0.01933304135644122
M-2022-6,29,28799,0.8640895953757225,0.8305149484357096,0.8469696701428849,-0.07634101892003853,-0.05369014162654939,0,149,1084,0.03764019584013334
M-2022-7,29,19817,0.8459763133920437,0.7028813644850381,0.7678187531007111,-0.20397460287071,-0.1328410586687232,0,149,1595,0.0804864510268961
M-2022-8,29,21945,0.8419974115616912,0.7115060378218273,0.771271209464299,-0.19534992953392083,-0.12938860230513538,0,149,1760,0.08020050125313283
M-2022-9,29,28520,0.816526556386317,0.7390252454417953,0.7758452505843594,-0.16783072191395287,-0.12481456118507495,0,149,1966,0.06893408134642356
M-2022-10,29,34921,0.8156613206934614,0.7194524784513616,0.7645420933311018,-0.18740348890438652,-0.13611771843833254,0,149,2553,0.0731078720540649
M-2022-11,29,44227,0.8435607387757145,0.7621362516110068,0.8007839876462552,-0.1447197157447413,-0.09987582412317908,0,149,2890,0.06534469893956181
M-2022-12,29,30274,0.8564464305499132,0.7660038316707406,0.8087042946068944,-0.14085213568500754,-0.09195551716253991,0,149,2029,0.0670212063156504
M-2022-4,30,8131,0.9870546171865368,0.9846267371786988,0.9858391823667036,0.0,0.0,0,149,20,0.0024597220514081908
M-2022-5,30,8566,0.9901673885052089,0.9875087555451786,0.9888362849962008,0.0028820183664798327,0.0029971026294971503,0,149,13,0.0015176278309596077
M-2022-6,30,8050,0.9941337993010484,0.9894409937888199,0.9917818453492716,0.004814256610121137,0.005942662982567959,0,17,9,0.0011180124223602484
M-2022-7,30,5745,0.9968231556653724,0.9831157528285466,0.9899220050828148,-0.001510984350152178,0.004082822716111156,0,19,15,0.0026109660574412533
M-2022-8,30,3306,0.9965408805031446,0.9585601935874168,0.9771816219549799,-0.02606654359128191,-0.00865756041172372,0,129,30,0.009074410163339383
M-2022-9,30,958,0.9127725856697819,0.3058455114822547,0.4581704456606724,-0.6787812256964441,-0.5276687367060313,0,129,300,0.31315240083507306
M-2022-10,30,991,0.9107142857142857,0.3087790110998991,0.4611906556141673,-0.6758477260787996,-0.5246485267525364,0,129,324,0.32694248234106965
M-2022-11,30,544,0.8760330578512396,0.5845588235294118,0.701212789415656,-0.40006791364928695,-0.28462639295104764,0,129,97,0.17830882352941177
M-2022-12,30,645,0.9610619469026549,0.8418604651162791,0.8975206611570248,-0.14276627206241965,-0.08831852120967887,0,46,33,0.05116279069767442
M-2022-4,31,7973,0.9801248566696394,0.9648814749780509,0.9724434331942864,0.0,0.0,0,142,45,0.0056440486642418165
M-2022-5,31,10445,0.9821376846577194,0.9738630923887027,0.9779828862609364,0.008981617410651843,0.005539453066650046,0,142,40,0.003829583532790809
M-2022-6,31,9340,0.9839965397923875,0.974304068522484,0.9791263180546589,0.009422593544433089,0.0066828848603724955,0,142,44,0.004710920770877944
M-2022-7,31,5940,0.9781988931745765,0.981986531986532,0.9800890531798706,0.017105057008481084,0.007645619985584218,0,142,20,0.003367003367003367
M-2022-8,31,4666,0.9720443875373452,0.9762108872696099,0.9741231822070145,0.011329412291559038,0.00167974901272816,0,142,17,0.0036433776253750536
M-2022-9,31,3609,0.9568069983597595,0.9697977279024661,0.9632585661208202,0.004916252924415221,-0.009184867073466219,0,142,18,0.004987531172069825
M-2022-10,31,1938,0.924422236102436,0.7636738906088751,0.8363944617123481,-0.20120758436917574,-0.13604897148193829,0,28,404,0.2084623323013416
M-2022-11,31,1379,0.8715775749674055,0.9695431472081218,0.9179539993134226,0.004661672230070968,-0.0544894338808638,0,142,9,0.006526468455402465
M-2022-12,31,952,0.8312274368231047,0.967436974789916,0.8941747572815534,0.002555499811865092,-0.07826867591273301,0,142,7,0.007352941176470588
M-2022-4,32,2331,0.7264243614931237,0.6344916344916345,0.6773528738264255,0.0,0.0,0,153,101,0.04332904332904333
M-2022-5,32,2935,0.6543062200956937,0.559114139693356,0.6029762998346501,-0.07537749479827849,-0.07437657399177544,0,153,185,0.06303236797274275
M-2022-6,32,2999,0.7019796682718031,0.43747915971990664,0.5390304026294166,-0.19701247477172784,-0.1383224711970089,0,153,339,0.1130376792264088
M-2022-7,32,2014,0.6063685636856369,0.4443892750744787,0.5128939828080229,-0.1901023594171558,-0.1644588910184026,0,153,247,0.12264150943396226
M-2022-8,32,2218,0.4902962206332993,0.4328223624887286,0.45977011494252873,-0.2016692720029059,-0.21758275888389678,0,153,264,0.11902614968440037
M-2022-9,32,1740,0.569628229363579,0.5195402298850574,0.5434325217914037,-0.11495140460657705,-0.13392035203502184,0,153,207,0.11896551724137931
M-2022-10,32,1783,0.38412228796844183,0.4369040942232193,0.40881658357386513,-0.19758754026841518,-0.2685362902525604,0,153,283,0.15872125630959058
M-2022-11,32,1503,0.30012004801920766,0.33266799733865604,0.3155569580309246,-0.30182363715297844,-0.3617959157955009,0,153,265,0.1763140385894877
M-2022-12,32,998,0.2840605520926091,0.3196392785571142,0.3008015087223008,-0.31485235593452027,-0.3765513651041247,0,153,167,0.16733466933867736
M-2022-4,33,204,0.6695652173913044,0.37745098039215685,0.4827586206896552,0.0,0.0,0,166,31,0.15196078431372548
M-2022-5,33,253,0.7837837837837838,0.5731225296442688,0.6621004566210046,0.19567154925211194,0.1793418359313494,0,25,24,0.09486166007905138
M-2022-6,33,159,0.5769230769230769,0.37735849056603776,0.45627376425855515,-9.248982611909096e-05,-0.026484856431100046,0,25,30,0.18867924528301888
M-2022-7,33,273,0.6851851851851852,0.5421245421245421,0.6053169734151329,0.16467356173238523,0.12255835272547771,0,25,76,0.2783882783882784
M-2022-8,33,286,0.8558558558558559,0.6643356643356644,0.7480314960629921,0.2868846839435075,0.26527287537333694,0,25,28,0.0979020979020979
M-2022-9,33,452,0.7602040816326531,0.32964601769911506,0.45987654320987653,-0.0478049626930418,-0.022882077479778662,0,25,135,0.29867256637168144
M-2022-10,33,124,0.5,0.45161290322580644,0.4745762711864407,0.07416192283364959,-0.008182349503214503,0,123,15,0.12096774193548387
M-2022-11,33,210,0.6347305389221557,0.5047619047619047,0.5623342175066313,0.1273109243697479,0.07957559681697607,0,25,17,0.08095238095238096
M-2022-12,33,630,0.9164420485175202,0.5396825396825397,0.6793206793206793,0.1622315592903828,0.1965620586310241,0,25,167,0.2650793650793651
M-2022-4,34,588,0.9286926994906621,0.9302721088435374,0.929481733220051,0.0,0.0,0,110,12,0.02040816326530612
M-2022-5,34,485,0.901010101010101,0.9195876288659793,0.9102040816326531,-0.010684479977558059,-0.019277651587397915,0,168,12,0.024742268041237112
M-2022-6,34,761,0.9512195121951219,0.973718791064389,0.9623376623376624,0.043446682220851573,0.03285592911761137,0,168,6,0.00788436268068331
M-2022-7,34,802,0.9043583535108959,0.9314214463840399,0.9176904176904177,0.0011493375405025041,-0.011791315529633306,0,125,19,0.02369077306733167
M-2022-8,34,758,0.8433874709976799,0.9591029023746702,0.8975308641975308,0.028830793531132826,-0.0319508690225202,0,125,13,0.017150395778364115
M-2022-9,34,415,0.7317518248175182,0.9662650602409638,0.8328141225337488,0.03599295139742642,-0.09666761068630225,0,168,4,0.00963855421686747
M-2022-10,34,1682,0.7705078125,0.4690844233055886,0.5831485587583148,-0.4611876855379488,-0.34633317446173617,0,125,351,0.20868014268727705
M-2022-11,34,2035,0.8406402226861517,0.5936117936117936,0.695852534562212,-0.3366603152317438,-0.23362919865783904,0,125,287,0.14103194103194103
M-2022-12,34,1240,0.772020725388601,0.4806451612903226,0.5924453280318092,-0.4496269475532148,-0.33703640518824185,0,125,204,0.16451612903225807
M-2022-4,35,875,0.9256505576208178,0.8537142857142858,0.8882282996432818,0.0,0.0,0,41,71,0.08114285714285714
M-2022-5,35,1307,0.9350785340314136,0.6832440703902066,0.7895667550839964,-0.17047021532407913,-0.09866154455928533,0,41,143,0.10941086457536343
M-2022-6,35,3117,0.9826839826839827,0.8739172281039461,0.9251146204788588,0.02020294238966036,0.03688632083557708,0,41,158,0.05068976580044915
M-2022-7,35,3174,0.9850696748506967,0.9354127284183995,0.9595992243051067,0.08169844270411375,0.07137092466182493,0,41,80,0.02520478890989288
M-2022-8,35,1273,0.9512396694214876,0.9041633935585232,0.9271043093032622,0.050449107844237395,0.03887600965998039,0,41,60,0.04713275726630008
M-2022-9,35,2218,0.9460500963391136,0.8854824165915239,0.9147647880763856,0.031768130877238177,0.026536488433103855,0,41,57,0.02569882777276826
M-2022-10,35,2194,0.967911877394636,0.9211485870556062,0.9439514245679589,0.06743430134132045,0.055723124924677125,0,41,79,0.03600729261622607
M-2022-11,35,1657,0.9361702127659575,0.8762824381412191,0.9052369077306733,0.02256815242693333,0.017008608087391575,0,41,77,0.04646952323476162
M-2022-12,35,930,0.9227340267459139,0.667741935483871,0.7747972551466001,-0.1859723502304148,-0.11343104449668162,0,117,102,0.10967741935483871
M-2022-4,36,826,0.6140939597315436,0.8861985472154964,0.7254707631318137,0.0,0.0,0,166,38,0.04600484261501211
M-2022-5,36,916,0.8732919254658386,0.767467248908297,0.8169668797210924,-0.11873129830719942,0.0914961165892787,0,166,44,0.048034934497816595
M-2022-6,36,673,0.886986301369863,0.7696879643387816,0.8241845664280032,-0.11651058287671479,0.0987138032961895,0,166,31,0.04606240713224369
M-2022-7,36,1292,0.9467649467649467,0.8947368421052632,0.9200159172304019,0.008538294889766762,0.1945451540985882,0,64,24,0.018575851393188854
M-2022-8,36,629,0.8589511754068716,0.7551669316375199,0.8037225042301185,-0.1310316155779765,0.0782517410983048,0,64,62,0.0985691573926868
M-2022-9,36,325,0.5819209039548022,0.3169230769230769,0.4103585657370518,-0.5692754702924194,-0.3151121973947619,0,64,54,0.16615384615384615
M-2022-10,36,2648,0.9768307819611088,0.8916163141993958,0.9322803553800593,0.005417766983899397,0.20680959224824558,0,104,42,0.015861027190332326
M-2022-11,36,1121,0.9521276595744681,0.7983942908117752,0.8685104318292092,-0.08780425640372125,0.14303966869739548,0,104,44,0.039250669045495096
M-2022-12,36,216,0.5757575757575758,0.2638888888888889,0.3619047619047619,-0.6223096583266075,-0.3635660012270518,0,104,38,0.17592592592592593
M-2022-4,37,1989,0.9842342342342343,0.6591251885369532,0.7895212285456188,0.0,0.0,0,36,308,0.15485168426344897
M-2022-5,37,1023,0.9762886597938144,0.9257086999022482,0.9503261414952333,0.266583511365295,0.16080491294961452,0,166,24,0.02346041055718475
M-2022-6,37,912,0.9703196347031964,0.9320175438596491,0.9507829977628636,0.27289235532269585,0.16126176921724478,0,166,21,0.023026315789473683
M-2022-7,37,939,0.981859410430839,0.9222577209797657,0.9511257550796266,0.26313253244281243,0.1616045265340078,0,166,38,0.04046858359957402
M-2022-8,37,574,0.9649737302977233,0.9599303135888502,0.9624454148471616,0.30080512505189694,0.17292418630154283,0,166,5,0.008710801393728223
M-2022-9,37,378,0.9226666666666666,0.9153439153439153,0.9189907038512616,0.2562187268069621,0.1294694753056428,0,160,6,0.015873015873015872
M-2022-10,37,1115,0.9668292682926829,0.8887892376681614,0.9261682242990654,0.2296640491312082,0.13664699575344663,0,160,66,0.059192825112107626
M-2022-11,37,1388,0.9641985353946297,0.8537463976945245,0.9056171188383645,0.1946212091575713,0.1160958902927457,0,160,96,0.069164265129683
M-2022-12,37,866,0.9672346002621232,0.8521939953810623,0.9060773480662984,0.1930688068441091,0.11655611952067957,0,160,80,0.09237875288683603
M-2022-4,38,77,0.896551724137931,0.6753246753246753,0.7703703703703704,0.0,0.0,0,68,8,0.1038961038961039
M-2022-5,38,117,0.7383177570093458,0.6752136752136753,0.7053571428571429,-0.00011100011100007023,-0.06501322751322747,0,126,14,0.11965811965811966
M-2022-6,38,91,0.6185567010309279,0.6593406593406593,0.6382978723404256,-0.015984015984015998,-0.1320724980299448,0,126,7,0.07692307692307693
M-2022-7,38,102,0.8333333333333334,0.4411764705882353,0.5769230769230769,-0.23414820473644005,-0.1934472934472935,0,156,33,0.3235294117647059
M-2022-8,38,973,0.625,0.030832476875642344,0.058765915768854066,-0.6444921984490329,-0.7116044546015163,1,45,837,0.8602261048304214
M-2022-9,38,94,0.31666666666666665,0.20212765957446807,0.24675324675324675,-0.47319701575020723,-0.5236171236171236,0,125,18,0.19148936170212766
M-2022-10,38,92,0.4098360655737705,0.2717391304347826,0.32679738562091504,-0.40358554488989273,-0.44357298474945533,0,125,21,0.22826086956521738
M-2022-11,38,90,0.4074074074074074,0.24444444444444444,0.3055555555555556,-0.43088023088023086,-0.4648148148148148,0,125,27,0.3
M-2022-12,38,193,0.3333333333333333,0.05181347150259067,0.08968609865470852,-0.6235112038220847,-0.6806842717156618,1,45,89,0.46113989637305697
M-2022-4,39,4388,0.9324294287619471,0.9560164083865087,0.9440756160684145,0.0,0.0,0,125,49,0.011166818596171376
M-2022-5,39,8587,0.942358784798429,0.9500407592872947,0.9461841800046393,-0.005975649099213998,0.0021085639362248276,0,125,91,0.010597414696634447
M-2022-6,39,8494,0.9571843251088534,0.931716505768778,0.9442787256890586,-0.02429990261773074,0.0002031096206440708,0,61,228,0.02684247704261832
M-2022-7,39,5963,0.9565139263252471,0.8926714740902231,0.9234906315058987,-0.06334493429628563,-0.020584984562515785,0,61,375,0.06288780815025993
M-2022-8,39,5926,0.9542764927380312,0.8980762740465744,0.9253238285664609,-0.05794013433993428,-0.01875178750195361,0,61,149,0.02514343570705366
M-2022-9,39,5608,0.9383447509720422,0.9037089871611983,0.9207012444363702,-0.0523074212253104,-0.023374371632044255,0,125,106,0.018901569186875893
M-2022-10,39,4329,0.8869893428063943,0.9228459228459228,0.9045624363183516,-0.03317048554058588,-0.039513179750062855,0,61,141,0.03257103257103257
M-2022-11,39,4557,0.833788529067499,0.9378977397410577,0.8827842610761127,-0.018118668645450975,-0.06129135499230176,0,61,111,0.024358130348913758
M-2022-12,39,4483,0.848586017282011,0.9638634842739238,0.9025587467362924,0.007847075887415067,-0.041516869332122064,0,61,53,0.01182244033013607
M-2022-4,40,2334,0.9781520254893036,0.9207369323050557,0.9485764731847275,0.0,0.0,0,75,59,0.025278491859468722
M-2022-5,40,2306,0.9755196304849885,0.9158716392020815,0.944755088347126,-0.004865293102974233,-0.003821384837601527,0,75,79,0.034258456201214225
M-2022-6,40,1496,0.9521829521829522,0.9184491978609626,0.9350119088125213,-0.002287734444093137,-0.013564564372206211,0,75,41,0.027406417112299464
M-2022-7,40,1205,0.9750692520775623,0.8763485477178423,0.9230769230769231,-0.04438838458721339,-0.02549955010780436,0,82,43,0.03568464730290456
M-2022-8,40,1203,0.974910394265233,0.6783042394014963,0.8,-0.2424326929035594,-0.14857647318472744,0,71,159,0.13216957605985039
M-2022-9,40,725,0.8592375366568915,0.40413793103448276,0.549718574108818,-0.516599001270573,-0.3988578990759095,0,71,223,0.30758620689655175
M-2022-10,40,981,0.9488,0.6044852191641182,0.7384806973848069,-0.3162517131409375,-0.21009577579992056,0,71,290,0.29561671763506625
M-2022-11,40,1040,0.9192100538599641,0.49230769230769234,0.641202254226675,-0.4284292399973634,-0.3073742189580525,0,71,427,0.41057692307692306
M-2022-12,40,737,0.875609756097561,0.4871099050203528,0.6259808195292066,-0.4336270272847029,-0.3225956536555209,0,71,321,0.4355495251017639
M-2022-4,41,2121,0.882439744220364,0.8458274398868458,0.8637457871930669,0.0,0.0,0,153,65,0.030645921735030647
M-2022-5,41,2472,0.8578411405295315,0.8519417475728155,0.8548812664907651,0.0061143076859696555,-0.008864520702301815,0,153,98,0.03964401294498382
M-2022-6,41,2296,0.853583916083916,0.850609756097561,0.8520942408376964,0.004782316210715121,-0.011651546355370579,0,153,115,0.05008710801393728
M-2022-7,41,1992,0.7894021739130435,0.5833333333333334,0.6709006928406467,-0.26249410655351246,-0.19284509435242025,0,43,129,0.06475903614457831
M-2022-8,41,1928,0.788722341184868,0.5731327800829875,0.6638630219285071,-0.2726946598038583,-0.19988276526455984,0,43,147,0.0762448132780083
M-2022-9,41,2456,0.698279869827987,0.6115635179153095,0.6520512263946169,-0.23426392197153634,-0.21169456079845006,0,43,153,0.06229641693811075
M-2022-10,41,2408,0.66925536774783,0.6083887043189369,0.6373721992603872,-0.23743873556790895,-0.2263735879326797,0,43,154,0.06395348837209303
M-2022-11,41,2746,0.6662698412698412,0.6114348142753095,0.637675655146221,-0.2343926256115363,-0.2260701320468459,0,43,157,0.0571740713765477
M-2022-12,41,1636,0.6656210790464241,0.6485330073349633,0.6569659442724458,-0.1972944325518825,-0.20677984292062113,0,43,91,0.055623471882640586
M-2022-4,42,1839,0.8788235294117647,0.8123980424143556,0.8443063012150325,0.0,0.0,0,115,196,0.10657966286025014
M-2022-5,42,1394,0.8217357310398749,0.7539454806312769,0.7863823419378975,-0.05845256178307878,-0.057923959277135006,0,115,165,0.11836441893830703
M-2022-6,42,801,0.7131681877444589,0.682896379525593,0.6977040816326531,-0.12950166288876264,-0.1466022195823794,0,160,101,0.12609238451935081
M-2022-7,42,630,0.3333333333333333,0.2761904761904762,0.3020833333333333,-0.5362075662238794,-0.5422229678816992,0,160,357,0.5666666666666667
M-2022-8,42,713,0.40669856459330145,0.23842917251051893,0.3006189213085765,-0.5739688699038368,-0.543687379906456,0,160,416,0.5834502103786816
M-2022-9,42,1420,0.4881656804733728,0.2323943661971831,0.3148854961832061,-0.5800036762171725,-0.5294208050318263,0,160,764,0.5380281690140845
M-2022-10,42,2235,0.639269406392694,0.2505592841163311,0.3600128576020572,-0.5618387582980245,-0.48429344361297527,0,160,1133,0.5069351230425055
M-2022-11,42,2364,0.6544502617801047,0.2643824027072758,0.3766194636938837,-0.5480156397070799,-0.46768683752114876,0,160,1262,0.5338409475465313
M-2022-12,42,1444,0.7103448275862069,0.2853185595567867,0.40711462450592883,-0.5270794828575689,-0.43719167670910364,0,160,747,0.5173130193905817
M-2022-4,43,2042,0.9056271981242673,0.7566111655239961,0.8244397011739595,0.0,0.0,0,153,163,0.07982370225269343
M-2022-5,43,3196,0.9265212399540758,0.7575093867334167,0.8335341711137889,0.0008982212094206243,0.00909446993982943,0,153,275,0.0860450563204005
M-2022-6,43,1363,0.8477905073649754,0.76008804108584,0.8015473887814313,0.0034768755618439506,-0.022892312392528202,0,153,105,0.07703595011005136
M-2022-7,43,1330,0.7581602373887241,0.7684210526315789,0.7632561613144138,0.011809887107582795,-0.06118353985954572,0,153,76,0.05714285714285714
M-2022-8,43,2868,0.8632,0.7524407252440726,0.8040238450074516,-0.004170440279923526,-0.020415856166507873,0,153,279,0.09728033472803348
M-2022-9,43,4351,0.8861228813559322,0.7690186164100207,0.8234280792420328,0.012407450886024574,-0.0010116219319267206,0,153,367,0.08434842564927603
M-2022-10,43,2062,0.7376325088339223,0.8098933074684772,0.77207582061951,0.05328214194448111,-0.052363880554449516,0,153,81,0.039282250242483024
M-2022-11,43,2936,0.7835316822129302,0.829700272479564,0.8059553349875931,0.07308910695556792,-0.018484366186366397,0,61,86,0.029291553133514985
M-2022-12,43,1992,0.794044665012407,0.8032128514056225,0.7986024457199901,0.04660168588162639,-0.02583725545396942,0,153,78,0.0391566265060241
M-2022-4,44,2910,0.9837685250529288,0.9580756013745705,0.9707520891364902,0.0,0.0,0,93,67,0.02302405498281787
M-2022-5,44,2779,0.9820852740953063,0.9863260165527168,0.9842010771992818,0.028250415178146304,0.0134489880627916,0,93,5,0.0017992083483267362
M-2022-6,44,3176,0.9970703125,0.9644206549118388,0.9804737516005122,0.00634505353726833,0.009721662464021952,0,93,42,0.01322418136020151
M-2022-7,44,1904,0.9845094664371773,0.9012605042016807,0.9410474362489718,-0.056815097172889795,-0.029704652887518446,0,93,75,0.03939075630252101
M-2022-8,44,1328,0.9757575757575757,0.848644578313253,0.9077728554168345,-0.10943102306131747,-0.06297923371965575,0,93,81,0.06099397590361446
M-2022-9,44,1225,0.9704761904761905,0.8318367346938775,0.8958241758241758,-0.12623886668069295,-0.07492791331231441,0,93,80,0.0653061224489796
M-2022-10,44,1081,0.9857006673021925,0.9565217391304348,0.9708920187793427,-0.001553862244135673,0.00013992964285247655,0,49,20,0.018501387604070305
M-2022-11,44,1284,0.9778481012658228,0.9626168224299065,0.9701726844583988,0.004541221055336053,-0.0005794046780914774,0,49,17,0.0132398753894081
M-2022-12,44,1181,0.9889604415823368,0.9102455546147333,0.9479717813051146,-0.04783004675983715,-0.022780307831375635,0,63,35,0.029635901778154106
M-2022-4,45,2192,0.9301895515487748,0.9178832116788321,0.9239954075774971,0.0,0.0,0,105,31,0.014142335766423358
M-2022-5,45,3156,0.8789769182782283,0.8929024081115335,0.885884941842188,-0.024980803567298593,-0.038110465735309074,0,105,56,0.017743979721166033
M-2022-6,45,2692,0.925879917184265,0.8306092124814265,0.8756608576463677,-0.08727399919740564,-0.0483345499311294,0,144,65,0.024145616641901933
M-2022-7,45,1928,0.889618138424821,0.7733402489626556,0.8274139844617092,-0.1445429627161765,-0.09658142311578788,0,105,59,0.030601659751037343
M-2022-8,45,1779,0.556305356389709,0.7414277684092186,0.6356626506024097,-0.1764554432696135,-0.2883327569750874,0,117,107,0.060146149522203485
M-2022-9,45,1547,0.796875,0.6923076923076923,0.7409200968523002,-0.22557551937113984,-0.1830753107251969,0,117,55,0.03555268261150614
M-2022-10,45,1536,0.7743813682678311,0.6927083333333334,0.7312714776632302,-0.22517487834549876,-0.1927239299142669,0,117,77,0.050130208333333336
M-2022-11,45,1723,0.8044959128065395,0.685432385374347,0.7402068317141962,-0.2324508263044851,-0.18378857586330088,0,117,73,0.04236796285548462
M-2022-12,45,1463,0.7992982456140351,0.7785372522214627,0.788781163434903,-0.13934595945736938,-0.1352142441425941,0,117,46,0.03144224196855776
M-2022-4,46,9798,0.7530023640661938,0.8127168809961216,0.781720905119521,0.0,0.0,0,13,389,0.039701979995917534
M-2022-5,46,10149,0.7028709789000346,0.8008670805005419,0.7486759084419472,-0.01184980049557971,-0.03304499667757377,0,13,318,0.03133313626958321
M-2022-6,46,6856,0.6395648104819841,0.7974037339556592,0.7098156323032978,-0.015313147040462383,-0.07190527281622316,0,13,194,0.028296382730455077
M-2022-7,46,4182,0.6371343789741416,0.7187948350071736,0.6755056179775281,-0.09392204598894804,-0.10621528714199291,0,67,246,0.058823529411764705
M-2022-8,46,4667,0.54393437450702,0.7388043711163488,0.6265673269125931,-0.07391250987977283,-0.15515357820692788,0,67,278,0.05956717377330191
M-2022-9,46,10981,0.6992431409649953,0.673071669246881,0.6859078465036426,-0.1396452117492406,-0.09581305861587841,0,67,800,0.0728531099171296
M-2022-10,46,11714,0.6789306751246036,0.6395765750384156,0.6586663150028572,-0.17314030595770602,-0.12305459011666375,0,67,989,0.08442888850947584
M-2022-11,46,12142,0.6988516306844281,0.6265030472739253,0.6607026534068702,-0.18621383372219635,-0.12101825171265079,0,67,974,0.08021742711250206
M-2022-12,46,7420,0.6482739498128379,0.630188679245283,0.6391033964327205,-0.18252820175083861,-0.14261750868680045,0,67,579,0.07803234501347708
M-2022-4,47,3839,0.9935965848452508,0.9700442823651992,0.9816791880848821,0.0,0.0,0,48,65,0.016931492576191715
M-2022-5,47,3766,0.9900751072961373,0.9800849707912905,0.9850547104350147,0.010040688426091293,0.0033755223501326093,0,48,15,0.003983005841741901
M-2022-6,47,3041,0.9917573359709858,0.9891483064781322,0.9904511030622325,0.019104024112932994,0.008771914977350415,0,48,13,0.004274909569220651
M-2022-7,47,384,0.9654255319148937,0.9453125,0.9552631578947368,-0.02473178236519924,-0.026416030190145268,0,6,5,0.013020833333333334
M-2022-8,47,10,0.07142857142857142,0.1,0.08333333333333333,-0.8700442823651993,-0.8983458547515487,0,14,3,0.3
M-2022-9,47,9,0.0,0.0,0.0,-0.9700442823651992,-0.9816791880848821,0,14,4,0.4444444444444444
M-2022-10,47,34,0.0,0.0,0.0,-0.9700442823651992,-0.9816791880848821,0,6,10,0.29411764705882354
M-2022-11,47,83,0.0,0.0,0.0,-0.9700442823651992,-0.9816791880848821,1,6,29,0.3493975903614458
M-2022-12,47,618,0.0,0.0,0.0,-0.9700442823651992,-0.9816791880848821,1,5,279,0.45145631067961167
M-2022-4,48,5001,0.984362628661916,0.9944011197760448,0.9893564110215856,0.0,0.0,0,47,7,0.0013997200559888023
M-2022-5,48,5241,0.9931179506786465,0.9912230490364434,0.9921695951107716,-0.003178070739601413,0.0028131840891860715,0,47,12,0.0022896393817973667
M-2022-6,48,4200,0.9940631678936119,0.9966666666666667,0.9953632148377125,0.002265546890621861,0.006006803816126949,0,47,5,0.0011904761904761906
M-2022-7,48,4498,0.9537444933920705,0.09626500666963095,0.17487883683360259,-0.8981361131064138,-0.8144775741879829,1,6,2130,0.4735437972432192
M-2022-8,48,4626,0.0,0.0,0.0,-0.9944011197760448,-0.9893564110215856,1,6,2644,0.5715520968439256
M-2022-9,48,3003,0.0,0.0,0.0,-0.9944011197760448,-0.9893564110215856,1,6,1670,0.5561105561105562
M-2022-10,48,2986,0.0,0.0,0.0,-0.9944011197760448,-0.9893564110215856,1,6,1633,0.5468854655056933
M-2022-11,48,2978,0.08928571428571429,0.0016789791806581598,0.0032959789057350032,-0.9927221405953867,-0.9860604321158506,1,177,997,0.3347884486232371
M-2022-12,48,3361,0.1111111111111111,0.0008925914906277894,0.0017709563164108619,-0.993508528285417,-0.9875854547051747,1,14,1310,0.389764950907468
M-2022-4,49,40220,0.9390109338950747,0.9309796121332671,0.9349780263683579,0.0,0.0,0,75,536,0.013326703132769766
M-2022-5,49,46428,0.9323613148132172,0.9310760747824589,0.9317182515734115,9.646264919183078e-05,-0.003259774794946435,0,75,584,0.012578616352201259
M-2022-6,49,31293,0.9071139423227791,0.923752915987601,0.9153578214059531,-0.007226696145666067,-0.019620204962404797,0,75,518,0.016553222765474707
M-2022-7,49,13761,0.8393060486301829,0.9105442918392559,0.8734750784245382,-0.020435320294011183,-0.06150294794381972,0,75,255,0.018530630041421407
M-2022-8,49,13190,0.8027243811367722,0.8801364670204701,0.839649934905251,-0.05084314511279697,-0.09532809146310695,0,82,171,0.012964366944655041
M-2022-9,49,29267,0.8224109348039381,0.8305600164007244,0.8264653882768938,-0.10041959573254267,-0.10851263809146416,0,78,1056,0.036081593603717495
M-2022-10,49,42912,0.8615938127172157,0.8203532811334825,0.8404679479527277,-0.11062633099978458,-0.0945100784156302,0,78,2174,0.05066181953765846
M-2022-11,49,48158,0.8608703304439653,0.8125337430956435,0.8360039311199419,-0.11844586903762355,-0.09897409524841605,0,78,2708,0.05623157107853316
M-2022-12,49,31563,0.8820407880133185,0.8057218895542249,0.8421558075999669,-0.12525772257904222,-0.09282221876839103,0,78,1922,0.060894084846180654
M-2022-4,50,4546,0.8361119849009122,0.5846898372195336,0.6881553398058252,0.0,0.0,0,25,467,0.10272767267927849
M-2022-5,50,7426,0.8762265834076717,0.5290869916509561,0.6597816960537364,-0.05560284556857753,-0.02837364375208884,0,138,842,0.11338540263937517
M-2022-6,50,1548,0.45686619718309857,0.33527131782945735,0.3867362146050671,-0.24941851939007625,-0.30141912520075814,0,122,656,0.42377260981912146
M-2022-7,50,2568,0.09333333333333334,0.016355140186915886,0.027833001988071572,-0.5683346970326177,-0.6603223378177536,1,128,734,0.28582554517133957
M-2022-8,50,9033,0.39657631954350925,0.030776043396435294,0.057119375385247584,-0.5539137938230984,-0.6310359644205776,1,118,2819,0.31207793645521975
M-2022-9,50,7398,0.25793650793650796,0.026358475263584754,0.047829286239882265,-0.5583313619559489,-0.640326053565943,1,118,2106,0.2846715328467153
M-2022-10,50,3110,0.43672456575682383,0.11318327974276528,0.1797752808988764,-0.47150655747676834,-0.5083800589069488,0,118,474,0.15241157556270096
M-2022-11,50,1438,0.16859344894026976,0.12169680111265646,0.14135702746365106,-0.46299303610687714,-0.5467983123421741,0,124,152,0.10570236439499305
M-2022-12,50,1528,0.3262295081967213,0.13023560209424084,0.186155285313377,-0.45445423512529276,-0.5020000544924482,0,124,180,0.11780104712041885
M-2022-4,51,21842,0.9240107913669064,0.94084790770076,0.932353341499932,0.0,0.0,0,156,158,0.007233769801300248
M-2022-5,51,22943,0.9280196780736202,0.9373229307414026,0.9326481047792523,-0.0035249769593573843,0.0002947632793203203,0,156,164,0.007148149762454779
M-2022-6,51,19779,0.9175818787997646,0.9462055715658021,0.9316739265712508,0.005357663865042106,-0.0006794149286811768,0,77,160,0.008089387734465847
M-2022-7,51,15397,0.8475455174003227,0.9553809183607196,0.8982383293133454,0.0145330106599596,-0.034115012186586635,0,156,50,0.0032473858543872183
M-2022-8,51,15789,0.9054517040331791,0.954081955792007,0.9291309443039536,0.013234048091247064,-0.003222397195978388,0,156,65,0.004116790170371778
M-2022-9,51,15775,0.8446860313685521,0.9456735340729001,0.8923316186146668,0.004825626372140124,-0.040021722885265176,0,156,72,0.00456418383518225
M-2022-10,51,16876,0.8225907058945836,0.9377222090542783,0.8763914271473666,-0.0031256986464817116,-0.05596191435256537,0,49,109,0.006458876511021569
M-2022-11,51,16638,0.7861857252494244,0.9235485034258926,0.8493491418622005,-0.017299404274867425,-0.08300419963773153,0,155,126,0.007573025604038947
M-2022-12,51,11645,0.7978715596330275,0.9335337054529841,0.8603878116343491,-0.007314202247775903,-0.07196552986558291,0,156,59,0.00506655216831258
M-2022-4,52,2301,0.9203581526861452,0.848761408083442,0.8831110106262717,0.0,0.0,0,153,56,0.024337244676227728
M-2022-5,52,2346,0.9124487004103967,0.8529411764705882,0.8816920026437541,0.004179768387146177,-0.001419007982517595,0,153,54,0.023017902813299233
M-2022-6,52,1768,0.8751465416178195,0.8444570135746606,0.8595279217040875,-0.004304394508781395,-0.023583088922184192,0,153,33,0.018665158371040724
M-2022-7,52,1010,0.818069306930693,0.6544554455445545,0.7271727172717272,-0.19430596253888754,-0.15593829335454457,0,156,40,0.039603960396039604
M-2022-8,52,1110,0.734475374732334,0.618018018018018,0.6712328767123288,-0.230743390065424,-0.21187813391394295,0,133,47,0.04234234234234234
M-2022-9,52,1722,0.6793378295524218,0.6434378629500581,0.660900685952878,-0.2053235451333839,-0.22221032467339374,0,133,79,0.04587688734030197
M-2022-10,52,2218,0.6196111580726965,0.6609558160504959,0.6396160558464223,-0.1878055920329461,-0.2434949547798494,0,139,89,0.04012623985572588
M-2022-11,52,2464,0.7573320719016083,0.6497564935064936,0.6994320664045435,-0.19900491457694847,-0.18367894422172826,0,139,117,0.04748376623376623
M-2022-12,52,1274,0.6656225528582616,0.6671899529042387,0.6664053312426499,-0.18157145517920337,-0.21670567938362184,0,139,78,0.061224489795918366
M-2022-4,53,9775,0.9409687184661958,0.9539641943734015,0.9474218948437897,0.0,0.0,0,117,80,0.008184143222506393
M-2022-5,53,10324,0.9264381062133871,0.9344246416117784,0.9304142354246033,-0.019539552761623113,-0.01700765941918636,0,117,131,0.012688880278961643
M-2022-6,53,8195,0.9326747164288328,0.9331299572910311,0.932902281322435,-0.02083423708237042,-0.014519613521354668,0,117,143,0.0174496644295302
M-2022-7,53,4517,0.859187059311489,0.9172016825326544,0.8872470285897848,-0.03676251184074708,-0.06017486625400492,0,117,110,0.02435244631392517
M-2022-8,53,5275,0.8640676211833707,0.9495734597156398,0.9048049132947977,-0.004390734657761741,-0.04261698154899196,0,71,16,0.003033175355450237
M-2022-9,53,7117,0.8900594273365748,0.9259519460446818,0.9076509882239515,-0.028012248328719735,-0.039770906619838176,0,14,45,0.006322888857664746
M-2022-10,53,11906,0.9234292628122029,0.8974466655467831,0.9102525876389658,-0.056517528826618424,-0.03716930720482392,0,176,114,0.009575004199563246
M-2022-11,53,8909,0.8568836196467458,0.7950387248849478,0.8248034934497817,-0.15892546948845376,-0.12261840139400804,0,14,275,0.0308676619149175
M-2022-12,53,5505,0.82808181315644,0.8163487738419618,0.8221734357848518,-0.1376154205314397,-0.1252484590589379,0,14,313,0.056857402361489555
M-2022-4,54,6663,0.8391951837769328,0.794987242983641,0.8164932562620424,0.0,0.0,0,29,503,0.0754915203361849
M-2022-5,54,7963,0.7534791252485089,0.47595127464523423,0.5833910567228507,-0.31903596833840675,-0.23310219953919165,0,149,2306,0.2895893507472058
M-2022-6,54,6852,0.7628322639780019,0.48584354932866314,0.5936162624821684,-0.30914369365497785,-0.22287699377987402,0,149,1796,0.2621132516053707
M-2022-7,54,3357,0.38280922431865827,0.2719690199582961,0.31800766283524906,-0.5230182230253448,-0.4984855934267933,0,149,2001,0.5960679177837355
M-2022-8,54,3681,0.36260025327142253,0.23336049986416735,0.28396694214876034,-0.5616267431194737,-0.5325263141132821,0,149,2200,0.5976636783482749
M-2022-9,54,4884,0.7131198995605775,0.2325962325962326,0.35077968195152076,-0.5623910103874084,-0.4657135743105216,0,149,2947,0.6033988533988534
M-2022-10,54,6595,0.742696053305997,0.21971190295678544,0.3391060145097122,-0.5752753400268555,-0.4773872417523302,0,149,4183,0.6342683851402577
M-2022-11,54,8068,0.7580865603644646,0.20624690133862172,0.32427165546136605,-0.5887403416450192,-0.49222160080067634,0,149,5324,0.6598909271194844
M-2022-12,54,5063,0.7419580419580419,0.20955954967410625,0.3268134914523333,-0.5854276933095347,-0.4896797648097091,0,149,3208,0.6336164329448943
M-2022-4,55,8193,0.9863245794505627,0.9947516172342243,0.9905201750121536,0.0,0.0,0,165,7,0.0008543878921030148
M-2022-5,55,10913,0.9883403169976316,0.9942270686337396,0.9912749531771048,-0.0005245486004847866,0.0007547781649511753,0,153,17,0.0015577751305782094
M-2022-6,55,8613,0.9830060856585142,0.9939626146522699,0.9884539891467498,-0.0007890025819544677,-0.002066185865403858,0,153,13,0.0015093463369325439
M-2022-7,55,5627,0.9821397303449484,0.9968011373733784,0.9894161227729759,0.0020495201391540485,-0.0011040522391777552,0,165,6,0.0010662875422072153
M-2022-8,55,4870,0.990080738177624,0.8813141683778234,0.9325366648560565,-0.11343744885640095,-0.05798351015609715,0,51,526,0.1080082135523614
M-2022-9,55,4695,0.9874332390826265,0.6694355697550586,0.797918253363798,-0.32531604747916576,-0.19260192164835566,0,51,1407,0.29968051118210864
M-2022-10,55,5643,0.9834661942722173,0.5902888534467482,0.7377630121816169,-0.40446276378747614,-0.25275716283053673,0,51,2104,0.37285132021974127
M-2022-11,55,5499,0.9494418910045962,0.5259138025095472,0.6768870684610884,-0.4688378147246771,-0.31363310655106524,0,51,2417,0.43953446081105657
M-2022-12,55,4063,0.9752616555661275,0.5045532857494462,0.6650446066504461,-0.4901983314847781,-0.32547556836170755,0,51,1890,0.465173517105587
M-2022-4,56,10094,0.9687625957275292,0.9524469982167625,0.9605355180337696,0.0,0.0,0,87,222,0.021993263324747374
M-2022-5,56,9591,0.212636695018226,0.018246272547179646,0.03360860380257346,-0.9342007256695828,-0.9269269142311961,1,96,3477,0.36252736940882074
M-2022-6,56,7619,0.05176470588235294,0.002887518046987794,0.005469915464942815,-0.9495594801697747,-0.9550656025688268,1,96,3869,0.5078094238088988
M-2022-7,56,8114,0.005928853754940711,0.0003697313285679073,0.0006960556844547563,-0.9520772668881946,-0.9598394623493148,1,96,4029,0.49654917426669953
M-2022-8,56,10210,0.004347826086956522,0.0002938295788442703,0.0005504587155963303,-0.9521531686379182,-0.9599850593181732,1,96,4214,0.4127326150832517
M-2022-9,56,10537,0.023076923076923078,0.0005694220366328176,0.0011114198388441233,-0.9518775761801297,-0.9594240981949255,1,165,3978,0.37752681028755813
M-2022-10,56,10706,0.12987012987012986,0.0009340556697179152,0.001854771399425021,-0.9515129425470445,-0.9586807466343445,1,96,4072,0.38034746870913505
M-2022-11,56,15132,0.023809523809523808,0.00046259582342056567,0.0009075586671852716,-0.9519844023933419,-0.9596279593665843,1,165,7515,0.49662965900079303
M-2022-12,56,12137,0.008818342151675485,0.00041196341764851283,0.0007871536523929471,-0.952035034799114,-0.9597483643813767,1,96,3063,0.25236878965147896
M-2022-4,57,3065,0.9896204995134609,0.9954323001631321,0.9925178919973975,0.0,0.0,0,14,2,0.0006525285481239804
M-2022-5,57,3525,0.9874928936895964,0.985531914893617,0.9865114297884424,-0.009900385269515088,-0.006006462208955066,0,53,9,0.002553191489361702
M-2022-6,57,3297,0.9909145972138098,0.9924173491052471,0.9916654038490681,-0.0030149510578849625,-0.0008524881483293889,0,133,7,0.0021231422505307855
M-2022-7,57,2449,0.9967064635652532,0.9885667619436505,0.992619926199262,-0.006865538219481659,0.00010203420186449819,0,133,14,0.0057166190281747655
M-2022-8,57,1913,0.9936742224565103,0.985363303711448,0.989501312335958,-0.010068996451684131,-0.0030165796614395335,0,133,18,0.009409304756926294
M-2022-9,57,1758,0.9936781609195402,0.9835039817974972,0.9885648942252716,-0.011928318365634905,-0.003952997772125877,0,133,14,0.007963594994311717
M-2022-10,57,2065,0.9912536443148688,0.9878934624697336,0.9895707009459132,-0.00753883769339847,-0.0029471910514843325,0,133,14,0.006779661016949152
M-2022-11,57,2855,0.9636737491432488,0.984938704028021,0.974190195738784,-0.010493596135111138,-0.018327696258613524,0,133,25,0.008756567425569177
M-2022-12,57,2331,0.975473321858864,0.9725439725439725,0.9740064446831365,-0.0228883276191596,-0.01851144731426102,0,133,29,0.012441012441012441
M-2022-4,58,2286,0.9921156373193167,0.9908136482939632,0.9914642153644123,0.0,0.0,0,96,6,0.0026246719160104987
M-2022-5,58,2323,0.9914310197086547,0.9961256995264743,0.9937728151170281,0.005312051232511106,0.0023085997526157698,0,59,5,0.002152389151958674
M-2022-6,58,2249,0.9973345179920036,0.9982214317474433,0.9977777777777778,0.007407783453480032,0.006313562413365448,0,150,3,0.0013339261894175188
M-2022-7,58,1749,0.9994275901545506,0.9982847341337907,0.9988558352402745,0.007471085839827474,0.007391619875862232,0,96,2,0.0011435105774728416
M-2022-8,58,1356,0.9977924944812362,1.0,0.9988950276243094,0.009186351706036766,0.007430812259897057,0,,,
M-2022-9,58,1789,0.9983212087297146,0.9972051425377306,0.9977628635346756,0.006391494243767393,0.006298648170263266,0,96,5,0.002794857462269424
M-2022-10,58,2316,0.996122361051271,0.998272884283247,0.997196463230537,0.0074592359892837745,0.005732247866124696,0,96,2,0.0008635578583765112
M-2022-11,58,204,0.970873786407767,0.9803921568627451,0.975609756097561,-0.010421491431218177,-0.015854459266851362,0,82,3,0.014705882352941176
M-2022-12,58,15,0.0,0.0,0.0,-0.9908136482939632,-0.9914642153644123,0,51,11,0.7333333333333333
M-2022-4,59,13724,0.9954979430256927,0.9344943165257942,0.9640320216484384,0.0,0.0,0,172,166,0.012095598950743223
M-2022-5,59,9791,0.9790458752924422,0.9830456541721989,0.9810416879013353,0.048551337646404735,0.017009666252896904,0,28,95,0.009702788274946379
M-2022-6,59,9004,0.9777119016249451,0.9890048867170147,0.9833259717314488,0.05451057019122052,0.01929395008301038,0,97,60,0.006663705019991115
M-2022-7,59,5381,0.9697737556561086,0.9957257015424642,0.9825783972125436,0.061231385016670026,0.01854637556410521,0,172,6,0.0011150343802267236
M-2022-8,59,4909,0.9515752625437572,0.99674068038297,0.9736344642324147,0.06224636385717586,0.009602442583976356,0,71,4,0.0008148299042574863
M-2022-9,59,5340,0.9553956834532374,0.9947565543071161,0.9746788990825688,0.06026223778132189,0.010646877434130397,0,28,7,0.0013108614232209739
M-2022-10,59,8856,0.9804639804639804,0.9974028906955736,0.9888609012034705,0.06290857416977946,0.024828879555032102,0,118,4,0.00045167118337850043
M-2022-11,59,9194,0.9828160240575663,0.9953230367631064,0.9890299918940827,0.06082872023731223,0.02499797024564432,0,118,21,0.0022840983249945617
M-2022-12,59,6030,0.9828354513946196,0.9875621890547264,0.9851931507982463,0.05306787252893219,0.021161129149807945,0,118,23,0.0038142620232172473
M-2022-4,60,49622,0.9132309186957314,0.9092741122889041,0.9112482202183199,0.0,0.0,0,61,1043,0.021018902905969125
M-2022-5,60,44901,0.8931029888528668,0.8957484243112626,0.8944237504864625,-0.013525687977641532,-0.01682446973185736,0,61,1000,0.022271218903810605
M-2022-6,60,24221,0.8639410966866886,0.9204409396804426,0.8912965258065806,0.011166827391538514,-0.019951694411739274,0,61,572,0.02361587052557698
M-2022-7,60,21024,0.8796906461651107,0.91433599695586,0.8966787946636813,0.005061884666955896,-0.014569425554638582,0,61,886,0.04214231354642314
M-2022-8,60,21862,0.8833047531108473,0.9189003750800475,0.9007510368792736,0.009626262791143425,-0.010497183339046257,0,61,823,0.03764522916476077
M-2022-9,60,40442,0.8969647373902693,0.8943919687453638,0.8956765055467512,-0.014882143543540338,-0.015571714671568704,0,61,2347,0.05803372731318926
M-2022-10,60,59907,0.9054916326986912,0.8788288513863155,0.8919610334603981,-0.03044526090258859,-0.019287186757921737,0,61,4437,0.07406480044068306
M-2022-11,60,58993,0.9000418016511652,0.8759513840625159,0.8878332059068613,-0.033322728226388154,-0.023415014311458537,0,61,4584,0.0777041343888258
M-2022-12,60,24845,0.8661980317332798,0.8679412356610988,0.8670687575392039,-0.04133287662780527,-0.04417946267911599,0,61,1740,0.07003421211511371
M-2022-4,61,19676,0.7113746958637469,0.8321305143321813,0.7670289515600113,0.0,0.0,0,86,1129,0.05737954868875788
M-2022-5,61,19248,0.7171542007027791,0.8164484621778886,0.7635868905031462,-0.015682052154292747,-0.0034420610568650645,0,60,1106,0.05746051537822111
M-2022-6,61,13653,0.5608160496220198,0.8476525305793599,0.675026976581411,0.015522016247178527,-0.0920019749786003,0,86,717,0.05251593056471105
M-2022-7,61,12195,0.6032433633233366,0.8906929069290693,0.7193139300023178,0.058562392596888,-0.04771502155769347,0,86,524,0.042968429684296844
M-2022-8,61,12446,0.5810064762713664,0.8793990036959666,0.6997187060478199,0.04726848936378525,-0.06731024551219134,0,86,533,0.04282500401735497
M-2022-9,61,17276,0.5415919243079736,0.8912942810835842,0.6737698820749557,0.05916376675140289,-0.09325906948505558,0,86,782,0.04526510766381107
M-2022-10,61,22920,0.5406811113143932,0.9025741710296684,0.6762557002991124,0.07044365669748709,-0.09077325126089886,0,86,1144,0.04991273996509599
M-2022-11,61,24608,0.5257560410939083,0.8859314044213265,0.6598964797045737,0.053800890089145126,-0.10713247185543762,0,86,1371,0.05571358907672302
M-2022-12,61,10494,0.4725672877846791,0.870020964360587,0.6124639431139733,0.03789045002840563,-0.15456500844603793,0,86,559,0.05326853440060987
M-2022-4,62,15549,0.9463302752293578,0.9287413981606534,0.9374533415560388,0.0,0.0,0,86,200,0.012862563508907325
M-2022-5,62,15902,0.9384879070653209,0.9296943780656521,0.934070447006792,0.0009529799049987631,-0.0033828945492467843,0,86,238,0.014966670859011445
M-2022-6,62,11912,0.9274941995359629,0.9396406984553392,0.9335279399499583,0.010899300294685776,-0.003925401606080459,0,86,136,0.011417058428475487
M-2022-7,62,8933,0.9139762107051826,0.9633941564983768,0.9380347702872092,0.03465275833772341,0.000581428731170397,0,86,60,0.006716668532407925
M-2022-8,62,8482,0.9227569147740049,0.9675784013204433,0.9446362799263351,0.038837003159789885,0.007182938370296377,0,86,68,0.00801697712803584
M-2022-9,62,17050,0.927645788336933,0.9572434017595308,0.9422122156794828,0.028502003598877446,0.004758874123444001,0,86,196,0.011495601173020528
M-2022-10,62,24087,0.9378723404255319,0.960767218831735,0.9491817398794143,0.03202582067108162,0.011728398323375577,0,86,258,0.010711172001494582
M-2022-11,62,25853,0.9255267574118963,0.95996596139713,0.9424318371686793,0.0312245632364766,0.004978495612640521,0,86,280,0.010830464549568715
M-2022-12,62,11221,0.9035502958579882,0.9525888958203369,0.9274218038262982,0.023847497659683525,-0.010031537729740525,0,86,155,0.013813385616255235
M-2022-4,63,11152,0.8243564784771793,0.6834648493543759,0.7473281694283753,0.0,0.0,0,60,1184,0.10616929698708752
M-2022-5,63,12327,0.8143472303777647,0.6750223087531435,0.7381681082279885,-0.008442540601232396,-0.009160061200386815,0,60,1352,0.10967794272734648
M-2022-6,63,10717,0.7489413188142771,0.6931044135485677,0.7199418463775139,0.009639564194191763,-0.027386323050861416,0,61,1283,0.11971633852757302
M-2022-7,63,8561,0.8001575630252101,0.7118327298212825,0.7534153427706002,0.028367880466906636,0.006087173342224861,0,61,1108,0.12942413269477865
M-2022-8,63,8412,0.7844513429612633,0.6909177365668093,0.7347196763794956,0.007452887212433423,-0.012608493048879676,0,61,986,0.11721350451735615
M-2022-9,63,10110,0.7637906647807637,0.6409495548961425,0.6969990319457889,-0.04251529445823343,-0.050329137482586384,0,60,1335,0.13204747774480713
M-2022-10,63,12148,0.6602842809364549,0.6500658544616398,0.655135224821636,-0.03339899489273612,-0.09219294460673932,0,60,1668,0.13730655251893314
M-2022-11,63,14361,0.6297334080537987,0.5477334447461876,0.5858781468791896,-0.13573140460818833,-0.16145002254918572,0,153,1686,0.11740129517443075
M-2022-12,63,5492,0.5489694599067249,0.66442097596504,0.6012027349864074,-0.019043873389335886,-0.1461254344419679,0,60,668,0.12163146394756008
M-2022-4,64,2437,0.8236046016190882,0.7931883463274518,0.8081103678929766,0.0,0.0,0,168,126,0.051702913418137056
M-2022-5,64,1122,0.6408045977011494,0.7950089126559715,0.7096260938743039,0.0018205663285196794,-0.09848427401867277,0,168,52,0.04634581105169341
M-2022-6,64,2776,0.865474060822898,0.8713976945244957,0.8684257763417699,0.07820934819704384,0.06031540844879324,0,168,112,0.040345821325648415
M-2022-7,64,16,0.0035842293906810036,0.0625,0.006779661016949152,-0.7306883463274518,-0.8013307068760275,0,122,6,0.375
M-2022-8,64,3965,0.9178416485900217,0.8537200504413619,0.8846204102966158,0.06053170411391007,0.07651004240363912,0,168,210,0.05296343001261034
M-2022-9,64,3493,0.8764845605700713,0.8451188090466648,0.8605159597726278,0.05193046271921298,0.052405591879651214,0,168,216,0.061837961637560834
M-2022-10,64,4110,0.8770429972340961,0.848661800486618,0.8626190181773217,0.05547345415916616,0.05450865028434504,0,168,254,0.061800486618004864
M-2022-11,64,2134,0.753992231333621,0.8186504217432052,0.7849921365985172,0.025462075415753405,-0.023118231294459446,0,168,143,0.06701030927835051
M-2022-12,64,1215,0.7420520231213873,0.8452674897119341,0.7903039630627164,0.052079143384482274,-0.017806404830260192,0,168,73,0.060082304526748974
M-2022-4,65,3145,0.9563454942313688,0.9751987281399046,0.9656801007556675,0.0,0.0,0,107,29,0.009220985691573928
M-2022-5,65,3554,0.9375336564351104,0.979741136747327,0.9581728123280132,0.004542408607422388,-0.007507288427654246,0,155,22,0.0061902082160945416
M-2022-6,65,3266,0.9255092733353603,0.9320269442743417,0.9287566742944318,-0.04317178386556286,-0.0369234264612357,0,176,99,0.030312308634415187
M-2022-7,65,2044,0.9030585795749093,0.8522504892367906,0.876919204631261,-0.12294823890311402,-0.08876089612440641,0,176,147,0.07191780821917808
M-2022-8,65,2348,0.9209528965890633,0.7244463373083475,0.8109654350417164,-0.2507523908315571,-0.1547146657139511,0,176,482,0.20528109028960817
M-2022-9,65,2712,0.8965827338129496,0.7352507374631269,0.8079416531604539,-0.23994799067677774,-0.1577384475952136,0,176,498,0.1836283185840708
M-2022-10,65,3253,0.9042991755005889,0.9440516446357209,0.9237479320198526,-0.031147083504183715,-0.041932168735814845,0,176,85,0.026129726406394098
M-2022-11,65,3979,0.7542288557213931,0.9525006282985675,0.8418480675255442,-0.022698099841337083,-0.12383203323012326,0,107,72,0.018094998743402865
M-2022-12,65,2112,0.9056859205776173,0.9502840909090909,0.927449168207024,-0.024914637230813663,-0.038230932548643404,0,107,29,0.013731060606060606
M-2022-4,66,5149,0.8769202295021284,0.9201786754709652,0.8980288097043214,0.0,0.0,0,133,52,0.010099048358904641
M-2022-5,66,6479,0.88594905505341,0.8320728507485723,0.8581661891117478,-0.08810582472239292,-0.03986262059257362,0,115,229,0.035344960642074395
M-2022-6,66,5429,0.9151689432063264,0.7034444649106649,0.795459279316809,-0.2167342105603003,-0.10256953038751238,0,143,186,0.03426045312212194
M-2022-7,66,2587,0.8981018981018981,0.6950135291843834,0.7836129875789932,-0.2251651462865818,-0.11441582212532819,0,133,112,0.04329339002705837
M-2022-8,66,2980,0.8789473684210526,0.6164429530201342,0.72465483234714,-0.303735722450831,-0.1733739773571814,0,86,151,0.05067114093959731
M-2022-9,66,3483,0.8693898134140191,0.49497559575078953,0.6308086351994145,-0.4252030797201757,-0.26722017450490687,0,86,220,0.06316393913293138
M-2022-10,66,4226,0.8160112359550562,0.5499290108849977,0.6570540005654509,-0.37024966458596753,-0.24097480913887048,0,142,281,0.0664931377188831
M-2022-11,66,3279,0.01867572156196944,0.003354681305275999,0.005687693898655636,-0.9168239941656892,-0.8923411158056658,1,142,1159,0.35346142116498935
M-2022-12,66,1955,0.00437636761487965,0.0010230179028132991,0.001658374792703151,-0.9191556575681519,-0.8963704349116183,1,71,271,0.13861892583120206
M-2022-4,67,854,0.5711743772241993,0.3758782201405152,0.4533898305084746,0.0,0.0,0,46,145,0.16978922716627634
M-2022-5,67,1581,0.6749435665914221,0.3782416192283365,0.4847993514389947,0.002363399087821294,0.03140952093052013,0,13,258,0.16318785578747627
M-2022-6,67,2236,0.7467018469656992,0.379695885509839,0.503409427809072,0.0038176653693238194,0.05001959730059746,0,13,394,0.17620751341681573
M-2022-7,67,1175,0.3799043062200957,0.33787234042553194,0.35765765765765767,-0.03800587971498326,-0.09573217285081692,0,13,265,0.225531914893617
M-2022-8,67,1258,0.3241232731137088,0.2424483306836248,0.2773988176443838,-0.13342988945689038,-0.1759910128640908,0,13,333,0.2647058823529412
M-2022-9,67,2757,0.33264248704663213,0.23286180631120784,0.2739492212502667,-0.14301641382930735,-0.17944060925820787,0,13,679,0.2462821907870874
M-2022-10,67,4304,0.32904884318766064,0.17843866171003717,0.23139499849352216,-0.19743955843047803,-0.22199483201495243,0,46,988,0.2295539033457249
M-2022-11,67,2508,0.20458265139116202,0.14952153110047847,0.17277125086385625,-0.22635668904003672,-0.28061857964461834,0,13,523,0.20853269537480063
M-2022-12,67,1191,0.1589519650655022,0.1528127623845508,0.1558219178082192,-0.2230654577559644,-0.2975679127002554,0,46,318,0.26700251889168763
M-2022-4,68,7271,0.7754048017867113,0.7639939485627837,0.7696570834776585,0.0,0.0,0,153,213,0.02929445743364049
M-2022-5,68,8946,0.7430350035717931,0.8138832997987927,0.7768471592424646,0.049889351236009016,0.007190075764806125,0,153,241,0.026939414263357924
M-2022-6,68,4534,0.6378029079159936,0.870754300838112,0.7362924281984334,0.10676035227532832,-0.03336465527922505,0,156,80,0.0176444640494045
M-2022-7,68,3493,0.5613063407181055,0.8413970798740338,0.6733875587123381,0.0774031313112501,-0.09626952476532036,0,156,64,0.018322359003721728
M-2022-8,68,3673,0.5240045879075864,0.8706779199564388,0.6542553191489362,0.10668397139365515,-0.11540176432872229,0,156,76,0.020691532806969778
M-2022-9,68,4418,0.375406443984629,0.8623811679492983,0.5231001578911237,0.09838721938651462,-0.24655692558653475,0,156,100,0.022634676324128564
M-2022-10,68,3689,0.37958204864679684,0.9010571970723773,0.5341475172746264,0.13706324850959362,-0.2355095662030321,0,46,45,0.012198427758200054
M-2022-11,68,3760,0.42667844522968196,0.8992021276595744,0.5787401574803149,0.13520817909679073,-0.19091692599734356,0,46,35,0.009308510638297872
M-2022-12,68,2499,0.6367299942429476,0.8851540616246498,0.7406663318265528,0.12116011306186614,-0.02899075165110565,0,117,26,0.010404161664665866
M-2022-4,69,879,0.8545454545454545,0.8020477815699659,0.8274647887323944,0.0,0.0,0,104,28,0.03185437997724687
M-2022-5,69,857,0.8475222363405337,0.7782963827304551,0.8114355231143552,-0.02375139883951083,-0.01602926561803919,0,104,34,0.039673278879813305
M-2022-6,69,821,0.727015558698727,0.6260657734470159,0.6727748691099477,-0.17598200812295006,-0.15468991962244671,0,110,240,0.292326431181486
M-2022-7,69,605,0.7142857142857143,0.9338842975206612,0.8094555873925502,0.13183651595069523,-0.018009201339844183,0,104,10,0.01652892561983471
M-2022-8,69,517,0.6378162450066578,0.9264990328820116,0.7555205047318612,0.12445125131204571,-0.07194428400053321,0,110,10,0.019342359767891684
M-2022-9,69,323,0.046875,0.04643962848297214,0.04665629860031104,-0.7556081530869938,-0.7808084901320833,1,125,105,0.32507739938080493
M-2022-10,69,1232,0.04983388704318937,0.012175324675324676,0.019569471624266144,-0.7898724568946413,-0.8078953171081282,1,105,637,0.5170454545454546
M-2022-11,69,2284,0.02977667493796526,0.005253940455341506,0.00893189430591738,-0.7967938411146244,-0.818532894426477,1,105,998,0.43695271453590195
M-2022-12,69,1866,0.03345724907063197,0.00482315112540193,0.008430913348946136,-0.797224630444564,-0.8190338753834482,1,105,703,0.3767416934619507
M-2022-4,70,2642,0.845489443378119,0.6669190007570023,0.7456622936944562,0.0,0.0,0,82,290,0.10976532929598788
M-2022-5,70,2822,0.7900340715502555,0.6573352232459249,0.7176015473887815,-0.009583777511077418,-0.02806074630567479,0,82,297,0.10524450744153083
M-2022-6,70,2230,0.7547872340425532,0.636322869955157,0.6905109489051094,-0.03059613080184531,-0.0551513447893468,0,82,310,0.13901345291479822
M-2022-7,70,1078,0.7446808510638298,0.5844155844155844,0.6548856548856549,-0.08250341634141789,-0.09077663880880138,0,82,140,0.12987012987012986
M-2022-8,70,1217,0.7159235668789808,0.4617912900575185,0.5614385614385614,-0.20512771069948377,-0.18422373225589483,0,82,221,0.18159408381265407
M-2022-9,70,1678,0.7517564402810304,0.38259833134684146,0.5071090047393365,-0.2843206694101608,-0.23855328895511974,0,82,313,0.1865315852205006
M-2022-10,70,1735,0.7647058823529411,0.4046109510086455,0.5292122125895213,-0.26230804974835675,-0.2164500811049349,0,75,340,0.19596541786743515
M-2022-11,70,1791,0.604679802955665,0.2741485203796762,0.37725701114099114,-0.3927704803773261,-0.3684052825534651,0,75,337,0.18816303740926857
M-2022-12,70,908,0.6404494382022472,0.2511013215859031,0.36075949367088606,-0.4158176791710992,-0.3849028000235702,0,71,216,0.23788546255506607
M-2022-4,71,149408,0.898879971897968,0.8906015742128935,0.8947216245293168,0.0,0.0,0,82,3596,0.02406832298136646
M-2022-5,71,168702,0.894612911322807,0.8873160958376308,0.8909495637268323,-0.003285478375262718,-0.0037720608024844893,0,82,3959,0.023467415916823747
M-2022-6,71,139240,0.8982168900745344,0.8801996552714737,0.8891170058798565,-0.010401918941419841,-0.005604618649460269,0,175,3555,0.025531456478023556
M-2022-7,71,78156,0.867349426969032,0.8647192793899381,0.8660323562389877,-0.025882294822955454,-0.02868926829032914,0,175,2352,0.030093658836173806
M-2022-8,71,73697,0.8157755712989176,0.8171703054398415,0.8164723427331887,-0.07343126877305206,-0.07824928179612811,0,82,3231,0.04384167605194241
M-2022-9,71,75189,0.7428303452256412,0.8216095439492479,0.7802364352834192,-0.06899203026364564,-0.11448518924589757,0,175,4322,0.05748181249916876
M-2022-10,71,63797,0.6857286665634196,0.8328448046146371,0.7521605877648091,-0.057756769598256485,-0.1425610367645077,0,175,3999,0.0626831982695111
M-2022-11,71,64126,0.6245516095918061,0.8444000873280728,0.718024200232057,-0.04620148688482073,-0.17669742429725976,0,175,3880,0.06050587905061909
M-2022-12,71,39434,0.5971763613971836,0.8484556474108638,0.7009773624831083,-0.042145926802029776,-0.19374426204620854,0,175,2406,0.061013338743216516
M-2022-4,72,17880,0.8352322017234399,0.8077181208053691,0.8212447755252907,0.0,0.0,0,71,977,0.054642058165548096
M-2022-5,72,19739,0.8476326660311407,0.8108313491058311,0.8288236969524352,0.003113228300462012,0.007578921427144447,0,71,981,0.049698566290085615
M-2022-6,72,16647,0.8455718184073431,0.8190064275845498,0.8320771413749962,0.01128830677918069,0.010832365849705483,0,71,787,0.04727578542680363
M-2022-7,72,7931,0.7596946940785424,0.7780859916782247,0.7687803662638595,-0.029632129127144413,-0.052464409261431255,0,71,602,0.07590467784642542
M-2022-8,72,8133,0.646435331230284,0.6299028648715111,0.6380620251587994,-0.17781525593385794,-0.18318275036649134,0,71,1540,0.18935202262387804
M-2022-9,72,10841,0.4943034493596291,0.5802970205700582,0.5338594704684317,-0.22742110023531092,-0.287385305056859,0,71,2487,0.2294068812840144
M-2022-10,72,10327,0.4473103013093548,0.5491430231432168,0.4930232558139535,-0.25857509766215225,-0.32822151971133723,0,71,2603,0.2520577127917111
M-2022-11,72,9807,0.42562962962962964,0.5859080248801877,0.49307075127644057,-0.22181009592518142,-0.32817402424885017,0,71,2131,0.21729376975629652
M-2022-12,72,5765,0.4215230166503428,0.5972246313963573,0.49422234981698127,-0.2104934894090118,-0.32702242570830947,0,71,1190,0.20641803989592367
M-2022-4,73,29211,0.9772696384887197,0.9846633117661155,0.9809525433555583,0.0,0.0,0,82,220,0.007531409400568279
M-2022-5,73,31508,0.9751382951973849,0.9846705598578139,0.9798812456572548,7.248091698386361e-06,-0.0010712976983034972,0,82,206,0.006538022089628031
M-2022-6,73,26806,0.9776273944234893,0.9862344251287025,0.9819120487297578,0.0015711133625869733,0.0009595053741995319,0,82,159,0.005931507871372081
M-2022-7,73,15014,0.9741787122207621,0.9875449580391634,0.9808162995303301,0.0028816462730478776,-0.00013624382522814393,0,82,82,0.00546156920207806
M-2022-8,73,12129,0.9613565954671449,0.9722153516365735,0.9667554826808772,-0.01244796012954208,-0.014197060674681072,0,82,219,0.01805589908483799
M-2022-9,73,15275,0.9128554163221169,0.9395090016366612,0.9259904503806943,-0.04515431012945437,-0.054962092974863985,0,82,770,0.050409165302782326
M-2022-10,73,13787,0.8624923682246795,0.922173061579749,0.8913348289399888,-0.06249025018636656,-0.08961771441556943,0,82,974,0.07064626097047944
M-2022-11,73,14224,0.8415465774575399,0.9196428571428571,0.8788632088148347,-0.06502045462325845,-0.10208933454072355,0,82,998,0.07016310461192352
M-2022-12,73,8821,0.8420943494038362,0.9207572837546764,0.8796707462363262,-0.06390602801143919,-0.10128179711923202,0,82,563,0.06382496315610475
M-2022-4,74,9210,0.8396893634724726,0.6574375678610206,0.7374703124048475,0.0,0.0,0,77,906,0.098371335504886
M-2022-5,74,10715,0.8306523681858803,0.6939804013065796,0.7561905730411349,0.036542833445558975,0.0187202606362874,0,175,974,0.09090060662622491
M-2022-6,74,5766,0.7533546325878594,0.613423517169615,0.6762259822196731,-0.044014050691405626,-0.06124433018517439,0,175,599,0.1038848421782865
M-2022-7,74,3474,0.7082613204286208,0.5898100172711571,0.643631223496152,-0.06762755058986347,-0.09383908890869552,0,175,381,0.10967184801381692
M-2022-8,74,3591,0.7167487684729064,0.5672514619883041,0.6332970620239391,-0.09018610587271647,-0.10417325038090841,0,175,445,0.1239209133945976
M-2022-9,74,3563,0.656396255850234,0.47235475722705583,0.5493716337522442,-0.18508281063396476,-0.18809867865260332,0,175,706,0.19814762840303116
M-2022-10,74,3353,0.5762902019446522,0.4595884282731882,0.5113655218184835,-0.1978491395878324,-0.226104790586364,0,175,871,0.2597673725022368
M-2022-11,74,3465,0.5416073968705548,0.43953823953823956,0.48526366098454676,-0.21789932832278103,-0.25220665142030074,0,175,922,0.2660894660894661
M-2022-12,74,2294,0.5941489361702128,0.486922406277245,0.5352180162913273,-0.1705151615837756,-0.20225229611352025,0,175,515,0.2244986922406277
M-2022-4,75,28060,0.7365331195051404,0.9165716322166786,0.8167484399561759,0.0,0.0,0,71,1190,0.04240912330719886
M-2022-5,75,30933,0.6902857142857143,0.9177254065237772,0.7879208415443115,0.0011537743070986206,-0.02882759841186433,0,71,1293,0.04180001939676074
M-2022-6,75,25572,0.6589613148479427,0.9219067730330048,0.768566212427463,0.005335140816326245,-0.04818222752871282,0,71,1037,0.04055216643203504
M-2022-7,75,16084,0.6813482925873303,0.864648097488187,0.7621317988765585,-0.05192353472849154,-0.05461664107961739,0,71,903,0.0561427505595623
M-2022-8,75,16576,0.6400642445724413,0.6972128378378378,0.6674174174174174,-0.21935879437884076,-0.1493310225387584,0,71,1832,0.11052123552123552
M-2022-9,75,14009,0.5059907834101383,0.4310800199871511,0.46554116558741904,-0.48549161222952747,-0.3512072743687568,0,82,2425,0.17310300521093583
M-2022-10,75,11581,0.46754044644685644,0.39426647094378725,0.42778844802548366,-0.5223051612728913,-0.3889599919306922,0,82,2232,0.19272947068474225
M-2022-11,75,11835,0.45721623009758605,0.37608787494719054,0.4127028280018544,-0.540483757269488,-0.4040456119543214,0,71,4262,0.3601182931981411
M-2022-12,75,6807,0.4407491685629267,0.36991332451887765,0.4022364217252396,-0.5466583076978009,-0.41451201823093625,0,71,3176,0.46657852210959305
M-2022-4,76,10523,0.9372085794218216,0.8595457569134277,0.8966987211262021,0.0,0.0,0,175,313,0.029744369476385063
M-2022-5,76,12560,0.9237029501525941,0.867515923566879,0.8947281983905403,0.007970166653451294,-0.001970522735661784,0,175,397,0.03160828025477707
M-2022-6,76,9751,0.9263058601580002,0.8056609578504769,0.8617814831066257,-0.05388479906295085,-0.03491723801957636,0,82,680,0.06973643728848324
M-2022-7,76,5019,0.8991617983235967,0.7053197848176928,0.7905314872711031,-0.15422597209573496,-0.10616723385509896,0,82,689,0.1372783422992628
M-2022-8,76,3558,0.884276371907876,0.8740865654862282,0.8791519434628975,0.01454080857280049,-0.01754677766330459,0,175,114,0.03204047217537943
M-2022-9,76,4617,0.8982602950891874,0.883474117392246,0.8908058528062895,0.0239283604788183,-0.0058928683199125365,0,175,208,0.04505089885206844
M-2022-10,76,4405,0.8892725598526704,0.8769580022701475,0.8830723511258429,0.017412245356719813,-0.013626370000359156,0,175,165,0.03745743473325766
M-2022-11,76,4370,0.8859200743494424,0.8725400457665904,0.8791791560986857,0.012994288853162672,-0.017519565027516393,0,175,165,0.03775743707093822
M-2022-12,76,2683,0.8761518614080354,0.8859485650391353,0.8810229799851742,0.02640280812570761,-0.015675741141027877,0,175,97,0.03615355944837868
M-2022-4,77,81932,0.8928487107797453,0.8769711468046673,0.8848387076911709,0.0,0.0,0,175,2245,0.027400771371381145
M-2022-5,77,80105,0.8581719165789963,0.8655639473191437,0.8618520820385333,-0.0114071994855236,-0.02298662565263765,0,175,2436,0.030410086761126023
M-2022-6,77,70171,0.8709490740740741,0.8579042624445996,0.8643774543940383,-0.01906688436006765,-0.020461253297132553,0,75,2226,0.03172250644853287
M-2022-7,77,35082,0.8542527926818542,0.8305113733538567,0.8422148029311017,-0.04645977345081054,-0.042623904760069165,0,175,1487,0.0423864089846645
M-2022-8,77,38646,0.8801613732975929,0.8411478548879574,0.8602124928882362,-0.035823291916709854,-0.0246262148029347,0,71,1369,0.03542410598768307
M-2022-9,77,36366,0.8835180691283531,0.7408568443051202,0.8059228238109483,-0.13611430249954704,-0.07891588388022264,0,71,2126,0.05846120002199857
M-2022-10,77,27623,0.8062347739781648,0.6469608659450458,0.7178694089055816,-0.2300102808596215,-0.1669692987855893,0,72,2417,0.08749954747855049
M-2022-11,77,29408,0.7926453523268376,0.673592219804135,0.7282854464236475,-0.20337892700053228,-0.15655326126752345,0,71,2509,0.08531692056583243
M-2022-12,77,17960,0.8060207206620187,0.6887527839643652,0.7427868015732428,-0.18821836284030202,-0.14205190611792806,0,71,1580,0.08797327394209355
M-2022-4,78,48009,0.9615252342876794,0.9317836239038514,0.9464208265896565,0.0,0.0,0,71,944,0.019662979857943304
M-2022-5,78,54812,0.9589835709741402,0.9350142304604832,0.946847229663569,0.0032306065566317654,0.00042640307391250687,0,175,985,0.01797051740494782
M-2022-6,78,48968,0.9648465456994906,0.9360398627675216,0.950224931069511,0.004256238863670214,0.0038041044798544643,0,175,876,0.017889233785329195
M-2022-7,78,31608,0.965984414912536,0.9451721083270058,0.9554649396338051,0.013388484423154434,0.009044113044148538,0,71,524,0.01657808149835485
M-2022-8,78,29549,0.9559860408802792,0.9085248231750651,0.9316513681872604,-0.023258800728786277,-0.014769458402396185,0,71,1052,0.035601881620359405
M-2022-9,78,25845,0.9076234684063061,0.8397755852195783,0.8723823304795209,-0.0920080386842731,-0.07403849611013569,0,71,1745,0.06751789514412845
M-2022-10,78,16173,0.8024810386939195,0.7719656217152043,0.7869276102234408,-0.15981800218864706,-0.15949321636621572,0,71,1972,0.12193161441909355
M-2022-11,78,16972,0.7709591688813723,0.7520622201272684,0.7613934621808638,-0.17972140377658297,-0.18502736440879275,0,71,2858,0.1683950035352345
M-2022-12,78,10246,0.7434216867469879,0.7527815732968963,0.748072353426119,-0.17900205060695507,-0.19834847316353754,0,71,1859,0.1814366582080812
M-2022-4,79,25102,0.8361911245372932,0.7829256632937615,0.8086822343380311,0.0,0.0,0,77,1749,0.06967572304995617
M-2022-5,79,28257,0.7911452979334302,0.7898573804720954,0.7905008146206701,0.006931717178333963,-0.01818141971736098,0,77,1993,0.07053119580988781
M-2022-6,79,21424,0.7930937675463223,0.791168782673637,0.7921301056173474,0.008243119379875541,-0.01655212872068368,0,77,1569,0.07323562359970127
M-2022-7,79,10765,0.7853631388553938,0.7865304226660473,0.7859463473498561,0.0036047593722858817,-0.02273588698817497,0,77,700,0.06502554575011611
M-2022-8,79,9419,0.786468869408856,0.7429663446225714,0.7640989244963695,-0.03995931867119007,-0.04458330984166159,0,175,998,0.10595604628941502
M-2022-9,79,11394,0.8459747172322023,0.6695629278567667,0.7475014697236919,-0.11336273543699471,-0.06118076461433919,0,175,2289,0.20089520800421273
M-2022-10,79,12335,0.8643737166324436,0.6825293879205513,0.7627633069082673,-0.10039627537321016,-0.04591892742976378,0,175,2587,0.20972841507904338
M-2022-11,79,12791,0.7856744704570792,0.6611680087561567,0.718064105285502,-0.12175765453760479,-0.09061812905252908,0,175,2594,0.20279884293643968
M-2022-12,79,7528,0.7921817574340126,0.6299149840595112,0.7017907355335208,-0.15301067923425027,-0.10689149880451032,0,175,1670,0.2218384697130712
M-2022-4,80,6096,0.8715596330275229,0.7791994750656168,0.822795773428027,0.0,0.0,0,175,469,0.07693569553805775
M-2022-5,80,4284,0.67664851784634,0.5221755368814193,0.5894598155467721,-0.25702393818419755,-0.23333595788125494,0,175,683,0.15943043884220354
M-2022-6,80,3042,0.6512968299711815,0.4457593688362919,0.5292740046838408,-0.3334401062293249,-0.29352176874418623,0,175,540,0.17751479289940827
M-2022-7,80,2151,0.6070234113712375,0.33751743375174337,0.43382133253659994,-0.44168204131387345,-0.3889744408914271,0,175,404,0.18781961878196188
M-2022-8,80,1839,0.48984995586937335,0.30179445350734097,0.373485868102288,-0.47740502155827585,-0.449309905325739,0,175,436,0.23708537248504621
M-2022-9,80,1593,0.5348837209302325,0.27432517263025735,0.362655601659751,-0.5048743024353595,-0.460140171768276,0,175,557,0.34965473948524795
M-2022-10,80,1260,0.5414634146341464,0.2642857142857143,0.3552,-0.5149137607799026,-0.467595773428027,0,175,547,0.43412698412698414
M-2022-11,80,1702,0.5476550680786687,0.21269095182138661,0.3063901819720694,-0.5665085232442302,-0.5164055914559575,0,175,774,0.45475910693301996
M-2022-12,80,1055,0.5365296803652968,0.22274881516587677,0.31480241125251174,-0.5564506598997401,-0.5079933621755153,0,175,463,0.43886255924170614
M-2022-4,81,7217,0.9657291097760786,0.9800471109879452,0.972835430850698,0.0,0.0,0,71,41,0.005681030899265623
M-2022-5,81,8178,0.966003616636528,0.9798239178283199,0.972864687670734,-0.00022319315962526787,2.9256820035961084e-05,0,71,50,0.006113964294448521
M-2022-6,81,6838,0.9600629831090753,0.980842351564785,0.9703414351851852,0.000795240576839884,-0.0024939956655127826,0,71,46,0.006727113190991518
M-2022-7,81,3251,0.9623100303951367,0.9738541987080899,0.9680476991285736,-0.0061929122798553005,-0.004787731722124433,0,71,32,0.00984312519224854
M-2022-8,81,2870,0.9548548907201719,0.9285714285714286,0.9415297650591768,-0.051475682416516566,-0.031305665791521164,0,71,112,0.03902439024390244
M-2022-9,81,3832,0.9212916246215943,0.9530271398747391,0.9368907131862494,-0.027019971113206087,-0.03594471766444862,0,71,69,0.0180062630480167
M-2022-10,81,3661,0.9014560582423297,0.9470090139306201,0.9236712401758359,-0.03303809705732508,-0.04916419067486211,0,71,114,0.03113903305107894
M-2022-11,81,3461,0.9325014180374361,0.9500144466917076,0.9411764705882353,-0.03003266429623752,-0.03165896026246273,0,71,110,0.03178272175671771
M-2022-12,81,2122,0.9318712085860943,0.9410933081998115,0.9364595545134818,-0.03895380278813365,-0.03637587633721617,0,71,98,0.046182846371347785
M-2022-4,82,79609,0.8904576313804375,0.8896858395407554,0.8900715681531144,0.0,0.0,0,71,3587,0.04505771960456732
M-2022-5,82,82376,0.8789643523420562,0.8464844129358066,0.8624186805847577,-0.043201426604948856,-0.02765288756835671,0,71,4424,0.053704962610469066
M-2022-6,82,67896,0.8758120977727502,0.8438346883468835,0.8595260777268533,-0.04585115119387195,-0.03054549042626109,0,71,3577,0.05268351596559444
M-2022-7,82,38594,0.8303969871282276,0.8341192931543763,0.8322539781026616,-0.055566546386379145,-0.05781759005045284,0,71,2263,0.05863605741825154
M-2022-8,82,36090,0.7581972401569819,0.8297312274868385,0.792352980088642,-0.059954612053916945,-0.09771858806447242,0,71,2250,0.06234413965087282
M-2022-9,82,36697,0.6886740959745281,0.825162819849034,0.7507654927045756,-0.06452301969172147,-0.1393060754485388,0,71,2047,0.05578112652260403
M-2022-10,82,35248,0.7084037938386883,0.820046527462551,0.7601477955582439,-0.0696393120782044,-0.12992377259487053,0,73,1618,0.04590331366318656
M-2022-11,82,46016,0.7965413566835648,0.788769123783032,0.7926361879388096,-0.10091671575772343,-0.09743538021430476,0,71,3132,0.06806328233657859
M-2022-12,82,27579,0.8099480326651819,0.7516226114072302,0.7796960806439479,-0.13806322813352523,-0.11037548750916648,0,71,2463,0.08930708147503535
M-2022-4,83,24502,0.9595668748479196,0.9656762713247898,0.9626118795768918,0.0,0.0,0,155,127,0.0051832503469104564
M-2022-5,83,28362,0.9592744086786413,0.950920245398773,0.9550790587318732,-0.01475602592601688,-0.007532820845018606,0,155,456,0.016077850645229534
M-2022-6,83,24048,0.9464123524069028,0.9532601463739189,0.9498239071887301,-0.012416124950870966,-0.01278797238816165,0,155,360,0.014970059880239521
M-2022-7,83,21074,0.9276866264666013,0.9417291449179084,0.9346551439941602,-0.023947126406881458,-0.027956735582731596,0,155,558,0.02647812470342602
M-2022-8,83,22940,0.9459600801882682,0.946207497820401,0.9460837728283137,-0.019468773504388803,-0.016528106748578075,0,155,365,0.015911072362685266
M-2022-9,83,24627,0.9310695563727408,0.9664189710480368,0.9484149913327622,0.0007426997232469201,-0.014196888244129569,0,130,147,0.005969058350590815
M-2022-10,83,32633,0.9359566962656611,0.9431557012839763,0.9395424088404536,-0.022520570040813537,-0.02306947073643817,0,155,465,0.014249379462507279
M-2022-11,83,32724,0.9180619175485705,0.7104571568267938,0.8010267364939361,-0.25521911449799606,-0.16158514308295568,0,155,7035,0.21497983131646498
M-2022-12,83,19531,0.9201018869886157,0.9062516000204802,0.91312422616591,-0.05942467130430962,-0.04948765341098171,0,155,571,0.029235574215349957
M-2022-4,84,2397,0.9054531188701451,0.9628702544847726,0.9332794177112819,0.0,0.0,0,153,12,0.0050062578222778474
M-2022-5,84,2425,0.950466910272026,0.965360824742268,0.9578559738134206,0.002490570257495439,0.024576556102138714,0,140,11,0.004536082474226804
M-2022-6,84,1686,0.9568302779420461,0.9596678529062871,0.9582469647616227,-0.003202401578485503,0.024967547050340877,0,155,16,0.009489916963226572
M-2022-7,84,1135,0.9668122270742358,0.9753303964757709,0.9710526315789474,0.012460141990998319,0.03777321386766552,0,140,5,0.004405286343612335
M-2022-8,84,2107,0.9719714964370546,0.9710488846701472,0.9715099715099715,0.008178630185374569,0.03823055379868967,0,87,10,0.004746084480303749
M-2022-9,84,2869,0.9654811715481172,0.9651446497037295,0.965312881296845,0.002274395218956893,0.03203346358556314,0,140,14,0.004879749041477867
M-2022-10,84,1777,0.9440133037694013,0.9583567810917276,0.9511309690030718,-0.0045134733930449755,0.017851551291789947,0,51,10,0.005627462014631401
M-2022-11,84,704,0.7871046228710462,0.9190340909090909,0.8479685452162516,-0.04383616357568165,-0.08531087249503022,0,1,15,0.02130681818181818
M-2022-12,84,1057,0.9003021148036254,0.8457899716177862,0.8721951219512195,-0.11708028286698635,-0.06108429576006236,0,51,16,0.015137180700094607
M-2022-4,85,2080,0.9117108874656907,0.958173076923077,0.9343647444913268,0.0,0.0,0,25,11,0.005288461538461539
M-2022-5,85,2268,0.9595070422535211,0.9611992945326279,0.960352422907489,0.0030262176095509075,0.02598767841616223,0,96,11,0.0048500881834215165
M-2022-6,85,2336,0.9579301640723601,0.9747431506849316,0.9662635264162953,0.016570073761854598,0.03189878192496853,0,78,9,0.003852739726027397
M-2022-7,85,1437,0.9597818677573279,0.9798190675017397,0.9696969696969697,0.021645990578662788,0.03533222520564294,0,96,7,0.0048712595685455815
M-2022-8,85,502,0.9038461538461539,0.9362549800796812,0.9197651663405088,-0.02191809684339574,-0.014599578150818027,0,78,9,0.017928286852589643
M-2022-9,85,872,0.8991494532199271,0.8486238532110092,0.8731563421828908,-0.10954922371206777,-0.06120840230843594,0,130,33,0.03784403669724771
M-2022-10,85,1115,0.8631677600749765,0.8260089686098655,0.844179651695692,-0.13216410831321146,-0.0901850927956348,0,130,56,0.05022421524663677
M-2022-11,85,1258,0.858252427184466,0.7027027027027027,0.7727272727272727,-0.2554703742203742,-0.16163747176405407,0,87,134,0.10651828298887123
M-2022-12,85,350,0.7283582089552239,0.6971428571428572,0.7124087591240876,-0.2610302197802198,-0.22195598536723915,0,87,29,0.08285714285714285
M-2022-4,86,27759,0.8664357490864799,0.8200223350985266,0.8425903647905831,0.0,0.0,0,61,2912,0.1049029143701142
M-2022-5,86,26206,0.8419397613184315,0.8480119056704571,0.8449649246212049,0.027989570571930522,0.0023745598306217364,0,61,1931,0.07368541555369
M-2022-6,86,22524,0.8296357022083312,0.7188776416267093,0.7702956637568088,-0.10114469347181732,-0.07229470103377433,0,61,3997,0.17745515894157343
M-2022-7,86,16760,0.8176655031651187,0.8246420047732697,0.8211389359237145,0.004619669674743032,-0.021451428866868683,0,61,1763,0.1051909307875895
M-2022-8,86,16937,0.807785434904079,0.7681997992560666,0.7874954605979906,-0.051822535842459994,-0.05509490419259255,0,61,2443,0.14424042038141346
M-2022-9,86,39714,0.8861961828672881,0.7541169360930654,0.8148389993062074,-0.06590539900546122,-0.027751365484375734,0,61,5944,0.14967014151180943
M-2022-10,86,52904,0.8954764508160208,0.8359292303039467,0.8646788542379509,0.015906895205420102,0.022088489447367743,0,61,4831,0.0913163465900499
M-2022-11,86,51038,0.8587188395197172,0.8281476546886634,0.8431562253762754,0.008125319590136737,0.0005658605856923016,0,61,4732,0.09271523178807947
M-2022-12,86,20232,0.8164908525709627,0.7919137999209174,0.8040145527537322,-0.02810853517760925,-0.0385758120368509,0,61,2194,0.10844207196520364
M-2022-4,87,11231,0.950342911711086,0.9747128483661295,0.9623736263736263,0.0,0.0,0,142,23,0.0020479031252782476
M-2022-5,87,11488,0.8714978869932697,0.9693593314763231,0.9178274128410121,-0.005353516889806342,-0.04454621353261423,0,142,59,0.005135793871866295
M-2022-6,87,11076,0.9664496292277085,0.9648790176959191,0.9656636848287702,-0.009833830670210375,0.0032900584551438516,0,142,91,0.008215962441314555
M-2022-7,87,9083,0.9712174680194089,0.9696135638005065,0.9704148531761335,-0.00509928456562303,0.008041226802507184,0,142,72,0.007926896399867885
M-2022-8,87,7898,0.9338459660685952,0.9687262598126107,0.9509663787210242,-0.005986588553518746,-0.011407247652602148,0,142,58,0.007343631299063054
M-2022-9,87,6519,0.8582396490265972,0.9602699800582911,0.9063925287772389,-0.014442868307838364,-0.055981097596387475,0,142,61,0.009357263383954595
M-2022-10,87,7329,0.9016814272878962,0.9585209441942967,0.9292328042328042,-0.016191904171832805,-0.033140822140822146,0,142,70,0.009551098376313277
M-2022-11,87,6282,0.8677025849549811,0.9511302133078637,0.9075030376670717,-0.023582635058265744,-0.05487058870655459,0,142,64,0.010187838268067495
M-2022-12,87,5056,0.8681974326523233,0.9497626582278481,0.9071502786436195,-0.02495019013828137,-0.05522334773000681,0,142,61,0.012064873417721519
M-2022-4,88,204,0.4025974025974026,0.45588235294117646,0.42758620689655175,0.0,0.0,0,63,11,0.05392156862745098
M-2022-5,88,402,0.6203208556149733,0.5771144278606966,0.5979381443298969,0.1212320749195201,0.17035193743334515,0,12,27,0.06716417910447761
M-2022-6,88,337,0.45605700712589076,0.56973293768546,0.5065963060686016,0.1138505847442835,0.07901009917204987,0,12,21,0.06231454005934718
M-2022-7,88,239,0.2813186813186813,0.5355648535564853,0.3688760806916426,0.07968250061530885,-0.05871012620490912,0,155,19,0.0794979079497908
M-2022-8,88,291,0.286,0.49140893470790376,0.3615676359039191,0.035526581766727294,-0.06601857099263264,0,155,22,0.07560137457044673
M-2022-9,88,241,0.20840950639853748,0.4730290456431535,0.2893401015228426,0.01714669270197705,-0.13824610537370913,0,155,33,0.13692946058091288
M-2022-10,88,229,0.18661971830985916,0.462882096069869,0.2659974905897114,0.006999743128692559,-0.16158871630684035,0,155,18,0.07860262008733625
M-2022-11,88,465,0.4188722669735328,0.7827956989247312,0.545727136431784,0.32691334598355476,0.11814092953523231,0,12,18,0.03870967741935484
M-2022-12,88,83,0.13134328358208955,0.5301204819277109,0.21052631578947367,0.07423812898653442,-0.21705989110707807,0,63,7,0.08433734939759036
M-2022-4,89,486,0.7659137577002053,0.7674897119341564,0.7667009249743063,0.0,0.0,0,155,12,0.024691358024691357
M-2022-5,89,891,0.8435689455388181,0.8170594837261503,0.830102622576967,0.049569771791993955,0.06340169760266068,0,115,15,0.016835016835016835
M-2022-6,89,843,0.8821192052980132,0.7900355871886121,0.8335419274092616,0.022545875254455727,0.06684100243495528,0,155,23,0.027283511269276393
M-2022-7,89,552,0.910828025477707,0.7771739130434783,0.8387096774193549,0.009684201109321888,0.07200875244504856,0,61,24,0.043478260869565216
M-2022-8,89,579,0.91701244813278,0.7633851468048359,0.8331762488218661,-0.004104565129320448,0.06647532384755983,0,155,28,0.04835924006908463
M-2022-9,89,675,0.892416225749559,0.7496296296296296,0.8148148148148148,-0.017860082304526737,0.04811388984050846,0,61,39,0.057777777777777775
M-2022-10,89,613,0.8040201005025126,0.7830342577487766,0.7933884297520661,0.01554454581462017,0.02668750477775983,0,61,29,0.04730831973898858
M-2022-11,89,591,0.6685633001422475,0.7952622673434856,0.7264296754250387,0.027772555409329214,-0.04027124954926764,0,61,24,0.04060913705583756
M-2022-12,89,377,0.6331236897274634,0.8010610079575596,0.7072599531615925,0.03357129602340325,-0.059440971812713794,0,61,17,0.04509283819628647
M-2022-4,90,7635,0.9458365961889846,0.9491814014407335,0.947506046937308,0.0,0.0,0,71,47,0.0061558611656843485
M-2022-5,90,7170,0.9277815699658704,0.9478382147838215,0.9377026560883063,-0.001343186656912021,-0.009803390849001725,0,71,41,0.005718270571827057
M-2022-6,90,5608,0.9116896375701888,0.9554208273894437,0.9330430996952547,0.006239425948710187,-0.014462947242053326,0,71,27,0.004814550641940085
M-2022-7,90,3605,0.8497757847533632,0.9461858529819694,0.8953930962068513,-0.0029955484587640413,-0.05211295073045674,0,71,28,0.007766990291262136
M-2022-8,90,4021,0.8582677165354331,0.9487689629445412,0.901252067091897,-0.0004124384961923244,-0.04625397984541102,0,71,25,0.006217358865953743
M-2022-9,90,4709,0.8399330730619075,0.9594393714164366,0.8957176843774782,0.010257969975703163,-0.05178836255982977,0,82,24,0.005096623486939902
M-2022-10,90,6090,0.8570139828597203,0.9359605911330049,0.894749234753944,-0.013220810307728592,-0.05275681218336403,0,96,154,0.02528735632183908
M-2022-11,90,5937,0.8108686350021395,0.9575543203638202,0.8781278962001854,0.00837291892308667,-0.06937815073712261,0,31,29,0.004884621862893717
M-2022-12,90,4080,0.8407574779427588,0.9575980392156863,0.8953821473587716,0.008416637774952829,-0.05212389957853636,0,82,30,0.007352941176470588
M-2022-4,91,4262,0.9294947121034077,0.9279680900985453,0.9287307737466244,0.0,0.0,0,83,120,0.028155795401220086
M-2022-5,91,4660,0.8824377187564341,0.9197424892703863,0.9007040033624041,-0.008225600828159041,-0.0280267703842203,0,83,145,0.03111587982832618
M-2022-6,91,4241,0.8840514324385292,0.9240745107286017,0.9036200138344478,-0.0038935793699436116,-0.025110759912176595,0,83,126,0.029709974062721058
M-2022-7,91,2609,0.8126666666666666,0.9344576466078958,0.8693171688357996,0.006489556509350458,-0.05941360491082481,0,83,75,0.02874664622460713
M-2022-8,91,3006,0.8159509202453987,0.9291417165668663,0.8688754083061129,0.0011736264683209763,-0.05985536544051151,0,83,75,0.0249500998003992
M-2022-9,91,3602,0.8954143201930812,0.9269850083287062,0.9109262037921156,-0.0009830817698390781,-0.017804569954508742,0,83,94,0.02609661299278179
M-2022-10,91,3610,0.9200881785615872,0.9249307479224377,0.9225031081641111,-0.003037342176107627,-0.006227665582513309,0,83,105,0.029085872576177285
M-2022-11,91,3441,0.8076630296878965,0.9250217959895379,0.8623679219723652,-0.0029462941090073747,-0.06636285177425916,0,155,67,0.01947108398721302
M-2022-12,91,2334,0.7505263157894737,0.916452442159383,0.8252314814814815,-0.011515647939162266,-0.10349929226514287,0,83,65,0.027849185946872322
M-2022-4,92,2288,0.9792043399638336,0.9466783216783217,0.9626666666666667,0.0,0.0,0,140,63,0.027534965034965036
M-2022-5,92,2704,0.985329103885805,0.919008875739645,0.9510141599693839,-0.027669445938676707,-0.011652506697282794,0,106,48,0.01775147928994083
M-2022-6,92,808,0.9338842975206612,0.8391089108910891,0.8839634941329857,-0.10756941078723259,-0.07870317253368098,0,65,41,0.050742574257425746
M-2022-7,92,804,0.94579945799458,0.8681592039800995,0.9053177691309987,-0.07851911769822217,-0.057348897535667964,0,65,55,0.06840796019900497
M-2022-8,92,1004,0.9606557377049181,0.8754980079681275,0.9161021365294424,-0.07118031371019418,-0.04656453013722428,0,65,55,0.054780876494023904
M-2022-9,92,1310,0.9776824034334763,0.8694656488549618,0.9204040404040404,-0.07721267282335986,-0.042262626262626224,0,65,67,0.05114503816793893
M-2022-10,92,1810,0.9513677811550152,0.8646408839779005,0.9059334298118669,-0.08203743770042116,-0.05673323685479981,0,65,96,0.05303867403314917
M-2022-11,92,1467,0.6226942425936277,0.7593728698023177,0.6842751842751843,-0.187305451876004,-0.27839148239148237,0,65,114,0.07770961145194274
M-2022-12,92,896,0.9059278350515464,0.7845982142857143,0.8409090909090909,-0.16208010739260736,-0.12175757575757573,0,65,73,0.08147321428571429
M-2022-4,93,34812,0.8987074401008828,0.8188842927726071,0.8569410208621415,0.0,0.0,0,131,1857,0.05334367459496725
M-2022-5,93,37502,0.8902366688415683,0.8004106447656125,0.8429373771412525,-0.01847364800699458,-0.014003643720889025,0,131,2705,0.07212948642739053
M-2022-6,93,32986,0.896128151713239,0.7563814951797733,0.8203458933385941,-0.06250279759283384,-0.03659512752354743,0,131,2547,0.07721457588067665
M-2022-7,93,24700,0.8900483353661292,0.7976923076923077,0.8413433823686401,-0.021191985080299403,-0.015597638493501376,0,131,1417,0.057368421052631575
M-2022-8,93,26793,0.8507960159987452,0.8098010674429889,0.829792523185773,-0.00908322532961825,-0.02714849767636851,0,131,1318,0.049191953122084124
M-2022-9,93,30365,0.8055434308162375,0.8508809484603985,0.8275917295280193,0.03199665568779142,-0.02934929133412223,0,136,1104,0.03635764860859542
M-2022-10,93,34838,0.8332507296657304,0.8686491761869223,0.8505818202259824,0.049764883414315175,-0.006359200636159135,0,136,1209,0.034703484700614275
M-2022-11,93,32818,0.792310323205837,0.8470656347126577,0.8187735626767201,0.02818134194005062,-0.03816745818542144,0,136,1123,0.03421902614418917
M-2022-12,93,18804,0.7320309439874657,0.7950967879174644,0.7622616498419497,-0.023787504855142694,-0.09467937102019186,0,136,1167,0.06206126356094448
M-2022-4,94,633,0.8186666666666667,0.4849921011058452,0.6091269841269841,0.0,0.0,0,117,38,0.06003159557661927
M-2022-5,94,471,0.2542372881355932,0.4140127388535032,0.3150242326332795,-0.07097936225234197,-0.2941027514937046,0,117,40,0.08492569002123142
M-2022-6,94,183,0.031331592689295036,0.39344262295081966,0.05804111245465538,-0.09154947815502551,-0.5510858716723287,0,29,13,0.07103825136612021
M-2022-7,94,123,0.021092482422931314,0.3170731707317073,0.03955375253549696,-0.16791893037413785,-0.5695732315914871,0,155,14,0.11382113821138211
M-2022-8,94,128,0.07776261937244201,0.4453125,0.13240418118466898,-0.039679601105845175,-0.47672280294231506,0,155,17,0.1328125
M-2022-9,94,386,0.6802721088435374,0.5181347150259067,0.5882352941176471,0.033142613920061514,-0.020891690009336994,0,117,36,0.09326424870466321
M-2022-10,94,350,0.6026058631921825,0.5285714285714286,0.563165905631659,0.043579327465583406,-0.04596107849532505,0,53,41,0.11714285714285715
M-2022-11,94,575,0.3194263363754889,0.4260869565217391,0.3651266766020864,-0.05890514458410606,-0.24400030752489765,0,155,58,0.10086956521739131
M-2022-12,94,760,0.6943521594684385,0.55,0.6138032305433186,0.06500789889415487,0.004676246416334573,0,172,90,0.11842105263157894
M-2022-4,95,50223,0.9930725183197854,0.9875953248511639,0.9903263484710839,0.0,0.0,0,28,282,0.00561495729048444
M-2022-5,95,50880,0.9906257967092232,0.9927869496855346,0.9917051957868285,0.005191624834370745,0.001378847315744558,0,28,77,0.001513364779874214
M-2022-6,95,56638,0.9912821415991546,0.9937674352907941,0.9925232326438485,0.006172110439630285,0.002196884172764535,0,71,96,0.0016949751050531446
M-2022-7,95,53160,0.9929320608523103,0.9883559066967644,0.9906386990337026,0.000760581845600572,0.00031235056261869065,0,71,200,0.003762227238525207
M-2022-8,95,43638,0.9765956015871948,0.9982813144507081,0.9873193948665647,0.010685989599544254,-0.0030069536045191914,0,71,16,0.0003666529171822723
M-2022-9,95,29536,0.9676887570062644,0.9937026002166848,0.9805231684094478,0.0061072753655209144,-0.009803180061636163,0,71,35,0.0011849945828819068
M-2022-10,95,4023,0.8509438055977435,0.974894357444693,0.9087117701575533,-0.012700967406470864,-0.08161457831353058,0,25,23,0.00571712652249565
M-2022-11,95,4315,0.8585961342828077,0.9779837775202781,0.914409534127844,-0.009611547330885761,-0.07591681434323994,0,25,20,0.004634994206257242
M-2022-12,95,3282,0.8681585332973848,0.9811090798293723,0.9211843799170362,-0.006486245021791515,-0.06914196855404775,0,25,21,0.006398537477148081
M-2022-4,96,55119,0.9298070584881795,0.9468785718173407,0.9382651685393258,0.0,0.0,0,117,735,0.013334784738474936
M-2022-5,96,59656,0.8853959222380275,0.9390337937508382,0.9114263866065763,-0.007844778066502522,-0.026838781932749578,0,117,790,0.013242590854230924
M-2022-6,96,51492,0.8706624022480635,0.9146080944612756,0.8920943712529479,-0.03227047735606514,-0.04617079728637796,0,97,684,0.013283616872523888
M-2022-7,96,37892,0.8220145273530757,0.8541644674337591,0.8377811715372868,-0.09271410438358163,-0.10048399700203903,0,68,1368,0.036102607410535205
M-2022-8,96,42812,0.8069085926449788,0.8528216387928618,0.829230070406541,-0.09405693302447893,-0.10903509813278489,0,68,1003,0.02342801083808278
M-2022-9,96,52984,0.7537108194035382,0.729314510040767,0.7413120006138912,-0.21756406177657373,-0.1969531679254346,0,117,7362,0.1389476068247018
M-2022-10,96,61021,0.7592972621252315,0.7458088199144557,0.7524926007374461,-0.201069751902885,-0.18577256780187978,0,117,9127,0.149571459005916
M-2022-11,96,63439,0.7552029042809388,0.6623843377102413,0.7057549063242666,-0.2844942341070994,-0.23251026221505922,0,117,11004,0.17345796749633507
M-2022-12,96,44573,0.7984834289729477,0.6118726583357638,0.692832374347445,-0.33500591348157693,-0.2454327941918808,0,117,7240,0.16243017073116012
M-2022-4,97,41580,0.9674022547373471,0.9699615199615199,0.9686801969496818,0.0,0.0,0,96,412,0.009908609908609908
M-2022-5,97,45943,0.9523901683762338,0.9639988681627234,0.9581593578954201,-0.005962651798796514,-0.01052083905426171,0,96,492,0.010708921924994015
M-2022-6,97,41985,0.9394998205097523,0.9350244134810051,0.9372567745016116,-0.034937106480514846,-0.03142342244807017,0,96,625,0.01488626890556151
M-2022-7,97,30023,0.9256558051993883,0.7862971721680045,0.8503043619205417,-0.18366434779351537,-0.11837583502914006,0,153,2150,0.07161176431402591
M-2022-8,97,35301,0.8843158340665428,0.7687317639726919,0.8224828756743651,-0.20122975598882797,-0.1461973212753167,0,96,2830,0.08016770063171015
M-2022-9,97,43419,0.8662687775024025,0.7889172942720929,0.8257856101059534,-0.18104422568942702,-0.14289458684372836,0,96,4404,0.10143024942997306
M-2022-10,97,45643,0.8347020425352706,0.7816313563963806,0.8072954380883418,-0.18833016356513932,-0.16138475886133996,0,96,4995,0.10943627719475056
M-2022-11,97,44830,0.8413506239295326,0.7670310060227526,0.8024737456242708,-0.20293051393876727,-0.166206451325411,0,96,4684,0.10448360472897614
M-2022-12,97,18214,0.7824805339265851,0.7724278027890633,0.7774216721003481,-0.1975337171724566,-0.1912585248493337,0,96,1056,0.057977380037333916
M-2022-4,98,63298,0.9895741740987313,0.995671269234415,0.9926133589529554,0.0,0.0,0,117,88,0.0013902492969762078
M-2022-5,98,64696,0.9880415785116364,0.9961357734635835,0.9920721663767491,0.0004645042291685497,-0.0005411925762063285,0,117,81,0.0012520093977989365
M-2022-6,98,61001,0.9906981298345247,0.9951968000524581,0.9929423694992598,-0.00047446918195681587,0.00032901054630440907,0,117,85,0.0013934197800036065
M-2022-7,98,48679,0.995002467917078,0.9938782637276854,0.994440048097181,-0.0017930055067295614,0.0018266891442255684,0,149,102,0.0020953593952217587
M-2022-8,98,52264,0.9938253849546492,0.9916386040104087,0.9927307902272705,-0.004032665224006249,0.00011743127431507183,0,3,145,0.0027743762436859025
M-2022-9,98,58568,0.9921736158578264,0.9913604698811638,0.9917668761956819,-0.004310799353251182,-0.0008464827572735034,0,3,146,0.002492828848517962
M-2022-10,98,59567,0.9973316670325773,0.9914046367955411,0.9943593197507998,-0.004266632438873819,0.0017459607978443925,0,3,119,0.001997750432286333
M-2022-11,98,62033,0.9959467097295115,0.9942127577257266,0.9950789783636393,-0.0014585115086883649,0.0024656194106839058,0,117,82,0.0013218770654329147
M-2022-12,98,48912,0.995802277008764,0.9942549885508669,0.9950280312640668,-0.0014162806835480435,0.0024146723111113655,0,117,78,0.0015947006869479882
M-2022-4,99,23955,0.9258153626804492,0.8674180755583385,0.8956658548675618,0.0,0.0,0,96,589,0.02458776873304112
M-2022-5,99,25387,0.936369131573645,0.9152715956985858,0.925700171307916,0.04785352014024735,0.03003431644035426,0,117,287,0.011304998621341631
M-2022-6,99,23763,0.9457531878106764,0.920759163405294,0.9330888310802167,0.05334108784695546,0.03742297621265489,0,117,427,0.017969111644152675
M-2022-7,99,18048,0.9044958487807425,0.9597739361702128,0.9313153579397295,0.09235586061187429,0.03564950307216774,0,122,111,0.006150265957446809
M-2022-8,99,18023,0.9002677376171352,0.9701492537313433,0.9339030578181332,0.10273117817300481,0.038237202950571425,0,122,137,0.007601398213393997
M-2022-9,99,22477,0.899895419368333,0.957067224273702,0.9276012246129964,0.08964914871536356,0.03193536974543465,0,122,182,0.008097165991902834
M-2022-10,99,27230,0.9327771243751838,0.9320235034887991,0.9324001616517874,0.06460542793046065,0.03673430678422562,0,117,318,0.011678295997062063
M-2022-11,99,29328,0.934104283563706,0.9309192580469177,0.9325090511646971,0.06350118248857917,0.03684319629713528,0,149,338,0.01152482269503546
M-2022-12,99,18452,0.903179110294527,0.8791458920442229,0.8910004668662291,0.01172781648588439,-0.004665388001332649,0,149,393,0.021298504227184045
M-2022-4,100,30504,0.9788746105919003,0.9888867033831629,0.9838551859099804,0.0,0.0,0,97,105,0.0034421715184893785
M-2022-5,100,29408,0.9331578271478105,0.9883705114254625,0.9599709359931303,-0.0005161919577003626,-0.02388424991685012,0,97,101,0.0034344396082698586
M-2022-6,100,15577,0.9032618277990009,0.9866469795210888,0.9431148748159057,-0.00223972386207405,-0.04074031109407472,0,97,93,0.005970340887205495
M-2022-7,100,10947,0.8952263374485596,0.9936055540330684,0.9418539204225657,0.004718850649905515,-0.042001265487414785,0,97,22,0.0020096830181784964
M-2022-8,100,12122,0.8461602187059896,0.8426002309849859,0.8443764725333774,-0.14628647239817694,-0.139478713376603,0,133,1130,0.09321894076885003
M-2022-9,100,27459,0.9057165154619061,0.6762445828325868,0.7743374825378954,-0.31264212055057605,-0.20951770337208508,0,133,6803,0.24775119268727921
M-2022-10,100,27178,0.8964681943704278,0.6808448009419383,0.7739183169869717,-0.30804190244122454,-0.20993686892300878,0,133,4704,0.17308116859224373
M-2022-11,100,25788,0.7881074554784183,0.7087404994571118,0.7463198513648707,-0.28014620392605105,-0.23753533454510978,0,133,5137,0.19920117884287267
M-2022-12,100,17278,0.7276838148931172,0.7171547632827874,0.7223809246196,-0.2717319401003755,-0.2614742612903804,0,133,3765,0.21790716518115522
M-2022-4,101,60629,0.987726647902075,0.9955301918223952,0.9916130675143958,0.0,0.0,0,96,49,0.000808194098533705
M-2022-5,101,62663,0.9625338979018982,0.6457239519333579,0.7729248049206788,-0.34980623988903736,-0.218688262593717,0,117,8690,0.1386783269233838
M-2022-6,101,55443,0.8806385942355084,0.14824233897877098,0.253766827219958,-0.8472878528436243,-0.7378462402944378,0,117,22021,0.397182692134264
M-2022-7,101,44889,0.9237121510027526,0.15698723518011093,0.26836513195475836,-0.8385429566422843,-0.7232479355596375,0,117,17954,0.39996435652386997
M-2022-8,101,47771,0.9663616379530698,0.3957003202779929,0.5614863660666548,-0.5998298715444024,-0.430126701447741,0,117,11476,0.24022942789558518
M-2022-9,101,51530,0.9690344178261324,0.5392780904327577,0.6929320383507674,-0.45625210138963757,-0.2986810291636284,0,117,7657,0.14859305259072386
M-2022-10,101,55343,0.9763142311994211,0.5362557143631534,0.6922709089000595,-0.45927447745924177,-0.29934215861433633,0,117,8631,0.15595468261568762
M-2022-11,101,60583,0.9585244648318043,0.4138949870425697,0.5781446341491533,-0.5816352047798254,-0.4134684333652425,0,164,13508,0.22296683888219468
M-2022-12,101,42403,0.9495652858098272,0.5692285923165814,0.7117749402848633,-0.4263015995058138,-0.2798381272295325,0,117,7197,0.1697285569417258
M-2022-4,102,79891,0.990990765534673,0.9913256812406904,0.9911581950953952,0.0,0.0,0,117,258,0.0032294000575784506
M-2022-5,102,75510,0.9319690678071463,0.9927426830883327,0.9613963987072283,0.001417001847642263,-0.029761796388166895,0,117,210,0.0027810885975367503
M-2022-6,102,70466,0.8362383074294862,0.9933726903755002,0.9080578311377479,0.0020470091348098185,-0.0831003639576473,0,117,183,0.0025969971333692846
M-2022-7,102,41479,0.7885639059012077,0.996431929410063,0.8803944958036893,0.0051062481693725514,-0.11076369929170582,0,117,57,0.0013741893488271174
M-2022-8,102,34377,0.8183408415604332,0.9934258370422084,0.8974234321827905,0.002100155801518011,-0.09373476291260463,0,103,97,0.0028216540128574337
M-2022-9,102,40247,0.8689895470383275,0.99147762566154,0.9262014460292223,0.00015194442084953685,-0.06495674906617288,0,103,142,0.0035282132829776132
M-2022-10,102,56050,0.8635510830632782,0.9936306868867083,0.9240354064524693,0.002305005646017877,-0.06712278864292587,0,117,130,0.0023193577163247102
M-2022-11,102,49858,0.808661521208523,0.9834730635003409,0.8875414049631655,-0.00785261774034951,-0.10361679013222969,0,117,617,0.012375145412972842
M-2022-12,102,35717,0.8329278380614082,0.9585071534563373,0.8913159504810008,-0.032818527784353124,-0.0998422446143944,0,117,926,0.025926029621748746
M-2022-4,103,1787,0.8891280947255114,0.9244543928371572,0.9064471879286694,0.0,0.0,0,117,42,0.023503077783995522
M-2022-5,103,2565,0.9137210186240973,0.9372319688109162,0.9253271747498075,0.012777575973758948,0.018879986821138117,0,117,61,0.023781676413255362
M-2022-6,103,2444,0.8984830805134189,0.9451718494271686,0.9212362911266201,0.02071745659001134,0.014789103197950682,0,117,48,0.019639934533551555
M-2022-7,103,1231,0.649379932356257,0.9358245329000813,0.7667221297836938,0.011370140062924028,-0.1397250581449756,0,117,39,0.03168155970755483
M-2022-8,103,1686,0.5213732749915854,0.9187425860023725,0.6652351299119605,-0.005711806834784783,-0.24121205801670886,0,102,69,0.04092526690391459
M-2022-9,103,1956,0.5024719101123596,0.5715746421267893,0.5348002870126763,-0.3528797507103679,-0.37164690091599306,0,102,720,0.36809815950920244
M-2022-10,103,2918,0.5633976200246205,0.4705277587388622,0.5127917833800186,-0.45392663409829503,-0.3936554045486508,0,102,1410,0.4832076764907471
M-2022-11,103,2627,0.4180505415162455,0.44080700418728586,0.4291272929405225,-0.4836473886498714,-0.4773198949881469,0,102,1338,0.5093262276360868
M-2022-12,103,1446,0.48990342405618964,0.38589211618257263,0.43172147001934236,-0.5385622766545846,-0.47472571790932705,0,102,719,0.4972337482710927
M-2022-4,104,3363,0.8248146703082325,0.6286054118346714,0.7134660816739791,0.0,0.0,0,115,401,0.1192387749033601
M-2022-5,104,3090,0.5137693631669535,0.19320388349514564,0.2808090310442145,-0.43540152833952583,-0.43265705062976456,0,115,909,0.2941747572815534
M-2022-6,104,1990,0.6278586278586279,0.3035175879396985,0.4092140921409214,-0.3250878238949729,-0.30425198953305765,0,115,440,0.22110552763819097
M-2022-7,104,1719,0.4161676646706587,0.16172193135543922,0.23292836196062003,-0.4668834804792322,-0.480537719713359,0,117,487,0.283304246655032
M-2022-8,104,1405,0.3052064631956912,0.12099644128113879,0.17329255861365953,-0.5076089705535327,-0.5401735230603195,0,117,379,0.2697508896797153
M-2022-9,104,2027,0.13365155131264916,0.027627035027133696,0.04578904333605887,-0.6009783768075377,-0.6676770383379202,1,117,426,0.2101628021706956
M-2022-10,104,2391,0.05790645879732739,0.010874111250522794,0.018309859154929577,-0.6177313005841486,-0.6951562225190495,1,2,509,0.21288163948138855
M-2022-11,104,2719,0.06746987951807229,0.010297903641044501,0.017868538608806637,-0.6183075081936269,-0.6955975430651724,1,2,763,0.2806178742184627
M-2022-12,104,1744,0.052795031055900624,0.00974770642201835,0.016456921587608905,-0.6188577054126531,-0.6970091600863701,1,2,370,0.2121559633027523
M-2022-4,105,4895,0.8343868520859671,0.6741573033707865,0.7457627118644068,0.0,0.0,0,110,263,0.05372829417773238
M-2022-5,105,3665,0.765856737141054,0.6622100954979536,0.7102721685689201,-0.011947207872832877,-0.03549054329548673,0,168,250,0.06821282401091405
M-2022-6,105,1700,0.5891670924885029,0.678235294117647,0.6305715066994805,0.004077990746860549,-0.11519120516492631,0,168,113,0.06647058823529411
M-2022-7,105,1105,0.35490101400289714,0.665158371040724,0.4628463476070529,-0.008998932330062548,-0.2829163642573539,0,168,40,0.03619909502262444
M-2022-8,105,2363,0.5837020648967551,0.6699111299195938,0.6238423645320197,-0.004246173451192714,-0.1219203473323871,0,168,93,0.039356749894202285
M-2022-9,105,5045,0.6659591403555319,0.4975222993062438,0.5695484456546404,-0.1766350040645427,-0.17621426620976643,0,168,367,0.07274529236868187
M-2022-10,105,4902,0.4777749555499111,0.38372093023255816,0.42561375721235434,-0.29043637313822834,-0.32014895465205245,0,110,393,0.08017135862913097
M-2022-11,105,3883,0.2934277495021022,0.3414885397888231,0.3156391335396334,-0.3326687635819634,-0.4301235783247734,0,110,290,0.07468452227659027
M-2022-12,105,3159,0.3464996788696211,0.34156378600823045,0.3440140283755779,-0.33259351736255605,-0.4017486834888289,0,110,209,0.06616017727128838
M-2022-4,106,3993,0.9784892446223111,0.9797145003756574,0.9791014891753222,0.0,0.0,0,107,36,0.009015777610818933
M-2022-5,106,4012,0.9488428745432399,0.9708374875373879,0.9597141801158063,-0.008877012838269582,-0.01938730905951591,0,107,61,0.015204386839481556
M-2022-6,106,2934,0.9617855935069327,0.9693251533742331,0.9655406552368019,-0.010389347001424354,-0.013560833938520367,0,107,48,0.016359918200409
M-2022-7,106,2288,0.9384359400998337,0.986013986013986,0.9616368286445013,0.006299485638328606,-0.017464660530820963,0,109,13,0.005681818181818182
M-2022-8,106,2346,0.9334685598377281,0.9808184143222506,0.956557888172937,0.0011039139465931491,-0.022543601002385283,0,107,24,0.010230179028132993
M-2022-9,106,2618,0.9170258620689655,0.9751718869365928,0.9452054794520548,-0.004542613439064591,-0.03389600972326745,0,107,35,0.013368983957219251
M-2022-10,106,2736,0.926950354609929,0.9554093567251462,0.9409647228221742,-0.024305143650511285,-0.038136766353148,0,107,52,0.019005847953216373
M-2022-11,106,2900,0.7651872836008813,0.8382758620689655,0.8000658219516209,-0.1414386383066919,-0.17903566722370134,0,107,168,0.057931034482758624
M-2022-12,106,1622,0.9161676646706587,0.9432799013563502,0.9295261239368166,-0.036434599019307234,-0.0495753652385057,0,107,32,0.01972872996300863
M-2022-4,107,3873,0.941103992114342,0.9860573199070488,0.9630563611146136,0.0,0.0,0,92,8,0.0020655822359927703
M-2022-5,107,3512,0.9024008350730689,0.984624145785877,0.9417211328976035,-0.0014331741211718318,-0.02133522821701006,0,155,16,0.004555808656036446
M-2022-6,107,2722,0.9015126050420168,0.9853049228508449,0.9415481832543444,-0.0007523970562038906,-0.02150817786026915,0,65,14,0.005143277002204262
M-2022-7,107,2160,0.9126506024096386,0.9819444444444444,0.9460303300624442,-0.004112875462604415,-0.017026031052169377,0,92,11,0.005092592592592593
M-2022-8,107,2385,0.9100426521907716,0.9840670859538784,0.9456083803384367,-0.0019902339531704394,-0.01744798077617682,0,92,9,0.0037735849056603774
M-2022-9,107,2968,0.918444165621079,0.9865229110512129,0.9512670565302144,0.0004655911441641125,-0.011789304584399196,0,149,8,0.0026954177897574125
M-2022-10,107,3189,0.927536231884058,0.9833803700219504,0.9546423135464231,-0.0026769498850983675,-0.00841404756819042,0,109,12,0.0037629350893697085
M-2022-11,107,4847,0.8230104429240187,0.9430575613781721,0.8789539467358908,-0.04299975852887672,-0.08410241437872279,0,65,67,0.013822983288632143
M-2022-12,107,2555,0.9472885855138415,0.9776908023483366,0.9622496147919877,-0.008366517558712205,-0.0008067463226258953,0,155,11,0.004305283757338552
M-2022-4,108,11663,0.9418408631153068,0.9580725370830833,0.9498873634547541,0.0,0.0,0,142,115,0.009860241790276943
M-2022-5,108,13707,0.9464324130512729,0.962865689063982,0.954578330681325,0.004793151980898691,0.004690967226570919,0,142,103,0.0075144086962865685
M-2022-6,108,11821,0.9536207618250314,0.9636240588782675,0.9585963140621055,0.0055515217951842555,0.00870895060735144,0,142,110,0.009305473310210642
M-2022-7,108,7204,0.9411280362289007,0.9519711271515825,0.9465185287419777,-0.0061014099315007675,-0.0033688347127763807,0,142,63,0.008745141588006662
M-2022-8,108,6942,0.9222758828856021,0.8802938634399309,0.9007959905660378,-0.07777867364315239,-0.049091372888716345,0,78,220,0.0316911552866609
M-2022-9,108,6913,0.8697133125177405,0.8864458267033126,0.877999856723261,-0.07162671037977064,-0.07188750673149313,0,78,208,0.030088239548676406
M-2022-10,108,5587,0.8207282913165266,0.6817612314301056,0.7448181462651545,-0.2763113056529777,-0.20506921718959958,0,158,563,0.10076964381600143
M-2022-11,108,6216,0.8161906430699142,0.7493564993564994,0.781346976432106,-0.20871603772658387,-0.16854038702264806,0,158,443,0.07126769626769627
M-2022-12,108,3529,0.8661894273127754,0.8914706715783508,0.8786482334869432,-0.06660186550473246,-0.0712391299678109,0,78,98,0.027769906489090394
M-2022-4,109,1867,0.9505907626208379,0.9480449919657205,0.9493161705551086,0.0,0.0,0,107,42,0.022495982860203535
M-2022-5,109,2229,0.9537333944113605,0.9340511440107672,0.9437896645512239,-0.013993847954953287,-0.0055265060038847125,0,65,64,0.028712427097353072
M-2022-6,109,1903,0.9371398638030383,0.9400945874934314,0.9386149003147953,-0.007950404472289008,-0.01070127024031331,0,65,50,0.02627430373095113
M-2022-7,109,1236,0.9307875894988067,0.9466019417475728,0.9386281588447654,-0.0014430502181476124,-0.010688011710343281,0,65,28,0.022653721682847898
M-2022-8,109,1309,0.9695756605284227,0.9251336898395722,0.9468334636434714,-0.022911302126148225,-0.0024827069116372114,0,107,36,0.02750190985485103
M-2022-9,109,1610,0.9723116548615582,0.937888198757764,0.9547897565602277,-0.010156793207956483,0.005473586005119047,0,107,36,0.02236024844720497
M-2022-10,109,1824,0.959837019790454,0.9040570175438597,0.9311123658949746,-0.043987974421860754,-0.01820380466013405,0,65,59,0.03234649122807018
M-2022-11,109,1499,0.6898779612347452,0.6410940627084724,0.6645919778699861,-0.3069509292572481,-0.2847241926851225,0,65,168,0.11207471647765177
M-2022-12,109,393,0.0,0.0,0.0,-0.9480449919657205,-0.9493161705551086,1,71,98,0.24936386768447838
M-2022-4,110,9808,0.8782985427333596,0.9094616639477977,0.8936084952915248,0.0,0.0,0,168,387,0.03945758564437194
M-2022-5,110,8623,0.8634249003101462,0.9039777339672967,0.883236077276075,-0.005483929980500957,-0.010372418015449747,0,168,358,0.04151687347790792
M-2022-6,110,7677,0.8352388975809363,0.9039989579262733,0.8682597272613537,-0.005462706021524433,-0.025348768030171054,0,168,371,0.04832616907646216
M-2022-7,110,6102,0.8964310706787963,0.839724680432645,0.8671518023354206,-0.06973698351515267,-0.0264566929561042,0,168,584,0.09570632579482137
M-2022-8,110,5689,0.8414026343894624,0.8309017402003868,0.8361192181834262,-0.07855992374741094,-0.05748927710809859,0,168,503,0.08841624187027597
M-2022-9,110,3967,0.7051338306274681,0.8101840181497353,0.7540175953079179,-0.09927764579806242,-0.13959089998360685,0,168,337,0.08495084446685153
M-2022-10,110,8030,0.7913942707714252,0.8291407222914072,0.8098278902876604,-0.08032094165639048,-0.0837806050038643,0,168,587,0.07310087173100872
M-2022-11,110,9331,0.7938017796870206,0.8317436501982639,0.8123299141720746,-0.0777180137495338,-0.08127858111945019,0,168,931,0.09977494373593399
M-2022-12,110,5670,0.7936901222332342,0.8474426807760141,0.8196861139542818,-0.06201898317178356,-0.07392238133724294,0,168,491,0.08659611992945326
M-2022-4,111,2817,0.7243265993265994,0.6109336173233937,0.6628153283265935,0.0,0.0,0,153,107,0.037983670571529994
M-2022-5,111,2530,0.707227813357731,0.6110671936758894,0.6556403731976251,0.0001335763524956679,-0.007174955128968374,0,153,102,0.04031620553359684
M-2022-6,111,2787,0.6977032898820609,0.4033010405453893,0.5111414279217826,-0.2076325767780044,-0.15167390040481088,0,153,177,0.06350914962325081
M-2022-7,111,1330,0.604978354978355,0.42030075187969923,0.49600709849157054,-0.19063286544369445,-0.16680822983502297,0,153,84,0.06315789473684211
M-2022-8,111,1028,0.5420765027322404,0.48249027237354086,0.5105506948018528,-0.12844334494985282,-0.15226463352474073,0,153,50,0.048638132295719845
M-2022-9,111,1839,0.4636258660508083,0.43665035345296355,0.44973396807616917,-0.17428326387043014,-0.21308136025042435,0,16,139,0.07558455682436106
M-2022-10,111,2242,0.47848699763593383,0.4513826940231936,0.464539820977737,-0.1595509233002001,-0.19827550734885652,0,16,178,0.07939339875111508
M-2022-11,111,2273,0.4136266094420601,0.33919929608446986,0.3727338651196519,-0.2717343212389238,-0.2900814632069416,0,16,140,0.06159260888693357
M-2022-12,111,1136,0.23342175066312998,0.30985915492957744,0.26626323751891073,-0.30107446239381624,-0.3965520908076828,0,16,117,0.10299295774647887
M-2022-4,112,3822,0.9060052219321149,0.9079016221873365,0.9069524307370622,0.0,0.0,0,46,49,0.01282051282051282
M-2022-5,112,3140,0.8684464458025088,0.8598726114649682,0.8641382621219396,-0.048029010722368315,-0.04281416861512266,0,46,67,0.021337579617834394
M-2022-6,112,3386,0.5541951023685266,0.8154164205552275,0.6598948374760994,-0.09248520163210905,-0.24705759326096277,0,132,206,0.060838747784997045
M-2022-7,112,1780,0.7136490250696379,0.7196629213483146,0.7166433566433567,-0.18823870083902194,-0.19030907409370557,0,132,160,0.0898876404494382
M-2022-8,112,2194,0.777137367915466,0.7374658158614403,0.7567820392890552,-0.17043580632589617,-0.15017039144800703,0,61,270,0.12306289881494986
M-2022-9,112,1178,0.6455951580363147,0.8149405772495756,0.7204502814258912,-0.09296104493776092,-0.18650214931117104,0,132,39,0.03310696095076401
M-2022-10,112,1706,0.7352445193929174,0.7667057444314185,0.7506456241032998,-0.14119587775591802,-0.1563068066337624,0,132,67,0.03927315357561548
M-2022-11,112,1900,0.7267373380447585,0.6494736842105263,0.6859366314619233,-0.2584279379768102,-0.22101579927513892,0,61,118,0.06210526315789474
M-2022-12,112,1083,0.6379310344827587,0.5466297322253001,0.5887618100447538,-0.3612718899620364,-0.3181906206923084,0,61,260,0.24007386888273316
M-2022-4,113,5042,0.9934092270820851,0.986513288377628,0.9899492486814608,0.0,0.0,0,14,13,0.002578341927806426
M-2022-5,113,4677,0.9878205128205129,0.9884541372674791,0.9881372234690606,0.0019408488898511322,-0.0018120252124002034,0,129,12,0.0025657472738935213
M-2022-6,113,3285,0.992635777845965,0.984779299847793,0.9886919315403423,-0.0017339885298349733,-0.0012573171411185413,0,129,16,0.004870624048706241
M-2022-7,113,2014,0.9925149700598802,0.9875868917576961,0.9900447984071677,0.0010736033800681222,9.554972570691156e-05,0,14,8,0.003972194637537239
M-2022-8,113,1939,0.9917184265010351,0.9881382155750387,0.9899250839576337,0.0016249271974106971,-2.4164723827158063e-05,0,14,7,0.0036101083032490976
M-2022-9,113,2241,0.9847259658580413,0.9781347612672914,0.9814192970673831,-0.008378527110336598,-0.008529951614077769,0,53,18,0.008032128514056224
M-2022-10,113,4746,0.9890480202190396,0.989464812473662,0.9892563724457553,0.0029515240960340527,-0.0006928762357055751,0,129,23,0.004846186262115465
M-2022-11,113,5194,0.9918793503480279,0.9876780901039661,0.9897742620104186,0.0011648017263381494,-0.00017498667104220988,0,129,18,0.0034655371582595304
M-2022-12,113,3574,0.9905199655271474,0.9647453833240067,0.977462792345854,-0.02176790505362125,-0.012486456335606855,0,97,25,0.006994963626189144
M-2022-4,114,3329,0.9726277372262774,0.9606488434965456,0.9666011787819253,0.0,0.0,0,117,31,0.009312105737458696
M-2022-5,114,3352,0.9744275944097532,0.9776252983293556,0.97602382725242,0.016976454832810073,0.009422648470494677,0,117,13,0.0038782816229116944
M-2022-6,114,2637,0.5948099248804917,0.9908987485779295,0.7433854907539118,0.03024990508138392,-0.2232156880280135,0,117,5,0.0018960940462646946
M-2022-7,114,1939,0.7561934722768384,0.9917483238782878,0.85809906291834,0.03109948038174226,-0.10850211586358527,0,143,4,0.0020629190304280558
M-2022-8,114,2359,0.974188176519567,0.9919457397202205,0.9829867674858223,0.03129689622367493,0.016385588703896947,0,10,2,0.000847816871555744
M-2022-9,114,1601,0.972341733251383,0.9881324172392255,0.9801734820322181,0.027483573742679956,0.013572303250292794,0,172,7,0.004372267332916927
M-2022-10,114,820,0.9547079856972587,0.9768292682926829,0.9656419529837251,0.01618042479613735,-0.0009592257982001806,0,11,4,0.004878048780487805
M-2022-11,114,1403,0.9616189811584089,0.9821810406272273,0.9717912552891397,0.021532197130681774,0.0051900765072143695,0,110,5,0.003563791874554526
M-2022-12,114,911,0.7793696275071633,0.8957189901207464,0.8335035750766088,-0.06492985337579915,-0.13309760370531654,0,86,10,0.010976948408342482
M-2022-4,115,22978,0.8970200421940928,0.88819740621464,0.8925869232451344,0.0,0.0,0,133,635,0.02763512925406911
M-2022-5,115,28260,0.8546305719519641,0.7428874734607218,0.794850922858495,-0.14530993275391824,-0.09773600038663943,0,133,2423,0.08573956121726822
M-2022-6,115,17247,0.8481733064071966,0.8036180205253087,0.8252947481243301,-0.08457938568933132,-0.06729217512080432,0,133,1459,0.08459442221835682
M-2022-7,115,13745,0.8578384488305365,0.7177882866496907,0.7815891626396261,-0.1704091195649493,-0.11099776060550837,0,133,1599,0.11633321207711896
M-2022-8,115,13747,0.8886591115890479,0.7814795955481196,0.8316302833255922,-0.10671781066652042,-0.060956639919542255,0,133,1143,0.08314541354477341
M-2022-9,115,17781,0.8940697445327379,0.765648726168382,0.8248909355307804,-0.12254868004625807,-0.06769598771435403,0,133,1558,0.08762161858163207
M-2022-10,115,21104,0.8955358564679654,0.7994219105382866,0.8447537741281326,-0.08877549567635346,-0.04783314911700187,0,133,1702,0.08064821834723275
M-2022-11,115,24533,0.8825339948548327,0.783067704724249,0.8298308891816591,-0.10512970149039103,-0.0627560340634753,0,133,1988,0.08103370969714263
M-2022-12,115,15934,0.8681980530849499,0.7780218400903728,0.8206401218018734,-0.11017556612426727,-0.07194680144326104,0,133,1289,0.08089619681184888
M-2022-4,116,4023,0.8723252496433667,0.9120059656972409,0.8917243893547211,0.0,0.0,0,117,34,0.008451404424558787
M-2022-5,116,3962,0.8250847457627118,0.9215042907622413,0.8706331226898771,0.009498325065000368,-0.021091266664843955,0,117,37,0.00933871781928319
M-2022-6,116,3557,0.8477572559366755,0.9032892887264549,0.8746427113107391,-0.008716676970786041,-0.017081678043981974,0,117,43,0.01208883890919314
M-2022-7,116,3519,0.9113607990012484,0.8297811878374538,0.8686598244831176,-0.0822247778597871,-0.023064564871603466,0,28,104,0.029553850525717535
M-2022-8,116,3304,0.8992525186870328,0.8374697336561744,0.8672621846105626,-0.07453623204106652,-0.0244622047441585,0,129,54,0.016343825665859565
M-2022-9,116,3648,0.8716561466786895,0.7949561403508771,0.8315412186379928,-0.11704982534636377,-0.060183170716728296,0,117,100,0.027412280701754384
M-2022-10,116,4100,0.9075274177467597,0.8880487804878049,0.8976824457593688,-0.023957185209436016,0.005958056404647749,0,117,51,0.012439024390243903
M-2022-11,116,4443,0.8695757575757576,0.8073373846500113,0.8373015873015873,-0.10466858104722965,-0.05442280205313377,0,153,83,0.018681071348188163
M-2022-12,116,3278,0.8893552079359023,0.711104331909701,0.7903034412612308,-0.2009016337875399,-0.10142094809349034,0,143,97,0.029591214154972543
M-2022-4,117,84936,0.8562640285975559,0.8488744466421776,0.852553225453621,0.0,0.0,0,122,3164,0.037251577658472264
M-2022-5,117,93359,0.7760996979456302,0.8311571460705449,0.802685410750953,-0.017717300571632677,-0.04986781470266799,0,122,4876,0.05222849430692274
M-2022-6,117,74656,0.6441488364340924,0.8282924346335191,0.7247061305331255,-0.0205820120086585,-0.1278470949204955,0,122,2626,0.035174667809687095
M-2022-7,117,45039,0.5546501956193586,0.7995070938519949,0.6549412973690673,-0.04936735279018267,-0.19761192808455375,0,122,1253,0.027820333488754193
M-2022-8,117,52510,0.596236980299997,0.7827270996000761,0.6768716445439874,-0.06614734704210146,-0.1756815809096336,0,122,1468,0.027956579699104932
M-2022-9,117,70006,0.5998681898066783,0.7801045624660743,0.6782161618419582,-0.0687698841761033,-0.1743370636116628,0,122,1985,0.028354712453218297
M-2022-10,117,83533,0.6089020106136482,0.7801946536099506,0.6839870910188125,-0.06867979303222704,-0.1685661344348085,0,102,2405,0.028791016723929464
M-2022-11,117,94992,0.6195520161010479,0.7518212059962944,0.6793079176654111,-0.09705324064588317,-0.1732453077882099,0,102,2895,0.03047625063163214
M-2022-12,117,58860,0.5821457452308672,0.7460584437648657,0.6539879219318951,-0.10281600287731185,-0.19856530352172586,0,122,1972,0.03350322799864084
M-2022-4,118,3760,0.9623095429029671,0.9574468085106383,0.9598720170643914,0.0,0.0,0,90,38,0.010106382978723405
M-2022-5,118,4083,0.8238176395398381,0.9470977222630419,0.881166685655691,-0.01034908624759645,-0.0787053314087004,0,25,67,0.016409502816556454
M-2022-6,118,3545,0.8140691026597067,0.923836389280677,0.8654862579281184,-0.03361041922996133,-0.094385759136273,0,25,138,0.03892806770098731
M-2022-7,118,1354,0.6144636015325671,0.947562776957164,0.7454968041836142,-0.009884031553474393,-0.2143752128807772,0,90,20,0.014771048744460856
M-2022-8,118,1152,0.27008547008547007,0.9600694444444444,0.42157423289498763,0.0026226359338060723,-0.5382977841694038,0,90,14,0.012152777777777778
M-2022-9,118,2321,0.48412698412698413,0.9198621283929341,0.6343782498885753,-0.03758468011770422,-0.32549376717581613,0,90,129,0.055579491598448945
M-2022-10,118,2917,0.8113372093023256,0.9568049365786767,0.8780871480257983,-0.0006418719319616351,-0.08178486903859306,0,90,40,0.013712718546451834
M-2022-11,118,4590,0.9148681055155875,0.6649237472766885,0.7701236437042644,-0.2925230612339499,-0.18974837336012695,0,25,1404,0.3058823529411765
M-2022-12,118,2577,0.35841039740064984,0.5564610011641443,0.4359987838248708,-0.400985807346494,-0.5238732332395206,0,25,971,0.37679472254559565
M-2022-4,119,2846,0.9022847100175747,0.9019676739283204,0.902126164118784,0.0,0.0,0,120,180,0.06324666198172874
M-2022-5,119,2954,0.8953093133922502,0.8916723087339201,0.8934871099050203,-0.01029536519440033,-0.008639054213763653,0,120,219,0.07413676371022343
M-2022-6,119,2051,0.8682697334030319,0.8098488542174549,0.8380423814328961,-0.09211881971086555,-0.06408378268588788,0,120,135,0.06582155046318869
M-2022-7,119,1430,0.9193899782135077,0.8853146853146853,0.9020306376914856,-0.016652988613635178,-9.55264272983758e-05,0,120,104,0.07272727272727272
M-2022-8,119,2335,0.9372236958443855,0.9079229122055674,0.9223406569501849,0.005955238277246977,0.020214492831400865,0,120,140,0.059957173447537475
M-2022-9,119,3117,0.9309859154929577,0.8482515239011871,0.8876951485647138,-0.05371615002713337,-0.014431015554070226,0,120,181,0.05806865575874238
M-2022-10,119,2621,0.9142136248948697,0.8294544067149943,0.8697739547909582,-0.07251326721332618,-0.03235220932782579,0,120,192,0.07325448302174742
M-2022-11,119,2028,0.9004926108374385,0.9013806706114399,0.9009364218827008,-0.0005870033168805522,-0.0011897422360831467,0,120,117,0.057692307692307696
M-2022-12,119,1033,0.9015075376884422,0.8683446272991288,0.8846153846153846,-0.03362304662919169,-0.01751077950339941,0,120,67,0.06485963213939981
M-2022-4,120,2918,0.905266757865937,0.907128169979438,0.90619650804519,0.0,0.0,0,119,168,0.05757368060315284
M-2022-5,120,2933,0.8860086407444334,0.9089669280600068,0.8973409626388421,0.0018387580805687698,-0.00885554540634792,0,119,149,0.05080122741220593
M-2022-6,120,2075,0.8626956082786471,0.8236144578313253,0.8427021696252466,-0.08351371214811276,-0.06349433841994345,0,119,107,0.051566265060240965
M-2022-7,120,1510,0.8423052564914503,0.8807947019867549,0.861120103593396,-0.0263334679926831,-0.04507640445179406,0,119,85,0.056291390728476824
M-2022-8,120,1976,0.643089137495489,0.9018218623481782,0.7507899726142827,-0.005306307631259832,-0.15540653543090732,0,119,99,0.050101214574898786
M-2022-9,120,2480,0.712784588441331,0.8205645161290323,0.7628865979381443,-0.08656365385040576,-0.14330991010704575,0,119,160,0.06451612903225806
M-2022-10,120,2381,0.8218947368421052,0.8198236035279295,0.8208578637510513,-0.08730456645150853,-0.08533864429413873,0,119,164,0.06887862242755145
M-2022-11,120,1965,0.874356333676622,0.8641221374045801,0.8692091118505247,-0.04300603257485791,-0.03698739619466529,0,119,158,0.08040712468193384
M-2022-12,120,1133,0.8483197093551317,0.824360105913504,0.8361683079677709,-0.08276806406593407,-0.07002820007741917,0,119,75,0.06619593998234775
M-2022-4,121,2543,0.9567288606589917,0.9476995674400315,0.9521928091663374,0.0,0.0,0,119,55,0.02162799842705466
M-2022-5,121,2473,0.9544658493870403,0.881520420541852,0.9165440403615724,-0.0661791468981795,-0.035648768804764974,0,119,103,0.041649818034775576
M-2022-6,121,1807,0.9381107491856677,0.6375207526286663,0.7591433278418451,-0.3101788148113652,-0.1930494813244923,0,14,154,0.08522412838959602
M-2022-7,121,7,0.0,0.0,0.0,-0.9476995674400315,-0.9521928091663374,0,14,4,0.5714285714285714
M-2022-8,121,20,0.0,0.0,0.0,-0.9476995674400315,-0.9521928091663374,0,14,16,0.8
M-2022-9,121,165,0.022988505747126436,0.012121212121212121,0.015873015873015872,-0.9355783553188194,-0.9363197932933216,1,14,124,0.7515151515151515
M-2022-10,121,205,0.01834862385321101,0.00975609756097561,0.012738853503184714,-0.9379434698790559,-0.9394539556631527,1,14,139,0.6780487804878049
M-2022-11,121,43,0.00819672131147541,0.023255813953488372,0.012121212121212121,-0.9244437534865431,-0.9400715970451253,0,14,20,0.46511627906976744
M-2022-12,121,16,0.0,0.0,0.0,-0.9476995674400315,-0.9521928091663374,0,14,7,0.4375
M-2022-4,122,61426,0.9046446742163138,0.8973398886465015,0.9009774755631109,0.0,0.0,0,117,3096,0.05040210985576141
M-2022-5,122,60842,0.874776614756191,0.901088064166201,0.8877374224784235,0.003748175519699526,-0.013240053084687453,0,117,3469,0.05701653463068275
M-2022-6,122,55611,0.89509907309763,0.8699897502292712,0.8823658149586913,-0.02735013841723033,-0.018611660604419655,0,117,3083,0.05543867220513927
M-2022-7,122,41710,0.9025825433148088,0.860537041476864,0.8810584582152018,-0.03680284716963744,-0.01991901734790913,0,117,2972,0.07125389594821385
M-2022-8,122,45228,0.8946009945536348,0.8353011408861767,0.8639346886505522,-0.06203874776032481,-0.03704278691255869,0,117,4122,0.09113823295303794
M-2022-9,122,56147,0.8724694501951157,0.848166420289597,0.8601463018152262,-0.049173468356904504,-0.0408311737478847,0,117,4800,0.08548987479295421
M-2022-10,122,57235,0.872205177196818,0.8294749716082817,0.8503035839019935,-0.06786491703821984,-0.050673891661117465,0,117,5281,0.09226871669433039
M-2022-11,122,62698,0.8663503699643738,0.8067402468978276,0.8354833914206901,-0.09059964174867385,-0.06549408414242086,0,117,6281,0.10017863408721171
M-2022-12,122,40149,0.847704926652295,0.8031333283518892,0.824817424891606,-0.09420656029461227,-0.07616005067150489,0,117,4091,0.10189543948790754
M-2022-4,123,3393,0.9213483146067416,0.7008547008547008,0.7961165048543689,0.0,0.0,0,68,516,0.15207780725022105
M-2022-5,123,4486,0.9318849089841457,0.7075345519393669,0.8043588443993918,0.006679851084666066,0.008242339545022848,0,68,1062,0.23673651359786002
M-2022-6,123,2588,0.9300492610837439,0.7295208655332303,0.8176699870073625,0.02866616467852945,0.021553482152993575,0,68,538,0.20788253477588872
M-2022-7,123,1121,0.8445642407906558,0.8385370205173952,0.8415398388540735,0.1376823196626944,0.04542333399970455,0,25,81,0.07225691347011597
M-2022-8,123,4318,0.9515960230245945,0.8422880963408985,0.8936117936117937,0.1414333954861977,0.09749528875742475,0,68,279,0.06461324687355258
M-2022-9,123,9087,0.8983693591202123,0.26070210190381865,0.4041282838621631,-0.44015259895088216,-0.3919882209922058,0,68,4047,0.4453615054473424
M-2022-10,123,8886,0.9034129692832764,0.2978843124015305,0.4480365605958023,-0.4029703884531703,-0.3480799442585666,0,68,4010,0.45127166329056945
M-2022-11,123,7947,0.917747641509434,0.3917201459670316,0.5490784019754829,-0.3091345548876692,-0.24703810287888606,0,68,3140,0.3951176544608028
M-2022-12,123,1458,0.7190332326283988,0.32647462277091904,0.4490566037735849,-0.37438007808378176,-0.347059901080784,0,105,344,0.23593964334705075
M-2022-4,124,30492,0.9059981225520345,0.9179128951856225,0.9119165920013033,0.0,0.0,0,25,238,0.007805325987144169
M-2022-5,124,33764,0.9130996418296048,0.9211586304940172,0.9171114321941438,0.0032457353083947815,0.005194840192840555,0,117,286,0.008470560360146902
M-2022-6,124,31855,0.9214416577168488,0.9157432114267776,0.9185835970588698,-0.0021696837588448536,0.006667005057566566,0,117,402,0.012619682938314237
M-2022-7,124,20257,0.9072508454346528,0.9005775781211434,0.903901895206243,-0.017335317064479105,-0.008014696795060283,0,117,290,0.014316038900133287
M-2022-8,124,22927,0.891841022498468,0.8886901906049636,0.8902628186922421,-0.029222704580658898,-0.021653773309061153,0,117,439,0.019147729750948663
M-2022-9,124,22061,0.8732260258444797,0.8729885317981959,0.8731072626711397,-0.04492436338742656,-0.03880932933016357,0,156,433,0.019627396763519333
M-2022-10,124,24809,0.8728307813113467,0.8960860977870934,0.884305574892102,-0.021826797398529107,-0.02761101710920122,0,117,317,0.012777621024628158
M-2022-11,124,31849,0.879721979803017,0.8862130679142203,0.8829555941376128,-0.03169982727140219,-0.02896099786369044,0,156,702,0.02204150836760966
M-2022-12,124,18817,0.857379413492869,0.8530052611999788,0.8551867440993127,-0.0649076339856437,-0.05672984790199054,0,117,333,0.01769676356486156
M-2022-4,125,3522,0.8553542887586574,0.9116978989210676,0.882627817482133,0.0,0.0,0,29,29,0.008233957978421351
M-2022-5,125,4601,0.8480707395498392,0.9171919148011302,0.8812780620235982,0.005494015880062597,-0.0013497554585348848,0,29,48,0.010432514670723756
M-2022-6,125,4050,0.741157873937957,0.9261728395061728,0.8234002853693337,0.014474940585105234,-0.0592275321127993,0,29,36,0.008888888888888889
M-2022-7,125,2871,0.665081351689612,0.9254615116684082,0.7739586367608505,0.013763612747340614,-0.10866918072128251,0,29,22,0.007662835249042145
M-2022-8,125,3584,0.7084044368600683,0.9266183035714286,0.8029497098646035,0.014920404650361041,-0.07967810761752958,0,29,43,0.011997767857142858
M-2022-9,125,4063,0.6569939183318854,0.9305931577651981,0.7702179669993888,0.01889525884413057,-0.11240985048274421,0,29,44,0.010829436377061285
M-2022-10,125,3524,0.5444140758455757,0.9043700340522134,0.6796758370654724,-0.0073278648688541725,-0.20295198041666063,0,64,43,0.012202043132803632
M-2022-11,125,2900,0.4956805528892302,0.8903448275862069,0.6368232827722284,-0.02135307133486064,-0.2458045347099046,0,29,51,0.017586206896551725
M-2022-12,125,2268,0.5387258789320645,0.8985890652557319,0.6736076681540242,-0.013108833665335662,-0.20902014932810886,0,29,26,0.01146384479717813
M-2022-4,126,2112,0.9147058823529411,0.8835227272727273,0.8988439306358381,0.0,0.0,0,153,44,0.020833333333333332
M-2022-5,126,2052,0.8948643410852714,0.9000974658869396,0.8974732750242954,0.016574738614212325,-0.0013706556115427038,0,153,27,0.013157894736842105
M-2022-6,126,1935,0.9225771521386031,0.8806201550387597,0.9011105235325225,-0.002902572233967615,0.002266592896684405,0,153,37,0.019121447028423774
M-2022-7,126,1107,0.9150197628458498,0.8364950316169828,0.8739971684756961,-0.047027695655744495,-0.024846762160142033,0,153,28,0.025293586269196026
M-2022-8,126,1562,0.9210342417889588,0.8437900128040973,0.880721683929168,-0.039732714468630026,-0.018122246706670064,0,60,41,0.026248399487836107
M-2022-9,126,1866,0.9036993540810335,0.8247588424437299,0.8624264499859905,-0.058763884828997415,-0.03641748064984762,0,153,48,0.02572347266881029
M-2022-10,126,807,0.7580645161290323,0.7571251548946716,0.7575945443273404,-0.1263975723780557,-0.1412493863084977,0,153,34,0.042131350681536554
M-2022-11,126,3815,0.8795543510990665,0.7656618610747051,0.8186659192825112,-0.11786086619802216,-0.08017801135332692,0,60,119,0.031192660550458717
M-2022-12,126,2588,0.9291958041958042,0.821483771251932,0.8720262510254306,-0.062038956020795344,-0.026817679610407485,0,60,68,0.02627511591962906
M-2022-4,127,3002,0.8802747791952895,0.896402398401066,0.888265390328437,0.0,0.0,0,117,27,0.00899400399733511
M-2022-5,127,6176,0.8562798092209857,0.8720854922279793,0.8641103802342371,-0.024316906173086683,-0.024155010094199847,0,149,119,0.019268134715025906
M-2022-6,127,6177,0.9086328518642929,0.8758296907884087,0.891929766713379,-0.02057270761265728,0.003664376384941992,0,149,208,0.03367330419297394
M-2022-7,127,2163,0.8434093161546086,0.7868700878409616,0.8141592920353983,-0.10953231056010437,-0.07410609829303871,0,149,103,0.047619047619047616
M-2022-8,127,1951,0.8105134474327629,0.6796514607893388,0.7393364928909952,-0.21675093761172715,-0.14892889743744175,0,19,209,0.1071245515120451
M-2022-9,127,5140,0.8587105624142661,0.7307392996108949,0.789573260458272,-0.16566309879017105,-0.09869212987016496,0,19,425,0.08268482490272373
M-2022-10,127,8546,0.8852242744063324,0.7066463842733443,0.7859187922956793,-0.1897560141277217,-0.1023465980327577,0,19,743,0.08694125906857009
M-2022-11,127,8210,0.8612138016019717,0.6809987819732034,0.7605767922731601,-0.21540361642786254,-0.12768859805527688,0,149,703,0.0856272838002436
M-2022-12,127,4058,0.8325892857142857,0.6434204041399705,0.7258826800111203,-0.25298199426109547,-0.16238271031731666,0,19,335,0.08255298176441597
M-2022-4,128,2342,0.9279766860949209,0.9517506404782238,0.9397133220910624,0.0,0.0,0,153,17,0.007258753202391118
M-2022-5,128,3079,0.895800933125972,0.9353686261773303,0.9151572926596759,-0.016382014300893477,-0.02455602943138646,0,14,18,0.005846053913608314
M-2022-6,128,3281,0.943163364728808,0.8850960073148431,0.9132075471698113,-0.06665463316338072,-0.026505774921251057,0,14,165,0.05028954587016154
M-2022-7,128,2154,0.7047391749062394,0.9596100278551533,0.8126597208570867,0.007859387376929483,-0.1270536012339757,0,157,17,0.007892293407613741
M-2022-8,128,1974,0.9443593670239918,0.9371833839918946,0.9407576913297737,-0.014567256486329172,0.001044369238711318,0,117,49,0.024822695035460994
M-2022-9,128,4300,0.9370096390943735,0.9720930232558139,0.9542289692957425,0.02034238277759015,0.014515647204680127,0,153,16,0.0037209302325581397
M-2022-10,128,4543,0.9061013443640125,0.964340744001761,0.9343143527404564,0.012590103523537177,-0.00539896935060602,0,157,33,0.007263922518159807
M-2022-11,128,4728,0.9091274628065943,0.9564297800338409,0.9321789321789322,0.004679139555617162,-0.007534389912130179,0,157,44,0.009306260575296108
M-2022-12,128,3721,0.9008555611474585,0.9621069604944907,0.9304743339831059,0.010356320016266962,-0.009238988107956536,0,157,40,0.010749798441279226
M-2022-4,129,44177,0.948869289914066,0.9497928786472599,0.9493308596445581,0.0,0.0,0,153,455,0.010299477103470131
M-2022-5,129,41384,0.9396804069293152,0.946356079644307,0.9430064289326046,-0.003436799002952906,-0.006324430711953544,0,153,503,0.012154455828339454
M-2022-6,129,31159,0.9193187194448825,0.9354279662376841,0.9273033850852634,-0.014364912409575825,-0.022027474559294657,0,153,888,0.028498989056131456
M-2022-7,129,19427,0.886508283534956,0.9392597930714984,0.9121219695076231,-0.010533085575761492,-0.03720889013693496,0,153,469,0.024141658516497657
M-2022-8,129,23034,0.8624696356275303,0.924850221411826,0.8925713328026145,-0.024942657235433874,-0.05675952684194363,0,153,616,0.026743075453677174
M-2022-9,129,26014,0.8172226585174309,0.9200430537402937,0.8655901339939603,-0.029749824906966205,-0.08374072565059776,0,153,857,0.032943799492580916
M-2022-10,129,31048,0.8512558636660531,0.923473331615563,0.885895257222308,-0.02631954703169692,-0.0634356024222501,0,153,892,0.02872970883792837
M-2022-11,129,35318,0.7975631238990017,0.6153236310096835,0.6946904069302816,-0.33446924763757646,-0.2546404527142765,0,156,1504,0.042584517809615495
M-2022-12,129,18631,0.7887690860409581,0.5850464279963502,0.6718027734976888,-0.3647464506509097,-0.2775280861468693,0,79,682,0.036605657237936774
M-2022-4,130,7092,0.8136783253153036,0.8824027072758037,0.8466481769600216,0.0,0.0,0,156,76,0.01071630005640158
M-2022-5,130,7832,0.8912128555031246,0.8922369765066395,0.8917246219613347,0.009834269230835746,0.04507644500131314,0,156,86,0.010980592441266599
M-2022-6,130,6776,0.8511621394567348,0.8971369539551358,0.8735450495760885,0.014734246679332097,0.02689687261606688,0,83,71,0.010478158205430932
M-2022-7,130,4594,0.8135491606714629,0.8861558554636483,0.8483017295269848,0.003753148187844557,0.0016535525669632012,0,83,52,0.011319111885067479
M-2022-8,130,4970,0.7455601092896175,0.8784708249496982,0.8065767596526879,-0.003931882326105529,-0.04007141730733366,0,83,60,0.012072434607645875
M-2022-9,130,4858,0.6545252107523462,0.847056401811445,0.7384477344100493,-0.035346305464358685,-0.1082004425499723,0,83,101,0.020790448744339236
M-2022-10,130,6353,0.7447337432945179,0.8959546670864159,0.813375250071449,0.01355195981061219,-0.03327292688857264,0,83,87,0.01369431764520699
M-2022-11,130,7095,0.7963323145318144,0.8078928823114869,0.8020709438186525,-0.0745098249643168,-0.04457723314136908,0,65,183,0.025792811839323467
M-2022-12,130,4618,0.7988826815642458,0.8670420095279342,0.8315680166147456,-0.015360697747869523,-0.015080160345276039,0,83,67,0.014508445214378518
M-2022-4,131,30533,0.8730235219709063,0.9493662594569809,0.9095958328103426,0.0,0.0,0,133,734,0.024039563750695967
M-2022-5,131,39752,0.8822739998611722,0.9592221775005031,0.919140422557279,0.00985591804352215,0.009544589746936394,0,133,701,0.01763433286375528
M-2022-6,131,37618,0.8973206568712186,0.9659471529586899,0.9303701048481047,0.016580893501708993,0.020774272037762054,0,133,645,0.017146047105109256
M-2022-7,131,26165,0.9171378860374075,0.967017007452704,0.9414172232247503,0.01765074799572308,0.03182139041440768,0,133,496,0.018956621440856105
M-2022-8,131,27511,0.9033464976096446,0.9478390461997019,0.9250580910655054,-0.0015272132572790031,0.015462258255162786,0,93,585,0.021264221584093634
M-2022-9,131,26109,0.8927183398108088,0.9325519935654372,0.9122005132720155,-0.016814265891543778,0.002604680461672837,0,93,864,0.033092037228541885
M-2022-10,131,26225,0.905212219718518,0.9344137273593899,0.9195812068447914,-0.014952532097591065,0.009985374034448768,0,93,812,0.030962821734985702
M-2022-11,131,27358,0.8954929577464789,0.9296001169676146,0.9122278417446824,-0.019766142489366367,0.0026320089343397912,0,93,860,0.03143504642152204
M-2022-12,131,17194,0.8882809446708726,0.9253227870187275,0.906423586383706,-0.024043472438253444,-0.0031722464266366046,0,93,507,0.029487030359427707
M-2022-4,132,23157,0.9663520320829462,0.8532625124152524,0.9062930006421429,0.0,0.0,0,131,1476,0.06373882627283327
M-2022-5,132,19465,0.9567144880241365,0.7982532751091703,0.8703299165406374,-0.05500923730608209,-0.035963084101505505,0,131,1234,0.0633958386848189
M-2022-6,132,16527,0.9519157486316081,0.8313063471894476,0.8875322997416021,-0.02195616522580479,-0.018760700900540828,0,131,1016,0.061475161856356264
M-2022-7,132,10712,0.9377503852080123,0.8522218073188947,0.8929427299848388,-0.0010407050963576747,-0.013350270657304097,0,131,523,0.04882374906646751
M-2022-8,132,12301,0.9359734195402298,0.8473294854076905,0.8894483082305756,-0.005933027007561931,-0.016844692411567275,0,131,696,0.056580765791399076
M-2022-9,132,16414,0.9414023703899888,0.8662117704398684,0.9022432338103246,0.012949258024615995,-0.004049766831818347,0,131,828,0.05044474229316437
M-2022-10,132,18623,0.9328541274459468,0.8780540192235408,0.9046249170170392,0.024791506808288344,-0.0016680836251037334,0,131,687,0.03688986736830801
M-2022-11,132,21202,0.9245198303816413,0.874068484105273,0.8985865638713119,0.02080597169002063,-0.007706436770831049,0,131,842,0.039713234600509385
M-2022-12,132,13419,0.9241109808518952,0.8811386839555854,0.9021133745326925,0.02787617154033295,-0.0041796261094504406,0,131,494,0.036813473433191746
M-2022-4,133,54110,0.8852447884837373,0.9637405285529477,0.9228264524235078,0.0,0.0,0,153,276,0.005100720754019589
M-2022-5,133,56893,0.8539772198255796,0.9672894732216617,0.9071084188404005,0.003548944668714027,-0.015718033583107305,0,153,298,0.00523790272968555
M-2022-6,133,49248,0.8426960370994941,0.9741106237816765,0.9036505424954792,0.010370095228728782,-0.019175909928028645,0,153,304,0.006172839506172839
M-2022-7,133,36135,0.8432236018866108,0.9697246436972464,0.9020607277548236,0.005984115144298752,-0.020765724668684205,0,153,285,0.0078870900788709
M-2022-8,133,44441,0.8454790956220063,0.965144798721901,0.9013575421342411,0.001404270168953281,-0.021468910289266674,0,131,259,0.005827951666254135
M-2022-9,133,48332,0.7609903991915109,0.9659438881072582,0.8513051485672085,0.0022033595543105022,-0.07152130385629929,0,131,252,0.005213936936191343
M-2022-10,133,46808,0.7569192737476824,0.9681251068193472,0.8495926957076033,0.004384578266399486,-0.07323375671590449,0,153,240,0.00512732866176722
M-2022-11,133,51526,0.7354791190984754,0.968986531071692,0.8362378675331419,0.005246002518744297,-0.08658858489036592,0,153,291,0.005647634204091138
M-2022-12,133,34000,0.7200518259876584,0.9643823529411765,0.8244967750858091,0.0006418243882287955,-0.0983296773376987,0,153,185,0.005441176470588235
M-2022-4,134,10738,0.8757562846186622,0.9570683553734401,0.9146086414808882,0.0,0.0,0,93,104,0.009685230024213076
M-2022-5,134,12693,0.8934790528233151,0.9661230599543055,0.9283821636762813,0.009054704580865325,0.013773522195393184,0,93,79,0.00622390293862759
M-2022-6,134,9015,0.9109990739788044,0.982140876317249,0.9452332657200812,0.02507252094380885,0.030624624239192988,0,93,39,0.004326123128119801
M-2022-7,134,6337,0.9233254994124559,0.9919520277733943,0.9564092810954735,0.03488367239995416,0.041800639614585355,0,93,11,0.001735837146914944
M-2022-8,134,7338,0.9318650180319423,0.9859634777868629,0.9581512382465899,0.028895122413422736,0.04354259676570171,0,93,38,0.005178522758244753
M-2022-9,134,8132,0.9289434093276241,0.9870880472208559,0.957133488344363,0.030019691847415708,0.0425248468634748,0,93,37,0.00454992621741269
M-2022-10,134,8353,0.9207689743304812,0.991978929725847,0.9550484094052559,0.034910574352406853,0.040439767924367764,0,93,20,0.0023943493355680595
M-2022-11,134,8608,0.8785500361458226,0.9882667286245354,0.9301842436170794,0.0311983732510952,0.015575602136191247,0,93,40,0.004646840148698885
M-2022-12,134,5543,0.9103757898237446,0.9877322749413675,0.9474777191312624,0.030663919567927356,0.03286907765037428,0,93,30,0.0054122316435143425
M-2022-4,135,3069,0.7453590192644484,0.693385467579016,0.7184334908845375,0.0,0.0,0,136,441,0.1436950146627566
M-2022-5,135,3366,0.713066509711595,0.719845513963161,0.7164399763453578,0.02646004638414501,-0.0019935145391796194,0,136,451,0.13398692810457516
M-2022-6,135,3059,0.7253136056609842,0.7371690094802223,0.7311932555123216,0.04378354190120637,0.012759764627784165,0,136,335,0.10951291271657404
M-2022-7,135,1882,0.6320201173512154,0.8012752391073327,0.7066541705716963,0.10788977152831669,-0.011779320312841124,0,136,70,0.03719447396386823
M-2022-8,135,1863,0.5655226209048362,0.7783145464304885,0.6550711542805512,0.0849290788514725,-0.06336233660398627,0,136,72,0.03864734299516908
M-2022-9,135,3040,0.4732116999710397,0.5375,0.5033112582781457,-0.155885467579016,-0.21512223260639174,0,156,400,0.13157894736842105
M-2022-10,135,2978,0.4332175560467319,0.46071188717259903,0.4465419039869813,-0.23267358040641695,-0.27189158689755616,0,26,475,0.15950302216252518
M-2022-11,135,2755,0.42604166666666665,0.4453720508166969,0.4354924578527063,-0.24801341676231908,-0.28294103303183116,0,26,446,0.1618874773139746
M-2022-12,135,1872,0.4245833333333333,0.5443376068376068,0.477059925093633,-0.1490478607414092,-0.24137356579090447,0,156,214,0.11431623931623931
M-2022-4,136,22342,0.853764960106383,0.919568525646764,0.8854458475197173,0.0,0.0,0,93,589,0.02636290394772178
M-2022-5,136,23775,0.8206501524957227,0.9280336487907466,0.8710447879039103,0.008465123143982622,-0.014401059615807066,0,93,688,0.02893796004206099
M-2022-6,136,21531,0.8496832078921631,0.9280572198225814,0.887142603445214,0.008488694175817435,0.0016967559254966735,0,93,575,0.026705680182063072
M-2022-7,136,14759,0.865318981359937,0.8932854529439664,0.8790798466411068,-0.026283072702797505,-0.0063660008786105005,0,93,557,0.03773968426045125
M-2022-8,136,17935,0.8669021079351065,0.8759408976860886,0.8713980641761655,-0.04362762796067532,-0.014047783343551834,0,93,760,0.042375243936437136
M-2022-9,136,19209,0.8328499301750993,0.8072257795824874,0.8198376820789384,-0.11234274606427652,-0.06560816544077896,0,93,1307,0.06804102243739914
M-2022-10,136,17861,0.8202931876976143,0.798891439449079,0.8094508736101657,-0.12067708619768491,-0.07599497390955168,0,93,1381,0.07731929903140922
M-2022-11,136,18290,0.8125624237043614,0.8006560962274467,0.8065653227583168,-0.11891242941931723,-0.0788805247614005,0,93,1660,0.09075997813012575
M-2022-12,136,12861,0.7722116482679863,0.7886634009797061,0.7803508232035697,-0.13090512466705784,-0.10509502431614759,0,93,1189,0.0924500427649483
M-2022-4,137,4089,0.957685871384174,0.9797016385424309,0.968568665377176,0.0,0.0,0,117,10,0.002445585717779408
M-2022-5,137,3327,0.9437255492025278,0.9425909227532311,0.9431578947368421,-0.03711071578919978,-0.025410770640333924,0,14,22,0.0066125638713555755
M-2022-6,137,1475,0.827671913835957,0.6772881355932203,0.7449664429530202,-0.30241350294921054,-0.22360222242415584,0,171,152,0.10305084745762712
M-2022-7,137,1585,0.6509635974304069,0.19179810725552052,0.2962962962962963,-0.7879035312869104,-0.6722723690808797,0,171,522,0.32933753943217664
M-2022-8,137,1268,0.49901768172888017,0.20031545741324921,0.2858750703432752,-0.7793861811291817,-0.6826935950339008,0,171,475,0.3746056782334385
M-2022-9,137,698,0.6954492415402567,0.8538681948424068,0.7665594855305466,-0.12583344370002403,-0.20200917984662936,0,79,51,0.07306590257879657
M-2022-10,137,600,0.49292929292929294,0.4066666666666667,0.445662100456621,-0.5730349718757641,-0.522906564920555,0,171,140,0.23333333333333334
M-2022-11,137,2562,0.8485600794438928,0.6670569867291178,0.7469405594405595,-0.312644651813313,-0.22162810593661653,0,171,328,0.12802498048399688
M-2022-12,137,1286,0.6906552094522019,0.5,0.5800631483987371,-0.47970163854243086,-0.38850551697843894,0,171,236,0.18351477449455678
M-2022-4,138,43631,0.9033080070134424,0.8855859366047076,0.8943591880193505,0.0,0.0,0,149,1775,0.04068208383947194
M-2022-5,138,44161,0.8808050588155301,0.8800072462127216,0.8804059717722752,-0.0055786903919859965,-0.01395321624707535,0,149,1897,0.04295645479042594
M-2022-6,138,40153,0.8924608603131174,0.8773690633327522,0.8848506159970864,-0.008216873271955416,-0.009508572022264183,0,149,1762,0.043882150773292154
M-2022-7,138,28132,0.8554360812425329,0.6871889663017204,0.7621375490331356,-0.1983969703029872,-0.13222163898621497,0,149,2863,0.10177022607706526
M-2022-8,138,27037,0.8436821985742329,0.6040611014535636,0.7040413837698027,-0.281524835151144,-0.1903178042495478,0,149,3911,0.14465362281318195
M-2022-9,138,22985,0.781631342324984,0.5824233195562323,0.6674810530514559,-0.30316261704847536,-0.22687813496789466,0,149,4578,0.19917337393952578
M-2022-10,138,17872,0.686334539382132,0.5519247985675918,0.6118347599553405,-0.33366113803711583,-0.28252442806401,0,149,4374,0.24474037600716203
M-2022-11,138,19416,0.6716563618613732,0.5315203955500618,0.5934274460193784,-0.3540655410546458,-0.3009317419999722,0,149,4802,0.24732179645653068
M-2022-12,138,12776,0.720234973250813,0.5374139010644959,0.6155363306288941,-0.3481720355402117,-0.2788228573904564,0,149,2945,0.2305103318722605
M-2022-4,139,2846,0.6782354849172884,0.7347153900210822,0.7053466014504975,0.0,0.0,0,156,125,0.04392129304286718
M-2022-5,139,2667,0.6353369763205828,0.6539182602174728,0.6444937176644494,-0.08079712980360942,-0.06085288378604814,0,156,116,0.04349456317960255
M-2022-6,139,1145,0.2800808897876643,0.24192139737991267,0.25960637300843487,-0.4927939926411695,-0.4457402284420627,0,133,163,0.1423580786026201
M-2022-7,139,1011,0.3778135048231511,0.2324431256181998,0.2878138395590937,-0.5022722644028824,-0.41753276189140387,0,133,165,0.1632047477744807
M-2022-8,139,1361,0.42451612903225805,0.2417340191036003,0.3080524344569288,-0.49298137091748195,-0.39729416699356873,0,133,211,0.1550330639235856
M-2022-9,139,1588,0.35415282392026576,0.33564231738035266,0.3446492078887811,-0.39907307264072955,-0.36069739356171643,0,68,343,0.21599496221662468
M-2022-10,139,1906,0.19060331019754403,0.18730325288562436,0.18893887271765017,-0.5474121371354579,-0.5164077287328473,0,133,338,0.17733473242392445
M-2022-11,139,2252,0.23128491620111732,0.18383658969804617,0.2048490846115784,-0.550878800323036,-0.5004975168389192,0,133,356,0.15808170515097691
M-2022-12,139,973,0.16218809980806143,0.1736896197327852,0.16774193548387098,-0.561025770288297,-0.5376046659666266,0,133,147,0.1510791366906475
M-2022-4,140,71932,0.8775160034316637,0.9242757048323417,0.9002891053982139,0.0,0.0,0,142,1115,0.015500750709002947
M-2022-5,140,78108,0.8613179336311577,0.9108413990884416,0.8853876931309775,-0.013434305743900032,-0.014901412267236402,0,142,1312,0.016797255082705995
M-2022-6,140,66733,0.869548928517908,0.869509837711477,0.8695293826753482,-0.05476586712086462,-0.030759722722865757,0,153,1267,0.018986108821722386
M-2022-7,140,13811,0.6877828054298643,0.8034175657084932,0.7411167512690355,-0.12085813912384846,-0.1591723541291784,0,142,313,0.022663094634711462
M-2022-8,140,6533,0.4987696587140259,0.7136078371345477,0.5871536523929471,-0.210667867697794,-0.3131354530052668,0,142,194,0.029695392622072554
M-2022-9,140,43801,0.8581109699279966,0.8325837309650465,0.8451546367860577,-0.09169197386729522,-0.05513446861215621,0,175,1378,0.03146046893906532
M-2022-10,140,39024,0.7984483190122633,0.7357779827798278,0.7658331666333267,-0.18849772205251392,-0.13445593876488726,0,153,1318,0.03377408774087741
M-2022-11,140,39677,0.787960687960688,0.7274491519016054,0.7564967827329079,-0.19682655293073625,-0.14379232266530606,0,153,1323,0.03334425485797817
M-2022-12,140,21276,0.7710543353752677,0.7276743748824968,0.7487365493894329,-0.19660132994984492,-0.15155255600878104,0,153,763,0.03586200413611581
M-2022-4,141,2022,0.8040100250626566,0.7932739861523245,0.7986059248195171,0.0,0.0,0,154,46,0.02274975272007913
M-2022-5,141,2325,0.715076660988075,0.7221505376344086,0.7185961908838006,-0.07112344851791585,-0.08000973393571653,0,140,62,0.02666666666666667
M-2022-6,141,2210,0.661056297156123,0.5153846153846153,0.5792016272565471,-0.27788937076770914,-0.21940429756296997,0,140,143,0.06470588235294118
M-2022-7,141,1364,0.7223851417399805,0.5417888563049853,0.6191872643485546,-0.2514851298473392,-0.17941866047096244,0,61,113,0.08284457478005865
M-2022-8,141,1310,0.7220982142857143,0.49389312977099237,0.586582048957389,-0.2993808563813321,-0.21202387586212812,0,61,120,0.0916030534351145
M-2022-9,141,1280,0.639344262295082,0.4265625,0.5117150890346767,-0.36671148615232446,-0.2868908357848404,0,68,92,0.071875
M-2022-10,141,1846,0.6685254027261462,0.5845070422535211,0.6236994219653179,-0.20876694389880335,-0.17490650285419918,0,61,100,0.05417118093174431
M-2022-11,141,1798,0.6720496894409937,0.6017797552836485,0.6349765258215962,-0.191494230868676,-0.16362939899792084,0,140,108,0.060066740823136816
M-2022-12,141,1226,0.7039106145251397,0.6166394779771615,0.6573913043478261,-0.17663450817516302,-0.14121462047169098,0,140,82,0.06688417618270799
M-2022-4,142,62604,0.906962988000676,0.8572135965752987,0.8813868313433081,0.0,0.0,0,140,2277,0.036371477860839566
M-2022-5,142,65536,0.8871888483239296,0.815765380859375,0.8499793316162676,-0.04144821571592372,-0.03140749972704049,0,153,3691,0.0563201904296875
M-2022-6,142,50300,0.8602390371180877,0.8127634194831014,0.8358276087667648,-0.04445017709219734,-0.04555922257654332,0,153,3218,0.06397614314115309
M-2022-7,142,23002,0.8331109372843142,0.7871489435701243,0.8094780373309489,-0.0700646530051744,-0.07190879401235917,0,140,1394,0.06060342578906182
M-2022-8,142,20740,0.731042654028436,0.743731918997107,0.7373326959847036,-0.11348167757819172,-0.14405413535860445,0,140,1431,0.06899710703953713
M-2022-9,142,27851,0.6852846733358033,0.796919320670712,0.7368980228755457,-0.06029427590458669,-0.14448880846776235,0,140,2249,0.08075113999497326
M-2022-10,142,27783,0.6556029326052947,0.7692473814922794,0.7078930807194197,-0.08796621508301927,-0.1734937506238884,0,140,2651,0.09541806140445597
M-2022-11,142,27411,0.6301004347174337,0.7667359819050746,0.6917355099891387,-0.09047761467022408,-0.1896513213541694,0,140,2670,0.09740615081536609
M-2022-12,142,15948,0.6127620598412375,0.755079006772009,0.6765168539325843,-0.10213458980328971,-0.20486997741072377,0,140,1609,0.1008903937797843
M-2022-4,143,4384,0.7356438148241842,0.6633211678832117,0.6976130502578866,0.0,0.0,0,153,201,0.045848540145985404
M-2022-5,143,4893,0.690972984845157,0.6429593296546087,0.6661020537793775,-0.020361838228603046,-0.03151099647850908,0,153,293,0.05988146331493971
M-2022-6,143,4291,0.7071767941985496,0.6590538336052202,0.6822677925211098,-0.00426733427799153,-0.015345257736776752,0,153,220,0.05127010020974132
M-2022-7,143,2408,0.6537634408602151,0.6312292358803987,0.6422987534333404,-0.03209193200281302,-0.05531429682454614,0,153,119,0.04941860465116279
M-2022-8,143,2610,0.626970227670753,0.5486590038314176,0.5852063751532489,-0.11466216405179408,-0.11240667510463764,0,153,187,0.07164750957854406
M-2022-9,143,3431,0.5683327507864383,0.4739143106965899,0.5168467895740623,-0.1894068571866218,-0.1807662606838243,0,19,255,0.0743223549985427
M-2022-10,143,4318,0.553670573719926,0.41570171375636866,0.4748677248677249,-0.24761945412684305,-0.22274532539016167,0,19,364,0.08429828624363131
M-2022-11,143,6282,0.6318961520630505,0.4339382362304998,0.5145337863344658,-0.2293829316527119,-0.18307926392342078,0,153,525,0.08357211079274117
M-2022-12,143,3052,0.47536617842876167,0.35091743119266056,0.4037700282752121,-0.31240373669055116,-0.2938430219826745,0,153,274,0.08977719528178243
M-2022-4,144,3642,0.9781405644714998,0.9706205381658429,0.9743660418963617,0.0,0.0,0,146,35,0.009610104338275673
M-2022-5,144,4171,0.978377065111759,0.9654759050587389,0.9718836732231205,-0.005144633107104002,-0.002482368673241142,0,146,44,0.010549029009829777
M-2022-6,144,3621,0.9720670391061452,0.9610604805302403,0.9665324260519372,-0.009560057635602637,-0.007833615844424435,0,86,76,0.020988677161005248
M-2022-7,144,3002,0.9946485907955762,0.9287141905396402,0.960551248923342,-0.04190634762620271,-0.013814792973019685,0,86,169,0.05629580279813458
M-2022-8,144,2946,0.9942959001782531,0.9467073998642227,0.9699182750825943,-0.02391313830162023,-0.004447766813767351,0,86,111,0.03767820773930754
M-2022-9,144,2630,0.9938008523827974,0.9752851711026616,0.9844559585492227,0.0046646329368186246,0.010089916652861075,0,171,18,0.006844106463878327
M-2022-10,144,2456,0.9888198757763975,0.9723127035830619,0.9804968179018682,0.0016921654172189493,0.006130776005506489,0,171,16,0.006514657980456026
M-2022-11,144,3033,0.990975935828877,0.9775799538410814,0.9842323651452282,0.006959415675238501,0.009866323248866493,0,63,20,0.006594131223211342
M-2022-12,144,2267,0.9802110817941952,0.9832377591530658,0.981722087645893,0.012617220987222844,0.007356045749531304,0,63,8,0.0035288928098809
M-2022-4,145,2224,0.9915064818953956,0.9973021582733813,0.9943958753642681,0.0,0.0,0,13,3,0.0013489208633093526
M-2022-5,145,2178,0.9863450159308147,0.9949494949494949,0.9906285714285714,-0.0023526633238863948,-0.0037673039356966864,0,156,5,0.002295684113865932
M-2022-6,145,1317,0.9938176197836167,0.976461655277145,0.9850631941784757,-0.0208405029962363,-0.009332681185792446,0,144,15,0.011389521640091117
M-2022-7,145,1697,0.995872641509434,0.9952857984678845,0.995579133510168,-0.002016359805496859,0.0011832581458999236,0,171,3,0.0017678255745433118
M-2022-8,145,1596,0.993734335839599,0.993734335839599,0.993734335839599,-0.003567822433782286,-0.0006615395246690747,0,49,2,0.0012531328320802004
M-2022-9,145,1613,0.9975155279503105,0.9956602603843769,0.9965870307167235,-0.0016418978890043734,0.0021911553524553984,0,45,5,0.0030998140111593306
M-2022-10,145,1504,0.9953271028037384,0.9913563829787234,0.9933377748167888,-0.005945775294657896,-0.001058100547479346,0,45,7,0.004654255319148936
M-2022-11,145,1523,0.9967148488830486,0.9960604070912672,0.9963875205254515,-0.0012417511821141147,0.001991645161183442,0,45,3,0.001969796454366382
M-2022-12,145,1149,0.9965034965034965,0.9921671018276762,0.9943305713039686,-0.005135056445705111,-6.530406029947589e-05,0,45,5,0.004351610095735422
M-2022-4,146,4793,0.9597548518896833,0.9801794283329857,0.9698596201486375,0.0,0.0,0,144,9,0.0018777383684539955
M-2022-5,146,5639,0.9463760595052759,0.9702074835963823,0.9581436077057793,-0.009971944736603344,-0.011716012442858137,0,115,36,0.006384110657918071
M-2022-6,146,6106,0.9579710144927536,0.9742875859810023,0.9660604092237739,-0.005891842351983367,-0.003799210924863572,0,115,29,0.004749426793318048
M-2022-7,146,4786,0.9859086491739553,0.8478896782281655,0.9117052347787015,-0.13228975010482014,-0.058154385369936,0,169,264,0.05516088591725867
M-2022-8,146,5430,0.983467278989667,0.7887661141804788,0.8754215636177823,-0.19141331415250684,-0.09443805653085513,0,169,422,0.07771639042357274
M-2022-9,146,5594,0.977156797516079,0.7876296031462281,0.8722161734138375,-0.19254982518675756,-0.09764344673479997,0,169,429,0.07668930997497318
M-2022-10,146,5568,0.9769353733729161,0.7683189655172413,0.8601588418618679,-0.21186046281574433,-0.1097007782867696,0,169,436,0.07830459770114942
M-2022-11,146,6358,0.9313217326915957,0.7912865681031771,0.8556122448979592,-0.18889286022980856,-0.1142473752506783,0,169,430,0.06763133060710916
M-2022-12,146,4680,0.9803459119496856,0.7993589743589744,0.8806497175141242,-0.18082045397401125,-0.08920990263451323,0,169,333,0.07115384615384615
M-2022-4,147,2203,0.956868260665729,0.926463912846119,0.941420664206642,0.0,0.0,0,11,27,0.012256014525646845
M-2022-5,147,2716,0.9592307692307692,0.9182621502209131,0.9382994732881866,-0.008201762625205888,-0.0031211909184554187,0,93,71,0.02614138438880707
M-2022-6,147,13,0.09210526315789473,0.5384615384615384,0.15730337078651685,-0.3880023743845805,-0.7841172934201253,0,62,1,0.07692307692307693
M-2022-7,147,55,0.18811881188118812,0.34545454545454546,0.24358974358974358,-0.5810093673915735,-0.6978309206168984,0,117,9,0.16363636363636364
M-2022-8,147,19,0.042735042735042736,0.2631578947368421,0.07352941176470588,-0.6633060181092769,-0.8678912524419362,0,153,3,0.15789473684210525
M-2022-9,147,2227,0.7379182156133829,0.17826672653794343,0.28716094032549727,-0.7481971863081756,-0.6542597238811447,0,157,1468,0.6591827570722946
M-2022-10,147,801,0.42443729903536975,0.1647940074906367,0.23741007194244604,-0.7616699053554823,-0.704010592264196,0,117,187,0.23345817727840198
M-2022-11,147,661,0.600451467268623,0.40242057488653554,0.48188405797101447,-0.5240433379595835,-0.4595366062356276,0,175,91,0.13767019667170954
M-2022-12,147,2730,0.9340277777777778,0.5912087912087912,0.7240915208613729,-0.33525512163732774,-0.2173291433452692,0,117,221,0.08095238095238096
M-2022-4,148,6812,0.9112275449101797,0.8935701702877276,0.902312481470501,0.0,0.0,0,133,404,0.059307105108631825
M-2022-5,148,7219,0.9075759697521355,0.8977697742069539,0.9026462395543176,0.004199603919226358,0.0003337580838165266,0,133,420,0.05817980329685552
M-2022-6,148,6482,0.9279191128506197,0.8778154890465906,0.9021721896305692,-0.015754681241136992,-0.00014029183993180538,0,133,439,0.06772601049058932
M-2022-7,148,4632,0.9153846153846154,0.8734887737478411,0.8939460892620416,-0.020081396539886498,-0.008366392208459472,0,133,255,0.05505181347150259
M-2022-8,148,5228,0.9031672382489409,0.8563504208110176,0.8791359842906235,-0.03721974947670992,-0.023176497179877575,0,133,295,0.056426931905126244
M-2022-9,148,5655,0.8919069767441861,0.8477453580901857,0.8692656391659112,-0.045824812197541864,-0.033046842304589874,0,133,342,0.060477453580901855
M-2022-10,148,5342,0.8312228654124457,0.8601647323099962,0.8454461821527139,-0.03340543797773132,-0.05686629931778708,0,133,295,0.055222763010108575
M-2022-11,148,5510,0.8095155709342561,0.8491833030852994,0.828875110717449,-0.044386867202428126,-0.07343737075305201,0,133,313,0.056805807622504534
M-2022-12,148,3728,0.780310621242485,0.835568669527897,0.8069948186528497,-0.05800150075983057,-0.0953176628176513,0,133,229,0.06142703862660944
M-2022-4,149,74194,0.9043704543938079,0.9134027010270372,0.9088641377599259,0.0,0.0,0,138,1585,0.021362913443135564
M-2022-5,149,74404,0.8667940458823378,0.9023842804150315,0.8842311820522445,-0.011018420612005753,-0.024632955707681425,0,117,1883,0.025307779151658515
M-2022-6,149,53747,0.8270256811552963,0.8652017787039277,0.8456831097976812,-0.048200922323109574,-0.06318102796224467,0,117,1680,0.03125755856140808
M-2022-7,149,32883,0.7125976643383672,0.7849344646169754,0.7470189858763603,-0.1284682364100619,-0.16184515188356563,0,117,1638,0.04981297326886233
M-2022-8,149,36383,0.6930403116962489,0.7480141824478466,0.7194786654681965,-0.16538851857919068,-0.18938547229172942,0,117,3245,0.08919000632163374
M-2022-9,149,51310,0.7005354803914015,0.7088091989865524,0.7046480537848991,-0.20459350204048488,-0.20421608397502677,0,117,5917,0.1153186513350224
M-2022-10,149,56482,0.6733600602230353,0.6809780106936724,0.6771476105384541,-0.23242469033336488,-0.23171652722147185,0,117,6293,0.11141602634467618
M-2022-11,149,43255,0.5767664049770405,0.7201479597734366,0.6405313428539116,-0.19325474125360065,-0.26833279490601436,0,117,3334,0.07707779447462722
M-2022-12,149,29896,0.5904201396710971,0.7013312817768264,0.6411142367906066,-0.2120714192502109,-0.2677499009693193,0,117,2553,0.0853960396039604
M-2022-4,150,2305,0.9508695652173913,0.9488069414316703,0.9498371335504886,0.0,0.0,0,117,47,0.020390455531453362
M-2022-5,150,2214,0.9030131826741996,0.8663053297199639,0.88427846934071,-0.08250161171170645,-0.06555866420977863,0,117,85,0.03839205058717254
M-2022-6,150,2103,0.8967551622418879,0.7227769852591536,0.8004212743549236,-0.22602995617251675,-0.149415859195565,0,130,198,0.09415121255349501
M-2022-7,150,1436,0.8592870544090057,0.637883008356546,0.7322142286171063,-0.31092393307512434,-0.21762290493338232,0,101,218,0.15181058495821728
M-2022-8,150,1240,0.8376288659793815,0.5241935483870968,0.6448412698412699,-0.4246133930445736,-0.3049958637092187,0,101,277,0.22338709677419355
M-2022-9,150,1340,0.8707386363636364,0.45746268656716416,0.5998043052837574,-0.49134425486450617,-0.3500328282667312,0,101,385,0.2873134328358209
M-2022-10,150,1195,0.8720316622691293,0.5531380753138075,0.6769073220686124,-0.3956688661178628,-0.2729298114818762,0,117,139,0.11631799163179916
M-2022-11,150,1522,0.8425572519083969,0.5801576872536137,0.68715953307393,-0.3686492541780566,-0.26267760047655864,0,117,268,0.17608409986859397
M-2022-12,150,1291,0.888135593220339,0.6088303640588691,0.7224264705882353,-0.3399765773728012,-0.22741066296225332,0,117,242,0.18745158791634392
M-2022-4,151,2021,0.8122090015519917,0.776843146956952,0.7941325240263025,0.0,0.0,0,153,71,0.0351311232063335
M-2022-5,151,2500,0.8126009693053312,0.8048,0.8086816720257235,0.027956853043047958,0.014549147999420975,0,153,80,0.032
M-2022-6,151,2108,0.7765388046387154,0.8259013282732448,0.8004597701149425,0.049058181316292804,0.006327246088639993,0,153,36,0.017077798861480076
M-2022-7,151,1469,0.7505966587112172,0.8563648740639891,0.8,0.07952172710703709,0.005867475973697522,0,124,20,0.013614703880190605
M-2022-8,151,1581,0.6913774973711883,0.8317520556609741,0.7550961814527706,0.0549089087040221,-0.039036342573531946,0,51,32,0.02024035420619861
M-2022-9,151,2080,0.765496315561335,0.8490384615384615,0.8051059949851835,0.07219531458150952,0.010973470958881015,0,156,33,0.015865384615384615
M-2022-10,151,2077,0.7241242038216561,0.8757823784304285,0.7927653083460449,0.0989392314734765,-0.0013672156802576607,0,156,27,0.012999518536350506
M-2022-11,151,1879,0.6409144659046118,0.8653539116551358,0.7364130434782609,0.08851076469818375,-0.05771948054804166,0,156,23,0.012240553485896753
M-2022-12,151,872,0.5215208034433285,0.8337155963302753,0.6416593115622242,0.05687244937332325,-0.1524732124640783,0,93,10,0.011467889908256881
M-2022-4,152,1673,0.9658744667885436,0.9473998804542738,0.9565479782739892,0.0,0.0,0,98,20,0.011954572624028692
M-2022-5,152,1141,0.9550359712230215,0.9307624890446976,0.9427430093209055,-0.016637391409576208,-0.013804968953083696,0,98,11,0.009640666082383873
M-2022-6,152,800,0.9468479604449939,0.9575,0.9521441889372281,0.010100119545726205,-0.00440378933676111,0,117,7,0.00875
M-2022-7,152,336,0.9106145251396648,0.9702380952380952,0.9394812680115274,0.02283821478382142,-0.01706671026246176,0,53,1,0.002976190476190476
M-2022-8,152,356,0.9408450704225352,0.9382022471910112,0.939521800281294,-0.009197633263262617,-0.017026177992695235,0,51,13,0.03651685393258427
M-2022-9,152,491,0.9518072289156626,0.9653767820773931,0.9585439838220424,0.017976901623119268,0.001996005548053237,0,83,8,0.016293279022403257
M-2022-10,152,618,0.9413629160063391,0.9611650485436893,0.9511609287429944,0.013765168089415525,-0.005387049530994781,0,83,11,0.01779935275080906
M-2022-11,152,861,0.8179551122194514,0.7619047619047619,0.7889356584485869,-0.18549511854951195,-0.16761231982540226,0,57,36,0.041811846689895474
M-2022-12,152,729,0.8809523809523809,0.6090534979423868,0.7201946472019465,-0.338346382511887,-0.2363533310720427,0,117,117,0.16049382716049382
M-2022-4,153,70973,0.875033866160932,0.9101348400095811,0.8922392657103589,0.0,0.0,0,140,1857,0.026164879602102207
M-2022-5,153,79655,0.8541924137275406,0.9024166718975583,0.8776425915864401,-0.007718168112022861,-0.014596674123918851,0,140,2549,0.032000502165589105
M-2022-6,153,69891,0.8375005027416176,0.8938203774448784,0.864744397225952,-0.016314462564702703,-0.027494868484406965,0,140,1829,0.026169320799530698
M-2022-7,153,39925,0.7984454632193805,0.8593613024420789,0.8277842115421733,-0.05077353756750225,-0.06445505416818564,0,140,727,0.018209142141515342
M-2022-8,153,41882,0.7829884744532172,0.8240055393725229,0.8029735452197585,-0.08612930063705826,-0.08926572049060044,0,133,733,0.017501551979370613
M-2022-9,153,70434,0.8364391622915825,0.8233523582360792,0.8298441681095545,-0.0867824817735019,-0.06239509760080442,0,133,1051,0.014921770735724224
M-2022-10,153,90325,0.8540315645120052,0.8135732078605037,0.8333115988456152,-0.09656163214907743,-0.05892766686474371,0,157,1125,0.012455023526155549
M-2022-11,153,98813,0.8274774869772444,0.794156639308593,0.8104747297918378,-0.11597820070098808,-0.08176453591852118,0,133,1501,0.015190308967443555
M-2022-12,153,59235,0.8389827442752233,0.7830505613235418,0.810052304817457,-0.12708427868603933,-0.0821869608929019,0,133,1258,0.021237444078669704
M-2022-4,154,2978,0.7642477876106195,0.7249832102081935,0.7440978804066862,0.0,0.0,0,14,151,0.050705171255876424
M-2022-5,154,2882,0.7404,0.6422623178348369,0.6878483835005574,-0.08272089237335656,-0.05624949690612879,0,14,214,0.07425399028452463
M-2022-6,154,2048,0.721120984278879,0.51513671875,0.6009683850754771,-0.20984649145819345,-0.1431294953312091,0,14,138,0.0673828125
M-2022-7,154,1219,0.6693830034924331,0.4716981132075472,0.5534167468719923,-0.2532850970006463,-0.19068113353469396,0,155,105,0.08613617719442165
M-2022-8,154,1349,0.6802646085997794,0.4573758339510749,0.5469858156028369,-0.26760737625711856,-0.19711206480384935,0,14,104,0.0770941438102298
M-2022-9,154,2322,0.7858450274557657,0.5546942291128337,0.6503408230244888,-0.17028898109535973,-0.09375705738219742,0,155,81,0.03488372093023256
M-2022-10,154,3149,0.69593147751606,0.51603683709114,0.5926331145149526,-0.20894637311705344,-0.15146476589173363,0,14,245,0.07780247697681804
M-2022-11,154,3641,0.6922136159804321,0.466355396868992,0.5572694453560879,-0.25862781333920143,-0.18682843505059832,0,155,347,0.09530348805273277
M-2022-12,154,1862,0.6610407876230661,0.5048335123523093,0.5724725943970768,-0.22014969785588412,-0.17162528600960947,0,155,149,0.08002148227712137
M-2022-4,155,11183,0.7983856502242153,0.7960296879191631,0.7972059284466932,0.0,0.0,0,14,259,0.02316015380488241
M-2022-5,155,10789,0.7460772886218955,0.7712484938363148,0.7584541062801933,-0.02478119408284829,-0.03875182216649997,0,14,260,0.024098618963759384
M-2022-6,155,7616,0.692173479561316,0.7292542016806722,0.710230179028133,-0.06677548623849083,-0.08697574941856023,0,14,180,0.023634453781512604
M-2022-7,155,5019,0.5943246670894102,0.7469615461247261,0.6619581530855478,-0.04906814179443697,-0.1352477753611454,0,153,142,0.02829248854353457
M-2022-8,155,4958,0.5604182225541449,0.7567567567567568,0.6439543465202094,-0.039272931162406266,-0.1532515819264838,0,61,124,0.02501008471157725
M-2022-9,155,7193,0.6824171910245755,0.7991102460725705,0.7361680327868853,0.0030805581534074644,-0.061037895659807995,0,153,113,0.015709717781176143
M-2022-10,155,9885,0.6473944465576265,0.6887202832574608,0.6674182638105975,-0.10730940466170225,-0.1297876646360957,0,61,347,0.03510369246332828
M-2022-11,155,11344,0.30615627466456197,0.683885754583921,0.422963689892051,-0.11214393333524209,-0.3742422385546422,0,14,422,0.037200282087447106
M-2022-12,155,5650,0.5303263762431714,0.6700884955752212,0.592071311283134,-0.12594119234394185,-0.2051346171635593,0,14,242,0.04283185840707965
M-2022-4,156,32897,0.8384912959381045,0.8697145636380217,0.8538175741207717,0.0,0.0,0,142,428,0.013010304891023498
M-2022-5,156,34655,0.8335814230425722,0.888760640600202,0.8602871347969387,0.019046076962180303,0.006469560676166997,0,142,393,0.01134035492713894
M-2022-6,156,29900,0.8368111958015744,0.8959197324414716,0.8653572813024939,0.02620516880344992,0.011539707181722147,0,142,402,0.013444816053511706
M-2022-7,156,19602,0.7957924780186899,0.8818998061422304,0.8366364186327888,0.012185242504208715,-0.017181155487982935,0,142,266,0.013570043873074176
M-2022-8,156,21541,0.7584062735157828,0.8889559444779722,0.8185082282539005,0.019241380839950528,-0.03530934586687129,0,142,253,0.011745044334060628
M-2022-9,156,24938,0.7305032591073024,0.8853155826449595,0.8004931020104784,0.015601019006937777,-0.05332447211029334,0,142,519,0.020811612799743362
M-2022-10,156,24907,0.758657267998905,0.8901513630706227,0.8191609244240823,0.020436799432601016,-0.03465664969668947,0,142,528,0.02119885975830088
M-2022-11,156,26239,0.6802962962962963,0.8750333473074431,0.765473670172865,0.005318783669421401,-0.0883439039479067,0,105,627,0.02389572773352643
M-2022-12,156,11350,0.6350332872754679,0.8908370044052863,0.7414931064828395,0.02112244076726466,-0.11232446763793225,0,142,156,0.013744493392070485
M-2022-4,157,2075,0.7893053016453382,0.832289156626506,0.8102275392915786,0.0,0.0,0,153,27,0.013012048192771084
M-2022-5,157,2043,0.7586678832116789,0.8139990210474792,0.7853600944510035,-0.01829013557902681,-0.024867444840575126,0,153,46,0.022515907978463045
M-2022-6,157,1384,0.6925587467362925,0.7666184971098265,0.7277091906721537,-0.0656706595166795,-0.08251834861942497,0,117,40,0.028901734104046242
M-2022-7,157,937,0.5713080168776371,0.7225186766275347,0.6380772855796418,-0.10977047999897138,-0.17215025371193682,0,153,30,0.032017075773746
M-2022-8,157,1614,0.599798893916541,0.7391573729863693,0.662225922842076,-0.09313178364013674,-0.1480016164495026,0,117,80,0.04956629491945477
M-2022-9,157,2878,0.39658594680428744,0.6942321056289089,0.504800404244568,-0.13805705099759713,-0.3054271350470107,0,117,110,0.03822098679638638
M-2022-10,157,1745,0.3922702373706634,0.7386819484240688,0.5124229775392566,-0.09360720820243729,-0.29780456175232206,0,153,50,0.02865329512893983
M-2022-11,157,1255,0.3137196037226058,0.8326693227091634,0.4557348451809856,0.00038016608265734053,-0.35449269411059303,0,153,25,0.0199203187250996
M-2022-12,157,800,0.35753275109170307,0.81875,0.49772036474164133,-0.013539156626506066,-0.3125071745499373,0,38,15,0.01875
M-2022-4,158,12544,0.9247363374880153,0.9226721938775511,0.9237031125299282,0.0,0.0,0,142,125,0.009964923469387755
M-2022-5,158,14654,0.9335008024562138,0.9129247986897775,0.9230981542176988,-0.009747395187773567,-0.0006049583122293978,0,140,199,0.01357990992220554
M-2022-6,158,14360,0.9399593436910121,0.9016016713091922,0.9203810336247956,-0.02107052256835884,-0.003322078905132586,0,140,287,0.019986072423398327
M-2022-7,158,5930,0.9054856743535988,0.8740303541315345,0.8894800068645958,-0.048641839746016546,-0.034223105665332376,0,140,114,0.019224283305227657
M-2022-8,158,5881,0.843040293040293,0.782690018704302,0.8117449960320959,-0.13998217517324907,-0.11195811649783227,0,142,262,0.04455024655670804
M-2022-9,158,9684,0.8058459352481477,0.8199091284593143,0.8128167067615294,-0.10276306541823677,-0.11088640576839881,0,140,297,0.03066914498141264
M-2022-10,158,11346,0.7310911100584241,0.8161466596157236,0.7712810261535898,-0.10652553426182743,-0.15242208637633836,0,140,322,0.028380045831129914
M-2022-11,158,11070,0.6881134969325153,0.8105691056910569,0.7443384487764413,-0.11210308818649417,-0.17936466375348692,0,140,330,0.02981029810298103
M-2022-12,158,5549,0.6525724423418096,0.795458641196612,0.7169658084950865,-0.12721355268093903,-0.2067373040348417,0,140,158,0.028473598846639032
M-2022-4,159,3182,0.6737460460912789,0.46857322438717786,0.5527340129749768,0.0,0.0,0,46,574,0.180389692017599
M-2022-5,159,2911,0.6521374685666387,0.5345242184816215,0.5875023598263168,0.0659509940944436,0.034768346851340004,0,46,547,0.18790793541738235
M-2022-6,159,2481,0.6339586339586339,0.5312374042724708,0.5780701754385965,0.06266417988529294,0.025336162463619694,0,46,436,0.17573559048770657
M-2022-7,159,1512,0.6848049281314168,0.44113756613756616,0.5366049879324215,-0.027435658249611694,-0.01612902504255531,0,46,208,0.13756613756613756
M-2022-8,159,1687,0.6586414445399829,0.45406046235921754,0.5375438596491228,-0.014512762027960313,-0.01519015332585405,0,46,235,0.13930053349140487
M-2022-9,159,2037,0.5114503816793893,0.3946980854197349,0.4455527847049044,-0.07387513896744297,-0.10718122827007243,0,46,306,0.15022091310751104
M-2022-10,159,2457,0.4883351007423118,0.37484737484737485,0.4241307851715404,-0.09372584953980301,-0.12860322780343642,0,46,483,0.19658119658119658
M-2022-11,159,2820,0.5151699029126213,0.30106382978723406,0.3800358102059087,-0.1675093945999438,-0.1726982027690681,0,46,483,0.17127659574468085
M-2022-12,159,1740,0.5,0.3488505747126437,0.4109681787406906,-0.11972264967453417,-0.14176583423428624,0,46,313,0.17988505747126438
M-2022-4,160,1553,0.7403921568627451,0.6078557630392788,0.6676096181046676,0.0,0.0,0,115,209,0.13457823567289118
M-2022-5,160,2122,0.7831568330811901,0.7318567389255419,0.7566382460414129,0.12400097588626313,0.08902862793674537,0,115,122,0.057492931196983975
M-2022-6,160,2171,0.7720079129574678,0.7190234914785812,0.7445742904841403,0.11116772843930245,0.07696467237947269,0,115,124,0.05711653615845232
M-2022-7,160,1230,0.46135693215339235,0.6357723577235772,0.5347008547008547,0.027916594684298413,-0.13290876340381286,0,25,114,0.09268292682926829
M-2022-8,160,1280,0.4709241952232606,0.70859375,0.5658140985651903,0.10073798696072123,-0.1017955195394773,0,115,93,0.07265625
M-2022-9,160,1444,0.420032310177706,0.7202216066481995,0.5306122448979592,0.11236584360892066,-0.13699737320670835,0,115,65,0.045013850415512466
M-2022-10,160,2407,0.5006317917614355,0.8230162027420025,0.6225644248900063,0.2151604397027237,-0.04504519321466127,0,115,77,0.03199002908184462
M-2022-11,160,1939,0.3877434135166094,0.6982980917998969,0.4986190388510403,0.09044232876061808,-0.16899057925362726,0,115,124,0.06395048994326973
M-2022-12,160,1048,0.35378228782287824,0.7318702290076335,0.47699004975124376,0.12401446596835475,-0.1906195683534238,0,115,48,0.04580152671755725
M-2022-4,161,3031,0.988399071925754,0.9838337182448037,0.9861111111111112,0.0,0.0,0,60,6,0.001979544704717915
M-2022-5,161,3235,0.9830977258758451,0.98887171561051,0.9859762675296656,0.005037997365706315,-0.00013484358144555397,0,45,9,0.0027820710973724882
M-2022-6,161,2306,0.9911465250110668,0.9709453599306158,0.9809419496166484,-0.012888358314187887,-0.005169161494462782,0,86,14,0.006071118820468344
M-2022-7,161,1512,0.9912087912087912,0.8948412698412699,0.940563086548488,-0.08899244840353382,-0.04554802456262319,0,149,61,0.04034391534391534
M-2022-8,161,1187,0.9851988899167438,0.8972198820556023,0.9391534391534392,-0.08661383618920138,-0.046957671957671976,0,149,46,0.038753159224936815
M-2022-9,161,874,0.9929775280898876,0.8089244851258581,0.8915510718789408,-0.17490923311894557,-0.09456003923217038,0,86,58,0.06636155606407322
M-2022-10,161,929,0.9898605830164765,0.8406889128094726,0.9091967403958091,-0.14314480543533115,-0.07691437071530205,0,149,58,0.062432723358449946
M-2022-11,161,785,0.9788199697428139,0.824203821656051,0.8948824343015215,-0.1596298965887527,-0.09122867680958968,0,149,60,0.07643312101910828
M-2022-12,161,334,0.9629629629629629,0.7005988023952096,0.8110918544194108,-0.28323491584959415,-0.17501925669170038,0,149,52,0.15568862275449102
M-2022-4,162,486,0.6118811881188119,0.6358024691358025,0.6236125126135217,0.0,0.0,0,28,18,0.037037037037037035
M-2022-5,162,382,0.4444444444444444,0.5968586387434555,0.5094972067039106,-0.038943830392347056,-0.11411530590961105,0,28,14,0.03664921465968586
M-2022-6,162,288,0.45430809399477806,0.6041666666666666,0.518628912071535,-0.03163580246913589,-0.10498360054198663,0,115,16,0.05555555555555555
M-2022-7,162,241,0.5045045045045045,0.46473029045643155,0.4838012958963283,-0.17107217867937097,-0.13981121671719338,0,149,14,0.058091286307053944
M-2022-8,162,225,0.52,0.52,0.52,-0.1158024691358025,-0.10361251261352167,0,160,15,0.06666666666666667
M-2022-9,162,192,0.3930131004366812,0.46875,0.42755344418052255,-0.16705246913580252,-0.19605906843299914,0,149,13,0.06770833333333333
M-2022-10,162,255,0.5077519379844961,0.5137254901960784,0.5107212475633528,-0.12207697893972413,-0.11289126505016889,0,115,14,0.054901960784313725
M-2022-11,162,172,0.43529411764705883,0.43023255813953487,0.4327485380116959,-0.20556991099626765,-0.1908639746018258,0,42,13,0.0755813953488372
M-2022-12,162,59,0.3103448275862069,0.6101694915254238,0.4114285714285714,-0.02563297761037875,-0.21218394118495026,0,160,4,0.06779661016949153
M-2022-4,163,3156,0.5962829117191534,0.3659695817490494,0.4535637149028078,0.0,0.0,0,46,290,0.09188846641318124
M-2022-5,163,2474,0.2652482269503546,0.07558609539207761,0.11764705882352941,-0.2903834863569718,-0.33591665607927834,1,46,858,0.3468067906224737
M-2022-6,163,2085,0.3712121212121212,0.09400479616306955,0.15001913509376197,-0.27196478558597986,-0.3035445798090458,1,46,813,0.3899280575539568
M-2022-7,163,1276,0.12,0.02821316614420063,0.04568527918781726,-0.3377564156048488,-0.4078784357149905,1,46,539,0.4224137931034483
M-2022-8,163,2303,0.056179775280898875,0.008684324793747287,0.01504324934185784,-0.3572852569553021,-0.4385204655609499,1,46,1638,0.7112462006079028
M-2022-9,163,2053,0.0831758034026465,0.02143205065757428,0.03408210689388071,-0.3445375310914751,-0.4194816080089271,1,46,1234,0.6010716025328787
M-2022-10,163,2116,0.12101910828025478,0.04489603024574669,0.06549465701482247,-0.32107355150330275,-0.3880690578879853,1,46,712,0.33648393194706994
M-2022-11,163,2302,0.06770833333333333,0.016941789748045177,0.027102154273801252,-0.34902779200100426,-0.42646156062900653,1,46,885,0.3844483058210252
M-2022-12,163,1741,0.07563025210084033,0.015508328546812177,0.025738798856053385,-0.35046125320223726,-0.4278249160467544,1,46,728,0.41815048822515793
M-2022-4,164,3315,0.8916116870876531,0.8561085972850678,0.8734995383194829,0.0,0.0,0,117,116,0.03499245852187029
M-2022-5,164,3179,0.3524321489445391,0.845548914753067,0.4975013881177124,-0.010559682532000791,-0.3759981502017705,0,149,139,0.04372444164831708
M-2022-6,164,2477,0.28455631399317405,0.8078320549051272,0.4208644442107477,-0.04827654237994061,-0.4526350941087352,0,117,119,0.04804198627371821
M-2022-7,164,1702,0.2250050906129098,0.6492361927144535,0.3341902313624679,-0.2068724045706143,-0.539309306957015,0,117,252,0.14806110458284372
M-2022-8,164,1787,0.16607301869991095,0.6261891438164522,0.26252199413489735,-0.22991945346861564,-0.6109775441845855,0,117,203,0.11359820928931169
M-2022-9,164,1875,0.13901716992303137,0.6261333333333333,0.22751937984496123,-0.2299752639517345,-0.6459801584745217,0,117,188,0.10026666666666667
M-2022-10,164,2237,0.1521690767519466,0.6115333035315155,0.24369822748730738,-0.24457529375355236,-0.6298013108321755,0,117,255,0.11399195350916407
M-2022-11,164,2479,0.09863370201691607,0.6115369100443727,0.16986946047397614,-0.2445716872406951,-0.7036300778455068,0,138,293,0.118192819685357
M-2022-12,164,1689,0.1648113343935232,0.6749555950266429,0.26493144317917733,-0.1811530022584249,-0.6085680951403056,0,138,177,0.10479573712255773
M-2022-4,165,5176,0.984209432786204,0.9151854714064915,0.948443287616378,0.0,0.0,0,56,244,0.04714064914992272
M-2022-5,165,5617,0.7389269597192044,0.7870749510414812,0.7622413793103449,-0.12811052036501036,-0.18620190830603311,0,56,581,0.10343599786362827
M-2022-6,165,5569,0.7773734700628515,0.8439576225534208,0.8092983211364615,-0.07122784885307076,-0.13914496647991648,0,56,311,0.05584485544981146
M-2022-7,165,5683,0.770854788877446,0.7902516276614464,0.7804327048396906,-0.12493384374504513,-0.16801058277668734,0,56,459,0.08076720042231215
M-2022-8,165,6246,0.590686905068176,0.7351905219340378,0.6550641940085592,-0.17999494947245376,-0.2933790936078188,0,56,650,0.10406660262568043
M-2022-9,165,6351,0.575564381270903,0.8671075421193513,0.6918776305044286,-0.048077929287140275,-0.25656565711194934,0,98,266,0.04188316800503858
M-2022-10,165,6592,0.6192147192716236,0.9904429611650486,0.7620214752567693,0.07525748975855706,-0.18642181235960864,0,149,12,0.0018203883495145632
M-2022-11,165,5518,0.3840006268118781,0.8881841246828561,0.5361851102237296,-0.02700134672363541,-0.41225817739264836,0,56,232,0.04204421891989851
M-2022-12,165,4989,0.5475742215785663,0.7578673080777711,0.6357827476038339,-0.1573181633287204,-0.31266054001254406,0,56,532,0.10663459611144518
M-2022-4,166,2317,0.7243567148396193,0.8869227449287872,0.7974388824214202,0.0,0.0,0,25,52,0.022442813983599482
M-2022-5,166,4223,0.8706681766704417,0.9102533743784039,0.8900208381569807,0.023330629449616724,0.0925819557355605,0,25,94,0.02225905754203173
M-2022-6,166,2330,0.7803907380607815,0.9257510729613734,0.8468786808009423,0.03882832803258618,0.04943979837952206,0,25,33,0.014163090128755365
M-2022-7,166,1530,0.6203492786636294,0.5339869281045752,0.5739374780470671,-0.35293581682421205,-0.22350140437435317,0,18,226,0.1477124183006536
M-2022-8,166,2008,0.7061170212765957,0.5288844621513944,0.6047835990888383,-0.3580382827773928,-0.19265528333258197,0,18,232,0.11553784860557768
M-2022-9,166,4856,0.8109838274932615,0.49567545304777594,0.6152862985685071,-0.39124729188101126,-0.1821525838529131,0,18,728,0.14991762767710048
M-2022-10,166,3035,0.681246857717446,0.4464579901153213,0.5394108280254777,-0.4404647548134659,-0.25802805439594256,0,18,525,0.17298187808896212
M-2022-11,166,2277,0.5241558441558442,0.443126921387791,0.48024750118990955,-0.4437958235409962,-0.3171913812315107,0,18,443,0.1945542380324989
M-2022-12,166,1835,0.642512077294686,0.5073569482288829,0.5669914738124239,-0.3795657966999043,-0.23044740860899637,0,18,271,0.14768392370572206
M-2022-4,167,668,0.9296235679214403,0.8502994011976048,0.8881939014855356,0.0,0.0,0,14,14,0.020958083832335328
M-2022-5,167,558,0.7647058823529411,0.9086021505376344,0.8304668304668305,0.05830274934002955,-0.05772707101870511,0,25,14,0.025089605734767026
M-2022-6,167,330,0.48314606741573035,0.6515151515151515,0.5548387096774193,-0.19878424968245334,-0.33335519180811624,0,14,29,0.08787878787878788
M-2022-7,167,23,0.019455252918287938,0.21739130434782608,0.03571428571428571,-0.6329080968497788,-0.8524796157712499,0,14,7,0.30434782608695654
M-2022-8,167,28,0.018018018018018018,0.14285714285714285,0.032,-0.707442258340462,-0.8561939014855355,0,14,8,0.2857142857142857
M-2022-9,167,47,0.05976095617529881,0.3191489361702128,0.10067114093959731,-0.531150465027392,-0.7875227605459383,0,14,18,0.3829787234042553
M-2022-10,167,125,0.10569105691056911,0.208,0.14016172506738545,-0.6422994011976049,-0.7480321764181501,0,14,40,0.32
M-2022-11,167,74,0.048458149779735685,0.14864864864864866,0.07308970099667775,-0.7016507525489561,-0.8151042004888578,0,14,35,0.47297297297297297
M-2022-12,167,55,0.0736196319018405,0.21818181818181817,0.11009174311926606,-0.6321175830157867,-0.7781021583662695,0,14,18,0.32727272727272727
M-2022-4,168,3924,0.749385145105755,0.7765035677879715,0.7627033792240301,0.0,0.0,0,110,447,0.11391437308868502
M-2022-5,168,5548,0.8209876543209876,0.791095890410959,0.8057646410868368,0.014592322622987486,0.04306126186280668,0,110,572,0.10310021629416005
M-2022-6,168,5028,0.8195242001640689,0.7947494033412887,0.8069466882067852,0.01824583555331727,0.04424330898275508,0,110,562,0.11177406523468576
M-2022-7,168,2156,0.6869498660543437,0.8325602968460112,0.7527783602432375,0.05605672905803971,-0.009925018980792566,0,110,185,0.08580705009276438
M-2022-8,168,3413,0.7342894393741851,0.8250805742748315,0.7770419426048565,0.04857700648686003,0.014338563380826397,0,110,275,0.08057427483152652
M-2022-9,168,6371,0.8076213890596189,0.8249882279077068,0.8162124388539483,0.04848466011973529,0.053509059629918254,0,110,438,0.0687490189923089
M-2022-10,168,4172,0.6897884458909682,0.8127996164908916,0.7462588028169014,0.036296048702920136,-0.016444576407128708,0,110,313,0.07502396931927133
M-2022-11,168,4608,0.6931670080059579,0.8079427083333334,0.7461669505962522,0.0314391405453619,-0.016536428627777933,0,110,356,0.07725694444444445
M-2022-12,168,4221,0.7715782281940332,0.802653399668325,0.786809103576405,0.02614983188035358,0.024105724352374902,0,110,314,0.07438995498696992
M-2022-4,169,2891,0.9746439736019451,0.9705984088550674,0.9726169844020798,0.0,0.0,0,146,13,0.004496713939813214
M-2022-5,169,3467,0.9734459867229933,0.9304874531295068,0.951482082288748,-0.04011095572556067,-0.0211349021133318,0,146,128,0.03691952696856071
M-2022-6,169,3068,0.9811772758384668,0.9344850065189049,0.9572621035058431,-0.03611340233616256,-0.015354880896236711,0,146,149,0.04856584093872229
M-2022-7,169,2090,0.8778821520068317,0.9837320574162679,0.927797833935018,0.013133648561200473,-0.04481915046706175,0,60,13,0.006220095693779904
M-2022-8,169,2076,0.8199838187702265,0.9763969171483622,0.8913808267370272,0.005798508293294757,-0.08123615766505254,0,60,22,0.010597302504816955
M-2022-9,169,2069,0.8113284433577832,0.9623006283228613,0.8803891222639841,-0.00829778053220609,-0.09222786213809564,0,60,34,0.016433059449009184
M-2022-10,169,2044,0.8016771488469602,0.9354207436399217,0.863400316098442,-0.03517766521514576,-0.10921666830363774,0,138,37,0.018101761252446183
M-2022-11,169,2048,0.7811715481171548,0.91162109375,0.8413699864803966,-0.05897731510506743,-0.13124699792168315,0,138,78,0.0380859375
M-2022-12,169,1502,0.7934662236987818,0.9540612516644474,0.8663845223700121,-0.01653715719061999,-0.10623246203206771,0,60,20,0.013315579227696404
M-2022-4,170,3774,0.908454647256439,0.859830418653948,0.883473999455486,0.0,0.0,0,117,55,0.014573396926338102
M-2022-5,170,3734,0.8410872974385781,0.8618103910016068,0.8513227513227514,0.001979972347658787,-0.03215124813273462,0,117,94,0.025174076057846814
M-2022-6,170,2611,0.7390060779406507,0.791650708540789,0.7644230769230769,-0.06817971011315904,-0.11905092253240912,0,117,92,0.035235541937954806
M-2022-7,170,1882,0.5824829931972789,0.7279489904357067,0.6471421823334907,-0.13188142821824134,-0.23633181712199525,0,25,91,0.048352816153028694
M-2022-8,170,2430,0.6287030941408822,0.7860082304526749,0.6986100950987564,-0.07382218820127318,-0.1848639043567296,0,25,83,0.034156378600823045
M-2022-9,170,2824,0.5459198180267273,0.6798866855524079,0.6055827156599906,-0.1799437331015401,-0.27789128379549544,0,25,202,0.07152974504249292
M-2022-10,170,3079,0.6310566258026854,0.7021760311789542,0.6647194465795542,-0.15765438747499383,-0.21875455287593182,0,25,174,0.05651185449821371
M-2022-11,170,3086,0.4523528020808702,0.619896305897602,0.5230348598769652,-0.23993411275634602,-0.3604391395785208,0,25,152,0.0492546986390149
M-2022-12,170,1916,0.4437971213159698,0.6758872651356994,0.5357881671493587,-0.18394315351824864,-0.34768583230612726,0,25,64,0.033402922755741124
M-2022-4,171,7082,0.8202977922300189,0.6767862185823214,0.7416634429400387,0.0,0.0,0,60,726,0.10251341428974865
M-2022-5,171,7203,0.7532400207361327,0.605164514785506,0.6711316397228637,-0.07162170379681532,-0.070531803217175,0,60,756,0.10495626822157435
M-2022-6,171,5620,0.7398095238095238,0.6911032028469751,0.7146274149034039,0.014316984264653776,-0.02703602803663485,0,115,570,0.10142348754448399
M-2022-7,171,6243,0.7180790034420587,0.7017459554701265,0.7098185353208036,0.024959736887805173,-0.031844907619235086,0,60,441,0.07063911580970687
M-2022-8,171,5885,0.7272124627113026,0.745624468988955,0.7363033811561372,0.0688382504066336,-0.005360061783901471,0,60,452,0.07680543755310111
M-2022-9,171,7826,0.8012278308321965,0.7504472271914132,0.7750065980469781,0.07366100860909186,0.033343155106939415,0,60,729,0.09315103501150013
M-2022-10,171,7488,0.6591992373689228,0.7387820512820513,0.6967254408060454,0.06199583269972997,-0.04493800213399335,0,60,828,0.11057692307692307
M-2022-11,171,7763,0.6306068601583114,0.7081025376787324,0.6671116504854369,0.03131631909641108,-0.07455179245460186,0,60,896,0.11541929666366095
M-2022-12,171,4142,0.5704812834224599,0.6438918396909705,0.6049676760802994,-0.03289437889135083,-0.13669576685973928,0,60,518,0.12506035731530663
M-2022-4,172,7688,0.8578814795174334,0.8417013527575442,0.8497143982666929,0.0,0.0,0,117,353,0.045915712799167535
M-2022-5,172,8392,0.8894665181334324,0.8562917063870352,0.8725639001882096,0.014590353629491015,0.02284950192151669,0,117,347,0.0413489037178265
M-2022-6,172,6732,0.8489421720733428,0.8940879382055853,0.8709304008103024,0.05238658544804109,0.021216002543609447,0,117,220,0.032679738562091505
M-2022-7,172,5217,0.847211155378486,0.8152194747939429,0.8309074924294226,-0.026481877963601352,-0.018806905837270294,0,117,410,0.07858922752539774
M-2022-8,172,6233,0.8619131801217835,0.7039948660356169,0.7749911691981632,-0.1377064867219273,-0.07472322906852968,0,117,945,0.15161238568907429
M-2022-9,172,9097,0.8549888553821948,0.7168297240848631,0.7798373594833772,-0.12487162867268109,-0.06987703878331575,0,117,1736,0.19083214246454874
M-2022-10,172,8866,0.8161199384930805,0.7183622828784119,0.7641271745650869,-0.12333906987913235,-0.08558722370160599,0,117,1798,0.20279720279720279
M-2022-11,172,9888,0.78122477222927,0.6850728155339806,0.7299962282450563,-0.15662853722356362,-0.11971817002163665,0,117,2289,0.23149271844660194
M-2022-12,172,5558,0.7568922305764411,0.6520331054336093,0.700560603131645,-0.18966824732393495,-0.1491537951350479,0,117,1273,0.22903922274199354
M-2022-4,173,4960,0.992440151196976,0.9528225806451613,0.9722279366385518,0.0,0.0,0,95,80,0.016129032258064516
M-2022-5,173,4748,0.9912118408880666,0.9026958719460826,0.9448853615520282,-0.05012670869907876,-0.0273425750865236,0,95,252,0.05307497893850042
M-2022-6,173,3237,0.9918813978115072,0.8680877355576151,0.9258649093904449,-0.08473484508754625,-0.046363027248106925,0,95,316,0.09762125424776028
M-2022-7,173,1718,0.9952988582941572,0.8626309662398137,0.9242282507015903,-0.09019161440534762,-0.04799968593696147,0,95,192,0.11175785797438882
M-2022-8,173,2317,0.993364299933643,0.6460940871817005,0.7829497907949791,-0.30672849346346087,-0.18927814584357272,0,95,268,0.11566681053085887
M-2022-9,173,3337,0.9918840579710145,0.5127359904105484,0.6760173844330304,-0.44008659023461294,-0.2962105522055214,0,122,566,0.16961342523224454
M-2022-10,173,1393,0.9706227967097533,0.592964824120603,0.7361853832442068,-0.3598577565245583,-0.236042553394345,0,2,270,0.19382627422828427
M-2022-11,173,1166,0.9705488621151271,0.6217838765008576,0.7579717720857292,-0.3310387041443037,-0.2142561645528226,0,2,194,0.16638078902229847
M-2022-12,173,978,0.9613601236476044,0.6359918200408998,0.7655384615384615,-0.3168307606042615,-0.20668947510009028,0,2,160,0.16359918200409
M-2022-4,174,4246,0.9860669762894158,0.9500706547338672,0.9677341969533405,0.0,0.0,0,117,98,0.023080546396608573
M-2022-5,174,4306,0.9869361597239339,0.9298653042266605,0.9575511180198494,-0.020205350507206732,-0.01018307893349113,0,117,166,0.03855085926614027
M-2022-6,174,3149,0.9885263535317318,0.8755160368370911,0.9285954866958572,-0.07455461789677609,-0.03913871025748328,0,117,139,0.04414099714194983
M-2022-7,174,1067,0.0,0.0,0.0,-0.9500706547338672,-0.9677341969533405,1,2,231,0.21649484536082475
M-2022-8,174,1419,0.0,0.0,0.0,-0.9500706547338672,-0.9677341969533405,1,2,263,0.18534178999295278
M-2022-9,174,1445,0.0,0.0,0.0,-0.9500706547338672,-0.9677341969533405,1,2,467,0.3231833910034602
M-2022-10,174,2702,0.0,0.0,0.0,-0.9500706547338672,-0.9677341969533405,1,2,1242,0.45965951147298295
M-2022-11,174,3249,0.0,0.0,0.0,-0.9500706547338672,-0.9677341969533405,1,2,1409,0.4336718990458603
M-2022-12,174,1507,0.0,0.0,0.0,-0.9500706547338672,-0.9677341969533405,1,2,440,0.291970802919708
M-2022-4,175,50628,0.7627240271972157,0.8397527060124832,0.7993870394569846,0.0,0.0,0,71,2417,0.047740380816939244
M-2022-5,175,65299,0.7623667072748875,0.7762599733533438,0.7692506146234862,-0.06349273265913935,-0.030136424833498432,0,71,3906,0.05981714880779185
M-2022-6,175,44968,0.724261210994007,0.7793764454723359,0.7508087148396495,-0.06037626054014733,-0.048578324617335134,0,71,2586,0.05750756093221847
M-2022-7,175,32188,0.729845880260818,0.7650366596247049,0.747027059822837,-0.07471604638777829,-0.052359979634147624,0,71,2323,0.07216975270287064
M-2022-8,175,38323,0.7376906642818105,0.7748610495003001,0.7558191328251269,-0.0648916565121831,-0.04356790663185772,0,71,2573,0.06713983769537875
M-2022-9,175,38778,0.6114366897531522,0.7102996544432411,0.6571708061937823,-0.12945305156924214,-0.14221623326320232,0,71,5315,0.13706225179225334
M-2022-10,175,36003,0.5877624045801527,0.6843596366969419,0.6323935166767193,-0.1553930693155413,-0.16699352278026536,0,71,7664,0.21287114962642
M-2022-11,175,35700,0.5770047796070101,0.6695518207282913,0.6198428545496979,-0.17020088528419186,-0.17954418490728674,0,71,8686,0.24330532212885153
M-2022-12,175,22084,0.5767683474592821,0.66867415323311,0.6193302157820789,-0.17107855277937323,-0.18005682367490572,0,71,5525,0.25018112660749864
M-2022-4,176,4309,0.8182906392147474,0.793223485727547,0.8055621022861184,0.0,0.0,0,140,87,0.020190299373404504
M-2022-5,176,4048,0.7945239889475006,0.7813735177865613,0.7878938846680782,-0.011849967940985695,-0.01766821761804016,0,140,100,0.024703557312252964
M-2022-6,176,2820,0.6685236768802229,0.7659574468085106,0.7139315815567675,-0.02726603891903634,-0.09163052072935085,0,140,67,0.02375886524822695
M-2022-7,176,1623,0.5485122897800776,0.7837338262476895,0.6453576864535768,-0.00948965947985747,-0.16020441583254152,0,61,32,0.019716574245224893
M-2022-8,176,1662,0.45693531649948116,0.7948255114320096,0.5802767406105864,0.0016020257044626618,-0.22528536167553193,0,140,34,0.02045728038507822
M-2022-9,176,2678,0.5156468939747781,0.8244958924570575,0.6344827586206897,0.03127240672951048,-0.17107934366542865,0,140,49,0.018297236743838687
M-2022-10,176,3404,0.5274602107150863,0.6912455934195064,0.5983471074380166,-0.10197789230804055,-0.2072149948481018,0,158,122,0.035840188014101056
M-2022-11,176,3833,0.46433645922136974,0.42629793895121315,0.44450489662676823,-0.3669255467763338,-0.3610572056593501,0,158,402,0.10487868510305244
M-2022-12,176,2085,0.43316412859560066,0.49112709832134294,0.4603281636322769,-0.30209638740620404,-0.34523393865384144,0,158,228,0.1093525179856115
M-2022-4,177,1540,0.9533376539209333,0.9551948051948052,0.9542653259811872,0.0,0.0,0,6,13,0.008441558441558441
M-2022-5,177,1648,0.9572031344183243,0.9635922330097088,0.9603870577562745,0.008397427814903602,0.006121731775087347,0,6,14,0.00849514563106796
M-2022-6,177,1722,0.9501011463250169,0.8182346109175378,0.8792511700468019,-0.13696019427726736,-0.07501415593438532,0,6,274,0.15911730545876887
M-2022-7,177,1188,0.37458962573867366,0.9604377104377104,0.5389702409069438,0.005242905242905271,-0.4152950850742434,0,6,12,0.010101010101010102
M-2022-8,177,1371,0.38894066480273376,0.913202042304887,0.5455337690631809,-0.041992762889918156,-0.40873155691800633,0,14,73,0.05324580598103574
M-2022-9,177,1300,0.43732135565536956,0.8238461538461539,0.5713523606295012,-0.13134865134865126,-0.38291296535168595,0,14,173,0.13307692307692306
M-2022-10,177,1613,0.4778660612939841,0.7830130192188469,0.5935150375939849,-0.17218178597595823,-0.36075028838720224,0,14,281,0.17420954742715436
M-2022-11,177,2272,0.5759280089988752,0.676056338028169,0.621988256732132,-0.27913846716663615,-0.3322770692490552,0,14,507,0.22315140845070422
M-2022-12,177,1117,0.4257907542579075,0.7833482542524619,0.5517023959646911,-0.17184655094234325,-0.4025629300164961,0,14,152,0.1360787824529991
