period,true_class,pred_class,confusion_count,confusion_rate,rank_in_period
M-2022-8,38,45,837,0.8602261048304214,1
M-2022-8,121,14,16,0.8,2
M-2022-8,163,46,1638,0.7112462006079028,3
M-2022-8,54,149,2200,0.5976636783482749,4
M-2022-8,42,160,416,0.5834502103786816,5
M-2022-8,48,6,2644,0.5715520968439256,6
M-2022-8,7,5,8,0.5714285714285714,7
M-2022-8,6,5,896,0.5589519650655022,8
M-2022-8,48,177,1920,0.4150453955901427,9
M-2022-8,56,96,4214,0.4127326150832517,10
M-2022-8,137,171,475,0.3746056782334385,11
M-2022-8,50,118,2819,0.31207793645521975,12
M-2022-8,56,165,3149,0.3084231145935358,13
M-2022-8,47,14,3,0.3,14
M-2022-8,47,177,3,0.3,15
M-2022-8,167,14,8,0.2857142857142857,16
M-2022-8,104,117,379,0.2697508896797153,17
M-2022-8,50,14,2421,0.26801727000996345,18
M-2022-8,67,13,333,0.2647058823529412,19
M-2022-8,11,153,397,0.24355828220858897,20
M-2022-8,14,129,1554,0.24033405505722238,21
M-2022-8,101,117,11476,0.24022942789558518,22
M-2022-8,80,175,436,0.23708537248504621,23
M-2022-8,150,101,277,0.22338709677419355,24
M-2022-8,7,6,3,0.21428571428571427,25
M-2022-8,65,176,482,0.20528109028960817,26
M-2022-8,47,6,2,0.2,27
M-2022-8,72,71,1540,0.18935202262387804,28
M-2022-8,174,2,263,0.18534178999295278,29
M-2022-8,137,86,233,0.1837539432176656,30
M-2022-8,70,82,221,0.18159408381265407,31
M-2022-8,167,117,5,0.17857142857142858,32
M-2022-8,9,25,227,0.17845911949685533,33
M-2022-8,137,60,222,0.1750788643533123,34
M-2022-8,67,46,213,0.16931637519872814,35
M-2022-8,104,105,225,0.1601423487544484,36
M-2022-8,174,117,227,0.15997181113460182,37
M-2022-8,147,153,3,0.15789473684210525,38
M-2022-8,139,133,211,0.1550330639235856,39
M-2022-8,172,117,945,0.15161238568907429,40
M-2022-8,138,149,3911,0.14465362281318195,41
M-2022-8,86,61,2443,0.14424042038141346,42
M-2022-8,159,46,235,0.13930053349140487,43
M-2022-8,16,61,91,0.1344165435745938,44
M-2022-8,94,155,17,0.1328125,45
M-2022-8,40,71,159,0.13216957605985039,46
M-2022-8,40,82,157,0.13050706566916043,47
M-2022-8,54,29,477,0.1295843520782396,48
M-2022-8,5,14,257,0.12843578210894552,49
M-2022-8,101,102,6126,0.12823679638274266,50
M-2022-8,74,175,445,0.1239209133945976,51
M-2022-8,104,110,174,0.12384341637010676,52
M-2022-8,112,61,270,0.12306289881494986,53
M-2022-8,159,67,202,0.11973918197984589,54
M-2022-8,11,93,195,0.1196319018404908,55
M-2022-8,32,153,264,0.11902614968440037,56
M-2022-8,63,61,986,0.11721350451735615,57
M-2022-8,173,95,268,0.11566681053085887,58
M-2022-8,166,18,232,0.11553784860557768,59
M-2022-8,150,130,143,0.1153225806451613,60
M-2022-8,164,117,203,0.11359820928931169,61
M-2022-8,101,164,5363,0.11226476314081765,62
M-2022-8,174,1,159,0.11205073995771671,63
M-2022-8,75,71,1832,0.11052123552123552,64
M-2022-8,55,51,526,0.1080082135523614,65
M-2022-8,127,19,209,0.1071245515120451,66
M-2022-8,42,115,76,0.10659186535764376,67
M-2022-8,79,175,998,0.10595604628941502,68
M-2022-8,147,62,2,0.10526315789473684,69
M-2022-8,147,87,2,0.10526315789473684,70
M-2022-8,165,56,650,0.10406660262568043,71
M-2022-8,159,13,173,0.1025489033787789,72
M-2022-8,174,28,143,0.10077519379844961,73
M-2022-8,47,5,1,0.1,74
M-2022-8,36,64,62,0.0985691573926868,75
M-2022-8,33,25,28,0.0979020979020979,76
M-2022-8,43,153,279,0.09728033472803348,77
M-2022-8,173,122,222,0.09581355200690549,78
M-2022-8,80,72,176,0.0957041870581838,79
M-2022-8,80,77,173,0.09407286568787385,80
M-2022-8,100,133,1130,0.09321894076885003,81
M-2022-8,70,75,112,0.09202958093672967,82
M-2022-8,141,61,120,0.0916030534351145,83
M-2022-8,122,117,4122,0.09113823295303794,84
M-2022-8,63,60,765,0.09094151212553495,85
M-2022-8,50,120,818,0.09055684711612974,86
M-2022-8,70,73,109,0.0895645028759244,87
M-2022-8,149,117,3245,0.08919000632163374,88
M-2022-8,28,142,817,0.08911431064572425,89
M-2022-8,110,168,503,0.08841624187027597,90
M-2022-8,56,14,872,0.08540646425073457,91
M-2022-8,74,77,299,0.0832637148426622,92
M-2022-8,115,133,1143,0.08314541354477341,93
M-2022-8,16,153,56,0.0827178729689808,94
M-2022-8,164,149,146,0.0817011751538892,95
M-2022-8,19,142,934,0.08155068540993626,96
M-2022-8,75,82,1351,0.08150337837837837,97
M-2022-8,168,110,275,0.08057427483152652,98
M-2022-8,29,149,1760,0.08020050125313283,99
M-2022-8,97,96,2830,0.08016770063171015,100
M-2022-8,11,133,128,0.0785276073619632,101
M-2022-8,139,61,106,0.07788390889052167,102
M-2022-8,146,169,422,0.07771639042357274,103
M-2022-8,154,14,104,0.0770941438102298,104
M-2022-8,171,60,452,0.07680543755310111,105
M-2022-8,171,61,452,0.07680543755310111,106
M-2022-8,41,43,147,0.0762448132780083,107
M-2022-8,88,155,22,0.07560137457044673,108
M-2022-8,70,71,92,0.07559572719802794,109
M-2022-8,165,91,469,0.07508805635606788,110
M-2022-8,154,155,101,0.0748702742772424,111
M-2022-8,27,83,142,0.07469752761704367,112
M-2022-8,16,176,50,0.07385524372230429,113
M-2022-8,50,68,663,0.07339754234473597,114
M-2022-8,139,68,99,0.07274063188831742,115
M-2022-8,160,115,93,0.07265625,116
M-2022-8,143,153,187,0.07164750957854406,117
M-2022-8,167,3,2,0.07142857142857142,118
M-2022-8,167,68,2,0.07142857142857142,119
M-2022-8,167,71,2,0.07142857142857142,120
M-2022-8,7,14,1,0.07142857142857142,121
M-2022-8,7,170,1,0.07142857142857142,122
M-2022-8,80,79,131,0.07123436650353453,123
M-2022-8,80,71,130,0.07069059271343121,124
M-2022-8,142,140,1431,0.06899710703953713,125
M-2022-8,14,153,442,0.06835756263532324,126
M-2022-8,139,32,93,0.0683321087435709,127
M-2022-8,175,71,2573,0.06713983769537875,128
M-2022-8,162,160,15,0.06666666666666667,129
M-2022-8,123,68,279,0.06461324687355258,130
M-2022-8,173,23,149,0.06430729391454466,131
M-2022-8,97,153,2244,0.06356760431715816,132
M-2022-8,50,95,571,0.06321266467397321,133
M-2022-8,94,53,8,0.0625,134
M-2022-8,82,71,2250,0.06234413965087282,135
M-2022-8,162,149,14,0.06222222222222222,136
M-2022-8,67,159,78,0.06200317965023847,137
M-2022-8,5,6,124,0.06196901549225387,138
M-2022-8,88,63,18,0.061855670103092786,139
M-2022-8,32,61,137,0.06176735798016231,140
M-2022-8,9,122,78,0.06132075471698113,141
M-2022-8,56,170,623,0.061018609206660135,142
M-2022-8,44,93,81,0.06099397590361446,143
M-2022-8,100,97,732,0.06038607490513117,144
M-2022-8,45,117,107,0.060146149522203485,145
M-2022-8,119,120,140,0.059957173447537475,146
M-2022-8,46,67,278,0.05956717377330191,147
M-2022-8,72,175,468,0.05754334194024345,148
M-2022-8,74,71,206,0.05736563631300473,149
M-2022-8,67,153,72,0.057233704292527825,150
M-2022-8,132,131,696,0.056580765791399076,151
M-2022-8,150,117,70,0.056451612903225805,152
M-2022-8,148,133,295,0.056426931905126244,153
M-2022-8,72,82,455,0.05594491577523669,154
M-2022-8,139,156,76,0.055841293166789124,155
M-2022-8,13,46,67,0.05583333333333333,156
M-2022-8,8,28,122,0.05515370705244123,157
M-2022-8,9,117,70,0.055031446540880505,158
M-2022-8,5,124,110,0.054972513743128434,159
M-2022-8,92,65,55,0.054780876494023904,160
M-2022-8,94,166,7,0.0546875,161
M-2022-8,41,117,104,0.05394190871369295,162
M-2022-8,163,26,124,0.053842813721233174,163
M-2022-8,10,12,71,0.05334335086401202,164
M-2022-8,138,99,1442,0.0533343196360543,165
M-2022-8,177,14,73,0.05324580598103574,166
M-2022-8,64,168,210,0.05296343001261034,167
M-2022-8,147,2,1,0.05263157894736842,168
M-2022-8,147,49,1,0.05263157894736842,169
M-2022-8,147,61,1,0.05263157894736842,170
M-2022-8,147,71,1,0.05263157894736842,171
M-2022-8,147,75,1,0.05263157894736842,172
M-2022-8,147,117,1,0.05263157894736842,173
M-2022-8,147,157,1,0.05263157894736842,174
M-2022-8,2,117,308,0.051816958277254375,175
M-2022-8,127,149,101,0.05176832393644285,176
M-2022-8,142,75,1059,0.05106075216972035,177
M-2022-8,66,86,151,0.05067114093959731,178
M-2022-8,44,171,67,0.050451807228915665,179
M-2022-8,79,77,473,0.05021764518526383,180
M-2022-8,120,119,99,0.050101214574898786,181
M-2022-8,121,51,1,0.05,182
M-2022-8,121,119,1,0.05,183
M-2022-8,121,154,1,0.05,184
M-2022-8,121,156,1,0.05,185
M-2022-8,143,19,130,0.04980842911877394,186
M-2022-8,157,117,80,0.04956629491945477,187
M-2022-8,164,124,88,0.049244543928371576,188
M-2022-8,93,131,1318,0.049191953122084124,189
M-2022-8,111,153,50,0.048638132295719845,190
M-2022-8,89,155,28,0.04835924006908463,191
M-2022-8,88,12,14,0.048109965635738834,192
M-2022-8,88,29,14,0.048109965635738834,193
M-2022-8,36,25,30,0.04769475357710652,194
M-2022-8,35,41,60,0.04713275726630008,195
M-2022-8,89,61,27,0.046632124352331605,196
M-2022-8,104,42,65,0.046263345195729534,197
M-2022-8,80,82,85,0.046220772158781946,198
M-2022-8,33,160,13,0.045454545454545456,199
M-2022-8,173,2,105,0.045317220543806644,200
M-2022-8,166,157,90,0.044820717131474105,201
M-2022-8,15,151,22,0.04480651731160896,202
M-2022-8,158,142,262,0.04455024655670804,203
M-2022-8,162,105,10,0.044444444444444446,204
M-2022-8,6,151,71,0.044291952588895823,205
M-2022-8,71,82,3231,0.04384167605194241,206
M-2022-8,104,53,61,0.04341637010676157,207
M-2022-8,138,54,1158,0.04283019565780227,208
M-2022-8,166,25,86,0.04282868525896414,209
M-2022-8,61,86,533,0.04282500401735497,210
M-2022-8,75,175,709,0.0427726833976834,211
M-2022-8,20,142,61,0.04265734265734266,212
M-2022-8,136,93,760,0.042375243936437136,213
M-2022-8,52,133,47,0.04234234234234234,214
M-2022-8,8,153,93,0.042043399638336344,215
M-2022-8,33,123,12,0.04195804195804196,216
M-2022-8,111,142,43,0.04182879377431906,217
M-2022-8,11,148,68,0.04171779141104295,218
M-2022-8,9,71,53,0.041666666666666664,219
M-2022-8,14,63,266,0.04113826167646149,220
M-2022-8,103,102,69,0.04092526690391459,221
M-2022-8,52,139,45,0.04054054054054054,222
M-2022-8,11,61,66,0.04049079754601227,223
M-2022-8,41,149,78,0.04045643153526971,224
M-2022-8,174,93,57,0.040169133192389,225
M-2022-8,162,104,9,0.04,226
M-2022-8,66,133,119,0.03993288590604027,227
M-2022-8,16,140,27,0.03988183161004431,228
M-2022-8,141,140,52,0.03969465648854962,229
M-2022-8,174,157,56,0.03946441155743481,230
M-2022-8,105,168,93,0.039356749894202285,231
M-2022-8,71,175,2898,0.039323174620405174,232
M-2022-8,154,61,53,0.039288361749444035,233
M-2022-8,81,71,112,0.03902439024390244,234
M-2022-8,111,129,40,0.038910505836575876,235
M-2022-8,161,149,46,0.038753159224936815,236
M-2022-8,135,136,72,0.03864734299516908,237
M-2022-8,105,110,91,0.038510368176047395,238
M-2022-8,16,155,26,0.03840472673559823,239
M-2022-8,172,102,238,0.03818386009947056,240
M-2022-8,123,25,164,0.03798054654932839,241
M-2022-8,101,97,1808,0.03784722949069519,242
M-2022-8,52,117,42,0.03783783783783784,243
M-2022-8,88,125,11,0.037800687285223365,244
M-2022-8,144,86,111,0.03767820773930754,245
M-2022-8,60,61,823,0.03764522916476077,246
M-2022-8,111,16,38,0.03696498054474708,247
M-2022-8,143,133,96,0.0367816091954023,248
M-2022-8,160,42,47,0.03671875,249
M-2022-8,50,82,330,0.036532713384257724,250
M-2022-8,152,51,13,0.03651685393258427,251
M-2022-8,71,75,2635,0.03575450832462651,252
M-2022-8,167,82,1,0.03571428571428571,253
M-2022-8,167,96,1,0.03571428571428571,254
M-2022-8,167,101,1,0.03571428571428571,255
M-2022-8,167,138,1,0.03571428571428571,256
M-2022-8,167,142,1,0.03571428571428571,257
M-2022-8,163,155,82,0.03560573165436387,258
M-2022-8,78,71,1052,0.035601881620359405,259
M-2022-8,162,115,8,0.035555555555555556,260
M-2022-8,56,90,362,0.035455435847208616,261
M-2022-8,77,71,1369,0.03542410598768307,262
M-2022-8,9,82,45,0.03537735849056604,263
M-2022-8,65,107,83,0.03534923339011925,264
M-2022-8,174,133,50,0.035236081747709654,265
M-2022-8,52,153,39,0.03513513513513514,266
M-2022-8,77,175,1353,0.03501009160068312,267
M-2022-8,5,151,70,0.03498250874562719,268
M-2022-8,38,156,34,0.03494347379239465,269
M-2022-8,89,26,20,0.03454231433506045,270
M-2022-8,93,136,921,0.03437465009517411,271
M-2022-8,141,16,45,0.03435114503816794,272
M-2022-8,80,74,63,0.03425774877650897,273
M-2022-8,170,25,83,0.034156378600823045,274
M-2022-8,143,149,88,0.03371647509578544,275
M-2022-8,93,133,903,0.03370283282947038,276
M-2022-8,175,49,1286,0.03355687185241239,277
M-2022-8,26,13,37,0.033544877606527655,278
M-2022-8,36,166,21,0.033386327503974564,279
M-2022-8,127,18,65,0.03331624807790876,280
M-2022-8,112,142,72,0.032816773017319965,281
M-2022-8,63,86,275,0.03269139324774132,282
M-2022-8,15,117,16,0.032586558044806514,283
M-2022-8,74,72,117,0.03258145363408521,284
M-2022-8,16,154,22,0.03249630723781388,285
M-2022-8,32,86,72,0.032461677186654644,286
M-2022-8,41,160,62,0.032157676348547715,287
M-2022-8,76,175,114,0.03204047217537943,288
M-2022-8,74,82,115,0.03202450570871623,289
M-2022-8,108,78,220,0.0316911552866609,290
M-2022-8,94,51,4,0.03125,291
M-2022-8,94,154,4,0.03125,292
M-2022-8,70,72,38,0.031224322103533278,293
M-2022-8,41,18,60,0.03112033195020747,294
M-2022-8,162,42,7,0.03111111111111111,295
M-2022-8,16,170,21,0.0310192023633678,296
M-2022-8,174,25,44,0.031007751937984496,297
M-2022-8,97,117,1093,0.030962295685674626,298
M-2022-8,14,71,200,0.03093102381688834,299
M-2022-8,139,153,42,0.03085966201322557,300
M-2022-8,13,26,37,0.030833333333333334,301
M-2022-8,164,138,55,0.03077783995523223,302
M-2022-8,14,61,199,0.030776368697803896,303
M-2022-8,9,26,39,0.030660377358490566,304
M-2022-8,46,13,143,0.03064066852367688,305
M-2022-8,101,100,1462,0.03060434154612631,306
M-2022-8,29,122,671,0.030576441102756893,307
M-2022-8,66,68,90,0.030201342281879196,308
M-2022-8,38,39,29,0.029804727646454265,309
M-2022-8,140,142,194,0.029695392622072554,310
M-2022-8,28,117,272,0.029668411867364748,311
M-2022-8,41,170,57,0.029564315352697094,312
M-2022-8,158,124,172,0.029246726747151845,313
M-2022-8,142,153,604,0.029122468659594985,314
M-2022-8,41,153,56,0.029045643153526972,315
M-2022-8,148,131,151,0.02888293802601377,316
M-2022-8,172,18,178,0.02855767688111664,317
M-2022-8,66,32,85,0.028523489932885907,318
M-2022-8,104,18,40,0.028469750889679714,319
M-2022-8,174,23,40,0.028188865398167725,320
M-2022-8,174,131,40,0.028188865398167725,321
M-2022-8,79,71,265,0.028134621509714408,322
M-2022-8,142,155,582,0.028061716489874638,323
M-2022-8,42,18,20,0.028050490883590462,324
M-2022-8,117,122,1468,0.027956579699104932,325
M-2022-8,136,135,499,0.02782269305826596,326
M-2022-8,109,107,36,0.02750190985485103,327
M-2022-8,88,11,8,0.027491408934707903,328
M-2022-8,2,153,163,0.027422611036339164,329
M-2022-8,14,156,177,0.02737395607794618,330
M-2022-8,12,10,60,0.02697841726618705,331
M-2022-8,146,29,146,0.026887661141804787,332
M-2022-8,115,175,369,0.02684222012075362,333
M-2022-8,129,153,616,0.026743075453677174,334
M-2022-8,154,86,36,0.026686434395848776,335
M-2022-8,22,61,20,0.026595744680851064,336
M-2022-8,16,28,18,0.026587887740029542,337
M-2022-8,175,77,1017,0.026537588393393003,338
M-2022-8,29,117,582,0.026520847573479153,339
M-2022-8,139,140,36,0.02645113886847906,340
M-2022-8,110,105,150,0.02636667252592723,341
M-2022-8,126,60,41,0.026248399487836107,342
M-2022-8,12,136,58,0.026079136690647483,343
M-2022-8,149,138,947,0.02602863974933348,344
M-2022-8,13,159,31,0.025833333333333333,345
M-2022-8,149,29,939,0.025808756836984307,346
M-2022-8,50,87,231,0.025572899368980405,347
M-2022-8,170,124,62,0.02551440329218107,348
M-2022-8,70,124,31,0.025472473294987676,349
M-2022-8,72,77,207,0.025451862781261526,350
M-2022-8,166,41,51,0.025398406374501994,351
M-2022-8,166,129,51,0.025398406374501994,352
M-2022-8,105,34,60,0.025391451544646636,353
M-2022-8,45,105,45,0.025295109612141653,354
M-2022-8,135,93,47,0.02522812667740204,355
M-2022-8,122,103,1141,0.02522773503139648,356
M-2022-8,39,61,149,0.02514343570705366,357
M-2022-8,16,86,17,0.025110782865583457,358
M-2022-8,170,117,61,0.025102880658436213,359
M-2022-8,155,61,124,0.02501008471157725,360
M-2022-8,160,28,32,0.025,361
M-2022-8,91,83,75,0.0249500998003992,362
M-2022-8,148,93,130,0.02486610558530987,363
M-2022-8,8,124,55,0.024864376130198915,364
M-2022-8,79,82,234,0.024843401634993097,365
M-2022-8,128,117,49,0.024822695035460994,366
M-2022-8,140,71,162,0.024797183529771928,367
M-2022-8,10,138,33,0.024793388429752067,368
M-2022-8,97,138,873,0.024730177615365005,369
M-2022-8,174,53,35,0.02466525722339676,370
M-2022-8,174,155,35,0.02466525722339676,371
M-2022-8,141,68,32,0.024427480916030534,372
M-2022-8,166,153,49,0.02440239043824701,373
M-2022-8,138,117,659,0.02437400599178903,374
M-2022-8,111,124,25,0.024319066147859923,375
M-2022-8,12,28,54,0.024280575539568347,376
M-2022-8,139,86,33,0.024246877296105803,377
M-2022-8,56,176,247,0.024191968658178256,378
M-2022-8,75,72,399,0.024070945945945946,379
M-2022-8,164,100,43,0.024062674874090653,380
M-2022-8,108,71,167,0.024056467876692595,381
M-2022-8,88,86,7,0.024054982817869417,382
M-2022-8,166,175,48,0.02390438247011952,383
M-2022-8,140,153,156,0.02387876932496556,384
M-2022-8,41,143,46,0.023858921161825725,385
M-2022-8,165,53,148,0.023695164905539544,386
M-2022-8,50,1,214,0.023690911103730766,387
M-2022-8,104,143,33,0.023487544483985764,388
M-2022-8,94,14,3,0.0234375,389
M-2022-8,94,129,3,0.0234375,390
M-2022-8,94,170,3,0.0234375,391
M-2022-8,96,68,1003,0.02342801083808278,392
M-2022-8,65,106,55,0.023424190800681432,393
M-2022-8,150,90,29,0.02338709677419355,394
M-2022-8,111,156,24,0.023346303501945526,395
M-2022-8,174,143,33,0.023255813953488372,396
M-2022-8,103,117,39,0.023131672597864767,397
M-2022-8,19,158,263,0.022963415698943508,398
M-2022-8,9,166,29,0.02279874213836478,399
M-2022-8,22,19,17,0.022606382978723406,400
M-2022-8,22,153,17,0.022606382978723406,401
M-2022-8,150,96,28,0.02258064516129032,402
M-2022-8,32,25,50,0.02254283137962128,403
M-2022-8,111,130,23,0.02237354085603113,404
M-2022-8,19,18,255,0.022264908757530778,405
M-2022-8,154,63,30,0.02223869532987398,406
M-2022-8,143,132,58,0.022222222222222223,407
M-2022-8,162,61,5,0.022222222222222223,408
M-2022-8,76,77,79,0.022203485103991005,409
M-2022-8,77,75,854,0.022098017906122237,410
M-2022-8,165,98,138,0.022094140249759846,411
M-2022-8,32,63,49,0.022091974752028856,412
M-2022-8,11,155,36,0.022085889570552148,413
M-2022-8,139,141,30,0.02204261572373255,414
M-2022-8,9,136,28,0.0220125786163522,415
M-2022-8,29,125,483,0.02200956937799043,416
M-2022-8,92,107,22,0.021912350597609563,417
M-2022-8,174,122,31,0.021846370683579985,418
M-2022-8,66,61,65,0.02181208053691275,419
M-2022-8,26,155,24,0.021758839528558477,420
M-2022-8,146,133,118,0.021731123388581953,421
M-2022-8,32,171,48,0.02164111812443643,422
M-2022-8,27,155,41,0.021567596002104155,423
M-2022-8,154,60,29,0.021497405485544848,424
M-2022-8,67,136,27,0.021462639109697933,425
M-2022-8,111,51,22,0.021400778210116732,426
M-2022-8,141,71,28,0.021374045801526718,427
M-2022-8,131,93,585,0.021264221584093634,428
M-2022-8,117,156,1110,0.021138830698914493,429
M-2022-8,140,175,138,0.021123526710546455,430
M-2022-8,143,13,55,0.0210727969348659,431
M-2022-8,143,67,55,0.0210727969348659,432
M-2022-8,14,176,136,0.02103309619548407,433
M-2022-8,33,142,6,0.02097902097902098,434
M-2022-8,132,136,258,0.020973904560604828,435
M-2022-8,79,75,197,0.020915171461938633,436
M-2022-8,56,167,213,0.020861900097943194,437
M-2022-8,40,75,25,0.020781379883624274,438
M-2022-8,41,23,40,0.02074688796680498,439
M-2022-8,89,29,12,0.02072538860103627,440
M-2022-8,89,86,12,0.02072538860103627,441
M-2022-8,68,156,76,0.020691532806969778,442
M-2022-8,67,49,26,0.02066772655007949,443
M-2022-8,88,156,6,0.020618556701030927,444
M-2022-8,141,153,27,0.020610687022900764,445
M-2022-8,82,175,741,0.02053200332502078,446
M-2022-8,112,156,45,0.020510483135824976,447
M-2022-8,137,63,26,0.02050473186119874,448
M-2022-8,66,49,61,0.02046979865771812,449
M-2022-8,176,140,34,0.02045728038507822,450
M-2022-8,105,115,48,0.02031316123571731,451
M-2022-8,20,24,29,0.02027972027972028,452
M-2022-8,11,2,33,0.020245398773006136,453
M-2022-8,11,176,33,0.020245398773006136,454
M-2022-8,151,51,32,0.02024035420619861,455
M-2022-8,168,105,69,0.020216818048637564,456
M-2022-8,159,136,34,0.02015411973918198,457
M-2022-8,154,156,27,0.02001482579688658,458
M-2022-8,6,14,32,0.019962570180910792,459
M-2022-8,78,175,589,0.019932992656265865,460
M-2022-8,46,159,93,0.019927148060852797,461
M-2022-8,105,157,47,0.019889970376639865,462
M-2022-8,141,63,26,0.01984732824427481,463
M-2022-8,157,147,32,0.01982651796778191,464
M-2022-8,66,139,59,0.019798657718120807,465
M-2022-8,14,19,128,0.019795855242808538,466
M-2022-8,171,86,116,0.019711129991503824,467
M-2022-8,140,19,128,0.01959283636920251,468
M-2022-8,97,149,688,0.01948953287442282,469
M-2022-8,166,142,39,0.01942231075697211,470
M-2022-8,69,110,10,0.019342359767891684,471
M-2022-8,86,62,327,0.019306843006435613,472
M-2022-8,131,133,529,0.019228672167496637,473
M-2022-8,28,108,176,0.019197207678883072,474
M-2022-8,43,86,55,0.019177126917712693,475
M-2022-8,13,29,23,0.019166666666666665,476
M-2022-8,124,117,439,0.019147729750948663,477
M-2022-8,67,156,24,0.019077901430842606,478
M-2022-8,175,82,731,0.019074707094956032,479
M-2022-8,151,124,30,0.018975332068311195,480
M-2022-8,146,60,103,0.018968692449355434,481
M-2022-8,52,156,21,0.01891891891891892,482
M-2022-8,158,140,111,0.018874341098452645,483
M-2022-8,1,116,97,0.018849591916051303,484
M-2022-8,61,60,234,0.01880122127591194,485
M-2022-8,163,61,43,0.018671298306556665,486
M-2022-8,22,156,14,0.018617021276595744,487
M-2022-8,126,153,29,0.01856594110115237,488
M-2022-8,45,69,33,0.01854974704890388,489
M-2022-8,2,129,109,0.018337819650067293,490
M-2022-8,13,142,22,0.018333333333333333,491
M-2022-8,174,153,26,0.018322762508809022,492
M-2022-8,135,61,34,0.01825013419216318,493
M-2022-8,14,86,118,0.01824930405196412,494
M-2022-8,82,72,654,0.018121363258520366,495
M-2022-8,73,82,219,0.01805589908483799,496
M-2022-8,176,61,30,0.018050541516245487,497
M-2022-8,32,66,40,0.018034265103697024,498
M-2022-8,155,14,89,0.017950786607503027,499
M-2022-8,85,78,9,0.017928286852589643,500
M-2022-8,104,16,25,0.017793594306049824,501
M-2022-8,159,133,30,0.01778304682868998,502
M-2022-8,162,28,4,0.017777777777777778,503
M-2022-8,162,43,4,0.017777777777777778,504
M-2022-8,162,63,4,0.017777777777777778,505
M-2022-8,151,153,28,0.017710309930423784,506
M-2022-8,117,153,929,0.017691868215577986,507
M-2022-8,141,133,23,0.017557251908396947,508
M-2022-8,74,75,63,0.017543859649122806,509
M-2022-8,111,83,18,0.017509727626459144,510
M-2022-8,153,133,733,0.017501551979370613,511
M-2022-8,13,86,21,0.0175,512
M-2022-8,5,177,35,0.017491254372813594,513
M-2022-8,33,115,5,0.017482517482517484,514
M-2022-8,33,117,5,0.017482517482517484,515
M-2022-8,40,140,21,0.017456359102244388,516
M-2022-8,43,41,50,0.017433751743375175,517
M-2022-8,43,149,50,0.017433751743375175,518
M-2022-8,69,104,9,0.017408123791102514,519
M-2022-8,105,104,41,0.017350825222175202,520
M-2022-8,171,63,102,0.017332200509770603,521
M-2022-8,2,122,103,0.017328398384925975,522
M-2022-8,22,155,13,0.017287234042553192,523
M-2022-8,126,63,27,0.017285531370038413,524
M-2022-8,35,156,22,0.01728201099764336,525
M-2022-8,88,61,5,0.01718213058419244,526
M-2022-8,88,138,5,0.01718213058419244,527
M-2022-8,34,125,13,0.017150395778364115,528
M-2022-8,52,87,19,0.017117117117117116,529
M-2022-8,52,111,19,0.017117117117117116,530
M-2022-8,52,175,19,0.017117117117117116,531
M-2022-8,12,61,38,0.0170863309352518,532
M-2022-8,154,18,23,0.01704966641957005,533
M-2022-8,2,133,101,0.01699192462987887,534
M-2022-8,166,156,34,0.01693227091633466,535
M-2022-8,174,128,24,0.016913319238900635,536
M-2022-8,96,117,724,0.016911146407549284,537
M-2022-8,161,117,20,0.016849199663016005,538
M-2022-8,54,138,62,0.016843249117087747,539
M-2022-8,42,28,12,0.016830294530154277,540
M-2022-8,117,2,883,0.016815844601028376,541
M-2022-8,175,79,644,0.01680452991676017,542
M-2022-8,77,82,645,0.016689954975935412,543
M-2022-8,13,93,20,0.016666666666666666,544
M-2022-8,64,110,66,0.01664564943253468,545
M-2022-8,9,175,21,0.01650943396226415,546
M-2022-8,163,143,38,0.016500217108119844,547
M-2022-8,158,153,97,0.01649379357252168,548
M-2022-8,166,117,33,0.01643426294820717,549
M-2022-8,104,25,23,0.016370106761565837,550
M-2022-8,116,129,54,0.016343825665859565,551
M-2022-8,29,133,358,0.016313511050353155,552
M-2022-8,15,25,8,0.016293279022403257,553
M-2022-8,15,149,8,0.016293279022403257,554
M-2022-8,164,102,29,0.016228315612758813,555
M-2022-8,52,82,18,0.016216216216216217,556
M-2022-8,117,102,848,0.016149304894305848,557
M-2022-8,155,51,80,0.016135538523598225,558
M-2022-8,157,93,26,0.0161090458488228,559
M-2022-8,124,156,369,0.016094560997950015,560
M-2022-8,116,117,53,0.016041162227602906,561
M-2022-8,141,139,21,0.01603053435114504,562
M-2022-8,141,155,21,0.01603053435114504,563
M-2022-8,141,171,21,0.01603053435114504,564
M-2022-8,92,61,16,0.01593625498007968,565
M-2022-8,83,155,365,0.015911072362685266,566
M-2022-8,138,29,430,0.01590413137552243,567
M-2022-8,13,153,19,0.015833333333333335,568
M-2022-8,168,64,54,0.01582185760328157,569
M-2022-8,115,86,217,0.01578526223903397,570
M-2022-8,60,63,345,0.01578080687951697,571
M-2022-8,32,156,35,0.015779981965734897,572
M-2022-8,45,122,28,0.015739179314221474,573
M-2022-8,2,156,93,0.015646029609690443,574
M-2022-8,163,159,36,0.015631784628745114,575
M-2022-8,94,83,2,0.015625,576
M-2022-8,94,99,2,0.015625,577
M-2022-8,94,117,2,0.015625,578
M-2022-8,94,130,2,0.015625,579
M-2022-8,74,79,56,0.015594541910331383,580
M-2022-8,24,153,71,0.015590689503732982,581
M-2022-8,41,35,30,0.015560165975103735,582
M-2022-8,112,153,34,0.015496809480401094,583
M-2022-8,28,172,142,0.015488656195462478,584
M-2022-8,26,136,17,0.015412511332728921,585
M-2022-8,43,61,44,0.015341701534170154,586
M-2022-8,2,23,91,0.015309555854643338,587
M-2022-8,109,65,20,0.015278838808250574,588
M-2022-8,14,171,98,0.015156201670275286,589
M-2022-8,28,49,138,0.015052356020942409,590
M-2022-8,132,93,185,0.015039427688805788,591
M-2022-8,13,49,18,0.015,592
M-2022-8,115,25,206,0.01498508765548847,593
M-2022-8,104,69,21,0.01494661921708185,594
M-2022-8,9,156,19,0.014937106918238994,595
M-2022-8,32,49,33,0.014878268710550046,596
M-2022-8,14,133,96,0.014846891432106402,597
M-2022-8,160,105,19,0.01484375,598
M-2022-8,105,69,35,0.014811680067710538,599
M-2022-8,16,63,10,0.014771048744460856,600
M-2022-8,16,112,10,0.014771048744460856,601
M-2022-8,16,127,10,0.014771048744460856,602
M-2022-8,16,175,10,0.014771048744460856,603
M-2022-8,163,13,34,0.014763352149370386,604
M-2022-8,120,121,29,0.014676113360323886,605
M-2022-8,77,72,567,0.014671634839310665,606
M-2022-8,22,140,11,0.014627659574468085,607
M-2022-8,111,140,15,0.014591439688715954,608
M-2022-8,177,6,20,0.014587892049598834,609
M-2022-8,138,156,391,0.014461663646114583,610
M-2022-8,176,155,24,0.01444043321299639,611
M-2022-8,108,142,100,0.014405070584845865,612
M-2022-8,163,68,33,0.014329135909683021,613
M-2022-8,10,156,19,0.014274981217129978,614
M-2022-8,157,153,23,0.014250309789343246,615
M-2022-8,27,53,27,0.014203051025775907,616
M-2022-8,74,76,51,0.014202172096908938,617
M-2022-8,137,79,18,0.014195583596214511,618
M-2022-8,146,149,77,0.014180478821362799,619
M-2022-8,80,76,26,0.014138118542686243,620
M-2022-8,171,62,83,0.014103653355989804,621
M-2022-8,66,153,42,0.014093959731543624,622
M-2022-8,126,86,22,0.014084507042253521,623
M-2022-8,154,176,19,0.014084507042253521,624
M-2022-8,140,75,92,0.014082351140364305,625
M-2022-8,45,115,25,0.014052838673412029,626
M-2022-8,86,60,238,0.014052075338017358,627
M-2022-8,78,82,415,0.014044468509932654,628
M-2022-8,33,50,4,0.013986013986013986,629
M-2022-8,32,129,31,0.013976555455365193,630
M-2022-8,135,25,26,0.013955984970477724,631
M-2022-8,153,140,582,0.013896184518408863,632
M-2022-8,64,105,55,0.013871374527112233,633
M-2022-8,165,117,86,0.013768812039705411,634
M-2022-8,141,154,18,0.013740458015267175,635
M-2022-8,46,86,64,0.013713306192414827,636
M-2022-8,82,75,494,0.01368800221668052,637
M-2022-8,159,29,23,0.013633669235328987,638
M-2022-8,68,155,50,0.013612850530901171,639
M-2022-8,26,159,15,0.013599274705349048,640
M-2022-8,44,133,18,0.01355421686746988,641
M-2022-8,110,64,77,0.013534891896642644,642
M-2022-8,104,160,19,0.013523131672597865,643
M-2022-8,67,25,17,0.013513513513513514,644
M-2022-8,67,26,17,0.013513513513513514,645
M-2022-8,39,125,80,0.01349983125210935,646
M-2022-8,46,153,63,0.013499035783158345,647
M-2022-8,124,122,309,0.01347755920966546,648
M-2022-8,101,149,640,0.013397249377237236,649
M-2022-8,174,71,19,0.013389711064129669,650
M-2022-8,154,49,18,0.013343217197924388,651
M-2022-8,154,133,18,0.013343217197924388,652
M-2022-8,162,151,3,0.013333333333333334,653
M-2022-8,127,140,26,0.013326499231163505,654
M-2022-8,116,133,44,0.013317191283292978,655
M-2022-8,14,155,86,0.013300340241261985,656
M-2022-8,16,149,9,0.013293943870014771,657
M-2022-8,16,171,9,0.013293943870014771,658
M-2022-8,160,25,17,0.01328125,659
M-2022-8,28,59,121,0.013198080279232112,660
M-2022-8,96,14,565,0.013197234420256002,661
M-2022-8,34,168,10,0.013192612137203167,662
M-2022-8,24,20,60,0.013175230566534914,663
M-2022-8,101,94,628,0.013146050951414037,664
M-2022-8,66,115,39,0.013087248322147652,665
M-2022-8,82,77,472,0.013078415073427543,666
M-2022-8,163,140,30,0.013026487190620929,667
M-2022-8,109,18,17,0.012987012987012988,668
M-2022-8,49,82,171,0.012964366944655041,669
M-2022-8,166,170,26,0.012948207171314742,670
M-2022-8,77,79,500,0.012937949593748383,671
M-2022-8,71,77,953,0.012931326919684655,672
M-2022-8,76,74,46,0.012928611579539067,673
M-2022-8,158,156,76,0.012922972283625234,674
M-2022-8,135,156,24,0.01288244766505636,675
M-2022-8,93,134,345,0.012876497592654797,676
M-2022-8,104,36,18,0.012811387900355872,677
M-2022-8,151,156,20,0.01265022137887413,678
M-2022-8,176,83,21,0.01263537906137184,679
M-2022-8,32,51,28,0.012623985572587917,680
M-2022-8,52,71,14,0.012612612612612612,681
M-2022-8,52,129,14,0.012612612612612612,682
M-2022-8,52,140,14,0.012612612612612612,683
M-2022-8,154,142,17,0.012601927353595256,684
M-2022-8,132,133,154,0.012519307373384277,685
M-2022-8,139,49,17,0.012490815576781777,686
M-2022-8,139,66,17,0.012490815576781777,687
M-2022-8,139,129,17,0.012490815576781777,688
M-2022-8,159,49,21,0.012448132780082987,689
M-2022-8,28,8,114,0.012434554973821989,690
M-2022-8,135,117,23,0.012345679012345678,691
M-2022-8,70,77,15,0.012325390304026294,692
M-2022-8,117,149,647,0.012321462578556465,693
M-2022-8,164,122,22,0.012311135982092894,694
M-2022-8,155,153,61,0.012303348124243647,695
M-2022-8,127,23,24,0.01230138390568939,696
M-2022-8,105,11,29,0.012272534913245875,697
M-2022-8,105,25,29,0.012272534913245875,698
M-2022-8,11,138,20,0.012269938650306749,699
M-2022-8,140,171,80,0.012245522730751569,700
M-2022-8,15,171,6,0.012219959266802444,701
M-2022-8,118,90,14,0.012152777777777778,702
M-2022-8,108,49,84,0.012100259291270527,703
M-2022-8,96,122,518,0.01209941137998692,704
M-2022-8,130,83,60,0.012072434607645875,705
M-2022-8,125,29,43,0.011997767857142858,706
M-2022-8,174,82,17,0.011980267794221282,707
M-2022-8,174,102,17,0.011980267794221282,708
M-2022-8,174,149,17,0.011980267794221282,709
M-2022-8,85,2,6,0.01195219123505976,710
M-2022-8,67,142,15,0.01192368839427663,711
M-2022-8,20,124,17,0.011888111888111888,712
M-2022-8,130,2,59,0.01187122736418511,713
M-2022-8,159,153,20,0.011855364552459988,714
M-2022-8,16,51,8,0.011816838995568686,715
M-2022-8,16,60,8,0.011816838995568686,716
M-2022-8,76,71,42,0.011804384485666104,717
M-2022-8,45,168,21,0.011804384485666104,718
M-2022-8,19,153,135,0.011787304636339823,719
M-2022-8,2,124,70,0.011776581426648721,720
M-2022-8,96,97,504,0.011772400261608895,721
M-2022-8,139,155,16,0.011756061719324026,722
M-2022-8,56,53,120,0.011753183153770812,723
M-2022-8,156,142,253,0.011745044334060628,724
M-2022-8,13,32,14,0.011666666666666667,725
M-2022-8,96,32,497,0.011608894702419882,726
M-2022-8,46,49,54,0.011570602099850011,727
M-2022-8,126,93,18,0.011523687580025609,728
M-2022-8,116,115,38,0.011501210653753027,729
M-2022-8,143,142,30,0.011494252873563218,730
M-2022-8,122,18,519,0.01147519235871584,731
M-2022-8,141,32,15,0.011450381679389313,732
M-2022-8,74,163,41,0.011417432470064048,733
M-2022-8,129,2,262,0.011374489884518538,734
M-2022-8,72,75,92,0.011311939013894013,735
M-2022-8,150,53,14,0.01129032258064516,736
M-2022-8,135,86,21,0.011272141706924315,737
M-2022-8,32,71,25,0.01127141568981064,738
M-2022-8,29,138,247,0.011255411255411256,739
M-2022-8,29,88,246,0.011209842788790158,740
M-2022-8,157,133,18,0.011152416356877323,741
M-2022-8,67,68,14,0.011128775834658187,742
M-2022-8,154,125,15,0.01111934766493699,743
M-2022-8,154,149,15,0.01111934766493699,744
M-2022-8,143,156,29,0.011111111111111112,745
M-2022-8,11,157,18,0.011042944785276074,746
M-2022-8,23,117,50,0.011039964672113049,747
M-2022-8,9,50,14,0.0110062893081761,748
M-2022-8,166,160,22,0.010956175298804782,749
M-2022-8,155,133,54,0.010891488503428802,750
M-2022-8,32,133,24,0.010820559062218215,751
M-2022-8,12,156,24,0.01079136690647482,752
M-2022-8,127,117,21,0.010763710917478216,753
M-2022-8,66,140,32,0.010738255033557046,754
M-2022-8,135,149,20,0.010735373054213635,755
M-2022-8,140,61,70,0.010714832389407623,756
M-2022-8,111,65,11,0.010700389105058366,757
M-2022-8,111,77,11,0.010700389105058366,758
M-2022-8,111,149,11,0.010700389105058366,759
M-2022-8,141,156,14,0.010687022900763359,760
M-2022-8,70,78,13,0.010682004930156122,761
M-2022-8,21,142,14,0.010678871090770405,762
M-2022-8,104,44,15,0.010676156583629894,763
M-2022-8,104,115,15,0.010676156583629894,764
M-2022-8,164,97,19,0.010632344711807499,765
M-2022-8,169,60,22,0.010597302504816955,766
M-2022-8,115,61,145,0.010547755874008875,767
M-2022-8,157,156,17,0.010532837670384139,768
M-2022-8,50,25,95,0.010516993246983283,769
M-2022-8,14,93,68,0.010516548097742036,770
M-2022-8,33,104,3,0.01048951048951049,771
M-2022-8,33,166,3,0.01048951048951049,772
M-2022-8,0,129,9,0.010440835266821345,773
M-2022-8,11,86,17,0.010429447852760737,774
M-2022-8,96,156,445,0.01039428197701579,775
M-2022-8,19,17,119,0.010390290753514364,776
M-2022-8,41,172,20,0.01037344398340249,777
M-2022-8,89,138,6,0.010362694300518135,778
M-2022-8,89,175,6,0.010362694300518135,779
M-2022-8,16,14,7,0.0103397341211226,780
M-2022-8,16,15,7,0.0103397341211226,781
M-2022-8,16,104,7,0.0103397341211226,782
M-2022-8,16,111,7,0.0103397341211226,783
M-2022-8,16,156,7,0.0103397341211226,784
M-2022-8,146,104,56,0.010313075506445672,785
M-2022-8,88,60,3,0.010309278350515464,786
M-2022-8,88,68,3,0.010309278350515464,787
M-2022-8,88,93,3,0.010309278350515464,788
M-2022-8,88,105,3,0.010309278350515464,789
M-2022-8,139,111,14,0.010286554004408524,790
M-2022-8,139,148,14,0.010286554004408524,791
M-2022-8,127,17,20,0.010251153254741158,792
M-2022-8,106,107,24,0.010230179028132993,793
M-2022-8,176,14,17,0.01022864019253911,794
M-2022-8,136,156,183,0.010203512684694731,795
M-2022-8,135,124,19,0.010198604401502952,796
M-2022-8,15,155,5,0.010183299389002037,797
M-2022-8,156,25,219,0.01016665892948331,798
M-2022-8,105,64,24,0.010156580617858655,799
M-2022-8,149,133,368,0.010114613968062007,800
M-2022-8,96,130,433,0.010113986732691769,801
M-2022-8,155,175,50,0.01008471157724889,802
M-2022-8,61,133,125,0.010043387433713642,803
M-2022-8,112,149,22,0.010027347310847767,804
M-2022-8,5,83,20,0.009995002498750625,805
M-2022-8,101,96,475,0.00994327102216826,806
M-2022-8,141,125,13,0.009923664122137405,807
M-2022-8,32,154,22,0.009918845807033363,808
M-2022-8,138,25,268,0.009912342345674447,809
M-2022-8,174,114,14,0.009866102889358703,810
M-2022-8,68,142,36,0.009801252382248844,811
M-2022-8,25,142,387,0.009792014574161227,812
M-2022-8,66,129,29,0.009731543624161074,813
M-2022-8,111,25,10,0.009727626459143969,814
M-2022-8,111,117,10,0.009727626459143969,815
M-2022-8,123,122,42,0.009726725335803613,816
M-2022-8,49,71,128,0.009704321455648219,817
M-2022-8,49,75,128,0.009704321455648219,818
M-2022-8,56,118,99,0.00969637610186092,819
M-2022-8,116,28,32,0.009685230024213076,820
M-2022-8,154,51,13,0.009636767976278725,821
M-2022-8,154,62,13,0.009636767976278725,822
M-2022-8,154,171,13,0.009636767976278725,823
M-2022-8,93,156,258,0.00962938080842011,824
M-2022-8,143,51,25,0.009578544061302681,825
M-2022-8,76,80,34,0.00955593029792018,826
M-2022-8,139,143,13,0.009551800146950772,827
M-2022-8,67,140,12,0.009538950715421303,828
M-2022-8,140,156,62,0.009490280116332466,829
M-2022-8,28,46,87,0.009489528795811518,830
M-2022-8,151,142,15,0.009487666034155597,831
M-2022-8,130,156,47,0.009456740442655936,832
M-2022-8,57,133,18,0.009409304756926294,833
M-2022-8,116,153,31,0.009382566585956417,834
M-2022-8,160,175,12,0.009375,835
M-2022-8,41,126,18,0.00933609958506224,836
M-2022-8,4,107,5,0.00931098696461825,837
M-2022-8,22,77,7,0.009308510638297872,838
M-2022-8,22,86,7,0.009308510638297872,839
M-2022-8,50,59,84,0.009299236134174693,840
M-2022-8,157,38,15,0.00929368029739777,841
M-2022-8,0,2,8,0.009280742459396751,842
M-2022-8,63,171,78,0.009272467902995721,843
M-2022-8,28,13,85,0.009271378708551483,844
M-2022-8,161,45,11,0.009267059814658803,845
M-2022-8,29,93,203,0.009250398724082934,846
M-2022-8,80,75,17,0.009244154431756389,847
M-2022-8,127,153,18,0.009226037929267043,848
M-2022-8,141,75,12,0.00916030534351145,849
M-2022-8,141,142,12,0.00916030534351145,850
M-2022-8,21,20,12,0.009153318077803204,851
M-2022-8,14,18,59,0.00912465202598206,852
M-2022-8,163,142,21,0.00911854103343465,853
M-2022-8,39,155,54,0.00911238609517381,854
M-2022-8,30,129,30,0.009074410163339383,855
M-2022-8,81,78,26,0.009059233449477353,856
M-2022-8,8,156,20,0.009041591320072333,857
M-2022-8,52,19,10,0.009009009009009009,858
M-2022-8,117,18,473,0.009007808036564464,859
M-2022-8,45,68,16,0.008993816750983699,860
M-2022-8,68,153,33,0.008984481350394773,861
M-2022-8,92,3,9,0.008964143426294821,862
M-2022-8,164,83,16,0.008953553441522105,863
M-2022-8,138,112,241,0.008913710840699782,864
M-2022-8,129,156,205,0.008899887123382825,865
M-2022-8,154,83,12,0.008895478131949592,866
M-2022-8,162,88,2,0.008888888888888889,867
M-2022-8,162,117,2,0.008888888888888889,868
M-2022-8,162,136,2,0.008888888888888889,869
M-2022-8,162,155,2,0.008888888888888889,870
M-2022-8,162,175,2,0.008888888888888889,871
M-2022-8,150,100,11,0.008870967741935484,872
M-2022-8,16,43,6,0.008862629246676515,873
M-2022-8,16,71,6,0.008862629246676515,874
M-2022-8,16,129,6,0.008862629246676515,875
M-2022-8,16,141,6,0.008862629246676515,876
M-2022-8,139,142,12,0.00881704628949302,877
M-2022-8,143,155,23,0.008812260536398468,878
M-2022-8,111,172,9,0.008754863813229572,879
M-2022-8,111,175,9,0.008754863813229572,880
M-2022-8,37,166,5,0.008710801393728223,881
M-2022-8,86,63,147,0.008679223002893074,882
M-2022-8,157,68,14,0.008674101610904586,883
M-2022-8,71,142,639,0.008670637882139029,884
M-2022-8,9,18,11,0.008647798742138365,885
M-2022-8,9,68,11,0.008647798742138365,886
M-2022-8,9,160,11,0.008647798742138365,887
M-2022-8,124,25,198,0.008636105901339033,888
M-2022-8,89,131,5,0.008635578583765112,889
M-2022-8,23,18,39,0.008611172444248178,890
M-2022-8,175,140,330,0.008611016882811889,891
M-2022-8,160,117,11,0.00859375,892
M-2022-8,160,149,11,0.00859375,893
M-2022-8,11,88,14,0.008588957055214725,894
M-2022-8,135,155,16,0.008588298443370907,895
M-2022-8,64,115,34,0.008575031525851198,896
M-2022-8,46,68,40,0.008570816370259268,897
M-2022-8,46,156,40,0.008570816370259268,898
M-2022-8,32,139,19,0.008566275924256087,899
M-2022-8,18,117,129,0.008552108194112968,900
M-2022-8,142,25,176,0.008486017357762778,901
M-2022-8,155,2,42,0.008471157724889069,902
M-2022-8,155,83,42,0.008471157724889069,903
M-2022-8,166,43,17,0.00846613545816733,904
M-2022-8,105,151,20,0.008463817181548879,905
M-2022-8,39,115,50,0.008437394532568343,906
M-2022-8,45,61,15,0.008431703204047217,907
M-2022-8,48,14,39,0.008430609597924773,908
M-2022-8,143,117,22,0.00842911877394636,909
M-2022-8,152,80,3,0.008426966292134831,910
M-2022-8,176,156,14,0.00842358604091456,911
M-2022-8,141,19,11,0.008396946564885497,912
M-2022-8,141,148,11,0.008396946564885497,913
M-2022-8,20,19,12,0.008391608391608392,914
M-2022-8,20,133,12,0.008391608391608392,915
M-2022-8,66,132,25,0.008389261744966443,916
M-2022-8,86,156,142,0.008384011336128004,917
M-2022-8,43,117,24,0.008368200836820083,918
M-2022-8,1,151,43,0.008356004663816556,919
M-2022-8,142,156,173,0.008341369334619094,920
M-2022-8,13,61,10,0.008333333333333333,921
M-2022-8,13,67,10,0.008333333333333333,922
M-2022-8,40,78,10,0.00831255195344971,923
M-2022-8,159,140,14,0.008298755186721992,924
M-2022-8,175,75,318,0.008297888996164184,925
M-2022-8,146,61,45,0.008287292817679558,926
M-2022-8,140,49,54,0.008265727843257308,927
M-2022-8,10,61,11,0.008264462809917356,928
M-2022-8,163,49,19,0.008250108554059922,929
M-2022-8,130,110,41,0.008249496981891348,930
M-2022-8,117,28,433,0.008246048371738717,931
M-2022-8,38,129,8,0.008221993833504625,932
M-2022-8,83,130,188,0.008195292066259808,933
M-2022-8,138,11,221,0.008173983799977809,934
M-2022-8,23,2,37,0.008169573857363657,935
M-2022-8,68,117,30,0.008167710318540702,936
M-2022-8,26,153,9,0.008159564823209429,937
M-2022-8,29,136,179,0.008156755525176577,938
M-2022-8,15,51,4,0.008146639511201629,939
M-2022-8,15,163,4,0.008146639511201629,940
M-2022-8,153,61,341,0.008141922544291103,941
M-2022-8,0,82,7,0.008120649651972157,942
M-2022-8,32,46,18,0.008115419296663661,943
M-2022-8,32,77,18,0.008115419296663661,944
M-2022-8,32,140,18,0.008115419296663661,945
M-2022-8,32,155,18,0.008115419296663661,946
M-2022-8,71,140,598,0.008114305874051861,947
M-2022-8,25,129,320,0.00809675623703254,948
M-2022-8,139,63,11,0.008082292432035268,949
M-2022-8,2,51,48,0.008075370121130552,950
M-2022-8,115,171,111,0.00807448897941369,951
M-2022-8,157,2,13,0.0080545229244114,952
M-2022-8,157,39,13,0.0080545229244114,953
M-2022-8,157,61,13,0.0080545229244114,954
M-2022-8,157,82,13,0.0080545229244114,955
M-2022-8,66,142,24,0.008053691275167786,956
M-2022-8,143,46,21,0.008045977011494253,957
M-2022-8,143,49,21,0.008045977011494253,958
M-2022-8,148,61,42,0.008033664881407804,959
M-2022-8,62,86,68,0.00801697712803584,960
M-2022-8,22,176,6,0.007978723404255319,961
M-2022-8,92,117,8,0.00796812749003984,962
M-2022-8,60,86,174,0.007959015643582472,963
M-2022-8,93,135,213,0.007949837644160788,964
M-2022-8,36,169,5,0.00794912559618442,965
M-2022-8,60,171,173,0.007913274174366481,966
M-2022-8,132,135,97,0.00788553776115763,967
M-2022-8,123,156,34,0.007874015748031496,968
M-2022-8,9,96,10,0.007861635220125786,969
M-2022-8,9,115,10,0.007861635220125786,970
M-2022-8,9,130,10,0.007861635220125786,971
M-2022-8,35,18,10,0.007855459544383346,972
M-2022-8,153,117,329,0.007855403275870303,973
M-2022-8,104,141,11,0.007829181494661922,974
M-2022-8,160,166,10,0.0078125,975
M-2022-8,94,4,1,0.0078125,976
M-2022-8,94,29,1,0.0078125,977
M-2022-8,94,65,1,0.0078125,978
M-2022-8,94,82,1,0.0078125,979
M-2022-8,94,93,1,0.0078125,980
M-2022-8,94,102,1,0.0078125,981
M-2022-8,94,109,1,0.0078125,982
M-2022-8,94,124,1,0.0078125,983
M-2022-8,94,140,1,0.0078125,984
M-2022-8,94,151,1,0.0078125,985
M-2022-8,94,153,1,0.0078125,986
M-2022-8,94,163,1,0.0078125,987
M-2022-8,94,172,1,0.0078125,988
M-2022-8,94,175,1,0.0078125,989
M-2022-8,140,141,51,0.007806520740854125,990
M-2022-8,111,166,8,0.007782101167315175,991
M-2022-8,14,125,50,0.007732755954222085,992
M-2022-8,14,136,50,0.007732755954222085,993
M-2022-8,66,143,23,0.0077181208053691275,994
M-2022-8,46,61,36,0.00771373473323334,995
M-2022-8,32,82,17,0.007664562669071236,996
M-2022-8,32,93,17,0.007664562669071236,997
M-2022-8,141,176,10,0.007633587786259542,998
M-2022-8,78,140,225,0.00761447087887915,999
M-2022-8,99,122,137,0.007601398213393997,1000
M-2022-8,25,156,299,0.0075654066089772785,1001
M-2022-8,172,103,47,0.007540510187710573,1002
M-2022-8,10,28,10,0.007513148009015778,1003
M-2022-8,10,117,10,0.007513148009015778,1004
M-2022-8,19,156,86,0.007508949620186851,1005
M-2022-8,46,133,35,0.007499464323976859,1006
M-2022-8,155,106,37,0.007462686567164179,1007
M-2022-8,130,25,37,0.00744466800804829,1008
M-2022-8,49,140,98,0.007429871114480667,1009
M-2022-8,14,117,48,0.007423445716053201,1010
M-2022-8,154,170,10,0.007412898443291327,1011
M-2022-8,16,18,5,0.007385524372230428,1012
M-2022-8,16,25,5,0.007385524372230428,1013
M-2022-8,16,53,5,0.007385524372230428,1014
M-2022-8,16,143,5,0.007385524372230428,1015
M-2022-8,163,153,17,0.007381676074685193,1016
M-2022-8,11,171,12,0.007361963190184049,1017
M-2022-8,49,28,97,0.007354056103108415,1018
M-2022-8,139,51,10,0.0073475385745775165,1019
M-2022-8,139,171,10,0.0073475385745775165,1020
M-2022-8,108,140,51,0.007346585998271392,1021
M-2022-8,87,142,58,0.007343631299063054,1022
M-2022-8,45,149,13,0.007307476110174255,1023
M-2022-8,119,121,17,0.007280513918629551,1024
M-2022-8,14,2,47,0.00726879059696876,1025
M-2022-8,26,175,8,0.007252946509519492,1026
M-2022-8,176,153,12,0.007220216606498195,1027
M-2022-8,67,77,9,0.007154213036565978,1028
M-2022-8,158,71,42,0.007141642577792893,1029
M-2022-8,104,43,10,0.0071174377224199285,1030
M-2022-8,159,61,12,0.007113218731475993,1031
M-2022-8,117,29,372,0.007084364882879452,1032
M-2022-8,9,89,9,0.007075471698113208,1033
M-2022-8,9,124,9,0.007075471698113208,1034
M-2022-8,64,61,28,0.007061790668348045,1035
M-2022-8,75,77,117,0.007058397683397683,1036
M-2022-8,160,157,9,0.00703125,1037
M-2022-8,33,0,2,0.006993006993006993,1038
M-2022-8,33,51,2,0.006993006993006993,1039
M-2022-8,33,122,2,0.006993006993006993,1040
M-2022-8,33,175,2,0.006993006993006993,1041
M-2022-8,124,142,160,0.006978671435425481,1042
M-2022-8,125,133,25,0.006975446428571429,1043
M-2022-8,166,124,14,0.0069721115537848604,1044
M-2022-8,37,168,4,0.006968641114982578,1045
M-2022-8,0,71,6,0.0069605568445475635,1046
M-2022-8,14,25,45,0.006959480358799877,1047
M-2022-8,151,93,11,0.006957621758380772,1048
M-2022-8,89,115,4,0.0069084628670120895,1049
M-2022-8,101,138,330,0.00690795671013795,1050
M-2022-8,143,23,18,0.006896551724137931,1051
M-2022-8,143,93,18,0.006896551724137931,1052
M-2022-8,18,19,104,0.006894722885176346,1053
M-2022-8,88,10,2,0.006872852233676976,1054
M-2022-8,88,14,2,0.006872852233676976,1055
M-2022-8,88,69,2,0.006872852233676976,1056
M-2022-8,88,124,2,0.006872852233676976,1057
M-2022-8,88,126,2,0.006872852233676976,1058
M-2022-8,88,133,2,0.006872852233676976,1059
M-2022-8,141,82,9,0.006870229007633588,1060
M-2022-8,155,156,34,0.006857603872529245,1061
M-2022-8,23,21,31,0.006844778096710091,1062
M-2022-8,130,142,34,0.006841046277665996,1063
M-2022-8,111,2,7,0.006809338521400778,1064
M-2022-8,111,17,7,0.006809338521400778,1065
M-2022-8,111,28,7,0.006809338521400778,1066
M-2022-8,111,82,7,0.006809338521400778,1067
M-2022-8,68,25,25,0.006806425265450586,1068
M-2022-8,79,142,64,0.006794776515553668,1069
M-2022-8,108,117,47,0.0067703831748775565,1070
M-2022-8,32,19,15,0.006762849413886384,1071
M-2022-8,50,124,61,0.006753016716484003,1072
M-2022-8,11,12,11,0.006748466257668712,1073
M-2022-8,11,117,11,0.006748466257668712,1074
M-2022-8,161,143,8,0.006739679865206402,1075
M-2022-8,161,146,8,0.006739679865206402,1076
M-2022-8,165,156,42,0.0067243035542747355,1077
M-2022-8,164,96,12,0.006715165081141578,1078
M-2022-8,66,149,20,0.006711409395973154,1079
M-2022-8,154,28,9,0.006671608598962194,1080
M-2022-8,154,53,9,0.006671608598962194,1081
M-2022-8,154,117,9,0.006671608598962194,1082
M-2022-8,154,129,9,0.006671608598962194,1083
M-2022-8,154,153,9,0.006671608598962194,1084
M-2022-8,127,68,13,0.006663249615581753,1085
M-2022-8,56,150,68,0.006660137120470127,1086
M-2022-8,22,83,5,0.006648936170212766,1087
M-2022-8,22,111,5,0.006648936170212766,1088
M-2022-8,43,155,19,0.006624825662482566,1089
M-2022-8,176,77,11,0.006618531889290012,1090
M-2022-8,1,72,34,0.006607073455110766,1091
M-2022-8,153,18,276,0.00658994317367843,1092
M-2022-8,128,14,13,0.006585612968591692,1093
M-2022-8,170,17,16,0.006584362139917695,1094
M-2022-8,170,122,16,0.006584362139917695,1095
M-2022-8,170,172,16,0.006584362139917695,1096
M-2022-8,117,96,345,0.006570177109122072,1097
M-2022-8,177,155,9,0.006564551422319475,1098
M-2022-8,80,97,12,0.0065252854812398045,1099
M-2022-8,80,142,12,0.0065252854812398045,1100
M-2022-8,159,68,11,0.006520450503852994,1101
M-2022-8,159,86,11,0.006520450503852994,1102
M-2022-8,159,117,11,0.006520450503852994,1103
M-2022-8,143,61,17,0.006513409961685823,1104
M-2022-8,166,143,13,0.006474103585657371,1105
M-2022-8,173,49,15,0.006473888649115235,1106
M-2022-8,168,117,22,0.006445941986522121,1107
M-2022-8,104,41,9,0.006405693950177936,1108
M-2022-8,115,39,88,0.006401396668364007,1109
M-2022-8,25,124,252,0.006376195536663124,1110
M-2022-8,67,117,8,0.006359300476947536,1111
M-2022-8,67,133,8,0.006359300476947536,1112
M-2022-8,36,12,4,0.006359300476947536,1113
M-2022-8,36,104,4,0.006359300476947536,1114
M-2022-8,36,105,4,0.006359300476947536,1115
M-2022-8,36,155,4,0.006359300476947536,1116
M-2022-8,105,42,15,0.006347862886161659,1117
M-2022-8,26,46,7,0.006346328195829556,1118
M-2022-8,26,82,7,0.006346328195829556,1119
M-2022-8,26,117,7,0.006346328195829556,1120
M-2022-8,174,56,9,0.006342494714587738,1121
M-2022-8,153,157,265,0.006327300510959362,1122
M-2022-8,148,132,33,0.006312165263963275,1123
M-2022-8,32,117,14,0.0063119927862939585,1124
M-2022-8,32,158,14,0.0063119927862939585,1125
M-2022-8,17,153,64,0.006310392427529087,1126
M-2022-8,52,2,7,0.006306306306306306,1127
M-2022-8,52,142,7,0.006306306306306306,1128
M-2022-8,136,25,113,0.0063005296905492055,1129
M-2022-8,12,50,14,0.006294964028776978,1130
M-2022-8,12,115,14,0.006294964028776978,1131
M-2022-8,149,153,229,0.006294148365995108,1132
M-2022-8,20,17,9,0.006293706293706294,1133
M-2022-8,20,153,9,0.006293706293706294,1134
M-2022-8,9,28,8,0.006289308176100629,1135
M-2022-8,156,153,135,0.006267118518174643,1136
M-2022-8,115,149,86,0.006255910380446643,1137
M-2022-8,155,117,31,0.006252521177894313,1138
M-2022-8,160,132,8,0.00625,1139
M-2022-8,160,168,8,0.00625,1140
M-2022-8,54,117,23,0.006248302091822874,1141
M-2022-8,39,28,37,0.006243671954100574,1142
M-2022-8,78,49,184,0.006226945074283394,1143
M-2022-8,2,25,37,0.006224764468371467,1144
M-2022-8,2,136,37,0.006224764468371467,1145
M-2022-8,90,71,25,0.006217358865953743,1146
M-2022-8,153,93,260,0.006207917482450695,1147
M-2022-8,29,115,136,0.006197311460469355,1148
M-2022-8,157,143,10,0.006195786864931847,1149
M-2022-8,149,96,225,0.00618420690982052,1150
M-2022-8,170,19,15,0.006172839506172839,1151
M-2022-8,38,125,6,0.006166495375128468,1152
M-2022-8,164,25,11,0.006155567991046447,1153
M-2022-8,127,143,12,0.006150691952844695,1154
M-2022-8,11,172,10,0.006134969325153374,1155
M-2022-8,143,25,16,0.006130268199233717,1156
M-2022-8,158,28,36,0.006121407923822479,1157
M-2022-8,15,83,3,0.006109979633401222,1158
M-2022-8,15,93,3,0.006109979633401222,1159
M-2022-8,172,19,38,0.0060965827049574844,1160
M-2022-8,128,157,12,0.0060790273556231,1161
M-2022-8,146,45,33,0.0060773480662983425,1162
M-2022-8,118,175,7,0.006076388888888889,1163
M-2022-8,142,71,126,0.006075216972034715,1164
M-2022-8,156,117,130,0.006035003017501509,1165
M-2022-8,129,117,139,0.006034557610488843,1166
M-2022-8,176,2,10,0.006016847172081829,1167
M-2022-8,10,93,8,0.006010518407212622,1168
M-2022-8,46,140,28,0.005999571459181487,1169
M-2022-8,68,93,22,0.005989654233596515,1170
M-2022-8,91,172,18,0.005988023952095809,1171
M-2022-8,166,95,12,0.00597609561752988,1172
M-2022-8,166,122,12,0.00597609561752988,1173
M-2022-8,90,175,24,0.005968664511315593,1174
M-2022-8,156,122,128,0.005942156817232255,1175
M-2022-8,154,71,8,0.005930318754633061,1176
M-2022-8,154,93,8,0.005930318754633061,1177
M-2022-8,159,26,10,0.005927682276229994,1178
M-2022-8,112,77,13,0.005925250683682771,1179
M-2022-8,49,46,78,0.005913570887035633,1180
M-2022-8,16,52,4,0.005908419497784343,1181
M-2022-8,16,77,4,0.005908419497784343,1182
M-2022-8,16,83,4,0.005908419497784343,1183
M-2022-8,16,117,4,0.005908419497784343,1184
M-2022-8,16,142,4,0.005908419497784343,1185
M-2022-8,16,163,4,0.005908419497784343,1186
M-2022-8,139,19,8,0.005878030859662013,1187
M-2022-8,139,60,8,0.005878030859662013,1188
M-2022-8,8,51,13,0.005877034358047016,1189
M-2022-8,8,172,13,0.005877034358047016,1190
M-2022-8,32,170,13,0.005861136158701533,1191
M-2022-8,125,117,21,0.005859375,1192
M-2022-8,12,63,13,0.005845323741007194,1193
M-2022-8,175,72,224,0.005845053884090494,1194
M-2022-8,111,14,6,0.005836575875486381,1195
M-2022-8,111,61,6,0.005836575875486381,1196
M-2022-8,111,143,6,0.005836575875486381,1197
M-2022-8,142,130,121,0.0058341369334619095,1198
M-2022-8,13,25,7,0.005833333333333334,1199
M-2022-8,13,63,7,0.005833333333333334,1200
M-2022-8,133,131,259,0.005827951666254135,1201
M-2022-8,69,115,3,0.005802707930367505,1202
M-2022-8,69,117,3,0.005802707930367505,1203
M-2022-8,0,91,5,0.00580046403712297,1204
M-2022-8,123,23,25,0.005789717461787865,1205
M-2022-8,29,124,127,0.005787195260879471,1206
M-2022-8,172,153,36,0.0057757099310123535,1207
M-2022-8,108,156,40,0.005762028233938346,1208
M-2022-8,126,132,9,0.005761843790012804,1209
M-2022-8,126,155,9,0.005761843790012804,1210
M-2022-8,170,28,14,0.005761316872427984,1211
M-2022-8,170,129,14,0.005761316872427984,1212
M-2022-8,124,129,131,0.0057137872377546126,1213
M-2022-8,66,117,17,0.005704697986577181,1214
M-2022-8,66,171,17,0.005704697986577181,1215
M-2022-8,104,127,8,0.0056939501779359435,1216
M-2022-8,104,149,8,0.0056939501779359435,1217
M-2022-8,133,153,253,0.005692941202943228,1218
M-2022-8,151,117,9,0.0056925996204933585,1219
M-2022-8,71,72,419,0.005685441741183494,1220
M-2022-8,28,140,52,0.005671902268760907,1221
M-2022-8,62,61,48,0.005659042678613535,1222
M-2022-8,1,153,29,0.005635445005829771,1223
M-2022-8,149,54,205,0.005634499628947585,1224
M-2022-8,110,115,32,0.005624890138864475,1225
M-2022-8,76,79,20,0.005621135469364812,1226
M-2022-8,45,29,10,0.005621135469364812,1227
M-2022-8,45,160,10,0.005621135469364812,1228
M-2022-8,152,108,2,0.0056179775280898875,1229
M-2022-8,39,117,33,0.005568680391495107,1230
M-2022-8,168,115,19,0.005566949897450923,1231
M-2022-8,28,25,51,0.00556282722513089,1232
M-2022-8,11,18,9,0.005521472392638037,1233
M-2022-8,11,96,9,0.005521472392638037,1234
M-2022-8,137,51,7,0.005520504731861199,1235
M-2022-8,9,93,7,0.00550314465408805,1236
M-2022-8,9,149,7,0.00550314465408805,1237
M-2022-8,9,155,7,0.00550314465408805,1238
M-2022-8,105,156,13,0.005501481168006771,1239
M-2022-8,75,93,91,0.005489864864864865,1240
M-2022-8,112,175,12,0.0054694621695533276,1241
M-2022-8,160,45,7,0.00546875,1242
M-2022-8,160,143,7,0.00546875,1243
M-2022-8,158,155,32,0.0054412514878422035,1244
M-2022-8,1,50,28,0.005441119315973571,1245
M-2022-8,26,25,6,0.005439709882139619,1246
M-2022-8,26,89,6,0.005439709882139619,1247
M-2022-8,138,96,147,0.005436993749306506,1248
M-2022-8,176,172,9,0.005415162454873646,1249
M-2022-8,19,20,62,0.00541342879594866,1250
M-2022-8,32,81,12,0.005410279531109108,1251
M-2022-8,32,91,12,0.005410279531109108,1252
M-2022-8,52,20,6,0.005405405405405406,1253
M-2022-8,52,32,6,0.005405405405405406,1254
M-2022-8,52,124,6,0.005405405405405406,1255
M-2022-8,12,25,12,0.00539568345323741,1256
M-2022-8,12,160,12,0.00539568345323741,1257
M-2022-8,93,132,144,0.0053745381256298285,1258
M-2022-8,135,175,10,0.005367686527106817,1259
M-2022-8,143,140,14,0.0053639846743295016,1260
M-2022-8,46,155,25,0.005356760231412042,1261
M-2022-8,170,149,13,0.005349794238683128,1262
M-2022-8,141,86,7,0.0053435114503816794,1263
M-2022-8,76,82,19,0.005340078695896571,1264
M-2022-8,159,54,9,0.005334914048606995,1265
M-2022-8,159,93,9,0.005334914048606995,1266
M-2022-8,29,132,117,0.005331510594668489,1267
M-2022-8,91,53,16,0.0053226879574184965,1268
M-2022-8,61,62,66,0.005302908565000803,1269
M-2022-8,61,63,66,0.005302908565000803,1270
M-2022-8,74,112,19,0.005291005291005291,1271
M-2022-8,74,153,19,0.005291005291005291,1272
M-2022-8,110,34,30,0.005273334505185446,1273
M-2022-8,158,108,31,0.005271212378847135,1274
M-2022-8,44,105,7,0.005271084337349397,1275
M-2022-8,10,115,7,0.005259203606311044,1276
M-2022-8,153,155,220,0.005252853254381357,1277
M-2022-8,155,63,26,0.0052440500201694235,1278
M-2022-8,28,96,48,0.005235602094240838,1279
M-2022-8,49,133,69,0.005231235784685368,1280
M-2022-8,153,125,219,0.005228976648679624,1281
M-2022-8,81,175,15,0.005226480836236934,1282
M-2022-8,2,157,31,0.005215343203230148,1283
M-2022-8,140,32,34,0.005204347160569417,1284
M-2022-8,132,148,64,0.00520282903828957,1285
M-2022-8,154,46,7,0.005189028910303929,1286
M-2022-8,89,162,3,0.0051813471502590676,1287
M-2022-8,134,93,38,0.005178522758244753,1288
M-2022-8,138,130,140,0.005178089285053815,1289
M-2022-8,138,160,140,0.005178089285053815,1290
M-2022-8,96,149,221,0.005162104082967392,1291
M-2022-8,116,142,17,0.005145278450363196,1292
M-2022-8,116,143,17,0.005145278450363196,1293
M-2022-8,139,16,7,0.005143277002204262,1294
M-2022-8,28,153,47,0.00512652705061082,1295
M-2022-8,127,128,10,0.005125576627370579,1296
M-2022-8,126,25,8,0.005121638924455826,1297
M-2022-8,126,159,8,0.005121638924455826,1298
M-2022-8,142,82,106,0.005110896817743491,1299
M-2022-8,177,5,7,0.005105762217359592,1300
M-2022-8,14,53,33,0.005103618929786576,1301
M-2022-8,14,75,33,0.005103618929786576,1302
M-2022-8,123,96,22,0.005094951366373321,1303
M-2022-8,105,153,12,0.0050782903089293275,1304
M-2022-8,161,60,6,0.005054759898904802,1305
M-2022-8,161,86,6,0.005054759898904802,1306
M-2022-8,161,89,6,0.005054759898904802,1307
M-2022-8,140,82,33,0.005051278126435022,1308
M-2022-8,132,134,62,0.005040240630843021,1309
M-2022-8,66,27,15,0.0050335570469798654,1310
M-2022-8,13,28,6,0.005,1311
M-2022-8,13,117,6,0.005,1312
M-2022-8,13,138,6,0.005,1313
M-2022-8,13,156,6,0.005,1314
M-2022-8,5,86,10,0.004997501249375313,1315
M-2022-8,5,170,10,0.004997501249375313,1316
M-2022-8,6,149,8,0.004990642545227698,1317
M-2022-8,82,78,180,0.004987531172069825,1318
M-2022-8,40,175,6,0.004987531172069825,1319
M-2022-8,104,28,7,0.00498220640569395,1320
M-2022-8,104,155,7,0.00498220640569395,1321
M-2022-8,168,34,17,0.004980955171403457,1322
M-2022-8,166,105,10,0.0049800796812749,1323
M-2022-8,92,155,5,0.0049800796812749,1324
M-2022-8,32,18,11,0.004959422903516681,1325
M-2022-8,32,60,11,0.004959422903516681,1326
M-2022-8,157,51,8,0.004956629491945477,1327
M-2022-8,157,105,8,0.004956629491945477,1328
M-2022-8,170,83,12,0.0049382716049382715,1329
M-2022-8,117,129,259,0.004932393829746715,1330
M-2022-8,158,49,29,0.004931134160856997,1331
M-2022-8,124,71,113,0.004928686701269246,1332
M-2022-8,20,21,7,0.0048951048951048955,1333
M-2022-8,142,124,101,0.0048698167791706845,1334
M-2022-8,111,53,5,0.0048638132295719845,1335
M-2022-8,111,71,5,0.0048638132295719845,1336
M-2022-8,111,107,5,0.0048638132295719845,1337
M-2022-8,111,109,5,0.0048638132295719845,1338
M-2022-8,135,82,9,0.004830917874396135,1339
M-2022-8,82,73,174,0.0048212801330008315,1340
M-2022-8,176,53,8,0.0048134777376654635,1341
M-2022-8,176,111,8,0.0048134777376654635,1342
M-2022-8,176,117,8,0.0048134777376654635,1343
M-2022-8,172,97,30,0.004813091609176962,1344
M-2022-8,28,156,44,0.004799301919720768,1345
M-2022-8,72,18,39,0.004795278495020288,1346
M-2022-8,14,60,31,0.0047943086916176925,1347
M-2022-8,73,75,58,0.004781927611509605,1348
M-2022-8,163,77,11,0.004776378636561007,1349
M-2022-8,163,108,11,0.004776378636561007,1350
M-2022-8,49,93,63,0.0047763457164518575,1351
M-2022-8,67,29,6,0.0047694753577106515,1352
M-2022-8,67,61,6,0.0047694753577106515,1353
M-2022-8,36,117,3,0.0047694753577106515,1354
M-2022-8,158,51,28,0.004761095051861928,1355
M-2022-8,84,87,10,0.004746084480303749,1356
M-2022-8,140,78,31,0.004745140058166233,1357
M-2022-8,159,175,8,0.004742145820983995,1358
M-2022-8,27,51,9,0.004734350341925302,1359
M-2022-8,115,136,65,0.004728304357314323,1360
M-2022-8,9,16,6,0.0047169811320754715,1361
M-2022-8,9,72,6,0.0047169811320754715,1362
M-2022-8,9,159,6,0.0047169811320754715,1363
M-2022-8,46,93,22,0.004713949003642597,1364
M-2022-8,46,136,22,0.004713949003642597,1365
M-2022-8,156,129,101,0.004688733113597326,1366
M-2022-8,149,83,170,0.004672511887419949,1367
M-2022-8,41,127,9,0.00466804979253112,1368
M-2022-8,1,142,24,0.004663816556548776,1369
M-2022-8,91,28,14,0.004657351962741184,1370
M-2022-8,91,149,14,0.004657351962741184,1371
M-2022-8,91,153,14,0.004657351962741184,1372
M-2022-8,105,28,11,0.004655099449851883,1373
M-2022-8,0,25,4,0.004640371229698376,1374
M-2022-8,0,153,4,0.004640371229698376,1375
M-2022-8,0,166,4,0.004640371229698376,1376
M-2022-8,82,80,167,0.004627320587420338,1377
M-2022-8,49,175,61,0.004624715693707354,1378
M-2022-8,127,170,9,0.0046130189646335215,1379
M-2022-8,143,18,12,0.004597701149425287,1380
M-2022-8,143,129,12,0.004597701149425287,1381
M-2022-8,143,175,12,0.004597701149425287,1382
M-2022-8,156,124,99,0.0045958869133280724,1383
M-2022-8,133,61,204,0.004590355752570824,1384
M-2022-8,141,14,6,0.004580152671755725,1385
M-2022-8,141,18,6,0.004580152671755725,1386
M-2022-8,141,129,6,0.004580152671755725,1387
M-2022-8,122,25,207,0.004576810825152561,1388
M-2022-8,82,142,165,0.00457190357439734,1389
M-2022-8,128,61,9,0.004559270516717325,1390
M-2022-8,112,46,10,0.004557885141294439,1391
M-2022-8,112,143,10,0.004557885141294439,1392
M-2022-8,112,171,10,0.004557885141294439,1393
M-2022-8,116,50,15,0.004539951573849879,1394
M-2022-8,64,99,18,0.004539722572509458,1395
M-2022-8,30,140,15,0.004537205081669692,1396
M-2022-8,26,32,5,0.004533091568449683,1397
M-2022-8,26,49,5,0.004533091568449683,1398
M-2022-8,26,63,5,0.004533091568449683,1399
M-2022-8,26,133,5,0.004533091568449683,1400
M-2022-8,26,142,5,0.004533091568449683,1401
M-2022-8,26,149,5,0.004533091568449683,1402
M-2022-8,43,143,13,0.004532775453277545,1403
M-2022-8,81,75,13,0.004529616724738676,1404
M-2022-8,170,5,11,0.004526748971193415,1405
M-2022-8,170,53,11,0.004526748971193415,1406
M-2022-8,170,156,11,0.004526748971193415,1407
M-2022-8,8,101,10,0.0045207956600361665,1408
M-2022-8,153,156,189,0.004512678477627621,1409
M-2022-8,32,14,10,0.004508566275924256,1410
M-2022-8,32,17,10,0.004508566275924256,1411
M-2022-8,52,72,5,0.0045045045045045045,1412
M-2022-8,52,93,5,0.0045045045045045045,1413
M-2022-8,52,122,5,0.0045045045045045045,1414
M-2022-8,61,171,56,0.0044994375703037125,1415
M-2022-8,45,25,8,0.004496908375491849,1416
M-2022-8,45,64,8,0.004496908375491849,1417
M-2022-8,45,104,8,0.004496908375491849,1418
M-2022-8,12,125,10,0.0044964028776978415,1419
M-2022-8,175,142,172,0.004488166375283772,1420
M-2022-8,86,171,76,0.004487217334829072,1421
M-2022-8,166,123,9,0.004482071713147411,1422
M-2022-8,126,61,7,0.004481434058898848,1423
M-2022-8,149,105,162,0.004452628975070775,1424
M-2022-8,154,15,6,0.004447739065974796,1425
M-2022-8,154,106,6,0.004447739065974796,1426
M-2022-8,154,158,6,0.004447739065974796,1427
M-2022-8,162,12,1,0.0044444444444444444,1428
M-2022-8,162,15,1,0.0044444444444444444,1429
M-2022-8,162,29,1,0.0044444444444444444,1430
M-2022-8,162,39,1,0.0044444444444444444,1431
M-2022-8,162,45,1,0.0044444444444444444,1432
M-2022-8,162,54,1,0.0044444444444444444,1433
M-2022-8,162,64,1,0.0044444444444444444,1434
M-2022-8,162,93,1,0.0044444444444444444,1435
M-2022-8,162,96,1,0.0044444444444444444,1436
M-2022-8,162,122,1,0.0044444444444444444,1437
M-2022-8,162,135,1,0.0044444444444444444,1438
M-2022-8,162,143,1,0.0044444444444444444,1439
M-2022-8,162,153,1,0.0044444444444444444,1440
M-2022-8,162,156,1,0.0044444444444444444,1441
M-2022-8,162,171,1,0.0044444444444444444,1442
M-2022-8,140,129,29,0.004439001989897444,1443
M-2022-8,175,80,170,0.0044359783941758215,1444
M-2022-8,16,23,3,0.004431314623338257,1445
M-2022-8,16,68,3,0.004431314623338257,1446
M-2022-8,16,75,3,0.004431314623338257,1447
M-2022-8,16,79,3,0.004431314623338257,1448
M-2022-8,16,82,3,0.004431314623338257,1449
M-2022-8,16,106,3,0.004431314623338257,1450
M-2022-8,16,110,3,0.004431314623338257,1451
M-2022-8,16,125,3,0.004431314623338257,1452
M-2022-8,151,2,7,0.004427577482605946,1453
M-2022-8,151,5,7,0.004427577482605946,1454
M-2022-8,151,6,7,0.004427577482605946,1455
M-2022-8,151,8,7,0.004427577482605946,1456
M-2022-8,151,50,7,0.004427577482605946,1457
M-2022-8,23,153,20,0.00441598586884522,1458
M-2022-8,139,14,6,0.00440852314474651,1459
M-2022-8,139,52,6,0.00440852314474651,1460
M-2022-8,139,83,6,0.00440852314474651,1461
M-2022-8,139,175,6,0.00440852314474651,1462
M-2022-8,168,122,15,0.0043949604453559915,1463
M-2022-8,153,115,184,0.004393295449118953,1464
M-2022-8,6,124,7,0.004366812227074236,1465
M-2022-8,19,23,50,0.004365668383829564,1466
M-2022-8,66,155,13,0.00436241610738255,1467
M-2022-8,163,75,10,0.004342162396873643,1468
M-2022-8,118,129,5,0.004340277777777778,1469
M-2022-8,157,1,7,0.004337050805452293,1470
M-2022-8,157,18,7,0.004337050805452293,1471
M-2022-8,157,25,7,0.004337050805452293,1472
M-2022-8,157,49,7,0.004337050805452293,1473
M-2022-8,157,149,7,0.004337050805452293,1474
M-2022-8,169,45,9,0.004335260115606936,1475
M-2022-8,14,28,28,0.004330343334364367,1476
M-2022-8,49,142,57,0.004321455648218347,1477
M-2022-8,156,93,93,0.00431734831252031,1478
M-2022-8,11,14,7,0.004294478527607362,1479
M-2022-8,11,125,7,0.004294478527607362,1480
M-2022-8,11,128,7,0.004294478527607362,1481
M-2022-8,11,156,7,0.004294478527607362,1482
M-2022-8,115,135,59,0.004291845493562232,1483
M-2022-8,115,156,59,0.004291845493562232,1484
M-2022-8,140,139,28,0.0042859329557630495,1485
M-2022-8,140,158,28,0.0042859329557630495,1486
M-2022-8,99,149,77,0.004272318703878377,1487
M-2022-8,104,170,6,0.004270462633451958,1488
M-2022-8,117,25,224,0.004265854123024186,1489
M-2022-8,28,170,39,0.004253926701570681,1490
M-2022-8,158,82,25,0.0042509777248767215,1491
M-2022-8,146,99,23,0.00423572744014733,1492
M-2022-8,155,142,21,0.0042355788624445345,1493
M-2022-8,155,154,21,0.0042355788624445345,1494
M-2022-8,155,176,21,0.0042355788624445345,1495
M-2022-8,105,93,10,0.004231908590774439,1496
M-2022-8,105,166,10,0.004231908590774439,1497
M-2022-8,101,3,202,0.004228506834690502,1498
M-2022-8,174,104,6,0.004228329809725159,1499
M-2022-8,76,78,15,0.0042158516020236085,1500
M-2022-8,143,2,11,0.00421455938697318,1501
M-2022-8,143,115,11,0.00421455938697318,1502
M-2022-8,143,158,11,0.00421455938697318,1503
M-2022-8,176,63,7,0.00421179302045728,1504
M-2022-8,176,124,7,0.00421179302045728,1505
M-2022-8,176,142,7,0.00421179302045728,1506
M-2022-8,176,149,7,0.00421179302045728,1507
M-2022-8,42,105,3,0.004207573632538569,1508
M-2022-8,42,149,3,0.004207573632538569,1509
M-2022-8,2,19,25,0.004205921938088829,1510
M-2022-8,43,35,12,0.0041841004184100415,1511
M-2022-8,74,80,15,0.004177109440267335,1512
M-2022-8,18,153,63,0.004176610978520286,1513
M-2022-8,14,83,27,0.004175688215279926,1514
M-2022-8,49,61,55,0.004169825625473844,1515
M-2022-8,13,50,5,0.004166666666666667,1516
M-2022-8,13,68,5,0.004166666666666667,1517
M-2022-8,13,175,5,0.004166666666666667,1518
M-2022-8,103,172,7,0.004151838671411625,1519
M-2022-8,41,53,8,0.004149377593360996,1520
M-2022-8,41,131,8,0.004149377593360996,1521
M-2022-8,159,25,7,0.004149377593360996,1522
M-2022-8,159,28,7,0.004149377593360996,1523
M-2022-8,159,155,7,0.004149377593360996,1524
M-2022-8,159,171,7,0.004149377593360996,1525
M-2022-8,132,156,51,0.004146004389887001,1526
M-2022-8,140,133,27,0.004132863921628654,1527
M-2022-8,51,156,65,0.004116790170371778,1528
M-2022-8,170,59,10,0.00411522633744856,1529
M-2022-8,38,127,4,0.0041109969167523125,1530
M-2022-8,18,175,62,0.004110315566162821,1531
M-2022-8,70,49,5,0.004108463434675432,1532
M-2022-8,70,142,5,0.004108463434675432,1533
M-2022-8,127,46,8,0.004100461301896463,1534
M-2022-8,50,46,37,0.004096092106719805,1535
M-2022-8,149,124,149,0.004095319242503367,1536
M-2022-8,15,14,2,0.004073319755600814,1537
M-2022-8,15,18,2,0.004073319755600814,1538
M-2022-8,15,60,2,0.004073319755600814,1539
M-2022-8,15,63,2,0.004073319755600814,1540
M-2022-8,15,141,2,0.004073319755600814,1541
M-2022-8,15,153,2,0.004073319755600814,1542
M-2022-8,15,154,2,0.004073319755600814,1543
M-2022-8,15,175,2,0.004073319755600814,1544
M-2022-8,77,142,157,0.004062516172436992,1545
M-2022-8,32,142,9,0.0040577096483318306,1546
M-2022-8,32,175,9,0.0040577096483318306,1547
M-2022-8,87,125,32,0.004051658647758926,1548
M-2022-8,2,155,24,0.004037685060565276,1549
M-2022-8,64,13,16,0.00403530895334174,1550
M-2022-8,155,140,20,0.004033884630899556,1551
M-2022-8,66,111,12,0.004026845637583893,1552
M-2022-8,71,78,296,0.004016445716921992,1553
M-2022-8,91,155,12,0.003992015968063872,1554
M-2022-8,50,122,36,0.003985386914646297,1555
M-2022-8,149,2,145,0.00398537778632878,1556
M-2022-8,85,68,2,0.00398406374501992,1557
M-2022-8,85,71,2,0.00398406374501992,1558
M-2022-8,85,168,2,0.00398406374501992,1559
M-2022-8,140,116,26,0.0039797948874942595,1560
M-2022-8,67,17,5,0.00397456279809221,1561
M-2022-8,67,75,5,0.00397456279809221,1562
M-2022-8,67,93,5,0.00397456279809221,1563
M-2022-8,29,160,87,0.003964456596035544,1564
M-2022-8,138,18,107,0.003957539667862559,1565
M-2022-8,49,78,52,0.003942380591357089,1566
M-2022-8,45,125,7,0.0039347948285553686,1567
M-2022-8,45,130,7,0.0039347948285553686,1568
M-2022-8,45,137,7,0.0039347948285553686,1569
M-2022-8,30,158,13,0.003932244404113733,1570
M-2022-8,9,121,5,0.003930817610062893,1571
M-2022-8,149,99,143,0.003930407058241487,1572
M-2022-8,35,23,5,0.003927729772191673,1573
M-2022-8,63,135,33,0.0039229671897289585,1574
M-2022-8,138,140,106,0.00392055331582646,1575
M-2022-8,56,51,40,0.0039177277179236044,1576
M-2022-8,158,23,23,0.003910899506886584,1577
M-2022-8,171,93,23,0.003908241291418862,1578
M-2022-8,163,156,9,0.0039079461571862786,1579
M-2022-8,160,128,5,0.00390625,1580
M-2022-8,160,135,5,0.00390625,1581
M-2022-8,160,171,5,0.00390625,1582
M-2022-8,111,3,4,0.0038910505836575876,1583
M-2022-8,111,66,4,0.0038910505836575876,1584
M-2022-8,111,86,4,0.0038910505836575876,1585
M-2022-8,111,96,4,0.0038910505836575876,1586
M-2022-8,111,127,4,0.0038910505836575876,1587
M-2022-8,111,133,4,0.0038910505836575876,1588
M-2022-8,111,158,4,0.0038910505836575876,1589
M-2022-8,173,175,9,0.003884333189469141,1590
M-2022-8,2,142,23,0.0038694481830417226,1591
M-2022-8,69,105,2,0.0038684719535783366,1592
M-2022-8,69,125,2,0.0038684719535783366,1593
M-2022-8,142,108,80,0.003857280617164899,1594
M-2022-8,61,156,48,0.003856660774546039,1595
M-2022-8,149,18,140,0.0038479509661105463,1596
M-2022-8,126,133,6,0.0038412291933418692,1597
M-2022-8,126,142,6,0.0038412291933418692,1598
M-2022-8,65,143,9,0.0038330494037478705,1599
M-2022-8,155,139,19,0.0038321903993545786,1600
M-2022-8,155,171,19,0.0038321903993545786,1601
M-2022-8,143,41,10,0.0038314176245210726,1602
M-2022-8,140,66,25,0.0038267258533598654,1603
M-2022-8,140,77,25,0.0038267258533598654,1604
M-2022-8,130,14,19,0.003822937625754527,1605
M-2022-8,129,124,88,0.0038204393505253103,1606
M-2022-8,109,129,5,0.0038197097020626434,1607
M-2022-8,28,83,35,0.003817626527050611,1608
M-2022-8,28,129,35,0.003817626527050611,1609
M-2022-8,141,21,5,0.003816793893129771,1610
M-2022-8,141,25,5,0.003816793893129771,1611
M-2022-8,141,49,5,0.003816793893129771,1612
M-2022-8,141,66,5,0.003816793893129771,1613
M-2022-8,141,117,5,0.003816793893129771,1614
M-2022-8,141,127,5,0.003816793893129771,1615
M-2022-8,142,46,79,0.0038090646094503374,1616
M-2022-8,168,62,13,0.003808965719308526,1617
M-2022-8,168,160,13,0.003808965719308526,1618
M-2022-8,105,117,9,0.003808717731696995,1619
M-2022-8,105,125,9,0.003808717731696995,1620
M-2022-8,105,143,9,0.003808717731696995,1621
M-2022-8,105,175,9,0.003808717731696995,1622
M-2022-8,80,117,7,0.0038064165307232192,1623
M-2022-8,84,96,8,0.0037968675842429997,1624
M-2022-8,151,122,6,0.003795066413662239,1625
M-2022-8,151,163,6,0.003795066413662239,1626
M-2022-8,151,168,6,0.003795066413662239,1627
M-2022-8,107,92,9,0.0037735849056603774,1628
M-2022-8,138,115,102,0.0037726079076820652,1629
M-2022-8,44,157,5,0.0037650602409638554,1630
M-2022-8,71,79,277,0.0037586333229303773,1631
M-2022-8,175,78,144,0.0037575346397724606,1632
M-2022-8,135,26,7,0.003757380568974772,1633
M-2022-8,135,63,7,0.003757380568974772,1634
M-2022-8,135,142,7,0.003757380568974772,1635
M-2022-8,10,86,5,0.003756574004507889,1636
M-2022-8,10,125,5,0.003756574004507889,1637
M-2022-8,90,49,15,0.0037304153195722458,1638
M-2022-8,90,82,15,0.0037304153195722458,1639
M-2022-8,4,28,2,0.0037243947858473,1640
M-2022-8,4,115,2,0.0037243947858473,1641
M-2022-8,157,176,6,0.0037174721189591076,1642
M-2022-8,14,149,24,0.0037117228580266005,1643
M-2022-8,154,19,5,0.0037064492216456633,1644
M-2022-8,154,32,5,0.0037064492216456633,1645
M-2022-8,123,51,16,0.0037054191755442334,1646
M-2022-8,123,163,16,0.0037054191755442334,1647
M-2022-8,170,86,9,0.003703703703703704,1648
M-2022-8,170,155,9,0.003703703703703704,1649
M-2022-8,1,2,19,0.003692188107267781,1650
M-2022-8,1,125,19,0.003692188107267781,1651
M-2022-8,66,25,11,0.003691275167785235,1652
M-2022-8,66,136,11,0.003691275167785235,1653
M-2022-8,66,141,11,0.003691275167785235,1654
M-2022-8,66,148,11,0.003691275167785235,1655
M-2022-8,66,156,11,0.003691275167785235,1656
M-2022-8,63,28,31,0.003685211602472658,1657
M-2022-8,11,49,6,0.0036809815950920245,1658
M-2022-8,11,115,6,0.0036809815950920245,1659
M-2022-8,11,140,6,0.0036809815950920245,1660
M-2022-8,11,143,6,0.0036809815950920245,1661
M-2022-8,11,149,6,0.0036809815950920245,1662
M-2022-8,11,175,6,0.0036809815950920245,1663
M-2022-8,139,11,5,0.0036737692872887582,1664
M-2022-8,139,80,5,0.0036737692872887582,1665
M-2022-8,139,126,5,0.0036737692872887582,1666
M-2022-8,139,154,5,0.0036737692872887582,1667
M-2022-8,17,156,37,0.0036481956221652533,1668
M-2022-8,112,115,8,0.0036463081130355514,1669
M-2022-8,31,142,17,0.0036433776253750536,1670
M-2022-8,49,136,48,0.0036391205458680817,1671
M-2022-8,115,153,50,0.0036371571979340947,1672
M-2022-8,155,68,18,0.003630496167809601,1673
M-2022-8,155,71,18,0.003630496167809601,1674
M-2022-8,125,156,13,0.003627232142857143,1675
M-2022-8,26,28,4,0.003626473254759746,1676
M-2022-8,26,29,4,0.003626473254759746,1677
M-2022-8,26,61,4,0.003626473254759746,1678
M-2022-8,26,77,4,0.003626473254759746,1679
M-2022-8,130,129,18,0.0036217303822937627,1680
M-2022-8,74,142,13,0.003620161514898357,1681
M-2022-8,8,117,8,0.003616636528028933,1682
M-2022-8,8,122,8,0.003616636528028933,1683
M-2022-8,51,117,57,0.0036101083032490976,1684
M-2022-8,113,14,7,0.0036101083032490976,1685
M-2022-8,176,130,6,0.0036101083032490976,1686
M-2022-8,79,74,34,0.0036097250238878863,1687
M-2022-8,99,117,65,0.0036065028019752537,1688
M-2022-8,52,75,4,0.0036036036036036037,1689
M-2022-8,52,154,4,0.0036036036036036037,1690
M-2022-8,52,176,4,0.0036036036036036037,1691
M-2022-8,12,29,8,0.0035971223021582736,1692
M-2022-8,12,86,8,0.0035971223021582736,1693
M-2022-8,12,138,8,0.0035971223021582736,1694
M-2022-8,127,25,7,0.0035879036391594054,1695
M-2022-8,63,136,30,0.003566333808844508,1696
M-2022-8,49,13,47,0.00356330553449583,1697
M-2022-8,104,45,5,0.0035587188612099642,1698
M-2022-8,104,154,5,0.0035587188612099642,1699
M-2022-8,39,1,21,0.003543705703678704,1700
M-2022-8,39,149,21,0.003543705703678704,1701
M-2022-8,120,82,7,0.00354251012145749,1702
M-2022-8,68,18,13,0.0035393411380343046,1703
M-2022-8,23,154,16,0.0035327886950761757,1704
M-2022-8,172,122,22,0.003529600513396438,1705
M-2022-8,174,95,5,0.0035236081747709656,1706
M-2022-8,174,115,5,0.0035236081747709656,1707
M-2022-8,174,158,5,0.0035236081747709656,1708
M-2022-8,174,160,5,0.0035236081747709656,1709
M-2022-8,140,86,23,0.0035205877850910763,1710
M-2022-8,25,166,139,0.003517028490461009,1711
M-2022-8,110,122,20,0.003515556336790297,1712
M-2022-8,75,124,58,0.003499034749034749,1713
M-2022-8,1,157,18,0.003497862417411582,1714
M-2022-8,33,28,1,0.0034965034965034965,1715
M-2022-8,33,37,1,0.0034965034965034965,1716
M-2022-8,33,45,1,0.0034965034965034965,1717
M-2022-8,33,63,1,0.0034965034965034965,1718
M-2022-8,33,87,1,0.0034965034965034965,1719
M-2022-8,33,105,1,0.0034965034965034965,1720
M-2022-8,33,124,1,0.0034965034965034965,1721
M-2022-8,33,149,1,0.0034965034965034965,1722
M-2022-8,33,156,1,0.0034965034965034965,1723
M-2022-8,55,165,17,0.003490759753593429,1724
M-2022-8,166,0,7,0.0034860557768924302,1725
M-2022-8,166,36,7,0.0034860557768924302,1726
M-2022-8,166,50,7,0.0034860557768924302,1727
M-2022-8,166,77,7,0.0034860557768924302,1728
M-2022-8,37,16,2,0.003484320557491289,1729
M-2022-8,37,42,2,0.003484320557491289,1730
M-2022-8,37,117,2,0.003484320557491289,1731
M-2022-8,37,160,2,0.003484320557491289,1732
M-2022-8,0,14,3,0.0034802784222737818,1733
M-2022-8,0,72,3,0.0034802784222737818,1734
M-2022-8,163,127,8,0.0034737299174989146,1735
M-2022-8,96,25,148,0.0034569746799962627,1736
M-2022-8,89,49,2,0.0034542314335060447,1737
M-2022-8,89,117,2,0.0034542314335060447,1738
M-2022-8,89,149,2,0.0034542314335060447,1739
M-2022-8,63,156,29,0.0034474560152163575,1740
M-2022-8,148,175,18,0.0034429992348890587,1741
M-2022-8,72,74,28,0.0034427640477068732,1742
M-2022-8,88,8,1,0.003436426116838488,1743
M-2022-8,88,46,1,0.003436426116838488,1744
M-2022-8,88,50,1,0.003436426116838488,1745
M-2022-8,88,87,1,0.003436426116838488,1746
M-2022-8,88,96,1,0.003436426116838488,1747
M-2022-8,88,101,1,0.003436426116838488,1748
M-2022-8,88,104,1,0.003436426116838488,1749
M-2022-8,88,127,1,0.003436426116838488,1750
M-2022-8,88,130,1,0.003436426116838488,1751
M-2022-8,88,132,1,0.003436426116838488,1752
M-2022-8,88,136,1,0.003436426116838488,1753
M-2022-8,88,142,1,0.003436426116838488,1754
M-2022-8,88,175,1,0.003436426116838488,1755
M-2022-8,88,176,1,0.003436426116838488,1756
M-2022-8,46,143,16,0.0034283265481037067,1757
M-2022-8,119,129,8,0.003426124197002141,1758
M-2022-8,117,124,179,0.00340887450009522,1759
M-2022-8,65,155,8,0.0034071550255536627,1760
M-2022-8,124,149,78,0.003402102324769922,1761
M-2022-8,105,50,8,0.0033855268726195515,1762
M-2022-8,105,132,8,0.0033855268726195515,1763
M-2022-8,28,158,31,0.003381326352530541,1764
M-2022-8,39,110,20,0.0033749578130273373,1765
M-2022-8,29,86,74,0.0033720665299612667,1766
M-2022-8,164,133,6,0.003357582540570789,1767
M-2022-8,66,39,10,0.003355704697986577,1768
M-2022-8,66,127,10,0.003355704697986577,1769
M-2022-8,107,109,8,0.0033542976939203353,1770
M-2022-8,17,155,34,0.0033523959771248274,1771
M-2022-8,117,133,176,0.0033517425252332887,1772
M-2022-8,13,18,4,0.0033333333333333335,1773
M-2022-8,13,60,4,0.0033333333333333335,1774
M-2022-8,13,122,4,0.0033333333333333335,1775
M-2022-8,13,132,4,0.0033333333333333335,1776
M-2022-8,13,136,4,0.0033333333333333335,1777
M-2022-8,116,2,11,0.0033292978208232446,1778
M-2022-8,116,20,11,0.0033292978208232446,1779
M-2022-8,84,117,7,0.0033222591362126247,1780
M-2022-8,19,24,38,0.0033179079717104687,1781
M-2022-8,170,18,8,0.0032921810699588477,1782
M-2022-8,79,72,31,0.003291219874721308,1783
M-2022-8,64,125,13,0.003278688524590164,1784
M-2022-8,122,149,148,0.003272309188997966,1785
M-2022-8,28,27,30,0.0032722513089005235,1786
M-2022-8,96,29,140,0.0032701111837802484,1787
M-2022-8,68,51,12,0.003267084127416281,1788
M-2022-8,80,25,6,0.0032626427406199023,1789
M-2022-8,75,73,54,0.0032577220077220077,1790
M-2022-8,132,60,40,0.003251768148930981,1791
M-2022-8,14,51,21,0.0032477575007732757,1792
M-2022-8,86,153,55,0.003247328334415776,1793
M-2022-8,117,71,170,0.003237478575509427,1794
M-2022-8,90,14,13,0.003233026610295946,1795
M-2022-8,56,116,33,0.0032321253672869736,1796
M-2022-8,171,49,19,0.0032285471537807984,1797
M-2022-8,171,117,19,0.0032285471537807984,1798
M-2022-8,155,143,16,0.003227107704719645,1799
M-2022-8,155,158,16,0.003227107704719645,1800
M-2022-8,153,82,135,0.0032233417697340146,1801
M-2022-8,168,12,11,0.0032229709932610606,1802
M-2022-8,135,141,6,0.00322061191626409,1803
M-2022-8,130,82,16,0.0032193158953722333,1804
M-2022-8,130,101,16,0.0032193158953722333,1805
M-2022-8,130,117,16,0.0032193158953722333,1806
M-2022-8,50,116,29,0.0032104505701317392,1807
M-2022-8,63,155,27,0.003209700427960057,1808
M-2022-8,172,170,20,0.0032087277394513077,1809
M-2022-8,126,49,5,0.003201024327784891,1810
M-2022-8,131,132,88,0.003198720511795282,1811
M-2022-8,112,68,7,0.0031905195989061076,1812
M-2022-8,138,124,86,0.0031808262751044864,1813
M-2022-8,67,28,4,0.003179650238473768,1814
M-2022-8,67,122,4,0.003179650238473768,1815
M-2022-8,67,175,4,0.003179650238473768,1816
M-2022-8,36,60,2,0.003179650238473768,1817
M-2022-8,36,71,2,0.003179650238473768,1818
M-2022-8,36,160,2,0.003179650238473768,1819
M-2022-8,8,129,7,0.0031645569620253164,1820
M-2022-8,151,143,5,0.0031625553447185324,1821
M-2022-8,32,24,7,0.0031559963931469793,1822
M-2022-8,32,83,7,0.0031559963931469793,1823
M-2022-8,32,111,7,0.0031559963931469793,1824
M-2022-8,32,172,7,0.0031559963931469793,1825
M-2022-8,17,142,32,0.0031551962137645437,1826
M-2022-8,9,45,4,0.0031446540880503146,1827
M-2022-8,138,97,85,0.0031438399230683876,1828
M-2022-8,35,99,4,0.003142183817753339,1829
M-2022-8,43,127,9,0.0031380753138075313,1830
M-2022-8,43,133,9,0.0031380753138075313,1831
M-2022-8,81,82,9,0.0031358885017421603,1832
M-2022-8,146,69,17,0.003130755064456722,1833
M-2022-8,160,64,4,0.003125,1834
M-2022-8,160,110,4,0.003125,1835
M-2022-8,160,125,4,0.003125,1836
M-2022-8,160,155,4,0.003125,1837
M-2022-8,160,162,4,0.003125,1838
M-2022-8,18,23,47,0.0031158843808008485,1839
M-2022-8,41,133,6,0.0031120331950207467,1840
M-2022-8,156,136,67,0.0031103477090200084,1841
M-2022-8,175,74,119,0.003105184875923075,1842
M-2022-8,29,54,68,0.0030986557302346775,1843
M-2022-8,157,175,5,0.0030978934324659233,1844
M-2022-8,113,129,6,0.0030943785456420837,1845
M-2022-8,38,153,3,0.003083247687564234,1846
M-2022-8,127,43,6,0.0030753459764223477,1847
M-2022-8,127,67,6,0.0030753459764223477,1848
M-2022-8,24,52,14,0.0030742204655248135,1849
M-2022-8,72,79,25,0.003073896471166851,1850
M-2022-8,125,88,11,0.0030691964285714285,1851
M-2022-8,125,153,11,0.0030691964285714285,1852
M-2022-8,11,29,5,0.003067484662576687,1853
M-2022-8,11,63,5,0.003067484662576687,1854
M-2022-8,11,124,5,0.003067484662576687,1855
M-2022-8,117,97,161,0.0030660826509236335,1856
M-2022-8,143,28,8,0.0030651340996168583,1857
M-2022-8,143,43,8,0.0030651340996168583,1858
M-2022-8,143,53,8,0.0030651340996168583,1859
M-2022-8,143,96,8,0.0030651340996168583,1860
M-2022-8,143,127,8,0.0030651340996168583,1861
M-2022-8,74,86,11,0.003063213589529379,1862
M-2022-8,140,50,20,0.003061380682687892,1863
M-2022-8,109,53,4,0.0030557677616501145,1864
M-2022-8,28,61,28,0.0030541012216404886,1865
M-2022-8,141,11,4,0.0030534351145038168,1866
M-2022-8,141,43,4,0.0030534351145038168,1867
M-2022-8,141,83,4,0.0030534351145038168,1868
M-2022-8,122,156,138,0.0030512072167683734,1869
M-2022-8,21,117,4,0.0030511060259344014,1870
M-2022-8,172,23,19,0.0030482913524787422,1871
M-2022-8,172,155,19,0.0030482913524787422,1872
M-2022-8,163,25,7,0.00303951367781155,1873
M-2022-8,53,71,16,0.003033175355450237,1874
M-2022-8,153,129,127,0.003032328924120147,1875
M-2022-8,153,175,127,0.003032328924120147,1876
M-2022-8,2,176,18,0.003028263795423957,1877
M-2022-8,116,46,10,0.003026634382566586,1878
M-2022-8,116,49,10,0.003026634382566586,1879
M-2022-8,116,122,10,0.003026634382566586,1880
M-2022-8,64,117,12,0.003026481715006305,1881
M-2022-8,155,115,15,0.0030254134731746672,1882
M-2022-8,30,153,10,0.0030248033877797943,1883
M-2022-8,149,122,110,0.003023390044801143,1884
M-2022-8,149,130,110,0.003023390044801143,1885
M-2022-8,173,133,7,0.0030211480362537764,1886
M-2022-8,66,14,9,0.0030201342281879194,1887
M-2022-8,130,51,15,0.0030181086519114686,1888
M-2022-8,44,117,4,0.0030120481927710845,1889
M-2022-8,44,153,4,0.0030120481927710845,1890
M-2022-8,136,175,54,0.003010872595483691,1891
M-2022-8,123,33,13,0.0030106530801296896,1892
M-2022-8,176,93,5,0.0030084235860409147,1893
M-2022-8,176,109,5,0.0030084235860409147,1894
M-2022-8,83,51,69,0.003007846556233653,1895
M-2022-8,10,50,4,0.003005259203606311,1896
M-2022-8,10,160,4,0.003005259203606311,1897
M-2022-8,10,168,4,0.003005259203606311,1898
M-2022-8,46,26,14,0.0029997857295907433,1899
M-2022-8,68,140,11,0.0029948271167982575,1900
M-2022-8,91,14,9,0.0029940119760479044,1901
M-2022-8,82,74,108,0.0029925187032418953,1902
M-2022-8,50,129,27,0.0029890401859847225,1903
M-2022-8,166,53,6,0.00298804780876494,1904
M-2022-8,166,71,6,0.00298804780876494,1905
M-2022-8,92,53,3,0.00298804780876494,1906
M-2022-8,90,96,12,0.0029843322556577967,1907
M-2022-8,154,68,4,0.0029651593773165306,1908
M-2022-8,159,71,5,0.002963841138114997,1909
M-2022-8,159,142,5,0.002963841138114997,1910
M-2022-8,105,18,7,0.0029623360135421074,1911
M-2022-8,105,60,7,0.0029623360135421074,1912
M-2022-8,105,88,7,0.0029623360135421074,1913
M-2022-8,105,123,7,0.0029623360135421074,1914
M-2022-8,105,160,7,0.0029623360135421074,1915
M-2022-8,153,1,124,0.0029606991070149466,1916
M-2022-8,153,25,124,0.0029606991070149466,1917
M-2022-8,153,149,124,0.0029606991070149466,1918
M-2022-8,25,153,117,0.002960376499165022,1919
M-2022-8,49,153,39,0.0029567854435178166,1920
M-2022-8,16,2,2,0.0029542097488921715,1921
M-2022-8,16,21,2,0.0029542097488921715,1922
M-2022-8,16,39,2,0.0029542097488921715,1923
M-2022-8,16,66,2,0.0029542097488921715,1924
M-2022-8,16,91,2,0.0029542097488921715,1925
M-2022-8,16,93,2,0.0029542097488921715,1926
M-2022-8,16,105,2,0.0029542097488921715,1927
M-2022-8,16,115,2,0.0029542097488921715,1928
M-2022-8,16,130,2,0.0029542097488921715,1929
M-2022-8,16,131,2,0.0029542097488921715,1930
M-2022-8,16,133,2,0.0029542097488921715,1931
M-2022-8,16,139,2,0.0029542097488921715,1932
M-2022-8,16,158,2,0.0029542097488921715,1933
M-2022-8,16,166,2,0.0029542097488921715,1934
M-2022-8,28,31,27,0.0029450261780104713,1935
M-2022-8,139,20,4,0.0029390154298310064,1936
M-2022-8,139,77,4,0.0029390154298310064,1937
M-2022-8,139,82,4,0.0029390154298310064,1938
M-2022-8,139,117,4,0.0029390154298310064,1939
M-2022-8,139,125,4,0.0029390154298310064,1940
M-2022-8,14,11,19,0.002938447262604392,1941
M-2022-8,14,154,19,0.002938447262604392,1942
M-2022-8,56,172,30,0.002938295788442703,1943
M-2022-8,153,2,123,0.002936822501313213,1944
M-2022-8,156,28,63,0.0029246553084815003,1945
M-2022-8,111,49,3,0.0029182879377431907,1946
M-2022-8,111,115,3,0.0029182879377431907,1947
M-2022-8,111,155,3,0.0029182879377431907,1948
M-2022-8,111,163,3,0.0029182879377431907,1949
M-2022-8,111,176,3,0.0029182879377431907,1950
M-2022-8,140,148,19,0.0029083116485534976,1951
M-2022-8,75,140,48,0.0028957528957528956,1952
M-2022-8,142,175,60,0.0028929604628736743,1953
M-2022-8,171,156,17,0.0028887000849617673,1954
M-2022-8,172,1,18,0.0028878549655061768,1955
M-2022-8,170,82,7,0.002880658436213992,1956
M-2022-8,50,156,26,0.0028783349939112144,1957
M-2022-8,156,51,62,0.0028782322083468733,1958
M-2022-8,23,17,13,0.002870390814749393,1959
M-2022-8,23,19,13,0.002870390814749393,1960
M-2022-8,2,1,17,0.0028600269179004036,1961
M-2022-8,2,93,17,0.0028600269179004036,1962
M-2022-8,63,117,24,0.0028530670470756064,1963
M-2022-8,84,51,6,0.0028476506881822496,1964
M-2022-8,104,96,4,0.0028469750889679717,1965
M-2022-8,104,151,4,0.0028469750889679717,1966
M-2022-8,53,14,15,0.002843601895734597,1967
M-2022-8,53,117,15,0.002843601895734597,1968
M-2022-8,53,130,15,0.002843601895734597,1969
M-2022-8,72,80,23,0.002827984753473503,1970
M-2022-8,102,103,97,0.0028216540128574337,1971
M-2022-8,174,21,4,0.0028188865398167725,1972
M-2022-8,174,44,4,0.0028188865398167725,1973
M-2022-8,130,96,14,0.0028169014084507044,1974
M-2022-8,130,111,14,0.0028169014084507044,1975
M-2022-8,110,130,16,0.0028124450694322375,1976
M-2022-8,45,39,5,0.002810567734682406,1977
M-2022-8,152,71,1,0.0028089887640449437,1978
M-2022-8,152,83,1,0.0028089887640449437,1979
M-2022-8,152,94,1,0.0028089887640449437,1980
M-2022-8,152,172,1,0.0028089887640449437,1981
M-2022-8,49,77,37,0.002805155420773313,1982
M-2022-8,42,132,2,0.002805049088359046,1983
M-2022-8,42,133,2,0.002805049088359046,1984
M-2022-8,73,71,34,0.0028031989446780444,1985
M-2022-8,20,1,4,0.002797202797202797,1986
M-2022-8,20,156,4,0.002797202797202797,1987
M-2022-8,125,10,10,0.0027901785714285715,1988
M-2022-8,125,39,10,0.0027901785714285715,1989
M-2022-8,125,93,10,0.0027901785714285715,1990
M-2022-8,125,122,10,0.0027901785714285715,1991
M-2022-8,125,129,10,0.0027901785714285715,1992
M-2022-8,43,45,8,0.002789400278940028,1993
M-2022-8,43,54,8,0.002789400278940028,1994
M-2022-8,43,156,8,0.002789400278940028,1995
M-2022-8,43,175,8,0.002789400278940028,1996
M-2022-8,46,29,13,0.002785515320334262,1997
M-2022-8,46,62,13,0.002785515320334262,1998
M-2022-8,46,142,13,0.002785515320334262,1999
M-2022-8,74,136,10,0.00278473962684489,2000
M-2022-8,14,77,18,0.0027837921435199505,2001
M-2022-8,98,3,145,0.0027743762436859025,2002
M-2022-8,133,93,123,0.0027677144978735854,2003
M-2022-8,17,140,28,0.0027607966870439754,2004
M-2022-8,79,140,26,0.0027603779594436778,2005
M-2022-8,156,105,59,0.0027389629079429922,2006
M-2022-8,90,149,11,0.002735637901019647,2007
M-2022-8,90,158,11,0.002735637901019647,2008
M-2022-8,49,19,36,0.0027293404094010615,2009
M-2022-8,172,101,17,0.0027274185785336113,2010
M-2022-8,116,25,9,0.002723970944309927,2011
M-2022-8,116,123,9,0.002723970944309927,2012
M-2022-8,116,150,9,0.002723970944309927,2013
M-2022-8,68,46,10,0.002722570106180234,2014
M-2022-8,68,139,10,0.002722570106180234,2015
M-2022-8,30,19,9,0.0027223230490018148,2016
M-2022-8,158,175,16,0.0027206257439211018,2017
M-2022-8,1,117,14,0.0027205596579867857,2018
M-2022-8,1,168,14,0.0027205596579867857,2019
M-2022-8,26,45,3,0.0027198549410698096,2020
M-2022-8,26,66,3,0.0027198549410698096,2021
M-2022-8,26,76,3,0.0027198549410698096,2022
M-2022-8,26,86,3,0.0027198549410698096,2023
M-2022-8,26,132,3,0.0027198549410698096,2024
M-2022-8,54,86,10,0.0027166530834012497,2025
M-2022-8,144,171,8,0.0027155465037338763,2026
M-2022-8,8,97,6,0.0027124773960217,2027
M-2022-8,19,117,31,0.00270671439797433,2028
M-2022-8,32,2,6,0.002705139765554554,2029
M-2022-8,32,55,6,0.002705139765554554,2030
M-2022-8,32,143,6,0.002705139765554554,2031
M-2022-8,52,78,3,0.002702702702702703,2032
M-2022-8,52,79,3,0.002702702702702703,2033
M-2022-8,52,101,3,0.002702702702702703,2034
M-2022-8,52,141,3,0.002702702702702703,2035
M-2022-8,66,93,8,0.0026845637583892616,2036
M-2022-8,66,104,8,0.0026845637583892616,2037
M-2022-8,135,43,5,0.0026838432635534087,2038
M-2022-8,143,157,7,0.0026819923371647508,2039
M-2022-8,143,159,7,0.0026819923371647508,2040
M-2022-8,153,51,112,0.0026741798385941456,2041
M-2022-8,149,104,97,0.0026660803122337353,2042
M-2022-8,149,125,97,0.0026660803122337353,2043
M-2022-8,51,112,42,0.002660079802394072,2044
M-2022-8,22,32,2,0.0026595744680851063,2045
M-2022-8,22,142,2,0.0026595744680851063,2046
M-2022-8,22,175,2,0.0026595744680851063,2047
M-2022-8,87,127,21,0.0026589009875917953,2048
M-2022-8,49,60,35,0.00265352539802881,2049
M-2022-8,117,138,139,0.0026471148352694724,2050
M-2022-8,149,102,96,0.0026385949481900887,2051
M-2022-8,34,153,2,0.002638522427440633,2052
M-2022-8,24,93,12,0.002635046113306983,2053
M-2022-8,24,129,12,0.002635046113306983,2054
M-2022-8,155,49,13,0.0026220250100847118,2055
M-2022-8,155,149,13,0.0026220250100847118,2056
M-2022-8,136,133,47,0.0026205742960691385,2057
M-2022-8,115,19,36,0.002618753182512548,2058
M-2022-8,115,28,36,0.002618753182512548,2059
M-2022-8,57,100,5,0.0026136957658128594,2060
M-2022-8,163,93,6,0.0026052974381241857,2061
M-2022-8,163,136,6,0.0026052974381241857,2062
M-2022-8,163,158,6,0.0026052974381241857,2063
M-2022-8,118,25,3,0.0026041666666666665,2064
M-2022-8,118,150,3,0.0026041666666666665,2065
M-2022-8,156,68,56,0.0025996936075391116,2066
M-2022-8,75,22,43,0.002594111969111969,2067
M-2022-8,41,42,5,0.0025933609958506223,2068
M-2022-8,41,155,5,0.0025933609958506223,2069
M-2022-8,117,82,136,0.0025899828604075414,2070
M-2022-8,117,83,136,0.0025899828604075414,2071
M-2022-8,173,143,6,0.002589555459646094,2072
M-2022-8,122,96,117,0.0025868930750862296,2073
M-2022-8,153,142,108,0.0025786734157872116,2074
M-2022-8,31,140,12,0.002571795970852979,2075
M-2022-8,46,112,12,0.0025712449110777804,2076
M-2022-8,119,25,6,0.002569593147751606,2077
M-2022-8,119,82,6,0.002569593147751606,2078
M-2022-8,136,117,46,0.002564817396152774,2079
M-2022-8,127,87,5,0.0025627883136852894,2080
M-2022-8,127,105,5,0.0025627883136852894,2081
M-2022-8,126,12,4,0.002560819462227913,2082
M-2022-8,126,29,4,0.002560819462227913,2083
M-2022-8,126,117,4,0.002560819462227913,2084
M-2022-8,126,175,4,0.002560819462227913,2085
M-2022-8,106,65,6,0.0025575447570332483,2086
M-2022-8,106,109,6,0.0025575447570332483,2087
M-2022-8,149,155,93,0.0025561388560591484,2088
M-2022-8,142,163,53,0.0025554484088717456,2089
M-2022-8,158,20,15,0.002550586634926033,2090
M-2022-8,171,153,15,0.002548853016142736,2091
M-2022-8,79,80,24,0.0025480411933326255,2092
M-2022-8,123,160,11,0.0025474756831866605,2093
M-2022-8,56,28,26,0.0025465230166503428,2094
M-2022-8,50,28,23,0.0025462194176906895,2095
M-2022-8,105,128,6,0.0025391451544646637,2096
M-2022-8,128,2,5,0.0025329280648429585,2097
M-2022-8,128,129,5,0.0025329280648429585,2098
M-2022-8,128,143,5,0.0025329280648429585,2099
M-2022-8,19,2,29,0.0025320876626211473,2100
M-2022-8,19,129,29,0.0025320876626211473,2101
M-2022-8,39,147,15,0.002531218359770503,2102
M-2022-8,120,25,5,0.0025303643724696357,2103
M-2022-8,120,129,5,0.0025303643724696357,2104
M-2022-8,151,155,4,0.002530044275774826,2105
M-2022-8,151,158,4,0.002530044275774826,2106
M-2022-8,124,166,58,0.0025297683953417367,2107
M-2022-8,1,143,13,0.0025262339681305867,2108
M-2022-8,2,14,15,0.0025235531628532972,2109
M-2022-8,2,73,15,0.0025235531628532972,2110
M-2022-8,2,131,15,0.0025235531628532972,2111
M-2022-8,64,86,10,0.0025220680958385876,2112
M-2022-8,64,122,10,0.0025220680958385876,2113
M-2022-8,64,146,10,0.0025220680958385876,2114
M-2022-8,107,134,6,0.0025157232704402514,2115
M-2022-8,125,115,9,0.0025111607142857145,2116
M-2022-8,29,99,55,0.002506265664160401,2117
M-2022-8,13,77,3,0.0025,2118
M-2022-8,13,108,3,0.0025,2119
M-2022-8,13,133,3,0.0025,2120
M-2022-8,13,171,3,0.0025,2121
M-2022-8,63,49,21,0.0024964336661911554,2122
M-2022-8,63,153,21,0.0024964336661911554,2123
M-2022-8,40,77,3,0.0024937655860349127,2124
M-2022-8,40,79,3,0.0024937655860349127,2125
M-2022-8,97,25,88,0.002492847228123849,2126
M-2022-8,166,29,5,0.00249003984063745,2127
M-2022-8,157,28,4,0.0024783147459727386,2128
M-2022-8,157,63,4,0.0024783147459727386,2129
M-2022-8,157,116,4,0.0024783147459727386,2130
M-2022-8,157,127,4,0.0024783147459727386,2131
M-2022-8,157,129,4,0.0024783147459727386,2132
M-2022-8,14,68,16,0.0024744819053510673,2133
M-2022-8,14,110,16,0.0024744819053510673,2134
M-2022-8,14,124,16,0.0024744819053510673,2135
M-2022-8,101,27,118,0.0024701178539281153,2136
M-2022-8,170,14,6,0.0024691358024691358,2137
M-2022-8,170,171,6,0.0024691358024691358,2138
M-2022-8,70,140,3,0.0024650780608052587,2139
M-2022-8,53,176,13,0.0024644549763033177,2140
M-2022-8,11,28,4,0.00245398773006135,2141
M-2022-8,11,122,4,0.00245398773006135,2142
M-2022-8,11,131,4,0.00245398773006135,2143
M-2022-8,11,132,4,0.00245398773006135,2144
M-2022-8,11,142,4,0.00245398773006135,2145
M-2022-8,68,49,9,0.002450313095562211,2146
M-2022-8,68,122,9,0.002450313095562211,2147
M-2022-8,54,61,9,0.0024449877750611247,2148
M-2022-8,43,19,7,0.0024407252440725243,2149
M-2022-8,43,71,7,0.0024407252440725243,2150
M-2022-8,43,115,7,0.0024407252440725243,2151
M-2022-8,43,131,7,0.0024407252440725243,2152
M-2022-8,43,160,7,0.0024407252440725243,2153
M-2022-8,81,140,7,0.0024390243902439024,2154
M-2022-8,132,175,30,0.002438826111698236,2155
M-2022-8,82,70,88,0.0024383485730119147,2156
M-2022-8,153,11,102,0.002435413781576811,2157
M-2022-8,153,52,102,0.002435413781576811,2158
M-2022-8,153,176,102,0.002435413781576811,2159
M-2022-8,116,71,8,0.002421307506053269,2160
M-2022-8,116,77,8,0.002421307506053269,2161
M-2022-8,155,86,12,0.0024203307785397336,2162
M-2022-8,155,129,12,0.0024203307785397336,2163
M-2022-8,30,111,8,0.0024198427102238356,2164
M-2022-8,150,97,3,0.0024193548387096775,2165
M-2022-8,150,138,3,0.0024193548387096775,2166
M-2022-8,130,9,12,0.002414486921529175,2167
M-2022-8,156,139,52,0.0024140012070006035,2168
M-2022-8,169,86,5,0.0024084778420038534,2169
M-2022-8,176,86,4,0.0024067388688327317,2170
M-2022-8,176,133,4,0.0024067388688327317,2171
M-2022-8,176,139,4,0.0024067388688327317,2172
M-2022-8,176,141,4,0.0024067388688327317,2173
M-2022-8,176,143,4,0.0024067388688327317,2174
M-2022-8,96,164,103,0.002405867513781183,2175
M-2022-8,117,176,126,0.0023995429442011046,2176
M-2022-8,67,54,3,0.0023847376788553257,2177
M-2022-8,67,71,3,0.0023847376788553257,2178
M-2022-8,67,82,3,0.0023847376788553257,2179
M-2022-8,67,143,3,0.0023847376788553257,2180
M-2022-8,67,155,3,0.0023847376788553257,2181
M-2022-8,82,140,86,0.002382931559988917,2182
M-2022-8,158,79,14,0.002380547525930964,2183
M-2022-8,25,175,94,0.0023784221446283083,2184
M-2022-8,144,61,7,0.0023761031907671417,2185
M-2022-8,144,66,7,0.0023761031907671417,2186
M-2022-8,84,85,5,0.0023730422401518746,2187
M-2022-8,103,18,4,0.002372479240806643,2188
M-2022-8,159,82,4,0.0023710729104919974,2189
M-2022-8,159,143,4,0.0023710729104919974,2190
M-2022-8,137,77,3,0.002365930599369085,2191
M-2022-8,137,122,3,0.002365930599369085,2192
M-2022-8,137,124,3,0.002365930599369085,2193
M-2022-8,137,138,3,0.002365930599369085,2194
M-2022-8,39,133,14,0.002362470469119136,2195
M-2022-8,9,0,3,0.0023584905660377358,2196
M-2022-8,9,77,3,0.0023584905660377358,2197
M-2022-8,9,127,3,0.0023584905660377358,2198
M-2022-8,9,135,3,0.0023584905660377358,2199
M-2022-8,46,77,11,0.0023569745018212985,2200
M-2022-8,75,153,39,0.002352799227799228,2201
M-2022-8,97,100,83,0.0023512081810713576,2202
M-2022-8,66,11,7,0.002348993288590604,2203
M-2022-8,66,53,7,0.002348993288590604,2204
M-2022-8,66,172,7,0.002348993288590604,2205
M-2022-8,160,63,3,0.00234375,2206
M-2022-8,160,122,3,0.00234375,2207
M-2022-8,160,134,3,0.00234375,2208
M-2022-8,160,136,3,0.00234375,2209
M-2022-8,160,154,3,0.00234375,2210
M-2022-8,51,137,37,0.0023434036354423966,2211
M-2022-8,153,60,98,0.002339907358769877,2212
M-2022-8,149,86,85,0.0023362559437099745,2213
M-2022-8,72,76,19,0.0023361613180868067,2214
M-2022-8,91,0,7,0.002328675981370592,2215
M-2022-8,91,176,7,0.002328675981370592,2216
M-2022-8,29,61,51,0.0023239917976760082,2217
M-2022-8,0,50,2,0.002320185614849188,2218
M-2022-8,0,124,2,0.002320185614849188,2219
M-2022-8,14,143,15,0.0023198267862666253,2220
M-2022-8,123,153,10,0.002315886984715146,2221
M-2022-8,83,176,53,0.0023103748910200525,2222
M-2022-8,149,158,84,0.002308770579666328,2223
M-2022-8,82,153,83,0.0022998060404544195,2224
M-2022-8,143,71,6,0.0022988505747126436,2225
M-2022-8,143,87,6,0.0022988505747126436,2226
M-2022-8,102,117,79,0.0022980481135643016,2227
M-2022-8,109,106,3,0.002291825821237586,2228
M-2022-8,28,12,21,0.0022905759162303663,2229
M-2022-8,28,19,21,0.0022905759162303663,2230
M-2022-8,28,112,21,0.0022905759162303663,2231
M-2022-8,28,159,21,0.0022905759162303663,2232
M-2022-8,141,1,3,0.0022900763358778627,2233
M-2022-8,141,50,3,0.0022900763358778627,2234
M-2022-8,141,51,3,0.0022900763358778627,2235
M-2022-8,141,105,3,0.0022900763358778627,2236
M-2022-8,141,115,3,0.0022900763358778627,2237
M-2022-8,141,132,3,0.0022900763358778627,2238
M-2022-8,141,143,3,0.0022900763358778627,2239
M-2022-8,141,149,3,0.0022900763358778627,2240
M-2022-8,149,100,83,0.002281285215622681,2241
M-2022-8,51,108,36,0.0022800684020520615,2242
M-2022-8,87,124,18,0.002279057989364396,2243
M-2022-8,112,104,5,0.0022789425706472195,2244
M-2022-8,112,132,5,0.0022789425706472195,2245
M-2022-8,112,158,5,0.0022789425706472195,2246
M-2022-8,64,12,9,0.002269861286254729,2247
M-2022-8,64,127,9,0.002269861286254729,2248
M-2022-8,8,71,5,0.0022603978300180833,2249
M-2022-8,8,82,5,0.0022603978300180833,2250
M-2022-8,8,142,5,0.0022603978300180833,2251
M-2022-8,8,151,5,0.0022603978300180833,2252
M-2022-8,115,62,31,0.0022550374627191387,2253
M-2022-8,32,22,5,0.002254283137962128,2254
M-2022-8,32,78,5,0.002254283137962128,2255
M-2022-8,32,96,5,0.002254283137962128,2256
M-2022-8,32,125,5,0.002254283137962128,2257
M-2022-8,32,149,5,0.002254283137962128,2258
M-2022-8,133,136,100,0.00225017438851511,2259
M-2022-8,76,72,8,0.0022484541877459247,2260
M-2022-8,76,140,8,0.0022484541877459247,2261
M-2022-8,45,86,4,0.0022484541877459247,2262
M-2022-8,45,142,4,0.0022484541877459247,2263
M-2022-8,45,146,4,0.0022484541877459247,2264
M-2022-8,45,155,4,0.0022484541877459247,2265
M-2022-8,45,161,4,0.0022484541877459247,2266
M-2022-8,45,162,4,0.0022484541877459247,2267
M-2022-8,45,166,4,0.0022484541877459247,2268
M-2022-8,45,171,4,0.0022484541877459247,2269
M-2022-8,12,96,5,0.0022482014388489208,2270
M-2022-8,12,117,5,0.0022482014388489208,2271
M-2022-8,172,83,14,0.0022461094176159154,2272
M-2022-8,172,176,14,0.0022461094176159154,2273
M-2022-8,101,83,107,0.0022398526302568503,2274
M-2022-8,97,87,79,0.0022378969434293646,2275
M-2022-8,75,32,37,0.002232142857142857,2276
M-2022-8,136,28,40,0.002230275996654586,2277
M-2022-8,74,155,8,0.002227791701475912,2278
M-2022-8,154,17,3,0.002223869532987398,2279
M-2022-8,154,39,3,0.002223869532987398,2280
M-2022-8,154,76,3,0.002223869532987398,2281
M-2022-8,154,77,3,0.002223869532987398,2282
M-2022-8,154,82,3,0.002223869532987398,2283
M-2022-8,154,111,3,0.002223869532987398,2284
M-2022-8,154,122,3,0.002223869532987398,2285
M-2022-8,154,140,3,0.002223869532987398,2286
M-2022-8,154,141,3,0.002223869532987398,2287
M-2022-8,154,148,3,0.002223869532987398,2288
M-2022-8,153,105,93,0.00222052433026121,2289
M-2022-8,155,39,11,0.002218636546994756,2290
M-2022-8,155,43,11,0.002218636546994756,2291
M-2022-8,155,93,11,0.002218636546994756,2292
M-2022-8,155,116,11,0.002218636546994756,2293
M-2022-8,155,125,11,0.002218636546994756,2294
M-2022-8,155,141,11,0.002218636546994756,2295
M-2022-8,50,137,20,0.002214103841470165,2296
M-2022-8,130,16,11,0.0022132796780684103,2297
M-2022-8,72,78,18,0.0022132054592401327,2298
M-2022-8,171,115,13,0.0022090059473237043,2299
M-2022-8,139,2,3,0.002204261572373255,2300
M-2022-8,139,18,3,0.002204261572373255,2301
M-2022-8,139,28,3,0.002204261572373255,2302
M-2022-8,139,55,3,0.002204261572373255,2303
M-2022-8,139,72,3,0.002204261572373255,2304
M-2022-8,139,93,3,0.002204261572373255,2305
M-2022-8,139,101,3,0.002204261572373255,2306
M-2022-8,139,114,3,0.002204261572373255,2307
M-2022-8,139,132,3,0.002204261572373255,2308
M-2022-8,139,136,3,0.002204261572373255,2309
M-2022-8,139,151,3,0.002204261572373255,2310
M-2022-8,139,157,3,0.002204261572373255,2311
M-2022-8,149,71,80,0.0021988291234917405,2312
M-2022-8,24,18,10,0.0021958717610891525,2313
M-2022-8,39,11,13,0.0021937225784677693,2314
M-2022-8,177,170,3,0.002188183807439825,2315
M-2022-8,2,45,13,0.002187079407806191,2316
M-2022-8,156,82,47,0.0021818857063274685,2317
M-2022-8,28,4,20,0.002181500872600349,2318
M-2022-8,68,136,8,0.0021780560849441874,2319
M-2022-8,80,29,4,0.002175095160413268,2320
M-2022-8,153,151,91,0.002172771118857743,2321
M-2022-8,153,158,91,0.002172771118857743,2322
M-2022-8,96,83,93,0.0021722881435111653,2323
M-2022-8,163,29,5,0.0021710811984368217,2324
M-2022-8,163,123,5,0.0021710811984368217,2325
M-2022-8,163,139,5,0.0021710811984368217,2326
M-2022-8,61,142,27,0.0021693716856821467,2327
M-2022-8,14,115,14,0.0021651716671821837,2328
M-2022-8,14,157,14,0.0021651716671821837,2329
M-2022-8,173,163,5,0.0021579628830384117,2330
M-2022-8,173,166,5,0.0021579628830384117,2331
M-2022-8,87,19,17,0.0021524436566219295,2332
M-2022-8,135,153,4,0.0021470746108427268,2333
M-2022-8,31,156,10,0.0021431633090441492,2334
M-2022-8,31,158,10,0.0021431633090441492,2335
M-2022-8,140,149,14,0.0021429664778815248,2336
M-2022-8,46,175,10,0.002142704092564817,2337
M-2022-8,63,25,18,0.0021398002853067048,2338
M-2022-8,63,62,18,0.0021398002853067048,2339
M-2022-8,1,82,11,0.002137582588418189,2340
M-2022-8,1,175,11,0.002137582588418189,2341
M-2022-8,104,131,3,0.002135231316725979,2342
M-2022-8,106,53,5,0.002131287297527707,2343
M-2022-8,62,60,18,0.0021221410044800753,2344
M-2022-8,77,74,82,0.0021218237333747348,2345
M-2022-8,142,77,44,0.0021215043394406945,2346
M-2022-8,136,61,38,0.0021187621968218567,2347
M-2022-8,116,26,7,0.00211864406779661,2348
M-2022-8,116,155,7,0.00211864406779661,2349
M-2022-8,116,175,7,0.00211864406779661,2350
M-2022-8,30,46,7,0.002117362371445856,2351
M-2022-8,149,97,77,0.0021163730313608,2352
M-2022-8,105,41,5,0.0021159542953872196,2353
M-2022-8,105,45,5,0.0021159542953872196,2354
M-2022-8,105,136,5,0.0021159542953872196,2355
M-2022-8,133,149,94,0.0021151639252042034,2356
M-2022-8,174,103,3,0.0021141649048625794,2357
M-2022-8,174,138,3,0.0021141649048625794,2358
M-2022-8,174,172,3,0.0021141649048625794,2359
M-2022-8,138,46,57,0.0021082220660576245,2360
M-2022-8,20,87,3,0.002097902097902098,2361
M-2022-8,20,111,3,0.002097902097902098,2362
M-2022-8,20,127,3,0.002097902097902098,2363
M-2022-8,20,143,3,0.002097902097902098,2364
M-2022-8,20,149,3,0.002097902097902098,2365
M-2022-8,20,163,3,0.002097902097902098,2366
M-2022-8,29,101,46,0.0020961494645705173,2367
M-2022-8,41,166,4,0.002074688796680498,2368
M-2022-8,138,98,56,0.002071235714021526,2369
M-2022-8,170,4,5,0.00205761316872428,2370
M-2022-8,170,29,5,0.00205761316872428,2371
M-2022-8,170,61,5,0.00205761316872428,2372
M-2022-8,170,97,5,0.00205761316872428,2373
M-2022-8,38,34,2,0.0020554984583761563,2374
M-2022-8,38,93,2,0.0020554984583761563,2375
M-2022-8,38,117,2,0.0020554984583761563,2376
M-2022-8,38,133,2,0.0020554984583761563,2377
M-2022-8,38,147,2,0.0020554984583761563,2378
M-2022-8,38,175,2,0.0020554984583761563,2379
M-2022-8,168,130,7,0.0020509815411661296,2380
M-2022-8,127,32,4,0.0020502306509482316,2381
M-2022-8,127,133,4,0.0020502306509482316,2382
M-2022-8,127,142,4,0.0020502306509482316,2383
M-2022-8,127,155,4,0.0020502306509482316,2384
M-2022-8,77,49,79,0.0020441960358122445,2385
M-2022-8,158,143,12,0.0020404693079408265,2386
M-2022-8,171,2,12,0.0020390824129141887,2387
M-2022-8,171,46,12,0.0020390824129141887,2388
M-2022-8,15,6,1,0.002036659877800407,2389
M-2022-8,15,16,1,0.002036659877800407,2390
M-2022-8,15,27,1,0.002036659877800407,2391
M-2022-8,15,29,1,0.002036659877800407,2392
M-2022-8,15,68,1,0.002036659877800407,2393
M-2022-8,15,71,1,0.002036659877800407,2394
M-2022-8,15,99,1,0.002036659877800407,2395
M-2022-8,15,110,1,0.002036659877800407,2396
M-2022-8,15,122,1,0.002036659877800407,2397
M-2022-8,15,130,1,0.002036659877800407,2398
M-2022-8,15,132,1,0.002036659877800407,2399
M-2022-8,15,139,1,0.002036659877800407,2400
M-2022-8,15,140,1,0.002036659877800407,2401
M-2022-8,15,143,1,0.002036659877800407,2402
M-2022-8,15,152,1,0.002036659877800407,2403
M-2022-8,15,158,1,0.002036659877800407,2404
M-2022-8,15,176,1,0.002036659877800407,2405
M-2022-8,131,148,56,0.0020355494165969976,2406
M-2022-8,96,101,87,0.0020321405213491544,2407
M-2022-8,146,115,11,0.0020257826887661143,2408
M-2022-8,142,78,42,0.0020250723240115716,2409
M-2022-8,120,51,4,0.0020242914979757085,2410
M-2022-8,120,174,4,0.0020242914979757085,2411
M-2022-8,25,71,80,0.002024189059258135,2412
M-2022-8,2,49,12,0.002018842530282638,2413
M-2022-8,2,175,12,0.002018842530282638,2414
M-2022-8,77,140,78,0.0020183201366247476,2415
M-2022-8,155,124,10,0.002016942315449778,2416
M-2022-8,66,176,6,0.0020134228187919465,2417
M-2022-8,130,153,10,0.002012072434607646,2418
M-2022-8,86,108,34,0.00200743933400248,2419
M-2022-8,124,151,46,0.002006368037684826,2420
M-2022-8,5,94,4,0.001999000499750125,2421
M-2022-8,5,149,4,0.001999000499750125,2422
M-2022-8,138,172,54,0.0019972630099493287,2423
M-2022-8,166,16,4,0.00199203187250996,2424
M-2022-8,166,35,4,0.00199203187250996,2425
M-2022-8,166,49,4,0.00199203187250996,2426
M-2022-8,166,82,4,0.00199203187250996,2427
M-2022-8,92,91,2,0.00199203187250996,2428
M-2022-8,85,9,1,0.00199203187250996,2429
M-2022-8,85,14,1,0.00199203187250996,2430
M-2022-8,85,17,1,0.00199203187250996,2431
M-2022-8,85,24,1,0.00199203187250996,2432
M-2022-8,85,82,1,0.00199203187250996,2433
M-2022-8,85,90,1,0.00199203187250996,2434
M-2022-8,85,96,1,0.00199203187250996,2435
M-2022-8,85,102,1,0.00199203187250996,2436
M-2022-8,85,130,1,0.00199203187250996,2437
M-2022-8,85,138,1,0.00199203187250996,2438
M-2022-8,85,153,1,0.00199203187250996,2439
M-2022-8,75,68,33,0.0019908301158301158,2440
M-2022-8,140,2,13,0.0019898974437471298,2441
M-2022-8,140,17,13,0.0019898974437471298,2442
M-2022-8,90,124,8,0.001989554837105198,2443
M-2022-8,90,155,8,0.001989554837105198,2444
M-2022-8,23,127,9,0.001987193640980349,2445
M-2022-8,76,142,7,0.0019673974142776843,2446
M-2022-8,77,78,76,0.0019665683382497543,2447
M-2022-8,115,73,27,0.001964064886884411,2448
M-2022-8,28,2,18,0.001963350785340314,2449
M-2022-8,28,102,18,0.001963350785340314,2450
M-2022-8,83,63,45,0.001961639058413252,2451
M-2022-8,56,84,20,0.0019588638589618022,2452
M-2022-8,125,124,7,0.001953125,2453
M-2022-8,132,63,24,0.0019510608893585886,2454
M-2022-8,74,25,7,0.001949317738791423,2455
M-2022-8,74,49,7,0.001949317738791423,2456
M-2022-8,86,49,33,0.0019483970006494657,2457
M-2022-8,111,18,2,0.0019455252918287938,2458
M-2022-8,111,29,2,0.0019455252918287938,2459
M-2022-8,111,32,2,0.0019455252918287938,2460
M-2022-8,111,36,2,0.0019455252918287938,2461
M-2022-8,111,55,2,0.0019455252918287938,2462
M-2022-8,111,122,2,0.0019455252918287938,2463
M-2022-8,111,170,2,0.0019455252918287938,2464
M-2022-8,111,171,2,0.0019455252918287938,2465
M-2022-8,111,177,2,0.0019455252918287938,2466
M-2022-8,1,87,10,0.00194325689856199,2467
M-2022-8,1,112,10,0.00194325689856199,2468
M-2022-8,69,28,1,0.0019342359767891683,2469
M-2022-8,69,29,1,0.0019342359767891683,2470
M-2022-8,69,39,1,0.0019342359767891683,2471
M-2022-8,69,42,1,0.0019342359767891683,2472
M-2022-8,69,61,1,0.0019342359767891683,2473
M-2022-8,69,93,1,0.0019342359767891683,2474
M-2022-8,69,133,1,0.0019342359767891683,2475
M-2022-8,69,148,1,0.0019342359767891683,2476
M-2022-8,69,162,1,0.0019342359767891683,2477
M-2022-8,153,32,81,0.0019340050618404088,2478
M-2022-8,31,90,9,0.0019288469781397343,2479
M-2022-8,46,60,9,0.001928433683308335,2480
M-2022-8,46,117,9,0.001928433683308335,2481
M-2022-8,46,139,9,0.001928433683308335,2482
M-2022-8,71,74,142,0.0019268084182531176,2483
M-2022-8,169,122,4,0.0019267822736030828,2484
M-2022-8,172,124,12,0.0019252366436707845,2485
M-2022-8,138,50,52,0.0019232903058771314,2486
M-2022-8,165,4,12,0.0019212295869356388,2487
M-2022-8,165,154,12,0.0019212295869356388,2488
M-2022-8,126,10,3,0.0019206145966709346,2489
M-2022-8,126,11,3,0.0019206145966709346,2490
M-2022-8,126,158,3,0.0019206145966709346,2491
M-2022-8,124,130,44,0.0019191346447420073,2492
M-2022-8,143,20,5,0.0019157088122605363,2493
M-2022-8,143,86,5,0.0019157088122605363,2494
M-2022-8,143,122,5,0.0019157088122605363,2495
M-2022-8,148,134,10,0.0019127773527161439,2496
M-2022-8,134,131,14,0.0019078768056691197,2497
M-2022-8,68,28,7,0.0019057990743261638,2498
M-2022-8,68,96,7,0.0019057990743261638,2499
M-2022-8,156,2,41,0.0019033471055197066,2500
M-2022-8,156,133,41,0.0019033471055197066,2501
M-2022-8,151,28,3,0.0018975332068311196,2502
M-2022-8,151,66,3,0.0018975332068311196,2503
M-2022-8,151,71,3,0.0018975332068311196,2504
M-2022-8,151,172,3,0.0018975332068311196,2505
M-2022-8,53,2,10,0.0018957345971563982,2506
M-2022-8,96,82,81,0.0018919928991871437,2507
M-2022-8,115,155,26,0.0018913217429257292,2508
M-2022-8,50,117,17,0.0018819882652496402,2509
M-2022-8,6,86,3,0.0018714909544603868,2510
M-2022-8,158,75,11,0.0018704301989457576,2511
M-2022-8,75,70,31,0.0018701737451737451,2512
M-2022-8,171,133,11,0.001869158878504673,2513
M-2022-8,171,142,11,0.001869158878504673,2514
M-2022-8,96,111,80,0.001868634962160142,2515
M-2022-8,29,69,41,0.0018683071314650262,2516
M-2022-8,93,75,50,0.0018661590713992462,2517
M-2022-8,4,32,1,0.00186219739292365,2518
M-2022-8,4,49,1,0.00186219739292365,2519
M-2022-8,4,53,1,0.00186219739292365,2520
M-2022-8,4,76,1,0.00186219739292365,2521
M-2022-8,4,92,1,0.00186219739292365,2522
M-2022-8,4,94,1,0.00186219739292365,2523
M-2022-8,4,98,1,0.00186219739292365,2524
M-2022-8,4,117,1,0.00186219739292365,2525
M-2022-8,4,151,1,0.00186219739292365,2526
M-2022-8,4,155,1,0.00186219739292365,2527
M-2022-8,4,156,1,0.00186219739292365,2528
M-2022-8,4,172,1,0.00186219739292365,2529
M-2022-8,4,175,1,0.00186219739292365,2530
M-2022-8,157,14,3,0.0018587360594795538,2531
M-2022-8,157,50,3,0.0018587360594795538,2532
M-2022-8,157,53,3,0.0018587360594795538,2533
M-2022-8,157,71,3,0.0018587360594795538,2534
M-2022-8,157,95,3,0.0018587360594795538,2535
M-2022-8,157,122,3,0.0018587360594795538,2536
M-2022-8,157,128,3,0.0018587360594795538,2537
M-2022-8,157,160,3,0.0018587360594795538,2538
M-2022-8,14,66,12,0.0018558614290133002,2539
M-2022-8,14,82,12,0.0018558614290133002,2540
M-2022-8,14,91,12,0.0018558614290133002,2541
M-2022-8,14,119,12,0.0018558614290133002,2542
M-2022-8,14,175,12,0.0018558614290133002,2543
M-2022-8,28,90,17,0.0018542757417102968,2544
M-2022-8,28,143,17,0.0018542757417102968,2545
M-2022-8,123,105,8,0.0018527095877721167,2546
M-2022-8,123,117,8,0.0018527095877721167,2547
M-2022-8,123,166,8,0.0018527095877721167,2548
M-2022-8,2,28,11,0.0018506056527590848,2549
M-2022-8,2,108,11,0.0018506056527590848,2550
M-2022-8,2,149,11,0.0018506056527590848,2551
M-2022-8,11,8,3,0.0018404907975460123,2552
M-2022-8,11,25,3,0.0018404907975460123,2553
M-2022-8,11,62,3,0.0018404907975460123,2554
M-2022-8,11,67,3,0.0018404907975460123,2555
M-2022-8,11,82,3,0.0018404907975460123,2556
M-2022-8,11,126,3,0.0018404907975460123,2557
M-2022-8,11,136,3,0.0018404907975460123,2558
M-2022-8,140,28,12,0.0018368284096127354,2559
M-2022-8,51,123,29,0.0018367217683197162,2560
M-2022-8,112,19,4,0.0018231540565177757,2561
M-2022-8,112,25,4,0.0018231540565177757,2562
M-2022-8,112,86,4,0.0018231540565177757,2563
M-2022-8,112,160,4,0.0018231540565177757,2564
M-2022-8,29,68,40,0.001822738664843928,2565
M-2022-8,115,49,25,0.0018185785989670473,2566
M-2022-8,116,68,6,0.0018159806295399517,2567
M-2022-8,116,121,6,0.0018159806295399517,2568
M-2022-8,116,158,6,0.0018159806295399517,2569
M-2022-8,116,172,6,0.0018159806295399517,2570
M-2022-8,155,16,9,0.0018152480839048004,2571
M-2022-8,155,60,9,0.0018152480839048004,2572
M-2022-8,155,131,9,0.0018152480839048004,2573
M-2022-8,26,31,2,0.001813236627379873,2574
M-2022-8,26,68,2,0.001813236627379873,2575
M-2022-8,26,69,2,0.001813236627379873,2576
M-2022-8,26,104,2,0.001813236627379873,2577
M-2022-8,26,115,2,0.001813236627379873,2578
M-2022-8,26,116,2,0.001813236627379873,2579
M-2022-8,26,143,2,0.001813236627379873,2580
M-2022-8,26,146,2,0.001813236627379873,2581
M-2022-8,26,156,2,0.001813236627379873,2582
M-2022-8,26,163,2,0.001813236627379873,2583
M-2022-8,8,52,4,0.0018083182640144665,2584
M-2022-8,176,16,3,0.0018050541516245488,2585
M-2022-8,176,17,3,0.0018050541516245488,2586
M-2022-8,176,50,3,0.0018050541516245488,2587
M-2022-8,176,65,3,0.0018050541516245488,2588
M-2022-8,176,91,3,0.0018050541516245488,2589
M-2022-8,176,125,3,0.0018050541516245488,2590
M-2022-8,176,129,3,0.0018050541516245488,2591
M-2022-8,176,154,3,0.0018050541516245488,2592
M-2022-8,32,5,4,0.0018034265103697023,2593
M-2022-8,32,68,4,0.0018034265103697023,2594
M-2022-8,32,76,4,0.0018034265103697023,2595
M-2022-8,32,130,4,0.0018034265103697023,2596
M-2022-8,52,18,2,0.0018018018018018018,2597
M-2022-8,52,28,2,0.0018018018018018018,2598
M-2022-8,52,50,2,0.0018018018018018018,2599
M-2022-8,52,51,2,0.0018018018018018018,2600
M-2022-8,52,67,2,0.0018018018018018018,2601
M-2022-8,52,68,2,0.0018018018018018018,2602
M-2022-8,52,95,2,0.0018018018018018018,2603
M-2022-8,52,100,2,0.0018018018018018018,2604
M-2022-8,52,134,2,0.0018018018018018018,2605
M-2022-8,52,151,2,0.0018018018018018018,2606
M-2022-8,12,88,4,0.0017985611510791368,2607
M-2022-8,12,135,4,0.0017985611510791368,2608
M-2022-8,12,153,4,0.0017985611510791368,2609
M-2022-8,93,153,48,0.0017915127085432762,2610
M-2022-8,142,79,37,0.0017839922854387656,2611
M-2022-8,63,45,15,0.001783166904422254,2612
M-2022-8,63,93,15,0.001783166904422254,2613
M-2022-8,103,149,3,0.0017793594306049821,2614
M-2022-8,103,156,3,0.0017793594306049821,2615
M-2022-8,103,170,3,0.0017793594306049821,2616
M-2022-8,159,18,3,0.0017783046828689982,2617
M-2022-8,159,122,3,0.0017783046828689982,2618
M-2022-8,159,138,3,0.0017783046828689982,2619
M-2022-8,159,156,3,0.0017783046828689982,2620
M-2022-8,17,19,18,0.0017747978702425558,2621
M-2022-8,175,155,68,0.0017743913576703286,2622
M-2022-8,51,111,28,0.0017733865349293812,2623
M-2022-8,64,54,7,0.0017654476670870113,2624
M-2022-8,64,60,7,0.0017654476670870113,2625
M-2022-8,172,127,11,0.001764800256698219,2626
M-2022-8,172,149,11,0.001764800256698219,2627
M-2022-8,56,155,18,0.001762977473065622,2628
M-2022-8,165,149,11,0.0017611271213576688,2629
M-2022-8,165,176,11,0.0017611271213576688,2630
M-2022-8,168,166,6,0.0017579841781423966,2631
M-2022-8,110,123,10,0.0017577781683951485,2632
M-2022-8,117,99,92,0.0017520472290992193,2633
M-2022-8,117,172,92,0.0017520472290992193,2634
M-2022-8,1,70,9,0.001748931208705791,2635
M-2022-8,1,71,9,0.001748931208705791,2636
M-2022-8,1,122,9,0.001748931208705791,2637
M-2022-8,1,133,9,0.001748931208705791,2638
M-2022-8,175,25,67,0.0017482973671163532,2639
M-2022-8,19,140,20,0.0017462673535318257,2640
M-2022-8,28,86,16,0.0017452006980802793,2641
M-2022-8,28,115,16,0.0017452006980802793,2642
M-2022-8,83,27,40,0.0017436791630340018,2643
M-2022-8,43,18,5,0.0017433751743375174,2644
M-2022-8,43,128,5,0.0017433751743375174,2645
M-2022-8,43,142,5,0.0017433751743375174,2646
M-2022-8,81,93,5,0.0017421602787456446,2647
M-2022-8,37,45,1,0.0017421602787456446,2648
M-2022-8,37,93,1,0.0017421602787456446,2649
M-2022-8,37,110,1,0.0017421602787456446,2650
M-2022-8,37,116,1,0.0017421602787456446,2651
M-2022-8,37,123,1,0.0017421602787456446,2652
M-2022-8,37,143,1,0.0017421602787456446,2653
M-2022-8,90,25,7,0.001740860482467048,2654
M-2022-8,90,84,7,0.001740860482467048,2655
M-2022-8,163,39,4,0.0017368649587494573,2656
M-2022-8,163,60,4,0.0017368649587494573,2657
M-2022-8,163,71,4,0.0017368649587494573,2658
M-2022-8,163,89,4,0.0017368649587494573,2659
M-2022-8,163,175,4,0.0017368649587494573,2660
M-2022-8,118,96,2,0.001736111111111111,2661
M-2022-8,118,137,2,0.001736111111111111,2662
M-2022-8,118,156,2,0.001736111111111111,2663
M-2022-8,29,12,38,0.0017316017316017316,2664
M-2022-8,136,75,31,0.0017284638974073042,2665
M-2022-8,136,124,31,0.0017284638974073042,2666
M-2022-8,89,14,1,0.0017271157167530224,2667
M-2022-8,89,64,1,0.0017271157167530224,2668
M-2022-8,89,71,1,0.0017271157167530224,2669
M-2022-8,89,132,1,0.0017271157167530224,2670
M-2022-8,89,133,1,0.0017271157167530224,2671
M-2022-8,89,153,1,0.0017271157167530224,2672
M-2022-8,89,158,1,0.0017271157167530224,2673
M-2022-8,89,161,1,0.0017271157167530224,2674
M-2022-8,173,131,4,0.0017263703064307294,2675
M-2022-8,78,77,51,0.0017259467325459407,2676
M-2022-8,46,11,8,0.0017141632740518534,2677
M-2022-8,46,151,8,0.0017141632740518534,2678
M-2022-8,46,154,8,0.0017141632740518534,2679
M-2022-8,119,118,4,0.0017130620985010706,2680
M-2022-8,119,124,4,0.0017130620985010706,2681
M-2022-8,119,137,4,0.0017130620985010706,2682
M-2022-8,86,12,29,0.0017122276672374092,2683
M-2022-8,133,148,76,0.0017101325352714834,2684
M-2022-8,51,155,27,0.001710051301539046,2685
M-2022-8,132,143,21,0.0017071782781887652,2686
M-2022-8,53,149,9,0.0017061611374407583,2687
M-2022-8,53,155,9,0.0017061611374407583,2688
M-2022-8,96,137,73,0.0017051294029711297,2689
M-2022-8,14,46,11,0.0017012063099288586,2690
M-2022-8,14,100,11,0.0017012063099288586,2691
M-2022-8,14,170,11,0.0017012063099288586,2692
M-2022-8,124,90,39,0.001701051162384961,2693
M-2022-8,158,129,10,0.0017003910899506887,2694
M-2022-8,171,155,10,0.0016992353440951572,2695
M-2022-8,144,63,5,0.0016972165648336728,2696
M-2022-8,129,25,39,0.0016931492576191716,2697
M-2022-8,105,17,4,0.0016927634363097758,2698
M-2022-8,105,62,4,0.0016927634363097758,2699
M-2022-8,105,122,4,0.0016927634363097758,2700
M-2022-8,105,149,4,0.0016927634363097758,2701
M-2022-8,105,172,4,0.0016927634363097758,2702
M-2022-8,39,122,10,0.0016874789065136687,2703
M-2022-8,45,42,3,0.0016863406408094434,2704
M-2022-8,45,54,3,0.0016863406408094434,2705
M-2022-8,45,88,3,0.0016863406408094434,2706
M-2022-8,45,138,3,0.0016863406408094434,2707
M-2022-8,45,141,3,0.0016863406408094434,2708
M-2022-8,161,63,2,0.0016849199663016006,2709
M-2022-8,140,21,11,0.0016837593754783406,2710
M-2022-8,140,63,11,0.0016837593754783406,2711
M-2022-8,2,71,10,0.0016823687752355316,2712
M-2022-8,93,149,45,0.0016795431642593216,2713
M-2022-8,164,137,3,0.0016787912702853946,2714
M-2022-8,66,20,5,0.0016778523489932886,2715
M-2022-8,66,28,5,0.0016778523489932886,2716
M-2022-8,66,60,5,0.0016778523489932886,2717
M-2022-8,66,87,5,0.0016778523489932886,2718
M-2022-8,125,18,6,0.0016741071428571428,2719
M-2022-8,153,71,70,0.0016713623991213408,2720
M-2022-8,25,117,66,0.001669955973887961,2721
M-2022-8,13,17,2,0.0016666666666666668,2722
M-2022-8,13,82,2,0.0016666666666666668,2723
M-2022-8,13,88,2,0.0016666666666666668,2724
M-2022-8,13,137,2,0.0016666666666666668,2725
M-2022-8,13,140,2,0.0016666666666666668,2726
M-2022-8,99,29,30,0.0016645397547578095,2727
M-2022-8,99,160,30,0.0016645397547578095,2728
M-2022-8,40,49,2,0.0016625103906899418,2729
M-2022-8,50,24,15,0.0016605778811026237,2730
M-2022-8,50,99,15,0.0016605778811026237,2731
M-2022-8,146,127,9,0.0016574585635359116,2732
M-2022-8,100,117,20,0.0016498927569707968,2733
M-2022-8,170,68,4,0.0016460905349794238,2734
M-2022-8,170,140,4,0.0016460905349794238,2735
M-2022-8,170,141,4,0.0016460905349794238,2736
M-2022-8,170,153,4,0.0016460905349794238,2737
M-2022-8,170,176,4,0.0016460905349794238,2738
M-2022-8,70,175,2,0.0016433853738701725,2739
M-2022-8,71,153,121,0.0016418578775255438,2740
M-2022-8,29,42,36,0.0016404647983595353,2741
M-2022-8,29,155,36,0.0016404647983595353,2742
M-2022-8,68,2,6,0.0016335420637081405,2743
M-2022-8,68,148,6,0.0016335420637081405,2744
M-2022-8,54,115,6,0.0016299918500407497,2745
M-2022-8,156,155,35,0.0016248085047119447,2746
M-2022-8,175,76,62,0.001617827414346476,2747
M-2022-8,97,101,57,0.0016146851363984024,2748
M-2022-8,155,23,8,0.0016135538523598225,2749
M-2022-8,155,136,8,0.0016135538523598225,2750
M-2022-8,83,28,37,0.0016129032258064516,2751
M-2022-8,150,14,2,0.0016129032258064516,2752
M-2022-8,150,28,2,0.0016129032258064516,2753
M-2022-8,150,149,2,0.0016129032258064516,2754
M-2022-8,135,62,3,0.001610305958132045,2755
M-2022-8,135,68,3,0.001610305958132045,2756
M-2022-8,135,75,3,0.001610305958132045,2757
M-2022-8,135,129,3,0.001610305958132045,2758
M-2022-8,135,133,3,0.001610305958132045,2759
M-2022-8,135,154,3,0.001610305958132045,2760
M-2022-8,130,65,8,0.0016096579476861167,2761
M-2022-8,130,140,8,0.0016096579476861167,2762
M-2022-8,165,14,10,0.001601024655779699,2763
M-2022-8,86,93,27,0.001594143000531381,2764
M-2022-8,86,155,27,0.001594143000531381,2765
M-2022-8,49,159,21,0.001592115238817286,2766
M-2022-8,67,12,2,0.001589825119236884,2767
M-2022-8,67,72,2,0.001589825119236884,2768
M-2022-8,67,86,2,0.001589825119236884,2769
M-2022-8,67,88,2,0.001589825119236884,2770
M-2022-8,67,124,2,0.001589825119236884,2771
M-2022-8,67,132,2,0.001589825119236884,2772
M-2022-8,67,135,2,0.001589825119236884,2773
M-2022-8,67,149,2,0.001589825119236884,2774
M-2022-8,36,18,1,0.001589825119236884,2775
M-2022-8,36,29,1,0.001589825119236884,2776
M-2022-8,36,51,1,0.001589825119236884,2777
M-2022-8,36,54,1,0.001589825119236884,2778
M-2022-8,36,61,1,0.001589825119236884,2779
M-2022-8,36,122,1,0.001589825119236884,2780
M-2022-8,36,123,1,0.001589825119236884,2781
M-2022-8,36,142,1,0.001589825119236884,2782
M-2022-8,36,156,1,0.001589825119236884,2783
M-2022-8,36,157,1,0.001589825119236884,2784
M-2022-8,36,163,1,0.001589825119236884,2785
M-2022-8,108,153,11,0.0015845577643330453,2786
M-2022-8,51,153,25,0.001583380834758376,2787
M-2022-8,110,69,9,0.0015820003515556336,2788
M-2022-8,137,82,2,0.0015772870662460567,2789
M-2022-8,137,154,2,0.0015772870662460567,2790
M-2022-8,137,155,2,0.0015772870662460567,2791
M-2022-8,9,2,2,0.0015723270440251573,2792
M-2022-8,9,32,2,0.0015723270440251573,2793
M-2022-8,9,64,2,0.0015723270440251573,2794
M-2022-8,9,75,2,0.0015723270440251573,2795
M-2022-8,9,76,2,0.0015723270440251573,2796
M-2022-8,9,87,2,0.0015723270440251573,2797
M-2022-8,9,88,2,0.0015723270440251573,2798
M-2022-8,9,111,2,0.0015723270440251573,2799
M-2022-8,9,119,2,0.0015723270440251573,2800
M-2022-8,9,138,2,0.0015723270440251573,2801
M-2022-8,9,163,2,0.0015723270440251573,2802
M-2022-8,35,43,2,0.0015710919088766694,2803
M-2022-8,35,49,2,0.0015710919088766694,2804
M-2022-8,35,53,2,0.0015710919088766694,2805
M-2022-8,35,66,2,0.0015710919088766694,2806
M-2022-8,35,105,2,0.0015710919088766694,2807
M-2022-8,124,153,36,0.0015702010729707332,2808
M-2022-8,83,140,36,0.0015693112467306015,2809
M-2022-8,56,101,16,0.0015670910871694416,2810
M-2022-8,160,18,2,0.0015625,2811
M-2022-8,160,44,2,0.0015625,2812
M-2022-8,160,93,2,0.0015625,2813
M-2022-8,160,124,2,0.0015625,2814
M-2022-8,160,131,2,0.0015625,2815
M-2022-8,160,142,2,0.0015625,2816
M-2022-8,160,151,2,0.0015625,2817
M-2022-8,160,156,2,0.0015625,2818
M-2022-8,41,16,3,0.0015560165975103733,2819
M-2022-8,41,28,3,0.0015560165975103733,2820
M-2022-8,41,61,3,0.0015560165975103733,2821
M-2022-8,41,102,3,0.0015560165975103733,2822
M-2022-8,41,103,3,0.0015560165975103733,2823
M-2022-8,41,105,3,0.0015560165975103733,2824
M-2022-8,41,169,3,0.0015560165975103733,2825
M-2022-8,41,175,3,0.0015560165975103733,2826
M-2022-8,1,18,8,0.001554605518849592,2827
M-2022-8,138,100,42,0.0015534267855161446,2828
M-2022-8,50,71,14,0.0015498726890291155,2829
M-2022-8,113,101,3,0.0015471892728210418,2830
M-2022-8,71,49,114,0.0015468743639496859,2831
M-2022-8,14,141,10,0.001546551190844417,2832
M-2022-8,63,162,13,0.0015454113171659534,2833
M-2022-8,25,82,61,0.0015434441576843278,2834
M-2022-8,175,136,59,0.0015395454426845498,2835
M-2022-8,127,1,3,0.0015376729882111738,2836
M-2022-8,127,21,3,0.0015376729882111738,2837
M-2022-8,127,156,3,0.0015376729882111738,2838
M-2022-8,127,176,3,0.0015376729882111738,2839
M-2022-8,143,24,4,0.0015325670498084292,2840
M-2022-8,143,45,4,0.0015325670498084292,2841
M-2022-8,143,52,4,0.0015325670498084292,2842
M-2022-8,143,128,4,0.0015325670498084292,2843
M-2022-8,143,130,4,0.0015325670498084292,2844
M-2022-8,143,136,4,0.0015325670498084292,2845
M-2022-8,143,151,4,0.0015325670498084292,2846
M-2022-8,156,12,33,0.0015319623044426907,2847
M-2022-8,140,43,10,0.001530690341343946,2848
M-2022-8,140,51,10,0.001530690341343946,2849
M-2022-8,140,93,10,0.001530690341343946,2850
M-2022-8,140,155,10,0.001530690341343946,2851
M-2022-8,158,46,9,0.0015303519809556198,2852
M-2022-8,158,77,9,0.0015303519809556198,2853
M-2022-8,93,29,41,0.0015302504385473817,2854
M-2022-8,93,155,41,0.0015302504385473817,2855
M-2022-8,171,28,9,0.0015293118096856414,2856
M-2022-8,171,71,9,0.0015293118096856414,2857
M-2022-8,109,14,2,0.0015278838808250573,2858
M-2022-8,109,149,2,0.0015278838808250573,2859
M-2022-8,109,155,2,0.0015278838808250573,2860
M-2022-8,28,67,14,0.0015270506108202443,2861
M-2022-8,141,15,2,0.0015267175572519084,2862
M-2022-8,141,39,2,0.0015267175572519084,2863
M-2022-8,141,53,2,0.0015267175572519084,2864
M-2022-8,141,91,2,0.0015267175572519084,2865
M-2022-8,141,160,2,0.0015267175572519084,2866
M-2022-8,141,175,2,0.0015267175572519084,2867
M-2022-8,82,124,55,0.0015239678581324466,2868
M-2022-8,51,2,24,0.0015200456013680411,2869
M-2022-8,51,140,24,0.0015200456013680411,2870
M-2022-8,128,149,3,0.001519756838905775,2871
M-2022-8,120,0,3,0.0015182186234817814,2872
M-2022-8,120,14,3,0.0015182186234817814,2873
M-2022-8,120,31,3,0.0015182186234817814,2874
M-2022-8,120,125,3,0.0015182186234817814,2875
M-2022-8,120,131,3,0.0015182186234817814,2876
M-2022-8,53,83,8,0.0015165876777251184,2877
M-2022-8,138,102,41,0.0015164404334800459,2878
M-2022-8,2,163,9,0.0015141318977119785,2879
M-2022-8,116,78,5,0.001513317191283293,2880
M-2022-8,116,149,5,0.001513317191283293,2881
M-2022-8,64,29,6,0.0015132408575031526,2882
M-2022-8,64,160,6,0.0015132408575031526,2883
M-2022-8,30,51,5,0.0015124016938898972,2884
M-2022-8,30,155,5,0.0015124016938898972,2885
M-2022-8,149,93,55,0.0015116950224005716,2886
M-2022-8,44,86,2,0.0015060240963855422,2887
M-2022-8,44,143,2,0.0015060240963855422,2888
M-2022-8,10,2,2,0.0015026296018031556,2889
M-2022-8,10,25,2,0.0015026296018031556,2890
M-2022-8,10,63,2,0.0015026296018031556,2891
M-2022-8,10,71,2,0.0015026296018031556,2892
M-2022-8,10,136,2,0.0015026296018031556,2893
M-2022-8,31,153,7,0.0015002143163309043,2894
M-2022-8,46,63,7,0.0014998928647953717,2895
M-2022-8,46,82,7,0.0014998928647953717,2896
M-2022-8,46,149,7,0.0014998928647953717,2897
M-2022-8,5,96,3,0.0014992503748125937,2898
M-2022-8,134,133,11,0.0014990460615971655,2899
M-2022-8,166,115,3,0.00149402390438247,2900
M-2022-8,166,163,3,0.00149402390438247,2901
M-2022-8,93,63,40,0.0014929272571193968,2902
M-2022-8,19,52,17,0.001484327250502052,2903
M-2022-8,149,115,54,0.001484209658356925,2904
M-2022-8,149,172,54,0.001484209658356925,2905
M-2022-8,154,22,2,0.0014825796886582653,2906
M-2022-8,154,25,2,0.0014825796886582653,2907
M-2022-8,154,66,2,0.0014825796886582653,2908
M-2022-8,154,113,2,0.0014825796886582653,2909
M-2022-8,154,116,2,0.0014825796886582653,2910
M-2022-8,154,143,2,0.0014825796886582653,2911
M-2022-8,154,159,2,0.0014825796886582653,2912
M-2022-8,154,172,2,0.0014825796886582653,2913
M-2022-8,153,124,62,0.0014803495535074733,2914
M-2022-8,138,103,40,0.0014794540814439471,2915
M-2022-8,71,117,109,0.0014790289971097874,2916
M-2022-8,16,19,1,0.0014771048744460858,2917
M-2022-8,16,24,1,0.0014771048744460858,2918
M-2022-8,16,32,1,0.0014771048744460858,2919
M-2022-8,16,35,1,0.0014771048744460858,2920
M-2022-8,16,45,1,0.0014771048744460858,2921
M-2022-8,16,46,1,0.0014771048744460858,2922
M-2022-8,16,69,1,0.0014771048744460858,2923
M-2022-8,16,76,1,0.0014771048744460858,2924
M-2022-8,16,96,1,0.0014771048744460858,2925
M-2022-8,16,99,1,0.0014771048744460858,2926
M-2022-8,16,118,1,0.0014771048744460858,2927
M-2022-8,16,122,1,0.0014771048744460858,2928
M-2022-8,16,132,1,0.0014771048744460858,2929
M-2022-8,16,138,1,0.0014771048744460858,2930
M-2022-8,16,148,1,0.0014771048744460858,2931
M-2022-8,16,157,1,0.0014771048744460858,2932
M-2022-8,16,165,1,0.0014771048744460858,2933
M-2022-8,146,145,8,0.0014732965009208103,2934
M-2022-8,139,25,2,0.0014695077149155032,2935
M-2022-8,139,46,2,0.0014695077149155032,2936
M-2022-8,139,67,2,0.0014695077149155032,2937
M-2022-8,139,71,2,0.0014695077149155032,2938
M-2022-8,139,106,2,0.0014695077149155032,2939
M-2022-8,139,127,2,0.0014695077149155032,2940
M-2022-8,139,138,2,0.0014695077149155032,2941
M-2022-8,139,149,2,0.0014695077149155032,2942
M-2022-8,139,172,2,0.0014695077149155032,2943
M-2022-8,29,135,32,0.0014581909318751424,2944
M-2022-8,136,132,26,0.0014496793978254808,2945
M-2022-8,117,14,76,0.0014473433631689203,2946
M-2022-8,61,115,18,0.0014462477904547647,2947
M-2022-8,61,155,18,0.0014462477904547647,2948
M-2022-8,169,117,3,0.001445086705202312,2949
M-2022-8,172,93,9,0.0014439274827530884,2950
M-2022-8,172,134,9,0.0014439274827530884,2951
M-2022-8,172,138,9,0.0014439274827530884,2952
M-2022-8,165,172,9,0.001440922190201729,2953
M-2022-8,55,1,7,0.001437371663244353,2954
M-2022-8,149,61,52,0.0014292389302696315,2955
M-2022-8,117,155,75,0.0014282993715482766,2956
M-2022-8,63,125,12,0.0014265335235378032,2957
M-2022-8,63,133,12,0.0014265335235378032,2958
M-2022-8,84,153,3,0.0014238253440911248,2959
M-2022-8,104,29,2,0.0014234875444839859,2960
M-2022-8,104,66,2,0.0014234875444839859,2961
M-2022-8,104,68,2,0.0014234875444839859,2962
M-2022-8,104,103,2,0.0014234875444839859,2963
M-2022-8,104,138,2,0.0014234875444839859,2964
M-2022-8,104,156,2,0.0014234875444839859,2965
M-2022-8,104,175,2,0.0014234875444839859,2966
M-2022-8,104,176,2,0.0014234875444839859,2967
M-2022-8,28,82,13,0.0014179755671902268,2968
M-2022-8,86,133,24,0.0014170160004723386,2969
M-2022-8,29,11,31,0.0014126224652540442,2970
M-2022-8,155,25,7,0.0014118596208148447,2971
M-2022-8,155,69,7,0.0014118596208148447,2972
M-2022-8,155,77,7,0.0014118596208148447,2973
M-2022-8,174,50,2,0.0014094432699083862,2974
M-2022-8,174,156,2,0.0014094432699083862,2975
M-2022-8,174,176,2,0.0014094432699083862,2976
M-2022-8,117,93,74,0.0014092553799276329,2977
M-2022-8,153,63,59,0.001408719736402273,2978
M-2022-8,153,148,59,0.001408719736402273,2979
M-2022-8,130,71,7,0.0014084507042253522,2980
M-2022-8,130,90,7,0.0014084507042253522,2981
M-2022-8,130,91,7,0.0014084507042253522,2982
M-2022-8,130,149,7,0.0014084507042253522,2983
M-2022-8,130,176,7,0.0014084507042253522,2984
M-2022-8,110,175,8,0.0014062225347161188,2985
M-2022-8,76,49,5,0.001405283867341203,2986
M-2022-8,76,75,5,0.001405283867341203,2987
M-2022-8,76,81,5,0.001405283867341203,2988
M-2022-8,76,153,5,0.001405283867341203,2989
M-2022-8,42,37,1,0.001402524544179523,2990
M-2022-8,42,50,1,0.001402524544179523,2991
M-2022-8,42,131,1,0.001402524544179523,2992
M-2022-8,42,135,1,0.001402524544179523,2993
M-2022-8,42,138,1,0.001402524544179523,2994
M-2022-8,42,139,1,0.001402524544179523,2995
M-2022-8,42,141,1,0.001402524544179523,2996
M-2022-8,42,143,1,0.001402524544179523,2997
M-2022-8,42,155,1,0.001402524544179523,2998
M-2022-8,20,18,2,0.0013986013986013986,2999
M-2022-8,20,52,2,0.0013986013986013986,3000
M-2022-8,20,53,2,0.0013986013986013986,3001
M-2022-8,20,93,2,0.0013986013986013986,3002
M-2022-8,20,117,2,0.0013986013986013986,3003
M-2022-8,20,129,2,0.0013986013986013986,3004
M-2022-8,20,140,2,0.0013986013986013986,3005
M-2022-8,19,93,16,0.0013970138828254606,3006
M-2022-8,125,12,5,0.0013950892857142857,3007
M-2022-8,43,11,4,0.001394700139470014,3008
M-2022-8,43,28,4,0.001394700139470014,3009
M-2022-8,43,82,4,0.001394700139470014,3010
M-2022-8,136,63,25,0.0013939224979091162,3011
M-2022-8,81,76,4,0.0013937282229965157,3012
M-2022-8,81,142,4,0.0013937282229965157,3013
M-2022-8,87,140,11,0.001392757660167131,3014
M-2022-8,74,46,5,0.001392369813422445,3015
M-2022-8,74,117,5,0.001392369813422445,3016
M-2022-8,74,131,5,0.001392369813422445,3017
M-2022-8,14,76,9,0.0013918960717599752,3018
M-2022-8,14,111,9,0.0013918960717599752,3019
M-2022-8,14,122,9,0.0013918960717599752,3020
M-2022-8,14,140,9,0.0013918960717599752,3021
M-2022-8,14,158,9,0.0013918960717599752,3022
M-2022-8,117,4,73,0.0013902113883069891,3023
M-2022-8,153,41,58,0.0013848431307005396,3024
M-2022-8,71,25,102,0.0013840454835339295,3025
M-2022-8,175,153,53,0.0013829814993606972,3026
M-2022-8,175,156,53,0.0013829814993606972,3027
M-2022-8,132,68,17,0.001382001463295667,3028
M-2022-8,79,78,13,0.0013801889797218389,3029
M-2022-8,140,70,9,0.0013776213072095515,3030
M-2022-8,140,79,9,0.0013776213072095515,3031
M-2022-8,140,122,9,0.0013776213072095515,3032
M-2022-8,56,59,14,0.0013712047012732615,3033
M-2022-8,112,33,3,0.0013673655423883319,3034
M-2022-8,112,67,3,0.0013673655423883319,3035
M-2022-8,112,127,3,0.0013673655423883319,3036
M-2022-8,112,155,3,0.0013673655423883319,3037
M-2022-8,61,49,17,0.0013659006909850554,3038
M-2022-8,61,136,17,0.0013659006909850554,3039
M-2022-8,61,153,17,0.0013659006909850554,3040
M-2022-8,49,86,18,0.0013646702047005307,3041
M-2022-8,153,19,57,0.0013609665249988063,3042
M-2022-8,153,110,57,0.0013609665249988063,3043
M-2022-8,158,19,8,0.0013603128719605509,3044
M-2022-8,158,133,8,0.0013603128719605509,3045
M-2022-8,158,136,8,0.0013603128719605509,3046
M-2022-8,1,20,7,0.0013602798289933929,3047
M-2022-8,1,149,7,0.0013602798289933929,3048
M-2022-8,171,19,8,0.0013593882752761257,3049
M-2022-8,54,122,5,0.0013583265417006249,3050
M-2022-8,144,71,4,0.0013577732518669382,3051
M-2022-8,144,146,4,0.0013577732518669382,3052
M-2022-8,8,61,3,0.00135623869801085,3053
M-2022-8,8,102,3,0.00135623869801085,3054
M-2022-8,8,130,3,0.00135623869801085,3055
M-2022-8,8,162,3,0.00135623869801085,3056
M-2022-8,78,142,40,0.0013536837118007378,3057
M-2022-8,32,11,3,0.001352569882777277,3058
M-2022-8,32,15,3,0.001352569882777277,3059
M-2022-8,32,23,3,0.001352569882777277,3060
M-2022-8,32,53,3,0.001352569882777277,3061
M-2022-8,32,126,3,0.001352569882777277,3062
M-2022-8,72,117,11,0.0013525144473134146,3063
M-2022-8,72,140,11,0.0013525144473134146,3064
M-2022-8,142,49,28,0.0013500482160077145,3065
M-2022-8,39,105,8,0.0013499831252109348,3066
M-2022-8,12,49,3,0.0013489208633093526,3067
M-2022-8,12,105,3,0.0013489208633093526,3068
M-2022-8,12,124,3,0.0013489208633093526,3069
M-2022-8,12,133,3,0.0013489208633093526,3070
M-2022-8,12,142,3,0.0013489208633093526,3071
M-2022-8,12,149,3,0.0013489208633093526,3072
M-2022-8,12,168,3,0.0013489208633093526,3073
M-2022-8,12,171,3,0.0013489208633093526,3074
M-2022-8,156,130,29,0.0013462699039041828,3075
M-2022-8,2,46,8,0.0013458950201884253,3076
M-2022-8,2,77,8,0.0013458950201884253,3077
M-2022-8,2,96,8,0.0013458950201884253,3078
M-2022-8,2,140,8,0.0013458950201884253,3079
M-2022-8,93,117,36,0.0013436345314074571,3080
M-2022-8,66,52,4,0.0013422818791946308,3081
M-2022-8,66,124,4,0.0013422818791946308,3082
M-2022-8,148,155,7,0.0013389441469013007,3083
M-2022-8,153,77,56,0.0013370899192970728,3084
M-2022-8,117,157,70,0.0013330794134450582,3085
M-2022-8,91,129,4,0.0013306719893546241,3086
M-2022-8,91,154,4,0.0013306719893546241,3087
M-2022-8,82,76,48,0.0013300083125519534,3088
M-2022-8,22,17,1,0.0013297872340425532,3089
M-2022-8,22,18,1,0.0013297872340425532,3090
M-2022-8,22,49,1,0.0013297872340425532,3091
M-2022-8,22,62,1,0.0013297872340425532,3092
M-2022-8,22,65,1,0.0013297872340425532,3093
M-2022-8,22,66,1,0.0013297872340425532,3094
M-2022-8,22,106,1,0.0013297872340425532,3095
M-2022-8,22,107,1,0.0013297872340425532,3096
M-2022-8,22,134,1,0.0013297872340425532,3097
M-2022-8,50,49,12,0.001328462304882099,3098
M-2022-8,50,115,12,0.001328462304882099,3099
M-2022-8,133,86,59,0.0013276028892239148,3100
M-2022-8,53,3,7,0.0013270142180094786,3101
M-2022-8,53,153,7,0.0013270142180094786,3102
M-2022-8,53,172,7,0.0013270142180094786,3103
M-2022-8,23,95,6,0.0013247957606535659,3104
M-2022-8,23,156,6,0.0013247957606535659,3105
M-2022-8,29,63,29,0.0013214855320118478,3106
M-2022-8,34,18,1,0.0013192612137203166,3107
M-2022-8,34,60,1,0.0013192612137203166,3108
M-2022-8,34,61,1,0.0013192612137203166,3109
M-2022-8,34,72,1,0.0013192612137203166,3110
M-2022-8,34,78,1,0.0013192612137203166,3111
M-2022-8,34,144,1,0.0013192612137203166,3112
M-2022-8,117,68,69,0.0013140354218244144,3113
M-2022-8,28,71,12,0.0013089005235602095,3114
M-2022-8,28,118,12,0.0013089005235602095,3115
M-2022-8,83,91,30,0.0013077593722755014,3116
M-2022-8,63,142,11,0.001307655729909653,3117
M-2022-8,163,1,3,0.0013026487190620929,3118
M-2022-8,163,82,3,0.0013026487190620929,3119
M-2022-8,163,86,3,0.0013026487190620929,3120
M-2022-8,163,117,3,0.0013026487190620929,3121
M-2022-8,163,133,3,0.0013026487190620929,3122
M-2022-8,163,141,3,0.0013026487190620929,3123
M-2022-8,163,171,3,0.0013026487190620929,3124
M-2022-8,82,79,47,0.0013022998060404545,3125
M-2022-8,132,25,16,0.0013007072595723926,3126
M-2022-8,62,171,11,0.0012968639471822683,3127
M-2022-8,108,28,9,0.0012964563526361278,3128
M-2022-8,108,50,9,0.0012964563526361278,3129
M-2022-8,31,28,6,0.0012858979854264896,3130
M-2022-8,31,119,6,0.0012858979854264896,3131
M-2022-8,46,18,6,0.0012856224555388902,3132
M-2022-8,46,28,6,0.0012856224555388902,3133
M-2022-8,46,127,6,0.0012856224555388902,3134
M-2022-8,46,138,6,0.0012856224555388902,3135
M-2022-8,46,171,6,0.0012856224555388902,3136
M-2022-8,61,93,16,0.0012855535915153463,3137
M-2022-8,119,28,3,0.001284796573875803,3138
M-2022-8,119,32,3,0.001284796573875803,3139
M-2022-8,172,154,8,0.001283491095780523,3140
M-2022-8,136,60,23,0.001282408698076387,3141
M-2022-8,122,2,58,0.0012823914389316353,3142
M-2022-8,165,106,8,0.001280819724623759,3143
M-2022-8,126,18,2,0.0012804097311139564,3144
M-2022-8,126,41,2,0.0012804097311139564,3145
M-2022-8,126,46,2,0.0012804097311139564,3146
M-2022-8,126,105,2,0.0012804097311139564,3147
M-2022-8,126,135,2,0.0012804097311139564,3148
M-2022-8,126,156,2,0.0012804097311139564,3149
M-2022-8,29,156,28,0.0012759170653907496,3150
M-2022-8,105,1,3,0.0012695725772323319,3151
M-2022-8,105,35,3,0.0012695725772323319,3152
M-2022-8,105,46,3,0.0012695725772323319,3153
M-2022-8,105,68,3,0.0012695725772323319,3154
M-2022-8,105,116,3,0.0012695725772323319,3155
M-2022-8,105,126,3,0.0012695725772323319,3156
M-2022-8,105,131,3,0.0012695725772323319,3157
M-2022-8,105,176,3,0.0012695725772323319,3158
M-2022-8,93,61,34,0.0012689881685514874,3159
M-2022-8,51,25,20,0.0012667046678067008,3160
M-2022-8,153,23,53,0.0012654601021918723,3161
M-2022-8,153,83,53,0.0012654601021918723,3162
M-2022-8,151,14,2,0.001265022137887413,3163
M-2022-8,151,15,2,0.001265022137887413,3164
M-2022-8,151,18,2,0.001265022137887413,3165
M-2022-8,151,19,2,0.001265022137887413,3166
M-2022-8,151,23,2,0.001265022137887413,3167
M-2022-8,151,61,2,0.001265022137887413,3168
M-2022-8,151,105,2,0.001265022137887413,3169
M-2022-8,151,108,2,0.001265022137887413,3170
M-2022-8,151,111,2,0.001265022137887413,3171
M-2022-8,151,114,2,0.001265022137887413,3172
M-2022-8,151,133,2,0.001265022137887413,3173
M-2022-8,151,141,2,0.001265022137887413,3174
M-2022-8,151,149,2,0.001265022137887413,3175
M-2022-8,124,82,29,0.0012648841976708684,3176
M-2022-8,107,53,3,0.0012578616352201257,3177
M-2022-8,107,155,3,0.0012578616352201257,3178
M-2022-8,156,52,27,0.0012534237036349288,3179
M-2022-8,156,163,27,0.0012534237036349288,3180
M-2022-8,145,49,2,0.0012531328320802004,3181
M-2022-8,145,171,2,0.0012531328320802004,3182
M-2022-8,6,94,2,0.0012476606363069245,3183
M-2022-8,90,111,5,0.0012434717731907485,3184
M-2022-8,153,22,52,0.001241583496490139,3185
M-2022-8,25,122,49,0.0012398157987956076,3186
M-2022-8,157,80,2,0.0012391573729863693,3187
M-2022-8,157,124,2,0.0012391573729863693,3188
M-2022-8,157,126,2,0.0012391573729863693,3189
M-2022-8,157,131,2,0.0012391573729863693,3190
M-2022-8,157,148,2,0.0012391573729863693,3191
M-2022-8,157,154,2,0.0012391573729863693,3192
M-2022-8,157,166,2,0.0012391573729863693,3193
M-2022-8,96,124,53,0.001237970662431094,3194
M-2022-8,117,103,65,0.0012378594553418395,3195
M-2022-8,14,32,8,0.0012372409526755336,3196
M-2022-8,149,156,45,0.001236841381964104,3197
M-2022-8,115,42,17,0.0012366334472975922,3198
M-2022-8,60,156,27,0.001235019668831763,3199
M-2022-8,170,2,3,0.0012345679012345679,3200
M-2022-8,170,62,3,0.0012345679012345679,3201
M-2022-8,170,71,3,0.0012345679012345679,3202
M-2022-8,170,115,3,0.0012345679012345679,3203
M-2022-8,170,125,3,0.0012345679012345679,3204
M-2022-8,170,154,3,0.0012345679012345679,3205
M-2022-8,170,177,3,0.0012345679012345679,3206
M-2022-8,110,153,7,0.0012304447178766039,3207
M-2022-8,11,17,2,0.001226993865030675,3208
M-2022-8,11,19,2,0.001226993865030675,3209
M-2022-8,11,71,2,0.001226993865030675,3210
M-2022-8,11,110,2,0.001226993865030675,3211
M-2022-8,98,149,64,0.001224552273075157,3212
M-2022-8,140,11,8,0.001224552273075157,3213
M-2022-8,140,25,8,0.001224552273075157,3214
M-2022-8,140,108,8,0.001224552273075157,3215
M-2022-8,19,49,14,0.001222387147472278,3216
M-2022-8,124,93,28,0.0012212675011994592,3217
M-2022-8,138,170,33,0.0012205496171912565,3218
M-2022-8,50,17,11,0.0012177571128085907,3219
M-2022-8,50,142,11,0.0012177571128085907,3220
M-2022-8,49,117,16,0.0012130401819560274,3221
M-2022-8,116,36,4,0.0012106537530266344,3222
M-2022-8,116,120,4,0.0012106537530266344,3223
M-2022-8,116,156,4,0.0012106537530266344,3224
M-2022-8,155,53,6,0.0012101653892698668,3225
M-2022-8,155,72,6,0.0012101653892698668,3226
M-2022-8,155,91,6,0.0012101653892698668,3227
M-2022-8,155,110,6,0.0012101653892698668,3228
M-2022-8,155,148,6,0.0012101653892698668,3229
M-2022-8,155,163,6,0.0012101653892698668,3230
M-2022-8,30,149,4,0.0012099213551119178,3231
M-2022-8,130,53,6,0.0012072434607645875,3232
M-2022-8,130,155,6,0.0012072434607645875,3233
M-2022-8,130,175,6,0.0012072434607645875,3234
M-2022-8,156,140,26,0.0012070006035003018,3235
M-2022-8,142,158,25,0.0012054001928640309,3236
M-2022-8,61,175,15,0.0012052064920456372,3237
M-2022-8,176,11,2,0.0012033694344163659,3238
M-2022-8,176,12,2,0.0012033694344163659,3239
M-2022-8,176,19,2,0.0012033694344163659,3240
M-2022-8,176,28,2,0.0012033694344163659,3241
M-2022-8,176,51,2,0.0012033694344163659,3242
M-2022-8,176,107,2,0.0012033694344163659,3243
M-2022-8,176,113,2,0.0012033694344163659,3244
M-2022-8,176,126,2,0.0012033694344163659,3245
M-2022-8,176,138,2,0.0012033694344163659,3246
M-2022-8,176,159,2,0.0012033694344163659,3247
M-2022-8,176,175,2,0.0012033694344163659,3248
M-2022-8,28,155,11,0.001199825479930192,3249
M-2022-8,117,164,63,0.0011997714721005523,3250
M-2022-8,158,2,7,0.001190273762965482,3251
M-2022-8,158,31,7,0.001190273762965482,3252
M-2022-8,158,50,7,0.001190273762965482,3253
M-2022-8,158,61,7,0.001190273762965482,3254
M-2022-8,158,122,7,0.001190273762965482,3255
M-2022-8,171,51,7,0.0011894647408666101,3256
M-2022-8,171,82,7,0.0011894647408666101,3257
M-2022-8,103,83,2,0.0011862396204033216,3258
M-2022-8,103,122,2,0.0011862396204033216,3259
M-2022-8,159,11,2,0.0011855364552459987,3260
M-2022-8,159,39,2,0.0011855364552459987,3261
M-2022-8,159,87,2,0.0011855364552459987,3262
M-2022-8,159,88,2,0.0011855364552459987,3263
M-2022-8,159,115,2,0.0011855364552459987,3264
M-2022-8,159,124,2,0.0011855364552459987,3265
M-2022-8,159,125,2,0.0011855364552459987,3266
M-2022-8,29,137,26,0.0011847801321485532,3267
M-2022-8,29,175,26,0.0011847801321485532,3268
M-2022-8,39,86,7,0.001181235234559568,3269
M-2022-8,86,117,20,0.0011808466670602822,3270
M-2022-8,117,175,62,0.0011807274804799086,3271
M-2022-8,2,147,7,0.0011776581426648722,3272
M-2022-8,168,13,4,0.0011719894520949312,3273
M-2022-8,168,28,4,0.0011719894520949312,3274
M-2022-8,168,46,4,0.0011719894520949312,3275
M-2022-8,168,69,4,0.0011719894520949312,3276
M-2022-8,168,104,4,0.0011719894520949312,3277
M-2022-8,168,153,4,0.0011719894520949312,3278
M-2022-8,136,153,21,0.0011708948982436576,3279
M-2022-8,153,143,49,0.0011699536793849385,3280
M-2022-8,1,127,6,0.001165954139137194,3281
M-2022-8,115,151,16,0.0011638903033389103,3282
M-2022-8,82,25,42,0.0011637572734829592,3283
M-2022-8,0,3,1,0.001160092807424594,3284
M-2022-8,0,18,1,0.001160092807424594,3285
M-2022-8,0,59,1,0.001160092807424594,3286
M-2022-8,0,64,1,0.001160092807424594,3287
M-2022-8,0,77,1,0.001160092807424594,3288
M-2022-8,0,87,1,0.001160092807424594,3289
M-2022-8,0,95,1,0.001160092807424594,3290
M-2022-8,0,110,1,0.001160092807424594,3291
M-2022-8,0,111,1,0.001160092807424594,3292
M-2022-8,0,130,1,0.001160092807424594,3293
M-2022-8,0,140,1,0.001160092807424594,3294
M-2022-8,0,143,1,0.001160092807424594,3295
M-2022-8,0,155,1,0.001160092807424594,3296
M-2022-8,0,175,1,0.001160092807424594,3297
M-2022-8,93,60,31,0.0011570186242675325,3298
M-2022-8,108,158,8,0.0011524056467876692,3299
M-2022-8,78,79,34,0.001150631155030627,3300
M-2022-8,143,1,3,0.0011494252873563218,3301
M-2022-8,143,29,3,0.0011494252873563218,3302
M-2022-8,143,66,3,0.0011494252873563218,3303
M-2022-8,143,77,3,0.0011494252873563218,3304
M-2022-8,143,105,3,0.0011494252873563218,3305
M-2022-8,143,114,3,0.0011494252873563218,3306
M-2022-8,143,160,3,0.0011494252873563218,3307
M-2022-8,143,163,3,0.0011494252873563218,3308
M-2022-8,143,171,3,0.0011494252873563218,3309
M-2022-8,75,142,19,0.0011462355212355213,3310
M-2022-8,29,74,25,0.001139211665527455,3311
M-2022-8,132,139,14,0.0011381188521258434,3312
M-2022-8,53,23,6,0.001137440758293839,3313
M-2022-8,53,28,6,0.001137440758293839,3314
M-2022-8,53,51,6,0.001137440758293839,3315
M-2022-8,53,72,6,0.001137440758293839,3316
M-2022-8,53,122,6,0.001137440758293839,3317
M-2022-8,124,14,26,0.0011340341082566405,3318
M-2022-8,83,60,26,0.001133391455972101,3319
M-2022-8,83,170,26,0.001133391455972101,3320
M-2022-8,149,28,41,0.001126899925789517,3321
M-2022-8,149,176,41,0.001126899925789517,3322
M-2022-8,61,2,14,0.0011248593925759281,3323
M-2022-8,76,97,4,0.0011242270938729624,3324
M-2022-8,76,170,4,0.0011242270938729624,3325
M-2022-8,45,33,2,0.0011242270938729624,3326
M-2022-8,45,63,2,0.0011242270938729624,3327
M-2022-8,45,67,2,0.0011242270938729624,3328
M-2022-8,45,89,2,0.0011242270938729624,3329
M-2022-8,45,93,2,0.0011242270938729624,3330
M-2022-8,45,124,2,0.0011242270938729624,3331
M-2022-8,45,126,2,0.0011242270938729624,3332
M-2022-8,45,136,2,0.0011242270938729624,3333
M-2022-8,172,25,7,0.0011230547088079577,3334
M-2022-8,172,50,7,0.0011230547088079577,3335
M-2022-8,172,99,7,0.0011230547088079577,3336
M-2022-8,172,133,7,0.0011230547088079577,3337
M-2022-8,86,140,19,0.001121804333707268,3338
M-2022-8,165,47,7,0.0011207172590457894,3339
M-2022-8,164,29,2,0.001119194180190263,3340
M-2022-8,164,56,2,0.001119194180190263,3341
M-2022-8,164,60,2,0.001119194180190263,3342
M-2022-8,125,14,4,0.0011160714285714285,3343
M-2022-8,125,63,4,0.0011160714285714285,3344
M-2022-8,125,128,4,0.0011160714285714285,3345
M-2022-8,136,69,20,0.001115137998327293,3346
M-2022-8,136,122,20,0.001115137998327293,3347
M-2022-8,156,19,24,0.0011141544032310477,3348
M-2022-8,156,158,24,0.0011141544032310477,3349
M-2022-8,74,78,4,0.001113895850737956,3350
M-2022-8,74,140,4,0.001113895850737956,3351
M-2022-8,138,83,30,0.0011095905610829604,3352
M-2022-8,138,122,30,0.0011095905610829604,3353
M-2022-8,50,96,10,0.0011070519207350825,3354
M-2022-8,72,49,9,0.0011066027296200663,3355
M-2022-8,146,46,6,0.0011049723756906078,3356
M-2022-8,146,112,6,0.0011049723756906078,3357
M-2022-8,146,175,6,0.0011049723756906078,3358
M-2022-8,23,49,5,0.001103996467211305,3359
M-2022-8,23,93,5,0.001103996467211305,3360
M-2022-8,23,131,5,0.001103996467211305,3361
M-2022-8,23,158,5,0.001103996467211305,3362
M-2022-8,149,151,40,0.0010994145617458703,3363
M-2022-8,24,142,5,0.0010979358805445762,3364
M-2022-8,24,143,5,0.0010979358805445762,3365
M-2022-8,24,163,5,0.0010979358805445762,3366
M-2022-8,96,138,47,0.0010978230402690834,3367
M-2022-8,29,14,24,0.0010936431989063567,3368
M-2022-8,115,157,15,0.0010911471593802284,3369
M-2022-8,28,149,10,0.0010907504363001745,3370
M-2022-8,68,163,4,0.0010890280424720937,3371
M-2022-8,80,112,2,0.001087547580206634,3372
M-2022-8,129,19,25,0.0010853520882174177,3373
M-2022-8,17,117,11,0.0010845986984815619,3374
M-2022-8,122,123,49,0.0010833996639250023,3375
M-2022-8,14,135,7,0.0010825858335910918,3376
M-2022-8,48,96,5,0.00108084738434933,3377
M-2022-8,48,117,5,0.00108084738434933,3378
M-2022-8,51,142,17,0.0010766989676356958,3379
M-2022-8,153,139,45,0.0010744472565780048,3380
M-2022-8,135,18,2,0.0010735373054213634,3381
M-2022-8,135,41,2,0.0010735373054213634,3382
M-2022-8,135,46,2,0.0010735373054213634,3383
M-2022-8,135,51,2,0.0010735373054213634,3384
M-2022-8,135,60,2,0.0010735373054213634,3385
M-2022-8,135,71,2,0.0010735373054213634,3386
M-2022-8,135,72,2,0.0010735373054213634,3387
M-2022-8,135,105,2,0.0010735373054213634,3388
M-2022-8,135,122,2,0.0010735373054213634,3389
M-2022-8,135,143,2,0.0010735373054213634,3390
M-2022-8,135,160,2,0.0010735373054213634,3391
M-2022-8,135,171,2,0.0010735373054213634,3392
M-2022-8,138,93,29,0.0010726042090468616,3393
M-2022-8,138,125,29,0.0010726042090468616,3394
M-2022-8,31,108,5,0.0010715816545220746,3395
M-2022-8,140,14,7,0.0010714832389407624,3396
M-2022-8,140,60,7,0.0010714832389407624,3397
M-2022-8,140,81,7,0.0010714832389407624,3398
M-2022-8,140,143,7,0.0010714832389407624,3399
M-2022-8,140,154,7,0.0010714832389407624,3400
M-2022-8,46,32,5,0.0010713520462824085,3401
M-2022-8,63,51,9,0.0010699001426533524,3402
M-2022-8,63,115,9,0.0010699001426533524,3403
M-2022-8,156,61,23,0.0010677313030964207,3404
M-2022-8,117,77,56,0.0010664635307560465,3405
M-2022-8,117,125,56,0.0010664635307560465,3406
M-2022-8,79,76,10,0.0010616838305552607,3407
M-2022-8,122,82,48,0.0010612894667020429,3408
M-2022-8,62,63,9,0.0010610705022400376,3409
M-2022-8,62,143,9,0.0010610705022400376,3410
M-2022-8,18,170,16,0.0010607265977194379,3411
M-2022-8,136,11,19,0.0010593810984109284,3412
M-2022-8,136,82,19,0.0010593810984109284,3413
M-2022-8,110,125,6,0.001054666901037089,3414
M-2022-8,27,94,2,0.0010520778537611783,3415
M-2022-8,27,172,2,0.0010520778537611783,3416
M-2022-8,153,43,44,0.0010505706508762715,3417
M-2022-8,153,163,44,0.0010505706508762715,3418
M-2022-8,78,75,31,0.0010491048766455718,3419
M-2022-8,97,164,37,0.0010481289481884366,3420
M-2022-8,29,25,23,0.0010480747322852587,3421
M-2022-8,29,71,23,0.0010480747322852587,3422
M-2022-8,19,133,12,0.0010477604121190954,3423
M-2022-8,117,142,55,0.0010474195391354027,3424
M-2022-8,43,1,3,0.0010460251046025104,3425
M-2022-8,43,16,3,0.0010460251046025104,3426
M-2022-8,43,93,3,0.0010460251046025104,3427
M-2022-8,43,105,3,0.0010460251046025104,3428
M-2022-8,43,126,3,0.0010460251046025104,3429
M-2022-8,43,136,3,0.0010460251046025104,3430
M-2022-8,43,140,3,0.0010460251046025104,3431
M-2022-8,81,74,3,0.0010452961672473868,3432
M-2022-8,81,77,3,0.0010452961672473868,3433
M-2022-8,61,140,13,0.0010445122931062188,3434
M-2022-8,129,142,24,0.001041938004688721,3435
M-2022-8,3,17,1,0.001040582726326743,3436
M-2022-8,3,53,1,0.001040582726326743,3437
M-2022-8,3,92,1,0.001040582726326743,3438
M-2022-8,3,94,1,0.001040582726326743,3439
M-2022-8,3,107,1,0.001040582726326743,3440
M-2022-8,3,109,1,0.001040582726326743,3441
M-2022-8,3,117,1,0.001040582726326743,3442
M-2022-8,3,124,1,0.001040582726326743,3443
M-2022-8,3,140,1,0.001040582726326743,3444
M-2022-8,3,153,1,0.001040582726326743,3445
M-2022-8,3,155,1,0.001040582726326743,3446
M-2022-8,3,161,1,0.001040582726326743,3447
M-2022-8,3,170,1,0.001040582726326743,3448
M-2022-8,41,17,2,0.001037344398340249,3449
M-2022-8,41,54,2,0.001037344398340249,3450
M-2022-8,41,60,2,0.001037344398340249,3451
M-2022-8,41,93,2,0.001037344398340249,3452
M-2022-8,41,128,2,0.001037344398340249,3453
M-2022-8,41,129,2,0.001037344398340249,3454
M-2022-8,41,132,2,0.001037344398340249,3455
M-2022-8,41,134,2,0.001037344398340249,3456
M-2022-8,41,135,2,0.001037344398340249,3457
M-2022-8,41,136,2,0.001037344398340249,3458
M-2022-8,41,138,2,0.001037344398340249,3459
M-2022-8,41,156,2,0.001037344398340249,3460
M-2022-8,77,76,40,0.0010350359674998707,3461
M-2022-8,113,100,2,0.0010314595152140279,3462
M-2022-8,38,25,1,0.0010277492291880781,3463
M-2022-8,38,36,1,0.0010277492291880781,3464
M-2022-8,38,63,1,0.0010277492291880781,3465
M-2022-8,38,79,1,0.0010277492291880781,3466
M-2022-8,38,82,1,0.0010277492291880781,3467
M-2022-8,38,115,1,0.0010277492291880781,3468
M-2022-8,38,128,1,0.0010277492291880781,3469
M-2022-8,38,132,1,0.0010277492291880781,3470
M-2022-8,38,170,1,0.0010277492291880781,3471
M-2022-8,38,176,1,0.0010277492291880781,3472
M-2022-8,153,131,43,0.001026694045174538,3473
M-2022-8,153,171,43,0.001026694045174538,3474
M-2022-8,55,61,5,0.001026694045174538,3475
M-2022-8,55,106,5,0.001026694045174538,3476
M-2022-8,127,2,2,0.0010251153254741158,3477
M-2022-8,127,20,2,0.0010251153254741158,3478
M-2022-8,127,86,2,0.0010251153254741158,3479
M-2022-8,127,134,2,0.0010251153254741158,3480
M-2022-8,156,50,22,0.0010213082029617937,3481
M-2022-8,158,39,6,0.0010202346539704133,3482
M-2022-8,158,90,6,0.0010202346539704133,3483
M-2022-8,158,117,6,0.0010202346539704133,3484
M-2022-8,158,149,6,0.0010202346539704133,3485
M-2022-8,171,162,6,0.0010195412064570944,3486
M-2022-8,144,45,3,0.0010183299389002036,3487
M-2022-8,144,60,3,0.0010183299389002036,3488
M-2022-8,144,136,3,0.0010183299389002036,3489
M-2022-8,122,71,46,0.0010170690722561245,3490
M-2022-8,98,117,53,0.0010140823511403643,3491
M-2022-8,128,49,2,0.0010131712259371835,3492
M-2022-8,128,78,2,0.0010131712259371835,3493
M-2022-8,128,125,2,0.0010131712259371835,3494
M-2022-8,128,153,2,0.0010131712259371835,3495
M-2022-8,128,158,2,0.0010131712259371835,3496
M-2022-8,87,176,8,0.0010129146619397315,3497
M-2022-8,39,157,6,0.0010124873439082012,3498
M-2022-8,120,28,2,0.0010121457489878543,3499
M-2022-8,120,67,2,0.0010121457489878543,3500
M-2022-8,120,71,2,0.0010121457489878543,3501
M-2022-8,120,116,2,0.0010121457489878543,3502
M-2022-8,120,118,2,0.0010121457489878543,3503
M-2022-8,120,124,2,0.0010121457489878543,3504
M-2022-8,120,140,2,0.0010121457489878543,3505
M-2022-8,120,149,2,0.0010121457489878543,3506
M-2022-8,120,156,2,0.0010121457489878543,3507
M-2022-8,2,82,6,0.001009421265141319,3508
M-2022-8,2,83,6,0.001009421265141319,3509
M-2022-8,2,87,6,0.001009421265141319,3510
M-2022-8,2,148,6,0.001009421265141319,3511
M-2022-8,64,130,4,0.001008827238335435,3512
M-2022-8,64,133,4,0.001008827238335435,3513
M-2022-8,155,82,5,0.001008471157724889,3514
M-2022-8,155,130,5,0.001008471157724889,3515
M-2022-8,108,13,7,0.0010083549409392106,3516
M-2022-8,108,51,7,0.0010083549409392106,3517
M-2022-8,93,175,27,0.001007725898555593,3518
M-2022-8,66,18,3,0.0010067114093959733,3519
M-2022-8,66,19,3,0.0010067114093959733,3520
M-2022-8,66,96,3,0.0010067114093959733,3521
M-2022-8,66,101,3,0.0010067114093959733,3522
M-2022-8,66,131,3,0.0010067114093959733,3523
M-2022-8,130,72,5,0.001006036217303823,3524
M-2022-8,86,168,17,0.00100371966700124,3525
M-2022-8,124,28,23,0.001003184018842413,3526
M-2022-8,153,68,42,0.0010028174394728045,3527
M-2022-8,29,46,22,0.0010025062656641604,3528
M-2022-8,29,153,22,0.0010025062656641604,3529
M-2022-8,5,18,2,0.0009995002498750624,3530
M-2022-8,5,53,2,0.0009995002498750624,3531
M-2022-8,5,155,2,0.0009995002498750624,3532
M-2022-8,91,124,3,0.000998003992015968,3533
M-2022-8,82,49,36,0.000997506234413965,3534
M-2022-8,50,93,9,0.0009963467286615742,3535
M-2022-8,166,4,2,0.00099601593625498,3536
M-2022-8,166,9,2,0.00099601593625498,3537
M-2022-8,166,21,2,0.00099601593625498,3538
M-2022-8,166,23,2,0.00099601593625498,3539
M-2022-8,166,28,2,0.00099601593625498,3540
M-2022-8,166,128,2,0.00099601593625498,3541
M-2022-8,166,131,2,0.00099601593625498,3542
M-2022-8,166,155,2,0.00099601593625498,3543
M-2022-8,92,14,1,0.00099601593625498,3544
M-2022-8,92,15,1,0.00099601593625498,3545
M-2022-8,92,83,1,0.00099601593625498,3546
M-2022-8,92,123,1,0.00099601593625498,3547
M-2022-8,92,140,1,0.00099601593625498,3548
M-2022-8,90,87,4,0.000994777418552599,3549
M-2022-8,18,1,15,0.000994431185361973,3550
M-2022-8,149,110,36,0.0009894731055712833,3551
M-2022-8,17,68,10,0.0009859988168014198,3552
M-2022-8,17,129,10,0.0009859988168014198,3553
M-2022-8,17,175,10,0.0009859988168014198,3554
M-2022-8,49,29,13,0.0009855951478392722,3555
M-2022-8,72,155,8,0.0009836468707733923,3556
M-2022-8,28,99,9,0.000981675392670157,3557
M-2022-8,28,175,9,0.000981675392670157,3558
M-2022-8,28,176,9,0.000981675392670157,3559
M-2022-8,71,80,72,0.0009769732824945385,3560
M-2022-8,132,122,12,0.0009755304446792943,3561
M-2022-8,156,86,21,0.0009748851028271668,3562
M-2022-8,111,1,1,0.0009727626459143969,3563
M-2022-8,111,4,1,0.0009727626459143969,3564
M-2022-8,111,5,1,0.0009727626459143969,3565
M-2022-8,111,9,1,0.0009727626459143969,3566
M-2022-8,111,20,1,0.0009727626459143969,3567
M-2022-8,111,27,1,0.0009727626459143969,3568
M-2022-8,111,30,1,0.0009727626459143969,3569
M-2022-8,111,43,1,0.0009727626459143969,3570
M-2022-8,111,46,1,0.0009727626459143969,3571
M-2022-8,111,60,1,0.0009727626459143969,3572
M-2022-8,111,62,1,0.0009727626459143969,3573
M-2022-8,111,72,1,0.0009727626459143969,3574
M-2022-8,111,76,1,0.0009727626459143969,3575
M-2022-8,111,78,1,0.0009727626459143969,3576
M-2022-8,111,92,1,0.0009727626459143969,3577
M-2022-8,111,93,1,0.0009727626459143969,3578
M-2022-8,111,101,1,0.0009727626459143969,3579
M-2022-8,111,104,1,0.0009727626459143969,3580
M-2022-8,111,105,1,0.0009727626459143969,3581
M-2022-8,111,113,1,0.0009727626459143969,3582
M-2022-8,111,123,1,0.0009727626459143969,3583
M-2022-8,111,128,1,0.0009727626459143969,3584
M-2022-8,111,132,1,0.0009727626459143969,3585
M-2022-8,111,134,1,0.0009727626459143969,3586
M-2022-8,111,136,1,0.0009727626459143969,3587
M-2022-8,111,141,1,0.0009727626459143969,3588
M-2022-8,111,162,1,0.0009727626459143969,3589
M-2022-8,111,164,1,0.0009727626459143969,3590
M-2022-8,1,23,5,0.000971628449280995,3591
M-2022-8,1,74,5,0.000971628449280995,3592
M-2022-8,1,147,5,0.000971628449280995,3593
M-2022-8,1,176,5,0.000971628449280995,3594
M-2022-8,93,124,26,0.0009704027171276079,3595
M-2022-8,93,125,26,0.0009704027171276079,3596
M-2022-8,142,28,20,0.0009643201542912247,3597
M-2022-8,142,51,20,0.0009643201542912247,3598
M-2022-8,169,68,2,0.0009633911368015414,3599
M-2022-8,172,8,6,0.0009626183218353923,3600
M-2022-8,149,98,35,0.0009619877415276366,3601
M-2022-8,25,28,38,0.000961489803147614,3602
M-2022-8,124,138,22,0.0009595673223710036,3603
M-2022-8,83,117,22,0.0009590235396687009,3604
M-2022-8,83,153,22,0.0009590235396687009,3605
M-2022-8,77,153,37,0.0009574082699373804,3606
M-2022-8,148,18,5,0.0009563886763580719,3607
M-2022-8,148,25,5,0.0009563886763580719,3608
M-2022-8,148,151,5,0.0009563886763580719,3609
M-2022-8,79,49,9,0.0009555154474997346,3610
M-2022-8,153,86,40,0.0009550642280693377,3611
M-2022-8,153,172,40,0.0009550642280693377,3612
M-2022-8,63,2,8,0.0009510223490252021,3613
M-2022-8,84,53,2,0.0009492168960607499,3614
M-2022-8,84,71,2,0.0009492168960607499,3615
M-2022-8,84,86,2,0.0009492168960607499,3616
M-2022-8,84,114,2,0.0009492168960607499,3617
M-2022-8,84,140,2,0.0009492168960607499,3618
M-2022-8,84,142,2,0.0009492168960607499,3619
M-2022-8,53,82,5,0.0009478672985781991,3620
M-2022-8,53,124,5,0.0009478672985781991,3621
M-2022-8,53,170,5,0.0009478672985781991,3622
M-2022-8,53,175,5,0.0009478672985781991,3623
M-2022-8,99,69,17,0.0009432391943627586,3624
M-2022-8,149,143,34,0.0009345023774839897,3625
M-2022-8,93,46,25,0.0009330795356996231,3626
M-2022-8,93,122,25,0.0009330795356996231,3627
M-2022-8,93,143,25,0.0009330795356996231,3628
M-2022-8,156,71,20,0.0009284620026925398,3629
M-2022-8,156,175,20,0.0009284620026925398,3630
M-2022-8,18,140,14,0.0009281357730045081,3631
M-2022-8,14,16,6,0.0009279307145066501,3632
M-2022-8,14,127,6,0.0009279307145066501,3633
M-2022-8,138,15,25,0.000924658800902467,3634
M-2022-8,146,105,5,0.0009208103130755065,3635
M-2022-8,146,138,5,0.0009208103130755065,3636
M-2022-8,140,52,6,0.0009184142048063677,3637
M-2022-8,140,68,6,0.0009184142048063677,3638
M-2022-8,140,111,6,0.0009184142048063677,3639
M-2022-8,140,136,6,0.0009184142048063677,3640
M-2022-8,140,176,6,0.0009184142048063677,3641
M-2022-8,142,61,19,0.0009161041465766634,3642
M-2022-8,124,175,21,0.0009159506258995943,3643
M-2022-8,83,14,21,0.0009154315605928509,3644
M-2022-8,117,143,48,0.000914111597790897,3645
M-2022-8,175,81,35,0.0009132896693891397,3646
M-2022-8,175,133,35,0.0009132896693891397,3647
M-2022-8,112,18,2,0.0009115770282588879,3648
M-2022-8,112,28,2,0.0009115770282588879,3649
M-2022-8,112,29,2,0.0009115770282588879,3650
M-2022-8,112,51,2,0.0009115770282588879,3651
M-2022-8,112,83,2,0.0009115770282588879,3652
M-2022-8,29,110,20,0.000911369332421964,3653
M-2022-8,49,131,12,0.0009097801364670204,3654
M-2022-8,116,16,3,0.0009079903147699758,3655
M-2022-8,116,33,3,0.0009079903147699758,3656
M-2022-8,116,66,3,0.0009079903147699758,3657
M-2022-8,116,89,3,0.0009079903147699758,3658
M-2022-8,116,93,3,0.0009079903147699758,3659
M-2022-8,116,140,3,0.0009079903147699758,3660
M-2022-8,116,159,3,0.0009079903147699758,3661
M-2022-8,116,163,3,0.0009079903147699758,3662
M-2022-8,116,174,3,0.0009079903147699758,3663
M-2022-8,30,71,3,0.0009074410163339383,3664
M-2022-8,30,175,3,0.0009074410163339383,3665
M-2022-8,153,111,38,0.0009073110166658708,3666
M-2022-8,26,2,1,0.0009066183136899365,3667
M-2022-8,26,14,1,0.0009066183136899365,3668
M-2022-8,26,24,1,0.0009066183136899365,3669
M-2022-8,26,39,1,0.0009066183136899365,3670
M-2022-8,26,64,1,0.0009066183136899365,3671
M-2022-8,26,67,1,0.0009066183136899365,3672
M-2022-8,26,71,1,0.0009066183136899365,3673
M-2022-8,26,79,1,0.0009066183136899365,3674
M-2022-8,26,93,1,0.0009066183136899365,3675
M-2022-8,26,99,1,0.0009066183136899365,3676
M-2022-8,26,122,1,0.0009066183136899365,3677
M-2022-8,26,123,1,0.0009066183136899365,3678
M-2022-8,26,129,1,0.0009066183136899365,3679
M-2022-8,26,134,1,0.0009066183136899365,3680
M-2022-8,26,135,1,0.0009066183136899365,3681
M-2022-8,26,141,1,0.0009066183136899365,3682
M-2022-8,26,144,1,0.0009066183136899365,3683
M-2022-8,26,148,1,0.0009066183136899365,3684
M-2022-8,26,171,1,0.0009066183136899365,3685
M-2022-8,8,2,2,0.0009041591320072332,3686
M-2022-8,8,103,2,0.0009041591320072332,3687
M-2022-8,8,136,2,0.0009041591320072332,3688
M-2022-8,32,28,2,0.0009017132551848512,3689
M-2022-8,32,108,2,0.0009017132551848512,3690
M-2022-8,32,151,2,0.0009017132551848512,3691
M-2022-8,32,176,2,0.0009017132551848512,3692
M-2022-8,52,1,1,0.0009009009009009009,3693
M-2022-8,52,14,1,0.0009009009009009009,3694
M-2022-8,52,24,1,0.0009009009009009009,3695
M-2022-8,52,31,1,0.0009009009009009009,3696
M-2022-8,52,34,1,0.0009009009009009009,3697
M-2022-8,52,66,1,0.0009009009009009009,3698
M-2022-8,52,70,1,0.0009009009009009009,3699
M-2022-8,52,96,1,0.0009009009009009009,3700
M-2022-8,52,107,1,0.0009009009009009009,3701
M-2022-8,52,116,1,0.0009009009009009009,3702
M-2022-8,52,149,1,0.0009009009009009009,3703
M-2022-8,52,155,1,0.0009009009009009009,3704
M-2022-8,12,11,2,0.0008992805755395684,3705
M-2022-8,12,104,2,0.0008992805755395684,3706
M-2022-8,12,148,2,0.0008992805755395684,3707
M-2022-8,12,162,2,0.0008992805755395684,3708
M-2022-8,93,25,24,0.0008957563542716381,3709
M-2022-8,117,100,47,0.0008950676061702532,3710
M-2022-8,132,19,11,0.0008942362409560199,3711
M-2022-8,96,5,38,0.0008876016070260674,3712
M-2022-8,17,46,9,0.0008873989351212779,3713
M-2022-8,17,143,9,0.0008873989351212779,3714
M-2022-8,51,28,14,0.0008866932674646906,3715
M-2022-8,51,158,14,0.0008866932674646906,3716
M-2022-8,50,86,8,0.000885641536588066,3717
M-2022-8,50,105,8,0.000885641536588066,3718
M-2022-8,50,149,8,0.000885641536588066,3719
M-2022-8,86,142,15,0.0008856350002952116,3720
M-2022-8,122,28,40,0.0008844078889183692,3721
M-2022-8,153,16,37,0.0008834344109641373,3722
M-2022-8,153,49,37,0.0008834344109641373,3723
M-2022-8,153,132,37,0.0008834344109641373,3724
M-2022-8,23,71,4,0.0008831971737690439,3725
M-2022-8,23,170,4,0.0008831971737690439,3726
M-2022-8,23,172,4,0.0008831971737690439,3727
M-2022-8,156,32,19,0.0008820389025579128,3728
M-2022-8,156,46,19,0.0008820389025579128,3729
M-2022-8,156,125,19,0.0008820389025579128,3730
M-2022-8,168,25,3,0.0008789920890711983,3731
M-2022-8,168,60,3,0.0008789920890711983,3732
M-2022-8,168,99,3,0.0008789920890711983,3733
M-2022-8,168,169,3,0.0008789920890711983,3734
M-2022-8,110,11,5,0.0008788890841975743,3735
M-2022-8,24,23,4,0.000878348704435661,3736
M-2022-8,24,25,4,0.000878348704435661,3737
M-2022-8,24,66,4,0.000878348704435661,3738
M-2022-8,24,111,4,0.000878348704435661,3739
M-2022-8,24,140,4,0.000878348704435661,3740
M-2022-8,19,155,10,0.0008731336767659128,3741
M-2022-8,115,142,12,0.0008729177275041827,3742
M-2022-8,28,93,8,0.0008726003490401396,3743
M-2022-8,28,104,8,0.0008726003490401396,3744
M-2022-8,60,153,19,0.0008690879151038331,3745
M-2022-8,163,16,2,0.0008684324793747286,3746
M-2022-8,163,18,2,0.0008684324793747286,3747
M-2022-8,163,32,2,0.0008684324793747286,3748
M-2022-8,163,54,2,0.0008684324793747286,3749
M-2022-8,163,76,2,0.0008684324793747286,3750
M-2022-8,163,80,2,0.0008684324793747286,3751
M-2022-8,163,99,2,0.0008684324793747286,3752
M-2022-8,163,112,2,0.0008684324793747286,3753
M-2022-8,163,116,2,0.0008684324793747286,3754
M-2022-8,163,129,2,0.0008684324793747286,3755
M-2022-8,118,14,1,0.0008680555555555555,3756
M-2022-8,118,16,1,0.0008680555555555555,3757
M-2022-8,118,51,1,0.0008680555555555555,3758
M-2022-8,118,60,1,0.0008680555555555555,3759
M-2022-8,118,119,1,0.0008680555555555555,3760
M-2022-8,118,121,1,0.0008680555555555555,3761
M-2022-8,118,130,1,0.0008680555555555555,3762
M-2022-8,118,142,1,0.0008680555555555555,3763
M-2022-8,142,129,18,0.0008678881388621022,3764
M-2022-8,29,60,19,0.0008658008658008658,3765
M-2022-8,108,25,6,0.000864304235090752,3766
M-2022-8,108,46,6,0.000864304235090752,3767
M-2022-8,108,77,6,0.000864304235090752,3768
M-2022-8,173,19,2,0.0008631851532153647,3769
M-2022-8,173,71,2,0.0008631851532153647,3770
M-2022-8,173,83,2,0.0008631851532153647,3771
M-2022-8,173,117,2,0.0008631851532153647,3772
M-2022-8,173,153,2,0.0008631851532153647,3773
M-2022-8,122,166,39,0.00086229769169541,3774
M-2022-8,18,133,13,0.0008618403606470433,3775
M-2022-8,72,142,7,0.0008606910119267183,3776
M-2022-8,25,68,34,0.0008602803501847072,3777
M-2022-8,31,51,4,0.0008572653236176596,3778
M-2022-8,31,71,4,0.0008572653236176596,3779
M-2022-8,46,74,4,0.0008570816370259267,3780
M-2022-8,46,80,4,0.0008570816370259267,3781
M-2022-8,46,104,4,0.0008570816370259267,3782
M-2022-8,46,132,4,0.0008570816370259267,3783
M-2022-8,117,19,45,0.0008569796229289659,3784
M-2022-8,119,14,2,0.0008565310492505353,3785
M-2022-8,119,16,2,0.0008565310492505353,3786
M-2022-8,119,71,2,0.0008565310492505353,3787
M-2022-8,119,140,2,0.0008565310492505353,3788
M-2022-8,119,156,2,0.0008565310492505353,3789
M-2022-8,65,92,2,0.0008517887563884157,3790
M-2022-8,65,109,2,0.0008517887563884157,3791
M-2022-8,138,104,23,0.0008506860968302696,3792
M-2022-8,158,0,5,0.0008501955449753444,3793
M-2022-8,158,24,5,0.0008501955449753444,3794
M-2022-8,158,53,5,0.0008501955449753444,3795
M-2022-8,158,86,5,0.0008501955449753444,3796
M-2022-8,158,91,5,0.0008501955449753444,3797
M-2022-8,158,113,5,0.0008501955449753444,3798
M-2022-8,158,116,5,0.0008501955449753444,3799
M-2022-8,158,154,5,0.0008501955449753444,3800
M-2022-8,158,172,5,0.0008501955449753444,3801
M-2022-8,171,11,5,0.0008496176720475786,3802
M-2022-8,171,68,5,0.0008496176720475786,3803
M-2022-8,171,149,5,0.0008496176720475786,3804
M-2022-8,114,10,2,0.000847816871555744,3805
M-2022-8,114,122,2,0.000847816871555744,3806
M-2022-8,114,143,2,0.000847816871555744,3807
M-2022-8,114,153,2,0.000847816871555744,3808
M-2022-8,114,172,2,0.000847816871555744,3809
M-2022-8,105,0,2,0.0008463817181548879,3810
M-2022-8,105,29,2,0.0008463817181548879,3811
M-2022-8,105,36,2,0.0008463817181548879,3812
M-2022-8,105,39,2,0.0008463817181548879,3813
M-2022-8,105,56,2,0.0008463817181548879,3814
M-2022-8,105,63,2,0.0008463817181548879,3815
M-2022-8,105,82,2,0.0008463817181548879,3816
M-2022-8,105,86,2,0.0008463817181548879,3817
M-2022-8,105,140,2,0.0008463817181548879,3818
M-2022-8,105,141,2,0.0008463817181548879,3819
M-2022-8,105,142,2,0.0008463817181548879,3820
M-2022-8,105,171,2,0.0008463817181548879,3821
M-2022-8,75,79,14,0.0008445945945945946,3822
M-2022-8,75,136,14,0.0008445945945945946,3823
M-2022-8,39,63,5,0.0008437394532568343,3824
M-2022-8,76,124,3,0.0008431703204047217,3825
M-2022-8,76,155,3,0.0008431703204047217,3826
M-2022-8,161,26,1,0.0008424599831508003,3827
M-2022-8,161,46,1,0.0008424599831508003,3828
M-2022-8,161,71,1,0.0008424599831508003,3829
M-2022-8,161,115,1,0.0008424599831508003,3830
M-2022-8,161,122,1,0.0008424599831508003,3831
M-2022-8,161,129,1,0.0008424599831508003,3832
M-2022-8,161,153,1,0.0008424599831508003,3833
M-2022-8,161,171,1,0.0008424599831508003,3834
M-2022-8,161,172,1,0.0008424599831508003,3835
M-2022-8,2,3,5,0.0008411843876177658,3836
M-2022-8,2,10,5,0.0008411843876177658,3837
M-2022-8,2,78,5,0.0008411843876177658,3838
M-2022-8,2,151,5,0.0008411843876177658,3839
M-2022-8,122,1,38,0.0008401874944724507,3840
M-2022-8,107,65,2,0.0008385744234800838,3841
M-2022-8,107,149,2,0.0008385744234800838,3842
M-2022-8,125,28,3,0.0008370535714285714,3843
M-2022-8,125,50,3,0.0008370535714285714,3844
M-2022-8,125,51,3,0.0008370535714285714,3845
M-2022-8,125,61,3,0.0008370535714285714,3846
M-2022-8,125,149,3,0.0008370535714285714,3847
M-2022-8,125,175,3,0.0008370535714285714,3848
M-2022-8,153,122,35,0.0008356811995606704,3849
M-2022-8,74,93,3,0.000835421888053467,3850
M-2022-8,74,135,3,0.000835421888053467,3851
M-2022-8,49,79,11,0.0008339651250947687,3852
M-2022-8,13,11,1,0.0008333333333333334,3853
M-2022-8,13,12,1,0.0008333333333333334,3854
M-2022-8,13,62,1,0.0008333333333333334,3855
M-2022-8,13,64,1,0.0008333333333333334,3856
M-2022-8,13,69,1,0.0008333333333333334,3857
M-2022-8,13,70,1,0.0008333333333333334,3858
M-2022-8,13,71,1,0.0008333333333333334,3859
M-2022-8,13,73,1,0.0008333333333333334,3860
M-2022-8,13,75,1,0.0008333333333333334,3861
M-2022-8,13,76,1,0.0008333333333333334,3862
M-2022-8,13,78,1,0.0008333333333333334,3863
M-2022-8,13,89,1,0.0008333333333333334,3864
M-2022-8,13,96,1,0.0008333333333333334,3865
M-2022-8,13,99,1,0.0008333333333333334,3866
M-2022-8,13,111,1,0.0008333333333333334,3867
M-2022-8,13,115,1,0.0008333333333333334,3868
M-2022-8,13,116,1,0.0008333333333333334,3869
M-2022-8,13,118,1,0.0008333333333333334,3870
M-2022-8,13,124,1,0.0008333333333333334,3871
M-2022-8,13,125,1,0.0008333333333333334,3872
M-2022-8,13,127,1,0.0008333333333333334,3873
M-2022-8,13,129,1,0.0008333333333333334,3874
M-2022-8,13,134,1,0.0008333333333333334,3875
M-2022-8,13,135,1,0.0008333333333333334,3876
M-2022-8,13,143,1,0.0008333333333333334,3877
M-2022-8,13,146,1,0.0008333333333333334,3878
M-2022-8,13,149,1,0.0008333333333333334,3879
M-2022-8,13,154,1,0.0008333333333333334,3880
M-2022-8,13,155,1,0.0008333333333333334,3881
M-2022-8,13,157,1,0.0008333333333333334,3882
M-2022-8,13,168,1,0.0008333333333333334,3883
M-2022-8,99,28,15,0.0008322698773789047,3884
M-2022-8,63,14,7,0.0008321445553970519,3885
M-2022-8,63,46,7,0.0008321445553970519,3886
M-2022-8,63,68,7,0.0008321445553970519,3887
M-2022-8,63,175,7,0.0008321445553970519,3888
M-2022-8,40,142,1,0.0008312551953449709,3889
M-2022-8,124,10,19,0.0008287172329567758,3890
M-2022-8,124,87,19,0.0008287172329567758,3891
M-2022-8,83,53,19,0.0008282476024411508,3892
M-2022-8,86,10,14,0.0008265926669421976,3893
M-2022-8,62,142,7,0.0008252770572978071,3894
M-2022-8,62,156,7,0.0008252770572978071,3895
M-2022-8,129,28,19,0.0008248675870452375,3896
M-2022-8,51,14,13,0.0008233580340743556,3897
M-2022-8,51,68,13,0.0008233580340743556,3898
M-2022-8,51,83,13,0.0008233580340743556,3899
M-2022-8,51,149,13,0.0008233580340743556,3900
M-2022-8,170,48,2,0.0008230452674897119,3901
M-2022-8,170,51,2,0.0008230452674897119,3902
M-2022-8,170,72,2,0.0008230452674897119,3903
M-2022-8,170,74,2,0.0008230452674897119,3904
M-2022-8,170,100,2,0.0008230452674897119,3905
M-2022-8,170,105,2,0.0008230452674897119,3906
M-2022-8,170,110,2,0.0008230452674897119,3907
M-2022-8,170,142,2,0.0008230452674897119,3908
M-2022-8,170,160,2,0.0008230452674897119,3909
M-2022-8,170,166,2,0.0008230452674897119,3910
M-2022-8,170,175,2,0.0008230452674897119,3911
M-2022-8,70,25,1,0.0008216926869350862,3912
M-2022-8,70,79,1,0.0008216926869350862,3913
M-2022-8,70,86,1,0.0008216926869350862,3914
M-2022-8,70,111,1,0.0008216926869350862,3915
M-2022-8,70,129,1,0.0008216926869350862,3916
M-2022-8,70,133,1,0.0008216926869350862,3917
M-2022-8,70,136,1,0.0008216926869350862,3918
M-2022-8,70,153,1,0.0008216926869350862,3919
M-2022-8,70,166,1,0.0008216926869350862,3920
M-2022-8,29,171,18,0.0008202323991797676,3921
M-2022-8,142,117,17,0.000819672131147541,3922
M-2022-8,117,50,43,0.0008188916396876786,3923
M-2022-8,122,168,37,0.0008180772972494915,3924
M-2022-8,134,117,6,0.0008176614881439084,3925
M-2022-8,134,149,6,0.0008176614881439084,3926
M-2022-8,68,14,3,0.0008167710318540703,3927
M-2022-8,68,17,3,0.0008167710318540703,3928
M-2022-8,68,19,3,0.0008167710318540703,3929
M-2022-8,68,26,3,0.0008167710318540703,3930
M-2022-8,68,50,3,0.0008167710318540703,3931
M-2022-8,68,62,3,0.0008167710318540703,3932
M-2022-8,68,86,3,0.0008167710318540703,3933
M-2022-8,68,112,3,0.0008167710318540703,3934
M-2022-8,68,133,3,0.0008167710318540703,3935
M-2022-8,68,141,3,0.0008167710318540703,3936
M-2022-8,68,149,3,0.0008167710318540703,3937
M-2022-8,68,169,3,0.0008167710318540703,3938
M-2022-8,68,175,3,0.0008167710318540703,3939
M-2022-8,54,25,3,0.0008149959250203749,3940
M-2022-8,54,125,3,0.0008149959250203749,3941
M-2022-8,54,133,3,0.0008149959250203749,3942
M-2022-8,59,71,4,0.0008148299042574863,3943
M-2022-8,138,134,22,0.000813699744794171,3944
M-2022-8,132,129,10,0.0008129420372327453,3945
M-2022-8,133,143,36,0.0008100627798654395,3946
M-2022-8,155,11,4,0.0008067769261799112,3947
M-2022-8,155,18,4,0.0008067769261799112,3948
M-2022-8,155,26,4,0.0008067769261799112,3949
M-2022-8,155,105,4,0.0008067769261799112,3950
M-2022-8,155,122,4,0.0008067769261799112,3951
M-2022-8,155,127,4,0.0008067769261799112,3952
M-2022-8,155,157,4,0.0008067769261799112,3953
M-2022-8,155,170,4,0.0008067769261799112,3954
M-2022-8,155,172,4,0.0008067769261799112,3955
M-2022-8,150,77,1,0.0008064516129032258,3956
M-2022-8,150,80,1,0.0008064516129032258,3957
M-2022-8,150,87,1,0.0008064516129032258,3958
M-2022-8,150,88,1,0.0008064516129032258,3959
M-2022-8,150,102,1,0.0008064516129032258,3960
M-2022-8,150,172,1,0.0008064516129032258,3961
M-2022-8,130,68,4,0.0008048289738430583,3962
M-2022-8,130,78,4,0.0008048289738430583,3963
M-2022-8,130,154,4,0.0008048289738430583,3964
M-2022-8,130,166,4,0.0008048289738430583,3965
M-2022-8,130,168,4,0.0008048289738430583,3966
M-2022-8,61,125,10,0.0008034709946970914,3967
M-2022-8,61,158,10,0.0008034709946970914,3968
M-2022-8,172,27,5,0.0008021819348628269,3969
M-2022-8,172,91,5,0.0008021819348628269,3970
M-2022-8,165,51,5,0.0008005123278898495,3971
M-2022-8,115,117,11,0.0008001745835455008,3972
M-2022-8,149,127,29,0.000797075557265756,3973
M-2022-8,122,102,36,0.0007959671000265323,3974
M-2022-8,67,2,1,0.000794912559618442,3975
M-2022-8,67,11,1,0.000794912559618442,3976
M-2022-8,67,16,1,0.000794912559618442,3977
M-2022-8,67,18,1,0.000794912559618442,3978
M-2022-8,67,60,1,0.000794912559618442,3979
M-2022-8,67,78,1,0.000794912559618442,3980
M-2022-8,67,106,1,0.000794912559618442,3981
M-2022-8,67,115,1,0.000794912559618442,3982
M-2022-8,67,130,1,0.000794912559618442,3983
M-2022-8,67,176,1,0.000794912559618442,3984
M-2022-8,156,18,17,0.0007891927022886588,3985
M-2022-8,17,93,8,0.0007887990534411359,3986
M-2022-8,17,176,8,0.0007887990534411359,3987
M-2022-8,137,14,1,0.0007886435331230284,3988
M-2022-8,137,16,1,0.0007886435331230284,3989
M-2022-8,137,23,1,0.0007886435331230284,3990
M-2022-8,137,31,1,0.0007886435331230284,3991
M-2022-8,137,39,1,0.0007886435331230284,3992
M-2022-8,137,45,1,0.0007886435331230284,3993
M-2022-8,137,62,1,0.0007886435331230284,3994
M-2022-8,137,71,1,0.0007886435331230284,3995
M-2022-8,137,105,1,0.0007886435331230284,3996
M-2022-8,137,108,1,0.0007886435331230284,3997
M-2022-8,137,115,1,0.0007886435331230284,3998
M-2022-8,137,149,1,0.0007886435331230284,3999
M-2022-8,137,151,1,0.0007886435331230284,4000
M-2022-8,137,153,1,0.0007886435331230284,4001
M-2022-8,137,175,1,0.0007886435331230284,4002
M-2022-8,153,24,33,0.0007879279881572035,4003
M-2022-8,9,13,1,0.0007861635220125787,4004
M-2022-8,9,24,1,0.0007861635220125787,4005
M-2022-8,9,36,1,0.0007861635220125787,4006
M-2022-8,9,62,1,0.0007861635220125787,4007
M-2022-8,9,63,1,0.0007861635220125787,4008
M-2022-8,9,69,1,0.0007861635220125787,4009
M-2022-8,9,95,1,0.0007861635220125787,4010
M-2022-8,9,97,1,0.0007861635220125787,4011
M-2022-8,9,102,1,0.0007861635220125787,4012
M-2022-8,9,105,1,0.0007861635220125787,4013
M-2022-8,9,110,1,0.0007861635220125787,4014
M-2022-8,9,129,1,0.0007861635220125787,4015
M-2022-8,9,131,1,0.0007861635220125787,4016
M-2022-8,9,139,1,0.0007861635220125787,4017
M-2022-8,9,140,1,0.0007861635220125787,4018
M-2022-8,9,142,1,0.0007861635220125787,4019
M-2022-8,9,153,1,0.0007861635220125787,4020
M-2022-8,9,158,1,0.0007861635220125787,4021
M-2022-8,9,168,1,0.0007861635220125787,4022
M-2022-8,9,170,1,0.0007861635220125787,4023
M-2022-8,9,171,1,0.0007861635220125787,4024
M-2022-8,35,16,1,0.0007855459544383347,4025
M-2022-8,35,25,1,0.0007855459544383347,4026
M-2022-8,35,28,1,0.0007855459544383347,4027
M-2022-8,35,29,1,0.0007855459544383347,4028
M-2022-8,35,32,1,0.0007855459544383347,4029
M-2022-8,35,42,1,0.0007855459544383347,4030
M-2022-8,35,126,1,0.0007855459544383347,4031
M-2022-8,35,135,1,0.0007855459544383347,4032
M-2022-8,35,143,1,0.0007855459544383347,4033
M-2022-8,35,160,1,0.0007855459544383347,4034
M-2022-8,35,162,1,0.0007855459544383347,4035
M-2022-8,124,77,18,0.0007851005364853666,4036
M-2022-8,75,131,13,0.0007842664092664092,4037
M-2022-8,56,0,8,0.0007835455435847208,4038
M-2022-8,56,57,8,0.0007835455435847208,4039
M-2022-8,56,130,8,0.0007835455435847208,4040
M-2022-8,129,95,18,0.0007814535035165407,4041
M-2022-8,160,1,1,0.00078125,4042
M-2022-8,160,10,1,0.00078125,4043
M-2022-8,160,14,1,0.00078125,4044
M-2022-8,160,33,1,0.00078125,4045
M-2022-8,160,43,1,0.00078125,4046
M-2022-8,160,46,1,0.00078125,4047
M-2022-8,160,50,1,0.00078125,4048
M-2022-8,160,61,1,0.00078125,4049
M-2022-8,160,69,1,0.00078125,4050
M-2022-8,160,77,1,0.00078125,4051
M-2022-8,160,95,1,0.00078125,4052
M-2022-8,160,111,1,0.00078125,4053
M-2022-8,160,116,1,0.00078125,4054
M-2022-8,160,129,1,0.00078125,4055
M-2022-8,160,133,1,0.00078125,4056
M-2022-8,160,139,1,0.00078125,4057
M-2022-8,1,46,4,0.000777302759424796,4058
M-2022-8,1,51,4,0.000777302759424796,4059
M-2022-8,1,60,4,0.000777302759424796,4060
M-2022-8,1,158,4,0.000777302759424796,4061
M-2022-8,99,46,14,0.0007767852188869778,4062
M-2022-8,138,28,21,0.0007767133927580723,4063
M-2022-8,138,42,21,0.0007767133927580723,4064
M-2022-8,50,112,7,0.0007749363445145578,4065
M-2022-8,50,172,7,0.0007749363445145578,4066
M-2022-8,29,96,17,0.0007746639325586694,4067
M-2022-8,29,142,17,0.0007746639325586694,4068
M-2022-8,14,74,5,0.0007732755954222085,4069
M-2022-8,14,105,5,0.0007732755954222085,4070
M-2022-8,14,130,5,0.0007732755954222085,4071
M-2022-8,14,142,5,0.0007732755954222085,4072
M-2022-8,14,148,5,0.0007732755954222085,4073
M-2022-8,149,19,28,0.0007695901932221092,4074
M-2022-8,86,68,13,0.0007675503335891835,4075
M-2022-8,143,12,2,0.0007662835249042146,4076
M-2022-8,143,17,2,0.0007662835249042146,4077
M-2022-8,143,42,2,0.0007662835249042146,4078
M-2022-8,143,62,2,0.0007662835249042146,4079
M-2022-8,143,68,2,0.0007662835249042146,4080
M-2022-8,143,85,2,0.0007662835249042146,4081
M-2022-8,143,135,2,0.0007662835249042146,4082
M-2022-8,143,168,2,0.0007662835249042146,4083
M-2022-8,140,16,5,0.000765345170671973,4084
M-2022-8,140,46,5,0.000765345170671973,4085
M-2022-8,140,92,5,0.000765345170671973,4086
M-2022-8,148,63,4,0.0007651109410864575,4087
M-2022-8,148,156,4,0.0007651109410864575,4088
M-2022-8,148,171,4,0.0007651109410864575,4089
M-2022-8,133,132,34,0.0007650592920951374,4090
M-2022-8,109,4,1,0.0007639419404125286,4091
M-2022-8,109,17,1,0.0007639419404125286,4092
M-2022-8,109,83,1,0.0007639419404125286,4093
M-2022-8,109,130,1,0.0007639419404125286,4094
M-2022-8,109,143,1,0.0007639419404125286,4095
M-2022-8,109,153,1,0.0007639419404125286,4096
M-2022-8,109,176,1,0.0007639419404125286,4097
M-2022-8,141,17,1,0.0007633587786259542,4098
M-2022-8,141,20,1,0.0007633587786259542,4099
M-2022-8,141,41,1,0.0007633587786259542,4100
M-2022-8,141,45,1,0.0007633587786259542,4101
M-2022-8,141,46,1,0.0007633587786259542,4102
M-2022-8,141,60,1,0.0007633587786259542,4103
M-2022-8,141,69,1,0.0007633587786259542,4104
M-2022-8,141,72,1,0.0007633587786259542,4105
M-2022-8,141,76,1,0.0007633587786259542,4106
M-2022-8,141,77,1,0.0007633587786259542,4107
M-2022-8,141,79,1,0.0007633587786259542,4108
M-2022-8,141,84,1,0.0007633587786259542,4109
M-2022-8,141,93,1,0.0007633587786259542,4110
M-2022-8,141,96,1,0.0007633587786259542,4111
M-2022-8,141,124,1,0.0007633587786259542,4112
M-2022-8,141,128,1,0.0007633587786259542,4113
M-2022-8,141,130,1,0.0007633587786259542,4114
M-2022-8,141,138,1,0.0007633587786259542,4115
M-2022-8,141,163,1,0.0007633587786259542,4116
M-2022-8,21,2,1,0.0007627765064836003,4117
M-2022-8,21,17,1,0.0007627765064836003,4118
M-2022-8,21,19,1,0.0007627765064836003,4119
M-2022-8,21,55,1,0.0007627765064836003,4120
M-2022-8,21,127,1,0.0007627765064836003,4121
M-2022-8,21,153,1,0.0007627765064836003,4122
M-2022-8,21,175,1,0.0007627765064836003,4123
M-2022-8,21,176,1,0.0007627765064836003,4124
M-2022-8,117,51,40,0.0007617596648257475,4125
M-2022-8,51,130,12,0.0007600228006840206,4126
M-2022-8,87,28,6,0.0007596859964547987,4127
M-2022-8,87,156,6,0.0007596859964547987,4128
M-2022-8,25,95,30,0.0007590708972218005,4129
M-2022-8,53,16,4,0.0007582938388625592,4130
M-2022-8,53,18,4,0.0007582938388625592,4131
M-2022-8,53,91,4,0.0007582938388625592,4132
M-2022-8,53,143,4,0.0007582938388625592,4133
M-2022-8,49,31,10,0.000758150113722517,4134
M-2022-8,49,81,10,0.000758150113722517,4135
M-2022-8,49,171,10,0.000758150113722517,4136
M-2022-8,64,28,3,0.0007566204287515763,4137
M-2022-8,64,36,3,0.0007566204287515763,4138
M-2022-8,64,39,3,0.0007566204287515763,4139
M-2022-8,64,93,3,0.0007566204287515763,4140
M-2022-8,64,96,3,0.0007566204287515763,4141
M-2022-8,64,149,3,0.0007566204287515763,4142
M-2022-8,64,169,3,0.0007566204287515763,4143
M-2022-8,44,11,1,0.0007530120481927711,4144
M-2022-8,44,19,1,0.0007530120481927711,4145
M-2022-8,44,49,1,0.0007530120481927711,4146
M-2022-8,44,52,1,0.0007530120481927711,4147
M-2022-8,44,61,1,0.0007530120481927711,4148
M-2022-8,44,63,1,0.0007530120481927711,4149
M-2022-8,44,126,1,0.0007530120481927711,4150
M-2022-8,44,131,1,0.0007530120481927711,4151
M-2022-8,44,132,1,0.0007530120481927711,4152
M-2022-8,44,136,1,0.0007530120481927711,4153
M-2022-8,44,160,1,0.0007530120481927711,4154
M-2022-8,122,138,34,0.0007517467055806138,4155
M-2022-8,10,11,1,0.0007513148009015778,4156
M-2022-8,10,14,1,0.0007513148009015778,4157
M-2022-8,10,29,1,0.0007513148009015778,4158
M-2022-8,10,59,1,0.0007513148009015778,4159
M-2022-8,10,60,1,0.0007513148009015778,4160
M-2022-8,10,104,1,0.0007513148009015778,4161
M-2022-8,10,105,1,0.0007513148009015778,4162
M-2022-8,10,133,1,0.0007513148009015778,4163
M-2022-8,10,175,1,0.0007513148009015778,4164
M-2022-8,77,80,29,0.0007504010764374063,4165
M-2022-8,90,4,3,0.0007460830639144492,4166
M-2022-8,90,110,3,0.0007460830639144492,4167
M-2022-8,90,133,3,0.0007460830639144492,4168
M-2022-8,90,142,3,0.0007460830639144492,4169
M-2022-8,90,168,3,0.0007460830639144492,4170
M-2022-8,156,75,16,0.0007427696021540318,4171
M-2022-8,133,156,33,0.0007425575482099862,4172
M-2022-8,124,8,17,0.0007414838400139573,4173
M-2022-8,154,8,1,0.0007412898443291327,4174
M-2022-8,154,11,1,0.0007412898443291327,4175
M-2022-8,154,16,1,0.0007412898443291327,4176
M-2022-8,154,21,1,0.0007412898443291327,4177
M-2022-8,154,23,1,0.0007412898443291327,4178
M-2022-8,154,31,1,0.0007412898443291327,4179
M-2022-8,154,43,1,0.0007412898443291327,4180
M-2022-8,154,47,1,0.0007412898443291327,4181
M-2022-8,154,50,1,0.0007412898443291327,4182
M-2022-8,154,72,1,0.0007412898443291327,4183
M-2022-8,154,89,1,0.0007412898443291327,4184
M-2022-8,154,91,1,0.0007412898443291327,4185
M-2022-8,154,96,1,0.0007412898443291327,4186
M-2022-8,154,99,1,0.0007412898443291327,4187
M-2022-8,154,115,1,0.0007412898443291327,4188
M-2022-8,154,124,1,0.0007412898443291327,4189
M-2022-8,154,126,1,0.0007412898443291327,4190
M-2022-8,154,139,1,0.0007412898443291327,4191
M-2022-8,154,152,1,0.0007412898443291327,4192
M-2022-8,154,175,1,0.0007412898443291327,4193
M-2022-8,153,14,31,0.0007401747767537367,4194
M-2022-8,129,133,17,0.0007380394199878441,4195
M-2022-8,129,136,17,0.0007380394199878441,4196
M-2022-8,146,54,4,0.0007366482504604051,4197
M-2022-8,146,86,4,0.0007366482504604051,4198
M-2022-8,146,122,4,0.0007366482504604051,4199
M-2022-8,146,144,4,0.0007366482504604051,4200
M-2022-8,146,162,4,0.0007366482504604051,4201
M-2022-8,146,168,4,0.0007366482504604051,4202
M-2022-8,139,4,1,0.0007347538574577516,4203
M-2022-8,139,39,1,0.0007347538574577516,4204
M-2022-8,139,62,1,0.0007347538574577516,4205
M-2022-8,139,75,1,0.0007347538574577516,4206
M-2022-8,139,79,1,0.0007347538574577516,4207
M-2022-8,139,96,1,0.0007347538574577516,4208
M-2022-8,139,107,1,0.0007347538574577516,4209
M-2022-8,139,108,1,0.0007347538574577516,4210
M-2022-8,139,135,1,0.0007347538574577516,4211
M-2022-8,139,137,1,0.0007347538574577516,4212
M-2022-8,139,158,1,0.0007347538574577516,4213
M-2022-8,139,159,1,0.0007347538574577516,4214
M-2022-8,139,163,1,0.0007347538574577516,4215
M-2022-8,139,176,1,0.0007347538574577516,4216
M-2022-8,132,90,9,0.0007316478335094707,4217
M-2022-8,177,3,1,0.0007293946024799417,4218
M-2022-8,177,7,1,0.0007293946024799417,4219
M-2022-8,177,74,1,0.0007293946024799417,4220
M-2022-8,177,83,1,0.0007293946024799417,4221
M-2022-8,177,124,1,0.0007293946024799417,4222
M-2022-8,177,126,1,0.0007293946024799417,4223
M-2022-8,177,149,1,0.0007293946024799417,4224
M-2022-8,18,82,11,0.0007292495359321135,4225
M-2022-8,18,124,11,0.0007292495359321135,4226
M-2022-8,115,88,10,0.0007274314395868189,4227
M-2022-8,115,129,10,0.0007274314395868189,4228
M-2022-8,136,86,13,0.0007248396989127404,4229
M-2022-8,75,133,12,0.0007239382239382239,4230
M-2022-8,117,140,38,0.0007236716815844602,4231
M-2022-8,61,135,9,0.0007231238952273823,4232
M-2022-8,61,149,9,0.0007231238952273823,4233
M-2022-8,108,155,5,0.0007202535292422932,4234
M-2022-8,149,25,26,0.0007146194651348158,4235
M-2022-8,149,69,26,0.0007146194651348158,4236
M-2022-8,63,88,6,0.0007132667617689016,4237
M-2022-8,63,90,6,0.0007132667617689016,4238
M-2022-8,63,129,6,0.0007132667617689016,4239
M-2022-8,104,0,1,0.0007117437722419929,4240
M-2022-8,104,14,1,0.0007117437722419929,4241
M-2022-8,104,37,1,0.0007117437722419929,4242
M-2022-8,104,50,1,0.0007117437722419929,4243
M-2022-8,104,63,1,0.0007117437722419929,4244
M-2022-8,104,71,1,0.0007117437722419929,4245
M-2022-8,104,77,1,0.0007117437722419929,4246
M-2022-8,104,86,1,0.0007117437722419929,4247
M-2022-8,104,93,1,0.0007117437722419929,4248
M-2022-8,104,112,1,0.0007117437722419929,4249
M-2022-8,104,122,1,0.0007117437722419929,4250
M-2022-8,104,123,1,0.0007117437722419929,4251
M-2022-8,104,125,1,0.0007117437722419929,4252
M-2022-8,104,133,1,0.0007117437722419929,4253
M-2022-8,104,134,1,0.0007117437722419929,4254
M-2022-8,104,144,1,0.0007117437722419929,4255
M-2022-8,104,153,1,0.0007117437722419929,4256
M-2022-8,104,163,1,0.0007117437722419929,4257
M-2022-8,104,166,1,0.0007117437722419929,4258
M-2022-8,101,98,34,0.0007117288731657282,4259
M-2022-8,93,86,19,0.0007091404471317135,4260
M-2022-8,86,46,12,0.0007085080002361693,4261
M-2022-8,25,131,28,0.0007084661707403471,4262
M-2022-8,62,140,6,0.0007073803348266918,4263
M-2022-8,71,73,52,0.0007055918151349444,4264
M-2022-8,174,9,1,0.0007047216349541931,4265
M-2022-8,174,17,1,0.0007047216349541931,4266
M-2022-8,174,51,1,0.0007047216349541931,4267
M-2022-8,174,60,1,0.0007047216349541931,4268
M-2022-8,174,72,1,0.0007047216349541931,4269
M-2022-8,174,73,1,0.0007047216349541931,4270
M-2022-8,174,105,1,0.0007047216349541931,4271
M-2022-8,174,129,1,0.0007047216349541931,4272
M-2022-8,174,130,1,0.0007047216349541931,4273
M-2022-8,174,132,1,0.0007047216349541931,4274
M-2022-8,174,136,1,0.0007047216349541931,4275
M-2022-8,174,142,1,0.0007047216349541931,4276
M-2022-8,174,147,1,0.0007047216349541931,4277
M-2022-8,174,162,1,0.0007047216349541931,4278
M-2022-8,175,61,27,0.0007045377449573364,4279
M-2022-8,110,62,4,0.0007031112673580594,4280
M-2022-8,110,71,4,0.0007031112673580594,4281
M-2022-8,110,160,4,0.0007031112673580594,4282
M-2022-8,110,166,4,0.0007031112673580594,4283
M-2022-8,138,91,19,0.0007027406886858749,4284
M-2022-8,138,153,19,0.0007027406886858749,4285
M-2022-8,20,11,1,0.0006993006993006993,4286
M-2022-8,20,49,1,0.0006993006993006993,4287
M-2022-8,20,77,1,0.0006993006993006993,4288
M-2022-8,20,82,1,0.0006993006993006993,4289
M-2022-8,20,86,1,0.0006993006993006993,4290
M-2022-8,20,147,1,0.0006993006993006993,4291
M-2022-8,20,151,1,0.0006993006993006993,4292
M-2022-8,20,173,1,0.0006993006993006993,4293
M-2022-8,20,175,1,0.0006993006993006993,4294
M-2022-8,19,143,8,0.0006985069414127303,4295
M-2022-8,83,66,16,0.0006974716652136007,4296
M-2022-8,43,104,2,0.000697350069735007,4297
M-2022-8,43,110,2,0.000697350069735007,4298
M-2022-8,43,122,2,0.000697350069735007,4299
M-2022-8,43,134,2,0.000697350069735007,4300
M-2022-8,43,138,2,0.000697350069735007,4301
M-2022-8,43,154,2,0.000697350069735007,4302
M-2022-8,43,170,2,0.000697350069735007,4303
M-2022-8,43,171,2,0.000697350069735007,4304
M-2022-8,81,49,2,0.0006968641114982578,4305
M-2022-8,81,153,2,0.0006968641114982578,4306
M-2022-8,51,124,11,0.0006966875672936855,4307
M-2022-8,156,143,15,0.0006963465020194048,4308
M-2022-8,123,18,3,0.0006947660954145438,4309
M-2022-8,123,171,3,0.0006947660954145438,4310
M-2022-8,123,175,3,0.0006947660954145438,4311
M-2022-8,82,117,25,0.0006927126627874758,4312
M-2022-8,153,136,29,0.0006924215653502698,4313
M-2022-8,101,170,33,0.000690795671013795,4314
M-2022-8,17,21,7,0.0006901991717609938,4315
M-2022-8,17,49,7,0.0006901991717609938,4316
M-2022-8,117,104,36,0.0006855836983431727,4317
M-2022-8,122,97,31,0.000685416113911736,4318
M-2022-8,25,51,27,0.0006831638074996204,4319
M-2022-8,49,138,9,0.0006823351023502654,4320
M-2022-8,134,156,5,0.000681384573453257,4321
M-2022-8,158,14,4,0.0006801564359802754,4322
M-2022-8,158,18,4,0.0006801564359802754,4323
M-2022-8,158,25,4,0.0006801564359802754,4324
M-2022-8,158,93,4,0.0006801564359802754,4325
M-2022-8,158,127,4,0.0006801564359802754,4326
M-2022-8,171,17,4,0.0006796941376380628,4327
M-2022-8,171,87,4,0.0006796941376380628,4328
M-2022-8,171,112,4,0.0006796941376380628,4329
M-2022-8,171,143,4,0.0006796941376380628,4330
M-2022-8,142,1,14,0.0006750241080038572,4331
M-2022-8,142,68,14,0.0006750241080038572,4332
M-2022-8,39,13,4,0.0006749915626054674,4333
M-2022-8,39,14,4,0.0006749915626054674,4334
M-2022-8,39,129,4,0.0006749915626054674,4335
M-2022-8,39,153,4,0.0006749915626054674,4336
M-2022-8,2,12,4,0.0006729475100942127,4337
M-2022-8,2,17,4,0.0006729475100942127,4338
M-2022-8,2,18,4,0.0006729475100942127,4339
M-2022-8,2,53,4,0.0006729475100942127,4340
M-2022-8,2,60,4,0.0006729475100942127,4341
M-2022-8,2,67,4,0.0006729475100942127,4342
M-2022-8,2,85,4,0.0006729475100942127,4343
M-2022-8,2,116,4,0.0006729475100942127,4344
M-2022-8,2,130,4,0.0006729475100942127,4345
M-2022-8,2,135,4,0.0006729475100942127,4346
M-2022-8,2,138,4,0.0006729475100942127,4347
M-2022-8,2,158,4,0.0006729475100942127,4348
M-2022-8,66,17,2,0.0006711409395973154,4349
M-2022-8,66,24,2,0.0006711409395973154,4350
M-2022-8,66,71,2,0.0006711409395973154,4351
M-2022-8,66,100,2,0.0006711409395973154,4352
M-2022-8,66,102,2,0.0006711409395973154,4353
M-2022-8,66,105,2,0.0006711409395973154,4354
M-2022-8,138,10,18,0.0006657543366497763,4355
M-2022-8,138,155,18,0.0006657543366497763,4356
M-2022-8,91,65,2,0.0006653359946773121,4357
M-2022-8,91,93,2,0.0006653359946773121,4358
M-2022-8,91,117,2,0.0006653359946773121,4359
M-2022-8,91,131,2,0.0006653359946773121,4360
M-2022-8,50,164,6,0.0006642311524410495,4361
M-2022-8,75,129,11,0.0006636100386100386,4362
M-2022-8,122,26,30,0.0006633059166887769,4363
M-2022-8,18,127,10,0.0006629541235746487,4364
M-2022-8,18,136,10,0.0006629541235746487,4365
M-2022-8,23,51,3,0.0006623978803267829,4366
M-2022-8,23,116,3,0.0006623978803267829,4367
M-2022-8,149,82,24,0.0006596487370475222,4368
M-2022-8,149,146,24,0.0006596487370475222,4369
M-2022-8,24,19,3,0.0006587615283267457,4370
M-2022-8,24,21,3,0.0006587615283267457,4371
M-2022-8,24,133,3,0.0006587615283267457,4372
M-2022-8,115,105,9,0.000654688295628137,4373
M-2022-8,115,131,9,0.000654688295628137,4374
M-2022-8,28,23,6,0.0006544502617801048,4375
M-2022-8,28,79,6,0.0006544502617801048,4376
M-2022-8,28,87,6,0.0006544502617801048,4377
M-2022-8,28,91,6,0.0006544502617801048,4378
M-2022-8,28,97,6,0.0006544502617801048,4379
M-2022-8,28,101,6,0.0006544502617801048,4380
M-2022-8,28,122,6,0.0006544502617801048,4381
M-2022-8,28,130,6,0.0006544502617801048,4382
M-2022-8,28,133,6,0.0006544502617801048,4383
M-2022-8,28,136,6,0.0006544502617801048,4384
M-2022-8,28,138,6,0.0006544502617801048,4385
M-2022-8,28,168,6,0.0006544502617801048,4386
M-2022-8,124,51,15,0.0006542504470711388,4387
M-2022-8,124,133,15,0.0006542504470711388,4388
M-2022-8,96,86,28,0.0006540222367560497,4389
M-2022-8,96,170,28,0.0006540222367560497,4390
M-2022-8,83,74,15,0.0006538796861377507,4391
M-2022-8,83,77,15,0.0006538796861377507,4392
M-2022-8,98,27,34,0.0006505433950711771,4393
M-2022-8,132,2,8,0.0006503536297861963,4394
M-2022-8,132,49,8,0.0006503536297861963,4395
M-2022-8,156,87,14,0.0006499234018847779,4396
M-2022-8,156,148,14,0.0006499234018847779,4397
M-2022-8,156,151,14,0.0006499234018847779,4398
M-2022-8,86,129,11,0.0006494656668831553,4399
M-2022-8,48,5,3,0.0006485084306095979,4400
M-2022-8,48,83,3,0.0006485084306095979,4401
M-2022-8,48,94,3,0.0006485084306095979,4402
M-2022-8,153,8,27,0.0006446683539468029,4403
M-2022-8,153,17,27,0.0006446683539468029,4404
M-2022-8,153,85,27,0.0006446683539468029,4405
M-2022-8,46,115,3,0.0006428112277694451,4406
M-2022-8,46,122,3,0.0006428112277694451,4407
M-2022-8,46,135,3,0.0006428112277694451,4408
M-2022-8,61,29,8,0.0006427767957576731,4409
M-2022-8,172,2,4,0.0006417455478902615,4410
M-2022-8,172,17,4,0.0006417455478902615,4411
M-2022-8,172,28,4,0.0006417455478902615,4412
M-2022-8,172,53,4,0.0006417455478902615,4413
M-2022-8,172,114,4,0.0006417455478902615,4414
M-2022-8,172,116,4,0.0006417455478902615,4415
M-2022-8,172,143,4,0.0006417455478902615,4416
M-2022-8,172,156,4,0.0006417455478902615,4417
M-2022-8,122,29,29,0.0006411957194658177,4418
M-2022-8,165,28,4,0.0006404098623118795,4419
M-2022-8,165,55,4,0.0006404098623118795,4420
M-2022-8,165,155,4,0.0006404098623118795,4421
M-2022-8,60,108,14,0.000640380569023877,4422
M-2022-8,126,2,1,0.0006402048655569782,4423
M-2022-8,126,45,1,0.0006402048655569782,4424
M-2022-8,126,69,1,0.0006402048655569782,4425
M-2022-8,126,82,1,0.0006402048655569782,4426
M-2022-8,126,96,1,0.0006402048655569782,4427
M-2022-8,126,111,1,0.0006402048655569782,4428
M-2022-8,126,125,1,0.0006402048655569782,4429
M-2022-8,126,127,1,0.0006402048655569782,4430
M-2022-8,126,138,1,0.0006402048655569782,4431
M-2022-8,126,143,1,0.0006402048655569782,4432
M-2022-8,126,151,1,0.0006402048655569782,4433
M-2022-8,126,171,1,0.0006402048655569782,4434
M-2022-8,93,10,17,0.0006344940842757437,4435
M-2022-8,93,142,17,0.0006344940842757437,4436
M-2022-8,51,82,10,0.0006333523339033504,4437
M-2022-8,151,17,1,0.0006325110689437065,4438
M-2022-8,151,25,1,0.0006325110689437065,4439
M-2022-8,151,45,1,0.0006325110689437065,4440
M-2022-8,151,46,1,0.0006325110689437065,4441
M-2022-8,151,68,1,0.0006325110689437065,4442
M-2022-8,151,72,1,0.0006325110689437065,4443
M-2022-8,151,82,1,0.0006325110689437065,4444
M-2022-8,151,103,1,0.0006325110689437065,4445
M-2022-8,151,115,1,0.0006325110689437065,4446
M-2022-8,151,123,1,0.0006325110689437065,4447
M-2022-8,151,125,1,0.0006325110689437065,4448
M-2022-8,151,132,1,0.0006325110689437065,4449
M-2022-8,151,134,1,0.0006325110689437065,4450
M-2022-8,151,140,1,0.0006325110689437065,4451
M-2022-8,151,148,1,0.0006325110689437065,4452
M-2022-8,151,170,1,0.0006325110689437065,4453
M-2022-8,151,177,1,0.0006325110689437065,4454
M-2022-8,138,90,17,0.0006287679846136775,4455
M-2022-8,145,14,1,0.0006265664160401002,4456
M-2022-8,145,29,1,0.0006265664160401002,4457
M-2022-8,145,45,1,0.0006265664160401002,4458
M-2022-8,145,102,1,0.0006265664160401002,4459
M-2022-8,145,122,1,0.0006265664160401002,4460
M-2022-8,145,146,1,0.0006265664160401002,4461
M-2022-8,175,124,24,0.0006262557732954101,4462
M-2022-8,175,129,24,0.0006262557732954101,4463
M-2022-8,6,87,1,0.0006238303181534623,4464
M-2022-8,6,117,1,0.0006238303181534623,4465
M-2022-8,6,143,1,0.0006238303181534623,4466
M-2022-8,6,170,1,0.0006238303181534623,4467
M-2022-8,157,17,1,0.0006195786864931846,4468
M-2022-8,157,23,1,0.0006195786864931846,4469
M-2022-8,157,37,1,0.0006195786864931846,4470
M-2022-8,157,44,1,0.0006195786864931846,4471
M-2022-8,157,75,1,0.0006195786864931846,4472
M-2022-8,157,87,1,0.0006195786864931846,4473
M-2022-8,157,110,1,0.0006195786864931846,4474
M-2022-8,157,130,1,0.0006195786864931846,4475
M-2022-8,157,132,1,0.0006195786864931846,4476
M-2022-8,157,136,1,0.0006195786864931846,4477
M-2022-8,157,141,1,0.0006195786864931846,4478
M-2022-8,157,151,1,0.0006195786864931846,4479
M-2022-8,157,158,1,0.0006195786864931846,4480
M-2022-8,157,163,1,0.0006195786864931846,4481
M-2022-8,14,13,4,0.0006186204763377668,4482
M-2022-8,14,15,4,0.0006186204763377668,4483
M-2022-8,14,17,4,0.0006186204763377668,4484
M-2022-8,14,43,4,0.0006186204763377668,4485
M-2022-8,14,49,4,0.0006186204763377668,4486
M-2022-8,14,65,4,0.0006186204763377668,4487
M-2022-8,14,67,4,0.0006186204763377668,4488
M-2022-8,14,99,4,0.0006186204763377668,4489
M-2022-8,14,131,4,0.0006186204763377668,4490
M-2022-8,14,138,4,0.0006186204763377668,4491
M-2022-8,14,139,4,0.0006186204763377668,4492
M-2022-8,14,172,4,0.0006186204763377668,4493
M-2022-8,131,49,17,0.0006179346443240885,4494
M-2022-8,131,175,17,0.0006179346443240885,4495
M-2022-8,55,140,3,0.0006160164271047228,4496
M-2022-8,55,153,3,0.0006160164271047228,4497
M-2022-8,55,154,3,0.0006160164271047228,4498
M-2022-8,55,158,3,0.0006160164271047228,4499
M-2022-8,72,86,5,0.0006147792942333702,4500
M-2022-8,72,157,5,0.0006147792942333702,4501
M-2022-8,11,16,1,0.0006134969325153375,4502
M-2022-8,11,20,1,0.0006134969325153375,4503
M-2022-8,11,21,1,0.0006134969325153375,4504
M-2022-8,11,32,1,0.0006134969325153375,4505
M-2022-8,11,43,1,0.0006134969325153375,4506
M-2022-8,11,44,1,0.0006134969325153375,4507
M-2022-8,11,46,1,0.0006134969325153375,4508
M-2022-8,11,66,1,0.0006134969325153375,4509
M-2022-8,11,68,1,0.0006134969325153375,4510
M-2022-8,11,69,1,0.0006134969325153375,4511
M-2022-8,11,77,1,0.0006134969325153375,4512
M-2022-8,11,95,1,0.0006134969325153375,4513
M-2022-8,11,105,1,0.0006134969325153375,4514
M-2022-8,11,111,1,0.0006134969325153375,4515
M-2022-8,11,129,1,0.0006134969325153375,4516
M-2022-8,11,135,1,0.0006134969325153375,4517
M-2022-8,11,151,1,0.0006134969325153375,4518
M-2022-8,11,162,1,0.0006134969325153375,4519
M-2022-8,136,155,11,0.0006133258990800111,4520
M-2022-8,140,9,4,0.0006122761365375785,4521
M-2022-8,140,18,4,0.0006122761365375785,4522
M-2022-8,140,41,4,0.0006122761365375785,4523
M-2022-8,140,53,4,0.0006122761365375785,4524
M-2022-8,140,117,4,0.0006122761365375785,4525
M-2022-8,140,124,4,0.0006122761365375785,4526
M-2022-8,140,151,4,0.0006122761365375785,4527
M-2022-8,140,157,4,0.0006122761365375785,4528
M-2022-8,19,71,7,0.000611193573736139,4529
M-2022-8,19,77,7,0.000611193573736139,4530
M-2022-8,19,112,7,0.000611193573736139,4531
M-2022-8,19,175,7,0.000611193573736139,4532
M-2022-8,59,97,3,0.0006111224281931147,4533
M-2022-8,71,76,45,0.0006106083015590865,4534
M-2022-8,99,105,11,0.0006103312434111968,4535
M-2022-8,99,156,11,0.0006103312434111968,4536
M-2022-8,83,65,14,0.0006102877070619006,4537
M-2022-8,83,106,14,0.0006102877070619006,4538
M-2022-8,117,130,32,0.000609407731860598,4539
M-2022-8,129,143,14,0.0006077971694017539,4540
M-2022-8,25,9,24,0.0006072567177774404,4541
M-2022-8,49,17,8,0.0006065200909780137,4542
M-2022-8,49,132,8,0.0006065200909780137,4543
M-2022-8,49,139,8,0.0006065200909780137,4544
M-2022-8,116,1,2,0.0006053268765133172,4545
M-2022-8,116,23,2,0.0006053268765133172,4546
M-2022-8,116,39,2,0.0006053268765133172,4547
M-2022-8,116,43,2,0.0006053268765133172,4548
M-2022-8,116,73,2,0.0006053268765133172,4549
M-2022-8,116,82,2,0.0006053268765133172,4550
M-2022-8,116,104,2,0.0006053268765133172,4551
M-2022-8,116,119,2,0.0006053268765133172,4552
M-2022-8,116,131,2,0.0006053268765133172,4553
M-2022-8,116,134,2,0.0006053268765133172,4554
M-2022-8,116,139,2,0.0006053268765133172,4555
M-2022-8,155,1,3,0.0006050826946349334,4556
M-2022-8,155,12,3,0.0006050826946349334,4557
M-2022-8,155,32,3,0.0006050826946349334,4558
M-2022-8,155,46,3,0.0006050826946349334,4559
M-2022-8,155,107,3,0.0006050826946349334,4560
M-2022-8,155,126,3,0.0006050826946349334,4561
M-2022-8,30,14,2,0.0006049606775559589,4562
M-2022-8,30,22,2,0.0006049606775559589,4563
M-2022-8,30,31,2,0.0006049606775559589,4564
M-2022-8,30,98,2,0.0006049606775559589,4565
M-2022-8,30,117,2,0.0006049606775559589,4566
M-2022-8,30,143,2,0.0006049606775559589,4567
M-2022-8,149,49,22,0.0006046780089602287,4568
M-2022-8,130,66,3,0.0006036217303822937,4569
M-2022-8,130,107,3,0.0006036217303822937,4570
M-2022-8,130,150,3,0.0006036217303822937,4571
M-2022-8,75,157,10,0.0006032818532818533,4572
M-2022-8,176,3,1,0.0006016847172081829,4573
M-2022-8,176,4,1,0.0006016847172081829,4574
M-2022-8,176,13,1,0.0006016847172081829,4575
M-2022-8,176,18,1,0.0006016847172081829,4576
M-2022-8,176,20,1,0.0006016847172081829,4577
M-2022-8,176,21,1,0.0006016847172081829,4578
M-2022-8,176,23,1,0.0006016847172081829,4579
M-2022-8,176,32,1,0.0006016847172081829,4580
M-2022-8,176,46,1,0.0006016847172081829,4581
M-2022-8,176,49,1,0.0006016847172081829,4582
M-2022-8,176,62,1,0.0006016847172081829,4583
M-2022-8,176,68,1,0.0006016847172081829,4584
M-2022-8,176,71,1,0.0006016847172081829,4585
M-2022-8,176,74,1,0.0006016847172081829,4586
M-2022-8,176,79,1,0.0006016847172081829,4587
M-2022-8,176,82,1,0.0006016847172081829,4588
M-2022-8,176,84,1,0.0006016847172081829,4589
M-2022-8,176,87,1,0.0006016847172081829,4590
M-2022-8,176,96,1,0.0006016847172081829,4591
M-2022-8,176,101,1,0.0006016847172081829,4592
M-2022-8,176,112,1,0.0006016847172081829,4593
M-2022-8,176,136,1,0.0006016847172081829,4594
M-2022-8,176,148,1,0.0006016847172081829,4595
M-2022-8,176,158,1,0.0006016847172081829,4596
M-2022-8,176,171,1,0.0006016847172081829,4597
M-2022-8,175,158,23,0.0006001617827414347,4598
M-2022-8,93,71,16,0.0005971709028477587,4599
M-2022-8,93,82,16,0.0005971709028477587,4600
M-2022-8,153,28,25,0.000596915142543336,4601
M-2022-8,153,46,25,0.000596915142543336,4602
M-2022-8,18,71,9,0.0005966587112171838,4603
M-2022-8,18,93,9,0.0005966587112171838,4604
M-2022-8,18,143,9,0.0005966587112171838,4605
M-2022-8,18,149,9,0.0005966587112171838,4606
M-2022-8,77,117,23,0.0005951456813124256,4607
M-2022-8,63,99,5,0.0005943889681407513,4608
M-2022-8,63,108,5,0.0005943889681407513,4609
M-2022-8,63,140,5,0.0005943889681407513,4610
M-2022-8,63,149,5,0.0005943889681407513,4611
M-2022-8,63,161,5,0.0005943889681407513,4612
M-2022-8,103,25,1,0.0005931198102016608,4613
M-2022-8,103,28,1,0.0005931198102016608,4614
M-2022-8,103,77,1,0.0005931198102016608,4615
M-2022-8,103,155,1,0.0005931198102016608,4616
M-2022-8,103,175,1,0.0005931198102016608,4617
M-2022-8,159,2,1,0.0005927682276229994,4618
M-2022-8,159,19,1,0.0005927682276229994,4619
M-2022-8,159,50,1,0.0005927682276229994,4620
M-2022-8,159,60,1,0.0005927682276229994,4621
M-2022-8,159,63,1,0.0005927682276229994,4622
M-2022-8,159,66,1,0.0005927682276229994,4623
M-2022-8,159,72,1,0.0005927682276229994,4624
M-2022-8,159,77,1,0.0005927682276229994,4625
M-2022-8,159,80,1,0.0005927682276229994,4626
M-2022-8,159,96,1,0.0005927682276229994,4627
M-2022-8,159,99,1,0.0005927682276229994,4628
M-2022-8,159,104,1,0.0005927682276229994,4629
M-2022-8,159,112,1,0.0005927682276229994,4630
M-2022-8,159,141,1,0.0005927682276229994,4631
M-2022-8,159,149,1,0.0005927682276229994,4632
M-2022-8,159,154,1,0.0005927682276229994,4633
M-2022-8,29,64,13,0.0005923900660742766,4634
M-2022-8,29,151,13,0.0005923900660742766,4635
M-2022-8,138,14,16,0.0005917816325775789,4636
M-2022-8,138,162,16,0.0005917816325775789,4637
M-2022-8,17,60,6,0.0005915992900808519,4638
M-2022-8,17,65,6,0.0005915992900808519,4639
M-2022-8,17,76,6,0.0005915992900808519,4640
M-2022-8,17,111,6,0.0005915992900808519,4641
M-2022-8,17,157,6,0.0005915992900808519,4642
M-2022-8,86,2,10,0.0005904233335301411,4643
M-2022-8,62,28,5,0.0005894836123555765,4644
M-2022-8,62,49,5,0.0005894836123555765,4645
M-2022-8,62,68,5,0.0005894836123555765,4646
M-2022-8,62,117,5,0.0005894836123555765,4647
M-2022-8,62,129,5,0.0005894836123555765,4648
M-2022-8,168,2,2,0.0005859947260474656,4649
M-2022-8,168,29,2,0.0005859947260474656,4650
M-2022-8,168,72,2,0.0005859947260474656,4651
M-2022-8,168,123,2,0.0005859947260474656,4652
M-2022-8,168,125,2,0.0005859947260474656,4653
M-2022-8,168,163,2,0.0005859947260474656,4654
M-2022-8,168,175,2,0.0005859947260474656,4655
M-2022-8,96,74,25,0.0005839484256750444,4656
M-2022-8,1,17,3,0.000582977069568597,4657
M-2022-8,1,53,3,0.000582977069568597,4658
M-2022-8,1,123,3,0.000582977069568597,4659
M-2022-8,1,156,3,0.000582977069568597,4660
M-2022-8,142,31,12,0.0005785920925747348,4661
M-2022-8,142,53,12,0.0005785920925747348,4662
M-2022-8,108,2,4,0.0005762028233938346,4663
M-2022-8,108,12,4,0.0005762028233938346,4664
M-2022-8,108,95,4,0.0005762028233938346,4665
M-2022-8,108,99,4,0.0005762028233938346,4666
M-2022-8,108,163,4,0.0005762028233938346,4667
M-2022-8,175,93,22,0.0005740677921874592,4668
M-2022-8,98,124,30,0.0005740088780039798,4669
M-2022-8,148,19,3,0.0005738332058148432,4670
M-2022-8,148,62,3,0.0005738332058148432,4671
M-2022-8,148,82,3,0.0005738332058148432,4672
M-2022-8,153,36,24,0.0005730385368416026,4673
M-2022-8,117,111,30,0.0005713197486193106,4674
M-2022-8,51,60,9,0.0005700171005130154,4675
M-2022-8,51,151,9,0.0005700171005130154,4676
M-2022-8,71,70,42,0.0005699010814551475,4677
M-2022-8,71,95,42,0.0005699010814551475,4678
M-2022-8,77,108,22,0.0005692697821249288,4679
M-2022-8,132,46,7,0.0005690594260629217,4680
M-2022-8,132,117,7,0.0005690594260629217,4681
M-2022-8,132,155,7,0.0005690594260629217,4682
M-2022-8,53,90,3,0.0005687203791469195,4683
M-2022-8,53,106,3,0.0005687203791469195,4684
M-2022-8,53,109,3,0.0005687203791469195,4685
M-2022-8,53,112,3,0.0005687203791469195,4686
M-2022-8,53,158,3,0.0005687203791469195,4687
M-2022-8,61,11,7,0.0005624296962879641,4688
M-2022-8,61,39,7,0.0005624296962879641,4689
M-2022-8,61,51,7,0.0005624296962879641,4690
M-2022-8,61,162,7,0.0005624296962879641,4691
M-2022-8,76,20,2,0.0005621135469364812,4692
M-2022-8,76,117,2,0.0005621135469364812,4693
M-2022-8,76,137,2,0.0005621135469364812,4694
M-2022-8,76,149,2,0.0005621135469364812,4695
M-2022-8,76,158,2,0.0005621135469364812,4696
M-2022-8,45,9,1,0.0005621135469364812,4697
M-2022-8,45,13,1,0.0005621135469364812,4698
M-2022-8,45,18,1,0.0005621135469364812,4699
M-2022-8,45,28,1,0.0005621135469364812,4700
M-2022-8,45,36,1,0.0005621135469364812,4701
M-2022-8,45,37,1,0.0005621135469364812,4702
M-2022-8,45,41,1,0.0005621135469364812,4703
M-2022-8,45,43,1,0.0005621135469364812,4704
M-2022-8,45,46,1,0.0005621135469364812,4705
M-2022-8,45,60,1,0.0005621135469364812,4706
M-2022-8,45,83,1,0.0005621135469364812,4707
M-2022-8,45,96,1,0.0005621135469364812,4708
M-2022-8,45,99,1,0.0005621135469364812,4709
M-2022-8,45,110,1,0.0005621135469364812,4710
M-2022-8,45,123,1,0.0005621135469364812,4711
M-2022-8,45,132,1,0.0005621135469364812,4712
M-2022-8,45,134,1,0.0005621135469364812,4713
M-2022-8,45,140,1,0.0005621135469364812,4714
M-2022-8,45,144,1,0.0005621135469364812,4715
M-2022-8,45,156,1,0.0005621135469364812,4716
M-2022-8,45,163,1,0.0005621135469364812,4717
M-2022-8,45,169,1,0.0005621135469364812,4718
M-2022-8,45,170,1,0.0005621135469364812,4719
M-2022-8,45,175,1,0.0005621135469364812,4720
M-2022-8,93,12,15,0.0005598477214197738,4721
M-2022-8,93,171,15,0.0005598477214197738,4722
M-2022-8,164,16,1,0.0005595970900951316,4723
M-2022-8,164,27,1,0.0005595970900951316,4724
M-2022-8,164,82,1,0.0005595970900951316,4725
M-2022-8,164,87,1,0.0005595970900951316,4726
M-2022-8,164,91,1,0.0005595970900951316,4727
M-2022-8,164,98,1,0.0005595970900951316,4728
M-2022-8,164,130,1,0.0005595970900951316,4729
M-2022-8,164,152,1,0.0005595970900951316,4730
M-2022-8,164,155,1,0.0005595970900951316,4731
M-2022-8,125,25,2,0.0005580357142857143,4732
M-2022-8,125,49,2,0.0005580357142857143,4733
M-2022-8,125,86,2,0.0005580357142857143,4734
M-2022-8,125,87,2,0.0005580357142857143,4735
M-2022-8,125,127,2,0.0005580357142857143,4736
M-2022-8,125,138,2,0.0005580357142857143,4737
M-2022-8,136,46,10,0.0005575689991636465,4738
M-2022-8,74,14,2,0.000556947925368978,4739
M-2022-8,74,51,2,0.000556947925368978,4740
M-2022-8,74,90,2,0.000556947925368978,4741
M-2022-8,99,115,10,0.0005548465849192698,4742
M-2022-8,138,53,15,0.0005547952805414802,4743
M-2022-8,138,127,15,0.0005547952805414802,4744
M-2022-8,138,132,15,0.0005547952805414802,4745
M-2022-8,50,62,5,0.0005535259603675413,4746
M-2022-8,50,125,5,0.0005535259603675413,4747
M-2022-8,102,100,19,0.0005526951159205282,4748
M-2022-8,146,12,3,0.0005524861878453039,4749
M-2022-8,117,49,29,0.000552275756998667,4750
M-2022-8,117,75,29,0.000552275756998667,4751
M-2022-8,149,14,20,0.0005497072808729351,4752
M-2022-8,60,17,12,0.0005488976305918946,4753
M-2022-8,175,157,21,0.0005479738016334838,4754
M-2022-8,29,28,12,0.0005468215994531784,4755
M-2022-8,29,45,12,0.0005468215994531784,4756
M-2022-8,29,50,12,0.0005468215994531784,4757
M-2022-8,28,50,5,0.0005453752181500873,4758
M-2022-8,28,51,5,0.0005453752181500873,4759
M-2022-8,28,124,5,0.0005453752181500873,4760
M-2022-8,131,153,15,0.0005452364508741958,4761
M-2022-8,134,148,4,0.0005451076587626056,4762
M-2022-8,68,10,2,0.0005445140212360468,4763
M-2022-8,68,12,2,0.0005445140212360468,4764
M-2022-8,68,20,2,0.0005445140212360468,4765
M-2022-8,68,24,2,0.0005445140212360468,4766
M-2022-8,68,60,2,0.0005445140212360468,4767
M-2022-8,68,61,2,0.0005445140212360468,4768
M-2022-8,68,66,2,0.0005445140212360468,4769
M-2022-8,68,75,2,0.0005445140212360468,4770
M-2022-8,68,82,2,0.0005445140212360468,4771
M-2022-8,68,105,2,0.0005445140212360468,4772
M-2022-8,68,124,2,0.0005445140212360468,4773
M-2022-8,68,130,2,0.0005445140212360468,4774
M-2022-8,68,135,2,0.0005445140212360468,4775
M-2022-8,68,151,2,0.0005445140212360468,4776
M-2022-8,68,171,2,0.0005445140212360468,4777
M-2022-8,80,63,1,0.000543773790103317,4778
M-2022-8,80,108,1,0.000543773790103317,4779
M-2022-8,80,124,1,0.000543773790103317,4780
M-2022-8,80,140,1,0.000543773790103317,4781
M-2022-8,54,68,2,0.0005433306166802499,4782
M-2022-8,54,99,2,0.0005433306166802499,4783
M-2022-8,54,132,2,0.0005433306166802499,4784
M-2022-8,75,147,9,0.000542953667953668,4785
M-2022-8,135,11,1,0.0005367686527106817,4786
M-2022-8,135,14,1,0.0005367686527106817,4787
M-2022-8,135,28,1,0.0005367686527106817,4788
M-2022-8,135,49,1,0.0005367686527106817,4789
M-2022-8,135,77,1,0.0005367686527106817,4790
M-2022-8,135,89,1,0.0005367686527106817,4791
M-2022-8,135,115,1,0.0005367686527106817,4792
M-2022-8,135,125,1,0.0005367686527106817,4793
M-2022-8,135,128,1,0.0005367686527106817,4794
M-2022-8,135,131,1,0.0005367686527106817,4795
M-2022-8,135,139,1,0.0005367686527106817,4796
M-2022-8,135,140,1,0.0005367686527106817,4797
M-2022-8,135,158,1,0.0005367686527106817,4798
M-2022-8,135,159,1,0.0005367686527106817,4799
M-2022-8,86,51,9,0.000531381000177127,4800
M-2022-8,86,143,9,0.000531381000177127,4801
M-2022-8,86,175,9,0.000531381000177127,4802
M-2022-8,25,130,21,0.0005313496280552603,4803
M-2022-8,25,149,21,0.0005313496280552603,4804
M-2022-8,49,2,7,0.0005307050796057619,4805
M-2022-8,49,68,7,0.0005307050796057619,4806
M-2022-8,49,72,7,0.0005307050796057619,4807
M-2022-8,18,17,8,0.0005303632988597189,4808
M-2022-8,18,25,8,0.0005303632988597189,4809
M-2022-8,18,156,8,0.0005303632988597189,4810
M-2022-8,110,29,3,0.0005273334505185445,4811
M-2022-8,110,68,3,0.0005273334505185445,4812
M-2022-8,110,82,3,0.0005273334505185445,4813
M-2022-8,110,86,3,0.0005273334505185445,4814
M-2022-8,110,95,3,0.0005273334505185445,4815
M-2022-8,110,117,3,0.0005273334505185445,4816
M-2022-8,27,17,1,0.0005260389268805891,4817
M-2022-8,27,117,1,0.0005260389268805891,4818
M-2022-8,27,152,1,0.0005260389268805891,4819
M-2022-8,27,176,1,0.0005260389268805891,4820
M-2022-8,19,21,6,0.0005238802060595477,4821
M-2022-8,19,75,6,0.0005238802060595477,4822
M-2022-8,19,127,6,0.0005238802060595477,4823
M-2022-8,124,2,12,0.0005234003576569111,4824
M-2022-8,124,22,12,0.0005234003576569111,4825
M-2022-8,124,86,12,0.0005234003576569111,4826
M-2022-8,57,49,1,0.0005227391531625719,4827
M-2022-8,57,53,1,0.0005227391531625719,4828
M-2022-8,57,75,1,0.0005227391531625719,4829
M-2022-8,57,84,1,0.0005227391531625719,4830
M-2022-8,57,117,1,0.0005227391531625719,4831
M-2022-8,93,151,14,0.0005225245399917889,4832
M-2022-8,129,14,12,0.0005209690023443605,4833
M-2022-8,129,23,12,0.0005209690023443605,4834
M-2022-8,129,140,12,0.0005209690023443605,4835
M-2022-8,129,149,12,0.0005209690023443605,4836
M-2022-8,41,19,1,0.0005186721991701245,4837
M-2022-8,41,26,1,0.0005186721991701245,4838
M-2022-8,41,37,1,0.0005186721991701245,4839
M-2022-8,41,45,1,0.0005186721991701245,4840
M-2022-8,41,49,1,0.0005186721991701245,4841
M-2022-8,41,63,1,0.0005186721991701245,4842
M-2022-8,41,77,1,0.0005186721991701245,4843
M-2022-8,41,96,1,0.0005186721991701245,4844
M-2022-8,41,148,1,0.0005186721991701245,4845
M-2022-8,41,151,1,0.0005186721991701245,4846
M-2022-8,41,158,1,0.0005186721991701245,4847
M-2022-8,41,171,1,0.0005186721991701245,4848
M-2022-8,138,1,14,0.0005178089285053815,4849
M-2022-8,138,51,14,0.0005178089285053815,4850
M-2022-8,138,176,14,0.0005178089285053815,4851
M-2022-8,98,83,27,0.0005166079902035818,4852
M-2022-8,113,51,1,0.0005157297576070139,4853
M-2022-8,113,66,1,0.0005157297576070139,4854
M-2022-8,113,95,1,0.0005157297576070139,4855
M-2022-8,113,98,1,0.0005157297576070139,4856
M-2022-8,113,134,1,0.0005157297576070139,4857
M-2022-8,117,53,27,0.0005141877737573795,4858
M-2022-8,117,87,27,0.0005141877737573795,4859
M-2022-8,117,159,27,0.0005141877737573795,4860
M-2022-8,96,135,22,0.0005138746145940391,4861
M-2022-8,127,0,1,0.0005125576627370579,4862
M-2022-8,127,9,1,0.0005125576627370579,4863
M-2022-8,127,14,1,0.0005125576627370579,4864
M-2022-8,127,16,1,0.0005125576627370579,4865
M-2022-8,127,39,1,0.0005125576627370579,4866
M-2022-8,127,41,1,0.0005125576627370579,4867
M-2022-8,127,45,1,0.0005125576627370579,4868
M-2022-8,127,53,1,0.0005125576627370579,4869
M-2022-8,127,54,1,0.0005125576627370579,4870
M-2022-8,127,60,1,0.0005125576627370579,4871
M-2022-8,127,61,1,0.0005125576627370579,4872
M-2022-8,127,63,1,0.0005125576627370579,4873
M-2022-8,127,77,1,0.0005125576627370579,4874
M-2022-8,127,93,1,0.0005125576627370579,4875
M-2022-8,127,103,1,0.0005125576627370579,4876
M-2022-8,127,104,1,0.0005125576627370579,4877
M-2022-8,127,112,1,0.0005125576627370579,4878
M-2022-8,127,123,1,0.0005125576627370579,4879
M-2022-8,127,129,1,0.0005125576627370579,4880
M-2022-8,127,136,1,0.0005125576627370579,4881
M-2022-8,127,147,1,0.0005125576627370579,4882
M-2022-8,127,157,1,0.0005125576627370579,4883
M-2022-8,127,159,1,0.0005125576627370579,4884
M-2022-8,127,171,1,0.0005125576627370579,4885
M-2022-8,156,135,11,0.0005106541014808969,4886
M-2022-8,158,1,3,0.0005101173269852066,4887
M-2022-8,158,13,3,0.0005101173269852066,4888
M-2022-8,158,26,3,0.0005101173269852066,4889
M-2022-8,158,34,3,0.0005101173269852066,4890
M-2022-8,158,68,3,0.0005101173269852066,4891
M-2022-8,158,98,3,0.0005101173269852066,4892
M-2022-8,158,111,3,0.0005101173269852066,4893
M-2022-8,158,130,3,0.0005101173269852066,4894
M-2022-8,158,138,3,0.0005101173269852066,4895
M-2022-8,158,164,3,0.0005101173269852066,4896
M-2022-8,158,170,3,0.0005101173269852066,4897
M-2022-8,97,133,18,0.0005099005693889691,4898
M-2022-8,171,23,3,0.0005097706032285472,4899
M-2022-8,171,25,3,0.0005097706032285472,4900
M-2022-8,171,39,3,0.0005097706032285472,4901
M-2022-8,171,136,3,0.0005097706032285472,4902
M-2022-8,115,11,7,0.0005092020077107733,4903
M-2022-8,115,37,7,0.0005092020077107733,4904
M-2022-8,115,93,7,0.0005092020077107733,4905
M-2022-8,122,9,23,0.0005085345361280622,4906
M-2022-8,122,68,23,0.0005085345361280622,4907
M-2022-8,78,74,15,0.0005076313919252767,4908
M-2022-8,51,32,8,0.0005066818671226803,4909
M-2022-8,128,18,1,0.0005065856129685917,4910
M-2022-8,128,28,1,0.0005065856129685917,4911
M-2022-8,128,43,1,0.0005065856129685917,4912
M-2022-8,128,86,1,0.0005065856129685917,4913
M-2022-8,128,87,1,0.0005065856129685917,4914
M-2022-8,128,93,1,0.0005065856129685917,4915
M-2022-8,128,105,1,0.0005065856129685917,4916
M-2022-8,128,115,1,0.0005065856129685917,4917
M-2022-8,128,131,1,0.0005065856129685917,4918
M-2022-8,128,133,1,0.0005065856129685917,4919
M-2022-8,128,135,1,0.0005065856129685917,4920
M-2022-8,128,140,1,0.0005065856129685917,4921
M-2022-8,128,175,1,0.0005065856129685917,4922
M-2022-8,87,61,4,0.0005064573309698658,4923
M-2022-8,87,117,4,0.0005064573309698658,4924
M-2022-8,87,137,4,0.0005064573309698658,4925
M-2022-8,39,112,3,0.0005062436719541006,4926
M-2022-8,39,143,3,0.0005062436719541006,4927
M-2022-8,39,154,3,0.0005062436719541006,4928
M-2022-8,120,2,1,0.0005060728744939271,4929
M-2022-8,120,16,1,0.0005060728744939271,4930
M-2022-8,120,17,1,0.0005060728744939271,4931
M-2022-8,120,46,1,0.0005060728744939271,4932
M-2022-8,120,72,1,0.0005060728744939271,4933
M-2022-8,120,150,1,0.0005060728744939271,4934
M-2022-8,120,154,1,0.0005060728744939271,4935
M-2022-8,120,175,1,0.0005060728744939271,4936
M-2022-8,2,4,3,0.0005047106325706595,4937
M-2022-8,2,39,3,0.0005047106325706595,4938
M-2022-8,2,61,3,0.0005047106325706595,4939
M-2022-8,2,68,3,0.0005047106325706595,4940
M-2022-8,2,95,3,0.0005047106325706595,4941
M-2022-8,2,104,3,0.0005047106325706595,4942
M-2022-8,2,139,3,0.0005047106325706595,4943
M-2022-8,2,172,3,0.0005047106325706595,4944
M-2022-8,64,10,2,0.0005044136191677175,4945
M-2022-8,64,42,2,0.0005044136191677175,4946
M-2022-8,64,131,2,0.0005044136191677175,4947
M-2022-8,64,132,2,0.0005044136191677175,4948
M-2022-8,64,153,2,0.0005044136191677175,4949
M-2022-8,64,155,2,0.0005044136191677175,4950
M-2022-8,64,171,2,0.0005044136191677175,4951
M-2022-8,71,124,37,0.000502055714615249,4952
M-2022-8,136,18,9,0.0005018120992472819,4953
M-2022-8,136,29,9,0.0005018120992472819,4954
M-2022-8,136,71,9,0.0005018120992472819,4955
M-2022-8,153,12,21,0.0005014087197364023,4956
M-2022-8,29,104,11,0.0005012531328320802,4957
M-2022-8,5,16,1,0.0004997501249375312,4958
M-2022-8,5,29,1,0.0004997501249375312,4959
M-2022-8,5,51,1,0.0004997501249375312,4960
M-2022-8,5,77,1,0.0004997501249375312,4961
M-2022-8,5,107,1,0.0004997501249375312,4962
M-2022-8,5,117,1,0.0004997501249375312,4963
M-2022-8,5,134,1,0.0004997501249375312,4964
M-2022-8,5,143,1,0.0004997501249375312,4965
M-2022-8,5,153,1,0.0004997501249375312,4966
M-2022-8,5,172,1,0.0004997501249375312,4967
M-2022-8,82,93,18,0.0004987531172069825,4968
M-2022-8,166,14,1,0.00049800796812749,4969
M-2022-8,166,33,1,0.00049800796812749,4970
M-2022-8,166,39,1,0.00049800796812749,4971
M-2022-8,166,45,1,0.00049800796812749,4972
M-2022-8,166,75,1,0.00049800796812749,4973
M-2022-8,166,76,1,0.00049800796812749,4974
M-2022-8,166,78,1,0.00049800796812749,4975
M-2022-8,166,90,1,0.00049800796812749,4976
M-2022-8,166,127,1,0.00049800796812749,4977
M-2022-8,166,130,1,0.00049800796812749,4978
M-2022-8,166,135,1,0.00049800796812749,4979
M-2022-8,166,147,1,0.00049800796812749,4980
M-2022-8,166,149,1,0.00049800796812749,4981
M-2022-8,166,158,1,0.00049800796812749,4982
M-2022-8,166,168,1,0.00049800796812749,4983
M-2022-8,90,2,2,0.0004973887092762995,4984
M-2022-8,90,28,2,0.0004973887092762995,4985
M-2022-8,90,31,2,0.0004973887092762995,4986
M-2022-8,90,79,2,0.0004973887092762995,4987
M-2022-8,90,101,2,0.0004973887092762995,4988
M-2022-8,90,140,2,0.0004973887092762995,4989
M-2022-8,90,176,2,0.0004973887092762995,4990
M-2022-8,117,101,26,0.0004951437821367359,4991
M-2022-8,149,171,18,0.0004947365527856417,4992
M-2022-8,17,50,5,0.0004929994084007099,4993
M-2022-8,17,71,5,0.0004929994084007099,4994
M-2022-8,17,77,5,0.0004929994084007099,4995
M-2022-8,17,172,5,0.0004929994084007099,4996
M-2022-8,72,73,4,0.0004918234353866962,4997
M-2022-8,132,142,6,0.00048776522233964716,4998
M-2022-8,132,160,6,0.00048776522233964716,4999
M-2022-8,122,19,22,0.00048642433890510304,5000
M-2022-8,122,116,22,0.00048642433890510304,5001
M-2022-8,93,28,13,0.00048520135856380397,5002
M-2022-8,75,25,8,0.00048262548262548264,5003
M-2022-8,75,49,8,0.00048262548262548264,5004
M-2022-8,75,78,8,0.00048262548262548264,5005
M-2022-8,61,28,6,0.00048208259681825486,5006
M-2022-8,169,29,1,0.0004816955684007707,5007
M-2022-8,169,46,1,0.0004816955684007707,5008
M-2022-8,169,62,1,0.0004816955684007707,5009
M-2022-8,169,146,1,0.0004816955684007707,5010
M-2022-8,172,14,3,0.00048130916091769613,5011
M-2022-8,172,130,3,0.00048130916091769613,5012
M-2022-8,172,151,3,0.00048130916091769613,5013
M-2022-8,172,158,3,0.00048130916091769613,5014
M-2022-8,138,56,13,0.00048082257646928284,5015
M-2022-8,25,96,19,0.000480744901573807,5016
M-2022-8,165,83,3,0.0004803073967339097,5017
M-2022-8,124,96,11,0.0004797836611855018,5018
M-2022-8,124,125,11,0.0004797836611855018,5019
M-2022-8,129,176,11,0.0004775549188156638,5020
M-2022-8,153,75,20,0.00047753211403466883,5021
M-2022-8,153,154,20,0.00047753211403466883,5022
M-2022-8,117,170,25,0.00047609979051609216,5023
M-2022-8,63,18,4,0.00047551117451260106,5024
M-2022-8,63,72,4,0.00047551117451260106,5025
M-2022-8,63,126,4,0.00047551117451260106,5026
M-2022-8,63,143,4,0.00047551117451260106,5027
M-2022-8,63,160,4,0.00047551117451260106,5028
M-2022-8,84,2,1,0.00047460844803037496,5029
M-2022-8,84,52,1,0.00047460844803037496,5030
M-2022-8,84,57,1,0.00047460844803037496,5031
M-2022-8,84,61,1,0.00047460844803037496,5032
M-2022-8,84,82,1,0.00047460844803037496,5033
M-2022-8,84,94,1,0.00047460844803037496,5034
M-2022-8,84,101,1,0.00047460844803037496,5035
M-2022-8,84,107,1,0.00047460844803037496,5036
M-2022-8,84,111,1,0.00047460844803037496,5037
M-2022-8,84,137,1,0.00047460844803037496,5038
M-2022-8,131,115,13,0.000472538257424303,5039
M-2022-8,133,62,21,0.0004725366215881731,5040
M-2022-8,133,115,21,0.0004725366215881731,5041
M-2022-8,86,29,8,0.0004723386668241129,5042
M-2022-8,86,148,8,0.0004723386668241129,5043
M-2022-8,62,2,4,0.0004715868898844612,5044
M-2022-8,62,29,4,0.0004715868898844612,5045
M-2022-8,62,101,4,0.0004715868898844612,5046
M-2022-8,62,155,4,0.0004715868898844612,5047
M-2022-8,175,118,18,0.00046969182997155757,5048
M-2022-8,149,63,17,0.00046725118874199487,5049
M-2022-8,149,157,17,0.00046725118874199487,5050
M-2022-8,149,164,17,0.00046725118874199487,5051
M-2022-8,122,74,21,0.0004643141416821438,5052
M-2022-8,122,99,21,0.0004643141416821438,5053
M-2022-8,156,131,10,0.0004642310013462699,5054
M-2022-8,156,154,10,0.0004642310013462699,5055
M-2022-8,18,155,7,0.00046406788650225407,5056
M-2022-8,14,5,3,0.00046396535725332506,5057
M-2022-8,14,29,3,0.00046396535725332506,5058
M-2022-8,14,50,3,0.00046396535725332506,5059
M-2022-8,14,78,3,0.00046396535725332506,5060
M-2022-8,14,81,3,0.00046396535725332506,5061
M-2022-8,14,126,3,0.00046396535725332506,5062
M-2022-8,123,115,2,0.0004631773969430292,5063
M-2022-8,123,124,2,0.0004631773969430292,5064
M-2022-8,101,124,22,0.00046053044734253,5065
M-2022-8,140,15,3,0.00045920710240318386,5066
M-2022-8,140,20,3,0.00045920710240318386,5067
M-2022-8,140,24,3,0.00045920710240318386,5068
M-2022-8,140,67,3,0.00045920710240318386,5069
M-2022-8,140,125,3,0.00045920710240318386,5070
M-2022-8,140,127,3,0.00045920710240318386,5071
M-2022-8,60,62,10,0.0004574146921599122,5072
M-2022-8,60,142,10,0.0004574146921599122,5073
M-2022-8,60,151,10,0.0004574146921599122,5074
M-2022-8,112,13,1,0.00045578851412944393,5075
M-2022-8,112,45,1,0.00045578851412944393,5076
M-2022-8,112,49,1,0.00045578851412944393,5077
M-2022-8,112,96,1,0.00045578851412944393,5078
M-2022-8,112,110,1,0.00045578851412944393,5079
M-2022-8,112,133,1,0.00045578851412944393,5080
M-2022-8,112,134,1,0.00045578851412944393,5081
M-2022-8,112,139,1,0.00045578851412944393,5082
M-2022-8,112,140,1,0.00045578851412944393,5083
M-2022-8,112,151,1,0.00045578851412944393,5084
M-2022-8,29,62,10,0.000455684666210982,5085
M-2022-8,25,14,18,0.0004554425383330803,5086
M-2022-8,49,12,6,0.0004548900682335102,5087
M-2022-8,49,116,6,0.0004548900682335102,5088
M-2022-8,49,156,6,0.0004548900682335102,5089
M-2022-8,153,53,19,0.0004536555083329354,5090
M-2022-8,8,10,1,0.0004520795660036166,5091
M-2022-8,8,19,1,0.0004520795660036166,5092
M-2022-8,8,22,1,0.0004520795660036166,5093
M-2022-8,8,40,1,0.0004520795660036166,5094
M-2022-8,8,50,1,0.0004520795660036166,5095
M-2022-8,8,53,1,0.0004520795660036166,5096
M-2022-8,8,58,1,0.0004520795660036166,5097
M-2022-8,8,63,1,0.0004520795660036166,5098
M-2022-8,8,66,1,0.0004520795660036166,5099
M-2022-8,8,75,1,0.0004520795660036166,5100
M-2022-8,8,93,1,0.0004520795660036166,5101
M-2022-8,8,95,1,0.0004520795660036166,5102
M-2022-8,8,100,1,0.0004520795660036166,5103
M-2022-8,8,104,1,0.0004520795660036166,5104
M-2022-8,8,108,1,0.0004520795660036166,5105
M-2022-8,8,114,1,0.0004520795660036166,5106
M-2022-8,8,115,1,0.0004520795660036166,5107
M-2022-8,8,133,1,0.0004520795660036166,5108
M-2022-8,8,137,1,0.0004520795660036166,5109
M-2022-8,8,138,1,0.0004520795660036166,5110
M-2022-8,8,139,1,0.0004520795660036166,5111
M-2022-8,8,143,1,0.0004520795660036166,5112
M-2022-8,8,149,1,0.0004520795660036166,5113
M-2022-8,8,155,1,0.0004520795660036166,5114
M-2022-8,32,10,1,0.0004508566275924256,5115
M-2022-8,32,16,1,0.0004508566275924256,5116
M-2022-8,32,27,1,0.0004508566275924256,5117
M-2022-8,32,48,1,0.0004508566275924256,5118
M-2022-8,32,52,1,0.0004508566275924256,5119
M-2022-8,32,72,1,0.0004508566275924256,5120
M-2022-8,32,74,1,0.0004508566275924256,5121
M-2022-8,32,79,1,0.0004508566275924256,5122
M-2022-8,32,84,1,0.0004508566275924256,5123
M-2022-8,32,88,1,0.0004508566275924256,5124
M-2022-8,32,90,1,0.0004508566275924256,5125
M-2022-8,32,94,1,0.0004508566275924256,5126
M-2022-8,32,95,1,0.0004508566275924256,5127
M-2022-8,32,105,1,0.0004508566275924256,5128
M-2022-8,32,107,1,0.0004508566275924256,5129
M-2022-8,32,122,1,0.0004508566275924256,5130
M-2022-8,32,124,1,0.0004508566275924256,5131
M-2022-8,32,131,1,0.0004508566275924256,5132
M-2022-8,32,132,1,0.0004508566275924256,5133
M-2022-8,32,137,1,0.0004508566275924256,5134
M-2022-8,32,138,1,0.0004508566275924256,5135
M-2022-8,32,141,1,0.0004508566275924256,5136
M-2022-8,32,146,1,0.0004508566275924256,5137
M-2022-8,32,148,1,0.0004508566275924256,5138
M-2022-8,32,159,1,0.0004508566275924256,5139
M-2022-8,12,2,1,0.0004496402877697842,5140
M-2022-8,12,17,1,0.0004496402877697842,5141
M-2022-8,12,19,1,0.0004496402877697842,5142
M-2022-8,12,46,1,0.0004496402877697842,5143
M-2022-8,12,60,1,0.0004496402877697842,5144
M-2022-8,12,64,1,0.0004496402877697842,5145
M-2022-8,12,83,1,0.0004496402877697842,5146
M-2022-8,12,87,1,0.0004496402877697842,5147
M-2022-8,12,129,1,0.0004496402877697842,5148
M-2022-8,12,134,1,0.0004496402877697842,5149
M-2022-8,12,175,1,0.0004496402877697842,5150
M-2022-8,93,115,12,0.00044787817713581906,5151
M-2022-8,71,149,33,0.0004477794211433301,5152
M-2022-8,136,12,8,0.0004460551993309172,5153
M-2022-8,136,41,8,0.0004460551993309172,5154
M-2022-8,136,115,8,0.0004460551993309172,5155
M-2022-8,99,42,8,0.00044387726793541584,5156
M-2022-8,99,138,8,0.00044387726793541584,5157
M-2022-8,138,2,12,0.00044383622443318414,5158
M-2022-8,138,63,12,0.00044383622443318414,5159
M-2022-8,138,71,12,0.00044383622443318414,5160
M-2022-8,138,105,12,0.00044383622443318414,5161
M-2022-8,138,133,12,0.00044383622443318414,5162
M-2022-8,138,142,12,0.00044383622443318414,5163
M-2022-8,96,166,19,0.0004438008035130337,5164
M-2022-8,175,131,17,0.00044359783941758216,5165
M-2022-8,51,53,7,0.0004433466337323453,5166
M-2022-8,51,125,7,0.0004433466337323453,5167
M-2022-8,51,176,7,0.0004433466337323453,5168
M-2022-8,50,75,4,0.000442820768294033,5169
M-2022-8,50,119,4,0.000442820768294033,5170
M-2022-8,50,133,4,0.000442820768294033,5171
M-2022-8,50,138,4,0.000442820768294033,5172
M-2022-8,50,140,4,0.000442820768294033,5173
M-2022-8,50,158,4,0.000442820768294033,5174
M-2022-8,122,142,20,0.0004422039444591846,5175
M-2022-8,23,20,2,0.00044159858688452196,5176
M-2022-8,23,25,2,0.00044159858688452196,5177
M-2022-8,23,41,2,0.00044159858688452196,5178
M-2022-8,23,72,2,0.00044159858688452196,5179
M-2022-8,23,105,2,0.00044159858688452196,5180
M-2022-8,23,129,2,0.00044159858688452196,5181
M-2022-8,23,134,2,0.00044159858688452196,5182
M-2022-8,23,138,2,0.00044159858688452196,5183
M-2022-8,23,139,2,0.00044159858688452196,5184
M-2022-8,23,140,2,0.00044159858688452196,5185
M-2022-8,23,143,2,0.00044159858688452196,5186
M-2022-8,23,155,2,0.00044159858688452196,5187
M-2022-8,23,166,2,0.00044159858688452196,5188
M-2022-8,77,155,17,0.000439890286187445,5189
M-2022-8,149,170,16,0.00043976582469834813,5190
M-2022-8,24,22,2,0.0004391743522178305,5191
M-2022-8,24,60,2,0.0004391743522178305,5192
M-2022-8,24,75,2,0.0004391743522178305,5193
M-2022-8,24,139,2,0.0004391743522178305,5194
M-2022-8,24,158,2,0.0004391743522178305,5195
M-2022-8,117,136,23,0.0004380118072748048,5196
M-2022-8,19,14,5,0.0004365668383829564,5197
M-2022-8,115,2,6,0.00043645886375209136,5198
M-2022-8,115,63,6,0.00043645886375209136,5199
M-2022-8,115,68,6,0.00043645886375209136,5200
M-2022-8,28,1,4,0.0004363001745200698,5201
M-2022-8,28,10,4,0.0004363001745200698,5202
M-2022-8,28,116,4,0.0004363001745200698,5203
M-2022-8,28,125,4,0.0004363001745200698,5204
M-2022-8,28,160,4,0.0004363001745200698,5205
M-2022-8,131,143,12,0.0004361891606993566,5206
M-2022-8,124,111,10,0.00043616696471409256,5207
M-2022-8,124,136,10,0.00043616696471409256,5208
M-2022-8,83,156,10,0.00043591979075850045,5209
M-2022-8,163,2,1,0.0004342162396873643,5210
M-2022-8,163,17,1,0.0004342162396873643,5211
M-2022-8,163,23,1,0.0004342162396873643,5212
M-2022-8,163,24,1,0.0004342162396873643,5213
M-2022-8,163,28,1,0.0004342162396873643,5214
M-2022-8,163,35,1,0.0004342162396873643,5215
M-2022-8,163,43,1,0.0004342162396873643,5216
M-2022-8,163,45,1,0.0004342162396873643,5217
M-2022-8,163,63,1,0.0004342162396873643,5218
M-2022-8,163,64,1,0.0004342162396873643,5219
M-2022-8,163,67,1,0.0004342162396873643,5220
M-2022-8,163,96,1,0.0004342162396873643,5221
M-2022-8,163,105,1,0.0004342162396873643,5222
M-2022-8,163,111,1,0.0004342162396873643,5223
M-2022-8,163,115,1,0.0004342162396873643,5224
M-2022-8,163,124,1,0.0004342162396873643,5225
M-2022-8,163,131,1,0.0004342162396873643,5226
M-2022-8,163,138,1,0.0004342162396873643,5227
M-2022-8,129,131,10,0.0004341408352869671,5228
M-2022-8,142,74,9,0.0004339440694310511,5229
M-2022-8,142,101,9,0.0004339440694310511,5230
M-2022-8,142,133,9,0.0004339440694310511,5231
M-2022-8,108,17,3,0.000432152117545376,5232
M-2022-8,108,175,3,0.000432152117545376,5233
M-2022-8,173,44,1,0.00043159257660768235,5234
M-2022-8,173,73,1,0.00043159257660768235,5235
M-2022-8,173,84,1,0.00043159257660768235,5236
M-2022-8,173,91,1,0.00043159257660768235,5237
M-2022-8,173,102,1,0.00043159257660768235,5238
M-2022-8,173,104,1,0.00043159257660768235,5239
M-2022-8,173,129,1,0.00043159257660768235,5240
M-2022-8,173,132,1,0.00043159257660768235,5241
M-2022-8,173,136,1,0.00043159257660768235,5242
M-2022-8,173,140,1,0.00043159257660768235,5243
M-2022-8,173,142,1,0.00043159257660768235,5244
M-2022-8,173,154,1,0.00043159257660768235,5245
M-2022-8,173,155,1,0.00043159257660768235,5246
M-2022-8,173,156,1,0.00043159257660768235,5247
M-2022-8,173,165,1,0.00043159257660768235,5248
M-2022-8,31,25,2,0.0004286326618088298,5249
M-2022-8,31,26,2,0.0004286326618088298,5250
M-2022-8,31,145,2,0.0004286326618088298,5251
M-2022-8,46,19,2,0.00042854081851296334,5252
M-2022-8,46,25,2,0.00042854081851296334,5253
M-2022-8,46,54,2,0.00042854081851296334,5254
M-2022-8,46,66,2,0.00042854081851296334,5255
M-2022-8,46,75,2,0.00042854081851296334,5256
M-2022-8,46,105,2,0.00042854081851296334,5257
M-2022-8,46,116,2,0.00042854081851296334,5258
M-2022-8,46,141,2,0.00042854081851296334,5259
M-2022-8,46,158,2,0.00042854081851296334,5260
M-2022-8,46,163,2,0.00042854081851296334,5261
M-2022-8,46,176,2,0.00042854081851296334,5262
M-2022-8,119,31,1,0.00042826552462526765,5263
M-2022-8,119,63,1,0.00042826552462526765,5264
M-2022-8,119,72,1,0.00042826552462526765,5265
M-2022-8,119,85,1,0.00042826552462526765,5266
M-2022-8,119,87,1,0.00042826552462526765,5267
M-2022-8,119,117,1,0.00042826552462526765,5268
M-2022-8,119,150,1,0.00042826552462526765,5269
M-2022-8,119,164,1,0.00042826552462526765,5270
M-2022-8,119,175,1,0.00042826552462526765,5271
M-2022-8,119,176,1,0.00042826552462526765,5272
M-2022-8,106,92,1,0.00042625745950554135,5273
M-2022-8,106,111,1,0.00042625745950554135,5274
M-2022-8,106,129,1,0.00042625745950554135,5275
M-2022-8,106,176,1,0.00042625745950554135,5276
M-2022-8,65,53,1,0.00042589437819420784,5277
M-2022-8,65,111,1,0.00042589437819420784,5278
M-2022-8,65,117,1,0.00042589437819420784,5279
M-2022-8,65,140,1,0.00042589437819420784,5280
M-2022-8,65,153,1,0.00042589437819420784,5281
M-2022-8,65,156,1,0.00042589437819420784,5282
M-2022-8,79,93,4,0.00042467353222210426,5283
M-2022-8,79,96,4,0.00042467353222210426,5284
M-2022-8,79,130,4,0.00042467353222210426,5285
M-2022-8,114,1,1,0.000423908435777872,5286
M-2022-8,114,12,1,0.000423908435777872,5287
M-2022-8,114,28,1,0.000423908435777872,5288
M-2022-8,114,69,1,0.000423908435777872,5289
M-2022-8,114,83,1,0.000423908435777872,5290
M-2022-8,114,117,1,0.000423908435777872,5291
M-2022-8,114,125,1,0.000423908435777872,5292
M-2022-8,114,137,1,0.000423908435777872,5293
M-2022-8,114,156,1,0.000423908435777872,5294
M-2022-8,105,2,1,0.00042319085907744394,5295
M-2022-8,105,9,1,0.00042319085907744394,5296
M-2022-8,105,14,1,0.00042319085907744394,5297
M-2022-8,105,19,1,0.00042319085907744394,5298
M-2022-8,105,26,1,0.00042319085907744394,5299
M-2022-8,105,32,1,0.00042319085907744394,5300
M-2022-8,105,43,1,0.00042319085907744394,5301
M-2022-8,105,49,1,0.00042319085907744394,5302
M-2022-8,105,77,1,0.00042319085907744394,5303
M-2022-8,105,89,1,0.00042319085907744394,5304
M-2022-8,105,114,1,0.00042319085907744394,5305
M-2022-8,105,133,1,0.00042319085907744394,5306
M-2022-8,105,147,1,0.00042319085907744394,5307
M-2022-8,105,148,1,0.00042319085907744394,5308
M-2022-8,105,155,1,0.00042319085907744394,5309
M-2022-8,105,163,1,0.00042319085907744394,5310
M-2022-8,75,52,7,0.0004222972972972973,5311
M-2022-8,96,50,18,0.00042044286648603194,5312
M-2022-8,122,153,19,0.00042009374723622533,5313
M-2022-8,107,2,1,0.0004192872117400419,5314
M-2022-8,107,49,1,0.0004192872117400419,5315
M-2022-8,107,83,1,0.0004192872117400419,5316
M-2022-8,107,106,1,0.0004192872117400419,5317
M-2022-8,107,140,1,0.0004192872117400419,5318
M-2022-8,117,12,22,0.0004189678156541611,5319
M-2022-8,156,60,9,0.00041780790121164293,5320
M-2022-8,156,132,9,0.00041780790121164293,5321
M-2022-8,175,135,16,0.0004175038488636067,5322
M-2022-8,77,14,16,0.00041401438699994824,5323
M-2022-8,86,13,7,0.0004132963334710988,5324
M-2022-8,86,82,7,0.0004132963334710988,5325
M-2022-8,86,87,7,0.0004132963334710988,5326
M-2022-8,86,112,7,0.0004132963334710988,5327
M-2022-8,86,136,7,0.0004132963334710988,5328
M-2022-8,73,79,5,0.00041223513892324183,5329
M-2022-8,60,25,9,0.00041167322294392096,5330
M-2022-8,60,126,9,0.00041167322294392096,5331
M-2022-8,170,8,1,0.00041152263374485596,5332
M-2022-8,170,11,1,0.00041152263374485596,5333
M-2022-8,170,16,1,0.00041152263374485596,5334
M-2022-8,170,22,1,0.00041152263374485596,5335
M-2022-8,170,23,1,0.00041152263374485596,5336
M-2022-8,170,39,1,0.00041152263374485596,5337
M-2022-8,170,45,1,0.00041152263374485596,5338
M-2022-8,170,54,1,0.00041152263374485596,5339
M-2022-8,170,75,1,0.00041152263374485596,5340
M-2022-8,170,76,1,0.00041152263374485596,5341
M-2022-8,170,77,1,0.00041152263374485596,5342
M-2022-8,170,91,1,0.00041152263374485596,5343
M-2022-8,170,98,1,0.00041152263374485596,5344
M-2022-8,170,103,1,0.00041152263374485596,5345
M-2022-8,170,104,1,0.00041152263374485596,5346
M-2022-8,170,112,1,0.00041152263374485596,5347
M-2022-8,170,127,1,0.00041152263374485596,5348
M-2022-8,170,133,1,0.00041152263374485596,5349
M-2022-8,170,136,1,0.00041152263374485596,5350
M-2022-8,170,137,1,0.00041152263374485596,5351
M-2022-8,170,139,1,0.00041152263374485596,5352
M-2022-8,170,143,1,0.00041152263374485596,5353
M-2022-8,170,148,1,0.00041152263374485596,5354
M-2022-8,170,150,1,0.00041152263374485596,5355
M-2022-8,170,152,1,0.00041152263374485596,5356
M-2022-8,170,157,1,0.00041152263374485596,5357
M-2022-8,170,158,1,0.00041152263374485596,5358
M-2022-8,55,28,2,0.0004106776180698152,5359
M-2022-8,55,172,2,0.0004106776180698152,5360
M-2022-8,93,51,11,0.00041055499570783415,5361
M-2022-8,93,176,11,0.00041055499570783415,5362
M-2022-8,29,10,9,0.0004101161995898838,5363
M-2022-8,29,51,9,0.0004101161995898838,5364
M-2022-8,134,170,3,0.0004088307440719542,5365
M-2022-8,59,124,2,0.00040741495212874313,5366
M-2022-8,59,172,2,0.00040741495212874313,5367
M-2022-8,138,86,11,0.0004068498723970855,5368
M-2022-8,132,11,5,0.00040647101861637265,5369
M-2022-8,132,17,5,0.00040647101861637265,5370
M-2022-8,153,20,17,0.0004059022969294685,5371
M-2022-8,25,97,16,0.00040483781185162695,5372
M-2022-8,25,123,16,0.00040483781185162695,5373
M-2022-8,155,19,2,0.0004033884630899556,5374
M-2022-8,155,20,2,0.0004033884630899556,5375
M-2022-8,155,28,2,0.0004033884630899556,5376
M-2022-8,155,41,2,0.0004033884630899556,5377
M-2022-8,155,50,2,0.0004033884630899556,5378
M-2022-8,155,52,2,0.0004033884630899556,5379
M-2022-8,155,65,2,0.0004033884630899556,5380
M-2022-8,155,66,2,0.0004033884630899556,5381
M-2022-8,155,78,2,0.0004033884630899556,5382
M-2022-8,155,108,2,0.0004033884630899556,5383
M-2022-8,155,138,2,0.0004033884630899556,5384
M-2022-8,155,162,2,0.0004033884630899556,5385
M-2022-8,130,1,2,0.00040241448692152917,5386
M-2022-8,130,4,2,0.00040241448692152917,5387
M-2022-8,130,28,2,0.00040241448692152917,5388
M-2022-8,130,50,2,0.00040241448692152917,5389
M-2022-8,130,61,2,0.00040241448692152917,5390
M-2022-8,130,84,2,0.00040241448692152917,5391
M-2022-8,130,92,2,0.00040241448692152917,5392
M-2022-8,130,95,2,0.00040241448692152917,5393
M-2022-8,130,99,2,0.00040241448692152917,5394
M-2022-8,130,102,2,0.00040241448692152917,5395
M-2022-8,130,105,2,0.00040241448692152917,5396
M-2022-8,130,124,2,0.00040241448692152917,5397
M-2022-8,130,133,2,0.00040241448692152917,5398
M-2022-8,130,163,2,0.00040241448692152917,5399
M-2022-8,61,14,5,0.0004017354973485457,5400
M-2022-8,61,53,5,0.0004017354973485457,5401
M-2022-8,61,68,5,0.0004017354973485457,5402
M-2022-8,61,88,5,0.0004017354973485457,5403
M-2022-8,61,108,5,0.0004017354973485457,5404
M-2022-8,61,117,5,0.0004017354973485457,5405
M-2022-8,61,130,5,0.0004017354973485457,5406
M-2022-8,117,66,21,0.0003999238240335174,5407
M-2022-8,117,105,21,0.0003999238240335174,5408
M-2022-8,18,72,6,0.0003977724741447892,5409
M-2022-8,18,171,6,0.0003977724741447892,5410
M-2022-8,17,139,4,0.00039439952672056796,5411
M-2022-8,17,149,4,0.00039439952672056796,5412
M-2022-8,17,170,4,0.00039439952672056796,5413
M-2022-8,71,133,29,0.00039350312767141133,5414
M-2022-8,71,136,29,0.00039350312767141133,5415
M-2022-8,83,68,9,0.0003923278116826504,5416
M-2022-8,83,93,9,0.0003923278116826504,5417
M-2022-8,56,77,4,0.0003917727717923604,5418
M-2022-8,56,117,4,0.0003917727717923604,5419
M-2022-8,129,100,9,0.00039072675175827037,5420
M-2022-8,136,45,7,0.00039029829941455253,5421
M-2022-8,1,49,2,0.000388651379712398,5422
M-2022-8,1,93,2,0.000388651379712398,5423
M-2022-8,1,110,2,0.000388651379712398,5424
M-2022-8,1,128,2,0.000388651379712398,5425
M-2022-8,1,159,2,0.000388651379712398,5426
M-2022-8,1,163,2,0.000388651379712398,5427
M-2022-8,99,155,7,0.0003883926094434889,5428
M-2022-8,99,168,7,0.0003883926094434889,5429
M-2022-8,142,105,8,0.0003857280617164899,5430
M-2022-8,142,122,8,0.0003857280617164899,5431
M-2022-8,149,101,14,0.0003847950966110546,5432
M-2022-8,143,0,1,0.0003831417624521073,5433
M-2022-8,143,8,1,0.0003831417624521073,5434
M-2022-8,143,11,1,0.0003831417624521073,5435
M-2022-8,143,15,1,0.0003831417624521073,5436
M-2022-8,143,16,1,0.0003831417624521073,5437
M-2022-8,143,32,1,0.0003831417624521073,5438
M-2022-8,143,33,1,0.0003831417624521073,5439
M-2022-8,143,35,1,0.0003831417624521073,5440
M-2022-8,143,39,1,0.0003831417624521073,5441
M-2022-8,143,60,1,0.0003831417624521073,5442
M-2022-8,143,63,1,0.0003831417624521073,5443
M-2022-8,143,78,1,0.0003831417624521073,5444
M-2022-8,143,79,1,0.0003831417624521073,5445
M-2022-8,143,82,1,0.0003831417624521073,5446
M-2022-8,143,90,1,0.0003831417624521073,5447
M-2022-8,143,99,1,0.0003831417624521073,5448
M-2022-8,143,111,1,0.0003831417624521073,5449
M-2022-8,143,120,1,0.0003831417624521073,5450
M-2022-8,143,124,1,0.0003831417624521073,5451
M-2022-8,143,131,1,0.0003831417624521073,5452
M-2022-8,143,138,1,0.0003831417624521073,5453
M-2022-8,143,141,1,0.0003831417624521073,5454
M-2022-8,143,166,1,0.0003831417624521073,5455
M-2022-8,143,176,1,0.0003831417624521073,5456
M-2022-8,98,97,20,0.0003826725853359865,5457
M-2022-8,148,2,2,0.00038255547054322876,5458
M-2022-8,148,29,2,0.00038255547054322876,5459
M-2022-8,148,34,2,0.00038255547054322876,5460
M-2022-8,148,60,2,0.00038255547054322876,5461
M-2022-8,148,124,2,0.00038255547054322876,5462
M-2022-8,148,136,2,0.00038255547054322876,5463
M-2022-8,148,142,2,0.00038255547054322876,5464
M-2022-8,148,170,2,0.00038255547054322876,5465
M-2022-8,117,9,20,0.00038087983241287375,5466
M-2022-8,117,160,20,0.00038087983241287375,5467
M-2022-8,51,61,6,0.0003800114003420103,5468
M-2022-8,51,77,6,0.0003800114003420103,5469
M-2022-8,71,86,28,0.0003799340543034316,5470
M-2022-8,71,93,28,0.0003799340543034316,5471
M-2022-8,87,25,3,0.00037984299822739937,5472
M-2022-8,87,101,3,0.00037984299822739937,5473
M-2022-8,87,111,3,0.00037984299822739937,5474
M-2022-8,87,118,3,0.00037984299822739937,5475
M-2022-8,87,122,3,0.00037984299822739937,5476
M-2022-8,87,175,3,0.00037984299822739937,5477
M-2022-8,25,172,15,0.00037953544861090024,5478
M-2022-8,53,5,2,0.0003791469194312796,5479
M-2022-8,53,61,2,0.0003791469194312796,5480
M-2022-8,53,62,2,0.0003791469194312796,5481
M-2022-8,53,77,2,0.0003791469194312796,5482
M-2022-8,53,96,2,0.0003791469194312796,5483
M-2022-8,53,98,2,0.0003791469194312796,5484
M-2022-8,53,107,2,0.0003791469194312796,5485
M-2022-8,53,115,2,0.0003791469194312796,5486
M-2022-8,53,129,2,0.0003791469194312796,5487
M-2022-8,53,132,2,0.0003791469194312796,5488
M-2022-8,53,138,2,0.0003791469194312796,5489
M-2022-8,53,141,2,0.0003791469194312796,5490
M-2022-8,53,151,2,0.0003791469194312796,5491
M-2022-8,53,166,2,0.0003791469194312796,5492
M-2022-8,49,10,5,0.0003790750568612585,5493
M-2022-8,49,115,5,0.0003790750568612585,5494
M-2022-8,122,50,17,0.0003758733527903069,5495
M-2022-8,96,153,16,0.0003737269924320284,5496
M-2022-8,93,2,10,0.0003732318142798492,5497
M-2022-8,93,77,10,0.0003732318142798492,5498
M-2022-8,93,105,10,0.0003732318142798492,5499
M-2022-8,93,148,10,0.0003732318142798492,5500
M-2022-8,78,72,11,0.0003722630207452029,5501
M-2022-8,156,49,8,0.0003713848010770159,5502
M-2022-8,156,67,8,0.0003713848010770159,5503
M-2022-8,138,61,10,0.0003698635203609868,5504
M-2022-8,138,101,10,0.0003698635203609868,5505
M-2022-8,72,122,3,0.00036886757654002215,5506
M-2022-8,146,13,2,0.00036832412523020257,5507
M-2022-8,146,26,2,0.00036832412523020257,5508
M-2022-8,146,36,2,0.00036832412523020257,5509
M-2022-8,146,63,2,0.00036832412523020257,5510
M-2022-8,146,64,2,0.00036832412523020257,5511
M-2022-8,146,68,2,0.00036832412523020257,5512
M-2022-8,146,93,2,0.00036832412523020257,5513
M-2022-8,95,71,16,0.0003666529171822723,5514
M-2022-8,60,99,8,0.00036593175372792974,5515
M-2022-8,175,83,14,0.00036531586775565586,5516
M-2022-8,29,18,8,0.0003645477329687856,5517
M-2022-8,29,76,8,0.0003645477329687856,5518
M-2022-8,29,105,8,0.0003645477329687856,5519
M-2022-8,115,143,5,0.00036371571979340947,5520
M-2022-8,115,160,5,0.00036371571979340947,5521
M-2022-8,131,78,10,0.00036349096724946385,5522
M-2022-8,117,98,19,0.0003618358407922301,5523
M-2022-8,153,45,15,0.00035814908552600163,5524
M-2022-8,149,46,13,0.0003573097325674079,5525
M-2022-8,149,160,13,0.0003573097325674079,5526
M-2022-8,63,11,3,0.0003566333808844508,5527
M-2022-8,63,12,3,0.0003566333808844508,5528
M-2022-8,63,112,3,0.0003566333808844508,5529
M-2022-8,63,128,3,0.0003566333808844508,5530
M-2022-8,63,138,3,0.0003566333808844508,5531
M-2022-8,86,111,6,0.00035425400011808466,5532
M-2022-8,86,131,6,0.00035425400011808466,5533
M-2022-8,25,90,14,0.00035423308537017357,5534
M-2022-8,122,110,16,0.0003537631555673477,5535
M-2022-8,62,41,3,0.0003536901674133459,5536
M-2022-8,62,51,3,0.0003536901674133459,5537
M-2022-8,62,108,3,0.0003536901674133459,5538
M-2022-8,62,115,3,0.0003536901674133459,5539
M-2022-8,62,151,3,0.0003536901674133459,5540
M-2022-8,62,153,3,0.0003536901674133459,5541
M-2022-8,110,14,2,0.0003515556336790297,5542
M-2022-8,110,16,2,0.0003515556336790297,5543
M-2022-8,110,18,2,0.0003515556336790297,5544
M-2022-8,110,25,2,0.0003515556336790297,5545
M-2022-8,110,26,2,0.0003515556336790297,5546
M-2022-8,110,28,2,0.0003515556336790297,5547
M-2022-8,110,36,2,0.0003515556336790297,5548
M-2022-8,110,39,2,0.0003515556336790297,5549
M-2022-8,110,46,2,0.0003515556336790297,5550
M-2022-8,110,56,2,0.0003515556336790297,5551
M-2022-8,110,60,2,0.0003515556336790297,5552
M-2022-8,110,61,2,0.0003515556336790297,5553
M-2022-8,110,93,2,0.0003515556336790297,5554
M-2022-8,110,99,2,0.0003515556336790297,5555
M-2022-8,110,112,2,0.0003515556336790297,5556
M-2022-8,110,133,2,0.0003515556336790297,5557
M-2022-8,110,140,2,0.0003515556336790297,5558
M-2022-8,110,149,2,0.0003515556336790297,5559
M-2022-8,96,75,15,0.0003503690554050266,5560
M-2022-8,96,133,15,0.0003503690554050266,5561
M-2022-8,96,142,15,0.0003503690554050266,5562
M-2022-8,19,54,4,0.00034925347070636516,5563
M-2022-8,19,149,4,0.00034925347070636516,5564
M-2022-8,19,157,4,0.00034925347070636516,5565
M-2022-8,19,172,4,0.00034925347070636516,5566
M-2022-8,124,49,8,0.00034893357177127405,5567
M-2022-8,124,97,8,0.00034893357177127405,5568
M-2022-8,124,158,8,0.00034893357177127405,5569
M-2022-8,83,149,8,0.0003487358326068004,5570
M-2022-8,43,2,1,0.0003486750348675035,5571
M-2022-8,43,17,1,0.0003486750348675035,5572
M-2022-8,43,26,1,0.0003486750348675035,5573
M-2022-8,43,32,1,0.0003486750348675035,5574
M-2022-8,43,60,1,0.0003486750348675035,5575
M-2022-8,43,74,1,0.0003486750348675035,5576
M-2022-8,43,77,1,0.0003486750348675035,5577
M-2022-8,43,103,1,0.0003486750348675035,5578
M-2022-8,43,112,1,0.0003486750348675035,5579
M-2022-8,43,116,1,0.0003486750348675035,5580
M-2022-8,43,129,1,0.0003486750348675035,5581
M-2022-8,43,130,1,0.0003486750348675035,5582
M-2022-8,43,159,1,0.0003486750348675035,5583
M-2022-8,43,162,1,0.0003486750348675035,5584
M-2022-8,43,166,1,0.0003486750348675035,5585
M-2022-8,129,51,8,0.0003473126682295737,5586
M-2022-8,129,87,8,0.0003473126682295737,5587
M-2022-8,129,157,8,0.0003473126682295737,5588
M-2022-8,117,86,18,0.00034279184917158635,5589
M-2022-8,117,127,18,0.00034279184917158635,5590
M-2022-8,158,10,2,0.0003400782179901377,5591
M-2022-8,158,55,2,0.0003400782179901377,5592
M-2022-8,158,67,2,0.0003400782179901377,5593
M-2022-8,158,70,2,0.0003400782179901377,5594
M-2022-8,158,72,2,0.0003400782179901377,5595
M-2022-8,158,112,2,0.0003400782179901377,5596
M-2022-8,158,120,2,0.0003400782179901377,5597
M-2022-8,158,139,2,0.0003400782179901377,5598
M-2022-8,158,151,2,0.0003400782179901377,5599
M-2022-8,158,163,2,0.0003400782179901377,5600
M-2022-8,158,174,2,0.0003400782179901377,5601
M-2022-8,171,10,2,0.0003398470688190314,5602
M-2022-8,171,12,2,0.0003398470688190314,5603
M-2022-8,171,20,2,0.0003398470688190314,5604
M-2022-8,171,29,2,0.0003398470688190314,5605
M-2022-8,171,53,2,0.0003398470688190314,5606
M-2022-8,171,125,2,0.0003398470688190314,5607
M-2022-8,171,127,2,0.0003398470688190314,5608
M-2022-8,171,172,2,0.0003398470688190314,5609
M-2022-8,171,175,2,0.0003398470688190314,5610
M-2022-8,144,12,1,0.00033944331296673454,5611
M-2022-8,144,138,1,0.00033944331296673454,5612
M-2022-8,71,90,25,0.0003392268341994925,5613
M-2022-8,71,129,25,0.0003392268341994925,5614
M-2022-8,175,117,13,0.00033922187720168044,5615
M-2022-8,175,122,13,0.00033922187720168044,5616
M-2022-8,175,137,13,0.00033922187720168044,5617
M-2022-8,133,175,15,0.0003375261582772665,5618
M-2022-8,142,20,7,0.0003375120540019286,5619
M-2022-8,142,72,7,0.0003375120540019286,5620
M-2022-8,142,137,7,0.0003375120540019286,5621
M-2022-8,142,149,7,0.0003375120540019286,5622
M-2022-8,39,34,2,0.0003374957813027337,5623
M-2022-8,39,51,2,0.0003374957813027337,5624
M-2022-8,39,68,2,0.0003374957813027337,5625
M-2022-8,39,71,2,0.0003374957813027337,5626
M-2022-8,39,93,2,0.0003374957813027337,5627
M-2022-8,39,96,2,0.0003374957813027337,5628
M-2022-8,39,114,2,0.0003374957813027337,5629
M-2022-8,39,135,2,0.0003374957813027337,5630
M-2022-8,39,148,2,0.0003374957813027337,5631
M-2022-8,39,168,2,0.0003374957813027337,5632
M-2022-8,39,171,2,0.0003374957813027337,5633
M-2022-8,2,5,2,0.00033647375504710633,5634
M-2022-8,2,13,2,0.00033647375504710633,5635
M-2022-8,2,21,2,0.00033647375504710633,5636
M-2022-8,2,50,2,0.00033647375504710633,5637
M-2022-8,2,52,2,0.00033647375504710633,5638
M-2022-8,2,63,2,0.00033647375504710633,5639
M-2022-8,2,65,2,0.00033647375504710633,5640
M-2022-8,2,86,2,0.00033647375504710633,5641
M-2022-8,2,102,2,0.00033647375504710633,5642
M-2022-8,2,127,2,0.00033647375504710633,5643
M-2022-8,2,154,2,0.00033647375504710633,5644
M-2022-8,2,159,2,0.00033647375504710633,5645
M-2022-8,2,166,2,0.00033647375504710633,5646
M-2022-8,2,171,2,0.00033647375504710633,5647
M-2022-8,77,2,13,0.00033638668943745796,5648
M-2022-8,77,73,13,0.00033638668943745796,5649
M-2022-8,93,49,9,0.0003359086328518643,5650
M-2022-8,93,62,9,0.0003359086328518643,5651
M-2022-8,93,88,9,0.0003359086328518643,5652
M-2022-8,93,116,9,0.0003359086328518643,5653
M-2022-8,66,0,1,0.0003355704697986577,5654
M-2022-8,66,1,1,0.0003355704697986577,5655
M-2022-8,66,2,1,0.0003355704697986577,5656
M-2022-8,66,8,1,0.0003355704697986577,5657
M-2022-8,66,21,1,0.0003355704697986577,5658
M-2022-8,66,23,1,0.0003355704697986577,5659
M-2022-8,66,26,1,0.0003355704697986577,5660
M-2022-8,66,43,1,0.0003355704697986577,5661
M-2022-8,66,46,1,0.0003355704697986577,5662
M-2022-8,66,51,1,0.0003355704697986577,5663
M-2022-8,66,55,1,0.0003355704697986577,5664
M-2022-8,66,56,1,0.0003355704697986577,5665
M-2022-8,66,75,1,0.0003355704697986577,5666
M-2022-8,66,78,1,0.0003355704697986577,5667
M-2022-8,66,94,1,0.0003355704697986577,5668
M-2022-8,66,112,1,0.0003355704697986577,5669
M-2022-8,66,118,1,0.0003355704697986577,5670
M-2022-8,66,147,1,0.0003355704697986577,5671
M-2022-8,66,151,1,0.0003355704697986577,5672
M-2022-8,66,154,1,0.0003355704697986577,5673
M-2022-8,66,158,1,0.0003355704697986577,5674
M-2022-8,66,163,1,0.0003355704697986577,5675
M-2022-8,66,170,1,0.0003355704697986577,5676
M-2022-8,136,50,6,0.0003345413994981879,5677
M-2022-8,136,72,6,0.0003345413994981879,5678
M-2022-8,153,130,14,0.0003342724798242682,5679
M-2022-8,99,2,6,0.00033290795095156187,5680
M-2022-8,99,49,6,0.00033290795095156187,5681
M-2022-8,99,63,6,0.00033290795095156187,5682
M-2022-8,138,143,9,0.00033287716832488813,5683
M-2022-8,138,164,9,0.00033287716832488813,5684
M-2022-8,91,4,1,0.00033266799733865603,5685
M-2022-8,91,25,1,0.00033266799733865603,5686
M-2022-8,91,51,1,0.00033266799733865603,5687
M-2022-8,91,97,1,0.00033266799733865603,5688
M-2022-8,91,98,1,0.00033266799733865603,5689
M-2022-8,91,138,1,0.00033266799733865603,5690
M-2022-8,91,158,1,0.00033266799733865603,5691
M-2022-8,91,175,1,0.00033266799733865603,5692
M-2022-8,50,102,3,0.00033211557622052476,5693
M-2022-8,50,130,3,0.00033211557622052476,5694
M-2022-8,50,135,3,0.00033211557622052476,5695
M-2022-8,50,151,3,0.00033211557622052476,5696
M-2022-8,50,166,3,0.00033211557622052476,5697
M-2022-8,122,95,15,0.0003316529583443884,5698
M-2022-8,18,157,5,0.00033147706178732433,5699
M-2022-8,100,101,4,0.00032997855139415937,5700
M-2022-8,149,16,12,0.0003298243685237611,5701
M-2022-8,73,28,4,0.00032978811113859347,5702
M-2022-8,73,140,4,0.00032978811113859347,5703
M-2022-8,25,2,13,0.0003289307221294469,5704
M-2022-8,28,14,3,0.0003272251308900524,5705
M-2022-8,28,29,3,0.0003272251308900524,5706
M-2022-8,28,53,3,0.0003272251308900524,5707
M-2022-8,28,60,3,0.0003272251308900524,5708
M-2022-8,28,63,3,0.0003272251308900524,5709
M-2022-8,28,94,3,0.0003272251308900524,5710
M-2022-8,28,111,3,0.0003272251308900524,5711
M-2022-8,28,114,3,0.0003272251308900524,5712
M-2022-8,28,120,3,0.0003272251308900524,5713
M-2022-8,28,162,3,0.0003272251308900524,5714
M-2022-8,28,171,3,0.0003272251308900524,5715
M-2022-8,71,28,24,0.00032565776083151284,5716
M-2022-8,71,31,24,0.00032565776083151284,5717
M-2022-8,132,127,4,0.00032517681489309814,5718
M-2022-8,156,8,7,0.00032496170094238895,5719
M-2022-8,156,23,7,0.00032496170094238895,5720
M-2022-8,156,99,7,0.00032496170094238895,5721
M-2022-8,156,176,7,0.00032496170094238895,5722
M-2022-8,117,1,17,0.0003237478575509427,5723
M-2022-8,117,26,17,0.0003237478575509427,5724
M-2022-8,117,54,17,0.0003237478575509427,5725
M-2022-8,61,23,4,0.0003213883978788366,5726
M-2022-8,61,64,4,0.0003213883978788366,5727
M-2022-8,61,106,4,0.0003213883978788366,5728
M-2022-8,61,126,4,0.0003213883978788366,5729
M-2022-8,61,138,4,0.0003213883978788366,5730
M-2022-8,61,157,4,0.0003213883978788366,5731
M-2022-8,172,0,2,0.00032087277394513073,5732
M-2022-8,172,49,2,0.00032087277394513073,5733
M-2022-8,172,51,2,0.00032087277394513073,5734
M-2022-8,172,71,2,0.00032087277394513073,5735
M-2022-8,172,86,2,0.00032087277394513073,5736
M-2022-8,172,87,2,0.00032087277394513073,5737
M-2022-8,172,140,2,0.00032087277394513073,5738
M-2022-8,165,46,2,0.0003202049311559398,5739
M-2022-8,165,86,2,0.0003202049311559398,5740
M-2022-8,165,94,2,0.0003202049311559398,5741
M-2022-8,165,97,2,0.0003202049311559398,5742
M-2022-8,165,130,2,0.0003202049311559398,5743
M-2022-8,165,141,2,0.0003202049311559398,5744
M-2022-8,165,153,2,0.0003202049311559398,5745
M-2022-8,165,170,2,0.0003202049311559398,5746
M-2022-8,60,1,7,0.0003201902845119385,5747
M-2022-8,60,51,7,0.0003201902845119385,5748
M-2022-8,60,93,7,0.0003201902845119385,5749
M-2022-8,29,82,7,0.0003189792663476874,5750
M-2022-8,29,143,7,0.0003189792663476874,5751
M-2022-8,79,81,3,0.0003185051491665782,5752
M-2022-8,79,101,3,0.0003185051491665782,5753
M-2022-8,79,124,3,0.0003185051491665782,5754
M-2022-8,79,149,3,0.0003185051491665782,5755
M-2022-8,51,55,5,0.0003166761669516752,5756
M-2022-8,51,67,5,0.0003166761669516752,5757
M-2022-8,51,133,5,0.0003166761669516752,5758
M-2022-8,133,171,14,0.0003150244143921154,5759
M-2022-8,175,149,12,0.00031312788664770503,5760
M-2022-8,71,51,23,0.0003120886874635331,5761
M-2022-8,71,156,23,0.0003120886874635331,5762
M-2022-8,153,70,13,0.00031039587412253476,5763
M-2022-8,122,77,14,0.00030954276112142923,5764
M-2022-8,14,0,2,0.0003093102381688834,5765
M-2022-8,14,3,2,0.0003093102381688834,5766
M-2022-8,14,6,2,0.0003093102381688834,5767
M-2022-8,14,23,2,0.0003093102381688834,5768
M-2022-8,14,55,2,0.0003093102381688834,5769
M-2022-8,14,79,2,0.0003093102381688834,5770
M-2022-8,14,101,2,0.0003093102381688834,5771
M-2022-8,14,108,2,0.0003093102381688834,5772
M-2022-8,14,118,2,0.0003093102381688834,5773
M-2022-8,14,134,2,0.0003093102381688834,5774
M-2022-8,14,152,2,0.0003093102381688834,5775
M-2022-8,98,53,16,0.00030613806826878924,5776
M-2022-8,140,26,2,0.00030613806826878924,5777
M-2022-8,140,74,2,0.00030613806826878924,5778
M-2022-8,140,76,2,0.00030613806826878924,5779
M-2022-8,140,90,2,0.00030613806826878924,5780
M-2022-8,140,105,2,0.00030613806826878924,5781
M-2022-8,140,106,2,0.00030613806826878924,5782
M-2022-8,140,120,2,0.00030613806826878924,5783
M-2022-8,140,135,2,0.00030613806826878924,5784
M-2022-8,140,163,2,0.00030613806826878924,5785
M-2022-8,124,9,7,0.0003053168752998648,5786
M-2022-8,124,12,7,0.0003053168752998648,5787
M-2022-8,124,83,7,0.0003053168752998648,5788
M-2022-8,124,99,7,0.0003053168752998648,5789
M-2022-8,124,162,7,0.0003053168752998648,5790
M-2022-8,83,94,7,0.0003051438535309503,5791
M-2022-8,82,31,11,0.00030479357162648934,5792
M-2022-8,117,52,16,0.000304703865930299,5793
M-2022-8,129,155,7,0.00030389858470087695,5794
M-2022-8,129,158,7,0.00030389858470087695,5795
M-2022-8,96,18,13,0.0003036531813510231,5796
M-2022-8,96,172,13,0.0003036531813510231,5797
M-2022-8,25,50,12,0.0003036283588887202,5798
M-2022-8,25,115,12,0.0003036283588887202,5799
M-2022-8,25,135,12,0.0003036283588887202,5800
M-2022-8,49,67,4,0.00030326004548900684,5801
M-2022-8,49,122,4,0.00030326004548900684,5802
M-2022-8,49,143,4,0.00030326004548900684,5803
M-2022-8,49,149,4,0.00030326004548900684,5804
M-2022-8,49,155,4,0.00030326004548900684,5805
M-2022-8,116,13,1,0.0003026634382566586,5806
M-2022-8,116,14,1,0.0003026634382566586,5807
M-2022-8,116,17,1,0.0003026634382566586,5808
M-2022-8,116,19,1,0.0003026634382566586,5809
M-2022-8,116,24,1,0.0003026634382566586,5810
M-2022-8,116,29,1,0.0003026634382566586,5811
M-2022-8,116,59,1,0.0003026634382566586,5812
M-2022-8,116,61,1,0.0003026634382566586,5813
M-2022-8,116,75,1,0.0003026634382566586,5814
M-2022-8,116,85,1,0.0003026634382566586,5815
M-2022-8,116,86,1,0.0003026634382566586,5816
M-2022-8,116,96,1,0.0003026634382566586,5817
M-2022-8,116,101,1,0.0003026634382566586,5818
M-2022-8,116,105,1,0.0003026634382566586,5819
M-2022-8,116,112,1,0.0003026634382566586,5820
M-2022-8,116,127,1,0.0003026634382566586,5821
M-2022-8,116,128,1,0.0003026634382566586,5822
M-2022-8,116,135,1,0.0003026634382566586,5823
M-2022-8,116,136,1,0.0003026634382566586,5824
M-2022-8,116,151,1,0.0003026634382566586,5825
M-2022-8,116,160,1,0.0003026634382566586,5826
M-2022-8,116,161,1,0.0003026634382566586,5827
M-2022-8,116,166,1,0.0003026634382566586,5828
M-2022-8,116,168,1,0.0003026634382566586,5829
M-2022-8,116,171,1,0.0003026634382566586,5830
M-2022-8,30,17,1,0.00030248033877797946,5831
M-2022-8,30,53,1,0.00030248033877797946,5832
M-2022-8,30,59,1,0.00030248033877797946,5833
M-2022-8,30,68,1,0.00030248033877797946,5834
M-2022-8,30,84,1,0.00030248033877797946,5835
M-2022-8,30,96,1,0.00030248033877797946,5836
M-2022-8,30,99,1,0.00030248033877797946,5837
M-2022-8,30,101,1,0.00030248033877797946,5838
M-2022-8,30,112,1,0.00030248033877797946,5839
M-2022-8,30,134,1,0.00030248033877797946,5840
M-2022-8,30,138,1,0.00030248033877797946,5841
M-2022-8,30,156,1,0.00030248033877797946,5842
M-2022-8,30,172,1,0.00030248033877797946,5843
M-2022-8,149,64,11,0.00030233900448011435,5844
M-2022-8,149,90,11,0.00030233900448011435,5845
M-2022-8,93,41,8,0.00029858545142387937,5846
M-2022-8,93,50,8,0.00029858545142387937,5847
M-2022-8,93,139,8,0.00029858545142387937,5848
M-2022-8,95,2,13,0.00029790549521059627,5849
M-2022-8,138,69,8,0.0002958908162887894,5850
M-2022-8,17,2,3,0.00029579964504042593,5851
M-2022-8,17,13,3,0.00029579964504042593,5852
M-2022-8,17,23,3,0.00029579964504042593,5853
M-2022-8,17,25,3,0.00029579964504042593,5854
M-2022-8,17,51,3,0.00029579964504042593,5855
M-2022-8,17,107,3,0.00029579964504042593,5856
M-2022-8,17,159,3,0.00029579964504042593,5857
M-2022-8,86,71,5,0.00029521166676507054,5858
M-2022-8,86,99,5,0.00029521166676507054,5859
M-2022-8,86,115,5,0.00029521166676507054,5860
M-2022-8,86,149,5,0.00029521166676507054,5861
M-2022-8,168,0,1,0.0002929973630237328,5862
M-2022-8,168,1,1,0.0002929973630237328,5863
M-2022-8,168,14,1,0.0002929973630237328,5864
M-2022-8,168,36,1,0.0002929973630237328,5865
M-2022-8,168,42,1,0.0002929973630237328,5866
M-2022-8,168,45,1,0.0002929973630237328,5867
M-2022-8,168,50,1,0.0002929973630237328,5868
M-2022-8,168,61,1,0.0002929973630237328,5869
M-2022-8,168,63,1,0.0002929973630237328,5870
M-2022-8,168,66,1,0.0002929973630237328,5871
M-2022-8,168,71,1,0.0002929973630237328,5872
M-2022-8,168,82,1,0.0002929973630237328,5873
M-2022-8,168,86,1,0.0002929973630237328,5874
M-2022-8,168,88,1,0.0002929973630237328,5875
M-2022-8,168,91,1,0.0002929973630237328,5876
M-2022-8,168,95,1,0.0002929973630237328,5877
M-2022-8,168,124,1,0.0002929973630237328,5878
M-2022-8,168,129,1,0.0002929973630237328,5879
M-2022-8,168,131,1,0.0002929973630237328,5880
M-2022-8,168,132,1,0.0002929973630237328,5881
M-2022-8,168,134,1,0.0002929973630237328,5882
M-2022-8,168,138,1,0.0002929973630237328,5883
M-2022-8,168,142,1,0.0002929973630237328,5884
M-2022-8,168,149,1,0.0002929973630237328,5885
M-2022-8,168,155,1,0.0002929973630237328,5886
M-2022-8,168,156,1,0.0002929973630237328,5887
M-2022-8,133,155,13,0.00029252267050696427,5888
M-2022-8,115,34,4,0.0002909725758347276,5889
M-2022-8,115,110,4,0.0002909725758347276,5890
M-2022-8,131,17,8,0.0002907927737995711,5891
M-2022-8,131,25,8,0.0002907927737995711,5892
M-2022-8,131,28,8,0.0002907927737995711,5893
M-2022-8,131,77,8,0.0002907927737995711,5894
M-2022-8,142,2,6,0.0002892960462873674,5895
M-2022-8,142,12,6,0.0002892960462873674,5896
M-2022-8,142,17,6,0.0002892960462873674,5897
M-2022-8,142,24,6,0.0002892960462873674,5898
M-2022-8,142,60,6,0.0002892960462873674,5899
M-2022-8,142,86,6,0.0002892960462873674,5900
M-2022-8,142,87,6,0.0002892960462873674,5901
M-2022-8,142,138,6,0.0002892960462873674,5902
M-2022-8,142,139,6,0.0002892960462873674,5903
M-2022-8,108,26,2,0.0002881014116969173,5904
M-2022-8,108,87,2,0.0002881014116969173,5905
M-2022-8,108,93,2,0.0002881014116969173,5906
M-2022-8,108,171,2,0.0002881014116969173,5907
M-2022-8,122,115,13,0.00028743256389847,5908
M-2022-8,122,163,13,0.00028743256389847,5909
M-2022-8,153,126,12,0.0002865192684208013,5910
M-2022-8,153,147,12,0.0002865192684208013,5911
M-2022-8,117,74,15,0.0002856598743096553,5912
M-2022-8,117,84,15,0.0002856598743096553,5913
M-2022-8,117,94,15,0.0002856598743096553,5914
M-2022-8,117,95,15,0.0002856598743096553,5915
M-2022-8,117,139,15,0.0002856598743096553,5916
M-2022-8,71,96,21,0.00028495054072757373,5917
M-2022-8,71,158,21,0.00028495054072757373,5918
M-2022-8,77,156,11,0.0002846348910624644,5919
M-2022-8,97,102,10,0.00028327809410498285,5920
M-2022-8,76,2,1,0.0002810567734682406,5921
M-2022-8,76,4,1,0.0002810567734682406,5922
M-2022-8,76,8,1,0.0002810567734682406,5923
M-2022-8,76,15,1,0.0002810567734682406,5924
M-2022-8,76,17,1,0.0002810567734682406,5925
M-2022-8,76,22,1,0.0002810567734682406,5926
M-2022-8,76,25,1,0.0002810567734682406,5927
M-2022-8,76,26,1,0.0002810567734682406,5928
M-2022-8,76,51,1,0.0002810567734682406,5929
M-2022-8,76,62,1,0.0002810567734682406,5930
M-2022-8,76,101,1,0.0002810567734682406,5931
M-2022-8,76,138,1,0.0002810567734682406,5932
M-2022-8,96,2,12,0.0002802952443240213,5933
M-2022-8,96,53,12,0.0002802952443240213,5934
M-2022-8,125,1,1,0.00027901785714285713,5935
M-2022-8,125,19,1,0.00027901785714285713,5936
M-2022-8,125,36,1,0.00027901785714285713,5937
M-2022-8,125,45,1,0.00027901785714285713,5938
M-2022-8,125,46,1,0.00027901785714285713,5939
M-2022-8,125,60,1,0.00027901785714285713,5940
M-2022-8,125,68,1,0.00027901785714285713,5941
M-2022-8,125,71,1,0.00027901785714285713,5942
M-2022-8,125,72,1,0.00027901785714285713,5943
M-2022-8,125,82,1,0.00027901785714285713,5944
M-2022-8,125,108,1,0.00027901785714285713,5945
M-2022-8,125,114,1,0.00027901785714285713,5946
M-2022-8,125,134,1,0.00027901785714285713,5947
M-2022-8,125,136,1,0.00027901785714285713,5948
M-2022-8,125,139,1,0.00027901785714285713,5949
M-2022-8,125,141,1,0.00027901785714285713,5950
M-2022-8,125,143,1,0.00027901785714285713,5951
M-2022-8,125,154,1,0.00027901785714285713,5952
M-2022-8,125,155,1,0.00027901785714285713,5953
M-2022-8,125,171,1,0.00027901785714285713,5954
M-2022-8,136,2,5,0.00027878449958182325,5955
M-2022-8,136,13,5,0.00027878449958182325,5956
M-2022-8,136,49,5,0.00027878449958182325,5957
M-2022-8,136,141,5,0.00027878449958182325,5958
M-2022-8,136,142,5,0.00027878449958182325,5959
M-2022-8,136,171,5,0.00027878449958182325,5960
M-2022-8,156,17,6,0.00027853860080776193,5961
M-2022-8,156,76,6,0.00027853860080776193,5962
M-2022-8,156,101,6,0.00027853860080776193,5963
M-2022-8,156,126,6,0.00027853860080776193,5964
M-2022-8,156,157,6,0.00027853860080776193,5965
M-2022-8,74,18,1,0.000278473962684489,5966
M-2022-8,74,26,1,0.000278473962684489,5967
M-2022-8,74,29,1,0.000278473962684489,5968
M-2022-8,74,60,1,0.000278473962684489,5969
M-2022-8,74,61,1,0.000278473962684489,5970
M-2022-8,74,63,1,0.000278473962684489,5971
M-2022-8,74,66,1,0.000278473962684489,5972
M-2022-8,74,68,1,0.000278473962684489,5973
M-2022-8,74,95,1,0.000278473962684489,5974
M-2022-8,74,110,1,0.000278473962684489,5975
M-2022-8,74,124,1,0.000278473962684489,5976
M-2022-8,74,129,1,0.000278473962684489,5977
M-2022-8,74,133,1,0.000278473962684489,5978
M-2022-8,74,137,1,0.000278473962684489,5979
M-2022-8,74,156,1,0.000278473962684489,5980
M-2022-8,74,157,1,0.000278473962684489,5981
M-2022-8,74,170,1,0.000278473962684489,5982
M-2022-8,25,32,11,0.0002783259956479935,5983
M-2022-8,25,114,11,0.0002783259956479935,5984
M-2022-8,25,136,11,0.0002783259956479935,5985
M-2022-8,99,86,5,0.0002774232924596349,5986
M-2022-8,99,93,5,0.0002774232924596349,5987
M-2022-8,99,110,5,0.0002774232924596349,5988
M-2022-8,149,53,10,0.00027485364043646756,5989
M-2022-8,149,60,10,0.00027485364043646756,5990
M-2022-8,149,88,10,0.00027485364043646756,5991
M-2022-8,149,140,10,0.00027485364043646756,5992
M-2022-8,60,28,6,0.0002744488152959473,5993
M-2022-8,60,129,6,0.0002744488152959473,5994
M-2022-8,60,140,6,0.0002744488152959473,5995
M-2022-8,29,2,6,0.0002734107997265892,5996
M-2022-8,29,13,6,0.0002734107997265892,5997
M-2022-8,29,49,6,0.0002734107997265892,5998
M-2022-8,29,67,6,0.0002734107997265892,5999
M-2022-8,29,129,6,0.0002734107997265892,6000
M-2022-8,29,159,6,0.0002734107997265892,6001
M-2022-8,134,18,2,0.0002725538293813028,6002
M-2022-8,134,61,2,0.0002725538293813028,6003
M-2022-8,134,115,2,0.0002725538293813028,6004
M-2022-8,134,132,2,0.0002725538293813028,6005
M-2022-8,134,168,2,0.0002725538293813028,6006
M-2022-8,134,171,2,0.0002725538293813028,6007
M-2022-8,68,1,1,0.0002722570106180234,6008
M-2022-8,68,13,1,0.0002722570106180234,6009
M-2022-8,68,21,1,0.0002722570106180234,6010
M-2022-8,68,23,1,0.0002722570106180234,6011
M-2022-8,68,39,1,0.0002722570106180234,6012
M-2022-8,68,52,1,0.0002722570106180234,6013
M-2022-8,68,69,1,0.0002722570106180234,6014
M-2022-8,68,71,1,0.0002722570106180234,6015
M-2022-8,68,77,1,0.0002722570106180234,6016
M-2022-8,68,110,1,0.0002722570106180234,6017
M-2022-8,68,111,1,0.0002722570106180234,6018
M-2022-8,68,115,1,0.0002722570106180234,6019
M-2022-8,68,116,1,0.0002722570106180234,6020
M-2022-8,68,118,1,0.0002722570106180234,6021
M-2022-8,68,119,1,0.0002722570106180234,6022
M-2022-8,68,125,1,0.0002722570106180234,6023
M-2022-8,68,131,1,0.0002722570106180234,6024
M-2022-8,68,137,1,0.0002722570106180234,6025
M-2022-8,68,143,1,0.0002722570106180234,6026
M-2022-8,68,157,1,0.0002722570106180234,6027
M-2022-8,68,158,1,0.0002722570106180234,6028
M-2022-8,68,172,1,0.0002722570106180234,6029
M-2022-8,54,18,1,0.00027166530834012495,6030
M-2022-8,54,28,1,0.00027166530834012495,6031
M-2022-8,54,33,1,0.00027166530834012495,6032
M-2022-8,54,63,1,0.00027166530834012495,6033
M-2022-8,54,69,1,0.00027166530834012495,6034
M-2022-8,54,76,1,0.00027166530834012495,6035
M-2022-8,54,88,1,0.00027166530834012495,6036
M-2022-8,54,96,1,0.00027166530834012495,6037
M-2022-8,54,100,1,0.00027166530834012495,6038
M-2022-8,54,105,1,0.00027166530834012495,6039
M-2022-8,54,110,1,0.00027166530834012495,6040
M-2022-8,54,124,1,0.00027166530834012495,6041
M-2022-8,54,153,1,0.00027166530834012495,6042
M-2022-8,54,156,1,0.00027166530834012495,6043
M-2022-8,54,168,1,0.00027166530834012495,6044
M-2022-8,133,49,12,0.0002700209266218132,6045
M-2022-8,117,131,14,0.0002666158826890116,6046
M-2022-8,122,14,12,0.0002653223666755107,6047
M-2022-8,122,127,12,0.0002653223666755107,6048
M-2022-8,18,2,4,0.00026518164942985947,6049
M-2022-8,18,14,4,0.00026518164942985947,6050
M-2022-8,18,43,4,0.00026518164942985947,6051
M-2022-8,18,53,4,0.00026518164942985947,6052
M-2022-8,18,60,4,0.00026518164942985947,6053
M-2022-8,18,122,4,0.00026518164942985947,6054
M-2022-8,18,172,4,0.00026518164942985947,6055
M-2022-8,153,72,11,0.0002626426627190679,6056
M-2022-8,153,74,11,0.0002626426627190679,6057
M-2022-8,153,95,11,0.0002626426627190679,6058
M-2022-8,153,137,11,0.0002626426627190679,6059
M-2022-8,153,141,11,0.0002626426627190679,6060
M-2022-8,153,160,11,0.0002626426627190679,6061
M-2022-8,153,170,11,0.0002626426627190679,6062
M-2022-8,19,16,3,0.00026194010302977384,6063
M-2022-8,19,43,3,0.00026194010302977384,6064
M-2022-8,19,53,3,0.00026194010302977384,6065
M-2022-8,19,68,3,0.00026194010302977384,6066
M-2022-8,19,76,3,0.00026194010302977384,6067
M-2022-8,19,82,3,0.00026194010302977384,6068
M-2022-8,19,86,3,0.00026194010302977384,6069
M-2022-8,19,111,3,0.00026194010302977384,6070
M-2022-8,19,122,3,0.00026194010302977384,6071
M-2022-8,19,132,3,0.00026194010302977384,6072
M-2022-8,102,149,9,0.000261802949646566,6073
M-2022-8,124,29,6,0.00026170017882845553,6074
M-2022-8,124,50,6,0.00026170017882845553,6075
M-2022-8,124,61,6,0.00026170017882845553,6076
M-2022-8,124,68,6,0.00026170017882845553,6077
M-2022-8,124,115,6,0.00026170017882845553,6078
M-2022-8,124,168,6,0.00026170017882845553,6079
M-2022-8,83,133,6,0.00026155187445510024,6080
M-2022-8,93,11,7,0.00026126226999589446,6081
M-2022-8,93,18,7,0.00026126226999589446,6082
M-2022-8,93,19,7,0.00026126226999589446,6083
M-2022-8,93,68,7,0.00026126226999589446,6084
M-2022-8,93,95,7,0.00026126226999589446,6085
M-2022-8,93,129,7,0.00026126226999589446,6086
M-2022-8,93,140,7,0.00026126226999589446,6087
M-2022-8,129,93,6,0.00026048450117218026,6088
M-2022-8,129,106,6,0.00026048450117218026,6089
M-2022-8,138,19,7,0.0002589044642526908,6090
M-2022-8,138,23,7,0.0002589044642526908,6091
M-2022-8,138,87,7,0.0002589044642526908,6092
M-2022-8,138,110,7,0.0002589044642526908,6093
M-2022-8,51,1,4,0.00025334093356134017,6094
M-2022-8,51,66,4,0.00025334093356134017,6095
M-2022-8,51,74,4,0.00025334093356134017,6096
M-2022-8,51,91,4,0.00025334093356134017,6097
M-2022-8,51,93,4,0.00025334093356134017,6098
M-2022-8,51,96,4,0.00025334093356134017,6099
M-2022-8,51,122,4,0.00025334093356134017,6100
M-2022-8,51,129,4,0.00025334093356134017,6101
M-2022-8,51,154,4,0.00025334093356134017,6102
M-2022-8,51,163,4,0.00025334093356134017,6103
M-2022-8,87,2,2,0.0002532286654849329,6104
M-2022-8,87,14,2,0.0002532286654849329,6105
M-2022-8,87,29,2,0.0002532286654849329,6106
M-2022-8,87,49,2,0.0002532286654849329,6107
M-2022-8,87,50,2,0.0002532286654849329,6108
M-2022-8,87,51,2,0.0002532286654849329,6109
M-2022-8,87,71,2,0.0002532286654849329,6110
M-2022-8,87,90,2,0.0002532286654849329,6111
M-2022-8,87,138,2,0.0002532286654849329,6112
M-2022-8,87,139,2,0.0002532286654849329,6113
M-2022-8,87,153,2,0.0002532286654849329,6114
M-2022-8,25,0,10,0.00025302363240726686,6115
M-2022-8,25,105,10,0.00025302363240726686,6116
M-2022-8,25,163,10,0.00025302363240726686,6117
M-2022-8,64,1,1,0.00025220680958385876,6118
M-2022-8,64,4,1,0.00025220680958385876,6119
M-2022-8,64,9,1,0.00025220680958385876,6120
M-2022-8,64,17,1,0.00025220680958385876,6121
M-2022-8,64,25,1,0.00025220680958385876,6122
M-2022-8,64,134,1,0.00025220680958385876,6123
M-2022-8,64,136,1,0.00025220680958385876,6124
M-2022-8,64,142,1,0.00025220680958385876,6125
M-2022-8,64,144,1,0.00025220680958385876,6126
M-2022-8,64,151,1,0.00025220680958385876,6127
M-2022-8,64,156,1,0.00025220680958385876,6128
M-2022-8,95,117,11,0.00025207388056281224,6129
M-2022-8,82,60,9,0.00024937655860349125,6130
M-2022-8,82,141,9,0.00024937655860349125,6131
M-2022-8,90,16,1,0.0002486943546381497,6132
M-2022-8,90,51,1,0.0002486943546381497,6133
M-2022-8,90,63,1,0.0002486943546381497,6134
M-2022-8,90,72,1,0.0002486943546381497,6135
M-2022-8,90,86,1,0.0002486943546381497,6136
M-2022-8,90,95,1,0.0002486943546381497,6137
M-2022-8,90,97,1,0.0002486943546381497,6138
M-2022-8,90,102,1,0.0002486943546381497,6139
M-2022-8,90,117,1,0.0002486943546381497,6140
M-2022-8,90,122,1,0.0002486943546381497,6141
M-2022-8,90,130,1,0.0002486943546381497,6142
M-2022-8,90,153,1,0.0002486943546381497,6143
M-2022-8,117,61,13,0.00024757189106836794,6144
M-2022-8,100,29,3,0.0002474839135456195,6145
M-2022-8,100,129,3,0.0002474839135456195,6146
M-2022-8,100,149,3,0.0002474839135456195,6147
M-2022-8,149,66,9,0.00024736827639282083,6148
M-2022-8,149,135,9,0.00024736827639282083,6149
M-2022-8,149,175,9,0.00024736827639282083,6150
M-2022-8,73,156,3,0.0002473410833539451,6151
M-2022-8,72,46,2,0.0002459117176933481,6152
M-2022-8,72,63,2,0.0002459117176933481,6153
M-2022-8,72,90,2,0.0002459117176933481,6154
M-2022-8,72,93,2,0.0002459117176933481,6155
M-2022-8,72,96,2,0.0002459117176933481,6156
M-2022-8,72,163,2,0.0002459117176933481,6157
M-2022-8,71,81,18,0.00024424332062363463,6158
M-2022-8,132,22,3,0.00024388261116982358,6159
M-2022-8,132,61,3,0.00024388261116982358,6160
M-2022-8,132,64,3,0.00024388261116982358,6161
M-2022-8,132,82,3,0.00024388261116982358,6162
M-2022-8,132,112,3,0.00024388261116982358,6163
M-2022-8,132,153,3,0.00024388261116982358,6164
M-2022-8,122,133,11,0.00024321216945255152,6165
M-2022-8,142,64,5,0.00024108003857280618,6166
M-2022-8,142,81,5,0.00024108003857280618,6167
M-2022-8,142,143,5,0.00024108003857280618,6168
M-2022-8,61,10,3,0.00024104129840912743,6169
M-2022-8,61,19,3,0.00024104129840912743,6170
M-2022-8,61,46,3,0.00024104129840912743,6171
M-2022-8,61,87,3,0.00024104129840912743,6172
M-2022-8,61,111,3,0.00024104129840912743,6173
M-2022-8,61,131,3,0.00024104129840912743,6174
M-2022-8,61,141,3,0.00024104129840912743,6175
M-2022-8,153,27,10,0.00023876605701733441,6176
M-2022-8,63,8,2,0.00023775558725630053,6177
M-2022-8,63,10,2,0.00023775558725630053,6178
M-2022-8,63,26,2,0.00023775558725630053,6179
M-2022-8,63,64,2,0.00023775558725630053,6180
M-2022-8,63,71,2,0.00023775558725630053,6181
M-2022-8,63,122,2,0.00023775558725630053,6182
M-2022-8,63,146,2,0.00023775558725630053,6183
M-2022-8,63,158,2,0.00023775558725630053,6184
M-2022-8,86,28,4,0.00023616933341205645,6185
M-2022-8,86,31,4,0.00023616933341205645,6186
M-2022-8,86,64,4,0.00023616933341205645,6187
M-2022-8,86,138,4,0.00023616933341205645,6188
M-2022-8,62,124,2,0.0002357934449422306,6189
M-2022-8,62,138,2,0.0002357934449422306,6190
M-2022-8,62,144,2,0.0002357934449422306,6191
M-2022-8,62,175,2,0.0002357934449422306,6192
M-2022-8,175,51,9,0.00023484591498577879,6193
M-2022-8,175,68,9,0.00023484591498577879,6194
M-2022-8,175,138,9,0.00023484591498577879,6195
M-2022-8,96,100,10,0.00023357937027001775,6196
M-2022-8,156,34,5,0.00023211550067313495,6197
M-2022-8,156,96,5,0.00023211550067313495,6198
M-2022-8,156,138,5,0.00023211550067313495,6199
M-2022-8,156,149,5,0.00023211550067313495,6200
M-2022-8,156,166,5,0.00023211550067313495,6201
M-2022-8,123,9,1,0.0002315886984715146,6202
M-2022-8,123,50,1,0.0002315886984715146,6203
M-2022-8,123,53,1,0.0002315886984715146,6204
M-2022-8,123,74,1,0.0002315886984715146,6205
M-2022-8,123,129,1,0.0002315886984715146,6206
M-2022-8,123,133,1,0.0002315886984715146,6207
M-2022-8,123,134,1,0.0002315886984715146,6208
M-2022-8,123,137,1,0.0002315886984715146,6209
M-2022-8,123,140,1,0.0002315886984715146,6210
M-2022-8,123,143,1,0.0002315886984715146,6211
M-2022-8,123,151,1,0.0002315886984715146,6212
M-2022-8,123,176,1,0.0002315886984715146,6213
M-2022-8,98,14,12,0.00022960355120159193,6214
M-2022-8,60,29,5,0.0002287073460799561,6215
M-2022-8,60,104,5,0.0002287073460799561,6216
M-2022-8,60,131,5,0.0002287073460799561,6217
M-2022-8,60,175,5,0.0002287073460799561,6218
M-2022-8,117,17,12,0.00022852789944772424,6219
M-2022-8,117,59,12,0.00022852789944772424,6220
M-2022-8,117,108,12,0.00022852789944772424,6221
M-2022-8,117,158,12,0.00022852789944772424,6222
M-2022-8,29,16,5,0.000227842333105491,6223
M-2022-8,29,168,5,0.000227842333105491,6224
M-2022-8,25,10,9,0.00022772126916654014,6225
M-2022-8,25,77,9,0.00022772126916654014,6226
M-2022-8,25,78,9,0.00022772126916654014,6227
M-2022-8,49,23,3,0.0002274450341167551,6228
M-2022-8,49,63,3,0.0002274450341167551,6229
M-2022-8,49,96,3,0.0002274450341167551,6230
M-2022-8,49,108,3,0.0002274450341167551,6231
M-2022-8,49,112,3,0.0002274450341167551,6232
M-2022-8,49,126,3,0.0002274450341167551,6233
M-2022-8,49,127,3,0.0002274450341167551,6234
M-2022-8,49,148,3,0.0002274450341167551,6235
M-2022-8,49,151,3,0.0002274450341167551,6236
M-2022-8,97,14,8,0.0002266224752839863,6237
M-2022-8,133,43,10,0.000225017438851511,6238
M-2022-8,133,77,10,0.000225017438851511,6239
M-2022-8,133,82,10,0.000225017438851511,6240
M-2022-8,133,117,10,0.000225017438851511,6241
M-2022-8,93,17,6,0.00022393908856790953,6242
M-2022-8,93,23,6,0.00022393908856790953,6243
M-2022-8,93,67,6,0.00022393908856790953,6244
M-2022-8,93,112,6,0.00022393908856790953,6245
M-2022-8,93,159,6,0.00022393908856790953,6246
M-2022-8,136,26,4,0.0002230275996654586,6247
M-2022-8,136,43,4,0.0002230275996654586,6248
M-2022-8,136,159,4,0.0002230275996654586,6249
M-2022-8,136,160,4,0.0002230275996654586,6250
M-2022-8,99,104,4,0.00022193863396770792,6251
M-2022-8,99,136,4,0.00022193863396770792,6252
M-2022-8,99,163,4,0.00022193863396770792,6253
M-2022-8,99,171,4,0.00022193863396770792,6254
M-2022-8,138,82,6,0.00022191811221659207,6255
M-2022-8,138,171,6,0.00022191811221659207,6256
M-2022-8,82,32,8,0.00022166805209199224,6257
M-2022-8,82,130,8,0.00022166805209199224,6258
M-2022-8,82,133,8,0.00022166805209199224,6259
M-2022-8,50,19,2,0.0002214103841470165,6260
M-2022-8,50,20,2,0.0002214103841470165,6261
M-2022-8,50,79,2,0.0002214103841470165,6262
M-2022-8,50,131,2,0.0002214103841470165,6263
M-2022-8,50,136,2,0.0002214103841470165,6264
M-2022-8,50,139,2,0.0002214103841470165,6265
M-2022-8,50,154,2,0.0002214103841470165,6266
M-2022-8,50,163,2,0.0002214103841470165,6267
M-2022-8,122,76,10,0.0002211019722295923,6268
M-2022-8,122,111,10,0.0002211019722295923,6269
M-2022-8,122,175,10,0.0002211019722295923,6270
M-2022-8,23,16,1,0.00022079929344226098,6271
M-2022-8,23,24,1,0.00022079929344226098,6272
M-2022-8,23,28,1,0.00022079929344226098,6273
M-2022-8,23,31,1,0.00022079929344226098,6274
M-2022-8,23,53,1,0.00022079929344226098,6275
M-2022-8,23,60,1,0.00022079929344226098,6276
M-2022-8,23,63,1,0.00022079929344226098,6277
M-2022-8,23,77,1,0.00022079929344226098,6278
M-2022-8,23,82,1,0.00022079929344226098,6279
M-2022-8,23,110,1,0.00022079929344226098,6280
M-2022-8,23,111,1,0.00022079929344226098,6281
M-2022-8,23,133,1,0.00022079929344226098,6282
M-2022-8,23,136,1,0.00022079929344226098,6283
M-2022-8,23,141,1,0.00022079929344226098,6284
M-2022-8,23,151,1,0.00022079929344226098,6285
M-2022-8,23,171,1,0.00022079929344226098,6286
M-2022-8,23,176,1,0.00022079929344226098,6287
M-2022-8,149,68,8,0.00021988291234917407,6288
M-2022-8,149,76,8,0.00021988291234917407,6289
M-2022-8,149,111,8,0.00021988291234917407,6290
M-2022-8,149,142,8,0.00021988291234917407,6291
M-2022-8,24,1,1,0.00021958717610891525,6292
M-2022-8,24,2,1,0.00021958717610891525,6293
M-2022-8,24,17,1,0.00021958717610891525,6294
M-2022-8,24,77,1,0.00021958717610891525,6295
M-2022-8,24,101,1,0.00021958717610891525,6296
M-2022-8,24,131,1,0.00021958717610891525,6297
M-2022-8,24,149,1,0.00021958717610891525,6298
M-2022-8,24,151,1,0.00021958717610891525,6299
M-2022-8,24,156,1,0.00021958717610891525,6300
M-2022-8,115,43,3,0.00021822943187604568,6301
M-2022-8,115,45,3,0.00021822943187604568,6302
M-2022-8,115,60,3,0.00021822943187604568,6303
M-2022-8,115,66,3,0.00021822943187604568,6304
M-2022-8,115,69,3,0.00021822943187604568,6305
M-2022-8,115,112,3,0.00021822943187604568,6306
M-2022-8,115,138,3,0.00021822943187604568,6307
M-2022-8,115,148,3,0.00021822943187604568,6308
M-2022-8,115,159,3,0.00021822943187604568,6309
M-2022-8,115,162,3,0.00021822943187604568,6310
M-2022-8,28,20,2,0.0002181500872600349,6311
M-2022-8,28,32,2,0.0002181500872600349,6312
M-2022-8,28,66,2,0.0002181500872600349,6313
M-2022-8,28,72,2,0.0002181500872600349,6314
M-2022-8,28,73,2,0.0002181500872600349,6315
M-2022-8,28,75,2,0.0002181500872600349,6316
M-2022-8,28,95,2,0.0002181500872600349,6317
M-2022-8,28,100,2,0.0002181500872600349,6318
M-2022-8,28,103,2,0.0002181500872600349,6319
M-2022-8,28,105,2,0.0002181500872600349,6320
M-2022-8,28,127,2,0.0002181500872600349,6321
M-2022-8,28,131,2,0.0002181500872600349,6322
M-2022-8,28,157,2,0.0002181500872600349,6323
M-2022-8,28,169,2,0.0002181500872600349,6324
M-2022-8,124,75,5,0.00021808348235704628,6325
M-2022-8,124,91,5,0.00021808348235704628,6326
M-2022-8,124,155,5,0.00021808348235704628,6327
M-2022-8,124,170,5,0.00021808348235704628,6328
M-2022-8,83,2,5,0.00021795989537925023,6329
M-2022-8,83,25,5,0.00021795989537925023,6330
M-2022-8,83,87,5,0.00021795989537925023,6331
M-2022-8,83,154,5,0.00021795989537925023,6332
M-2022-8,83,172,5,0.00021795989537925023,6333
M-2022-8,71,2,16,0.00021710517388767522,6334
M-2022-8,71,150,16,0.00021710517388767522,6335
M-2022-8,129,52,5,0.00021707041764348355,6336
M-2022-8,129,61,5,0.00021707041764348355,6337
M-2022-8,129,96,5,0.00021707041764348355,6338
M-2022-8,129,105,5,0.00021707041764348355,6339
M-2022-8,129,107,5,0.00021707041764348355,6340
M-2022-8,129,139,5,0.00021707041764348355,6341
M-2022-8,48,3,1,0.00021616947686986597,6342
M-2022-8,48,102,1,0.00021616947686986597,6343
M-2022-8,48,151,1,0.00021616947686986597,6344
M-2022-8,48,170,1,0.00021616947686986597,6345
M-2022-8,153,55,9,0.00021488945131560098,6346
M-2022-8,153,66,9,0.00021488945131560098,6347
M-2022-8,153,135,9,0.00021488945131560098,6348
M-2022-8,31,14,1,0.0002143163309044149,6349
M-2022-8,31,46,1,0.0002143163309044149,6350
M-2022-8,31,61,1,0.0002143163309044149,6351
M-2022-8,31,66,1,0.0002143163309044149,6352
M-2022-8,31,73,1,0.0002143163309044149,6353
M-2022-8,31,75,1,0.0002143163309044149,6354
M-2022-8,31,82,1,0.0002143163309044149,6355
M-2022-8,31,86,1,0.0002143163309044149,6356
M-2022-8,31,112,1,0.0002143163309044149,6357
M-2022-8,31,121,1,0.0002143163309044149,6358
M-2022-8,31,124,1,0.0002143163309044149,6359
M-2022-8,31,136,1,0.0002143163309044149,6360
M-2022-8,31,137,1,0.0002143163309044149,6361
M-2022-8,31,143,1,0.0002143163309044149,6362
M-2022-8,31,175,1,0.0002143163309044149,6363
M-2022-8,46,10,1,0.00021427040925648167,6364
M-2022-8,46,12,1,0.00021427040925648167,6365
M-2022-8,46,16,1,0.00021427040925648167,6366
M-2022-8,46,31,1,0.00021427040925648167,6367
M-2022-8,46,35,1,0.00021427040925648167,6368
M-2022-8,46,41,1,0.00021427040925648167,6369
M-2022-8,46,43,1,0.00021427040925648167,6370
M-2022-8,46,45,1,0.00021427040925648167,6371
M-2022-8,46,69,1,0.00021427040925648167,6372
M-2022-8,46,72,1,0.00021427040925648167,6373
M-2022-8,46,76,1,0.00021427040925648167,6374
M-2022-8,46,78,1,0.00021427040925648167,6375
M-2022-8,46,83,1,0.00021427040925648167,6376
M-2022-8,46,114,1,0.00021427040925648167,6377
M-2022-8,46,124,1,0.00021427040925648167,6378
M-2022-8,46,126,1,0.00021427040925648167,6379
M-2022-8,46,134,1,0.00021427040925648167,6380
M-2022-8,46,147,1,0.00021427040925648167,6381
M-2022-8,46,148,1,0.00021427040925648167,6382
M-2022-8,46,162,1,0.00021427040925648167,6383
M-2022-8,79,136,2,0.00021233676611105213,6384
M-2022-8,79,153,2,0.00021233676611105213,6385
M-2022-8,96,12,9,0.00021022143324301597,6386
M-2022-8,96,45,9,0.00021022143324301597,6387
M-2022-8,96,99,9,0.00021022143324301597,6388
M-2022-8,96,115,9,0.00021022143324301597,6389
M-2022-8,117,27,11,0.00020948390782708055,6390
M-2022-8,117,107,11,0.00020948390782708055,6391
M-2022-8,117,147,11,0.00020948390782708055,6392
M-2022-8,117,171,11,0.00020948390782708055,6393
M-2022-8,175,66,8,0.00020875192443180334,6394
M-2022-8,55,53,1,0.0002053388090349076,6395
M-2022-8,55,60,1,0.0002053388090349076,6396
M-2022-8,59,73,1,0.00020370747606437156,6397
M-2022-8,59,91,1,0.00020370747606437156,6398
M-2022-8,59,118,1,0.00020370747606437156,6399
M-2022-8,59,138,1,0.00020370747606437156,6400
M-2022-8,59,153,1,0.00020370747606437156,6401
M-2022-8,78,70,6,0.00020305255677011065,6402
M-2022-8,25,24,8,0.00020241890592581348,6403
M-2022-8,25,83,8,0.00020241890592581348,6404
M-2022-8,25,133,8,0.00020241890592581348,6405
M-2022-8,25,158,8,0.00020241890592581348,6406
M-2022-8,155,0,1,0.0002016942315449778,6407
M-2022-8,155,3,1,0.0002016942315449778,6408
M-2022-8,155,4,1,0.0002016942315449778,6409
M-2022-8,155,21,1,0.0002016942315449778,6410
M-2022-8,155,29,1,0.0002016942315449778,6411
M-2022-8,155,35,1,0.0002016942315449778,6412
M-2022-8,155,45,1,0.0002016942315449778,6413
M-2022-8,155,54,1,0.0002016942315449778,6414
M-2022-8,155,75,1,0.0002016942315449778,6415
M-2022-8,155,79,1,0.0002016942315449778,6416
M-2022-8,155,80,1,0.0002016942315449778,6417
M-2022-8,155,99,1,0.0002016942315449778,6418
M-2022-8,155,100,1,0.0002016942315449778,6419
M-2022-8,155,104,1,0.0002016942315449778,6420
M-2022-8,155,111,1,0.0002016942315449778,6421
M-2022-8,155,132,1,0.0002016942315449778,6422
M-2022-8,155,134,1,0.0002016942315449778,6423
M-2022-8,155,152,1,0.0002016942315449778,6424
M-2022-8,130,3,1,0.00020120724346076458,6425
M-2022-8,130,5,1,0.00020120724346076458,6426
M-2022-8,130,17,1,0.00020120724346076458,6427
M-2022-8,130,22,1,0.00020120724346076458,6428
M-2022-8,130,31,1,0.00020120724346076458,6429
M-2022-8,130,36,1,0.00020120724346076458,6430
M-2022-8,130,37,1,0.00020120724346076458,6431
M-2022-8,130,48,1,0.00020120724346076458,6432
M-2022-8,130,49,1,0.00020120724346076458,6433
M-2022-8,130,64,1,0.00020120724346076458,6434
M-2022-8,130,74,1,0.00020120724346076458,6435
M-2022-8,130,77,1,0.00020120724346076458,6436
M-2022-8,130,79,1,0.00020120724346076458,6437
M-2022-8,130,86,1,0.00020120724346076458,6438
M-2022-8,130,88,1,0.00020120724346076458,6439
M-2022-8,130,93,1,0.00020120724346076458,6440
M-2022-8,130,106,1,0.00020120724346076458,6441
M-2022-8,130,114,1,0.00020120724346076458,6442
M-2022-8,130,115,1,0.00020120724346076458,6443
M-2022-8,130,122,1,0.00020120724346076458,6444
M-2022-8,130,123,1,0.00020120724346076458,6445
M-2022-8,130,125,1,0.00020120724346076458,6446
M-2022-8,130,127,1,0.00020120724346076458,6447
M-2022-8,130,134,1,0.00020120724346076458,6448
M-2022-8,130,135,1,0.00020120724346076458,6449
M-2022-8,130,138,1,0.00020120724346076458,6450
M-2022-8,130,144,1,0.00020120724346076458,6451
M-2022-8,130,151,1,0.00020120724346076458,6452
M-2022-8,130,160,1,0.00020120724346076458,6453
M-2022-8,130,164,1,0.00020120724346076458,6454
M-2022-8,130,165,1,0.00020120724346076458,6455
M-2022-8,130,167,1,0.00020120724346076458,6456
M-2022-8,130,170,1,0.00020120724346076458,6457
M-2022-8,130,172,1,0.00020120724346076458,6458
M-2022-8,122,129,9,0.00019899177500663307,6459
M-2022-8,18,16,3,0.0001988862370723946,6460
M-2022-8,18,21,3,0.0001988862370723946,6461
M-2022-8,18,52,3,0.0001988862370723946,6462
M-2022-8,18,103,3,0.0001988862370723946,6463
M-2022-8,18,115,3,0.0001988862370723946,6464
M-2022-8,18,132,3,0.0001988862370723946,6465
M-2022-8,18,134,3,0.0001988862370723946,6466
M-2022-8,18,142,3,0.0001988862370723946,6467
M-2022-8,18,163,3,0.0001988862370723946,6468
M-2022-8,97,90,7,0.000198294665873488,6469
M-2022-8,17,67,2,0.00019719976336028398,6470
M-2022-8,17,86,2,0.00019719976336028398,6471
M-2022-8,17,87,2,0.00019719976336028398,6472
M-2022-8,17,106,2,0.00019719976336028398,6473
M-2022-8,17,115,2,0.00019719976336028398,6474
M-2022-8,17,128,2,0.00019719976336028398,6475
M-2022-8,56,149,2,0.0001958863858961802,6476
M-2022-8,1,14,1,0.000194325689856199,6477
M-2022-8,1,37,1,0.000194325689856199,6478
M-2022-8,1,43,1,0.000194325689856199,6479
M-2022-8,1,44,1,0.000194325689856199,6480
M-2022-8,1,52,1,0.000194325689856199,6481
M-2022-8,1,61,1,0.000194325689856199,6482
M-2022-8,1,68,1,0.000194325689856199,6483
M-2022-8,1,103,1,0.000194325689856199,6484
M-2022-8,1,105,1,0.000194325689856199,6485
M-2022-8,1,106,1,0.000194325689856199,6486
M-2022-8,1,111,1,0.000194325689856199,6487
M-2022-8,1,140,1,0.000194325689856199,6488
M-2022-8,1,160,1,0.000194325689856199,6489
M-2022-8,1,162,1,0.000194325689856199,6490
M-2022-8,1,166,1,0.000194325689856199,6491
M-2022-8,1,170,1,0.000194325689856199,6492
M-2022-8,1,172,1,0.000194325689856199,6493
M-2022-8,82,18,7,0.00019395954558049322,6494
M-2022-8,82,22,7,0.00019395954558049322,6495
M-2022-8,82,156,7,0.00019395954558049322,6496
M-2022-8,142,11,4,0.00019286403085824494,6497
M-2022-8,142,13,4,0.00019286403085824494,6498
M-2022-8,142,26,4,0.00019286403085824494,6499
M-2022-8,142,93,4,0.00019286403085824494,6500
M-2022-8,142,172,4,0.00019286403085824494,6501
M-2022-8,149,1,7,0.0001923975483055273,6502
M-2022-8,149,13,7,0.0001923975483055273,6503
M-2022-8,149,51,7,0.0001923975483055273,6504
M-2022-8,149,77,7,0.0001923975483055273,6505
M-2022-8,149,134,7,0.0001923975483055273,6506
M-2022-8,98,170,10,0.00019133629266799326,6507
M-2022-8,148,11,1,0.00019127773527161438,6508
M-2022-8,148,28,1,0.00019127773527161438,6509
M-2022-8,148,57,1,0.00019127773527161438,6510
M-2022-8,148,64,1,0.00019127773527161438,6511
M-2022-8,148,71,1,0.00019127773527161438,6512
M-2022-8,148,86,1,0.00019127773527161438,6513
M-2022-8,148,96,1,0.00019127773527161438,6514
M-2022-8,148,115,1,0.00019127773527161438,6515
M-2022-8,148,117,1,0.00019127773527161438,6516
M-2022-8,148,122,1,0.00019127773527161438,6517
M-2022-8,148,129,1,0.00019127773527161438,6518
M-2022-8,148,135,1,0.00019127773527161438,6519
M-2022-8,148,153,1,0.00019127773527161438,6520
M-2022-8,153,39,8,0.00019101284561386754,6521
M-2022-8,153,112,8,0.00019101284561386754,6522
M-2022-8,117,22,10,0.00019043991620643687,6523
M-2022-8,117,166,10,0.00019043991620643687,6524
M-2022-8,51,3,3,0.00019000570017100514,6525
M-2022-8,51,12,3,0.00019000570017100514,6526
M-2022-8,51,29,3,0.00019000570017100514,6527
M-2022-8,51,139,3,0.00019000570017100514,6528
M-2022-8,51,175,3,0.00019000570017100514,6529
M-2022-8,71,14,14,0.0001899670271517158,6530
M-2022-8,53,0,1,0.0001895734597156398,6531
M-2022-8,53,1,1,0.0001895734597156398,6532
M-2022-8,53,4,1,0.0001895734597156398,6533
M-2022-8,53,17,1,0.0001895734597156398,6534
M-2022-8,53,19,1,0.0001895734597156398,6535
M-2022-8,53,32,1,0.0001895734597156398,6536
M-2022-8,53,34,1,0.0001895734597156398,6537
M-2022-8,53,35,1,0.0001895734597156398,6538
M-2022-8,53,41,1,0.0001895734597156398,6539
M-2022-8,53,48,1,0.0001895734597156398,6540
M-2022-8,53,50,1,0.0001895734597156398,6541
M-2022-8,53,79,1,0.0001895734597156398,6542
M-2022-8,53,84,1,0.0001895734597156398,6543
M-2022-8,53,94,1,0.0001895734597156398,6544
M-2022-8,53,102,1,0.0001895734597156398,6545
M-2022-8,53,104,1,0.0001895734597156398,6546
M-2022-8,53,111,1,0.0001895734597156398,6547
M-2022-8,53,131,1,0.0001895734597156398,6548
M-2022-8,53,136,1,0.0001895734597156398,6549
M-2022-8,53,142,1,0.0001895734597156398,6550
M-2022-8,53,150,1,0.0001895734597156398,6551
M-2022-8,53,152,1,0.0001895734597156398,6552
M-2022-8,53,154,1,0.0001895734597156398,6553
M-2022-8,53,156,1,0.0001895734597156398,6554
M-2022-8,53,163,1,0.0001895734597156398,6555
M-2022-8,53,171,1,0.0001895734597156398,6556
M-2022-8,96,71,8,0.0001868634962160142,6557
M-2022-8,96,93,8,0.0001868634962160142,6558
M-2022-8,96,125,8,0.0001868634962160142,6559
M-2022-8,93,42,5,0.0001866159071399246,6560
M-2022-8,93,54,5,0.0001866159071399246,6561
M-2022-8,93,72,5,0.0001866159071399246,6562
M-2022-8,93,99,5,0.0001866159071399246,6563
M-2022-8,156,10,4,0.00018569240053850796,6564
M-2022-8,156,20,4,0.00018569240053850796,6565
M-2022-8,156,29,4,0.00018569240053850796,6566
M-2022-8,156,81,4,0.00018569240053850796,6567
M-2022-8,156,104,4,0.00018569240053850796,6568
M-2022-8,156,111,4,0.00018569240053850796,6569
M-2022-8,138,48,5,0.0001849317601804934,6570
M-2022-8,138,62,5,0.0001849317601804934,6571
M-2022-8,138,175,5,0.0001849317601804934,6572
M-2022-8,146,18,1,0.00018416206261510129,6573
M-2022-8,146,37,1,0.00018416206261510129,6574
M-2022-8,146,42,1,0.00018416206261510129,6575
M-2022-8,146,49,1,0.00018416206261510129,6576
M-2022-8,146,88,1,0.00018416206261510129,6577
M-2022-8,146,117,1,0.00018416206261510129,6578
M-2022-8,146,123,1,0.00018416206261510129,6579
M-2022-8,146,141,1,0.00018416206261510129,6580
M-2022-8,146,143,1,0.00018416206261510129,6581
M-2022-8,146,155,1,0.00018416206261510129,6582
M-2022-8,60,68,4,0.00018296587686396487,6583
M-2022-8,60,117,4,0.00018296587686396487,6584
M-2022-8,60,133,4,0.00018296587686396487,6585
M-2022-8,60,138,4,0.00018296587686396487,6586
M-2022-8,60,168,4,0.00018296587686396487,6587
M-2022-8,175,32,7,0.00018265793387782793,6588
M-2022-8,175,115,7,0.00018265793387782793,6589
M-2022-8,175,141,7,0.00018265793387782793,6590
M-2022-8,175,163,7,0.00018265793387782793,6591
M-2022-8,29,112,4,0.0001822738664843928,6592
M-2022-8,29,130,4,0.0001822738664843928,6593
M-2022-8,131,122,5,0.00018174548362473193,6594
M-2022-8,77,86,7,0.00018113129431247737,6595
M-2022-8,77,122,7,0.00018113129431247737,6596
M-2022-8,77,135,7,0.00018113129431247737,6597
M-2022-8,77,136,7,0.00018113129431247737,6598
M-2022-8,77,141,7,0.00018113129431247737,6599
M-2022-8,75,46,3,0.00018098455598455598,6600
M-2022-8,75,108,3,0.00018098455598455598,6601
M-2022-8,75,149,3,0.00018098455598455598,6602
M-2022-8,133,39,8,0.0001800139510812088,6603
M-2022-8,133,122,8,0.0001800139510812088,6604
M-2022-8,133,125,8,0.0001800139510812088,6605
M-2022-8,86,14,3,0.00017712700005904233,6606
M-2022-8,86,74,3,0.00017712700005904233,6607
M-2022-8,86,122,3,0.00017712700005904233,6608
M-2022-8,86,126,3,0.00017712700005904233,6609
M-2022-8,86,130,3,0.00017712700005904233,6610
M-2022-8,86,135,3,0.00017712700005904233,6611
M-2022-8,86,159,3,0.00017712700005904233,6612
M-2022-8,25,87,7,0.00017711654268508679,6613
M-2022-8,25,91,7,0.00017711654268508679,6614
M-2022-8,25,93,7,0.00017711654268508679,6615
M-2022-8,25,155,7,0.00017711654268508679,6616
M-2022-8,122,87,8,0.00017688157778367384,6617
M-2022-8,122,108,8,0.00017688157778367384,6618
M-2022-8,122,136,8,0.00017688157778367384,6619
M-2022-8,71,40,13,0.0001763979537837361,6620
M-2022-8,71,63,13,0.0001763979537837361,6621
M-2022-8,110,1,1,0.00017577781683951485,6622
M-2022-8,110,4,1,0.00017577781683951485,6623
M-2022-8,110,37,1,0.00017577781683951485,6624
M-2022-8,110,41,1,0.00017577781683951485,6625
M-2022-8,110,51,1,0.00017577781683951485,6626
M-2022-8,110,53,1,0.00017577781683951485,6627
M-2022-8,110,63,1,0.00017577781683951485,6628
M-2022-8,110,72,1,0.00017577781683951485,6629
M-2022-8,110,77,1,0.00017577781683951485,6630
M-2022-8,110,80,1,0.00017577781683951485,6631
M-2022-8,110,85,1,0.00017577781683951485,6632
M-2022-8,110,87,1,0.00017577781683951485,6633
M-2022-8,110,88,1,0.00017577781683951485,6634
M-2022-8,110,114,1,0.00017577781683951485,6635
M-2022-8,110,129,1,0.00017577781683951485,6636
M-2022-8,110,132,1,0.00017577781683951485,6637
M-2022-8,110,136,1,0.00017577781683951485,6638
M-2022-8,110,141,1,0.00017577781683951485,6639
M-2022-8,110,163,1,0.00017577781683951485,6640
M-2022-8,19,22,2,0.00017462673535318258,6641
M-2022-8,19,25,2,0.00017462673535318258,6642
M-2022-8,19,28,2,0.00017462673535318258,6643
M-2022-8,19,73,2,0.00017462673535318258,6644
M-2022-8,19,91,2,0.00017462673535318258,6645
M-2022-8,19,136,2,0.00017462673535318258,6646
M-2022-8,19,139,2,0.00017462673535318258,6647
M-2022-8,19,141,2,0.00017462673535318258,6648
M-2022-8,19,148,2,0.00017462673535318258,6649
M-2022-8,19,154,2,0.00017462673535318258,6650
M-2022-8,19,160,2,0.00017462673535318258,6651
M-2022-8,19,166,2,0.00017462673535318258,6652
M-2022-8,19,176,2,0.00017462673535318258,6653
M-2022-8,102,8,6,0.00017453529976437735,6654
M-2022-8,124,19,4,0.00017446678588563702,6655
M-2022-8,124,101,4,0.00017446678588563702,6656
M-2022-8,124,135,4,0.00017446678588563702,6657
M-2022-8,124,176,4,0.00017446678588563702,6658
M-2022-8,83,4,4,0.0001743679163034002,6659
M-2022-8,83,16,4,0.0001743679163034002,6660
M-2022-8,83,61,4,0.0001743679163034002,6661
M-2022-8,83,71,4,0.0001743679163034002,6662
M-2022-8,83,107,4,0.0001743679163034002,6663
M-2022-8,129,18,4,0.00017365633411478684,6664
M-2022-8,129,41,4,0.00017365633411478684,6665
M-2022-8,129,53,4,0.00017365633411478684,6666
M-2022-8,129,111,4,0.00017365633411478684,6667
M-2022-8,158,3,1,0.00017003910899506886,6668
M-2022-8,158,9,1,0.00017003910899506886,6669
M-2022-8,158,12,1,0.00017003910899506886,6670
M-2022-8,158,16,1,0.00017003910899506886,6671
M-2022-8,158,32,1,0.00017003910899506886,6672
M-2022-8,158,74,1,0.00017003910899506886,6673
M-2022-8,158,84,1,0.00017003910899506886,6674
M-2022-8,158,89,1,0.00017003910899506886,6675
M-2022-8,158,92,1,0.00017003910899506886,6676
M-2022-8,158,95,1,0.00017003910899506886,6677
M-2022-8,158,96,1,0.00017003910899506886,6678
M-2022-8,158,101,1,0.00017003910899506886,6679
M-2022-8,158,106,1,0.00017003910899506886,6680
M-2022-8,158,165,1,0.00017003910899506886,6681
M-2022-8,158,176,1,0.00017003910899506886,6682
M-2022-8,97,22,6,0.0001699668564629897,6683
M-2022-8,97,124,6,0.0001699668564629897,6684
M-2022-8,171,1,1,0.0001699235344095157,6685
M-2022-8,171,4,1,0.0001699235344095157,6686
M-2022-8,171,66,1,0.0001699235344095157,6687
M-2022-8,171,75,1,0.0001699235344095157,6688
M-2022-8,171,77,1,0.0001699235344095157,6689
M-2022-8,171,83,1,0.0001699235344095157,6690
M-2022-8,171,89,1,0.0001699235344095157,6691
M-2022-8,171,90,1,0.0001699235344095157,6692
M-2022-8,171,96,1,0.0001699235344095157,6693
M-2022-8,171,99,1,0.0001699235344095157,6694
M-2022-8,171,108,1,0.0001699235344095157,6695
M-2022-8,171,111,1,0.0001699235344095157,6696
M-2022-8,171,122,1,0.0001699235344095157,6697
M-2022-8,171,128,1,0.0001699235344095157,6698
M-2022-8,171,129,1,0.0001699235344095157,6699
M-2022-8,171,131,1,0.0001699235344095157,6700
M-2022-8,171,146,1,0.0001699235344095157,6701
M-2022-8,171,148,1,0.0001699235344095157,6702
M-2022-8,171,150,1,0.0001699235344095157,6703
M-2022-8,171,158,1,0.0001699235344095157,6704
M-2022-8,171,159,1,0.0001699235344095157,6705
M-2022-8,171,163,1,0.0001699235344095157,6706
M-2022-8,171,176,1,0.0001699235344095157,6707
M-2022-8,78,76,5,0.00016921046397509222,6708
M-2022-8,78,81,5,0.00016921046397509222,6709
M-2022-8,39,43,1,0.00016874789065136686,6710
M-2022-8,39,46,1,0.00016874789065136686,6711
M-2022-8,39,62,1,0.00016874789065136686,6712
M-2022-8,39,64,1,0.00016874789065136686,6713
M-2022-8,39,77,1,0.00016874789065136686,6714
M-2022-8,39,88,1,0.00016874789065136686,6715
M-2022-8,39,95,1,0.00016874789065136686,6716
M-2022-8,39,100,1,0.00016874789065136686,6717
M-2022-8,39,116,1,0.00016874789065136686,6718
M-2022-8,39,123,1,0.00016874789065136686,6719
M-2022-8,39,134,1,0.00016874789065136686,6720
M-2022-8,39,141,1,0.00016874789065136686,6721
M-2022-8,39,156,1,0.00016874789065136686,6722
M-2022-8,39,176,1,0.00016874789065136686,6723
M-2022-8,2,0,1,0.00016823687752355316,6724
M-2022-8,2,6,1,0.00016823687752355316,6725
M-2022-8,2,16,1,0.00016823687752355316,6726
M-2022-8,2,20,1,0.00016823687752355316,6727
M-2022-8,2,26,1,0.00016823687752355316,6728
M-2022-8,2,31,1,0.00016823687752355316,6729
M-2022-8,2,32,1,0.00016823687752355316,6730
M-2022-8,2,34,1,0.00016823687752355316,6731
M-2022-8,2,43,1,0.00016823687752355316,6732
M-2022-8,2,62,1,0.00016823687752355316,6733
M-2022-8,2,72,1,0.00016823687752355316,6734
M-2022-8,2,84,1,0.00016823687752355316,6735
M-2022-8,2,92,1,0.00016823687752355316,6736
M-2022-8,2,98,1,0.00016823687752355316,6737
M-2022-8,2,105,1,0.00016823687752355316,6738
M-2022-8,2,111,1,0.00016823687752355316,6739
M-2022-8,2,112,1,0.00016823687752355316,6740
M-2022-8,2,121,1,0.00016823687752355316,6741
M-2022-8,2,128,1,0.00016823687752355316,6742
M-2022-8,2,132,1,0.00016823687752355316,6743
M-2022-8,2,143,1,0.00016823687752355316,6744
M-2022-8,2,160,1,0.00016823687752355316,6745
M-2022-8,2,161,1,0.00016823687752355316,6746
M-2022-8,2,173,1,0.00016823687752355316,6747
M-2022-8,136,62,3,0.00016727069974909394,6748
M-2022-8,136,129,3,0.00016727069974909394,6749
M-2022-8,136,139,3,0.00016727069974909394,6750
M-2022-8,136,140,3,0.00016727069974909394,6751
M-2022-8,136,149,3,0.00016727069974909394,6752
M-2022-8,153,13,7,0.0001671362399121341,6753
M-2022-8,153,26,7,0.0001671362399121341,6754
M-2022-8,153,102,7,0.0001671362399121341,6755
M-2022-8,99,64,3,0.00016645397547578093,6756
M-2022-8,99,124,3,0.00016645397547578093,6757
M-2022-8,99,131,3,0.00016645397547578093,6758
M-2022-8,82,81,6,0.00016625103906899418,6759
M-2022-8,100,113,2,0.00016498927569707968,6760
M-2022-8,149,12,6,0.00016491218426188054,6761
M-2022-8,149,15,6,0.00016491218426188054,6762
M-2022-8,73,117,2,0.00016489405556929673,6763
M-2022-8,73,155,2,0.00016489405556929673,6764
M-2022-8,96,28,7,0.00016350555918901244,6765
M-2022-8,96,90,7,0.00016350555918901244,6766
M-2022-8,96,127,7,0.00016350555918901244,6767
M-2022-8,96,176,7,0.00016350555918901244,6768
M-2022-8,71,121,12,0.00016282888041575642,6769
M-2022-8,132,18,2,0.00016258840744654907,6770
M-2022-8,132,71,2,0.00016258840744654907,6771
M-2022-8,132,125,2,0.00016258840744654907,6772
M-2022-8,132,157,2,0.00016258840744654907,6773
M-2022-8,132,163,2,0.00016258840744654907,6774
M-2022-8,61,1,2,0.0001606941989394183,6775
M-2022-8,61,12,2,0.0001606941989394183,6776
M-2022-8,61,17,2,0.0001606941989394183,6777
M-2022-8,61,25,2,0.0001606941989394183,6778
M-2022-8,61,43,2,0.0001606941989394183,6779
M-2022-8,61,45,2,0.0001606941989394183,6780
M-2022-8,61,75,2,0.0001606941989394183,6781
M-2022-8,61,90,2,0.0001606941989394183,6782
M-2022-8,61,119,2,0.0001606941989394183,6783
M-2022-8,61,124,2,0.0001606941989394183,6784
M-2022-8,61,129,2,0.0001606941989394183,6785
M-2022-8,61,148,2,0.0001606941989394183,6786
M-2022-8,172,11,1,0.00016043638697256537,6787
M-2022-8,172,20,1,0.00016043638697256537,6788
M-2022-8,172,29,1,0.00016043638697256537,6789
M-2022-8,172,32,1,0.00016043638697256537,6790
M-2022-8,172,35,1,0.00016043638697256537,6791
M-2022-8,172,47,1,0.00016043638697256537,6792
M-2022-8,172,68,1,0.00016043638697256537,6793
M-2022-8,172,70,1,0.00016043638697256537,6794
M-2022-8,172,74,1,0.00016043638697256537,6795
M-2022-8,172,75,1,0.00016043638697256537,6796
M-2022-8,172,78,1,0.00016043638697256537,6797
M-2022-8,172,105,1,0.00016043638697256537,6798
M-2022-8,172,111,1,0.00016043638697256537,6799
M-2022-8,172,125,1,0.00016043638697256537,6800
M-2022-8,172,129,1,0.00016043638697256537,6801
M-2022-8,172,131,1,0.00016043638697256537,6802
M-2022-8,172,157,1,0.00016043638697256537,6803
M-2022-8,172,166,1,0.00016043638697256537,6804
M-2022-8,172,175,1,0.00016043638697256537,6805
M-2022-8,95,25,7,0.00016041065126724414,6806
M-2022-8,165,2,1,0.0001601024655779699,6807
M-2022-8,165,3,1,0.0001601024655779699,6808
M-2022-8,165,48,1,0.0001601024655779699,6809
M-2022-8,165,65,1,0.0001601024655779699,6810
M-2022-8,165,150,1,0.0001601024655779699,6811
M-2022-8,133,12,7,0.0001575122071960577,6812
M-2022-8,175,18,6,0.00015656394332385252,6813
M-2022-8,175,86,6,0.00015656394332385252,6814
M-2022-8,175,97,6,0.00015656394332385252,6815
M-2022-8,175,110,6,0.00015656394332385252,6816
M-2022-8,175,139,6,0.00015656394332385252,6817
M-2022-8,77,158,6,0.0001552553951249806,6818
M-2022-8,122,51,7,0.00015477138056071461,6819
M-2022-8,122,64,7,0.00015477138056071461,6820
M-2022-8,122,83,7,0.00015477138056071461,6821
M-2022-8,122,124,7,0.00015477138056071461,6822
M-2022-8,122,151,7,0.00015477138056071461,6823
M-2022-8,122,172,7,0.00015477138056071461,6824
M-2022-8,14,4,1,0.0001546551190844417,6825
M-2022-8,14,8,1,0.0001546551190844417,6826
M-2022-8,14,9,1,0.0001546551190844417,6827
M-2022-8,14,10,1,0.0001546551190844417,6828
M-2022-8,14,12,1,0.0001546551190844417,6829
M-2022-8,14,20,1,0.0001546551190844417,6830
M-2022-8,14,38,1,0.0001546551190844417,6831
M-2022-8,14,47,1,0.0001546551190844417,6832
M-2022-8,14,70,1,0.0001546551190844417,6833
M-2022-8,14,84,1,0.0001546551190844417,6834
M-2022-8,14,94,1,0.0001546551190844417,6835
M-2022-8,14,104,1,0.0001546551190844417,6836
M-2022-8,14,116,1,0.0001546551190844417,6837
M-2022-8,14,120,1,0.0001546551190844417,6838
M-2022-8,14,151,1,0.0001546551190844417,6839
M-2022-8,14,162,1,0.0001546551190844417,6840
M-2022-8,14,165,1,0.0001546551190844417,6841
M-2022-8,14,166,1,0.0001546551190844417,6842
M-2022-8,14,168,1,0.0001546551190844417,6843
M-2022-8,14,177,1,0.0001546551190844417,6844
M-2022-8,140,10,1,0.00015306903413439462,6845
M-2022-8,140,13,1,0.00015306903413439462,6846
M-2022-8,140,22,1,0.00015306903413439462,6847
M-2022-8,140,29,1,0.00015306903413439462,6848
M-2022-8,140,37,1,0.00015306903413439462,6849
M-2022-8,140,40,1,0.00015306903413439462,6850
M-2022-8,140,55,1,0.00015306903413439462,6851
M-2022-8,140,58,1,0.00015306903413439462,6852
M-2022-8,140,62,1,0.00015306903413439462,6853
M-2022-8,140,72,1,0.00015306903413439462,6854
M-2022-8,140,83,1,0.00015306903413439462,6855
M-2022-8,140,84,1,0.00015306903413439462,6856
M-2022-8,140,89,1,0.00015306903413439462,6857
M-2022-8,140,91,1,0.00015306903413439462,6858
M-2022-8,140,101,1,0.00015306903413439462,6859
M-2022-8,140,128,1,0.00015306903413439462,6860
M-2022-8,140,130,1,0.00015306903413439462,6861
M-2022-8,140,138,1,0.00015306903413439462,6862
M-2022-8,140,147,1,0.00015306903413439462,6863
M-2022-8,140,150,1,0.00015306903413439462,6864
M-2022-8,140,152,1,0.00015306903413439462,6865
M-2022-8,140,164,1,0.00015306903413439462,6866
M-2022-8,140,172,1,0.00015306903413439462,6867
M-2022-8,117,60,8,0.0001523519329651495,6868
M-2022-8,117,76,8,0.0001523519329651495,6869
M-2022-8,117,134,8,0.0001523519329651495,6870
M-2022-8,117,162,8,0.0001523519329651495,6871
M-2022-8,25,75,6,0.0001518141794443601,6872
M-2022-8,25,80,6,0.0001518141794443601,6873
M-2022-8,49,11,2,0.00015163002274450342,6874
M-2022-8,49,18,2,0.00015163002274450342,6875
M-2022-8,49,39,2,0.00015163002274450342,6876
M-2022-8,49,43,2,0.00015163002274450342,6877
M-2022-8,49,66,2,0.00015163002274450342,6878
M-2022-8,49,135,2,0.00015163002274450342,6879
M-2022-8,49,174,2,0.00015163002274450342,6880
M-2022-8,93,16,4,0.00014929272571193969,6881
M-2022-8,93,39,4,0.00014929272571193969,6882
M-2022-8,93,45,4,0.00014929272571193969,6883
M-2022-8,93,83,4,0.00014929272571193969,6884
M-2022-8,93,154,4,0.00014929272571193969,6885
M-2022-8,71,108,11,0.0001492598070477767,6886
M-2022-8,71,138,11,0.0001492598070477767,6887
M-2022-8,138,16,4,0.0001479454081443947,6888
M-2022-8,138,49,4,0.0001479454081443947,6889
M-2022-8,138,68,4,0.0001479454081443947,6890
M-2022-8,138,123,4,0.0001479454081443947,6891
M-2022-8,138,151,4,0.0001479454081443947,6892
M-2022-8,115,12,2,0.0001454862879173638,6893
M-2022-8,115,54,2,0.0001454862879173638,6894
M-2022-8,115,71,2,0.0001454862879173638,6895
M-2022-8,115,77,2,0.0001454862879173638,6896
M-2022-8,115,99,2,0.0001454862879173638,6897
M-2022-8,115,125,2,0.0001454862879173638,6898
M-2022-8,115,132,2,0.0001454862879173638,6899
M-2022-8,131,95,4,0.00014539638689978554,6900
M-2022-8,131,136,4,0.00014539638689978554,6901
M-2022-8,131,160,4,0.00014539638689978554,6902
M-2022-8,142,19,3,0.0001446480231436837,6903
M-2022-8,142,23,3,0.0001446480231436837,6904
M-2022-8,142,52,3,0.0001446480231436837,6905
M-2022-8,142,62,3,0.0001446480231436837,6906
M-2022-8,142,63,3,0.0001446480231436837,6907
M-2022-8,142,66,3,0.0001446480231436837,6908
M-2022-8,142,99,3,0.0001446480231436837,6909
M-2022-8,142,114,3,0.0001446480231436837,6910
M-2022-8,142,136,3,0.0001446480231436837,6911
M-2022-8,142,166,3,0.0001446480231436837,6912
M-2022-8,142,176,3,0.0001446480231436837,6913
M-2022-8,108,40,1,0.00014405070584845865,6914
M-2022-8,108,67,1,0.00014405070584845865,6915
M-2022-8,108,73,1,0.00014405070584845865,6916
M-2022-8,108,74,1,0.00014405070584845865,6917
M-2022-8,108,75,1,0.00014405070584845865,6918
M-2022-8,108,79,1,0.00014405070584845865,6919
M-2022-8,108,82,1,0.00014405070584845865,6920
M-2022-8,108,86,1,0.00014405070584845865,6921
M-2022-8,108,90,1,0.00014405070584845865,6922
M-2022-8,108,96,1,0.00014405070584845865,6923
M-2022-8,108,118,1,0.00014405070584845865,6924
M-2022-8,108,122,1,0.00014405070584845865,6925
M-2022-8,108,131,1,0.00014405070584845865,6926
M-2022-8,108,149,1,0.00014405070584845865,6927
M-2022-8,153,78,6,0.00014325963421040066,6928
M-2022-8,153,81,6,0.00014325963421040066,6929
M-2022-8,153,96,6,0.00014325963421040066,6930
M-2022-8,153,100,6,0.00014325963421040066,6931
M-2022-8,153,128,6,0.00014325963421040066,6932
M-2022-8,153,138,6,0.00014325963421040066,6933
M-2022-8,97,132,5,0.00014163904705249142,6934
M-2022-8,96,3,6,0.00014014762216201066,6935
M-2022-8,96,16,6,0.00014014762216201066,6936
M-2022-8,96,61,6,0.00014014762216201066,6937
M-2022-8,156,14,3,0.00013926930040388097,6938
M-2022-8,156,22,3,0.00013926930040388097,6939
M-2022-8,156,24,3,0.00013926930040388097,6940
M-2022-8,156,26,3,0.00013926930040388097,6941
M-2022-8,156,53,3,0.00013926930040388097,6942
M-2022-8,156,63,3,0.00013926930040388097,6943
M-2022-8,156,66,3,0.00013926930040388097,6944
M-2022-8,156,78,3,0.00013926930040388097,6945
M-2022-8,156,79,3,0.00013926930040388097,6946
M-2022-8,156,115,3,0.00013926930040388097,6947
M-2022-8,156,116,3,0.00013926930040388097,6948
M-2022-8,156,120,3,0.00013926930040388097,6949
M-2022-8,156,137,3,0.00013926930040388097,6950
M-2022-8,156,141,3,0.00013926930040388097,6951
M-2022-8,156,164,3,0.00013926930040388097,6952
M-2022-8,156,171,3,0.00013926930040388097,6953
M-2022-8,156,172,3,0.00013926930040388097,6954
M-2022-8,82,14,5,0.00013854253255749516,6955
M-2022-8,82,28,5,0.00013854253255749516,6956
M-2022-8,82,110,5,0.00013854253255749516,6957
M-2022-8,82,122,5,0.00013854253255749516,6958
M-2022-8,82,129,5,0.00013854253255749516,6959
M-2022-8,82,136,5,0.00013854253255749516,6960
M-2022-8,149,30,5,0.00013742682021823378,6961
M-2022-8,149,45,5,0.00013742682021823378,6962
M-2022-8,149,75,5,0.00013742682021823378,6963
M-2022-8,149,91,5,0.00013742682021823378,6964
M-2022-8,149,168,5,0.00013742682021823378,6965
M-2022-8,60,49,3,0.00013722440764797364,6966
M-2022-8,60,82,3,0.00013722440764797364,6967
M-2022-8,60,136,3,0.00013722440764797364,6968
M-2022-8,60,146,3,0.00013722440764797364,6969
M-2022-8,60,149,3,0.00013722440764797364,6970
M-2022-8,60,155,3,0.00013722440764797364,6971
M-2022-8,60,158,3,0.00013722440764797364,6972
M-2022-8,29,17,3,0.0001367053998632946,6973
M-2022-8,29,77,3,0.0001367053998632946,6974
M-2022-8,29,80,3,0.0001367053998632946,6975
M-2022-8,29,108,3,0.0001367053998632946,6976
M-2022-8,29,116,3,0.0001367053998632946,6977
M-2022-8,29,134,3,0.0001367053998632946,6978
M-2022-8,29,162,3,0.0001367053998632946,6979
M-2022-8,29,172,3,0.0001367053998632946,6980
M-2022-8,134,28,1,0.0001362769146906514,6981
M-2022-8,134,75,1,0.0001362769146906514,6982
M-2022-8,134,172,1,0.0001362769146906514,6983
M-2022-8,134,175,1,0.0001362769146906514,6984
M-2022-8,71,32,10,0.000135690733679797,6985
M-2022-8,71,60,10,0.000135690733679797,6986
M-2022-8,71,139,10,0.000135690733679797,6987
M-2022-8,78,31,4,0.0001353683711800738,6988
M-2022-8,133,66,6,0.0001350104633109066,6989
M-2022-8,133,78,6,0.0001350104633109066,6990
M-2022-8,117,8,7,0.0001333079413445058,6991
M-2022-8,117,16,7,0.0001333079413445058,6992
M-2022-8,117,163,7,0.0001333079413445058,6993
M-2022-8,122,23,6,0.00013266118333775536,6994
M-2022-8,122,86,6,0.00013266118333775536,6995
M-2022-8,122,98,6,0.00013266118333775536,6996
M-2022-8,122,130,6,0.00013266118333775536,6997
M-2022-8,122,157,6,0.00013266118333775536,6998
M-2022-8,122,160,6,0.00013266118333775536,6999
M-2022-8,122,170,6,0.00013266118333775536,7000
M-2022-8,18,12,2,0.00013259082471492973,7001
M-2022-8,18,24,2,0.00013259082471492973,7002
M-2022-8,18,28,2,0.00013259082471492973,7003
M-2022-8,18,51,2,0.00013259082471492973,7004
M-2022-8,18,96,2,0.00013259082471492973,7005
M-2022-8,18,135,2,0.00013259082471492973,7006
M-2022-8,18,139,2,0.00013259082471492973,7007
M-2022-8,18,148,2,0.00013259082471492973,7008
M-2022-8,124,18,3,0.00013085008941422777,7009
M-2022-8,124,53,3,0.00013085008941422777,7010
M-2022-8,124,60,3,0.00013085008941422777,7011
M-2022-8,124,139,3,0.00013085008941422777,7012
M-2022-8,124,164,3,0.00013085008941422777,7013
M-2022-8,83,18,3,0.00013077593722755012,7014
M-2022-8,83,48,3,0.00013077593722755012,7015
M-2022-8,83,82,3,0.00013077593722755012,7016
M-2022-8,83,92,3,0.00013077593722755012,7017
M-2022-8,83,96,3,0.00013077593722755012,7018
M-2022-8,83,111,3,0.00013077593722755012,7019
M-2022-8,83,124,3,0.00013077593722755012,7020
M-2022-8,83,125,3,0.00013077593722755012,7021
M-2022-8,83,132,3,0.00013077593722755012,7022
M-2022-8,83,138,3,0.00013077593722755012,7023
M-2022-8,83,171,3,0.00013077593722755012,7024
M-2022-8,175,26,5,0.0001304699527698771,7025
M-2022-8,175,73,5,0.0001304699527698771,7026
M-2022-8,175,90,5,0.0001304699527698771,7027
M-2022-8,175,172,5,0.0001304699527698771,7028
M-2022-8,129,8,3,0.00013024225058609013,7029
M-2022-8,129,20,3,0.00013024225058609013,7030
M-2022-8,129,66,3,0.00013024225058609013,7031
M-2022-8,129,68,3,0.00013024225058609013,7032
M-2022-8,129,71,3,0.00013024225058609013,7033
M-2022-8,129,113,3,0.00013024225058609013,7034
M-2022-8,129,118,3,0.00013024225058609013,7035
M-2022-8,129,130,3,0.00013024225058609013,7036
M-2022-8,129,172,3,0.00013024225058609013,7037
M-2022-8,129,175,3,0.00013024225058609013,7038
M-2022-8,77,81,5,0.00012937949593748384,7039
M-2022-8,77,96,5,0.00012937949593748384,7040
M-2022-8,51,9,2,0.00012667046678067008,7041
M-2022-8,51,16,2,0.00012667046678067008,7042
M-2022-8,51,18,2,0.00012667046678067008,7043
M-2022-8,51,62,2,0.00012667046678067008,7044
M-2022-8,51,71,2,0.00012667046678067008,7045
M-2022-8,51,75,2,0.00012667046678067008,7046
M-2022-8,51,86,2,0.00012667046678067008,7047
M-2022-8,51,106,2,0.00012667046678067008,7048
M-2022-8,51,107,2,0.00012667046678067008,7049
M-2022-8,51,126,2,0.00012667046678067008,7050
M-2022-8,51,143,2,0.00012667046678067008,7051
M-2022-8,51,150,2,0.00012667046678067008,7052
M-2022-8,51,166,2,0.00012667046678067008,7053
M-2022-8,51,172,2,0.00012667046678067008,7054
M-2022-8,87,1,1,0.00012661433274246644,7055
M-2022-8,87,12,1,0.00012661433274246644,7056
M-2022-8,87,13,1,0.00012661433274246644,7057
M-2022-8,87,18,1,0.00012661433274246644,7058
M-2022-8,87,23,1,0.00012661433274246644,7059
M-2022-8,87,26,1,0.00012661433274246644,7060
M-2022-8,87,37,1,0.00012661433274246644,7061
M-2022-8,87,68,1,0.00012661433274246644,7062
M-2022-8,87,84,1,0.00012661433274246644,7063
M-2022-8,87,85,1,0.00012661433274246644,7064
M-2022-8,87,86,1,0.00012661433274246644,7065
M-2022-8,87,95,1,0.00012661433274246644,7066
M-2022-8,87,108,1,0.00012661433274246644,7067
M-2022-8,87,115,1,0.00012661433274246644,7068
M-2022-8,87,143,1,0.00012661433274246644,7069
M-2022-8,87,149,1,0.00012661433274246644,7070
M-2022-8,87,158,1,0.00012661433274246644,7071
M-2022-8,87,166,1,0.00012661433274246644,7072
M-2022-8,25,18,5,0.00012651181620363343,7073
M-2022-8,25,79,5,0.00012651181620363343,7074
M-2022-8,25,116,5,0.00012651181620363343,7075
M-2022-8,101,107,6,0.00012559921291159908,7076
M-2022-8,72,0,1,0.00012295585884667404,7077
M-2022-8,72,1,1,0.00012295585884667404,7078
M-2022-8,72,2,1,0.00012295585884667404,7079
M-2022-8,72,9,1,0.00012295585884667404,7080
M-2022-8,72,25,1,0.00012295585884667404,7081
M-2022-8,72,26,1,0.00012295585884667404,7082
M-2022-8,72,31,1,0.00012295585884667404,7083
M-2022-8,72,40,1,0.00012295585884667404,7084
M-2022-8,72,45,1,0.00012295585884667404,7085
M-2022-8,72,68,1,0.00012295585884667404,7086
M-2022-8,72,81,1,0.00012295585884667404,7087
M-2022-8,72,108,1,0.00012295585884667404,7088
M-2022-8,72,110,1,0.00012295585884667404,7089
M-2022-8,72,118,1,0.00012295585884667404,7090
M-2022-8,72,124,1,0.00012295585884667404,7091
M-2022-8,72,129,1,0.00012295585884667404,7092
M-2022-8,72,131,1,0.00012295585884667404,7093
M-2022-8,72,136,1,0.00012295585884667404,7094
M-2022-8,72,141,1,0.00012295585884667404,7095
M-2022-8,72,153,1,0.00012295585884667404,7096
M-2022-8,72,168,1,0.00012295585884667404,7097
M-2022-8,75,11,2,0.00012065637065637066,7098
M-2022-8,75,61,2,0.00012065637065637066,7099
M-2022-8,75,85,2,0.00012065637065637066,7100
M-2022-8,75,120,2,0.00012065637065637066,7101
M-2022-8,75,122,2,0.00012065637065637066,7102
M-2022-8,75,148,2,0.00012065637065637066,7103
M-2022-8,153,108,5,0.00011938302850866721,7104
M-2022-8,153,127,5,0.00011938302850866721,7105
M-2022-8,153,168,5,0.00011938302850866721,7106
M-2022-8,63,22,1,0.00011887779362815027,7107
M-2022-8,63,29,1,0.00011887779362815027,7108
M-2022-8,63,38,1,0.00011887779362815027,7109
M-2022-8,63,41,1,0.00011887779362815027,7110
M-2022-8,63,69,1,0.00011887779362815027,7111
M-2022-8,63,74,1,0.00011887779362815027,7112
M-2022-8,63,77,1,0.00011887779362815027,7113
M-2022-8,63,82,1,0.00011887779362815027,7114
M-2022-8,63,100,1,0.00011887779362815027,7115
M-2022-8,63,111,1,0.00011887779362815027,7116
M-2022-8,63,124,1,0.00011887779362815027,7117
M-2022-8,63,141,1,0.00011887779362815027,7118
M-2022-8,63,144,1,0.00011887779362815027,7119
M-2022-8,63,147,1,0.00011887779362815027,7120
M-2022-8,63,154,1,0.00011887779362815027,7121
M-2022-8,63,168,1,0.00011887779362815027,7122
M-2022-8,63,169,1,0.00011887779362815027,7123
M-2022-8,63,172,1,0.00011887779362815027,7124
M-2022-8,86,11,2,0.00011808466670602822,7125
M-2022-8,86,25,2,0.00011808466670602822,7126
M-2022-8,86,39,2,0.00011808466670602822,7127
M-2022-8,86,45,2,0.00011808466670602822,7128
M-2022-8,86,66,2,0.00011808466670602822,7129
M-2022-8,86,67,2,0.00011808466670602822,7130
M-2022-8,86,69,2,0.00011808466670602822,7131
M-2022-8,86,75,2,0.00011808466670602822,7132
M-2022-8,86,77,2,0.00011808466670602822,7133
M-2022-8,86,78,2,0.00011808466670602822,7134
M-2022-8,86,101,2,0.00011808466670602822,7135
M-2022-8,86,119,2,0.00011808466670602822,7136
M-2022-8,86,146,2,0.00011808466670602822,7137
M-2022-8,86,150,2,0.00011808466670602822,7138
M-2022-8,86,162,2,0.00011808466670602822,7139
M-2022-8,62,26,1,0.0001178967224711153,7140
M-2022-8,62,35,1,0.0001178967224711153,7141
M-2022-8,62,39,1,0.0001178967224711153,7142
M-2022-8,62,46,1,0.0001178967224711153,7143
M-2022-8,62,50,1,0.0001178967224711153,7144
M-2022-8,62,74,1,0.0001178967224711153,7145
M-2022-8,62,77,1,0.0001178967224711153,7146
M-2022-8,62,78,1,0.0001178967224711153,7147
M-2022-8,62,82,1,0.0001178967224711153,7148
M-2022-8,62,87,1,0.0001178967224711153,7149
M-2022-8,62,90,1,0.0001178967224711153,7150
M-2022-8,62,100,1,0.0001178967224711153,7151
M-2022-8,62,102,1,0.0001178967224711153,7152
M-2022-8,62,112,1,0.0001178967224711153,7153
M-2022-8,62,119,1,0.0001178967224711153,7154
M-2022-8,62,132,1,0.0001178967224711153,7155
M-2022-8,62,133,1,0.0001178967224711153,7156
M-2022-8,62,134,1,0.0001178967224711153,7157
M-2022-8,62,136,1,0.0001178967224711153,7158
M-2022-8,62,146,1,0.0001178967224711153,7159
M-2022-8,62,149,1,0.0001178967224711153,7160
M-2022-8,62,154,1,0.0001178967224711153,7161
M-2022-8,62,157,1,0.0001178967224711153,7162
M-2022-8,62,158,1,0.0001178967224711153,7163
M-2022-8,62,168,1,0.0001178967224711153,7164
M-2022-8,96,77,5,0.00011678968513500888,7165
M-2022-8,96,175,5,0.00011678968513500888,7166
M-2022-8,117,63,6,0.00011426394972386212,7167
M-2022-8,117,70,6,0.00011426394972386212,7168
M-2022-8,117,112,6,0.00011426394972386212,7169
M-2022-8,117,137,6,0.00011426394972386212,7170
M-2022-8,117,168,6,0.00011426394972386212,7171
M-2022-8,97,28,4,0.00011331123764199315,7172
M-2022-8,133,28,5,0.0001125087194257555,7173
M-2022-8,133,29,5,0.0001125087194257555,7174
M-2022-8,93,26,3,0.00011196954428395476,7175
M-2022-8,93,43,3,0.00011196954428395476,7176
M-2022-8,93,104,3,0.00011196954428395476,7177
M-2022-8,93,120,3,0.00011196954428395476,7178
M-2022-8,93,126,3,0.00011196954428395476,7179
M-2022-8,93,152,3,0.00011196954428395476,7180
M-2022-8,93,172,3,0.00011196954428395476,7181
M-2022-8,136,10,2,0.0001115137998327293,7182
M-2022-8,136,19,2,0.0001115137998327293,7183
M-2022-8,136,22,2,0.0001115137998327293,7184
M-2022-8,136,51,2,0.0001115137998327293,7185
M-2022-8,136,74,2,0.0001115137998327293,7186
M-2022-8,136,77,2,0.0001115137998327293,7187
M-2022-8,136,102,2,0.0001115137998327293,7188
M-2022-8,136,116,2,0.0001115137998327293,7189
M-2022-8,136,125,2,0.0001115137998327293,7190
M-2022-8,136,128,2,0.0001115137998327293,7191
M-2022-8,136,131,2,0.0001115137998327293,7192
M-2022-8,136,134,2,0.0001115137998327293,7193
M-2022-8,136,143,2,0.0001115137998327293,7194
M-2022-8,136,148,2,0.0001115137998327293,7195
M-2022-8,99,17,2,0.00011096931698385396,7196
M-2022-8,99,26,2,0.00011096931698385396,7197
M-2022-8,99,39,2,0.00011096931698385396,7198
M-2022-8,99,61,2,0.00011096931698385396,7199
M-2022-8,99,96,2,0.00011096931698385396,7200
M-2022-8,99,108,2,0.00011096931698385396,7201
M-2022-8,99,123,2,0.00011096931698385396,7202
M-2022-8,99,140,2,0.00011096931698385396,7203
M-2022-8,99,151,2,0.00011096931698385396,7204
M-2022-8,138,47,3,0.00011095905610829603,7205
M-2022-8,138,77,3,0.00011095905610829603,7206
M-2022-8,138,88,3,0.00011095905610829603,7207
M-2022-8,138,168,3,0.00011095905610829603,7208
M-2022-8,82,46,4,0.00011083402604599612,7209
M-2022-8,82,51,4,0.00011083402604599612,7210
M-2022-8,82,90,4,0.00011083402604599612,7211
M-2022-8,82,137,4,0.00011083402604599612,7212
M-2022-8,82,149,4,0.00011083402604599612,7213
M-2022-8,82,155,4,0.00011083402604599612,7214
M-2022-8,50,0,1,0.00011070519207350825,7215
M-2022-8,50,9,1,0.00011070519207350825,7216
M-2022-8,50,29,1,0.00011070519207350825,7217
M-2022-8,50,33,1,0.00011070519207350825,7218
M-2022-8,50,51,1,0.00011070519207350825,7219
M-2022-8,50,61,1,0.00011070519207350825,7220
M-2022-8,50,63,1,0.00011070519207350825,7221
M-2022-8,50,64,1,0.00011070519207350825,7222
M-2022-8,50,91,1,0.00011070519207350825,7223
M-2022-8,50,100,1,0.00011070519207350825,7224
M-2022-8,50,143,1,0.00011070519207350825,7225
M-2022-8,50,150,1,0.00011070519207350825,7226
M-2022-8,50,153,1,0.00011070519207350825,7227
M-2022-8,50,157,1,0.00011070519207350825,7228
M-2022-8,50,175,1,0.00011070519207350825,7229
M-2022-8,122,43,5,0.00011055098611479615,7230
M-2022-8,122,80,5,0.00011055098611479615,7231
M-2022-8,122,93,5,0.00011055098611479615,7232
M-2022-8,122,105,5,0.00011055098611479615,7233
M-2022-8,122,143,5,0.00011055098611479615,7234
M-2022-8,122,155,5,0.00011055098611479615,7235
M-2022-8,149,11,4,0.00010994145617458703,7236
M-2022-8,149,131,4,0.00010994145617458703,7237
M-2022-8,149,136,4,0.00010994145617458703,7238
M-2022-8,149,137,4,0.00010994145617458703,7239
M-2022-8,28,3,1,0.00010907504363001745,7240
M-2022-8,28,11,1,0.00010907504363001745,7241
M-2022-8,28,17,1,0.00010907504363001745,7242
M-2022-8,28,18,1,0.00010907504363001745,7243
M-2022-8,28,22,1,0.00010907504363001745,7244
M-2022-8,28,24,1,0.00010907504363001745,7245
M-2022-8,28,45,1,0.00010907504363001745,7246
M-2022-8,28,52,1,0.00010907504363001745,7247
M-2022-8,28,57,1,0.00010907504363001745,7248
M-2022-8,28,58,1,0.00010907504363001745,7249
M-2022-8,28,65,1,0.00010907504363001745,7250
M-2022-8,28,68,1,0.00010907504363001745,7251
M-2022-8,28,69,1,0.00010907504363001745,7252
M-2022-8,28,84,1,0.00010907504363001745,7253
M-2022-8,28,107,1,0.00010907504363001745,7254
M-2022-8,28,123,1,0.00010907504363001745,7255
M-2022-8,28,135,1,0.00010907504363001745,7256
M-2022-8,28,137,1,0.00010907504363001745,7257
M-2022-8,28,144,1,0.00010907504363001745,7258
M-2022-8,28,150,1,0.00010907504363001745,7259
M-2022-8,28,151,1,0.00010907504363001745,7260
M-2022-8,28,165,1,0.00010907504363001745,7261
M-2022-8,28,167,1,0.00010907504363001745,7262
M-2022-8,131,71,3,0.00010904729017483916,7263
M-2022-8,131,90,3,0.00010904729017483916,7264
M-2022-8,131,117,3,0.00010904729017483916,7265
M-2022-8,131,138,3,0.00010904729017483916,7266
M-2022-8,131,149,3,0.00010904729017483916,7267
M-2022-8,131,156,3,0.00010904729017483916,7268
M-2022-8,71,99,8,0.00010855258694383761,7269
M-2022-8,71,122,8,0.00010855258694383761,7270
M-2022-8,71,141,8,0.00010855258694383761,7271
M-2022-8,79,4,1,0.00010616838305552606,7272
M-2022-8,79,13,1,0.00010616838305552606,7273
M-2022-8,79,14,1,0.00010616838305552606,7274
M-2022-8,79,24,1,0.00010616838305552606,7275
M-2022-8,79,25,1,0.00010616838305552606,7276
M-2022-8,79,26,1,0.00010616838305552606,7277
M-2022-8,79,32,1,0.00010616838305552606,7278
M-2022-8,79,70,1,0.00010616838305552606,7279
M-2022-8,79,73,1,0.00010616838305552606,7280
M-2022-8,79,87,1,0.00010616838305552606,7281
M-2022-8,79,138,1,0.00010616838305552606,7282
M-2022-8,79,152,1,0.00010616838305552606,7283
M-2022-8,79,158,1,0.00010616838305552606,7284
M-2022-8,79,163,1,0.00010616838305552606,7285
M-2022-8,79,173,1,0.00010616838305552606,7286
M-2022-8,175,28,4,0.00010437596221590167,7287
M-2022-8,175,31,4,0.00010437596221590167,7288
M-2022-8,175,50,4,0.00010437596221590167,7289
M-2022-8,175,54,4,0.00010437596221590167,7290
M-2022-8,175,120,4,0.00010437596221590167,7291
M-2022-8,175,168,4,0.00010437596221590167,7292
M-2022-8,175,176,4,0.00010437596221590167,7293
M-2022-8,77,25,4,0.00010350359674998706,7294
M-2022-8,77,32,4,0.00010350359674998706,7295
M-2022-8,77,63,4,0.00010350359674998706,7296
M-2022-8,77,70,4,0.00010350359674998706,7297
M-2022-8,77,93,4,0.00010350359674998706,7298
M-2022-8,77,111,4,0.00010350359674998706,7299
M-2022-8,77,176,4,0.00010350359674998706,7300
M-2022-8,78,46,3,0.00010152627838505533,7301
M-2022-8,78,61,3,0.00010152627838505533,7302
M-2022-8,78,117,3,0.00010152627838505533,7303
M-2022-8,25,29,4,0.00010120945296290674,7304
M-2022-8,25,56,4,0.00010120945296290674,7305
M-2022-8,25,86,4,0.00010120945296290674,7306
M-2022-8,25,99,4,0.00010120945296290674,7307
M-2022-8,25,138,4,0.00010120945296290674,7308
M-2022-8,25,140,4,0.00010120945296290674,7309
M-2022-8,25,150,4,0.00010120945296290674,7310
M-2022-8,25,160,4,0.00010120945296290674,7311
M-2022-8,25,170,4,0.00010120945296290674,7312
M-2022-8,17,4,1,9.859988168014199e-05,7313
M-2022-8,17,18,1,9.859988168014199e-05,7314
M-2022-8,17,20,1,9.859988168014199e-05,7315
M-2022-8,17,56,1,9.859988168014199e-05,7316
M-2022-8,17,74,1,9.859988168014199e-05,7317
M-2022-8,17,82,1,9.859988168014199e-05,7318
M-2022-8,17,90,1,9.859988168014199e-05,7319
M-2022-8,17,92,1,9.859988168014199e-05,7320
M-2022-8,17,95,1,9.859988168014199e-05,7321
M-2022-8,17,96,1,9.859988168014199e-05,7322
M-2022-8,17,99,1,9.859988168014199e-05,7323
M-2022-8,17,100,1,9.859988168014199e-05,7324
M-2022-8,17,110,1,9.859988168014199e-05,7325
M-2022-8,17,114,1,9.859988168014199e-05,7326
M-2022-8,17,134,1,9.859988168014199e-05,7327
M-2022-8,17,135,1,9.859988168014199e-05,7328
M-2022-8,17,136,1,9.859988168014199e-05,7329
M-2022-8,17,151,1,9.859988168014199e-05,7330
M-2022-8,17,154,1,9.859988168014199e-05,7331
M-2022-8,17,160,1,9.859988168014199e-05,7332
M-2022-8,17,165,1,9.859988168014199e-05,7333
M-2022-8,56,2,1,9.79431929480901e-05,7334
M-2022-8,56,3,1,9.79431929480901e-05,7335
M-2022-8,56,25,1,9.79431929480901e-05,7336
M-2022-8,56,46,1,9.79431929480901e-05,7337
M-2022-8,56,55,1,9.79431929480901e-05,7338
M-2022-8,56,106,1,9.79431929480901e-05,7339
M-2022-8,56,107,1,9.79431929480901e-05,7340
M-2022-8,56,111,1,9.79431929480901e-05,7341
M-2022-8,56,142,1,9.79431929480901e-05,7342
M-2022-8,142,16,2,9.643201542912247e-05,7343
M-2022-8,142,21,2,9.643201542912247e-05,7344
M-2022-8,142,33,2,9.643201542912247e-05,7345
M-2022-8,142,34,2,9.643201542912247e-05,7346
M-2022-8,142,36,2,9.643201542912247e-05,7347
M-2022-8,142,45,2,9.643201542912247e-05,7348
M-2022-8,142,50,2,9.643201542912247e-05,7349
M-2022-8,142,111,2,9.643201542912247e-05,7350
M-2022-8,142,112,2,9.643201542912247e-05,7351
M-2022-8,142,115,2,9.643201542912247e-05,7352
M-2022-8,142,126,2,9.643201542912247e-05,7353
M-2022-8,142,171,2,9.643201542912247e-05,7354
M-2022-8,153,21,4,9.550642280693377e-05,7355
M-2022-8,153,31,4,9.550642280693377e-05,7356
M-2022-8,153,62,4,9.550642280693377e-05,7357
M-2022-8,153,76,4,9.550642280693377e-05,7358
M-2022-8,153,79,4,9.550642280693377e-05,7359
M-2022-8,153,166,4,9.550642280693377e-05,7360
M-2022-8,117,13,5,9.521995810321844e-05,7361
M-2022-8,117,41,5,9.521995810321844e-05,7362
M-2022-8,117,46,5,9.521995810321844e-05,7363
M-2022-8,117,79,5,9.521995810321844e-05,7364
M-2022-8,71,98,7,9.49835135758579e-05,7365
M-2022-8,71,118,7,9.49835135758579e-05,7366
M-2022-8,96,10,4,9.34317481080071e-05,7367
M-2022-8,96,102,4,9.34317481080071e-05,7368
M-2022-8,96,160,4,9.34317481080071e-05,7369
M-2022-8,156,9,2,9.284620026925398e-05,7370
M-2022-8,156,13,2,9.284620026925398e-05,7371
M-2022-8,156,43,2,9.284620026925398e-05,7372
M-2022-8,156,65,2,9.284620026925398e-05,7373
M-2022-8,156,77,2,9.284620026925398e-05,7374
M-2022-8,156,80,2,9.284620026925398e-05,7375
M-2022-8,156,102,2,9.284620026925398e-05,7376
M-2022-8,156,108,2,9.284620026925398e-05,7377
M-2022-8,156,119,2,9.284620026925398e-05,7378
M-2022-8,156,123,2,9.284620026925398e-05,7379
M-2022-8,156,127,2,9.284620026925398e-05,7380
M-2022-8,156,160,2,9.284620026925398e-05,7381
M-2022-8,60,2,2,9.148293843198243e-05,7382
M-2022-8,60,12,2,9.148293843198243e-05,7383
M-2022-8,60,14,2,9.148293843198243e-05,7384
M-2022-8,60,22,2,9.148293843198243e-05,7385
M-2022-8,60,24,2,9.148293843198243e-05,7386
M-2022-8,60,66,2,9.148293843198243e-05,7387
M-2022-8,60,71,2,9.148293843198243e-05,7388
M-2022-8,60,115,2,9.148293843198243e-05,7389
M-2022-8,60,154,2,9.148293843198243e-05,7390
M-2022-8,29,15,2,9.11369332421964e-05,7391
M-2022-8,29,24,2,9.11369332421964e-05,7392
M-2022-8,29,33,2,9.11369332421964e-05,7393
M-2022-8,29,39,2,9.11369332421964e-05,7394
M-2022-8,29,72,2,9.11369332421964e-05,7395
M-2022-8,29,78,2,9.11369332421964e-05,7396
M-2022-8,29,79,2,9.11369332421964e-05,7397
M-2022-8,29,146,2,9.11369332421964e-05,7398
M-2022-8,29,154,2,9.11369332421964e-05,7399
M-2022-8,133,2,4,9.00069755406044e-05,7400
M-2022-8,133,10,4,9.00069755406044e-05,7401
M-2022-8,133,11,4,9.00069755406044e-05,7402
M-2022-8,133,25,4,9.00069755406044e-05,7403
M-2022-8,133,46,4,9.00069755406044e-05,7404
M-2022-8,133,126,4,9.00069755406044e-05,7405
M-2022-8,133,129,4,9.00069755406044e-05,7406
M-2022-8,133,147,4,9.00069755406044e-05,7407
M-2022-8,122,72,4,8.844078889183692e-05,7408
M-2022-8,122,131,4,8.844078889183692e-05,7409
M-2022-8,19,1,1,8.731336767659129e-05,7410
M-2022-8,19,29,1,8.731336767659129e-05,7411
M-2022-8,19,39,1,8.731336767659129e-05,7412
M-2022-8,19,50,1,8.731336767659129e-05,7413
M-2022-8,19,55,1,8.731336767659129e-05,7414
M-2022-8,19,80,1,8.731336767659129e-05,7415
M-2022-8,19,84,1,8.731336767659129e-05,7416
M-2022-8,19,87,1,8.731336767659129e-05,7417
M-2022-8,19,130,1,8.731336767659129e-05,7418
M-2022-8,19,131,1,8.731336767659129e-05,7419
M-2022-8,19,134,1,8.731336767659129e-05,7420
M-2022-8,19,135,1,8.731336767659129e-05,7421
M-2022-8,19,137,1,8.731336767659129e-05,7422
M-2022-8,19,170,1,8.731336767659129e-05,7423
M-2022-8,102,97,3,8.726764988218868e-05,7424
M-2022-8,124,17,2,8.723339294281851e-05,7425
M-2022-8,124,32,2,8.723339294281851e-05,7426
M-2022-8,124,52,2,8.723339294281851e-05,7427
M-2022-8,124,62,2,8.723339294281851e-05,7428
M-2022-8,124,63,2,8.723339294281851e-05,7429
M-2022-8,124,66,2,8.723339294281851e-05,7430
M-2022-8,124,72,2,8.723339294281851e-05,7431
M-2022-8,124,98,2,8.723339294281851e-05,7432
M-2022-8,124,105,2,8.723339294281851e-05,7433
M-2022-8,124,107,2,8.723339294281851e-05,7434
M-2022-8,124,118,2,8.723339294281851e-05,7435
M-2022-8,124,121,2,8.723339294281851e-05,7436
M-2022-8,124,132,2,8.723339294281851e-05,7437
M-2022-8,124,137,2,8.723339294281851e-05,7438
M-2022-8,124,150,2,8.723339294281851e-05,7439
M-2022-8,124,157,2,8.723339294281851e-05,7440
M-2022-8,83,10,2,8.71839581517001e-05,7441
M-2022-8,83,17,2,8.71839581517001e-05,7442
M-2022-8,83,22,2,8.71839581517001e-05,7443
M-2022-8,83,102,2,8.71839581517001e-05,7444
M-2022-8,83,122,2,8.71839581517001e-05,7445
M-2022-8,83,129,2,8.71839581517001e-05,7446
M-2022-8,83,139,2,8.71839581517001e-05,7447
M-2022-8,83,158,2,8.71839581517001e-05,7448
M-2022-8,83,177,2,8.71839581517001e-05,7449
M-2022-8,129,24,2,8.682816705739342e-05,7450
M-2022-8,129,50,2,8.682816705739342e-05,7451
M-2022-8,129,55,2,8.682816705739342e-05,7452
M-2022-8,129,63,2,8.682816705739342e-05,7453
M-2022-8,129,77,2,8.682816705739342e-05,7454
M-2022-8,129,86,2,8.682816705739342e-05,7455
M-2022-8,129,98,2,8.682816705739342e-05,7456
M-2022-8,129,109,2,8.682816705739342e-05,7457
M-2022-8,129,122,2,8.682816705739342e-05,7458
M-2022-8,129,128,2,8.682816705739342e-05,7459
M-2022-8,129,147,2,8.682816705739342e-05,7460
M-2022-8,97,53,3,8.498342823149486e-05,7461
M-2022-8,97,93,3,8.498342823149486e-05,7462
M-2022-8,101,4,4,8.373280860773272e-05,7463
M-2022-8,101,6,4,8.373280860773272e-05,7464
M-2022-8,101,53,4,8.373280860773272e-05,7465
M-2022-8,82,0,3,8.312551953449709e-05,7466
M-2022-8,82,52,3,8.312551953449709e-05,7467
M-2022-8,82,61,3,8.312551953449709e-05,7468
M-2022-8,82,86,3,8.312551953449709e-05,7469
M-2022-8,82,96,3,8.312551953449709e-05,7470
M-2022-8,82,102,3,8.312551953449709e-05,7471
M-2022-8,82,138,3,8.312551953449709e-05,7472
M-2022-8,82,157,3,8.312551953449709e-05,7473
M-2022-8,82,163,3,8.312551953449709e-05,7474
M-2022-8,82,168,3,8.312551953449709e-05,7475
M-2022-8,100,25,1,8.249463784853984e-05,7476
M-2022-8,100,27,1,8.249463784853984e-05,7477
M-2022-8,100,53,1,8.249463784853984e-05,7478
M-2022-8,100,90,1,8.249463784853984e-05,7479
M-2022-8,100,96,1,8.249463784853984e-05,7480
M-2022-8,100,102,1,8.249463784853984e-05,7481
M-2022-8,100,116,1,8.249463784853984e-05,7482
M-2022-8,100,122,1,8.249463784853984e-05,7483
M-2022-8,100,130,1,8.249463784853984e-05,7484
M-2022-8,100,134,1,8.249463784853984e-05,7485
M-2022-8,100,137,1,8.249463784853984e-05,7486
M-2022-8,149,10,3,8.245609213094027e-05,7487
M-2022-8,149,42,3,8.245609213094027e-05,7488
M-2022-8,149,67,3,8.245609213094027e-05,7489
M-2022-8,149,92,3,8.245609213094027e-05,7490
M-2022-8,149,103,3,8.245609213094027e-05,7491
M-2022-8,149,132,3,8.245609213094027e-05,7492
M-2022-8,73,49,1,8.244702778464837e-05,7493
M-2022-8,73,59,1,8.244702778464837e-05,7494
M-2022-8,73,70,1,8.244702778464837e-05,7495
M-2022-8,73,139,1,8.244702778464837e-05,7496
M-2022-8,73,142,1,8.244702778464837e-05,7497
M-2022-8,73,165,1,8.244702778464837e-05,7498
M-2022-8,71,50,6,8.141444020787821e-05,7499
M-2022-8,71,155,6,8.141444020787821e-05,7500
M-2022-8,132,13,1,8.129420372327454e-05,7501
M-2022-8,132,16,1,8.129420372327454e-05,7502
M-2022-8,132,31,1,8.129420372327454e-05,7503
M-2022-8,132,42,1,8.129420372327454e-05,7504
M-2022-8,132,62,1,8.129420372327454e-05,7505
M-2022-8,132,72,1,8.129420372327454e-05,7506
M-2022-8,132,74,1,8.129420372327454e-05,7507
M-2022-8,132,77,1,8.129420372327454e-05,7508
M-2022-8,132,86,1,8.129420372327454e-05,7509
M-2022-8,132,96,1,8.129420372327454e-05,7510
M-2022-8,132,102,1,8.129420372327454e-05,7511
M-2022-8,132,105,1,8.129420372327454e-05,7512
M-2022-8,132,115,1,8.129420372327454e-05,7513
M-2022-8,132,119,1,8.129420372327454e-05,7514
M-2022-8,132,154,1,8.129420372327454e-05,7515
M-2022-8,132,158,1,8.129420372327454e-05,7516
M-2022-8,61,18,1,8.034709946970914e-05,7517
M-2022-8,61,26,1,8.034709946970914e-05,7518
M-2022-8,61,55,1,8.034709946970914e-05,7519
M-2022-8,61,71,1,8.034709946970914e-05,7520
M-2022-8,61,72,1,8.034709946970914e-05,7521
M-2022-8,61,74,1,8.034709946970914e-05,7522
M-2022-8,61,77,1,8.034709946970914e-05,7523
M-2022-8,61,78,1,8.034709946970914e-05,7524
M-2022-8,61,79,1,8.034709946970914e-05,7525
M-2022-8,61,99,1,8.034709946970914e-05,7526
M-2022-8,61,104,1,8.034709946970914e-05,7527
M-2022-8,61,112,1,8.034709946970914e-05,7528
M-2022-8,61,128,1,8.034709946970914e-05,7529
M-2022-8,61,132,1,8.034709946970914e-05,7530
M-2022-8,61,134,1,8.034709946970914e-05,7531
M-2022-8,61,143,1,8.034709946970914e-05,7532
M-2022-8,61,146,1,8.034709946970914e-05,7533
M-2022-8,175,4,3,7.828197166192626e-05,7534
M-2022-8,175,9,3,7.828197166192626e-05,7535
M-2022-8,175,17,3,7.828197166192626e-05,7536
M-2022-8,175,63,3,7.828197166192626e-05,7537
M-2022-8,175,88,3,7.828197166192626e-05,7538
M-2022-8,175,111,3,7.828197166192626e-05,7539
M-2022-8,175,170,3,7.828197166192626e-05,7540
M-2022-8,77,17,3,7.76276975624903e-05,7541
M-2022-8,77,53,3,7.76276975624903e-05,7542
M-2022-8,77,83,3,7.76276975624903e-05,7543
M-2022-8,77,124,3,7.76276975624903e-05,7544
M-2022-8,77,130,3,7.76276975624903e-05,7545
M-2022-8,77,131,3,7.76276975624903e-05,7546
M-2022-8,77,138,3,7.76276975624903e-05,7547
M-2022-8,77,139,3,7.76276975624903e-05,7548
M-2022-8,77,170,3,7.76276975624903e-05,7549
M-2022-8,117,11,4,7.617596648257475e-05,7550
M-2022-8,117,23,4,7.617596648257475e-05,7551
M-2022-8,117,32,4,7.617596648257475e-05,7552
M-2022-8,117,69,4,7.617596648257475e-05,7553
M-2022-8,117,90,4,7.617596648257475e-05,7554
M-2022-8,117,91,4,7.617596648257475e-05,7555
M-2022-8,117,115,4,7.617596648257475e-05,7556
M-2022-8,117,128,4,7.617596648257475e-05,7557
M-2022-8,117,151,4,7.617596648257475e-05,7558
M-2022-8,25,23,3,7.590708972218005e-05,7559
M-2022-8,25,45,3,7.590708972218005e-05,7560
M-2022-8,25,52,3,7.590708972218005e-05,7561
M-2022-8,25,85,3,7.590708972218005e-05,7562
M-2022-8,25,104,3,7.590708972218005e-05,7563
M-2022-8,25,137,3,7.590708972218005e-05,7564
M-2022-8,49,1,1,7.581501137225171e-05,7565
M-2022-8,49,14,1,7.581501137225171e-05,7566
M-2022-8,49,24,1,7.581501137225171e-05,7567
M-2022-8,49,26,1,7.581501137225171e-05,7568
M-2022-8,49,32,1,7.581501137225171e-05,7569
M-2022-8,49,50,1,7.581501137225171e-05,7570
M-2022-8,49,73,1,7.581501137225171e-05,7571
M-2022-8,49,87,1,7.581501137225171e-05,7572
M-2022-8,49,89,1,7.581501137225171e-05,7573
M-2022-8,49,90,1,7.581501137225171e-05,7574
M-2022-8,49,92,1,7.581501137225171e-05,7575
M-2022-8,49,120,1,7.581501137225171e-05,7576
M-2022-8,49,128,1,7.581501137225171e-05,7577
M-2022-8,49,141,1,7.581501137225171e-05,7578
M-2022-8,49,154,1,7.581501137225171e-05,7579
M-2022-8,49,158,1,7.581501137225171e-05,7580
M-2022-8,49,170,1,7.581501137225171e-05,7581
M-2022-8,49,172,1,7.581501137225171e-05,7582
M-2022-8,93,8,2,7.464636285596984e-05,7583
M-2022-8,93,14,2,7.464636285596984e-05,7584
M-2022-8,93,22,2,7.464636285596984e-05,7585
M-2022-8,93,69,2,7.464636285596984e-05,7586
M-2022-8,93,102,2,7.464636285596984e-05,7587
M-2022-8,93,138,2,7.464636285596984e-05,7588
M-2022-8,93,157,2,7.464636285596984e-05,7589
M-2022-8,93,160,2,7.464636285596984e-05,7590
M-2022-8,138,65,2,7.397270407219736e-05,7591
M-2022-8,138,111,2,7.397270407219736e-05,7592
M-2022-8,138,173,2,7.397270407219736e-05,7593
M-2022-8,115,24,1,7.27431439586819e-05,7594
M-2022-8,115,29,1,7.27431439586819e-05,7595
M-2022-8,115,41,1,7.27431439586819e-05,7596
M-2022-8,115,67,1,7.27431439586819e-05,7597
M-2022-8,115,75,1,7.27431439586819e-05,7598
M-2022-8,115,89,1,7.27431439586819e-05,7599
M-2022-8,115,96,1,7.27431439586819e-05,7600
M-2022-8,115,102,1,7.27431439586819e-05,7601
M-2022-8,115,104,1,7.27431439586819e-05,7602
M-2022-8,115,122,1,7.27431439586819e-05,7603
M-2022-8,115,128,1,7.27431439586819e-05,7604
M-2022-8,115,130,1,7.27431439586819e-05,7605
M-2022-8,115,140,1,7.27431439586819e-05,7606
M-2022-8,115,147,1,7.27431439586819e-05,7607
M-2022-8,115,168,1,7.27431439586819e-05,7608
M-2022-8,131,0,2,7.269819344989277e-05,7609
M-2022-8,131,42,2,7.269819344989277e-05,7610
M-2022-8,131,63,2,7.269819344989277e-05,7611
M-2022-8,131,76,2,7.269819344989277e-05,7612
M-2022-8,131,99,2,7.269819344989277e-05,7613
M-2022-8,153,4,3,7.162981710520033e-05,7614
M-2022-8,153,9,3,7.162981710520033e-05,7615
M-2022-8,153,15,3,7.162981710520033e-05,7616
M-2022-8,153,50,3,7.162981710520033e-05,7617
M-2022-8,153,80,3,7.162981710520033e-05,7618
M-2022-8,153,90,3,7.162981710520033e-05,7619
M-2022-8,153,103,3,7.162981710520033e-05,7620
M-2022-8,153,116,3,7.162981710520033e-05,7621
M-2022-8,153,123,3,7.162981710520033e-05,7622
M-2022-8,153,150,3,7.162981710520033e-05,7623
M-2022-8,96,98,3,7.007381108100533e-05,7624
M-2022-8,96,103,3,7.007381108100533e-05,7625
M-2022-8,96,131,3,7.007381108100533e-05,7626
M-2022-8,96,136,3,7.007381108100533e-05,7627
M-2022-8,95,122,3,6.874742197167606e-05,7628
M-2022-8,95,123,3,6.874742197167606e-05,7629
M-2022-8,95,175,3,6.874742197167606e-05,7630
M-2022-8,71,0,5,6.78453668398985e-05,7631
M-2022-8,71,22,5,6.78453668398985e-05,7632
M-2022-8,71,29,5,6.78453668398985e-05,7633
M-2022-8,71,87,5,6.78453668398985e-05,7634
M-2022-8,71,172,5,6.78453668398985e-05,7635
M-2022-8,78,2,2,6.76841855900369e-05,7636
M-2022-8,78,28,2,6.76841855900369e-05,7637
M-2022-8,78,80,2,6.76841855900369e-05,7638
M-2022-8,78,86,2,6.76841855900369e-05,7639
M-2022-8,78,120,2,6.76841855900369e-05,7640
M-2022-8,78,131,2,6.76841855900369e-05,7641
M-2022-8,78,133,2,6.76841855900369e-05,7642
M-2022-8,78,153,2,6.76841855900369e-05,7643
M-2022-8,133,17,3,6.75052316554533e-05,7644
M-2022-8,133,51,3,6.75052316554533e-05,7645
M-2022-8,133,60,3,6.75052316554533e-05,7646
M-2022-8,133,69,3,6.75052316554533e-05,7647
M-2022-8,133,71,3,6.75052316554533e-05,7648
M-2022-8,133,159,3,6.75052316554533e-05,7649
M-2022-8,122,5,3,6.633059166887768e-05,7650
M-2022-8,122,15,3,6.633059166887768e-05,7651
M-2022-8,122,17,3,6.633059166887768e-05,7652
M-2022-8,122,53,3,6.633059166887768e-05,7653
M-2022-8,122,101,3,6.633059166887768e-05,7654
M-2022-8,122,140,3,6.633059166887768e-05,7655
M-2022-8,122,164,3,6.633059166887768e-05,7656
M-2022-8,18,11,1,6.629541235746487e-05,7657
M-2022-8,18,20,1,6.629541235746487e-05,7658
M-2022-8,18,46,1,6.629541235746487e-05,7659
M-2022-8,18,49,1,6.629541235746487e-05,7660
M-2022-8,18,61,1,6.629541235746487e-05,7661
M-2022-8,18,63,1,6.629541235746487e-05,7662
M-2022-8,18,75,1,6.629541235746487e-05,7663
M-2022-8,18,77,1,6.629541235746487e-05,7664
M-2022-8,18,79,1,6.629541235746487e-05,7665
M-2022-8,18,99,1,6.629541235746487e-05,7666
M-2022-8,18,106,1,6.629541235746487e-05,7667
M-2022-8,18,118,1,6.629541235746487e-05,7668
M-2022-8,18,126,1,6.629541235746487e-05,7669
M-2022-8,18,131,1,6.629541235746487e-05,7670
M-2022-8,18,151,1,6.629541235746487e-05,7671
M-2022-8,18,154,1,6.629541235746487e-05,7672
M-2022-8,18,160,1,6.629541235746487e-05,7673
M-2022-8,51,13,1,6.333523339033504e-05,7674
M-2022-8,51,15,1,6.333523339033504e-05,7675
M-2022-8,51,19,1,6.333523339033504e-05,7676
M-2022-8,51,23,1,6.333523339033504e-05,7677
M-2022-8,51,24,1,6.333523339033504e-05,7678
M-2022-8,51,27,1,6.333523339033504e-05,7679
M-2022-8,51,30,1,6.333523339033504e-05,7680
M-2022-8,51,46,1,6.333523339033504e-05,7681
M-2022-8,51,49,1,6.333523339033504e-05,7682
M-2022-8,51,50,1,6.333523339033504e-05,7683
M-2022-8,51,64,1,6.333523339033504e-05,7684
M-2022-8,51,65,1,6.333523339033504e-05,7685
M-2022-8,51,85,1,6.333523339033504e-05,7686
M-2022-8,51,90,1,6.333523339033504e-05,7687
M-2022-8,51,94,1,6.333523339033504e-05,7688
M-2022-8,51,98,1,6.333523339033504e-05,7689
M-2022-8,51,100,1,6.333523339033504e-05,7690
M-2022-8,51,101,1,6.333523339033504e-05,7691
M-2022-8,51,115,1,6.333523339033504e-05,7692
M-2022-8,51,157,1,6.333523339033504e-05,7693
M-2022-8,51,165,1,6.333523339033504e-05,7694
M-2022-8,51,168,1,6.333523339033504e-05,7695
M-2022-8,51,170,1,6.333523339033504e-05,7696
M-2022-8,51,171,1,6.333523339033504e-05,7697
M-2022-8,101,29,3,6.279960645579954e-05,7698
M-2022-8,101,92,3,6.279960645579954e-05,7699
M-2022-8,101,111,3,6.279960645579954e-05,7700
M-2022-8,75,2,1,6.032818532818533e-05,7701
M-2022-8,75,13,1,6.032818532818533e-05,7702
M-2022-8,75,19,1,6.032818532818533e-05,7703
M-2022-8,75,28,1,6.032818532818533e-05,7704
M-2022-8,75,30,1,6.032818532818533e-05,7705
M-2022-8,75,40,1,6.032818532818533e-05,7706
M-2022-8,75,51,1,6.032818532818533e-05,7707
M-2022-8,75,86,1,6.032818532818533e-05,7708
M-2022-8,75,88,1,6.032818532818533e-05,7709
M-2022-8,75,90,1,6.032818532818533e-05,7710
M-2022-8,75,95,1,6.032818532818533e-05,7711
M-2022-8,75,96,1,6.032818532818533e-05,7712
M-2022-8,75,111,1,6.032818532818533e-05,7713
M-2022-8,75,112,1,6.032818532818533e-05,7714
M-2022-8,75,115,1,6.032818532818533e-05,7715
M-2022-8,75,118,1,6.032818532818533e-05,7716
M-2022-8,75,135,1,6.032818532818533e-05,7717
M-2022-8,75,137,1,6.032818532818533e-05,7718
M-2022-8,75,141,1,6.032818532818533e-05,7719
M-2022-8,75,156,1,6.032818532818533e-05,7720
M-2022-8,75,159,1,6.032818532818533e-05,7721
M-2022-8,75,163,1,6.032818532818533e-05,7722
M-2022-8,75,176,1,6.032818532818533e-05,7723
M-2022-8,86,0,1,5.904233335301411e-05,7724
M-2022-8,86,16,1,5.904233335301411e-05,7725
M-2022-8,86,19,1,5.904233335301411e-05,7726
M-2022-8,86,24,1,5.904233335301411e-05,7727
M-2022-8,86,32,1,5.904233335301411e-05,7728
M-2022-8,86,43,1,5.904233335301411e-05,7729
M-2022-8,86,88,1,5.904233335301411e-05,7730
M-2022-8,86,116,1,5.904233335301411e-05,7731
M-2022-8,86,118,1,5.904233335301411e-05,7732
M-2022-8,86,124,1,5.904233335301411e-05,7733
M-2022-8,86,125,1,5.904233335301411e-05,7734
M-2022-8,86,139,1,5.904233335301411e-05,7735
M-2022-8,86,141,1,5.904233335301411e-05,7736
M-2022-8,86,157,1,5.904233335301411e-05,7737
M-2022-8,86,158,1,5.904233335301411e-05,7738
M-2022-8,86,169,1,5.904233335301411e-05,7739
M-2022-8,102,1,2,5.8178433254792446e-05,7740
M-2022-8,102,18,2,5.8178433254792446e-05,7741
M-2022-8,102,160,2,5.8178433254792446e-05,7742
M-2022-8,98,96,3,5.740088780039798e-05,7743
M-2022-8,98,142,3,5.740088780039798e-05,7744
M-2022-8,98,155,3,5.740088780039798e-05,7745
M-2022-8,98,158,3,5.740088780039798e-05,7746
M-2022-8,117,15,3,5.713197486193106e-05,7747
M-2022-8,117,43,3,5.713197486193106e-05,7748
M-2022-8,117,45,3,5.713197486193106e-05,7749
M-2022-8,117,109,3,5.713197486193106e-05,7750
M-2022-8,117,116,3,5.713197486193106e-05,7751
M-2022-8,117,123,3,5.713197486193106e-05,7752
M-2022-8,117,135,3,5.713197486193106e-05,7753
M-2022-8,117,141,3,5.713197486193106e-05,7754
M-2022-8,117,154,3,5.713197486193106e-05,7755
M-2022-8,97,18,2,5.6655618820996573e-05,7756
M-2022-8,97,50,2,5.6655618820996573e-05,7757
M-2022-8,97,98,2,5.6655618820996573e-05,7758
M-2022-8,97,122,2,5.6655618820996573e-05,7759
M-2022-8,97,156,2,5.6655618820996573e-05,7760
M-2022-8,136,3,1,5.575689991636465e-05,7761
M-2022-8,136,20,1,5.575689991636465e-05,7762
M-2022-8,136,32,1,5.575689991636465e-05,7763
M-2022-8,136,35,1,5.575689991636465e-05,7764
M-2022-8,136,39,1,5.575689991636465e-05,7765
M-2022-8,136,67,1,5.575689991636465e-05,7766
M-2022-8,136,68,1,5.575689991636465e-05,7767
M-2022-8,136,73,1,5.575689991636465e-05,7768
M-2022-8,136,79,1,5.575689991636465e-05,7769
M-2022-8,136,96,1,5.575689991636465e-05,7770
M-2022-8,136,101,1,5.575689991636465e-05,7771
M-2022-8,136,104,1,5.575689991636465e-05,7772
M-2022-8,136,105,1,5.575689991636465e-05,7773
M-2022-8,136,111,1,5.575689991636465e-05,7774
M-2022-8,136,126,1,5.575689991636465e-05,7775
M-2022-8,136,157,1,5.575689991636465e-05,7776
M-2022-8,136,166,1,5.575689991636465e-05,7777
M-2022-8,99,3,1,5.548465849192698e-05,7778
M-2022-8,99,15,1,5.548465849192698e-05,7779
M-2022-8,99,25,1,5.548465849192698e-05,7780
M-2022-8,99,60,1,5.548465849192698e-05,7781
M-2022-8,99,90,1,5.548465849192698e-05,7782
M-2022-8,99,100,1,5.548465849192698e-05,7783
M-2022-8,99,111,1,5.548465849192698e-05,7784
M-2022-8,99,120,1,5.548465849192698e-05,7785
M-2022-8,99,125,1,5.548465849192698e-05,7786
M-2022-8,99,132,1,5.548465849192698e-05,7787
M-2022-8,99,135,1,5.548465849192698e-05,7788
M-2022-8,99,137,1,5.548465849192698e-05,7789
M-2022-8,99,143,1,5.548465849192698e-05,7790
M-2022-8,99,146,1,5.548465849192698e-05,7791
M-2022-8,99,174,1,5.548465849192698e-05,7792
M-2022-8,82,26,2,5.541701302299806e-05,7793
M-2022-8,82,63,2,5.541701302299806e-05,7794
M-2022-8,82,64,2,5.541701302299806e-05,7795
M-2022-8,82,68,2,5.541701302299806e-05,7796
M-2022-8,82,99,2,5.541701302299806e-05,7797
M-2022-8,82,111,2,5.541701302299806e-05,7798
M-2022-8,82,114,2,5.541701302299806e-05,7799
M-2022-8,82,131,2,5.541701302299806e-05,7800
M-2022-8,82,132,2,5.541701302299806e-05,7801
M-2022-8,82,135,2,5.541701302299806e-05,7802
M-2022-8,82,143,2,5.541701302299806e-05,7803
M-2022-8,82,158,2,5.541701302299806e-05,7804
M-2022-8,82,171,2,5.541701302299806e-05,7805
M-2022-8,149,9,2,5.497072808729352e-05,7806
M-2022-8,149,74,2,5.497072808729352e-05,7807
M-2022-8,149,112,2,5.497072808729352e-05,7808
M-2022-8,149,123,2,5.497072808729352e-05,7809
M-2022-8,149,126,2,5.497072808729352e-05,7810
M-2022-8,149,129,2,5.497072808729352e-05,7811
M-2022-8,149,139,2,5.497072808729352e-05,7812
M-2022-8,149,148,2,5.497072808729352e-05,7813
M-2022-8,149,152,2,5.497072808729352e-05,7814
M-2022-8,149,154,2,5.497072808729352e-05,7815
M-2022-8,71,61,4,5.4276293471918804e-05,7816
M-2022-8,71,62,4,5.4276293471918804e-05,7817
M-2022-8,71,97,4,5.4276293471918804e-05,7818
M-2022-8,71,135,4,5.4276293471918804e-05,7819
M-2022-8,71,137,4,5.4276293471918804e-05,7820
M-2022-8,175,12,2,5.2187981107950836e-05,7821
M-2022-8,175,13,2,5.2187981107950836e-05,7822
M-2022-8,175,14,2,5.2187981107950836e-05,7823
M-2022-8,175,16,2,5.2187981107950836e-05,7824
M-2022-8,175,23,2,5.2187981107950836e-05,7825
M-2022-8,175,29,2,5.2187981107950836e-05,7826
M-2022-8,175,36,2,5.2187981107950836e-05,7827
M-2022-8,175,42,2,5.2187981107950836e-05,7828
M-2022-8,175,43,2,5.2187981107950836e-05,7829
M-2022-8,175,70,2,5.2187981107950836e-05,7830
M-2022-8,175,96,2,5.2187981107950836e-05,7831
M-2022-8,175,130,2,5.2187981107950836e-05,7832
M-2022-8,175,159,2,5.2187981107950836e-05,7833
M-2022-8,77,22,2,5.175179837499353e-05,7834
M-2022-8,77,31,2,5.175179837499353e-05,7835
M-2022-8,77,40,2,5.175179837499353e-05,7836
M-2022-8,77,46,2,5.175179837499353e-05,7837
M-2022-8,77,51,2,5.175179837499353e-05,7838
M-2022-8,77,91,2,5.175179837499353e-05,7839
M-2022-8,77,98,2,5.175179837499353e-05,7840
M-2022-8,77,99,2,5.175179837499353e-05,7841
M-2022-8,77,118,2,5.175179837499353e-05,7842
M-2022-8,77,129,2,5.175179837499353e-05,7843
M-2022-8,77,149,2,5.175179837499353e-05,7844
M-2022-8,77,172,2,5.175179837499353e-05,7845
M-2022-8,25,22,2,5.060472648145337e-05,7846
M-2022-8,25,41,2,5.060472648145337e-05,7847
M-2022-8,25,61,2,5.060472648145337e-05,7848
M-2022-8,25,66,2,5.060472648145337e-05,7849
M-2022-8,25,76,2,5.060472648145337e-05,7850
M-2022-8,25,100,2,5.060472648145337e-05,7851
M-2022-8,25,106,2,5.060472648145337e-05,7852
M-2022-8,25,111,2,5.060472648145337e-05,7853
M-2022-8,25,118,2,5.060472648145337e-05,7854
M-2022-8,25,125,2,5.060472648145337e-05,7855
M-2022-8,25,134,2,5.060472648145337e-05,7856
M-2022-8,25,154,2,5.060472648145337e-05,7857
M-2022-8,25,162,2,5.060472648145337e-05,7858
M-2022-8,25,168,2,5.060472648145337e-05,7859
M-2022-8,25,176,2,5.060472648145337e-05,7860
M-2022-8,142,14,1,4.8216007714561236e-05,7861
M-2022-8,142,18,1,4.8216007714561236e-05,7862
M-2022-8,142,22,1,4.8216007714561236e-05,7863
M-2022-8,142,29,1,4.8216007714561236e-05,7864
M-2022-8,142,32,1,4.8216007714561236e-05,7865
M-2022-8,142,37,1,4.8216007714561236e-05,7866
M-2022-8,142,39,1,4.8216007714561236e-05,7867
M-2022-8,142,43,1,4.8216007714561236e-05,7868
M-2022-8,142,67,1,4.8216007714561236e-05,7869
M-2022-8,142,70,1,4.8216007714561236e-05,7870
M-2022-8,142,73,1,4.8216007714561236e-05,7871
M-2022-8,142,76,1,4.8216007714561236e-05,7872
M-2022-8,142,83,1,4.8216007714561236e-05,7873
M-2022-8,142,85,1,4.8216007714561236e-05,7874
M-2022-8,142,88,1,4.8216007714561236e-05,7875
M-2022-8,142,90,1,4.8216007714561236e-05,7876
M-2022-8,142,96,1,4.8216007714561236e-05,7877
M-2022-8,142,110,1,4.8216007714561236e-05,7878
M-2022-8,142,116,1,4.8216007714561236e-05,7879
M-2022-8,142,123,1,4.8216007714561236e-05,7880
M-2022-8,142,125,1,4.8216007714561236e-05,7881
M-2022-8,142,127,1,4.8216007714561236e-05,7882
M-2022-8,142,132,1,4.8216007714561236e-05,7883
M-2022-8,142,157,1,4.8216007714561236e-05,7884
M-2022-8,142,159,1,4.8216007714561236e-05,7885
M-2022-8,153,29,2,4.7753211403466884e-05,7886
M-2022-8,153,64,2,4.7753211403466884e-05,7887
M-2022-8,153,69,2,4.7753211403466884e-05,7888
M-2022-8,153,87,2,4.7753211403466884e-05,7889
M-2022-8,153,99,2,4.7753211403466884e-05,7890
M-2022-8,153,101,2,4.7753211403466884e-05,7891
M-2022-8,153,107,2,4.7753211403466884e-05,7892
M-2022-8,96,0,2,4.671587405400355e-05,7893
M-2022-8,96,9,2,4.671587405400355e-05,7894
M-2022-8,96,26,2,4.671587405400355e-05,7895
M-2022-8,96,51,2,4.671587405400355e-05,7896
M-2022-8,96,76,2,4.671587405400355e-05,7897
M-2022-8,96,79,2,4.671587405400355e-05,7898
M-2022-8,96,112,2,4.671587405400355e-05,7899
M-2022-8,96,116,2,4.671587405400355e-05,7900
M-2022-8,96,132,2,4.671587405400355e-05,7901
M-2022-8,96,143,2,4.671587405400355e-05,7902
M-2022-8,96,150,2,4.671587405400355e-05,7903
M-2022-8,96,162,2,4.671587405400355e-05,7904
M-2022-8,156,1,1,4.642310013462699e-05,7905
M-2022-8,156,11,1,4.642310013462699e-05,7906
M-2022-8,156,36,1,4.642310013462699e-05,7907
M-2022-8,156,38,1,4.642310013462699e-05,7908
M-2022-8,156,39,1,4.642310013462699e-05,7909
M-2022-8,156,64,1,4.642310013462699e-05,7910
M-2022-8,156,70,1,4.642310013462699e-05,7911
M-2022-8,156,72,1,4.642310013462699e-05,7912
M-2022-8,156,74,1,4.642310013462699e-05,7913
M-2022-8,156,83,1,4.642310013462699e-05,7914
M-2022-8,156,88,1,4.642310013462699e-05,7915
M-2022-8,156,95,1,4.642310013462699e-05,7916
M-2022-8,156,98,1,4.642310013462699e-05,7917
M-2022-8,156,100,1,4.642310013462699e-05,7918
M-2022-8,156,103,1,4.642310013462699e-05,7919
M-2022-8,156,106,1,4.642310013462699e-05,7920
M-2022-8,156,107,1,4.642310013462699e-05,7921
M-2022-8,156,128,1,4.642310013462699e-05,7922
M-2022-8,156,134,1,4.642310013462699e-05,7923
M-2022-8,156,162,1,4.642310013462699e-05,7924
M-2022-8,156,168,1,4.642310013462699e-05,7925
M-2022-8,95,28,2,4.583161464778404e-05,7926
M-2022-8,95,49,2,4.583161464778404e-05,7927
M-2022-8,95,53,2,4.583161464778404e-05,7928
M-2022-8,95,129,2,4.583161464778404e-05,7929
M-2022-8,95,131,2,4.583161464778404e-05,7930
M-2022-8,95,138,2,4.583161464778404e-05,7931
M-2022-8,95,140,2,4.583161464778404e-05,7932
M-2022-8,60,11,1,4.574146921599122e-05,7933
M-2022-8,60,19,1,4.574146921599122e-05,7934
M-2022-8,60,53,1,4.574146921599122e-05,7935
M-2022-8,60,55,1,4.574146921599122e-05,7936
M-2022-8,60,76,1,4.574146921599122e-05,7937
M-2022-8,60,105,1,4.574146921599122e-05,7938
M-2022-8,60,111,1,4.574146921599122e-05,7939
M-2022-8,60,125,1,4.574146921599122e-05,7940
M-2022-8,60,130,1,4.574146921599122e-05,7941
M-2022-8,60,161,1,4.574146921599122e-05,7942
M-2022-8,60,172,1,4.574146921599122e-05,7943
M-2022-8,60,176,1,4.574146921599122e-05,7944
M-2022-8,29,26,1,4.55684666210982e-05,7945
M-2022-8,29,53,1,4.55684666210982e-05,7946
M-2022-8,29,75,1,4.55684666210982e-05,7947
M-2022-8,29,83,1,4.55684666210982e-05,7948
M-2022-8,29,87,1,4.55684666210982e-05,7949
M-2022-8,29,90,1,4.55684666210982e-05,7950
M-2022-8,29,95,1,4.55684666210982e-05,7951
M-2022-8,29,97,1,4.55684666210982e-05,7952
M-2022-8,29,103,1,4.55684666210982e-05,7953
M-2022-8,29,118,1,4.55684666210982e-05,7954
M-2022-8,29,126,1,4.55684666210982e-05,7955
M-2022-8,29,127,1,4.55684666210982e-05,7956
M-2022-8,29,166,1,4.55684666210982e-05,7957
M-2022-8,133,1,2,4.50034877703022e-05,7958
M-2022-8,133,18,2,4.50034877703022e-05,7959
M-2022-8,133,50,2,4.50034877703022e-05,7960
M-2022-8,133,68,2,4.50034877703022e-05,7961
M-2022-8,133,75,2,4.50034877703022e-05,7962
M-2022-8,133,87,2,4.50034877703022e-05,7963
M-2022-8,133,104,2,4.50034877703022e-05,7964
M-2022-8,133,151,2,4.50034877703022e-05,7965
M-2022-8,122,0,2,4.422039444591846e-05,7966
M-2022-8,122,4,2,4.422039444591846e-05,7967
M-2022-8,122,12,2,4.422039444591846e-05,7968
M-2022-8,122,13,2,4.422039444591846e-05,7969
M-2022-8,122,24,2,4.422039444591846e-05,7970
M-2022-8,122,45,2,4.422039444591846e-05,7971
M-2022-8,122,49,2,4.422039444591846e-05,7972
M-2022-8,122,61,2,4.422039444591846e-05,7973
M-2022-8,122,90,2,4.422039444591846e-05,7974
M-2022-8,122,132,2,4.422039444591846e-05,7975
M-2022-8,122,158,2,4.422039444591846e-05,7976
M-2022-8,122,167,2,4.422039444591846e-05,7977
M-2022-8,122,176,2,4.422039444591846e-05,7978
M-2022-8,124,3,1,4.3616696471409256e-05,7979
M-2022-8,124,11,1,4.3616696471409256e-05,7980
M-2022-8,124,13,1,4.3616696471409256e-05,7981
M-2022-8,124,30,1,4.3616696471409256e-05,7982
M-2022-8,124,36,1,4.3616696471409256e-05,7983
M-2022-8,124,54,1,4.3616696471409256e-05,7984
M-2022-8,124,55,1,4.3616696471409256e-05,7985
M-2022-8,124,70,1,4.3616696471409256e-05,7986
M-2022-8,124,79,1,4.3616696471409256e-05,7987
M-2022-8,124,80,1,4.3616696471409256e-05,7988
M-2022-8,124,81,1,4.3616696471409256e-05,7989
M-2022-8,124,88,1,4.3616696471409256e-05,7990
M-2022-8,124,95,1,4.3616696471409256e-05,7991
M-2022-8,124,100,1,4.3616696471409256e-05,7992
M-2022-8,124,108,1,4.3616696471409256e-05,7993
M-2022-8,124,116,1,4.3616696471409256e-05,7994
M-2022-8,124,119,1,4.3616696471409256e-05,7995
M-2022-8,124,134,1,4.3616696471409256e-05,7996
M-2022-8,124,140,1,4.3616696471409256e-05,7997
M-2022-8,124,147,1,4.3616696471409256e-05,7998
M-2022-8,124,152,1,4.3616696471409256e-05,7999
M-2022-8,124,160,1,4.3616696471409256e-05,8000
M-2022-8,124,172,1,4.3616696471409256e-05,8001
M-2022-8,124,173,1,4.3616696471409256e-05,8002
M-2022-8,83,11,1,4.359197907585005e-05,8003
M-2022-8,83,30,1,4.359197907585005e-05,8004
M-2022-8,83,46,1,4.359197907585005e-05,8005
M-2022-8,83,50,1,4.359197907585005e-05,8006
M-2022-8,83,76,1,4.359197907585005e-05,8007
M-2022-8,83,80,1,4.359197907585005e-05,8008
M-2022-8,83,86,1,4.359197907585005e-05,8009
M-2022-8,83,99,1,4.359197907585005e-05,8010
M-2022-8,83,101,1,4.359197907585005e-05,8011
M-2022-8,83,116,1,4.359197907585005e-05,8012
M-2022-8,83,127,1,4.359197907585005e-05,8013
M-2022-8,83,142,1,4.359197907585005e-05,8014
M-2022-8,83,148,1,4.359197907585005e-05,8015
M-2022-8,83,152,1,4.359197907585005e-05,8016
M-2022-8,83,164,1,4.359197907585005e-05,8017
M-2022-8,83,175,1,4.359197907585005e-05,8018
M-2022-8,129,9,1,4.341408352869671e-05,8019
M-2022-8,129,16,1,4.341408352869671e-05,8020
M-2022-8,129,17,1,4.341408352869671e-05,8021
M-2022-8,129,31,1,4.341408352869671e-05,8022
M-2022-8,129,43,1,4.341408352869671e-05,8023
M-2022-8,129,45,1,4.341408352869671e-05,8024
M-2022-8,129,60,1,4.341408352869671e-05,8025
M-2022-8,129,65,1,4.341408352869671e-05,8026
M-2022-8,129,82,1,4.341408352869671e-05,8027
M-2022-8,129,83,1,4.341408352869671e-05,8028
M-2022-8,129,90,1,4.341408352869671e-05,8029
M-2022-8,129,102,1,4.341408352869671e-05,8030
M-2022-8,129,115,1,4.341408352869671e-05,8031
M-2022-8,129,127,1,4.341408352869671e-05,8032
M-2022-8,129,132,1,4.341408352869671e-05,8033
M-2022-8,129,135,1,4.341408352869671e-05,8034
M-2022-8,129,138,1,4.341408352869671e-05,8035
M-2022-8,129,150,1,4.341408352869671e-05,8036
M-2022-8,129,151,1,4.341408352869671e-05,8037
M-2022-8,129,162,1,4.341408352869671e-05,8038
M-2022-8,129,166,1,4.341408352869671e-05,8039
M-2022-8,129,170,1,4.341408352869671e-05,8040
M-2022-8,101,15,2,4.186640430386636e-05,8041
M-2022-8,101,61,2,4.186640430386636e-05,8042
M-2022-8,101,133,2,4.186640430386636e-05,8043
M-2022-8,101,172,2,4.186640430386636e-05,8044
M-2022-8,71,12,3,4.0707220103939105e-05,8045
M-2022-8,71,19,3,4.0707220103939105e-05,8046
M-2022-8,71,46,3,4.0707220103939105e-05,8047
M-2022-8,71,68,3,4.0707220103939105e-05,8048
M-2022-8,71,101,3,4.0707220103939105e-05,8049
M-2022-8,71,119,3,4.0707220103939105e-05,8050
M-2022-8,71,131,3,4.0707220103939105e-05,8051
M-2022-8,71,132,3,4.0707220103939105e-05,8052
M-2022-8,71,143,3,4.0707220103939105e-05,8053
M-2022-8,71,171,3,4.0707220103939105e-05,8054
M-2022-8,98,91,2,3.8267258533598655e-05,8055
M-2022-8,98,122,2,3.8267258533598655e-05,8056
M-2022-8,117,3,2,3.8087983241287376e-05,8057
M-2022-8,117,20,2,3.8087983241287376e-05,8058
M-2022-8,117,21,2,3.8087983241287376e-05,8059
M-2022-8,117,24,2,3.8087983241287376e-05,8060
M-2022-8,117,33,2,3.8087983241287376e-05,8061
M-2022-8,117,56,2,3.8087983241287376e-05,8062
M-2022-8,117,62,2,3.8087983241287376e-05,8063
M-2022-8,117,72,2,3.8087983241287376e-05,8064
M-2022-8,117,73,2,3.8087983241287376e-05,8065
M-2022-8,117,114,2,3.8087983241287376e-05,8066
M-2022-8,117,148,2,3.8087983241287376e-05,8067
M-2022-8,117,152,2,3.8087983241287376e-05,8068
M-2022-8,117,165,2,3.8087983241287376e-05,8069
M-2022-8,117,173,2,3.8087983241287376e-05,8070
M-2022-8,93,13,1,3.732318142798492e-05,8071
M-2022-8,93,20,1,3.732318142798492e-05,8072
M-2022-8,93,21,1,3.732318142798492e-05,8073
M-2022-8,93,32,1,3.732318142798492e-05,8074
M-2022-8,93,34,1,3.732318142798492e-05,8075
M-2022-8,93,66,1,3.732318142798492e-05,8076
M-2022-8,93,78,1,3.732318142798492e-05,8077
M-2022-8,93,87,1,3.732318142798492e-05,8078
M-2022-8,93,96,1,3.732318142798492e-05,8079
M-2022-8,93,101,1,3.732318142798492e-05,8080
M-2022-8,93,108,1,3.732318142798492e-05,8081
M-2022-8,93,111,1,3.732318142798492e-05,8082
M-2022-8,93,113,1,3.732318142798492e-05,8083
M-2022-8,93,128,1,3.732318142798492e-05,8084
M-2022-8,93,141,1,3.732318142798492e-05,8085
M-2022-8,93,162,1,3.732318142798492e-05,8086
M-2022-8,93,163,1,3.732318142798492e-05,8087
M-2022-8,93,170,1,3.732318142798492e-05,8088
M-2022-8,138,3,1,3.698635203609868e-05,8089
M-2022-8,138,6,1,3.698635203609868e-05,8090
M-2022-8,138,12,1,3.698635203609868e-05,8091
M-2022-8,138,13,1,3.698635203609868e-05,8092
M-2022-8,138,27,1,3.698635203609868e-05,8093
M-2022-8,138,32,1,3.698635203609868e-05,8094
M-2022-8,138,34,1,3.698635203609868e-05,8095
M-2022-8,138,39,1,3.698635203609868e-05,8096
M-2022-8,138,45,1,3.698635203609868e-05,8097
M-2022-8,138,52,1,3.698635203609868e-05,8098
M-2022-8,138,60,1,3.698635203609868e-05,8099
M-2022-8,138,64,1,3.698635203609868e-05,8100
M-2022-8,138,66,1,3.698635203609868e-05,8101
M-2022-8,138,70,1,3.698635203609868e-05,8102
M-2022-8,138,76,1,3.698635203609868e-05,8103
M-2022-8,138,126,1,3.698635203609868e-05,8104
M-2022-8,138,129,1,3.698635203609868e-05,8105
M-2022-8,138,139,1,3.698635203609868e-05,8106
M-2022-8,138,154,1,3.698635203609868e-05,8107
M-2022-8,138,157,1,3.698635203609868e-05,8108
M-2022-8,138,159,1,3.698635203609868e-05,8109
M-2022-8,131,12,1,3.6349096724946385e-05,8110
M-2022-8,131,18,1,3.6349096724946385e-05,8111
M-2022-8,131,41,1,3.6349096724946385e-05,8112
M-2022-8,131,43,1,3.6349096724946385e-05,8113
M-2022-8,131,45,1,3.6349096724946385e-05,8114
M-2022-8,131,60,1,3.6349096724946385e-05,8115
M-2022-8,131,61,1,3.6349096724946385e-05,8116
M-2022-8,131,75,1,3.6349096724946385e-05,8117
M-2022-8,131,124,1,3.6349096724946385e-05,8118
M-2022-8,131,126,1,3.6349096724946385e-05,8119
M-2022-8,131,129,1,3.6349096724946385e-05,8120
M-2022-8,131,134,1,3.6349096724946385e-05,8121
M-2022-8,131,135,1,3.6349096724946385e-05,8122
M-2022-8,131,157,1,3.6349096724946385e-05,8123
M-2022-8,131,170,1,3.6349096724946385e-05,8124
M-2022-8,131,174,1,3.6349096724946385e-05,8125
M-2022-8,78,73,1,3.384209279501845e-05,8126
M-2022-8,78,93,1,3.384209279501845e-05,8127
M-2022-8,78,96,1,3.384209279501845e-05,8128
M-2022-8,78,111,1,3.384209279501845e-05,8129
M-2022-8,78,114,1,3.384209279501845e-05,8130
M-2022-8,78,116,1,3.384209279501845e-05,8131
M-2022-8,78,118,1,3.384209279501845e-05,8132
M-2022-8,78,129,1,3.384209279501845e-05,8133
M-2022-8,78,137,1,3.384209279501845e-05,8134
M-2022-8,78,149,1,3.384209279501845e-05,8135
M-2022-8,78,159,1,3.384209279501845e-05,8136
M-2022-8,102,28,1,2.9089216627396223e-05,8137
M-2022-8,102,29,1,2.9089216627396223e-05,8138
M-2022-8,102,95,1,2.9089216627396223e-05,8139
M-2022-8,102,101,1,2.9089216627396223e-05,8140
M-2022-8,102,122,1,2.9089216627396223e-05,8141
M-2022-8,102,151,1,2.9089216627396223e-05,8142
M-2022-8,102,153,1,2.9089216627396223e-05,8143
M-2022-8,97,2,1,2.8327809410498287e-05,8144
M-2022-8,97,24,1,2.8327809410498287e-05,8145
M-2022-8,97,27,1,2.8327809410498287e-05,8146
M-2022-8,97,60,1,2.8327809410498287e-05,8147
M-2022-8,97,70,1,2.8327809410498287e-05,8148
M-2022-8,97,71,1,2.8327809410498287e-05,8149
M-2022-8,97,83,1,2.8327809410498287e-05,8150
M-2022-8,97,94,1,2.8327809410498287e-05,8151
M-2022-8,97,123,1,2.8327809410498287e-05,8152
M-2022-8,97,146,1,2.8327809410498287e-05,8153
M-2022-8,97,155,1,2.8327809410498287e-05,8154
M-2022-8,97,176,1,2.8327809410498287e-05,8155
M-2022-8,82,1,1,2.770850651149903e-05,8156
M-2022-8,82,2,1,2.770850651149903e-05,8157
M-2022-8,82,3,1,2.770850651149903e-05,8158
M-2022-8,82,9,1,2.770850651149903e-05,8159
M-2022-8,82,13,1,2.770850651149903e-05,8160
M-2022-8,82,17,1,2.770850651149903e-05,8161
M-2022-8,82,19,1,2.770850651149903e-05,8162
M-2022-8,82,20,1,2.770850651149903e-05,8163
M-2022-8,82,23,1,2.770850651149903e-05,8164
M-2022-8,82,39,1,2.770850651149903e-05,8165
M-2022-8,82,43,1,2.770850651149903e-05,8166
M-2022-8,82,54,1,2.770850651149903e-05,8167
M-2022-8,82,87,1,2.770850651149903e-05,8168
M-2022-8,82,95,1,2.770850651149903e-05,8169
M-2022-8,82,105,1,2.770850651149903e-05,8170
M-2022-8,82,108,1,2.770850651149903e-05,8171
M-2022-8,82,112,1,2.770850651149903e-05,8172
M-2022-8,82,115,1,2.770850651149903e-05,8173
M-2022-8,82,148,1,2.770850651149903e-05,8174
M-2022-8,82,166,1,2.770850651149903e-05,8175
M-2022-8,82,170,1,2.770850651149903e-05,8176
M-2022-8,82,176,1,2.770850651149903e-05,8177
M-2022-8,149,17,1,2.748536404364676e-05,8178
M-2022-8,149,23,1,2.748536404364676e-05,8179
M-2022-8,149,27,1,2.748536404364676e-05,8180
M-2022-8,149,41,1,2.748536404364676e-05,8181
M-2022-8,149,43,1,2.748536404364676e-05,8182
M-2022-8,149,52,1,2.748536404364676e-05,8183
M-2022-8,149,59,1,2.748536404364676e-05,8184
M-2022-8,149,84,1,2.748536404364676e-05,8185
M-2022-8,149,108,1,2.748536404364676e-05,8186
M-2022-8,149,114,1,2.748536404364676e-05,8187
M-2022-8,149,116,1,2.748536404364676e-05,8188
M-2022-8,149,118,1,2.748536404364676e-05,8189
M-2022-8,149,121,1,2.748536404364676e-05,8190
M-2022-8,149,141,1,2.748536404364676e-05,8191
M-2022-8,149,144,1,2.748536404364676e-05,8192
M-2022-8,149,159,1,2.748536404364676e-05,8193
M-2022-8,149,163,1,2.748536404364676e-05,8194
M-2022-8,149,165,1,2.748536404364676e-05,8195
M-2022-8,149,173,1,2.748536404364676e-05,8196
M-2022-8,71,8,2,2.7138146735959402e-05,8197
M-2022-8,71,111,2,2.7138146735959402e-05,8198
M-2022-8,71,116,2,2.7138146735959402e-05,8199
M-2022-8,71,120,2,2.7138146735959402e-05,8200
M-2022-8,71,130,2,2.7138146735959402e-05,8201
M-2022-8,71,159,2,2.7138146735959402e-05,8202
M-2022-8,71,163,2,2.7138146735959402e-05,8203
M-2022-8,71,164,2,2.7138146735959402e-05,8204
M-2022-8,175,0,1,2.6093990553975418e-05,8205
M-2022-8,175,1,1,2.6093990553975418e-05,8206
M-2022-8,175,2,1,2.6093990553975418e-05,8207
M-2022-8,175,11,1,2.6093990553975418e-05,8208
M-2022-8,175,15,1,2.6093990553975418e-05,8209
M-2022-8,175,40,1,2.6093990553975418e-05,8210
M-2022-8,175,46,1,2.6093990553975418e-05,8211
M-2022-8,175,53,1,2.6093990553975418e-05,8212
M-2022-8,175,87,1,2.6093990553975418e-05,8213
M-2022-8,175,89,1,2.6093990553975418e-05,8214
M-2022-8,175,91,1,2.6093990553975418e-05,8215
M-2022-8,175,99,1,2.6093990553975418e-05,8216
M-2022-8,175,101,1,2.6093990553975418e-05,8217
M-2022-8,175,105,1,2.6093990553975418e-05,8218
M-2022-8,175,112,1,2.6093990553975418e-05,8219
M-2022-8,175,116,1,2.6093990553975418e-05,8220
M-2022-8,175,128,1,2.6093990553975418e-05,8221
M-2022-8,175,132,1,2.6093990553975418e-05,8222
M-2022-8,175,134,1,2.6093990553975418e-05,8223
M-2022-8,175,144,1,2.6093990553975418e-05,8224
M-2022-8,175,154,1,2.6093990553975418e-05,8225
M-2022-8,175,160,1,2.6093990553975418e-05,8226
M-2022-8,175,164,1,2.6093990553975418e-05,8227
M-2022-8,77,1,1,2.5875899187496765e-05,8228
M-2022-8,77,3,1,2.5875899187496765e-05,8229
M-2022-8,77,9,1,2.5875899187496765e-05,8230
M-2022-8,77,18,1,2.5875899187496765e-05,8231
M-2022-8,77,23,1,2.5875899187496765e-05,8232
M-2022-8,77,24,1,2.5875899187496765e-05,8233
M-2022-8,77,27,1,2.5875899187496765e-05,8234
M-2022-8,77,28,1,2.5875899187496765e-05,8235
M-2022-8,77,60,1,2.5875899187496765e-05,8236
M-2022-8,77,61,1,2.5875899187496765e-05,8237
M-2022-8,77,66,1,2.5875899187496765e-05,8238
M-2022-8,77,90,1,2.5875899187496765e-05,8239
M-2022-8,77,100,1,2.5875899187496765e-05,8240
M-2022-8,77,102,1,2.5875899187496765e-05,8241
M-2022-8,77,107,1,2.5875899187496765e-05,8242
M-2022-8,77,109,1,2.5875899187496765e-05,8243
M-2022-8,77,115,1,2.5875899187496765e-05,8244
M-2022-8,77,119,1,2.5875899187496765e-05,8245
M-2022-8,77,133,1,2.5875899187496765e-05,8246
M-2022-8,77,134,1,2.5875899187496765e-05,8247
M-2022-8,77,143,1,2.5875899187496765e-05,8248
M-2022-8,77,146,1,2.5875899187496765e-05,8249
M-2022-8,77,151,1,2.5875899187496765e-05,8250
M-2022-8,77,154,1,2.5875899187496765e-05,8251
M-2022-8,77,163,1,2.5875899187496765e-05,8252
M-2022-8,77,164,1,2.5875899187496765e-05,8253
M-2022-8,77,166,1,2.5875899187496765e-05,8254
M-2022-8,77,168,1,2.5875899187496765e-05,8255
M-2022-8,25,4,1,2.5302363240726685e-05,8256
M-2022-8,25,8,1,2.5302363240726685e-05,8257
M-2022-8,25,11,1,2.5302363240726685e-05,8258
M-2022-8,25,12,1,2.5302363240726685e-05,8259
M-2022-8,25,16,1,2.5302363240726685e-05,8260
M-2022-8,25,19,1,2.5302363240726685e-05,8261
M-2022-8,25,26,1,2.5302363240726685e-05,8262
M-2022-8,25,31,1,2.5302363240726685e-05,8263
M-2022-8,25,34,1,2.5302363240726685e-05,8264
M-2022-8,25,36,1,2.5302363240726685e-05,8265
M-2022-8,25,42,1,2.5302363240726685e-05,8266
M-2022-8,25,46,1,2.5302363240726685e-05,8267
M-2022-8,25,49,1,2.5302363240726685e-05,8268
M-2022-8,25,53,1,2.5302363240726685e-05,8269
M-2022-8,25,63,1,2.5302363240726685e-05,8270
M-2022-8,25,107,1,2.5302363240726685e-05,8271
M-2022-8,25,110,1,2.5302363240726685e-05,8272
M-2022-8,25,112,1,2.5302363240726685e-05,8273
M-2022-8,25,119,1,2.5302363240726685e-05,8274
M-2022-8,25,127,1,2.5302363240726685e-05,8275
M-2022-8,25,146,1,2.5302363240726685e-05,8276
M-2022-8,25,147,1,2.5302363240726685e-05,8277
M-2022-8,25,161,1,2.5302363240726685e-05,8278
M-2022-8,25,165,1,2.5302363240726685e-05,8279
M-2022-8,25,167,1,2.5302363240726685e-05,8280
M-2022-8,153,5,1,2.3876605701733442e-05,8281
M-2022-8,153,10,1,2.3876605701733442e-05,8282
M-2022-8,153,34,1,2.3876605701733442e-05,8283
M-2022-8,153,44,1,2.3876605701733442e-05,8284
M-2022-8,153,56,1,2.3876605701733442e-05,8285
M-2022-8,153,59,1,2.3876605701733442e-05,8286
M-2022-8,153,67,1,2.3876605701733442e-05,8287
M-2022-8,153,73,1,2.3876605701733442e-05,8288
M-2022-8,153,88,1,2.3876605701733442e-05,8289
M-2022-8,153,91,1,2.3876605701733442e-05,8290
M-2022-8,153,97,1,2.3876605701733442e-05,8291
M-2022-8,153,98,1,2.3876605701733442e-05,8292
M-2022-8,153,104,1,2.3876605701733442e-05,8293
M-2022-8,153,106,1,2.3876605701733442e-05,8294
M-2022-8,153,114,1,2.3876605701733442e-05,8295
M-2022-8,153,118,1,2.3876605701733442e-05,8296
M-2022-8,153,134,1,2.3876605701733442e-05,8297
M-2022-8,153,162,1,2.3876605701733442e-05,8298
M-2022-8,96,4,1,2.3357937027001774e-05,8299
M-2022-8,96,13,1,2.3357937027001774e-05,8300
M-2022-8,96,17,1,2.3357937027001774e-05,8301
M-2022-8,96,19,1,2.3357937027001774e-05,8302
M-2022-8,96,22,1,2.3357937027001774e-05,8303
M-2022-8,96,27,1,2.3357937027001774e-05,8304
M-2022-8,96,36,1,2.3357937027001774e-05,8305
M-2022-8,96,39,1,2.3357937027001774e-05,8306
M-2022-8,96,52,1,2.3357937027001774e-05,8307
M-2022-8,96,92,1,2.3357937027001774e-05,8308
M-2022-8,96,95,1,2.3357937027001774e-05,8309
M-2022-8,96,110,1,2.3357937027001774e-05,8310
M-2022-8,96,128,1,2.3357937027001774e-05,8311
M-2022-8,96,129,1,2.3357937027001774e-05,8312
M-2022-8,96,134,1,2.3357937027001774e-05,8313
M-2022-8,96,140,1,2.3357937027001774e-05,8314
M-2022-8,96,141,1,2.3357937027001774e-05,8315
M-2022-8,96,148,1,2.3357937027001774e-05,8316
M-2022-8,96,155,1,2.3357937027001774e-05,8317
M-2022-8,96,157,1,2.3357937027001774e-05,8318
M-2022-8,96,158,1,2.3357937027001774e-05,8319
M-2022-8,96,169,1,2.3357937027001774e-05,8320
M-2022-8,96,174,1,2.3357937027001774e-05,8321
M-2022-8,95,16,1,2.291580732389202e-05,8322
M-2022-8,95,102,1,2.291580732389202e-05,8323
M-2022-8,95,124,1,2.291580732389202e-05,8324
M-2022-8,95,163,1,2.291580732389202e-05,8325
M-2022-8,95,176,1,2.291580732389202e-05,8326
M-2022-8,133,19,1,2.25017438851511e-05,8327
M-2022-8,133,20,1,2.25017438851511e-05,8328
M-2022-8,133,23,1,2.25017438851511e-05,8329
M-2022-8,133,24,1,2.25017438851511e-05,8330
M-2022-8,133,34,1,2.25017438851511e-05,8331
M-2022-8,133,41,1,2.25017438851511e-05,8332
M-2022-8,133,45,1,2.25017438851511e-05,8333
M-2022-8,133,52,1,2.25017438851511e-05,8334
M-2022-8,133,53,1,2.25017438851511e-05,8335
M-2022-8,133,63,1,2.25017438851511e-05,8336
M-2022-8,133,72,1,2.25017438851511e-05,8337
M-2022-8,133,111,1,2.25017438851511e-05,8338
M-2022-8,133,112,1,2.25017438851511e-05,8339
M-2022-8,133,116,1,2.25017438851511e-05,8340
M-2022-8,133,124,1,2.25017438851511e-05,8341
M-2022-8,133,128,1,2.25017438851511e-05,8342
M-2022-8,133,134,1,2.25017438851511e-05,8343
M-2022-8,133,135,1,2.25017438851511e-05,8344
M-2022-8,133,142,1,2.25017438851511e-05,8345
M-2022-8,133,154,1,2.25017438851511e-05,8346
M-2022-8,133,160,1,2.25017438851511e-05,8347
M-2022-8,133,162,1,2.25017438851511e-05,8348
M-2022-8,133,173,1,2.25017438851511e-05,8349
M-2022-8,122,16,1,2.211019722295923e-05,8350
M-2022-8,122,21,1,2.211019722295923e-05,8351
M-2022-8,122,31,1,2.211019722295923e-05,8352
M-2022-8,122,32,1,2.211019722295923e-05,8353
M-2022-8,122,52,1,2.211019722295923e-05,8354
M-2022-8,122,60,1,2.211019722295923e-05,8355
M-2022-8,122,69,1,2.211019722295923e-05,8356
M-2022-8,122,73,1,2.211019722295923e-05,8357
M-2022-8,122,88,1,2.211019722295923e-05,8358
M-2022-8,122,104,1,2.211019722295923e-05,8359
M-2022-8,122,114,1,2.211019722295923e-05,8360
M-2022-8,122,125,1,2.211019722295923e-05,8361
M-2022-8,122,137,1,2.211019722295923e-05,8362
M-2022-8,122,147,1,2.211019722295923e-05,8363
M-2022-8,122,154,1,2.211019722295923e-05,8364
M-2022-8,122,161,1,2.211019722295923e-05,8365
M-2022-8,101,25,1,2.093320215193318e-05,8366
M-2022-8,101,28,1,2.093320215193318e-05,8367
M-2022-8,101,57,1,2.093320215193318e-05,8368
M-2022-8,101,62,1,2.093320215193318e-05,8369
M-2022-8,101,71,1,2.093320215193318e-05,8370
M-2022-8,101,82,1,2.093320215193318e-05,8371
M-2022-8,101,150,1,2.093320215193318e-05,8372
M-2022-8,101,152,1,2.093320215193318e-05,8373
M-2022-8,101,165,1,2.093320215193318e-05,8374
M-2022-8,98,29,1,1.9133629266799327e-05,8375
M-2022-8,98,30,1,1.9133629266799327e-05,8376
M-2022-8,98,77,1,1.9133629266799327e-05,8377
M-2022-8,98,86,1,1.9133629266799327e-05,8378
M-2022-8,98,109,1,1.9133629266799327e-05,8379
M-2022-8,98,111,1,1.9133629266799327e-05,8380
M-2022-8,98,137,1,1.9133629266799327e-05,8381
M-2022-8,98,154,1,1.9133629266799327e-05,8382
M-2022-8,98,165,1,1.9133629266799327e-05,8383
M-2022-8,98,172,1,1.9133629266799327e-05,8384
M-2022-8,117,35,1,1.9043991620643688e-05,8385
M-2022-8,117,39,1,1.9043991620643688e-05,8386
M-2022-8,117,44,1,1.9043991620643688e-05,8387
M-2022-8,117,65,1,1.9043991620643688e-05,8388
M-2022-8,117,67,1,1.9043991620643688e-05,8389
M-2022-8,117,88,1,1.9043991620643688e-05,8390
M-2022-8,117,110,1,1.9043991620643688e-05,8391
M-2022-8,117,121,1,1.9043991620643688e-05,8392
M-2022-8,117,132,1,1.9043991620643688e-05,8393
M-2022-8,117,150,1,1.9043991620643688e-05,8394
M-2022-8,117,174,1,1.9043991620643688e-05,8395
M-2022-8,71,1,1,1.3569073367979701e-05,8396
M-2022-8,71,13,1,1.3569073367979701e-05,8397
M-2022-8,71,18,1,1.3569073367979701e-05,8398
M-2022-8,71,20,1,1.3569073367979701e-05,8399
M-2022-8,71,24,1,1.3569073367979701e-05,8400
M-2022-8,71,39,1,1.3569073367979701e-05,8401
M-2022-8,71,44,1,1.3569073367979701e-05,8402
M-2022-8,71,45,1,1.3569073367979701e-05,8403
M-2022-8,71,52,1,1.3569073367979701e-05,8404
M-2022-8,71,59,1,1.3569073367979701e-05,8405
M-2022-8,71,83,1,1.3569073367979701e-05,8406
M-2022-8,71,85,1,1.3569073367979701e-05,8407
M-2022-8,71,100,1,1.3569073367979701e-05,8408
M-2022-8,71,103,1,1.3569073367979701e-05,8409
M-2022-8,71,110,1,1.3569073367979701e-05,8410
M-2022-8,71,112,1,1.3569073367979701e-05,8411
M-2022-8,71,157,1,1.3569073367979701e-05,8412
M-2022-8,71,160,1,1.3569073367979701e-05,8413
M-2022-8,71,165,1,1.3569073367979701e-05,8414
M-2022-8,71,168,1,1.3569073367979701e-05,8415
M-2022-8,71,170,1,1.3569073367979701e-05,8416
M-2022-8,71,174,1,1.3569073367979701e-05,8417
