period,true_class,pred_class,confusion_count,confusion_rate,rank_in_period
M-2022-9,7,5,15,0.8823529411764706,1
M-2022-9,121,14,124,0.7515151515151515,2
M-2022-9,147,157,1468,0.6591827570722946,3
M-2022-9,54,149,2947,0.6033988533988534,4
M-2022-9,163,46,1234,0.6010716025328787,5
M-2022-9,6,5,912,0.5612307692307692,6
M-2022-9,48,6,1670,0.5561105561105562,7
M-2022-9,42,160,764,0.5380281690140845,8
M-2022-9,123,68,4047,0.4453615054473424,9
M-2022-9,47,14,4,0.4444444444444444,10
M-2022-9,48,177,1307,0.4352314352314352,11
M-2022-9,167,14,18,0.3829787234042553,12
M-2022-9,56,165,3978,0.37752681028755813,13
M-2022-9,56,96,3928,0.3727816266489513,14
M-2022-9,103,102,720,0.36809815950920244,15
M-2022-9,80,175,557,0.34965473948524795,16
M-2022-9,14,129,2535,0.33917580947283915,17
M-2022-9,47,6,3,0.3333333333333333,18
M-2022-9,69,125,105,0.32507739938080493,19
M-2022-9,174,2,467,0.3231833910034602,20
M-2022-9,30,129,300,0.31315240083507306,21
M-2022-9,40,71,223,0.30758620689655175,22
M-2022-9,55,51,1407,0.29968051118210864,23
M-2022-9,33,25,135,0.29867256637168144,24
M-2022-9,150,101,385,0.2873134328358209,25
M-2022-9,50,118,2106,0.2846715328467153,26
M-2022-9,11,153,527,0.2715095311695003,27
M-2022-9,50,14,1856,0.2508786158421195,28
M-2022-9,100,133,6803,0.24775119268727921,29
M-2022-9,67,13,679,0.2462821907870874,30
M-2022-9,40,82,175,0.2413793103448276,31
M-2022-9,72,71,2487,0.2294068812840144,32
M-2022-9,139,68,343,0.21599496221662468,33
M-2022-9,123,96,1943,0.21382194343567734,34
M-2022-9,104,117,426,0.2101628021706956,35
M-2022-9,19,142,4061,0.20858801171092506,36
M-2022-9,67,46,566,0.20529561117156328,37
M-2022-9,79,175,2289,0.20089520800421273,38
M-2022-9,138,149,4578,0.19917337393952578,39
M-2022-9,74,175,706,0.19814762840303116,40
M-2022-9,38,125,18,0.19148936170212766,41
M-2022-9,172,117,1736,0.19083214246454874,42
M-2022-9,104,2,386,0.19042920572274297,43
M-2022-9,70,82,313,0.1865315852205006,44
M-2022-9,42,115,263,0.1852112676056338,45
M-2022-9,65,176,498,0.1836283185840708,46
M-2022-9,75,82,2425,0.17310300521093583,47
M-2022-9,75,71,2397,0.17110429009922193,48
M-2022-9,173,122,566,0.16961342523224454,49
M-2022-9,36,64,54,0.16615384615384615,50
M-2022-9,11,93,316,0.1628026790314271,51
M-2022-9,16,176,250,0.15673981191222572,52
M-2022-9,104,19,313,0.1544153922052294,53
M-2022-9,70,75,259,0.15435041716328962,54
M-2022-9,159,46,306,0.15022091310751104,55
M-2022-9,166,18,728,0.14991762767710048,56
M-2022-9,86,61,5944,0.14967014151180943,57
M-2022-9,101,117,7657,0.14859305259072386,58
M-2022-9,174,117,212,0.1467128027681661,59
M-2022-9,33,51,66,0.14601769911504425,60
M-2022-9,80,72,227,0.14249843063402384,61
M-2022-9,96,117,7362,0.1389476068247018,62
M-2022-9,175,71,5315,0.13706225179225334,63
M-2022-9,88,155,33,0.13692946058091288,64
M-2022-9,101,164,7017,0.13617310304676888,65
M-2022-9,177,14,173,0.13307692307692306,66
M-2022-9,63,60,1335,0.13204747774480713,67
M-2022-9,135,156,400,0.13157894736842105,68
M-2022-9,28,142,1363,0.12925557136083451,69
M-2022-9,5,14,344,0.12826249067859807,70
M-2022-9,63,61,1295,0.1280909990108803,71
M-2022-9,135,26,389,0.12796052631578947,72
M-2022-9,30,138,122,0.12734864300626306,73
M-2022-9,150,130,167,0.12462686567164179,74
M-2022-9,173,23,413,0.1237638597542703,75
M-2022-9,54,29,597,0.12223587223587223,76
M-2022-9,32,153,207,0.11896551724137931,77
M-2022-9,9,71,170,0.11564625850340136,78
M-2022-9,149,117,5917,0.1153186513350224,79
M-2022-9,174,93,164,0.11349480968858132,80
M-2022-9,47,87,1,0.1111111111111111,81
M-2022-9,47,151,1,0.1111111111111111,82
M-2022-9,159,67,223,0.1094747177221404,83
M-2022-9,147,170,234,0.10507409070498429,84
M-2022-9,16,153,166,0.10407523510971786,85
M-2022-9,69,39,33,0.1021671826625387,86
M-2022-9,97,96,4404,0.10143024942997306,87
M-2022-9,164,117,188,0.10026666666666667,88
M-2022-9,164,138,187,0.09973333333333333,89
M-2022-9,9,25,143,0.09727891156462586,90
M-2022-9,159,13,195,0.09572901325478646,91
M-2022-9,9,82,138,0.09387755102040816,92
M-2022-9,94,117,36,0.09326424870466321,93
M-2022-9,171,60,729,0.09315103501150013,94
M-2022-9,16,111,148,0.09278996865203762,95
M-2022-9,75,72,1289,0.09201227782140053,96
M-2022-9,70,71,151,0.0899880810488677,97
M-2022-9,70,72,149,0.08879618593563766,98
M-2022-9,115,133,1558,0.08762161858163207,99
M-2022-9,174,28,126,0.08719723183391004,100
M-2022-9,173,95,288,0.08630506442912796,101
M-2022-9,122,117,4800,0.08548987479295421,102
M-2022-9,38,105,8,0.0851063829787234,103
M-2022-9,38,117,8,0.0851063829787234,104
M-2022-9,38,126,8,0.0851063829787234,105
M-2022-9,167,138,4,0.0851063829787234,106
M-2022-9,110,168,337,0.08495084446685153,107
M-2022-9,67,159,234,0.08487486398258977,108
M-2022-9,164,149,159,0.0848,109
M-2022-9,43,153,367,0.08434842564927603,110
M-2022-9,127,19,425,0.08268482490272373,111
M-2022-9,50,120,607,0.08204920248715869,112
M-2022-9,13,46,122,0.0818242790073776,113
M-2022-9,142,140,2249,0.08075113999497326,114
M-2022-9,50,68,597,0.08069748580697486,115
M-2022-9,69,105,26,0.0804953560371517,116
M-2022-9,13,49,117,0.07847082494969819,117
M-2022-9,56,14,818,0.07763120432760748,118
M-2022-9,75,175,1087,0.07759297594403598,119
M-2022-9,36,105,25,0.07692307692307693,120
M-2022-9,146,169,429,0.07668930997497318,121
M-2022-9,104,133,155,0.07646768623581648,122
M-2022-9,101,102,3926,0.07618862798369881,123
M-2022-9,111,16,139,0.07558455682436106,124
M-2022-9,143,19,255,0.0743223549985427,125
M-2022-9,137,79,51,0.07306590257879657,126
M-2022-9,46,67,800,0.0728531099171296,127
M-2022-9,100,97,2000,0.07283586437962053,128
M-2022-9,105,168,367,0.07274529236868187,129
M-2022-9,105,110,365,0.07234886025768088,130
M-2022-9,141,68,92,0.071875,131
M-2022-9,171,61,560,0.07155635062611806,132
M-2022-9,170,25,202,0.07152974504249292,133
M-2022-9,14,153,532,0.07118009098207118,134
M-2022-9,30,71,68,0.0709812108559499,135
M-2022-9,30,175,68,0.0709812108559499,136
M-2022-9,138,99,1612,0.07013269523602349,137
M-2022-9,29,149,1966,0.06893408134642356,138
M-2022-9,168,110,438,0.0687490189923089,139
M-2022-9,136,93,1307,0.06804102243739914,140
M-2022-9,162,149,13,0.06770833333333333,141
M-2022-9,78,71,1745,0.06751789514412845,142
M-2022-9,80,77,107,0.06716886377903326,143
M-2022-9,9,26,98,0.06666666666666667,144
M-2022-9,161,86,58,0.06636155606407322,145
M-2022-9,74,82,235,0.06595565534661801,146
M-2022-9,74,72,234,0.06567499298344093,147
M-2022-9,44,93,80,0.0653061224489796,148
M-2022-9,143,153,222,0.06470416788108423,149
M-2022-9,36,104,21,0.06461538461538462,150
M-2022-9,120,119,160,0.06451612903225806,151
M-2022-9,163,26,132,0.06429615197272284,152
M-2022-9,139,156,102,0.06423173803526448,153
M-2022-9,167,96,3,0.06382978723404255,154
M-2022-9,66,86,220,0.06316393913293138,155
M-2022-9,74,71,225,0.06314903171484704,156
M-2022-9,41,43,153,0.06229641693811075,157
M-2022-9,69,60,20,0.06191950464396285,158
M-2022-9,64,168,216,0.061837961637560834,159
M-2022-9,148,133,342,0.060477453580901855,160
M-2022-9,80,71,95,0.05963590709353421,161
M-2022-9,94,53,23,0.05958549222797927,162
M-2022-9,27,83,319,0.059063136456211814,163
M-2022-9,56,170,621,0.05893518079149663,164
M-2022-9,50,87,436,0.05893484725601514,165
M-2022-9,7,14,1,0.058823529411764705,166
M-2022-9,36,166,19,0.05846153846153846,167
M-2022-9,77,71,2126,0.05846120002199857,168
M-2022-9,72,175,632,0.058297205054884234,169
M-2022-9,88,63,14,0.058091286307053944,170
M-2022-9,119,120,181,0.05806865575874238,171
M-2022-9,60,61,2347,0.05803372731318926,172
M-2022-9,89,61,39,0.057777777777777775,173
M-2022-9,71,175,4322,0.05748181249916876,174
M-2022-9,163,155,118,0.05747686312713103,175
M-2022-9,77,175,2085,0.05733377330473519,176
M-2022-9,44,171,70,0.05714285714285714,177
M-2022-9,9,117,83,0.05646258503401361,178
M-2022-9,50,95,416,0.056231413895647474,179
M-2022-9,173,2,187,0.05603835780641295,180
M-2022-9,5,124,150,0.05592841163310962,181
M-2022-9,82,71,2047,0.05578112652260403,182
M-2022-9,143,133,191,0.05566890119498689,183
M-2022-9,118,90,129,0.055579491598448945,184
M-2022-9,136,135,1047,0.0545057004529127,185
M-2022-9,66,139,189,0.05426356589147287,186
M-2022-9,11,133,105,0.05409582689335394,187
M-2022-9,80,82,86,0.05398618957940992,188
M-2022-9,150,117,72,0.05373134328358209,189
M-2022-9,5,6,143,0.05331841909023117,190
M-2022-9,72,82,574,0.05294714509731575,191
M-2022-9,175,49,2042,0.05265872401877353,192
M-2022-9,161,149,46,0.05263157894736842,193
M-2022-9,36,39,17,0.052307692307692305,194
M-2022-9,26,13,69,0.052075471698113204,195
M-2022-9,94,83,20,0.05181347150259067,196
M-2022-9,111,153,95,0.051658510059815116,197
M-2022-9,92,65,67,0.05114503816793893,198
M-2022-9,77,72,1856,0.051036682615629984,199
M-2022-9,132,131,828,0.05044474229316437,200
M-2022-9,73,82,770,0.050409165302782326,201
M-2022-9,36,42,16,0.04923076923076923,202
M-2022-9,19,158,944,0.04848733884637115,203
M-2022-9,9,136,71,0.04829931972789116,204
M-2022-9,74,77,172,0.04827392646646085,205
M-2022-9,67,153,130,0.04715270221254987,206
M-2022-9,141,156,60,0.046875,207
M-2022-9,139,153,74,0.04659949622166247,208
M-2022-9,52,133,79,0.04587688734030197,209
M-2022-9,88,86,11,0.04564315352697095,210
M-2022-9,61,86,782,0.04526510766381107,211
M-2022-9,76,175,208,0.04505089885206844,212
M-2022-9,160,115,65,0.045013850415512466,213
M-2022-9,66,129,156,0.04478897502153316,214
M-2022-9,111,130,82,0.044589450788472,215
M-2022-9,41,149,109,0.044381107491856676,216
M-2022-9,170,117,124,0.043909348441926344,217
M-2022-9,141,140,56,0.04375,218
M-2022-9,166,25,212,0.04365733113673806,219
M-2022-9,71,82,3281,0.04363670217718017,220
M-2022-9,13,29,65,0.043594902749832326,221
M-2022-9,15,51,23,0.043478260869565216,222
M-2022-9,66,32,151,0.043353430950330174,223
M-2022-9,2,117,232,0.04329973870847331,224
M-2022-9,159,49,88,0.043200785468826705,225
M-2022-9,164,124,81,0.0432,226
M-2022-9,148,131,244,0.043147656940760386,227
M-2022-9,159,29,87,0.042709867452135494,228
M-2022-9,38,71,4,0.0425531914893617,229
M-2022-9,38,153,4,0.0425531914893617,230
M-2022-9,38,156,4,0.0425531914893617,231
M-2022-9,41,117,104,0.04234527687296417,232
M-2022-9,22,19,36,0.04220398593200469,233
M-2022-9,165,98,266,0.04188316800503858,234
M-2022-9,97,117,1817,0.04184803887698934,235
M-2022-9,127,149,213,0.041439688715953306,236
M-2022-9,143,149,141,0.0410958904109589,237
M-2022-9,160,42,59,0.04085872576177285,238
M-2022-9,120,14,99,0.039919354838709675,239
M-2022-9,101,97,2051,0.03980205705414322,240
M-2022-9,94,102,15,0.038860103626943004,241
M-2022-9,8,28,67,0.03852788959171938,242
M-2022-9,139,133,61,0.03841309823677582,243
M-2022-9,166,157,186,0.03830313014827018,244
M-2022-9,14,71,286,0.03826598876103827,245
M-2022-9,157,117,110,0.03822098679638638,246
M-2022-9,142,75,1061,0.0380955800509856,247
M-2022-9,166,41,184,0.03789126853377265,248
M-2022-9,85,130,33,0.03784403669724771,249
M-2022-9,79,77,430,0.037739160961909775,250
M-2022-9,10,12,35,0.03763440860215054,251
M-2022-9,33,123,17,0.03761061946902655,252
M-2022-9,65,107,101,0.03724188790560472,253
M-2022-9,69,61,12,0.03715170278637771,254
M-2022-9,69,63,12,0.03715170278637771,255
M-2022-9,11,148,72,0.03709428129829984,256
M-2022-9,78,175,956,0.03698974656606694,257
M-2022-9,111,142,68,0.036976617727025554,258
M-2022-9,52,153,63,0.036585365853658534,259
M-2022-9,162,28,7,0.036458333333333336,260
M-2022-9,121,99,6,0.03636363636363636,261
M-2022-9,93,136,1104,0.03635764860859542,262
M-2022-9,49,78,1056,0.036081593603717495,263
M-2022-9,149,29,1830,0.035665562268563634,264
M-2022-9,89,155,24,0.035555555555555556,265
M-2022-9,45,117,55,0.03555268261150614,266
M-2022-9,52,139,61,0.03542392566782811,267
M-2022-9,174,157,51,0.03529411764705882,268
M-2022-9,79,82,401,0.0351939617342461,269
M-2022-9,154,155,81,0.03488372093023256,270
M-2022-9,56,90,365,0.03463984056182974,271
M-2022-9,41,153,85,0.03460912052117264,272
M-2022-9,104,110,70,0.03453379378391712,273
M-2022-9,50,82,255,0.03446877534468775,274
M-2022-9,123,25,312,0.034334763948497854,275
M-2022-9,165,56,218,0.03432530310187372,276
M-2022-9,43,86,149,0.03424500114916111,277
M-2022-9,147,125,76,0.03412662775033678,278
M-2022-9,9,122,50,0.034013605442176874,279
M-2022-9,166,153,163,0.0335667215815486,280
M-2022-9,139,32,53,0.033375314861460954,281
M-2022-9,93,131,1011,0.03329491190515396,282
M-2022-9,88,11,8,0.03319502074688797,283
M-2022-9,88,12,8,0.03319502074688797,284
M-2022-9,88,125,8,0.03319502074688797,285
M-2022-9,112,132,39,0.03310696095076401,286
M-2022-9,131,93,864,0.033092037228541885,287
M-2022-9,104,105,67,0.03305377405032067,288
M-2022-9,129,153,857,0.032943799492580916,289
M-2022-9,146,29,183,0.03271362173757597,290
M-2022-9,127,18,168,0.03268482490272374,291
M-2022-9,174,131,47,0.032525951557093424,292
M-2022-9,26,155,43,0.03245283018867925,293
M-2022-9,115,175,574,0.03228164895112761,294
M-2022-9,103,117,63,0.032208588957055216,295
M-2022-9,41,160,79,0.03216612377850163,296
M-2022-9,16,170,51,0.03197492163009404,297
M-2022-9,38,133,3,0.031914893617021274,298
M-2022-9,135,77,97,0.03190789473684211,299
M-2022-9,163,61,65,0.031660983925962005,300
M-2022-9,0,82,48,0.031578947368421054,301
M-2022-9,104,143,64,0.031573754316724226,302
M-2022-9,140,175,1378,0.03146046893906532,303
M-2022-9,30,25,30,0.031315240083507306,304
M-2022-9,162,105,6,0.03125,305
M-2022-9,162,160,6,0.03125,306
M-2022-9,160,157,45,0.031163434903047092,307
M-2022-9,174,25,45,0.031141868512110725,308
M-2022-9,46,13,341,0.031053638102176487,309
M-2022-9,32,25,54,0.03103448275862069,310
M-2022-9,29,122,885,0.03103085553997195,311
M-2022-9,45,105,48,0.031027795733678087,312
M-2022-9,69,11,10,0.030959752321981424,313
M-2022-9,143,67,106,0.030894782862139317,314
M-2022-9,16,71,49,0.030721003134796237,315
M-2022-9,158,140,297,0.03066914498141264,316
M-2022-9,154,14,71,0.0305770887166236,317
M-2022-9,105,125,154,0.030525272547076314,318
M-2022-9,174,71,44,0.03044982698961938,319
M-2022-9,159,133,62,0.03043691703485518,320
M-2022-9,70,77,51,0.030393325387365912,321
M-2022-9,63,86,307,0.03036597428288823,322
M-2022-9,24,20,292,0.03030932115424538,323
M-2022-9,121,51,5,0.030303030303030304,324
M-2022-9,135,49,92,0.030263157894736843,325
M-2022-9,15,83,16,0.030245746691871456,326
M-2022-9,101,100,1558,0.0302348146710654,327
M-2022-9,41,18,74,0.03013029315960912,328
M-2022-9,10,138,28,0.030107526881720432,329
M-2022-9,104,131,61,0.030093734583127776,330
M-2022-9,108,78,208,0.030088239548676406,331
M-2022-9,96,122,1594,0.03008455382757059,332
M-2022-9,11,61,58,0.029881504379185988,333
M-2022-9,24,153,287,0.02979032592900145,334
M-2022-9,170,124,84,0.029745042492917848,335
M-2022-9,6,14,48,0.029538461538461538,336
M-2022-9,26,136,39,0.02943396226415094,337
M-2022-9,141,153,37,0.02890625,338
M-2022-9,16,140,46,0.02884012539184953,339
M-2022-9,33,111,13,0.028761061946902654,340
M-2022-9,97,138,1246,0.028697114166609087,341
M-2022-9,85,87,25,0.028669724770642203,342
M-2022-9,19,153,556,0.02855822076121013,343
M-2022-9,2,133,153,0.02855543113101904,344
M-2022-9,94,170,11,0.02849740932642487,345
M-2022-9,65,106,77,0.028392330383480827,346
M-2022-9,117,122,1985,0.028354712453218297,347
M-2022-9,89,26,19,0.028148148148148148,348
M-2022-9,22,153,24,0.02813599062133646,349
M-2022-9,28,117,294,0.027880512091038406,350
M-2022-9,69,14,9,0.02786377708978328,351
M-2022-9,11,2,54,0.027820710973724884,352
M-2022-9,77,82,1011,0.027800692954957927,353
M-2022-9,157,128,80,0.02779708130646282,354
M-2022-9,174,1,40,0.02768166089965398,355
M-2022-9,174,133,40,0.02768166089965398,356
M-2022-9,150,90,37,0.027611940298507463,357
M-2022-9,16,106,44,0.027586206896551724,358
M-2022-9,116,117,100,0.027412280701754384,359
M-2022-9,41,170,67,0.02728013029315961,360
M-2022-9,154,156,63,0.027131782945736434,361
M-2022-9,82,72,995,0.027113933019047878,362
M-2022-9,29,117,771,0.02703366058906031,363
M-2022-9,78,82,689,0.02665892822596247,364
M-2022-9,72,75,289,0.026658057374780924,365
M-2022-9,116,143,97,0.026589912280701754,366
M-2022-9,82,73,967,0.026350927868763113,367
M-2022-9,175,82,1015,0.026174635102377636,368
M-2022-9,91,83,94,0.02609661299278179,369
M-2022-9,162,43,5,0.026041666666666668,370
M-2022-9,162,115,5,0.026041666666666668,371
M-2022-9,162,155,5,0.026041666666666668,372
M-2022-9,141,71,33,0.02578125,373
M-2022-9,126,153,48,0.02572347266881029,374
M-2022-9,35,41,57,0.02569882777276826,375
M-2022-9,54,138,125,0.025593775593775594,376
M-2022-9,97,149,1111,0.02558787627536332,377
M-2022-9,104,132,51,0.025160335471139616,378
M-2022-9,166,175,122,0.02512355848434926,379
M-2022-9,141,139,32,0.025,380
M-2022-9,66,68,87,0.024978466838931956,381
M-2022-9,110,105,99,0.024955886059994957,382
M-2022-9,88,29,6,0.024896265560165973,383
M-2022-9,41,23,61,0.0248371335504886,384
M-2022-9,105,153,125,0.024777006937561942,385
M-2022-9,69,88,8,0.02476780185758514,386
M-2022-9,69,151,8,0.02476780185758514,387
M-2022-9,32,129,43,0.02471264367816092,388
M-2022-9,5,151,66,0.024608501118568233,389
M-2022-9,15,163,13,0.024574669187145556,390
M-2022-9,71,75,1842,0.02449826437377808,391
M-2022-9,92,61,32,0.024427480916030534,392
M-2022-9,66,142,85,0.02440424921045076,393
M-2022-9,79,71,278,0.024398806389327718,394
M-2022-9,35,18,54,0.024346257889990983,395
M-2022-9,157,153,70,0.024322446143154968,396
M-2022-9,121,2,4,0.024242424242424242,397
M-2022-9,121,77,4,0.024242424242424242,398
M-2022-9,138,117,557,0.024233195562323253,399
M-2022-9,13,159,36,0.02414486921529175,400
M-2022-9,126,60,45,0.024115755627009645,401
M-2022-9,165,91,153,0.024090694378837978,402
M-2022-9,140,153,1052,0.024017716490491083,403
M-2022-9,2,153,128,0.023889511011571482,404
M-2022-9,112,142,28,0.023769100169779286,405
M-2022-9,49,71,691,0.023610209450917415,406
M-2022-9,166,129,114,0.023476112026359144,407
M-2022-9,94,155,9,0.023316062176165803,408
M-2022-9,158,142,225,0.023234200743494422,409
M-2022-9,46,49,253,0.023039796011292232,410
M-2022-9,50,1,170,0.02297918356312517,411
M-2022-9,154,49,53,0.022825150732127476,412
M-2022-9,13,142,34,0.022803487592219986,413
M-2022-9,105,115,115,0.022794846382556987,414
M-2022-9,143,132,78,0.02273389682308365,415
M-2022-9,68,156,100,0.022634676324128564,416
M-2022-9,24,52,218,0.02262819182063525,417
M-2022-9,2,124,121,0.022583053378126168,418
M-2022-9,108,71,156,0.022566179661507306,419
M-2022-9,109,107,36,0.02236024844720497,420
M-2022-9,140,71,979,0.022351087874706056,421
M-2022-9,49,82,653,0.022311818771995763,422
M-2022-9,14,156,166,0.02221032914102221,423
M-2022-9,104,34,45,0.02220029600394672,424
M-2022-9,13,93,33,0.022132796780684104,425
M-2022-9,14,19,163,0.02180893765052181,426
M-2022-9,135,136,66,0.021710526315789475,427
M-2022-9,69,15,7,0.021671826625386997,428
M-2022-9,86,62,857,0.021579291937352068,429
M-2022-9,36,142,7,0.021538461538461538,430
M-2022-9,52,156,37,0.02148664343786295,431
M-2022-9,163,159,44,0.02143205065757428,432
M-2022-9,148,93,121,0.021396993810786913,433
M-2022-9,92,3,28,0.021374045801526718,434
M-2022-9,45,115,33,0.021331609566903685,435
M-2022-9,142,153,593,0.02129187461850562,436
M-2022-9,38,14,2,0.02127659574468085,437
M-2022-9,38,61,2,0.02127659574468085,438
M-2022-9,38,93,2,0.02127659574468085,439
M-2022-9,38,124,2,0.02127659574468085,440
M-2022-9,167,3,1,0.02127659574468085,441
M-2022-9,167,25,1,0.02127659574468085,442
M-2022-9,167,52,1,0.02127659574468085,443
M-2022-9,167,71,1,0.02127659574468085,444
M-2022-9,167,82,1,0.02127659574468085,445
M-2022-9,167,90,1,0.02127659574468085,446
M-2022-9,167,116,1,0.02127659574468085,447
M-2022-9,93,133,645,0.021241561007739173,448
M-2022-9,159,136,43,0.02110947471772214,449
M-2022-9,143,13,72,0.02098513552900029,450
M-2022-9,56,167,221,0.02097371168264212,451
M-2022-9,162,42,4,0.020833333333333332,452
M-2022-9,162,61,4,0.020833333333333332,453
M-2022-9,162,104,4,0.020833333333333332,454
M-2022-9,29,125,594,0.020827489481065917,455
M-2022-9,156,142,519,0.020811612799743362,456
M-2022-9,15,71,11,0.020793950850661626,457
M-2022-9,130,83,101,0.020790448744339236,458
M-2022-9,174,128,30,0.020761245674740483,459
M-2022-9,88,93,5,0.02074688796680498,460
M-2022-9,88,104,5,0.02074688796680498,461
M-2022-9,94,172,8,0.02072538860103627,462
M-2022-9,16,155,33,0.020689655172413793,463
M-2022-9,67,156,57,0.020674646354733407,464
M-2022-9,12,136,68,0.020562443302086484,465
M-2022-9,28,108,214,0.02029397818871503,466
M-2022-9,16,51,32,0.02006269592476489,467
M-2022-9,16,156,32,0.02006269592476489,468
M-2022-9,22,156,17,0.01992966002344666,469
M-2022-9,33,160,9,0.01991150442477876,470
M-2022-9,154,176,46,0.019810508182601206,471
M-2022-9,9,16,29,0.019727891156462583,472
M-2022-9,146,149,110,0.01966392563460851,473
M-2022-9,124,156,433,0.019627396763519333,474
M-2022-9,168,64,125,0.019620153822005965,475
M-2022-9,20,19,39,0.01957831325301205,476
M-2022-9,11,176,38,0.019577537351880475,477
M-2022-9,32,86,34,0.01954022988505747,478
M-2022-9,131,133,510,0.019533494197403193,479
M-2022-9,163,13,40,0.01948368241597662,480
M-2022-9,80,74,31,0.0194601381042059,481
M-2022-9,13,153,29,0.019450033534540577,482
M-2022-9,150,96,26,0.019402985074626865,483
M-2022-9,174,155,28,0.019377162629757784,484
M-2022-9,115,86,344,0.019346493448062538,485
M-2022-9,43,41,84,0.019305906688117675,486
M-2022-9,72,77,209,0.01927866432985887,487
M-2022-9,2,156,103,0.019223590892123926,488
M-2022-9,46,133,211,0.019215007740642928,489
M-2022-9,9,89,28,0.01904761904761905,490
M-2022-9,140,142,834,0.019040661172119357,491
M-2022-9,39,125,106,0.018901569186875893,492
M-2022-9,139,155,30,0.018891687657430732,493
M-2022-9,46,159,207,0.01885074219105728,494
M-2022-9,2,23,101,0.018850317282568124,495
M-2022-9,141,51,24,0.01875,496
M-2022-9,41,143,46,0.018729641693811076,497
M-2022-9,171,63,146,0.018655762841809354,498
M-2022-9,52,111,32,0.018583042973286876,499
M-2022-9,52,117,32,0.018583042973286876,500
M-2022-9,69,93,6,0.018575851393188854,501
M-2022-9,163,140,38,0.018509498295177788,502
M-2022-9,36,25,6,0.018461538461538463,503
M-2022-9,36,29,6,0.018461538461538463,504
M-2022-9,36,169,6,0.018461538461538463,505
M-2022-9,66,133,64,0.01837496411139822,506
M-2022-9,9,18,27,0.018367346938775512,507
M-2022-9,176,140,49,0.018297236743838687,508
M-2022-9,49,175,535,0.01827997403218642,509
M-2022-9,75,93,256,0.018273966735669927,510
M-2022-9,138,29,420,0.018272786599956493,511
M-2022-9,16,61,29,0.01818181818181818,512
M-2022-9,121,118,3,0.01818181818181818,513
M-2022-9,67,49,50,0.018135654697134566,514
M-2022-9,77,75,659,0.018121322114062585,515
M-2022-9,117,153,1268,0.018112733194297632,516
M-2022-9,13,86,27,0.018108651911468814,517
M-2022-9,66,111,63,0.01808785529715762,518
M-2022-9,66,140,63,0.01808785529715762,519
M-2022-9,64,110,63,0.018036072144288578,520
M-2022-9,109,65,29,0.018012422360248446,521
M-2022-9,81,71,69,0.0180062630480167,522
M-2022-9,52,19,31,0.018002322880371662,523
M-2022-9,61,60,311,0.018001852280620515,524
M-2022-9,46,153,197,0.017940078317093162,525
M-2022-9,67,136,49,0.017772941603191875,526
M-2022-9,135,93,54,0.017763157894736842,527
M-2022-9,126,86,33,0.017684887459807074,528
M-2022-9,14,176,132,0.017661225582017662,529
M-2022-9,139,129,28,0.017632241813602016,530
M-2022-9,146,133,98,0.017518770110833037,531
M-2022-9,52,175,30,0.017421602787456445,532
M-2022-9,39,61,97,0.017296718972895864,533
M-2022-9,70,73,29,0.01728247914183552,534
M-2022-9,104,153,35,0.01726689689195856,535
M-2022-9,115,25,307,0.017265620606265113,536
M-2022-9,43,61,75,0.01723741668581935,537
M-2022-9,60,63,697,0.01723455813263439,538
M-2022-9,137,51,12,0.017191977077363897,539
M-2022-9,141,129,22,0.0171875,540
M-2022-9,141,154,22,0.0171875,541
M-2022-9,158,153,166,0.017141676992978108,542
M-2022-9,171,86,134,0.01712241247124968,543
M-2022-9,112,77,20,0.01697792869269949,544
M-2022-9,16,75,27,0.016927899686520375,545
M-2022-9,16,149,27,0.016927899686520375,546
M-2022-9,52,87,29,0.01684088269454123,547
M-2022-9,172,18,153,0.01681873144992855,548
M-2022-9,82,75,617,0.01681336349020356,549
M-2022-9,45,122,26,0.01680672268907563,550
M-2022-9,30,64,16,0.016701461377870562,551
M-2022-9,67,25,46,0.016684802321363802,552
M-2022-9,66,153,58,0.016652311225954636,553
M-2022-9,126,63,31,0.016613076098606645,554
M-2022-9,2,129,89,0.016610675625233298,555
M-2022-9,88,61,4,0.016597510373443983,556
M-2022-9,88,133,4,0.016597510373443983,557
M-2022-9,132,136,272,0.016571219690508104,558
M-2022-9,40,140,12,0.016551724137931035,559
M-2022-9,108,142,114,0.016490669752639953,560
M-2022-9,124,117,363,0.016454376501518517,561
M-2022-9,169,60,34,0.016433059449009184,562
M-2022-9,141,61,21,0.01640625,563
M-2022-9,21,20,43,0.016374714394516376,564
M-2022-9,154,170,38,0.01636520241171404,565
M-2022-9,9,155,24,0.0163265306122449,566
M-2022-9,111,124,30,0.01631321370309951,567
M-2022-9,152,83,8,0.016293279022403257,568
M-2022-9,19,20,317,0.016282294930402178,569
M-2022-9,52,82,28,0.016260162601626018,570
M-2022-9,112,115,19,0.016129032258064516,571
M-2022-9,32,51,28,0.016091954022988506,572
M-2022-9,163,68,33,0.01607403799318071,573
M-2022-9,20,17,32,0.01606425702811245,574
M-2022-9,105,41,81,0.016055500495540137,575
M-2022-9,161,146,14,0.016018306636155607,576
M-2022-9,117,156,1119,0.01598434419906865,577
M-2022-9,154,51,37,0.015934539190353144,578
M-2022-9,154,129,37,0.015934539190353144,579
M-2022-9,154,153,37,0.015934539190353144,580
M-2022-9,174,122,23,0.01591695501730104,581
M-2022-9,78,49,411,0.015902495647127105,582
M-2022-9,37,160,6,0.015873015873015872,583
M-2022-9,151,156,33,0.015865384615384615,584
M-2022-9,135,70,48,0.015789473684210527,585
M-2022-9,86,60,626,0.015762703328800927,586
M-2022-9,146,60,88,0.015731140507686807,587
M-2022-9,155,153,113,0.015709717781176143,588
M-2022-9,168,105,100,0.01569612305760477,589
M-2022-9,16,129,25,0.01567398119122257,590
M-2022-9,5,177,42,0.015659955257270694,591
M-2022-9,28,13,165,0.015647226173541962,592
M-2022-9,141,82,20,0.015625,593
M-2022-9,162,15,3,0.015625,594
M-2022-9,162,45,3,0.015625,595
M-2022-9,162,88,3,0.015625,596
M-2022-9,162,117,3,0.015625,597
M-2022-9,162,151,3,0.015625,598
M-2022-9,162,156,3,0.015625,599
M-2022-9,158,156,151,0.015592730276745147,600
M-2022-9,163,142,32,0.015586945932781296,601
M-2022-9,94,29,6,0.015544041450777202,602
M-2022-9,94,65,6,0.015544041450777202,603
M-2022-9,94,164,6,0.015544041450777202,604
M-2022-9,8,172,27,0.015526164462334674,605
M-2022-9,32,158,27,0.015517241379310345,606
M-2022-9,69,86,5,0.015479876160990712,607
M-2022-9,69,133,5,0.015479876160990712,608
M-2022-9,64,105,54,0.015459490409390209,609
M-2022-9,68,155,68,0.015391579900407425,610
M-2022-9,6,151,25,0.015384615384615385,611
M-2022-9,36,45,5,0.015384615384615385,612
M-2022-9,36,117,5,0.015384615384615385,613
M-2022-9,35,23,34,0.015329125338142471,614
M-2022-9,77,79,557,0.01531650442721223,615
M-2022-9,176,83,41,0.015309932785660941,616
M-2022-9,19,18,297,0.015255020802301095,617
M-2022-9,22,77,13,0.015240328253223915,618
M-2022-9,22,155,13,0.015240328253223915,619
M-2022-9,66,156,53,0.015216767154751652,620
M-2022-9,110,122,60,0.015124779430299974,621
M-2022-9,15,14,8,0.015122873345935728,622
M-2022-9,15,155,8,0.015122873345935728,623
M-2022-9,12,10,50,0.015119443604475355,624
M-2022-9,149,138,769,0.014987331904112259,625
M-2022-9,28,46,158,0.014983404457088668,626
M-2022-9,9,175,22,0.014965986394557823,627
M-2022-9,32,77,26,0.014942528735632184,628
M-2022-9,71,72,1122,0.014922395563180785,629
M-2022-9,153,133,1051,0.014921770735724224,630
M-2022-9,28,172,157,0.014888572783309625,631
M-2022-9,74,79,53,0.014875105248386191,632
M-2022-9,161,117,13,0.014874141876430207,633
M-2022-9,141,75,19,0.01484375,634
M-2022-9,96,130,786,0.01483466706930394,635
M-2022-9,89,175,10,0.014814814814814815,636
M-2022-9,46,86,162,0.014752754758218741,637
M-2022-9,17,153,149,0.014697178930755573,638
M-2022-9,44,133,18,0.014693877551020407,639
M-2022-9,111,129,27,0.01468189233278956,640
M-2022-9,117,102,1026,0.014655886638288146,641
M-2022-9,66,49,51,0.014642549526270457,642
M-2022-9,163,143,30,0.014612761811982464,643
M-2022-9,139,117,23,0.014483627204030227,644
M-2022-9,139,140,23,0.014483627204030227,645
M-2022-9,105,160,73,0.014469772051536175,646
M-2022-9,29,133,412,0.014446002805049088,647
M-2022-9,116,115,52,0.01425438596491228,648
M-2022-9,157,147,41,0.014246004169562195,649
M-2022-9,154,19,33,0.014211886304909561,650
M-2022-9,130,156,69,0.014203375874845615,651
M-2022-9,155,175,102,0.014180453218406785,652
M-2022-9,150,100,19,0.014179104477611941,653
M-2022-9,111,65,26,0.014138118542686243,654
M-2022-9,28,49,149,0.014129919393077287,655
M-2022-9,122,103,793,0.01412363973141931,656
M-2022-9,119,87,44,0.014116137311517485,657
M-2022-9,21,142,37,0.01408987052551409,658
M-2022-9,76,77,65,0.014078405891271389,659
M-2022-9,22,61,12,0.01406799531066823,660
M-2022-9,127,23,72,0.014007782101167316,661
M-2022-9,10,156,13,0.013978494623655914,662
M-2022-9,12,28,46,0.013909888116117326,663
M-2022-9,160,130,20,0.013850415512465374,664
M-2022-9,41,35,34,0.013843648208469055,665
M-2022-9,132,93,227,0.013829657609357865,666
M-2022-9,104,35,28,0.013813517513566848,667
M-2022-9,16,28,22,0.013793103448275862,668
M-2022-9,16,53,22,0.013793103448275862,669
M-2022-9,16,142,22,0.013793103448275862,670
M-2022-9,154,149,32,0.013781223083548665,671
M-2022-9,159,61,28,0.013745704467353952,672
M-2022-9,120,121,34,0.013709677419354839,673
M-2022-9,143,156,47,0.0136986301369863,674
M-2022-9,163,153,28,0.013638577691183634,675
M-2022-9,110,64,54,0.013612301487269978,676
M-2022-9,9,72,20,0.013605442176870748,677
M-2022-9,9,156,20,0.013605442176870748,678
M-2022-9,28,8,143,0.013560929350403034,679
M-2022-9,20,153,27,0.01355421686746988,680
M-2022-9,116,153,49,0.01343201754385965,681
M-2022-9,50,124,99,0.01338199513381995,682
M-2022-9,106,107,35,0.013368983957219251,683
M-2022-9,89,86,9,0.013333333333333334,684
M-2022-9,141,63,17,0.01328125,685
M-2022-9,141,155,17,0.01328125,686
M-2022-9,33,0,6,0.01327433628318584,687
M-2022-9,33,166,6,0.01327433628318584,688
M-2022-9,86,156,526,0.013244699602155411,689
M-2022-9,37,166,5,0.013227513227513227,690
M-2022-9,139,61,21,0.01322418136020151,691
M-2022-9,117,149,925,0.013213153158300716,692
M-2022-9,16,14,21,0.013166144200626959,693
M-2022-9,177,6,17,0.013076923076923076,694
M-2022-9,136,156,251,0.01306679160810037,695
M-2022-9,111,176,24,0.013050570962479609,696
M-2022-9,92,107,17,0.012977099236641221,697
M-2022-9,50,25,96,0.012976480129764802,698
M-2022-9,94,71,5,0.012953367875647668,699
M-2022-9,94,79,5,0.012953367875647668,700
M-2022-9,94,99,5,0.012953367875647668,701
M-2022-9,94,138,5,0.012953367875647668,702
M-2022-9,154,106,30,0.012919896640826873,703
M-2022-9,10,93,12,0.012903225806451613,704
M-2022-9,22,140,11,0.012895662368112544,705
M-2022-9,11,136,25,0.01287995878413189,706
M-2022-9,11,172,25,0.01287995878413189,707
M-2022-9,126,93,24,0.012861736334405145,708
M-2022-9,101,96,662,0.01284688530952843,709
M-2022-9,138,112,293,0.012747443985207744,710
M-2022-9,105,42,64,0.012685827552031714,711
M-2022-9,8,117,22,0.012650948821161587,712
M-2022-9,32,61,22,0.01264367816091954,713
M-2022-9,32,71,22,0.01264367816091954,714
M-2022-9,32,170,22,0.01264367816091954,715
M-2022-9,85,25,11,0.01261467889908257,716
M-2022-9,166,117,61,0.01256177924217463,717
M-2022-9,166,122,61,0.01256177924217463,718
M-2022-9,166,156,61,0.01256177924217463,719
M-2022-9,16,154,20,0.012539184952978056,720
M-2022-9,30,51,12,0.012526096033402923,721
M-2022-9,70,124,21,0.012514898688915376,722
M-2022-9,111,175,23,0.012506797172376292,723
M-2022-9,141,117,16,0.0125,724
M-2022-9,141,176,16,0.0125,725
M-2022-9,160,25,18,0.012465373961218837,726
M-2022-9,88,138,3,0.012448132780082987,727
M-2022-9,88,156,3,0.012448132780082987,728
M-2022-9,40,78,9,0.012413793103448275,729
M-2022-9,69,46,4,0.01238390092879257,730
M-2022-9,69,66,4,0.01238390092879257,731
M-2022-9,155,83,89,0.012373140553315724,732
M-2022-9,11,96,24,0.012364760432766615,733
M-2022-9,104,23,25,0.0123334977799704,734
M-2022-9,6,124,20,0.012307692307692308,735
M-2022-9,177,155,16,0.012307692307692308,736
M-2022-9,36,37,4,0.012307692307692308,737
M-2022-9,45,104,19,0.012281835811247576,738
M-2022-9,153,140,865,0.012281000653093677,739
M-2022-9,9,17,18,0.012244897959183673,740
M-2022-9,143,61,42,0.012241329058583503,741
M-2022-9,155,51,88,0.012234116502154873,742
M-2022-9,35,156,27,0.012173128944995492,743
M-2022-9,49,140,356,0.012163870570950216,744
M-2022-9,121,46,2,0.012121212121212121,745
M-2022-9,121,125,2,0.012121212121212121,746
M-2022-9,121,155,2,0.012121212121212121,747
M-2022-9,155,156,87,0.012095092450994022,748
M-2022-9,26,25,16,0.012075471698113207,749
M-2022-9,26,159,16,0.012075471698113207,750
M-2022-9,127,140,62,0.012062256809338522,751
M-2022-9,116,129,44,0.01206140350877193,752
M-2022-9,154,53,28,0.012058570198105082,753
M-2022-9,123,122,109,0.0119951579179047,754
M-2022-9,42,28,17,0.011971830985915493,755
M-2022-9,153,157,843,0.011968651503535224,756
M-2022-9,139,51,19,0.011964735516372796,757
M-2022-9,139,141,19,0.011964735516372796,758
M-2022-9,111,83,22,0.011963023382272975,759
M-2022-9,111,96,22,0.011963023382272975,760
M-2022-9,111,140,22,0.011963023382272975,761
M-2022-9,2,122,64,0.011944755505785741,762
M-2022-9,16,172,19,0.011912225705329153,763
M-2022-9,105,43,60,0.011892963330029732,764
M-2022-9,112,156,14,0.011884550084889643,765
M-2022-9,172,102,108,0.011872045729361328,766
M-2022-9,28,140,125,0.011853959222380275,767
M-2022-9,11,12,23,0.01184956208140134,768
M-2022-9,11,157,23,0.01184956208140134,769
M-2022-9,104,53,24,0.011840157868771583,770
M-2022-9,157,149,34,0.0118137595552467,771
M-2022-9,66,117,41,0.011771461383864484,772
M-2022-9,39,115,66,0.011768901569186876,773
M-2022-9,141,142,15,0.01171875,774
M-2022-9,9,96,17,0.011564625850340135,775
M-2022-9,25,142,500,0.011561762937612727,776
M-2022-9,175,77,448,0.011552942390014956,777
M-2022-9,151,124,24,0.011538461538461539,778
M-2022-9,62,86,196,0.011495601173020528,779
M-2022-9,32,156,20,0.011494252873563218,780
M-2022-9,28,153,121,0.011474632527264106,781
M-2022-9,137,25,8,0.011461318051575931,782
M-2022-9,129,156,296,0.011378488506188975,783
M-2022-9,50,59,84,0.0113544201135442,784
M-2022-9,104,42,23,0.011346817957572768,785
M-2022-9,15,140,6,0.011342155009451797,786
M-2022-9,15,154,6,0.011342155009451797,787
M-2022-9,139,111,18,0.011335012594458438,788
M-2022-9,26,175,15,0.011320754716981131,789
M-2022-9,19,156,220,0.011300015409111921,790
M-2022-9,105,64,57,0.011298315163528246,791
M-2022-9,16,68,18,0.01128526645768025,792
M-2022-9,16,117,18,0.01128526645768025,793
M-2022-9,164,96,21,0.0112,794
M-2022-9,66,25,39,0.01119724375538329,795
M-2022-9,12,61,37,0.011188388267311764,796
M-2022-9,79,75,127,0.011146217307354747,797
M-2022-9,130,2,54,0.011115685467270481,798
M-2022-9,14,61,83,0.011105164570511104,799
M-2022-9,173,49,37,0.011087803416242133,800
M-2022-9,160,28,16,0.0110803324099723,801
M-2022-9,6,149,18,0.011076923076923076,802
M-2022-9,33,117,5,0.011061946902654867,803
M-2022-9,124,25,244,0.01106024205611713,804
M-2022-9,151,153,23,0.011057692307692308,805
M-2022-9,112,61,13,0.011035653650254669,806
M-2022-9,40,175,8,0.011034482758620689,807
M-2022-9,46,61,121,0.01101903287496585,808
M-2022-9,2,19,59,0.01101157148189623,809
M-2022-9,45,28,17,0.01098901098901099,810
M-2022-9,45,69,17,0.01098901098901099,811
M-2022-9,141,19,14,0.0109375,812
M-2022-9,141,175,14,0.0109375,813
M-2022-9,67,140,30,0.01088139281828074,814
M-2022-9,64,115,38,0.010878900658459777,815
M-2022-9,125,29,44,0.010829436377061285,816
M-2022-9,143,46,37,0.010784027980180706,817
M-2022-9,82,175,395,0.010763822655802927,818
M-2022-9,96,97,568,0.010720217424128039,819
M-2022-9,80,79,17,0.010671688637790333,820
M-2022-9,16,141,17,0.010658307210031349,821
M-2022-9,16,175,17,0.010658307210031349,822
M-2022-9,68,153,47,0.010638297872340425,823
M-2022-9,38,2,1,0.010638297872340425,824
M-2022-9,38,11,1,0.010638297872340425,825
M-2022-9,38,60,1,0.010638297872340425,826
M-2022-9,38,86,1,0.010638297872340425,827
M-2022-9,38,88,1,0.010638297872340425,828
M-2022-9,38,128,1,0.010638297872340425,829
M-2022-9,38,147,1,0.010638297872340425,830
M-2022-9,38,155,1,0.010638297872340425,831
M-2022-9,38,157,1,0.010638297872340425,832
M-2022-9,38,175,1,0.010638297872340425,833
M-2022-9,29,88,303,0.010624123422159888,834
M-2022-9,37,168,4,0.010582010582010581,835
M-2022-9,151,51,22,0.010576923076923078,836
M-2022-9,26,49,14,0.010566037735849057,837
M-2022-9,26,61,14,0.010566037735849057,838
M-2022-9,22,86,9,0.010550996483001172,839
M-2022-9,22,176,9,0.010550996483001172,840
M-2022-9,156,25,263,0.01054615446306841,841
M-2022-9,20,21,21,0.010542168674698794,842
M-2022-9,20,24,21,0.010542168674698794,843
M-2022-9,20,142,21,0.010542168674698794,844
M-2022-9,0,25,16,0.010526315789473684,845
M-2022-9,166,160,51,0.010502471169686986,846
M-2022-9,166,170,51,0.010502471169686986,847
M-2022-9,101,149,541,0.010498738598874442,848
M-2022-9,96,149,556,0.010493733957421108,849
M-2022-9,138,11,241,0.010485098977594084,850
M-2022-9,52,71,18,0.010452961672473868,851
M-2022-9,93,134,317,0.010439650913881113,852
M-2022-9,157,156,30,0.010423905489923557,853
M-2022-9,116,122,38,0.010416666666666666,854
M-2022-9,162,29,2,0.010416666666666666,855
M-2022-9,162,60,2,0.010416666666666666,856
M-2022-9,162,63,2,0.010416666666666666,857
M-2022-9,162,89,2,0.010416666666666666,858
M-2022-9,162,93,2,0.010416666666666666,859
M-2022-9,162,142,2,0.010416666666666666,860
M-2022-9,108,140,72,0.010415159843772602,861
M-2022-9,160,166,15,0.01038781163434903,862
M-2022-9,174,153,15,0.010380622837370242,863
M-2022-9,89,138,7,0.01037037037037037,864
M-2022-9,94,130,4,0.010362694300518135,865
M-2022-9,104,41,21,0.010360138135175136,866
M-2022-9,32,82,18,0.010344827586206896,867
M-2022-9,45,64,16,0.010342598577892695,868
M-2022-9,154,18,24,0.0103359173126615,869
M-2022-9,154,71,24,0.0103359173126615,870
M-2022-9,111,156,19,0.010331702011963024,871
M-2022-9,85,153,9,0.010321100917431193,872
M-2022-9,105,157,52,0.010307234886025769,873
M-2022-9,14,117,77,0.010302381589510303,874
M-2022-9,166,43,50,0.01029654036243822,875
M-2022-9,143,117,35,0.010201107548819586,876
M-2022-9,46,68,112,0.010199435388398142,877
M-2022-9,146,104,57,0.0101894887379335,878
M-2022-9,141,25,13,0.01015625,879
M-2022-9,28,158,107,0.010146989094357515,880
M-2022-9,105,25,51,0.010109018830525273,881
M-2022-9,151,93,21,0.010096153846153847,882
M-2022-9,157,61,29,0.010076441973592773,883
M-2022-9,139,86,16,0.010075566750629723,884
M-2022-9,14,155,75,0.010034787262510034,885
M-2022-9,165,53,63,0.009919697685403874,886
M-2022-9,143,49,34,0.009909647333139027,887
M-2022-9,154,158,23,0.009905254091300603,888
M-2022-9,55,165,46,0.00979765708200213,889
M-2022-9,11,155,19,0.009788768675940238,890
M-2022-9,111,17,18,0.009787928221859706,891
M-2022-9,111,51,18,0.009787928221859706,892
M-2022-9,14,75,73,0.009767192935509768,893
M-2022-9,76,80,45,0.009746588693957114,894
M-2022-9,157,38,28,0.009728978457261988,895
M-2022-9,157,133,28,0.009728978457261988,896
M-2022-9,127,17,50,0.009727626459143969,897
M-2022-9,29,93,277,0.009712482468443197,898
M-2022-9,2,93,52,0.009705113848450915,899
M-2022-9,2,176,52,0.009705113848450915,900
M-2022-9,45,68,15,0.009696186166774402,901
M-2022-9,174,115,14,0.009688581314878892,902
M-2022-9,12,156,32,0.009676443906864228,903
M-2022-9,81,78,37,0.009655532359081419,904
M-2022-9,153,93,680,0.009654428259079422,905
M-2022-9,34,168,4,0.00963855421686747,906
M-2022-9,119,14,30,0.009624639076034648,907
M-2022-9,119,16,30,0.009624639076034648,908
M-2022-9,46,140,105,0.009561970676623259,909
M-2022-9,18,19,252,0.009557763786694986,910
M-2022-9,70,131,16,0.009535160905840286,911
M-2022-9,127,117,49,0.00953307392996109,912
M-2022-9,9,68,14,0.009523809523809525,913
M-2022-9,15,117,5,0.00945179584120983,914
M-2022-9,15,153,5,0.00945179584120983,915
M-2022-9,139,142,15,0.009445843828715366,916
M-2022-9,1,151,35,0.009408602150537635,917
M-2022-9,16,83,15,0.009404388714733543,918
M-2022-9,16,127,15,0.009404388714733543,919
M-2022-9,13,26,14,0.009389671361502348,920
M-2022-9,13,133,14,0.009389671361502348,921
M-2022-9,157,2,27,0.009381514940931202,922
M-2022-9,157,93,27,0.009381514940931202,923
M-2022-9,141,32,12,0.009375,924
M-2022-9,141,83,12,0.009375,925
M-2022-9,141,133,12,0.009375,926
M-2022-9,87,142,61,0.009357263383954595,927
M-2022-9,112,171,11,0.00933786078098472,928
M-2022-9,176,117,25,0.009335324869305451,929
M-2022-9,5,149,25,0.009321401938851604,930
M-2022-9,72,116,101,0.009316483719214095,931
M-2022-9,52,129,16,0.009291521486643438,932
M-2022-9,69,29,3,0.009287925696594427,933
M-2022-9,69,42,3,0.009287925696594427,934
M-2022-9,69,83,3,0.009287925696594427,935
M-2022-9,69,171,3,0.009287925696594427,936
M-2022-9,68,25,41,0.009280217292892712,937
M-2022-9,111,25,17,0.009244154431756389,938
M-2022-9,111,149,17,0.009244154431756389,939
M-2022-9,36,51,3,0.009230769230769232,940
M-2022-9,36,132,3,0.009230769230769232,941
M-2022-9,36,160,3,0.009230769230769232,942
M-2022-9,36,162,3,0.009230769230769232,943
M-2022-9,8,124,16,0.009200690051753882,944
M-2022-9,32,24,16,0.009195402298850575,945
M-2022-9,32,81,16,0.009195402298850575,946
M-2022-9,85,105,8,0.009174311926605505,947
M-2022-9,2,25,49,0.009145203434117209,948
M-2022-9,19,17,178,0.009142739740099645,949
M-2022-9,105,117,46,0.009117938553022795,950
M-2022-9,108,49,63,0.009113264863301027,951
M-2022-9,115,61,162,0.009110848658680615,952
M-2022-9,76,71,42,0.009096816114359974,953
M-2022-9,117,18,635,0.00907065108704968,954
M-2022-9,45,61,14,0.00904977375565611,955
M-2022-9,45,160,14,0.00904977375565611,956
M-2022-9,154,117,21,0.00904392764857881,957
M-2022-9,143,155,31,0.009035266686097347,958
M-2022-9,119,71,28,0.008982996470965673,959
M-2022-9,89,28,6,0.008888888888888889,960
M-2022-9,89,45,6,0.008888888888888889,961
M-2022-9,166,53,43,0.00885502471169687,962
M-2022-9,170,125,25,0.008852691218130312,963
M-2022-9,33,143,4,0.008849557522123894,964
M-2022-9,33,149,4,0.008849557522123894,965
M-2022-9,9,28,13,0.008843537414965987,966
M-2022-9,159,140,18,0.008836524300441826,967
M-2022-9,68,142,39,0.00882752376641014,968
M-2022-9,56,53,93,0.008826041567808675,969
M-2022-9,139,157,14,0.008816120906801008,970
M-2022-9,116,28,32,0.008771929824561403,971
M-2022-9,21,117,23,0.008758568164508759,972
M-2022-9,11,18,17,0.008758371973209686,973
M-2022-9,13,63,13,0.008718980549966466,974
M-2022-9,13,156,13,0.008718980549966466,975
M-2022-9,52,140,15,0.008710801393728223,976
M-2022-9,111,166,16,0.008700380641653072,977
M-2022-9,171,62,68,0.00868898543317148,978
M-2022-9,130,25,42,0.008645533141210375,979
M-2022-9,28,59,91,0.00862968231389284,980
M-2022-9,8,153,15,0.008625646923519264,981
M-2022-9,32,172,15,0.008620689655172414,982
M-2022-9,63,171,87,0.008605341246290801,983
M-2022-9,137,171,6,0.008595988538681949,984
M-2022-9,141,157,11,0.00859375,985
M-2022-9,60,86,347,0.008580188912516691,986
M-2022-9,5,86,23,0.008575689783743476,987
M-2022-9,138,96,197,0.008570807048074832,988
M-2022-9,39,28,48,0.008559201141226819,989
M-2022-9,105,63,43,0.008523290386521309,990
M-2022-9,170,171,24,0.0084985835694051,991
M-2022-9,116,71,31,0.00849780701754386,992
M-2022-9,116,133,31,0.00849780701754386,993
M-2022-9,177,5,11,0.008461538461538461,994
M-2022-9,153,117,595,0.008447624726694494,995
M-2022-9,56,118,89,0.008446426876720129,996
M-2022-9,74,76,30,0.008419870895312938,997
M-2022-9,104,172,17,0.008386778490379871,998
M-2022-9,93,156,254,0.00836489379219496,999
M-2022-9,1,125,31,0.008333333333333333,1000
M-2022-9,117,2,583,0.008327857612204668,1001
M-2022-9,160,117,12,0.008310249307479225,1002
M-2022-9,160,175,12,0.008310249307479225,1003
M-2022-9,25,129,359,0.008301345789205938,1004
M-2022-9,88,117,2,0.008298755186721992,1005
M-2022-9,88,142,2,0.008298755186721992,1006
M-2022-9,88,149,2,0.008298755186721992,1007
M-2022-9,11,138,16,0.00824317362184441,1008
M-2022-9,135,73,25,0.008223684210526315,1009
M-2022-9,111,32,15,0.008156606851549755,1010
M-2022-9,111,143,15,0.008156606851549755,1011
M-2022-9,111,155,15,0.008156606851549755,1012
M-2022-9,111,171,15,0.008156606851549755,1013
M-2022-9,111,172,15,0.008156606851549755,1014
M-2022-9,16,25,13,0.008150470219435737,1015
M-2022-9,170,129,23,0.008144475920679886,1016
M-2022-9,99,122,182,0.008097165991902834,1017
M-2022-9,96,5,428,0.008077910312547183,1018
M-2022-9,32,2,14,0.008045977011494253,1019
M-2022-9,113,53,18,0.008032128514056224,1020
M-2022-9,14,93,60,0.008027829810008028,1021
M-2022-9,85,93,7,0.008027522935779817,1022
M-2022-9,164,83,15,0.008,1023
M-2022-9,157,1,23,0.007991660875608061,1024
M-2022-9,157,131,23,0.007991660875608061,1025
M-2022-9,117,29,559,0.007985029854583893,1026
M-2022-9,57,133,14,0.007963594994311717,1027
M-2022-9,37,115,3,0.007936507936507936,1028
M-2022-9,135,25,24,0.007894736842105263,1029
M-2022-9,135,61,24,0.007894736842105263,1030
M-2022-9,0,91,12,0.007894736842105263,1031
M-2022-9,104,155,16,0.007893438579181056,1032
M-2022-9,165,117,50,0.007872775940796726,1033
M-2022-9,23,2,63,0.007869098176367724,1034
M-2022-9,74,75,28,0.007858546168958742,1035
M-2022-9,176,77,21,0.00784167289021658,1036
M-2022-9,176,156,21,0.00784167289021658,1037
M-2022-9,93,135,238,0.007837971348592128,1038
M-2022-9,122,18,439,0.007818761465438938,1039
M-2022-9,149,96,401,0.007815240693821867,1040
M-2022-9,141,21,10,0.0078125,1041
M-2022-9,141,124,10,0.0078125,1042
M-2022-9,86,108,310,0.007805811552601098,1043
M-2022-9,173,175,26,0.007791429427629608,1044
M-2022-9,18,117,205,0.0077751649852082225,1045
M-2022-9,94,3,3,0.007772020725388601,1046
M-2022-9,94,175,3,0.007772020725388601,1047
M-2022-9,45,29,12,0.007756948933419522,1048
M-2022-9,45,125,12,0.007756948933419522,1049
M-2022-9,45,149,12,0.007756948933419522,1050
M-2022-9,66,176,27,0.007751937984496124,1051
M-2022-9,154,62,18,0.007751937984496124,1052
M-2022-9,154,83,18,0.007751937984496124,1053
M-2022-9,138,130,178,0.007744180987600609,1054
M-2022-9,132,135,127,0.007737297429024004,1055
M-2022-9,105,45,39,0.007730426164519326,1056
M-2022-9,19,24,150,0.0077045559607581285,1057
M-2022-9,119,121,24,0.007699711260827719,1058
M-2022-9,96,142,406,0.007662690623584478,1059
M-2022-9,71,77,575,0.007647395230685339,1060
M-2022-9,112,149,9,0.007640067911714771,1061
M-2022-9,14,63,57,0.007626438319507626,1062
M-2022-9,160,105,11,0.007617728531855956,1063
M-2022-9,67,68,21,0.007616974972796518,1064
M-2022-9,111,77,14,0.0076128330614464385,1065
M-2022-9,111,117,14,0.0076128330614464385,1066
M-2022-9,127,46,39,0.007587548638132296,1067
M-2022-9,25,156,328,0.007584516487073949,1068
M-2022-9,143,93,26,0.00757796560769455,1069
M-2022-9,60,171,306,0.007566391375302903,1070
M-2022-9,15,125,4,0.007561436672967864,1071
M-2022-9,132,133,124,0.007554526623613988,1072
M-2022-9,26,29,10,0.007547169811320755,1073
M-2022-9,26,117,10,0.007547169811320755,1074
M-2022-9,26,153,10,0.007547169811320755,1075
M-2022-9,140,49,330,0.007534074564507659,1076
M-2022-9,16,130,12,0.007523510971786834,1077
M-2022-9,126,132,14,0.007502679528403001,1078
M-2022-9,9,50,11,0.007482993197278911,1079
M-2022-9,9,77,11,0.007482993197278911,1080
M-2022-9,9,93,11,0.007482993197278911,1081
M-2022-9,124,122,165,0.00747926204614478,1082
M-2022-9,32,140,13,0.007471264367816092,1083
M-2022-9,32,155,13,0.007471264367816092,1084
M-2022-9,66,14,26,0.007464829170255527,1085
M-2022-9,66,127,26,0.007464829170255527,1086
M-2022-9,96,156,395,0.007455080779103125,1087
M-2022-9,170,17,21,0.007436260623229462,1088
M-2022-9,170,18,21,0.007436260623229462,1089
M-2022-9,170,122,21,0.007436260623229462,1090
M-2022-9,89,149,5,0.007407407407407408,1091
M-2022-9,138,156,170,0.0073961279095062,1092
M-2022-9,46,29,81,0.0073763773791093706,1093
M-2022-9,105,34,37,0.007333994053518335,1094
M-2022-9,105,93,37,0.007333994053518335,1095
M-2022-9,146,61,41,0.007329281372899535,1096
M-2022-9,48,14,22,0.007326007326007326,1097
M-2022-9,30,149,7,0.007306889352818371,1098
M-2022-9,74,153,26,0.007297221442604546,1099
M-2022-9,143,41,25,0.00728650539201399,1100
M-2022-9,143,142,25,0.00728650539201399,1101
M-2022-9,2,136,39,0.007278835386338186,1102
M-2022-9,120,51,18,0.007258064516129033,1103
M-2022-9,67,142,20,0.007254261878853826,1104
M-2022-9,23,21,58,0.007244566575068698,1105
M-2022-9,21,153,19,0.0072353389185072356,1106
M-2022-9,34,110,3,0.007228915662650603,1107
M-2022-9,14,133,54,0.0072250468290072254,1108
M-2022-9,138,97,166,0.007222101370458995,1109
M-2022-9,35,25,16,0.007213706041478809,1110
M-2022-9,11,117,14,0.0072127769191138585,1111
M-2022-9,56,176,76,0.007212679130682358,1112
M-2022-9,96,29,379,0.007153102823493885,1113
M-2022-9,76,79,33,0.007147498375568551,1114
M-2022-9,105,60,36,0.00713577799801784,1115
M-2022-9,43,149,31,0.007124798896805332,1116
M-2022-9,23,117,57,0.0071196602548088935,1117
M-2022-9,140,75,311,0.007100294513823885,1118
M-2022-9,5,83,19,0.0070842654735272185,1119
M-2022-9,5,170,19,0.0070842654735272185,1120
M-2022-9,170,28,20,0.007082152974504249,1121
M-2022-9,25,124,306,0.007075798917818989,1122
M-2022-9,111,107,13,0.0070690592713431215,1123
M-2022-9,111,158,13,0.0070690592713431215,1124
M-2022-9,42,105,10,0.007042253521126761,1125
M-2022-9,141,91,9,0.00703125,1126
M-2022-9,140,82,307,0.007008972397890459,1127
M-2022-9,149,153,359,0.006996686805690899,1128
M-2022-9,143,18,24,0.006995045176333431,1129
M-2022-9,12,25,23,0.006954944058058663,1130
M-2022-9,155,2,50,0.006951202558042541,1131
M-2022-9,29,138,198,0.00694249649368864,1132
M-2022-9,99,149,156,0.006940427993059572,1133
M-2022-9,149,2,356,0.006938218670824401,1134
M-2022-9,105,127,35,0.006937561942517344,1135
M-2022-9,142,25,193,0.006929733223223582,1136
M-2022-9,139,49,11,0.0069269521410579345,1137
M-2022-9,139,148,11,0.0069269521410579345,1138
M-2022-9,28,25,73,0.006922712185870081,1139
M-2022-9,46,93,76,0.006921045442127311,1140
M-2022-9,174,114,10,0.006920415224913495,1141
M-2022-9,135,155,21,0.006907894736842105,1142
M-2022-9,104,149,14,0.006906758756783424,1143
M-2022-9,32,17,12,0.006896551724137931,1144
M-2022-9,32,19,12,0.006896551724137931,1145
M-2022-9,16,18,11,0.006896551724137931,1146
M-2022-9,154,63,16,0.0068906115417743325,1147
M-2022-9,154,142,16,0.0068906115417743325,1148
M-2022-9,159,54,14,0.006872852233676976,1149
M-2022-9,159,93,14,0.006872852233676976,1150
M-2022-9,159,175,14,0.006872852233676976,1151
M-2022-9,161,115,6,0.006864988558352402,1152
M-2022-9,62,61,117,0.00686217008797654,1153
M-2022-9,156,122,171,0.006857005373325848,1154
M-2022-9,24,133,66,0.006850736973219846,1155
M-2022-9,27,155,37,0.006850583225328643,1156
M-2022-9,144,171,18,0.006844106463878327,1157
M-2022-9,175,79,265,0.0068337717262365255,1158
M-2022-9,61,133,118,0.006830284788145404,1159
M-2022-9,28,156,72,0.0068278805120910386,1160
M-2022-9,14,2,51,0.006823655338506824,1161
M-2022-9,14,83,51,0.006823655338506824,1162
M-2022-9,9,127,10,0.006802721088435374,1163
M-2022-9,3,140,7,0.006802721088435374,1164
M-2022-9,26,71,9,0.006792452830188679,1165
M-2022-9,26,116,9,0.006792452830188679,1166
M-2022-9,81,175,26,0.006784968684759917,1167
M-2022-9,86,63,269,0.006773430024676437,1168
M-2022-9,35,166,15,0.006762849413886384,1169
M-2022-9,46,143,74,0.006738912667334487,1170
M-2022-9,170,71,19,0.006728045325779037,1171
M-2022-9,176,2,18,0.006721433905899925,1172
M-2022-9,176,149,18,0.006721433905899925,1173
M-2022-9,17,156,68,0.006707437364371671,1174
M-2022-9,13,61,10,0.00670690811535882,1175
M-2022-9,13,138,10,0.00670690811535882,1176
M-2022-9,13,175,10,0.00670690811535882,1177
M-2022-9,172,103,61,0.0067055073101022315,1178
M-2022-9,11,14,13,0.006697578567748583,1179
M-2022-9,11,156,13,0.006697578567748583,1180
M-2022-9,175,74,259,0.006679044819227397,1181
M-2022-9,155,61,48,0.00667315445572084,1182
M-2022-9,27,53,36,0.0066654323273467875,1183
M-2022-9,46,156,73,0.006647846279938075,1184
M-2022-9,33,32,3,0.00663716814159292,1185
M-2022-9,33,50,3,0.00663716814159292,1186
M-2022-9,33,104,3,0.00663716814159292,1187
M-2022-9,33,115,3,0.00663716814159292,1188
M-2022-9,33,142,3,0.00663716814159292,1189
M-2022-9,33,156,3,0.00663716814159292,1190
M-2022-9,158,108,64,0.00660883932259397,1191
M-2022-9,157,143,19,0.00660180681028492,1192
M-2022-9,166,77,32,0.006589785831960461,1193
M-2022-9,0,2,10,0.006578947368421052,1194
M-2022-9,14,18,49,0.006556061011506556,1195
M-2022-9,49,46,191,0.006526121570369358,1196
M-2022-9,20,124,13,0.006526104417670682,1197
M-2022-9,41,53,16,0.006514657980456026,1198
M-2022-9,41,172,16,0.006514657980456026,1199
M-2022-9,175,72,252,0.006498530094383413,1200
M-2022-9,154,32,15,0.006459948320413436,1201
M-2022-9,154,93,15,0.006459948320413436,1202
M-2022-9,132,134,106,0.006457901791153893,1203
M-2022-9,1,116,24,0.0064516129032258064,1204
M-2022-9,10,125,6,0.0064516129032258064,1205
M-2022-9,126,12,12,0.006430868167202572,1206
M-2022-9,127,68,33,0.006420233463035019,1207
M-2022-9,156,153,160,0.006415911460421846,1208
M-2022-9,104,43,13,0.006413418845584608,1209
M-2022-9,143,23,22,0.006412124744972311,1210
M-2022-9,164,102,12,0.0064,1211
M-2022-9,125,133,26,0.006399212404627123,1212
M-2022-9,52,75,11,0.006387921022067364,1213
M-2022-9,52,93,11,0.006387921022067364,1214
M-2022-9,159,86,13,0.006381934216985763,1215
M-2022-9,159,153,13,0.006381934216985763,1216
M-2022-9,170,39,18,0.006373937677053824,1217
M-2022-9,170,166,18,0.006373937677053824,1218
M-2022-9,142,156,177,0.006355247567412301,1219
M-2022-9,28,71,67,0.006353722143195828,1220
M-2022-9,105,28,32,0.006342913776015857,1221
M-2022-9,105,133,32,0.006342913776015857,1222
M-2022-9,105,156,32,0.006342913776015857,1223
M-2022-9,163,49,13,0.0063321967851924016,1224
M-2022-9,53,14,45,0.006322888857664746,1225
M-2022-9,32,175,11,0.00632183908045977,1226
M-2022-9,35,153,14,0.0063119927862939585,1227
M-2022-9,158,23,61,0.006299049979347377,1228
M-2022-9,139,66,10,0.006297229219143577,1229
M-2022-9,139,93,10,0.006297229219143577,1230
M-2022-9,16,158,10,0.006269592476489028,1231
M-2022-9,30,136,6,0.006263048016701462,1232
M-2022-9,124,149,138,0.00625538280223018,1233
M-2022-9,151,5,13,0.00625,1234
M-2022-9,141,171,8,0.00625,1235
M-2022-9,113,129,14,0.006247211066488175,1236
M-2022-9,115,149,111,0.006242618525392272,1237
M-2022-9,29,136,178,0.006241234221598878,1238
M-2022-9,160,168,9,0.006232686980609419,1239
M-2022-9,109,18,10,0.006211180124223602,1240
M-2022-9,158,51,60,0.006195786864931847,1241
M-2022-9,69,110,2,0.006191950464396285,1242
M-2022-9,69,115,2,0.006191950464396285,1243
M-2022-9,69,140,2,0.006191950464396285,1244
M-2022-9,69,141,2,0.006191950464396285,1245
M-2022-9,11,131,12,0.0061823802163833074,1246
M-2022-9,166,124,30,0.006177924217462933,1247
M-2022-9,130,14,30,0.006175380815150268,1248
M-2022-9,67,133,17,0.006166122597025753,1249
M-2022-9,36,123,2,0.006153846153846154,1250
M-2022-9,36,134,2,0.006153846153846154,1251
M-2022-9,36,168,2,0.006153846153846154,1252
M-2022-9,105,143,31,0.006144697720515362,1253
M-2022-9,9,116,9,0.006122448979591836,1254
M-2022-9,50,122,45,0.006082725060827251,1255
M-2022-9,121,16,1,0.006060606060606061,1256
M-2022-9,121,25,1,0.006060606060606061,1257
M-2022-9,121,49,1,0.006060606060606061,1258
M-2022-9,121,53,1,0.006060606060606061,1259
M-2022-9,121,68,1,0.006060606060606061,1260
M-2022-9,121,71,1,0.006060606060606061,1261
M-2022-9,121,82,1,0.006060606060606061,1262
M-2022-9,121,129,1,0.006060606060606061,1263
M-2022-9,121,149,1,0.006060606060606061,1264
M-2022-9,121,156,1,0.006060606060606061,1265
M-2022-9,121,164,1,0.006060606060606061,1266
M-2022-9,110,115,24,0.00604991177211999,1267
M-2022-9,53,117,43,0.006041871575101869,1268
M-2022-9,13,140,9,0.006036217303822937,1269
M-2022-9,118,25,14,0.006031882809133994,1270
M-2022-9,14,25,45,0.0060208723575060205,1271
M-2022-9,115,136,107,0.00601765929925201,1272
M-2022-9,17,142,61,0.006016965870980469,1273
M-2022-9,4,94,6,0.005994005994005994,1274
M-2022-9,158,71,58,0.005989260636100785,1275
M-2022-9,111,2,11,0.005981511691136488,1276
M-2022-9,111,14,11,0.005981511691136488,1277
M-2022-9,111,86,11,0.005981511691136488,1278
M-2022-9,111,177,11,0.005981511691136488,1279
M-2022-9,176,14,16,0.00597460791635549,1280
M-2022-9,166,143,29,0.005971993410214168,1281
M-2022-9,130,142,29,0.005969534787978592,1282
M-2022-9,83,130,147,0.005969058350590815,1283
M-2022-9,99,117,134,0.005961649686346043,1284
M-2022-9,105,86,30,0.005946481665014866,1285
M-2022-9,105,131,30,0.005946481665014866,1286
M-2022-9,89,29,4,0.005925925925925926,1287
M-2022-9,135,175,18,0.0059210526315789476,1288
M-2022-9,157,68,17,0.00590687977762335,1289
M-2022-9,175,140,229,0.005905410284181753,1290
M-2022-9,65,143,16,0.0058997050147492625,1291
M-2022-9,62,60,100,0.005865102639296188,1292
M-2022-9,163,127,12,0.0058451047247929854,1293
M-2022-9,148,61,33,0.005835543766578249,1294
M-2022-9,3,155,6,0.0058309037900874635,1295
M-2022-9,45,156,9,0.005817711700064641,1296
M-2022-9,45,162,9,0.005817711700064641,1297
M-2022-9,52,32,10,0.005807200929152149,1298
M-2022-9,67,29,16,0.005803409503083061,1299
M-2022-9,117,96,404,0.005770933919949719,1300
M-2022-9,153,61,406,0.005764261578215067,1301
M-2022-9,8,133,10,0.005750431282346176,1302
M-2022-9,105,149,29,0.005748265609514371,1303
M-2022-9,32,139,10,0.005747126436781609,1304
M-2022-9,12,115,19,0.005745388569700635,1305
M-2022-9,115,156,102,0.005736460266576683,1306
M-2022-9,85,24,5,0.005733944954128441,1307
M-2022-9,85,82,5,0.005733944954128441,1308
M-2022-9,136,25,110,0.005726482378051955,1309
M-2022-9,161,45,5,0.005720823798627002,1310
M-2022-9,161,89,5,0.005720823798627002,1311
M-2022-9,161,122,5,0.005720823798627002,1312
M-2022-9,44,143,7,0.005714285714285714,1313
M-2022-9,44,153,7,0.005714285714285714,1314
M-2022-9,140,156,249,0.005684801716855779,1315
M-2022-9,115,171,101,0.005680220460041617,1316
M-2022-9,49,133,166,0.005671917176341955,1317
M-2022-9,15,25,3,0.005671077504725898,1318
M-2022-9,15,50,3,0.005671077504725898,1319
M-2022-9,15,141,3,0.005671077504725898,1320
M-2022-9,15,142,3,0.005671077504725898,1321
M-2022-9,15,175,3,0.005671077504725898,1322
M-2022-9,15,176,3,0.005671077504725898,1323
M-2022-9,11,115,11,0.005667181865018032,1324
M-2022-9,11,125,11,0.005667181865018032,1325
M-2022-9,170,59,16,0.0056657223796034,1326
M-2022-9,16,163,9,0.005642633228840125,1327
M-2022-9,23,18,45,0.005620784411691232,1328
M-2022-9,140,19,246,0.00561631012990571,1329
M-2022-9,74,80,20,0.005613247263541959,1330
M-2022-9,176,28,15,0.005601194921583271,1331
M-2022-9,2,51,30,0.005599104143337066,1332
M-2022-9,154,86,13,0.005598621877691645,1333
M-2022-9,117,133,391,0.0055852355512384655,1334
M-2022-9,115,135,99,0.005567740846971487,1335
M-2022-9,122,149,312,0.005556841861542023,1336
M-2022-9,61,63,96,0.005556841861542023,1337
M-2022-9,46,136,61,0.005555049631181131,1338
M-2022-9,105,166,28,0.005550049554013875,1339
M-2022-9,146,45,31,0.005541651769753307,1340
M-2022-9,160,124,8,0.00554016620498615,1341
M-2022-9,160,125,8,0.00554016620498615,1342
M-2022-9,55,140,26,0.005537806176783813,1343
M-2022-9,143,115,19,0.005537744097930632,1344
M-2022-9,174,53,8,0.005536332179930796,1345
M-2022-9,174,56,8,0.005536332179930796,1346
M-2022-9,43,156,24,0.005515973339462192,1347
M-2022-9,168,130,35,0.00549364307016167,1348
M-2022-9,149,18,281,0.005476515299161957,1349
M-2022-9,141,20,7,0.00546875,1350
M-2022-9,67,143,15,0.00544069640914037,1351
M-2022-9,64,13,19,0.005439450329229888,1352
M-2022-9,111,28,10,0.005437737901033171,1353
M-2022-9,68,117,24,0.005432322317790856,1354
M-2022-9,104,16,11,0.005426739023186976,1355
M-2022-9,104,18,11,0.005426739023186976,1356
M-2022-9,104,60,11,0.005426739023186976,1357
M-2022-9,104,69,11,0.005426739023186976,1358
M-2022-9,155,133,39,0.005421937995273182,1359
M-2022-9,147,128,12,0.005388414907947912,1360
M-2022-9,147,156,12,0.005388414907947912,1361
M-2022-9,10,61,5,0.005376344086021506,1362
M-2022-9,46,142,59,0.005372916856388307,1363
M-2022-9,13,136,8,0.0053655264922870555,1364
M-2022-9,70,78,9,0.005363528009535161,1365
M-2022-9,126,29,10,0.0053590568060021436,1366
M-2022-9,163,29,11,0.00535801266439357,1367
M-2022-9,163,75,11,0.00535801266439357,1368
M-2022-9,163,77,11,0.00535801266439357,1369
M-2022-9,75,49,75,0.005353701192090799,1370
M-2022-9,75,73,75,0.005353701192090799,1371
M-2022-9,130,110,26,0.005351996706463565,1372
M-2022-9,14,136,40,0.005351886540005352,1373
M-2022-9,105,104,27,0.005351833498513379,1374
M-2022-9,124,129,118,0.0053488055845156614,1375
M-2022-9,63,135,54,0.005341246290801187,1376
M-2022-9,153,18,376,0.005338330919726269,1377
M-2022-9,131,132,139,0.005323834693017733,1378
M-2022-9,149,124,273,0.005320600272851296,1379
M-2022-9,170,172,15,0.005311614730878187,1380
M-2022-9,29,124,151,0.0052945301542776995,1381
M-2022-9,37,96,2,0.005291005291005291,1382
M-2022-9,37,105,2,0.005291005291005291,1383
M-2022-9,115,39,94,0.005286541814296159,1384
M-2022-9,82,77,194,0.0052865356841158674,1385
M-2022-9,26,28,7,0.005283018867924529,1386
M-2022-9,26,46,7,0.005283018867924529,1387
M-2022-9,26,77,7,0.005283018867924529,1388
M-2022-9,26,82,7,0.005283018867924529,1389
M-2022-9,26,89,7,0.005283018867924529,1390
M-2022-9,26,149,7,0.005283018867924529,1391
M-2022-9,123,117,48,0.005282271376691978,1392
M-2022-9,91,14,19,0.005274847307051638,1393
M-2022-9,153,155,370,0.005253144788028509,1394
M-2022-9,153,156,370,0.005253144788028509,1395
M-2022-9,120,71,13,0.005241935483870968,1396
M-2022-9,120,99,13,0.005241935483870968,1397
M-2022-9,120,129,13,0.005241935483870968,1398
M-2022-9,132,148,86,0.005239429755087121,1399
M-2022-9,176,46,14,0.005227781926811053,1400
M-2022-9,49,93,153,0.0052277308914477055,1401
M-2022-9,30,75,5,0.005219206680584551,1402
M-2022-9,28,170,55,0.005215742057847321,1403
M-2022-9,133,131,252,0.005213936936191343,1404
M-2022-9,157,25,15,0.005211952744961779,1405
M-2022-9,162,2,1,0.005208333333333333,1406
M-2022-9,162,25,1,0.005208333333333333,1407
M-2022-9,162,64,1,0.005208333333333333,1408
M-2022-9,162,86,1,0.005208333333333333,1409
M-2022-9,162,103,1,0.005208333333333333,1410
M-2022-9,162,116,1,0.005208333333333333,1411
M-2022-9,162,122,1,0.005208333333333333,1412
M-2022-9,162,123,1,0.005208333333333333,1413
M-2022-9,162,125,1,0.005208333333333333,1414
M-2022-9,162,135,1,0.005208333333333333,1415
M-2022-9,162,136,1,0.005208333333333333,1416
M-2022-9,162,138,1,0.005208333333333333,1417
M-2022-9,162,143,1,0.005208333333333333,1418
M-2022-9,94,14,2,0.0051813471502590676,1419
M-2022-9,94,93,2,0.0051813471502590676,1420
M-2022-9,94,154,2,0.0051813471502590676,1421
M-2022-9,32,14,9,0.005172413793103448,1422
M-2022-9,32,18,9,0.005172413793103448,1423
M-2022-9,32,76,9,0.005172413793103448,1424
M-2022-9,32,111,9,0.005172413793103448,1425
M-2022-9,45,25,8,0.005171299288946348,1426
M-2022-9,66,27,18,0.00516795865633075,1427
M-2022-9,66,87,18,0.00516795865633075,1428
M-2022-9,154,91,12,0.00516795865633075,1429
M-2022-9,154,175,12,0.00516795865633075,1430
M-2022-9,64,61,18,0.005153163469796736,1431
M-2022-9,11,86,10,0.005151983513652756,1432
M-2022-9,155,25,37,0.005143889892951481,1433
M-2022-9,155,117,37,0.005143889892951481,1434
M-2022-9,117,28,360,0.005142416364311631,1435
M-2022-9,12,125,17,0.005140610825521621,1436
M-2022-9,142,71,143,0.0051344655488133285,1437
M-2022-9,119,124,16,0.005133140840551813,1438
M-2022-9,56,51,54,0.005124798329695359,1439
M-2022-9,103,18,10,0.005112474437627812,1440
M-2022-9,103,172,10,0.005112474437627812,1441
M-2022-9,90,82,24,0.005096623486939902,1442
M-2022-9,173,166,17,0.005094396164219359,1443
M-2022-9,112,86,6,0.0050933786078098476,1444
M-2022-9,112,151,6,0.0050933786078098476,1445
M-2022-9,67,61,14,0.005077983315197679,1446
M-2022-9,149,130,260,0.005067238355096472,1447
M-2022-9,158,49,49,0.005059892606361008,1448
M-2022-9,127,153,26,0.005058365758754864,1449
M-2022-9,139,14,8,0.005037783375314861,1450
M-2022-9,139,52,8,0.005037783375314861,1451
M-2022-9,139,154,8,0.005037783375314861,1452
M-2022-9,80,76,8,0.005021971123666039,1453
M-2022-9,16,79,8,0.005015673981191223,1454
M-2022-9,16,143,8,0.005015673981191223,1455
M-2022-9,16,166,8,0.005015673981191223,1456
M-2022-9,149,133,257,0.005008770220229975,1457
M-2022-9,4,107,5,0.004995004995004995,1458
M-2022-9,31,142,18,0.004987531172069825,1459
M-2022-9,143,51,17,0.004954823666569514,1460
M-2022-9,143,140,17,0.004954823666569514,1461
M-2022-9,166,105,24,0.004942339373970346,1462
M-2022-9,130,9,24,0.004940304652120214,1463
M-2022-9,135,124,15,0.004934210526315789,1464
M-2022-9,159,142,10,0.004909180166912126,1465
M-2022-9,44,117,6,0.004897959183673469,1466
M-2022-9,111,61,9,0.004893964110929853,1467
M-2022-9,111,133,9,0.004893964110929853,1468
M-2022-9,41,126,12,0.004885993485342019,1469
M-2022-9,84,140,14,0.004879749041477867,1470
M-2022-9,83,155,120,0.004872700694359849,1471
M-2022-9,101,138,251,0.0048709489617698425,1472
M-2022-9,163,136,10,0.004870920603994155,1473
M-2022-9,127,143,25,0.0048638132295719845,1474
M-2022-9,3,2,5,0.004859086491739553,1475
M-2022-9,176,111,13,0.0048543689320388345,1476
M-2022-9,176,153,13,0.0048543689320388345,1477
M-2022-9,149,122,249,0.004852855193919314,1478
M-2022-9,2,87,26,0.0048525569242254575,1479
M-2022-9,2,157,26,0.0048525569242254575,1480
M-2022-9,124,93,107,0.004850188114772676,1481
M-2022-9,160,132,7,0.004847645429362881,1482
M-2022-9,160,149,7,0.004847645429362881,1483
M-2022-9,174,95,7,0.004844290657439446,1484
M-2022-9,133,153,234,0.004841512869320533,1485
M-2022-9,1,72,18,0.004838709677419355,1486
M-2022-9,1,153,18,0.004838709677419355,1487
M-2022-9,28,159,51,0.0048364153627311526,1488
M-2022-9,149,83,248,0.004833365815630482,1489
M-2022-9,17,155,49,0.00483330045373841,1490
M-2022-9,169,45,10,0.004833252779120348,1491
M-2022-9,79,72,55,0.004827101983500088,1492
M-2022-9,43,155,21,0.004826476672029419,1493
M-2022-9,126,133,9,0.00482315112540193,1494
M-2022-9,14,86,36,0.004816697886004816,1495
M-2022-9,39,1,27,0.004814550641940085,1496
M-2022-9,122,25,270,0.0048088054571036746,1497
M-2022-9,93,132,146,0.004808167297875844,1498
M-2022-9,65,155,13,0.004793510324483776,1499
M-2022-9,136,63,92,0.004789421625279817,1500
M-2022-9,108,117,33,0.004773614928395776,1501
M-2022-9,74,163,17,0.0047712601740106655,1502
M-2022-9,9,121,7,0.004761904761904762,1503
M-2022-9,9,131,7,0.004761904761904762,1504
M-2022-9,158,28,46,0.004750103263114415,1505
M-2022-9,154,61,11,0.004737295434969853,1506
M-2022-9,156,129,118,0.004731734702061112,1507
M-2022-9,155,158,34,0.004726817739468928,1508
M-2022-9,115,153,84,0.004724143748945504,1509
M-2022-9,67,26,13,0.004715270221254987,1510
M-2022-9,67,93,13,0.004715270221254987,1511
M-2022-9,13,60,7,0.004694835680751174,1512
M-2022-9,129,2,122,0.004689782424848158,1513
M-2022-9,141,125,6,0.0046875,1514
M-2022-9,125,117,19,0.004676347526458282,1515
M-2022-9,24,142,45,0.00467095702719535,1516
M-2022-9,143,127,16,0.004663363450888954,1517
M-2022-9,143,175,16,0.004663363450888954,1518
M-2022-9,116,156,17,0.004660087719298245,1519
M-2022-9,52,20,8,0.004645760743321719,1520
M-2022-9,11,29,9,0.00463678516228748,1521
M-2022-9,11,49,9,0.00463678516228748,1522
M-2022-9,11,63,9,0.00463678516228748,1523
M-2022-9,11,143,9,0.00463678516228748,1524
M-2022-9,11,171,9,0.00463678516228748,1525
M-2022-9,156,93,115,0.004611436362178202,1526
M-2022-9,135,117,14,0.004605263157894736,1527
M-2022-9,170,5,13,0.004603399433427762,1528
M-2022-9,170,149,13,0.004603399433427762,1529
M-2022-9,103,83,9,0.004601226993865031,1530
M-2022-9,8,10,8,0.004600345025876941,1531
M-2022-9,148,132,26,0.004597701149425287,1532
M-2022-9,32,66,8,0.004597701149425287,1533
M-2022-9,32,96,8,0.004597701149425287,1534
M-2022-9,32,142,8,0.004597701149425287,1535
M-2022-9,155,129,33,0.004587793688308077,1536
M-2022-9,85,137,4,0.0045871559633027525,1537
M-2022-9,85,175,4,0.0045871559633027525,1538
M-2022-9,21,71,12,0.00456968773800457,1539
M-2022-9,51,156,72,0.00456418383518225,1540
M-2022-9,105,0,23,0.0045589692765113975,1541
M-2022-9,105,128,23,0.0045589692765113975,1542
M-2022-9,105,129,23,0.0045589692765113975,1543
M-2022-9,168,117,29,0.004551875686705384,1544
M-2022-9,168,122,29,0.004551875686705384,1545
M-2022-9,134,93,37,0.00454992621741269,1546
M-2022-9,149,99,233,0.004541025141297993,1547
M-2022-9,12,63,15,0.004535833081342607,1548
M-2022-9,12,138,15,0.004535833081342607,1549
M-2022-9,166,50,22,0.004530477759472817,1550
M-2022-9,26,66,6,0.004528301886792453,1551
M-2022-9,26,141,6,0.004528301886792453,1552
M-2022-9,26,156,6,0.004528301886792453,1553
M-2022-9,45,146,7,0.004524886877828055,1554
M-2022-9,45,168,7,0.004524886877828055,1555
M-2022-9,45,171,7,0.004524886877828055,1556
M-2022-9,142,163,126,0.004524074539513842,1557
M-2022-9,20,133,9,0.004518072289156626,1558
M-2022-9,20,143,9,0.004518072289156626,1559
M-2022-9,157,51,13,0.004517025712300208,1560
M-2022-9,157,105,13,0.004517025712300208,1561
M-2022-9,119,140,14,0.004491498235482836,1562
M-2022-9,156,124,112,0.004491138022295292,1563
M-2022-9,176,53,12,0.004480955937266617,1564
M-2022-9,176,93,12,0.004480955937266617,1565
M-2022-9,2,155,24,0.004479283314669653,1566
M-2022-9,41,127,11,0.004478827361563518,1567
M-2022-9,133,93,216,0.0044690888024497225,1568
M-2022-9,90,14,21,0.004459545551072415,1569
M-2022-9,28,19,47,0.004457088667614984,1570
M-2022-9,28,129,47,0.004457088667614984,1571
M-2022-9,155,139,32,0.0044487696371472265,1572
M-2022-9,155,142,32,0.0044487696371472265,1573
M-2022-9,87,125,29,0.0044485350513882495,1574
M-2022-9,133,61,215,0.004448398576512456,1575
M-2022-9,89,49,3,0.0044444444444444444,1576
M-2022-9,89,115,3,0.0044444444444444444,1577
M-2022-9,89,160,3,0.0044444444444444444,1578
M-2022-9,91,28,16,0.004441976679622432,1579
M-2022-9,91,153,16,0.004441976679622432,1580
M-2022-9,104,122,9,0.004440059200789344,1581
M-2022-9,33,105,2,0.004424778761061947,1582
M-2022-9,33,122,2,0.004424778761061947,1583
M-2022-9,33,153,2,0.004424778761061947,1584
M-2022-9,149,54,227,0.004424088871564997,1585
M-2022-9,159,28,9,0.004418262150220913,1586
M-2022-9,159,156,9,0.004418262150220913,1587
M-2022-9,139,175,7,0.004408060453400504,1588
M-2022-9,139,176,7,0.004408060453400504,1589
M-2022-9,168,34,28,0.004394914456129336,1590
M-2022-9,80,75,7,0.004394224733207784,1591
M-2022-9,16,82,7,0.00438871473354232,1592
M-2022-9,16,124,7,0.00438871473354232,1593
M-2022-9,16,133,7,0.00438871473354232,1594
M-2022-9,132,156,72,0.00438649932984038,1595
M-2022-9,116,49,16,0.0043859649122807015,1596
M-2022-9,163,86,9,0.00438382854359474,1597
M-2022-9,49,61,128,0.004373526497420303,1598
M-2022-9,114,172,7,0.004372267332916927,1599
M-2022-9,143,28,15,0.004371903235208394,1600
M-2022-9,105,151,22,0.004360753221010902,1601
M-2022-9,63,117,44,0.004352126607319486,1602
M-2022-9,124,142,96,0.00435157064502969,1603
M-2022-9,111,18,8,0.004350190320826536,1604
M-2022-9,111,55,8,0.004350190320826536,1605
M-2022-9,111,109,8,0.004350190320826536,1606
M-2022-9,169,86,9,0.0043499275012083135,1607
M-2022-9,153,125,306,0.00434449271658574,1608
M-2022-9,129,117,113,0.004343814868916737,1609
M-2022-9,151,133,9,0.004326923076923077,1610
M-2022-9,151,142,9,0.004326923076923077,1611
M-2022-9,130,51,21,0.004322766570605188,1612
M-2022-9,154,74,10,0.004306632213608958,1613
M-2022-9,154,133,10,0.004306632213608958,1614
M-2022-9,154,141,10,0.004306632213608958,1615
M-2022-9,10,28,4,0.004301075268817204,1616
M-2022-9,10,86,4,0.004301075268817204,1617
M-2022-9,10,117,4,0.004301075268817204,1618
M-2022-9,137,86,3,0.004297994269340974,1619
M-2022-9,137,124,3,0.004297994269340974,1620
M-2022-9,2,28,23,0.004292646509891751,1621
M-2022-9,126,61,8,0.004287245444801715,1622
M-2022-9,126,155,8,0.004287245444801715,1623
M-2022-9,164,97,8,0.004266666666666667,1624
M-2022-9,164,122,8,0.004266666666666667,1625
M-2022-9,63,136,43,0.004253214638971316,1626
M-2022-9,170,68,12,0.00424929178470255,1627
M-2022-9,170,77,12,0.00424929178470255,1628
M-2022-9,112,68,5,0.004244482173174873,1629
M-2022-9,12,160,14,0.0042334442092530995,1630
M-2022-9,19,23,82,0.004211823925214443,1631
M-2022-9,25,153,182,0.004208481709291033,1632
M-2022-9,106,109,11,0.004201680672268907,1633
M-2022-9,108,156,29,0.004194994937075076,1634
M-2022-9,125,88,17,0.0041841004184100415,1635
M-2022-9,30,31,4,0.0041753653444676405,1636
M-2022-9,28,83,44,0.004172593646277857,1637
M-2022-9,70,175,7,0.004171632896305125,1638
M-2022-9,117,19,292,0.004171071051052767,1639
M-2022-9,155,176,30,0.004170721534825525,1640
M-2022-9,157,41,12,0.004169562195969423,1641
M-2022-9,157,63,12,0.004169562195969423,1642
M-2022-9,91,172,15,0.00416435313714603,1643
M-2022-9,105,39,21,0.004162537165510407,1644
M-2022-9,31,140,15,0.004156275976724855,1645
M-2022-9,160,50,6,0.004155124653739612,1646
M-2022-9,174,23,6,0.004152249134948097,1647
M-2022-9,174,83,6,0.004152249134948097,1648
M-2022-9,174,129,6,0.004152249134948097,1649
M-2022-9,88,10,1,0.004149377593360996,1650
M-2022-9,88,28,1,0.004149377593360996,1651
M-2022-9,88,42,1,0.004149377593360996,1652
M-2022-9,88,60,1,0.004149377593360996,1653
M-2022-9,88,76,1,0.004149377593360996,1654
M-2022-9,88,96,1,0.004149377593360996,1655
M-2022-9,88,115,1,0.004149377593360996,1656
M-2022-9,88,132,1,0.004149377593360996,1657
M-2022-9,88,136,1,0.004149377593360996,1658
M-2022-9,14,91,31,0.004147712068504148,1659
M-2022-9,14,149,31,0.004147712068504148,1660
M-2022-9,29,86,118,0.0041374474053295935,1661
M-2022-9,29,115,118,0.0041374474053295935,1662
M-2022-9,117,124,289,0.00412821758135017,1663
M-2022-9,73,75,63,0.004124386252045827,1664
M-2022-9,11,19,8,0.004121586810922205,1665
M-2022-9,166,35,20,0.004118616144975288,1666
M-2022-9,166,95,20,0.004118616144975288,1667
M-2022-9,130,96,20,0.004116920543433511,1668
M-2022-9,130,101,20,0.004116920543433511,1669
M-2022-9,76,78,19,0.00411522633744856,1670
M-2022-9,76,82,19,0.00411522633744856,1671
M-2022-9,116,68,15,0.004111842105263158,1672
M-2022-9,116,123,15,0.004111842105263158,1673
M-2022-9,146,69,23,0.0041115480872363245,1674
M-2022-9,176,129,11,0.004107542942494399,1675
M-2022-9,39,117,23,0.004101283880171184,1676
M-2022-9,46,155,45,0.004097987432838539,1677
M-2022-9,103,122,8,0.00408997955010225,1678
M-2022-9,9,111,6,0.004081632653061225,1679
M-2022-9,143,25,14,0.004080443019527835,1680
M-2022-9,143,86,14,0.004080443019527835,1681
M-2022-9,153,2,287,0.004074736632876168,1682
M-2022-9,152,51,2,0.004073319755600814,1683
M-2022-9,152,108,2,0.004073319755600814,1684
M-2022-9,152,176,2,0.004073319755600814,1685
M-2022-9,52,2,7,0.0040650406504065045,1686
M-2022-9,140,139,178,0.004063834159037465,1687
M-2022-9,35,129,9,0.0040577096483318306,1688
M-2022-9,61,171,70,0.004051863857374392,1689
M-2022-9,77,49,147,0.004042237254578453,1690
M-2022-9,120,125,10,0.004032258064516129,1691
M-2022-9,158,20,39,0.0040272614622057,1692
M-2022-9,8,151,7,0.0040253018976423235,1693
M-2022-9,13,17,6,0.004024144869215292,1694
M-2022-9,13,45,6,0.004024144869215292,1695
M-2022-9,13,54,6,0.004024144869215292,1696
M-2022-9,13,125,6,0.004024144869215292,1697
M-2022-9,32,78,7,0.004022988505747126,1698
M-2022-9,32,91,7,0.004022988505747126,1699
M-2022-9,66,172,14,0.004019523399368361,1700
M-2022-9,14,51,30,0.004013914905004014,1701
M-2022-9,153,60,282,0.004003748189794701,1702
M-2022-9,86,171,159,0.00400362592536637,1703
M-2022-9,23,153,32,0.003997002248313765,1704
M-2022-9,67,19,11,0.003989844033369605,1705
M-2022-9,71,78,299,0.003976645519956377,1706
M-2022-9,105,69,20,0.003964321110009911,1707
M-2022-9,105,176,20,0.003964321110009911,1708
M-2022-9,123,166,36,0.003961703532518983,1709
M-2022-9,138,18,91,0.003959103763323907,1710
M-2022-9,149,105,203,0.003956343792633015,1711
M-2022-9,135,86,12,0.003947368421052632,1712
M-2022-9,135,149,12,0.003947368421052632,1713
M-2022-9,0,71,6,0.003947368421052632,1714
M-2022-9,0,111,6,0.003947368421052632,1715
M-2022-9,0,124,6,0.003947368421052632,1716
M-2022-9,0,129,6,0.003947368421052632,1717
M-2022-9,18,153,104,0.003944473943715391,1718
M-2022-9,115,19,70,0.003936786457454587,1719
M-2022-9,12,50,13,0.003931055337163592,1720
M-2022-9,168,160,25,0.003924030764401193,1721
M-2022-9,50,96,29,0.003919978372533117,1722
M-2022-9,96,25,207,0.003906839800694549,1723
M-2022-9,141,18,5,0.00390625,1724
M-2022-9,141,60,5,0.00390625,1725
M-2022-9,136,60,75,0.003904419803217242,1726
M-2022-9,163,25,8,0.003896736483195324,1727
M-2022-9,163,156,8,0.003896736483195324,1728
M-2022-9,163,171,8,0.003896736483195324,1729
M-2022-9,173,163,13,0.003895714713814804,1730
M-2022-9,170,19,11,0.003895184135977337,1731
M-2022-9,155,68,28,0.0038926734325038233,1732
M-2022-9,155,106,28,0.0038926734325038233,1733
M-2022-9,28,67,41,0.0038880986249407302,1734
M-2022-9,3,117,4,0.003887269193391642,1735
M-2022-9,91,155,14,0.003886729594669628,1736
M-2022-9,14,124,29,0.00388011774150388,1737
M-2022-9,45,130,6,0.003878474466709761,1738
M-2022-9,45,141,6,0.003878474466709761,1739
M-2022-9,45,155,6,0.003878474466709761,1740
M-2022-9,154,17,9,0.003875968992248062,1741
M-2022-9,23,17,31,0.0038720959280539595,1742
M-2022-9,63,93,39,0.003857566765578635,1743
M-2022-9,117,71,270,0.003856812273233723,1744
M-2022-9,119,82,12,0.0038498556304138597,1745
M-2022-9,119,99,12,0.0038498556304138597,1746
M-2022-9,119,129,12,0.0038498556304138597,1747
M-2022-9,156,117,96,0.0038495468762531075,1748
M-2022-9,172,19,35,0.003847422227107838,1749
M-2022-9,151,2,8,0.0038461538461538464,1750
M-2022-9,151,8,8,0.0038461538461538464,1751
M-2022-9,151,168,8,0.0038461538461538464,1752
M-2022-9,116,140,14,0.003837719298245614,1753
M-2022-9,157,28,11,0.003822098679638638,1754
M-2022-9,157,49,11,0.003822098679638638,1755
M-2022-9,157,160,11,0.003822098679638638,1756
M-2022-9,92,53,5,0.003816793893129771,1757
M-2022-9,92,117,5,0.003816793893129771,1758
M-2022-9,92,155,5,0.003816793893129771,1759
M-2022-9,21,17,10,0.003808073115003808,1760
M-2022-9,111,53,7,0.0038064165307232192,1761
M-2022-9,144,61,10,0.0038022813688212928,1762
M-2022-9,136,61,73,0.0038003019417981155,1763
M-2022-9,53,176,27,0.003793733314598848,1764
M-2022-9,50,156,28,0.003784806704514734,1765
M-2022-9,110,130,15,0.0037811948575749935,1766
M-2022-9,15,17,2,0.003780718336483932,1767
M-2022-9,15,32,2,0.003780718336483932,1768
M-2022-9,15,77,2,0.003780718336483932,1769
M-2022-9,15,82,2,0.003780718336483932,1770
M-2022-9,15,127,2,0.003780718336483932,1771
M-2022-9,15,139,2,0.003780718336483932,1772
M-2022-9,15,156,2,0.003780718336483932,1773
M-2022-9,139,25,6,0.003778337531486146,1774
M-2022-9,139,63,6,0.003778337531486146,1775
M-2022-9,139,136,6,0.003778337531486146,1776
M-2022-9,153,129,266,0.003776585171934009,1777
M-2022-9,26,18,5,0.0037735849056603774,1778
M-2022-9,26,86,5,0.0037735849056603774,1779
M-2022-9,26,122,5,0.0037735849056603774,1780
M-2022-9,16,3,6,0.003761755485893417,1781
M-2022-9,16,67,6,0.003761755485893417,1782
M-2022-9,16,96,6,0.003761755485893417,1783
M-2022-9,16,113,6,0.003761755485893417,1784
M-2022-9,16,115,6,0.003761755485893417,1785
M-2022-9,86,49,149,0.003751825552701818,1786
M-2022-9,126,25,7,0.0037513397642015005,1787
M-2022-9,126,171,7,0.0037513397642015005,1788
M-2022-9,172,122,34,0.0037374958777618996,1789
M-2022-9,176,130,10,0.0037341299477221808,1790
M-2022-9,2,14,20,0.003732736095558044,1791
M-2022-9,66,52,13,0.0037324145851277634,1792
M-2022-9,66,53,13,0.0037324145851277634,1793
M-2022-9,66,71,13,0.0037324145851277634,1794
M-2022-9,66,77,13,0.0037324145851277634,1795
M-2022-9,5,94,10,0.0037285607755406414,1796
M-2022-9,109,129,6,0.0037267080745341614,1797
M-2022-9,128,153,16,0.0037209302325581397,1798
M-2022-9,56,150,39,0.003701243238113315,1799
M-2022-9,117,129,258,0.003685398394423335,1800
M-2022-9,76,140,17,0.0036820446177171324,1801
M-2022-9,82,25,135,0.003678774831730114,1802
M-2022-9,43,71,16,0.0036773155596414617,1803
M-2022-9,43,117,16,0.0036773155596414617,1804
M-2022-9,43,143,16,0.0036773155596414617,1805
M-2022-9,41,133,9,0.0036644951140065146,1806
M-2022-9,74,112,13,0.003648610721302273,1807
M-2022-9,74,142,13,0.003648610721302273,1808
M-2022-9,46,60,40,0.0036426554958564794,1809
M-2022-9,117,25,255,0.003642544924720738,1810
M-2022-9,120,124,9,0.0036290322580645163,1811
M-2022-9,68,46,16,0.0036215482118605704,1812
M-2022-9,55,106,17,0.00362087326943557,1813
M-2022-9,135,153,11,0.003618421052631579,1814
M-2022-9,91,138,13,0.003609106052193226,1815
M-2022-9,35,116,8,0.0036068530207394047,1816
M-2022-9,11,122,7,0.0036063884595569293,1817
M-2022-9,11,128,7,0.0036063884595569293,1818
M-2022-9,11,140,7,0.0036063884595569293,1819
M-2022-9,11,142,7,0.0036063884595569293,1820
M-2022-9,11,175,7,0.0036063884595569293,1821
M-2022-9,28,27,38,0.0036036036036036037,1822
M-2022-9,173,117,12,0.003596044351213665,1823
M-2022-9,75,77,50,0.0035691341280605325,1824
M-2022-9,18,23,94,0.0035651976029735266,1825
M-2022-9,116,142,13,0.00356359649122807,1826
M-2022-9,175,78,138,0.0035587188612099642,1827
M-2022-9,19,129,69,0.003544095741948739,1828
M-2022-9,170,153,10,0.0035410764872521247,1829
M-2022-9,170,157,10,0.0035410764872521247,1830
M-2022-9,61,62,61,0.0035309099328548277,1831
M-2022-9,110,153,14,0.0035291152004033274,1832
M-2022-9,102,103,142,0.0035282132829776132,1833
M-2022-9,77,142,128,0.0035197712148710334,1834
M-2022-9,22,51,3,0.0035169988276670576,1835
M-2022-9,22,53,3,0.0035169988276670576,1836
M-2022-9,22,83,3,0.0035169988276670576,1837
M-2022-9,50,117,26,0.003514463368477967,1838
M-2022-9,50,149,26,0.003514463368477967,1839
M-2022-9,56,155,37,0.0035114358925690424,1840
M-2022-9,29,99,100,0.0035063113604488078,1841
M-2022-9,127,128,18,0.003501945525291829,1842
M-2022-9,130,82,17,0.003499382461918485,1843
M-2022-9,143,43,12,0.0034975225881667153,1844
M-2022-9,143,171,12,0.0034975225881667153,1845
M-2022-9,52,68,6,0.003484320557491289,1846
M-2022-9,52,72,6,0.003484320557491289,1847
M-2022-9,52,142,6,0.003484320557491289,1848
M-2022-9,54,86,17,0.003480753480753481,1849
M-2022-9,14,77,26,0.0034787262510034785,1850
M-2022-9,155,65,25,0.0034756012790212705,1851
M-2022-9,157,39,10,0.0034746351633078527,1852
M-2022-9,157,71,10,0.0034746351633078527,1853
M-2022-9,157,158,10,0.0034746351633078527,1854
M-2022-9,117,138,243,0.0034711310459103507,1855
M-2022-9,160,110,5,0.0034626038781163434,1856
M-2022-9,160,128,5,0.0034626038781163434,1857
M-2022-9,174,132,5,0.0034602076124567475,1858
M-2022-9,129,124,90,0.0034596755593142153,1859
M-2022-9,104,163,7,0.003453379378391712,1860
M-2022-9,168,62,22,0.0034531470726730496,1861
M-2022-9,156,136,86,0.0034485524099767424,1862
M-2022-9,32,68,6,0.0034482758620689655,1863
M-2022-9,32,83,6,0.0034482758620689655,1864
M-2022-9,32,133,6,0.0034482758620689655,1865
M-2022-9,118,129,8,0.0034467901766479965,1866
M-2022-9,125,39,14,0.0034457297563376815,1867
M-2022-9,154,76,8,0.0034453057708871662,1868
M-2022-9,154,113,8,0.0034453057708871662,1869
M-2022-9,154,122,8,0.0034453057708871662,1870
M-2022-9,154,171,8,0.0034453057708871662,1871
M-2022-9,85,79,3,0.0034403669724770644,1872
M-2022-9,159,25,7,0.003436426116838488,1873
M-2022-9,153,142,242,0.0034358406451429706,1874
M-2022-9,64,122,12,0.0034354423131978244,1875
M-2022-9,64,125,12,0.0034354423131978244,1876
M-2022-9,96,111,182,0.003434999245055111,1877
M-2022-9,28,96,36,0.0034139402560455193,1878
M-2022-9,163,158,7,0.0034096444227959084,1879
M-2022-9,163,175,7,0.0034096444227959084,1880
M-2022-9,172,153,31,0.003407716829724085,1881
M-2022-9,9,62,5,0.003401360544217687,1882
M-2022-9,9,124,5,0.003401360544217687,1883
M-2022-9,9,135,5,0.003401360544217687,1884
M-2022-9,9,153,5,0.003401360544217687,1885
M-2022-9,9,166,5,0.003401360544217687,1886
M-2022-9,9,170,5,0.003401360544217687,1887
M-2022-9,90,71,16,0.0033977489912932683,1888
M-2022-9,112,18,4,0.003395585738539898,1889
M-2022-9,112,46,4,0.003395585738539898,1890
M-2022-9,112,49,4,0.003395585738539898,1891
M-2022-9,112,175,4,0.003395585738539898,1892
M-2022-9,68,49,15,0.0033952014486192846,1893
M-2022-9,50,129,25,0.0033792917004595835,1894
M-2022-9,142,108,94,0.0033751032278912787,1895
M-2022-9,74,25,12,0.0033679483581251753,1896
M-2022-9,151,6,7,0.0033653846153846156,1897
M-2022-9,151,14,7,0.0033653846153846156,1898
M-2022-9,151,143,7,0.0033653846153846156,1899
M-2022-9,151,163,7,0.0033653846153846156,1900
M-2022-9,153,105,237,0.0033648522020615045,1901
M-2022-9,63,28,34,0.0033630069238377845,1902
M-2022-9,13,67,5,0.00335345405767941,1903
M-2022-9,13,99,5,0.00335345405767941,1904
M-2022-9,13,135,5,0.00335345405767941,1905
M-2022-9,14,53,25,0.003344929087503345,1906
M-2022-9,155,14,24,0.00333657722786042,1907
M-2022-9,29,54,95,0.0033309957924263674,1908
M-2022-9,171,142,26,0.0033222591362126247,1909
M-2022-9,56,116,35,0.0033216285470247697,1910
M-2022-9,56,172,35,0.0033216285470247697,1911
M-2022-9,28,61,35,0.003319108582266477,1912
M-2022-9,158,155,32,0.003304419661296985,1913
M-2022-9,172,50,30,0.0032977904803781466,1914
M-2022-9,172,97,30,0.0032977904803781466,1915
M-2022-9,173,133,11,0.003296373988612526,1916
M-2022-9,51,117,52,0.0032963549920760698,1917
M-2022-9,168,115,21,0.003296185842097002,1918
M-2022-9,166,9,16,0.0032948929159802307,1919
M-2022-9,166,36,16,0.0032948929159802307,1920
M-2022-9,149,172,169,0.003293704930812707,1921
M-2022-9,130,111,16,0.0032935364347468094,1922
M-2022-9,116,155,12,0.003289473684210526,1923
M-2022-9,0,77,5,0.003289473684210526,1924
M-2022-9,0,130,5,0.003289473684210526,1925
M-2022-9,0,175,5,0.003289473684210526,1926
M-2022-9,156,51,82,0.0032881546234661964,1927
M-2022-9,46,175,36,0.0032783899462708313,1928
M-2022-9,110,34,13,0.0032770355432316612,1929
M-2022-9,110,166,13,0.0032770355432316612,1930
M-2022-9,117,176,229,0.0032711481872982314,1931
M-2022-9,142,77,91,0.0032673871674266633,1932
M-2022-9,44,61,4,0.0032653061224489797,1933
M-2022-9,67,155,9,0.003264417845484222,1934
M-2022-9,63,62,33,0.0032640949554896144,1935
M-2022-9,111,12,6,0.0032626427406199023,1936
M-2022-9,111,66,6,0.0032626427406199023,1937
M-2022-9,111,90,6,0.0032626427406199023,1938
M-2022-9,41,42,8,0.003257328990228013,1939
M-2022-9,76,81,15,0.003248862897985705,1940
M-2022-9,79,74,37,0.0032473231525364226,1941
M-2022-9,45,88,5,0.003232062055591467,1942
M-2022-9,45,132,5,0.003232062055591467,1943
M-2022-9,1,50,12,0.0032258064516129032,1944
M-2022-9,1,117,12,0.0032258064516129032,1945
M-2022-9,1,168,12,0.0032258064516129032,1946
M-2022-9,120,77,8,0.0032258064516129032,1947
M-2022-9,10,63,3,0.0032258064516129032,1948
M-2022-9,28,79,34,0.003224276908487435,1949
M-2022-9,138,115,74,0.003219490972373287,1950
M-2022-9,124,138,71,0.0032183491228865418,1951
M-2022-9,126,11,6,0.003215434083601286,1952
M-2022-9,126,156,6,0.003215434083601286,1953
M-2022-9,126,159,6,0.003215434083601286,1954
M-2022-9,14,60,24,0.003211131924003211,1955
M-2022-9,39,110,18,0.003209700427960057,1956
M-2022-9,119,25,10,0.003208213025344883,1957
M-2022-9,119,137,10,0.003208213025344883,1958
M-2022-9,143,2,11,0.0032060623724861556,1959
M-2022-9,143,96,11,0.0032060623724861556,1960
M-2022-9,143,129,11,0.0032060623724861556,1961
M-2022-9,25,71,138,0.003191046570781113,1962
M-2022-9,172,170,29,0.0031878641310322084,1963
M-2022-9,46,171,35,0.0031873235588744196,1964
M-2022-9,170,29,9,0.003186968838526912,1965
M-2022-9,170,175,9,0.003186968838526912,1966
M-2022-9,2,71,17,0.0031728256812243376,1967
M-2022-9,2,142,17,0.0031728256812243376,1968
M-2022-9,66,20,11,0.003158196956646569,1969
M-2022-9,66,102,11,0.003158196956646569,1970
M-2022-9,66,107,11,0.003158196956646569,1971
M-2022-9,64,12,11,0.0031491554537646724,1972
M-2022-9,139,71,5,0.0031486146095717885,1973
M-2022-9,139,82,5,0.0031486146095717885,1974
M-2022-9,139,130,5,0.0031486146095717885,1975
M-2022-9,175,81,122,0.0031461137758522872,1976
M-2022-9,49,153,92,0.0031434721700208425,1977
M-2022-9,80,97,5,0.003138731952291274,1978
M-2022-9,84,87,9,0.003136981526664343,1979
M-2022-9,72,140,34,0.0031362420440918734,1980
M-2022-9,16,77,5,0.003134796238244514,1981
M-2022-9,16,139,5,0.003134796238244514,1982
M-2022-9,78,140,81,0.0031340684852002323,1983
M-2022-9,30,60,3,0.003131524008350731,1984
M-2022-9,30,124,3,0.003131524008350731,1985
M-2022-9,30,133,3,0.003131524008350731,1986
M-2022-9,30,140,3,0.003131524008350731,1987
M-2022-9,117,83,219,0.003128303288289575,1988
M-2022-9,157,50,9,0.0031271716469770676,1989
M-2022-9,157,127,9,0.0031271716469770676,1990
M-2022-9,141,14,4,0.003125,1991
M-2022-9,141,16,4,0.003125,1992
M-2022-9,141,74,4,0.003125,1993
M-2022-9,141,148,4,0.003125,1994
M-2022-9,127,170,16,0.0031128404669260703,1995
M-2022-9,145,45,5,0.0030998140111593306,1996
M-2022-9,158,79,30,0.0030978934324659233,1997
M-2022-9,69,32,1,0.0030959752321981426,1998
M-2022-9,69,34,1,0.0030959752321981426,1999
M-2022-9,69,45,1,0.0030959752321981426,2000
M-2022-9,69,104,1,0.0030959752321981426,2001
M-2022-9,69,117,1,0.0030959752321981426,2002
M-2022-9,69,143,1,0.0030959752321981426,2003
M-2022-9,69,149,1,0.0030959752321981426,2004
M-2022-9,69,153,1,0.0030959752321981426,2005
M-2022-9,69,154,1,0.0030959752321981426,2006
M-2022-9,69,156,1,0.0030959752321981426,2007
M-2022-9,69,160,1,0.0030959752321981426,2008
M-2022-9,69,168,1,0.0030959752321981426,2009
M-2022-9,69,172,1,0.0030959752321981426,2010
M-2022-9,69,176,1,0.0030959752321981426,2011
M-2022-9,53,2,22,0.0030911901081916537,2012
M-2022-9,11,1,6,0.0030911901081916537,2013
M-2022-9,11,43,6,0.0030911901081916537,2014
M-2022-9,11,88,6,0.0030911901081916537,2015
M-2022-9,11,105,6,0.0030911901081916537,2016
M-2022-9,11,151,6,0.0030911901081916537,2017
M-2022-9,142,82,86,0.003087860399985638,2018
M-2022-9,130,65,15,0.003087690407575134,2019
M-2022-9,130,71,15,0.003087690407575134,2020
M-2022-9,172,83,28,0.00307793778168627,2021
M-2022-9,14,175,23,0.0030773347605030773,2022
M-2022-9,177,74,4,0.003076923076923077,2023
M-2022-9,36,18,1,0.003076923076923077,2024
M-2022-9,36,87,1,0.003076923076923077,2025
M-2022-9,36,95,1,0.003076923076923077,2026
M-2022-9,36,96,1,0.003076923076923077,2027
M-2022-9,36,110,1,0.003076923076923077,2028
M-2022-9,36,115,1,0.003076923076923077,2029
M-2022-9,36,122,1,0.003076923076923077,2030
M-2022-9,36,124,1,0.003076923076923077,2031
M-2022-9,36,131,1,0.003076923076923077,2032
M-2022-9,36,149,1,0.003076923076923077,2033
M-2022-9,36,163,1,0.003076923076923077,2034
M-2022-9,36,170,1,0.003076923076923077,2035
M-2022-9,36,175,1,0.003076923076923077,2036
M-2022-9,75,153,43,0.003069455350132058,2037
M-2022-9,153,149,216,0.003066700741119346,2038
M-2022-9,106,53,8,0.0030557677616501145,2039
M-2022-9,77,140,111,0.003052301600395974,2040
M-2022-9,86,153,121,0.0030467845092410737,2041
M-2022-9,117,97,213,0.0030425963488843813,2042
M-2022-9,144,66,8,0.003041825095057034,2043
M-2022-9,28,31,32,0.0030346135609293505,2044
M-2022-9,76,72,14,0.0030322720381199915,2045
M-2022-9,12,49,10,0.0030238887208950713,2046
M-2022-9,128,157,13,0.0030232558139534882,2047
M-2022-9,136,117,58,0.003019417981154667,2048
M-2022-9,136,133,58,0.003019417981154667,2049
M-2022-9,26,133,4,0.0030188679245283017,2050
M-2022-9,154,16,7,0.0030146425495262705,2051
M-2022-9,154,23,7,0.0030146425495262705,2052
M-2022-9,154,111,7,0.0030146425495262705,2053
M-2022-9,154,124,7,0.0030146425495262705,2054
M-2022-9,154,157,7,0.0030146425495262705,2055
M-2022-9,20,175,6,0.0030120481927710845,2056
M-2022-9,46,62,33,0.0030051907840815957,2057
M-2022-9,46,63,33,0.0030051907840815957,2058
M-2022-9,4,27,3,0.002997002997002997,2059
M-2022-9,173,131,10,0.0029967036260113876,2060
M-2022-9,153,82,211,0.0029957122980378793,2061
M-2022-9,165,172,19,0.0029916548575027553,2062
M-2022-9,175,75,116,0.0029913868688431584,2063
M-2022-9,176,142,8,0.002987303958177745,2064
M-2022-9,2,131,16,0.0029861888764464353,2065
M-2022-9,2,149,16,0.0029861888764464353,2066
M-2022-9,150,138,4,0.0029850746268656717,2067
M-2022-9,150,149,4,0.0029850746268656717,2068
M-2022-9,50,28,22,0.0029737766964044337,2069
M-2022-9,50,112,22,0.0029737766964044337,2070
M-2022-9,105,50,15,0.002973240832507433,2071
M-2022-9,90,149,14,0.0029730303673816097,2072
M-2022-9,49,13,87,0.002972631291215362,2073
M-2022-9,49,117,87,0.002972631291215362,2074
M-2022-9,117,14,208,0.002971173899380053,2075
M-2022-9,89,9,2,0.002962962962962963,2076
M-2022-9,89,66,2,0.002962962962962963,2077
M-2022-9,89,71,2,0.002962962962962963,2078
M-2022-9,89,77,2,0.002962962962962963,2079
M-2022-9,89,162,2,0.002962962962962963,2080
M-2022-9,104,28,6,0.0029600394671928957,2081
M-2022-9,17,117,30,0.002959163543105149,2082
M-2022-9,17,140,30,0.002959163543105149,2083
M-2022-9,1,133,11,0.002956989247311828,2084
M-2022-9,1,142,11,0.002956989247311828,2085
M-2022-9,125,115,12,0.002953482648289441,2086
M-2022-9,53,149,21,0.002950681466910215,2087
M-2022-9,28,82,31,0.0029397818871503083,2088
M-2022-9,28,143,31,0.0029397818871503083,2089
M-2022-9,163,108,6,0.0029225523623964927,2090
M-2022-9,163,123,6,0.0029225523623964927,2091
M-2022-9,163,139,6,0.0029225523623964927,2092
M-2022-9,155,154,21,0.0029195050743778673,2093
M-2022-9,3,14,3,0.0029154518950437317,2094
M-2022-9,3,176,3,0.0029154518950437317,2095
M-2022-9,138,160,67,0.0029149445290406785,2096
M-2022-9,143,122,10,0.002914602156805596,2097
M-2022-9,143,158,10,0.002914602156805596,2098
M-2022-9,143,159,10,0.002914602156805596,2099
M-2022-9,96,164,154,0.00290653782273894,2100
M-2022-9,52,51,5,0.0029036004645760743,2101
M-2022-9,52,122,5,0.0029036004645760743,2102
M-2022-9,67,17,8,0.0029017047515415306,2103
M-2022-9,67,28,8,0.0029017047515415306,2104
M-2022-9,67,86,8,0.0029017047515415306,2105
M-2022-9,169,117,6,0.0028999516674722086,2106
M-2022-9,61,156,50,0.0028941884695531375,2107
M-2022-9,158,124,28,0.0028913672036348617,2108
M-2022-9,151,50,6,0.0028846153846153848,2109
M-2022-9,151,158,6,0.0028846153846153848,2110
M-2022-9,130,68,14,0.002881844380403458,2111
M-2022-9,8,149,5,0.002875215641173088,2112
M-2022-9,29,61,82,0.0028751753155680224,2113
M-2022-9,32,5,5,0.0028735632183908046,2114
M-2022-9,32,117,5,0.0028735632183908046,2115
M-2022-9,66,18,10,0.002871088142405972,2116
M-2022-9,66,75,10,0.002871088142405972,2117
M-2022-9,66,96,10,0.002871088142405972,2118
M-2022-9,54,117,14,0.0028665028665028664,2119
M-2022-9,137,53,2,0.0028653295128939827,2120
M-2022-9,137,71,2,0.0028653295128939827,2121
M-2022-9,137,95,2,0.0028653295128939827,2122
M-2022-9,137,138,2,0.0028653295128939827,2123
M-2022-9,137,153,2,0.0028653295128939827,2124
M-2022-9,78,77,74,0.0028632230605532983,2125
M-2022-9,97,101,124,0.002855892581588705,2126
M-2022-9,124,87,63,0.002855718235800734,2127
M-2022-9,41,105,7,0.0028501628664495114,2128
M-2022-9,41,131,7,0.0028501628664495114,2129
M-2022-9,41,155,7,0.0028501628664495114,2130
M-2022-9,57,100,5,0.002844141069397042,2131
M-2022-9,117,82,199,0.0028426134902722624,2132
M-2022-9,153,175,200,0.0028395377232586535,2133
M-2022-9,170,50,8,0.0028328611898017,2134
M-2022-9,170,83,8,0.0028328611898017,2135
M-2022-9,25,166,122,0.0028210701567775056,2136
M-2022-9,42,18,4,0.0028169014084507044,2137
M-2022-9,42,149,4,0.0028169014084507044,2138
M-2022-9,53,71,20,0.002810172825628776,2139
M-2022-9,53,130,20,0.002810172825628776,2140
M-2022-9,14,157,21,0.00280974043350281,2141
M-2022-9,117,93,196,0.0027997600205696654,2142
M-2022-9,2,130,15,0.002799552071668533,2143
M-2022-9,131,148,73,0.002795970738059673,2144
M-2022-9,58,96,5,0.002794857462269424,2145
M-2022-9,51,123,44,0.0027892234548335974,2146
M-2022-9,84,51,8,0.0027884280237016382,2147
M-2022-9,157,155,8,0.002779708130646282,2148
M-2022-9,71,25,209,0.0027796619186317146,2149
M-2022-9,82,78,102,0.0027795187617516417,2150
M-2022-9,110,69,11,0.0027728762288883285,2151
M-2022-9,31,71,10,0.002770850651149903,2152
M-2022-9,160,45,4,0.002770083102493075,2153
M-2022-9,160,163,4,0.002770083102493075,2154
M-2022-9,174,21,4,0.002768166089965398,2155
M-2022-9,174,44,4,0.002768166089965398,2156
M-2022-9,49,136,81,0.002767622236648785,2157
M-2022-9,17,159,28,0.0027618859735648055,2158
M-2022-9,87,124,18,0.0027611596870685687,2159
M-2022-9,40,49,2,0.002758620689655172,2160
M-2022-9,43,35,12,0.002757986669731096,2161
M-2022-9,43,115,12,0.002757986669731096,2162
M-2022-9,56,101,29,0.0027522065103919523,2163
M-2022-9,172,138,25,0.0027481587336484555,2164
M-2022-9,23,154,22,0.0027479390457157134,2165
M-2022-9,116,77,10,0.0027412280701754384,2166
M-2022-9,116,158,10,0.0027412280701754384,2167
M-2022-9,29,132,78,0.00273492286115007,2168
M-2022-9,46,149,30,0.0027319916218923597,2169
M-2022-9,18,175,72,0.0027307896533414248,2170
M-2022-9,9,20,4,0.0027210884353741495,2171
M-2022-9,9,23,4,0.0027210884353741495,2172
M-2022-9,9,29,4,0.0027210884353741495,2173
M-2022-9,9,32,4,0.0027210884353741495,2174
M-2022-9,9,120,4,0.0027210884353741495,2175
M-2022-9,9,172,4,0.0027210884353741495,2176
M-2022-9,111,63,5,0.0027188689505165853,2177
M-2022-9,111,170,5,0.0027188689505165853,2178
M-2022-9,68,136,12,0.002716161158895428,2179
M-2022-9,68,139,12,0.002716161158895428,2180
M-2022-9,173,83,9,0.0026970332634102486,2181
M-2022-9,107,149,8,0.0026954177897574125,2182
M-2022-9,147,176,6,0.002694207453973956,2183
M-2022-9,73,71,41,0.002684124386252046,2184
M-2022-9,171,49,21,0.0026833631484794273,2185
M-2022-9,13,104,4,0.0026827632461435278,2186
M-2022-9,13,171,4,0.0026827632461435278,2187
M-2022-9,132,60,44,0.002680638479346899,2188
M-2022-9,132,175,44,0.002680638479346899,2189
M-2022-9,166,147,13,0.0026771004942339376,2190
M-2022-9,130,117,13,0.0026759983532317825,2191
M-2022-9,130,153,13,0.0026759983532317825,2192
M-2022-9,130,155,13,0.0026759983532317825,2193
M-2022-9,14,82,20,0.002675943270002676,2194
M-2022-9,14,154,20,0.002675943270002676,2195
M-2022-9,39,11,15,0.002674750356633381,2196
M-2022-9,39,122,15,0.002674750356633381,2197
M-2022-9,149,158,137,0.0026700448255700645,2198
M-2022-9,168,166,17,0.0026683409197928113,2199
M-2022-9,164,100,5,0.0026666666666666666,2200
M-2022-9,21,133,7,0.0026656511805026656,2201
M-2022-9,144,63,7,0.002661596958174905,2202
M-2022-9,56,28,28,0.002657302837619816,2203
M-2022-9,136,28,51,0.0026550054661877245,2204
M-2022-9,136,86,51,0.0026550054661877245,2205
M-2022-9,153,115,187,0.002654967771246841,2206
M-2022-9,129,25,69,0.002652417928807565,2207
M-2022-9,149,176,136,0.0026505554472812318,2208
M-2022-9,37,28,1,0.0026455026455026454,2209
M-2022-9,37,42,1,0.0026455026455026454,2210
M-2022-9,37,87,1,0.0026455026455026454,2211
M-2022-9,37,93,1,0.0026455026455026454,2212
M-2022-9,37,116,1,0.0026455026455026454,2213
M-2022-9,37,117,1,0.0026455026455026454,2214
M-2022-9,37,123,1,0.0026455026455026454,2215
M-2022-9,37,124,1,0.0026455026455026454,2216
M-2022-9,37,149,1,0.0026455026455026454,2217
M-2022-9,37,171,1,0.0026455026455026454,2218
M-2022-9,86,155,105,0.0026439039129777914,2219
M-2022-9,155,71,19,0.0026414569720561655,2220
M-2022-9,155,93,19,0.0026414569720561655,2221
M-2022-9,102,117,106,0.002633736676025542,2222
M-2022-9,135,63,8,0.002631578947368421,2223
M-2022-9,143,151,9,0.0026231419411250363,2224
M-2022-9,23,95,21,0.002623032725455908,2225
M-2022-9,19,140,51,0.0026195490266577638,2226
M-2022-9,122,96,147,0.0026181274155342225,2227
M-2022-9,176,51,7,0.0026138909634055266,2228
M-2022-9,176,61,7,0.0026138909634055266,2229
M-2022-9,176,154,7,0.0026138909634055266,2230
M-2022-9,176,155,7,0.0026138909634055266,2231
M-2022-9,2,50,14,0.0026129152668906306,2232
M-2022-9,2,148,14,0.0026129152668906306,2233
M-2022-9,81,82,10,0.0026096033402922755,2234
M-2022-9,87,140,17,0.0026077619266758707,2235
M-2022-9,76,74,12,0.002599090318388564,2236
M-2022-9,51,137,41,0.00259904912836767,2237
M-2022-9,94,4,1,0.0025906735751295338,2238
M-2022-9,94,15,1,0.0025906735751295338,2239
M-2022-9,94,17,1,0.0025906735751295338,2240
M-2022-9,94,51,1,0.0025906735751295338,2241
M-2022-9,94,91,1,0.0025906735751295338,2242
M-2022-9,94,101,1,0.0025906735751295338,2243
M-2022-9,94,106,1,0.0025906735751295338,2244
M-2022-9,94,149,1,0.0025906735751295338,2245
M-2022-9,94,166,1,0.0025906735751295338,2246
M-2022-9,94,176,1,0.0025906735751295338,2247
M-2022-9,45,9,4,0.002585649644473174,2248
M-2022-9,45,50,4,0.002585649644473174,2249
M-2022-9,45,86,4,0.002585649644473174,2250
M-2022-9,45,126,4,0.002585649644473174,2251
M-2022-9,45,129,4,0.002585649644473174,2252
M-2022-9,45,169,4,0.002585649644473174,2253
M-2022-9,45,175,4,0.002585649644473174,2254
M-2022-9,118,175,6,0.0025850926324859974,2255
M-2022-9,153,1,182,0.002583979328165375,2256
M-2022-9,66,82,9,0.002583979328165375,2257
M-2022-9,66,143,9,0.002583979328165375,2258
M-2022-9,175,155,100,0.0025787817834854814,2259
M-2022-9,105,62,13,0.002576808721506442,2260
M-2022-9,105,122,13,0.002576808721506442,2261
M-2022-9,64,99,9,0.002576581734898368,2262
M-2022-9,11,8,5,0.002575991756826378,2263
M-2022-9,11,28,5,0.002575991756826378,2264
M-2022-9,11,126,5,0.002575991756826378,2265
M-2022-9,11,132,5,0.002575991756826378,2266
M-2022-9,149,61,132,0.0025725979341259014,2267
M-2022-9,149,86,132,0.0025725979341259014,2268
M-2022-9,63,29,26,0.0025717111770524235,2269
M-2022-9,50,71,19,0.0025682616923492834,2270
M-2022-9,19,117,50,0.0025681853202527095,2271
M-2022-9,138,42,59,0.0025668914509462694,2272
M-2022-9,28,12,27,0.0025604551920341396,2273
M-2022-9,28,90,27,0.0025604551920341396,2274
M-2022-9,149,127,131,0.0025531085558370688,2275
M-2022-9,46,139,28,0.0025498588470995354,2276
M-2022-9,112,45,3,0.0025466893039049238,2277
M-2022-9,112,67,3,0.0025466893039049238,2278
M-2022-9,112,105,3,0.0025466893039049238,2279
M-2022-9,112,153,3,0.0025466893039049238,2280
M-2022-9,67,77,7,0.0025389916575988395,2281
M-2022-9,67,135,7,0.0025389916575988395,2282
M-2022-9,127,142,13,0.002529182879377432,2283
M-2022-9,53,18,18,0.0025291555430658986,2284
M-2022-9,53,153,18,0.0025291555430658986,2285
M-2022-9,49,60,74,0.0025284450063211127,2286
M-2022-9,74,131,9,0.0025259612685938817,2287
M-2022-9,74,140,9,0.0025259612685938817,2288
M-2022-9,138,124,58,0.002523384816184468,2289
M-2022-9,110,117,10,0.0025207965717166624,2290
M-2022-9,139,2,4,0.0025188916876574307,2291
M-2022-9,139,18,4,0.0025188916876574307,2292
M-2022-9,139,75,4,0.0025188916876574307,2293
M-2022-9,139,77,4,0.0025188916876574307,2294
M-2022-9,139,124,4,0.0025188916876574307,2295
M-2022-9,168,12,16,0.0025113796892167633,2296
M-2022-9,20,156,5,0.0025100401606425703,2297
M-2022-9,16,60,4,0.0025078369905956114,2298
M-2022-9,16,86,4,0.0025078369905956114,2299
M-2022-9,16,135,4,0.0025078369905956114,2300
M-2022-9,146,99,14,0.0025026814444047193,2301
M-2022-9,155,140,18,0.002502432920895315,2302
M-2022-9,91,0,9,0.002498611882287618,2303
M-2022-9,91,53,9,0.002498611882287618,2304
M-2022-9,25,175,108,0.002497340794524349,2305
M-2022-9,122,156,140,0.0024934546814611644,2306
M-2022-9,98,3,146,0.002492828848517962,2307
M-2022-9,153,158,175,0.002484595507851322,2308
M-2022-9,170,97,7,0.002478753541076487,2309
M-2022-9,158,82,24,0.0024783147459727386,2310
M-2022-9,175,80,96,0.002475630512146062,2311
M-2022-9,63,49,25,0.002472799208704253,2312
M-2022-9,166,0,12,0.002471169686985173,2313
M-2022-9,166,123,12,0.002471169686985173,2314
M-2022-9,130,129,12,0.002470152326060107,2315
M-2022-9,130,176,12,0.002470152326060107,2316
M-2022-9,104,115,5,0.00246669955599408,2317
M-2022-9,104,160,5,0.00246669955599408,2318
M-2022-9,28,4,26,0.0024656235182550974,2319
M-2022-9,159,26,5,0.002454590083456063,2320
M-2022-9,159,68,5,0.002454590083456063,2321
M-2022-9,159,171,5,0.002454590083456063,2322
M-2022-9,87,14,16,0.0024543641662831722,2323
M-2022-9,44,49,3,0.0024489795918367346,2324
M-2022-9,124,130,54,0.002447758487829201,2325
M-2022-9,84,85,7,0.0024398745207389336,2326
M-2022-9,84,96,7,0.0024398745207389336,2327
M-2022-9,163,1,5,0.0024354603019970775,2328
M-2022-9,163,39,5,0.0024354603019970775,2329
M-2022-9,96,68,129,0.002434697267099502,2330
M-2022-9,157,125,7,0.002432244614315497,2331
M-2022-9,157,151,7,0.002432244614315497,2332
M-2022-9,75,32,34,0.0024270112070811623,2333
M-2022-9,2,49,13,0.0024262784621127288,2334
M-2022-9,2,53,13,0.0024262784621127288,2335
M-2022-9,2,61,13,0.0024262784621127288,2336
M-2022-9,1,18,9,0.0024193548387096775,2337
M-2022-9,1,157,9,0.0024193548387096775,2338
M-2022-9,120,155,6,0.0024193548387096775,2339
M-2022-9,12,29,8,0.002419110976716057,2340
M-2022-9,12,71,8,0.002419110976716057,2341
M-2022-9,34,18,1,0.0024096385542168677,2342
M-2022-9,34,29,1,0.0024096385542168677,2343
M-2022-9,34,64,1,0.0024096385542168677,2344
M-2022-9,34,78,1,0.0024096385542168677,2345
M-2022-9,34,114,1,0.0024096385542168677,2346
M-2022-9,34,130,1,0.0024096385542168677,2347
M-2022-9,34,156,1,0.0024096385542168677,2348
M-2022-9,14,110,18,0.002408348943002408,2349
M-2022-9,151,87,5,0.002403846153846154,2350
M-2022-9,124,151,53,0.0024024296269434748,2351
M-2022-9,133,149,116,0.002400066208722999,2352
M-2022-9,83,51,59,0.0023957445080602592,2353
M-2022-9,24,129,23,0.0023873780361220675,2354
M-2022-9,153,11,168,0.002385211687537269,2355
M-2022-9,70,28,4,0.0023837902264600714,2356
M-2022-9,105,126,12,0.0023785926660059467,2357
M-2022-9,149,125,122,0.0023777041512375754,2358
M-2022-9,158,143,23,0.0023750516315572076,2359
M-2022-9,63,153,24,0.002373887240356083,2360
M-2022-9,97,25,103,0.002372233354061586,2361
M-2022-9,156,61,59,0.002365867351030556,2362
M-2022-9,155,163,17,0.002363408869734464,2363
M-2022-9,165,156,15,0.0023618327822390174,2364
M-2022-9,107,155,7,0.0023584905660377358,2365
M-2022-9,75,70,33,0.0023556285245199516,2366
M-2022-9,168,14,15,0.0023544184586407157,2367
M-2022-9,51,112,37,0.0023454833597464342,2368
M-2022-9,22,17,2,0.0023446658851113715,2369
M-2022-9,22,60,2,0.0023446658851113715,2370
M-2022-9,22,62,2,0.0023446658851113715,2371
M-2022-9,22,65,2,0.0023446658851113715,2372
M-2022-9,22,84,2,0.0023446658851113715,2373
M-2022-9,141,1,3,0.00234375,2374
M-2022-9,141,17,3,0.00234375,2375
M-2022-9,141,52,3,0.00234375,2376
M-2022-9,141,77,3,0.00234375,2377
M-2022-9,141,86,3,0.00234375,2378
M-2022-9,141,93,3,0.00234375,2379
M-2022-9,141,111,3,0.00234375,2380
M-2022-9,55,154,11,0.0023429179978700747,2381
M-2022-9,71,73,176,0.0023407679314793386,2382
M-2022-9,127,21,12,0.0023346303501945525,2383
M-2022-9,143,66,8,0.002331681725444477,2384
M-2022-9,143,71,8,0.002331681725444477,2385
M-2022-9,156,139,58,0.002325767904402919,2386
M-2022-9,146,175,13,0.0023239184840900965,2387
M-2022-9,52,22,4,0.0023228803716608595,2388
M-2022-9,52,83,4,0.0023228803716608595,2389
M-2022-9,52,124,4,0.0023228803716608595,2390
M-2022-9,52,176,4,0.0023228803716608595,2391
M-2022-9,153,25,163,0.0023142232444558026,2392
M-2022-9,117,172,162,0.0023140873639402337,2393
M-2022-9,72,76,25,0.0023060603265381424,2394
M-2022-9,72,80,25,0.0023060603265381424,2395
M-2022-9,140,21,101,0.002305883427319011,2396
M-2022-9,115,155,41,0.002305832067937686,2397
M-2022-9,135,82,7,0.002302631578947368,2398
M-2022-9,8,63,4,0.0023001725129384704,2399
M-2022-9,8,122,4,0.0023001725129384704,2400
M-2022-9,171,156,18,0.002300025555839509,2401
M-2022-9,32,23,4,0.0022988505747126436,2402
M-2022-9,32,49,4,0.0022988505747126436,2403
M-2022-9,32,52,4,0.0022988505747126436,2404
M-2022-9,32,55,4,0.0022988505747126436,2405
M-2022-9,32,63,4,0.0022988505747126436,2406
M-2022-9,32,101,4,0.0022988505747126436,2407
M-2022-9,32,143,4,0.0022988505747126436,2408
M-2022-9,142,175,64,0.002297942623245126,2409
M-2022-9,50,46,17,0.0022979183563125167,2410
M-2022-9,66,1,8,0.0022968705139247776,2411
M-2022-9,66,83,8,0.0022968705139247776,2412
M-2022-9,66,115,8,0.0022968705139247776,2413
M-2022-9,66,141,8,0.0022968705139247776,2414
M-2022-9,85,2,2,0.0022935779816513763,2415
M-2022-9,85,22,2,0.0022935779816513763,2416
M-2022-9,85,64,2,0.0022935779816513763,2417
M-2022-9,85,96,2,0.0022935779816513763,2418
M-2022-9,85,117,2,0.0022935779816513763,2419
M-2022-9,136,75,44,0.002290592951220782,2420
M-2022-9,92,51,3,0.0022900763358778627,2421
M-2022-9,92,140,3,0.0022900763358778627,2422
M-2022-9,161,51,2,0.002288329519450801,2423
M-2022-9,161,63,2,0.002288329519450801,2424
M-2022-9,161,118,2,0.002288329519450801,2425
M-2022-9,153,139,161,0.0022858278672232162,2426
M-2022-9,21,49,6,0.002284843869002285,2427
M-2022-9,144,146,6,0.0022813688212927757,2428
M-2022-9,28,86,24,0.002275960170697013,2429
M-2022-9,63,156,23,0.002274975272007913,2430
M-2022-9,14,68,17,0.0022745517795022745,2431
M-2022-9,14,171,17,0.0022745517795022745,2432
M-2022-9,83,176,56,0.0022739269907012627,2433
M-2022-9,158,50,22,0.002271788517141677,2434
M-2022-9,153,176,160,0.002271630178606923,2435
M-2022-9,17,46,23,0.0022686920497139475,2436
M-2022-9,166,16,11,0.0022652388797364084,2437
M-2022-9,26,32,3,0.0022641509433962265,2438
M-2022-9,26,63,3,0.0022641509433962265,2439
M-2022-9,26,115,3,0.0022641509433962265,2440
M-2022-9,26,132,3,0.0022641509433962265,2441
M-2022-9,68,18,10,0.0022634676324128564,2442
M-2022-9,68,51,10,0.0022634676324128564,2443
M-2022-9,68,96,10,0.0022634676324128564,2444
M-2022-9,68,141,10,0.0022634676324128564,2445
M-2022-9,74,86,8,0.002245298905416784,2446
M-2022-9,74,149,8,0.002245298905416784,2447
M-2022-9,176,50,6,0.0022404779686333084,2448
M-2022-9,176,68,6,0.0022404779686333084,2449
M-2022-9,176,71,6,0.0022404779686333084,2450
M-2022-9,2,175,12,0.0022396416573348264,2451
M-2022-9,155,77,16,0.0022243848185736132,2452
M-2022-9,155,110,16,0.0022243848185736132,2453
M-2022-9,27,51,12,0.0022218107757822625,2454
M-2022-9,31,108,8,0.0022166805209199226,2455
M-2022-9,125,10,9,0.002215111986217081,2456
M-2022-9,125,93,9,0.002215111986217081,2457
M-2022-9,125,156,9,0.002215111986217081,2458
M-2022-9,134,131,18,0.0022134776192818495,2459
M-2022-9,33,14,1,0.0022123893805309734,2460
M-2022-9,33,20,1,0.0022123893805309734,2461
M-2022-9,33,63,1,0.0022123893805309734,2462
M-2022-9,33,71,1,0.0022123893805309734,2463
M-2022-9,33,77,1,0.0022123893805309734,2464
M-2022-9,33,82,1,0.0022123893805309734,2465
M-2022-9,33,93,1,0.0022123893805309734,2466
M-2022-9,33,125,1,0.0022123893805309734,2467
M-2022-9,33,127,1,0.0022123893805309734,2468
M-2022-9,33,130,1,0.0022123893805309734,2469
M-2022-9,33,133,1,0.0022123893805309734,2470
M-2022-9,33,151,1,0.0022123893805309734,2471
M-2022-9,33,155,1,0.0022123893805309734,2472
M-2022-9,33,163,1,0.0022123893805309734,2473
M-2022-9,77,78,80,0.002199857009294396,2474
M-2022-9,168,1,14,0.002197457228064668,2475
M-2022-9,168,28,14,0.002197457228064668,2476
M-2022-9,168,151,14,0.002197457228064668,2477
M-2022-9,168,153,14,0.002197457228064668,2478
M-2022-9,116,2,8,0.0021929824561403508,2479
M-2022-9,116,25,8,0.0021929824561403508,2480
M-2022-9,175,153,85,0.002191964515962659,2481
M-2022-9,140,77,96,0.0021917307824022283,2482
M-2022-9,49,77,64,0.0021867632487101514,2483
M-2022-9,46,112,24,0.0021855932975138877,2484
M-2022-9,46,127,24,0.0021855932975138877,2485
M-2022-9,28,87,23,0.002181128496917971,2486
M-2022-9,28,115,23,0.002181128496917971,2487
M-2022-9,105,11,11,0.002180376610505451,2488
M-2022-9,99,160,49,0.0021800062285892243,2489
M-2022-9,67,75,6,0.002176278563656148,2490
M-2022-9,67,104,6,0.002176278563656148,2491
M-2022-9,67,117,6,0.002176278563656148,2492
M-2022-9,67,175,6,0.002176278563656148,2493
M-2022-9,111,5,4,0.002175095160413268,2494
M-2022-9,111,9,4,0.002175095160413268,2495
M-2022-9,111,82,4,0.002175095160413268,2496
M-2022-9,111,127,4,0.002175095160413268,2497
M-2022-9,111,163,4,0.002175095160413268,2498
M-2022-9,133,136,105,0.0021724737234130598,2499
M-2022-9,171,82,17,0.00217224635829287,2500
M-2022-9,17,19,22,0.002170053264943776,2501
M-2022-9,158,19,21,0.0021685254027261464,2502
M-2022-9,156,130,54,0.002165370117892373,2503
M-2022-9,50,0,16,0.0021627466882941336,2504
M-2022-9,50,137,16,0.0021627466882941336,2505
M-2022-9,154,2,5,0.002153316106804479,2506
M-2022-9,154,60,5,0.002153316106804479,2507
M-2022-9,154,68,5,0.002153316106804479,2508
M-2022-9,154,97,5,0.002153316106804479,2509
M-2022-9,10,19,2,0.002150537634408602,2510
M-2022-9,10,29,2,0.002150537634408602,2511
M-2022-9,10,96,2,0.002150537634408602,2512
M-2022-9,10,149,2,0.002150537634408602,2513
M-2022-9,149,100,110,0.0021438316117715845,2514
M-2022-9,149,155,110,0.0021438316117715845,2515
M-2022-9,126,49,4,0.0021436227224008574,2516
M-2022-9,126,117,4,0.0021436227224008574,2517
M-2022-9,126,175,4,0.0021436227224008574,2518
M-2022-9,75,124,30,0.0021414804768363194,2519
M-2022-9,136,175,41,0.0021344161590920925,2520
M-2022-9,164,98,4,0.0021333333333333334,2521
M-2022-9,170,14,6,0.002124645892351275,2522
M-2022-9,170,154,6,0.002124645892351275,2523
M-2022-9,170,160,6,0.002124645892351275,2524
M-2022-9,90,31,10,0.0021235931195582925,2525
M-2022-9,90,96,10,0.0021235931195582925,2526
M-2022-9,90,158,10,0.0021235931195582925,2527
M-2022-9,90,175,10,0.0021235931195582925,2528
M-2022-9,72,78,23,0.002121575500415091,2529
M-2022-9,142,79,59,0.0021184158558041006,2530
M-2022-9,12,86,7,0.0021167221046265497,2531
M-2022-9,12,133,7,0.0021167221046265497,2532
M-2022-9,12,153,7,0.0021167221046265497,2533
M-2022-9,42,117,3,0.002112676056338028,2534
M-2022-9,42,143,3,0.002112676056338028,2535
M-2022-9,53,83,15,0.002107629619221582,2536
M-2022-9,79,80,24,0.00210637177461822,2537
M-2022-9,117,155,147,0.002099820015427249,2538
M-2022-9,173,143,7,0.002097692538207971,2539
M-2022-9,46,26,23,0.0020945269101174755,2540
M-2022-9,46,154,23,0.0020945269101174755,2541
M-2022-9,51,108,33,0.0020919175911251983,2542
M-2022-9,84,61,6,0.0020913210177762286,2543
M-2022-9,81,75,8,0.0020876826722338203,2544
M-2022-9,81,77,8,0.0020876826722338203,2545
M-2022-9,30,142,2,0.0020876826722338203,2546
M-2022-9,30,156,2,0.0020876826722338203,2547
M-2022-9,157,18,6,0.0020847810979847115,2548
M-2022-9,157,60,6,0.0020847810979847115,2549
M-2022-9,157,82,6,0.0020847810979847115,2550
M-2022-9,157,95,6,0.0020847810979847115,2551
M-2022-9,157,129,6,0.0020847810979847115,2552
M-2022-9,157,175,6,0.0020847810979847115,2553
M-2022-9,160,18,3,0.002077562326869806,2554
M-2022-9,160,69,3,0.002077562326869806,2555
M-2022-9,160,95,3,0.002077562326869806,2556
M-2022-9,160,131,3,0.002077562326869806,2557
M-2022-9,160,133,3,0.002077562326869806,2558
M-2022-9,160,134,3,0.002077562326869806,2559
M-2022-9,160,142,3,0.002077562326869806,2560
M-2022-9,160,153,3,0.002077562326869806,2561
M-2022-9,160,171,3,0.002077562326869806,2562
M-2022-9,174,82,3,0.0020761245674740486,2563
M-2022-9,174,104,3,0.0020761245674740486,2564
M-2022-9,174,149,3,0.0020761245674740486,2565
M-2022-9,174,160,3,0.0020761245674740486,2566
M-2022-9,97,87,90,0.002072825260830512,2567
M-2022-9,43,128,9,0.002068490002298322,2568
M-2022-9,43,131,9,0.002068490002298322,2569
M-2022-9,11,17,4,0.0020607934054611026,2570
M-2022-9,11,66,4,0.0020607934054611026,2571
M-2022-9,11,82,4,0.0020607934054611026,2572
M-2022-9,11,135,4,0.0020607934054611026,2573
M-2022-9,130,53,10,0.0020584602717167557,2574
M-2022-9,2,77,11,0.002053004852556924,2575
M-2022-9,54,61,10,0.0020475020475020475,2576
M-2022-9,156,2,51,0.0020450717780094636,2577
M-2022-9,103,136,4,0.002044989775051125,2578
M-2022-9,171,93,16,0.0020444671607462305,2579
M-2022-9,171,115,16,0.0020444671607462305,2580
M-2022-9,171,153,16,0.0020444671607462305,2581
M-2022-9,82,80,75,0.002043763795405619,2582
M-2022-9,9,2,3,0.0020408163265306124,2583
M-2022-9,9,3,3,0.0020408163265306124,2584
M-2022-9,9,13,3,0.0020408163265306124,2585
M-2022-9,9,74,3,0.0020408163265306124,2586
M-2022-9,9,134,3,0.0020408163265306124,2587
M-2022-9,9,139,3,0.0020408163265306124,2588
M-2022-9,9,140,3,0.0020408163265306124,2589
M-2022-9,9,149,3,0.0020408163265306124,2590
M-2022-9,143,62,7,0.0020402215097639173,2591
M-2022-9,143,63,7,0.0020402215097639173,2592
M-2022-9,143,136,7,0.0020402215097639173,2593
M-2022-9,68,19,9,0.002037120869171571,2594
M-2022-9,68,122,9,0.002037120869171571,2595
M-2022-9,68,140,9,0.002037120869171571,2596
M-2022-9,68,175,9,0.002037120869171571,2597
M-2022-9,152,94,1,0.002036659877800407,2598
M-2022-9,152,124,1,0.002036659877800407,2599
M-2022-9,152,155,1,0.002036659877800407,2600
M-2022-9,41,28,5,0.002035830618892508,2601
M-2022-9,41,61,5,0.002035830618892508,2602
M-2022-9,136,124,39,0.002030298297672966,2603
M-2022-9,72,74,22,0.0020293330873535653,2604
M-2022-9,60,156,82,0.0020275950744275753,2605
M-2022-9,108,158,14,0.0020251699696224503,2606
M-2022-9,82,68,74,0.0020165136114668773,2607
M-2022-9,120,117,5,0.0020161290322580645,2608
M-2022-9,120,137,5,0.0020161290322580645,2609
M-2022-9,13,10,3,0.002012072434607646,2610
M-2022-9,13,11,3,0.002012072434607646,2611
M-2022-9,13,18,3,0.002012072434607646,2612
M-2022-9,13,32,3,0.002012072434607646,2613
M-2022-9,13,50,3,0.002012072434607646,2614
M-2022-9,13,77,3,0.002012072434607646,2615
M-2022-9,13,117,3,0.002012072434607646,2616
M-2022-9,13,132,3,0.002012072434607646,2617
M-2022-9,13,146,3,0.002012072434607646,2618
M-2022-9,13,149,3,0.002012072434607646,2619
M-2022-9,66,2,7,0.0020097616996841805,2620
M-2022-9,66,90,7,0.0020097616996841805,2621
M-2022-9,66,93,7,0.0020097616996841805,2622
M-2022-9,66,101,7,0.0020097616996841805,2623
M-2022-9,66,171,7,0.0020097616996841805,2624
M-2022-9,20,49,4,0.002008032128514056,2625
M-2022-9,20,78,4,0.002008032128514056,2626
M-2022-9,20,111,4,0.002008032128514056,2627
M-2022-9,20,117,4,0.002008032128514056,2628
M-2022-9,20,127,4,0.002008032128514056,2629
M-2022-9,20,140,4,0.002008032128514056,2630
M-2022-9,14,50,15,0.002006957452502007,2631
M-2022-9,64,117,7,0.002004008016032064,2632
M-2022-9,64,146,7,0.002004008016032064,2633
M-2022-9,46,18,22,0.002003460522721064,2634
M-2022-9,105,18,10,0.0019821605550049554,2635
M-2022-9,105,68,10,0.0019821605550049554,2636
M-2022-9,123,33,18,0.0019808517662594917,2637
M-2022-9,172,155,18,0.001978674288226888,2638
M-2022-9,135,171,6,0.001973684210526316,2639
M-2022-9,0,14,3,0.001973684210526316,2640
M-2022-9,0,72,3,0.001973684210526316,2641
M-2022-9,0,105,3,0.001973684210526316,2642
M-2022-9,0,110,3,0.001973684210526316,2643
M-2022-9,0,155,3,0.001973684210526316,2644
M-2022-9,104,44,4,0.001973359644795264,2645
M-2022-9,104,86,4,0.001973359644795264,2646
M-2022-9,104,175,4,0.001973359644795264,2647
M-2022-9,17,93,20,0.0019727756954034327,2648
M-2022-9,125,12,8,0.0019689884321929607,2649
M-2022-9,125,64,8,0.0019689884321929607,2650
M-2022-9,125,129,8,0.0019689884321929607,2651
M-2022-9,125,149,8,0.0019689884321929607,2652
M-2022-9,51,140,31,0.00196513470681458,2653
M-2022-9,74,49,7,0.0019646365422396855,2654
M-2022-9,74,122,7,0.0019646365422396855,2655
M-2022-9,159,71,4,0.0019636720667648502,2656
M-2022-9,159,77,4,0.0019636720667648502,2657
M-2022-9,159,143,4,0.0019636720667648502,2658
M-2022-9,159,149,4,0.0019636720667648502,2659
M-2022-9,159,155,4,0.0019636720667648502,2660
M-2022-9,158,31,19,0.001961999173895085,2661
M-2022-9,158,122,19,0.001961999173895085,2662
M-2022-9,39,149,11,0.0019614835948644793,2663
M-2022-9,39,155,11,0.0019614835948644793,2664
M-2022-9,76,117,9,0.001949317738791423,2665
M-2022-9,163,28,4,0.001948368241597662,2666
M-2022-9,163,54,4,0.001948368241597662,2667
M-2022-9,163,60,4,0.001948368241597662,2668
M-2022-9,163,93,4,0.001948368241597662,2669
M-2022-9,163,117,4,0.001948368241597662,2670
M-2022-9,155,32,14,0.0019463367162519116,2671
M-2022-9,155,86,14,0.0019463367162519116,2672
M-2022-9,155,136,14,0.0019463367162519116,2673
M-2022-9,127,155,10,0.0019455252918287938,2674
M-2022-9,148,63,11,0.0019451812555260832,2675
M-2022-9,148,175,11,0.0019451812555260832,2676
M-2022-9,3,53,2,0.001943634596695821,2677
M-2022-9,3,94,2,0.001943634596695821,2678
M-2022-9,3,149,2,0.001943634596695821,2679
M-2022-9,91,117,7,0.001943364797334814,2680
M-2022-9,91,149,7,0.001943364797334814,2681
M-2022-9,31,90,7,0.0019395954558049321,2682
M-2022-9,31,156,7,0.0019395954558049321,2683
M-2022-9,31,158,7,0.0019395954558049321,2684
M-2022-9,45,36,3,0.0019392372333548805,2685
M-2022-9,45,53,3,0.0019392372333548805,2686
M-2022-9,45,71,3,0.0019392372333548805,2687
M-2022-9,45,96,3,0.0019392372333548805,2688
M-2022-9,45,136,3,0.0019392372333548805,2689
M-2022-9,45,138,3,0.0019392372333548805,2690
M-2022-9,45,164,3,0.0019392372333548805,2691
M-2022-9,45,166,3,0.0019392372333548805,2692
M-2022-9,72,49,21,0.0019370906742920396,2693
M-2022-9,175,25,75,0.0019340863376141112,2694
M-2022-9,29,46,55,0.0019284712482468443,2695
M-2022-9,119,117,6,0.0019249278152069298,2696
M-2022-9,151,18,4,0.0019230769230769232,2697
M-2022-9,151,25,4,0.0019230769230769232,2698
M-2022-9,151,49,4,0.0019230769230769232,2699
M-2022-9,151,86,4,0.0019230769230769232,2700
M-2022-9,151,105,4,0.0019230769230769232,2701
M-2022-9,151,115,4,0.0019230769230769232,2702
M-2022-9,151,117,4,0.0019230769230769232,2703
M-2022-9,151,140,4,0.0019230769230769232,2704
M-2022-9,116,20,7,0.001918859649122807,2705
M-2022-9,116,26,7,0.001918859649122807,2706
M-2022-9,116,78,7,0.001918859649122807,2707
M-2022-9,116,119,7,0.001918859649122807,2708
M-2022-9,55,1,9,0.0019169329073482429,2709
M-2022-9,55,61,9,0.0019169329073482429,2710
M-2022-9,138,25,44,0.0019142919295192518,2711
M-2022-9,99,29,43,0.0019130666903946255,2712
M-2022-9,46,32,21,0.0019123941353246516,2713
M-2022-9,21,136,5,0.001904036557501904,2714
M-2022-9,21,140,5,0.001904036557501904,2715
M-2022-9,51,2,30,0.001901743264659271,2716
M-2022-9,51,153,30,0.001901743264659271,2717
M-2022-9,56,84,20,0.0018980734554427255,2718
M-2022-9,28,136,20,0.001896633475580844,2719
M-2022-9,29,69,54,0.0018934081346423561,2720
M-2022-9,15,2,1,0.001890359168241966,2721
M-2022-9,15,6,1,0.001890359168241966,2722
M-2022-9,15,45,1,0.001890359168241966,2723
M-2022-9,15,68,1,0.001890359168241966,2724
M-2022-9,15,74,1,0.001890359168241966,2725
M-2022-9,15,80,1,0.001890359168241966,2726
M-2022-9,15,91,1,0.001890359168241966,2727
M-2022-9,15,92,1,0.001890359168241966,2728
M-2022-9,15,94,1,0.001890359168241966,2729
M-2022-9,15,130,1,0.001890359168241966,2730
M-2022-9,15,138,1,0.001890359168241966,2731
M-2022-9,15,149,1,0.001890359168241966,2732
M-2022-9,15,170,1,0.001890359168241966,2733
M-2022-9,15,171,1,0.001890359168241966,2734
M-2022-9,139,17,3,0.001889168765743073,2735
M-2022-9,139,83,3,0.001889168765743073,2736
M-2022-9,139,87,3,0.001889168765743073,2737
M-2022-9,139,122,3,0.001889168765743073,2738
M-2022-9,139,143,3,0.001889168765743073,2739
M-2022-9,139,163,3,0.001889168765743073,2740
M-2022-9,139,171,3,0.001889168765743073,2741
M-2022-9,97,153,82,0.0018885741265344666,2742
M-2022-9,80,31,3,0.0018832391713747645,2743
M-2022-9,80,142,3,0.0018832391713747645,2744
M-2022-9,1,82,7,0.001881720430107527,2745
M-2022-9,1,143,7,0.001881720430107527,2746
M-2022-9,1,175,7,0.001881720430107527,2747
M-2022-9,16,2,3,0.0018808777429467085,2748
M-2022-9,16,4,3,0.0018808777429467085,2749
M-2022-9,16,23,3,0.0018808777429467085,2750
M-2022-9,16,63,3,0.0018808777429467085,2751
M-2022-9,16,93,3,0.0018808777429467085,2752
M-2022-9,16,112,3,0.0018808777429467085,2753
M-2022-9,16,157,3,0.0018808777429467085,2754
M-2022-9,114,156,3,0.0018738288569643974,2755
M-2022-9,23,19,15,0.0018735948038970773,2756
M-2022-9,23,127,15,0.0018735948038970773,2757
M-2022-9,14,32,14,0.0018731602890018732,2758
M-2022-9,123,127,17,0.001870804445911742,2759
M-2022-9,123,156,17,0.001870804445911742,2760
M-2022-9,176,16,5,0.0018670649738610904,2761
M-2022-9,176,49,5,0.0018670649738610904,2762
M-2022-9,176,109,5,0.0018670649738610904,2763
M-2022-9,176,139,5,0.0018670649738610904,2764
M-2022-9,176,158,5,0.0018670649738610904,2765
M-2022-9,2,108,10,0.001866368047779022,2766
M-2022-9,5,122,5,0.0018642803877703207,2767
M-2022-9,109,53,3,0.0018633540372670807,2768
M-2022-9,109,155,3,0.0018633540372670807,2769
M-2022-9,128,49,8,0.0018604651162790699,2770
M-2022-9,158,175,18,0.0018587360594795538,2771
M-2022-9,166,28,9,0.0018533772652388797,2772
M-2022-9,6,170,3,0.0018461538461538461,2773
M-2022-9,87,127,12,0.0018407731247123793,2774
M-2022-9,43,11,8,0.0018386577798207308,2775
M-2022-9,43,127,8,0.0018386577798207308,2776
M-2022-9,43,134,8,0.0018386577798207308,2777
M-2022-9,43,175,8,0.0018386577798207308,2778
M-2022-9,51,111,29,0.0018383518225039619,2779
M-2022-9,71,49,138,0.0018353748553644816,2780
M-2022-9,122,71,103,0.0018344702299321425,2781
M-2022-9,153,110,129,0.0018315018315018315,2782
M-2022-9,81,140,7,0.0018267223382045928,2783
M-2022-9,53,170,13,0.0018266123366587044,2784
M-2022-9,136,171,35,0.001822062574834713,2785
M-2022-9,46,28,20,0.0018213277479282397,2786
M-2022-9,77,76,66,0.0018148820326678765,2787
M-2022-9,12,142,6,0.0018143332325370426,2788
M-2022-9,67,141,5,0.0018135654697134566,2789
M-2022-9,68,14,8,0.0018107741059302852,2790
M-2022-9,68,133,8,0.0018107741059302852,2791
M-2022-9,155,49,13,0.0018073126650910607,2792
M-2022-9,155,107,13,0.0018073126650910607,2793
M-2022-9,140,129,79,0.001803611789685167,2794
M-2022-9,28,118,19,0.0018018018018018018,2795
M-2022-9,117,99,126,0.0017998457275090706,2796
M-2022-9,147,20,4,0.001796138302649304,2797
M-2022-9,147,153,4,0.001796138302649304,2798
M-2022-9,71,140,135,0.0017954754019869927,2799
M-2022-9,61,153,31,0.001794396851122945,2800
M-2022-9,70,122,3,0.0017878426698450535,2801
M-2022-9,105,155,9,0.00178394449950446,2802
M-2022-9,105,171,9,0.00178394449950446,2803
M-2022-9,138,46,41,0.001783772025233848,2804
M-2022-9,39,105,10,0.001783166904422254,2805
M-2022-9,25,82,77,0.00178051149239236,2806
M-2022-9,63,155,18,0.0017804154302670622,2807
M-2022-9,51,158,28,0.0017749603803486529,2808
M-2022-9,170,51,5,0.0017705382436260624,2809
M-2022-9,170,53,5,0.0017705382436260624,2810
M-2022-9,170,87,5,0.0017705382436260624,2811
M-2022-9,170,176,5,0.0017705382436260624,2812
M-2022-9,136,153,34,0.0017700036441251497,2813
M-2022-9,24,163,17,0.0017645837658293543,2814
M-2022-9,110,175,7,0.0017645576002016637,2815
M-2022-9,156,82,44,0.0017643756516160078,2816
M-2022-9,156,155,44,0.0017643756516160078,2817
M-2022-9,123,153,16,0.0017607571255639925,2818
M-2022-9,77,74,64,0.0017598856074355167,2819
M-2022-9,133,148,85,0.0017586692046677149,2820
M-2022-9,50,142,13,0.0017572316842389836,2821
M-2022-9,79,142,20,0.00175530981218185,2822
M-2022-9,96,101,93,0.0017552468669787106,2823
M-2022-9,149,97,90,0.0017540440459949329,2824
M-2022-9,72,79,19,0.0017526058481689881,2825
M-2022-9,143,87,6,0.0017487612940833576,2826
M-2022-9,143,112,6,0.0017487612940833576,2827
M-2022-9,143,128,6,0.0017487612940833576,2828
M-2022-9,143,162,6,0.0017487612940833576,2829
M-2022-9,93,61,53,0.0017454305944343818,2830
M-2022-9,115,157,31,0.0017434340025870312,2831
M-2022-9,52,18,3,0.0017421602787456446,2832
M-2022-9,52,28,3,0.0017421602787456446,2833
M-2022-9,52,79,3,0.0017421602787456446,2834
M-2022-9,52,95,3,0.0017421602787456446,2835
M-2022-9,52,141,3,0.0017421602787456446,2836
M-2022-9,52,143,3,0.0017421602787456446,2837
M-2022-9,52,154,3,0.0017421602787456446,2838
M-2022-9,14,28,13,0.0017393631255017393,2839
M-2022-9,14,111,13,0.0017393631255017393,2840
M-2022-9,14,140,13,0.0017393631255017393,2841
M-2022-9,14,158,13,0.0017393631255017393,2842
M-2022-9,157,19,5,0.0017373175816539264,2843
M-2022-9,157,77,5,0.0017373175816539264,2844
M-2022-9,157,115,5,0.0017373175816539264,2845
M-2022-9,157,122,5,0.0017373175816539264,2846
M-2022-9,129,136,45,0.0017298377796571077,2847
M-2022-9,168,25,11,0.0017265735363365248,2848
M-2022-9,168,143,11,0.0017265735363365248,2849
M-2022-9,8,102,3,0.0017251293847038527,2850
M-2022-9,8,156,3,0.0017251293847038527,2851
M-2022-9,32,3,3,0.0017241379310344827,2852
M-2022-9,32,16,3,0.0017241379310344827,2853
M-2022-9,32,22,3,0.0017241379310344827,2854
M-2022-9,32,53,3,0.0017241379310344827,2855
M-2022-9,32,122,3,0.0017241379310344827,2856
M-2022-9,32,154,3,0.0017241379310344827,2857
M-2022-9,32,171,3,0.0017241379310344827,2858
M-2022-9,125,136,7,0.0017228648781688408,2859
M-2022-9,66,28,6,0.0017226528854435831,2860
M-2022-9,66,51,6,0.0017226528854435831,2861
M-2022-9,66,149,6,0.0017226528854435831,2862
M-2022-9,154,50,4,0.0017226528854435831,2863
M-2022-9,154,72,4,0.0017226528854435831,2864
M-2022-9,154,98,4,0.0017226528854435831,2865
M-2022-9,154,140,4,0.0017226528854435831,2866
M-2022-9,124,153,38,0.0017224967136575857,2867
M-2022-9,153,49,121,0.0017179203225714853,2868
M-2022-9,64,86,6,0.0017177211565989122,2869
M-2022-9,64,127,6,0.0017177211565989122,2870
M-2022-9,64,131,6,0.0017177211565989122,2871
M-2022-9,51,155,27,0.0017115689381933439,2872
M-2022-9,57,131,3,0.0017064846416382253,2873
M-2022-9,90,49,8,0.0016988744956466342,2874
M-2022-9,112,29,2,0.001697792869269949,2875
M-2022-9,112,33,2,0.001697792869269949,2876
M-2022-9,112,87,2,0.001697792869269949,2877
M-2022-9,112,110,2,0.001697792869269949,2878
M-2022-9,112,137,2,0.001697792869269949,2879
M-2022-9,112,143,2,0.001697792869269949,2880
M-2022-9,19,52,33,0.0016950023113667882,2881
M-2022-9,82,153,62,0.0016895114042019784,2882
M-2022-9,107,134,5,0.0016846361185983828,2883
M-2022-9,2,132,9,0.0016797312430011197,2884
M-2022-9,2,140,9,0.0016797312430011197,2885
M-2022-9,124,10,37,0.0016771678527718599,2886
M-2022-9,124,162,37,0.0016771678527718599,2887
M-2022-9,17,68,17,0.0016768593410929177,2888
M-2022-9,17,175,17,0.0016768593410929177,2889
M-2022-9,153,71,118,0.0016753272567226055,2890
M-2022-9,155,19,12,0.00166828861393021,2891
M-2022-9,155,116,12,0.00166828861393021,2892
M-2022-9,91,71,6,0.001665741254858412,2893
M-2022-9,153,171,117,0.0016611295681063123,2894
M-2022-9,171,71,13,0.0016611295681063123,2895
M-2022-9,24,140,16,0.001660784720780569,2896
M-2022-9,158,46,16,0.0016522098306484924,2897
M-2022-9,123,163,15,0.001650709805216243,2898
M-2022-9,172,1,15,0.0016488952401890733,2899
M-2022-9,51,163,26,0.0016481774960380349,2900
M-2022-9,29,11,47,0.0016479663394109397,2901
M-2022-9,29,63,47,0.0016479663394109397,2902
M-2022-9,166,23,8,0.0016474464579901153,2903
M-2022-9,166,140,8,0.0016474464579901153,2904
M-2022-9,153,131,116,0.001646931879490019,2905
M-2022-9,130,16,8,0.0016467682173734047,2906
M-2022-9,130,28,8,0.0016467682173734047,2907
M-2022-9,130,64,8,0.0016467682173734047,2908
M-2022-9,130,124,8,0.0016467682173734047,2909
M-2022-9,130,140,8,0.0016467682173734047,2910
M-2022-9,132,25,27,0.0016449372486901427,2911
M-2022-9,116,36,6,0.001644736842105263,2912
M-2022-9,116,120,6,0.001644736842105263,2913
M-2022-9,135,141,5,0.001644736842105263,2914
M-2022-9,44,11,2,0.0016326530612244899,2915
M-2022-9,44,105,2,0.0016326530612244899,2916
M-2022-9,44,157,2,0.0016326530612244899,2917
M-2022-9,124,168,36,0.0016318389918861338,2918
M-2022-9,124,175,36,0.0016318389918861338,2919
M-2022-9,111,20,3,0.0016313213703099511,2920
M-2022-9,111,21,3,0.0016313213703099511,2921
M-2022-9,111,24,3,0.0016313213703099511,2922
M-2022-9,111,76,3,0.0016313213703099511,2923
M-2022-9,111,92,3,0.0016313213703099511,2924
M-2022-9,111,98,3,0.0016313213703099511,2925
M-2022-9,111,101,3,0.0016313213703099511,2926
M-2022-9,111,134,3,0.0016313213703099511,2927
M-2022-9,128,143,7,0.0016279069767441861,2928
M-2022-9,50,86,12,0.0016220600162206002,2929
M-2022-9,50,140,12,0.0016220600162206002,2930
M-2022-9,140,17,71,0.0016209675578183146,2931
M-2022-9,153,32,114,0.0016185365022574325,2932
M-2022-9,56,59,17,0.0016133624371263168,2933
M-2022-9,1,19,6,0.0016129032258064516,2934
M-2022-9,1,171,6,0.0016129032258064516,2935
M-2022-9,120,67,4,0.0016129032258064516,2936
M-2022-9,120,101,4,0.0016129032258064516,2937
M-2022-9,120,118,4,0.0016129032258064516,2938
M-2022-9,138,54,37,0.0016097454861866436,2939
M-2022-9,146,46,9,0.0016088666428316052,2940
M-2022-9,146,86,9,0.0016088666428316052,2941
M-2022-9,43,54,7,0.0016088255573431394,2942
M-2022-9,43,74,7,0.0016088255573431394,2943
M-2022-9,43,105,7,0.0016088255573431394,2944
M-2022-9,43,133,7,0.0016088255573431394,2945
M-2022-9,126,28,3,0.001607717041800643,2946
M-2022-9,126,41,3,0.001607717041800643,2947
M-2022-9,126,88,3,0.001607717041800643,2948
M-2022-9,126,99,3,0.001607717041800643,2949
M-2022-9,126,136,3,0.001607717041800643,2950
M-2022-9,126,142,3,0.001607717041800643,2951
M-2022-9,14,6,12,0.0016055659620016055,2952
M-2022-9,14,11,12,0.0016055659620016055,2953
M-2022-9,14,100,12,0.0016055659620016055,2954
M-2022-9,14,170,12,0.0016055659620016055,2955
M-2022-9,39,147,9,0.0016048502139800285,2956
M-2022-9,119,77,5,0.0016041065126724415,2957
M-2022-9,119,156,5,0.0016041065126724415,2958
M-2022-9,156,68,40,0.0016039778651054616,2959
M-2022-9,99,156,36,0.0016016372291675935,2960
M-2022-9,164,16,3,0.0016,2961
M-2022-9,149,102,82,0.001598129019684272,2962
M-2022-9,124,77,35,0.001586510131000408,2963
M-2022-9,105,61,8,0.0015857284440039642,2964
M-2022-9,105,82,8,0.0015857284440039642,2965
M-2022-9,105,141,8,0.0015857284440039642,2966
M-2022-9,105,175,8,0.0015857284440039642,2967
M-2022-9,51,82,25,0.001584786053882726,2968
M-2022-9,82,140,58,0.001580510668447012,2969
M-2022-9,17,49,16,0.001578220556322746,2970
M-2022-9,49,142,46,0.0015717360850104212,2971
M-2022-9,168,169,10,0.0015696123057604772,2972
M-2022-9,71,142,118,0.0015693784995145566,2973
M-2022-9,141,2,2,0.0015625,2974
M-2022-9,141,23,2,0.0015625,2975
M-2022-9,141,39,2,0.0015625,2976
M-2022-9,141,49,2,0.0015625,2977
M-2022-9,141,122,2,0.0015625,2978
M-2022-9,149,156,80,0.0015591502631066068,2979
M-2022-9,24,93,15,0.0015569856757317833,2980
M-2022-9,127,25,8,0.0015564202334630351,2981
M-2022-9,127,49,8,0.0015564202334630351,2982
M-2022-9,127,156,8,0.0015564202334630351,2983
M-2022-9,158,129,15,0.0015489467162329617,2984
M-2022-9,53,111,11,0.0015455950540958269,2985
M-2022-9,11,46,3,0.0015455950540958269,2986
M-2022-9,11,149,3,0.0015455950540958269,2987
M-2022-9,142,49,43,0.001543930199992819,2988
M-2022-9,83,28,38,0.0015430218865472856,2989
M-2022-9,83,140,38,0.0015430218865472856,2990
M-2022-9,117,127,108,0.0015427249092934891,2991
M-2022-9,124,82,34,0.0015411812701146821,2992
M-2022-9,172,149,14,0.001538968890843135,2993
M-2022-9,172,156,14,0.001538968890843135,2994
M-2022-9,177,170,2,0.0015384615384615385,2995
M-2022-9,49,19,45,0.0015375679092493252,2996
M-2022-9,103,41,3,0.0015337423312883436,2997
M-2022-9,103,138,3,0.0015337423312883436,2998
M-2022-9,171,133,12,0.001533350370559673,2999
M-2022-9,100,117,42,0.001529553151972031,3000
M-2022-9,155,50,11,0.0015292645627693591,3001
M-2022-9,155,131,11,0.0015292645627693591,3002
M-2022-9,106,65,4,0.0015278838808250573,3003
M-2022-9,132,63,25,0.0015230900450834653,3004
M-2022-9,153,22,107,0.0015191526819433795,3005
M-2022-9,115,28,27,0.001518474776446769,3006
M-2022-9,76,49,7,0.0015161360190599957,3007
M-2022-9,76,137,7,0.0015161360190599957,3008
M-2022-9,76,153,7,0.0015161360190599957,3009
M-2022-9,110,56,6,0.0015124779430299975,3010
M-2022-9,12,168,5,0.0015119443604475356,3011
M-2022-9,26,67,2,0.0015094339622641509,3012
M-2022-9,26,76,2,0.0015094339622641509,3013
M-2022-9,26,96,2,0.0015094339622641509,3014
M-2022-9,26,112,2,0.0015094339622641509,3015
M-2022-9,26,142,2,0.0015094339622641509,3016
M-2022-9,29,156,43,0.0015077138849929875,3017
M-2022-9,20,1,3,0.0015060240963855422,3018
M-2022-9,20,12,3,0.0015060240963855422,3019
M-2022-9,20,52,3,0.0015060240963855422,3020
M-2022-9,20,87,3,0.0015060240963855422,3021
M-2022-9,20,129,3,0.0015060240963855422,3022
M-2022-9,61,155,26,0.0015049780041676314,3023
M-2022-9,173,91,5,0.0014983518130056938,3024
M-2022-9,175,136,58,0.0014956934344215792,3025
M-2022-9,176,62,4,0.0014936519790888724,3026
M-2022-9,176,87,4,0.0014936519790888724,3027
M-2022-9,176,124,4,0.0014936519790888724,3028
M-2022-9,176,143,4,0.0014936519790888724,3029
M-2022-9,2,63,8,0.0014930944382232176,3030
M-2022-9,2,163,8,0.0014930944382232176,3031
M-2022-9,150,28,2,0.0014925373134328358,3032
M-2022-9,150,97,2,0.0014925373134328358,3033
M-2022-9,71,79,112,0.0014895795927595793,3034
M-2022-9,90,28,7,0.0014865151836908049,3035
M-2022-9,89,13,1,0.0014814814814814814,3036
M-2022-9,89,39,1,0.0014814814814814814,3037
M-2022-9,89,64,1,0.0014814814814814814,3038
M-2022-9,89,68,1,0.0014814814814814814,3039
M-2022-9,89,82,1,0.0014814814814814814,3040
M-2022-9,89,88,1,0.0014814814814814814,3041
M-2022-9,89,117,1,0.0014814814814814814,3042
M-2022-9,89,121,1,0.0014814814814814814,3043
M-2022-9,89,129,1,0.0014814814814814814,3044
M-2022-9,89,131,1,0.0014814814814814814,3045
M-2022-9,89,133,1,0.0014814814814814814,3046
M-2022-9,89,134,1,0.0014814814814814814,3047
M-2022-9,89,135,1,0.0014814814814814814,3048
M-2022-9,89,136,1,0.0014814814814814814,3049
M-2022-9,89,142,1,0.0014814814814814814,3050
M-2022-9,89,146,1,0.0014814814814814814,3051
M-2022-9,89,148,1,0.0014814814814814814,3052
M-2022-9,89,166,1,0.0014814814814814814,3053
M-2022-9,89,170,1,0.0014814814814814814,3054
M-2022-9,89,171,1,0.0014814814814814814,3055
M-2022-9,89,172,1,0.0014814814814814814,3056
M-2022-9,104,49,3,0.0014800197335964479,3057
M-2022-9,104,128,3,0.0014800197335964479,3058
M-2022-9,25,96,64,0.001479905656014429,3059
M-2022-9,17,139,15,0.0014795817715525744,3060
M-2022-9,125,122,6,0.0014767413241447206,3061
M-2022-9,153,52,104,0.0014765596160944998,3062
M-2022-9,65,109,4,0.0014749262536873156,3063
M-2022-9,159,11,3,0.0014727540500736377,3064
M-2022-9,159,69,3,0.0014727540500736377,3065
M-2022-9,159,82,3,0.0014727540500736377,3066
M-2022-9,159,96,3,0.0014727540500736377,3067
M-2022-9,159,117,3,0.0014727540500736377,3068
M-2022-9,159,139,3,0.0014727540500736377,3069
M-2022-9,29,155,42,0.0014726507713884993,3070
M-2022-9,14,125,11,0.0014717687985014718,3071
M-2022-9,14,135,11,0.0014717687985014718,3072
M-2022-9,82,137,54,0.0014715099326920457,3073
M-2022-9,163,115,3,0.0014612761811982464,3074
M-2022-9,163,133,3,0.0014612761811982464,3075
M-2022-9,163,141,3,0.0014612761811982464,3076
M-2022-9,136,29,28,0.0014576500598677703,3077
M-2022-9,143,42,5,0.001457301078402798,3078
M-2022-9,143,88,5,0.001457301078402798,3079
M-2022-9,143,111,5,0.001457301078402798,3080
M-2022-9,143,126,5,0.001457301078402798,3081
M-2022-9,143,157,5,0.001457301078402798,3082
M-2022-9,46,77,16,0.0014570621983425918,3083
M-2022-9,24,19,14,0.0014531866306829978,3084
M-2022-9,24,143,14,0.0014531866306829978,3085
M-2022-9,67,72,4,0.0014508523757707653,3086
M-2022-9,67,73,4,0.0014508523757707653,3087
M-2022-9,67,82,4,0.0014508523757707653,3088
M-2022-9,67,122,4,0.0014508523757707653,3089
M-2022-9,67,158,4,0.0014508523757707653,3090
M-2022-9,124,8,32,0.0014505235483432302,3091
M-2022-9,169,68,3,0.0014499758337361043,3092
M-2022-9,169,171,3,0.0014499758337361043,3093
M-2022-9,108,51,10,0.0014465499783017503,3094
M-2022-9,82,74,53,0.0014442597487533042,3095
M-2022-9,175,76,56,0.0014441177987518695,3096
M-2022-9,151,28,3,0.0014423076923076924,3097
M-2022-9,151,66,3,0.0014423076923076924,3098
M-2022-9,151,104,3,0.0014423076923076924,3099
M-2022-9,151,122,3,0.0014423076923076924,3100
M-2022-9,151,130,3,0.0014423076923076924,3101
M-2022-9,151,132,3,0.0014423076923076924,3102
M-2022-9,151,149,3,0.0014423076923076924,3103
M-2022-9,166,29,7,0.001441515650741351,3104
M-2022-9,166,49,7,0.001441515650741351,3105
M-2022-9,138,100,33,0.0014357189471394388,3106
M-2022-9,66,0,5,0.001435544071202986,3107
M-2022-9,66,19,5,0.001435544071202986,3108
M-2022-9,66,60,5,0.001435544071202986,3109
M-2022-9,66,124,5,0.001435544071202986,3110
M-2022-9,66,130,5,0.001435544071202986,3111
M-2022-9,66,148,5,0.001435544071202986,3112
M-2022-9,137,50,1,0.0014326647564469914,3113
M-2022-9,137,63,1,0.0014326647564469914,3114
M-2022-9,137,68,1,0.0014326647564469914,3115
M-2022-9,137,87,1,0.0014326647564469914,3116
M-2022-9,137,98,1,0.0014326647564469914,3117
M-2022-9,137,140,1,0.0014326647564469914,3118
M-2022-9,137,154,1,0.0014326647564469914,3119
M-2022-9,137,155,1,0.0014326647564469914,3120
M-2022-9,137,176,1,0.0014326647564469914,3121
M-2022-9,64,133,5,0.0014314342971657602,3122
M-2022-9,123,50,13,0.001430615164520744,3123
M-2022-9,146,127,8,0.0014301036825169824,3124
M-2022-9,77,153,52,0.0014299070560413573,3125
M-2022-9,172,99,13,0.0014290425414971969,3126
M-2022-9,172,127,13,0.0014290425414971969,3127
M-2022-9,75,22,20,0.001427653651224213,3128
M-2022-9,39,143,8,0.0014265335235378032,3129
M-2022-9,99,69,32,0.001423677537037861,3130
M-2022-9,28,2,15,0.001422475106685633,3131
M-2022-9,28,51,15,0.001422475106685633,3132
M-2022-9,82,117,52,0.0014170095648145624,3133
M-2022-9,170,61,4,0.00141643059490085,3134
M-2022-9,170,86,4,0.00141643059490085,3135
M-2022-9,170,99,4,0.00141643059490085,3136
M-2022-9,170,155,4,0.00141643059490085,3137
M-2022-9,93,149,43,0.0014161040671826115,3138
M-2022-9,42,93,2,0.0014084507042253522,3139
M-2022-9,42,104,2,0.0014084507042253522,3140
M-2022-9,42,155,2,0.0014084507042253522,3141
M-2022-9,42,168,2,0.0014084507042253522,3142
M-2022-9,122,123,79,0.0014070208559673713,3143
M-2022-9,171,51,11,0.0014055711730130336,3144
M-2022-9,171,155,11,0.0014055711730130336,3145
M-2022-9,53,51,10,0.001405086412814388,3146
M-2022-9,53,72,10,0.001405086412814388,3147
M-2022-9,53,91,10,0.001405086412814388,3148
M-2022-9,53,98,10,0.001405086412814388,3149
M-2022-9,53,129,10,0.001405086412814388,3150
M-2022-9,79,49,16,0.00140424784974548,3151
M-2022-9,156,28,35,0.0014034806319672788,3152
M-2022-9,156,133,35,0.0014034806319672788,3153
M-2022-9,74,63,5,0.0014033118158854898,3154
M-2022-9,128,2,6,0.0013953488372093023,3155
M-2022-9,128,117,6,0.0013953488372093023,3156
M-2022-9,128,129,6,0.0013953488372093023,3157
M-2022-9,128,149,6,0.0013953488372093023,3158
M-2022-9,84,53,4,0.0013942140118508191,3159
M-2022-9,84,111,4,0.0013942140118508191,3160
M-2022-9,84,153,4,0.0013942140118508191,3161
M-2022-9,175,156,54,0.00139254216308216,3162
M-2022-9,138,15,32,0.0013922123123776375,3163
M-2022-9,138,125,32,0.0013922123123776375,3164
M-2022-9,155,16,10,0.0013902405116085082,3165
M-2022-9,155,28,10,0.0013902405116085082,3166
M-2022-9,155,124,10,0.0013902405116085082,3167
M-2022-9,155,157,10,0.0013902405116085082,3168
M-2022-9,157,17,4,0.001389854065323141,3169
M-2022-9,157,23,4,0.001389854065323141,3170
M-2022-9,157,44,4,0.001389854065323141,3171
M-2022-9,157,53,4,0.001389854065323141,3172
M-2022-9,157,116,4,0.001389854065323141,3173
M-2022-9,157,141,4,0.001389854065323141,3174
M-2022-9,157,148,4,0.001389854065323141,3175
M-2022-9,91,25,5,0.00138811771238201,3176
M-2022-9,105,49,7,0.0013875123885034688,3177
M-2022-9,105,116,7,0.0013875123885034688,3178
M-2022-9,105,136,7,0.0013875123885034688,3179
M-2022-9,160,11,2,0.0013850415512465374,3180
M-2022-9,160,34,2,0.0013850415512465374,3181
M-2022-9,160,44,2,0.0013850415512465374,3182
M-2022-9,160,61,2,0.0013850415512465374,3183
M-2022-9,160,64,2,0.0013850415512465374,3184
M-2022-9,160,77,2,0.0013850415512465374,3185
M-2022-9,160,93,2,0.0013850415512465374,3186
M-2022-9,160,99,2,0.0013850415512465374,3187
M-2022-9,160,104,2,0.0013850415512465374,3188
M-2022-9,160,135,2,0.0013850415512465374,3189
M-2022-9,160,136,2,0.0013850415512465374,3190
M-2022-9,160,143,2,0.0013850415512465374,3191
M-2022-9,160,151,2,0.0013850415512465374,3192
M-2022-9,174,34,2,0.001384083044982699,3193
M-2022-9,174,73,2,0.001384083044982699,3194
M-2022-9,174,105,2,0.001384083044982699,3195
M-2022-9,174,125,2,0.001384083044982699,3196
M-2022-9,174,143,2,0.001384083044982699,3197
M-2022-9,174,158,2,0.001384083044982699,3198
M-2022-9,129,142,36,0.0013838702237256861,3199
M-2022-9,71,74,104,0.0013831810504196093,3200
M-2022-9,97,100,60,0.0013818835072203412,3201
M-2022-9,17,65,14,0.0013809429867824028,3202
M-2022-9,87,137,9,0.0013805798435342844,3203
M-2022-9,87,156,9,0.0013805798435342844,3204
M-2022-9,40,72,1,0.001379310344827586,3205
M-2022-9,40,77,1,0.001379310344827586,3206
M-2022-9,40,117,1,0.001379310344827586,3207
M-2022-9,96,138,73,0.0013777744224671598,3208
M-2022-9,23,51,11,0.0013739695228578567,3209
M-2022-9,23,71,11,0.0013739695228578567,3210
M-2022-9,117,143,96,0.0013713110304831013,3211
M-2022-9,116,93,5,0.0013706140350877192,3212
M-2022-9,116,149,5,0.0013706140350877192,3213
M-2022-9,116,175,5,0.0013706140350877192,3214
M-2022-9,140,158,60,0.0013698317390013926,3215
M-2022-9,142,158,38,0.0013644034325517936,3216
M-2022-9,156,87,34,0.0013633811853396424,3217
M-2022-9,156,140,34,0.0013633811853396424,3218
M-2022-9,153,124,96,0.0013629781071641536,3219
M-2022-9,82,124,50,0.0013625091969370793,3220
M-2022-9,127,87,7,0.0013618677042801556,3221
M-2022-9,9,14,2,0.0013605442176870747,3222
M-2022-9,9,43,2,0.0013605442176870747,3223
M-2022-9,9,45,2,0.0013605442176870747,3224
M-2022-9,9,67,2,0.0013605442176870747,3225
M-2022-9,9,76,2,0.0013605442176870747,3226
M-2022-9,9,83,2,0.0013605442176870747,3227
M-2022-9,9,99,2,0.0013605442176870747,3228
M-2022-9,9,123,2,0.0013605442176870747,3229
M-2022-9,9,129,2,0.0013605442176870747,3230
M-2022-9,9,141,2,0.0013605442176870747,3231
M-2022-9,9,158,2,0.0013605442176870747,3232
M-2022-9,68,26,6,0.001358080579447714,3233
M-2022-9,68,28,6,0.001358080579447714,3234
M-2022-9,68,86,6,0.001358080579447714,3235
M-2022-9,75,52,19,0.0013562709686630024,3236
M-2022-9,35,105,3,0.001352569882777277,3237
M-2022-9,35,143,3,0.001352569882777277,3238
M-2022-9,50,49,10,0.0013517166801838335,3239
M-2022-9,50,93,10,0.0013517166801838335,3240
M-2022-9,50,99,10,0.0013517166801838335,3241
M-2022-9,50,105,10,0.0013517166801838335,3242
M-2022-9,115,73,24,0.0013497553568415724,3243
M-2022-9,24,77,13,0.0013493875856342122,3244
M-2022-9,107,92,4,0.0013477088948787063,3245
M-2022-9,147,39,3,0.001347103726986978,3246
M-2022-9,1,87,5,0.0013440860215053765,3247
M-2022-9,1,149,5,0.0013440860215053765,3248
M-2022-9,13,14,2,0.0013413816230717639,3249
M-2022-9,13,25,2,0.0013413816230717639,3250
M-2022-9,13,28,2,0.0013413816230717639,3251
M-2022-9,13,62,2,0.0013413816230717639,3252
M-2022-9,13,64,2,0.0013413816230717639,3253
M-2022-9,13,69,2,0.0013413816230717639,3254
M-2022-9,13,70,2,0.0013413816230717639,3255
M-2022-9,13,71,2,0.0013413816230717639,3256
M-2022-9,13,111,2,0.0013413816230717639,3257
M-2022-9,13,115,2,0.0013413816230717639,3258
M-2022-9,13,143,2,0.0013413816230717639,3259
M-2022-9,113,149,3,0.0013386880856760374,3260
M-2022-9,113,153,3,0.0013386880856760374,3261
M-2022-9,14,76,10,0.001337971635001338,3262
M-2022-9,14,141,10,0.001337971635001338,3263
M-2022-9,14,142,10,0.001337971635001338,3264
M-2022-9,82,93,49,0.0013352590129983377,3265
M-2022-9,29,12,38,0.001332398316970547,3266
M-2022-9,28,75,14,0.0013276434329065909,3267
M-2022-9,123,28,12,0.0013205678441729944,3268
M-2022-9,153,23,93,0.0013203850413152738,3269
M-2022-9,135,18,4,0.0013157894736842105,3270
M-2022-9,135,139,4,0.0013157894736842105,3271
M-2022-9,135,142,4,0.0013157894736842105,3272
M-2022-9,0,3,2,0.0013157894736842105,3273
M-2022-9,0,122,2,0.0013157894736842105,3274
M-2022-9,0,134,2,0.0013157894736842105,3275
M-2022-9,0,158,2,0.0013157894736842105,3276
M-2022-9,124,14,29,0.0013145369656860522,3277
M-2022-9,124,166,29,0.0013145369656860522,3278
M-2022-9,59,28,7,0.0013108614232209739,3279
M-2022-9,86,142,52,0.0013093619378556681,3280
M-2022-9,2,3,7,0.0013064576334453153,3281
M-2022-9,2,12,7,0.0013064576334453153,3282
M-2022-9,2,45,7,0.0013064576334453153,3283
M-2022-9,2,67,7,0.0013064576334453153,3284
M-2022-9,2,83,7,0.0013064576334453153,3285
M-2022-9,2,96,7,0.0013064576334453153,3286
M-2022-9,2,98,7,0.0013064576334453153,3287
M-2022-9,2,111,7,0.0013064576334453153,3288
M-2022-9,153,19,92,0.0013061873526989806,3289
M-2022-9,138,98,30,0.0013051990428540352,3290
M-2022-9,108,25,9,0.0013018949804715753,3291
M-2022-9,140,78,57,0.001301340152051323,3292
M-2022-9,115,42,23,0.001293515550306507,3293
M-2022-9,45,18,2,0.001292824822236587,3294
M-2022-9,45,33,2,0.001292824822236587,3295
M-2022-9,45,39,2,0.001292824822236587,3296
M-2022-9,45,54,2,0.001292824822236587,3297
M-2022-9,45,89,2,0.001292824822236587,3298
M-2022-9,45,93,2,0.001292824822236587,3299
M-2022-9,45,123,2,0.001292824822236587,3300
M-2022-9,45,137,2,0.001292824822236587,3301
M-2022-9,142,46,36,0.0012925927255753834,3302
M-2022-9,118,28,3,0.0012925463162429987,3303
M-2022-9,118,96,3,0.0012925463162429987,3304
M-2022-9,153,148,91,0.0012919896640826874,3305
M-2022-9,154,28,3,0.0012919896640826874,3306
M-2022-9,154,30,3,0.0012919896640826874,3307
M-2022-9,154,79,3,0.0012919896640826874,3308
M-2022-9,154,99,3,0.0012919896640826874,3309
M-2022-9,154,108,3,0.0012919896640826874,3310
M-2022-9,154,125,3,0.0012919896640826874,3311
M-2022-9,154,166,3,0.0012919896640826874,3312
M-2022-9,154,172,3,0.0012919896640826874,3313
M-2022-9,62,117,22,0.0012903225806451613,3314
M-2022-9,63,45,13,0.0012858555885262117,3315
M-2022-9,63,162,13,0.0012858555885262117,3316
M-2022-9,86,2,51,0.001284181900589213,3317
M-2022-9,96,172,68,0.0012834063113392722,3318
M-2022-9,119,101,4,0.0012832852101379532,3319
M-2022-9,132,143,21,0.001279395637870111,3320
M-2022-9,153,143,90,0.001277791975466394,3321
M-2022-9,90,111,6,0.0012741558717349756,3322
M-2022-9,90,122,6,0.0012741558717349756,3323
M-2022-9,61,93,22,0.0012734429266033805,3324
M-2022-9,61,115,22,0.0012734429266033805,3325
M-2022-9,61,142,22,0.0012734429266033805,3326
M-2022-9,124,51,28,0.0012692081048003264,3327
M-2022-9,53,28,9,0.0012645777715329493,3328
M-2022-9,53,90,9,0.0012645777715329493,3329
M-2022-9,29,74,36,0.0012622720897615708,3330
M-2022-9,29,153,36,0.0012622720897615708,3331
M-2022-9,138,2,29,0.001261692408092234,3332
M-2022-9,110,11,5,0.0012603982858583312,3333
M-2022-9,110,14,5,0.0012603982858583312,3334
M-2022-9,110,25,5,0.0012603982858583312,3335
M-2022-9,110,36,5,0.0012603982858583312,3336
M-2022-9,110,123,5,0.0012603982858583312,3337
M-2022-9,165,170,8,0.001259644150527476,3338
M-2022-9,139,11,2,0.0012594458438287153,3339
M-2022-9,139,13,2,0.0012594458438287153,3340
M-2022-9,139,19,2,0.0012594458438287153,3341
M-2022-9,139,20,2,0.0012594458438287153,3342
M-2022-9,139,22,2,0.0012594458438287153,3343
M-2022-9,139,28,2,0.0012594458438287153,3344
M-2022-9,139,60,2,0.0012594458438287153,3345
M-2022-9,139,76,2,0.0012594458438287153,3346
M-2022-9,139,107,2,0.0012594458438287153,3347
M-2022-9,139,138,2,0.0012594458438287153,3348
M-2022-9,139,151,2,0.0012594458438287153,3349
M-2022-9,142,139,35,0.0012566873720871782,3350
M-2022-9,168,123,8,0.0012556898446083817,3351
M-2022-9,80,117,2,0.0012554927809165098,3352
M-2022-9,16,17,2,0.0012539184952978057,3353
M-2022-9,16,19,2,0.0012539184952978057,3354
M-2022-9,16,20,2,0.0012539184952978057,3355
M-2022-9,16,21,2,0.0012539184952978057,3356
M-2022-9,16,37,2,0.0012539184952978057,3357
M-2022-9,16,91,2,0.0012539184952978057,3358
M-2022-9,16,122,2,0.0012539184952978057,3359
M-2022-9,16,148,2,0.0012539184952978057,3360
M-2022-9,16,165,2,0.0012539184952978057,3361
M-2022-9,146,105,7,0.0012513407222023596,3362
M-2022-9,146,144,7,0.0012513407222023596,3363
M-2022-9,155,63,9,0.0012512164604476575,3364
M-2022-9,155,149,9,0.0012512164604476575,3365
M-2022-9,153,51,88,0.0012493965982338076,3366
M-2022-9,114,27,2,0.0012492192379762648,3367
M-2022-9,114,122,2,0.0012492192379762648,3368
M-2022-9,39,153,7,0.0012482168330955777,3369
M-2022-9,149,142,64,0.0012473202104852856,3370
M-2022-9,24,22,12,0.0012455885405854266,3371
M-2022-9,156,12,31,0.0012430828454567328,3372
M-2022-9,156,46,31,0.0012430828454567328,3373
M-2022-9,109,14,2,0.0012422360248447205,3374
M-2022-9,109,106,2,0.0012422360248447205,3375
M-2022-9,145,146,2,0.0012399256044637321,3376
M-2022-9,148,18,7,0.001237842617152962,3377
M-2022-9,148,25,7,0.001237842617152962,3378
M-2022-9,148,156,7,0.001237842617152962,3379
M-2022-9,166,19,6,0.0012355848434925864,3380
M-2022-9,130,78,6,0.0012350761630300535,3381
M-2022-9,130,107,6,0.0012350761630300535,3382
M-2022-9,28,14,13,0.0012328117591275487,3383
M-2022-9,28,130,13,0.0012328117591275487,3384
M-2022-9,28,175,13,0.0012328117591275487,3385
M-2022-9,6,94,2,0.0012307692307692308,3386
M-2022-9,129,19,32,0.0012301068655339433,3387
M-2022-9,79,76,14,0.0012287168685272951,3388
M-2022-9,54,68,6,0.0012285012285012285,3389
M-2022-9,96,124,65,0.0012267854446625396,3390
M-2022-9,41,19,3,0.0012214983713355048,3391
M-2022-9,41,134,3,0.0012214983713355048,3392
M-2022-9,41,171,3,0.0012214983713355048,3393
M-2022-9,41,175,3,0.0012214983713355048,3394
M-2022-9,132,68,20,0.0012184720360667724,3395
M-2022-9,50,17,9,0.0012165450121654502,3396
M-2022-9,122,82,68,0.0012111065595668514,3397
M-2022-9,122,168,68,0.0012111065595668514,3398
M-2022-9,123,23,11,0.0012105205238252448,3399
M-2022-9,140,32,53,0.0012100180361178969,3400
M-2022-9,120,16,3,0.0012096774193548388,3401
M-2022-9,120,25,3,0.0012096774193548388,3402
M-2022-9,120,140,3,0.0012096774193548388,3403
M-2022-9,120,156,3,0.0012096774193548388,3404
M-2022-9,12,93,4,0.0012095554883580285,3405
M-2022-9,12,104,4,0.0012095554883580285,3406
M-2022-9,172,176,11,0.0012091898428053204,3407
M-2022-9,149,19,62,0.0012083414539076204,3408
M-2022-9,96,2,64,0.0012079118224369622,3409
M-2022-9,153,41,85,0.0012068035323849278,3410
M-2022-9,14,127,9,0.001204174471501204,3411
M-2022-9,14,143,9,0.001204174471501204,3412
M-2022-9,14,148,9,0.001204174471501204,3413
M-2022-9,25,14,52,0.0012024233455117236,3414
M-2022-9,72,142,13,0.001199151369799834,3415
M-2022-9,153,77,84,0.0011926058437686344,3416
M-2022-9,29,137,34,0.0011921458625525946,3417
M-2022-9,70,49,2,0.0011918951132300357,3418
M-2022-9,70,79,2,0.0011918951132300357,3419
M-2022-9,70,111,2,0.0011918951132300357,3420
M-2022-9,70,133,2,0.0011918951132300357,3421
M-2022-9,70,136,2,0.0011918951132300357,3422
M-2022-9,70,142,2,0.0011918951132300357,3423
M-2022-9,70,149,2,0.0011918951132300357,3424
M-2022-9,70,153,2,0.0011918951132300357,3425
M-2022-9,105,20,6,0.0011892963330029733,3426
M-2022-9,105,132,6,0.0011892963330029733,3427
M-2022-9,105,148,6,0.0011892963330029733,3428
M-2022-9,149,71,61,0.0011888520756187877,3429
M-2022-9,149,93,61,0.0011888520756187877,3430
M-2022-9,63,99,12,0.0011869436201780415,3431
M-2022-9,63,175,12,0.0011869436201780415,3432
M-2022-9,95,71,35,0.0011849945828819068,3433
M-2022-9,17,50,12,0.0011836654172420597,3434
M-2022-9,17,176,12,0.0011836654172420597,3435
M-2022-9,19,49,23,0.0011813652473162462,3436
M-2022-9,19,93,23,0.0011813652473162462,3437
M-2022-9,19,133,23,0.0011813652473162462,3438
M-2022-9,25,117,51,0.0011792998196364982,3439
M-2022-9,122,28,66,0.0011754857784031204,3440
M-2022-9,22,111,1,0.0011723329425556857,3441
M-2022-9,22,130,1,0.0011723329425556857,3442
M-2022-9,22,134,1,0.0011723329425556857,3443
M-2022-9,22,149,1,0.0011723329425556857,3444
M-2022-9,22,175,1,0.0011723329425556857,3445
M-2022-9,117,170,82,0.0011713281718709824,3446
M-2022-9,127,1,6,0.0011673151750972762,3447
M-2022-9,127,20,6,0.0011673151750972762,3448
M-2022-9,127,43,6,0.0011673151750972762,3449
M-2022-9,127,104,6,0.0011673151750972762,3450
M-2022-9,143,20,4,0.0011658408627222385,3451
M-2022-9,143,29,4,0.0011658408627222385,3452
M-2022-9,143,82,4,0.0011658408627222385,3453
M-2022-9,143,139,4,0.0011658408627222385,3454
M-2022-9,140,111,51,0.0011643569781511838,3455
M-2022-9,156,163,29,0.0011628839522014596,3456
M-2022-9,128,28,5,0.0011627906976744186,3457
M-2022-9,128,43,5,0.0011627906976744186,3458
M-2022-9,52,1,2,0.0011614401858304297,3459
M-2022-9,52,96,2,0.0011614401858304297,3460
M-2022-9,52,101,2,0.0011614401858304297,3461
M-2022-9,52,125,2,0.0011614401858304297,3462
M-2022-9,52,149,2,0.0011614401858304297,3463
M-2022-9,52,157,2,0.0011614401858304297,3464
M-2022-9,52,158,2,0.0011614401858304297,3465
M-2022-9,108,77,8,0.0011572399826414003,3466
M-2022-9,117,49,81,0.0011570436819701168,3467
M-2022-9,117,68,81,0.0011570436819701168,3468
M-2022-9,8,2,2,0.0011500862564692352,3469
M-2022-9,8,50,2,0.0011500862564692352,3470
M-2022-9,8,61,2,0.0011500862564692352,3471
M-2022-9,8,114,2,0.0011500862564692352,3472
M-2022-9,8,115,2,0.0011500862564692352,3473
M-2022-9,8,130,2,0.0011500862564692352,3474
M-2022-9,8,138,2,0.0011500862564692352,3475
M-2022-9,8,171,2,0.0011500862564692352,3476
M-2022-9,32,39,2,0.0011494252873563218,3477
M-2022-9,32,60,2,0.0011494252873563218,3478
M-2022-9,32,74,2,0.0011494252873563218,3479
M-2022-9,32,84,2,0.0011494252873563218,3480
M-2022-9,32,130,2,0.0011494252873563218,3481
M-2022-9,32,176,2,0.0011494252873563218,3482
M-2022-9,43,19,5,0.0011491611123879567,3483
M-2022-9,43,82,5,0.0011491611123879567,3484
M-2022-9,43,112,5,0.0011491611123879567,3485
M-2022-9,43,160,5,0.0011491611123879567,3486
M-2022-9,66,17,4,0.0011484352569623888,3487
M-2022-9,66,50,4,0.0011484352569623888,3488
M-2022-9,66,97,4,0.0011484352569623888,3489
M-2022-9,66,136,4,0.0011484352569623888,3490
M-2022-9,66,163,4,0.0011484352569623888,3491
M-2022-9,85,71,1,0.0011467889908256881,3492
M-2022-9,85,78,1,0.0011467889908256881,3493
M-2022-9,85,86,1,0.0011467889908256881,3494
M-2022-9,85,101,1,0.0011467889908256881,3495
M-2022-9,85,112,1,0.0011467889908256881,3496
M-2022-9,85,129,1,0.0011467889908256881,3497
M-2022-9,85,136,1,0.0011467889908256881,3498
M-2022-9,85,168,1,0.0011467889908256881,3499
M-2022-9,64,28,4,0.001145147437732608,3500
M-2022-9,64,29,4,0.001145147437732608,3501
M-2022-9,64,54,4,0.001145147437732608,3502
M-2022-9,161,18,1,0.0011441647597254005,3503
M-2022-9,161,60,1,0.0011441647597254005,3504
M-2022-9,161,69,1,0.0011441647597254005,3505
M-2022-9,161,71,1,0.0011441647597254005,3506
M-2022-9,161,99,1,0.0011441647597254005,3507
M-2022-9,161,111,1,0.0011441647597254005,3508
M-2022-9,161,127,1,0.0011441647597254005,3509
M-2022-9,161,156,1,0.0011441647597254005,3510
M-2022-9,161,162,1,0.0011441647597254005,3511
M-2022-9,21,18,3,0.0011424219345011425,3512
M-2022-9,21,127,3,0.0011424219345011425,3513
M-2022-9,75,136,16,0.0011421229209793704,3514
M-2022-9,24,23,11,0.001141789495536641,3515
M-2022-9,140,2,50,0.0011415264491678272,3516
M-2022-9,144,71,3,0.0011406844106463879,3517
M-2022-9,56,0,12,0.0011388440732656353,3518
M-2022-9,28,17,12,0.0011379800853485065,3519
M-2022-9,28,60,12,0.0011379800853485065,3520
M-2022-9,28,168,12,0.0011379800853485065,3521
M-2022-9,158,75,11,0.0011358942585708385,3522
M-2022-9,158,77,11,0.0011358942585708385,3523
M-2022-9,158,116,11,0.0011358942585708385,3524
M-2022-9,158,117,11,0.0011358942585708385,3525
M-2022-9,124,96,25,0.0011332215221431486,3526
M-2022-9,68,60,5,0.0011317338162064282,3527
M-2022-9,68,71,5,0.0011317338162064282,3528
M-2022-9,68,82,5,0.0011317338162064282,3529
M-2022-9,68,148,5,0.0011317338162064282,3530
M-2022-9,138,69,26,0.0011311725038068306,3531
M-2022-9,115,151,20,0.0011247961307013104,3532
M-2022-9,23,143,9,0.0011241568823382464,3533
M-2022-9,53,96,8,0.0011240691302515104,3534
M-2022-9,53,155,8,0.0011240691302515104,3535
M-2022-9,53,172,8,0.0011240691302515104,3536
M-2022-9,53,175,8,0.0011240691302515104,3537
M-2022-9,156,105,28,0.001122784505573823,3538
M-2022-9,74,117,4,0.001122649452708392,3539
M-2022-9,74,170,4,0.001122649452708392,3540
M-2022-9,153,68,79,0.0011216174006871682,3541
M-2022-9,176,65,3,0.0011202389843166542,3542
M-2022-9,176,122,3,0.0011202389843166542,3543
M-2022-9,176,134,3,0.0011202389843166542,3544
M-2022-9,176,172,3,0.0011202389843166542,3545
M-2022-9,176,175,3,0.0011202389843166542,3546
M-2022-9,176,177,3,0.0011202389843166542,3547
M-2022-9,2,1,6,0.0011198208286674132,3548
M-2022-9,2,10,6,0.0011198208286674132,3549
M-2022-9,2,17,6,0.0011198208286674132,3550
M-2022-9,5,96,3,0.0011185682326621924,3551
M-2022-9,62,171,19,0.0011143695014662757,3552
M-2022-9,96,77,59,0.0011135437113090744,3553
M-2022-9,142,130,31,0.0011130659581343578,3554
M-2022-9,155,82,8,0.0011121924092868066,3555
M-2022-9,155,143,8,0.0011121924092868066,3556
M-2022-9,149,98,57,0.0011108945624634574,3557
M-2022-9,91,176,4,0.001110494169905608,3558
M-2022-9,175,61,43,0.001108876166898757,3559
M-2022-9,31,51,4,0.0011083402604599613,3560
M-2022-9,31,82,4,0.0011083402604599613,3561
M-2022-9,31,119,4,0.0011083402604599613,3562
M-2022-9,153,63,78,0.0011074197120708748,3563
M-2022-9,123,105,10,0.0011004732034774953,3564
M-2022-9,117,4,77,0.0010999057223666543,3565
M-2022-9,117,77,77,0.0010999057223666543,3566
M-2022-9,18,156,29,0.0010999013881514072,3567
M-2022-9,172,25,10,0.0010992634934593821,3568
M-2022-9,172,27,10,0.0010992634934593821,3569
M-2022-9,172,134,10,0.0010992634934593821,3570
M-2022-9,168,13,7,0.001098728614032334,3571
M-2022-9,116,23,4,0.0010964912280701754,3572
M-2022-9,116,24,4,0.0010964912280701754,3573
M-2022-9,116,50,4,0.0010964912280701754,3574
M-2022-9,116,66,4,0.0010964912280701754,3575
M-2022-9,116,121,4,0.0010964912280701754,3576
M-2022-9,116,127,4,0.0010964912280701754,3577
M-2022-9,116,172,4,0.0010964912280701754,3578
M-2022-9,46,11,12,0.0010927966487569438,3579
M-2022-9,46,138,12,0.0010927966487569438,3580
M-2022-9,46,141,12,0.0010927966487569438,3581
M-2022-9,82,49,40,0.0010900073575496635,3582
M-2022-9,67,115,3,0.001088139281828074,3583
M-2022-9,67,124,3,0.001088139281828074,3584
M-2022-9,67,127,3,0.001088139281828074,3585
M-2022-9,67,138,3,0.001088139281828074,3586
M-2022-9,63,125,11,0.0010880316518298715,3587
M-2022-9,63,149,11,0.0010880316518298715,3588
M-2022-9,124,90,24,0.0010878926612574225,3589
M-2022-9,138,93,25,0.0010876658690450293,3590
M-2022-9,111,30,2,0.001087547580206634,3591
M-2022-9,111,46,2,0.001087547580206634,3592
M-2022-9,111,60,2,0.001087547580206634,3593
M-2022-9,111,71,2,0.001087547580206634,3594
M-2022-9,111,87,2,0.001087547580206634,3595
M-2022-9,111,93,2,0.001087547580206634,3596
M-2022-9,111,115,2,0.001087547580206634,3597
M-2022-9,111,141,2,0.001087547580206634,3598
M-2022-9,111,160,2,0.001087547580206634,3599
M-2022-9,29,42,31,0.0010869565217391304,3600
M-2022-9,156,71,27,0.0010826850589461866,3601
M-2022-9,50,125,8,0.0010813733441470668,3602
M-2022-9,19,75,21,0.001078637834506138,3603
M-2022-9,51,83,17,0.0010776545166402535,3604
M-2022-9,98,149,63,0.001075672722305696,3605
M-2022-9,1,2,4,0.001075268817204301,3606
M-2022-9,1,20,4,0.001075268817204301,3607
M-2022-9,1,21,4,0.001075268817204301,3608
M-2022-9,1,46,4,0.001075268817204301,3609
M-2022-9,1,60,4,0.001075268817204301,3610
M-2022-9,1,71,4,0.001075268817204301,3611
M-2022-9,1,74,4,0.001075268817204301,3612
M-2022-9,1,93,4,0.001075268817204301,3613
M-2022-9,1,122,4,0.001075268817204301,3614
M-2022-9,10,46,1,0.001075268817204301,3615
M-2022-9,10,49,1,0.001075268817204301,3616
M-2022-9,10,71,1,0.001075268817204301,3617
M-2022-9,10,88,1,0.001075268817204301,3618
M-2022-9,10,104,1,0.001075268817204301,3619
M-2022-9,10,115,1,0.001075268817204301,3620
M-2022-9,10,130,1,0.001075268817204301,3621
M-2022-9,10,133,1,0.001075268817204301,3622
M-2022-9,10,168,1,0.001075268817204301,3623
M-2022-9,10,175,1,0.001075268817204301,3624
M-2022-9,146,138,6,0.0010725777618877368,3625
M-2022-9,126,1,2,0.0010718113612004287,3626
M-2022-9,126,18,2,0.0010718113612004287,3627
M-2022-9,126,46,2,0.0010718113612004287,3628
M-2022-9,126,127,2,0.0010718113612004287,3629
M-2022-9,126,149,2,0.0010718113612004287,3630
M-2022-9,75,142,15,0.0010707402384181597,3631
M-2022-9,14,5,8,0.0010703773080010704,3632
M-2022-9,14,119,8,0.0010703773080010704,3633
M-2022-9,14,165,8,0.0010703773080010704,3634
M-2022-9,39,86,6,0.0010699001426533524,3635
M-2022-9,39,148,6,0.0010699001426533524,3636
M-2022-9,39,171,6,0.0010699001426533524,3637
M-2022-9,164,2,2,0.0010666666666666667,3638
M-2022-9,164,53,2,0.0010666666666666667,3639
M-2022-9,55,153,5,0.0010649627263045794,3640
M-2022-9,55,172,5,0.0010649627263045794,3641
M-2022-9,25,28,46,0.0010636821902603709,3642
M-2022-9,170,4,3,0.0010623229461756375,3643
M-2022-9,170,32,3,0.0010623229461756375,3644
M-2022-9,170,43,3,0.0010623229461756375,3645
M-2022-9,170,110,3,0.0010623229461756375,3646
M-2022-9,170,136,3,0.0010623229461756375,3647
M-2022-9,170,143,3,0.0010623229461756375,3648
M-2022-9,170,156,3,0.0010623229461756375,3649
M-2022-9,170,177,3,0.0010623229461756375,3650
M-2022-9,90,140,5,0.0010617965597791463,3651
M-2022-9,90,155,5,0.0010617965597791463,3652
M-2022-9,148,134,6,0.0010610079575596816,3653
M-2022-9,83,27,26,0.0010557518171113007,3654
M-2022-9,62,156,18,0.0010557184750733138,3655
M-2022-9,93,75,32,0.0010538448872056644,3656
M-2022-9,149,104,54,0.0010524264275969598,3657
M-2022-9,149,140,54,0.0010524264275969598,3658
M-2022-9,84,18,3,0.0010456605088881143,3659
M-2022-9,84,117,3,0.0010456605088881143,3660
M-2022-9,84,142,3,0.0010456605088881143,3661
M-2022-9,138,83,24,0.0010441592342832283,3662
M-2022-9,81,49,4,0.0010438413361169101,3663
M-2022-9,30,9,1,0.0010438413361169101,3664
M-2022-9,30,28,1,0.0010438413361169101,3665
M-2022-9,30,46,1,0.0010438413361169101,3666
M-2022-9,30,77,1,0.0010438413361169101,3667
M-2022-9,30,96,1,0.0010438413361169101,3668
M-2022-9,30,99,1,0.0010438413361169101,3669
M-2022-9,30,108,1,0.0010438413361169101,3670
M-2022-9,30,117,1,0.0010438413361169101,3671
M-2022-9,30,134,1,0.0010438413361169101,3672
M-2022-9,30,153,1,0.0010438413361169101,3673
M-2022-9,30,158,1,0.0010438413361169101,3674
M-2022-9,117,175,73,0.0010427677627631918,3675
M-2022-9,157,14,3,0.0010423905489923557,3676
M-2022-9,157,72,3,0.0010423905489923557,3677
M-2022-9,157,124,3,0.0010423905489923557,3678
M-2022-9,157,140,3,0.0010423905489923557,3679
M-2022-9,157,142,3,0.0010423905489923557,3680
M-2022-9,157,163,3,0.0010423905489923557,3681
M-2022-9,61,49,18,0.0010419078490391295,3682
M-2022-9,98,117,61,0.001041524381915039,3683
M-2022-9,142,129,29,0.0010412552511579476,3684
M-2022-9,136,132,20,0.0010411786141912645,3685
M-2022-9,25,122,45,0.0010405586643851454,3686
M-2022-9,129,133,27,0.0010379026677942646,3687
M-2022-9,71,153,78,0.001037385787814707,3688
M-2022-9,149,115,53,0.001032937049308127,3689
M-2022-9,149,171,53,0.001032937049308127,3690
M-2022-9,158,86,10,0.0010326311441553077,3691
M-2022-9,86,12,41,0.0010323815279246614,3692
M-2022-9,11,37,2,0.0010303967027305513,3693
M-2022-9,11,44,2,0.0010303967027305513,3694
M-2022-9,11,124,2,0.0010303967027305513,3695
M-2022-9,11,127,2,0.0010303967027305513,3696
M-2022-9,130,74,5,0.0010292301358583778,3697
M-2022-9,130,149,5,0.0010292301358583778,3698
M-2022-9,140,133,45,0.0010273738042510445,3699
M-2022-9,103,149,2,0.0010224948875255625,3700
M-2022-9,171,2,8,0.0010222335803731152,3701
M-2022-9,171,117,8,0.0010222335803731152,3702
M-2022-9,171,125,8,0.0010222335803731152,3703
M-2022-9,93,117,31,0.0010209122344804874,3704
M-2022-9,96,32,54,0.0010191756001811869,3705
M-2022-9,83,65,25,0.0010151459779916352,3706
M-2022-9,83,91,25,0.0010151459779916352,3707
M-2022-9,51,25,16,0.0010142630744849445,3708
M-2022-9,108,17,7,0.0010125849848112252,3709
M-2022-9,108,153,7,0.0010125849848112252,3710
M-2022-9,115,62,18,0.0010123165176311793,3711
M-2022-9,115,138,18,0.0010123165176311793,3712
M-2022-9,110,62,4,0.001008318628686665,3713
M-2022-9,110,125,4,0.001008318628686665,3714
M-2022-9,110,160,4,0.001008318628686665,3715
M-2022-9,86,133,40,0.0010072014906582062,3716
M-2022-9,175,142,39,0.0010057248955593378,3717
M-2022-9,20,18,2,0.001004016064257028,3718
M-2022-9,20,84,2,0.001004016064257028,3719
M-2022-9,20,93,2,0.001004016064257028,3720
M-2022-9,20,151,2,0.001004016064257028,3721
M-2022-9,20,158,2,0.001004016064257028,3722
M-2022-9,46,135,11,0.001001730261360532,3723
M-2022-9,4,17,1,0.000999000999000999,3724
M-2022-9,4,18,1,0.000999000999000999,3725
M-2022-9,4,53,1,0.000999000999000999,3726
M-2022-9,4,61,1,0.000999000999000999,3727
M-2022-9,4,74,1,0.000999000999000999,3728
M-2022-9,4,77,1,0.000999000999000999,3729
M-2022-9,4,82,1,0.000999000999000999,3730
M-2022-9,4,86,1,0.000999000999000999,3731
M-2022-9,4,92,1,0.000999000999000999,3732
M-2022-9,4,101,1,0.000999000999000999,3733
M-2022-9,4,117,1,0.000999000999000999,3734
M-2022-9,4,124,1,0.000999000999000999,3735
M-2022-9,4,129,1,0.000999000999000999,3736
M-2022-9,4,154,1,0.000999000999000999,3737
M-2022-9,4,170,1,0.000999000999000999,3738
M-2022-9,4,175,1,0.000999000999000999,3739
M-2022-9,124,28,22,0.0009972349394859706,3740
M-2022-9,124,71,22,0.0009972349394859706,3741
M-2022-9,124,101,22,0.0009972349394859706,3742
M-2022-9,124,136,22,0.0009972349394859706,3743
M-2022-9,62,142,17,0.000997067448680352,3744
M-2022-9,149,28,51,0.000993958292730462,3745
M-2022-9,153,136,70,0.0009938382031405286,3746
M-2022-9,105,14,5,0.0009910802775024777,3747
M-2022-9,105,35,5,0.0009910802775024777,3748
M-2022-9,105,123,5,0.0009910802775024777,3749
M-2022-9,105,124,5,0.0009910802775024777,3750
M-2022-9,105,135,5,0.0009910802775024777,3751
M-2022-9,105,162,5,0.0009910802775024777,3752
M-2022-9,123,129,9,0.0009904258831297458,3753
M-2022-9,172,124,9,0.000989337144113444,3754
M-2022-9,172,154,9,0.000989337144113444,3755
M-2022-9,136,46,19,0.0009891196834817012,3756
M-2022-9,63,51,10,0.0009891196834817012,3757
M-2022-9,135,28,3,0.000986842105263158,3758
M-2022-9,135,46,3,0.000986842105263158,3759
M-2022-9,135,68,3,0.000986842105263158,3760
M-2022-9,104,25,2,0.000986679822397632,3761
M-2022-9,104,36,2,0.000986679822397632,3762
M-2022-9,104,63,2,0.000986679822397632,3763
M-2022-9,104,112,2,0.000986679822397632,3764
M-2022-9,104,141,2,0.000986679822397632,3765
M-2022-9,104,151,2,0.000986679822397632,3766
M-2022-9,104,154,2,0.000986679822397632,3767
M-2022-9,17,2,10,0.0009863878477017164,3768
M-2022-9,117,103,69,0.000985629803159729,3769
M-2022-9,125,2,4,0.0009844942160964804,3770
M-2022-9,125,25,4,0.0009844942160964804,3771
M-2022-9,125,61,4,0.0009844942160964804,3772
M-2022-9,71,117,74,0.000984186516644722,3773
M-2022-9,134,133,8,0.000983767830791933,3774
M-2022-9,53,82,7,0.0009835604889700718,3775
M-2022-9,53,142,7,0.0009835604889700718,3776
M-2022-9,53,143,7,0.0009835604889700718,3777
M-2022-9,159,18,2,0.0009818360333824251,3778
M-2022-9,159,39,2,0.0009818360333824251,3779
M-2022-9,159,72,2,0.0009818360333824251,3780
M-2022-9,159,75,2,0.0009818360333824251,3781
M-2022-9,159,88,2,0.0009818360333824251,3782
M-2022-9,159,115,2,0.0009818360333824251,3783
M-2022-9,159,125,2,0.0009818360333824251,3784
M-2022-9,122,138,55,0.0009795714820026004,3785
M-2022-9,99,138,22,0.0009787783067135294,3786
M-2022-9,83,74,24,0.0009745401388719698,3787
M-2022-9,149,143,50,0.0009744689144416293,3788
M-2022-9,163,18,2,0.000974184120798831,3789
M-2022-9,163,45,2,0.000974184120798831,3790
M-2022-9,163,50,2,0.000974184120798831,3791
M-2022-9,163,63,2,0.000974184120798831,3792
M-2022-9,163,64,2,0.000974184120798831,3793
M-2022-9,163,71,2,0.000974184120798831,3794
M-2022-9,163,74,2,0.000974184120798831,3795
M-2022-9,163,80,2,0.000974184120798831,3796
M-2022-9,163,89,2,0.000974184120798831,3797
M-2022-9,163,134,2,0.000974184120798831,3798
M-2022-9,163,157,2,0.000974184120798831,3799
M-2022-9,163,162,2,0.000974184120798831,3800
M-2022-9,155,23,7,0.0009731683581259558,3801
M-2022-9,155,91,7,0.0009731683581259558,3802
M-2022-9,127,45,5,0.0009727626459143969,3803
M-2022-9,127,50,5,0.0009727626459143969,3804
M-2022-9,127,116,5,0.0009727626459143969,3805
M-2022-9,127,129,5,0.0009727626459143969,3806
M-2022-9,127,133,5,0.0009727626459143969,3807
M-2022-9,127,157,5,0.0009727626459143969,3808
M-2022-9,3,46,1,0.0009718172983479105,3809
M-2022-9,3,51,1,0.0009718172983479105,3810
M-2022-9,3,91,1,0.0009718172983479105,3811
M-2022-9,3,92,1,0.0009718172983479105,3812
M-2022-9,3,107,1,0.0009718172983479105,3813
M-2022-9,3,158,1,0.0009718172983479105,3814
M-2022-9,3,172,1,0.0009718172983479105,3815
M-2022-9,117,142,68,0.0009713453132588635,3816
M-2022-9,25,9,42,0.0009711880867594691,3817
M-2022-9,142,61,27,0.0009694445441815375,3818
M-2022-9,169,29,2,0.0009666505558240696,3819
M-2022-9,169,51,2,0.0009666505558240696,3820
M-2022-9,169,63,2,0.0009666505558240696,3821
M-2022-9,169,122,2,0.0009666505558240696,3822
M-2022-9,79,140,11,0.0009654203967000176,3823
M-2022-9,96,14,51,0.0009625547335044541,3824
M-2022-9,119,51,3,0.0009624639076034649,3825
M-2022-9,156,52,24,0.0009623867190632769,3826
M-2022-9,151,1,2,0.0009615384615384616,3827
M-2022-9,151,62,2,0.0009615384615384616,3828
M-2022-9,151,68,2,0.0009615384615384616,3829
M-2022-9,151,69,2,0.0009615384615384616,3830
M-2022-9,151,71,2,0.0009615384615384616,3831
M-2022-9,151,125,2,0.0009615384615384616,3832
M-2022-9,151,129,2,0.0009615384615384616,3833
M-2022-9,151,162,2,0.0009615384615384616,3834
M-2022-9,151,172,2,0.0009615384615384616,3835
M-2022-9,117,125,67,0.0009570608233579979,3836
M-2022-9,51,142,15,0.0009508716323296355,3837
M-2022-9,28,18,10,0.000948316737790422,3838
M-2022-9,28,102,10,0.000948316737790422,3839
M-2022-9,28,104,10,0.000948316737790422,3840
M-2022-9,28,112,10,0.000948316737790422,3841
M-2022-9,50,110,7,0.0009462016761286835,3842
M-2022-9,50,116,7,0.0009462016761286835,3843
M-2022-9,50,138,7,0.0009462016761286835,3844
M-2022-9,165,149,6,0.000944733112895607,3845
M-2022-9,165,176,6,0.000944733112895607,3846
M-2022-9,168,29,6,0.0009417673834562863,3847
M-2022-9,168,99,6,0.0009417673834562863,3848
M-2022-9,14,78,7,0.0009365801445009366,3849
M-2022-9,14,122,7,0.0009365801445009366,3850
M-2022-9,14,130,7,0.0009365801445009366,3851
M-2022-9,14,172,7,0.0009365801445009366,3852
M-2022-9,149,151,48,0.0009354901578639642,3853
M-2022-9,99,105,21,0.0009342883836810962,3854
M-2022-9,24,66,9,0.0009341914054390699,3855
M-2022-9,83,53,23,0.0009339342997523043,3856
M-2022-9,2,39,5,0.000933184023889511,3857
M-2022-9,2,46,5,0.000933184023889511,3858
M-2022-9,2,91,5,0.000933184023889511,3859
M-2022-9,2,116,5,0.000933184023889511,3860
M-2022-9,2,128,5,0.000933184023889511,3861
M-2022-9,2,166,5,0.000933184023889511,3862
M-2022-9,2,171,5,0.000933184023889511,3863
M-2022-9,2,172,5,0.000933184023889511,3864
M-2022-9,86,168,37,0.0009316613788588408,3865
M-2022-9,128,78,4,0.0009302325581395349,3866
M-2022-9,158,61,9,0.0009293680297397769,3867
M-2022-9,158,136,9,0.0009293680297397769,3868
M-2022-9,78,72,24,0.0009286128845037725,3869
M-2022-9,175,124,36,0.0009283614420547734,3870
M-2022-9,122,29,52,0.0009261403102570039,3871
M-2022-9,25,131,40,0.0009249410350090181,3872
M-2022-9,19,25,18,0.0009245467152909754,3873
M-2022-9,129,95,24,0.0009225801491504575,3874
M-2022-9,49,28,27,0.0009225407455495951,3875
M-2022-9,49,159,27,0.0009225407455495951,3876
M-2022-9,93,153,28,0.0009221142763049564,3877
M-2022-9,87,117,6,0.0009203865623561896,3878
M-2022-9,87,176,6,0.0009203865623561896,3879
M-2022-9,43,23,4,0.0009193288899103654,3880
M-2022-9,43,122,4,0.0009193288899103654,3881
M-2022-9,43,125,4,0.0009193288899103654,3882
M-2022-9,43,132,4,0.0009193288899103654,3883
M-2022-9,43,136,4,0.0009193288899103654,3884
M-2022-9,43,140,4,0.0009193288899103654,3885
M-2022-9,138,105,21,0.0009136393299978247,3886
M-2022-9,29,49,26,0.0009116409537166901,3887
M-2022-9,29,135,26,0.0009116409537166901,3888
M-2022-9,29,142,26,0.0009116409537166901,3889
M-2022-9,29,175,26,0.0009116409537166901,3890
M-2022-9,153,16,64,0.0009086520714427692,3891
M-2022-9,12,60,3,0.0009071666162685213,3892
M-2022-9,12,88,3,0.0009071666162685213,3893
M-2022-9,96,99,48,0.0009059338668277216,3894
M-2022-9,68,2,4,0.0009053870529651426,3895
M-2022-9,68,11,4,0.0009053870529651426,3896
M-2022-9,68,112,4,0.0009053870529651426,3897
M-2022-9,68,116,4,0.0009053870529651426,3898
M-2022-9,68,130,4,0.0009053870529651426,3899
M-2022-9,68,163,4,0.0009053870529651426,3900
M-2022-9,68,172,4,0.0009053870529651426,3901
M-2022-9,35,29,2,0.0009017132551848512,3902
M-2022-9,35,135,2,0.0009017132551848512,3903
M-2022-9,115,117,16,0.0008998369045610483,3904
M-2022-9,173,142,3,0.0008990110878034162,3905
M-2022-9,147,117,2,0.000898069151324652,3906
M-2022-9,147,175,2,0.000898069151324652,3907
M-2022-9,149,101,46,0.000896511401286299,3908
M-2022-9,171,46,7,0.0008944543828264759,3909
M-2022-9,171,140,7,0.0008944543828264759,3910
M-2022-9,146,63,5,0.000893814801573114,3911
M-2022-9,146,112,5,0.000893814801573114,3912
M-2022-9,146,155,5,0.000893814801573114,3913
M-2022-9,113,100,2,0.000892458723784025,3914
M-2022-9,113,111,2,0.000892458723784025,3915
M-2022-9,39,129,5,0.000891583452211127,3916
M-2022-9,39,133,5,0.000891583452211127,3917
M-2022-9,39,157,5,0.000891583452211127,3918
M-2022-9,140,116,39,0.0008903906303509053,3919
M-2022-9,63,2,9,0.0008902077151335311,3920
M-2022-9,63,140,9,0.0008902077151335311,3921
M-2022-9,99,86,20,0.0008897984606486631,3922
M-2022-9,17,21,9,0.0008877490629315447,3923
M-2022-9,17,129,9,0.0008877490629315447,3924
M-2022-9,51,60,14,0.0008874801901743264,3925
M-2022-9,117,136,62,0.0008856383738536697,3926
M-2022-9,136,12,17,0.0008850018220625749,3927
M-2022-9,148,86,5,0.0008841732979664014,3928
M-2022-9,123,132,8,0.0008803785627819963,3929
M-2022-9,95,117,26,0.0008802816901408451,3930
M-2022-9,62,133,15,0.0008797653958944282,3931
M-2022-9,62,140,15,0.0008797653958944282,3932
M-2022-9,172,23,8,0.0008794107947675058,3933
M-2022-9,172,93,8,0.0008794107947675058,3934
M-2022-9,172,143,8,0.0008794107947675058,3935
M-2022-9,79,78,10,0.000877654906090925,3936
M-2022-9,29,14,25,0.0008765778401122019,3937
M-2022-9,143,1,3,0.0008743806470416788,3938
M-2022-9,143,15,3,0.0008743806470416788,3939
M-2022-9,143,99,3,0.0008743806470416788,3940
M-2022-9,143,131,3,0.0008743806470416788,3941
M-2022-9,143,163,3,0.0008743806470416788,3942
M-2022-9,23,166,7,0.0008743442418186361,3943
M-2022-9,23,170,7,0.0008743442418186361,3944
M-2022-9,138,134,20,0.0008701326952360235,3945
M-2022-9,61,175,15,0.0008682565408659412,3946
M-2022-9,96,82,46,0.0008681866223765665,3947
M-2022-9,140,51,38,0.0008675601013675487,3948
M-2022-9,140,155,38,0.0008675601013675487,3949
M-2022-9,118,60,2,0.0008616975441619991,3950
M-2022-9,118,71,2,0.0008616975441619991,3951
M-2022-9,118,85,2,0.0008616975441619991,3952
M-2022-9,118,97,2,0.0008616975441619991,3953
M-2022-9,66,105,3,0.0008613264427217916,3954
M-2022-9,66,151,3,0.0008613264427217916,3955
M-2022-9,66,155,3,0.0008613264427217916,3956
M-2022-9,66,158,3,0.0008613264427217916,3957
M-2022-9,154,1,2,0.0008613264427217916,3958
M-2022-9,154,25,2,0.0008613264427217916,3959
M-2022-9,154,29,2,0.0008613264427217916,3960
M-2022-9,154,66,2,0.0008613264427217916,3961
M-2022-9,154,77,2,0.0008613264427217916,3962
M-2022-9,154,80,2,0.0008613264427217916,3963
M-2022-9,154,82,2,0.0008613264427217916,3964
M-2022-9,154,87,2,0.0008613264427217916,3965
M-2022-9,154,105,2,0.0008613264427217916,3966
M-2022-9,154,116,2,0.0008613264427217916,3967
M-2022-9,154,127,2,0.0008613264427217916,3968
M-2022-9,154,136,2,0.0008613264427217916,3969
M-2022-9,154,139,2,0.0008613264427217916,3970
M-2022-9,154,159,2,0.0008613264427217916,3971
M-2022-9,124,9,19,0.0008612483568287929,3972
M-2022-9,124,140,19,0.0008612483568287929,3973
M-2022-9,124,155,19,0.0008612483568287929,3974
M-2022-9,64,39,3,0.0008588605782994561,3975
M-2022-9,64,45,3,0.0008588605782994561,3976
M-2022-9,64,160,3,0.0008588605782994561,3977
M-2022-9,117,101,60,0.0008570693940519384,3978
M-2022-9,75,78,12,0.0008565921907345278,3979
M-2022-9,75,140,12,0.0008565921907345278,3980
M-2022-9,93,63,26,0.0008562489708546023,3981
M-2022-9,25,105,37,0.0008555704573833419,3982
M-2022-9,122,166,48,0.0008548987479295421,3983
M-2022-9,49,2,25,0.0008542043940274028,3984
M-2022-9,56,130,9,0.0008541330549492266,3985
M-2022-9,28,93,9,0.0008534850640113798,3986
M-2022-9,28,124,9,0.0008534850640113798,3987
M-2022-9,28,155,9,0.0008534850640113798,3988
M-2022-9,83,117,21,0.0008527226215129736,3989
M-2022-9,153,132,60,0.0008518613169775961,3990
M-2022-9,90,25,4,0.0008494372478233171,3991
M-2022-9,90,176,4,0.0008494372478233171,3992
M-2022-9,112,19,1,0.0008488964346349745,3993
M-2022-9,112,25,1,0.0008488964346349745,3994
M-2022-9,112,39,1,0.0008488964346349745,3995
M-2022-9,112,51,1,0.0008488964346349745,3996
M-2022-9,112,63,1,0.0008488964346349745,3997
M-2022-9,112,66,1,0.0008488964346349745,3998
M-2022-9,112,69,1,0.0008488964346349745,3999
M-2022-9,112,138,1,0.0008488964346349745,4000
M-2022-9,99,63,19,0.0008453085376162299,4001
M-2022-9,99,171,19,0.0008453085376162299,4002
M-2022-9,115,105,15,0.0008435970980259828,4003
M-2022-9,115,142,15,0.0008435970980259828,4004
M-2022-9,53,16,6,0.0008430518476886329,4005
M-2022-9,53,23,6,0.0008430518476886329,4006
M-2022-9,53,86,6,0.0008430518476886329,4007
M-2022-9,53,124,6,0.0008430518476886329,4008
M-2022-9,53,154,6,0.0008430518476886329,4009
M-2022-9,117,157,59,0.0008427849041510728,4010
M-2022-9,29,67,24,0.0008415147265077139,4011
M-2022-9,29,110,24,0.0008415147265077139,4012
M-2022-9,18,133,22,0.0008344079496321019,4013
M-2022-9,18,140,22,0.0008344079496321019,4014
M-2022-9,155,18,6,0.000834144306965105,4015
M-2022-9,155,85,6,0.000834144306965105,4016
M-2022-9,155,122,6,0.000834144306965105,4017
M-2022-9,155,141,6,0.000834144306965105,4018
M-2022-9,136,49,16,0.0008329428913530116,4019
M-2022-9,91,93,3,0.000832870627429206,4020
M-2022-9,31,28,3,0.0008312551953449709,4021
M-2022-9,24,21,8,0.0008303923603902845,4022
M-2022-9,24,111,8,0.0008303923603902845,4023
M-2022-9,24,139,8,0.0008303923603902845,4024
M-2022-9,72,117,9,0.0008301817175537312,4025
M-2022-9,117,50,58,0.0008285004142502071,4026
M-2022-9,133,132,40,0.0008276090374906894,4027
M-2022-9,138,90,19,0.0008266260604742223,4028
M-2022-9,158,113,8,0.0008261049153242462,4029
M-2022-9,158,154,8,0.0008261049153242462,4030
M-2022-9,77,117,30,0.0008249463784853984,4031
M-2022-9,51,61,13,0.0008240887480190174,4032
M-2022-9,51,77,13,0.0008240887480190174,4033
M-2022-9,166,115,4,0.0008237232289950577,4034
M-2022-9,153,14,58,0.0008234659397450095,4035
M-2022-9,130,18,4,0.0008233841086867024,4036
M-2022-9,130,61,4,0.0008233841086867024,4037
M-2022-9,130,85,4,0.0008233841086867024,4038
M-2022-9,130,91,4,0.0008233841086867024,4039
M-2022-9,130,138,4,0.0008233841086867024,4040
M-2022-9,93,29,25,0.0008233163181294253,4041
M-2022-9,93,46,25,0.0008233163181294253,4042
M-2022-9,116,73,3,0.0008223684210526315,4043
M-2022-9,116,86,3,0.0008223684210526315,4044
M-2022-9,116,151,3,0.0008223684210526315,4045
M-2022-9,19,111,16,0.0008218193024808671,4046
M-2022-9,62,49,14,0.0008211143695014663,4047
M-2022-9,62,63,14,0.0008211143695014663,4048
M-2022-9,62,143,14,0.0008211143695014663,4049
M-2022-9,49,81,24,0.0008200362182663067,4050
M-2022-9,46,74,9,0.0008195974865677078,4051
M-2022-9,122,68,46,0.0008192779667658112,4052
M-2022-9,54,99,4,0.000819000819000819,4053
M-2022-9,54,115,4,0.000819000819000819,4054
M-2022-9,149,14,42,0.0008185538881309686,4055
M-2022-9,149,110,42,0.0008185538881309686,4056
M-2022-9,82,122,30,0.0008175055181622476,4057
M-2022-9,44,28,1,0.0008163265306122449,4058
M-2022-9,44,84,1,0.0008163265306122449,4059
M-2022-9,44,128,1,0.0008163265306122449,4060
M-2022-9,44,131,1,0.0008163265306122449,4061
M-2022-9,44,132,1,0.0008163265306122449,4062
M-2022-9,124,125,18,0.0008159194959430669,4063
M-2022-9,41,25,2,0.0008143322475570033,4064
M-2022-9,41,77,2,0.0008143322475570033,4065
M-2022-9,41,93,2,0.0008143322475570033,4066
M-2022-9,41,128,2,0.0008143322475570033,4067
M-2022-9,41,129,2,0.0008143322475570033,4068
M-2022-9,41,132,2,0.0008143322475570033,4069
M-2022-9,95,28,24,0.0008125677139761647,4070
M-2022-9,96,83,43,0.0008115657556998339,4071
M-2022-9,96,170,43,0.0008115657556998339,4072
M-2022-9,50,175,6,0.0008110300081103001,4073
M-2022-9,1,24,3,0.0008064516129032258,4074
M-2022-9,1,53,3,0.0008064516129032258,4075
M-2022-9,1,112,3,0.0008064516129032258,4076
M-2022-9,1,147,3,0.0008064516129032258,4077
M-2022-9,1,172,3,0.0008064516129032258,4078
M-2022-9,120,46,2,0.0008064516129032258,4079
M-2022-9,120,52,2,0.0008064516129032258,4080
M-2022-9,120,72,2,0.0008064516129032258,4081
M-2022-9,120,82,2,0.0008064516129032258,4082
M-2022-9,120,87,2,0.0008064516129032258,4083
M-2022-9,120,176,2,0.0008064516129032258,4084
M-2022-9,14,17,6,0.0008027829810008028,4085
M-2022-9,14,67,6,0.0008027829810008028,4086
M-2022-9,14,74,6,0.0008027829810008028,4087
M-2022-9,156,50,20,0.0008019889325527308,4088
M-2022-9,156,151,20,0.0008019889325527308,4089
M-2022-9,156,175,20,0.0008019889325527308,4090
M-2022-9,77,108,29,0.0007974481658692185,4091
M-2022-9,105,1,4,0.0007928642220019821,4092
M-2022-9,105,2,4,0.0007928642220019821,4093
M-2022-9,105,46,4,0.0007928642220019821,4094
M-2022-9,105,112,4,0.0007928642220019821,4095
M-2022-9,105,142,4,0.0007928642220019821,4096
M-2022-9,105,154,4,0.0007928642220019821,4097
M-2022-9,105,172,4,0.0007928642220019821,4098
M-2022-9,132,19,13,0.0007920068234434019,4099
M-2022-9,132,90,13,0.0007920068234434019,4100
M-2022-9,63,14,8,0.000791295746785361,4101
M-2022-9,63,46,8,0.000791295746785361,4102
M-2022-9,63,115,8,0.000791295746785361,4103
M-2022-9,60,153,32,0.000791256614410761,4104
M-2022-9,93,25,24,0.0007903836654042483,4105
M-2022-9,93,143,24,0.0007903836654042483,4106
M-2022-9,82,76,29,0.000790255334223506,4107
M-2022-9,17,18,8,0.000789110278161373,4108
M-2022-9,17,71,8,0.000789110278161373,4109
M-2022-9,17,76,8,0.000789110278161373,4110
M-2022-9,17,143,8,0.000789110278161373,4111
M-2022-9,165,83,5,0.0007872775940796725,4112
M-2022-9,165,106,5,0.0007872775940796725,4113
M-2022-9,98,27,46,0.0007854118289851113,4114
M-2022-9,168,0,5,0.0007848061528802386,4115
M-2022-9,168,82,5,0.0007848061528802386,4116
M-2022-9,168,86,5,0.0007848061528802386,4117
M-2022-9,168,124,5,0.0007848061528802386,4118
M-2022-9,141,9,1,0.00078125,4119
M-2022-9,141,29,1,0.00078125,4120
M-2022-9,141,45,1,0.00078125,4121
M-2022-9,141,46,1,0.00078125,4122
M-2022-9,141,50,1,0.00078125,4123
M-2022-9,141,53,1,0.00078125,4124
M-2022-9,141,66,1,0.00078125,4125
M-2022-9,141,70,1,0.00078125,4126
M-2022-9,141,72,1,0.00078125,4127
M-2022-9,141,76,1,0.00078125,4128
M-2022-9,141,87,1,0.00078125,4129
M-2022-9,141,95,1,0.00078125,4130
M-2022-9,141,96,1,0.00078125,4131
M-2022-9,141,116,1,0.00078125,4132
M-2022-9,141,127,1,0.00078125,4133
M-2022-9,141,130,1,0.00078125,4134
M-2022-9,141,134,1,0.00078125,4135
M-2022-9,141,143,1,0.00078125,4136
M-2022-9,141,147,1,0.00078125,4137
M-2022-9,141,149,1,0.00078125,4138
M-2022-9,136,115,15,0.0007808839606434484,4139
M-2022-9,136,122,15,0.0007808839606434484,4140
M-2022-9,153,24,55,0.0007808728738961297,4141
M-2022-9,153,83,55,0.0007808728738961297,4142
M-2022-9,86,10,31,0.0007805811552601098,4143
M-2022-9,127,13,4,0.0007782101167315176,4144
M-2022-9,127,115,4,0.0007782101167315176,4145
M-2022-9,127,122,4,0.0007782101167315176,4146
M-2022-9,140,40,34,0.0007762379854341225,4147
M-2022-9,140,68,34,0.0007762379854341225,4148
M-2022-9,140,81,34,0.0007762379854341225,4149
M-2022-9,78,2,20,0.0007738440704198104,4150
M-2022-9,78,75,20,0.0007738440704198104,4151
M-2022-9,29,71,22,0.0007713884992987377,4152
M-2022-9,29,96,22,0.0007713884992987377,4153
M-2022-9,123,110,7,0.0007703312424342467,4154
M-2022-9,123,160,7,0.0007703312424342467,4155
M-2022-9,77,122,28,0.0007699499532530386,4156
M-2022-9,177,7,1,0.0007692307692307692,4157
M-2022-9,177,77,1,0.0007692307692307692,4158
M-2022-9,177,117,1,0.0007692307692307692,4159
M-2022-9,177,134,1,0.0007692307692307692,4160
M-2022-9,177,149,1,0.0007692307692307692,4161
M-2022-9,177,151,1,0.0007692307692307692,4162
M-2022-9,129,143,20,0.0007688167909587145,4163
M-2022-9,87,19,5,0.0007669888019634913,4164
M-2022-9,171,175,6,0.0007666751852798365,4165
M-2022-9,106,92,2,0.0007639419404125286,4166
M-2022-9,92,4,1,0.0007633587786259542,4167
M-2022-9,92,19,1,0.0007633587786259542,4168
M-2022-9,92,24,1,0.0007633587786259542,4169
M-2022-9,92,130,1,0.0007633587786259542,4170
M-2022-9,92,165,1,0.0007633587786259542,4171
M-2022-9,92,172,1,0.0007633587786259542,4172
M-2022-9,62,158,13,0.0007624633431085044,4173
M-2022-9,156,154,19,0.0007618894859250942,4174
M-2022-9,21,2,2,0.0007616146230007616,4175
M-2022-9,21,176,2,0.0007616146230007616,4176
M-2022-9,51,14,12,0.0007606973058637085,4177
M-2022-9,51,28,12,0.0007606973058637085,4178
M-2022-9,51,68,12,0.0007606973058637085,4179
M-2022-9,51,124,12,0.0007606973058637085,4180
M-2022-9,144,39,2,0.0007604562737642585,4181
M-2022-9,144,45,2,0.0007604562737642585,4182
M-2022-9,144,60,2,0.0007604562737642585,4183
M-2022-9,144,136,2,0.0007604562737642585,4184
M-2022-9,28,63,8,0.0007586533902323376,4185
M-2022-9,28,97,8,0.0007586533902323376,4186
M-2022-9,28,133,8,0.0007586533902323376,4187
M-2022-9,28,149,8,0.0007586533902323376,4188
M-2022-9,18,149,20,0.000758552681483729,4189
M-2022-9,71,76,57,0.0007580896141722858,4190
M-2022-9,117,53,53,0.0007570779647458789,4191
M-2022-9,110,9,3,0.0007562389715149988,4192
M-2022-9,110,82,3,0.0007562389715149988,4193
M-2022-9,110,86,3,0.0007562389715149988,4194
M-2022-9,110,87,3,0.0007562389715149988,4195
M-2022-9,110,155,3,0.0007562389715149988,4196
M-2022-9,26,39,1,0.0007547169811320754,4197
M-2022-9,26,45,1,0.0007547169811320754,4198
M-2022-9,26,64,1,0.0007547169811320754,4199
M-2022-9,26,68,1,0.0007547169811320754,4200
M-2022-9,26,69,1,0.0007547169811320754,4201
M-2022-9,26,72,1,0.0007547169811320754,4202
M-2022-9,26,79,1,0.0007547169811320754,4203
M-2022-9,26,99,1,0.0007547169811320754,4204
M-2022-9,26,104,1,0.0007547169811320754,4205
M-2022-9,26,111,1,0.0007547169811320754,4206
M-2022-9,26,121,1,0.0007547169811320754,4207
M-2022-9,26,123,1,0.0007547169811320754,4208
M-2022-9,26,124,1,0.0007547169811320754,4209
M-2022-9,26,127,1,0.0007547169811320754,4210
M-2022-9,26,135,1,0.0007547169811320754,4211
M-2022-9,26,143,1,0.0007547169811320754,4212
M-2022-9,26,146,1,0.0007547169811320754,4213
M-2022-9,26,162,1,0.0007547169811320754,4214
M-2022-9,26,163,1,0.0007547169811320754,4215
M-2022-9,26,169,1,0.0007547169811320754,4216
M-2022-9,142,68,21,0.0007540124232523069,4217
M-2022-9,142,78,21,0.0007540124232523069,4218
M-2022-9,142,117,21,0.0007540124232523069,4219
M-2022-9,61,29,13,0.0007524890020838157,4220
M-2022-9,61,140,13,0.0007524890020838157,4221
M-2022-9,153,151,53,0.0007524774966635432,4222
M-2022-9,23,131,6,0.0007494379215588309,4223
M-2022-9,23,140,6,0.0007494379215588309,4224
M-2022-9,175,133,29,0.0007478467172107896,4225
M-2022-9,176,3,2,0.0007468259895444362,4226
M-2022-9,176,12,2,0.0007468259895444362,4227
M-2022-9,176,17,2,0.0007468259895444362,4228
M-2022-9,176,55,2,0.0007468259895444362,4229
M-2022-9,176,67,2,0.0007468259895444362,4230
M-2022-9,176,84,2,0.0007468259895444362,4231
M-2022-9,176,86,2,0.0007468259895444362,4232
M-2022-9,176,91,2,0.0007468259895444362,4233
M-2022-9,176,96,2,0.0007468259895444362,4234
M-2022-9,176,101,2,0.0007468259895444362,4235
M-2022-9,176,107,2,0.0007468259895444362,4236
M-2022-9,176,108,2,0.0007468259895444362,4237
M-2022-9,176,113,2,0.0007468259895444362,4238
M-2022-9,176,125,2,0.0007468259895444362,4239
M-2022-9,176,127,2,0.0007468259895444362,4240
M-2022-9,176,157,2,0.0007468259895444362,4241
M-2022-9,2,18,4,0.0007465472191116088,4242
M-2022-9,2,62,4,0.0007465472191116088,4243
M-2022-9,2,82,4,0.0007465472191116088,4244
M-2022-9,2,95,4,0.0007465472191116088,4245
M-2022-9,2,147,4,0.0007465472191116088,4246
M-2022-9,150,9,1,0.0007462686567164179,4247
M-2022-9,150,14,1,0.0007462686567164179,4248
M-2022-9,150,53,1,0.0007462686567164179,4249
M-2022-9,150,56,1,0.0007462686567164179,4250
M-2022-9,150,61,1,0.0007462686567164179,4251
M-2022-9,150,83,1,0.0007462686567164179,4252
M-2022-9,150,102,1,0.0007462686567164179,4253
M-2022-9,150,133,1,0.0007462686567164179,4254
M-2022-9,150,175,1,0.0007462686567164179,4255
M-2022-9,5,2,2,0.0007457121551081282,4256
M-2022-9,5,16,2,0.0007457121551081282,4257
M-2022-9,117,160,52,0.0007427934748450133,4258
M-2022-9,77,80,27,0.0007424517406368586,4259
M-2022-9,149,25,38,0.0007405963749756383,4260
M-2022-9,149,157,38,0.0007405963749756383,4261
M-2022-9,25,2,32,0.0007399528280072145,4262
M-2022-9,25,51,32,0.0007399528280072145,4263
M-2022-9,138,63,17,0.00073961279095062,4264
M-2022-9,125,49,3,0.0007383706620723603,4265
M-2022-9,125,54,3,0.0007383706620723603,4266
M-2022-9,125,60,3,0.0007383706620723603,4267
M-2022-9,125,63,3,0.0007383706620723603,4268
M-2022-9,125,71,3,0.0007383706620723603,4269
M-2022-9,125,72,3,0.0007383706620723603,4270
M-2022-9,125,124,3,0.0007383706620723603,4271
M-2022-9,125,153,3,0.0007383706620723603,4272
M-2022-9,153,28,52,0.0007382798080472499,4273
M-2022-9,153,86,52,0.0007382798080472499,4274
M-2022-9,134,156,6,0.0007378258730939498,4275
M-2022-9,65,153,2,0.0007374631268436578,4276
M-2022-9,29,68,21,0.0007363253856942497,4277
M-2022-9,29,160,21,0.0007363253856942497,4278
M-2022-9,83,170,18,0.0007309051041539773,4279
M-2022-9,129,14,19,0.0007303759514107788,4280
M-2022-9,129,140,19,0.0007303759514107788,4281
M-2022-9,86,140,29,0.0007302210807271995,4282
M-2022-9,136,18,14,0.0007288250299338851,4283
M-2022-9,136,82,14,0.0007288250299338851,4284
M-2022-9,46,82,8,0.0007285310991712959,4285
M-2022-9,46,99,8,0.0007285310991712959,4286
M-2022-9,67,11,2,0.0007254261878853826,4287
M-2022-9,67,39,2,0.0007254261878853826,4288
M-2022-9,67,66,2,0.0007254261878853826,4289
M-2022-9,67,129,2,0.0007254261878853826,4290
M-2022-9,67,149,2,0.0007254261878853826,4291
M-2022-9,67,157,2,0.0007254261878853826,4292
M-2022-9,67,176,2,0.0007254261878853826,4293
M-2022-9,124,12,16,0.0007252617741716151,4294
M-2022-9,124,22,16,0.0007252617741716151,4295
M-2022-9,93,175,22,0.0007245183599538943,4296
M-2022-9,153,163,51,0.0007240821194309567,4297
M-2022-9,108,50,5,0.0007232749891508751,4298
M-2022-9,158,2,7,0.0007228418009087154,4299
M-2022-9,158,14,7,0.0007228418009087154,4300
M-2022-9,158,25,7,0.0007228418009087154,4301
M-2022-9,158,139,7,0.0007228418009087154,4302
M-2022-9,158,172,7,0.0007228418009087154,4303
M-2022-9,19,2,14,0.0007190918896707587,4304
M-2022-9,19,139,14,0.0007190918896707587,4305
M-2022-9,142,28,20,0.0007181070697641018,4306
M-2022-9,142,155,20,0.0007181070697641018,4307
M-2022-9,25,95,31,0.0007168293021319891,4308
M-2022-9,25,97,31,0.0007168293021319891,4309
M-2022-9,117,23,50,0.000714224495043282,4310
M-2022-9,117,140,50,0.000714224495043282,4311
M-2022-9,75,25,10,0.0007138268256121065,4312
M-2022-9,39,13,4,0.0007132667617689016,4313
M-2022-9,99,104,16,0.0007118387685189305,4314
M-2022-9,99,155,16,0.0007118387685189305,4315
M-2022-9,170,2,2,0.000708215297450425,4316
M-2022-9,170,9,2,0.000708215297450425,4317
M-2022-9,170,41,2,0.000708215297450425,4318
M-2022-9,170,45,2,0.000708215297450425,4319
M-2022-9,170,75,2,0.000708215297450425,4320
M-2022-9,170,82,2,0.000708215297450425,4321
M-2022-9,170,91,2,0.000708215297450425,4322
M-2022-9,170,102,2,0.000708215297450425,4323
M-2022-9,170,140,2,0.000708215297450425,4324
M-2022-9,170,142,2,0.000708215297450425,4325
M-2022-9,170,148,2,0.000708215297450425,4326
M-2022-9,170,151,2,0.000708215297450425,4327
M-2022-9,170,165,2,0.000708215297450425,4328
M-2022-9,140,149,31,0.0007077463984840529,4329
M-2022-9,148,115,4,0.0007073386383731211,4330
M-2022-9,148,153,4,0.0007073386383731211,4331
M-2022-9,42,29,1,0.0007042253521126761,4332
M-2022-9,42,37,1,0.0007042253521126761,4333
M-2022-9,42,41,1,0.0007042253521126761,4334
M-2022-9,42,45,1,0.0007042253521126761,4335
M-2022-9,42,49,1,0.0007042253521126761,4336
M-2022-9,42,63,1,0.0007042253521126761,4337
M-2022-9,42,64,1,0.0007042253521126761,4338
M-2022-9,42,88,1,0.0007042253521126761,4339
M-2022-9,42,122,1,0.0007042253521126761,4340
M-2022-9,42,136,1,0.0007042253521126761,4341
M-2022-9,42,151,1,0.0007042253521126761,4342
M-2022-9,42,153,1,0.0007042253521126761,4343
M-2022-9,42,162,1,0.0007042253521126761,4344
M-2022-9,42,166,1,0.0007042253521126761,4345
M-2022-9,53,3,5,0.000702543206407194,4346
M-2022-9,53,19,5,0.000702543206407194,4347
M-2022-9,53,110,5,0.000702543206407194,4348
M-2022-9,53,156,5,0.000702543206407194,4349
M-2022-9,79,153,8,0.00070212392487274,4350
M-2022-9,117,51,49,0.0006999400051424164,4351
M-2022-9,117,100,49,0.0006999400051424164,4352
M-2022-9,101,124,36,0.0006986221618474675,4353
M-2022-9,128,14,3,0.0006976744186046512,4354
M-2022-9,128,61,3,0.0006976744186046512,4355
M-2022-9,128,175,3,0.0006976744186046512,4356
M-2022-9,84,71,2,0.0006971070059254096,4357
M-2022-9,84,81,2,0.0006971070059254096,4358
M-2022-9,84,82,2,0.0006971070059254096,4359
M-2022-9,84,124,2,0.0006971070059254096,4360
M-2022-9,84,156,2,0.0006971070059254096,4361
M-2022-9,84,175,2,0.0006971070059254096,4362
M-2022-9,138,122,16,0.0006961061561888188,4363
M-2022-9,138,155,16,0.0006961061561888188,4364
M-2022-9,155,12,5,0.0006951202558042541,4365
M-2022-9,155,53,5,0.0006951202558042541,4366
M-2022-9,155,147,5,0.0006951202558042541,4367
M-2022-9,157,87,2,0.0006949270326615705,4368
M-2022-9,157,104,2,0.0006949270326615705,4369
M-2022-9,157,126,2,0.0006949270326615705,4370
M-2022-9,157,136,2,0.0006949270326615705,4371
M-2022-9,157,139,2,0.0006949270326615705,4372
M-2022-9,157,154,2,0.0006949270326615705,4373
M-2022-9,157,176,2,0.0006949270326615705,4374
M-2022-9,61,88,12,0.0006946052326927529,4375
M-2022-9,160,1,1,0.0006925207756232687,4376
M-2022-9,160,2,1,0.0006925207756232687,4377
M-2022-9,160,23,1,0.0006925207756232687,4378
M-2022-9,160,29,1,0.0006925207756232687,4379
M-2022-9,160,31,1,0.0006925207756232687,4380
M-2022-9,160,33,1,0.0006925207756232687,4381
M-2022-9,160,63,1,0.0006925207756232687,4382
M-2022-9,160,82,1,0.0006925207756232687,4383
M-2022-9,160,116,1,0.0006925207756232687,4384
M-2022-9,160,122,1,0.0006925207756232687,4385
M-2022-9,160,139,1,0.0006925207756232687,4386
M-2022-9,160,147,1,0.0006925207756232687,4387
M-2022-9,160,155,1,0.0006925207756232687,4388
M-2022-9,160,156,1,0.0006925207756232687,4389
M-2022-9,160,170,1,0.0006925207756232687,4390
M-2022-9,63,10,7,0.0006923837784371909,4391
M-2022-9,174,31,1,0.0006920415224913495,4392
M-2022-9,174,94,1,0.0006920415224913495,4393
M-2022-9,174,102,1,0.0006920415224913495,4394
M-2022-9,174,103,1,0.0006920415224913495,4395
M-2022-9,174,112,1,0.0006920415224913495,4396
M-2022-9,174,123,1,0.0006920415224913495,4397
M-2022-9,174,130,1,0.0006920415224913495,4398
M-2022-9,174,138,1,0.0006920415224913495,4399
M-2022-9,174,151,1,0.0006920415224913495,4400
M-2022-9,174,156,1,0.0006920415224913495,4401
M-2022-9,174,166,1,0.0006920415224913495,4402
M-2022-9,129,23,18,0.0006919351118628431,4403
M-2022-9,17,60,7,0.0006904714933912014,4404
M-2022-9,17,77,7,0.0006904714933912014,4405
M-2022-9,43,18,3,0.000689496667432774,4406
M-2022-9,43,28,3,0.000689496667432774,4407
M-2022-9,43,75,3,0.000689496667432774,4408
M-2022-9,43,104,3,0.000689496667432774,4409
M-2022-9,43,110,3,0.000689496667432774,4410
M-2022-9,43,138,3,0.000689496667432774,4411
M-2022-9,43,157,3,0.000689496667432774,4412
M-2022-9,140,79,30,0.0006849158695006963,4413
M-2022-9,49,29,20,0.0006833635152219223,4414
M-2022-9,133,156,33,0.0006827774559298187,4415
M-2022-9,18,127,18,0.0006826974133353562,4416
M-2022-9,149,69,35,0.0006821282401091405,4417
M-2022-9,153,43,48,0.0006814890535820768,4418
M-2022-9,9,5,1,0.0006802721088435374,4419
M-2022-9,9,22,1,0.0006802721088435374,4420
M-2022-9,9,49,1,0.0006802721088435374,4421
M-2022-9,9,73,1,0.0006802721088435374,4422
M-2022-9,9,75,1,0.0006802721088435374,4423
M-2022-9,9,86,1,0.0006802721088435374,4424
M-2022-9,9,87,1,0.0006802721088435374,4425
M-2022-9,9,88,1,0.0006802721088435374,4426
M-2022-9,9,90,1,0.0006802721088435374,4427
M-2022-9,9,130,1,0.0006802721088435374,4428
M-2022-9,9,133,1,0.0006802721088435374,4429
M-2022-9,9,137,1,0.0006802721088435374,4430
M-2022-9,9,138,1,0.0006802721088435374,4431
M-2022-9,9,142,1,0.0006802721088435374,4432
M-2022-9,9,154,1,0.0006802721088435374,4433
M-2022-9,9,157,1,0.0006802721088435374,4434
M-2022-9,96,74,36,0.0006794504001207912,4435
M-2022-9,68,13,3,0.000679040289723857,4436
M-2022-9,68,32,3,0.000679040289723857,4437
M-2022-9,68,39,3,0.000679040289723857,4438
M-2022-9,68,50,3,0.000679040289723857,4439
M-2022-9,68,72,3,0.000679040289723857,4440
M-2022-9,68,75,3,0.000679040289723857,4441
M-2022-9,68,93,3,0.000679040289723857,4442
M-2022-9,68,99,3,0.000679040289723857,4443
M-2022-9,68,135,3,0.000679040289723857,4444
M-2022-9,68,149,3,0.000679040289723857,4445
M-2022-9,68,169,3,0.000679040289723857,4446
M-2022-9,136,69,13,0.0006767660992243219,4447
M-2022-9,115,129,12,0.0006748776784207862,4448
M-2022-9,107,53,2,0.0006738544474393531,4449
M-2022-9,107,65,2,0.0006738544474393531,4450
M-2022-9,107,106,2,0.0006738544474393531,4451
M-2022-9,107,109,2,0.0006738544474393531,4452
M-2022-9,107,140,2,0.0006738544474393531,4453
M-2022-9,13,41,1,0.0006706908115358819,4454
M-2022-9,13,51,1,0.0006706908115358819,4455
M-2022-9,13,68,1,0.0006706908115358819,4456
M-2022-9,13,75,1,0.0006706908115358819,4457
M-2022-9,13,76,1,0.0006706908115358819,4458
M-2022-9,13,81,1,0.0006706908115358819,4459
M-2022-9,13,116,1,0.0006706908115358819,4460
M-2022-9,13,122,1,0.0006706908115358819,4461
M-2022-9,13,123,1,0.0006706908115358819,4462
M-2022-9,13,130,1,0.0006706908115358819,4463
M-2022-9,13,141,1,0.0006706908115358819,4464
M-2022-9,13,172,1,0.0006706908115358819,4465
M-2022-9,132,160,11,0.0006701596198367247,4466
M-2022-9,14,16,5,0.000668985817500669,4467
M-2022-9,19,143,13,0.0006677281832657045,4468
M-2022-9,29,25,19,0.0006661991584852735,4469
M-2022-9,29,50,19,0.0006661991584852735,4470
M-2022-9,29,60,19,0.0006661991584852735,4471
M-2022-9,29,172,19,0.0006661991584852735,4472
M-2022-9,98,97,39,0.0006658926376178118,4473
M-2022-9,56,57,7,0.000664325709404954,4474
M-2022-9,28,20,7,0.0006638217164532954,4475
M-2022-9,28,29,7,0.0006638217164532954,4476
M-2022-9,28,77,7,0.0006638217164532954,4477
M-2022-9,28,111,7,0.0006638217164532954,4478
M-2022-9,28,176,7,0.0006638217164532954,4479
M-2022-9,123,0,6,0.0006602839220864972,4480
M-2022-9,123,104,6,0.0006602839220864972,4481
M-2022-9,172,2,6,0.0006595580960756293,4482
M-2022-9,172,51,6,0.0006595580960756293,4483
M-2022-9,93,12,20,0.0006586530545035403,4484
M-2022-9,135,19,2,0.0006578947368421052,4485
M-2022-9,135,41,2,0.0006578947368421052,4486
M-2022-9,135,43,2,0.0006578947368421052,4487
M-2022-9,135,50,2,0.0006578947368421052,4488
M-2022-9,135,62,2,0.0006578947368421052,4489
M-2022-9,135,69,2,0.0006578947368421052,4490
M-2022-9,135,71,2,0.0006578947368421052,4491
M-2022-9,135,74,2,0.0006578947368421052,4492
M-2022-9,135,115,2,0.0006578947368421052,4493
M-2022-9,135,134,2,0.0006578947368421052,4494
M-2022-9,135,140,2,0.0006578947368421052,4495
M-2022-9,135,154,2,0.0006578947368421052,4496
M-2022-9,0,16,1,0.0006578947368421052,4497
M-2022-9,0,28,1,0.0006578947368421052,4498
M-2022-9,0,51,1,0.0006578947368421052,4499
M-2022-9,0,53,1,0.0006578947368421052,4500
M-2022-9,0,78,1,0.0006578947368421052,4501
M-2022-9,0,87,1,0.0006578947368421052,4502
M-2022-9,0,90,1,0.0006578947368421052,4503
M-2022-9,0,95,1,0.0006578947368421052,4504
M-2022-9,0,103,1,0.0006578947368421052,4505
M-2022-9,0,106,1,0.0006578947368421052,4506
M-2022-9,0,149,1,0.0006578947368421052,4507
M-2022-9,0,153,1,0.0006578947368421052,4508
M-2022-9,78,79,17,0.0006577674598568389,4509
M-2022-9,82,142,24,0.0006540044145297981,4510
M-2022-9,153,172,46,0.0006530936763494903,4511
M-2022-9,138,50,15,0.0006525995214270176,4512
M-2022-9,138,101,15,0.0006525995214270176,4513
M-2022-9,138,162,15,0.0006525995214270176,4514
M-2022-9,131,95,17,0.0006511164732467731,4515
M-2022-9,76,86,3,0.000649772579597141,4516
M-2022-9,76,155,3,0.000649772579597141,4517
M-2022-9,98,124,38,0.0006488184674224832,4518
M-2022-9,25,90,28,0.0006474587245063128,4519
M-2022-9,45,8,1,0.0006464124111182935,4520
M-2022-9,45,14,1,0.0006464124111182935,4521
M-2022-9,45,19,1,0.0006464124111182935,4522
M-2022-9,45,26,1,0.0006464124111182935,4523
M-2022-9,45,37,1,0.0006464124111182935,4524
M-2022-9,45,42,1,0.0006464124111182935,4525
M-2022-9,45,49,1,0.0006464124111182935,4526
M-2022-9,45,51,1,0.0006464124111182935,4527
M-2022-9,45,83,1,0.0006464124111182935,4528
M-2022-9,45,95,1,0.0006464124111182935,4529
M-2022-9,45,110,1,0.0006464124111182935,4530
M-2022-9,45,114,1,0.0006464124111182935,4531
M-2022-9,45,124,1,0.0006464124111182935,4532
M-2022-9,45,131,1,0.0006464124111182935,4533
M-2022-9,45,142,1,0.0006464124111182935,4534
M-2022-9,45,148,1,0.0006464124111182935,4535
M-2022-9,45,151,1,0.0006464124111182935,4536
M-2022-9,45,153,1,0.0006464124111182935,4537
M-2022-9,45,154,1,0.0006464124111182935,4538
M-2022-9,45,158,1,0.0006464124111182935,4539
M-2022-9,45,159,1,0.0006464124111182935,4540
M-2022-9,45,161,1,0.0006464124111182935,4541
M-2022-9,45,172,1,0.0006464124111182935,4542
M-2022-9,142,51,18,0.0006462963627876917,4543
M-2022-9,72,73,7,0.0006456968914306798,4544
M-2022-9,18,1,17,0.0006447697792611697,4545
M-2022-9,18,102,17,0.0006447697792611697,4546
M-2022-9,60,140,26,0.0006428959992087434,4547
M-2022-9,119,32,2,0.0006416426050689766,4548
M-2022-9,119,49,2,0.0006416426050689766,4549
M-2022-9,119,50,2,0.0006416426050689766,4550
M-2022-9,119,118,2,0.0006416426050689766,4551
M-2022-9,119,176,2,0.0006416426050689766,4552
M-2022-9,156,115,16,0.0006415911460421846,4553
M-2022-9,156,135,16,0.0006415911460421846,4554
M-2022-9,156,158,16,0.0006415911460421846,4555
M-2022-9,122,1,36,0.0006411740609471566,4556
M-2022-9,122,116,36,0.0006411740609471566,4557
M-2022-9,55,53,3,0.0006389776357827476,4558
M-2022-9,55,150,3,0.0006389776357827476,4559
M-2022-9,55,158,3,0.0006389776357827476,4560
M-2022-9,153,17,45,0.000638895987733197,4561
M-2022-9,153,141,45,0.000638895987733197,4562
M-2022-9,171,28,5,0.000638895987733197,4563
M-2022-9,46,117,7,0.0006374647117748838,4564
M-2022-9,46,122,7,0.0006374647117748838,4565
M-2022-9,90,110,3,0.0006370779358674878,4566
M-2022-9,90,133,3,0.0006370779358674878,4567
M-2022-9,61,136,11,0.0006367214633016902,4568
M-2022-9,51,130,10,0.0006339144215530904,4569
M-2022-9,51,149,10,0.0006339144215530904,4570
M-2022-9,77,149,23,0.0006324588901721388,4571
M-2022-9,29,105,18,0.0006311360448807854,4572
M-2022-9,165,14,4,0.000629822075263738,4573
M-2022-9,139,21,1,0.0006297229219143577,4574
M-2022-9,139,23,1,0.0006297229219143577,4575
M-2022-9,139,24,1,0.0006297229219143577,4576
M-2022-9,139,39,1,0.0006297229219143577,4577
M-2022-9,139,41,1,0.0006297229219143577,4578
M-2022-9,139,46,1,0.0006297229219143577,4579
M-2022-9,139,50,1,0.0006297229219143577,4580
M-2022-9,139,62,1,0.0006297229219143577,4581
M-2022-9,139,72,1,0.0006297229219143577,4582
M-2022-9,139,78,1,0.0006297229219143577,4583
M-2022-9,139,79,1,0.0006297229219143577,4584
M-2022-9,139,105,1,0.0006297229219143577,4585
M-2022-9,139,110,1,0.0006297229219143577,4586
M-2022-9,139,112,1,0.0006297229219143577,4587
M-2022-9,139,114,1,0.0006297229219143577,4588
M-2022-9,139,115,1,0.0006297229219143577,4589
M-2022-9,139,123,1,0.0006297229219143577,4590
M-2022-9,139,126,1,0.0006297229219143577,4591
M-2022-9,139,127,1,0.0006297229219143577,4592
M-2022-9,139,147,1,0.0006297229219143577,4593
M-2022-9,86,149,25,0.0006295009316613789,4594
M-2022-9,168,41,4,0.0006278449223041908,4595
M-2022-9,168,46,4,0.0006278449223041908,4596
M-2022-9,168,72,4,0.0006278449223041908,4597
M-2022-9,168,129,4,0.0006278449223041908,4598
M-2022-9,80,1,1,0.0006277463904582549,4599
M-2022-9,80,17,1,0.0006277463904582549,4600
M-2022-9,80,25,1,0.0006277463904582549,4601
M-2022-9,80,96,1,0.0006277463904582549,4602
M-2022-9,80,122,1,0.0006277463904582549,4603
M-2022-9,80,133,1,0.0006277463904582549,4604
M-2022-9,80,136,1,0.0006277463904582549,4605
M-2022-9,80,141,1,0.0006277463904582549,4606
M-2022-9,16,30,1,0.0006269592476489029,4607
M-2022-9,16,34,1,0.0006269592476489029,4608
M-2022-9,16,36,1,0.0006269592476489029,4609
M-2022-9,16,41,1,0.0006269592476489029,4610
M-2022-9,16,49,1,0.0006269592476489029,4611
M-2022-9,16,50,1,0.0006269592476489029,4612
M-2022-9,16,65,1,0.0006269592476489029,4613
M-2022-9,16,70,1,0.0006269592476489029,4614
M-2022-9,16,72,1,0.0006269592476489029,4615
M-2022-9,16,73,1,0.0006269592476489029,4616
M-2022-9,16,76,1,0.0006269592476489029,4617
M-2022-9,16,78,1,0.0006269592476489029,4618
M-2022-9,16,94,1,0.0006269592476489029,4619
M-2022-9,16,95,1,0.0006269592476489029,4620
M-2022-9,16,99,1,0.0006269592476489029,4621
M-2022-9,16,105,1,0.0006269592476489029,4622
M-2022-9,16,110,1,0.0006269592476489029,4623
M-2022-9,16,116,1,0.0006269592476489029,4624
M-2022-9,16,125,1,0.0006269592476489029,4625
M-2022-9,16,128,1,0.0006269592476489029,4626
M-2022-9,16,131,1,0.0006269592476489029,4627
M-2022-9,16,132,1,0.0006269592476489029,4628
M-2022-9,16,136,1,0.0006269592476489029,4629
M-2022-9,136,142,12,0.0006247071685147587,4630
M-2022-9,153,122,44,0.0006246982991169038,4631
M-2022-9,114,48,1,0.0006246096189881324,4632
M-2022-9,114,69,1,0.0006246096189881324,4633
M-2022-9,114,83,1,0.0006246096189881324,4634
M-2022-9,114,117,1,0.0006246096189881324,4635
M-2022-9,114,137,1,0.0006246096189881324,4636
M-2022-9,23,20,5,0.0006245316012990258,4637
M-2022-9,23,93,5,0.0006245316012990258,4638
M-2022-9,23,116,5,0.0006245316012990258,4639
M-2022-9,23,156,5,0.0006245316012990258,4640
M-2022-9,23,158,5,0.0006245316012990258,4641
M-2022-9,25,149,27,0.0006243351986310872,4642
M-2022-9,122,2,35,0.0006233636703652911,4643
M-2022-9,122,50,35,0.0006233636703652911,4644
M-2022-9,99,115,14,0.0006228589224540642,4645
M-2022-9,24,25,6,0.0006227942702927133,4646
M-2022-9,24,156,6,0.0006227942702927133,4647
M-2022-9,109,2,1,0.0006211180124223603,4648
M-2022-9,109,3,1,0.0006211180124223603,4649
M-2022-9,109,17,1,0.0006211180124223603,4650
M-2022-9,109,96,1,0.0006211180124223603,4651
M-2022-9,109,116,1,0.0006211180124223603,4652
M-2022-9,109,117,1,0.0006211180124223603,4653
M-2022-9,109,140,1,0.0006211180124223603,4654
M-2022-9,109,149,1,0.0006211180124223603,4655
M-2022-9,109,153,1,0.0006211180124223603,4656
M-2022-9,133,126,30,0.000620706778118017,4657
M-2022-9,158,39,6,0.0006195786864931846,4658
M-2022-9,158,163,6,0.0006195786864931846,4659
M-2022-9,115,131,11,0.0006186378718857207,4660
M-2022-9,166,2,3,0.0006177924217462932,4661
M-2022-9,166,33,3,0.0006177924217462932,4662
M-2022-9,166,71,3,0.0006177924217462932,4663
M-2022-9,166,90,3,0.0006177924217462932,4664
M-2022-9,166,116,3,0.0006177924217462932,4665
M-2022-9,166,142,3,0.0006177924217462932,4666
M-2022-9,166,158,3,0.0006177924217462932,4667
M-2022-9,166,169,3,0.0006177924217462932,4668
M-2022-9,130,17,3,0.0006175380815150268,4669
M-2022-9,130,72,3,0.0006175380815150268,4670
M-2022-9,130,90,3,0.0006175380815150268,4671
M-2022-9,130,122,3,0.0006175380815150268,4672
M-2022-9,130,166,3,0.0006175380815150268,4673
M-2022-9,130,175,3,0.0006175380815150268,4674
M-2022-9,140,86,27,0.0006164242825506267,4675
M-2022-9,140,141,27,0.0006164242825506267,4676
M-2022-9,19,21,12,0.0006163644768606502,4677
M-2022-9,19,28,12,0.0006163644768606502,4678
M-2022-9,19,163,12,0.0006163644768606502,4679
M-2022-9,6,7,1,0.0006153846153846154,4680
M-2022-9,6,132,1,0.0006153846153846154,4681
M-2022-9,6,152,1,0.0006153846153846154,4682
M-2022-9,6,153,1,0.0006153846153846154,4683
M-2022-9,6,172,1,0.0006153846153846154,4684
M-2022-9,129,155,16,0.0006150534327669716,4685
M-2022-9,134,61,5,0.0006148548942449582,4686
M-2022-9,54,25,3,0.0006142506142506142,4687
M-2022-9,87,50,4,0.0006135910415707931,4688
M-2022-9,87,51,4,0.0006135910415707931,4689
M-2022-9,87,71,4,0.0006135910415707931,4690
M-2022-9,87,82,4,0.0006135910415707931,4691
M-2022-9,132,122,10,0.0006092360180333862,4692
M-2022-9,138,14,14,0.0006090928866652165,4693
M-2022-9,138,102,14,0.0006090928866652165,4694
M-2022-9,138,104,14,0.0006090928866652165,4695
M-2022-9,83,77,15,0.0006090875867949811,4696
M-2022-9,18,171,16,0.0006068421451869832,4697
M-2022-9,122,9,34,0.0006055532797834257,4698
M-2022-9,122,129,34,0.0006055532797834257,4699
M-2022-9,12,11,2,0.0006047777441790142,4700
M-2022-9,12,17,2,0.0006047777441790142,4701
M-2022-9,12,46,2,0.0006047777441790142,4702
M-2022-9,12,96,2,0.0006047777441790142,4703
M-2022-9,12,112,2,0.0006047777441790142,4704
M-2022-9,12,134,2,0.0006047777441790142,4705
M-2022-9,12,162,2,0.0006047777441790142,4706
M-2022-9,12,171,2,0.0006047777441790142,4707
M-2022-9,149,170,31,0.0006041707269538102,4708
M-2022-9,156,75,15,0.0006014916994145481,4709
M-2022-9,25,115,26,0.0006012116727558618,4710
M-2022-9,82,70,22,0.0005995040466523149,4711
M-2022-9,173,19,2,0.0005993407252022775,4712
M-2022-9,173,79,2,0.0005993407252022775,4713
M-2022-9,173,104,2,0.0005993407252022775,4714
M-2022-9,173,129,2,0.0005993407252022775,4715
M-2022-9,173,138,2,0.0005993407252022775,4716
M-2022-9,173,156,2,0.0005993407252022775,4717
M-2022-9,29,159,17,0.0005960729312762973,4718
M-2022-9,29,171,17,0.0005960729312762973,4719
M-2022-9,70,2,1,0.0005959475566150178,4720
M-2022-9,70,8,1,0.0005959475566150178,4721
M-2022-9,70,14,1,0.0005959475566150178,4722
M-2022-9,70,18,1,0.0005959475566150178,4723
M-2022-9,70,22,1,0.0005959475566150178,4724
M-2022-9,70,87,1,0.0005959475566150178,4725
M-2022-9,70,140,1,0.0005959475566150178,4726
M-2022-9,70,172,1,0.0005959475566150178,4727
M-2022-9,105,16,3,0.0005946481665014867,4728
M-2022-9,105,23,3,0.0005946481665014867,4729
M-2022-9,105,53,3,0.0005946481665014867,4730
M-2022-9,105,88,3,0.0005946481665014867,4731
M-2022-9,105,130,3,0.0005946481665014867,4732
M-2022-9,63,25,6,0.0005934718100890207,4733
M-2022-9,63,133,6,0.0005934718100890207,4734
M-2022-9,63,143,6,0.0005934718100890207,4735
M-2022-9,63,160,6,0.0005934718100890207,4736
M-2022-9,60,62,24,0.0005934424608080709,4737
M-2022-9,93,60,18,0.0005927877490531862,4738
M-2022-9,93,125,18,0.0005927877490531862,4739
M-2022-9,93,171,18,0.0005927877490531862,4740
M-2022-9,17,23,6,0.0005918327086210298,4741
M-2022-9,17,25,6,0.0005918327086210298,4742
M-2022-9,122,72,33,0.0005877428892015602,4743
M-2022-9,122,133,33,0.0005877428892015602,4744
M-2022-9,62,51,10,0.0005865102639296188,4745
M-2022-9,62,155,10,0.0005865102639296188,4746
M-2022-9,117,84,41,0.0005856640859354912,4747
M-2022-9,96,75,31,0.0005850822889929035,4748
M-2022-9,96,86,31,0.0005850822889929035,4749
M-2022-9,149,160,30,0.0005846813486649776,4750
M-2022-9,127,14,3,0.0005836575875486381,4751
M-2022-9,127,28,3,0.0005836575875486381,4752
M-2022-9,127,41,3,0.0005836575875486381,4753
M-2022-9,127,103,3,0.0005836575875486381,4754
M-2022-9,127,105,3,0.0005836575875486381,4755
M-2022-9,143,14,2,0.0005829204313611193,4756
M-2022-9,143,16,2,0.0005829204313611193,4757
M-2022-9,143,24,2,0.0005829204313611193,4758
M-2022-9,143,26,2,0.0005829204313611193,4759
M-2022-9,143,44,2,0.0005829204313611193,4760
M-2022-9,143,52,2,0.0005829204313611193,4761
M-2022-9,143,53,2,0.0005829204313611193,4762
M-2022-9,143,60,2,0.0005829204313611193,4763
M-2022-9,143,77,2,0.0005829204313611193,4764
M-2022-9,143,135,2,0.0005829204313611193,4765
M-2022-9,143,176,2,0.0005829204313611193,4766
M-2022-9,49,79,17,0.000580858987938634,4767
M-2022-9,49,143,17,0.000580858987938634,4768
M-2022-9,52,0,1,0.0005807200929152149,4769
M-2022-9,52,8,1,0.0005807200929152149,4770
M-2022-9,52,23,1,0.0005807200929152149,4771
M-2022-9,52,66,1,0.0005807200929152149,4772
M-2022-9,52,70,1,0.0005807200929152149,4773
M-2022-9,52,73,1,0.0005807200929152149,4774
M-2022-9,52,77,1,0.0005807200929152149,4775
M-2022-9,52,78,1,0.0005807200929152149,4776
M-2022-9,52,84,1,0.0005807200929152149,4777
M-2022-9,52,86,1,0.0005807200929152149,4778
M-2022-9,52,90,1,0.0005807200929152149,4779
M-2022-9,52,126,1,0.0005807200929152149,4780
M-2022-9,52,127,1,0.0005807200929152149,4781
M-2022-9,52,130,1,0.0005807200929152149,4782
M-2022-9,52,137,1,0.0005807200929152149,4783
M-2022-9,52,147,1,0.0005807200929152149,4784
M-2022-9,52,172,1,0.0005807200929152149,4785
M-2022-9,133,115,28,0.0005793263262434825,4786
M-2022-9,86,129,23,0.0005791408571284686,4787
M-2022-9,86,175,23,0.0005791408571284686,4788
M-2022-9,61,149,10,0.0005788376939106274,4789
M-2022-9,108,99,4,0.0005786199913207002,4790
M-2022-9,77,156,21,0.0005774624649397789,4791
M-2022-9,129,61,15,0.0005766125932190359,4792
M-2022-9,8,1,1,0.0005750431282346176,4793
M-2022-9,8,51,1,0.0005750431282346176,4794
M-2022-9,8,62,1,0.0005750431282346176,4795
M-2022-9,8,66,1,0.0005750431282346176,4796
M-2022-9,8,86,1,0.0005750431282346176,4797
M-2022-9,8,88,1,0.0005750431282346176,4798
M-2022-9,8,93,1,0.0005750431282346176,4799
M-2022-9,8,97,1,0.0005750431282346176,4800
M-2022-9,8,100,1,0.0005750431282346176,4801
M-2022-9,8,108,1,0.0005750431282346176,4802
M-2022-9,8,110,1,0.0005750431282346176,4803
M-2022-9,8,135,1,0.0005750431282346176,4804
M-2022-9,8,136,1,0.0005750431282346176,4805
M-2022-9,8,142,1,0.0005750431282346176,4806
M-2022-9,8,143,1,0.0005750431282346176,4807
M-2022-9,32,13,1,0.0005747126436781609,4808
M-2022-9,32,26,1,0.0005747126436781609,4809
M-2022-9,32,28,1,0.0005747126436781609,4810
M-2022-9,32,29,1,0.0005747126436781609,4811
M-2022-9,32,38,1,0.0005747126436781609,4812
M-2022-9,32,41,1,0.0005747126436781609,4813
M-2022-9,32,48,1,0.0005747126436781609,4814
M-2022-9,32,87,1,0.0005747126436781609,4815
M-2022-9,32,93,1,0.0005747126436781609,4816
M-2022-9,32,106,1,0.0005747126436781609,4817
M-2022-9,32,107,1,0.0005747126436781609,4818
M-2022-9,32,108,1,0.0005747126436781609,4819
M-2022-9,32,118,1,0.0005747126436781609,4820
M-2022-9,32,149,1,0.0005747126436781609,4821
M-2022-9,32,163,1,0.0005747126436781609,4822
M-2022-9,32,165,1,0.0005747126436781609,4823
M-2022-9,32,167,1,0.0005747126436781609,4824
M-2022-9,32,173,1,0.0005747126436781609,4825
M-2022-9,131,49,15,0.000574514535217741,4826
M-2022-9,142,31,16,0.0005744856558112815,4827
M-2022-9,66,33,2,0.0005742176284811944,4828
M-2022-9,66,55,2,0.0005742176284811944,4829
M-2022-9,66,56,2,0.0005742176284811944,4830
M-2022-9,66,61,2,0.0005742176284811944,4831
M-2022-9,66,100,2,0.0005742176284811944,4832
M-2022-9,66,103,2,0.0005742176284811944,4833
M-2022-9,66,131,2,0.0005742176284811944,4834
M-2022-9,136,50,11,0.0005726482378051955,4835
M-2022-9,64,42,2,0.000572573718866304,4836
M-2022-9,64,96,2,0.000572573718866304,4837
M-2022-9,64,130,2,0.000572573718866304,4838
M-2022-9,64,132,2,0.000572573718866304,4839
M-2022-9,64,149,2,0.000572573718866304,4840
M-2022-9,64,175,2,0.000572573718866304,4841
M-2022-9,117,95,40,0.0005713795960346256,4842
M-2022-9,117,130,40,0.0005713795960346256,4843
M-2022-9,117,159,40,0.0005713795960346256,4844
M-2022-9,140,52,25,0.0005707632245839136,4845
M-2022-9,51,75,9,0.0005705229793977813,4846
M-2022-9,51,93,9,0.0005705229793977813,4847
M-2022-9,51,122,9,0.0005705229793977813,4848
M-2022-9,122,26,32,0.0005699324986196947,4849
M-2022-9,28,66,6,0.0005689900426742532,4850
M-2022-9,28,73,6,0.0005689900426742532,4851
M-2022-9,28,78,6,0.0005689900426742532,4852
M-2022-9,28,91,6,0.0005689900426742532,4853
M-2022-9,28,99,6,0.0005689900426742532,4854
M-2022-9,28,138,6,0.0005689900426742532,4855
M-2022-9,28,151,6,0.0005689900426742532,4856
M-2022-9,18,17,15,0.0005689145111127967,4857
M-2022-9,18,170,15,0.0005689145111127967,4858
M-2022-9,57,49,1,0.0005688282138794084,4859
M-2022-9,57,62,1,0.0005688282138794084,4860
M-2022-9,57,117,1,0.0005688282138794084,4861
M-2022-9,57,142,1,0.0005688282138794084,4862
M-2022-9,57,148,1,0.0005688282138794084,4863
M-2022-9,57,149,1,0.0005688282138794084,4864
M-2022-9,57,154,1,0.0005688282138794084,4865
M-2022-9,96,133,30,0.0005662086667673259,4866
M-2022-9,138,28,13,0.0005655862519034153,4867
M-2022-9,149,49,29,0.000565191970376145,4868
M-2022-9,19,170,11,0.0005650007704555961,4869
M-2022-9,115,60,10,0.0005623980653506552,4870
M-2022-9,115,143,10,0.0005623980653506552,4871
M-2022-9,53,1,4,0.0005620345651257552,4872
M-2022-9,53,106,4,0.0005620345651257552,4873
M-2022-9,53,122,4,0.0005620345651257552,4874
M-2022-9,53,151,4,0.0005620345651257552,4875
M-2022-9,59,71,3,0.0005617977528089888,4876
M-2022-9,59,118,3,0.0005617977528089888,4877
M-2022-9,59,124,3,0.0005617977528089888,4878
M-2022-9,59,172,3,0.0005617977528089888,4879
M-2022-9,156,19,14,0.0005613922527869115,4880
M-2022-9,74,17,2,0.000561324726354196,4881
M-2022-9,74,18,2,0.000561324726354196,4882
M-2022-9,74,46,2,0.000561324726354196,4883
M-2022-9,74,51,2,0.000561324726354196,4884
M-2022-9,74,78,2,0.000561324726354196,4885
M-2022-9,74,83,2,0.000561324726354196,4886
M-2022-9,74,96,2,0.000561324726354196,4887
M-2022-9,74,136,2,0.000561324726354196,4888
M-2022-9,74,155,2,0.000561324726354196,4889
M-2022-9,74,156,2,0.000561324726354196,4890
M-2022-9,29,151,16,0.0005610098176718093,4891
M-2022-9,2,21,3,0.0005599104143337066,4892
M-2022-9,2,64,3,0.0005599104143337066,4893
M-2022-9,2,73,3,0.0005599104143337066,4894
M-2022-9,2,76,3,0.0005599104143337066,4895
M-2022-9,2,86,3,0.0005599104143337066,4896
M-2022-9,2,125,3,0.0005599104143337066,4897
M-2022-9,2,160,3,0.0005599104143337066,4898
M-2022-9,93,122,17,0.0005598550963280092,4899
M-2022-9,93,124,17,0.0005598550963280092,4900
M-2022-9,93,155,17,0.0005598550963280092,4901
M-2022-9,71,2,42,0.0005585923472848422,4902
M-2022-9,71,14,42,0.0005585923472848422,4903
M-2022-9,117,87,39,0.00055709510613376,4904
M-2022-9,155,13,4,0.0005560962046434033,4905
M-2022-9,155,60,4,0.0005560962046434033,4906
M-2022-9,155,87,4,0.0005560962046434033,4907
M-2022-9,155,95,4,0.0005560962046434033,4908
M-2022-9,155,126,4,0.0005560962046434033,4909
M-2022-9,155,130,4,0.0005560962046434033,4910
M-2022-9,155,172,4,0.0005560962046434033,4911
M-2022-9,91,27,2,0.000555247084952804,4912
M-2022-9,91,65,2,0.000555247084952804,4913
M-2022-9,91,97,2,0.000555247084952804,4914
M-2022-9,91,124,2,0.000555247084952804,4915
M-2022-9,91,154,2,0.000555247084952804,4916
M-2022-9,31,17,2,0.0005541701302299807,4917
M-2022-9,31,25,2,0.0005541701302299807,4918
M-2022-9,31,86,2,0.0005541701302299807,4919
M-2022-9,31,175,2,0.0005541701302299807,4920
M-2022-9,153,75,39,0.0005537098560354374,4921
M-2022-9,72,122,6,0.0005534544783691542,4922
M-2022-9,122,74,31,0.0005521221080378293,4923
M-2022-9,123,9,5,0.0005502366017387477,4924
M-2022-9,123,124,5,0.0005502366017387477,4925
M-2022-9,123,168,5,0.0005502366017387477,4926
M-2022-9,172,114,5,0.0005496317467296911,4927
M-2022-9,132,155,9,0.0005483124162300475,4928
M-2022-9,116,14,2,0.0005482456140350877,4929
M-2022-9,116,16,2,0.0005482456140350877,4930
M-2022-9,116,17,2,0.0005482456140350877,4931
M-2022-9,116,62,2,0.0005482456140350877,4932
M-2022-9,116,82,2,0.0005482456140350877,4933
M-2022-9,116,85,2,0.0005482456140350877,4934
M-2022-9,116,87,2,0.0005482456140350877,4935
M-2022-9,116,112,2,0.0005482456140350877,4936
M-2022-9,116,124,2,0.0005482456140350877,4937
M-2022-9,116,131,2,0.0005482456140350877,4938
M-2022-9,116,147,2,0.0005482456140350877,4939
M-2022-9,116,150,2,0.0005482456140350877,4940
M-2022-9,116,163,2,0.0005482456140350877,4941
M-2022-9,46,105,6,0.0005463983243784719,4942
M-2022-9,124,83,12,0.0005439463306287113,4943
M-2022-9,124,111,12,0.0005439463306287113,4944
M-2022-9,124,133,12,0.0005439463306287113,4945
M-2022-9,111,0,1,0.000543773790103317,4946
M-2022-9,111,1,1,0.000543773790103317,4947
M-2022-9,111,3,1,0.000543773790103317,4948
M-2022-9,111,4,1,0.000543773790103317,4949
M-2022-9,111,10,1,0.000543773790103317,4950
M-2022-9,111,19,1,0.000543773790103317,4951
M-2022-9,111,29,1,0.000543773790103317,4952
M-2022-9,111,34,1,0.000543773790103317,4953
M-2022-9,111,36,1,0.000543773790103317,4954
M-2022-9,111,39,1,0.000543773790103317,4955
M-2022-9,111,49,1,0.000543773790103317,4956
M-2022-9,111,52,1,0.000543773790103317,4957
M-2022-9,111,57,1,0.000543773790103317,4958
M-2022-9,111,72,1,0.000543773790103317,4959
M-2022-9,111,91,1,0.000543773790103317,4960
M-2022-9,111,102,1,0.000543773790103317,4961
M-2022-9,111,105,1,0.000543773790103317,4962
M-2022-9,111,119,1,0.000543773790103317,4963
M-2022-9,111,122,1,0.000543773790103317,4964
M-2022-9,111,123,1,0.000543773790103317,4965
M-2022-9,111,128,1,0.000543773790103317,4966
M-2022-9,111,135,1,0.000543773790103317,4967
M-2022-9,111,136,1,0.000543773790103317,4968
M-2022-9,111,137,1,0.000543773790103317,4969
M-2022-9,111,139,1,0.000543773790103317,4970
M-2022-9,111,150,1,0.000543773790103317,4971
M-2022-9,111,152,1,0.000543773790103317,4972
M-2022-9,111,159,1,0.000543773790103317,4973
M-2022-9,111,168,1,0.000543773790103317,4974
M-2022-9,117,66,38,0.0005428106162328944,4975
M-2022-9,78,142,14,0.0005416908492938673,4976
M-2022-9,175,158,21,0.0005415441745319511,4977
M-2022-9,50,9,4,0.0005406866720735334,4978
M-2022-9,50,24,4,0.0005406866720735334,4979
M-2022-9,50,61,4,0.0005406866720735334,4980
M-2022-9,50,115,4,0.0005406866720735334,4981
M-2022-9,50,150,4,0.0005406866720735334,4982
M-2022-9,50,172,4,0.0005406866720735334,4983
M-2022-9,142,81,15,0.0005385803023230764,4984
M-2022-9,142,133,15,0.0005385803023230764,4985
M-2022-9,1,23,2,0.0005376344086021505,4986
M-2022-9,1,49,2,0.0005376344086021505,4987
M-2022-9,1,110,2,0.0005376344086021505,4988
M-2022-9,1,131,2,0.0005376344086021505,4989
M-2022-9,1,156,2,0.0005376344086021505,4990
M-2022-9,1,159,2,0.0005376344086021505,4991
M-2022-9,1,160,2,0.0005376344086021505,4992
M-2022-9,1,176,2,0.0005376344086021505,4993
M-2022-9,146,28,3,0.0005362888809438684,4994
M-2022-9,146,42,3,0.0005362888809438684,4995
M-2022-9,146,115,3,0.0005362888809438684,4996
M-2022-9,146,122,3,0.0005362888809438684,4997
M-2022-9,146,145,3,0.0005362888809438684,4998
M-2022-9,126,24,1,0.0005359056806002144,4999
M-2022-9,126,26,1,0.0005359056806002144,5000
M-2022-9,126,42,1,0.0005359056806002144,5001
M-2022-9,126,69,1,0.0005359056806002144,5002
M-2022-9,126,82,1,0.0005359056806002144,5003
M-2022-9,126,96,1,0.0005359056806002144,5004
M-2022-9,126,108,1,0.0005359056806002144,5005
M-2022-9,126,115,1,0.0005359056806002144,5006
M-2022-9,126,138,1,0.0005359056806002144,5007
M-2022-9,126,143,1,0.0005359056806002144,5008
M-2022-9,126,147,1,0.0005359056806002144,5009
M-2022-9,126,158,1,0.0005359056806002144,5010
M-2022-9,126,168,1,0.0005359056806002144,5011
M-2022-9,14,49,4,0.0005351886540005352,5012
M-2022-9,14,52,4,0.0005351886540005352,5013
M-2022-9,39,78,3,0.0005349500713266762,5014
M-2022-9,39,96,3,0.0005349500713266762,5015
M-2022-9,122,172,30,0.0005343117174559638,5016
M-2022-9,99,136,12,0.0005338790763891978,5017
M-2022-9,164,25,1,0.0005333333333333334,5018
M-2022-9,164,29,1,0.0005333333333333334,5019
M-2022-9,164,60,1,0.0005333333333333334,5020
M-2022-9,164,71,1,0.0005333333333333334,5021
M-2022-9,164,152,1,0.0005333333333333334,5022
M-2022-9,164,175,1,0.0005333333333333334,5023
M-2022-9,25,68,23,0.0005318410951301854,5024
M-2022-9,25,130,23,0.0005318410951301854,5025
M-2022-9,18,93,14,0.0005309868770386104,5026
M-2022-9,148,2,3,0.0005305039787798408,5027
M-2022-9,148,60,3,0.0005305039787798408,5028
M-2022-9,148,122,3,0.0005305039787798408,5029
M-2022-9,148,142,3,0.0005305039787798408,5030
M-2022-9,148,155,3,0.0005305039787798408,5031
M-2022-9,117,94,37,0.0005285261263320287,5032
M-2022-9,83,138,13,0.0005278759085556503,5033
M-2022-9,83,149,13,0.0005278759085556503,5034
M-2022-9,62,46,9,0.0005278592375366569,5035
M-2022-9,62,68,9,0.0005278592375366569,5036
M-2022-9,93,49,16,0.0005269224436028322,5037
M-2022-9,79,96,6,0.000526592943654555,5038
M-2022-9,140,148,23,0.0005251021666172006,5039
M-2022-9,140,157,23,0.0005251021666172006,5040
M-2022-9,138,132,12,0.0005220796171416141,5041
M-2022-9,81,18,2,0.0005219206680584551,5042
M-2022-9,81,153,2,0.0005219206680584551,5043
M-2022-9,61,126,9,0.0005209539245195647,5044
M-2022-9,136,11,10,0.0005205893070956322,5045
M-2022-9,136,68,10,0.0005205893070956322,5046
M-2022-9,136,71,10,0.0005205893070956322,5047
M-2022-9,60,29,21,0.000519262153207062,5048
M-2022-9,60,93,21,0.000519262153207062,5049
M-2022-9,24,18,5,0.0005189952252439277,5050
M-2022-9,158,18,5,0.0005163155720776538,5051
M-2022-9,158,24,5,0.0005163155720776538,5052
M-2022-9,158,74,5,0.0005163155720776538,5053
M-2022-9,158,111,5,0.0005163155720776538,5054
M-2022-9,175,129,20,0.0005157563566970963,5055
M-2022-9,11,13,1,0.0005151983513652757,5056
M-2022-9,11,20,1,0.0005151983513652757,5057
M-2022-9,11,21,1,0.0005151983513652757,5058
M-2022-9,11,25,1,0.0005151983513652757,5059
M-2022-9,11,34,1,0.0005151983513652757,5060
M-2022-9,11,39,1,0.0005151983513652757,5061
M-2022-9,11,42,1,0.0005151983513652757,5062
M-2022-9,11,53,1,0.0005151983513652757,5063
M-2022-9,11,62,1,0.0005151983513652757,5064
M-2022-9,11,64,1,0.0005151983513652757,5065
M-2022-9,11,69,1,0.0005151983513652757,5066
M-2022-9,11,95,1,0.0005151983513652757,5067
M-2022-9,11,104,1,0.0005151983513652757,5068
M-2022-9,11,110,1,0.0005151983513652757,5069
M-2022-9,11,111,1,0.0005151983513652757,5070
M-2022-9,11,129,1,0.0005151983513652757,5071
M-2022-9,11,147,1,0.0005151983513652757,5072
M-2022-9,11,159,1,0.0005151983513652757,5073
M-2022-9,11,163,1,0.0005151983513652757,5074
M-2022-9,117,17,36,0.000514241636431163,5075
M-2022-9,19,149,10,0.0005136370640505418,5076
M-2022-9,49,68,15,0.0005125226364164417,5077
M-2022-9,103,50,1,0.0005112474437627812,5078
M-2022-9,103,51,1,0.0005112474437627812,5079
M-2022-9,103,133,1,0.0005112474437627812,5080
M-2022-9,103,143,1,0.0005112474437627812,5081
M-2022-9,103,153,1,0.0005112474437627812,5082
M-2022-9,103,170,1,0.0005112474437627812,5083
M-2022-9,171,1,4,0.0005111167901865576,5084
M-2022-9,171,19,4,0.0005111167901865576,5085
M-2022-9,171,25,4,0.0005111167901865576,5086
M-2022-9,171,77,4,0.0005111167901865576,5087
M-2022-9,171,87,4,0.0005111167901865576,5088
M-2022-9,171,108,4,0.0005111167901865576,5089
M-2022-9,171,111,4,0.0005111167901865576,5090
M-2022-9,171,143,4,0.0005111167901865576,5091
M-2022-9,95,25,15,0.0005078548212351029,5092
M-2022-9,51,53,8,0.0005071315372424723,5093
M-2022-9,149,63,26,0.0005067238355096472,5094
M-2022-9,115,49,9,0.0005061582588155897,5095
M-2022-9,110,0,2,0.0005041593143433325,5096
M-2022-9,110,1,2,0.0005041593143433325,5097
M-2022-9,110,29,2,0.0005041593143433325,5098
M-2022-9,110,46,2,0.0005041593143433325,5099
M-2022-9,110,78,2,0.0005041593143433325,5100
M-2022-9,110,91,2,0.0005041593143433325,5101
M-2022-9,110,114,2,0.0005041593143433325,5102
M-2022-9,142,2,14,0.0005026749488348713,5103
M-2022-9,142,12,14,0.0005026749488348713,5104
M-2022-9,142,87,14,0.0005026749488348713,5105
M-2022-9,140,108,22,0.0005022716376338439,5106
M-2022-9,140,117,22,0.0005022716376338439,5107
M-2022-9,20,14,1,0.000502008032128514,5108
M-2022-9,20,23,1,0.000502008032128514,5109
M-2022-9,20,61,1,0.000502008032128514,5110
M-2022-9,20,66,1,0.000502008032128514,5111
M-2022-9,20,115,1,0.000502008032128514,5112
M-2022-9,20,131,1,0.000502008032128514,5113
M-2022-9,20,149,1,0.000502008032128514,5114
M-2022-9,20,171,1,0.000502008032128514,5115
M-2022-9,20,176,1,0.000502008032128514,5116
M-2022-9,117,111,35,0.0004999571465302974,5117
M-2022-9,75,68,7,0.0004996787779284746,5118
M-2022-9,75,79,7,0.0004996787779284746,5119
M-2022-9,75,133,7,0.0004996787779284746,5120
M-2022-9,23,155,4,0.0004996252810392206,5121
M-2022-9,133,11,24,0.0004965654224944136,5122
M-2022-9,77,136,18,0.000494967827091239,5123
M-2022-9,77,155,18,0.000494967827091239,5124
M-2022-9,63,12,5,0.0004945598417408506,5125
M-2022-9,63,69,5,0.0004945598417408506,5126
M-2022-9,63,122,5,0.0004945598417408506,5127
M-2022-9,63,124,5,0.0004945598417408506,5128
M-2022-9,63,126,5,0.0004945598417408506,5129
M-2022-9,93,116,15,0.0004939897908776552,5130
M-2022-9,104,50,1,0.000493339911198816,5131
M-2022-9,104,66,1,0.000493339911198816,5132
M-2022-9,104,77,1,0.000493339911198816,5133
M-2022-9,104,93,1,0.000493339911198816,5134
M-2022-9,104,148,1,0.000493339911198816,5135
M-2022-9,104,156,1,0.000493339911198816,5136
M-2022-9,104,170,1,0.000493339911198816,5137
M-2022-9,104,171,1,0.000493339911198816,5138
M-2022-9,104,176,1,0.000493339911198816,5139
M-2022-9,125,28,2,0.0004922471080482402,5140
M-2022-9,125,50,2,0.0004922471080482402,5141
M-2022-9,125,83,2,0.0004922471080482402,5142
M-2022-9,125,95,2,0.0004922471080482402,5143
M-2022-9,125,123,2,0.0004922471080482402,5144
M-2022-9,125,138,2,0.0004922471080482402,5145
M-2022-9,125,147,2,0.0004922471080482402,5146
M-2022-9,125,151,2,0.0004922471080482402,5147
M-2022-9,125,168,2,0.0004922471080482402,5148
M-2022-9,125,171,2,0.0004922471080482402,5149
M-2022-9,71,90,37,0.000492093258322361,5150
M-2022-9,159,1,1,0.0004909180166912126,5151
M-2022-9,159,19,1,0.0004909180166912126,5152
M-2022-9,159,60,1,0.0004909180166912126,5153
M-2022-9,159,63,1,0.0004909180166912126,5154
M-2022-9,159,66,1,0.0004909180166912126,5155
M-2022-9,159,74,1,0.0004909180166912126,5156
M-2022-9,159,111,1,0.0004909180166912126,5157
M-2022-9,159,112,1,0.0004909180166912126,5158
M-2022-9,159,124,1,0.0004909180166912126,5159
M-2022-9,159,131,1,0.0004909180166912126,5160
M-2022-9,159,132,1,0.0004909180166912126,5161
M-2022-9,159,137,1,0.0004909180166912126,5162
M-2022-9,159,138,1,0.0004909180166912126,5163
M-2022-9,29,104,14,0.0004908835904628332,5164
M-2022-9,82,9,18,0.0004905033108973485,5165
M-2022-9,82,149,18,0.0004905033108973485,5166
M-2022-9,82,156,18,0.0004905033108973485,5167
M-2022-9,99,168,11,0.0004893891533567647,5168
M-2022-9,132,49,8,0.0004873888144267089,5169
M-2022-9,132,129,8,0.0004873888144267089,5170
M-2022-9,83,153,12,0.0004872700694359849,5171
M-2022-9,149,90,25,0.00048723445722081467,5172
M-2022-9,163,11,1,0.0004870920603994155,5173
M-2022-9,163,15,1,0.0004870920603994155,5174
M-2022-9,163,16,1,0.0004870920603994155,5175
M-2022-9,163,32,1,0.0004870920603994155,5176
M-2022-9,163,41,1,0.0004870920603994155,5177
M-2022-9,163,43,1,0.0004870920603994155,5178
M-2022-9,163,62,1,0.0004870920603994155,5179
M-2022-9,163,66,1,0.0004870920603994155,5180
M-2022-9,163,67,1,0.0004870920603994155,5181
M-2022-9,163,69,1,0.0004870920603994155,5182
M-2022-9,163,95,1,0.0004870920603994155,5183
M-2022-9,163,112,1,0.0004870920603994155,5184
M-2022-9,163,116,1,0.0004870920603994155,5185
M-2022-9,163,121,1,0.0004870920603994155,5186
M-2022-9,163,129,1,0.0004870920603994155,5187
M-2022-9,163,131,1,0.0004870920603994155,5188
M-2022-9,163,135,1,0.0004870920603994155,5189
M-2022-9,163,149,1,0.0004870920603994155,5190
M-2022-9,163,170,1,0.0004870920603994155,5191
M-2022-9,25,172,21,0.00048559404337973454,5192
M-2022-9,169,46,1,0.0004833252779120348,5193
M-2022-9,169,136,1,0.0004833252779120348,5194
M-2022-9,169,146,1,0.0004833252779120348,5195
M-2022-9,169,155,1,0.0004833252779120348,5196
M-2022-9,169,163,1,0.0004833252779120348,5197
M-2022-9,156,8,12,0.00048119335953163844,5198
M-2022-9,122,4,27,0.00048088054571036746,5199
M-2022-9,122,170,27,0.00048088054571036746,5200
M-2022-9,151,15,1,0.0004807692307692308,5201
M-2022-9,151,23,1,0.0004807692307692308,5202
M-2022-9,151,24,1,0.0004807692307692308,5203
M-2022-9,151,45,1,0.0004807692307692308,5204
M-2022-9,151,60,1,0.0004807692307692308,5205
M-2022-9,151,61,1,0.0004807692307692308,5206
M-2022-9,151,77,1,0.0004807692307692308,5207
M-2022-9,151,78,1,0.0004807692307692308,5208
M-2022-9,151,82,1,0.0004807692307692308,5209
M-2022-9,151,83,1,0.0004807692307692308,5210
M-2022-9,151,99,1,0.0004807692307692308,5211
M-2022-9,151,108,1,0.0004807692307692308,5212
M-2022-9,151,112,1,0.0004807692307692308,5213
M-2022-9,151,138,1,0.0004807692307692308,5214
M-2022-9,151,139,1,0.0004807692307692308,5215
M-2022-9,151,141,1,0.0004807692307692308,5216
M-2022-9,151,170,1,0.0004807692307692308,5217
M-2022-9,151,175,1,0.0004807692307692308,5218
M-2022-9,151,176,1,0.0004807692307692308,5219
M-2022-9,151,177,1,0.0004807692307692308,5220
M-2022-9,140,76,21,0.0004794411086504874,5221
M-2022-9,71,93,36,0.00047879344052986474,5222
M-2022-9,138,10,11,0.00047857298237981294,5223
M-2022-9,138,170,11,0.00047857298237981294,5224
M-2022-9,138,172,11,0.00047857298237981294,5225
M-2022-9,49,138,14,0.00047835446065534564,5226
M-2022-9,56,117,5,0.0004745183638606814,5227
M-2022-9,28,22,5,0.000474158368895211,5228
M-2022-9,28,23,5,0.000474158368895211,5229
M-2022-9,28,68,5,0.000474158368895211,5230
M-2022-9,28,95,5,0.000474158368895211,5231
M-2022-9,28,120,5,0.000474158368895211,5232
M-2022-9,28,122,5,0.000474158368895211,5233
M-2022-9,165,51,3,0.0004723665564478035,5234
M-2022-9,165,154,3,0.0004723665564478035,5235
M-2022-9,165,155,3,0.0004723665564478035,5236
M-2022-9,96,153,25,0.00047184055563943833,5237
M-2022-9,117,166,33,0.0004713881667285661,5238
M-2022-9,168,39,3,0.00047088369172814315,5239
M-2022-9,168,60,3,0.00047088369172814315,5240
M-2022-9,168,78,3,0.00047088369172814315,5241
M-2022-9,168,144,3,0.00047088369172814315,5242
M-2022-9,168,156,3,0.00047088369172814315,5243
M-2022-9,168,175,3,0.00047088369172814315,5244
M-2022-9,60,142,19,0.0004698086148063894,5245
M-2022-9,62,87,8,0.000469208211143695,5246
M-2022-9,62,108,8,0.000469208211143695,5247
M-2022-9,62,153,8,0.000469208211143695,5248
M-2022-9,136,143,9,0.00046853037638606906,5249
M-2022-9,149,82,24,0.0004677450789319821,5250
M-2022-9,149,175,24,0.0004677450789319821,5251
M-2022-9,128,39,2,0.00046511627906976747,5252
M-2022-9,128,86,2,0.00046511627906976747,5253
M-2022-9,128,125,2,0.00046511627906976747,5254
M-2022-9,128,131,2,0.00046511627906976747,5255
M-2022-9,128,133,2,0.00046511627906976747,5256
M-2022-9,128,147,2,0.00046511627906976747,5257
M-2022-9,128,155,2,0.00046511627906976747,5258
M-2022-9,128,156,2,0.00046511627906976747,5259
M-2022-9,82,129,17,0.000463253126958607,5260
M-2022-9,61,2,8,0.00046307015512850195,5261
M-2022-9,61,11,8,0.00046307015512850195,5262
M-2022-9,61,28,8,0.00046307015512850195,5263
M-2022-9,61,125,8,0.00046307015512850195,5264
M-2022-9,25,32,20,0.00046247051750450906,5265
M-2022-9,25,111,20,0.00046247051750450906,5266
M-2022-9,19,71,9,0.0004622733576454877,5267
M-2022-9,19,77,9,0.0004622733576454877,5268
M-2022-9,19,141,9,0.0004622733576454877,5269
M-2022-9,19,155,9,0.0004622733576454877,5270
M-2022-9,19,175,9,0.0004622733576454877,5271
M-2022-9,129,20,12,0.00046129007457522875,5272
M-2022-9,129,28,12,0.00046129007457522875,5273
M-2022-9,129,87,12,0.00046129007457522875,5274
M-2022-9,93,10,14,0.0004610571381524782,5275
M-2022-9,87,18,3,0.0004601932811780948,5276
M-2022-9,87,149,3,0.0004601932811780948,5277
M-2022-9,43,1,2,0.0004596644449551827,5278
M-2022-9,43,39,2,0.0004596644449551827,5279
M-2022-9,43,64,2,0.0004596644449551827,5280
M-2022-9,43,77,2,0.0004596644449551827,5281
M-2022-9,43,93,2,0.0004596644449551827,5282
M-2022-9,43,124,2,0.0004596644449551827,5283
M-2022-9,43,154,2,0.0004596644449551827,5284
M-2022-9,43,166,2,0.0004596644449551827,5285
M-2022-9,131,115,12,0.0004596116281741928,5286
M-2022-9,73,28,7,0.00045826513911620295,5287
M-2022-9,73,140,7,0.00045826513911620295,5288
M-2022-9,117,75,32,0.0004571036768277005,5289
M-2022-9,140,66,20,0.0004566105796671309,5290
M-2022-9,140,70,20,0.0004566105796671309,5291
M-2022-9,29,13,13,0.00045582047685834503,5292
M-2022-9,46,12,5,0.00045533193698205993,5293
M-2022-9,46,14,5,0.00045533193698205993,5294
M-2022-9,46,19,5,0.00045533193698205993,5295
M-2022-9,46,69,5,0.00045533193698205993,5296
M-2022-9,153,46,32,0.0004543260357213846,5297
M-2022-9,124,86,10,0.0004532886088572594,5298
M-2022-9,124,132,10,0.0004532886088572594,5299
M-2022-9,124,134,10,0.0004532886088572594,5300
M-2022-9,86,117,18,0.0004532406707961928,5301
M-2022-9,68,8,2,0.0004526935264825713,5302
M-2022-9,68,12,2,0.0004526935264825713,5303
M-2022-9,68,17,2,0.0004526935264825713,5304
M-2022-9,68,23,2,0.0004526935264825713,5305
M-2022-9,68,61,2,0.0004526935264825713,5306
M-2022-9,68,62,2,0.0004526935264825713,5307
M-2022-9,68,105,2,0.0004526935264825713,5308
M-2022-9,68,115,2,0.0004526935264825713,5309
M-2022-9,68,118,2,0.0004526935264825713,5310
M-2022-9,68,124,2,0.0004526935264825713,5311
M-2022-9,68,129,2,0.0004526935264825713,5312
M-2022-9,68,137,2,0.0004526935264825713,5313
M-2022-9,68,143,2,0.0004526935264825713,5314
M-2022-9,71,124,34,0.00045219380494487224,5315
M-2022-9,35,16,1,0.0004508566275924256,5316
M-2022-9,35,19,1,0.0004508566275924256,5317
M-2022-9,35,28,1,0.0004508566275924256,5318
M-2022-9,35,53,1,0.0004508566275924256,5319
M-2022-9,35,74,1,0.0004508566275924256,5320
M-2022-9,35,99,1,0.0004508566275924256,5321
M-2022-9,35,126,1,0.0004508566275924256,5322
M-2022-9,35,149,1,0.0004508566275924256,5323
M-2022-9,35,158,1,0.0004508566275924256,5324
M-2022-9,35,160,1,0.0004508566275924256,5325
M-2022-9,115,37,8,0.0004499184522805242,5326
M-2022-9,115,68,8,0.0004499184522805242,5327
M-2022-9,115,88,8,0.0004499184522805242,5328
M-2022-9,115,104,8,0.0004499184522805242,5329
M-2022-9,115,162,8,0.0004499184522805242,5330
M-2022-9,147,3,1,0.000449034575662326,5331
M-2022-9,147,14,1,0.000449034575662326,5332
M-2022-9,147,50,1,0.000449034575662326,5333
M-2022-9,147,52,1,0.000449034575662326,5334
M-2022-9,147,56,1,0.000449034575662326,5335
M-2022-9,147,62,1,0.000449034575662326,5336
M-2022-9,147,87,1,0.000449034575662326,5337
M-2022-9,149,111,23,0.0004482557006431495,5338
M-2022-9,83,14,11,0.0004466642303163195,5339
M-2022-9,113,14,1,0.0004462293618920125,5340
M-2022-9,113,51,1,0.0004462293618920125,5341
M-2022-9,113,94,1,0.0004462293618920125,5342
M-2022-9,113,96,1,0.0004462293618920125,5343
M-2022-9,113,117,1,0.0004462293618920125,5344
M-2022-9,113,138,1,0.0004462293618920125,5345
M-2022-9,113,158,1,0.0004462293618920125,5346
M-2022-9,122,14,25,0.0004452597645466365,5347
M-2022-9,60,108,18,0.0004450818456060531,5348
M-2022-9,99,42,10,0.00044489923032433156,5349
M-2022-9,99,77,10,0.00044489923032433156,5350
M-2022-9,99,108,10,0.00044489923032433156,5351
M-2022-9,49,66,13,0.0004441862848942495,5352
M-2022-9,49,131,13,0.0004441862848942495,5353
M-2022-9,51,151,7,0.0004437400950871632,5354
M-2022-9,117,41,31,0.00044281918692683485,5355
M-2022-9,117,61,31,0.00044281918692683485,5356
M-2022-9,117,86,31,0.00044281918692683485,5357
M-2022-9,123,19,4,0.00044018928139099813,5358
M-2022-9,153,135,31,0.0004401283471050913,5359
M-2022-9,172,49,4,0.0004397053973837529,5360
M-2022-9,172,53,4,0.0004397053973837529,5361
M-2022-9,172,82,4,0.0004397053973837529,5362
M-2022-9,172,133,4,0.0004397053973837529,5363
M-2022-9,172,171,4,0.0004397053973837529,5364
M-2022-9,175,117,17,0.00043839290319253185,5365
M-2022-9,100,149,12,0.00043701518627772313,5366
M-2022-9,138,1,10,0.00043506634761801175,5367
M-2022-9,138,51,10,0.00043506634761801175,5368
M-2022-9,138,53,10,0.00043506634761801175,5369
M-2022-9,138,91,10,0.00043506634761801175,5370
M-2022-9,138,142,10,0.00043506634761801175,5371
M-2022-9,133,155,21,0.0004344947446826119,5372
M-2022-9,108,13,3,0.0004339649934905251,5373
M-2022-9,108,28,3,0.0004339649934905251,5374
M-2022-9,108,31,3,0.0004339649934905251,5375
M-2022-9,108,95,3,0.0004339649934905251,5376
M-2022-9,108,136,3,0.0004339649934905251,5377
M-2022-9,76,14,2,0.00043318171973142733,5378
M-2022-9,142,53,12,0.0004308642418584611,5379
M-2022-9,118,2,1,0.00043084877208099956,5380
M-2022-9,118,14,1,0.00043084877208099956,5381
M-2022-9,118,50,1,0.00043084877208099956,5382
M-2022-9,118,53,1,0.00043084877208099956,5383
M-2022-9,118,78,1,0.00043084877208099956,5384
M-2022-9,118,111,1,0.00043084877208099956,5385
M-2022-9,118,115,1,0.00043084877208099956,5386
M-2022-9,118,119,1,0.00043084877208099956,5387
M-2022-9,118,120,1,0.00043084877208099956,5388
M-2022-9,118,124,1,0.00043084877208099956,5389
M-2022-9,118,137,1,0.00043084877208099956,5390
M-2022-9,118,142,1,0.00043084877208099956,5391
M-2022-9,118,149,1,0.00043084877208099956,5392
M-2022-9,118,156,1,0.00043084877208099956,5393
M-2022-9,118,158,1,0.00043084877208099956,5394
M-2022-9,154,3,1,0.0004306632213608958,5395
M-2022-9,154,4,1,0.0004306632213608958,5396
M-2022-9,154,12,1,0.0004306632213608958,5397
M-2022-9,154,15,1,0.0004306632213608958,5398
M-2022-9,154,20,1,0.0004306632213608958,5399
M-2022-9,154,22,1,0.0004306632213608958,5400
M-2022-9,154,27,1,0.0004306632213608958,5401
M-2022-9,154,47,1,0.0004306632213608958,5402
M-2022-9,154,84,1,0.0004306632213608958,5403
M-2022-9,154,90,1,0.0004306632213608958,5404
M-2022-9,154,94,1,0.0004306632213608958,5405
M-2022-9,154,104,1,0.0004306632213608958,5406
M-2022-9,154,114,1,0.0004306632213608958,5407
M-2022-9,154,130,1,0.0004306632213608958,5408
M-2022-9,154,148,1,0.0004306632213608958,5409
M-2022-9,154,169,1,0.0004306632213608958,5410
M-2022-9,149,64,22,0.00042876632235431687,5411
M-2022-9,149,136,22,0.00042876632235431687,5412
M-2022-9,117,9,30,0.0004285346970259692,5413
M-2022-9,117,164,30,0.0004285346970259692,5414
M-2022-9,75,141,6,0.0004282960953672639,5415
M-2022-9,93,86,13,0.00042812448542730116,5416
M-2022-9,93,140,13,0.00042812448542730116,5417
M-2022-9,86,28,17,0.00042806063352973764,5418
M-2022-9,86,143,17,0.00042806063352973764,5419
M-2022-9,122,124,24,0.00042744937396477104,5420
M-2022-9,132,139,7,0.0004264652126233703,5421
M-2022-9,132,142,7,0.0004264652126233703,5422
M-2022-9,55,60,2,0.0004259850905218317,5423
M-2022-9,55,156,2,0.0004259850905218317,5424
M-2022-9,78,70,11,0.0004256142387308957,5425
M-2022-9,90,53,2,0.00042471862391165854,5426
M-2022-9,90,124,2,0.00042471862391165854,5427
M-2022-9,90,153,2,0.00042471862391165854,5428
M-2022-9,129,176,11,0.000422849235027293,5429
M-2022-9,53,5,3,0.00042152592384431644,5430
M-2022-9,53,27,3,0.00042152592384431644,5431
M-2022-9,53,77,3,0.00042152592384431644,5432
M-2022-9,53,102,3,0.00042152592384431644,5433
M-2022-9,53,115,3,0.00042152592384431644,5434
M-2022-9,53,133,3,0.00042152592384431644,5435
M-2022-9,53,166,3,0.00042152592384431644,5436
M-2022-9,131,25,11,0.00042131065915967676,5437
M-2022-9,131,138,11,0.00042131065915967676,5438
M-2022-9,29,10,12,0.00042075736325385696,5439
M-2022-9,60,49,17,0.00042035507640571685,5440
M-2022-9,60,138,17,0.00042035507640571685,5441
M-2022-9,18,132,11,0.00041720397481605096,5442
M-2022-9,155,26,3,0.0004170721534825525,5443
M-2022-9,155,29,3,0.0004170721534825525,5444
M-2022-9,155,72,3,0.0004170721534825525,5445
M-2022-9,155,79,3,0.0004170721534825525,5446
M-2022-9,155,99,3,0.0004170721534825525,5447
M-2022-9,155,108,3,0.0004170721534825525,5448
M-2022-9,155,135,3,0.0004170721534825525,5449
M-2022-9,155,138,3,0.0004170721534825525,5450
M-2022-9,155,146,3,0.0004170721534825525,5451
M-2022-9,155,148,3,0.0004170721534825525,5452
M-2022-9,155,159,3,0.0004170721534825525,5453
M-2022-9,155,171,3,0.0004170721534825525,5454
M-2022-9,25,77,18,0.00041622346575405817,5455
M-2022-9,25,136,18,0.00041622346575405817,5456
M-2022-9,24,82,4,0.00041519618019514223,5457
M-2022-9,24,124,4,0.00041519618019514223,5458
M-2022-9,24,136,4,0.00041519618019514223,5459
M-2022-9,117,171,29,0.00041425020712510354,5460
M-2022-9,158,12,4,0.0004130524576621231,5461
M-2022-9,158,53,4,0.0004130524576621231,5462
M-2022-9,158,85,4,0.0004130524576621231,5463
M-2022-9,158,90,4,0.0004130524576621231,5464
M-2022-9,158,98,4,0.0004130524576621231,5465
M-2022-9,158,130,4,0.0004130524576621231,5466
M-2022-9,158,149,4,0.0004130524576621231,5467
M-2022-9,158,170,4,0.0004130524576621231,5468
M-2022-9,158,176,4,0.0004130524576621231,5469
M-2022-9,175,83,16,0.00041260508535767706,5470
M-2022-9,77,2,15,0.0004124731892426992,5471
M-2022-9,77,14,15,0.0004124731892426992,5472
M-2022-9,77,166,15,0.0004124731892426992,5473
M-2022-9,166,14,2,0.00041186161449752884,5474
M-2022-9,166,17,2,0.00041186161449752884,5475
M-2022-9,166,26,2,0.00041186161449752884,5476
M-2022-9,166,37,2,0.00041186161449752884,5477
M-2022-9,166,45,2,0.00041186161449752884,5478
M-2022-9,166,76,2,0.00041186161449752884,5479
M-2022-9,166,82,2,0.00041186161449752884,5480
M-2022-9,166,149,2,0.00041186161449752884,5481
M-2022-9,166,155,2,0.00041186161449752884,5482
M-2022-9,166,168,2,0.00041186161449752884,5483
M-2022-9,153,12,29,0.00041173296987250473,5484
M-2022-9,153,53,29,0.00041173296987250473,5485
M-2022-9,153,111,29,0.00041173296987250473,5486
M-2022-9,130,3,2,0.0004116920543433512,5487
M-2022-9,130,4,2,0.0004116920543433512,5488
M-2022-9,130,10,2,0.0004116920543433512,5489
M-2022-9,130,60,2,0.0004116920543433512,5490
M-2022-9,130,76,2,0.0004116920543433512,5491
M-2022-9,130,84,2,0.0004116920543433512,5492
M-2022-9,130,95,2,0.0004116920543433512,5493
M-2022-9,130,97,2,0.0004116920543433512,5494
M-2022-9,130,102,2,0.0004116920543433512,5495
M-2022-9,130,105,2,0.0004116920543433512,5496
M-2022-9,130,133,2,0.0004116920543433512,5497
M-2022-9,130,157,2,0.0004116920543433512,5498
M-2022-9,130,172,2,0.0004116920543433512,5499
M-2022-9,19,86,8,0.00041090965124043353,5500
M-2022-9,19,127,8,0.00041090965124043353,5501
M-2022-9,62,175,7,0.00041055718475073314,5502
M-2022-9,49,67,12,0.00041001810913315336,5503
M-2022-9,49,86,12,0.00041001810913315336,5504
M-2022-9,122,136,23,0.0004096389833829056,5505
M-2022-9,54,60,2,0.0004095004095004095,5506
M-2022-9,54,88,2,0.0004095004095004095,5507
M-2022-9,54,93,2,0.0004095004095004095,5508
M-2022-9,124,2,9,0.00040795974797153345,5509
M-2022-9,124,50,9,0.00040795974797153345,5510
M-2022-9,124,88,9,0.00040795974797153345,5511
M-2022-9,124,139,9,0.00040795974797153345,5512
M-2022-9,41,16,1,0.00040716612377850165,5513
M-2022-9,41,49,1,0.00040716612377850165,5514
M-2022-9,41,54,1,0.00040716612377850165,5515
M-2022-9,41,69,1,0.00040716612377850165,5516
M-2022-9,41,86,1,0.00040716612377850165,5517
M-2022-9,41,103,1,0.00040716612377850165,5518
M-2022-9,41,104,1,0.00040716612377850165,5519
M-2022-9,41,115,1,0.00040716612377850165,5520
M-2022-9,41,124,1,0.00040716612377850165,5521
M-2022-9,41,136,1,0.00040716612377850165,5522
M-2022-9,41,138,1,0.00040716612377850165,5523
M-2022-9,41,148,1,0.00040716612377850165,5524
M-2022-9,41,154,1,0.00040716612377850165,5525
M-2022-9,41,157,1,0.00040716612377850165,5526
M-2022-9,41,176,1,0.00040716612377850165,5527
M-2022-9,50,19,3,0.00040551500405515005,5528
M-2022-9,50,20,3,0.00040551500405515005,5529
M-2022-9,50,29,3,0.00040551500405515005,5530
M-2022-9,50,102,3,0.00040551500405515005,5531
M-2022-9,50,133,3,0.00040551500405515005,5532
M-2022-9,50,158,3,0.00040551500405515005,5533
M-2022-9,61,46,7,0.0004051863857374392,5534
M-2022-9,61,135,7,0.0004051863857374392,5535
M-2022-9,120,9,1,0.0004032258064516129,5536
M-2022-9,120,17,1,0.0004032258064516129,5537
M-2022-9,120,19,1,0.0004032258064516129,5538
M-2022-9,120,53,1,0.0004032258064516129,5539
M-2022-9,120,59,1,0.0004032258064516129,5540
M-2022-9,120,68,1,0.0004032258064516129,5541
M-2022-9,120,85,1,0.0004032258064516129,5542
M-2022-9,120,116,1,0.0004032258064516129,5543
M-2022-9,120,133,1,0.0004032258064516129,5544
M-2022-9,120,138,1,0.0004032258064516129,5545
M-2022-9,120,149,1,0.0004032258064516129,5546
M-2022-9,120,150,1,0.0004032258064516129,5547
M-2022-9,120,154,1,0.0004032258064516129,5548
M-2022-9,120,158,1,0.0004032258064516129,5549
M-2022-9,120,174,1,0.0004032258064516129,5550
M-2022-9,120,175,1,0.0004032258064516129,5551
M-2022-9,14,1,3,0.0004013914905004014,5552
M-2022-9,14,38,3,0.0004013914905004014,5553
M-2022-9,14,46,3,0.0004013914905004014,5554
M-2022-9,14,96,3,0.0004013914905004014,5555
M-2022-9,14,108,3,0.0004013914905004014,5556
M-2022-9,14,118,3,0.0004013914905004014,5557
M-2022-9,14,139,3,0.0004013914905004014,5558
M-2022-9,14,163,3,0.0004013914905004014,5559
M-2022-9,14,167,3,0.0004013914905004014,5560
M-2022-9,156,20,10,0.0004009944662763654,5561
M-2022-9,156,143,10,0.0004009944662763654,5562
M-2022-9,156,176,10,0.0004009944662763654,5563
M-2022-9,99,46,9,0.00040040930729189837,5564
M-2022-9,99,49,9,0.00040040930729189837,5565
M-2022-9,99,132,9,0.00040040930729189837,5566
M-2022-9,117,11,28,0.0003999657172242379,5567
M-2022-9,71,136,30,0.0003989945337748873,5568
M-2022-9,105,19,2,0.00039643211100099106,5569
M-2022-9,105,29,2,0.00039643211100099106,5570
M-2022-9,105,44,2,0.00039643211100099106,5571
M-2022-9,105,66,2,0.00039643211100099106,5572
M-2022-9,105,99,2,0.00039643211100099106,5573
M-2022-9,105,170,2,0.00039643211100099106,5574
M-2022-9,96,16,21,0.0003963460667371282,5575
M-2022-9,63,68,4,0.0003956478733926805,5576
M-2022-9,63,71,4,0.0003956478733926805,5577
M-2022-9,63,111,4,0.0003956478733926805,5578
M-2022-9,63,128,4,0.0003956478733926805,5579
M-2022-9,93,115,12,0.00039519183270212414,5580
M-2022-9,93,142,12,0.00039519183270212414,5581
M-2022-9,93,148,12,0.00039519183270212414,5582
M-2022-9,142,17,11,0.000394958888370256,5583
M-2022-9,142,24,11,0.000394958888370256,5584
M-2022-9,142,124,11,0.000394958888370256,5585
M-2022-9,17,13,4,0.0003945551390806865,5586
M-2022-9,17,62,4,0.0003945551390806865,5587
M-2022-9,17,87,4,0.0003945551390806865,5588
M-2022-9,17,133,4,0.0003945551390806865,5589
M-2022-9,115,93,7,0.00039367864574545863,5590
M-2022-9,115,159,7,0.00039367864574545863,5591
M-2022-9,98,83,23,0.00039270591449255566,5592
M-2022-9,122,19,22,0.0003918285928010401,5593
M-2022-9,138,61,9,0.00039155971285621057,5594
M-2022-9,138,71,9,0.00039155971285621057,5595
M-2022-9,138,86,9,0.00039155971285621057,5596
M-2022-9,138,133,9,0.00039155971285621057,5597
M-2022-9,149,53,20,0.0003897875657766517,5598
M-2022-9,149,91,20,0.0003897875657766517,5599
M-2022-9,127,12,2,0.0003891050583657588,5600
M-2022-9,127,16,2,0.0003891050583657588,5601
M-2022-9,127,29,2,0.0003891050583657588,5602
M-2022-9,127,53,2,0.0003891050583657588,5603
M-2022-9,127,61,2,0.0003891050583657588,5604
M-2022-9,127,112,2,0.0003891050583657588,5605
M-2022-9,127,154,2,0.0003891050583657588,5606
M-2022-9,127,176,2,0.0003891050583657588,5607
M-2022-9,29,18,11,0.00038569424964936884,5608
M-2022-9,29,28,11,0.00038569424964936884,5609
M-2022-9,77,172,14,0.0003849749766265193,5610
M-2022-9,129,157,10,0.00038440839547935725,5611
M-2022-9,153,85,27,0.00038333759263991824,5612
M-2022-9,171,39,3,0.00038333759263991824,5613
M-2022-9,171,68,3,0.00038333759263991824,5614
M-2022-9,171,116,3,0.00038333759263991824,5615
M-2022-9,171,134,3,0.00038333759263991824,5616
M-2022-9,171,158,3,0.00038333759263991824,5617
M-2022-9,106,3,1,0.0003819709702062643,5618
M-2022-9,106,57,1,0.0003819709702062643,5619
M-2022-9,106,83,1,0.0003819709702062643,5620
M-2022-9,106,123,1,0.0003819709702062643,5621
M-2022-9,106,176,1,0.0003819709702062643,5622
M-2022-9,82,90,14,0.0003815025751423822,5623
M-2022-9,21,19,1,0.0003808073115003808,5624
M-2022-9,21,29,1,0.0003808073115003808,5625
M-2022-9,21,52,1,0.0003808073115003808,5626
M-2022-9,21,55,1,0.0003808073115003808,5627
M-2022-9,21,60,1,0.0003808073115003808,5628
M-2022-9,21,77,1,0.0003808073115003808,5629
M-2022-9,21,83,1,0.0003808073115003808,5630
M-2022-9,21,111,1,0.0003808073115003808,5631
M-2022-9,21,156,1,0.0003808073115003808,5632
M-2022-9,21,157,1,0.0003808073115003808,5633
M-2022-9,51,12,6,0.0003803486529318542,5634
M-2022-9,51,32,6,0.0003803486529318542,5635
M-2022-9,51,67,6,0.0003803486529318542,5636
M-2022-9,51,71,6,0.0003803486529318542,5637
M-2022-9,51,74,6,0.0003803486529318542,5638
M-2022-9,144,28,1,0.00038022813688212925,5639
M-2022-9,144,29,1,0.00038022813688212925,5640
M-2022-9,144,93,1,0.00038022813688212925,5641
M-2022-9,144,129,1,0.00038022813688212925,5642
M-2022-9,144,149,1,0.00038022813688212925,5643
M-2022-9,28,24,4,0.0003793266951161688,5644
M-2022-9,28,26,4,0.0003793266951161688,5645
M-2022-9,28,50,4,0.0003793266951161688,5646
M-2022-9,28,94,4,0.0003793266951161688,5647
M-2022-9,28,125,4,0.0003793266951161688,5648
M-2022-9,28,167,4,0.0003793266951161688,5649
M-2022-9,18,71,10,0.0003792763407418645,5650
M-2022-9,18,134,10,0.0003792763407418645,5651
M-2022-9,86,46,15,0.0003777005589968273,5652
M-2022-9,86,68,15,0.0003777005589968273,5653
M-2022-9,96,125,20,0.0003774724445115507,5654
M-2022-9,49,132,11,0.00037584993337205725,5655
M-2022-9,23,25,3,0.00037471896077941546,5656
M-2022-9,23,41,3,0.00037471896077941546,5657
M-2022-9,23,53,3,0.00037471896077941546,5658
M-2022-9,23,149,3,0.00037471896077941546,5659
M-2022-9,122,77,21,0.00037401820221917467,5660
M-2022-9,122,102,21,0.00037401820221917467,5661
M-2022-9,122,153,21,0.00037401820221917467,5662
M-2022-9,176,25,1,0.0003734129947722181,5663
M-2022-9,176,32,1,0.0003734129947722181,5664
M-2022-9,176,63,1,0.0003734129947722181,5665
M-2022-9,176,64,1,0.0003734129947722181,5666
M-2022-9,176,74,1,0.0003734129947722181,5667
M-2022-9,176,76,1,0.0003734129947722181,5668
M-2022-9,176,79,1,0.0003734129947722181,5669
M-2022-9,176,80,1,0.0003734129947722181,5670
M-2022-9,176,92,1,0.0003734129947722181,5671
M-2022-9,176,112,1,0.0003734129947722181,5672
M-2022-9,176,138,1,0.0003734129947722181,5673
M-2022-9,176,151,1,0.0003734129947722181,5674
M-2022-9,176,152,1,0.0003734129947722181,5675
M-2022-9,176,159,1,0.0003734129947722181,5676
M-2022-9,176,168,1,0.0003734129947722181,5677
M-2022-9,176,170,1,0.0003734129947722181,5678
M-2022-9,2,11,2,0.0003732736095558044,5679
M-2022-9,2,13,2,0.0003732736095558044,5680
M-2022-9,2,52,2,0.0003732736095558044,5681
M-2022-9,2,60,2,0.0003732736095558044,5682
M-2022-9,2,85,2,0.0003732736095558044,5683
M-2022-9,2,110,2,0.0003732736095558044,5684
M-2022-9,2,138,2,0.0003732736095558044,5685
M-2022-9,2,143,2,0.0003732736095558044,5686
M-2022-9,2,151,2,0.0003732736095558044,5687
M-2022-9,2,154,2,0.0003732736095558044,5688
M-2022-9,2,158,2,0.0003732736095558044,5689
M-2022-9,5,22,1,0.0003728560775540641,5690
M-2022-9,5,29,1,0.0003728560775540641,5691
M-2022-9,5,51,1,0.0003728560775540641,5692
M-2022-9,5,111,1,0.0003728560775540641,5693
M-2022-9,5,125,1,0.0003728560775540641,5694
M-2022-9,5,134,1,0.0003728560775540641,5695
M-2022-9,5,155,1,0.0003728560775540641,5696
M-2022-9,5,156,1,0.0003728560775540641,5697
M-2022-9,95,2,11,0.00037242686890574215,5698
M-2022-9,71,80,28,0.0003723948981898948,5699
M-2022-9,71,158,28,0.0003723948981898948,5700
M-2022-9,117,74,26,0.00037139673742250665,5701
M-2022-9,117,98,26,0.00037139673742250665,5702
M-2022-9,60,25,15,0.00037090153800504425,5703
M-2022-9,27,101,2,0.00037030179596371043,5704
M-2022-9,27,172,2,0.00037030179596371043,5705
M-2022-9,149,134,19,0.00037029818748781913,5706
M-2022-9,25,83,16,0.00036997641400360727,5707
M-2022-9,25,133,16,0.00036997641400360727,5708
M-2022-9,153,66,26,0.00036913990402362494,5709
M-2022-9,72,70,4,0.00036896965224610275,5710
M-2022-9,72,81,4,0.00036896965224610275,5711
M-2022-9,72,149,4,0.00036896965224610275,5712
M-2022-9,134,117,3,0.0003689129365469749,5713
M-2022-9,134,138,3,0.0003689129365469749,5714
M-2022-9,134,149,3,0.0003689129365469749,5715
M-2022-9,65,3,1,0.0003687315634218289,5716
M-2022-9,65,83,1,0.0003687315634218289,5717
M-2022-9,65,117,1,0.0003687315634218289,5718
M-2022-9,65,130,1,0.0003687315634218289,5719
M-2022-9,65,140,1,0.0003687315634218289,5720
M-2022-9,65,149,1,0.0003687315634218289,5721
M-2022-9,65,170,1,0.0003687315634218289,5722
M-2022-9,97,90,16,0.000368502268592091,5723
M-2022-9,132,2,6,0.0003655416108200317,5724
M-2022-9,132,11,6,0.0003655416108200317,5725
M-2022-9,132,153,6,0.0003655416108200317,5726
M-2022-9,83,87,9,0.00036545255207698867,5727
M-2022-9,83,94,9,0.00036545255207698867,5728
M-2022-9,136,62,7,0.00036441251496694256,5729
M-2022-9,136,72,7,0.00036441251496694256,5730
M-2022-9,136,129,7,0.00036441251496694256,5731
M-2022-9,136,160,7,0.00036441251496694256,5732
M-2022-9,46,80,4,0.00036426554958564794,5733
M-2022-9,46,125,4,0.00036426554958564794,5734
M-2022-9,46,130,4,0.00036426554958564794,5735
M-2022-9,46,151,4,0.00036426554958564794,5736
M-2022-9,67,10,1,0.0003627130939426913,5737
M-2022-9,67,12,1,0.0003627130939426913,5738
M-2022-9,67,42,1,0.0003627130939426913,5739
M-2022-9,67,51,1,0.0003627130939426913,5740
M-2022-9,67,54,1,0.0003627130939426913,5741
M-2022-9,67,71,1,0.0003627130939426913,5742
M-2022-9,67,96,1,0.0003627130939426913,5743
M-2022-9,67,108,1,0.0003627130939426913,5744
M-2022-9,67,132,1,0.0003627130939426913,5745
M-2022-9,67,139,1,0.0003627130939426913,5746
M-2022-9,67,147,1,0.0003627130939426913,5747
M-2022-9,67,172,1,0.0003627130939426913,5748
M-2022-9,124,61,8,0.00036263088708580755,5749
M-2022-9,124,160,8,0.00036263088708580755,5750
M-2022-9,93,11,11,0.00036225917997694717,5751
M-2022-9,93,28,11,0.00036225917997694717,5752
M-2022-9,93,82,11,0.00036225917997694717,5753
M-2022-9,156,14,9,0.00036089501964872884,5754
M-2022-9,156,17,9,0.00036089501964872884,5755
M-2022-9,156,22,9,0.00036089501964872884,5756
M-2022-9,156,23,9,0.00036089501964872884,5757
M-2022-9,156,86,9,0.00036089501964872884,5758
M-2022-9,71,81,27,0.00035909508039739857,5759
M-2022-9,96,12,19,0.0003585988222859731,5760
M-2022-9,146,18,2,0.0003575259206292456,5761
M-2022-9,146,54,2,0.0003575259206292456,5762
M-2022-9,146,68,2,0.0003575259206292456,5763
M-2022-9,146,93,2,0.0003575259206292456,5764
M-2022-9,146,117,2,0.0003575259206292456,5765
M-2022-9,146,132,2,0.0003575259206292456,5766
M-2022-9,146,168,2,0.0003575259206292456,5767
M-2022-9,77,143,13,0.00035747676401033933,5768
M-2022-9,117,1,25,0.000357112247521641,5769
M-2022-9,75,129,5,0.0003569134128060533,5770
M-2022-9,39,46,2,0.0003566333808844508,5771
M-2022-9,39,71,2,0.0003566333808844508,5772
M-2022-9,39,114,2,0.0003566333808844508,5773
M-2022-9,39,123,2,0.0003566333808844508,5774
M-2022-9,39,175,2,0.0003566333808844508,5775
M-2022-9,153,8,25,0.0003549422154073317,5776
M-2022-9,170,7,1,0.0003541076487252125,5777
M-2022-9,170,16,1,0.0003541076487252125,5778
M-2022-9,170,23,1,0.0003541076487252125,5779
M-2022-9,170,36,1,0.0003541076487252125,5780
M-2022-9,170,48,1,0.0003541076487252125,5781
M-2022-9,170,66,1,0.0003541076487252125,5782
M-2022-9,170,72,1,0.0003541076487252125,5783
M-2022-9,170,79,1,0.0003541076487252125,5784
M-2022-9,170,90,1,0.0003541076487252125,5785
M-2022-9,170,93,1,0.0003541076487252125,5786
M-2022-9,170,94,1,0.0003541076487252125,5787
M-2022-9,170,96,1,0.0003541076487252125,5788
M-2022-9,170,98,1,0.0003541076487252125,5789
M-2022-9,170,100,1,0.0003541076487252125,5790
M-2022-9,170,104,1,0.0003541076487252125,5791
M-2022-9,170,112,1,0.0003541076487252125,5792
M-2022-9,170,115,1,0.0003541076487252125,5793
M-2022-9,170,123,1,0.0003541076487252125,5794
M-2022-9,170,127,1,0.0003541076487252125,5795
M-2022-9,170,130,1,0.0003541076487252125,5796
M-2022-9,170,131,1,0.0003541076487252125,5797
M-2022-9,170,133,1,0.0003541076487252125,5798
M-2022-9,170,134,1,0.0003541076487252125,5799
M-2022-9,170,138,1,0.0003541076487252125,5800
M-2022-9,170,139,1,0.0003541076487252125,5801
M-2022-9,170,141,1,0.0003541076487252125,5802
M-2022-9,170,158,1,0.0003541076487252125,5803
M-2022-9,148,135,2,0.00035366931918656057,5804
M-2022-9,148,171,2,0.00035366931918656057,5805
M-2022-9,62,129,6,0.00035190615835777126,5806
M-2022-9,133,143,17,0.000351733840933543,5807
M-2022-9,79,117,4,0.00035106196243637,5808
M-2022-9,79,133,4,0.00035106196243637,5809
M-2022-9,149,16,18,0.00035080880919898655,5810
M-2022-9,149,45,18,0.00035080880919898655,5811
M-2022-9,29,62,10,0.0003506311360448808,5812
M-2022-9,29,103,10,0.0003506311360448808,5813
M-2022-9,29,143,10,0.0003506311360448808,5814
M-2022-9,84,2,1,0.0003485535029627048,5815
M-2022-9,84,28,1,0.0003485535029627048,5816
M-2022-9,84,52,1,0.0003485535029627048,5817
M-2022-9,84,55,1,0.0003485535029627048,5818
M-2022-9,84,58,1,0.0003485535029627048,5819
M-2022-9,84,86,1,0.0003485535029627048,5820
M-2022-9,84,90,1,0.0003485535029627048,5821
M-2022-9,84,100,1,0.0003485535029627048,5822
M-2022-9,84,101,1,0.0003485535029627048,5823
M-2022-9,84,108,1,0.0003485535029627048,5824
M-2022-9,84,114,1,0.0003485535029627048,5825
M-2022-9,84,118,1,0.0003485535029627048,5826
M-2022-9,84,130,1,0.0003485535029627048,5827
M-2022-9,84,137,1,0.0003485535029627048,5828
M-2022-9,84,150,1,0.0003485535029627048,5829
M-2022-9,84,151,1,0.0003485535029627048,5830
M-2022-9,78,76,9,0.0003482298316889147,5831
M-2022-9,138,22,8,0.0003480530780944094,5832
M-2022-9,138,87,8,0.0003480530780944094,5833
M-2022-9,138,171,8,0.0003480530780944094,5834
M-2022-9,102,83,14,0.00034785201381469424,5835
M-2022-9,102,100,14,0.00034785201381469424,5836
M-2022-9,157,12,1,0.00034746351633078526,5837
M-2022-9,157,20,1,0.00034746351633078526,5838
M-2022-9,157,21,1,0.00034746351633078526,5839
M-2022-9,157,36,1,0.00034746351633078526,5840
M-2022-9,157,86,1,0.00034746351633078526,5841
M-2022-9,157,102,1,0.00034746351633078526,5842
M-2022-9,157,108,1,0.00034746351633078526,5843
M-2022-9,157,110,1,0.00034746351633078526,5844
M-2022-9,157,130,1,0.00034746351633078526,5845
M-2022-9,157,171,1,0.00034746351633078526,5846
M-2022-9,61,10,6,0.00034730261634637646,5847
M-2022-9,61,17,6,0.00034730261634637646,5848
M-2022-9,61,146,6,0.00034730261634637646,5849
M-2022-9,25,50,15,0.0003468528881283818,5850
M-2022-9,60,71,14,0.000346174768804708,5851
M-2022-9,60,129,14,0.000346174768804708,5852
M-2022-9,60,146,14,0.000346174768804708,5853
M-2022-9,129,93,9,0.00034596755593142153,5854
M-2022-9,129,100,9,0.00034596755593142153,5855
M-2022-9,129,149,9,0.00034596755593142153,5856
M-2022-9,97,102,15,0.0003454708768050853,5857
M-2022-9,97,164,15,0.0003454708768050853,5858
M-2022-9,117,54,24,0.00034282775762077534,5859
M-2022-9,140,20,15,0.00034245793475034815,5860
M-2022-9,140,72,15,0.00034245793475034815,5861
M-2022-9,49,115,10,0.00034168175761096115,5862
M-2022-9,49,171,10,0.00034168175761096115,5863
M-2022-9,98,170,20,0.00034148340390657015,5864
M-2022-9,18,25,9,0.0003413487066676781,5865
M-2022-9,18,53,9,0.0003413487066676781,5866
M-2022-9,18,82,9,0.0003413487066676781,5867
M-2022-9,115,11,6,0.0003374388392103931,5868
M-2022-9,115,45,6,0.0003374388392103931,5869
M-2022-9,107,2,1,0.00033692722371967657,5870
M-2022-9,107,18,1,0.00033692722371967657,5871
M-2022-9,107,27,1,0.00033692722371967657,5872
M-2022-9,107,83,1,0.00033692722371967657,5873
M-2022-9,107,84,1,0.00033692722371967657,5874
M-2022-9,107,120,1,0.00033692722371967657,5875
M-2022-9,175,93,13,0.0003352416318531126,5876
M-2022-9,48,5,1,0.000333000333000333,5877
M-2022-9,48,96,1,0.000333000333000333,5878
M-2022-9,48,102,1,0.000333000333000333,5879
M-2022-9,48,170,1,0.000333000333000333,5880
M-2022-9,71,149,25,0.00033249544481240607,5881
M-2022-9,149,51,17,0.00033131943091015397,5882
M-2022-9,123,82,3,0.0003301419610432486,5883
M-2022-9,123,149,3,0.0003301419610432486,5884
M-2022-9,77,158,12,0.00032997855139415937,5885
M-2022-9,172,8,3,0.00032977904803781465,5886
M-2022-9,172,14,3,0.00032977904803781465,5887
M-2022-9,172,17,3,0.00032977904803781465,5888
M-2022-9,172,28,3,0.00032977904803781465,5889
M-2022-9,172,29,3,0.00032977904803781465,5890
M-2022-9,172,52,3,0.00032977904803781465,5891
M-2022-9,172,77,3,0.00032977904803781465,5892
M-2022-9,172,87,3,0.00032977904803781465,5893
M-2022-9,172,151,3,0.00032977904803781465,5894
M-2022-9,172,152,3,0.00032977904803781465,5895
M-2022-9,172,160,3,0.00032977904803781465,5896
M-2022-9,135,16,1,0.0003289473684210526,5897
M-2022-9,135,23,1,0.0003289473684210526,5898
M-2022-9,135,32,1,0.0003289473684210526,5899
M-2022-9,135,39,1,0.0003289473684210526,5900
M-2022-9,135,60,1,0.0003289473684210526,5901
M-2022-9,135,72,1,0.0003289473684210526,5902
M-2022-9,135,97,1,0.0003289473684210526,5903
M-2022-9,135,122,1,0.0003289473684210526,5904
M-2022-9,135,129,1,0.0003289473684210526,5905
M-2022-9,135,130,1,0.0003289473684210526,5906
M-2022-9,135,131,1,0.0003289473684210526,5907
M-2022-9,135,138,1,0.0003289473684210526,5908
M-2022-9,135,143,1,0.0003289473684210526,5909
M-2022-9,117,59,23,0.0003285432677199097,5910
M-2022-9,117,108,23,0.0003285432677199097,5911
M-2022-9,86,75,13,0.00032734048446391703,5912
M-2022-9,86,112,13,0.00032734048446391703,5913
M-2022-9,73,117,5,0.0003273322422258593,5914
M-2022-9,153,74,23,0.00032654683817474515,5915
M-2022-9,83,68,8,0.0003248467129573233,5916
M-2022-9,83,93,8,0.0003248467129573233,5917
M-2022-9,83,122,8,0.0003248467129573233,5918
M-2022-9,25,91,14,0.0003237293622531564,5919
M-2022-9,142,136,9,0.00032314818139384584,5920
M-2022-9,60,17,13,0.0003214479996043717,5921
M-2022-9,60,168,13,0.0003214479996043717,5922
M-2022-9,119,19,1,0.0003208213025344883,5923
M-2022-9,119,28,1,0.0003208213025344883,5924
M-2022-9,119,31,1,0.0003208213025344883,5925
M-2022-9,119,46,1,0.0003208213025344883,5926
M-2022-9,119,62,1,0.0003208213025344883,5927
M-2022-9,119,68,1,0.0003208213025344883,5928
M-2022-9,119,72,1,0.0003208213025344883,5929
M-2022-9,119,76,1,0.0003208213025344883,5930
M-2022-9,119,85,1,0.0003208213025344883,5931
M-2022-9,119,95,1,0.0003208213025344883,5932
M-2022-9,119,96,1,0.0003208213025344883,5933
M-2022-9,119,125,1,0.0003208213025344883,5934
M-2022-9,119,149,1,0.0003208213025344883,5935
M-2022-9,119,153,1,0.0003208213025344883,5936
M-2022-9,119,155,1,0.0003208213025344883,5937
M-2022-9,119,159,1,0.0003208213025344883,5938
M-2022-9,119,174,1,0.0003208213025344883,5939
M-2022-9,156,49,8,0.0003207955730210923,5940
M-2022-9,156,157,8,0.0003207955730210923,5941
M-2022-9,122,76,18,0.0003205870304735783,5942
M-2022-9,140,22,14,0.00031962740576699163,5943
M-2022-9,140,176,14,0.00031962740576699163,5944
M-2022-9,124,11,7,0.0003173020262000816,5945
M-2022-9,124,137,7,0.0003173020262000816,5946
M-2022-9,124,158,7,0.0003173020262000816,5947
M-2022-9,124,176,7,0.0003173020262000816,5948
M-2022-9,51,62,5,0.0003169572107765452,5949
M-2022-9,51,96,5,0.0003169572107765452,5950
M-2022-9,51,101,5,0.0003169572107765452,5951
M-2022-9,51,129,5,0.0003169572107765452,5952
M-2022-9,51,168,5,0.0003169572107765452,5953
M-2022-9,29,77,9,0.0003155680224403927,5954
M-2022-9,29,112,9,0.0003155680224403927,5955
M-2022-9,29,134,9,0.0003155680224403927,5956
M-2022-9,165,4,2,0.000314911037631869,5957
M-2022-9,165,28,2,0.000314911037631869,5958
M-2022-9,165,47,2,0.000314911037631869,5959
M-2022-9,165,55,2,0.000314911037631869,5960
M-2022-9,165,86,2,0.000314911037631869,5961
M-2022-9,117,52,22,0.0003142587778190441,5962
M-2022-9,117,123,22,0.0003142587778190441,5963
M-2022-9,168,2,2,0.0003139224611520954,5964
M-2022-9,168,10,2,0.0003139224611520954,5965
M-2022-9,168,24,2,0.0003139224611520954,5966
M-2022-9,168,36,2,0.0003139224611520954,5967
M-2022-9,168,42,2,0.0003139224611520954,5968
M-2022-9,168,45,2,0.0003139224611520954,5969
M-2022-9,168,61,2,0.0003139224611520954,5970
M-2022-9,168,66,2,0.0003139224611520954,5971
M-2022-9,168,69,2,0.0003139224611520954,5972
M-2022-9,168,71,2,0.0003139224611520954,5973
M-2022-9,168,88,2,0.0003139224611520954,5974
M-2022-9,168,91,2,0.0003139224611520954,5975
M-2022-9,168,96,2,0.0003139224611520954,5976
M-2022-9,168,104,2,0.0003139224611520954,5977
M-2022-9,168,140,2,0.0003139224611520954,5978
M-2022-9,136,41,6,0.00031235358425737937,5979
M-2022-9,153,10,22,0.0003123491495584519,5980
M-2022-9,149,60,16,0.0003118300526213214,5981
M-2022-9,99,82,7,0.0003114294612270321,5982
M-2022-9,99,97,7,0.0003114294612270321,5983
M-2022-9,99,143,7,0.0003114294612270321,5984
M-2022-9,99,175,7,0.0003114294612270321,5985
M-2022-9,24,75,3,0.00031139713514635666,5986
M-2022-9,24,131,3,0.00031139713514635666,5987
M-2022-9,24,135,3,0.00031139713514635666,5988
M-2022-9,24,149,3,0.00031139713514635666,5989
M-2022-9,24,171,3,0.00031139713514635666,5990
M-2022-9,24,175,3,0.00031139713514635666,5991
M-2022-9,158,1,3,0.0003097893432465923,5992
M-2022-9,158,13,3,0.0003097893432465923,5993
M-2022-9,158,26,3,0.0003097893432465923,5994
M-2022-9,158,30,3,0.0003097893432465923,5995
M-2022-9,158,60,3,0.0003097893432465923,5996
M-2022-9,158,91,3,0.0003097893432465923,5997
M-2022-9,158,95,3,0.0003097893432465923,5998
M-2022-9,158,133,3,0.0003097893432465923,5999
M-2022-9,158,135,3,0.0003097893432465923,6000
M-2022-9,158,151,3,0.0003097893432465923,6001
M-2022-9,78,81,8,0.00030953762816792417,6002
M-2022-9,175,110,12,0.00030945381401825775,6003
M-2022-9,175,135,12,0.00030945381401825775,6004
M-2022-9,19,131,6,0.0003081822384303251,6005
M-2022-9,19,148,6,0.0003081822384303251,6006
M-2022-9,129,132,8,0.0003075267163834858,6007
M-2022-9,49,151,9,0.00030751358184986504,6008
M-2022-9,49,156,9,0.00030751358184986504,6009
M-2022-9,87,2,2,0.00030679552078539653,6010
M-2022-9,87,12,2,0.00030679552078539653,6011
M-2022-9,87,29,2,0.00030679552078539653,6012
M-2022-9,87,32,2,0.00030679552078539653,6013
M-2022-9,87,52,2,0.00030679552078539653,6014
M-2022-9,87,83,2,0.00030679552078539653,6015
M-2022-9,87,86,2,0.00030679552078539653,6016
M-2022-9,87,90,2,0.00030679552078539653,6017
M-2022-9,87,101,2,0.00030679552078539653,6018
M-2022-9,87,129,2,0.00030679552078539653,6019
M-2022-9,87,138,2,0.00030679552078539653,6020
M-2022-9,87,153,2,0.00030679552078539653,6021
M-2022-9,131,90,8,0.0003064077521161285,6022
M-2022-9,131,153,8,0.0003064077521161285,6023
M-2022-9,131,160,8,0.0003064077521161285,6024
M-2022-9,71,99,23,0.0003058958092274136,6025
M-2022-9,132,61,5,0.0003046180090166931,6026
M-2022-9,132,117,5,0.0003046180090166931,6027
M-2022-9,138,49,7,0.00030454644333260825,6028
M-2022-9,138,68,7,0.00030454644333260825,6029
M-2022-9,138,153,7,0.00030454644333260825,6030
M-2022-9,138,176,7,0.00030454644333260825,6031
M-2022-9,18,122,8,0.0003034210725934916,6032
M-2022-9,18,124,8,0.0003034210725934916,6033
M-2022-9,18,155,8,0.0003034210725934916,6034
M-2022-9,122,17,17,0.00030277663989171285,6035
M-2022-9,122,93,17,0.00030277663989171285,6036
M-2022-9,122,110,17,0.00030277663989171285,6037
M-2022-9,122,163,17,0.00030277663989171285,6038
M-2022-9,77,73,11,0.00030248033877797946,6039
M-2022-9,12,13,1,0.0003023888720895071,6040
M-2022-9,12,62,1,0.0003023888720895071,6041
M-2022-9,12,105,1,0.0003023888720895071,6042
M-2022-9,12,117,1,0.0003023888720895071,6043
M-2022-9,12,122,1,0.0003023888720895071,6044
M-2022-9,12,124,1,0.0003023888720895071,6045
M-2022-9,12,140,1,0.0003023888720895071,6046
M-2022-9,12,148,1,0.0003023888720895071,6047
M-2022-9,12,166,1,0.0003023888720895071,6048
M-2022-9,86,29,12,0.00030216044719746184,6049
M-2022-9,25,155,13,0.0003006058363779309,6050
M-2022-9,117,105,21,0.00029997428791817845,6051
M-2022-9,173,14,1,0.00029967036260113877,6052
M-2022-9,173,21,1,0.00029967036260113877,6053
M-2022-9,173,24,1,0.00029967036260113877,6054
M-2022-9,173,25,1,0.00029967036260113877,6055
M-2022-9,173,50,1,0.00029967036260113877,6056
M-2022-9,173,73,1,0.00029967036260113877,6057
M-2022-9,173,140,1,0.00029967036260113877,6058
M-2022-9,173,149,1,0.00029967036260113877,6059
M-2022-9,173,155,1,0.00029967036260113877,6060
M-2022-9,173,164,1,0.00029967036260113877,6061
M-2022-9,153,39,21,0.0002981514609421586,6062
M-2022-9,153,70,21,0.0002981514609421586,6063
M-2022-9,140,28,13,0.00029679687678363506,6064
M-2022-9,63,24,3,0.0002967359050445104,6065
M-2022-9,63,108,3,0.0002967359050445104,6066
M-2022-9,63,154,3,0.0002967359050445104,6067
M-2022-9,60,1,12,0.00029672123040403543,6068
M-2022-9,93,19,9,0.0002963938745265931,6069
M-2022-9,93,88,9,0.0002963938745265931,6070
M-2022-9,93,139,9,0.0002963938745265931,6071
M-2022-9,17,51,3,0.0002959163543105149,6072
M-2022-9,17,82,3,0.0002959163543105149,6073
M-2022-9,17,128,3,0.0002959163543105149,6074
M-2022-9,17,136,3,0.0002959163543105149,6075
M-2022-9,17,154,3,0.0002959163543105149,6076
M-2022-9,17,157,3,0.0002959163543105149,6077
M-2022-9,17,160,3,0.0002959163543105149,6078
M-2022-9,62,28,5,0.0002932551319648094,6079
M-2022-9,62,71,5,0.0002932551319648094,6080
M-2022-9,149,77,15,0.0002923406743324888,6081
M-2022-9,149,129,15,0.0002923406743324888,6082
M-2022-9,143,0,1,0.0002914602156805596,6083
M-2022-9,143,8,1,0.0002914602156805596,6084
M-2022-9,143,11,1,0.0002914602156805596,6085
M-2022-9,143,17,1,0.0002914602156805596,6086
M-2022-9,143,21,1,0.0002914602156805596,6087
M-2022-9,143,32,1,0.0002914602156805596,6088
M-2022-9,143,39,1,0.0002914602156805596,6089
M-2022-9,143,45,1,0.0002914602156805596,6090
M-2022-9,143,50,1,0.0002914602156805596,6091
M-2022-9,143,68,1,0.0002914602156805596,6092
M-2022-9,143,72,1,0.0002914602156805596,6093
M-2022-9,143,79,1,0.0002914602156805596,6094
M-2022-9,143,89,1,0.0002914602156805596,6095
M-2022-9,143,90,1,0.0002914602156805596,6096
M-2022-9,143,92,1,0.0002914602156805596,6097
M-2022-9,143,101,1,0.0002914602156805596,6098
M-2022-9,143,102,1,0.0002914602156805596,6099
M-2022-9,143,104,1,0.0002914602156805596,6100
M-2022-9,143,105,1,0.0002914602156805596,6101
M-2022-9,143,116,1,0.0002914602156805596,6102
M-2022-9,143,123,1,0.0002914602156805596,6103
M-2022-9,143,124,1,0.0002914602156805596,6104
M-2022-9,143,138,1,0.0002914602156805596,6105
M-2022-9,143,141,1,0.0002914602156805596,6106
M-2022-9,143,148,1,0.0002914602156805596,6107
M-2022-9,143,160,1,0.0002914602156805596,6108
M-2022-9,143,166,1,0.0002914602156805596,6109
M-2022-9,143,172,1,0.0002914602156805596,6110
M-2022-9,143,174,1,0.0002914602156805596,6111
M-2022-9,133,29,14,0.0002896631631217413,6112
M-2022-9,133,86,14,0.0002896631631217413,6113
M-2022-9,61,12,5,0.0002894188469553137,6114
M-2022-9,61,51,5,0.0002894188469553137,6115
M-2022-9,61,128,5,0.0002894188469553137,6116
M-2022-9,61,138,5,0.0002894188469553137,6117
M-2022-9,108,73,2,0.0002893099956603501,6118
M-2022-9,108,86,2,0.0002893099956603501,6119
M-2022-9,108,87,2,0.0002893099956603501,6120
M-2022-9,108,93,2,0.0002893099956603501,6121
M-2022-9,108,122,2,0.0002893099956603501,6122
M-2022-9,108,171,2,0.0002893099956603501,6123
M-2022-9,142,74,8,0.00028724282790564074,6124
M-2022-9,142,76,8,0.00028724282790564074,6125
M-2022-9,142,93,8,0.00028724282790564074,6126
M-2022-9,66,8,1,0.0002871088142405972,6127
M-2022-9,66,11,1,0.0002871088142405972,6128
M-2022-9,66,16,1,0.0002871088142405972,6129
M-2022-9,66,21,1,0.0002871088142405972,6130
M-2022-9,66,24,1,0.0002871088142405972,6131
M-2022-9,66,78,1,0.0002871088142405972,6132
M-2022-9,66,88,1,0.0002871088142405972,6133
M-2022-9,66,106,1,0.0002871088142405972,6134
M-2022-9,66,116,1,0.0002871088142405972,6135
M-2022-9,66,122,1,0.0002871088142405972,6136
M-2022-9,66,147,1,0.0002871088142405972,6137
M-2022-9,66,154,1,0.0002871088142405972,6138
M-2022-9,66,157,1,0.0002871088142405972,6139
M-2022-9,66,170,1,0.0002871088142405972,6140
M-2022-9,66,173,1,0.0002871088142405972,6141
M-2022-9,66,175,1,0.0002871088142405972,6142
M-2022-9,64,9,1,0.000286286859433152,6143
M-2022-9,64,10,1,0.000286286859433152,6144
M-2022-9,64,36,1,0.000286286859433152,6145
M-2022-9,64,60,1,0.000286286859433152,6146
M-2022-9,64,88,1,0.000286286859433152,6147
M-2022-9,64,89,1,0.000286286859433152,6148
M-2022-9,64,104,1,0.000286286859433152,6149
M-2022-9,64,112,1,0.000286286859433152,6150
M-2022-9,64,114,1,0.000286286859433152,6151
M-2022-9,64,123,1,0.000286286859433152,6152
M-2022-9,64,124,1,0.000286286859433152,6153
M-2022-9,64,129,1,0.000286286859433152,6154
M-2022-9,64,134,1,0.000286286859433152,6155
M-2022-9,64,138,1,0.000286286859433152,6156
M-2022-9,64,151,1,0.000286286859433152,6157
M-2022-9,64,153,1,0.000286286859433152,6158
M-2022-9,64,161,1,0.000286286859433152,6159
M-2022-9,64,166,1,0.000286286859433152,6160
M-2022-9,64,171,1,0.000286286859433152,6161
M-2022-9,117,141,20,0.0002856897980173128,6162
M-2022-9,75,61,4,0.0002855307302448426,6163
M-2022-9,75,131,4,0.0002855307302448426,6164
M-2022-9,75,137,4,0.0002855307302448426,6165
M-2022-9,122,105,16,0.00028496624930984734,6166
M-2022-9,56,48,3,0.0002847110183164088,6167
M-2022-9,28,53,3,0.0002844950213371266,6168
M-2022-9,28,72,3,0.0002844950213371266,6169
M-2022-9,28,81,3,0.0002844950213371266,6170
M-2022-9,28,85,3,0.0002844950213371266,6171
M-2022-9,28,101,3,0.0002844950213371266,6172
M-2022-9,28,169,3,0.0002844950213371266,6173
M-2022-9,83,154,7,0.00028424087383765783,6174
M-2022-9,153,154,20,0.00028395377232586535,6175
M-2022-9,96,53,15,0.00028310433338366297,6176
M-2022-9,96,166,15,0.00028310433338366297,6177
M-2022-9,115,69,5,0.0002811990326753276,6178
M-2022-9,115,116,5,0.0002811990326753276,6179
M-2022-9,115,168,5,0.0002811990326753276,6180
M-2022-9,53,41,2,0.0002810172825628776,6181
M-2022-9,53,47,2,0.0002810172825628776,6182
M-2022-9,53,97,2,0.0002810172825628776,6183
M-2022-9,53,109,2,0.0002810172825628776,6184
M-2022-9,53,127,2,0.0002810172825628776,6185
M-2022-9,53,138,2,0.0002810172825628776,6186
M-2022-9,53,150,2,0.0002810172825628776,6187
M-2022-9,156,10,7,0.00028069612639345574,6188
M-2022-9,156,67,7,0.00028069612639345574,6189
M-2022-9,156,78,7,0.00028069612639345574,6190
M-2022-9,156,111,7,0.00028069612639345574,6191
M-2022-9,156,125,7,0.00028069612639345574,6192
M-2022-9,156,166,7,0.00028069612639345574,6193
M-2022-9,74,14,1,0.000280662363177098,6194
M-2022-9,74,15,1,0.000280662363177098,6195
M-2022-9,74,62,1,0.000280662363177098,6196
M-2022-9,74,68,1,0.000280662363177098,6197
M-2022-9,74,85,1,0.000280662363177098,6198
M-2022-9,74,90,1,0.000280662363177098,6199
M-2022-9,74,95,1,0.000280662363177098,6200
M-2022-9,74,99,1,0.000280662363177098,6201
M-2022-9,74,111,1,0.000280662363177098,6202
M-2022-9,74,129,1,0.000280662363177098,6203
M-2022-9,74,130,1,0.000280662363177098,6204
M-2022-9,74,133,1,0.000280662363177098,6205
M-2022-9,74,135,1,0.000280662363177098,6206
M-2022-9,74,139,1,0.000280662363177098,6207
M-2022-9,74,158,1,0.000280662363177098,6208
M-2022-9,29,64,8,0.00028050490883590464,6209
M-2022-9,71,122,21,0.0002792961736424211,6210
M-2022-9,155,15,2,0.00027804810232170165,6211
M-2022-9,155,24,2,0.00027804810232170165,6212
M-2022-9,155,36,2,0.00027804810232170165,6213
M-2022-9,155,39,2,0.00027804810232170165,6214
M-2022-9,155,41,2,0.00027804810232170165,6215
M-2022-9,155,66,2,0.00027804810232170165,6216
M-2022-9,155,76,2,0.00027804810232170165,6217
M-2022-9,155,90,2,0.00027804810232170165,6218
M-2022-9,155,92,2,0.00027804810232170165,6219
M-2022-9,155,100,2,0.00027804810232170165,6220
M-2022-9,155,115,2,0.00027804810232170165,6221
M-2022-9,155,127,2,0.00027804810232170165,6222
M-2022-9,155,165,2,0.00027804810232170165,6223
M-2022-9,155,170,2,0.00027804810232170165,6224
M-2022-9,91,3,1,0.000277623542476402,6225
M-2022-9,91,4,1,0.000277623542476402,6226
M-2022-9,91,19,1,0.000277623542476402,6227
M-2022-9,91,47,1,0.000277623542476402,6228
M-2022-9,91,51,1,0.000277623542476402,6229
M-2022-9,91,74,1,0.000277623542476402,6230
M-2022-9,91,86,1,0.000277623542476402,6231
M-2022-9,91,87,1,0.000277623542476402,6232
M-2022-9,91,110,1,0.000277623542476402,6233
M-2022-9,91,111,1,0.000277623542476402,6234
M-2022-9,91,131,1,0.000277623542476402,6235
M-2022-9,91,140,1,0.000277623542476402,6236
M-2022-9,91,156,1,0.000277623542476402,6237
M-2022-9,91,158,1,0.000277623542476402,6238
M-2022-9,91,165,1,0.000277623542476402,6239
M-2022-9,91,170,1,0.000277623542476402,6240
M-2022-9,25,132,12,0.0002774823105027054,6241
M-2022-9,31,2,1,0.0002770850651149903,6242
M-2022-9,31,13,1,0.0002770850651149903,6243
M-2022-9,31,49,1,0.0002770850651149903,6244
M-2022-9,31,68,1,0.0002770850651149903,6245
M-2022-9,31,75,1,0.0002770850651149903,6246
M-2022-9,31,83,1,0.0002770850651149903,6247
M-2022-9,31,98,1,0.0002770850651149903,6248
M-2022-9,31,99,1,0.0002770850651149903,6249
M-2022-9,31,122,1,0.0002770850651149903,6250
M-2022-9,31,137,1,0.0002770850651149903,6251
M-2022-9,31,153,1,0.0002770850651149903,6252
M-2022-9,31,155,1,0.0002770850651149903,6253
M-2022-9,31,159,1,0.0002770850651149903,6254
M-2022-9,31,163,1,0.0002770850651149903,6255
M-2022-9,72,96,3,0.0002767272391845771,6256
M-2022-9,72,176,3,0.0002767272391845771,6257
M-2022-9,97,2,12,0.00027637670144406825,6258
M-2022-9,116,0,1,0.00027412280701754384,6259
M-2022-9,116,1,1,0.00027412280701754384,6260
M-2022-9,116,8,1,0.00027412280701754384,6261
M-2022-9,116,13,1,0.00027412280701754384,6262
M-2022-9,116,39,1,0.00027412280701754384,6263
M-2022-9,116,46,1,0.00027412280701754384,6264
M-2022-9,116,51,1,0.00027412280701754384,6265
M-2022-9,116,53,1,0.00027412280701754384,6266
M-2022-9,116,59,1,0.00027412280701754384,6267
M-2022-9,116,76,1,0.00027412280701754384,6268
M-2022-9,116,89,1,0.00027412280701754384,6269
M-2022-9,116,99,1,0.00027412280701754384,6270
M-2022-9,116,106,1,0.00027412280701754384,6271
M-2022-9,116,110,1,0.00027412280701754384,6272
M-2022-9,116,134,1,0.00027412280701754384,6273
M-2022-9,116,139,1,0.00027412280701754384,6274
M-2022-9,116,160,1,0.00027412280701754384,6275
M-2022-9,116,171,1,0.00027412280701754384,6276
M-2022-9,49,12,8,0.00027334540608876893,6277
M-2022-9,49,50,8,0.00027334540608876893,6278
M-2022-9,49,149,8,0.00027334540608876893,6279
M-2022-9,46,15,3,0.00027319916218923596,6280
M-2022-9,46,24,3,0.00027319916218923596,6281
M-2022-9,46,25,3,0.00027319916218923596,6282
M-2022-9,46,50,3,0.00027319916218923596,6283
M-2022-9,46,51,3,0.00027319916218923596,6284
M-2022-9,46,54,3,0.00027319916218923596,6285
M-2022-9,46,71,3,0.00027319916218923596,6286
M-2022-9,46,76,3,0.00027319916218923596,6287
M-2022-9,46,87,3,0.00027319916218923596,6288
M-2022-9,46,88,3,0.00027319916218923596,6289
M-2022-9,46,100,3,0.00027319916218923596,6290
M-2022-9,46,115,3,0.00027319916218923596,6291
M-2022-9,46,132,3,0.00027319916218923596,6292
M-2022-9,46,163,3,0.00027319916218923596,6293
M-2022-9,149,68,14,0.00027285129604365623,6294
M-2022-9,149,76,14,0.00027285129604365623,6295
M-2022-9,82,96,10,0.0002725018393874159,6296
M-2022-9,82,130,10,0.0002725018393874159,6297
M-2022-9,60,28,11,0.0002719944612036991,6298
M-2022-9,60,175,11,0.0002719944612036991,6299
M-2022-9,124,97,6,0.00027197316531435564,6300
M-2022-9,124,172,6,0.00027197316531435564,6301
M-2022-9,117,139,19,0.0002714053081164472,6302
M-2022-9,117,158,19,0.0002714053081164472,6303
M-2022-9,50,2,2,0.0002703433360367667,6304
M-2022-9,50,101,2,0.0002703433360367667,6305
M-2022-9,50,123,2,0.0002703433360367667,6306
M-2022-9,50,153,2,0.0002703433360367667,6307
M-2022-9,50,164,2,0.0002703433360367667,6308
M-2022-9,153,31,19,0.0002697560837095721,6309
M-2022-9,153,36,19,0.0002697560837095721,6310
M-2022-9,153,138,19,0.0002697560837095721,6311
M-2022-9,129,18,7,0.0002690858768355501,6312
M-2022-9,133,77,13,0.00026897293718447404,6313
M-2022-9,1,15,1,0.00026881720430107527,6314
M-2022-9,1,34,1,0.00026881720430107527,6315
M-2022-9,1,43,1,0.00026881720430107527,6316
M-2022-9,1,44,1,0.00026881720430107527,6317
M-2022-9,1,51,1,0.00026881720430107527,6318
M-2022-9,1,61,1,0.00026881720430107527,6319
M-2022-9,1,66,1,0.00026881720430107527,6320
M-2022-9,1,70,1,0.00026881720430107527,6321
M-2022-9,1,75,1,0.00026881720430107527,6322
M-2022-9,1,77,1,0.00026881720430107527,6323
M-2022-9,1,86,1,0.00026881720430107527,6324
M-2022-9,1,95,1,0.00026881720430107527,6325
M-2022-9,1,105,1,0.00026881720430107527,6326
M-2022-9,1,111,1,0.00026881720430107527,6327
M-2022-9,1,115,1,0.00026881720430107527,6328
M-2022-9,1,123,1,0.00026881720430107527,6329
M-2022-9,1,127,1,0.00026881720430107527,6330
M-2022-9,1,128,1,0.00026881720430107527,6331
M-2022-9,1,134,1,0.00026881720430107527,6332
M-2022-9,1,138,1,0.00026881720430107527,6333
M-2022-9,1,158,1,0.00026881720430107527,6334
M-2022-9,1,163,1,0.00026881720430107527,6335
M-2022-9,131,41,7,0.00026810678310161247,6336
M-2022-9,14,3,2,0.0002675943270002676,6337
M-2022-9,14,26,2,0.0002675943270002676,6338
M-2022-9,14,29,2,0.0002675943270002676,6339
M-2022-9,14,66,2,0.0002675943270002676,6340
M-2022-9,14,72,2,0.0002675943270002676,6341
M-2022-9,14,79,2,0.0002675943270002676,6342
M-2022-9,14,81,2,0.0002675943270002676,6343
M-2022-9,14,85,2,0.0002675943270002676,6344
M-2022-9,14,95,2,0.0002675943270002676,6345
M-2022-9,14,113,2,0.0002675943270002676,6346
M-2022-9,14,115,2,0.0002675943270002676,6347
M-2022-9,14,159,2,0.0002675943270002676,6348
M-2022-9,122,49,15,0.0002671558587279819,6349
M-2022-9,122,97,15,0.0002671558587279819,6350
M-2022-9,99,17,6,0.0002669395381945989,6351
M-2022-9,99,110,6,0.0002669395381945989,6352
M-2022-9,18,2,7,0.0002654934385193052,6353
M-2022-9,18,49,7,0.0002654934385193052,6354
M-2022-9,18,172,7,0.0002654934385193052,6355
M-2022-9,96,71,14,0.00026423071115808545,6356
M-2022-9,93,23,8,0.0002634612218014161,6357
M-2022-9,93,68,8,0.0002634612218014161,6358
M-2022-9,93,71,8,0.0002634612218014161,6359
M-2022-9,93,160,8,0.0002634612218014161,6360
M-2022-9,93,176,8,0.0002634612218014161,6361
M-2022-9,79,81,3,0.0002632964718272775,6362
M-2022-9,79,130,3,0.0002632964718272775,6363
M-2022-9,79,149,3,0.0002632964718272775,6364
M-2022-9,73,79,4,0.0002618657937806874,6365
M-2022-9,138,60,6,0.00026103980857080706,6366
M-2022-9,138,111,6,0.00026103980857080706,6367
M-2022-9,138,127,6,0.00026103980857080706,6368
M-2022-9,138,164,6,0.00026103980857080706,6369
M-2022-9,81,14,1,0.00026096033402922753,6370
M-2022-9,81,25,1,0.00026096033402922753,6371
M-2022-9,81,32,1,0.00026096033402922753,6372
M-2022-9,81,72,1,0.00026096033402922753,6373
M-2022-9,81,76,1,0.00026096033402922753,6374
M-2022-9,81,139,1,0.00026096033402922753,6375
M-2022-9,81,142,1,0.00026096033402922753,6376
M-2022-9,136,26,5,0.0002602946535478161,6377
M-2022-9,175,18,10,0.00025787817834854813,6378
M-2022-9,175,32,10,0.00025787817834854813,6379
M-2022-9,175,122,10,0.00025787817834854813,6380
M-2022-9,175,149,10,0.00025787817834854813,6381
M-2022-9,175,176,10,0.00025787817834854813,6382
M-2022-9,117,12,18,0.0002571208182155815,6383
M-2022-9,19,16,5,0.0002568185320252709,6384
M-2022-9,19,22,5,0.0002568185320252709,6385
M-2022-9,19,72,5,0.0002568185320252709,6386
M-2022-9,19,91,5,0.0002568185320252709,6387
M-2022-9,19,157,5,0.0002568185320252709,6388
M-2022-9,153,13,18,0.0002555583950932788,6389
M-2022-9,153,45,18,0.0002555583950932788,6390
M-2022-9,153,126,18,0.0002555583950932788,6391
M-2022-9,153,147,18,0.0002555583950932788,6392
M-2022-9,171,3,2,0.0002555583950932788,6393
M-2022-9,171,29,2,0.0002555583950932788,6394
M-2022-9,171,43,2,0.0002555583950932788,6395
M-2022-9,171,53,2,0.0002555583950932788,6396
M-2022-9,171,66,2,0.0002555583950932788,6397
M-2022-9,171,75,2,0.0002555583950932788,6398
M-2022-9,171,127,2,0.0002555583950932788,6399
M-2022-9,171,129,2,0.0002555583950932788,6400
M-2022-9,171,148,2,0.0002555583950932788,6401
M-2022-9,100,138,7,0.0002549255253286718,6402
M-2022-9,25,61,11,0.00025435878462748,6403
M-2022-9,25,168,11,0.00025435878462748,6404
M-2022-9,51,8,4,0.00025356576862123613,6405
M-2022-9,51,46,4,0.00025356576862123613,6406
M-2022-9,51,55,4,0.00025356576862123613,6407
M-2022-9,51,91,4,0.00025356576862123613,6408
M-2022-9,51,171,4,0.00025356576862123613,6409
M-2022-9,149,164,13,0.0002533619177548236,6410
M-2022-9,71,28,19,0.0002526965380574286,6411
M-2022-9,71,118,19,0.0002526965380574286,6412
M-2022-9,71,133,19,0.0002526965380574286,6413
M-2022-9,71,156,19,0.0002526965380574286,6414
M-2022-9,110,2,1,0.00025207965717166626,6415
M-2022-9,110,39,1,0.00025207965717166626,6416
M-2022-9,110,42,1,0.00025207965717166626,6417
M-2022-9,110,45,1,0.00025207965717166626,6418
M-2022-9,110,51,1,0.00025207965717166626,6419
M-2022-9,110,53,1,0.00025207965717166626,6420
M-2022-9,110,54,1,0.00025207965717166626,6421
M-2022-9,110,63,1,0.00025207965717166626,6422
M-2022-9,110,68,1,0.00025207965717166626,6423
M-2022-9,110,71,1,0.00025207965717166626,6424
M-2022-9,110,85,1,0.00025207965717166626,6425
M-2022-9,110,90,1,0.00025207965717166626,6426
M-2022-9,110,95,1,0.00025207965717166626,6427
M-2022-9,110,96,1,0.00025207965717166626,6428
M-2022-9,110,99,1,0.00025207965717166626,6429
M-2022-9,110,104,1,0.00025207965717166626,6430
M-2022-9,110,124,1,0.00025207965717166626,6431
M-2022-9,110,132,1,0.00025207965717166626,6432
M-2022-9,110,134,1,0.00025207965717166626,6433
M-2022-9,110,136,1,0.00025207965717166626,6434
M-2022-9,110,138,1,0.00025207965717166626,6435
M-2022-9,110,143,1,0.00025207965717166626,6436
M-2022-9,110,151,1,0.00025207965717166626,6437
M-2022-9,110,159,1,0.00025207965717166626,6438
M-2022-9,86,111,10,0.00025180037266455156,6439
M-2022-9,86,136,10,0.00025180037266455156,6440
M-2022-9,142,50,7,0.00025133747441743564,6441
M-2022-9,142,60,7,0.00025133747441743564,6442
M-2022-9,142,143,7,0.00025133747441743564,6443
M-2022-9,142,149,7,0.00025133747441743564,6444
M-2022-9,140,25,11,0.00025113581881692197,6445
M-2022-9,23,28,2,0.0002498126405196103,6446
M-2022-9,23,43,2,0.0002498126405196103,6447
M-2022-9,23,82,2,0.0002498126405196103,6448
M-2022-9,23,122,2,0.0002498126405196103,6449
M-2022-9,23,124,2,0.0002498126405196103,6450
M-2022-9,23,129,2,0.0002498126405196103,6451
M-2022-9,23,134,2,0.0002498126405196103,6452
M-2022-9,23,139,2,0.0002498126405196103,6453
M-2022-9,23,142,2,0.0002498126405196103,6454
M-2022-9,122,98,14,0.00024934546814611643,6455
M-2022-9,122,142,14,0.00024934546814611643,6456
M-2022-9,133,125,12,0.0002482827112472068,6457
M-2022-9,125,11,1,0.0002461235540241201,6458
M-2022-9,125,14,1,0.0002461235540241201,6459
M-2022-9,125,18,1,0.0002461235540241201,6460
M-2022-9,125,45,1,0.0002461235540241201,6461
M-2022-9,125,46,1,0.0002461235540241201,6462
M-2022-9,125,51,1,0.0002461235540241201,6463
M-2022-9,125,66,1,0.0002461235540241201,6464
M-2022-9,125,87,1,0.0002461235540241201,6465
M-2022-9,125,90,1,0.0002461235540241201,6466
M-2022-9,125,105,1,0.0002461235540241201,6467
M-2022-9,125,110,1,0.0002461235540241201,6468
M-2022-9,125,128,1,0.0002461235540241201,6469
M-2022-9,125,130,1,0.0002461235540241201,6470
M-2022-9,125,137,1,0.0002461235540241201,6471
M-2022-9,125,139,1,0.0002461235540241201,6472
M-2022-9,125,141,1,0.0002461235540241201,6473
M-2022-9,125,150,1,0.0002461235540241201,6474
M-2022-9,125,154,1,0.0002461235540241201,6475
M-2022-9,125,159,1,0.0002461235540241201,6476
M-2022-9,125,162,1,0.0002461235540241201,6477
M-2022-9,125,172,1,0.0002461235540241201,6478
M-2022-9,125,175,1,0.0002461235540241201,6479
M-2022-9,134,18,2,0.00024594195769798326,6480
M-2022-9,134,49,2,0.00024594195769798326,6481
M-2022-9,134,132,2,0.00024594195769798326,6482
M-2022-9,134,170,2,0.00024594195769798326,6483
M-2022-9,134,171,2,0.00024594195769798326,6484
M-2022-9,134,172,2,0.00024594195769798326,6485
M-2022-9,29,45,7,0.0002454417952314166,6486
M-2022-9,29,82,7,0.0002454417952314166,6487
M-2022-9,29,168,7,0.0002454417952314166,6488
M-2022-9,96,79,13,0.0002453570889325079,6489
M-2022-9,96,100,13,0.0002453570889325079,6490
M-2022-9,82,2,9,0.00024525165544867427,6491
M-2022-9,82,28,9,0.00024525165544867427,6492
M-2022-9,82,31,9,0.00024525165544867427,6493
M-2022-9,132,46,4,0.00024369440721335446,6494
M-2022-9,132,74,4,0.00024369440721335446,6495
M-2022-9,132,82,4,0.00024369440721335446,6496
M-2022-9,83,108,6,0.00024363503471799245,6497
M-2022-9,83,152,6,0.00024363503471799245,6498
M-2022-9,117,43,17,0.00024283632831471587,6499
M-2022-9,117,104,17,0.00024283632831471587,6500
M-2022-9,117,154,17,0.00024283632831471587,6501
M-2022-9,153,20,17,0.00024136070647698553,6502
M-2022-9,156,26,6,0.00024059667976581922,6503
M-2022-9,156,29,6,0.00024059667976581922,6504
M-2022-9,156,53,6,0.00024059667976581922,6505
M-2022-9,156,60,6,0.00024059667976581922,6506
M-2022-9,156,132,6,0.00024059667976581922,6507
M-2022-9,156,164,6,0.00024059667976581922,6508
M-2022-9,71,31,18,0.00023939672026493237,6509
M-2022-9,49,63,7,0.00023917723032767282,6510
M-2022-9,49,72,7,0.00023917723032767282,6511
M-2022-9,49,75,7,0.00023917723032767282,6512
M-2022-9,49,111,7,0.00023917723032767282,6513
M-2022-9,49,116,7,0.00023917723032767282,6514
M-2022-9,49,122,7,0.00023917723032767282,6515
M-2022-9,95,53,7,0.00023699891657638137,6516
M-2022-9,95,176,7,0.00023699891657638137,6517
M-2022-9,62,134,4,0.0002346041055718475,6518
M-2022-9,62,157,4,0.0002346041055718475,6519
M-2022-9,149,1,12,0.00023387253946599104,6520
M-2022-9,149,74,12,0.00023387253946599104,6521
M-2022-9,149,146,12,0.00023387253946599104,6522
M-2022-9,149,150,12,0.00023387253946599104,6523
M-2022-9,149,154,12,0.00023387253946599104,6524
M-2022-9,128,3,1,0.00023255813953488373,6525
M-2022-9,128,23,1,0.00023255813953488373,6526
M-2022-9,128,25,1,0.00023255813953488373,6527
M-2022-9,128,85,1,0.00023255813953488373,6528
M-2022-9,128,87,1,0.00023255813953488373,6529
M-2022-9,128,93,1,0.00023255813953488373,6530
M-2022-9,128,105,1,0.00023255813953488373,6531
M-2022-9,128,120,1,0.00023255813953488373,6532
M-2022-9,128,135,1,0.00023255813953488373,6533
M-2022-9,128,136,1,0.00023255813953488373,6534
M-2022-9,128,158,1,0.00023255813953488373,6535
M-2022-9,128,170,1,0.00023255813953488373,6536
M-2022-9,128,176,1,0.00023255813953488373,6537
M-2022-9,175,96,9,0.00023209036051369334,6538
M-2022-9,122,95,13,0.00023153507756425097,6539
M-2022-9,122,99,13,0.00023153507756425097,6540
M-2022-9,122,111,13,0.00023153507756425097,6541
M-2022-9,61,39,4,0.00023153507756425097,6542
M-2022-9,61,68,4,0.00023153507756425097,6543
M-2022-9,61,71,4,0.00023153507756425097,6544
M-2022-9,61,131,4,0.00023153507756425097,6545
M-2022-9,61,162,4,0.00023153507756425097,6546
M-2022-9,25,160,10,0.00023123525875225453,6547
M-2022-9,129,52,6,0.00023064503728761437,6548
M-2022-9,129,138,6,0.00023064503728761437,6549
M-2022-9,93,62,7,0.0002305285690762391,6550
M-2022-9,93,151,7,0.0002305285690762391,6551
M-2022-9,43,0,1,0.00022983222247759135,6552
M-2022-9,43,2,1,0.00022983222247759135,6553
M-2022-9,43,8,1,0.00022983222247759135,6554
M-2022-9,43,12,1,0.00022983222247759135,6555
M-2022-9,43,17,1,0.00022983222247759135,6556
M-2022-9,43,20,1,0.00022983222247759135,6557
M-2022-9,43,25,1,0.00022983222247759135,6558
M-2022-9,43,26,1,0.00022983222247759135,6559
M-2022-9,43,29,1,0.00022983222247759135,6560
M-2022-9,43,37,1,0.00022983222247759135,6561
M-2022-9,43,45,1,0.00022983222247759135,6562
M-2022-9,43,46,1,0.00022983222247759135,6563
M-2022-9,43,49,1,0.00022983222247759135,6564
M-2022-9,43,50,1,0.00022983222247759135,6565
M-2022-9,43,53,1,0.00022983222247759135,6566
M-2022-9,43,76,1,0.00022983222247759135,6567
M-2022-9,43,78,1,0.00022983222247759135,6568
M-2022-9,43,126,1,0.00022983222247759135,6569
M-2022-9,43,129,1,0.00022983222247759135,6570
M-2022-9,43,130,1,0.00022983222247759135,6571
M-2022-9,43,141,1,0.00022983222247759135,6572
M-2022-9,43,142,1,0.00022983222247759135,6573
M-2022-9,43,151,1,0.00022983222247759135,6574
M-2022-9,131,63,6,0.0002298058140870964,6575
M-2022-9,131,136,6,0.0002298058140870964,6576
M-2022-9,131,143,6,0.0002298058140870964,6577
M-2022-9,117,115,16,0.00022855183841385024,6578
M-2022-9,117,131,16,0.00022855183841385024,6579
M-2022-9,117,134,16,0.00022855183841385024,6580
M-2022-9,140,62,10,0.00022830528983356545,6581
M-2022-9,133,49,11,0.00022759248530993957,6582
M-2022-9,133,78,11,0.00022759248530993957,6583
M-2022-9,18,14,6,0.00022756580444511872,6584
M-2022-9,18,43,6,0.00022756580444511872,6585
M-2022-9,18,68,6,0.00022756580444511872,6586
M-2022-9,18,86,6,0.00022756580444511872,6587
M-2022-9,18,136,6,0.00022756580444511872,6588
M-2022-9,18,141,6,0.00022756580444511872,6589
M-2022-9,153,168,16,0.0002271630178606923,6590
M-2022-9,124,29,5,0.0002266443044286297,6591
M-2022-9,124,99,5,0.0002266443044286297,6592
M-2022-9,124,135,5,0.0002266443044286297,6593
M-2022-9,86,51,9,0.0002266203353980964,6594
M-2022-9,86,146,9,0.0002266203353980964,6595
M-2022-9,68,1,1,0.00022634676324128565,6596
M-2022-9,68,9,1,0.00022634676324128565,6597
M-2022-9,68,20,1,0.00022634676324128565,6598
M-2022-9,68,22,1,0.00022634676324128565,6599
M-2022-9,68,24,1,0.00022634676324128565,6600
M-2022-9,68,29,1,0.00022634676324128565,6601
M-2022-9,68,38,1,0.00022634676324128565,6602
M-2022-9,68,66,1,0.00022634676324128565,6603
M-2022-9,68,69,1,0.00022634676324128565,6604
M-2022-9,68,77,1,0.00022634676324128565,6605
M-2022-9,68,84,1,0.00022634676324128565,6606
M-2022-9,68,97,1,0.00022634676324128565,6607
M-2022-9,68,100,1,0.00022634676324128565,6608
M-2022-9,68,123,1,0.00022634676324128565,6609
M-2022-9,68,131,1,0.00022634676324128565,6610
M-2022-9,68,147,1,0.00022634676324128565,6611
M-2022-9,68,157,1,0.00022634676324128565,6612
M-2022-9,71,51,17,0.00022609690247243612,6613
M-2022-9,115,2,4,0.0002249592261402621,6614
M-2022-9,115,24,4,0.0002249592261402621,6615
M-2022-9,115,34,4,0.0002249592261402621,6616
M-2022-9,115,43,4,0.0002249592261402621,6617
M-2022-9,115,112,4,0.0002249592261402621,6618
M-2022-9,115,146,4,0.0002249592261402621,6619
M-2022-9,115,160,4,0.0002249592261402621,6620
M-2022-9,102,160,9,0.00022361915173801773,6621
M-2022-9,60,68,9,0.00022254092280302656,6622
M-2022-9,99,131,5,0.00022244961516216578,6623
M-2022-9,123,16,2,0.00022009464069549907,6624
M-2022-9,123,18,2,0.00022009464069549907,6625
M-2022-9,123,51,2,0.00022009464069549907,6626
M-2022-9,123,87,2,0.00022009464069549907,6627
M-2022-9,123,115,2,0.00022009464069549907,6628
M-2022-9,123,116,2,0.00022009464069549907,6629
M-2022-9,123,130,2,0.00022009464069549907,6630
M-2022-9,123,151,2,0.00022009464069549907,6631
M-2022-9,77,24,8,0.0002199857009294396,6632
M-2022-9,77,81,8,0.0002199857009294396,6633
M-2022-9,77,83,8,0.0002199857009294396,6634
M-2022-9,77,87,8,0.0002199857009294396,6635
M-2022-9,172,3,2,0.00021985269869187644,6636
M-2022-9,172,43,2,0.00021985269869187644,6637
M-2022-9,172,91,2,0.00021985269869187644,6638
M-2022-9,172,129,2,0.00021985269869187644,6639
M-2022-9,172,131,2,0.00021985269869187644,6640
M-2022-9,172,140,2,0.00021985269869187644,6641
M-2022-9,172,158,2,0.00021985269869187644,6642
M-2022-9,172,166,2,0.00021985269869187644,6643
M-2022-9,138,110,5,0.00021753317380900588,6644
M-2022-9,138,143,5,0.00021753317380900588,6645
M-2022-9,76,4,1,0.00021659085986571366,6646
M-2022-9,76,20,1,0.00021659085986571366,6647
M-2022-9,76,83,1,0.00021659085986571366,6648
M-2022-9,76,97,1,0.00021659085986571366,6649
M-2022-9,76,124,1,0.00021659085986571366,6650
M-2022-9,76,125,1,0.00021659085986571366,6651
M-2022-9,76,133,1,0.00021659085986571366,6652
M-2022-9,76,142,1,0.00021659085986571366,6653
M-2022-9,76,149,1,0.00021659085986571366,6654
M-2022-9,76,164,1,0.00021659085986571366,6655
M-2022-9,76,170,1,0.00021659085986571366,6656
M-2022-9,142,111,6,0.00021543212092923054,6657
M-2022-9,142,122,6,0.00021543212092923054,6658
M-2022-9,117,16,15,0.0002142673485129846,6659
M-2022-9,117,26,15,0.0002142673485129846,6660
M-2022-9,117,70,15,0.0002142673485129846,6661
M-2022-9,75,149,3,0.00021414804768363194,6662
M-2022-9,75,156,3,0.00021414804768363194,6663
M-2022-9,122,83,12,0.00021372468698238552,6664
M-2022-9,122,86,12,0.00021372468698238552,6665
M-2022-9,122,127,12,0.00021372468698238552,6666
M-2022-9,122,175,12,0.00021372468698238552,6667
M-2022-9,55,28,1,0.00021299254526091586,6668
M-2022-9,55,86,1,0.00021299254526091586,6669
M-2022-9,55,94,1,0.00021299254526091586,6670
M-2022-9,55,130,1,0.00021299254526091586,6671
M-2022-9,153,100,15,0.00021296532924439902,6672
M-2022-9,71,95,16,0.00021279708467993987,6673
M-2022-9,90,2,1,0.00021235931195582927,6674
M-2022-9,90,3,1,0.00021235931195582927,6675
M-2022-9,90,13,1,0.00021235931195582927,6676
M-2022-9,90,50,1,0.00021235931195582927,6677
M-2022-9,90,51,1,0.00021235931195582927,6678
M-2022-9,90,61,1,0.00021235931195582927,6679
M-2022-9,90,73,1,0.00021235931195582927,6680
M-2022-9,90,76,1,0.00021235931195582927,6681
M-2022-9,90,78,1,0.00021235931195582927,6682
M-2022-9,90,79,1,0.00021235931195582927,6683
M-2022-9,90,84,1,0.00021235931195582927,6684
M-2022-9,90,97,1,0.00021235931195582927,6685
M-2022-9,90,101,1,0.00021235931195582927,6686
M-2022-9,90,130,1,0.00021235931195582927,6687
M-2022-9,90,139,1,0.00021235931195582927,6688
M-2022-9,90,142,1,0.00021235931195582927,6689
M-2022-9,90,143,1,0.00021235931195582927,6690
M-2022-9,90,156,1,0.00021235931195582927,6691
M-2022-9,90,168,1,0.00021235931195582927,6692
M-2022-9,29,2,6,0.00021037868162692848,6693
M-2022-9,29,24,6,0.00021037868162692848,6694
M-2022-9,29,26,6,0.00021037868162692848,6695
M-2022-9,29,76,6,0.00021037868162692848,6696
M-2022-9,29,80,6,0.00021037868162692848,6697
M-2022-9,25,104,9,0.00020811173287702908,6698
M-2022-9,25,163,9,0.00020811173287702908,6699
M-2022-9,96,127,11,0.00020760984448135286,6700
M-2022-9,24,120,2,0.00020759809009757111,6701
M-2022-9,24,127,2,0.00020759809009757111,6702
M-2022-9,24,158,2,0.00020759809009757111,6703
M-2022-9,97,14,9,0.0002072825260830512,6704
M-2022-9,133,71,10,0.00020690225937267234,6705
M-2022-9,158,0,2,0.00020652622883106156,6706
M-2022-9,158,59,2,0.00020652622883106156,6707
M-2022-9,158,62,2,0.00020652622883106156,6708
M-2022-9,158,68,2,0.00020652622883106156,6709
M-2022-9,158,84,2,0.00020652622883106156,6710
M-2022-9,158,127,2,0.00020652622883106156,6711
M-2022-9,158,137,2,0.00020652622883106156,6712
M-2022-9,158,174,2,0.00020652622883106156,6713
M-2022-9,175,131,8,0.00020630254267883853,6714
M-2022-9,175,137,8,0.00020630254267883853,6715
M-2022-9,166,4,1,0.00020593080724876442,6716
M-2022-9,166,21,1,0.00020593080724876442,6717
M-2022-9,166,51,1,0.00020593080724876442,6718
M-2022-9,166,72,1,0.00020593080724876442,6719
M-2022-9,166,79,1,0.00020593080724876442,6720
M-2022-9,166,114,1,0.00020593080724876442,6721
M-2022-9,166,130,1,0.00020593080724876442,6722
M-2022-9,166,131,1,0.00020593080724876442,6723
M-2022-9,166,135,1,0.00020593080724876442,6724
M-2022-9,166,138,1,0.00020593080724876442,6725
M-2022-9,166,163,1,0.00020593080724876442,6726
M-2022-9,166,176,1,0.00020593080724876442,6727
M-2022-9,130,8,1,0.0002058460271716756,6728
M-2022-9,130,12,1,0.0002058460271716756,6729
M-2022-9,130,23,1,0.0002058460271716756,6730
M-2022-9,130,27,1,0.0002058460271716756,6731
M-2022-9,130,32,1,0.0002058460271716756,6732
M-2022-9,130,36,1,0.0002058460271716756,6733
M-2022-9,130,46,1,0.0002058460271716756,6734
M-2022-9,130,50,1,0.0002058460271716756,6735
M-2022-9,130,55,1,0.0002058460271716756,6736
M-2022-9,130,56,1,0.0002058460271716756,6737
M-2022-9,130,66,1,0.0002058460271716756,6738
M-2022-9,130,77,1,0.0002058460271716756,6739
M-2022-9,130,86,1,0.0002058460271716756,6740
M-2022-9,130,87,1,0.0002058460271716756,6741
M-2022-9,130,92,1,0.0002058460271716756,6742
M-2022-9,130,93,1,0.0002058460271716756,6743
M-2022-9,130,94,1,0.0002058460271716756,6744
M-2022-9,130,108,1,0.0002058460271716756,6745
M-2022-9,130,112,1,0.0002058460271716756,6746
M-2022-9,130,115,1,0.0002058460271716756,6747
M-2022-9,130,131,1,0.0002058460271716756,6748
M-2022-9,130,134,1,0.0002058460271716756,6749
M-2022-9,130,135,1,0.0002058460271716756,6750
M-2022-9,130,154,1,0.0002058460271716756,6751
M-2022-9,130,158,1,0.0002058460271716756,6752
M-2022-9,130,160,1,0.0002058460271716756,6753
M-2022-9,130,163,1,0.0002058460271716756,6754
M-2022-9,130,165,1,0.0002058460271716756,6755
M-2022-9,130,167,1,0.0002058460271716756,6756
M-2022-9,130,168,1,0.0002058460271716756,6757
M-2022-9,130,170,1,0.0002058460271716756,6758
M-2022-9,140,18,9,0.0002054747608502089,6759
M-2022-9,140,24,9,0.0002054747608502089,6760
M-2022-9,140,60,9,0.0002054747608502089,6761
M-2022-9,140,93,9,0.0002054747608502089,6762
M-2022-9,140,128,9,0.0002054747608502089,6763
M-2022-9,140,171,9,0.0002054747608502089,6764
M-2022-9,19,14,4,0.00020545482562021677,6765
M-2022-9,19,51,4,0.00020545482562021677,6766
M-2022-9,19,54,4,0.00020545482562021677,6767
M-2022-9,19,61,4,0.00020545482562021677,6768
M-2022-9,19,76,4,0.00020545482562021677,6769
M-2022-9,19,112,4,0.00020545482562021677,6770
M-2022-9,19,125,4,0.00020545482562021677,6771
M-2022-9,19,154,4,0.00020545482562021677,6772
M-2022-9,49,1,6,0.00020500905456657668,6773
M-2022-9,49,17,6,0.00020500905456657668,6774
M-2022-9,54,9,1,0.00020475020475020476,6775
M-2022-9,54,42,1,0.00020475020475020476,6776
M-2022-9,54,46,1,0.00020475020475020476,6777
M-2022-9,54,49,1,0.00020475020475020476,6778
M-2022-9,54,76,1,0.00020475020475020476,6779
M-2022-9,54,110,1,0.00020475020475020476,6780
M-2022-9,54,122,1,0.00020475020475020476,6781
M-2022-9,54,124,1,0.00020475020475020476,6782
M-2022-9,54,125,1,0.00020475020475020476,6783
M-2022-9,54,130,1,0.00020475020475020476,6784
M-2022-9,54,132,1,0.00020475020475020476,6785
M-2022-9,54,136,1,0.00020475020475020476,6786
M-2022-9,54,142,1,0.00020475020475020476,6787
M-2022-9,54,155,1,0.00020475020475020476,6788
M-2022-9,54,156,1,0.00020475020475020476,6789
M-2022-9,95,49,6,0.00020314192849404117,6790
M-2022-9,95,140,6,0.00020314192849404117,6791
M-2022-9,95,175,6,0.00020314192849404117,6792
M-2022-9,86,78,8,0.00020144029813164122,6793
M-2022-9,86,87,8,0.00020144029813164122,6794
M-2022-9,86,93,8,0.00020144029813164122,6795
M-2022-9,86,99,8,0.00020144029813164122,6796
M-2022-9,86,148,8,0.00020144029813164122,6797
M-2022-9,156,24,5,0.0002004972331381827,6798
M-2022-9,156,79,5,0.0002004972331381827,6799
M-2022-9,156,108,5,0.0002004972331381827,6800
M-2022-9,156,131,5,0.0002004972331381827,6801
M-2022-9,156,148,5,0.0002004972331381827,6802
M-2022-9,117,8,14,0.00019998285861211896,6803
M-2022-9,117,90,14,0.00019998285861211896,6804
M-2022-9,102,172,8,0.00019877257932268244,6805
M-2022-9,153,87,14,0.00019876764062810574,6806
M-2022-9,105,3,1,0.00019821605550049553,6807
M-2022-9,105,9,1,0.00019821605550049553,6808
M-2022-9,105,15,1,0.00019821605550049553,6809
M-2022-9,105,26,1,0.00019821605550049553,6810
M-2022-9,105,51,1,0.00019821605550049553,6811
M-2022-9,105,67,1,0.00019821605550049553,6812
M-2022-9,105,72,1,0.00019821605550049553,6813
M-2022-9,105,74,1,0.00019821605550049553,6814
M-2022-9,105,78,1,0.00019821605550049553,6815
M-2022-9,105,87,1,0.00019821605550049553,6816
M-2022-9,105,90,1,0.00019821605550049553,6817
M-2022-9,105,95,1,0.00019821605550049553,6818
M-2022-9,105,100,1,0.00019821605550049553,6819
M-2022-9,105,134,1,0.00019821605550049553,6820
M-2022-9,105,137,1,0.00019821605550049553,6821
M-2022-9,105,140,1,0.00019821605550049553,6822
M-2022-9,105,163,1,0.00019821605550049553,6823
M-2022-9,63,134,2,0.00019782393669634025,6824
M-2022-9,63,142,2,0.00019782393669634025,6825
M-2022-9,63,144,2,0.00019782393669634025,6826
M-2022-9,63,146,2,0.00019782393669634025,6827
M-2022-9,63,151,2,0.00019782393669634025,6828
M-2022-9,63,158,2,0.00019782393669634025,6829
M-2022-9,60,51,8,0.00019781415360269026,6830
M-2022-9,93,2,6,0.00019759591635106207,6831
M-2022-9,93,18,6,0.00019759591635106207,6832
M-2022-9,93,105,6,0.00019759591635106207,6833
M-2022-9,93,126,6,0.00019759591635106207,6834
M-2022-9,93,129,6,0.00019759591635106207,6835
M-2022-9,17,14,2,0.00019727756954034326,6836
M-2022-9,17,20,2,0.00019727756954034326,6837
M-2022-9,17,72,2,0.00019727756954034326,6838
M-2022-9,17,83,2,0.00019727756954034326,6839
M-2022-9,17,99,2,0.00019727756954034326,6840
M-2022-9,17,107,2,0.00019727756954034326,6841
M-2022-9,17,111,2,0.00019727756954034326,6842
M-2022-9,17,122,2,0.00019727756954034326,6843
M-2022-9,17,134,2,0.00019727756954034326,6844
M-2022-9,17,138,2,0.00019727756954034326,6845
M-2022-9,17,170,2,0.00019727756954034326,6846
M-2022-9,73,77,3,0.00019639934533551554,6847
M-2022-9,122,51,11,0.00019591429640052006,6848
M-2022-9,122,160,11,0.00019591429640052006,6849
M-2022-9,149,168,10,0.00019489378288832586,6850
M-2022-9,127,26,1,0.0001945525291828794,6851
M-2022-9,127,32,1,0.0001945525291828794,6852
M-2022-9,127,42,1,0.0001945525291828794,6853
M-2022-9,127,54,1,0.0001945525291828794,6854
M-2022-9,127,63,1,0.0001945525291828794,6855
M-2022-9,127,67,1,0.0001945525291828794,6856
M-2022-9,127,69,1,0.0001945525291828794,6857
M-2022-9,127,71,1,0.0001945525291828794,6858
M-2022-9,127,74,1,0.0001945525291828794,6859
M-2022-9,127,77,1,0.0001945525291828794,6860
M-2022-9,127,86,1,0.0001945525291828794,6861
M-2022-9,127,91,1,0.0001945525291828794,6862
M-2022-9,127,95,1,0.0001945525291828794,6863
M-2022-9,127,99,1,0.0001945525291828794,6864
M-2022-9,127,118,1,0.0001945525291828794,6865
M-2022-9,127,119,1,0.0001945525291828794,6866
M-2022-9,127,131,1,0.0001945525291828794,6867
M-2022-9,127,134,1,0.0001945525291828794,6868
M-2022-9,127,135,1,0.0001945525291828794,6869
M-2022-9,127,138,1,0.0001945525291828794,6870
M-2022-9,127,147,1,0.0001945525291828794,6871
M-2022-9,127,158,1,0.0001945525291828794,6872
M-2022-9,127,159,1,0.0001945525291828794,6873
M-2022-9,127,160,1,0.0001945525291828794,6874
M-2022-9,127,175,1,0.0001945525291828794,6875
M-2022-9,78,136,5,0.0001934610176049526,6876
M-2022-9,77,135,7,0.00019248748831325965,6877
M-2022-9,77,170,7,0.00019248748831325965,6878
M-2022-9,77,176,7,0.00019248748831325965,6879
M-2022-9,129,63,5,0.00019220419773967863,6880
M-2022-9,129,68,5,0.00019220419773967863,6881
M-2022-9,129,96,5,0.00019220419773967863,6882
M-2022-9,129,118,5,0.00019220419773967863,6883
M-2022-9,129,139,5,0.00019220419773967863,6884
M-2022-9,129,147,5,0.00019220419773967863,6885
M-2022-9,131,17,5,0.00019150484507258033,6886
M-2022-9,131,28,5,0.00019150484507258033,6887
M-2022-9,131,122,5,0.00019150484507258033,6888
M-2022-9,131,149,5,0.00019150484507258033,6889
M-2022-9,82,22,7,0.0001907512875711911,6890
M-2022-9,82,63,7,0.0001907512875711911,6891
M-2022-9,82,110,7,0.0001907512875711911,6892
M-2022-9,82,133,7,0.0001907512875711911,6893
M-2022-9,82,155,7,0.0001907512875711911,6894
M-2022-9,51,19,3,0.0001901743264659271,6895
M-2022-9,51,50,3,0.0001901743264659271,6896
M-2022-9,51,65,3,0.0001901743264659271,6897
M-2022-9,51,86,3,0.0001901743264659271,6898
M-2022-9,51,87,3,0.0001901743264659271,6899
M-2022-9,51,106,3,0.0001901743264659271,6900
M-2022-9,51,125,3,0.0001901743264659271,6901
M-2022-9,51,154,3,0.0001901743264659271,6902
M-2022-9,51,176,3,0.0001901743264659271,6903
M-2022-9,56,87,2,0.00018980734554427256,6904
M-2022-9,56,106,2,0.00018980734554427256,6905
M-2022-9,28,43,2,0.0001896633475580844,6906
M-2022-9,28,52,2,0.0001896633475580844,6907
M-2022-9,28,64,2,0.0001896633475580844,6908
M-2022-9,28,65,2,0.0001896633475580844,6909
M-2022-9,28,110,2,0.0001896633475580844,6910
M-2022-9,28,114,2,0.0001896633475580844,6911
M-2022-9,28,116,2,0.0001896633475580844,6912
M-2022-9,28,127,2,0.0001896633475580844,6913
M-2022-9,28,148,2,0.0001896633475580844,6914
M-2022-9,28,160,2,0.0001896633475580844,6915
M-2022-9,18,129,5,0.00018963817037093226,6916
M-2022-9,18,143,5,0.00018963817037093226,6917
M-2022-9,18,148,5,0.00018963817037093226,6918
M-2022-9,96,103,10,0.00018873622225577534,6919
M-2022-9,59,14,1,0.00018726591760299626,6920
M-2022-9,59,51,1,0.00018726591760299626,6921
M-2022-9,59,53,1,0.00018726591760299626,6922
M-2022-9,59,82,1,0.00018726591760299626,6923
M-2022-9,59,85,1,0.00018726591760299626,6924
M-2022-9,59,90,1,0.00018726591760299626,6925
M-2022-9,59,97,1,0.00018726591760299626,6926
M-2022-9,59,111,1,0.00018726591760299626,6927
M-2022-9,59,127,1,0.00018726591760299626,6928
M-2022-9,2,16,1,0.0001866368047779022,6929
M-2022-9,2,29,1,0.0001866368047779022,6930
M-2022-9,2,31,1,0.0001866368047779022,6931
M-2022-9,2,32,1,0.0001866368047779022,6932
M-2022-9,2,34,1,0.0001866368047779022,6933
M-2022-9,2,41,1,0.0001866368047779022,6934
M-2022-9,2,43,1,0.0001866368047779022,6935
M-2022-9,2,65,1,0.0001866368047779022,6936
M-2022-9,2,68,1,0.0001866368047779022,6937
M-2022-9,2,75,1,0.0001866368047779022,6938
M-2022-9,2,79,1,0.0001866368047779022,6939
M-2022-9,2,88,1,0.0001866368047779022,6940
M-2022-9,2,92,1,0.0001866368047779022,6941
M-2022-9,2,97,1,0.0001866368047779022,6942
M-2022-9,2,99,1,0.0001866368047779022,6943
M-2022-9,2,103,1,0.0001866368047779022,6944
M-2022-9,2,104,1,0.0001866368047779022,6945
M-2022-9,2,106,1,0.0001866368047779022,6946
M-2022-9,2,109,1,0.0001866368047779022,6947
M-2022-9,2,121,1,0.0001866368047779022,6948
M-2022-9,2,134,1,0.0001866368047779022,6949
M-2022-9,2,135,1,0.0001866368047779022,6950
M-2022-9,2,139,1,0.0001866368047779022,6951
M-2022-9,2,150,1,0.0001866368047779022,6952
M-2022-9,2,159,1,0.0001866368047779022,6953
M-2022-9,133,117,9,0.0001862120334354051,6954
M-2022-9,117,22,13,0.00018569836871125333,6955
M-2022-9,117,32,13,0.00018569836871125333,6956
M-2022-9,117,46,13,0.00018569836871125333,6957
M-2022-9,117,72,13,0.00018569836871125333,6958
M-2022-9,27,4,1,0.00018515089798185522,6959
M-2022-9,27,91,1,0.00018515089798185522,6960
M-2022-9,27,152,1,0.00018515089798185522,6961
M-2022-9,27,176,1,0.00018515089798185522,6962
M-2022-9,25,10,8,0.00018498820700180364,6963
M-2022-9,25,22,8,0.00018498820700180364,6964
M-2022-9,25,72,8,0.00018498820700180364,6965
M-2022-9,25,93,8,0.00018498820700180364,6966
M-2022-9,25,158,8,0.00018498820700180364,6967
M-2022-9,153,81,13,0.00018456995201181247,6968
M-2022-9,153,96,13,0.00018456995201181247,6969
M-2022-9,153,112,13,0.00018456995201181247,6970
M-2022-9,153,128,13,0.00018456995201181247,6971
M-2022-9,72,1,2,0.00018448482612305137,6972
M-2022-9,72,13,2,0.00018448482612305137,6973
M-2022-9,72,18,2,0.00018448482612305137,6974
M-2022-9,72,24,2,0.00018448482612305137,6975
M-2022-9,72,32,2,0.00018448482612305137,6976
M-2022-9,72,90,2,0.00018448482612305137,6977
M-2022-9,72,155,2,0.00018448482612305137,6978
M-2022-9,72,157,2,0.00018448482612305137,6979
M-2022-9,132,16,3,0.00018277080541001585,6980
M-2022-9,132,67,3,0.00018277080541001585,6981
M-2022-9,132,112,3,0.00018277080541001585,6982
M-2022-9,140,1,8,0.00018264423186685236,6983
M-2022-9,140,53,8,0.00018264423186685236,6984
M-2022-9,140,73,8,0.00018264423186685236,6985
M-2022-9,46,16,2,0.00018213277479282397,6986
M-2022-9,46,39,2,0.00018213277479282397,6987
M-2022-9,46,45,2,0.00018213277479282397,6988
M-2022-9,46,66,2,0.00018213277479282397,6989
M-2022-9,46,75,2,0.00018213277479282397,6990
M-2022-9,46,89,2,0.00018213277479282397,6991
M-2022-9,46,104,2,0.00018213277479282397,6992
M-2022-9,46,158,2,0.00018213277479282397,6993
M-2022-9,46,160,2,0.00018213277479282397,6994
M-2022-9,124,17,4,0.00018131544354290378,6995
M-2022-9,124,54,4,0.00018131544354290378,6996
M-2022-9,124,72,4,0.00018131544354290378,6997
M-2022-9,124,75,4,0.00018131544354290378,6998
M-2022-9,124,115,4,0.00018131544354290378,6999
M-2022-9,124,164,4,0.00018131544354290378,7000
M-2022-9,175,9,7,0.0001805147248439837,7001
M-2022-9,175,14,7,0.0001805147248439837,7002
M-2022-9,175,90,7,0.0001805147248439837,7003
M-2022-9,142,13,5,0.00017952676744102544,7004
M-2022-9,142,14,5,0.00017952676744102544,7005
M-2022-9,142,20,5,0.00017952676744102544,7006
M-2022-9,142,33,5,0.00017952676744102544,7007
M-2022-9,142,84,5,0.00017952676744102544,7008
M-2022-9,142,105,5,0.00017952676744102544,7009
M-2022-9,142,115,5,0.00017952676744102544,7010
M-2022-9,146,10,1,0.0001787629603146228,7011
M-2022-9,146,13,1,0.0001787629603146228,7012
M-2022-9,146,62,1,0.0001787629603146228,7013
M-2022-9,146,64,1,0.0001787629603146228,7014
M-2022-9,146,96,1,0.0001787629603146228,7015
M-2022-9,146,151,1,0.0001787629603146228,7016
M-2022-9,146,154,1,0.0001787629603146228,7017
M-2022-9,146,160,1,0.0001787629603146228,7018
M-2022-9,146,162,1,0.0001787629603146228,7019
M-2022-9,146,163,1,0.0001787629603146228,7020
M-2022-9,146,171,1,0.0001787629603146228,7021
M-2022-9,39,2,1,0.0001783166904422254,7022
M-2022-9,39,5,1,0.0001783166904422254,7023
M-2022-9,39,14,1,0.0001783166904422254,7024
M-2022-9,39,16,1,0.0001783166904422254,7025
M-2022-9,39,25,1,0.0001783166904422254,7026
M-2022-9,39,34,1,0.0001783166904422254,7027
M-2022-9,39,63,1,0.0001783166904422254,7028
M-2022-9,39,64,1,0.0001783166904422254,7029
M-2022-9,39,68,1,0.0001783166904422254,7030
M-2022-9,39,128,1,0.0001783166904422254,7031
M-2022-9,39,130,1,0.0001783166904422254,7032
M-2022-9,39,135,1,0.0001783166904422254,7033
M-2022-9,39,136,1,0.0001783166904422254,7034
M-2022-9,39,141,1,0.0001783166904422254,7035
M-2022-9,39,156,1,0.0001783166904422254,7036
M-2022-9,39,160,1,0.0001783166904422254,7037
M-2022-9,122,23,10,0.0001781039058186546,7038
M-2022-9,122,115,10,0.0001781039058186546,7039
M-2022-9,122,151,10,0.0001781039058186546,7040
M-2022-9,99,25,4,0.00017795969212973262,7041
M-2022-9,99,64,4,0.00017795969212973262,7042
M-2022-9,99,90,4,0.00017795969212973262,7043
M-2022-9,99,124,4,0.00017795969212973262,7044
M-2022-9,148,19,1,0.00017683465959328028,7045
M-2022-9,148,28,1,0.00017683465959328028,7046
M-2022-9,148,34,1,0.00017683465959328028,7047
M-2022-9,148,46,1,0.00017683465959328028,7048
M-2022-9,148,57,1,0.00017683465959328028,7049
M-2022-9,148,62,1,0.00017683465959328028,7050
M-2022-9,148,64,1,0.00017683465959328028,7051
M-2022-9,148,77,1,0.00017683465959328028,7052
M-2022-9,148,82,1,0.00017683465959328028,7053
M-2022-9,148,124,1,0.00017683465959328028,7054
M-2022-9,148,128,1,0.00017683465959328028,7055
M-2022-9,148,129,1,0.00017683465959328028,7056
M-2022-9,148,141,1,0.00017683465959328028,7057
M-2022-9,148,157,1,0.00017683465959328028,7058
M-2022-9,86,82,7,0.00017626026086518608,7059
M-2022-9,86,135,7,0.00017626026086518608,7060
M-2022-9,62,2,3,0.00017595307917888563,7061
M-2022-9,62,29,3,0.00017595307917888563,7062
M-2022-9,62,50,3,0.00017595307917888563,7063
M-2022-9,62,93,3,0.00017595307917888563,7064
M-2022-9,62,146,3,0.00017595307917888563,7065
M-2022-9,62,151,3,0.00017595307917888563,7066
M-2022-9,79,17,2,0.000175530981218185,7067
M-2022-9,79,139,2,0.000175530981218185,7068
M-2022-9,149,66,9,0.00017540440459949328,7069
M-2022-9,149,88,9,0.00017540440459949328,7070
M-2022-9,29,116,5,0.0001753155680224404,7071
M-2022-9,29,129,5,0.0001753155680224404,7072
M-2022-9,29,154,5,0.0001753155680224404,7073
M-2022-9,101,94,9,0.00017465554046186687,7074
M-2022-9,138,19,4,0.0001740265390472047,7075
M-2022-9,138,47,4,0.0001740265390472047,7076
M-2022-9,138,77,4,0.0001740265390472047,7077
M-2022-9,138,82,4,0.0001740265390472047,7078
M-2022-9,138,103,4,0.0001740265390472047,7079
M-2022-9,102,8,7,0.00017392600690734712,7080
M-2022-9,102,149,7,0.00017392600690734712,7081
M-2022-9,61,14,3,0.00017365130817318823,7082
M-2022-9,61,19,3,0.00017365130817318823,7083
M-2022-9,61,23,3,0.00017365130817318823,7084
M-2022-9,61,64,3,0.00017365130817318823,7085
M-2022-9,61,75,3,0.00017365130817318823,7086
M-2022-9,61,106,3,0.00017365130817318823,7087
M-2022-9,61,117,3,0.00017365130817318823,7088
M-2022-9,61,129,3,0.00017365130817318823,7089
M-2022-9,60,18,7,0.000173087384402354,7090
M-2022-9,60,24,7,0.000173087384402354,7091
M-2022-9,60,99,7,0.000173087384402354,7092
M-2022-9,60,104,7,0.000173087384402354,7093
M-2022-9,60,115,7,0.000173087384402354,7094
M-2022-9,60,133,7,0.000173087384402354,7095
M-2022-9,60,158,7,0.000173087384402354,7096
M-2022-9,71,129,13,0.00017289763130245116,7097
M-2022-9,117,27,12,0.00017141387881038767,7098
M-2022-9,117,60,12,0.00017141387881038767,7099
M-2022-9,117,73,12,0.00017141387881038767,7100
M-2022-9,117,132,12,0.00017141387881038767,7101
M-2022-9,49,24,5,0.00017084087880548057,7102
M-2022-9,49,126,5,0.00017084087880548057,7103
M-2022-9,49,139,5,0.00017084087880548057,7104
M-2022-9,49,168,5,0.00017084087880548057,7105
M-2022-9,98,14,10,0.00017074170195328507,7106
M-2022-9,153,130,12,0.0001703722633955192,7107
M-2022-9,153,166,12,0.0001703722633955192,7108
M-2022-9,96,18,9,0.0001698626000301978,7109
M-2022-9,96,45,9,0.0001698626000301978,7110
M-2022-9,96,61,9,0.0001698626000301978,7111
M-2022-9,96,93,9,0.0001698626000301978,7112
M-2022-9,96,135,9,0.0001698626000301978,7113
M-2022-9,115,13,3,0.00016871941960519654,7114
M-2022-9,115,23,3,0.00016871941960519654,7115
M-2022-9,115,77,3,0.00016871941960519654,7116
M-2022-9,115,78,3,0.00016871941960519654,7117
M-2022-9,115,110,3,0.00016871941960519654,7118
M-2022-9,115,122,3,0.00016871941960519654,7119
M-2022-9,115,125,3,0.00016871941960519654,7120
M-2022-9,115,128,3,0.00016871941960519654,7121
M-2022-9,133,60,8,0.00016552180749813787,7122
M-2022-9,133,122,8,0.00016552180749813787,7123
M-2022-9,133,171,8,0.00016552180749813787,7124
M-2022-9,77,32,6,0.00016498927569707968,7125
M-2022-9,77,51,6,0.00016498927569707968,7126
M-2022-9,77,99,6,0.00016498927569707968,7127
M-2022-9,77,111,6,0.00016498927569707968,7128
M-2022-9,77,141,6,0.00016498927569707968,7129
M-2022-9,93,41,5,0.00016466326362588507,7130
M-2022-9,93,50,5,0.00016466326362588507,7131
M-2022-9,93,67,5,0.00016466326362588507,7132
M-2022-9,93,77,5,0.00016466326362588507,7133
M-2022-9,93,112,5,0.00016466326362588507,7134
M-2022-9,93,128,5,0.00016466326362588507,7135
M-2022-9,82,18,6,0.00016350110363244952,7136
M-2022-9,82,81,6,0.00016350110363244952,7137
M-2022-9,82,86,6,0.00016350110363244952,7138
M-2022-9,82,99,6,0.00016350110363244952,7139
M-2022-9,83,2,4,0.00016242335647866164,7140
M-2022-9,83,63,4,0.00016242335647866164,7141
M-2022-9,83,111,4,0.00016242335647866164,7142
M-2022-9,83,124,4,0.00016242335647866164,7143
M-2022-9,83,177,4,0.00016242335647866164,7144
M-2022-9,156,9,4,0.00016039778651054615,7145
M-2022-9,156,13,4,0.00016039778651054615,7146
M-2022-9,156,18,4,0.00016039778651054615,7147
M-2022-9,156,63,4,0.00016039778651054615,7148
M-2022-9,156,83,4,0.00016039778651054615,7149
M-2022-9,156,91,4,0.00016039778651054615,7150
M-2022-9,156,104,4,0.00016039778651054615,7151
M-2022-9,156,116,4,0.00016039778651054615,7152
M-2022-9,156,127,4,0.00016039778651054615,7153
M-2022-9,156,141,4,0.00016039778651054615,7154
M-2022-9,156,149,4,0.00016039778651054615,7155
M-2022-9,156,171,4,0.00016039778651054615,7156
M-2022-9,122,15,9,0.00016029351523678915,7157
M-2022-9,122,101,9,0.00016029351523678915,7158
M-2022-9,140,46,7,0.00015981370288349581,7159
M-2022-9,140,61,7,0.00015981370288349581,7160
M-2022-9,140,163,7,0.00015981370288349581,7161
M-2022-9,165,82,1,0.0001574555188159345,7162
M-2022-9,165,111,1,0.0001574555188159345,7163
M-2022-9,165,122,1,0.0001574555188159345,7164
M-2022-9,165,130,1,0.0001574555188159345,7165
M-2022-9,165,150,1,0.0001574555188159345,7166
M-2022-9,165,151,1,0.0001574555188159345,7167
M-2022-9,165,158,1,0.0001574555188159345,7168
M-2022-9,117,110,11,0.00015712938890952204,7169
M-2022-9,168,18,1,0.0001569612305760477,7170
M-2022-9,168,20,1,0.0001569612305760477,7171
M-2022-9,168,51,1,0.0001569612305760477,7172
M-2022-9,168,84,1,0.0001569612305760477,7173
M-2022-9,168,90,1,0.0001569612305760477,7174
M-2022-9,168,95,1,0.0001569612305760477,7175
M-2022-9,168,107,1,0.0001569612305760477,7176
M-2022-9,168,109,1,0.0001569612305760477,7177
M-2022-9,168,112,1,0.0001569612305760477,7178
M-2022-9,168,125,1,0.0001569612305760477,7179
M-2022-9,168,128,1,0.0001569612305760477,7180
M-2022-9,168,131,1,0.0001569612305760477,7181
M-2022-9,168,132,1,0.0001569612305760477,7182
M-2022-9,168,134,1,0.0001569612305760477,7183
M-2022-9,168,138,1,0.0001569612305760477,7184
M-2022-9,168,149,1,0.0001569612305760477,7185
M-2022-9,136,2,3,0.00015617679212868969,7186
M-2022-9,136,13,3,0.00015617679212868969,7187
M-2022-9,136,20,3,0.00015617679212868969,7188
M-2022-9,136,45,3,0.00015617679212868969,7189
M-2022-9,136,74,3,0.00015617679212868969,7190
M-2022-9,136,77,3,0.00015617679212868969,7191
M-2022-9,136,102,3,0.00015617679212868969,7192
M-2022-9,136,125,3,0.00015617679212868969,7193
M-2022-9,136,155,3,0.00015617679212868969,7194
M-2022-9,153,50,11,0.00015617457477922595,7195
M-2022-9,149,13,8,0.0001559150263106607,7196
M-2022-9,149,42,8,0.0001559150263106607,7197
M-2022-9,149,132,8,0.0001559150263106607,7198
M-2022-9,149,135,8,0.0001559150263106607,7199
M-2022-9,101,133,8,0.0001552493692994372,7200
M-2022-9,78,133,4,0.00015476881408396209,7201
M-2022-9,78,138,4,0.00015476881408396209,7202
M-2022-9,78,153,4,0.00015476881408396209,7203
M-2022-9,175,53,6,0.00015472690700912888,7204
M-2022-9,175,60,6,0.00015472690700912888,7205
M-2022-9,175,66,6,0.00015472690700912888,7206
M-2022-9,19,68,3,0.00015409111921516256,7207
M-2022-9,19,82,3,0.00015409111921516256,7208
M-2022-9,19,122,3,0.00015409111921516256,7209
M-2022-9,19,124,3,0.00015409111921516256,7210
M-2022-9,19,136,3,0.00015409111921516256,7211
M-2022-9,19,172,3,0.00015409111921516256,7212
M-2022-9,129,3,4,0.0001537633581917429,7213
M-2022-9,129,8,4,0.0001537633581917429,7214
M-2022-9,129,49,4,0.0001537633581917429,7215
M-2022-9,129,51,4,0.0001537633581917429,7216
M-2022-9,129,66,4,0.0001537633581917429,7217
M-2022-9,129,111,4,0.0001537633581917429,7218
M-2022-9,129,130,4,0.0001537633581917429,7219
M-2022-9,129,158,4,0.0001537633581917429,7220
M-2022-9,129,170,4,0.0001537633581917429,7221
M-2022-9,87,13,1,0.00015339776039269826,7222
M-2022-9,87,17,1,0.00015339776039269826,7223
M-2022-9,87,20,1,0.00015339776039269826,7224
M-2022-9,87,25,1,0.00015339776039269826,7225
M-2022-9,87,28,1,0.00015339776039269826,7226
M-2022-9,87,33,1,0.00015339776039269826,7227
M-2022-9,87,49,1,0.00015339776039269826,7228
M-2022-9,87,61,1,0.00015339776039269826,7229
M-2022-9,87,63,1,0.00015339776039269826,7230
M-2022-9,87,68,1,0.00015339776039269826,7231
M-2022-9,87,78,1,0.00015339776039269826,7232
M-2022-9,87,79,1,0.00015339776039269826,7233
M-2022-9,87,84,1,0.00015339776039269826,7234
M-2022-9,87,93,1,0.00015339776039269826,7235
M-2022-9,87,95,1,0.00015339776039269826,7236
M-2022-9,87,107,1,0.00015339776039269826,7237
M-2022-9,87,108,1,0.00015339776039269826,7238
M-2022-9,87,110,1,0.00015339776039269826,7239
M-2022-9,87,122,1,0.00015339776039269826,7240
M-2022-9,87,130,1,0.00015339776039269826,7241
M-2022-9,87,133,1,0.00015339776039269826,7242
M-2022-9,87,139,1,0.00015339776039269826,7243
M-2022-9,87,143,1,0.00015339776039269826,7244
M-2022-9,87,158,1,0.00015339776039269826,7245
M-2022-9,87,175,1,0.00015339776039269826,7246
M-2022-9,131,18,4,0.00015320387605806426,7247
M-2022-9,131,117,4,0.00015320387605806426,7248
M-2022-9,131,155,4,0.00015320387605806426,7249
M-2022-9,18,21,4,0.0001517105362967458,7250
M-2022-9,18,96,4,0.0001517105362967458,7251
M-2022-9,18,99,4,0.0001517105362967458,7252
M-2022-9,18,135,4,0.0001517105362967458,7253
M-2022-9,18,154,4,0.0001517105362967458,7254
M-2022-9,18,157,4,0.0001517105362967458,7255
M-2022-9,18,176,4,0.0001517105362967458,7256
M-2022-9,86,39,6,0.00015108022359873092,7257
M-2022-9,86,71,6,0.00015108022359873092,7258
M-2022-9,86,126,6,0.00015108022359873092,7259
M-2022-9,86,157,6,0.00015108022359873092,7260
M-2022-9,96,28,8,0.00015098897780462027,7261
M-2022-9,96,50,8,0.00015098897780462027,7262
M-2022-9,96,98,8,0.00015098897780462027,7263
M-2022-9,96,137,8,0.00015098897780462027,7264
M-2022-9,60,46,6,0.00014836061520201772,7265
M-2022-9,60,105,6,0.00014836061520201772,7266
M-2022-9,60,126,6,0.00014836061520201772,7267
M-2022-9,71,115,11,0.00014629799571745867,7268
M-2022-9,71,155,11,0.00014629799571745867,7269
M-2022-9,100,27,4,0.00014567172875924104,7270
M-2022-9,100,101,4,0.00014567172875924104,7271
M-2022-9,133,43,7,0.00014483158156087064,7272
M-2022-9,133,175,7,0.00014483158156087064,7273
M-2022-9,108,2,1,0.00014465499783017504,7274
M-2022-9,108,12,1,0.00014465499783017504,7275
M-2022-9,108,40,1,0.00014465499783017504,7276
M-2022-9,108,46,1,0.00014465499783017504,7277
M-2022-9,108,60,1,0.00014465499783017504,7278
M-2022-9,108,61,1,0.00014465499783017504,7279
M-2022-9,108,62,1,0.00014465499783017504,7280
M-2022-9,108,74,1,0.00014465499783017504,7281
M-2022-9,108,75,1,0.00014465499783017504,7282
M-2022-9,108,79,1,0.00014465499783017504,7283
M-2022-9,108,90,1,0.00014465499783017504,7284
M-2022-9,108,129,1,0.00014465499783017504,7285
M-2022-9,108,131,1,0.00014465499783017504,7286
M-2022-9,108,138,1,0.00014465499783017504,7287
M-2022-9,108,141,1,0.00014465499783017504,7288
M-2022-9,108,143,1,0.00014465499783017504,7289
M-2022-9,108,155,1,0.00014465499783017504,7290
M-2022-9,108,163,1,0.00014465499783017504,7291
M-2022-9,108,175,1,0.00014465499783017504,7292
M-2022-9,142,21,4,0.00014362141395282037,7293
M-2022-9,142,23,4,0.00014362141395282037,7294
M-2022-9,142,52,4,0.00014362141395282037,7295
M-2022-9,142,72,4,0.00014362141395282037,7296
M-2022-9,142,86,4,0.00014362141395282037,7297
M-2022-9,142,123,4,0.00014362141395282037,7298
M-2022-9,142,135,4,0.00014362141395282037,7299
M-2022-9,142,138,4,0.00014362141395282037,7300
M-2022-9,142,159,4,0.00014362141395282037,7301
M-2022-9,117,76,10,0.0001428448990086564,7302
M-2022-9,117,128,10,0.0001428448990086564,7303
M-2022-9,117,135,10,0.0001428448990086564,7304
M-2022-9,117,163,10,0.0001428448990086564,7305
M-2022-9,75,14,2,0.0001427653651224213,7306
M-2022-9,75,53,2,0.0001427653651224213,7307
M-2022-9,75,108,2,0.0001427653651224213,7308
M-2022-9,75,116,2,0.0001427653651224213,7309
M-2022-9,122,53,8,0.00014248312465492367,7310
M-2022-9,122,90,8,0.00014248312465492367,7311
M-2022-9,153,127,10,0.00014197688616293268,7312
M-2022-9,53,4,1,0.0001405086412814388,7313
M-2022-9,53,8,1,0.0001405086412814388,7314
M-2022-9,53,20,1,0.0001405086412814388,7315
M-2022-9,53,22,1,0.0001405086412814388,7316
M-2022-9,53,29,1,0.0001405086412814388,7317
M-2022-9,53,32,1,0.0001405086412814388,7318
M-2022-9,53,33,1,0.0001405086412814388,7319
M-2022-9,53,34,1,0.0001405086412814388,7320
M-2022-9,53,35,1,0.0001405086412814388,7321
M-2022-9,53,42,1,0.0001405086412814388,7322
M-2022-9,53,48,1,0.0001405086412814388,7323
M-2022-9,53,59,1,0.0001405086412814388,7324
M-2022-9,53,60,1,0.0001405086412814388,7325
M-2022-9,53,61,1,0.0001405086412814388,7326
M-2022-9,53,63,1,0.0001405086412814388,7327
M-2022-9,53,68,1,0.0001405086412814388,7328
M-2022-9,53,74,1,0.0001405086412814388,7329
M-2022-9,53,79,1,0.0001405086412814388,7330
M-2022-9,53,87,1,0.0001405086412814388,7331
M-2022-9,53,93,1,0.0001405086412814388,7332
M-2022-9,53,99,1,0.0001405086412814388,7333
M-2022-9,53,100,1,0.0001405086412814388,7334
M-2022-9,53,104,1,0.0001405086412814388,7335
M-2022-9,53,112,1,0.0001405086412814388,7336
M-2022-9,53,118,1,0.0001405086412814388,7337
M-2022-9,53,134,1,0.0001405086412814388,7338
M-2022-9,53,140,1,0.0001405086412814388,7339
M-2022-9,53,146,1,0.0001405086412814388,7340
M-2022-9,53,158,1,0.0001405086412814388,7341
M-2022-9,53,160,1,0.0001405086412814388,7342
M-2022-9,53,165,1,0.0001405086412814388,7343
M-2022-9,53,177,1,0.0001405086412814388,7344
M-2022-9,29,17,4,0.00014025245441795232,7345
M-2022-9,29,51,4,0.00014025245441795232,7346
M-2022-9,29,78,4,0.00014025245441795232,7347
M-2022-9,29,130,4,0.00014025245441795232,7348
M-2022-9,155,1,1,0.00013902405116085083,7349
M-2022-9,155,3,1,0.00013902405116085083,7350
M-2022-9,155,4,1,0.00013902405116085083,7351
M-2022-9,155,9,1,0.00013902405116085083,7352
M-2022-9,155,10,1,0.00013902405116085083,7353
M-2022-9,155,11,1,0.00013902405116085083,7354
M-2022-9,155,17,1,0.00013902405116085083,7355
M-2022-9,155,21,1,0.00013902405116085083,7356
M-2022-9,155,22,1,0.00013902405116085083,7357
M-2022-9,155,30,1,0.00013902405116085083,7358
M-2022-9,155,33,1,0.00013902405116085083,7359
M-2022-9,155,46,1,0.00013902405116085083,7360
M-2022-9,155,52,1,0.00013902405116085083,7361
M-2022-9,155,56,1,0.00013902405116085083,7362
M-2022-9,155,78,1,0.00013902405116085083,7363
M-2022-9,155,81,1,0.00013902405116085083,7364
M-2022-9,155,84,1,0.00013902405116085083,7365
M-2022-9,155,89,1,0.00013902405116085083,7366
M-2022-9,155,96,1,0.00013902405116085083,7367
M-2022-9,155,101,1,0.00013902405116085083,7368
M-2022-9,155,105,1,0.00013902405116085083,7369
M-2022-9,155,111,1,0.00013902405116085083,7370
M-2022-9,155,123,1,0.00013902405116085083,7371
M-2022-9,155,125,1,0.00013902405116085083,7372
M-2022-9,155,132,1,0.00013902405116085083,7373
M-2022-9,155,134,1,0.00013902405116085083,7374
M-2022-9,155,160,1,0.00013902405116085083,7375
M-2022-9,155,164,1,0.00013902405116085083,7376
M-2022-9,155,166,1,0.00013902405116085083,7377
M-2022-9,155,168,1,0.00013902405116085083,7378
M-2022-9,25,12,6,0.0001387411552513527,7379
M-2022-9,25,29,6,0.0001387411552513527,7380
M-2022-9,25,78,6,0.0001387411552513527,7381
M-2022-9,25,114,6,0.0001387411552513527,7382
M-2022-9,25,125,6,0.0001387411552513527,7383
M-2022-9,25,135,6,0.0001387411552513527,7384
M-2022-9,25,140,6,0.0001387411552513527,7385
M-2022-9,25,143,6,0.0001387411552513527,7386
M-2022-9,97,122,6,0.00013818835072203412,7387
M-2022-9,77,25,5,0.00013749106308089975,7388
M-2022-9,77,70,5,0.00013749106308089975,7389
M-2022-9,77,90,5,0.00013749106308089975,7390
M-2022-9,77,91,5,0.00013749106308089975,7391
M-2022-9,49,23,4,0.00013667270304438446,7392
M-2022-9,49,124,4,0.00013667270304438446,7393
M-2022-9,98,77,8,0.00013659336156262805,7394
M-2022-9,98,122,8,0.00013659336156262805,7395
M-2022-9,149,11,7,0.00013642564802182812,7396
M-2022-9,149,12,7,0.00013642564802182812,7397
M-2022-9,149,46,7,0.00013642564802182812,7398
M-2022-9,149,50,7,0.00013642564802182812,7399
M-2022-9,82,51,5,0.00013625091969370794,7400
M-2022-9,82,61,5,0.00013625091969370794,7401
M-2022-9,82,136,5,0.00013625091969370794,7402
M-2022-9,82,158,5,0.00013625091969370794,7403
M-2022-9,124,5,3,0.00013598658265717782,7404
M-2022-9,124,45,3,0.00013598658265717782,7405
M-2022-9,124,52,3,0.00013598658265717782,7406
M-2022-9,124,53,3,0.00013598658265717782,7407
M-2022-9,124,60,3,0.00013598658265717782,7408
M-2022-9,124,80,3,0.00013598658265717782,7409
M-2022-9,124,123,3,0.00013598658265717782,7410
M-2022-9,124,147,3,0.00013598658265717782,7411
M-2022-9,124,154,3,0.00013598658265717782,7412
M-2022-9,124,157,3,0.00013598658265717782,7413
M-2022-9,124,163,3,0.00013598658265717782,7414
M-2022-9,101,98,7,0.00013584319813700758,7415
M-2022-9,95,102,4,0.00013542795232936077,7416
M-2022-9,95,149,4,0.00013542795232936077,7417
M-2022-9,50,12,1,0.00013517166801838335,7418
M-2022-9,50,31,1,0.00013517166801838335,7419
M-2022-9,50,33,1,0.00013517166801838335,7420
M-2022-9,50,38,1,0.00013517166801838335,7421
M-2022-9,50,39,1,0.00013517166801838335,7422
M-2022-9,50,51,1,0.00013517166801838335,7423
M-2022-9,50,62,1,0.00013517166801838335,7424
M-2022-9,50,64,1,0.00013517166801838335,7425
M-2022-9,50,72,1,0.00013517166801838335,7426
M-2022-9,50,75,1,0.00013517166801838335,7427
M-2022-9,50,130,1,0.00013517166801838335,7428
M-2022-9,50,143,1,0.00013517166801838335,7429
M-2022-9,50,148,1,0.00013517166801838335,7430
M-2022-9,50,154,1,0.00013517166801838335,7431
M-2022-9,50,166,1,0.00013517166801838335,7432
M-2022-9,50,167,1,0.00013517166801838335,7433
M-2022-9,50,176,1,0.00013517166801838335,7434
M-2022-9,14,8,1,0.0001337971635001338,7435
M-2022-9,14,13,1,0.0001337971635001338,7436
M-2022-9,14,20,1,0.0001337971635001338,7437
M-2022-9,14,24,1,0.0001337971635001338,7438
M-2022-9,14,34,1,0.0001337971635001338,7439
M-2022-9,14,39,1,0.0001337971635001338,7440
M-2022-9,14,47,1,0.0001337971635001338,7441
M-2022-9,14,73,1,0.0001337971635001338,7442
M-2022-9,14,84,1,0.0001337971635001338,7443
M-2022-9,14,87,1,0.0001337971635001338,7444
M-2022-9,14,90,1,0.0001337971635001338,7445
M-2022-9,14,94,1,0.0001337971635001338,7446
M-2022-9,14,99,1,0.0001337971635001338,7447
M-2022-9,14,104,1,0.0001337971635001338,7448
M-2022-9,14,107,1,0.0001337971635001338,7449
M-2022-9,14,109,1,0.0001337971635001338,7450
M-2022-9,14,120,1,0.0001337971635001338,7451
M-2022-9,14,131,1,0.0001337971635001338,7452
M-2022-9,14,132,1,0.0001337971635001338,7453
M-2022-9,14,138,1,0.0001337971635001338,7454
M-2022-9,14,151,1,0.0001337971635001338,7455
M-2022-9,14,152,1,0.0001337971635001338,7456
M-2022-9,14,162,1,0.0001337971635001338,7457
M-2022-9,14,174,1,0.0001337971635001338,7458
M-2022-9,14,177,1,0.0001337971635001338,7459
M-2022-9,99,26,3,0.00013346976909729946,7460
M-2022-9,99,60,3,0.00013346976909729946,7461
M-2022-9,99,151,3,0.00013346976909729946,7462
M-2022-9,99,153,3,0.00013346976909729946,7463
M-2022-9,71,32,10,0.00013299817792496242,7464
M-2022-9,71,60,10,0.00013299817792496242,7465
M-2022-9,71,150,10,0.00013299817792496242,7466
M-2022-9,96,115,7,0.00013211535557904272,7467
M-2022-9,96,176,7,0.00013211535557904272,7468
M-2022-9,93,16,4,0.00013173061090070805,7469
M-2022-9,93,43,4,0.00013173061090070805,7470
M-2022-9,93,99,4,0.00013173061090070805,7471
M-2022-9,93,138,4,0.00013173061090070805,7472
M-2022-9,73,66,2,0.0001309328968903437,7473
M-2022-9,73,90,2,0.0001309328968903437,7474
M-2022-9,73,96,2,0.0001309328968903437,7475
M-2022-9,73,133,2,0.0001309328968903437,7476
M-2022-9,73,142,2,0.0001309328968903437,7477
M-2022-9,138,48,3,0.00013051990428540353,7478
M-2022-9,138,175,3,0.00013051990428540353,7479
M-2022-9,175,12,5,0.00012893908917427406,7480
M-2022-9,175,28,5,0.00012893908917427406,7481
M-2022-9,175,31,5,0.00012893908917427406,7482
M-2022-9,175,50,5,0.00012893908917427406,7483
M-2022-9,175,105,5,0.00012893908917427406,7484
M-2022-9,117,67,9,0.00012856040910779075,7485
M-2022-9,117,91,9,0.00012856040910779075,7486
M-2022-9,117,147,9,0.00012856040910779075,7487
M-2022-9,117,148,9,0.00012856040910779075,7488
M-2022-9,153,26,9,0.0001277791975466394,7489
M-2022-9,153,29,9,0.0001277791975466394,7490
M-2022-9,153,78,9,0.0001277791975466394,7491
M-2022-9,153,95,9,0.0001277791975466394,7492
M-2022-9,153,160,9,0.0001277791975466394,7493
M-2022-9,171,12,1,0.0001277791975466394,7494
M-2022-9,171,14,1,0.0001277791975466394,7495
M-2022-9,171,16,1,0.0001277791975466394,7496
M-2022-9,171,17,1,0.0001277791975466394,7497
M-2022-9,171,23,1,0.0001277791975466394,7498
M-2022-9,171,26,1,0.0001277791975466394,7499
M-2022-9,171,27,1,0.0001277791975466394,7500
M-2022-9,171,37,1,0.0001277791975466394,7501
M-2022-9,171,38,1,0.0001277791975466394,7502
M-2022-9,171,41,1,0.0001277791975466394,7503
M-2022-9,171,96,1,0.0001277791975466394,7504
M-2022-9,171,105,1,0.0001277791975466394,7505
M-2022-9,171,118,1,0.0001277791975466394,7506
M-2022-9,171,123,1,0.0001277791975466394,7507
M-2022-9,171,124,1,0.0001277791975466394,7508
M-2022-9,171,126,1,0.0001277791975466394,7509
M-2022-9,171,132,1,0.0001277791975466394,7510
M-2022-9,171,139,1,0.0001277791975466394,7511
M-2022-9,171,146,1,0.0001277791975466394,7512
M-2022-9,171,149,1,0.0001277791975466394,7513
M-2022-9,171,154,1,0.0001277791975466394,7514
M-2022-9,171,159,1,0.0001277791975466394,7515
M-2022-9,171,161,1,0.0001277791975466394,7516
M-2022-9,171,162,1,0.0001277791975466394,7517
M-2022-9,171,168,1,0.0001277791975466394,7518
M-2022-9,51,1,2,0.00012678288431061807,7519
M-2022-9,51,27,2,0.00012678288431061807,7520
M-2022-9,51,29,2,0.00012678288431061807,7521
M-2022-9,51,63,2,0.00012678288431061807,7522
M-2022-9,51,66,2,0.00012678288431061807,7523
M-2022-9,51,78,2,0.00012678288431061807,7524
M-2022-9,51,79,2,0.00012678288431061807,7525
M-2022-9,51,85,2,0.00012678288431061807,7526
M-2022-9,51,92,2,0.00012678288431061807,7527
M-2022-9,51,97,2,0.00012678288431061807,7528
M-2022-9,51,100,2,0.00012678288431061807,7529
M-2022-9,51,115,2,0.00012678288431061807,7530
M-2022-9,51,136,2,0.00012678288431061807,7531
M-2022-9,86,13,5,0.00012590018633227578,7532
M-2022-9,86,23,5,0.00012590018633227578,7533
M-2022-9,86,124,5,0.00012590018633227578,7534
M-2022-9,86,125,5,0.00012590018633227578,7535
M-2022-9,23,3,1,0.00012490632025980515,7536
M-2022-9,23,14,1,0.00012490632025980515,7537
M-2022-9,23,15,1,0.00012490632025980515,7538
M-2022-9,23,32,1,0.00012490632025980515,7539
M-2022-9,23,37,1,0.00012490632025980515,7540
M-2022-9,23,49,1,0.00012490632025980515,7541
M-2022-9,23,50,1,0.00012490632025980515,7542
M-2022-9,23,60,1,0.00012490632025980515,7543
M-2022-9,23,61,1,0.00012490632025980515,7544
M-2022-9,23,68,1,0.00012490632025980515,7545
M-2022-9,23,86,1,0.00012490632025980515,7546
M-2022-9,23,87,1,0.00012490632025980515,7547
M-2022-9,23,108,1,0.00012490632025980515,7548
M-2022-9,23,114,1,0.00012490632025980515,7549
M-2022-9,23,128,1,0.00012490632025980515,7550
M-2022-9,23,136,1,0.00012490632025980515,7551
M-2022-9,23,137,1,0.00012490632025980515,7552
M-2022-9,23,151,1,0.00012490632025980515,7553
M-2022-9,23,157,1,0.00012490632025980515,7554
M-2022-9,23,163,1,0.00012490632025980515,7555
M-2022-9,23,171,1,0.00012490632025980515,7556
M-2022-9,23,172,1,0.00012490632025980515,7557
M-2022-9,23,176,1,0.00012490632025980515,7558
M-2022-9,122,108,7,0.00012467273407305821,7559
M-2022-9,122,130,7,0.00012467273407305821,7560
M-2022-9,122,140,7,0.00012467273407305821,7561
M-2022-9,122,155,7,0.00012467273407305821,7562
M-2022-9,133,25,6,0.0001241413556236034,7563
M-2022-9,133,142,6,0.0001241413556236034,7564
M-2022-9,133,147,6,0.0001241413556236034,7565
M-2022-9,60,19,5,0.00012363384600168142,7566
M-2022-9,60,117,5,0.00012363384600168142,7567
M-2022-9,60,155,5,0.00012363384600168142,7568
M-2022-9,134,17,1,0.00012297097884899163,7569
M-2022-9,134,19,1,0.00012297097884899163,7570
M-2022-9,134,23,1,0.00012297097884899163,7571
M-2022-9,134,74,1,0.00012297097884899163,7572
M-2022-9,134,75,1,0.00012297097884899163,7573
M-2022-9,134,96,1,0.00012297097884899163,7574
M-2022-9,134,115,1,0.00012297097884899163,7575
M-2022-9,134,143,1,0.00012297097884899163,7576
M-2022-9,134,148,1,0.00012297097884899163,7577
M-2022-9,134,175,1,0.00012297097884899163,7578
M-2022-9,132,17,2,0.00012184720360667723,7579
M-2022-9,132,18,2,0.00012184720360667723,7580
M-2022-9,132,77,2,0.00012184720360667723,7581
M-2022-9,132,99,2,0.00012184720360667723,7582
M-2022-9,132,125,2,0.00012184720360667723,7583
M-2022-9,132,127,2,0.00012184720360667723,7584
M-2022-9,132,163,2,0.00012184720360667723,7585
M-2022-9,132,168,2,0.00012184720360667723,7586
M-2022-9,83,4,3,0.00012181751735899622,7587
M-2022-9,83,62,3,0.00012181751735899622,7588
M-2022-9,83,82,3,0.00012181751735899622,7589
M-2022-9,83,86,3,0.00012181751735899622,7590
M-2022-9,83,96,3,0.00012181751735899622,7591
M-2022-9,83,101,3,0.00012181751735899622,7592
M-2022-9,83,129,3,0.00012181751735899622,7593
M-2022-9,83,156,3,0.00012181751735899622,7594
M-2022-9,156,11,3,0.00012029833988290961,7595
M-2022-9,156,39,3,0.00012029833988290961,7596
M-2022-9,156,77,3,0.00012029833988290961,7597
M-2022-9,156,96,3,0.00012029833988290961,7598
M-2022-9,156,99,3,0.00012029833988290961,7599
M-2022-9,156,106,3,0.00012029833988290961,7600
M-2022-9,156,112,3,0.00012029833988290961,7601
M-2022-9,156,126,3,0.00012029833988290961,7602
M-2022-9,156,134,3,0.00012029833988290961,7603
M-2022-9,71,40,9,0.00011969836013246618,7604
M-2022-9,71,70,9,0.00011969836013246618,7605
M-2022-9,71,141,9,0.00011969836013246618,7606
M-2022-9,98,53,7,0.00011951919136729955,7607
M-2022-9,62,12,2,0.00011730205278592375,7608
M-2022-9,62,17,2,0.00011730205278592375,7609
M-2022-9,62,35,2,0.00011730205278592375,7610
M-2022-9,62,77,2,0.00011730205278592375,7611
M-2022-9,62,115,2,0.00011730205278592375,7612
M-2022-9,62,116,2,0.00011730205278592375,7613
M-2022-9,62,125,2,0.00011730205278592375,7614
M-2022-9,62,131,2,0.00011730205278592375,7615
M-2022-9,62,136,2,0.00011730205278592375,7616
M-2022-9,62,149,2,0.00011730205278592375,7617
M-2022-9,62,168,2,0.00011730205278592375,7618
M-2022-9,149,41,6,0.00011693626973299552,7619
M-2022-9,149,75,6,0.00011693626973299552,7620
M-2022-9,149,159,6,0.00011693626973299552,7621
M-2022-9,149,166,6,0.00011693626973299552,7622
M-2022-9,78,61,3,0.00011607661056297156,7623
M-2022-9,78,111,3,0.00011607661056297156,7624
M-2022-9,78,149,3,0.00011607661056297156,7625
M-2022-9,61,25,2,0.00011576753878212549,7626
M-2022-9,61,53,2,0.00011576753878212549,7627
M-2022-9,61,78,2,0.00011576753878212549,7628
M-2022-9,61,105,2,0.00011576753878212549,7629
M-2022-9,61,143,2,0.00011576753878212549,7630
M-2022-9,61,148,2,0.00011576753878212549,7631
M-2022-9,25,18,5,0.00011561762937612727,7632
M-2022-9,25,75,5,0.00011561762937612727,7633
M-2022-9,25,99,5,0.00011561762937612727,7634
M-2022-9,25,139,5,0.00011561762937612727,7635
M-2022-9,129,11,3,0.00011532251864380719,7636
M-2022-9,129,17,3,0.00011532251864380719,7637
M-2022-9,129,21,3,0.00011532251864380719,7638
M-2022-9,129,30,3,0.00011532251864380719,7639
M-2022-9,129,41,3,0.00011532251864380719,7640
M-2022-9,129,71,3,0.00011532251864380719,7641
M-2022-9,129,83,3,0.00011532251864380719,7642
M-2022-9,129,113,3,0.00011532251864380719,7643
M-2022-9,129,131,3,0.00011532251864380719,7644
M-2022-9,129,135,3,0.00011532251864380719,7645
M-2022-9,129,172,3,0.00011532251864380719,7646
M-2022-9,97,53,5,0.00011515695893502845,7647
M-2022-9,97,83,5,0.00011515695893502845,7648
M-2022-9,97,93,5,0.00011515695893502845,7649
M-2022-9,97,158,5,0.00011515695893502845,7650
M-2022-9,131,99,3,0.0001149029070435482,7651
M-2022-9,131,126,3,0.0001149029070435482,7652
M-2022-9,131,135,3,0.0001149029070435482,7653
M-2022-9,117,13,8,0.00011427591920692512,7654
M-2022-9,117,15,8,0.00011427591920692512,7655
M-2022-9,117,45,8,0.00011427591920692512,7656
M-2022-9,117,116,8,0.00011427591920692512,7657
M-2022-9,140,83,5,0.00011415264491678272,7658
M-2022-9,140,95,5,0.00011415264491678272,7659
M-2022-9,140,122,5,0.00011415264491678272,7660
M-2022-9,140,124,5,0.00011415264491678272,7661
M-2022-9,140,172,5,0.00011415264491678272,7662
M-2022-9,18,50,3,0.00011378290222255936,7663
M-2022-9,18,111,3,0.00011378290222255936,7664
M-2022-9,18,163,3,0.00011378290222255936,7665
M-2022-9,153,27,8,0.00011358150893034614,7666
M-2022-9,153,116,8,0.00011358150893034614,7667
M-2022-9,96,0,6,0.0001132417333534652,7668
M-2022-9,96,3,6,0.0001132417333534652,7669
M-2022-9,96,9,6,0.0001132417333534652,7670
M-2022-9,96,10,6,0.0001132417333534652,7671
M-2022-9,96,49,6,0.0001132417333534652,7672
M-2022-9,115,16,2,0.00011247961307013104,7673
M-2022-9,115,29,2,0.00011247961307013104,7674
M-2022-9,115,44,2,0.00011247961307013104,7675
M-2022-9,115,46,2,0.00011247961307013104,7676
M-2022-9,115,66,2,0.00011247961307013104,7677
M-2022-9,115,96,2,0.00011247961307013104,7678
M-2022-9,115,148,2,0.00011247961307013104,7679
M-2022-9,123,26,1,0.00011004732034774953,7680
M-2022-9,123,45,1,0.00011004732034774953,7681
M-2022-9,123,46,1,0.00011004732034774953,7682
M-2022-9,123,71,1,0.00011004732034774953,7683
M-2022-9,123,77,1,0.00011004732034774953,7684
M-2022-9,123,78,1,0.00011004732034774953,7685
M-2022-9,123,125,1,0.00011004732034774953,7686
M-2022-9,123,138,1,0.00011004732034774953,7687
M-2022-9,123,140,1,0.00011004732034774953,7688
M-2022-9,123,155,1,0.00011004732034774953,7689
M-2022-9,77,13,4,0.0001099928504647198,7690
M-2022-9,77,46,4,0.0001099928504647198,7691
M-2022-9,77,53,4,0.0001099928504647198,7692
M-2022-9,77,96,4,0.0001099928504647198,7693
M-2022-9,77,129,4,0.0001099928504647198,7694
M-2022-9,172,11,1,0.00010992634934593822,7695
M-2022-9,172,15,1,0.00010992634934593822,7696
M-2022-9,172,16,1,0.00010992634934593822,7697
M-2022-9,172,32,1,0.00010992634934593822,7698
M-2022-9,172,48,1,0.00010992634934593822,7699
M-2022-9,172,63,1,0.00010992634934593822,7700
M-2022-9,172,68,1,0.00010992634934593822,7701
M-2022-9,172,71,1,0.00010992634934593822,7702
M-2022-9,172,75,1,0.00010992634934593822,7703
M-2022-9,172,76,1,0.00010992634934593822,7704
M-2022-9,172,95,1,0.00010992634934593822,7705
M-2022-9,172,100,1,0.00010992634934593822,7706
M-2022-9,172,101,1,0.00010992634934593822,7707
M-2022-9,172,104,1,0.00010992634934593822,7708
M-2022-9,172,125,1,0.00010992634934593822,7709
M-2022-9,172,130,1,0.00010992634934593822,7710
M-2022-9,172,142,1,0.00010992634934593822,7711
M-2022-9,172,147,1,0.00010992634934593822,7712
M-2022-9,172,175,1,0.00010992634934593822,7713
M-2022-9,172,177,1,0.00010992634934593822,7714
M-2022-9,100,29,3,0.00010925379656943078,7715
M-2022-9,100,129,3,0.00010925379656943078,7716
M-2022-9,100,130,3,0.00010925379656943078,7717
M-2022-9,82,20,4,0.00010900073575496634,7718
M-2022-9,82,26,4,0.00010900073575496634,7719
M-2022-9,82,66,4,0.00010900073575496634,7720
M-2022-9,82,116,4,0.00010900073575496634,7721
M-2022-9,82,138,4,0.00010900073575496634,7722
M-2022-9,82,141,4,0.00010900073575496634,7723
M-2022-9,142,10,3,0.00010771606046461527,7724
M-2022-9,142,11,3,0.00010771606046461527,7725
M-2022-9,142,18,3,0.00010771606046461527,7726
M-2022-9,142,19,3,0.00010771606046461527,7727
M-2022-9,142,36,3,0.00010771606046461527,7728
M-2022-9,142,63,3,0.00010771606046461527,7729
M-2022-9,142,70,3,0.00010771606046461527,7730
M-2022-9,142,80,3,0.00010771606046461527,7731
M-2022-9,142,96,3,0.00010771606046461527,7732
M-2022-9,142,127,3,0.00010771606046461527,7733
M-2022-9,142,166,3,0.00010771606046461527,7734
M-2022-9,142,172,3,0.00010771606046461527,7735
M-2022-9,122,80,6,0.00010686234349119276,7736
M-2022-9,71,9,8,0.00010639854233996994,7737
M-2022-9,71,63,8,0.00010639854233996994,7738
M-2022-9,71,111,8,0.00010639854233996994,7739
M-2022-9,29,16,3,0.00010518934081346424,7740
M-2022-9,29,39,3,0.00010518934081346424,7741
M-2022-9,29,85,3,0.00010518934081346424,7742
M-2022-9,29,140,3,0.00010518934081346424,7743
M-2022-9,29,146,3,0.00010518934081346424,7744
M-2022-9,29,166,3,0.00010518934081346424,7745
M-2022-9,136,19,2,0.00010411786141912645,7746
M-2022-9,136,22,2,0.00010411786141912645,7747
M-2022-9,136,44,2,0.00010411786141912645,7748
M-2022-9,136,105,2,0.00010411786141912645,7749
M-2022-9,136,126,2,0.00010411786141912645,7750
M-2022-9,136,140,2,0.00010411786141912645,7751
M-2022-9,136,141,2,0.00010411786141912645,7752
M-2022-9,24,1,1,0.00010379904504878556,7753
M-2022-9,24,11,1,0.00010379904504878556,7754
M-2022-9,24,17,1,0.00010379904504878556,7755
M-2022-9,24,43,1,0.00010379904504878556,7756
M-2022-9,24,49,1,0.00010379904504878556,7757
M-2022-9,24,84,1,0.00010379904504878556,7758
M-2022-9,24,86,1,0.00010379904504878556,7759
M-2022-9,24,104,1,0.00010379904504878556,7760
M-2022-9,24,117,1,0.00010379904504878556,7761
M-2022-9,24,132,1,0.00010379904504878556,7762
M-2022-9,24,151,1,0.00010379904504878556,7763
M-2022-9,24,155,1,0.00010379904504878556,7764
M-2022-9,24,173,1,0.00010379904504878556,7765
M-2022-9,133,28,5,0.00010345112968633617,7766
M-2022-9,133,128,5,0.00010345112968633617,7767
M-2022-9,133,129,5,0.00010345112968633617,7768
M-2022-9,158,3,1,0.00010326311441553078,7769
M-2022-9,158,4,1,0.00010326311441553078,7770
M-2022-9,158,9,1,0.00010326311441553078,7771
M-2022-9,158,16,1,0.00010326311441553078,7772
M-2022-9,158,17,1,0.00010326311441553078,7773
M-2022-9,158,22,1,0.00010326311441553078,7774
M-2022-9,158,55,1,0.00010326311441553078,7775
M-2022-9,158,64,1,0.00010326311441553078,7776
M-2022-9,158,76,1,0.00010326311441553078,7777
M-2022-9,158,92,1,0.00010326311441553078,7778
M-2022-9,158,93,1,0.00010326311441553078,7779
M-2022-9,158,96,1,0.00010326311441553078,7780
M-2022-9,158,101,1,0.00010326311441553078,7781
M-2022-9,158,106,1,0.00010326311441553078,7782
M-2022-9,158,110,1,0.00010326311441553078,7783
M-2022-9,158,112,1,0.00010326311441553078,7784
M-2022-9,158,121,1,0.00010326311441553078,7785
M-2022-9,158,126,1,0.00010326311441553078,7786
M-2022-9,158,131,1,0.00010326311441553078,7787
M-2022-9,158,138,1,0.00010326311441553078,7788
M-2022-9,158,146,1,0.00010326311441553078,7789
M-2022-9,158,159,1,0.00010326311441553078,7790
M-2022-9,158,165,1,0.00010326311441553078,7791
M-2022-9,158,171,1,0.00010326311441553078,7792
M-2022-9,175,2,4,0.00010315127133941927,7793
M-2022-9,175,4,4,0.00010315127133941927,7794
M-2022-9,175,26,4,0.00010315127133941927,7795
M-2022-9,175,70,4,0.00010315127133941927,7796
M-2022-9,175,97,4,0.00010315127133941927,7797
M-2022-9,175,115,4,0.00010315127133941927,7798
M-2022-9,175,130,4,0.00010315127133941927,7799
M-2022-9,175,138,4,0.00010315127133941927,7800
M-2022-9,175,141,4,0.00010315127133941927,7801
M-2022-9,175,172,4,0.00010315127133941927,7802
M-2022-9,19,41,2,0.00010272741281010838,7803
M-2022-9,19,50,2,0.00010272741281010838,7804
M-2022-9,19,55,2,0.00010272741281010838,7805
M-2022-9,19,66,2,0.00010272741281010838,7806
M-2022-9,19,96,2,0.00010272741281010838,7807
M-2022-9,19,134,2,0.00010272741281010838,7808
M-2022-9,19,151,2,0.00010272741281010838,7809
M-2022-9,19,166,2,0.00010272741281010838,7810
M-2022-9,19,176,2,0.00010272741281010838,7811
M-2022-9,49,14,3,0.00010250452728328834,7812
M-2022-9,49,18,3,0.00010250452728328834,7813
M-2022-9,49,62,3,0.00010250452728328834,7814
M-2022-9,49,70,3,0.00010250452728328834,7815
M-2022-9,49,96,3,0.00010250452728328834,7816
M-2022-9,49,99,3,0.00010250452728328834,7817
M-2022-9,49,112,3,0.00010250452728328834,7818
M-2022-9,49,155,3,0.00010250452728328834,7819
M-2022-9,95,16,3,0.00010157096424702059,7820
M-2022-9,95,50,3,0.00010157096424702059,7821
M-2022-9,95,77,3,0.00010157096424702059,7822
M-2022-9,95,83,3,0.00010157096424702059,7823
M-2022-9,86,45,4,0.00010072014906582061,7824
M-2022-9,86,115,4,0.00010072014906582061,7825
M-2022-9,86,131,4,0.00010072014906582061,7826
M-2022-9,86,158,4,0.00010072014906582061,7827
M-2022-9,117,39,7,9.999142930605948e-05,7828
M-2022-9,117,137,7,9.999142930605948e-05,7829
M-2022-9,117,151,7,9.999142930605948e-05,7830
M-2022-9,153,9,7,9.938382031405287e-05,7831
M-2022-9,153,21,7,9.938382031405287e-05,7832
M-2022-9,153,69,7,9.938382031405287e-05,7833
M-2022-9,153,170,7,9.938382031405287e-05,7834
M-2022-9,63,13,1,9.891196834817012e-05,7835
M-2022-9,63,17,1,9.891196834817012e-05,7836
M-2022-9,63,18,1,9.891196834817012e-05,7837
M-2022-9,63,26,1,9.891196834817012e-05,7838
M-2022-9,63,39,1,9.891196834817012e-05,7839
M-2022-9,63,53,1,9.891196834817012e-05,7840
M-2022-9,63,64,1,9.891196834817012e-05,7841
M-2022-9,63,74,1,9.891196834817012e-05,7842
M-2022-9,63,82,1,9.891196834817012e-05,7843
M-2022-9,63,83,1,9.891196834817012e-05,7844
M-2022-9,63,89,1,9.891196834817012e-05,7845
M-2022-9,63,101,1,9.891196834817012e-05,7846
M-2022-9,63,104,1,9.891196834817012e-05,7847
M-2022-9,63,112,1,9.891196834817012e-05,7848
M-2022-9,63,123,1,9.891196834817012e-05,7849
M-2022-9,63,130,1,9.891196834817012e-05,7850
M-2022-9,63,131,1,9.891196834817012e-05,7851
M-2022-9,63,132,1,9.891196834817012e-05,7852
M-2022-9,63,138,1,9.891196834817012e-05,7853
M-2022-9,63,147,1,9.891196834817012e-05,7854
M-2022-9,63,148,1,9.891196834817012e-05,7855
M-2022-9,63,163,1,9.891196834817012e-05,7856
M-2022-9,63,164,1,9.891196834817012e-05,7857
M-2022-9,63,168,1,9.891196834817012e-05,7858
M-2022-9,63,170,1,9.891196834817012e-05,7859
M-2022-9,63,172,1,9.891196834817012e-05,7860
M-2022-9,60,12,4,9.890707680134513e-05,7861
M-2022-9,60,45,4,9.890707680134513e-05,7862
M-2022-9,60,54,4,9.890707680134513e-05,7863
M-2022-9,60,82,4,9.890707680134513e-05,7864
M-2022-9,60,143,4,9.890707680134513e-05,7865
M-2022-9,93,20,3,9.879795817553103e-05,7866
M-2022-9,93,26,3,9.879795817553103e-05,7867
M-2022-9,93,45,3,9.879795817553103e-05,7868
M-2022-9,93,51,3,9.879795817553103e-05,7869
M-2022-9,93,111,3,9.879795817553103e-05,7870
M-2022-9,93,154,3,9.879795817553103e-05,7871
M-2022-9,17,16,1,9.863878477017163e-05,7872
M-2022-9,17,29,1,9.863878477017163e-05,7873
M-2022-9,17,56,1,9.863878477017163e-05,7874
M-2022-9,17,61,1,9.863878477017163e-05,7875
M-2022-9,17,74,1,9.863878477017163e-05,7876
M-2022-9,17,78,1,9.863878477017163e-05,7877
M-2022-9,17,81,1,9.863878477017163e-05,7878
M-2022-9,17,90,1,9.863878477017163e-05,7879
M-2022-9,17,92,1,9.863878477017163e-05,7880
M-2022-9,17,95,1,9.863878477017163e-05,7881
M-2022-9,17,100,1,9.863878477017163e-05,7882
M-2022-9,17,105,1,9.863878477017163e-05,7883
M-2022-9,17,149,1,9.863878477017163e-05,7884
M-2022-9,17,158,1,9.863878477017163e-05,7885
M-2022-9,17,171,1,9.863878477017163e-05,7886
M-2022-9,17,172,1,9.863878477017163e-05,7887
M-2022-9,149,15,5,9.744689144416293e-05,7888
M-2022-9,149,17,5,9.744689144416293e-05,7889
M-2022-9,149,20,5,9.744689144416293e-05,7890
M-2022-9,149,30,5,9.744689144416293e-05,7891
M-2022-9,149,62,5,9.744689144416293e-05,7892
M-2022-9,149,137,5,9.744689144416293e-05,7893
M-2022-9,149,163,5,9.744689144416293e-05,7894
M-2022-9,56,3,1,9.490367277213628e-05,7895
M-2022-9,56,25,1,9.490367277213628e-05,7896
M-2022-9,56,58,1,9.490367277213628e-05,7897
M-2022-9,56,83,1,9.490367277213628e-05,7898
M-2022-9,56,99,1,9.490367277213628e-05,7899
M-2022-9,56,107,1,9.490367277213628e-05,7900
M-2022-9,56,122,1,9.490367277213628e-05,7901
M-2022-9,56,149,1,9.490367277213628e-05,7902
M-2022-9,28,0,1,9.48316737790422e-05,7903
M-2022-9,28,1,1,9.48316737790422e-05,7904
M-2022-9,28,3,1,9.48316737790422e-05,7905
M-2022-9,28,10,1,9.48316737790422e-05,7906
M-2022-9,28,11,1,9.48316737790422e-05,7907
M-2022-9,28,15,1,9.48316737790422e-05,7908
M-2022-9,28,32,1,9.48316737790422e-05,7909
M-2022-9,28,41,1,9.48316737790422e-05,7910
M-2022-9,28,69,1,9.48316737790422e-05,7911
M-2022-9,28,70,1,9.48316737790422e-05,7912
M-2022-9,28,74,1,9.48316737790422e-05,7913
M-2022-9,28,89,1,9.48316737790422e-05,7914
M-2022-9,28,105,1,9.48316737790422e-05,7915
M-2022-9,28,119,1,9.48316737790422e-05,7916
M-2022-9,28,134,1,9.48316737790422e-05,7917
M-2022-9,28,157,1,9.48316737790422e-05,7918
M-2022-9,28,162,1,9.48316737790422e-05,7919
M-2022-9,28,165,1,9.48316737790422e-05,7920
M-2022-9,28,171,1,9.48316737790422e-05,7921
M-2022-9,96,90,5,9.436811112788767e-05,7922
M-2022-9,96,116,5,9.436811112788767e-05,7923
M-2022-9,71,86,7,9.30987245474737e-05,7924
M-2022-9,25,0,4,9.249410350090182e-05,7925
M-2022-9,25,11,4,9.249410350090182e-05,7926
M-2022-9,25,19,4,9.249410350090182e-05,7927
M-2022-9,25,42,4,9.249410350090182e-05,7928
M-2022-9,25,86,4,9.249410350090182e-05,7929
M-2022-9,25,101,4,9.249410350090182e-05,7930
M-2022-9,25,123,4,9.249410350090182e-05,7931
M-2022-9,25,137,4,9.249410350090182e-05,7932
M-2022-9,25,150,4,9.249410350090182e-05,7933
M-2022-9,25,170,4,9.249410350090182e-05,7934
M-2022-9,25,176,4,9.249410350090182e-05,7935
M-2022-9,72,2,1,9.224241306152569e-05,7936
M-2022-9,72,4,1,9.224241306152569e-05,7937
M-2022-9,72,25,1,9.224241306152569e-05,7938
M-2022-9,72,52,1,9.224241306152569e-05,7939
M-2022-9,72,53,1,9.224241306152569e-05,7940
M-2022-9,72,66,1,9.224241306152569e-05,7941
M-2022-9,72,83,1,9.224241306152569e-05,7942
M-2022-9,72,86,1,9.224241306152569e-05,7943
M-2022-9,72,97,1,9.224241306152569e-05,7944
M-2022-9,72,99,1,9.224241306152569e-05,7945
M-2022-9,72,111,1,9.224241306152569e-05,7946
M-2022-9,72,131,1,9.224241306152569e-05,7947
M-2022-9,72,133,1,9.224241306152569e-05,7948
M-2022-9,72,135,1,9.224241306152569e-05,7949
M-2022-9,72,136,1,9.224241306152569e-05,7950
M-2022-9,72,139,1,9.224241306152569e-05,7951
M-2022-9,72,154,1,9.224241306152569e-05,7952
M-2022-9,72,158,1,9.224241306152569e-05,7953
M-2022-9,72,159,1,9.224241306152569e-05,7954
M-2022-9,72,172,1,9.224241306152569e-05,7955
M-2022-9,97,22,4,9.212556714802275e-05,7956
M-2022-9,97,28,4,9.212556714802275e-05,7957
M-2022-9,97,111,4,9.212556714802275e-05,7958
M-2022-9,97,176,4,9.212556714802275e-05,7959
M-2022-9,140,84,4,9.132211593342618e-05,7960
M-2022-9,140,90,4,9.132211593342618e-05,7961
M-2022-9,140,130,4,9.132211593342618e-05,7962
M-2022-9,140,131,4,9.132211593342618e-05,7963
M-2022-9,140,143,4,9.132211593342618e-05,7964
M-2022-9,140,151,4,9.132211593342618e-05,7965
M-2022-9,140,154,4,9.132211593342618e-05,7966
M-2022-9,46,10,1,9.106638739641199e-05,7967
M-2022-9,46,17,1,9.106638739641199e-05,7968
M-2022-9,46,35,1,9.106638739641199e-05,7969
M-2022-9,46,37,1,9.106638739641199e-05,7970
M-2022-9,46,41,1,9.106638739641199e-05,7971
M-2022-9,46,42,1,9.106638739641199e-05,7972
M-2022-9,46,43,1,9.106638739641199e-05,7973
M-2022-9,46,70,1,9.106638739641199e-05,7974
M-2022-9,46,78,1,9.106638739641199e-05,7975
M-2022-9,46,96,1,9.106638739641199e-05,7976
M-2022-9,46,108,1,9.106638739641199e-05,7977
M-2022-9,46,123,1,9.106638739641199e-05,7978
M-2022-9,46,137,1,9.106638739641199e-05,7979
M-2022-9,46,146,1,9.106638739641199e-05,7980
M-2022-9,46,166,1,9.106638739641199e-05,7981
M-2022-9,46,176,1,9.106638739641199e-05,7982
M-2022-9,124,3,2,9.065772177145189e-05,7983
M-2022-9,124,13,2,9.065772177145189e-05,7984
M-2022-9,124,16,2,9.065772177145189e-05,7985
M-2022-9,124,36,2,9.065772177145189e-05,7986
M-2022-9,124,49,2,9.065772177145189e-05,7987
M-2022-9,124,62,2,9.065772177145189e-05,7988
M-2022-9,124,66,2,9.065772177145189e-05,7989
M-2022-9,124,68,2,9.065772177145189e-05,7990
M-2022-9,124,91,2,9.065772177145189e-05,7991
M-2022-9,124,98,2,9.065772177145189e-05,7992
M-2022-9,124,104,2,9.065772177145189e-05,7993
M-2022-9,124,105,2,9.065772177145189e-05,7994
M-2022-9,124,110,2,9.065772177145189e-05,7995
M-2022-9,124,150,2,9.065772177145189e-05,7996
M-2022-9,122,100,5,8.90519529093273e-05,7997
M-2022-9,99,2,2,8.897984606486631e-05,7998
M-2022-9,99,16,2,8.897984606486631e-05,7999
M-2022-9,99,45,2,8.897984606486631e-05,8000
M-2022-9,99,62,2,8.897984606486631e-05,8001
M-2022-9,99,123,2,8.897984606486631e-05,8002
M-2022-9,99,129,2,8.897984606486631e-05,8003
M-2022-9,99,176,2,8.897984606486631e-05,8004
M-2022-9,79,16,1,8.77654906090925e-05,8005
M-2022-9,79,25,1,8.77654906090925e-05,8006
M-2022-9,79,31,1,8.77654906090925e-05,8007
M-2022-9,79,40,1,8.77654906090925e-05,8008
M-2022-9,79,60,1,8.77654906090925e-05,8009
M-2022-9,79,70,1,8.77654906090925e-05,8010
M-2022-9,79,87,1,8.77654906090925e-05,8011
M-2022-9,79,95,1,8.77654906090925e-05,8012
M-2022-9,79,116,1,8.77654906090925e-05,8013
M-2022-9,79,122,1,8.77654906090925e-05,8014
M-2022-9,79,124,1,8.77654906090925e-05,8015
M-2022-9,79,131,1,8.77654906090925e-05,8016
M-2022-9,79,135,1,8.77654906090925e-05,8017
M-2022-9,79,136,1,8.77654906090925e-05,8018
M-2022-9,79,138,1,8.77654906090925e-05,8019
M-2022-9,79,141,1,8.77654906090925e-05,8020
M-2022-9,79,156,1,8.77654906090925e-05,8021
M-2022-9,79,164,1,8.77654906090925e-05,8022
M-2022-9,138,12,2,8.701326952360235e-05,8023
M-2022-9,138,16,2,8.701326952360235e-05,8024
M-2022-9,138,39,2,8.701326952360235e-05,8025
M-2022-9,138,126,2,8.701326952360235e-05,8026
M-2022-9,138,159,2,8.701326952360235e-05,8027
M-2022-9,138,163,2,8.701326952360235e-05,8028
M-2022-9,138,168,2,8.701326952360235e-05,8029
M-2022-9,98,86,5,8.537085097664254e-05,8030
M-2022-9,98,165,5,8.537085097664254e-05,8031
M-2022-9,153,72,6,8.51861316977596e-05,8032
M-2022-9,153,76,6,8.51861316977596e-05,8033
M-2022-9,153,79,6,8.51861316977596e-05,8034
M-2022-9,153,99,6,8.51861316977596e-05,8035
M-2022-9,133,2,4,8.276090374906894e-05,8036
M-2022-9,133,82,4,8.276090374906894e-05,8037
M-2022-9,77,17,3,8.249463784853984e-05,8038
M-2022-9,77,55,3,8.249463784853984e-05,8039
M-2022-9,77,86,3,8.249463784853984e-05,8040
M-2022-9,77,102,3,8.249463784853984e-05,8041
M-2022-9,77,116,3,8.249463784853984e-05,8042
M-2022-9,77,124,3,8.249463784853984e-05,8043
M-2022-9,77,131,3,8.249463784853984e-05,8044
M-2022-9,77,133,3,8.249463784853984e-05,8045
M-2022-9,82,32,3,8.175055181622476e-05,8046
M-2022-9,82,79,3,8.175055181622476e-05,8047
M-2022-9,82,111,3,8.175055181622476e-05,8048
M-2022-9,82,115,3,8.175055181622476e-05,8049
M-2022-9,83,16,2,8.121167823933082e-05,8050
M-2022-9,83,25,2,8.121167823933082e-05,8051
M-2022-9,83,29,2,8.121167823933082e-05,8052
M-2022-9,83,76,2,8.121167823933082e-05,8053
M-2022-9,83,106,2,8.121167823933082e-05,8054
M-2022-9,83,126,2,8.121167823933082e-05,8055
M-2022-9,83,139,2,8.121167823933082e-05,8056
M-2022-9,156,32,2,8.019889325527307e-05,8057
M-2022-9,156,36,2,8.019889325527307e-05,8058
M-2022-9,156,66,2,8.019889325527307e-05,8059
M-2022-9,156,70,2,8.019889325527307e-05,8060
M-2022-9,156,72,2,8.019889325527307e-05,8061
M-2022-9,156,81,2,8.019889325527307e-05,8062
M-2022-9,156,88,2,8.019889325527307e-05,8063
M-2022-9,156,100,2,8.019889325527307e-05,8064
M-2022-9,156,101,2,8.019889325527307e-05,8065
M-2022-9,156,102,2,8.019889325527307e-05,8066
M-2022-9,156,119,2,8.019889325527307e-05,8067
M-2022-9,156,120,2,8.019889325527307e-05,8068
M-2022-9,156,137,2,8.019889325527307e-05,8069
M-2022-9,156,165,2,8.019889325527307e-05,8070
M-2022-9,156,172,2,8.019889325527307e-05,8071
M-2022-9,71,46,6,7.979890675497746e-05,8072
M-2022-9,71,50,6,7.979890675497746e-05,8073
M-2022-9,71,59,6,7.979890675497746e-05,8074
M-2022-9,71,131,6,7.979890675497746e-05,8075
M-2022-9,71,176,6,7.979890675497746e-05,8076
M-2022-9,149,23,4,7.795751315533035e-05,8077
M-2022-9,149,67,4,7.795751315533035e-05,8078
M-2022-9,149,78,4,7.795751315533035e-05,8079
M-2022-9,149,148,4,7.795751315533035e-05,8080
M-2022-9,101,3,4,7.76246846497186e-05,8081
M-2022-9,78,46,2,7.738440704198104e-05,8082
M-2022-9,78,85,2,7.738440704198104e-05,8083
M-2022-9,78,116,2,7.738440704198104e-05,8084
M-2022-9,78,124,2,7.738440704198104e-05,8085
M-2022-9,78,128,2,7.738440704198104e-05,8086
M-2022-9,78,130,2,7.738440704198104e-05,8087
M-2022-9,78,137,2,7.738440704198104e-05,8088
M-2022-9,78,139,2,7.738440704198104e-05,8089
M-2022-9,175,13,3,7.736345350456444e-05,8090
M-2022-9,175,22,3,7.736345350456444e-05,8091
M-2022-9,175,23,3,7.736345350456444e-05,8092
M-2022-9,175,36,3,7.736345350456444e-05,8093
M-2022-9,175,51,3,7.736345350456444e-05,8094
M-2022-9,175,68,3,7.736345350456444e-05,8095
M-2022-9,175,86,3,7.736345350456444e-05,8096
M-2022-9,175,116,3,7.736345350456444e-05,8097
M-2022-9,175,139,3,7.736345350456444e-05,8098
M-2022-9,175,170,3,7.736345350456444e-05,8099
M-2022-9,129,32,2,7.688167909587145e-05,8100
M-2022-9,129,43,2,7.688167909587145e-05,8101
M-2022-9,129,50,2,7.688167909587145e-05,8102
M-2022-9,129,74,2,7.688167909587145e-05,8103
M-2022-9,129,82,2,7.688167909587145e-05,8104
M-2022-9,129,107,2,7.688167909587145e-05,8105
M-2022-9,129,109,2,7.688167909587145e-05,8106
M-2022-9,129,122,2,7.688167909587145e-05,8107
M-2022-9,129,128,2,7.688167909587145e-05,8108
M-2022-9,129,165,2,7.688167909587145e-05,8109
M-2022-9,129,166,2,7.688167909587145e-05,8110
M-2022-9,129,175,2,7.688167909587145e-05,8111
M-2022-9,131,53,2,7.660193802903213e-05,8112
M-2022-9,131,60,2,7.660193802903213e-05,8113
M-2022-9,131,77,2,7.660193802903213e-05,8114
M-2022-9,18,32,2,7.58552681483729e-05,8115
M-2022-9,18,39,2,7.58552681483729e-05,8116
M-2022-9,18,51,2,7.58552681483729e-05,8117
M-2022-9,18,77,2,7.58552681483729e-05,8118
M-2022-9,18,78,2,7.58552681483729e-05,8119
M-2022-9,18,87,2,7.58552681483729e-05,8120
M-2022-9,18,103,2,7.58552681483729e-05,8121
M-2022-9,18,147,2,7.58552681483729e-05,8122
M-2022-9,86,18,3,7.554011179936546e-05,8123
M-2022-9,86,25,3,7.554011179936546e-05,8124
M-2022-9,86,77,3,7.554011179936546e-05,8125
M-2022-9,86,101,3,7.554011179936546e-05,8126
M-2022-9,86,104,3,7.554011179936546e-05,8127
M-2022-9,86,118,3,7.554011179936546e-05,8128
M-2022-9,86,134,3,7.554011179936546e-05,8129
M-2022-9,86,138,3,7.554011179936546e-05,8130
M-2022-9,96,54,4,7.549448890231014e-05,8131
M-2022-9,96,129,4,7.549448890231014e-05,8132
M-2022-9,96,160,4,7.549448890231014e-05,8133
M-2022-9,102,1,3,7.453971724600591e-05,8134
M-2022-9,102,18,3,7.453971724600591e-05,8135
M-2022-9,102,45,3,7.453971724600591e-05,8136
M-2022-9,102,101,3,7.453971724600591e-05,8137
M-2022-9,102,130,3,7.453971724600591e-05,8138
M-2022-9,60,83,3,7.418030760100886e-05,8139
M-2022-9,60,131,3,7.418030760100886e-05,8140
M-2022-9,60,151,3,7.418030760100886e-05,8141
M-2022-9,60,162,3,7.418030760100886e-05,8142
M-2022-9,100,96,2,7.283586437962052e-05,8143
M-2022-9,100,113,2,7.283586437962052e-05,8144
M-2022-9,142,1,2,7.181070697641019e-05,8145
M-2022-9,142,16,2,7.181070697641019e-05,8146
M-2022-9,142,26,2,7.181070697641019e-05,8147
M-2022-9,142,62,2,7.181070697641019e-05,8148
M-2022-9,142,66,2,7.181070697641019e-05,8149
M-2022-9,142,99,2,7.181070697641019e-05,8150
M-2022-9,142,121,2,7.181070697641019e-05,8151
M-2022-9,142,141,2,7.181070697641019e-05,8152
M-2022-9,142,147,2,7.181070697641019e-05,8153
M-2022-9,142,151,2,7.181070697641019e-05,8154
M-2022-9,142,157,2,7.181070697641019e-05,8155
M-2022-9,142,171,2,7.181070697641019e-05,8156
M-2022-9,117,35,5,7.14224495043282e-05,8157
M-2022-9,117,56,5,7.14224495043282e-05,8158
M-2022-9,117,62,5,7.14224495043282e-05,8159
M-2022-9,117,79,5,7.14224495043282e-05,8160
M-2022-9,117,107,5,7.14224495043282e-05,8161
M-2022-9,117,162,5,7.14224495043282e-05,8162
M-2022-9,117,168,5,7.14224495043282e-05,8163
M-2022-9,75,3,1,7.138268256121065e-05,8164
M-2022-9,75,17,1,7.138268256121065e-05,8165
M-2022-9,75,24,1,7.138268256121065e-05,8166
M-2022-9,75,74,1,7.138268256121065e-05,8167
M-2022-9,75,81,1,7.138268256121065e-05,8168
M-2022-9,75,85,1,7.138268256121065e-05,8169
M-2022-9,75,95,1,7.138268256121065e-05,8170
M-2022-9,75,111,1,7.138268256121065e-05,8171
M-2022-9,75,115,1,7.138268256121065e-05,8172
M-2022-9,75,134,1,7.138268256121065e-05,8173
M-2022-9,75,135,1,7.138268256121065e-05,8174
M-2022-9,75,139,1,7.138268256121065e-05,8175
M-2022-9,75,152,1,7.138268256121065e-05,8176
M-2022-9,75,158,1,7.138268256121065e-05,8177
M-2022-9,122,43,4,7.124156232746183e-05,8178
M-2022-9,122,75,4,7.124156232746183e-05,8179
M-2022-9,122,87,4,7.124156232746183e-05,8180
M-2022-9,122,114,4,7.124156232746183e-05,8181
M-2022-9,122,143,4,7.124156232746183e-05,8182
M-2022-9,122,164,4,7.124156232746183e-05,8183
M-2022-9,153,108,5,7.098844308146634e-05,8184
M-2022-9,29,37,2,7.012622720897616e-05,8185
M-2022-9,29,90,2,7.012622720897616e-05,8186
M-2022-9,29,120,2,7.012622720897616e-05,8187
M-2022-9,29,162,2,7.012622720897616e-05,8188
M-2022-9,25,24,3,6.937057762567636e-05,8189
M-2022-9,25,56,3,6.937057762567636e-05,8190
M-2022-9,25,60,3,6.937057762567636e-05,8191
M-2022-9,25,79,3,6.937057762567636e-05,8192
M-2022-9,25,85,3,6.937057762567636e-05,8193
M-2022-9,25,100,3,6.937057762567636e-05,8194
M-2022-9,25,110,3,6.937057762567636e-05,8195
M-2022-9,25,138,3,6.937057762567636e-05,8196
M-2022-9,140,14,3,6.849158695006963e-05,8197
M-2022-9,140,31,3,6.849158695006963e-05,8198
M-2022-9,140,63,3,6.849158695006963e-05,8199
M-2022-9,140,74,3,6.849158695006963e-05,8200
M-2022-9,140,98,3,6.849158695006963e-05,8201
M-2022-9,140,127,3,6.849158695006963e-05,8202
M-2022-9,140,136,3,6.849158695006963e-05,8203
M-2022-9,49,10,2,6.833635152219223e-05,8204
M-2022-9,49,25,2,6.833635152219223e-05,8205
M-2022-9,49,26,2,6.833635152219223e-05,8206
M-2022-9,49,53,2,6.833635152219223e-05,8207
M-2022-9,49,69,2,6.833635152219223e-05,8208
M-2022-9,49,84,2,6.833635152219223e-05,8209
M-2022-9,49,87,2,6.833635152219223e-05,8210
M-2022-9,49,121,2,6.833635152219223e-05,8211
M-2022-9,49,128,2,6.833635152219223e-05,8212
M-2022-9,49,148,2,6.833635152219223e-05,8213
M-2022-9,98,25,4,6.829668078131402e-05,8214
M-2022-9,98,91,4,6.829668078131402e-05,8215
M-2022-9,98,158,4,6.829668078131402e-05,8216
M-2022-9,95,55,2,6.771397616468039e-05,8217
M-2022-9,95,142,2,6.771397616468039e-05,8218
M-2022-9,71,96,5,6.649908896248121e-05,8219
M-2022-9,71,157,5,6.649908896248121e-05,8220
M-2022-9,71,168,5,6.649908896248121e-05,8221
M-2022-9,93,9,2,6.586530545035402e-05,8222
M-2022-9,93,66,2,6.586530545035402e-05,8223
M-2022-9,93,72,2,6.586530545035402e-05,8224
M-2022-9,93,73,2,6.586530545035402e-05,8225
M-2022-9,93,120,2,6.586530545035402e-05,8226
M-2022-9,93,141,2,6.586530545035402e-05,8227
M-2022-9,93,162,2,6.586530545035402e-05,8228
M-2022-9,93,166,2,6.586530545035402e-05,8229
M-2022-9,93,172,2,6.586530545035402e-05,8230
M-2022-9,73,19,1,6.546644844517185e-05,8231
M-2022-9,73,25,1,6.546644844517185e-05,8232
M-2022-9,73,49,1,6.546644844517185e-05,8233
M-2022-9,73,59,1,6.546644844517185e-05,8234
M-2022-9,73,70,1,6.546644844517185e-05,8235
M-2022-9,73,72,1,6.546644844517185e-05,8236
M-2022-9,73,93,1,6.546644844517185e-05,8237
M-2022-9,73,122,1,6.546644844517185e-05,8238
M-2022-9,73,124,1,6.546644844517185e-05,8239
M-2022-9,73,137,1,6.546644844517185e-05,8240
M-2022-9,73,149,1,6.546644844517185e-05,8241
M-2022-9,73,155,1,6.546644844517185e-05,8242
M-2022-9,73,156,1,6.546644844517185e-05,8243
M-2022-9,73,175,1,6.546644844517185e-05,8244
M-2022-9,51,3,1,6.339144215530903e-05,8245
M-2022-9,51,6,1,6.339144215530903e-05,8246
M-2022-9,51,10,1,6.339144215530903e-05,8247
M-2022-9,51,11,1,6.339144215530903e-05,8248
M-2022-9,51,22,1,6.339144215530903e-05,8249
M-2022-9,51,23,1,6.339144215530903e-05,8250
M-2022-9,51,31,1,6.339144215530903e-05,8251
M-2022-9,51,38,1,6.339144215530903e-05,8252
M-2022-9,51,64,1,6.339144215530903e-05,8253
M-2022-9,51,76,1,6.339144215530903e-05,8254
M-2022-9,51,84,1,6.339144215530903e-05,8255
M-2022-9,51,88,1,6.339144215530903e-05,8256
M-2022-9,51,94,1,6.339144215530903e-05,8257
M-2022-9,51,95,1,6.339144215530903e-05,8258
M-2022-9,51,105,1,6.339144215530903e-05,8259
M-2022-9,51,107,1,6.339144215530903e-05,8260
M-2022-9,51,110,1,6.339144215530903e-05,8261
M-2022-9,51,133,1,6.339144215530903e-05,8262
M-2022-9,51,139,1,6.339144215530903e-05,8263
M-2022-9,51,141,1,6.339144215530903e-05,8264
M-2022-9,51,143,1,6.339144215530903e-05,8265
M-2022-9,51,152,1,6.339144215530903e-05,8266
M-2022-9,51,157,1,6.339144215530903e-05,8267
M-2022-9,51,159,1,6.339144215530903e-05,8268
M-2022-9,51,172,1,6.339144215530903e-05,8269
M-2022-9,51,175,1,6.339144215530903e-05,8270
M-2022-9,133,10,3,6.20706778118017e-05,8271
M-2022-9,133,12,3,6.20706778118017e-05,8272
M-2022-9,133,46,3,6.20706778118017e-05,8273
M-2022-9,133,51,3,6.20706778118017e-05,8274
M-2022-9,133,63,3,6.20706778118017e-05,8275
M-2022-9,133,75,3,6.20706778118017e-05,8276
M-2022-9,132,12,1,6.0923601803338614e-05,8277
M-2022-9,132,13,1,6.0923601803338614e-05,8278
M-2022-9,132,28,1,6.0923601803338614e-05,8279
M-2022-9,132,31,1,6.0923601803338614e-05,8280
M-2022-9,132,41,1,6.0923601803338614e-05,8281
M-2022-9,132,42,1,6.0923601803338614e-05,8282
M-2022-9,132,43,1,6.0923601803338614e-05,8283
M-2022-9,132,45,1,6.0923601803338614e-05,8284
M-2022-9,132,50,1,6.0923601803338614e-05,8285
M-2022-9,132,53,1,6.0923601803338614e-05,8286
M-2022-9,132,64,1,6.0923601803338614e-05,8287
M-2022-9,132,71,1,6.0923601803338614e-05,8288
M-2022-9,132,72,1,6.0923601803338614e-05,8289
M-2022-9,132,83,1,6.0923601803338614e-05,8290
M-2022-9,132,86,1,6.0923601803338614e-05,8291
M-2022-9,132,105,1,6.0923601803338614e-05,8292
M-2022-9,132,108,1,6.0923601803338614e-05,8293
M-2022-9,132,138,1,6.0923601803338614e-05,8294
M-2022-9,132,151,1,6.0923601803338614e-05,8295
M-2022-9,132,158,1,6.0923601803338614e-05,8296
M-2022-9,132,166,1,6.0923601803338614e-05,8297
M-2022-9,132,171,1,6.0923601803338614e-05,8298
M-2022-9,62,14,1,5.865102639296188e-05,8299
M-2022-9,62,18,1,5.865102639296188e-05,8300
M-2022-9,62,22,1,5.865102639296188e-05,8301
M-2022-9,62,25,1,5.865102639296188e-05,8302
M-2022-9,62,26,1,5.865102639296188e-05,8303
M-2022-9,62,30,1,5.865102639296188e-05,8304
M-2022-9,62,57,1,5.865102639296188e-05,8305
M-2022-9,62,59,1,5.865102639296188e-05,8306
M-2022-9,62,74,1,5.865102639296188e-05,8307
M-2022-9,62,79,1,5.865102639296188e-05,8308
M-2022-9,62,89,1,5.865102639296188e-05,8309
M-2022-9,62,100,1,5.865102639296188e-05,8310
M-2022-9,62,101,1,5.865102639296188e-05,8311
M-2022-9,62,122,1,5.865102639296188e-05,8312
M-2022-9,62,124,1,5.865102639296188e-05,8313
M-2022-9,62,126,1,5.865102639296188e-05,8314
M-2022-9,62,132,1,5.865102639296188e-05,8315
M-2022-9,62,135,1,5.865102639296188e-05,8316
M-2022-9,62,144,1,5.865102639296188e-05,8317
M-2022-9,62,148,1,5.865102639296188e-05,8318
M-2022-9,62,154,1,5.865102639296188e-05,8319
M-2022-9,62,162,1,5.865102639296188e-05,8320
M-2022-9,149,33,3,5.846813486649776e-05,8321
M-2022-9,149,56,3,5.846813486649776e-05,8322
M-2022-9,149,87,3,5.846813486649776e-05,8323
M-2022-9,149,103,3,5.846813486649776e-05,8324
M-2022-9,149,123,3,5.846813486649776e-05,8325
M-2022-9,149,126,3,5.846813486649776e-05,8326
M-2022-9,149,141,3,5.846813486649776e-05,8327
M-2022-9,149,152,3,5.846813486649776e-05,8328
M-2022-9,61,8,1,5.788376939106274e-05,8329
M-2022-9,61,13,1,5.788376939106274e-05,8330
M-2022-9,61,21,1,5.788376939106274e-05,8331
M-2022-9,61,41,1,5.788376939106274e-05,8332
M-2022-9,61,43,1,5.788376939106274e-05,8333
M-2022-9,61,45,1,5.788376939106274e-05,8334
M-2022-9,61,54,1,5.788376939106274e-05,8335
M-2022-9,61,55,1,5.788376939106274e-05,8336
M-2022-9,61,66,1,5.788376939106274e-05,8337
M-2022-9,61,74,1,5.788376939106274e-05,8338
M-2022-9,61,77,1,5.788376939106274e-05,8339
M-2022-9,61,82,1,5.788376939106274e-05,8340
M-2022-9,61,87,1,5.788376939106274e-05,8341
M-2022-9,61,101,1,5.788376939106274e-05,8342
M-2022-9,61,104,1,5.788376939106274e-05,8343
M-2022-9,61,107,1,5.788376939106274e-05,8344
M-2022-9,61,108,1,5.788376939106274e-05,8345
M-2022-9,61,112,1,5.788376939106274e-05,8346
M-2022-9,61,118,1,5.788376939106274e-05,8347
M-2022-9,61,119,1,5.788376939106274e-05,8348
M-2022-9,61,130,1,5.788376939106274e-05,8349
M-2022-9,61,141,1,5.788376939106274e-05,8350
M-2022-9,61,150,1,5.788376939106274e-05,8351
M-2022-9,61,154,1,5.788376939106274e-05,8352
M-2022-9,61,158,1,5.788376939106274e-05,8353
M-2022-9,61,172,1,5.788376939106274e-05,8354
M-2022-9,117,69,4,5.713795960346256e-05,8355
M-2022-9,117,109,4,5.713795960346256e-05,8356
M-2022-9,117,150,4,5.713795960346256e-05,8357
M-2022-9,153,62,4,5.679075446517307e-05,8358
M-2022-9,153,80,4,5.679075446517307e-05,8359
M-2022-9,153,101,4,5.679075446517307e-05,8360
M-2022-9,153,118,4,5.679075446517307e-05,8361
M-2022-9,153,123,4,5.679075446517307e-05,8362
M-2022-9,96,22,3,5.66208666767326e-05,8363
M-2022-9,96,76,3,5.66208666767326e-05,8364
M-2022-9,96,95,3,5.66208666767326e-05,8365
M-2022-9,96,155,3,5.66208666767326e-05,8366
M-2022-9,96,175,3,5.66208666767326e-05,8367
M-2022-9,115,99,1,5.623980653506552e-05,8368
M-2022-9,115,111,1,5.623980653506552e-05,8369
M-2022-9,115,124,1,5.623980653506552e-05,8370
M-2022-9,115,126,1,5.623980653506552e-05,8371
M-2022-9,115,132,1,5.623980653506552e-05,8372
M-2022-9,115,144,1,5.623980653506552e-05,8373
M-2022-9,115,147,1,5.623980653506552e-05,8374
M-2022-9,77,20,2,5.49964252323599e-05,8375
M-2022-9,77,26,2,5.49964252323599e-05,8376
M-2022-9,77,66,2,5.49964252323599e-05,8377
M-2022-9,77,93,2,5.49964252323599e-05,8378
M-2022-9,77,95,2,5.49964252323599e-05,8379
M-2022-9,77,97,2,5.49964252323599e-05,8380
M-2022-9,77,134,2,5.49964252323599e-05,8381
M-2022-9,77,138,2,5.49964252323599e-05,8382
M-2022-9,77,154,2,5.49964252323599e-05,8383
M-2022-9,77,163,2,5.49964252323599e-05,8384
M-2022-9,77,164,2,5.49964252323599e-05,8385
M-2022-9,82,1,2,5.450036787748317e-05,8386
M-2022-9,82,16,2,5.450036787748317e-05,8387
M-2022-9,82,24,2,5.450036787748317e-05,8388
M-2022-9,82,30,2,5.450036787748317e-05,8389
M-2022-9,82,53,2,5.450036787748317e-05,8390
M-2022-9,82,105,2,5.450036787748317e-05,8391
M-2022-9,82,131,2,5.450036787748317e-05,8392
M-2022-9,82,148,2,5.450036787748317e-05,8393
M-2022-9,82,157,2,5.450036787748317e-05,8394
M-2022-9,82,159,2,5.450036787748317e-05,8395
M-2022-9,82,166,2,5.450036787748317e-05,8396
M-2022-9,122,16,3,5.343117174559638e-05,8397
M-2022-9,122,61,3,5.343117174559638e-05,8398
M-2022-9,122,125,3,5.343117174559638e-05,8399
M-2022-9,122,137,3,5.343117174559638e-05,8400
M-2022-9,71,83,4,5.319927116998497e-05,8401
M-2022-9,71,97,4,5.319927116998497e-05,8402
M-2022-9,71,121,4,5.319927116998497e-05,8403
M-2022-9,71,172,4,5.319927116998497e-05,8404
M-2022-9,71,174,4,5.319927116998497e-05,8405
M-2022-9,136,9,1,5.2058930709563226e-05,8406
M-2022-9,136,10,1,5.2058930709563226e-05,8407
M-2022-9,136,14,1,5.2058930709563226e-05,8408
M-2022-9,136,32,1,5.2058930709563226e-05,8409
M-2022-9,136,35,1,5.2058930709563226e-05,8410
M-2022-9,136,39,1,5.2058930709563226e-05,8411
M-2022-9,136,43,1,5.2058930709563226e-05,8412
M-2022-9,136,51,1,5.2058930709563226e-05,8413
M-2022-9,136,52,1,5.2058930709563226e-05,8414
M-2022-9,136,67,1,5.2058930709563226e-05,8415
M-2022-9,136,80,1,5.2058930709563226e-05,8416
M-2022-9,136,81,1,5.2058930709563226e-05,8417
M-2022-9,136,96,1,5.2058930709563226e-05,8418
M-2022-9,136,112,1,5.2058930709563226e-05,8419
M-2022-9,136,116,1,5.2058930709563226e-05,8420
M-2022-9,136,119,1,5.2058930709563226e-05,8421
M-2022-9,136,120,1,5.2058930709563226e-05,8422
M-2022-9,136,128,1,5.2058930709563226e-05,8423
M-2022-9,136,134,1,5.2058930709563226e-05,8424
M-2022-9,136,138,1,5.2058930709563226e-05,8425
M-2022-9,136,148,1,5.2058930709563226e-05,8426
M-2022-9,136,149,1,5.2058930709563226e-05,8427
M-2022-9,136,159,1,5.2058930709563226e-05,8428
M-2022-9,136,172,1,5.2058930709563226e-05,8429
M-2022-9,175,42,2,5.157563566970963e-05,8430
M-2022-9,175,46,2,5.157563566970963e-05,8431
M-2022-9,175,64,2,5.157563566970963e-05,8432
M-2022-9,175,69,2,5.157563566970963e-05,8433
M-2022-9,175,73,2,5.157563566970963e-05,8434
M-2022-9,175,89,2,5.157563566970963e-05,8435
M-2022-9,175,95,2,5.157563566970963e-05,8436
M-2022-9,175,111,2,5.157563566970963e-05,8437
M-2022-9,175,157,2,5.157563566970963e-05,8438
M-2022-9,175,163,2,5.157563566970963e-05,8439
M-2022-9,175,168,2,5.157563566970963e-05,8440
M-2022-9,175,174,2,5.157563566970963e-05,8441
M-2022-9,19,10,1,5.136370640505419e-05,8442
M-2022-9,19,11,1,5.136370640505419e-05,8443
M-2022-9,19,13,1,5.136370640505419e-05,8444
M-2022-9,19,29,1,5.136370640505419e-05,8445
M-2022-9,19,33,1,5.136370640505419e-05,8446
M-2022-9,19,42,1,5.136370640505419e-05,8447
M-2022-9,19,43,1,5.136370640505419e-05,8448
M-2022-9,19,67,1,5.136370640505419e-05,8449
M-2022-9,19,79,1,5.136370640505419e-05,8450
M-2022-9,19,80,1,5.136370640505419e-05,8451
M-2022-9,19,84,1,5.136370640505419e-05,8452
M-2022-9,19,87,1,5.136370640505419e-05,8453
M-2022-9,19,95,1,5.136370640505419e-05,8454
M-2022-9,19,104,1,5.136370640505419e-05,8455
M-2022-9,19,108,1,5.136370640505419e-05,8456
M-2022-9,19,128,1,5.136370640505419e-05,8457
M-2022-9,19,130,1,5.136370640505419e-05,8458
M-2022-9,19,135,1,5.136370640505419e-05,8459
M-2022-9,19,137,1,5.136370640505419e-05,8460
M-2022-9,19,138,1,5.136370640505419e-05,8461
M-2022-9,19,159,1,5.136370640505419e-05,8462
M-2022-9,19,171,1,5.136370640505419e-05,8463
M-2022-9,19,173,1,5.136370640505419e-05,8464
M-2022-9,86,11,2,5.0360074532910306e-05,8465
M-2022-9,86,32,2,5.0360074532910306e-05,8466
M-2022-9,86,54,2,5.0360074532910306e-05,8467
M-2022-9,86,74,2,5.0360074532910306e-05,8468
M-2022-9,86,81,2,5.0360074532910306e-05,8469
M-2022-9,86,83,2,5.0360074532910306e-05,8470
M-2022-9,86,84,2,5.0360074532910306e-05,8471
M-2022-9,86,96,2,5.0360074532910306e-05,8472
M-2022-9,86,128,2,5.0360074532910306e-05,8473
M-2022-9,86,141,2,5.0360074532910306e-05,8474
M-2022-9,86,154,2,5.0360074532910306e-05,8475
M-2022-9,86,159,2,5.0360074532910306e-05,8476
M-2022-9,86,162,2,5.0360074532910306e-05,8477
M-2022-9,102,16,2,4.969314483067061e-05,8478
M-2022-9,102,66,2,4.969314483067061e-05,8479
M-2022-9,102,97,2,4.969314483067061e-05,8480
M-2022-9,102,142,2,4.969314483067061e-05,8481
M-2022-9,102,153,2,4.969314483067061e-05,8482
M-2022-9,60,13,2,4.9453538400672565e-05,8483
M-2022-9,60,22,2,4.9453538400672565e-05,8484
M-2022-9,60,23,2,4.9453538400672565e-05,8485
M-2022-9,60,38,2,4.9453538400672565e-05,8486
M-2022-9,60,39,2,4.9453538400672565e-05,8487
M-2022-9,60,50,2,4.9453538400672565e-05,8488
M-2022-9,60,69,2,4.9453538400672565e-05,8489
M-2022-9,60,96,2,4.9453538400672565e-05,8490
M-2022-9,60,101,2,4.9453538400672565e-05,8491
M-2022-9,60,111,2,4.9453538400672565e-05,8492
M-2022-9,60,122,2,4.9453538400672565e-05,8493
M-2022-9,60,123,2,4.9453538400672565e-05,8494
M-2022-9,60,124,2,4.9453538400672565e-05,8495
M-2022-9,60,132,2,4.9453538400672565e-05,8496
M-2022-9,60,136,2,4.9453538400672565e-05,8497
M-2022-9,60,149,2,4.9453538400672565e-05,8498
M-2022-9,25,13,2,4.624705175045091e-05,8499
M-2022-9,25,17,2,4.624705175045091e-05,8500
M-2022-9,25,36,2,4.624705175045091e-05,8501
M-2022-9,25,45,2,4.624705175045091e-05,8502
M-2022-9,25,53,2,4.624705175045091e-05,8503
M-2022-9,25,112,2,4.624705175045091e-05,8504
M-2022-9,25,118,2,4.624705175045091e-05,8505
M-2022-9,25,148,2,4.624705175045091e-05,8506
M-2022-9,25,154,2,4.624705175045091e-05,8507
M-2022-9,25,162,2,4.624705175045091e-05,8508
M-2022-9,97,18,2,4.6062783574011374e-05,8509
M-2022-9,97,50,2,4.6062783574011374e-05,8510
M-2022-9,97,98,2,4.6062783574011374e-05,8511
M-2022-9,140,15,2,4.566105796671309e-05,8512
M-2022-9,140,16,2,4.566105796671309e-05,8513
M-2022-9,140,23,2,4.566105796671309e-05,8514
M-2022-9,140,30,2,4.566105796671309e-05,8515
M-2022-9,140,39,2,4.566105796671309e-05,8516
M-2022-9,140,45,2,4.566105796671309e-05,8517
M-2022-9,140,67,2,4.566105796671309e-05,8518
M-2022-9,140,138,2,4.566105796671309e-05,8519
M-2022-9,140,170,2,4.566105796671309e-05,8520
M-2022-9,140,173,2,4.566105796671309e-05,8521
M-2022-9,124,6,1,4.5328860885725944e-05,8522
M-2022-9,124,18,1,4.5328860885725944e-05,8523
M-2022-9,124,19,1,4.5328860885725944e-05,8524
M-2022-9,124,20,1,4.5328860885725944e-05,8525
M-2022-9,124,32,1,4.5328860885725944e-05,8526
M-2022-9,124,59,1,4.5328860885725944e-05,8527
M-2022-9,124,63,1,4.5328860885725944e-05,8528
M-2022-9,124,64,1,4.5328860885725944e-05,8529
M-2022-9,124,73,1,4.5328860885725944e-05,8530
M-2022-9,124,76,1,4.5328860885725944e-05,8531
M-2022-9,124,85,1,4.5328860885725944e-05,8532
M-2022-9,124,95,1,4.5328860885725944e-05,8533
M-2022-9,124,108,1,4.5328860885725944e-05,8534
M-2022-9,124,116,1,4.5328860885725944e-05,8535
M-2022-9,124,118,1,4.5328860885725944e-05,8536
M-2022-9,124,120,1,4.5328860885725944e-05,8537
M-2022-9,124,121,1,4.5328860885725944e-05,8538
M-2022-9,124,126,1,4.5328860885725944e-05,8539
M-2022-9,124,127,1,4.5328860885725944e-05,8540
M-2022-9,124,143,1,4.5328860885725944e-05,8541
M-2022-9,124,148,1,4.5328860885725944e-05,8542
M-2022-9,124,161,1,4.5328860885725944e-05,8543
M-2022-9,124,167,1,4.5328860885725944e-05,8544
M-2022-9,124,170,1,4.5328860885725944e-05,8545
M-2022-9,99,1,1,4.4489923032433154e-05,8546
M-2022-9,99,3,1,4.4489923032433154e-05,8547
M-2022-9,99,4,1,4.4489923032433154e-05,8548
M-2022-9,99,11,1,4.4489923032433154e-05,8549
M-2022-9,99,12,1,4.4489923032433154e-05,8550
M-2022-9,99,18,1,4.4489923032433154e-05,8551
M-2022-9,99,28,1,4.4489923032433154e-05,8552
M-2022-9,99,39,1,4.4489923032433154e-05,8553
M-2022-9,99,61,1,4.4489923032433154e-05,8554
M-2022-9,99,76,1,4.4489923032433154e-05,8555
M-2022-9,99,87,1,4.4489923032433154e-05,8556
M-2022-9,99,93,1,4.4489923032433154e-05,8557
M-2022-9,99,96,1,4.4489923032433154e-05,8558
M-2022-9,99,101,1,4.4489923032433154e-05,8559
M-2022-9,99,125,1,4.4489923032433154e-05,8560
M-2022-9,99,126,1,4.4489923032433154e-05,8561
M-2022-9,99,133,1,4.4489923032433154e-05,8562
M-2022-9,99,137,1,4.4489923032433154e-05,8563
M-2022-9,99,163,1,4.4489923032433154e-05,8564
M-2022-9,138,3,1,4.350663476180117e-05,8565
M-2022-9,138,13,1,4.350663476180117e-05,8566
M-2022-9,138,17,1,4.350663476180117e-05,8567
M-2022-9,138,23,1,4.350663476180117e-05,8568
M-2022-9,138,37,1,4.350663476180117e-05,8569
M-2022-9,138,45,1,4.350663476180117e-05,8570
M-2022-9,138,56,1,4.350663476180117e-05,8571
M-2022-9,138,62,1,4.350663476180117e-05,8572
M-2022-9,138,65,1,4.350663476180117e-05,8573
M-2022-9,138,75,1,4.350663476180117e-05,8574
M-2022-9,138,88,1,4.350663476180117e-05,8575
M-2022-9,138,123,1,4.350663476180117e-05,8576
M-2022-9,138,129,1,4.350663476180117e-05,8577
M-2022-9,138,135,1,4.350663476180117e-05,8578
M-2022-9,138,136,1,4.350663476180117e-05,8579
M-2022-9,138,151,1,4.350663476180117e-05,8580
M-2022-9,138,154,1,4.350663476180117e-05,8581
M-2022-9,138,167,1,4.350663476180117e-05,8582
M-2022-9,117,20,3,4.285346970259692e-05,8583
M-2022-9,117,42,3,4.285346970259692e-05,8584
M-2022-9,153,15,3,4.25930658488798e-05,8585
M-2022-9,153,34,3,4.25930658488798e-05,8586
M-2022-9,153,90,3,4.25930658488798e-05,8587
M-2022-9,153,137,3,4.25930658488798e-05,8588
M-2022-9,133,1,2,4.138045187453447e-05,8589
M-2022-9,133,14,2,4.138045187453447e-05,8590
M-2022-9,133,17,2,4.138045187453447e-05,8591
M-2022-9,133,19,2,4.138045187453447e-05,8592
M-2022-9,133,39,2,4.138045187453447e-05,8593
M-2022-9,133,54,2,4.138045187453447e-05,8594
M-2022-9,133,68,2,4.138045187453447e-05,8595
M-2022-9,133,69,2,4.138045187453447e-05,8596
M-2022-9,133,104,2,4.138045187453447e-05,8597
M-2022-9,133,111,2,4.138045187453447e-05,8598
M-2022-9,83,3,1,4.060583911966541e-05,8599
M-2022-9,83,5,1,4.060583911966541e-05,8600
M-2022-9,83,10,1,4.060583911966541e-05,8601
M-2022-9,83,17,1,4.060583911966541e-05,8602
M-2022-9,83,19,1,4.060583911966541e-05,8603
M-2022-9,83,23,1,4.060583911966541e-05,8604
M-2022-9,83,24,1,4.060583911966541e-05,8605
M-2022-9,83,30,1,4.060583911966541e-05,8606
M-2022-9,83,32,1,4.060583911966541e-05,8607
M-2022-9,83,50,1,4.060583911966541e-05,8608
M-2022-9,83,66,1,4.060583911966541e-05,8609
M-2022-9,83,71,1,4.060583911966541e-05,8610
M-2022-9,83,75,1,4.060583911966541e-05,8611
M-2022-9,83,80,1,4.060583911966541e-05,8612
M-2022-9,83,95,1,4.060583911966541e-05,8613
M-2022-9,83,98,1,4.060583911966541e-05,8614
M-2022-9,83,99,1,4.060583911966541e-05,8615
M-2022-9,83,107,1,4.060583911966541e-05,8616
M-2022-9,83,112,1,4.060583911966541e-05,8617
M-2022-9,83,133,1,4.060583911966541e-05,8618
M-2022-9,83,142,1,4.060583911966541e-05,8619
M-2022-9,83,171,1,4.060583911966541e-05,8620
M-2022-9,83,172,1,4.060583911966541e-05,8621
M-2022-9,83,175,1,4.060583911966541e-05,8622
M-2022-9,156,0,1,4.009944662763654e-05,8623
M-2022-9,156,3,1,4.009944662763654e-05,8624
M-2022-9,156,16,1,4.009944662763654e-05,8625
M-2022-9,156,45,1,4.009944662763654e-05,8626
M-2022-9,156,48,1,4.009944662763654e-05,8627
M-2022-9,156,62,1,4.009944662763654e-05,8628
M-2022-9,156,73,1,4.009944662763654e-05,8629
M-2022-9,156,85,1,4.009944662763654e-05,8630
M-2022-9,156,90,1,4.009944662763654e-05,8631
M-2022-9,156,94,1,4.009944662763654e-05,8632
M-2022-9,156,95,1,4.009944662763654e-05,8633
M-2022-9,156,128,1,4.009944662763654e-05,8634
M-2022-9,156,138,1,4.009944662763654e-05,8635
M-2022-9,71,1,3,3.989945337748873e-05,8636
M-2022-9,71,19,3,3.989945337748873e-05,8637
M-2022-9,71,39,3,3.989945337748873e-05,8638
M-2022-9,71,44,3,3.989945337748873e-05,8639
M-2022-9,71,53,3,3.989945337748873e-05,8640
M-2022-9,71,61,3,3.989945337748873e-05,8641
M-2022-9,71,101,3,3.989945337748873e-05,8642
M-2022-9,71,119,3,3.989945337748873e-05,8643
M-2022-9,71,130,3,3.989945337748873e-05,8644
M-2022-9,71,139,3,3.989945337748873e-05,8645
M-2022-9,149,4,2,3.8978756577665174e-05,8646
M-2022-9,149,8,2,3.8978756577665174e-05,8647
M-2022-9,149,94,2,3.8978756577665174e-05,8648
M-2022-9,149,108,2,3.8978756577665174e-05,8649
M-2022-9,149,112,2,3.8978756577665174e-05,8650
M-2022-9,149,113,2,3.8978756577665174e-05,8651
M-2022-9,149,131,2,3.8978756577665174e-05,8652
M-2022-9,149,144,2,3.8978756577665174e-05,8653
M-2022-9,149,162,2,3.8978756577665174e-05,8654
M-2022-9,101,27,2,3.88123423248593e-05,8655
M-2022-9,101,29,2,3.88123423248593e-05,8656
M-2022-9,101,122,2,3.88123423248593e-05,8657
M-2022-9,101,172,2,3.88123423248593e-05,8658
M-2022-9,78,13,1,3.869220352099052e-05,8659
M-2022-9,78,15,1,3.869220352099052e-05,8660
M-2022-9,78,25,1,3.869220352099052e-05,8661
M-2022-9,78,28,1,3.869220352099052e-05,8662
M-2022-9,78,31,1,3.869220352099052e-05,8663
M-2022-9,78,40,1,3.869220352099052e-05,8664
M-2022-9,78,80,1,3.869220352099052e-05,8665
M-2022-9,78,83,1,3.869220352099052e-05,8666
M-2022-9,78,93,1,3.869220352099052e-05,8667
M-2022-9,78,108,1,3.869220352099052e-05,8668
M-2022-9,78,117,1,3.869220352099052e-05,8669
M-2022-9,78,119,1,3.869220352099052e-05,8670
M-2022-9,78,122,1,3.869220352099052e-05,8671
M-2022-9,78,127,1,3.869220352099052e-05,8672
M-2022-9,78,129,1,3.869220352099052e-05,8673
M-2022-9,78,135,1,3.869220352099052e-05,8674
M-2022-9,78,150,1,3.869220352099052e-05,8675
M-2022-9,78,168,1,3.869220352099052e-05,8676
M-2022-9,78,172,1,3.869220352099052e-05,8677
M-2022-9,78,176,1,3.869220352099052e-05,8678
M-2022-9,129,6,1,3.844083954793573e-05,8679
M-2022-9,129,10,1,3.844083954793573e-05,8680
M-2022-9,129,16,1,3.844083954793573e-05,8681
M-2022-9,129,24,1,3.844083954793573e-05,8682
M-2022-9,129,31,1,3.844083954793573e-05,8683
M-2022-9,129,35,1,3.844083954793573e-05,8684
M-2022-9,129,38,1,3.844083954793573e-05,8685
M-2022-9,129,45,1,3.844083954793573e-05,8686
M-2022-9,129,62,1,3.844083954793573e-05,8687
M-2022-9,129,65,1,3.844083954793573e-05,8688
M-2022-9,129,72,1,3.844083954793573e-05,8689
M-2022-9,129,75,1,3.844083954793573e-05,8690
M-2022-9,129,77,1,3.844083954793573e-05,8691
M-2022-9,129,86,1,3.844083954793573e-05,8692
M-2022-9,129,91,1,3.844083954793573e-05,8693
M-2022-9,129,98,1,3.844083954793573e-05,8694
M-2022-9,129,101,1,3.844083954793573e-05,8695
M-2022-9,129,102,1,3.844083954793573e-05,8696
M-2022-9,129,106,1,3.844083954793573e-05,8697
M-2022-9,129,115,1,3.844083954793573e-05,8698
M-2022-9,129,116,1,3.844083954793573e-05,8699
M-2022-9,129,119,1,3.844083954793573e-05,8700
M-2022-9,129,125,1,3.844083954793573e-05,8701
M-2022-9,129,134,1,3.844083954793573e-05,8702
M-2022-9,129,159,1,3.844083954793573e-05,8703
M-2022-9,129,160,1,3.844083954793573e-05,8704
M-2022-9,129,171,1,3.844083954793573e-05,8705
M-2022-9,129,177,1,3.844083954793573e-05,8706
M-2022-9,131,2,1,3.8300969014516064e-05,8707
M-2022-9,131,12,1,3.8300969014516064e-05,8708
M-2022-9,131,19,1,3.8300969014516064e-05,8709
M-2022-9,131,21,1,3.8300969014516064e-05,8710
M-2022-9,131,29,1,3.8300969014516064e-05,8711
M-2022-9,131,42,1,3.8300969014516064e-05,8712
M-2022-9,131,86,1,3.8300969014516064e-05,8713
M-2022-9,131,142,1,3.8300969014516064e-05,8714
M-2022-9,131,162,1,3.8300969014516064e-05,8715
M-2022-9,131,166,1,3.8300969014516064e-05,8716
M-2022-9,131,170,1,3.8300969014516064e-05,8717
M-2022-9,131,171,1,3.8300969014516064e-05,8718
M-2022-9,131,175,1,3.8300969014516064e-05,8719
M-2022-9,18,11,1,3.792763407418645e-05,8720
M-2022-9,18,12,1,3.792763407418645e-05,8721
M-2022-9,18,15,1,3.792763407418645e-05,8722
M-2022-9,18,16,1,3.792763407418645e-05,8723
M-2022-9,18,22,1,3.792763407418645e-05,8724
M-2022-9,18,24,1,3.792763407418645e-05,8725
M-2022-9,18,33,1,3.792763407418645e-05,8726
M-2022-9,18,35,1,3.792763407418645e-05,8727
M-2022-9,18,41,1,3.792763407418645e-05,8728
M-2022-9,18,45,1,3.792763407418645e-05,8729
M-2022-9,18,46,1,3.792763407418645e-05,8730
M-2022-9,18,61,1,3.792763407418645e-05,8731
M-2022-9,18,63,1,3.792763407418645e-05,8732
M-2022-9,18,74,1,3.792763407418645e-05,8733
M-2022-9,18,75,1,3.792763407418645e-05,8734
M-2022-9,18,76,1,3.792763407418645e-05,8735
M-2022-9,18,83,1,3.792763407418645e-05,8736
M-2022-9,18,85,1,3.792763407418645e-05,8737
M-2022-9,18,97,1,3.792763407418645e-05,8738
M-2022-9,18,98,1,3.792763407418645e-05,8739
M-2022-9,18,115,1,3.792763407418645e-05,8740
M-2022-9,18,139,1,3.792763407418645e-05,8741
M-2022-9,18,142,1,3.792763407418645e-05,8742
M-2022-9,18,159,1,3.792763407418645e-05,8743
M-2022-9,18,160,1,3.792763407418645e-05,8744
M-2022-9,18,166,1,3.792763407418645e-05,8745
M-2022-9,18,168,1,3.792763407418645e-05,8746
M-2022-9,18,173,1,3.792763407418645e-05,8747
M-2022-9,96,17,2,3.774724445115507e-05,8748
M-2022-9,96,51,2,3.774724445115507e-05,8749
M-2022-9,96,59,2,3.774724445115507e-05,8750
M-2022-9,96,60,2,3.774724445115507e-05,8751
M-2022-9,96,88,2,3.774724445115507e-05,8752
M-2022-9,96,136,2,3.774724445115507e-05,8753
M-2022-9,100,71,1,3.641793218981026e-05,8754
M-2022-9,100,93,1,3.641793218981026e-05,8755
M-2022-9,100,120,1,3.641793218981026e-05,8756
M-2022-9,100,134,1,3.641793218981026e-05,8757
M-2022-9,100,172,1,3.641793218981026e-05,8758
M-2022-9,142,22,1,3.590535348820509e-05,8759
M-2022-9,142,29,1,3.590535348820509e-05,8760
M-2022-9,142,30,1,3.590535348820509e-05,8761
M-2022-9,142,32,1,3.590535348820509e-05,8762
M-2022-9,142,43,1,3.590535348820509e-05,8763
M-2022-9,142,45,1,3.590535348820509e-05,8764
M-2022-9,142,64,1,3.590535348820509e-05,8765
M-2022-9,142,73,1,3.590535348820509e-05,8766
M-2022-9,142,85,1,3.590535348820509e-05,8767
M-2022-9,142,90,1,3.590535348820509e-05,8768
M-2022-9,142,101,1,3.590535348820509e-05,8769
M-2022-9,142,103,1,3.590535348820509e-05,8770
M-2022-9,142,110,1,3.590535348820509e-05,8771
M-2022-9,142,112,1,3.590535348820509e-05,8772
M-2022-9,142,116,1,3.590535348820509e-05,8773
M-2022-9,142,118,1,3.590535348820509e-05,8774
M-2022-9,142,119,1,3.590535348820509e-05,8775
M-2022-9,142,128,1,3.590535348820509e-05,8776
M-2022-9,142,132,1,3.590535348820509e-05,8777
M-2022-9,142,137,1,3.590535348820509e-05,8778
M-2022-9,142,148,1,3.590535348820509e-05,8779
M-2022-9,142,164,1,3.590535348820509e-05,8780
M-2022-9,142,176,1,3.590535348820509e-05,8781
M-2022-9,122,0,2,3.562078116373092e-05,8782
M-2022-9,122,5,2,3.562078116373092e-05,8783
M-2022-9,122,12,2,3.562078116373092e-05,8784
M-2022-9,122,13,2,3.562078116373092e-05,8785
M-2022-9,122,33,2,3.562078116373092e-05,8786
M-2022-9,122,41,2,3.562078116373092e-05,8787
M-2022-9,122,45,2,3.562078116373092e-05,8788
M-2022-9,122,60,2,3.562078116373092e-05,8789
M-2022-9,122,64,2,3.562078116373092e-05,8790
M-2022-9,122,66,2,3.562078116373092e-05,8791
M-2022-9,122,112,2,3.562078116373092e-05,8792
M-2022-9,122,132,2,3.562078116373092e-05,8793
M-2022-9,122,135,2,3.562078116373092e-05,8794
M-2022-9,122,158,2,3.562078116373092e-05,8795
M-2022-9,122,165,2,3.562078116373092e-05,8796
M-2022-9,29,15,1,3.506311360448808e-05,8797
M-2022-9,29,19,1,3.506311360448808e-05,8798
M-2022-9,29,32,1,3.506311360448808e-05,8799
M-2022-9,29,33,1,3.506311360448808e-05,8800
M-2022-9,29,52,1,3.506311360448808e-05,8801
M-2022-9,29,53,1,3.506311360448808e-05,8802
M-2022-9,29,56,1,3.506311360448808e-05,8803
M-2022-9,29,66,1,3.506311360448808e-05,8804
M-2022-9,29,95,1,3.506311360448808e-05,8805
M-2022-9,29,108,1,3.506311360448808e-05,8806
M-2022-9,29,123,1,3.506311360448808e-05,8807
M-2022-9,29,131,1,3.506311360448808e-05,8808
M-2022-9,29,169,1,3.506311360448808e-05,8809
M-2022-9,49,11,1,3.4168175761096116e-05,8810
M-2022-9,49,22,1,3.4168175761096116e-05,8811
M-2022-9,49,31,1,3.4168175761096116e-05,8812
M-2022-9,49,32,1,3.4168175761096116e-05,8813
M-2022-9,49,40,1,3.4168175761096116e-05,8814
M-2022-9,49,42,1,3.4168175761096116e-05,8815
M-2022-9,49,74,1,3.4168175761096116e-05,8816
M-2022-9,49,76,1,3.4168175761096116e-05,8817
M-2022-9,49,89,1,3.4168175761096116e-05,8818
M-2022-9,49,92,1,3.4168175761096116e-05,8819
M-2022-9,49,102,1,3.4168175761096116e-05,8820
M-2022-9,49,135,1,3.4168175761096116e-05,8821
M-2022-9,49,145,1,3.4168175761096116e-05,8822
M-2022-9,49,158,1,3.4168175761096116e-05,8823
M-2022-9,49,164,1,3.4168175761096116e-05,8824
M-2022-9,49,172,1,3.4168175761096116e-05,8825
M-2022-9,49,173,1,3.4168175761096116e-05,8826
M-2022-9,49,174,1,3.4168175761096116e-05,8827
M-2022-9,49,176,1,3.4168175761096116e-05,8828
M-2022-9,98,2,2,3.414834039065701e-05,8829
M-2022-9,98,111,2,3.414834039065701e-05,8830
M-2022-9,98,138,2,3.414834039065701e-05,8831
M-2022-9,98,172,2,3.414834039065701e-05,8832
M-2022-9,95,14,1,3.385698808234019e-05,8833
M-2022-9,95,23,1,3.385698808234019e-05,8834
M-2022-9,95,85,1,3.385698808234019e-05,8835
M-2022-9,95,87,1,3.385698808234019e-05,8836
M-2022-9,95,91,1,3.385698808234019e-05,8837
M-2022-9,95,110,1,3.385698808234019e-05,8838
M-2022-9,95,122,1,3.385698808234019e-05,8839
M-2022-9,95,123,1,3.385698808234019e-05,8840
M-2022-9,95,124,1,3.385698808234019e-05,8841
M-2022-9,95,127,1,3.385698808234019e-05,8842
M-2022-9,95,129,1,3.385698808234019e-05,8843
M-2022-9,95,130,1,3.385698808234019e-05,8844
M-2022-9,95,138,1,3.385698808234019e-05,8845
M-2022-9,95,156,1,3.385698808234019e-05,8846
M-2022-9,95,160,1,3.385698808234019e-05,8847
M-2022-9,95,165,1,3.385698808234019e-05,8848
M-2022-9,95,167,1,3.385698808234019e-05,8849
M-2022-9,95,170,1,3.385698808234019e-05,8850
M-2022-9,95,173,1,3.385698808234019e-05,8851
M-2022-9,93,0,1,3.293265272517701e-05,8852
M-2022-9,93,13,1,3.293265272517701e-05,8853
M-2022-9,93,14,1,3.293265272517701e-05,8854
M-2022-9,93,17,1,3.293265272517701e-05,8855
M-2022-9,93,22,1,3.293265272517701e-05,8856
M-2022-9,93,39,1,3.293265272517701e-05,8857
M-2022-9,93,52,1,3.293265272517701e-05,8858
M-2022-9,93,54,1,3.293265272517701e-05,8859
M-2022-9,93,69,1,3.293265272517701e-05,8860
M-2022-9,93,79,1,3.293265272517701e-05,8861
M-2022-9,93,81,1,3.293265272517701e-05,8862
M-2022-9,93,83,1,3.293265272517701e-05,8863
M-2022-9,93,87,1,3.293265272517701e-05,8864
M-2022-9,93,95,1,3.293265272517701e-05,8865
M-2022-9,93,96,1,3.293265272517701e-05,8866
M-2022-9,93,102,1,3.293265272517701e-05,8867
M-2022-9,93,104,1,3.293265272517701e-05,8868
M-2022-9,93,108,1,3.293265272517701e-05,8869
M-2022-9,93,110,1,3.293265272517701e-05,8870
M-2022-9,93,130,1,3.293265272517701e-05,8871
M-2022-9,93,159,1,3.293265272517701e-05,8872
M-2022-9,93,169,1,3.293265272517701e-05,8873
M-2022-9,117,0,2,2.856897980173128e-05,8874
M-2022-9,117,21,2,2.856897980173128e-05,8875
M-2022-9,117,24,2,2.856897980173128e-05,8876
M-2022-9,117,31,2,2.856897980173128e-05,8877
M-2022-9,117,34,2,2.856897980173128e-05,8878
M-2022-9,117,78,2,2.856897980173128e-05,8879
M-2022-9,117,80,2,2.856897980173128e-05,8880
M-2022-9,117,112,2,2.856897980173128e-05,8881
M-2022-9,117,152,2,2.856897980173128e-05,8882
M-2022-9,117,177,2,2.856897980173128e-05,8883
M-2022-9,153,42,2,2.8395377232586536e-05,8884
M-2022-9,153,44,2,2.8395377232586536e-05,8885
M-2022-9,153,55,2,2.8395377232586536e-05,8886
M-2022-9,153,56,2,2.8395377232586536e-05,8887
M-2022-9,153,64,2,2.8395377232586536e-05,8888
M-2022-9,153,67,2,2.8395377232586536e-05,8889
M-2022-9,153,88,2,2.8395377232586536e-05,8890
M-2022-9,153,91,2,2.8395377232586536e-05,8891
M-2022-9,153,134,2,2.8395377232586536e-05,8892
M-2022-9,153,162,2,2.8395377232586536e-05,8893
M-2022-9,153,173,2,2.8395377232586536e-05,8894
M-2022-9,77,0,1,2.749821261617995e-05,8895
M-2022-9,77,11,1,2.749821261617995e-05,8896
M-2022-9,77,18,1,2.749821261617995e-05,8897
M-2022-9,77,22,1,2.749821261617995e-05,8898
M-2022-9,77,29,1,2.749821261617995e-05,8899
M-2022-9,77,31,1,2.749821261617995e-05,8900
M-2022-9,77,43,1,2.749821261617995e-05,8901
M-2022-9,77,50,1,2.749821261617995e-05,8902
M-2022-9,77,52,1,2.749821261617995e-05,8903
M-2022-9,77,62,1,2.749821261617995e-05,8904
M-2022-9,77,63,1,2.749821261617995e-05,8905
M-2022-9,77,85,1,2.749821261617995e-05,8906
M-2022-9,77,98,1,2.749821261617995e-05,8907
M-2022-9,77,101,1,2.749821261617995e-05,8908
M-2022-9,77,109,1,2.749821261617995e-05,8909
M-2022-9,77,112,1,2.749821261617995e-05,8910
M-2022-9,77,120,1,2.749821261617995e-05,8911
M-2022-9,77,128,1,2.749821261617995e-05,8912
M-2022-9,77,130,1,2.749821261617995e-05,8913
M-2022-9,77,146,1,2.749821261617995e-05,8914
M-2022-9,77,151,1,2.749821261617995e-05,8915
M-2022-9,77,152,1,2.749821261617995e-05,8916
M-2022-9,77,159,1,2.749821261617995e-05,8917
M-2022-9,77,174,1,2.749821261617995e-05,8918
M-2022-9,82,0,1,2.7250183938741586e-05,8919
M-2022-9,82,12,1,2.7250183938741586e-05,8920
M-2022-9,82,13,1,2.7250183938741586e-05,8921
M-2022-9,82,14,1,2.7250183938741586e-05,8922
M-2022-9,82,21,1,2.7250183938741586e-05,8923
M-2022-9,82,29,1,2.7250183938741586e-05,8924
M-2022-9,82,40,1,2.7250183938741586e-05,8925
M-2022-9,82,43,1,2.7250183938741586e-05,8926
M-2022-9,82,46,1,2.7250183938741586e-05,8927
M-2022-9,82,52,1,2.7250183938741586e-05,8928
M-2022-9,82,60,1,2.7250183938741586e-05,8929
M-2022-9,82,62,1,2.7250183938741586e-05,8930
M-2022-9,82,97,1,2.7250183938741586e-05,8931
M-2022-9,82,98,1,2.7250183938741586e-05,8932
M-2022-9,82,114,1,2.7250183938741586e-05,8933
M-2022-9,82,119,1,2.7250183938741586e-05,8934
M-2022-9,82,127,1,2.7250183938741586e-05,8935
M-2022-9,82,135,1,2.7250183938741586e-05,8936
M-2022-9,82,139,1,2.7250183938741586e-05,8937
M-2022-9,82,163,1,2.7250183938741586e-05,8938
M-2022-9,82,168,1,2.7250183938741586e-05,8939
M-2022-9,82,171,1,2.7250183938741586e-05,8940
M-2022-9,82,172,1,2.7250183938741586e-05,8941
M-2022-9,71,13,2,2.6599635584992484e-05,8942
M-2022-9,71,20,2,2.6599635584992484e-05,8943
M-2022-9,71,22,2,2.6599635584992484e-05,8944
M-2022-9,71,24,2,2.6599635584992484e-05,8945
M-2022-9,71,27,2,2.6599635584992484e-05,8946
M-2022-9,71,30,2,2.6599635584992484e-05,8947
M-2022-9,71,52,2,2.6599635584992484e-05,8948
M-2022-9,71,98,2,2.6599635584992484e-05,8949
M-2022-9,71,105,2,2.6599635584992484e-05,8950
M-2022-9,71,108,2,2.6599635584992484e-05,8951
M-2022-9,71,110,2,2.6599635584992484e-05,8952
M-2022-9,71,116,2,2.6599635584992484e-05,8953
M-2022-9,71,137,2,2.6599635584992484e-05,8954
M-2022-9,71,148,2,2.6599635584992484e-05,8955
M-2022-9,71,171,2,2.6599635584992484e-05,8956
M-2022-9,175,0,1,2.5787817834854816e-05,8957
M-2022-9,175,11,1,2.5787817834854816e-05,8958
M-2022-9,175,16,1,2.5787817834854816e-05,8959
M-2022-9,175,24,1,2.5787817834854816e-05,8960
M-2022-9,175,29,1,2.5787817834854816e-05,8961
M-2022-9,175,39,1,2.5787817834854816e-05,8962
M-2022-9,175,63,1,2.5787817834854816e-05,8963
M-2022-9,175,87,1,2.5787817834854816e-05,8964
M-2022-9,175,88,1,2.5787817834854816e-05,8965
M-2022-9,175,91,1,2.5787817834854816e-05,8966
M-2022-9,175,92,1,2.5787817834854816e-05,8967
M-2022-9,175,98,1,2.5787817834854816e-05,8968
M-2022-9,175,99,1,2.5787817834854816e-05,8969
M-2022-9,175,118,1,2.5787817834854816e-05,8970
M-2022-9,175,120,1,2.5787817834854816e-05,8971
M-2022-9,175,151,1,2.5787817834854816e-05,8972
M-2022-9,175,154,1,2.5787817834854816e-05,8973
M-2022-9,175,166,1,2.5787817834854816e-05,8974
M-2022-9,86,14,1,2.5180037266455153e-05,8975
M-2022-9,86,17,1,2.5180037266455153e-05,8976
M-2022-9,86,19,1,2.5180037266455153e-05,8977
M-2022-9,86,22,1,2.5180037266455153e-05,8978
M-2022-9,86,26,1,2.5180037266455153e-05,8979
M-2022-9,86,31,1,2.5180037266455153e-05,8980
M-2022-9,86,35,1,2.5180037266455153e-05,8981
M-2022-9,86,50,1,2.5180037266455153e-05,8982
M-2022-9,86,53,1,2.5180037266455153e-05,8983
M-2022-9,86,55,1,2.5180037266455153e-05,8984
M-2022-9,86,64,1,2.5180037266455153e-05,8985
M-2022-9,86,66,1,2.5180037266455153e-05,8986
M-2022-9,86,67,1,2.5180037266455153e-05,8987
M-2022-9,86,69,1,2.5180037266455153e-05,8988
M-2022-9,86,70,1,2.5180037266455153e-05,8989
M-2022-9,86,76,1,2.5180037266455153e-05,8990
M-2022-9,86,88,1,2.5180037266455153e-05,8991
M-2022-9,86,105,1,2.5180037266455153e-05,8992
M-2022-9,86,110,1,2.5180037266455153e-05,8993
M-2022-9,86,114,1,2.5180037266455153e-05,8994
M-2022-9,86,122,1,2.5180037266455153e-05,8995
M-2022-9,86,132,1,2.5180037266455153e-05,8996
M-2022-9,86,139,1,2.5180037266455153e-05,8997
M-2022-9,86,147,1,2.5180037266455153e-05,8998
M-2022-9,86,170,1,2.5180037266455153e-05,8999
M-2022-9,102,23,1,2.4846572415335305e-05,9000
M-2022-9,102,27,1,2.4846572415335305e-05,9001
M-2022-9,102,51,1,2.4846572415335305e-05,9002
M-2022-9,102,95,1,2.4846572415335305e-05,9003
M-2022-9,102,96,1,2.4846572415335305e-05,9004
M-2022-9,102,116,1,2.4846572415335305e-05,9005
M-2022-9,102,122,1,2.4846572415335305e-05,9006
M-2022-9,102,127,1,2.4846572415335305e-05,9007
M-2022-9,102,138,1,2.4846572415335305e-05,9008
M-2022-9,102,151,1,2.4846572415335305e-05,9009
M-2022-9,102,170,1,2.4846572415335305e-05,9010
M-2022-9,60,11,1,2.4726769200336282e-05,9011
M-2022-9,60,14,1,2.4726769200336282e-05,9012
M-2022-9,60,26,1,2.4726769200336282e-05,9013
M-2022-9,60,53,1,2.4726769200336282e-05,9014
M-2022-9,60,64,1,2.4726769200336282e-05,9015
M-2022-9,60,66,1,2.4726769200336282e-05,9016
M-2022-9,60,77,1,2.4726769200336282e-05,9017
M-2022-9,60,78,1,2.4726769200336282e-05,9018
M-2022-9,60,90,1,2.4726769200336282e-05,9019
M-2022-9,60,102,1,2.4726769200336282e-05,9020
M-2022-9,60,106,1,2.4726769200336282e-05,9021
M-2022-9,60,112,1,2.4726769200336282e-05,9022
M-2022-9,60,125,1,2.4726769200336282e-05,9023
M-2022-9,60,127,1,2.4726769200336282e-05,9024
M-2022-9,60,130,1,2.4726769200336282e-05,9025
M-2022-9,60,134,1,2.4726769200336282e-05,9026
M-2022-9,60,137,1,2.4726769200336282e-05,9027
M-2022-9,25,1,1,2.3123525875225454e-05,9028
M-2022-9,25,3,1,2.3123525875225454e-05,9029
M-2022-9,25,8,1,2.3123525875225454e-05,9030
M-2022-9,25,16,1,2.3123525875225454e-05,9031
M-2022-9,25,21,1,2.3123525875225454e-05,9032
M-2022-9,25,23,1,2.3123525875225454e-05,9033
M-2022-9,25,31,1,2.3123525875225454e-05,9034
M-2022-9,25,39,1,2.3123525875225454e-05,9035
M-2022-9,25,43,1,2.3123525875225454e-05,9036
M-2022-9,25,46,1,2.3123525875225454e-05,9037
M-2022-9,25,49,1,2.3123525875225454e-05,9038
M-2022-9,25,52,1,2.3123525875225454e-05,9039
M-2022-9,25,55,1,2.3123525875225454e-05,9040
M-2022-9,25,66,1,2.3123525875225454e-05,9041
M-2022-9,25,69,1,2.3123525875225454e-05,9042
M-2022-9,25,76,1,2.3123525875225454e-05,9043
M-2022-9,25,80,1,2.3123525875225454e-05,9044
M-2022-9,25,89,1,2.3123525875225454e-05,9045
M-2022-9,25,102,1,2.3123525875225454e-05,9046
M-2022-9,25,116,1,2.3123525875225454e-05,9047
M-2022-9,25,119,1,2.3123525875225454e-05,9048
M-2022-9,25,126,1,2.3123525875225454e-05,9049
M-2022-9,25,127,1,2.3123525875225454e-05,9050
M-2022-9,25,134,1,2.3123525875225454e-05,9051
M-2022-9,25,141,1,2.3123525875225454e-05,9052
M-2022-9,25,165,1,2.3123525875225454e-05,9053
M-2022-9,97,27,1,2.3031391787005687e-05,9054
M-2022-9,97,45,1,2.3031391787005687e-05,9055
M-2022-9,97,60,1,2.3031391787005687e-05,9056
M-2022-9,97,70,1,2.3031391787005687e-05,9057
M-2022-9,97,86,1,2.3031391787005687e-05,9058
M-2022-9,97,103,1,2.3031391787005687e-05,9059
M-2022-9,97,108,1,2.3031391787005687e-05,9060
M-2022-9,97,124,1,2.3031391787005687e-05,9061
M-2022-9,97,130,1,2.3031391787005687e-05,9062
M-2022-9,97,133,1,2.3031391787005687e-05,9063
M-2022-9,97,152,1,2.3031391787005687e-05,9064
M-2022-9,97,170,1,2.3031391787005687e-05,9065
M-2022-9,97,172,1,2.3031391787005687e-05,9066
M-2022-9,140,13,1,2.2830528983356545e-05,9067
M-2022-9,140,54,1,2.2830528983356545e-05,9068
M-2022-9,140,58,1,2.2830528983356545e-05,9069
M-2022-9,140,80,1,2.2830528983356545e-05,9070
M-2022-9,140,87,1,2.2830528983356545e-05,9071
M-2022-9,140,89,1,2.2830528983356545e-05,9072
M-2022-9,140,92,1,2.2830528983356545e-05,9073
M-2022-9,140,96,1,2.2830528983356545e-05,9074
M-2022-9,140,99,1,2.2830528983356545e-05,9075
M-2022-9,140,112,1,2.2830528983356545e-05,9076
M-2022-9,140,114,1,2.2830528983356545e-05,9077
M-2022-9,140,132,1,2.2830528983356545e-05,9078
M-2022-9,140,174,1,2.2830528983356545e-05,9079
M-2022-9,133,0,1,2.0690225937267234e-05,9080
M-2022-9,133,16,1,2.0690225937267234e-05,9081
M-2022-9,133,23,1,2.0690225937267234e-05,9082
M-2022-9,133,24,1,2.0690225937267234e-05,9083
M-2022-9,133,26,1,2.0690225937267234e-05,9084
M-2022-9,133,38,1,2.0690225937267234e-05,9085
M-2022-9,133,41,1,2.0690225937267234e-05,9086
M-2022-9,133,53,1,2.0690225937267234e-05,9087
M-2022-9,133,62,1,2.0690225937267234e-05,9088
M-2022-9,133,66,1,2.0690225937267234e-05,9089
M-2022-9,133,72,1,2.0690225937267234e-05,9090
M-2022-9,133,74,1,2.0690225937267234e-05,9091
M-2022-9,133,88,1,2.0690225937267234e-05,9092
M-2022-9,133,112,1,2.0690225937267234e-05,9093
M-2022-9,133,138,1,2.0690225937267234e-05,9094
M-2022-9,133,151,1,2.0690225937267234e-05,9095
M-2022-9,133,158,1,2.0690225937267234e-05,9096
M-2022-9,133,170,1,2.0690225937267234e-05,9097
M-2022-9,133,173,1,2.0690225937267234e-05,9098
M-2022-9,149,5,1,1.9489378288832587e-05,9099
M-2022-9,149,22,1,1.9489378288832587e-05,9100
M-2022-9,149,24,1,1.9489378288832587e-05,9101
M-2022-9,149,27,1,1.9489378288832587e-05,9102
M-2022-9,149,32,1,1.9489378288832587e-05,9103
M-2022-9,149,34,1,1.9489378288832587e-05,9104
M-2022-9,149,37,1,1.9489378288832587e-05,9105
M-2022-9,149,38,1,1.9489378288832587e-05,9106
M-2022-9,149,44,1,1.9489378288832587e-05,9107
M-2022-9,149,52,1,1.9489378288832587e-05,9108
M-2022-9,149,59,1,1.9489378288832587e-05,9109
M-2022-9,149,73,1,1.9489378288832587e-05,9110
M-2022-9,149,79,1,1.9489378288832587e-05,9111
M-2022-9,149,85,1,1.9489378288832587e-05,9112
M-2022-9,149,92,1,1.9489378288832587e-05,9113
M-2022-9,149,139,1,1.9489378288832587e-05,9114
M-2022-9,149,165,1,1.9489378288832587e-05,9115
M-2022-9,149,177,1,1.9489378288832587e-05,9116
M-2022-9,101,15,1,1.940617116242965e-05,9117
M-2022-9,101,28,1,1.940617116242965e-05,9118
M-2022-9,101,53,1,1.940617116242965e-05,9119
M-2022-9,101,83,1,1.940617116242965e-05,9120
M-2022-9,101,93,1,1.940617116242965e-05,9121
M-2022-9,101,170,1,1.940617116242965e-05,9122
M-2022-9,96,1,1,1.8873622225577534e-05,9123
M-2022-9,96,13,1,1.8873622225577534e-05,9124
M-2022-9,96,19,1,1.8873622225577534e-05,9125
M-2022-9,96,24,1,1.8873622225577534e-05,9126
M-2022-9,96,31,1,1.8873622225577534e-05,9127
M-2022-9,96,33,1,1.8873622225577534e-05,9128
M-2022-9,96,46,1,1.8873622225577534e-05,9129
M-2022-9,96,52,1,1.8873622225577534e-05,9130
M-2022-9,96,66,1,1.8873622225577534e-05,9131
M-2022-9,96,102,1,1.8873622225577534e-05,9132
M-2022-9,96,123,1,1.8873622225577534e-05,9133
M-2022-9,96,134,1,1.8873622225577534e-05,9134
M-2022-9,96,143,1,1.8873622225577534e-05,9135
M-2022-9,96,158,1,1.8873622225577534e-05,9136
M-2022-9,96,162,1,1.8873622225577534e-05,9137
M-2022-9,122,11,1,1.781039058186546e-05,9138
M-2022-9,122,20,1,1.781039058186546e-05,9139
M-2022-9,122,24,1,1.781039058186546e-05,9140
M-2022-9,122,54,1,1.781039058186546e-05,9141
M-2022-9,122,63,1,1.781039058186546e-05,9142
M-2022-9,122,67,1,1.781039058186546e-05,9143
M-2022-9,122,69,1,1.781039058186546e-05,9144
M-2022-9,122,73,1,1.781039058186546e-05,9145
M-2022-9,122,79,1,1.781039058186546e-05,9146
M-2022-9,122,89,1,1.781039058186546e-05,9147
M-2022-9,122,91,1,1.781039058186546e-05,9148
M-2022-9,122,104,1,1.781039058186546e-05,9149
M-2022-9,122,121,1,1.781039058186546e-05,9150
M-2022-9,122,128,1,1.781039058186546e-05,9151
M-2022-9,122,131,1,1.781039058186546e-05,9152
M-2022-9,122,134,1,1.781039058186546e-05,9153
M-2022-9,122,157,1,1.781039058186546e-05,9154
M-2022-9,122,167,1,1.781039058186546e-05,9155
M-2022-9,122,171,1,1.781039058186546e-05,9156
M-2022-9,122,173,1,1.781039058186546e-05,9157
M-2022-9,122,176,1,1.781039058186546e-05,9158
M-2022-9,98,51,1,1.7074170195328506e-05,9159
M-2022-9,98,82,1,1.7074170195328506e-05,9160
M-2022-9,98,101,1,1.7074170195328506e-05,9161
M-2022-9,98,107,1,1.7074170195328506e-05,9162
M-2022-9,98,109,1,1.7074170195328506e-05,9163
M-2022-9,98,137,1,1.7074170195328506e-05,9164
M-2022-9,98,171,1,1.7074170195328506e-05,9165
M-2022-9,117,5,1,1.428448990086564e-05,9166
M-2022-9,117,6,1,1.428448990086564e-05,9167
M-2022-9,117,10,1,1.428448990086564e-05,9168
M-2022-9,117,30,1,1.428448990086564e-05,9169
M-2022-9,117,33,1,1.428448990086564e-05,9170
M-2022-9,117,55,1,1.428448990086564e-05,9171
M-2022-9,117,63,1,1.428448990086564e-05,9172
M-2022-9,117,64,1,1.428448990086564e-05,9173
M-2022-9,117,65,1,1.428448990086564e-05,9174
M-2022-9,117,113,1,1.428448990086564e-05,9175
M-2022-9,117,114,1,1.428448990086564e-05,9176
M-2022-9,117,119,1,1.428448990086564e-05,9177
M-2022-9,117,121,1,1.428448990086564e-05,9178
M-2022-9,117,126,1,1.428448990086564e-05,9179
M-2022-9,117,161,1,1.428448990086564e-05,9180
M-2022-9,117,165,1,1.428448990086564e-05,9181
M-2022-9,117,167,1,1.428448990086564e-05,9182
M-2022-9,117,173,1,1.428448990086564e-05,9183
M-2022-9,153,54,1,1.4197688616293268e-05,9184
M-2022-9,153,73,1,1.4197688616293268e-05,9185
M-2022-9,153,94,1,1.4197688616293268e-05,9186
M-2022-9,153,97,1,1.4197688616293268e-05,9187
M-2022-9,153,102,1,1.4197688616293268e-05,9188
M-2022-9,153,103,1,1.4197688616293268e-05,9189
M-2022-9,153,150,1,1.4197688616293268e-05,9190
M-2022-9,153,164,1,1.4197688616293268e-05,9191
M-2022-9,153,169,1,1.4197688616293268e-05,9192
M-2022-9,71,3,1,1.3299817792496242e-05,9193
M-2022-9,71,10,1,1.3299817792496242e-05,9194
M-2022-9,71,12,1,1.3299817792496242e-05,9195
M-2022-9,71,17,1,1.3299817792496242e-05,9196
M-2022-9,71,18,1,1.3299817792496242e-05,9197
M-2022-9,71,29,1,1.3299817792496242e-05,9198
M-2022-9,71,36,1,1.3299817792496242e-05,9199
M-2022-9,71,37,1,1.3299817792496242e-05,9200
M-2022-9,71,45,1,1.3299817792496242e-05,9201
M-2022-9,71,55,1,1.3299817792496242e-05,9202
M-2022-9,71,66,1,1.3299817792496242e-05,9203
M-2022-9,71,68,1,1.3299817792496242e-05,9204
M-2022-9,71,88,1,1.3299817792496242e-05,9205
M-2022-9,71,100,1,1.3299817792496242e-05,9206
M-2022-9,71,102,1,1.3299817792496242e-05,9207
M-2022-9,71,112,1,1.3299817792496242e-05,9208
M-2022-9,71,134,1,1.3299817792496242e-05,9209
M-2022-9,71,138,1,1.3299817792496242e-05,9210
M-2022-9,71,143,1,1.3299817792496242e-05,9211
M-2022-9,71,154,1,1.3299817792496242e-05,9212
M-2022-9,71,160,1,1.3299817792496242e-05,9213
M-2022-9,71,165,1,1.3299817792496242e-05,9214
M-2022-9,71,170,1,1.3299817792496242e-05,9215
