period,true_class,pred_class,confusion_count,confusion_rate,rank_in_period
M-2022-4,159,46,574,0.180389692017599,1
M-2022-4,9,25,271,0.17517776341305752,2
M-2022-4,67,46,145,0.16978922716627634,3
M-2022-4,37,36,308,0.15485168426344897,4
M-2022-4,123,68,516,0.15207780725022105,5
M-2022-4,33,166,31,0.15196078431372548,6
M-2022-4,67,13,129,0.15105386416861827,7
M-2022-4,135,136,441,0.1436950146627566,8
M-2022-4,160,115,209,0.13457823567289118,9
M-2022-4,104,115,401,0.1192387749033601,10
M-2022-4,168,110,447,0.11391437308868502,11
M-2022-4,37,166,224,0.1126194067370538,12
M-2022-4,7,14,4,0.1111111111111111,13
M-2022-4,70,82,290,0.10976532929598788,14
M-2022-4,42,115,196,0.10657966286025014,15
M-2022-4,63,60,1184,0.10616929698708752,16
M-2022-4,86,61,2912,0.1049029143701142,17
M-2022-4,38,68,8,0.1038961038961039,18
M-2022-4,50,25,467,0.10272767267927849,19
M-2022-4,171,60,726,0.10251341428974865,20
M-2022-4,74,77,906,0.098371335504886,21
M-2022-4,63,61,1044,0.0936154949784792,22
M-2022-4,163,46,290,0.09188846641318124,23
M-2022-4,159,13,292,0.0917661847894406,24
M-2022-4,13,46,181,0.0864787386526517,25
M-2022-4,74,175,788,0.08555917480998915,26
M-2022-4,7,5,3,0.08333333333333333,27
M-2022-4,35,41,71,0.08114285714285714,28
M-2022-4,43,153,163,0.07982370225269343,29
M-2022-4,67,159,68,0.07962529274004684,30
M-2022-4,80,175,469,0.07693569553805775,31
M-2022-4,16,93,154,0.07669322709163347,32
M-2022-4,70,75,200,0.0757002271006813,33
M-2022-4,54,29,503,0.0754915203361849,34
M-2022-4,54,149,497,0.07459102506378508,35
M-2022-4,33,156,15,0.07352941176470588,36
M-2022-4,79,77,1749,0.06967572304995617,37
M-2022-4,163,130,213,0.06749049429657794,38
M-2022-4,171,61,473,0.0667890426433211,39
M-2022-4,38,126,5,0.06493506493506493,40
M-2022-4,132,131,1476,0.06373882627283327,41
M-2022-4,119,120,180,0.06324666198172874,42
M-2022-4,11,133,105,0.06231454005934718,43
M-2022-4,94,117,38,0.06003159557661927,44
M-2022-4,163,25,189,0.05988593155893536,45
M-2022-4,148,133,404,0.059307105108631825,46
M-2022-4,120,119,168,0.05757368060315284,47
M-2022-4,61,86,1129,0.05737954868875788,48
M-2022-4,7,6,2,0.05555555555555555,49
M-2022-4,79,175,1378,0.0548960242211776,50
M-2022-4,72,71,977,0.054642058165548096,51
M-2022-4,88,63,11,0.05392156862745098,52
M-2022-4,105,110,263,0.05372829417773238,53
M-2022-4,10,12,108,0.053465346534653464,54
M-2022-4,93,131,1857,0.05334367459496725,55
M-2022-4,64,168,126,0.051702913418137056,56
M-2022-4,123,25,175,0.05157677571470675,57
M-2022-4,105,168,252,0.05148110316649643,58
M-2022-4,80,77,311,0.05101706036745407,59
M-2022-4,154,14,151,0.050705171255876424,60
M-2022-4,122,117,3096,0.05040210985576141,61
M-2022-4,61,60,978,0.0497052246391543,62
M-2022-4,159,138,158,0.049654305468258955,63
M-2022-4,2,117,373,0.049188975339575364,64
M-2022-4,88,11,10,0.049019607843137254,65
M-2022-4,88,115,10,0.049019607843137254,66
M-2022-4,175,71,2417,0.047740380816939244,67
M-2022-4,50,28,216,0.0475142982842059,68
M-2022-4,94,27,30,0.04739336492890995,69
M-2022-4,165,56,244,0.04714064914992272,70
M-2022-4,36,166,38,0.04600484261501211,71
M-2022-4,172,117,353,0.045915712799167535,72
M-2022-4,143,153,201,0.045848540145985404,73
M-2022-4,70,71,121,0.04579863739591219,74
M-2022-4,13,159,95,0.045389393215480175,75
M-2022-4,82,71,3587,0.04505771960456732,76
M-2022-4,9,117,68,0.04395604395604396,77
M-2022-4,9,122,68,0.04395604395604396,78
M-2022-4,139,156,125,0.04392129304286718,79
M-2022-4,32,153,101,0.04332904332904333,80
M-2022-4,75,71,1190,0.04240912330719886,81
M-2022-4,104,116,142,0.04222420457924472,82
M-2022-4,16,153,83,0.04133466135458167,83
M-2022-4,16,155,82,0.04083665338645418,84
M-2022-4,138,149,1775,0.04068208383947194,85
M-2022-4,72,77,723,0.040436241610738256,86
M-2022-4,46,13,389,0.039701979995917534,87
M-2022-4,110,168,387,0.03945758564437194,88
M-2022-4,64,110,96,0.03939269593762823,89
M-2022-4,33,25,8,0.0392156862745098,90
M-2022-4,88,12,8,0.0392156862745098,91
M-2022-4,171,115,277,0.03911324484608868,92
M-2022-4,93,136,1356,0.03895208548776284,93
M-2022-4,15,151,29,0.03861517976031957,94
M-2022-4,111,153,107,0.037983670571529994,95
M-2022-4,2,153,288,0.037979691415007254,96
M-2022-4,117,122,3164,0.037251577658472264,97
M-2022-4,162,28,18,0.037037037037037035,98
M-2022-4,162,104,18,0.037037037037037035,99
M-2022-4,162,115,18,0.037037037037037035,100
M-2022-4,72,82,660,0.03691275167785235,101
M-2022-4,142,140,2277,0.036371477860839566,102
M-2022-4,105,25,178,0.03636363636363636,103
M-2022-4,160,42,56,0.0360592401802962,104
M-2022-4,151,153,71,0.0351311232063335,105
M-2022-4,67,17,30,0.0351288056206089,106
M-2022-4,164,117,116,0.03499245852187029,107
M-2022-4,70,124,92,0.0348221044663134,108
M-2022-4,13,49,72,0.034400382226469184,109
M-2022-4,88,125,7,0.03431372549019608,110
M-2022-4,43,41,70,0.034280117531831536,111
M-2022-4,74,79,314,0.034093376764386535,112
M-2022-4,16,129,68,0.03386454183266932,113
M-2022-4,74,71,306,0.03322475570032573,114
M-2022-4,164,149,108,0.03257918552036199,115
M-2022-4,104,133,109,0.03241153731787095,116
M-2022-4,154,155,96,0.03223640026863667,117
M-2022-4,72,175,573,0.03204697986577181,118
M-2022-4,69,104,28,0.03185437997724687,119
M-2022-4,36,25,26,0.031476997578692496,120
M-2022-4,10,156,62,0.030693069306930693,121
M-2022-4,93,133,1068,0.03067907618062737,122
M-2022-4,41,153,65,0.030645921735030647,123
M-2022-4,135,93,94,0.03062886933854676,124
M-2022-4,143,133,132,0.030109489051094892,125
M-2022-4,94,29,19,0.030015797788309637,126
M-2022-4,94,155,19,0.030015797788309637,127
M-2022-4,8,28,47,0.02986022871664549,128
M-2022-4,76,175,313,0.029744369476385063,129
M-2022-4,33,50,6,0.029411764705882353,130
M-2022-4,88,29,6,0.029411764705882353,131
M-2022-4,68,153,213,0.02929445743364049,132
M-2022-4,76,77,308,0.029269219804238335,133
M-2022-4,142,153,1793,0.028640342470129705,134
M-2022-4,68,156,208,0.02860679411360198,135
M-2022-4,94,149,18,0.02843601895734597,136
M-2022-4,32,139,66,0.028314028314028315,137
M-2022-4,50,117,128,0.028156621205455347,138
M-2022-4,50,153,128,0.028156621205455347,139
M-2022-4,91,83,120,0.028155795401220086,140
M-2022-4,11,153,47,0.027893175074183978,141
M-2022-4,7,2,1,0.027777777777777776,142
M-2022-4,7,96,1,0.027777777777777776,143
M-2022-4,7,106,1,0.027777777777777776,144
M-2022-4,115,133,635,0.02763512925406911,145
M-2022-4,92,140,63,0.027534965034965036,146
M-2022-4,77,175,2245,0.027400771371381145,147
M-2022-4,19,18,358,0.027152066742510427,148
M-2022-4,32,66,63,0.02702702702702703,149
M-2022-4,164,96,88,0.02654600301659125,150
M-2022-4,136,93,589,0.02636290394772178,151
M-2022-4,153,140,1857,0.026164879602102207,152
M-2022-4,163,9,82,0.025982256020278833,153
M-2022-4,38,25,2,0.025974025974025976,154
M-2022-4,163,26,80,0.025348542458808618,155
M-2022-4,40,75,59,0.025278491859468722,156
M-2022-4,94,154,16,0.02527646129541864,157
M-2022-4,79,71,627,0.02497808939526731,158
M-2022-4,63,86,278,0.02492826398852224,159
M-2022-4,16,176,50,0.0249003984063745,160
M-2022-4,40,140,58,0.024850042844901457,161
M-2022-4,163,36,78,0.024714828897338403,162
M-2022-4,163,142,78,0.024714828897338403,163
M-2022-4,89,155,12,0.024691358024691357,164
M-2022-4,139,32,70,0.024595924104005622,165
M-2022-4,99,96,589,0.02458776873304112,166
M-2022-4,33,110,5,0.024509803921568627,167
M-2022-4,33,122,5,0.024509803921568627,168
M-2022-4,33,153,5,0.024509803921568627,169
M-2022-4,88,61,5,0.024509803921568627,170
M-2022-4,88,155,5,0.024509803921568627,171
M-2022-4,32,25,57,0.02445302445302445,172
M-2022-4,135,25,75,0.024437927663734114,173
M-2022-4,52,153,56,0.024337244676227728,174
M-2022-4,77,71,1992,0.024312844798125274,175
M-2022-4,79,75,610,0.02430085252171142,176
M-2022-4,159,49,77,0.024198617221873036,177
M-2022-4,71,82,3596,0.02406832298136646,178
M-2022-4,131,133,734,0.024039563750695967,179
M-2022-4,16,14,48,0.02390438247011952,180
M-2022-4,160,157,37,0.023824855119124275,181
M-2022-4,163,156,75,0.02376425855513308,182
M-2022-4,94,53,15,0.023696682464454975,183
M-2022-4,94,166,15,0.023696682464454975,184
M-2022-4,103,117,42,0.023503077783995522,185
M-2022-4,163,140,74,0.023447401774397972,186
M-2022-4,20,19,30,0.0234192037470726,187
M-2022-4,155,14,259,0.02316015380488241,188
M-2022-4,174,117,98,0.023080546396608573,189
M-2022-4,44,93,67,0.02302405498281787,190
M-2022-4,168,64,90,0.022935779816513763,191
M-2022-4,16,140,46,0.022908366533864542,192
M-2022-4,105,115,112,0.022880490296220635,193
M-2022-4,141,154,46,0.02274975272007913,194
M-2022-4,89,115,11,0.02263374485596708,195
M-2022-4,109,107,42,0.022495982860203535,196
M-2022-4,166,25,52,0.022442813983599482,197
M-2022-4,16,141,45,0.022410358565737053,198
M-2022-4,103,102,40,0.02238388360380526,199
M-2022-4,105,104,109,0.022267620020429008,200
M-2022-4,41,43,47,0.02215935879302216,201
M-2022-4,56,87,222,0.021993263324747374,202
M-2022-4,143,46,95,0.02166970802919708,203
M-2022-4,46,159,212,0.021637068789548887,204
M-2022-4,121,119,55,0.02162799842705466,205
M-2022-4,69,28,19,0.02161547212741752,206
M-2022-4,14,129,224,0.02153639073166042,207
M-2022-4,171,86,152,0.021462863597853713,208
M-2022-4,99,117,513,0.021415153412648717,209
M-2022-4,149,138,1585,0.021362913443135564,210
M-2022-4,71,175,3181,0.021290693938744915,211
M-2022-4,77,75,1734,0.02116389200800664,212
M-2022-4,67,49,18,0.02107728337236534,213
M-2022-4,60,61,1043,0.021018902905969125,214
M-2022-4,76,74,221,0.0210016155088853,215
M-2022-4,167,14,14,0.020958083832335328,216
M-2022-4,167,25,14,0.020958083832335328,217
M-2022-4,167,138,14,0.020958083832335328,218
M-2022-4,126,153,44,0.020833333333333332,219
M-2022-4,160,166,32,0.0206052801030264,220
M-2022-4,111,140,58,0.020589279375221866,221
M-2022-4,94,170,13,0.020537124802527645,222
M-2022-4,94,172,13,0.020537124802527645,223
M-2022-4,16,157,41,0.02041832669322709,224
M-2022-4,34,110,12,0.02040816326530612,225
M-2022-4,150,117,47,0.020390455531453362,226
M-2022-4,176,140,87,0.020190299373404504,227
M-2022-4,159,25,64,0.02011313639220616,228
M-2022-4,143,13,88,0.020072992700729927,229
M-2022-4,13,153,42,0.020066889632107024,230
M-2022-4,79,82,503,0.020038243964624333,231
M-2022-4,16,117,40,0.0199203187250996,232
M-2022-4,0,25,28,0.019801980198019802,233
M-2022-4,78,71,944,0.019662979857943304,234
M-2022-4,163,155,62,0.01964512040557668,235
M-2022-4,33,28,4,0.0196078431372549,236
M-2022-4,111,51,55,0.019524316648917288,237
M-2022-4,111,142,55,0.019524316648917288,238
M-2022-4,20,24,25,0.0195160031225605,239
M-2022-4,29,149,576,0.01942467878460864,240
M-2022-4,80,79,118,0.01935695538057743,241
M-2022-4,139,68,55,0.01932536893886156,242
M-2022-4,14,153,201,0.019325064897606,243
M-2022-4,141,140,39,0.019287833827893175,244
M-2022-4,8,153,30,0.01905972045743329,245
M-2022-4,139,141,54,0.018973998594518624,246
M-2022-4,94,83,12,0.018957345971563982,247
M-2022-4,94,101,12,0.018957345971563982,248
M-2022-4,175,140,958,0.018922335466540253,249
M-2022-4,171,63,134,0.01892120869810788,250
M-2022-4,74,75,174,0.018892508143322474,251
M-2022-4,78,140,907,0.01889229102876544,252
M-2022-4,151,124,38,0.01880257298367145,253
M-2022-4,109,65,35,0.018746652383502947,254
M-2022-4,164,138,62,0.01870286576168929,255
M-2022-4,15,140,14,0.018641810918774968,256
M-2022-4,15,155,14,0.018641810918774968,257
M-2022-4,13,26,39,0.018633540372670808,258
M-2022-4,2,23,141,0.018594223921930636,259
M-2022-4,159,67,59,0.018541797611565054,260
M-2022-4,89,26,9,0.018518518518518517,261
M-2022-4,89,61,9,0.018518518518518517,262
M-2022-4,162,105,9,0.018518518518518517,263
M-2022-4,71,75,2748,0.018392589419575927,264
M-2022-4,10,25,37,0.018316831683168316,265
M-2022-4,54,138,120,0.018009905447996397,266
M-2022-4,20,153,23,0.01795472287275566,267
M-2022-4,2,156,136,0.017934854279308982,268
M-2022-4,175,77,906,0.017895235837876274,269
M-2022-4,68,155,129,0.017741713656993535,270
M-2022-4,168,105,69,0.017584097859327217,271
M-2022-4,3,2,28,0.017576898932831136,272
M-2022-4,67,68,15,0.01756440281030445,273
M-2022-4,138,117,761,0.01744172721230318,274
M-2022-4,163,143,55,0.017427122940430924,275
M-2022-4,111,143,49,0.017394391196308128,276
M-2022-4,94,138,11,0.017377567140600316,277
M-2022-4,141,139,35,0.01730959446092977,278
M-2022-4,12,10,48,0.01721664275466284,279
M-2022-4,12,25,48,0.01721664275466284,280
M-2022-4,176,149,74,0.01717335808772337,281
M-2022-4,149,117,1272,0.017144243469822358,282
M-2022-4,78,175,820,0.017080130808806684,283
M-2022-4,52,133,39,0.01694915254237288,284
M-2022-4,16,25,34,0.01693227091633466,285
M-2022-4,47,48,65,0.016931492576191715,286
M-2022-4,2,122,128,0.016879862851114334,287
M-2022-4,132,133,390,0.016841559787537246,288
M-2022-4,166,0,39,0.01683211048769961,289
M-2022-4,2,129,127,0.016747988922590003,290
M-2022-4,160,25,26,0.01674179008370895,291
M-2022-4,80,71,102,0.01673228346456693,292
M-2022-4,176,14,72,0.016709213274541657,293
M-2022-4,104,149,56,0.016651798988997917,294
M-2022-4,132,134,384,0.01658245886772898,295
M-2022-4,68,142,120,0.01650391968092422,296
M-2022-4,167,149,11,0.016467065868263474,297
M-2022-4,75,82,462,0.01646471846044191,298
M-2022-4,89,117,8,0.01646090534979424,299
M-2022-4,89,175,8,0.01646090534979424,300
M-2022-4,162,160,8,0.01646090534979424,301
M-2022-4,67,153,14,0.01639344262295082,302
M-2022-4,67,156,14,0.01639344262295082,303
M-2022-4,93,134,570,0.01637366425370562,304
M-2022-4,14,155,170,0.016344582251706565,305
M-2022-4,159,54,52,0.016341923318667503,306
M-2022-4,155,153,182,0.016274702673701152,307
M-2022-4,163,158,51,0.016159695817490494,308
M-2022-4,173,95,80,0.016129032258064516,309
M-2022-4,76,71,169,0.016060058918559345,310
M-2022-4,15,154,12,0.015978695073235686,311
M-2022-4,111,129,45,0.01597444089456869,312
M-2022-4,143,149,70,0.015967153284671534,313
M-2022-4,16,143,32,0.01593625498007968,314
M-2022-4,2,133,120,0.01582487142291969,315
M-2022-4,143,49,69,0.015739051094890513,316
M-2022-4,52,129,36,0.01564537157757497,317
M-2022-4,77,79,1275,0.015561685300004882,318
M-2022-4,9,96,24,0.015513897866839044,319
M-2022-4,140,142,1115,0.015500750709002947,320
M-2022-4,14,154,161,0.015479280838380925,321
M-2022-4,139,133,44,0.015460295151089248,322
M-2022-4,67,136,13,0.01522248243559719,323
M-2022-4,117,149,1282,0.015093717622680606,324
M-2022-4,32,71,35,0.015015015015015015,325
M-2022-4,46,49,147,0.015003061849357012,326
M-2022-4,50,138,68,0.014958205015398152,327
M-2022-4,16,158,30,0.014940239043824702,328
M-2022-4,175,79,754,0.014892944615627715,329
M-2022-4,159,136,47,0.0147705845380264,330
M-2022-4,33,24,3,0.014705882352941176,331
M-2022-4,33,87,3,0.014705882352941176,332
M-2022-4,33,104,3,0.014705882352941176,333
M-2022-4,33,105,3,0.014705882352941176,334
M-2022-4,33,117,3,0.014705882352941176,335
M-2022-4,33,124,3,0.014705882352941176,336
M-2022-4,33,133,3,0.014705882352941176,337
M-2022-4,33,142,3,0.014705882352941176,338
M-2022-4,33,143,3,0.014705882352941176,339
M-2022-4,88,86,3,0.014705882352941176,340
M-2022-4,88,104,3,0.014705882352941176,341
M-2022-4,88,117,3,0.014705882352941176,342
M-2022-4,88,136,3,0.014705882352941176,343
M-2022-4,88,138,3,0.014705882352941176,344
M-2022-4,88,149,3,0.014705882352941176,345
M-2022-4,88,168,3,0.014705882352941176,346
M-2022-4,82,175,1169,0.01468426936652891,347
M-2022-4,42,160,27,0.01468189233278956,348
M-2022-4,8,124,23,0.014612452350698857,349
M-2022-4,170,117,55,0.014573396926338102,350
M-2022-4,80,72,88,0.014435695538057743,351
M-2022-4,151,156,29,0.014349332013854528,352
M-2022-4,141,14,29,0.014342235410484669,353
M-2022-4,5,6,30,0.01433349259436216,354
M-2022-4,142,75,893,0.014264264264264264,355
M-2022-4,41,35,30,0.014144271570014143,356
M-2022-4,45,105,31,0.014142335766423358,357
M-2022-4,159,133,45,0.014142049025769956,358
M-2022-4,80,82,86,0.01410761154855643,359
M-2022-4,60,63,699,0.01408649389383741,360
M-2022-4,151,51,28,0.013854527461652647,361
M-2022-4,151,163,28,0.013854527461652647,362
M-2022-4,126,93,29,0.013731060606060606,363
M-2022-4,32,140,32,0.013728013728013728,364
M-2022-4,86,60,381,0.013725278288122771,365
M-2022-4,69,29,12,0.013651877133105802,366
M-2022-4,69,105,12,0.013651877133105802,367
M-2022-4,69,115,12,0.013651877133105802,368
M-2022-4,34,168,8,0.013605442176870748,369
M-2022-4,9,124,21,0.013574660633484163,370
M-2022-4,160,105,21,0.013522215067611075,371
M-2022-4,167,96,9,0.01347305389221557,372
M-2022-4,176,155,58,0.013460199582269667,373
M-2022-4,96,117,735,0.013334784738474936,374
M-2022-4,49,75,536,0.013326703132769766,375
M-2022-4,15,83,10,0.013315579227696404,376
M-2022-4,163,122,42,0.013307984790874524,377
M-2022-4,29,117,392,0.013219573061747546,378
M-2022-4,117,96,1116,0.01313930488838655,379
M-2022-4,64,105,32,0.013130898645876077,380
M-2022-4,29,138,388,0.013084679459076654,381
M-2022-4,26,13,30,0.013083296990841693,382
M-2022-4,157,153,27,0.013012048192771084,383
M-2022-4,156,142,428,0.013010304891023498,384
M-2022-4,143,156,57,0.013001824817518248,385
M-2022-4,38,81,1,0.012987012987012988,386
M-2022-4,38,83,1,0.012987012987012988,387
M-2022-4,38,117,1,0.012987012987012988,388
M-2022-4,38,124,1,0.012987012987012988,389
M-2022-4,38,133,1,0.012987012987012988,390
M-2022-4,38,138,1,0.012987012987012988,391
M-2022-4,38,153,1,0.012987012987012988,392
M-2022-4,38,155,1,0.012987012987012988,393
M-2022-4,38,156,1,0.012987012987012988,394
M-2022-4,38,166,1,0.012987012987012988,395
M-2022-4,16,175,26,0.012948207171314742,396
M-2022-4,159,29,41,0.012884978001257071,397
M-2022-4,67,140,11,0.01288056206088993,398
M-2022-4,62,86,200,0.012862563508907325,399
M-2022-4,40,71,30,0.012853470437017995,400
M-2022-4,112,46,49,0.01282051282051282,401
M-2022-4,111,130,36,0.012779552715654952,402
M-2022-4,64,115,31,0.01272055806319245,403
M-2022-4,155,154,142,0.012697844943217384,404
M-2022-4,163,166,40,0.012674271229404309,405
M-2022-4,35,18,11,0.012571428571428572,406
M-2022-4,37,104,25,0.01256913021618904,407
M-2022-4,71,77,1862,0.012462518740629685,408
M-2022-4,16,149,25,0.01245019920318725,409
M-2022-4,10,138,25,0.012376237623762377,410
M-2022-4,89,49,6,0.012345679012345678,411
M-2022-4,162,151,6,0.012345679012345678,412
M-2022-4,139,140,35,0.012297962052002811,413
M-2022-4,105,166,60,0.012257405515832482,414
M-2022-4,147,11,27,0.012256014525646845,415
M-2022-4,12,28,34,0.012195121951219513,416
M-2022-4,18,153,267,0.012177323725257684,417
M-2022-4,14,117,126,0.012114219786558985,418
M-2022-4,59,172,166,0.012095598950743223,419
M-2022-4,6,5,33,0.012092341517039208,420
M-2022-4,32,154,28,0.012012012012012012,421
M-2022-4,42,168,22,0.011963023382272975,422
M-2022-4,152,98,20,0.011954572624028692,423
M-2022-4,16,95,24,0.01195219123505976,424
M-2022-4,13,142,25,0.011944577161968466,425
M-2022-4,104,28,40,0.011894142134998514,426
M-2022-4,104,105,40,0.011894142134998514,427
M-2022-4,141,155,24,0.011869436201780416,428
M-2022-4,121,124,30,0.011797090051120724,429
M-2022-4,154,133,35,0.01175285426460712,430
M-2022-4,154,140,35,0.01175285426460712,431
M-2022-4,14,71,122,0.011729641380636478,432
M-2022-4,111,176,33,0.011714589989350373,433
M-2022-4,20,142,15,0.0117096018735363,434
M-2022-4,67,25,10,0.0117096018735363,435
M-2022-4,32,82,27,0.011583011583011582,436
M-2022-4,32,175,27,0.011583011583011582,437
M-2022-4,157,117,24,0.011566265060240964,438
M-2022-4,68,140,84,0.011552743776646954,439
M-2022-4,14,25,120,0.011537352177675224,440
M-2022-4,60,86,570,0.011486840514288017,441
M-2022-4,12,61,32,0.011477761836441894,442
M-2022-4,50,122,52,0.011438627364716234,443
M-2022-4,163,78,36,0.011406844106463879,444
M-2022-4,69,45,10,0.011376564277588168,445
M-2022-4,70,77,30,0.011355034065102196,446
M-2022-4,43,149,23,0.011263467189030362,447
M-2022-4,54,117,75,0.01125619090499775,448
M-2022-4,2,124,85,0.011209283924568113,449
M-2022-4,72,75,200,0.011185682326621925,450
M-2022-4,39,125,49,0.011166818596171376,451
M-2022-4,18,19,244,0.01112834078263249,452
M-2022-4,154,176,33,0.011081262592343854,453
M-2022-4,135,156,34,0.011078527207559466,454
M-2022-4,175,82,560,0.011061072924073635,455
M-2022-4,94,4,7,0.011058451816745656,456
M-2022-4,94,45,7,0.011058451816745656,457
M-2022-4,24,153,113,0.011021164537208621,458
M-2022-4,104,162,37,0.011002081474873625,459
M-2022-4,13,140,23,0.01098901098901099,460
M-2022-4,9,175,17,0.01098901098901099,461
M-2022-4,99,172,263,0.010978918806094761,462
M-2022-4,123,96,37,0.010904804008252285,463
M-2022-4,119,124,31,0.01089248067463106,464
M-2022-4,59,84,148,0.010784027980180706,465
M-2022-4,163,175,34,0.010773130544993664,466
M-2022-4,130,156,76,0.01071630005640158,467
M-2022-4,2,51,81,0.01068178821047079,468
M-2022-4,15,93,8,0.010652463382157125,469
M-2022-4,15,117,8,0.010652463382157125,470
M-2022-4,15,163,8,0.010652463382157125,471
M-2022-4,111,124,30,0.010649627263045794,472
M-2022-4,74,76,98,0.010640608034744842,473
M-2022-4,63,171,117,0.01049139167862267,474
M-2022-4,167,117,7,0.010479041916167664,475
M-2022-4,16,154,21,0.01045816733067729,476
M-2022-4,147,116,23,0.01044030866999546,477
M-2022-4,154,46,31,0.010409670920080591,478
M-2022-4,141,68,21,0.010385756676557863,479
M-2022-4,41,126,22,0.010372465818010372,480
M-2022-4,59,99,142,0.010346837656659866,481
M-2022-4,82,72,823,0.010338027107487846,482
M-2022-4,68,129,75,0.010314949800577638,483
M-2022-4,160,117,16,0.0103026400515132,484
M-2022-4,129,153,455,0.010299477103470131,485
M-2022-4,32,133,24,0.010296010296010296,486
M-2022-4,162,136,5,0.0102880658436214,487
M-2022-4,69,110,9,0.010238907849829351,488
M-2022-4,176,91,44,0.010211185889997679,489
M-2022-4,34,115,6,0.01020408163265306,490
M-2022-4,168,115,40,0.010193679918450561,491
M-2022-4,119,121,29,0.010189739985945186,492
M-2022-4,139,66,29,0.010189739985945186,493
M-2022-4,20,21,13,0.01014832162373146,494
M-2022-4,118,90,38,0.010106382978723405,495
M-2022-4,66,133,52,0.010099048358904641,496
M-2022-4,26,46,23,0.01003052769297863,497
M-2022-4,158,142,125,0.009964923469387755,498
M-2022-4,28,25,163,0.009959672491751191,499
M-2022-4,126,60,21,0.009943181818181818,500
M-2022-4,111,172,28,0.009939652112176074,501
M-2022-4,166,124,23,0.009926629261976695,502
M-2022-4,97,96,412,0.009908609908609908,503
M-2022-4,0,166,14,0.009900990099009901,504
M-2022-4,108,142,115,0.009860241790276943,505
M-2022-4,139,142,28,0.009838369641602248,506
M-2022-4,33,51,2,0.00980392156862745,507
M-2022-4,33,71,2,0.00980392156862745,508
M-2022-4,33,123,2,0.00980392156862745,509
M-2022-4,33,149,2,0.00980392156862745,510
M-2022-4,33,162,2,0.00980392156862745,511
M-2022-4,88,28,2,0.00980392156862745,512
M-2022-4,88,64,2,0.00980392156862745,513
M-2022-4,88,96,2,0.00980392156862745,514
M-2022-4,88,105,2,0.00980392156862745,515
M-2022-4,88,124,2,0.00980392156862745,516
M-2022-4,88,134,2,0.00980392156862745,517
M-2022-4,88,142,2,0.00980392156862745,518
M-2022-4,88,146,2,0.00980392156862745,519
M-2022-4,43,61,20,0.009794319294809012,520
M-2022-4,134,93,104,0.009685230024213076,521
M-2022-4,50,156,44,0.009678838539375276,522
M-2022-4,160,104,15,0.009658725048293626,523
M-2022-4,160,175,15,0.009658725048293626,524
M-2022-4,144,146,35,0.009610104338275673,525
M-2022-4,111,2,27,0.009584664536741214,526
M-2022-4,111,96,27,0.009584664536741214,527
M-2022-4,111,149,27,0.009584664536741214,528
M-2022-4,143,132,42,0.00958029197080292,529
M-2022-4,13,61,20,0.009555661729574774,530
M-2022-4,13,67,20,0.009555661729574774,531
M-2022-4,80,74,58,0.009514435695538058,532
M-2022-4,163,153,30,0.009505703422053232,533
M-2022-4,139,153,27,0.009486999297259312,534
M-2022-4,94,51,6,0.009478672985781991,535
M-2022-4,94,86,6,0.009478672985781991,536
M-2022-4,94,98,6,0.009478672985781991,537
M-2022-4,94,102,6,0.009478672985781991,538
M-2022-4,70,49,25,0.009462528387585163,539
M-2022-4,70,72,25,0.009462528387585163,540
M-2022-4,16,156,19,0.009462151394422311,541
M-2022-4,74,82,87,0.009446254071661237,542
M-2022-4,151,142,19,0.009401286491835725,543
M-2022-4,136,135,210,0.009399337570495032,544
M-2022-4,149,29,696,0.00938081246461978,545
M-2022-4,67,29,8,0.00936768149882904,546
M-2022-4,67,142,8,0.00936768149882904,547
M-2022-4,15,16,7,0.009320905459387484,548
M-2022-4,114,117,31,0.009312105737458696,549
M-2022-4,17,156,93,0.009293494553812332,550
M-2022-4,148,131,63,0.009248385202583675,551
M-2022-4,50,136,42,0.009238891333040036,552
M-2022-4,65,107,29,0.009220985691573928,553
M-2022-4,104,69,31,0.009217960154623847,554
M-2022-4,155,175,103,0.009210408655995707,555
M-2022-4,163,117,29,0.009188846641318124,556
M-2022-4,69,112,8,0.009101251422070534,557
M-2022-4,158,140,114,0.009088010204081632,558
M-2022-4,106,107,36,0.009015777610818933,559
M-2022-4,32,51,21,0.009009009009009009,560
M-2022-4,32,129,21,0.009009009009009009,561
M-2022-4,127,117,27,0.00899400399733511,562
M-2022-4,127,143,27,0.00899400399733511,563
M-2022-4,138,29,392,0.008984437670463662,564
M-2022-4,16,83,18,0.008964143426294821,565
M-2022-4,41,143,19,0.008958038661008957,566
M-2022-4,104,49,30,0.008920606601248885,567
M-2022-4,10,117,18,0.00891089108910891,568
M-2022-4,11,61,15,0.008902077151335312,569
M-2022-4,11,142,15,0.008902077151335312,570
M-2022-4,165,53,46,0.008887171561051005,571
M-2022-4,135,133,27,0.008797653958944282,572
M-2022-4,74,72,81,0.008794788273615635,573
M-2022-4,23,19,112,0.008722741433021807,574
M-2022-4,115,25,200,0.008703977717817042,575
M-2022-4,2,25,66,0.008703679282605828,576
M-2022-4,82,75,692,0.008692484518082126,577
M-2022-4,157,25,18,0.008674698795180723,578
M-2022-4,157,133,18,0.008674698795180723,579
M-2022-4,104,117,29,0.008623253047873923,580
M-2022-4,140,153,620,0.008619251515320024,581
M-2022-4,12,50,24,0.00860832137733142,582
M-2022-4,5,14,18,0.008600095556617296,583
M-2022-4,13,136,18,0.008600095556617296,584
M-2022-4,176,53,37,0.008586679043861685,585
M-2022-4,176,83,37,0.008586679043861685,586
M-2022-4,155,83,96,0.008584458553161048,587
M-2022-4,32,141,20,0.00858000858000858,588
M-2022-4,50,86,39,0.008578970523537175,589
M-2022-4,14,124,89,0.00855686953177579,590
M-2022-4,163,77,27,0.008555133079847909,591
M-2022-4,16,71,17,0.00846613545816733,592
M-2022-4,116,117,34,0.008451404424558787,593
M-2022-4,177,6,13,0.008441558441558441,594
M-2022-4,177,14,13,0.008441558441558441,595
M-2022-4,151,117,17,0.008411677387431964,596
M-2022-4,141,66,17,0.008407517309594461,597
M-2022-4,68,139,61,0.008389492504469812,598
M-2022-4,105,64,41,0.008375893769152196,599
M-2022-4,112,138,32,0.00837257980115123,600
M-2022-4,50,124,38,0.008358996920369555,601
M-2022-4,77,82,680,0.008299565493335936,602
M-2022-4,123,51,28,0.00825228411435308,603
M-2022-4,163,51,26,0.008238276299112801,604
M-2022-4,163,123,26,0.008238276299112801,605
M-2022-4,125,29,29,0.008233957978421351,606
M-2022-4,89,138,4,0.00823045267489712,607
M-2022-4,89,142,4,0.00823045267489712,608
M-2022-4,162,60,4,0.00823045267489712,609
M-2022-4,162,117,4,0.00823045267489712,610
M-2022-4,162,122,4,0.00823045267489712,611
M-2022-4,162,123,4,0.00823045267489712,612
M-2022-4,162,142,4,0.00823045267489712,613
M-2022-4,162,149,4,0.00823045267489712,614
M-2022-4,162,153,4,0.00823045267489712,615
M-2022-4,99,122,197,0.008223752869964516,616
M-2022-4,143,117,36,0.008211678832116789,617
M-2022-4,157,129,17,0.00819277108433735,618
M-2022-4,53,117,80,0.008184143222506393,619
M-2022-4,175,75,413,0.008157541281504307,620
M-2022-4,42,105,15,0.008156606851549755,621
M-2022-4,32,18,19,0.008151008151008152,622
M-2022-4,32,158,19,0.008151008151008152,623
M-2022-4,108,140,95,0.008145417131098346,624
M-2022-4,5,177,17,0.008122312470138558,625
M-2022-4,76,79,85,0.008077544426494346,626
M-2022-4,172,29,62,0.008064516129032258,627
M-2022-4,136,156,180,0.008056575060424313,628
M-2022-4,110,64,79,0.008054649265905383,629
M-2022-4,104,168,27,0.008028545941123996,630
M-2022-4,41,149,17,0.008015087223008015,631
M-2022-4,35,153,7,0.008,632
M-2022-4,127,149,24,0.007994670219853431,633
M-2022-4,15,139,6,0.007989347536617843,634
M-2022-4,143,159,35,0.007983576642335767,635
M-2022-4,68,51,58,0.007976894512446707,636
M-2022-4,16,23,16,0.00796812749003984,637
M-2022-4,16,130,16,0.00796812749003984,638
M-2022-4,115,86,183,0.007964139611802593,639
M-2022-4,170,153,30,0.00794912559618442,640
M-2022-4,50,125,36,0.007919049714034315,641
M-2022-4,94,2,5,0.007898894154818325,642
M-2022-4,94,163,5,0.007898894154818325,643
M-2022-4,12,156,22,0.007890961262553802,644
M-2022-4,120,124,23,0.007882111034955449,645
M-2022-4,110,115,77,0.007850734094616639,646
M-2022-4,26,136,18,0.007849978194505015,647
M-2022-4,61,63,154,0.007826794063834113,648
M-2022-4,56,101,79,0.007826431543491183,649
M-2022-4,29,54,232,0.007823828954911813,650
M-2022-4,111,156,22,0.007809726659566915,651
M-2022-4,20,17,10,0.0078064012490242,652
M-2022-4,124,25,238,0.007805325987144169,653
M-2022-4,64,130,19,0.007796471070988921,654
M-2022-4,115,136,179,0.007790060057446253,655
M-2022-4,155,156,87,0.0077796655638022,656
M-2022-4,0,124,11,0.007779349363507779,657
M-2022-4,132,93,180,0.00777302759424796,658
M-2022-4,152,83,13,0.007770472205618649,659
M-2022-4,22,153,36,0.007765314926660914,660
M-2022-4,105,160,38,0.007763023493360572,661
M-2022-4,139,49,22,0.007730147575544624,662
M-2022-4,32,156,18,0.007722007722007722,663
M-2022-4,11,93,13,0.00771513353115727,664
M-2022-4,157,93,16,0.0077108433734939755,665
M-2022-4,68,25,56,0.007701829184431302,666
M-2022-4,156,25,253,0.007690670881843329,667
M-2022-4,13,29,16,0.007644529383659818,668
M-2022-4,130,2,54,0.007614213197969543,669
M-2022-4,17,142,76,0.007594683721395023,670
M-2022-4,62,60,118,0.007588912470255322,671
M-2022-4,70,78,20,0.00757002271006813,672
M-2022-4,46,136,74,0.007552561747295366,673
M-2022-4,41,105,16,0.007543611504007544,674
M-2022-4,159,153,24,0.00754242614707731,675
M-2022-4,37,115,15,0.007541478129713424,676
M-2022-4,73,82,220,0.007531409400568279,677
M-2022-4,143,93,33,0.007527372262773723,678
M-2022-4,131,93,229,0.007500081878623129,679
M-2022-4,167,124,5,0.0074850299401197605,680
M-2022-4,50,68,34,0.007479102507699076,681
M-2022-4,16,111,15,0.007470119521912351,682
M-2022-4,111,14,21,0.007454739084132056,683
M-2022-4,111,17,21,0.007454739084132056,684
M-2022-4,111,19,21,0.007454739084132056,685
M-2022-4,111,83,21,0.007454739084132056,686
M-2022-4,92,53,17,0.00743006993006993,687
M-2022-4,10,28,15,0.007425742574257425,688
M-2022-4,151,93,15,0.007422068283028204,689
M-2022-4,170,149,28,0.007419183889772125,690
M-2022-4,141,16,15,0.00741839762611276,691
M-2022-4,52,19,17,0.007388092133854845,692
M-2022-4,52,20,17,0.007388092133854845,693
M-2022-4,154,71,22,0.007387508394895903,694
M-2022-4,66,115,38,0.007380073800738007,695
M-2022-4,150,96,17,0.00737527114967462,696
M-2022-4,142,130,461,0.007363746725448853,697
M-2022-4,124,117,223,0.007313393677030041,698
M-2022-4,97,117,304,0.007311207311207311,699
M-2022-4,99,149,175,0.0073053642245877685,700
M-2022-4,163,68,23,0.007287705956907478,701
M-2022-4,128,153,17,0.007258753202391118,702
M-2022-4,51,156,158,0.007233769801300248,703
M-2022-4,159,142,23,0.007228158390949088,704
M-2022-4,156,153,237,0.007204304343861143,705
M-2022-4,13,133,15,0.00716674629718108,706
M-2022-4,177,5,11,0.007142857142857143,707
M-2022-4,19,133,94,0.007129313613955252,708
M-2022-4,11,63,12,0.007121661721068249,709
M-2022-4,111,77,20,0.007099751508697196,710
M-2022-4,111,155,20,0.007099751508697196,711
M-2022-4,123,156,24,0.007073386383731211,712
M-2022-4,143,155,31,0.007071167883211679,713
M-2022-4,155,140,79,0.007064294017705446,714
M-2022-4,37,168,14,0.007038712921065862,715
M-2022-4,110,105,69,0.0070350734094616636,716
M-2022-4,67,135,6,0.00702576112412178,717
M-2022-4,172,103,54,0.007023933402705515,718
M-2022-4,172,153,54,0.007023933402705515,719
M-2022-4,17,19,70,0.00699510342760068,720
M-2022-4,92,107,16,0.006993006993006993,721
M-2022-4,8,122,11,0.00698856416772554,722
M-2022-4,19,23,92,0.006977626090254077,723
M-2022-4,64,122,17,0.006975789905621666,724
M-2022-4,163,64,22,0.00697084917617237,725
M-2022-4,68,117,50,0.006876633200385091,726
M-2022-4,32,117,16,0.006864006864006864,727
M-2022-4,2,19,52,0.0068574442832651985,728
M-2022-4,43,115,14,0.0068560235063663075,729
M-2022-4,120,121,20,0.006854009595613434,730
M-2022-4,135,175,21,0.006842619745845552,731
M-2022-4,69,11,6,0.006825938566552901,732
M-2022-4,12,115,19,0.0068149210903873745,733
M-2022-4,71,72,1018,0.006813557506960805,734
M-2022-4,70,155,18,0.006813020439061317,735
M-2022-4,147,117,15,0.006808896958692692,736
M-2022-4,86,62,189,0.006808602615367989,737
M-2022-4,123,117,23,0.006778661951075744,738
M-2022-4,115,171,155,0.0067455827313082075,739
M-2022-4,111,117,19,0.0067447639332623354,740
M-2022-4,14,2,70,0.006730122103643881,741
M-2022-4,154,83,20,0.006715916722632639,742
M-2022-4,154,142,20,0.006715916722632639,743
M-2022-4,15,25,5,0.006657789613848202,744
M-2022-4,15,71,5,0.006657789613848202,745
M-2022-4,15,141,5,0.006657789613848202,746
M-2022-4,14,149,69,0.006633977502163254,747
M-2022-4,130,25,47,0.006627185561195714,748
M-2022-4,140,75,476,0.006617360840794083,749
M-2022-4,28,117,107,0.006537944519125015,750
M-2022-4,11,46,11,0.006528189910979229,751
M-2022-4,124,156,199,0.006526301980847435,752
M-2022-4,42,110,12,0.0065252854812398045,753
M-2022-4,1,153,70,0.0064862861378799114,754
M-2022-4,123,9,22,0.006483937518420277,755
M-2022-4,16,113,13,0.006474103585657371,756
M-2022-4,16,131,13,0.006474103585657371,757
M-2022-4,9,50,10,0.006464124111182934,758
M-2022-4,9,156,10,0.006464124111182934,759
M-2022-4,129,124,285,0.00645132082305272,760
M-2022-4,82,77,513,0.006443995025688051,761
M-2022-4,160,73,10,0.00643915003219575,762
M-2022-4,160,134,10,0.00643915003219575,763
M-2022-4,111,166,18,0.006389776357827476,764
M-2022-4,154,156,19,0.0063801208865010076,765
M-2022-4,172,102,49,0.006373569198751301,766
M-2022-4,14,176,66,0.006345543697721373,767
M-2022-4,130,51,45,0.006345177664974619,768
M-2022-4,163,61,20,0.0063371356147021544,769
M-2022-4,91,149,27,0.006335053965274519,770
M-2022-4,127,25,19,0.006329113924050633,771
M-2022-4,127,46,19,0.006329113924050633,772
M-2022-4,139,136,18,0.006324666198172874,773
M-2022-4,63,62,70,0.006276901004304161,774
M-2022-4,60,171,311,0.006267381403409778,775
M-2022-4,176,130,27,0.006265954977953121,776
M-2022-4,125,115,22,0.006246450880181715,777
M-2022-4,20,133,8,0.00624512099921936,778
M-2022-4,20,156,8,0.00624512099921936,779
M-2022-4,172,149,48,0.006243496357960458,780
M-2022-4,13,156,13,0.006211180124223602,781
M-2022-4,68,1,45,0.006188969880346582,782
M-2022-4,117,138,525,0.006181124611472168,783
M-2022-4,89,46,3,0.006172839506172839,784
M-2022-4,89,64,3,0.006172839506172839,785
M-2022-4,89,160,3,0.006172839506172839,786
M-2022-4,162,25,3,0.006172839506172839,787
M-2022-4,162,42,3,0.006172839506172839,788
M-2022-4,162,54,3,0.006172839506172839,789
M-2022-4,162,89,3,0.006172839506172839,790
M-2022-4,162,93,3,0.006172839506172839,791
M-2022-4,162,132,3,0.006172839506172839,792
M-2022-4,162,138,3,0.006172839506172839,793
M-2022-4,162,156,3,0.006172839506172839,794
M-2022-4,162,175,3,0.006172839506172839,795
M-2022-4,155,2,69,0.006170079585084504,796
M-2022-4,50,54,28,0.0061592608886933565,797
M-2022-4,50,115,28,0.0061592608886933565,798
M-2022-4,50,149,28,0.0061592608886933565,799
M-2022-4,90,71,47,0.0061558611656843485,800
M-2022-4,23,153,79,0.006152647975077882,801
M-2022-4,46,142,60,0.00612369871402327,802
M-2022-4,21,153,16,0.0061068702290076335,803
M-2022-4,12,117,17,0.006097560975609756,804
M-2022-4,12,138,17,0.006097560975609756,805
M-2022-4,74,80,56,0.006080347448425625,806
M-2022-4,130,83,43,0.0060631697687535254,807
M-2022-4,153,133,430,0.00605864201879588,808
M-2022-4,154,141,18,0.006044325050369375,809
M-2022-4,166,9,14,0.006042296072507553,810
M-2022-4,111,25,17,0.006034788782392616,811
M-2022-4,32,68,14,0.006006006006006006,812
M-2022-4,156,2,197,0.005988387998905676,813
M-2022-4,167,87,4,0.005988023952095809,814
M-2022-4,156,117,196,0.005957990090281789,815
M-2022-4,10,61,12,0.005940594059405941,816
M-2022-4,10,125,12,0.005940594059405941,817
M-2022-4,11,86,10,0.005934718100890208,818
M-2022-4,143,115,26,0.005930656934306569,819
M-2022-4,171,62,42,0.005930528099406947,820
M-2022-4,23,2,76,0.005919003115264798,821
M-2022-4,86,63,164,0.005907993803811376,822
M-2022-4,43,18,12,0.005876591576885406,823
M-2022-4,43,128,12,0.005876591576885406,824
M-2022-4,118,96,22,0.005851063829787234,825
M-2022-4,170,5,22,0.005829358770535241,826
M-2022-4,170,18,22,0.005829358770535241,827
M-2022-4,170,19,22,0.005829358770535241,828
M-2022-4,117,153,495,0.005827917490816615,829
M-2022-4,2,149,44,0.005802452855070552,830
M-2022-4,176,154,25,0.0058018101647714084,831
M-2022-4,160,130,9,0.005795235028976175,832
M-2022-4,160,149,9,0.005795235028976175,833
M-2022-4,132,148,134,0.005786587209051259,834
M-2022-4,96,97,318,0.005769335437870789,835
M-2022-4,12,29,16,0.005738880918220947,836
M-2022-4,12,124,16,0.005738880918220947,837
M-2022-4,12,125,16,0.005738880918220947,838
M-2022-4,8,172,9,0.005717916137229987,839
M-2022-4,116,133,23,0.00571712652249565,840
M-2022-4,35,49,5,0.005714285714285714,841
M-2022-4,154,51,17,0.005708529214237743,842
M-2022-4,163,159,18,0.005703422053231939,843
M-2022-4,143,19,25,0.005702554744525547,844
M-2022-4,143,25,25,0.005702554744525547,845
M-2022-4,69,25,5,0.005688282138794084,846
M-2022-4,126,86,12,0.005681818181818182,847
M-2022-4,81,71,41,0.005681030899265623,848
M-2022-4,111,107,16,0.0056798012069577564,849
M-2022-4,127,156,17,0.005662891405729514,850
M-2022-4,138,156,247,0.005661112511746235,851
M-2022-4,41,131,12,0.005657708628005658,852
M-2022-4,0,71,8,0.005657708628005658,853
M-2022-4,52,22,13,0.005649717514124294,854
M-2022-4,3,155,9,0.005649717514124294,855
M-2022-4,31,142,45,0.0056440486642418165,856
M-2022-4,139,46,16,0.005621925509486999,857
M-2022-4,49,46,226,0.0056190949776230735,858
M-2022-4,49,140,226,0.0056190949776230735,859
M-2022-4,95,28,282,0.00561495729048444,860
M-2022-4,123,122,19,0.005599764220453876,861
M-2022-4,79,142,140,0.005577244841048522,862
M-2022-4,32,76,13,0.005577005577005577,863
M-2022-4,14,83,58,0.005576386885876358,864
M-2022-4,40,78,13,0.005569837189374464,865
M-2022-4,176,156,24,0.005569737758180552,866
M-2022-4,46,67,54,0.005511328842620943,867
M-2022-4,46,153,54,0.005511328842620943,868
M-2022-4,99,29,132,0.005510331872260488,869
M-2022-4,121,120,14,0.005505308690523005,870
M-2022-4,29,99,163,0.0054969143088389035,871
M-2022-4,16,110,11,0.005478087649402391,872
M-2022-4,18,117,120,0.0054729544832618805,873
M-2022-4,20,143,7,0.00546448087431694,874
M-2022-4,155,158,61,0.00545470803898775,875
M-2022-4,10,130,11,0.005445544554455445,876
M-2022-4,141,82,11,0.005440158259149357,877
M-2022-4,42,104,10,0.005437737901033171,878
M-2022-4,158,71,68,0.005420918367346939,879
M-2022-4,75,175,152,0.00541696364932288,880
M-2022-4,122,96,332,0.005404877413473122,881
M-2022-4,43,143,11,0.0053868756121449556,882
M-2022-4,43,155,11,0.0053868756121449556,883
M-2022-4,19,153,71,0.005384907091391733,884
M-2022-4,152,117,9,0.005379557680812911,885
M-2022-4,154,149,16,0.005372733378106112,886
M-2022-4,154,153,16,0.005372733378106112,887
M-2022-4,104,2,18,0.0053523639607493305,888
M-2022-4,104,29,18,0.0053523639607493305,889
M-2022-4,21,20,14,0.0053435114503816794,890
M-2022-4,29,133,158,0.005328297305500287,891
M-2022-4,15,122,4,0.005326231691078562,892
M-2022-4,15,149,4,0.005326231691078562,893
M-2022-4,124,122,162,0.005312868949232586,894
M-2022-4,123,166,18,0.005305039787798408,895
M-2022-4,157,61,11,0.005301204819277108,896
M-2022-4,157,71,11,0.005301204819277108,897
M-2022-4,157,131,11,0.005301204819277108,898
M-2022-4,157,156,11,0.005301204819277108,899
M-2022-4,85,25,11,0.005288461538461539,900
M-2022-4,148,61,36,0.005284791544333529,901
M-2022-4,50,13,24,0.005279366476022877,902
M-2022-4,139,155,15,0.005270555165144062,903
M-2022-4,143,142,23,0.005246350364963503,904
M-2022-4,75,77,147,0.005238774055595153,905
M-2022-4,26,117,12,0.005233318796336677,906
M-2022-4,52,142,12,0.005215123859191656,907
M-2022-4,135,61,16,0.005213424568263278,908
M-2022-4,135,124,16,0.005213424568263278,909
M-2022-4,172,122,40,0.005202913631633715,910
M-2022-4,71,79,777,0.005200524737631184,911
M-2022-4,41,42,11,0.005186232909005186,912
M-2022-4,41,117,11,0.005186232909005186,913
M-2022-4,83,155,127,0.0051832503469104564,914
M-2022-4,166,105,12,0.005179110919292188,915
M-2022-4,166,122,12,0.005179110919292188,916
M-2022-4,9,28,8,0.005171299288946348,917
M-2022-4,9,71,8,0.005171299288946348,918
M-2022-4,91,28,22,0.005161895823557016,919
M-2022-4,160,112,8,0.0051513200257566,920
M-2022-4,160,132,8,0.0051513200257566,921
M-2022-4,32,77,12,0.005148005148005148,922
M-2022-4,117,97,436,0.005133276820194028,923
M-2022-4,117,156,435,0.00512150324950551,924
M-2022-4,125,117,18,0.005110732538330494,925
M-2022-4,125,133,18,0.005110732538330494,926
M-2022-4,105,42,25,0.005107252298263534,927
M-2022-4,46,133,50,0.005103082261686058,928
M-2022-4,34,138,3,0.00510204081632653,929
M-2022-4,133,153,276,0.005100720754019589,930
M-2022-4,17,100,51,0.005096432497251923,931
M-2022-4,8,156,8,0.005082592121982211,932
M-2022-4,156,122,167,0.005076450740189075,933
M-2022-4,175,78,257,0.005076242395512365,934
M-2022-4,104,60,17,0.005055010407374368,935
M-2022-4,86,153,140,0.005043409344717029,936
M-2022-4,103,28,9,0.005036373810856184,937
M-2022-4,170,175,19,0.005034446210916799,938
M-2022-4,37,105,10,0.005027652086475616,939
M-2022-4,165,91,26,0.005023183925811438,940
M-2022-4,143,158,22,0.005018248175182482,941
M-2022-4,45,117,11,0.005018248175182482,942
M-2022-4,84,153,12,0.0050062578222778474,943
M-2022-4,127,18,15,0.004996668887408394,944
M-2022-4,17,77,50,0.0049965024482862,945
M-2022-4,138,54,218,0.0049964474800027504,946
M-2022-4,148,134,34,0.0049911920140927775,947
M-2022-4,16,60,10,0.0049800796812749,948
M-2022-4,16,96,10,0.0049800796812749,949
M-2022-4,111,32,14,0.004969826056088037,950
M-2022-4,111,65,14,0.004969826056088037,951
M-2022-4,111,98,14,0.004969826056088037,952
M-2022-4,99,101,119,0.004967647672719682,953
M-2022-4,142,163,310,0.004951760270909207,954
M-2022-4,68,46,36,0.004951175904277266,955
M-2022-4,0,82,7,0.0049504950495049506,956
M-2022-4,0,91,7,0.0049504950495049506,957
M-2022-4,151,8,10,0.004948045522018802,958
M-2022-4,141,46,10,0.004945598417408506,959
M-2022-4,156,136,162,0.004924461197069642,960
M-2022-4,139,93,14,0.004919184820801124,961
M-2022-4,33,0,1,0.004901960784313725,962
M-2022-4,33,9,1,0.004901960784313725,963
M-2022-4,33,52,1,0.004901960784313725,964
M-2022-4,33,63,1,0.004901960784313725,965
M-2022-4,33,77,1,0.004901960784313725,966
M-2022-4,33,96,1,0.004901960784313725,967
M-2022-4,33,103,1,0.004901960784313725,968
M-2022-4,33,111,1,0.004901960784313725,969
M-2022-4,33,115,1,0.004901960784313725,970
M-2022-4,33,130,1,0.004901960784313725,971
M-2022-4,33,163,1,0.004901960784313725,972
M-2022-4,88,14,1,0.004901960784313725,973
M-2022-4,88,25,1,0.004901960784313725,974
M-2022-4,88,49,1,0.004901960784313725,975
M-2022-4,88,50,1,0.004901960784313725,976
M-2022-4,88,54,1,0.004901960784313725,977
M-2022-4,88,71,1,0.004901960784313725,978
M-2022-4,88,93,1,0.004901960784313725,979
M-2022-4,88,133,1,0.004901960784313725,980
M-2022-4,88,135,1,0.004901960784313725,981
M-2022-4,88,156,1,0.004901960784313725,982
M-2022-4,88,164,1,0.004901960784313725,983
M-2022-4,88,171,1,0.004901960784313725,984
M-2022-4,43,117,10,0.004897159647404506,985
M-2022-4,25,156,267,0.004893964110929853,986
M-2022-4,135,46,15,0.004887585532746823,987
M-2022-4,135,117,15,0.004887585532746823,988
M-2022-4,2,14,37,0.004879335355400237,989
M-2022-4,2,142,37,0.004879335355400237,990
M-2022-4,176,111,21,0.004873520538407983,991
M-2022-4,176,129,21,0.004873520538407983,992
M-2022-4,124,129,148,0.004853732126459399,993
M-2022-4,36,105,4,0.004842615012106538,994
M-2022-4,50,87,22,0.004839419269687638,995
M-2022-4,50,116,22,0.004839419269687638,996
M-2022-4,157,1,10,0.004819277108433735,997
M-2022-4,157,176,10,0.004819277108433735,998
M-2022-4,1,157,52,0.004818383988139363,999
M-2022-4,68,18,35,0.004813643240269564,1000
M-2022-4,92,155,11,0.004807692307692308,1001
M-2022-4,114,28,16,0.004806248122559327,1002
M-2022-4,26,155,11,0.004797208896641954,1003
M-2022-4,46,29,47,0.004796897325984895,1004
M-2022-4,130,176,34,0.004794134235758601,1005
M-2022-4,52,156,11,0.0047805302042590175,1006
M-2022-4,13,17,10,0.004777830864787387,1007
M-2022-4,13,25,10,0.004777830864787387,1008
M-2022-4,13,93,10,0.004777830864787387,1009
M-2022-4,150,130,11,0.004772234273318872,1010
M-2022-4,65,155,15,0.0047694753577106515,1011
M-2022-4,104,160,16,0.004757656853999405,1012
M-2022-4,11,29,8,0.004747774480712166,1013
M-2022-4,155,142,53,0.004739336492890996,1014
M-2022-4,94,99,3,0.004739336492890996,1015
M-2022-4,94,130,3,0.004739336492890996,1016
M-2022-4,94,134,3,0.004739336492890996,1017
M-2022-4,133,131,256,0.004731103308076141,1018
M-2022-4,32,46,11,0.004719004719004719,1019
M-2022-4,140,139,339,0.0047127842962798195,1020
M-2022-4,156,51,155,0.004711675836702435,1021
M-2022-4,105,117,23,0.004698672114402451,1022
M-2022-4,124,149,143,0.00468975468975469,1023
M-2022-4,172,28,36,0.004682622268470343,1024
M-2022-4,93,156,163,0.004682293462024589,1025
M-2022-4,12,24,13,0.004662840746054519,1026
M-2022-4,130,110,33,0.004653130287648054,1027
M-2022-4,28,129,76,0.004643773677135525,1028
M-2022-4,142,156,290,0.004632291866334419,1029
M-2022-4,140,175,333,0.004629372184841239,1030
M-2022-4,50,9,21,0.004619445666520018,1031
M-2022-4,2,111,35,0.004615587498351576,1032
M-2022-4,111,28,13,0.004614838480653177,1033
M-2022-4,111,82,13,0.004614838480653177,1034
M-2022-4,25,142,251,0.004600692853346041,1035
M-2022-4,45,115,10,0.004562043795620438,1036
M-2022-4,45,144,10,0.004562043795620438,1037
M-2022-4,135,153,14,0.004561746497230368,1038
M-2022-4,18,23,100,0.004560795402718234,1039
M-2022-4,69,86,4,0.004550625711035267,1040
M-2022-4,158,156,57,0.004544005102040816,1041
M-2022-4,125,124,16,0.004542873367404884,1042
M-2022-4,125,156,16,0.004542873367404884,1043
M-2022-4,147,133,10,0.004539264639128461,1044
M-2022-4,37,16,9,0.004524886877828055,1045
M-2022-4,37,68,9,0.004524886877828055,1046
M-2022-4,9,82,7,0.004524886877828055,1047
M-2022-4,9,166,7,0.004524886877828055,1048
M-2022-4,29,122,134,0.004518935689474927,1049
M-2022-4,130,142,32,0.0045121263395375075,1050
M-2022-4,160,142,7,0.004507405022537025,1051
M-2022-4,170,155,17,0.0045045045045045045,1052
M-2022-4,169,146,13,0.004496713939813214,1053
M-2022-4,105,122,22,0.0044943820224719105,1054
M-2022-4,105,153,22,0.0044943820224719105,1055
M-2022-4,167,137,3,0.004491017964071856,1056
M-2022-4,2,155,34,0.004483713569827246,1057
M-2022-4,16,32,9,0.004482071713147411,1058
M-2022-4,174,71,19,0.004474799811587376,1059
M-2022-4,19,49,59,0.004474781949184679,1060
M-2022-4,19,140,59,0.004474781949184679,1061
M-2022-4,66,140,23,0.004466886774130899,1062
M-2022-4,158,153,56,0.004464285714285714,1063
M-2022-4,151,149,9,0.004453240969816922,1064
M-2022-4,141,148,9,0.004451038575667656,1065
M-2022-4,163,24,14,0.004435994930291508,1066
M-2022-4,163,105,14,0.004435994930291508,1067
M-2022-4,80,75,27,0.0044291338582677165,1068
M-2022-4,124,71,135,0.004427390791027155,1069
M-2022-4,123,163,15,0.004420866489832007,1070
M-2022-4,176,51,19,0.004409375725226271,1071
M-2022-4,176,142,19,0.004409375725226271,1072
M-2022-4,140,71,317,0.00440693988767169,1073
M-2022-4,50,77,20,0.004399472063352398,1074
M-2022-4,50,82,20,0.004399472063352398,1075
M-2022-4,50,133,20,0.004399472063352398,1076
M-2022-4,142,71,275,0.004392690562903329,1077
M-2022-4,46,156,43,0.00438865074505001,1078
M-2022-4,175,74,222,0.004384925337757762,1079
M-2022-4,158,28,55,0.004384566326530612,1080
M-2022-4,61,171,86,0.00437080707460866,1081
M-2022-4,154,60,13,0.004365345869711216,1082
M-2022-4,154,91,13,0.004365345869711216,1083
M-2022-4,154,93,13,0.004365345869711216,1084
M-2022-4,154,106,13,0.004365345869711216,1085
M-2022-4,154,170,13,0.004365345869711216,1086
M-2022-4,2,157,33,0.004351839641302914,1087
M-2022-4,52,71,10,0.004345936549326379,1088
M-2022-4,52,93,10,0.004345936549326379,1089
M-2022-4,99,25,104,0.004341473596326445,1090
M-2022-4,157,124,9,0.004337349397590362,1091
M-2022-4,157,143,9,0.004337349397590362,1092
M-2022-4,143,51,19,0.004333941605839416,1093
M-2022-4,138,96,189,0.004331782448259265,1094
M-2022-4,132,136,100,0.0043183486634710885,1095
M-2022-4,166,129,10,0.0043159257660768235,1096
M-2022-4,12,136,12,0.00430416068866571,1097
M-2022-4,13,138,9,0.004300047778308648,1098
M-2022-4,136,133,96,0.0042968400322263,1099
M-2022-4,77,72,352,0.004296245667138603,1100
M-2022-4,172,138,33,0.004292403746097815,1101
M-2022-4,32,14,10,0.00429000429000429,1102
M-2022-4,32,81,10,0.00429000429000429,1103
M-2022-4,32,149,10,0.00429000429000429,1104
M-2022-4,76,78,45,0.004276347049320536,1105
M-2022-4,153,156,303,0.004269229143477097,1106
M-2022-4,80,76,26,0.00426509186351706,1107
M-2022-4,126,49,9,0.004261363636363636,1108
M-2022-4,111,133,12,0.004259850905218318,1109
M-2022-4,111,158,12,0.004259850905218318,1110
M-2022-4,125,129,15,0.004258943781942078,1111
M-2022-4,0,129,6,0.004243281471004243,1112
M-2022-4,14,133,44,0.004230362465147582,1113
M-2022-4,116,49,17,0.004225702212279393,1114
M-2022-4,99,138,101,0.004216238781047798,1115
M-2022-4,21,19,11,0.004198473282442748,1116
M-2022-4,17,117,42,0.004197062056560408,1117
M-2022-4,72,79,75,0.0041946308724832215,1118
M-2022-4,46,68,41,0.004184527454582568,1119
M-2022-4,76,80,44,0.004181317114891191,1120
M-2022-4,50,12,19,0.004179498460184778,1121
M-2022-4,50,93,19,0.004179498460184778,1122
M-2022-4,50,96,19,0.004179498460184778,1123
M-2022-4,50,129,19,0.004179498460184778,1124
M-2022-4,176,28,18,0.004177303318635414,1125
M-2022-4,104,88,14,0.004162949747249479,1126
M-2022-4,28,46,68,0.004154955395331786,1127
M-2022-4,11,18,7,0.004154302670623145,1128
M-2022-4,11,136,7,0.004154302670623145,1129
M-2022-4,11,175,7,0.004154302670623145,1130
M-2022-4,123,23,14,0.00412614205717654,1131
M-2022-4,123,110,14,0.00412614205717654,1132
M-2022-4,62,61,64,0.004116020322850344,1133
M-2022-4,89,39,2,0.00411522633744856,1134
M-2022-4,89,86,2,0.00411522633744856,1135
M-2022-4,89,99,2,0.00411522633744856,1136
M-2022-4,89,116,2,0.00411522633744856,1137
M-2022-4,89,133,2,0.00411522633744856,1138
M-2022-4,89,156,2,0.00411522633744856,1139
M-2022-4,162,2,2,0.00411522633744856,1140
M-2022-4,162,8,2,0.00411522633744856,1141
M-2022-4,162,15,2,0.00411522633744856,1142
M-2022-4,162,17,2,0.00411522633744856,1143
M-2022-4,162,39,2,0.00411522633744856,1144
M-2022-4,162,61,2,0.00411522633744856,1145
M-2022-4,162,64,2,0.00411522633744856,1146
M-2022-4,162,99,2,0.00411522633744856,1147
M-2022-4,162,131,2,0.00411522633744856,1148
M-2022-4,162,134,2,0.00411522633744856,1149
M-2022-4,162,171,2,0.00411522633744856,1150
M-2022-4,82,78,327,0.004107575776608172,1151
M-2022-4,143,71,18,0.004105839416058394,1152
M-2022-4,64,96,10,0.004103405826836274,1153
M-2022-4,39,61,18,0.004102096627164996,1154
M-2022-4,134,133,44,0.004097597317936301,1155
M-2022-4,19,117,54,0.004095563139931741,1156
M-2022-4,171,29,29,0.004094888449590511,1157
M-2022-4,171,156,29,0.004094888449590511,1158
M-2022-4,175,80,207,0.004088646598720076,1159
M-2022-4,159,140,13,0.004085480829666876,1160
M-2022-4,46,93,40,0.004082465809348847,1161
M-2022-4,59,85,56,0.004080443019527835,1162
M-2022-4,168,160,16,0.004077471967380225,1163
M-2022-4,61,133,80,0.004065867046147591,1164
M-2022-4,117,124,345,0.004061881887538853,1165
M-2022-4,90,149,31,0.004060248853962017,1166
M-2022-4,25,124,221,0.004050809245376395,1167
M-2022-4,172,18,31,0.004032258064516129,1168
M-2022-4,173,2,20,0.004032258064516129,1169
M-2022-4,154,32,12,0.004029550033579583,1170
M-2022-4,154,53,12,0.004029550033579583,1171
M-2022-4,154,158,12,0.004029550033579583,1172
M-2022-4,106,109,16,0.004007012271475081,1173
M-2022-4,127,155,12,0.003997335109926716,1174
M-2022-4,15,133,3,0.0039946737683089215,1175
M-2022-4,15,138,3,0.0039946737683089215,1176
M-2022-4,15,156,3,0.0039946737683089215,1177
M-2022-4,15,175,3,0.0039946737683089215,1178
M-2022-4,91,14,17,0.003988737681839512,1179
M-2022-4,16,3,8,0.00398406374501992,1180
M-2022-4,16,18,8,0.00398406374501992,1181
M-2022-4,16,28,8,0.00398406374501992,1182
M-2022-4,125,39,14,0.003975014196479273,1183
M-2022-4,170,129,15,0.00397456279809221,1184
M-2022-4,170,172,15,0.00397456279809221,1185
M-2022-4,28,156,65,0.003971648539655383,1186
M-2022-4,148,93,27,0.003963593658250147,1187
M-2022-4,86,171,110,0.003962678770849094,1188
M-2022-4,151,14,8,0.0039584364176150424,1189
M-2022-4,151,133,8,0.0039584364176150424,1190
M-2022-4,141,71,8,0.003956478733926805,1191
M-2022-4,141,129,8,0.003956478733926805,1192
M-2022-4,141,153,8,0.003956478733926805,1193
M-2022-4,2,176,30,0.003956217855729922,1194
M-2022-4,130,14,28,0.003948110547095319,1195
M-2022-4,12,86,11,0.003945480631276901,1196
M-2022-4,176,61,17,0.003945230912044558,1197
M-2022-4,155,71,44,0.003934543503532147,1198
M-2022-4,26,153,9,0.0039249890972525075,1199
M-2022-4,26,156,9,0.0039249890972525075,1200
M-2022-4,112,125,15,0.003924646781789639,1201
M-2022-4,43,86,8,0.0039177277179236044,1202
M-2022-4,43,131,8,0.0039177277179236044,1203
M-2022-4,52,124,9,0.003911342894393742,1204
M-2022-4,135,129,12,0.0039100684261974585,1205
M-2022-4,158,108,49,0.00390625,1206
M-2022-4,20,129,5,0.0039032006245121,1207
M-2022-4,142,25,244,0.0038975145358124083,1208
M-2022-4,17,140,39,0.0038972719096632357,1209
M-2022-4,177,170,6,0.003896103896103896,1210
M-2022-4,71,140,582,0.0038953737417005783,1211
M-2022-4,23,18,50,0.003894080996884735,1212
M-2022-4,166,163,9,0.003884333189469141,1213
M-2022-4,142,108,243,0.0038815411155836686,1214
M-2022-4,105,11,19,0.003881511746680286,1215
M-2022-4,143,77,17,0.0038777372262773723,1216
M-2022-4,19,17,51,0.0038680318543799774,1217
M-2022-4,104,110,13,0.003865596193874517,1218
M-2022-4,139,14,11,0.003865073787772312,1219
M-2022-4,139,51,11,0.003865073787772312,1220
M-2022-4,160,99,6,0.0038634900193174502,1221
M-2022-4,160,133,6,0.0038634900193174502,1222
M-2022-4,160,136,6,0.0038634900193174502,1223
M-2022-4,160,162,6,0.0038634900193174502,1224
M-2022-4,160,168,6,0.0038634900193174502,1225
M-2022-4,32,93,9,0.003861003861003861,1226
M-2022-4,62,51,60,0.0038587690526721975,1227
M-2022-4,63,153,43,0.0038558106169296986,1228
M-2022-4,63,156,43,0.0038558106169296986,1229
M-2022-4,157,82,8,0.0038554216867469878,1230
M-2022-4,157,160,8,0.0038554216867469878,1231
M-2022-4,68,86,28,0.003850914592215651,1232
M-2022-4,68,122,28,0.003850914592215651,1233
M-2022-4,85,96,8,0.0038461538461538464,1234
M-2022-4,77,142,315,0.0038446516623541474,1235
M-2022-4,128,117,9,0.003842869342442357,1236
M-2022-4,173,133,19,0.0038306451612903224,1237
M-2022-4,149,54,284,0.003827802787287382,1238
M-2022-4,122,149,235,0.003825741542669228,1239
M-2022-4,168,122,15,0.00382262996941896,1240
M-2022-4,21,117,10,0.003816793893129771,1241
M-2022-4,149,99,283,0.0038143246084589052,1242
M-2022-4,8,51,6,0.0038119440914866584,1243
M-2022-4,8,93,6,0.0038119440914866584,1244
M-2022-4,8,151,6,0.0038119440914866584,1245
M-2022-4,42,28,7,0.0038064165307232192,1246
M-2022-4,42,175,7,0.0038064165307232192,1247
M-2022-4,169,96,11,0.0038049117952265654,1248
M-2022-4,163,112,12,0.0038022813688212928,1249
M-2022-4,163,136,12,0.0038022813688212928,1250
M-2022-4,74,153,35,0.003800217155266015,1251
M-2022-4,74,163,35,0.003800217155266015,1252
M-2022-4,156,140,125,0.0037997385779858345,1253
M-2022-4,90,82,29,0.0037982973149967257,1254
M-2022-4,82,73,302,0.0037935409313017373,1255
M-2022-4,93,135,132,0.003791795932437091,1256
M-2022-4,59,153,52,0.003788982803847275,1257
M-2022-4,126,99,8,0.003787878787878788,1258
M-2022-4,126,131,8,0.003787878787878788,1259
M-2022-4,126,133,8,0.003787878787878788,1260
M-2022-4,129,2,167,0.0037802476401747514,1261
M-2022-4,71,78,564,0.0037748982651531378,1262
M-2022-4,80,142,23,0.003772965879265092,1263
M-2022-4,172,83,29,0.0037721123829344435,1264
M-2022-4,159,61,12,0.003771213073538655,1265
M-2022-4,159,93,12,0.003771213073538655,1266
M-2022-4,31,71,30,0.003762699109494544,1267
M-2022-4,155,66,42,0.0037557006170079585,1268
M-2022-4,155,176,42,0.0037557006170079585,1269
M-2022-4,14,93,39,0.0037496394577444477,1270
M-2022-4,140,66,269,0.0037396429961630427,1271
M-2022-4,50,123,17,0.003739551253849538,1272
M-2022-4,116,115,15,0.0037285607755406414,1273
M-2022-4,116,153,15,0.0037285607755406414,1274
M-2022-4,118,129,14,0.003723404255319149,1275
M-2022-4,156,124,122,0.0037085448521141746,1276
M-2022-4,17,153,37,0.003697411811731788,1277
M-2022-4,64,13,9,0.0036930652441526466,1278
M-2022-4,64,36,9,0.0036930652441526466,1279
M-2022-4,64,117,9,0.0036930652441526466,1280
M-2022-4,64,160,9,0.0036930652441526466,1281
M-2022-4,2,136,28,0.003692469998681261,1282
M-2022-4,66,129,19,0.0036900369003690036,1283
M-2022-4,66,141,19,0.0036900369003690036,1284
M-2022-4,105,45,18,0.0036772216547497445,1285
M-2022-4,171,133,26,0.0036712792996328723,1286
M-2022-4,155,61,41,0.003666279173745864,1287
M-2022-4,112,142,14,0.003663003663003663,1288
M-2022-4,115,39,84,0.003655670641483158,1289
M-2022-4,143,129,16,0.0036496350364963502,1290
M-2022-4,45,159,8,0.0036496350364963502,1291
M-2022-4,25,153,199,0.003647561266198655,1292
M-2022-4,78,82,175,0.0036451498677331335,1293
M-2022-4,19,156,48,0.0036405005688282138,1294
M-2022-4,36,122,3,0.0036319612590799033,1295
M-2022-4,173,175,18,0.0036290322580645163,1296
M-2022-4,51,153,79,0.003616884900650124,1297
M-2022-4,81,78,26,0.003602604960509907,1298
M-2022-4,54,25,24,0.0036019810895992796,1299
M-2022-4,135,86,11,0.0035842293906810036,1300
M-2022-4,104,138,12,0.003568242640499554,1301
M-2022-4,11,171,6,0.0035608308605341245,1302
M-2022-4,2,140,27,0.00356059607015693,1303
M-2022-4,124,142,108,0.0035419126328217238,1304
M-2022-4,0,14,5,0.003536067892503536,1305
M-2022-4,129,117,156,0.003531249292618331,1306
M-2022-4,171,93,25,0.0035300762496469924,1307
M-2022-4,156,133,116,0.0035261574003708543,1308
M-2022-4,50,51,16,0.0035195776506819184,1309
M-2022-4,119,82,10,0.0035137034434293743,1310
M-2022-4,67,26,3,0.00351288056206089,1311
M-2022-4,67,75,3,0.00351288056206089,1312
M-2022-4,67,82,3,0.00351288056206089,1313
M-2022-4,67,93,3,0.00351288056206089,1314
M-2022-4,31,158,28,0.003511852502194908,1315
M-2022-4,117,29,298,0.0035085240651784875,1316
M-2022-4,99,111,84,0.003506574827802129,1317
M-2022-4,79,140,88,0.0035056967572304996,1318
M-2022-4,66,153,18,0.0034958244319285296,1319
M-2022-4,26,112,8,0.0034888791975577847,1320
M-2022-4,26,175,8,0.0034888791975577847,1321
M-2022-4,16,2,7,0.0034860557768924302,1322
M-2022-4,16,124,7,0.0034860557768924302,1323
M-2022-4,16,127,7,0.0034860557768924302,1324
M-2022-4,16,133,7,0.0034860557768924302,1325
M-2022-4,16,142,7,0.0034860557768924302,1326
M-2022-4,163,13,11,0.003485424588086185,1327
M-2022-4,163,71,11,0.003485424588086185,1328
M-2022-4,96,122,192,0.003483372339846514,1329
M-2022-4,176,2,15,0.0034810860988628454,1330
M-2022-4,52,2,8,0.003476749239461104,1331
M-2022-4,52,117,8,0.003476749239461104,1332
M-2022-4,150,149,8,0.0034707158351409977,1333
M-2022-4,46,112,34,0.00347009593794652,1334
M-2022-4,156,93,114,0.003465361583123081,1335
M-2022-4,156,129,114,0.003465361583123081,1336
M-2022-4,10,83,7,0.0034653465346534654,1337
M-2022-4,10,93,7,0.0034653465346534654,1338
M-2022-4,151,18,7,0.0034636318654131617,1339
M-2022-4,151,122,7,0.0034636318654131617,1340
M-2022-4,141,124,7,0.0034619188921859545,1341
M-2022-4,141,149,7,0.0034619188921859545,1342
M-2022-4,118,25,13,0.003457446808510638,1343
M-2022-4,159,26,11,0.0034569453174104338,1344
M-2022-4,159,68,11,0.0034569453174104338,1345
M-2022-4,166,50,8,0.0034527406128614588,1346
M-2022-4,100,97,105,0.0034421715184893785,1347
M-2022-4,32,96,8,0.003432003432003432,1348
M-2022-4,32,142,8,0.003432003432003432,1349
M-2022-4,43,127,7,0.0034280117531831538,1350
M-2022-4,43,160,7,0.0034280117531831538,1351
M-2022-4,158,124,43,0.0034279336734693877,1352
M-2022-4,173,117,17,0.0034274193548387098,1353
M-2022-4,149,96,254,0.0034234574224330807,1354
M-2022-4,73,75,100,0.003423367909349218,1355
M-2022-4,28,153,56,0.003421727972626176,1356
M-2022-4,143,23,15,0.0034215328467153286,1357
M-2022-4,143,28,15,0.0034215328467153286,1358
M-2022-4,76,75,36,0.0034210776394564286,1359
M-2022-4,39,122,15,0.0034184138559708297,1360
M-2022-4,69,42,3,0.0034129692832764505,1361
M-2022-4,69,122,3,0.0034129692832764505,1362
M-2022-4,69,132,3,0.0034129692832764505,1363
M-2022-4,69,138,3,0.0034129692832764505,1364
M-2022-4,69,153,3,0.0034129692832764505,1365
M-2022-4,69,175,3,0.0034129692832764505,1366
M-2022-4,34,105,2,0.003401360544217687,1367
M-2022-4,34,133,2,0.003401360544217687,1368
M-2022-4,171,153,24,0.003388873199661113,1369
M-2022-4,47,96,13,0.003386298515238343,1370
M-2022-4,130,82,24,0.00338409475465313,1371
M-2022-4,130,96,24,0.00338409475465313,1372
M-2022-4,130,101,24,0.00338409475465313,1373
M-2022-4,172,98,26,0.0033818938605619147,1374
M-2022-4,172,101,26,0.0033818938605619147,1375
M-2022-4,172,170,26,0.0033818938605619147,1376
M-2022-4,53,130,33,0.0033759590792838876,1377
M-2022-4,157,39,7,0.0033734939759036144,1378
M-2022-4,74,142,31,0.0033659066232356134,1379
M-2022-4,49,71,135,0.003356539035305818,1380
M-2022-4,122,156,206,0.0033536287565526,1381
M-2022-4,13,28,7,0.0033444816053511705,1382
M-2022-4,13,77,7,0.0033444816053511705,1383
M-2022-4,13,99,7,0.0033444816053511705,1384
M-2022-4,13,117,7,0.0033444816053511705,1385
M-2022-4,13,175,7,0.0033444816053511705,1386
M-2022-4,117,2,284,0.0033436940755392297,1387
M-2022-4,99,54,80,0.0033395950740972655,1388
M-2022-4,18,175,73,0.003329380643984311,1389
M-2022-4,168,86,13,0.003312945973496432,1390
M-2022-4,155,117,37,0.003308593400697487,1391
M-2022-4,155,141,37,0.003308593400697487,1392
M-2022-4,68,163,24,0.003300783936184844,1393
M-2022-4,41,29,7,0.0033003300330033004,1394
M-2022-4,6,14,9,0.003297911322828875,1395
M-2022-4,174,100,14,0.003297220913801225,1396
M-2022-4,2,130,25,0.0032968482131082687,1397
M-2022-4,2,131,25,0.0032968482131082687,1398
M-2022-4,144,61,12,0.0032948929159802307,1399
M-2022-4,165,117,17,0.0032843894899536323,1400
M-2022-4,64,12,8,0.003282724661469019,1401
M-2022-4,64,39,8,0.003282724661469019,1402
M-2022-4,90,14,25,0.0032743942370661427,1403
M-2022-4,117,102,278,0.003273052651408119,1404
M-2022-4,104,36,11,0.0032708890871245913,1405
M-2022-4,104,143,11,0.0032708890871245913,1406
M-2022-4,14,156,34,0.0032689164503413135,1407
M-2022-4,96,149,180,0.0032656615686061066,1408
M-2022-4,176,117,14,0.0032490136922719887,1409
M-2022-4,176,153,14,0.0032490136922719887,1410
M-2022-4,171,46,23,0.003247670149675233,1411
M-2022-4,123,18,11,0.0032419687592101384,1412
M-2022-4,28,83,53,0.003238421116949774,1413
M-2022-4,133,148,175,0.003234152652005175,1414
M-2022-4,9,149,5,0.003232062055591467,1415
M-2022-4,116,143,13,0.003231419338801889,1416
M-2022-4,116,155,13,0.003231419338801889,1417
M-2022-4,102,117,258,0.0032294000575784506,1418
M-2022-4,63,93,36,0.0032281205164992827,1419
M-2022-4,117,99,274,0.0032259583686540453,1420
M-2022-4,156,139,106,0.003222178314131988,1421
M-2022-4,160,50,5,0.003219575016097875,1422
M-2022-4,160,64,5,0.003219575016097875,1423
M-2022-4,155,139,36,0.003219171957435393,1424
M-2022-4,111,170,9,0.003194888178913738,1425
M-2022-4,143,18,14,0.0031934306569343066,1426
M-2022-4,143,131,14,0.0031934306569343066,1427
M-2022-4,45,39,7,0.0031934306569343066,1428
M-2022-4,18,156,70,0.003192556781902764,1429
M-2022-4,118,175,12,0.0031914893617021275,1430
M-2022-4,19,93,42,0.0031854379977246873,1431
M-2022-4,170,17,12,0.003179650238473768,1432
M-2022-4,147,1,7,0.0031774852473899226,1433
M-2022-4,147,25,7,0.0031774852473899226,1434
M-2022-4,147,153,7,0.0031774852473899226,1435
M-2022-4,28,100,52,0.0031773188317243063,1436
M-2022-4,8,129,5,0.0031766200762388818,1437
M-2022-4,14,139,33,0.0031727718488606866,1438
M-2022-4,163,29,10,0.0031685678073510772,1439
M-2022-4,163,108,10,0.0031685678073510772,1440
M-2022-4,163,129,10,0.0031685678073510772,1441
M-2022-4,2,28,24,0.0031649742845839377,1442
M-2022-4,139,117,9,0.003162333099086437,1443
M-2022-4,139,129,9,0.003162333099086437,1444
M-2022-4,139,143,9,0.003162333099086437,1445
M-2022-4,139,175,9,0.003162333099086437,1446
M-2022-4,94,3,2,0.00315955766192733,1447
M-2022-4,94,14,2,0.00315955766192733,1448
M-2022-4,94,65,2,0.00315955766192733,1449
M-2022-4,94,79,2,0.00315955766192733,1450
M-2022-4,94,85,2,0.00315955766192733,1451
M-2022-4,94,92,2,0.00315955766192733,1452
M-2022-4,94,107,2,0.00315955766192733,1453
M-2022-4,94,140,2,0.00315955766192733,1454
M-2022-4,94,152,2,0.00315955766192733,1455
M-2022-4,94,169,2,0.00315955766192733,1456
M-2022-4,132,156,73,0.0031523945243338946,1457
M-2022-4,121,96,8,0.0031458906802988595,1458
M-2022-4,159,28,10,0.0031426775612822125,1459
M-2022-4,175,72,159,0.0031405546337994784,1460
M-2022-4,112,133,12,0.0031397174254317113,1461
M-2022-4,3,117,5,0.003138731952291274,1462
M-2022-4,155,68,35,0.0031297505141732987,1463
M-2022-4,125,14,11,0.0031232254400908573,1464
M-2022-4,20,23,4,0.00312256049960968,1465
M-2022-4,24,133,32,0.003121037745050229,1466
M-2022-4,171,49,22,0.0031064670996893535,1467
M-2022-4,50,99,14,0.0030796304443466782,1468
M-2022-4,122,124,189,0.0030768729853807835,1469
M-2022-4,14,49,32,0.0030766272473800598,1470
M-2022-4,14,130,32,0.0030766272473800598,1471
M-2022-4,105,60,15,0.0030643513789581204,1472
M-2022-4,105,157,15,0.0030643513789581204,1473
M-2022-4,168,42,12,0.0030581039755351682,1474
M-2022-4,1,122,33,0.0030578206078576723,1475
M-2022-4,26,82,7,0.0030527692978630614,1476
M-2022-4,26,89,7,0.0030527692978630614,1477
M-2022-4,26,159,7,0.0030527692978630614,1478
M-2022-4,91,155,13,0.003050211168465509,1479
M-2022-4,63,155,34,0.003048780487804878,1480
M-2022-4,52,51,7,0.003042155584528466,1481
M-2022-4,52,139,7,0.003042155584528466,1482
M-2022-4,76,82,32,0.003040957901739048,1483
M-2022-4,2,108,23,0.003033100356059607,1484
M-2022-4,70,73,8,0.003028009084027252,1485
M-2022-4,154,49,9,0.0030221625251846875,1486
M-2022-4,154,124,9,0.0030221625251846875,1487
M-2022-4,154,139,9,0.0030221625251846875,1488
M-2022-4,166,156,7,0.0030211480362537764,1489
M-2022-4,144,155,11,0.0030203185063152112,1490
M-2022-4,176,71,13,0.0030169412856811324,1491
M-2022-4,31,140,24,0.0030101592875956353,1492
M-2022-4,114,153,10,0.0030039050765995794,1493
M-2022-4,32,13,7,0.003003003003003003,1494
M-2022-4,32,22,7,0.003003003003003003,1495
M-2022-4,32,49,7,0.003003003003003003,1496
M-2022-4,32,132,7,0.003003003003003003,1497
M-2022-4,32,155,7,0.003003003003003003,1498
M-2022-4,32,176,7,0.003003003003003003,1499
M-2022-4,117,129,255,0.0030022605255721957,1500
M-2022-4,108,156,35,0.0030009431535625484,1501
M-2022-4,28,142,49,0.0029940119760479044,1502
M-2022-4,167,24,2,0.0029940119760479044,1503
M-2022-4,167,28,2,0.0029940119760479044,1504
M-2022-4,167,133,2,0.0029940119760479044,1505
M-2022-4,128,61,7,0.0029888983774551663,1506
M-2022-4,152,101,5,0.002988643156007173,1507
M-2022-4,16,53,6,0.00298804780876494,1508
M-2022-4,16,77,6,0.00298804780876494,1509
M-2022-4,16,82,6,0.00298804780876494,1510
M-2022-4,16,106,6,0.00298804780876494,1511
M-2022-4,16,138,6,0.00298804780876494,1512
M-2022-4,16,139,6,0.00298804780876494,1513
M-2022-4,16,170,6,0.00298804780876494,1514
M-2022-4,59,28,41,0.002987467210725736,1515
M-2022-4,104,89,10,0.0029735355337496285,1516
M-2022-4,10,50,6,0.0029702970297029703,1517
M-2022-4,151,5,6,0.0029688273132112814,1518
M-2022-4,151,60,6,0.0029688273132112814,1519
M-2022-4,151,115,6,0.0029688273132112814,1520
M-2022-4,151,129,6,0.0029688273132112814,1521
M-2022-4,151,165,6,0.0029688273132112814,1522
M-2022-4,151,172,6,0.0029688273132112814,1523
M-2022-4,141,49,6,0.002967359050445104,1524
M-2022-4,141,60,6,0.002967359050445104,1525
M-2022-4,141,93,6,0.002967359050445104,1526
M-2022-4,141,117,6,0.002967359050445104,1527
M-2022-4,141,175,6,0.002967359050445104,1528
M-2022-4,11,20,5,0.002967359050445104,1529
M-2022-4,11,49,5,0.002967359050445104,1530
M-2022-4,11,115,5,0.002967359050445104,1531
M-2022-4,11,155,5,0.002967359050445104,1532
M-2022-4,11,156,5,0.002967359050445104,1533
M-2022-4,117,25,252,0.00296693981350664,1534
M-2022-4,143,127,13,0.0029653284671532845,1535
M-2022-4,1,117,32,0.0029651593773165306,1536
M-2022-4,46,138,29,0.0029597877117779137,1537
M-2022-4,115,157,68,0.0029593524240577943,1538
M-2022-4,63,149,33,0.002959110473457676,1539
M-2022-4,155,25,33,0.00295090762764911,1540
M-2022-4,61,62,58,0.0029477536084570035,1541
M-2022-4,123,33,10,0.0029472443265546712,1542
M-2022-4,43,14,6,0.002938295788442703,1543
M-2022-4,43,110,6,0.002938295788442703,1544
M-2022-4,43,156,6,0.002938295788442703,1545
M-2022-4,135,142,9,0.002932551319648094,1546
M-2022-4,175,142,148,0.002923283558505175,1547
M-2022-4,84,87,7,0.002920317062995411,1548
M-2022-4,170,14,11,0.0029146793852676206,1549
M-2022-4,165,98,15,0.0028979907264296756,1550
M-2022-4,157,19,6,0.002891566265060241,1551
M-2022-4,157,28,6,0.002891566265060241,1552
M-2022-4,157,125,6,0.002891566265060241,1553
M-2022-4,85,117,6,0.0028846153846153848,1554
M-2022-4,14,32,30,0.002884338044418806,1555
M-2022-4,14,140,30,0.002884338044418806,1556
M-2022-4,90,96,22,0.002881466928618206,1557
M-2022-4,112,68,11,0.0028780743066457353,1558
M-2022-4,112,72,11,0.0028780743066457353,1559
M-2022-4,64,86,7,0.002872384078785392,1560
M-2022-4,158,51,36,0.0028698979591836736,1561
M-2022-4,12,49,8,0.0028694404591104736,1562
M-2022-4,12,87,8,0.0028694404591104736,1563
M-2022-4,12,93,8,0.0028694404591104736,1564
M-2022-4,155,51,32,0.002861486184387016,1565
M-2022-4,105,93,14,0.0028600612870275793,1566
M-2022-4,105,163,14,0.0028600612870275793,1567
M-2022-4,46,28,28,0.0028577260665441926,1568
M-2022-4,83,130,70,0.0028569096400293853,1569
M-2022-4,124,153,87,0.002853207398661944,1570
M-2022-4,163,39,9,0.0028517110266159697,1571
M-2022-4,163,127,9,0.0028517110266159697,1572
M-2022-4,133,93,154,0.0028460543337645535,1573
M-2022-4,60,156,141,0.002841481600902825,1574
M-2022-4,126,136,6,0.002840909090909091,1575
M-2022-4,111,18,8,0.0028399006034788782,1576
M-2022-4,111,55,8,0.0028399006034788782,1577
M-2022-4,111,61,8,0.0028399006034788782,1578
M-2022-4,111,71,8,0.0028399006034788782,1579
M-2022-4,111,86,8,0.0028399006034788782,1580
M-2022-4,0,165,4,0.002828854314002829,1581
M-2022-4,159,99,9,0.0028284098051539913,1582
M-2022-4,159,143,9,0.0028284098051539913,1583
M-2022-4,174,150,12,0.002826189354686764,1584
M-2022-4,74,49,26,0.0028230184581976114,1585
M-2022-4,91,53,12,0.0028155795401220087,1586
M-2022-4,139,82,8,0.0028109627547434997,1587
M-2022-4,139,124,8,0.0028109627547434997,1588
M-2022-4,139,154,8,0.0028109627547434997,1589
M-2022-4,28,93,46,0.002810705120371502,1590
M-2022-4,79,74,70,0.002788622420524261,1591
M-2022-4,176,143,12,0.002784868879090276,1592
M-2022-4,142,175,174,0.0027793751198006518,1593
M-2022-4,56,96,28,0.0027739251040221915,1594
M-2022-4,2,93,21,0.0027693524990109455,1595
M-2022-4,62,63,43,0.002765451154415075,1596
M-2022-4,76,122,29,0.002755868098451012,1597
M-2022-4,46,26,27,0.0027556644213104714,1598
M-2022-4,46,127,27,0.0027556644213104714,1599
M-2022-4,46,140,27,0.0027556644213104714,1600
M-2022-4,68,28,20,0.0027506532801540367,1601
M-2022-4,90,175,21,0.00275049115913556,1602
M-2022-4,120,129,8,0.0027416038382453737,1603
M-2022-4,143,41,12,0.002737226277372263,1604
M-2022-4,143,61,12,0.002737226277372263,1605
M-2022-4,143,67,12,0.002737226277372263,1606
M-2022-4,156,68,90,0.002735811776149801,1607
M-2022-4,49,136,110,0.0027349577324714074,1608
M-2022-4,116,24,11,0.002734277902063137,1609
M-2022-4,116,68,11,0.002734277902063137,1610
M-2022-4,172,17,21,0.0027315296566077004,1611
M-2022-4,172,99,21,0.0027315296566077004,1612
M-2022-4,42,117,5,0.0027188689505165853,1613
M-2022-4,42,132,5,0.0027188689505165853,1614
M-2022-4,42,133,5,0.0027188689505165853,1615
M-2022-4,74,86,25,0.0027144408251900108,1616
M-2022-4,114,100,9,0.0027035145689396217,1617
M-2022-4,114,172,9,0.0027035145689396217,1618
M-2022-4,153,117,191,0.00269116424555817,1619
M-2022-4,63,29,30,0.002690100430416069,1620
M-2022-4,63,49,30,0.002690100430416069,1621
M-2022-4,154,19,8,0.002686366689053056,1622
M-2022-4,154,61,8,0.002686366689053056,1623
M-2022-4,171,175,19,0.002682857949731714,1624
M-2022-4,155,133,30,0.0026826432978628275,1625
M-2022-4,104,25,9,0.0026761819803746653,1626
M-2022-4,104,50,9,0.0026761819803746653,1627
M-2022-4,104,123,9,0.0026761819803746653,1628
M-2022-4,104,132,9,0.0026761819803746653,1629
M-2022-4,21,142,7,0.0026717557251908397,1630
M-2022-4,79,80,67,0.0026691100310732214,1631
M-2022-4,127,19,8,0.002664890073284477,1632
M-2022-4,127,104,8,0.002664890073284477,1633
M-2022-4,127,112,8,0.002664890073284477,1634
M-2022-4,15,14,2,0.002663115845539281,1635
M-2022-4,15,29,2,0.002663115845539281,1636
M-2022-4,15,51,2,0.002663115845539281,1637
M-2022-4,15,99,2,0.002663115845539281,1638
M-2022-4,15,108,2,0.002663115845539281,1639
M-2022-4,15,125,2,0.002663115845539281,1640
M-2022-4,15,132,2,0.002663115845539281,1641
M-2022-4,15,153,2,0.002663115845539281,1642
M-2022-4,25,71,145,0.002657770771853291,1643
M-2022-4,105,112,13,0.002655771195097038,1644
M-2022-4,123,153,9,0.002652519893899204,1645
M-2022-4,142,77,166,0.0026515877579707365,1646
M-2022-4,142,82,166,0.0026515877579707365,1647
M-2022-4,110,122,26,0.0026508972267536707,1648
M-2022-4,170,86,10,0.002649708532061473,1649
M-2022-4,170,96,10,0.002649708532061473,1650
M-2022-4,170,142,10,0.002649708532061473,1651
M-2022-4,50,71,12,0.0026396832380114386,1652
M-2022-4,50,166,12,0.0026396832380114386,1653
M-2022-4,2,1,20,0.002637478570486615,1654
M-2022-4,153,142,187,0.0026348047849182083,1655
M-2022-4,58,96,6,0.0026246719160104987,1656
M-2022-4,26,1,6,0.0026166593981683385,1657
M-2022-4,26,142,6,0.0026166593981683385,1658
M-2022-4,112,104,10,0.0026164311878597592,1659
M-2022-4,112,156,10,0.0026164311878597592,1660
M-2022-4,112,159,10,0.0026164311878597592,1661
M-2022-4,68,133,19,0.002613120616146335,1662
M-2022-4,52,24,6,0.002607561929595828,1663
M-2022-4,52,25,6,0.002607561929595828,1664
M-2022-4,52,87,6,0.002607561929595828,1665
M-2022-4,135,134,8,0.002606712284131639,1666
M-2022-4,63,122,29,0.0026004304160688664,1667
M-2022-4,63,133,29,0.0026004304160688664,1668
M-2022-4,60,62,129,0.0025996533795493936,1669
M-2022-4,17,71,26,0.002598181273108824,1670
M-2022-4,177,149,4,0.0025974025974025974,1671
M-2022-4,14,63,27,0.0025959042399769255,1672
M-2022-4,14,141,27,0.0025959042399769255,1673
M-2022-4,155,16,29,0.002593221854600733,1674
M-2022-4,61,153,51,0.002591990241919089,1675
M-2022-4,166,117,6,0.002589555459646094,1676
M-2022-4,166,123,6,0.002589555459646094,1677
M-2022-4,166,142,6,0.002589555459646094,1678
M-2022-4,49,153,104,0.0025857782197911488,1679
M-2022-4,9,14,4,0.002585649644473174,1680
M-2022-4,9,26,4,0.002585649644473174,1681
M-2022-4,9,68,4,0.002585649644473174,1682
M-2022-4,9,110,4,0.002585649644473174,1683
M-2022-4,9,115,4,0.002585649644473174,1684
M-2022-4,113,14,13,0.002578341927806426,1685
M-2022-4,160,9,4,0.0025756600128783,1686
M-2022-4,160,29,4,0.0025756600128783,1687
M-2022-4,160,44,4,0.0025756600128783,1688
M-2022-4,160,69,4,0.0025756600128783,1689
M-2022-4,160,116,4,0.0025756600128783,1690
M-2022-4,160,122,4,0.0025756600128783,1691
M-2022-4,160,128,4,0.0025756600128783,1692
M-2022-4,32,23,6,0.002574002574002574,1693
M-2022-4,32,124,6,0.002574002574002574,1694
M-2022-4,32,170,6,0.002574002574002574,1695
M-2022-4,23,156,33,0.0025700934579439253,1696
M-2022-4,128,86,6,0.0025619128949615714,1697
M-2022-4,129,156,113,0.002557892115806868,1698
M-2022-4,125,25,9,0.002555366269165247,1699
M-2022-4,125,93,9,0.002555366269165247,1700
M-2022-4,176,96,11,0.0025527964724994198,1701
M-2022-4,97,149,106,0.0025493025493025494,1702
M-2022-4,168,12,10,0.0025484199796126403,1703
M-2022-4,168,130,10,0.0025484199796126403,1704
M-2022-4,25,129,139,0.0025477940502593617,1705
M-2022-4,99,156,61,0.002546441243999165,1706
M-2022-4,140,21,183,0.0025440693988767167,1707
M-2022-4,8,82,4,0.0025412960609911056,1708
M-2022-4,8,115,4,0.0025412960609911056,1709
M-2022-4,8,138,4,0.0025412960609911056,1710
M-2022-4,8,142,4,0.0025412960609911056,1711
M-2022-4,8,158,4,0.0025412960609911056,1712
M-2022-4,8,162,4,0.0025412960609911056,1713
M-2022-4,24,22,26,0.0025358431678533114,1714
M-2022-4,163,110,8,0.0025348542458808617,1715
M-2022-4,163,115,8,0.0025348542458808617,1716
M-2022-4,163,124,8,0.0025348542458808617,1717
M-2022-4,66,139,13,0.0025247620897261604,1718
M-2022-4,66,155,13,0.0025247620897261604,1719
M-2022-4,159,112,8,0.00251414204902577,1720
M-2022-4,159,124,8,0.00251414204902577,1721
M-2022-4,159,156,8,0.00251414204902577,1722
M-2022-4,37,25,5,0.002513826043237808,1723
M-2022-4,37,42,5,0.002513826043237808,1724
M-2022-4,37,123,5,0.002513826043237808,1725
M-2022-4,37,156,5,0.002513826043237808,1726
M-2022-4,37,160,5,0.002513826043237808,1727
M-2022-4,49,142,101,0.0025111884634510195,1728
M-2022-4,49,175,101,0.0025111884634510195,1729
M-2022-4,3,140,4,0.0025109855618330196,1730
M-2022-4,12,104,7,0.002510760401721664,1731
M-2022-4,12,153,7,0.002510760401721664,1732
M-2022-4,18,140,55,0.002508437471495029,1733
M-2022-4,28,13,41,0.002505193694244165,1734
M-2022-4,106,65,10,0.002504382669671926,1735
M-2022-4,84,90,6,0.0025031289111389237,1736
M-2022-4,14,18,26,0.0024997596384962986,1737
M-2022-4,14,28,26,0.0024997596384962986,1738
M-2022-4,14,138,26,0.0024997596384962986,1739
M-2022-4,16,49,5,0.00249003984063745,1740
M-2022-4,16,105,5,0.00249003984063745,1741
M-2022-4,90,49,19,0.0024885396201702686,1742
M-2022-4,90,158,19,0.0024885396201702686,1743
M-2022-4,116,50,10,0.002485707183693761,1744
M-2022-4,116,71,10,0.002485707183693761,1745
M-2022-4,116,122,10,0.002485707183693761,1746
M-2022-4,111,66,7,0.0024849130280440185,1747
M-2022-4,111,109,7,0.0024849130280440185,1748
M-2022-4,68,60,18,0.002475587952138633,1749
M-2022-4,68,93,18,0.002475587952138633,1750
M-2022-4,10,53,5,0.0024752475247524753,1751
M-2022-4,151,63,5,0.002474022761009401,1752
M-2022-4,151,143,5,0.002474022761009401,1753
M-2022-4,151,158,5,0.002474022761009401,1754
M-2022-4,151,175,5,0.002474022761009401,1755
M-2022-4,141,19,5,0.002472799208704253,1756
M-2022-4,141,21,5,0.002472799208704253,1757
M-2022-4,141,32,5,0.002472799208704253,1758
M-2022-4,141,133,5,0.002472799208704253,1759
M-2022-4,175,49,125,0.002468989491980722,1760
M-2022-4,18,133,54,0.0024628295174678465,1761
M-2022-4,30,149,20,0.0024597220514081908,1762
M-2022-4,139,138,7,0.002459592410400562,1763
M-2022-4,131,153,75,0.0024563586938722037,1764
M-2022-4,105,14,12,0.0024514811031664963,1765
M-2022-4,43,23,5,0.002448579823702253,1766
M-2022-4,137,117,10,0.002445585717779408,1767
M-2022-4,62,117,38,0.0024438870666923917,1768
M-2022-4,115,73,56,0.002437113760988772,1769
M-2022-4,169,86,7,0.002421307506053269,1770
M-2022-4,169,117,7,0.002421307506053269,1771
M-2022-4,36,158,2,0.002421307506053269,1772
M-2022-4,36,163,2,0.002421307506053269,1773
M-2022-4,50,142,11,0.002419709634843819,1774
M-2022-4,164,102,8,0.0024132730015082957,1775
M-2022-4,175,155,122,0.0024097337441731847,1776
M-2022-4,157,2,5,0.0024096385542168677,1777
M-2022-4,157,105,5,0.0024096385542168677,1778
M-2022-4,157,149,5,0.0024096385542168677,1779
M-2022-4,157,155,5,0.0024096385542168677,1780
M-2022-4,157,175,5,0.0024096385542168677,1781
M-2022-4,71,142,360,0.002409509530948811,1782
M-2022-4,4,28,9,0.002408348943002408,1783
M-2022-4,4,94,9,0.002408348943002408,1784
M-2022-4,44,117,7,0.0024054982817869417,1785
M-2022-4,72,74,43,0.0024049217002237136,1786
M-2022-4,59,4,33,0.0024045467793646167,1787
M-2022-4,85,78,5,0.002403846153846154,1788
M-2022-4,85,150,5,0.002403846153846154,1789
M-2022-4,171,142,17,0.0024004518497599547,1790
M-2022-4,171,149,17,0.0024004518497599547,1791
M-2022-4,60,93,119,0.002398129861754867,1792
M-2022-4,118,14,9,0.0023936170212765957,1793
M-2022-4,152,28,4,0.002390914524805738,1794
M-2022-4,152,108,4,0.002390914524805738,1795
M-2022-4,13,68,5,0.0023889154323936935,1796
M-2022-4,13,82,5,0.0023889154323936935,1797
M-2022-4,13,104,5,0.0023889154323936935,1798
M-2022-4,13,122,5,0.0023889154323936935,1799
M-2022-4,170,28,9,0.0023847376788553257,1800
M-2022-4,170,53,9,0.0023847376788553257,1801
M-2022-4,170,134,9,0.0023847376788553257,1802
M-2022-4,170,140,9,0.0023847376788553257,1803
M-2022-4,170,156,9,0.0023847376788553257,1804
M-2022-4,31,108,19,0.0023830427693465445,1805
M-2022-4,51,140,52,0.0023807343649848915,1806
M-2022-4,104,42,8,0.0023788284269997025,1807
M-2022-4,104,61,8,0.0023788284269997025,1808
M-2022-4,104,142,8,0.0023788284269997025,1809
M-2022-4,122,29,146,0.0023768436818285416,1810
M-2022-4,76,142,25,0.002375748360733631,1811
M-2022-4,132,117,55,0.002375091764909099,1812
M-2022-4,11,28,4,0.002373887240356083,1813
M-2022-4,11,39,4,0.002373887240356083,1814
M-2022-4,11,88,4,0.002373887240356083,1815
M-2022-4,11,105,4,0.002373887240356083,1816
M-2022-4,11,112,4,0.002373887240356083,1817
M-2022-4,11,117,4,0.002373887240356083,1818
M-2022-4,11,125,4,0.002373887240356083,1819
M-2022-4,11,131,4,0.002373887240356083,1820
M-2022-4,11,134,4,0.002373887240356083,1821
M-2022-4,2,3,18,0.0023737307134379534,1822
M-2022-4,2,138,18,0.0023737307134379534,1823
M-2022-4,22,149,11,0.002372735116479724,1824
M-2022-4,126,12,5,0.0023674242424242425,1825
M-2022-4,126,61,5,0.0023674242424242425,1826
M-2022-4,126,63,5,0.0023674242424242425,1827
M-2022-4,126,155,5,0.0023674242424242425,1828
M-2022-4,138,99,103,0.0023607068368820335,1829
M-2022-4,122,25,145,0.0023605639305831405,1830
M-2022-4,112,115,9,0.002354788069073783,1831
M-2022-4,53,51,23,0.002352941176470588,1832
M-2022-4,154,63,7,0.0023505708529214238,1833
M-2022-4,47,28,9,0.0023443605105496223,1834
M-2022-4,20,52,3,0.00234192037470726,1835
M-2022-4,20,151,3,0.00234192037470726,1836
M-2022-4,67,61,2,0.00234192037470726,1837
M-2022-4,67,71,2,0.00234192037470726,1838
M-2022-4,67,72,2,0.00234192037470726,1839
M-2022-4,67,77,2,0.00234192037470726,1840
M-2022-4,67,116,2,0.00234192037470726,1841
M-2022-4,67,124,2,0.00234192037470726,1842
M-2022-4,67,143,2,0.00234192037470726,1843
M-2022-4,86,133,65,0.0023415829100471917,1844
M-2022-4,172,53,18,0.0023413111342351716,1845
M-2022-4,172,142,18,0.0023413111342351716,1846
M-2022-4,172,176,18,0.0023413111342351716,1847
M-2022-4,68,138,17,0.002338055288130931,1848
M-2022-4,127,140,7,0.002331778814123917,1849
M-2022-4,127,153,7,0.002331778814123917,1850
M-2022-4,63,136,26,0.0023314203730272595,1851
M-2022-4,134,117,25,0.0023281802942819894,1852
M-2022-4,93,132,81,0.002326783867631851,1853
M-2022-4,18,1,51,0.0023260056553862994,1854
M-2022-4,18,93,51,0.0023260056553862994,1855
M-2022-4,96,156,128,0.0023222482265643427,1856
M-2022-4,27,83,45,0.002321262766945218,1857
M-2022-4,176,139,10,0.0023207240659085635,1858
M-2022-4,165,149,12,0.00231839258114374,1859
M-2022-4,153,25,164,0.0023107378862384288,1860
M-2022-4,115,62,53,0.002306554095221516,1861
M-2022-4,115,135,53,0.002306554095221516,1862
M-2022-4,17,93,23,0.0022983911262116517,1863
M-2022-4,168,28,9,0.0022935779816513763,1864
M-2022-4,168,166,9,0.0022935779816513763,1865
M-2022-4,61,175,45,0.00228705021345802,1866
M-2022-4,129,25,101,0.002286257554836227,1867
M-2022-4,82,70,182,0.002286173673830848,1868
M-2022-4,35,23,2,0.002285714285714286,1869
M-2022-4,35,66,2,0.002285714285714286,1870
M-2022-4,35,105,2,0.002285714285714286,1871
M-2022-4,35,116,2,0.002285714285714286,1872
M-2022-4,35,129,2,0.002285714285714286,1873
M-2022-4,35,155,2,0.002285714285714286,1874
M-2022-4,35,175,2,0.002285714285714286,1875
M-2022-4,143,87,10,0.002281021897810219,1876
M-2022-4,143,175,10,0.002281021897810219,1877
M-2022-4,45,25,5,0.002281021897810219,1878
M-2022-4,45,68,5,0.002281021897810219,1879
M-2022-4,45,104,5,0.002281021897810219,1880
M-2022-4,45,122,5,0.002281021897810219,1881
M-2022-4,135,29,7,0.002280873248615184,1882
M-2022-4,56,130,23,0.0022785813354468,1883
M-2022-4,149,98,169,0.0022778122220125617,1884
M-2022-4,19,77,30,0.0022753128555176336,1885
M-2022-4,69,60,2,0.0022753128555176336,1886
M-2022-4,69,95,2,0.0022753128555176336,1887
M-2022-4,69,99,2,0.0022753128555176336,1888
M-2022-4,69,149,2,0.0022753128555176336,1889
M-2022-4,69,155,2,0.0022753128555176336,1890
M-2022-4,69,156,2,0.0022753128555176336,1891
M-2022-4,69,160,2,0.0022753128555176336,1892
M-2022-4,69,163,2,0.0022753128555176336,1893
M-2022-4,125,2,8,0.002271436683702442,1894
M-2022-4,125,10,8,0.002271436683702442,1895
M-2022-4,125,153,8,0.002271436683702442,1896
M-2022-4,70,18,6,0.002271006813020439,1897
M-2022-4,70,28,6,0.002271006813020439,1898
M-2022-4,28,97,37,0.002260784553342295,1899
M-2022-4,28,149,37,0.002260784553342295,1900
M-2022-4,171,155,16,0.0022592487997740753,1901
M-2022-4,130,140,16,0.0022560631697687537,1902
M-2022-4,130,153,16,0.0022560631697687537,1903
M-2022-4,122,133,138,0.002246605671865334,1904
M-2022-4,46,86,22,0.0022453561951418658,1905
M-2022-4,51,142,49,0.0022433843054665325,1906
M-2022-4,51,155,49,0.0022433843054665325,1907
M-2022-4,24,149,23,0.002243245879254852,1908
M-2022-4,2,96,17,0.002241856784913623,1909
M-2022-4,2,143,17,0.002241856784913623,1910
M-2022-4,2,172,17,0.002241856784913623,1911
M-2022-4,2,175,17,0.002241856784913623,1912
M-2022-4,103,1,4,0.002238388360380526,1913
M-2022-4,103,156,4,0.002238388360380526,1914
M-2022-4,116,26,9,0.0022371364653243847,1915
M-2022-4,116,129,9,0.0022371364653243847,1916
M-2022-4,61,156,44,0.002236226875381175,1917
M-2022-4,134,131,24,0.0022350530825107095,1918
M-2022-4,108,71,26,0.0022292720569321786,1919
M-2022-4,108,78,26,0.0022292720569321786,1920
M-2022-4,163,2,7,0.002217997465145754,1921
M-2022-4,163,23,7,0.002217997465145754,1922
M-2022-4,163,82,7,0.002217997465145754,1923
M-2022-4,14,50,23,0.0022113258340544176,1924
M-2022-4,68,136,16,0.002200522624123229,1925
M-2022-4,159,71,7,0.0021998742928975488,1926
M-2022-4,159,82,7,0.0021998742928975488,1927
M-2022-4,159,117,7,0.0021998742928975488,1928
M-2022-4,50,29,10,0.002199736031676199,1929
M-2022-4,50,112,10,0.002199736031676199,1930
M-2022-4,28,86,36,0.0021996822681168275,1931
M-2022-4,19,2,29,0.002199469093667046,1932
M-2022-4,17,49,22,0.002198461077245928,1933
M-2022-4,17,149,22,0.002198461077245928,1934
M-2022-4,97,138,91,0.0021885521885521885,1935
M-2022-4,113,129,11,0.00218167393891313,1936
M-2022-4,26,25,5,0.002180549498473615,1937
M-2022-4,26,66,5,0.002180549498473615,1938
M-2022-4,26,71,5,0.002180549498473615,1939
M-2022-4,115,129,50,0.0021759944294542605,1940
M-2022-4,42,131,4,0.002175095160413268,1941
M-2022-4,52,82,5,0.0021729682746631897,1942
M-2022-4,132,60,50,0.0021591743317355442,1943
M-2022-4,138,10,94,0.0021544314822030206,1944
M-2022-4,158,77,27,0.002152423469387755,1945
M-2022-4,32,148,5,0.002145002145002145,1946
M-2022-4,32,159,5,0.002145002145002145,1947
M-2022-4,25,122,117,0.0021445460710816213,1948
M-2022-4,40,79,5,0.0021422450728363325,1949
M-2022-4,40,142,5,0.0021422450728363325,1950
M-2022-4,134,132,23,0.00214192587073943,1951
M-2022-4,96,25,118,0.0021408225838640033,1952
M-2022-4,28,8,35,0.00213857998289136,1953
M-2022-4,66,49,11,0.0021363371528452125,1954
M-2022-4,82,142,170,0.002135436948083759,1955
M-2022-4,128,157,5,0.002134927412467976,1956
M-2022-4,1,71,23,0.0021312083024462563,1957
M-2022-4,111,163,6,0.002129925452609159,1958
M-2022-4,111,175,6,0.002129925452609159,1959
M-2022-4,133,136,115,0.002125300314174829,1960
M-2022-4,96,68,117,0.0021226800195939693,1961
M-2022-4,0,53,3,0.0021216407355021216,1962
M-2022-4,0,110,3,0.0021216407355021216,1963
M-2022-4,0,175,3,0.0021216407355021216,1964
M-2022-4,170,77,8,0.0021197668256491787,1965
M-2022-4,170,122,8,0.0021197668256491787,1966
M-2022-4,170,124,8,0.0021197668256491787,1967
M-2022-4,174,149,9,0.002119642016015073,1968
M-2022-4,171,28,15,0.0021180457497881953,1969
M-2022-4,60,153,105,0.0021159969368425295,1970
M-2022-4,14,116,22,0.002115181232573791,1971
M-2022-4,14,122,22,0.002115181232573791,1972
M-2022-4,130,64,15,0.0021150592216582064,1973
M-2022-4,130,65,15,0.0021150592216582064,1974
M-2022-4,130,117,15,0.0021150592216582064,1975
M-2022-4,130,149,15,0.0021150592216582064,1976
M-2022-4,130,155,15,0.0021150592216582064,1977
M-2022-4,153,24,150,0.002113479773998563,1978
M-2022-4,164,22,7,0.0021116138763197585,1979
M-2022-4,2,53,16,0.0021099828563892918,1980
M-2022-4,2,71,16,0.0021099828563892918,1981
M-2022-4,139,111,6,0.0021082220660576245,1982
M-2022-4,139,159,6,0.0021082220660576245,1983
M-2022-4,25,175,115,0.0021078871638836446,1984
M-2022-4,96,101,116,0.0021045374553239353,1985
M-2022-4,114,122,7,0.0021027335536197055,1986
M-2022-4,54,133,14,0.00210115563559958,1987
M-2022-4,17,46,21,0.002098531028280204,1988
M-2022-4,17,175,21,0.002098531028280204,1989
M-2022-4,112,25,8,0.0020931449502878076,1990
M-2022-4,112,105,8,0.0020931449502878076,1991
M-2022-4,112,122,8,0.0020931449502878076,1992
M-2022-4,112,153,8,0.0020931449502878076,1993
M-2022-4,99,2,50,0.002087246921310791,1994
M-2022-4,84,140,5,0.0020859407592824365,1995
M-2022-4,84,155,5,0.0020859407592824365,1996
M-2022-4,61,155,41,0.0020837568611506404,1997
M-2022-4,104,64,7,0.0020814748736247396,1998
M-2022-4,104,122,7,0.0020814748736247396,1999
M-2022-4,172,140,16,0.002081165452653486,2000
M-2022-4,81,175,15,0.0020784259387557156,2001
M-2022-4,28,2,34,0.002077477697665893,2002
M-2022-4,28,115,34,0.002077477697665893,2003
M-2022-4,117,98,176,0.002072148441179241,2004
M-2022-4,107,92,8,0.0020655822359927703,2005
M-2022-4,131,148,63,0.002063341302852651,2006
M-2022-4,77,78,169,0.0020626861299614316,2007
M-2022-4,63,39,23,0.0020624103299856527,2008
M-2022-4,44,133,6,0.002061855670103093,2009
M-2022-4,136,25,46,0.0020589025154417687,2010
M-2022-4,89,9,1,0.00205761316872428,2011
M-2022-4,89,21,1,0.00205761316872428,2012
M-2022-4,89,24,1,0.00205761316872428,2013
M-2022-4,89,25,1,0.00205761316872428,2014
M-2022-4,89,28,1,0.00205761316872428,2015
M-2022-4,89,29,1,0.00205761316872428,2016
M-2022-4,89,50,1,0.00205761316872428,2017
M-2022-4,89,53,1,0.00205761316872428,2018
M-2022-4,89,54,1,0.00205761316872428,2019
M-2022-4,89,77,1,0.00205761316872428,2020
M-2022-4,89,93,1,0.00205761316872428,2021
M-2022-4,89,96,1,0.00205761316872428,2022
M-2022-4,89,100,1,0.00205761316872428,2023
M-2022-4,89,120,1,0.00205761316872428,2024
M-2022-4,89,121,1,0.00205761316872428,2025
M-2022-4,89,143,1,0.00205761316872428,2026
M-2022-4,89,146,1,0.00205761316872428,2027
M-2022-4,89,149,1,0.00205761316872428,2028
M-2022-4,89,153,1,0.00205761316872428,2029
M-2022-4,89,162,1,0.00205761316872428,2030
M-2022-4,89,171,1,0.00205761316872428,2031
M-2022-4,162,18,1,0.00205761316872428,2032
M-2022-4,162,22,1,0.00205761316872428,2033
M-2022-4,162,37,1,0.00205761316872428,2034
M-2022-4,162,43,1,0.00205761316872428,2035
M-2022-4,162,49,1,0.00205761316872428,2036
M-2022-4,162,51,1,0.00205761316872428,2037
M-2022-4,162,66,1,0.00205761316872428,2038
M-2022-4,162,88,1,0.00205761316872428,2039
M-2022-4,162,96,1,0.00205761316872428,2040
M-2022-4,162,102,1,0.00205761316872428,2041
M-2022-4,162,126,1,0.00205761316872428,2042
M-2022-4,162,127,1,0.00205761316872428,2043
M-2022-4,162,133,1,0.00205761316872428,2044
M-2022-4,162,140,1,0.00205761316872428,2045
M-2022-4,162,155,1,0.00205761316872428,2046
M-2022-4,162,158,1,0.00205761316872428,2047
M-2022-4,162,159,1,0.00205761316872428,2048
M-2022-4,162,168,1,0.00205761316872428,2049
M-2022-4,153,18,146,0.002057120313358601,2050
M-2022-4,155,116,23,0.0020566931950281677,2051
M-2022-4,155,149,23,0.0020566931950281677,2052
M-2022-4,143,20,9,0.002052919708029197,2053
M-2022-4,143,140,9,0.002052919708029197,2054
M-2022-4,143,151,9,0.002052919708029197,2055
M-2022-4,143,163,9,0.002052919708029197,2056
M-2022-4,64,29,5,0.002051702913418137,2057
M-2022-4,64,90,5,0.002051702913418137,2058
M-2022-4,64,99,5,0.002051702913418137,2059
M-2022-4,64,155,5,0.002051702913418137,2060
M-2022-4,64,175,5,0.002051702913418137,2061
M-2022-4,87,142,23,0.0020479031252782476,2062
M-2022-4,97,100,85,0.002044252044252044,2063
M-2022-4,105,124,10,0.0020429009193054137,2064
M-2022-4,105,132,10,0.0020429009193054137,2065
M-2022-4,105,143,10,0.0020429009193054137,2066
M-2022-4,105,149,10,0.0020429009193054137,2067
M-2022-4,46,139,20,0.0020412329046744235,2068
M-2022-4,49,13,82,0.0020387866732968674,2069
M-2022-4,168,88,8,0.0020387359836901123,2070
M-2022-4,168,112,8,0.0020387359836901123,2071
M-2022-4,156,138,67,0.002036659877800407,2072
M-2022-4,156,155,67,0.002036659877800407,2073
M-2022-4,14,51,21,0.002019036631093164,2074
M-2022-4,14,60,21,0.002019036631093164,2075
M-2022-4,14,90,21,0.002019036631093164,2076
M-2022-4,28,133,33,0.002016375412440425,2077
M-2022-4,154,16,6,0.0020147750167897917,2078
M-2022-4,154,86,6,0.0020147750167897917,2079
M-2022-4,154,175,6,0.0020147750167897917,2080
M-2022-4,37,93,4,0.002011060834590246,2081
M-2022-4,31,156,16,0.0020067728583970904,2082
M-2022-4,99,14,48,0.0020037570444583594,2083
M-2022-4,124,82,61,0.002000524727797455,2084
M-2022-4,83,14,49,0.0019998367480205696,2085
M-2022-4,16,15,4,0.00199203187250996,2086
M-2022-4,16,46,4,0.00199203187250996,2087
M-2022-4,16,51,4,0.00199203187250996,2088
M-2022-4,16,79,4,0.00199203187250996,2089
M-2022-4,16,91,4,0.00199203187250996,2090
M-2022-4,16,116,4,0.00199203187250996,2091
M-2022-4,116,28,8,0.0019885657469550086,2092
M-2022-4,116,89,8,0.0019885657469550086,2093
M-2022-4,116,142,8,0.0019885657469550086,2094
M-2022-4,116,156,8,0.0019885657469550086,2095
M-2022-4,125,149,7,0.0019875070982396364,2096
M-2022-4,132,175,46,0.001986440385196701,2097
M-2022-4,10,14,4,0.0019801980198019802,2098
M-2022-4,10,124,4,0.0019801980198019802,2099
M-2022-4,161,60,6,0.001979544704717915,2100
M-2022-4,151,19,4,0.0019792182088075212,2101
M-2022-4,151,105,4,0.0019792182088075212,2102
M-2022-4,151,112,4,0.0019792182088075212,2103
M-2022-4,151,116,4,0.0019792182088075212,2104
M-2022-4,151,140,4,0.0019792182088075212,2105
M-2022-4,141,63,4,0.0019782393669634025,2106
M-2022-4,141,72,4,0.0019782393669634025,2107
M-2022-4,141,142,4,0.0019782393669634025,2108
M-2022-4,141,143,4,0.0019782393669634025,2109
M-2022-4,141,156,4,0.0019782393669634025,2110
M-2022-4,141,176,4,0.0019782393669634025,2111
M-2022-4,2,49,15,0.001978108927864961,2112
M-2022-4,2,158,15,0.001978108927864961,2113
M-2022-4,63,46,22,0.0019727403156384504,2114
M-2022-4,63,117,22,0.0019727403156384504,2115
M-2022-4,63,138,22,0.0019727403156384504,2116
M-2022-4,51,117,43,0.001968684186429814,2117
M-2022-4,155,77,22,0.0019672717517660735,2118
M-2022-4,90,124,15,0.0019646365422396855,2119
M-2022-4,99,124,47,0.0019620121060321435,2120
M-2022-4,99,130,47,0.0019620121060321435,2121
M-2022-4,75,140,55,0.0019600855310049894,2122
M-2022-4,87,124,22,0.0019588638589618022,2123
M-2022-4,43,19,4,0.0019588638589618022,2124
M-2022-4,43,105,4,0.0019588638589618022,2125
M-2022-4,43,132,4,0.0019588638589618022,2126
M-2022-4,43,175,4,0.0019588638589618022,2127
M-2022-4,153,129,139,0.0019584912572386684,2128
M-2022-4,135,82,6,0.0019550342130987292,2129
M-2022-4,135,155,6,0.0019550342130987292,2130
M-2022-4,74,140,18,0.001954397394136808,2131
M-2022-4,172,96,15,0.001951092611862643,2132
M-2022-4,177,124,3,0.001948051948051948,2133
M-2022-4,23,117,25,0.0019470404984423676,2134
M-2022-4,1,18,21,0.0019458858413639733,2135
M-2022-4,66,93,10,0.0019421246844047388,2136
M-2022-4,9,2,3,0.0019392372333548805,2137
M-2022-4,9,89,3,0.0019392372333548805,2138
M-2022-4,9,95,3,0.0019392372333548805,2139
M-2022-4,9,105,3,0.0019392372333548805,2140
M-2022-4,110,42,19,0.001937194127243067,2141
M-2022-4,160,28,3,0.0019317450096587251,2142
M-2022-4,160,51,3,0.0019317450096587251,2143
M-2022-4,160,86,3,0.0019317450096587251,2144
M-2022-4,160,95,3,0.0019317450096587251,2145
M-2022-4,160,102,3,0.0019317450096587251,2146
M-2022-4,160,131,3,0.0019317450096587251,2147
M-2022-4,160,153,3,0.0019317450096587251,2148
M-2022-4,62,153,30,0.0019293845263360988,2149
M-2022-4,62,156,30,0.0019293845263360988,2150
M-2022-4,157,18,4,0.0019277108433734939,2151
M-2022-4,157,68,4,0.0019277108433734939,2152
M-2022-4,157,128,4,0.0019277108433734939,2153
M-2022-4,157,147,4,0.0019277108433734939,2154
M-2022-4,157,158,4,0.0019277108433734939,2155
M-2022-4,68,124,14,0.0019254572961078255,2156
M-2022-4,68,175,14,0.0019254572961078255,2157
M-2022-4,138,97,84,0.0019252366436707845,2158
M-2022-4,85,86,4,0.0019230769230769232,2159
M-2022-4,85,102,4,0.0019230769230769232,2160
M-2022-4,85,153,4,0.0019230769230769232,2161
M-2022-4,85,174,4,0.0019230769230769232,2162
M-2022-4,83,117,47,0.0019182107583054445,2163
M-2022-4,49,93,77,0.001914470412729985,2164
M-2022-4,13,18,4,0.0019111323459149545,2165
M-2022-4,13,62,4,0.0019111323459149545,2166
M-2022-4,13,63,4,0.0019111323459149545,2167
M-2022-4,13,143,4,0.0019111323459149545,2168
M-2022-4,13,149,4,0.0019111323459149545,2169
M-2022-4,86,93,53,0.001909290680500018,2170
M-2022-4,21,17,5,0.0019083969465648854,2171
M-2022-4,21,23,5,0.0019083969465648854,2172
M-2022-4,65,176,6,0.0019077901430842607,2173
M-2022-4,8,29,3,0.0019059720457433292,2174
M-2022-4,8,62,3,0.0019059720457433292,2175
M-2022-4,8,96,3,0.0019059720457433292,2176
M-2022-4,8,97,3,0.0019059720457433292,2177
M-2022-4,8,117,3,0.0019059720457433292,2178
M-2022-4,8,133,3,0.0019059720457433292,2179
M-2022-4,8,136,3,0.0019059720457433292,2180
M-2022-4,8,146,3,0.0019059720457433292,2181
M-2022-4,8,171,3,0.0019059720457433292,2182
M-2022-4,163,75,6,0.0019011406844106464,2183
M-2022-4,149,122,141,0.0019004232148152143,2184
M-2022-4,132,143,44,0.001900073411927279,2185
M-2022-4,59,130,26,0.0018944914019236375,2186
M-2022-4,28,27,31,0.0018941708419894904,2187
M-2022-4,28,102,31,0.0018941708419894904,2188
M-2022-4,126,29,4,0.001893939393939394,2189
M-2022-4,126,41,4,0.001893939393939394,2190
M-2022-4,126,45,4,0.001893939393939394,2191
M-2022-4,126,62,4,0.001893939393939394,2192
M-2022-4,126,117,4,0.001893939393939394,2193
M-2022-4,126,142,4,0.001893939393939394,2194
M-2022-4,126,171,4,0.001893939393939394,2195
M-2022-4,70,140,5,0.0018925056775170325,2196
M-2022-4,41,18,4,0.001885902876001886,2197
M-2022-4,41,23,4,0.001885902876001886,2198
M-2022-4,41,49,4,0.001885902876001886,2199
M-2022-4,41,128,4,0.001885902876001886,2200
M-2022-4,41,133,4,0.001885902876001886,2201
M-2022-4,41,155,4,0.001885902876001886,2202
M-2022-4,159,75,6,0.0018856065367693275,2203
M-2022-4,159,86,6,0.0018856065367693275,2204
M-2022-4,142,79,118,0.0018848635869912465,2205
M-2022-4,3,53,3,0.0018832391713747645,2206
M-2022-4,3,92,3,0.0018832391713747645,2207
M-2022-4,3,94,3,0.0018832391713747645,2208
M-2022-4,3,96,3,0.0018832391713747645,2209
M-2022-4,3,102,3,0.0018832391713747645,2210
M-2022-4,3,149,3,0.0018832391713747645,2211
M-2022-4,138,122,82,0.0018793976759643373,2212
M-2022-4,146,144,9,0.0018777383684539955,2213
M-2022-4,91,0,8,0.0018770530267480056,2214
M-2022-4,153,2,133,0.0018739520662787257,2215
M-2022-4,4,83,7,0.0018731602890018732,2216
M-2022-4,23,25,24,0.001869158878504673,2217
M-2022-4,176,93,8,0.0018565792527268509,2218
M-2022-4,176,124,8,0.0018565792527268509,2219
M-2022-4,170,83,7,0.0018547959724430313,2220
M-2022-4,170,154,7,0.0018547959724430313,2221
M-2022-4,1,142,20,0.0018532246108228317,2222
M-2022-4,75,73,52,0.0018531717747683535,2223
M-2022-4,2,50,14,0.0018462349993406304,2224
M-2022-4,49,77,74,0.0018398806563898558,2225
M-2022-4,105,18,9,0.0018386108273748722,2226
M-2022-4,105,99,9,0.0018386108273748722,2227
M-2022-4,105,175,9,0.0018386108273748722,2228
M-2022-4,46,155,18,0.001837109614206981,2229
M-2022-4,158,155,23,0.001833545918367347,2230
M-2022-4,130,71,13,0.0018330513254371122,2231
M-2022-4,130,109,13,0.0018330513254371122,2232
M-2022-4,112,82,7,0.0018315018315018315,2233
M-2022-4,112,163,7,0.0018315018315018315,2234
M-2022-4,115,142,42,0.001827835320741579,2235
M-2022-4,14,158,19,0.0018267474281319104,2236
M-2022-4,143,112,8,0.0018248175182481751,2237
M-2022-4,45,60,4,0.0018248175182481751,2238
M-2022-4,45,61,4,0.0018248175182481751,2239
M-2022-4,45,141,4,0.0018248175182481751,2240
M-2022-4,47,53,7,0.0018233915082052619,2241
M-2022-4,172,19,14,0.0018210197710718003,2242
M-2022-4,172,156,14,0.0018210197710718003,2243
M-2022-4,147,49,4,0.0018157058556513845,2244
M-2022-4,147,71,4,0.0018157058556513845,2245
M-2022-4,147,82,4,0.0018157058556513845,2246
M-2022-4,147,125,4,0.0018157058556513845,2247
M-2022-4,147,157,4,0.0018157058556513845,2248
M-2022-4,73,71,53,0.0018143849919550854,2249
M-2022-4,164,25,6,0.0018099547511312218,2250
M-2022-4,164,90,6,0.0018099547511312218,2251
M-2022-4,164,100,6,0.0018099547511312218,2252
M-2022-4,107,65,7,0.0018073844564936742,2253
M-2022-4,114,102,6,0.0018023430459597476,2254
M-2022-4,117,133,153,0.0018013563153433173,2255
M-2022-4,81,82,13,0.0018013024802549535,2256
M-2022-4,54,49,12,0.0018009905447996398,2257
M-2022-4,54,86,12,0.0018009905447996398,2258
M-2022-4,108,158,21,0.0018005658921375288,2259
M-2022-4,17,68,18,0.001798740881383032,2260
M-2022-4,83,51,44,0.0017957717737327565,2261
M-2022-4,156,28,59,0.001793476608809314,2262
M-2022-4,12,2,5,0.001793400286944046,2263
M-2022-4,12,60,5,0.001793400286944046,2264
M-2022-4,12,63,5,0.001793400286944046,2265
M-2022-4,12,133,5,0.001793400286944046,2266
M-2022-4,152,51,3,0.0017931858936043037,2267
M-2022-4,152,84,3,0.0017931858936043037,2268
M-2022-4,152,156,3,0.0017931858936043037,2269
M-2022-4,152,172,3,0.0017931858936043037,2270
M-2022-4,136,49,40,0.0017903500134276251,2271
M-2022-4,155,91,20,0.001788428865241885,2272
M-2022-4,155,143,20,0.001788428865241885,2273
M-2022-4,155,177,20,0.001788428865241885,2274
M-2022-4,68,12,13,0.0017879246321001237,2275
M-2022-4,68,141,13,0.0017879246321001237,2276
M-2022-4,104,46,6,0.001784121320249777,2277
M-2022-4,104,156,6,0.001784121320249777,2278
M-2022-4,168,34,7,0.001783893985728848,2279
M-2022-4,168,117,7,0.001783893985728848,2280
M-2022-4,11,60,3,0.0017804154302670622,2281
M-2022-4,11,126,3,0.0017804154302670622,2282
M-2022-4,140,49,128,0.001779458377356392,2283
M-2022-4,61,136,35,0.001778816832689571,2284
M-2022-4,18,149,39,0.0017787102070601112,2285
M-2022-4,96,164,98,0.0017779712984633247,2286
M-2022-4,111,20,5,0.001774937877174299,2287
M-2022-4,111,24,5,0.001774937877174299,2288
M-2022-4,111,90,5,0.001774937877174299,2289
M-2022-4,111,122,5,0.001774937877174299,2290
M-2022-4,111,127,5,0.001774937877174299,2291
M-2022-4,60,51,88,0.0017734069565918343,2292
M-2022-4,28,136,29,0.0017719662715385556,2293
M-2022-4,134,156,19,0.0017694170236543117,2294
M-2022-4,123,24,6,0.0017683465959328027,2295
M-2022-4,123,105,6,0.0017683465959328027,2296
M-2022-4,148,153,12,0.0017615971814445098,2297
M-2022-4,50,159,8,0.0017597888253409592,2298
M-2022-4,119,25,5,0.0017568517217146872,2299
M-2022-4,119,156,5,0.0017568517217146872,2300
M-2022-4,139,25,5,0.0017568517217146872,2301
M-2022-4,139,76,5,0.0017568517217146872,2302
M-2022-4,139,87,5,0.0017568517217146872,2303
M-2022-4,139,176,5,0.0017568517217146872,2304
M-2022-4,158,82,22,0.001753826530612245,2305
M-2022-4,58,59,4,0.0017497812773403325,2306
M-2022-4,59,117,24,0.0017487612940833576,2307
M-2022-4,66,175,9,0.0017479122159642648,2308
M-2022-4,26,18,4,0.0017444395987788923,2309
M-2022-4,26,49,4,0.0017444395987788923,2310
M-2022-4,26,67,4,0.0017444395987788923,2311
M-2022-4,26,68,4,0.0017444395987788923,2312
M-2022-4,26,132,4,0.0017444395987788923,2313
M-2022-4,26,158,4,0.0017444395987788923,2314
M-2022-4,117,18,148,0.0017424884619007253,2315
M-2022-4,25,117,95,0.0017412980919038804,2316
M-2022-4,115,128,40,0.0017407955435634085,2317
M-2022-4,115,153,40,0.0017407955435634085,2318
M-2022-4,51,108,38,0.0017397674205658822,2319
M-2022-4,53,18,17,0.0017391304347826088,2320
M-2022-4,53,176,17,0.0017391304347826088,2321
M-2022-4,165,55,9,0.0017387944358578052,2322
M-2022-4,52,86,4,0.001738374619730552,2323
M-2022-4,52,158,4,0.001738374619730552,2324
M-2022-4,52,175,4,0.001738374619730552,2325
M-2022-4,62,171,27,0.001736446073702489,2326
M-2022-4,150,101,4,0.0017353579175704988,2327
M-2022-4,46,77,17,0.00173504796897326,2328
M-2022-4,169,122,5,0.0017295053614666206,2329
M-2022-4,166,87,4,0.0017263703064307294,2330
M-2022-4,22,24,8,0.001725625539257981,2331
M-2022-4,22,117,8,0.001725625539257981,2332
M-2022-4,140,32,124,0.001723850303064005,2333
M-2022-4,96,99,95,0.001723543605653223,2334
M-2022-4,93,153,60,0.001723543605653223,2335
M-2022-4,30,117,14,0.0017218054359857337,2336
M-2022-4,32,2,4,0.001716001716001716,2337
M-2022-4,32,15,4,0.001716001716001716,2338
M-2022-4,32,24,4,0.001716001716001716,2339
M-2022-4,32,29,4,0.001716001716001716,2340
M-2022-4,32,83,4,0.001716001716001716,2341
M-2022-4,2,83,13,0.0017143610708162996,2342
M-2022-4,2,116,13,0.0017143610708162996,2343
M-2022-4,2,148,13,0.0017143610708162996,2344
M-2022-4,40,82,4,0.001713796058269066,2345
M-2022-4,99,86,41,0.0017115424754748487,2346
M-2022-4,28,122,28,0.001710863986313088,2347
M-2022-4,77,49,140,0.001708734072157399,2348
M-2022-4,128,131,4,0.0017079419299743809,2349
M-2022-4,128,143,4,0.0017079419299743809,2350
M-2022-4,128,155,4,0.0017079419299743809,2351
M-2022-4,125,110,6,0.0017035775127768314,2352
M-2022-4,34,13,1,0.0017006802721088435,2353
M-2022-4,34,28,1,0.0017006802721088435,2354
M-2022-4,34,46,1,0.0017006802721088435,2355
M-2022-4,34,93,1,0.0017006802721088435,2356
M-2022-4,34,125,1,0.0017006802721088435,2357
M-2022-4,34,132,1,0.0017006802721088435,2358
M-2022-4,34,144,1,0.0017006802721088435,2359
M-2022-4,34,153,1,0.0017006802721088435,2360
M-2022-4,155,163,19,0.0016990074219797907,2361
M-2022-4,17,99,17,0.0016988108324173079,2362
M-2022-4,149,153,126,0.0016982505323880636,2363
M-2022-4,171,136,12,0.0016944365998305564,2364
M-2022-4,171,140,12,0.0016944365998305564,2365
M-2022-4,18,49,37,0.0016874942990057467,2366
M-2022-4,56,14,17,0.0016841688131563305,2367
M-2022-4,154,28,5,0.0016789791806581598,2368
M-2022-4,154,68,5,0.0016789791806581598,2369
M-2022-4,154,74,5,0.0016789791806581598,2370
M-2022-4,154,136,5,0.0016789791806581598,2371
M-2022-4,154,157,5,0.0016789791806581598,2372
M-2022-4,154,172,5,0.0016789791806581598,2373
M-2022-4,103,122,3,0.0016787912702853946,2374
M-2022-4,103,133,3,0.0016787912702853946,2375
M-2022-4,103,149,3,0.0016787912702853946,2376
M-2022-4,103,175,3,0.0016787912702853946,2377
M-2022-4,59,51,23,0.0016758962401632177,2378
M-2022-4,83,149,41,0.0016733327891600685,2379
M-2022-4,79,76,42,0.0016731734523145567,2380
M-2022-4,62,149,26,0.0016721332561579522,2381
M-2022-4,84,51,4,0.001668752607425949,2382
M-2022-4,84,175,4,0.001668752607425949,2383
M-2022-4,1,133,18,0.0016679021497405485,2384
M-2022-4,127,32,5,0.0016655562958027982,2385
M-2022-4,127,115,5,0.0016655562958027982,2386
M-2022-4,127,138,5,0.0016655562958027982,2387
M-2022-4,127,175,5,0.0016655562958027982,2388
M-2022-4,81,142,12,0.0016627407510045726,2389
M-2022-4,24,19,17,0.0016580513020579342,2390
M-2022-4,136,153,37,0.0016560737624205532,2391
M-2022-4,129,140,73,0.001652443579238065,2392
M-2022-4,68,149,12,0.001650391968092422,2393
M-2022-4,28,4,27,0.0016497617010876207,2394
M-2022-4,28,96,27,0.0016497617010876207,2395
M-2022-4,28,138,27,0.0016497617010876207,2396
M-2022-4,174,133,7,0.0016486104569006124,2397
M-2022-4,149,124,122,0.0016443378170741569,2398
M-2022-4,91,30,7,0.001642421398404505,2399
M-2022-4,18,60,36,0.0016418863449785643,2400
M-2022-4,156,46,54,0.0016414870656898805,2401
M-2022-4,64,42,4,0.0016413623307345096,2402
M-2022-4,64,111,4,0.0016413623307345096,2403
M-2022-4,64,112,4,0.0016413623307345096,2404
M-2022-4,64,124,4,0.0016413623307345096,2405
M-2022-4,64,149,4,0.0016413623307345096,2406
M-2022-4,64,166,4,0.0016413623307345096,2407
M-2022-4,132,122,38,0.0016409724921190136,2408
M-2022-4,124,151,50,0.0016397743670470944,2409
M-2022-4,131,25,50,0.0016375724625814691,2410
M-2022-4,93,46,57,0.0016373664253705618,2411
M-2022-4,14,16,17,0.0016344582251706567,2412
M-2022-4,14,175,17,0.0016344582251706567,2413
M-2022-4,105,46,8,0.001634320735444331,2414
M-2022-4,105,63,8,0.001634320735444331,2415
M-2022-4,105,136,8,0.001634320735444331,2416
M-2022-4,105,156,8,0.001634320735444331,2417
M-2022-4,46,62,16,0.0016329863237395388,2418
M-2022-4,110,130,16,0.0016313213703099511,2419
M-2022-4,42,138,3,0.0016313213703099511,2420
M-2022-4,31,90,13,0.0016305029474476358,2421
M-2022-4,135,13,5,0.0016291951775822744,2422
M-2022-4,135,49,5,0.0016291951775822744,2423
M-2022-4,135,50,5,0.0016291951775822744,2424
M-2022-4,135,62,5,0.0016291951775822744,2425
M-2022-4,135,75,5,0.0016291951775822744,2426
M-2022-4,135,131,5,0.0016291951775822744,2427
M-2022-4,108,153,19,0.001629083426219669,2428
M-2022-4,61,115,32,0.0016263468184590363,2429
M-2022-4,133,61,88,0.0016263167621511736,2430
M-2022-4,77,140,133,0.001623297368549529,2431
M-2022-4,148,63,11,0.0016147974163241339,2432
M-2022-4,155,63,18,0.0016095859787176965,2433
M-2022-4,124,175,49,0.0016069788797061523,2434
M-2022-4,109,106,3,0.0016068559185859668,2435
M-2022-4,4,107,6,0.0016055659620016055,2436
M-2022-4,4,117,6,0.0016055659620016055,2437
M-2022-4,59,14,22,0.0016030311862430778,2438
M-2022-4,17,21,16,0.001598880783451584,2439
M-2022-4,143,1,7,0.0015967153284671533,2440
M-2022-4,143,139,7,0.0015967153284671533,2441
M-2022-4,143,171,7,0.0015967153284671533,2442
M-2022-4,118,60,6,0.0015957446808510637,2443
M-2022-4,39,11,7,0.0015952597994530538,2444
M-2022-4,39,115,7,0.0015952597994530538,2445
M-2022-4,39,133,7,0.0015952597994530538,2446
M-2022-4,39,136,7,0.0015952597994530538,2447
M-2022-4,83,176,39,0.0015917067994449432,2448
M-2022-4,49,61,64,0.0015912481352560915,2449
M-2022-4,170,23,6,0.001589825119236884,2450
M-2022-4,170,41,6,0.001589825119236884,2451
M-2022-4,170,71,6,0.001589825119236884,2452
M-2022-4,170,100,6,0.001589825119236884,2453
M-2022-4,170,177,6,0.001589825119236884,2454
M-2022-4,65,106,5,0.001589825119236884,2455
M-2022-4,65,129,5,0.001589825119236884,2456
M-2022-4,86,156,44,0.0015850715083396375,2457
M-2022-4,163,49,5,0.0015842839036755386,2458
M-2022-4,163,50,5,0.0015842839036755386,2459
M-2022-4,163,60,5,0.0015842839036755386,2460
M-2022-4,163,89,5,0.0015842839036755386,2461
M-2022-4,163,133,5,0.0015842839036755386,2462
M-2022-4,163,151,5,0.0015842839036755386,2463
M-2022-4,94,6,1,0.001579778830963665,2464
M-2022-4,94,17,1,0.001579778830963665,2465
M-2022-4,94,28,1,0.001579778830963665,2466
M-2022-4,94,30,1,0.001579778830963665,2467
M-2022-4,94,61,1,0.001579778830963665,2468
M-2022-4,94,62,1,0.001579778830963665,2469
M-2022-4,94,91,1,0.001579778830963665,2470
M-2022-4,94,93,1,0.001579778830963665,2471
M-2022-4,94,100,1,0.001579778830963665,2472
M-2022-4,94,108,1,0.001579778830963665,2473
M-2022-4,94,133,1,0.001579778830963665,2474
M-2022-4,94,143,1,0.001579778830963665,2475
M-2022-4,94,151,1,0.001579778830963665,2476
M-2022-4,94,153,1,0.001579778830963665,2477
M-2022-4,94,158,1,0.001579778830963665,2478
M-2022-4,94,164,1,0.001579778830963665,2479
M-2022-4,94,176,1,0.001579778830963665,2480
M-2022-4,94,177,1,0.001579778830963665,2481
M-2022-4,153,71,112,0.0015780648979189268,2482
M-2022-4,1,23,17,0.001575240919199407,2483
M-2022-4,121,71,4,0.0015729453401494297,2484
M-2022-4,159,63,5,0.0015713387806411063,2485
M-2022-4,159,127,5,0.0015713387806411063,2486
M-2022-4,159,155,5,0.0015713387806411063,2487
M-2022-4,112,117,6,0.0015698587127158557,2488
M-2022-4,112,149,6,0.0015698587127158557,2489
M-2022-4,112,175,6,0.0015698587127158557,2490
M-2022-4,20,87,2,0.00156128024980484,2491
M-2022-4,20,117,2,0.00156128024980484,2492
M-2022-4,20,163,2,0.00156128024980484,2493
M-2022-4,172,25,12,0.0015608740894901144,2494
M-2022-4,23,133,20,0.001557632398753894,2495
M-2022-4,51,122,34,0.0015566340078747368,2496
M-2022-4,66,82,8,0.001553699747523791,2497
M-2022-4,66,136,8,0.001553699747523791,2498
M-2022-4,171,51,11,0.0015532335498446767,2499
M-2022-4,130,111,11,0.001551043429216018,2500
M-2022-4,107,109,6,0.001549186676994578,2501
M-2022-4,107,149,6,0.001549186676994578,2502
M-2022-4,50,2,7,0.0015398152221733391,2503
M-2022-4,50,14,7,0.0015398152221733391,2504
M-2022-4,50,83,7,0.0015398152221733391,2505
M-2022-4,50,168,7,0.0015398152221733391,2506
M-2022-4,14,91,16,0.0015383136236900299,2507
M-2022-4,53,91,15,0.001534526854219949,2508
M-2022-4,53,153,15,0.001534526854219949,2509
M-2022-4,46,143,15,0.0015309246785058174,2510
M-2022-4,168,132,6,0.0015290519877675841,2511
M-2022-4,168,153,6,0.0015290519877675841,2512
M-2022-4,21,129,4,0.0015267175572519084,2513
M-2022-4,21,131,4,0.0015267175572519084,2514
M-2022-4,21,156,4,0.0015267175572519084,2515
M-2022-4,63,51,17,0.001524390243902439,2516
M-2022-4,63,115,17,0.001524390243902439,2517
M-2022-4,63,175,17,0.001524390243902439,2518
M-2022-4,81,140,11,0.0015241790217541914,2519
M-2022-4,115,110,35,0.0015231961006179824,2520
M-2022-4,175,153,77,0.001520897527060125,2521
M-2022-4,76,72,16,0.001520478950869524,2522
M-2022-4,76,140,16,0.001520478950869524,2523
M-2022-4,76,153,16,0.001520478950869524,2524
M-2022-4,155,13,17,0.0015201645354556022,2525
M-2022-4,155,60,17,0.0015201645354556022,2526
M-2022-4,155,86,17,0.0015201645354556022,2527
M-2022-4,74,68,14,0.0015200868621064061,2528
M-2022-4,70,79,4,0.001514004542013626,2529
M-2022-4,70,131,4,0.001514004542013626,2530
M-2022-4,70,133,4,0.001514004542013626,2531
M-2022-4,70,172,4,0.001514004542013626,2532
M-2022-4,86,46,42,0.0015130228034151087,2533
M-2022-4,68,13,11,0.0015128593040847202,2534
M-2022-4,68,62,11,0.0015128593040847202,2535
M-2022-4,164,14,5,0.0015082956259426848,2536
M-2022-4,164,97,5,0.0015082956259426848,2537
M-2022-4,164,101,5,0.0015082956259426848,2538
M-2022-4,37,29,3,0.0015082956259426848,2539
M-2022-4,37,117,3,0.0015082956259426848,2540
M-2022-4,114,1,5,0.0015019525382997897,2541
M-2022-4,114,156,5,0.0015019525382997897,2542
M-2022-4,77,74,123,0.0015012449348240004,2543
M-2022-4,54,61,10,0.0015008254539997,2544
M-2022-4,17,90,15,0.00149895073448586,2545
M-2022-4,167,2,1,0.0014970059880239522,2546
M-2022-4,167,53,1,0.0014970059880239522,2547
M-2022-4,167,56,1,0.0014970059880239522,2548
M-2022-4,167,68,1,0.0014970059880239522,2549
M-2022-4,167,72,1,0.0014970059880239522,2550
M-2022-4,167,82,1,0.0014970059880239522,2551
M-2022-4,167,91,1,0.0014970059880239522,2552
M-2022-4,167,100,1,0.0014970059880239522,2553
M-2022-4,167,120,1,0.0014970059880239522,2554
M-2022-4,167,127,1,0.0014970059880239522,2555
M-2022-4,167,130,1,0.0014970059880239522,2556
M-2022-4,167,163,1,0.0014970059880239522,2557
M-2022-4,167,164,1,0.0014970059880239522,2558
M-2022-4,75,49,42,0.0014967925873129008,2559
M-2022-4,16,17,3,0.00149402390438247,2560
M-2022-4,16,29,3,0.00149402390438247,2561
M-2022-4,16,39,3,0.00149402390438247,2562
M-2022-4,16,52,3,0.00149402390438247,2563
M-2022-4,16,64,3,0.00149402390438247,2564
M-2022-4,16,75,3,0.00149402390438247,2565
M-2022-4,16,104,3,0.00149402390438247,2566
M-2022-4,16,122,3,0.00149402390438247,2567
M-2022-4,16,171,3,0.00149402390438247,2568
M-2022-4,71,74,223,0.0014925572927821803,2569
M-2022-4,49,133,60,0.0014917951268025858,2570
M-2022-4,116,77,6,0.0014914243102162564,2571
M-2022-4,116,78,6,0.0014914243102162564,2572
M-2022-4,116,120,6,0.0014914243102162564,2573
M-2022-4,116,175,6,0.0014914243102162564,2574
M-2022-4,140,82,107,0.001487515987321359,2575
M-2022-4,104,19,5,0.0014867677668748143,2576
M-2022-4,104,112,5,0.0014867677668748143,2577
M-2022-4,56,118,15,0.001486031305726174,2578
M-2022-4,10,29,3,0.0014851485148514852,2579
M-2022-4,10,49,3,0.0014851485148514852,2580
M-2022-4,10,51,3,0.0014851485148514852,2581
M-2022-4,10,63,3,0.0014851485148514852,2582
M-2022-4,10,104,3,0.0014851485148514852,2583
M-2022-4,10,108,3,0.0014851485148514852,2584
M-2022-4,10,149,3,0.0014851485148514852,2585
M-2022-4,151,2,3,0.0014844136566056407,2586
M-2022-4,151,46,3,0.0014844136566056407,2587
M-2022-4,151,50,3,0.0014844136566056407,2588
M-2022-4,151,52,3,0.0014844136566056407,2589
M-2022-4,151,66,3,0.0014844136566056407,2590
M-2022-4,151,68,3,0.0014844136566056407,2591
M-2022-4,151,104,3,0.0014844136566056407,2592
M-2022-4,151,132,3,0.0014844136566056407,2593
M-2022-4,151,134,3,0.0014844136566056407,2594
M-2022-4,151,168,3,0.0014844136566056407,2595
M-2022-4,141,11,3,0.001483679525222552,2596
M-2022-4,141,23,3,0.001483679525222552,2597
M-2022-4,141,51,3,0.001483679525222552,2598
M-2022-4,141,77,3,0.001483679525222552,2599
M-2022-4,153,155,105,0.001479435841798994,2600
M-2022-4,136,46,33,0.0014770387610777908,2601
M-2022-4,86,175,41,0.001476998450952844,2602
M-2022-4,30,140,12,0.0014758332308449145,2603
M-2022-4,131,132,45,0.0014738152163233224,2604
M-2022-4,123,149,5,0.0014736221632773356,2605
M-2022-4,123,155,5,0.0014736221632773356,2606
M-2022-4,60,149,73,0.0014711216799000444,2607
M-2022-4,43,35,3,0.0014691478942213516,2608
M-2022-4,43,77,3,0.0014691478942213516,2609
M-2022-4,43,116,3,0.0014691478942213516,2610
M-2022-4,43,130,3,0.0014691478942213516,2611
M-2022-4,43,133,3,0.0014691478942213516,2612
M-2022-4,43,154,3,0.0014691478942213516,2613
M-2022-4,43,162,3,0.0014691478942213516,2614
M-2022-4,43,171,3,0.0014691478942213516,2615
M-2022-4,132,135,34,0.0014682385455801702,2616
M-2022-4,148,135,10,0.001467997651203758,2617
M-2022-4,137,124,6,0.001467351430667645,2618
M-2022-4,122,99,90,0.0014651776120860873,2619
M-2022-4,51,163,32,0.001465067301529164,2620
M-2022-4,24,20,15,0.0014629864429922949,2621
M-2022-4,99,51,35,0.0014610728449175538,2622
M-2022-4,146,96,7,0.0014604631754642186,2623
M-2022-4,146,99,7,0.0014604631754642186,2624
M-2022-4,18,127,32,0.0014594545288698349,2625
M-2022-4,82,80,116,0.0014571216822218593,2626
M-2022-4,60,29,72,0.0014509693281205918,2627
M-2022-4,2,18,11,0.001450613213767638,2628
M-2022-4,2,46,11,0.001450613213767638,2629
M-2022-4,140,156,104,0.0014458099316020686,2630
M-2022-4,157,44,3,0.0014457831325301205,2631
M-2022-4,157,51,3,0.0014457831325301205,2632
M-2022-4,157,72,3,0.0014457831325301205,2633
M-2022-4,157,95,3,0.0014457831325301205,2634
M-2022-4,157,115,3,0.0014457831325301205,2635
M-2022-4,157,148,3,0.0014457831325301205,2636
M-2022-4,157,163,3,0.0014457831325301205,2637
M-2022-4,85,2,3,0.0014423076923076924,2638
M-2022-4,85,130,3,0.0014423076923076924,2639
M-2022-4,85,156,3,0.0014423076923076924,2640
M-2022-4,14,19,15,0.001442169022209403,2641
M-2022-4,14,46,15,0.001442169022209403,2642
M-2022-4,14,61,15,0.001442169022209403,2643
M-2022-4,14,66,15,0.001442169022209403,2644
M-2022-4,19,142,19,0.001441031475161168,2645
M-2022-4,86,142,40,0.0014409740984905797,2646
M-2022-4,90,101,11,0.001440733464309103,2647
M-2022-4,63,28,16,0.0014347202295552368,2648
M-2022-4,12,162,4,0.0014347202295552368,2649
M-2022-4,5,17,3,0.001433349259436216,2650
M-2022-4,5,170,3,0.001433349259436216,2651
M-2022-4,13,1,3,0.001433349259436216,2652
M-2022-4,13,45,3,0.001433349259436216,2653
M-2022-4,13,60,3,0.001433349259436216,2654
M-2022-4,13,71,3,0.001433349259436216,2655
M-2022-4,13,72,3,0.001433349259436216,2656
M-2022-4,13,86,3,0.001433349259436216,2657
M-2022-4,13,111,3,0.001433349259436216,2658
M-2022-4,13,115,3,0.001433349259436216,2659
M-2022-4,13,129,3,0.001433349259436216,2660
M-2022-4,96,138,79,0.0014332625773326802,2661
M-2022-4,53,149,14,0.001432225063938619,2662
M-2022-4,155,49,16,0.001430743092193508,2663
M-2022-4,155,136,16,0.001430743092193508,2664
M-2022-4,105,34,7,0.0014300306435137897,2665
M-2022-4,105,61,7,0.0014300306435137897,2666
M-2022-4,105,69,7,0.0014300306435137897,2667
M-2022-4,105,86,7,0.0014300306435137897,2668
M-2022-4,105,88,7,0.0014300306435137897,2669
M-2022-4,105,130,7,0.0014300306435137897,2670
M-2022-4,46,99,14,0.0014288630332720963,2671
M-2022-4,46,117,14,0.0014288630332720963,2672
M-2022-4,156,14,47,0.0014287017053226739,2673
M-2022-4,110,90,14,0.0014274061990212073,2674
M-2022-4,76,117,15,0.0014254490164401787,2675
M-2022-4,87,25,16,0.0014246282610631288,2676
M-2022-4,87,149,16,0.0014246282610631288,2677
M-2022-4,61,29,28,0.0014230534661516568,2678
M-2022-4,61,93,28,0.0014230534661516568,2679
M-2022-4,126,10,3,0.0014204545454545455,2680
M-2022-4,126,105,3,0.0014204545454545455,2681
M-2022-4,126,124,3,0.0014204545454545455,2682
M-2022-4,126,135,3,0.0014204545454545455,2683
M-2022-4,111,4,4,0.0014199503017394391,2684
M-2022-4,111,5,4,0.0014199503017394391,2685
M-2022-4,111,10,4,0.0014199503017394391,2686
M-2022-4,111,12,4,0.0014199503017394391,2687
M-2022-4,111,21,4,0.0014199503017394391,2688
M-2022-4,111,46,4,0.0014199503017394391,2689
M-2022-4,111,49,4,0.0014199503017394391,2690
M-2022-4,111,68,4,0.0014199503017394391,2691
M-2022-4,111,115,4,0.0014199503017394391,2692
M-2022-4,125,46,5,0.0014196479273140261,2693
M-2022-4,125,49,5,0.0014196479273140261,2694
M-2022-4,125,50,5,0.0014196479273140261,2695
M-2022-4,125,54,5,0.0014196479273140261,2696
M-2022-4,125,122,5,0.0014196479273140261,2697
M-2022-4,49,82,57,0.0014172053704624564,2698
M-2022-4,29,172,42,0.00141638282804438,2699
M-2022-4,62,140,22,0.0014148819859798058,2700
M-2022-4,41,37,3,0.0014144271570014145,2701
M-2022-4,41,93,3,0.0014144271570014145,2702
M-2022-4,41,138,3,0.0014144271570014145,2703
M-2022-4,0,59,2,0.0014144271570014145,2704
M-2022-4,0,77,2,0.0014144271570014145,2705
M-2022-4,0,130,2,0.0014144271570014145,2706
M-2022-4,0,153,2,0.0014144271570014145,2707
M-2022-4,124,138,43,0.0014102059556605011,2708
M-2022-4,130,124,10,0.0014100394811054709,2709
M-2022-4,91,110,6,0.0014077897700610043,2710
M-2022-4,91,117,6,0.0014077897700610043,2711
M-2022-4,91,172,6,0.0014077897700610043,2712
M-2022-4,142,158,88,0.0014056609801290651,2713
M-2022-4,119,77,4,0.0014054813773717498,2714
M-2022-4,139,19,4,0.0014054813773717498,2715
M-2022-4,139,77,4,0.0014054813773717498,2716
M-2022-4,28,23,23,0.001405352560185751,2717
M-2022-4,28,143,23,0.001405352560185751,2718
M-2022-4,86,29,39,0.001404949746028315,2719
M-2022-4,140,108,101,0.0014041038758827783,2720
M-2022-4,175,25,71,0.0014023860314450502,2721
M-2022-4,48,47,7,0.0013997200559888023,2722
M-2022-4,17,14,14,0.0013990206855201358,2723
M-2022-4,17,65,14,0.0013990206855201358,2724
M-2022-4,17,95,14,0.0013990206855201358,2725
M-2022-4,17,133,14,0.0013990206855201358,2726
M-2022-4,17,155,14,0.0013990206855201358,2727
M-2022-4,153,82,99,0.0013948966508390516,2728
M-2022-4,176,16,6,0.001392434439545138,2729
M-2022-4,176,77,6,0.001392434439545138,2730
M-2022-4,176,86,6,0.001392434439545138,2731
M-2022-4,176,109,6,0.001392434439545138,2732
M-2022-4,176,125,6,0.001392434439545138,2733
M-2022-4,176,141,6,0.001392434439545138,2734
M-2022-4,176,175,6,0.001392434439545138,2735
M-2022-4,98,117,88,0.0013902492969762078,2736
M-2022-4,1,2,15,0.0013899184581171238,2737
M-2022-4,1,28,15,0.0013899184581171238,2738
M-2022-4,59,93,19,0.001384436024482658,2739
M-2022-4,169,45,4,0.0013836042891732965,2740
M-2022-4,68,130,10,0.0013753266400770184,2741
M-2022-4,68,157,10,0.0013753266400770184,2742
M-2022-4,44,153,4,0.0013745704467353953,2743
M-2022-4,51,2,30,0.0013735005951835912,2744
M-2022-4,51,25,30,0.0013735005951835912,2745
M-2022-4,51,28,30,0.0013735005951835912,2746
M-2022-4,51,158,30,0.0013735005951835912,2747
M-2022-4,144,64,5,0.0013728720483250961,2748
M-2022-4,144,86,5,0.0013728720483250961,2749
M-2022-4,120,25,4,0.0013708019191226869,2750
M-2022-4,120,28,4,0.0013708019191226869,2751
M-2022-4,120,71,4,0.0013708019191226869,2752
M-2022-4,120,118,4,0.0013708019191226869,2753
M-2022-4,143,24,6,0.0013686131386861315,2754
M-2022-4,143,29,6,0.0013686131386861315,2755
M-2022-4,143,68,6,0.0013686131386861315,2756
M-2022-4,143,82,6,0.0013686131386861315,2757
M-2022-4,143,122,6,0.0013686131386861315,2758
M-2022-4,143,124,6,0.0013686131386861315,2759
M-2022-4,143,157,6,0.0013686131386861315,2760
M-2022-4,143,162,6,0.0013686131386861315,2761
M-2022-4,45,46,3,0.0013686131386861315,2762
M-2022-4,45,62,3,0.0013686131386861315,2763
M-2022-4,45,64,3,0.0013686131386861315,2764
M-2022-4,45,71,3,0.0013686131386861315,2765
M-2022-4,45,86,3,0.0013686131386861315,2766
M-2022-4,45,112,3,0.0013686131386861315,2767
M-2022-4,45,129,3,0.0013686131386861315,2768
M-2022-4,45,138,3,0.0013686131386861315,2769
M-2022-4,45,162,3,0.0013686131386861315,2770
M-2022-4,45,168,3,0.0013686131386861315,2771
M-2022-4,156,82,45,0.0013679058880749005,2772
M-2022-4,122,72,84,0.0013674991046136815,2773
M-2022-4,39,110,6,0.0013673655423883319,2774
M-2022-4,19,129,18,0.0013651877133105802,2775
M-2022-4,147,62,3,0.0013617793917385383,2776
M-2022-4,147,110,3,0.0013617793917385383,2777
M-2022-4,147,115,3,0.0013617793917385383,2778
M-2022-4,147,175,3,0.0013617793917385383,2779
M-2022-4,66,18,7,0.0013594872790833172,2780
M-2022-4,66,20,7,0.0013594872790833172,2781
M-2022-4,66,25,7,0.0013594872790833172,2782
M-2022-4,66,32,7,0.0013594872790833172,2783
M-2022-4,66,77,7,0.0013594872790833172,2784
M-2022-4,79,49,34,0.0013544737471117838,2785
M-2022-4,117,132,115,0.0013539606291796177,2786
M-2022-4,165,14,7,0.0013523956723338485,2787
M-2022-4,122,2,83,0.0013512193533682805,2788
M-2022-4,54,99,9,0.0013507429085997298,2789
M-2022-4,62,93,21,0.0013505691684352692,2790
M-2022-4,145,13,3,0.0013489208633093526,2791
M-2022-4,14,68,14,0.0013460244207287762,2792
M-2022-4,14,121,14,0.0013460244207287762,2793
M-2022-4,124,166,41,0.0013446149809786174,2794
M-2022-4,28,49,22,0.0013442502749602835,2795
M-2022-4,28,104,22,0.0013442502749602835,2796
M-2022-4,28,116,22,0.0013442502749602835,2797
M-2022-4,28,172,22,0.0013442502749602835,2798
M-2022-4,154,15,4,0.001343183344526528,2799
M-2022-4,154,72,4,0.001343183344526528,2800
M-2022-4,154,105,4,0.001343183344526528,2801
M-2022-4,154,117,4,0.001343183344526528,2802
M-2022-4,154,129,4,0.001343183344526528,2803
M-2022-4,72,80,24,0.0013422818791946308,2804
M-2022-4,142,49,84,0.0013417672992141077,2805
M-2022-4,155,46,15,0.0013413216489314137,2806
M-2022-4,155,50,15,0.0013413216489314137,2807
M-2022-4,153,49,95,0.0013385371901990899,2808
M-2022-4,4,27,5,0.001337971635001338,2809
M-2022-4,4,96,5,0.001337971635001338,2810
M-2022-4,4,175,5,0.001337971635001338,2811
M-2022-4,78,79,64,0.001333083380199546,2812
M-2022-4,127,13,4,0.0013324450366422385,2813
M-2022-4,127,14,4,0.0013324450366422385,2814
M-2022-4,127,68,4,0.0013324450366422385,2815
M-2022-4,127,87,4,0.0013324450366422385,2816
M-2022-4,127,133,4,0.0013324450366422385,2817
M-2022-4,15,1,1,0.0013315579227696406,2818
M-2022-4,15,19,1,0.0013315579227696406,2819
M-2022-4,15,28,1,0.0013315579227696406,2820
M-2022-4,15,32,1,0.0013315579227696406,2821
M-2022-4,15,46,1,0.0013315579227696406,2822
M-2022-4,15,50,1,0.0013315579227696406,2823
M-2022-4,15,60,1,0.0013315579227696406,2824
M-2022-4,15,63,1,0.0013315579227696406,2825
M-2022-4,15,74,1,0.0013315579227696406,2826
M-2022-4,15,77,1,0.0013315579227696406,2827
M-2022-4,15,79,1,0.0013315579227696406,2828
M-2022-4,15,82,1,0.0013315579227696406,2829
M-2022-4,15,86,1,0.0013315579227696406,2830
M-2022-4,15,90,1,0.0013315579227696406,2831
M-2022-4,15,96,1,0.0013315579227696406,2832
M-2022-4,15,102,1,0.0013315579227696406,2833
M-2022-4,15,112,1,0.0013315579227696406,2834
M-2022-4,15,127,1,0.0013315579227696406,2835
M-2022-4,15,130,1,0.0013315579227696406,2836
M-2022-4,15,152,1,0.0013315579227696406,2837
M-2022-4,15,170,1,0.0013315579227696406,2838
M-2022-4,60,133,66,0.0013300552174438757,2839
M-2022-4,118,28,5,0.0013297872340425532,2840
M-2022-4,46,1,13,0.0013268013880383752,2841
M-2022-4,46,18,13,0.0013268013880383752,2842
M-2022-4,170,16,5,0.0013248542660307366,2843
M-2022-4,170,22,5,0.0013248542660307366,2844
M-2022-4,170,25,5,0.0013248542660307366,2845
M-2022-4,170,135,5,0.0013248542660307366,2846
M-2022-4,170,152,5,0.0013248542660307366,2847
M-2022-4,93,29,46,0.0013213834310008042,2848
M-2022-4,148,175,9,0.0013211978860833823,2849
M-2022-4,50,19,6,0.0013198416190057193,2850
M-2022-4,50,53,6,0.0013198416190057193,2851
M-2022-4,50,130,6,0.0013198416190057193,2852
M-2022-4,50,163,6,0.0013198416190057193,2853
M-2022-4,161,45,4,0.0013196964698119432,2854
M-2022-4,161,146,4,0.0013196964698119432,2855
M-2022-4,2,99,10,0.0013187392852433075,2856
M-2022-4,2,102,10,0.0013187392852433075,2857
M-2022-4,2,160,10,0.0013187392852433075,2858
M-2022-4,29,124,39,0.00131521262604121,2859
M-2022-4,58,117,3,0.0013123359580052493,2860
M-2022-4,58,150,3,0.0013123359580052493,2861
M-2022-4,92,149,3,0.0013111888111888112,2862
M-2022-4,90,31,10,0.0013097576948264572,2863
M-2022-4,90,156,10,0.0013097576948264572,2864
M-2022-4,26,64,3,0.0013083296990841692,2865
M-2022-4,26,74,3,0.0013083296990841692,2866
M-2022-4,26,77,3,0.0013083296990841692,2867
M-2022-4,26,133,3,0.0013083296990841692,2868
M-2022-4,26,143,3,0.0013083296990841692,2869
M-2022-4,112,136,5,0.0013082155939298796,2870
M-2022-4,82,140,104,0.0013063849564747705,2871
M-2022-4,83,53,32,0.0013060158354420046,2872
M-2022-4,52,32,3,0.001303780964797914,2873
M-2022-4,52,100,3,0.001303780964797914,2874
M-2022-4,52,143,3,0.001303780964797914,2875
M-2022-4,135,28,4,0.0013033561420658195,2876
M-2022-4,135,60,4,0.0013033561420658195,2877
M-2022-4,135,122,4,0.0013033561420658195,2878
M-2022-4,135,149,4,0.0013033561420658195,2879
M-2022-4,135,160,4,0.0013033561420658195,2880
M-2022-4,135,171,4,0.0013033561420658195,2881
M-2022-4,74,155,12,0.0013029315960912053,2882
M-2022-4,150,53,3,0.0013015184381778742,2883
M-2022-4,150,71,3,0.0013015184381778742,2884
M-2022-4,172,51,10,0.0013007284079084287,2885
M-2022-4,172,111,10,0.0013007284079084287,2886
M-2022-4,172,133,10,0.0013007284079084287,2887
M-2022-4,17,143,13,0.001299090636554412,2888
M-2022-4,177,0,2,0.0012987012987012987,2889
M-2022-4,177,51,2,0.0012987012987012987,2890
M-2022-4,177,71,2,0.0012987012987012987,2891
M-2022-4,177,83,2,0.0012987012987012987,2892
M-2022-4,177,155,2,0.0012987012987012987,2893
M-2022-4,1,46,14,0.0012972572275759822,2894
M-2022-4,86,117,36,0.0012968766886415216,2895
M-2022-4,166,18,3,0.001294777729823047,2896
M-2022-4,166,36,3,0.001294777729823047,2897
M-2022-4,166,110,3,0.001294777729823047,2898
M-2022-4,166,126,3,0.001294777729823047,2899
M-2022-4,166,134,3,0.001294777729823047,2900
M-2022-4,166,136,3,0.001294777729823047,2901
M-2022-4,166,158,3,0.001294777729823047,2902
M-2022-4,22,133,6,0.0012942191544434857,2903
M-2022-4,9,62,2,0.001292824822236587,2904
M-2022-4,9,63,2,0.001292824822236587,2905
M-2022-4,9,74,2,0.001292824822236587,2906
M-2022-4,9,129,2,0.001292824822236587,2907
M-2022-4,9,138,2,0.001292824822236587,2908
M-2022-4,9,140,2,0.001292824822236587,2909
M-2022-4,9,142,2,0.001292824822236587,2910
M-2022-4,9,172,2,0.001292824822236587,2911
M-2022-4,107,155,5,0.0012909888974954814,2912
M-2022-4,107,176,5,0.0012909888974954814,2913
M-2022-4,96,29,71,0.0012881220631724088,2914
M-2022-4,160,129,2,0.00128783000643915,2915
M-2022-4,160,139,2,0.00128783000643915,2916
M-2022-4,160,155,2,0.00128783000643915,2917
M-2022-4,32,17,3,0.001287001287001287,2918
M-2022-4,32,19,3,0.001287001287001287,2919
M-2022-4,32,30,3,0.001287001287001287,2920
M-2022-4,32,107,3,0.001287001287001287,2921
M-2022-4,32,122,3,0.001287001287001287,2922
M-2022-4,32,143,3,0.001287001287001287,2923
M-2022-4,32,172,3,0.001287001287001287,2924
M-2022-4,108,99,15,0.0012861184943839493,2925
M-2022-4,28,19,21,0.0012831479897348161,2926
M-2022-4,51,83,28,0.0012819338888380185,2927
M-2022-4,128,2,3,0.0012809564474807857,2928
M-2022-4,128,28,3,0.0012809564474807857,2929
M-2022-4,128,49,3,0.0012809564474807857,2930
M-2022-4,128,125,3,0.0012809564474807857,2931
M-2022-4,128,136,3,0.0012809564474807857,2932
M-2022-4,128,149,3,0.0012809564474807857,2933
M-2022-4,156,32,42,0.0012767121622032404,2934
M-2022-4,168,13,5,0.0012742099898063201,2935
M-2022-4,168,25,5,0.0012742099898063201,2936
M-2022-4,168,125,5,0.0012742099898063201,2937
M-2022-4,65,117,4,0.0012718600953895071,2938
M-2022-4,8,11,2,0.0012706480304955528,2939
M-2022-4,8,17,2,0.0012706480304955528,2940
M-2022-4,8,52,2,0.0012706480304955528,2941
M-2022-4,8,63,2,0.0012706480304955528,2942
M-2022-4,8,66,2,0.0012706480304955528,2943
M-2022-4,8,101,2,0.0012706480304955528,2944
M-2022-4,8,102,2,0.0012706480304955528,2945
M-2022-4,8,103,2,0.0012706480304955528,2946
M-2022-4,8,167,2,0.0012706480304955528,2947
M-2022-4,130,68,9,0.0012690355329949238,2948
M-2022-4,130,78,9,0.0012690355329949238,2949
M-2022-4,153,93,90,0.0012680878643991378,2950
M-2022-4,163,1,4,0.0012674271229404308,2951
M-2022-4,163,28,4,0.0012674271229404308,2952
M-2022-4,163,32,4,0.0012674271229404308,2953
M-2022-4,163,86,4,0.0012674271229404308,2954
M-2022-4,163,111,4,0.0012674271229404308,2955
M-2022-4,163,138,4,0.0012674271229404308,2956
M-2022-4,163,149,4,0.0012674271229404308,2957
M-2022-4,163,157,4,0.0012674271229404308,2958
M-2022-4,25,28,69,0.0012647322983301867,2959
M-2022-4,159,132,4,0.001257071024512885,2960
M-2022-4,159,175,4,0.001257071024512885,2961
M-2022-4,3,134,2,0.0012554927809165098,2962
M-2022-4,3,153,2,0.0012554927809165098,2963
M-2022-4,3,156,2,0.0012554927809165098,2964
M-2022-4,63,124,14,0.001255380200860832,2965
M-2022-4,63,125,14,0.001255380200860832,2966
M-2022-4,31,51,10,0.0012542330364981814,2967
M-2022-4,31,153,10,0.0012542330364981814,2968
M-2022-4,132,115,29,0.0012523211124066157,2969
M-2022-4,155,129,14,0.0012519002056693195,2970
M-2022-4,146,117,6,0.0012518255789693302,2971
M-2022-4,84,57,3,0.0012515644555694619,2972
M-2022-4,84,117,3,0.0012515644555694619,2973
M-2022-4,84,133,3,0.0012515644555694619,2974
M-2022-4,84,134,3,0.0012515644555694619,2975
M-2022-4,84,156,3,0.0012515644555694619,2976
M-2022-4,14,53,13,0.0012498798192481493,2977
M-2022-4,14,96,13,0.0012498798192481493,2978
M-2022-4,14,125,13,0.0012498798192481493,2979
M-2022-4,14,135,13,0.0012498798192481493,2980
M-2022-4,14,142,13,0.0012498798192481493,2981
M-2022-4,117,28,106,0.001247998492982952,2982
M-2022-4,87,117,14,0.0012465497284302378,2983
M-2022-4,87,140,14,0.0012465497284302378,2984
M-2022-4,87,156,14,0.0012465497284302378,2985
M-2022-4,116,36,5,0.0012428535918468805,2986
M-2022-4,116,112,5,0.0012428535918468805,2987
M-2022-4,116,149,5,0.0012428535918468805,2988
M-2022-4,116,158,5,0.0012428535918468805,2989
M-2022-4,68,20,9,0.0012377939760693166,2990
M-2022-4,68,61,9,0.0012377939760693166,2991
M-2022-4,68,77,9,0.0012377939760693166,2992
M-2022-4,18,170,27,0.0012314147587339232,2993
M-2022-4,64,9,3,0.0012310217480508822,2994
M-2022-4,64,25,3,0.0012310217480508822,2995
M-2022-4,64,51,3,0.0012310217480508822,2996
M-2022-4,64,133,3,0.0012310217480508822,2997
M-2022-4,64,144,3,0.0012310217480508822,2998
M-2022-4,64,146,3,0.0012310217480508822,2999
M-2022-4,30,111,10,0.0012298610257040954,3000
M-2022-4,78,49,59,0.0012289362411214565,3001
M-2022-4,53,110,12,0.001227621483375959,3002
M-2022-4,105,28,6,0.0012257405515832482,3003
M-2022-4,105,36,6,0.0012257405515832482,3004
M-2022-4,105,125,6,0.0012257405515832482,3005
M-2022-4,105,126,6,0.0012257405515832482,3006
M-2022-4,46,60,12,0.001224739742804654,3007
M-2022-4,46,82,12,0.001224739742804654,3008
M-2022-4,175,136,62,0.0012246187880224381,3009
M-2022-4,110,117,12,0.0012234910277324632,3010
M-2022-4,137,82,5,0.001222792858889704,3011
M-2022-4,28,51,20,0.0012220457045093486,3012
M-2022-4,122,153,75,0.0012209813434050727,3013
M-2022-4,77,80,100,0.0012205243372552849,3014
M-2022-4,115,60,28,0.001218556880494386,3015
M-2022-4,115,61,28,0.001218556880494386,3016
M-2022-4,115,117,28,0.001218556880494386,3017
M-2022-4,49,60,49,0.001218299353555445,3018
M-2022-4,49,159,49,0.001218299353555445,3019
M-2022-4,156,175,40,0.001215916344955467,3020
M-2022-4,134,29,13,0.0012106537530266344,3021
M-2022-4,36,16,1,0.0012106537530266344,3022
M-2022-4,36,22,1,0.0012106537530266344,3023
M-2022-4,36,29,1,0.0012106537530266344,3024
M-2022-4,36,50,1,0.0012106537530266344,3025
M-2022-4,36,51,1,0.0012106537530266344,3026
M-2022-4,36,64,1,0.0012106537530266344,3027
M-2022-4,36,68,1,0.0012106537530266344,3028
M-2022-4,36,69,1,0.0012106537530266344,3029
M-2022-4,36,82,1,0.0012106537530266344,3030
M-2022-4,36,86,1,0.0012106537530266344,3031
M-2022-4,36,96,1,0.0012106537530266344,3032
M-2022-4,36,104,1,0.0012106537530266344,3033
M-2022-4,36,108,1,0.0012106537530266344,3034
M-2022-4,36,115,1,0.0012106537530266344,3035
M-2022-4,36,117,1,0.0012106537530266344,3036
M-2022-4,36,121,1,0.0012106537530266344,3037
M-2022-4,36,129,1,0.0012106537530266344,3038
M-2022-4,36,142,1,0.0012106537530266344,3039
M-2022-4,36,149,1,0.0012106537530266344,3040
M-2022-4,173,52,6,0.0012096774193548388,3041
M-2022-4,173,116,6,0.0012096774193548388,3042
M-2022-4,173,156,6,0.0012096774193548388,3043
M-2022-4,136,122,27,0.001208486259063647,3044
M-2022-4,136,175,27,0.001208486259063647,3045
M-2022-4,78,142,58,0.0012081068133058385,3046
M-2022-4,164,13,4,0.0012066365007541479,3047
M-2022-4,164,83,4,0.0012066365007541479,3048
M-2022-4,164,124,4,0.0012066365007541479,3049
M-2022-4,164,153,4,0.0012066365007541479,3050
M-2022-4,164,156,4,0.0012066365007541479,3051
M-2022-4,93,60,42,0.001206480523957256,3052
M-2022-4,114,110,4,0.0012015620306398318,3053
M-2022-4,54,122,8,0.0012006603631997599,3054
M-2022-4,17,2,12,0.0011991605875886879,3055
M-2022-4,17,23,12,0.0011991605875886879,3056
M-2022-4,17,122,12,0.0011991605875886879,3057
M-2022-4,17,139,12,0.0011991605875886879,3058
M-2022-4,158,111,15,0.0011957908163265306,3059
M-2022-4,158,117,15,0.0011957908163265306,3060
M-2022-4,140,155,86,0.001195573597286326,3061
M-2022-4,152,57,2,0.001195457262402869,3062
M-2022-4,152,102,2,0.001195457262402869,3063
M-2022-4,152,176,2,0.001195457262402869,3064
M-2022-4,74,46,11,0.0011943539630836048,3065
M-2022-4,51,68,26,0.0011903671824924458,3066
M-2022-4,51,124,26,0.0011903671824924458,3067
M-2022-4,113,97,6,0.001190003966679889,3068
M-2022-4,113,117,6,0.001190003966679889,3069
M-2022-4,104,14,4,0.0011894142134998512,3070
M-2022-4,104,153,4,0.0011894142134998512,3071
M-2022-4,56,28,12,0.0011888250445809391,3072
M-2022-4,56,90,12,0.0011888250445809391,3073
M-2022-4,86,149,33,0.0011888036312547282,3074
M-2022-4,11,8,2,0.0011869436201780415,3075
M-2022-4,11,12,2,0.0011869436201780415,3076
M-2022-4,11,19,2,0.0011869436201780415,3077
M-2022-4,11,77,2,0.0011869436201780415,3078
M-2022-4,11,82,2,0.0011869436201780415,3079
M-2022-4,11,110,2,0.0011869436201780415,3080
M-2022-4,11,124,2,0.0011869436201780415,3081
M-2022-4,11,135,2,0.0011869436201780415,3082
M-2022-4,11,148,2,0.0011869436201780415,3083
M-2022-4,11,149,2,0.0011869436201780415,3084
M-2022-4,11,172,2,0.0011869436201780415,3085
M-2022-4,2,17,9,0.0011868653567189767,3086
M-2022-4,2,52,9,0.0011868653567189767,3087
M-2022-4,2,77,9,0.0011868653567189767,3088
M-2022-4,2,82,9,0.0011868653567189767,3089
M-2022-4,2,139,9,0.0011868653567189767,3090
M-2022-4,156,158,39,0.0011855184363315804,3091
M-2022-4,82,124,94,0.0011807710183521964,3092
M-2022-4,29,86,35,0.0011803190233703167,3093
M-2022-4,121,25,3,0.0011797090051120724,3094
M-2022-4,121,82,3,0.0011797090051120724,3095
M-2022-4,121,149,3,0.0011797090051120724,3096
M-2022-4,123,137,4,0.0011788977306218685,3097
M-2022-4,123,160,4,0.0011788977306218685,3098
M-2022-4,90,153,9,0.0011787819253438114,3099
M-2022-4,174,28,5,0.0011775788977861517,3100
M-2022-4,174,97,5,0.0011775788977861517,3101
M-2022-4,91,60,5,0.0011731581417175035,3102
M-2022-4,91,170,5,0.0011731581417175035,3103
M-2022-4,149,97,87,0.0011726015580774726,3104
M-2022-4,67,11,1,0.00117096018735363,3105
M-2022-4,67,14,1,0.00117096018735363,3106
M-2022-4,67,19,1,0.00117096018735363,3107
M-2022-4,67,28,1,0.00117096018735363,3108
M-2022-4,67,50,1,0.00117096018735363,3109
M-2022-4,67,73,1,0.00117096018735363,3110
M-2022-4,67,96,1,0.00117096018735363,3111
M-2022-4,67,112,1,0.00117096018735363,3112
M-2022-4,67,117,1,0.00117096018735363,3113
M-2022-4,67,129,1,0.00117096018735363,3114
M-2022-4,67,133,1,0.00117096018735363,3115
M-2022-4,67,138,1,0.00117096018735363,3116
M-2022-4,67,139,1,0.00117096018735363,3117
M-2022-4,67,148,1,0.00117096018735363,3118
M-2022-4,67,150,1,0.00117096018735363,3119
M-2022-4,67,151,1,0.00117096018735363,3120
M-2022-4,67,154,1,0.00117096018735363,3121
M-2022-4,67,155,1,0.00117096018735363,3122
M-2022-4,24,93,12,0.001170389154393836,3123
M-2022-4,61,49,23,0.0011689367757674325,3124
M-2022-4,138,124,51,0.0011688936765144049,3125
M-2022-4,23,17,15,0.0011682242990654205,3126
M-2022-4,23,122,15,0.0011682242990654205,3127
M-2022-4,23,158,15,0.0011682242990654205,3128
M-2022-4,66,46,6,0.0011652748106428432,3129
M-2022-4,66,159,6,0.0011652748106428432,3130
M-2022-4,155,28,13,0.0011624787624072252,3131
M-2022-4,155,124,13,0.0011624787624072252,3132
M-2022-4,176,107,5,0.0011603620329542817,3133
M-2022-4,176,133,5,0.0011603620329542817,3134
M-2022-4,176,138,5,0.0011603620329542817,3135
M-2022-4,165,154,6,0.00115919629057187,3136
M-2022-4,165,176,6,0.00115919629057187,3137
M-2022-4,62,155,18,0.0011576307158016593,3138
M-2022-4,156,19,38,0.0011551205277076937,3139
M-2022-4,156,49,38,0.0011551205277076937,3140
M-2022-4,156,154,38,0.0011551205277076937,3141
M-2022-4,14,29,12,0.0011537352177675222,3142
M-2022-4,14,82,12,0.0011537352177675222,3143
M-2022-4,14,136,12,0.0011537352177675222,3144
M-2022-4,14,170,12,0.0011537352177675222,3145
M-2022-4,86,140,32,0.0011527792787924638,3146
M-2022-4,78,77,55,0.0011456185298589848,3147
M-2022-4,21,93,3,0.0011450381679389313,3148
M-2022-4,21,122,3,0.0011450381679389313,3149
M-2022-4,21,133,3,0.0011450381679389313,3150
M-2022-4,35,14,1,0.001142857142857143,3151
M-2022-4,35,25,1,0.001142857142857143,3152
M-2022-4,35,37,1,0.001142857142857143,3153
M-2022-4,35,43,1,0.001142857142857143,3154
M-2022-4,35,53,1,0.001142857142857143,3155
M-2022-4,35,60,1,0.001142857142857143,3156
M-2022-4,35,61,1,0.001142857142857143,3157
M-2022-4,35,62,1,0.001142857142857143,3158
M-2022-4,35,71,1,0.001142857142857143,3159
M-2022-4,35,86,1,0.001142857142857143,3160
M-2022-4,35,96,1,0.001142857142857143,3161
M-2022-4,35,99,1,0.001142857142857143,3162
M-2022-4,35,115,1,0.001142857142857143,3163
M-2022-4,35,117,1,0.001142857142857143,3164
M-2022-4,35,122,1,0.001142857142857143,3165
M-2022-4,35,126,1,0.001142857142857143,3166
M-2022-4,35,140,1,0.001142857142857143,3167
M-2022-4,35,143,1,0.001142857142857143,3168
M-2022-4,35,149,1,0.001142857142857143,3169
M-2022-4,35,171,1,0.001142857142857143,3170
M-2022-4,153,68,81,0.001141279077959224,3171
M-2022-4,143,11,5,0.0011405109489051094,3172
M-2022-4,143,12,5,0.0011405109489051094,3173
M-2022-4,143,39,5,0.0011405109489051094,3174
M-2022-4,143,62,5,0.0011405109489051094,3175
M-2022-4,143,66,5,0.0011405109489051094,3176
M-2022-4,143,95,5,0.0011405109489051094,3177
M-2022-4,143,126,5,0.0011405109489051094,3178
M-2022-4,143,138,5,0.0011405109489051094,3179
M-2022-4,143,141,5,0.0011405109489051094,3180
M-2022-4,75,142,32,0.0011404133998574484,3181
M-2022-4,39,60,5,0.0011394712853236098,3182
M-2022-4,39,86,5,0.0011394712853236098,3183
M-2022-4,39,93,5,0.0011394712853236098,3184
M-2022-4,39,105,5,0.0011394712853236098,3185
M-2022-4,39,147,5,0.0011394712853236098,3186
M-2022-4,39,153,5,0.0011394712853236098,3187
M-2022-4,69,14,1,0.0011376564277588168,3188
M-2022-4,69,39,1,0.0011376564277588168,3189
M-2022-4,69,54,1,0.0011376564277588168,3190
M-2022-4,69,63,1,0.0011376564277588168,3191
M-2022-4,69,66,1,0.0011376564277588168,3192
M-2022-4,69,88,1,0.0011376564277588168,3193
M-2022-4,69,117,1,0.0011376564277588168,3194
M-2022-4,69,123,1,0.0011376564277588168,3195
M-2022-4,69,134,1,0.0011376564277588168,3196
M-2022-4,69,136,1,0.0011376564277588168,3197
M-2022-4,69,151,1,0.0011376564277588168,3198
M-2022-4,69,157,1,0.0011376564277588168,3199
M-2022-4,69,162,1,0.0011376564277588168,3200
M-2022-4,69,168,1,0.0011376564277588168,3201
M-2022-4,69,171,1,0.0011376564277588168,3202
M-2022-4,125,61,4,0.001135718341851221,3203
M-2022-4,125,160,4,0.001135718341851221,3204
M-2022-4,70,93,3,0.0011355034065102195,3205
M-2022-4,115,138,26,0.0011315171033162155,3206
M-2022-4,171,11,8,0.0011296243998870376,3207
M-2022-4,171,82,8,0.0011296243998870376,3208
M-2022-4,171,138,8,0.0011296243998870376,3209
M-2022-4,31,137,9,0.0011288097328483633,3210
M-2022-4,130,28,8,0.0011280315848843769,3211
M-2022-4,130,72,8,0.0011280315848843769,3212
M-2022-4,130,122,8,0.0011280315848843769,3213
M-2022-4,133,115,61,0.001127333210127518,3214
M-2022-4,153,149,80,0.0011271892127992335,3215
M-2022-4,153,175,80,0.0011271892127992335,3216
M-2022-4,99,142,27,0.0011271133375078271,3217
M-2022-4,156,60,37,0.001124722619083807,3218
M-2022-4,156,61,37,0.001124722619083807,3219
M-2022-4,138,25,49,0.0011230547088079577,3220
M-2022-4,46,61,11,0.0011226780975709329,3221
M-2022-4,46,151,11,0.0011226780975709329,3222
M-2022-4,93,125,39,0.0011203033436745949,3223
M-2022-4,103,18,2,0.001119194180190263,3224
M-2022-4,103,51,2,0.001119194180190263,3225
M-2022-4,103,66,2,0.001119194180190263,3226
M-2022-4,103,172,2,0.001119194180190263,3227
M-2022-4,136,117,25,0.0011189687583922658,3228
M-2022-4,61,142,22,0.0011181134376905876,3229
M-2022-4,134,115,12,0.0011175265412553548,3230
M-2022-4,134,135,12,0.0011175265412553548,3231
M-2022-4,134,138,12,0.0011175265412553548,3232
M-2022-4,124,115,34,0.0011150465695920241,3233
M-2022-4,1,82,12,0.001111934766493699,3234
M-2022-4,1,114,12,0.001111934766493699,3235
M-2022-4,1,151,12,0.001111934766493699,3236
M-2022-4,129,19,49,0.0011091744572967834,3237
M-2022-4,30,153,9,0.001106874923133686,3238
M-2022-4,175,76,56,0.0011061072924073636,3239
M-2022-4,78,75,53,0.001103959674227749,3240
M-2022-4,68,14,8,0.0011002613120616146,3241
M-2022-4,68,96,8,0.0011002613120616146,3242
M-2022-4,68,143,8,0.0011002613120616146,3243
M-2022-4,68,151,8,0.0011002613120616146,3244
M-2022-4,50,60,5,0.0010998680158380994,3245
M-2022-4,50,140,5,0.0010998680158380994,3246
M-2022-4,28,29,18,0.0010998411340584137,3247
M-2022-4,28,71,18,0.0010998411340584137,3248
M-2022-4,17,176,11,0.001099230538622964,3249
M-2022-4,51,111,24,0.001098800476146873,3250
M-2022-4,144,97,4,0.001098297638660077,3251
M-2022-4,144,138,4,0.001098297638660077,3252
M-2022-4,144,168,4,0.001098297638660077,3253
M-2022-4,49,28,44,0.001093983092988563,3254
M-2022-4,62,46,17,0.0010933178982571227,3255
M-2022-4,59,57,15,0.0010929758088020986,3256
M-2022-4,23,24,14,0.0010903426791277258,3257
M-2022-4,98,149,69,0.001090081835129072,3258
M-2022-4,96,124,60,0.0010885538562020356,3259
M-2022-4,42,29,2,0.001087547580206634,3260
M-2022-4,42,64,2,0.001087547580206634,3261
M-2022-4,42,99,2,0.001087547580206634,3262
M-2022-4,42,149,2,0.001087547580206634,3263
M-2022-4,42,162,2,0.001087547580206634,3264
M-2022-4,129,133,48,0.0010865382438825634,3265
M-2022-4,129,149,48,0.0010865382438825634,3266
M-2022-4,74,51,10,0.0010857763300760044,3267
M-2022-4,153,122,77,0.0010849196173192623,3268
M-2022-4,124,130,33,0.0010822510822510823,3269
M-2022-4,25,82,59,0.0010814377623403046,3270
M-2022-4,86,115,30,0.0010807305738679347,3271
M-2022-4,22,175,5,0.0010785159620362382,3272
M-2022-4,63,14,12,0.0010760401721664275,3273
M-2022-4,63,25,12,0.0010760401721664275,3274
M-2022-4,63,71,12,0.0010760401721664275,3275
M-2022-4,12,17,3,0.0010760401721664275,3276
M-2022-4,12,51,3,0.0010760401721664275,3277
M-2022-4,12,96,3,0.0010760401721664275,3278
M-2022-4,12,160,3,0.0010760401721664275,3279
M-2022-4,136,61,24,0.001074210008056575,3280
M-2022-4,155,24,12,0.001073057319145131,3281
M-2022-4,155,93,12,0.001073057319145131,3282
M-2022-4,24,60,11,0.0010728567248610163,3283
M-2022-4,24,156,11,0.0010728567248610163,3284
M-2022-4,24,163,11,0.0010728567248610163,3285
M-2022-4,109,117,2,0.0010712372790573112,3286
M-2022-4,109,130,2,0.0010712372790573112,3287
M-2022-4,109,155,2,0.0010712372790573112,3288
M-2022-4,96,100,59,0.0010704112919320016,3289
M-2022-4,75,79,30,0.0010691375623663579,3290
M-2022-4,61,149,21,0.0010672900996137426,3291
M-2022-4,111,11,3,0.0010649627263045794,3292
M-2022-4,111,22,3,0.0010649627263045794,3293
M-2022-4,111,29,3,0.0010649627263045794,3294
M-2022-4,111,30,3,0.0010649627263045794,3295
M-2022-4,111,43,3,0.0010649627263045794,3296
M-2022-4,111,106,3,0.0010649627263045794,3297
M-2022-4,111,128,3,0.0010649627263045794,3298
M-2022-4,111,151,3,0.0010649627263045794,3299
M-2022-4,118,117,4,0.0010638297872340426,3300
M-2022-4,118,142,4,0.0010638297872340426,3301
M-2022-4,118,156,4,0.0010638297872340426,3302
M-2022-4,93,149,37,0.0010628518901528209,3303
M-2022-4,19,143,14,0.001061812665908229,3304
M-2022-4,170,130,4,0.0010598834128245894,3305
M-2022-4,14,111,11,0.0010575906162868954,3306
M-2022-4,140,77,76,0.001056553411555358,3307
M-2022-4,2,85,8,0.0010549914281946459,3308
M-2022-4,2,86,8,0.0010549914281946459,3309
M-2022-4,142,51,66,0.0010542457350967988,3310
M-2022-4,119,129,3,0.0010541110330288123,3311
M-2022-4,119,140,3,0.0010541110330288123,3312
M-2022-4,139,22,3,0.0010541110330288123,3313
M-2022-4,139,74,3,0.0010541110330288123,3314
M-2022-4,139,83,3,0.0010541110330288123,3315
M-2022-4,139,122,3,0.0010541110330288123,3316
M-2022-4,139,130,3,0.0010541110330288123,3317
M-2022-4,139,148,3,0.0010541110330288123,3318
M-2022-4,139,158,3,0.0010541110330288123,3319
M-2022-4,77,76,86,0.001049650930039545,3320
M-2022-4,90,25,8,0.0010478061558611656,3321
M-2022-4,112,13,4,0.0010465724751439038,3322
M-2022-4,112,26,4,0.0010465724751439038,3323
M-2022-4,112,49,4,0.0010465724751439038,3324
M-2022-4,112,50,4,0.0010465724751439038,3325
M-2022-4,112,60,4,0.0010465724751439038,3326
M-2022-4,112,71,4,0.0010465724751439038,3327
M-2022-4,112,123,4,0.0010465724751439038,3328
M-2022-4,112,143,4,0.0010465724751439038,3329
M-2022-4,25,96,57,0.0010447788551423282,3330
M-2022-4,49,19,42,0.00104425658876181,3331
M-2022-4,49,117,42,0.00104425658876181,3332
M-2022-4,99,133,25,0.0010436234606553956,3333
M-2022-4,146,60,5,0.001043187982474442,3334
M-2022-4,146,61,5,0.001043187982474442,3335
M-2022-4,146,88,5,0.001043187982474442,3336
M-2022-4,140,19,75,0.001042651392982261,3337
M-2022-4,122,71,64,0.0010419040797056622,3338
M-2022-4,122,138,64,0.0010419040797056622,3339
M-2022-4,122,142,64,0.0010419040797056622,3340
M-2022-4,172,1,8,0.001040582726326743,3341
M-2022-4,172,134,8,0.001040582726326743,3342
M-2022-4,28,50,17,0.0010387388488329464,3343
M-2022-4,28,99,17,0.0010387388488329464,3344
M-2022-4,28,124,17,0.0010387388488329464,3345
M-2022-4,28,140,17,0.0010387388488329464,3346
M-2022-4,169,60,3,0.0010377032168799724,3347
M-2022-4,169,93,3,0.0010377032168799724,3348
M-2022-4,169,99,3,0.0010377032168799724,3349
M-2022-4,169,138,3,0.0010377032168799724,3350
M-2022-4,169,153,3,0.0010377032168799724,3351
M-2022-4,158,53,13,0.0010363520408163266,3352
M-2022-4,93,49,36,0.001034126163391934,3353
M-2022-4,93,61,36,0.001034126163391934,3354
M-2022-4,138,133,45,0.0010313767733950631,3355
M-2022-4,44,60,3,0.0010309278350515464,3356
M-2022-4,44,105,3,0.0010309278350515464,3357
M-2022-4,44,131,3,0.0010309278350515464,3358
M-2022-4,136,71,23,0.0010294512577208844,3359
M-2022-4,136,82,23,0.0010294512577208844,3360
M-2022-4,62,133,16,0.001029005080712586,3361
M-2022-4,108,117,12,0.0010288947955071593,3362
M-2022-4,153,51,73,0.0010285601566793006,3363
M-2022-4,120,82,3,0.001028101439342015,3364
M-2022-4,120,96,3,0.001028101439342015,3365
M-2022-4,120,111,3,0.001028101439342015,3366
M-2022-4,120,116,3,0.001028101439342015,3367
M-2022-4,60,49,51,0.0010277699407520858,3368
M-2022-4,148,18,7,0.0010275983558426305,3369
M-2022-4,148,115,7,0.0010275983558426305,3370
M-2022-4,148,122,7,0.0010275983558426305,3371
M-2022-4,134,148,11,0.0010243993294840753,3372
M-2022-4,53,14,10,0.0010230179028132991,3373
M-2022-4,53,124,10,0.0010230179028132991,3374
M-2022-4,105,2,5,0.0010214504596527069,3375
M-2022-4,105,23,5,0.0010214504596527069,3376
M-2022-4,105,26,5,0.0010214504596527069,3377
M-2022-4,105,32,5,0.0010214504596527069,3378
M-2022-4,105,43,5,0.0010214504596527069,3379
M-2022-4,105,68,5,0.0010214504596527069,3380
M-2022-4,105,91,5,0.0010214504596527069,3381
M-2022-4,105,129,5,0.0010214504596527069,3382
M-2022-4,105,131,5,0.0010214504596527069,3383
M-2022-4,105,162,5,0.0010214504596527069,3384
M-2022-4,59,96,14,0.0010201107548819587,3385
M-2022-4,110,149,10,0.0010195758564437193,3386
M-2022-4,168,49,4,0.0010193679918450561,3387
M-2022-4,168,123,4,0.0010193679918450561,3388
M-2022-4,129,142,45,0.001018629603639903,3389
M-2022-4,61,140,20,0.0010164667615368977,3390
M-2022-4,96,133,56,0.0010159835991219,3391
M-2022-4,153,86,72,0.0010144702915193102,3392
M-2022-4,23,131,13,0.0010124610591900312,3393
M-2022-4,23,140,13,0.0010124610591900312,3394
M-2022-4,138,98,44,0.0010084572895418394,3395
M-2022-4,25,9,55,0.0010081199479443517,3396
M-2022-4,173,28,5,0.0010080645161290322,3397
M-2022-4,173,138,5,0.0010080645161290322,3398
M-2022-4,154,88,3,0.0010073875083948958,3399
M-2022-4,154,122,3,0.0010073875083948958,3400
M-2022-4,154,143,3,0.0010073875083948958,3401
M-2022-4,72,78,18,0.0010067114093959733,3402
M-2022-4,72,142,18,0.0010067114093959733,3403
M-2022-4,142,28,63,0.0010063254744105809,3404
M-2022-4,37,1,2,0.001005530417295123,3405
M-2022-4,37,33,2,0.001005530417295123,3406
M-2022-4,37,138,2,0.001005530417295123,3407
M-2022-4,37,140,2,0.001005530417295123,3408
M-2022-4,37,142,2,0.001005530417295123,3409
M-2022-4,37,149,2,0.001005530417295123,3410
M-2022-4,31,82,8,0.0010033864291985452,3411
M-2022-4,156,12,33,0.0010031309845882604,3412
M-2022-4,115,11,23,0.00100095743754896,3413
M-2022-4,115,148,23,0.00100095743754896,3414
M-2022-4,115,175,23,0.00100095743754896,3415
M-2022-4,127,2,3,0.000999333777481679,3416
M-2022-4,127,17,3,0.000999333777481679,3417
M-2022-4,127,49,3,0.000999333777481679,3418
M-2022-4,127,63,3,0.000999333777481679,3419
M-2022-4,127,86,3,0.000999333777481679,3420
M-2022-4,127,129,3,0.000999333777481679,3421
M-2022-4,127,158,3,0.000999333777481679,3422
M-2022-4,17,20,10,0.00099930048965724,3423
M-2022-4,17,157,10,0.00099930048965724,3424
M-2022-4,16,0,2,0.00099601593625498,3425
M-2022-4,16,10,2,0.00099601593625498,3426
M-2022-4,16,24,2,0.00099601593625498,3427
M-2022-4,16,61,2,0.00099601593625498,3428
M-2022-4,16,63,2,0.00099601593625498,3429
M-2022-4,16,66,2,0.00099601593625498,3430
M-2022-4,16,90,2,0.00099601593625498,3431
M-2022-4,16,99,2,0.00099601593625498,3432
M-2022-4,16,118,2,0.00099601593625498,3433
M-2022-4,16,132,2,0.00099601593625498,3434
M-2022-4,16,136,2,0.00099601593625498,3435
M-2022-4,16,148,2,0.00099601593625498,3436
M-2022-4,116,123,4,0.0009942828734775043,3437
M-2022-4,10,19,2,0.0009900990099009901,3438
M-2022-4,10,115,2,0.0009900990099009901,3439
M-2022-4,10,122,2,0.0009900990099009901,3440
M-2022-4,10,136,2,0.0009900990099009901,3441
M-2022-4,10,142,2,0.0009900990099009901,3442
M-2022-4,10,155,2,0.0009900990099009901,3443
M-2022-4,25,166,54,0.0009897904943453636,3444
M-2022-4,161,89,3,0.0009897723523589574,3445
M-2022-4,161,116,3,0.0009897723523589574,3446
M-2022-4,161,144,3,0.0009897723523589574,3447
M-2022-4,151,1,2,0.0009896091044037606,3448
M-2022-4,151,15,2,0.0009896091044037606,3449
M-2022-4,151,24,2,0.0009896091044037606,3450
M-2022-4,151,28,2,0.0009896091044037606,3451
M-2022-4,151,29,2,0.0009896091044037606,3452
M-2022-4,151,32,2,0.0009896091044037606,3453
M-2022-4,151,49,2,0.0009896091044037606,3454
M-2022-4,151,82,2,0.0009896091044037606,3455
M-2022-4,151,84,2,0.0009896091044037606,3456
M-2022-4,151,86,2,0.0009896091044037606,3457
M-2022-4,151,108,2,0.0009896091044037606,3458
M-2022-4,151,123,2,0.0009896091044037606,3459
M-2022-4,151,125,2,0.0009896091044037606,3460
M-2022-4,151,136,2,0.0009896091044037606,3461
M-2022-4,151,154,2,0.0009896091044037606,3462
M-2022-4,141,18,2,0.0009891196834817012,3463
M-2022-4,141,39,2,0.0009891196834817012,3464
M-2022-4,141,52,2,0.0009891196834817012,3465
M-2022-4,141,54,2,0.0009891196834817012,3466
M-2022-4,141,61,2,0.0009891196834817012,3467
M-2022-4,141,75,2,0.0009891196834817012,3468
M-2022-4,141,127,2,0.0009891196834817012,3469
M-2022-4,141,138,2,0.0009891196834817012,3470
M-2022-4,141,163,2,0.0009891196834817012,3471
M-2022-4,141,171,2,0.0009891196834817012,3472
M-2022-4,171,71,7,0.000988421349901158,3473
M-2022-4,171,89,7,0.000988421349901158,3474
M-2022-4,171,99,7,0.000988421349901158,3475
M-2022-4,130,16,7,0.0009870276367738298,3476
M-2022-4,130,53,7,0.0009870276367738298,3477
M-2022-4,130,138,7,0.0009870276367738298,3478
M-2022-4,130,163,7,0.0009870276367738298,3479
M-2022-4,130,175,7,0.0009870276367738298,3480
M-2022-4,63,18,11,0.0009863701578192252,3481
M-2022-4,97,98,41,0.0009860509860509861,3482
M-2022-4,19,155,13,0.0009859689040576413,3483
M-2022-4,19,157,13,0.0009859689040576413,3484
M-2022-4,30,53,8,0.0009838888205632764,3485
M-2022-4,30,142,8,0.0009838888205632764,3486
M-2022-4,124,2,30,0.0009838646202282567,3487
M-2022-4,155,12,11,0.0009836358758830367,3488
M-2022-4,155,26,11,0.0009836358758830367,3489
M-2022-4,155,130,11,0.0009836358758830367,3490
M-2022-4,100,96,30,0.000983477576711251,3491
M-2022-4,83,172,24,0.0009795118765815035,3492
M-2022-4,43,1,2,0.0009794319294809011,3493
M-2022-4,43,11,2,0.0009794319294809011,3494
M-2022-4,43,42,2,0.0009794319294809011,3495
M-2022-4,43,45,2,0.0009794319294809011,3496
M-2022-4,43,49,2,0.0009794319294809011,3497
M-2022-4,43,68,2,0.0009794319294809011,3498
M-2022-4,43,71,2,0.0009794319294809011,3499
M-2022-4,43,99,2,0.0009794319294809011,3500
M-2022-4,43,112,2,0.0009794319294809011,3501
M-2022-4,43,124,2,0.0009794319294809011,3502
M-2022-4,43,125,2,0.0009794319294809011,3503
M-2022-4,43,136,2,0.0009794319294809011,3504
M-2022-4,43,139,2,0.0009794319294809011,3505
M-2022-4,43,142,2,0.0009794319294809011,3506
M-2022-4,43,176,2,0.0009794319294809011,3507
M-2022-4,137,100,4,0.0009782342871117633,3508
M-2022-4,137,133,4,0.0009782342871117633,3509
M-2022-4,135,11,3,0.0009775171065493646,3510
M-2022-4,135,41,3,0.0009775171065493646,3511
M-2022-4,135,63,3,0.0009775171065493646,3512
M-2022-4,135,67,3,0.0009775171065493646,3513
M-2022-4,135,74,3,0.0009775171065493646,3514
M-2022-4,135,101,3,0.0009775171065493646,3515
M-2022-4,135,105,3,0.0009775171065493646,3516
M-2022-4,135,140,3,0.0009775171065493646,3517
M-2022-4,74,25,9,0.000977198697068404,3518
M-2022-4,74,96,9,0.000977198697068404,3519
M-2022-4,74,110,9,0.000977198697068404,3520
M-2022-4,95,117,49,0.0009756486072118353,3521
M-2022-4,142,46,61,0.0009743786339531021,3522
M-2022-4,129,14,43,0.0009733571768114629,3523
M-2022-4,86,51,27,0.0009726575164811412,3524
M-2022-4,25,105,53,0.0009714610407463753,3525
M-2022-4,66,132,5,0.0009710623422023694,3526
M-2022-4,66,156,5,0.0009710623422023694,3527
M-2022-4,165,51,5,0.0009659969088098918,3528
M-2022-4,165,106,5,0.0009659969088098918,3529
M-2022-4,157,17,2,0.0009638554216867469,3530
M-2022-4,157,32,2,0.0009638554216867469,3531
M-2022-4,157,34,2,0.0009638554216867469,3532
M-2022-4,157,41,2,0.0009638554216867469,3533
M-2022-4,157,54,2,0.0009638554216867469,3534
M-2022-4,157,112,2,0.0009638554216867469,3535
M-2022-4,68,17,7,0.0009627286480539128,3536
M-2022-4,68,23,7,0.0009627286480539128,3537
M-2022-4,68,29,7,0.0009627286480539128,3538
M-2022-4,68,66,7,0.0009627286480539128,3539
M-2022-4,68,108,7,0.0009627286480539128,3540
M-2022-4,68,112,7,0.0009627286480539128,3541
M-2022-4,68,116,7,0.0009627286480539128,3542
M-2022-4,85,51,2,0.0009615384615384616,3543
M-2022-4,85,82,2,0.0009615384615384616,3544
M-2022-4,85,84,2,0.0009615384615384616,3545
M-2022-4,85,118,2,0.0009615384615384616,3546
M-2022-4,85,129,2,0.0009615384615384616,3547
M-2022-4,85,142,2,0.0009615384615384616,3548
M-2022-4,14,77,10,0.0009614460148062686,3549
M-2022-4,14,100,10,0.0009614460148062686,3550
M-2022-4,99,108,23,0.0009601335838029639,3551
M-2022-4,140,133,69,0.0009592392815436802,3552
M-2022-4,18,124,21,0.0009577670345708292,3553
M-2022-4,115,49,22,0.0009574375489598746,3554
M-2022-4,115,104,22,0.0009574375489598746,3555
M-2022-4,158,49,12,0.0009566326530612245,3556
M-2022-4,5,2,2,0.0009555661729574773,3557
M-2022-4,5,29,2,0.0009555661729574773,3558
M-2022-4,5,124,2,0.0009555661729574773,3559
M-2022-4,13,14,2,0.0009555661729574773,3560
M-2022-4,13,32,2,0.0009555661729574773,3561
M-2022-4,13,54,2,0.0009555661729574773,3562
M-2022-4,13,116,2,0.0009555661729574773,3563
M-2022-4,13,124,2,0.0009555661729574773,3564
M-2022-4,13,132,2,0.0009555661729574773,3565
M-2022-4,13,139,2,0.0009555661729574773,3566
M-2022-4,13,155,2,0.0009555661729574773,3567
M-2022-4,65,109,3,0.0009538950715421304,3568
M-2022-4,77,153,78,0.0009520089830591222,3569
M-2022-4,124,96,29,0.0009510691328873147,3570
M-2022-4,163,16,3,0.0009505703422053232,3571
M-2022-4,163,74,3,0.0009505703422053232,3572
M-2022-4,163,104,3,0.0009505703422053232,3573
M-2022-4,163,134,3,0.0009505703422053232,3574
M-2022-4,163,139,3,0.0009505703422053232,3575
M-2022-4,163,171,3,0.0009505703422053232,3576
M-2022-4,175,156,48,0.0009480919649205973,3577
M-2022-4,126,13,2,0.000946969696969697,3578
M-2022-4,126,23,2,0.000946969696969697,3579
M-2022-4,126,28,2,0.000946969696969697,3580
M-2022-4,126,53,2,0.000946969696969697,3581
M-2022-4,126,115,2,0.000946969696969697,3582
M-2022-4,126,122,2,0.000946969696969697,3583
M-2022-4,126,132,2,0.000946969696969697,3584
M-2022-4,126,149,2,0.000946969696969697,3585
M-2022-4,126,156,2,0.000946969696969697,3586
M-2022-4,126,159,2,0.000946969696969697,3587
M-2022-4,29,28,28,0.0009442552186962533,3588
M-2022-4,153,143,67,0.0009440209657193581,3589
M-2022-4,41,14,2,0.000942951438000943,3590
M-2022-4,41,19,2,0.000942951438000943,3591
M-2022-4,41,46,2,0.000942951438000943,3592
M-2022-4,41,104,2,0.000942951438000943,3593
M-2022-4,41,115,2,0.000942951438000943,3594
M-2022-4,41,127,2,0.000942951438000943,3595
M-2022-4,41,129,2,0.000942951438000943,3596
M-2022-4,41,140,2,0.000942951438000943,3597
M-2022-4,41,166,2,0.000942951438000943,3598
M-2022-4,41,168,2,0.000942951438000943,3599
M-2022-4,159,17,3,0.0009428032683846638,3600
M-2022-4,159,64,3,0.0009428032683846638,3601
M-2022-4,159,72,3,0.0009428032683846638,3602
M-2022-4,159,88,3,0.0009428032683846638,3603
M-2022-4,159,104,3,0.0009428032683846638,3604
M-2022-4,159,122,3,0.0009428032683846638,3605
M-2022-4,159,149,3,0.0009428032683846638,3606
M-2022-4,142,78,59,0.0009424317934956232,3607
M-2022-4,156,10,31,0.0009423351673404869,3608
M-2022-4,156,17,31,0.0009423351673404869,3609
M-2022-4,174,31,4,0.0009420631182289214,3610
M-2022-4,174,76,4,0.0009420631182289214,3611
M-2022-4,117,164,80,0.0009418856550814731,3612
M-2022-4,91,4,4,0.0009385265133740028,3613
M-2022-4,91,51,4,0.0009385265133740028,3614
M-2022-4,91,154,4,0.0009385265133740028,3615
M-2022-4,91,175,4,0.0009385265133740028,3616
M-2022-4,86,77,26,0.0009366331640188768,3617
M-2022-4,23,49,12,0.0009345794392523365,3618
M-2022-4,23,93,12,0.0009345794392523365,3619
M-2022-4,23,95,12,0.0009345794392523365,3620
M-2022-4,23,143,12,0.0009345794392523365,3621
M-2022-4,23,149,12,0.0009345794392523365,3622
M-2022-4,71,49,139,0.0009303384022274577,3623
M-2022-4,176,12,4,0.0009282896263634254,3624
M-2022-4,176,32,4,0.0009282896263634254,3625
M-2022-4,176,49,4,0.0009282896263634254,3626
M-2022-4,176,60,4,0.0009282896263634254,3627
M-2022-4,176,106,4,0.0009282896263634254,3628
M-2022-4,176,108,4,0.0009282896263634254,3629
M-2022-4,176,122,4,0.0009282896263634254,3630
M-2022-4,176,136,4,0.0009282896263634254,3631
M-2022-4,1,19,10,0.0009266123054114158,3632
M-2022-4,1,156,10,0.0009266123054114158,3633
M-2022-4,2,10,7,0.0009231174996703152,3634
M-2022-4,2,62,7,0.0009231174996703152,3635
M-2022-4,2,87,7,0.0009231174996703152,3636
M-2022-4,2,91,7,0.0009231174996703152,3637
M-2022-4,2,95,7,0.0009231174996703152,3638
M-2022-4,2,128,7,0.0009231174996703152,3639
M-2022-4,2,166,7,0.0009231174996703152,3640
M-2022-4,53,98,9,0.0009207161125319693,3641
M-2022-4,46,134,9,0.0009185548071034905,3642
M-2022-4,46,149,9,0.0009185548071034905,3643
M-2022-4,46,163,9,0.0009185548071034905,3644
M-2022-4,46,171,9,0.0009185548071034905,3645
M-2022-4,46,175,9,0.0009185548071034905,3646
M-2022-4,99,97,22,0.000918388645376748,3647
M-2022-4,124,14,28,0.0009182736455463728,3648
M-2022-4,124,28,28,0.0009182736455463728,3649
M-2022-4,110,14,9,0.0009176182707993475,3650
M-2022-4,90,122,7,0.00091683038637852,3651
M-2022-4,90,140,7,0.00091683038637852,3652
M-2022-4,28,130,15,0.0009165342783820114,3653
M-2022-4,28,176,15,0.0009165342783820114,3654
M-2022-4,25,155,50,0.0009164726799494107,3655
M-2022-4,51,71,20,0.0009156670634557275,3656
M-2022-4,51,130,20,0.0009156670634557275,3657
M-2022-4,115,151,21,0.0009139176603707895,3658
M-2022-4,143,14,4,0.0009124087591240876,3659
M-2022-4,143,60,4,0.0009124087591240876,3660
M-2022-4,143,84,4,0.0009124087591240876,3661
M-2022-4,143,86,4,0.0009124087591240876,3662
M-2022-4,143,116,4,0.0009124087591240876,3663
M-2022-4,143,136,4,0.0009124087591240876,3664
M-2022-4,143,166,4,0.0009124087591240876,3665
M-2022-4,45,0,2,0.0009124087591240876,3666
M-2022-4,45,29,2,0.0009124087591240876,3667
M-2022-4,45,126,2,0.0009124087591240876,3668
M-2022-4,45,137,2,0.0009124087591240876,3669
M-2022-4,45,142,2,0.0009124087591240876,3670
M-2022-4,45,146,2,0.0009124087591240876,3671
M-2022-4,45,160,2,0.0009124087591240876,3672
M-2022-4,45,166,2,0.0009124087591240876,3673
M-2022-4,45,169,2,0.0009124087591240876,3674
M-2022-4,39,64,4,0.0009115770282588879,3675
M-2022-4,29,49,27,0.00091053181802853,3676
M-2022-4,29,115,27,0.00091053181802853,3677
M-2022-4,172,46,7,0.0009105098855359001,3678
M-2022-4,172,91,7,0.0009105098855359001,3679
M-2022-4,172,97,7,0.0009105098855359001,3680
M-2022-4,71,25,136,0.0009102591561362176,3681
M-2022-4,19,122,12,0.0009101251422070534,3682
M-2022-4,19,134,12,0.0009101251422070534,3683
M-2022-4,19,175,12,0.0009101251422070534,3684
M-2022-4,147,2,2,0.0009078529278256923,3685
M-2022-4,147,4,2,0.0009078529278256923,3686
M-2022-4,147,39,2,0.0009078529278256923,3687
M-2022-4,147,43,2,0.0009078529278256923,3688
M-2022-4,147,68,2,0.0009078529278256923,3689
M-2022-4,147,127,2,0.0009078529278256923,3690
M-2022-4,147,156,2,0.0009078529278256923,3691
M-2022-4,60,142,45,0.0009068558300753698,3692
M-2022-4,132,25,21,0.0009068532193289286,3693
M-2022-4,117,93,77,0.0009065649430159179,3694
M-2022-4,164,31,3,0.0009049773755656109,3695
M-2022-4,164,99,3,0.0009049773755656109,3696
M-2022-4,164,122,3,0.0009049773755656109,3697
M-2022-4,164,129,3,0.0009049773755656109,3698
M-2022-4,164,150,3,0.0009049773755656109,3699
M-2022-4,114,27,3,0.0009011715229798738,3700
M-2022-4,114,29,3,0.0009011715229798738,3701
M-2022-4,86,155,25,0.0009006088115566123,3702
M-2022-4,54,18,6,0.0009004952723998199,3703
M-2022-4,17,111,9,0.000899370440691516,3704
M-2022-4,17,170,9,0.000899370440691516,3705
M-2022-4,17,172,9,0.000899370440691516,3706
M-2022-4,145,49,2,0.0008992805755395684,3707
M-2022-4,63,13,10,0.000896700143472023,3708
M-2022-4,63,45,10,0.000896700143472023,3709
M-2022-4,63,99,10,0.000896700143472023,3710
M-2022-4,63,129,10,0.000896700143472023,3711
M-2022-4,63,132,10,0.000896700143472023,3712
M-2022-4,122,143,55,0.0008953863184970534,3713
M-2022-4,49,78,36,0.0008950770760815514,3714
M-2022-4,155,17,10,0.0008942144326209425,3715
M-2022-4,155,23,10,0.0008942144326209425,3716
M-2022-4,155,43,10,0.0008942144326209425,3717
M-2022-4,104,12,3,0.0008920606601248885,3718
M-2022-4,104,16,3,0.0008920606601248885,3719
M-2022-4,104,86,3,0.0008920606601248885,3720
M-2022-4,104,99,3,0.0008920606601248885,3721
M-2022-4,104,163,3,0.0008920606601248885,3722
M-2022-4,124,77,27,0.0008854781582054309,3723
M-2022-4,124,133,27,0.0008854781582054309,3724
M-2022-4,123,2,3,0.0008841732979664014,3725
M-2022-4,123,19,3,0.0008841732979664014,3726
M-2022-4,123,28,3,0.0008841732979664014,3727
M-2022-4,123,124,3,0.0008841732979664014,3728
M-2022-4,123,142,3,0.0008841732979664014,3729
M-2022-4,123,175,3,0.0008841732979664014,3730
M-2022-4,117,51,75,0.0008830178016388811,3731
M-2022-4,156,132,29,0.0008815393500927136,3732
M-2022-4,148,19,6,0.0008807985907222549,3733
M-2022-4,148,136,6,0.0008807985907222549,3734
M-2022-4,50,127,4,0.0008798944126704796,3735
M-2022-4,50,131,4,0.0008798944126704796,3736
M-2022-4,50,155,4,0.0008798944126704796,3737
M-2022-4,82,79,70,0.0008792975668580186,3738
M-2022-4,122,28,54,0.0008791065672516524,3739
M-2022-4,31,175,7,0.000877963125548727,3740
M-2022-4,24,142,9,0.000877791865795377,3741
M-2022-4,24,143,9,0.000877791865795377,3742
M-2022-4,158,31,11,0.0008769132653061224,3743
M-2022-4,79,78,22,0.0008764241893076249,3744
M-2022-4,59,25,12,0.0008743806470416788,3745
M-2022-4,92,51,2,0.0008741258741258741,3746
M-2022-4,92,94,2,0.0008741258741258741,3747
M-2022-4,26,29,2,0.0008722197993894462,3748
M-2022-4,26,32,2,0.0008722197993894462,3749
M-2022-4,26,45,2,0.0008722197993894462,3750
M-2022-4,26,60,2,0.0008722197993894462,3751
M-2022-4,26,61,2,0.0008722197993894462,3752
M-2022-4,26,62,2,0.0008722197993894462,3753
M-2022-4,26,76,2,0.0008722197993894462,3754
M-2022-4,26,86,2,0.0008722197993894462,3755
M-2022-4,26,104,2,0.0008722197993894462,3756
M-2022-4,26,105,2,0.0008722197993894462,3757
M-2022-4,26,122,2,0.0008722197993894462,3758
M-2022-4,26,127,2,0.0008722197993894462,3759
M-2022-4,26,129,2,0.0008722197993894462,3760
M-2022-4,26,131,2,0.0008722197993894462,3761
M-2022-4,26,140,2,0.0008722197993894462,3762
M-2022-4,26,141,2,0.0008722197993894462,3763
M-2022-4,115,131,20,0.0008703977717817043,3764
M-2022-4,52,17,2,0.000869187309865276,3765
M-2022-4,52,18,2,0.000869187309865276,3766
M-2022-4,52,49,2,0.000869187309865276,3767
M-2022-4,52,66,2,0.000869187309865276,3768
M-2022-4,52,101,2,0.000869187309865276,3769
M-2022-4,52,111,2,0.000869187309865276,3770
M-2022-4,52,137,2,0.000869187309865276,3771
M-2022-4,52,140,2,0.000869187309865276,3772
M-2022-4,52,176,2,0.000869187309865276,3773
M-2022-4,74,149,8,0.0008686210640608035,3774
M-2022-4,150,72,2,0.0008676789587852494,3775
M-2022-4,150,84,2,0.0008676789587852494,3776
M-2022-4,150,110,2,0.0008676789587852494,3777
M-2022-4,150,116,2,0.0008676789587852494,3778
M-2022-4,150,122,2,0.0008676789587852494,3779
M-2022-4,150,174,2,0.0008676789587852494,3780
M-2022-4,60,146,43,0.0008665511265164644,3781
M-2022-4,18,122,19,0.0008665511265164644,3782
M-2022-4,14,99,9,0.0008653014133256418,3783
M-2022-4,14,115,9,0.0008653014133256418,3784
M-2022-4,61,39,17,0.0008639967473063631,3785
M-2022-4,61,138,17,0.0008639967473063631,3786
M-2022-4,166,29,2,0.0008631851532153647,3787
M-2022-4,166,71,2,0.0008631851532153647,3788
M-2022-4,166,132,2,0.0008631851532153647,3789
M-2022-4,166,133,2,0.0008631851532153647,3790
M-2022-4,166,160,2,0.0008631851532153647,3791
M-2022-4,166,175,2,0.0008631851532153647,3792
M-2022-4,22,2,4,0.0008628127696289905,3793
M-2022-4,22,19,4,0.0008628127696289905,3794
M-2022-4,22,60,4,0.0008628127696289905,3795
M-2022-4,22,62,4,0.0008628127696289905,3796
M-2022-4,22,77,4,0.0008628127696289905,3797
M-2022-4,22,140,4,0.0008628127696289905,3798
M-2022-4,22,142,4,0.0008628127696289905,3799
M-2022-4,149,71,64,0.0008626034450225085,3800
M-2022-4,93,142,30,0.0008617718028266115,3801
M-2022-4,30,158,7,0.0008609027179928669,3802
M-2022-4,153,11,61,0.0008594817747594155,3803
M-2022-4,32,20,2,0.000858000858000858,3804
M-2022-4,32,28,2,0.000858000858000858,3805
M-2022-4,32,60,2,0.000858000858000858,3806
M-2022-4,32,72,2,0.000858000858000858,3807
M-2022-4,32,86,2,0.000858000858000858,3808
M-2022-4,32,90,2,0.000858000858000858,3809
M-2022-4,32,105,2,0.000858000858000858,3810
M-2022-4,32,108,2,0.000858000858000858,3811
M-2022-4,32,111,2,0.000858000858000858,3812
M-2022-4,32,168,2,0.000858000858000858,3813
M-2022-4,83,28,21,0.0008570728920088156,3814
M-2022-4,83,153,21,0.0008570728920088156,3815
M-2022-4,40,49,2,0.000856898029134533,3816
M-2022-4,40,77,2,0.000856898029134533,3817
M-2022-4,40,175,2,0.000856898029134533,3818
M-2022-4,23,22,11,0.0008566978193146418,3819
M-2022-4,76,81,9,0.0008552694098641071,3820
M-2022-4,76,137,9,0.0008552694098641071,3821
M-2022-4,55,165,7,0.0008543878921030148,3822
M-2022-4,128,14,2,0.0008539709649871904,3823
M-2022-4,128,18,2,0.0008539709649871904,3824
M-2022-4,128,20,2,0.0008539709649871904,3825
M-2022-4,128,39,2,0.0008539709649871904,3826
M-2022-4,128,115,2,0.0008539709649871904,3827
M-2022-4,128,116,2,0.0008539709649871904,3828
M-2022-4,128,129,2,0.0008539709649871904,3829
M-2022-4,128,132,2,0.0008539709649871904,3830
M-2022-4,128,133,2,0.0008539709649871904,3831
M-2022-4,128,135,2,0.0008539709649871904,3832
M-2022-4,128,142,2,0.0008539709649871904,3833
M-2022-4,125,1,3,0.0008517887563884157,3834
M-2022-4,125,96,3,0.0008517887563884157,3835
M-2022-4,125,142,3,0.0008517887563884157,3836
M-2022-4,156,18,28,0.0008511414414688269,3837
M-2022-4,136,60,19,0.000850416256378122,3838
M-2022-4,133,156,46,0.0008501201256699316,3839
M-2022-4,138,164,37,0.0008480209025692741,3840
M-2022-4,171,2,6,0.0008472182999152782,3841
M-2022-4,171,19,6,0.0008472182999152782,3842
M-2022-4,60,136,42,0.0008463987747370118,3843
M-2022-4,60,155,42,0.0008463987747370118,3844
M-2022-4,130,0,6,0.0008460236886632825,3845
M-2022-4,130,74,6,0.0008460236886632825,3846
M-2022-4,130,129,6,0.0008460236886632825,3847
M-2022-4,130,166,6,0.0008460236886632825,3848
M-2022-4,29,156,25,0.0008430850166930834,3849
M-2022-4,62,49,13,0.0008360666280789761,3850
M-2022-4,62,53,13,0.0008360666280789761,3851
M-2022-4,62,68,13,0.0008360666280789761,3852
M-2022-4,62,129,13,0.0008360666280789761,3853
M-2022-4,62,142,13,0.0008360666280789761,3854
M-2022-4,117,83,71,0.0008359235188848074,3855
M-2022-4,117,101,71,0.0008359235188848074,3856
M-2022-4,146,89,4,0.0008345503859795535,3857
M-2022-4,146,97,4,0.0008345503859795535,3858
M-2022-4,146,149,4,0.0008345503859795535,3859
M-2022-4,84,1,2,0.0008343763037129745,3860
M-2022-4,84,49,2,0.0008343763037129745,3861
M-2022-4,84,73,2,0.0008343763037129745,3862
M-2022-4,84,82,2,0.0008343763037129745,3863
M-2022-4,84,93,2,0.0008343763037129745,3864
M-2022-4,84,100,2,0.0008343763037129745,3865
M-2022-4,84,102,2,0.0008343763037129745,3866
M-2022-4,84,116,2,0.0008343763037129745,3867
M-2022-4,84,149,2,0.0008343763037129745,3868
M-2022-4,19,141,11,0.0008342813803564657,3869
M-2022-4,1,53,9,0.0008339510748702742,3870
M-2022-4,1,68,9,0.0008339510748702742,3871
M-2022-4,81,49,6,0.0008313703755022863,3872
M-2022-4,115,19,19,0.000826877883192619,3873
M-2022-4,115,93,19,0.000826877883192619,3874
M-2022-4,115,160,19,0.000826877883192619,3875
M-2022-4,138,100,36,0.0008251014187160505,3876
M-2022-4,51,151,18,0.0008241003571101547,3877
M-2022-4,144,62,3,0.0008237232289950577,3878
M-2022-4,144,161,3,0.0008237232289950577,3879
M-2022-4,18,25,18,0.0008209431724892822,3880
M-2022-4,18,71,18,0.0008209431724892822,3881
M-2022-4,18,129,18,0.0008209431724892822,3882
M-2022-4,156,50,27,0.0008207435328449402,3883
M-2022-4,156,75,27,0.0008207435328449402,3884
M-2022-4,64,4,2,0.0008206811653672548,3885
M-2022-4,64,10,2,0.0008206811653672548,3886
M-2022-4,64,14,2,0.0008206811653672548,3887
M-2022-4,64,28,2,0.0008206811653672548,3888
M-2022-4,64,49,2,0.0008206811653672548,3889
M-2022-4,64,61,2,0.0008206811653672548,3890
M-2022-4,64,62,2,0.0008206811653672548,3891
M-2022-4,64,88,2,0.0008206811653672548,3892
M-2022-4,64,89,2,0.0008206811653672548,3893
M-2022-4,64,104,2,0.0008206811653672548,3894
M-2022-4,64,108,2,0.0008206811653672548,3895
M-2022-4,64,123,2,0.0008206811653672548,3896
M-2022-4,64,125,2,0.0008206811653672548,3897
M-2022-4,64,135,2,0.0008206811653672548,3898
M-2022-4,64,138,2,0.0008206811653672548,3899
M-2022-4,64,142,2,0.0008206811653672548,3900
M-2022-4,80,117,5,0.0008202099737532808,3901
M-2022-4,80,140,5,0.0008202099737532808,3902
M-2022-4,53,3,8,0.0008184143222506394,3903
M-2022-4,53,28,8,0.0008184143222506394,3904
M-2022-4,53,83,8,0.0008184143222506394,3905
M-2022-4,53,96,8,0.0008184143222506394,3906
M-2022-4,53,170,8,0.0008184143222506394,3907
M-2022-4,153,158,58,0.0008172121792794443,3908
M-2022-4,105,9,4,0.0008171603677221655,3909
M-2022-4,105,39,4,0.0008171603677221655,3910
M-2022-4,105,77,4,0.0008171603677221655,3911
M-2022-4,105,123,4,0.0008171603677221655,3912
M-2022-4,105,142,4,0.0008171603677221655,3913
M-2022-4,105,155,4,0.0008171603677221655,3914
M-2022-4,105,158,4,0.0008171603677221655,3915
M-2022-4,46,51,8,0.0008164931618697694,3916
M-2022-4,46,122,8,0.0008164931618697694,3917
M-2022-4,46,158,8,0.0008164931618697694,3918
M-2022-4,96,14,45,0.0008164153921515267,3919
M-2022-4,95,71,41,0.000816359038687454,3920
M-2022-4,110,153,8,0.0008156606851549756,3921
M-2022-4,110,160,8,0.0008156606851549756,3922
M-2022-4,61,2,16,0.0008131734092295182,3923
M-2022-4,61,51,16,0.0008131734092295182,3924
M-2022-4,133,49,44,0.0008131583810755868,3925
M-2022-4,133,143,44,0.0008131583810755868,3926
M-2022-4,133,149,44,0.0008131583810755868,3927
M-2022-4,101,96,49,0.000808194098533705,3928
M-2022-4,63,134,9,0.0008070301291248207,3929
M-2022-4,63,135,9,0.0008070301291248207,3930
M-2022-4,63,140,9,0.0008070301291248207,3931
M-2022-4,63,142,9,0.0008070301291248207,3932
M-2022-4,63,143,9,0.0008070301291248207,3933
M-2022-4,63,146,9,0.0008070301291248207,3934
M-2022-4,173,19,4,0.0008064516129032258,3935
M-2022-4,173,71,4,0.0008064516129032258,3936
M-2022-4,173,142,4,0.0008064516129032258,3937
M-2022-4,60,117,40,0.0008060940711781065,3938
M-2022-4,136,142,18,0.0008056575060424313,3939
M-2022-4,82,25,64,0.0008039292039844742,3940
M-2022-4,82,153,64,0.0008039292039844742,3941
M-2022-4,153,60,57,0.0008031223141194538,3942
M-2022-4,153,124,57,0.0008031223141194538,3943
M-2022-4,4,93,3,0.0008027829810008028,3944
M-2022-4,4,130,3,0.0008027829810008028,3945
M-2022-4,138,71,35,0.0008021819348628269,3946
M-2022-4,59,124,11,0.0008015155931215389,3947
M-2022-4,87,138,9,0.00080135339684801,3948
M-2022-4,117,172,68,0.0008006028068192521,3949
M-2022-4,48,149,4,0.0007998400319936012,3950
M-2022-4,17,13,8,0.000799440391725792,3951
M-2022-4,17,50,8,0.000799440391725792,3952
M-2022-4,17,82,8,0.000799440391725792,3953
M-2022-4,142,61,50,0.0007986710114369689,3954
M-2022-4,118,82,3,0.0007978723404255319,3955
M-2022-4,158,175,10,0.0007971938775510204,3956
M-2022-4,170,2,3,0.000794912559618442,3957
M-2022-4,170,4,3,0.000794912559618442,3958
M-2022-4,170,32,3,0.000794912559618442,3959
M-2022-4,170,43,3,0.000794912559618442,3960
M-2022-4,170,49,3,0.000794912559618442,3961
M-2022-4,170,62,3,0.000794912559618442,3962
M-2022-4,170,98,3,0.000794912559618442,3963
M-2022-4,170,111,3,0.000794912559618442,3964
M-2022-4,170,127,3,0.000794912559618442,3965
M-2022-4,170,133,3,0.000794912559618442,3966
M-2022-4,170,136,3,0.000794912559618442,3967
M-2022-4,170,137,3,0.000794912559618442,3968
M-2022-4,170,143,3,0.000794912559618442,3969
M-2022-4,170,165,3,0.000794912559618442,3970
M-2022-4,170,166,3,0.000794912559618442,3971
M-2022-4,28,14,13,0.0007943297079310766,3972
M-2022-4,28,158,13,0.0007943297079310766,3973
M-2022-4,28,160,13,0.0007943297079310766,3974
M-2022-4,113,100,4,0.0007933359777865926,3975
M-2022-4,113,101,4,0.0007933359777865926,3976
M-2022-4,56,117,8,0.0007925500297206261,3977
M-2022-4,86,134,22,0.0007925357541698187,3978
M-2022-4,156,86,26,0.0007903456242210536,3979
M-2022-4,153,46,56,0.0007890324489594634,3980
M-2022-4,117,143,67,0.0007888292361307337,3981
M-2022-4,124,99,24,0.0007870916961826052,3982
M-2022-4,121,118,2,0.0007864726700747149,3983
M-2022-4,121,129,2,0.0007864726700747149,3984
M-2022-4,121,136,2,0.0007864726700747149,3985
M-2022-4,131,115,24,0.0007860347820391053,3986
M-2022-4,60,24,39,0.0007859417193986538,3987
M-2022-4,60,99,39,0.0007859417193986538,3988
M-2022-4,90,111,6,0.0007858546168958742,3989
M-2022-4,90,142,6,0.0007858546168958742,3990
M-2022-4,90,176,6,0.0007858546168958742,3991
M-2022-4,112,28,3,0.0007849293563579278,3992
M-2022-4,112,44,3,0.0007849293563579278,3993
M-2022-4,112,51,3,0.0007849293563579278,3994
M-2022-4,112,61,3,0.0007849293563579278,3995
M-2022-4,112,67,3,0.0007849293563579278,3996
M-2022-4,112,86,3,0.0007849293563579278,3997
M-2022-4,112,93,3,0.0007849293563579278,3998
M-2022-4,112,99,3,0.0007849293563579278,3999
M-2022-4,112,140,3,0.0007849293563579278,4000
M-2022-4,112,168,3,0.0007849293563579278,4001
M-2022-4,115,105,18,0.0007833579946035338,4002
M-2022-4,149,61,58,0.0007817343720516484,4003
M-2022-4,47,117,3,0.0007814535035165407,4004
M-2022-4,47,172,3,0.0007814535035165407,4005
M-2022-4,20,11,1,0.00078064012490242,4006
M-2022-4,20,61,1,0.00078064012490242,4007
M-2022-4,20,66,1,0.00078064012490242,4008
M-2022-4,20,76,1,0.00078064012490242,4009
M-2022-4,20,90,1,0.00078064012490242,4010
M-2022-4,20,93,1,0.00078064012490242,4011
M-2022-4,20,111,1,0.00078064012490242,4012
M-2022-4,20,122,1,0.00078064012490242,4013
M-2022-4,20,123,1,0.00078064012490242,4014
M-2022-4,20,124,1,0.00078064012490242,4015
M-2022-4,20,127,1,0.00078064012490242,4016
M-2022-4,20,139,1,0.00078064012490242,4017
M-2022-4,20,140,1,0.00078064012490242,4018
M-2022-4,20,147,1,0.00078064012490242,4019
M-2022-4,20,148,1,0.00078064012490242,4020
M-2022-4,20,155,1,0.00078064012490242,4021
M-2022-4,20,158,1,0.00078064012490242,4022
M-2022-4,20,175,1,0.00078064012490242,4023
M-2022-4,172,23,6,0.0007804370447450572,4024
M-2022-4,24,18,8,0.0007802594362625573,4025
M-2022-4,24,136,8,0.0007802594362625573,4026
M-2022-4,138,28,34,0.0007792624510096032,4027
M-2022-4,23,28,10,0.000778816199376947,4028
M-2022-4,51,60,17,0.0007783170039373684,4029
M-2022-4,66,11,4,0.0007768498737618955,4030
M-2022-4,66,28,4,0.0007768498737618955,4031
M-2022-4,66,52,4,0.0007768498737618955,4032
M-2022-4,66,61,4,0.0007768498737618955,4033
M-2022-4,66,87,4,0.0007768498737618955,4034
M-2022-4,66,96,4,0.0007768498737618955,4035
M-2022-4,66,117,4,0.0007768498737618955,4036
M-2022-4,66,162,4,0.0007768498737618955,4037
M-2022-4,66,176,4,0.0007768498737618955,4038
M-2022-4,29,93,23,0.0007756382153576367,4039
M-2022-4,18,110,17,0.0007753352184620998,4040
M-2022-4,18,142,17,0.0007753352184620998,4041
M-2022-4,18,143,17,0.0007753352184620998,4042
M-2022-4,107,138,3,0.000774593338497289,4043
M-2022-4,165,28,4,0.0007727975270479134,4044
M-2022-4,165,83,4,0.0007727975270479134,4045
M-2022-4,165,170,4,0.0007727975270479134,4046
M-2022-4,62,134,12,0.0007717538105344395,4047
M-2022-4,49,156,31,0.0007707608155146694,4048
M-2022-4,175,81,39,0.0007703247214979853,4049
M-2022-4,25,91,42,0.000769837051157505,4050
M-2022-4,25,95,42,0.000769837051157505,4051
M-2022-4,129,23,34,0.0007696312560834823,4052
M-2022-4,129,28,34,0.0007696312560834823,4053
M-2022-4,14,5,8,0.0007691568118450149,4054
M-2022-4,14,10,8,0.0007691568118450149,4055
M-2022-4,14,17,8,0.0007691568118450149,4056
M-2022-4,14,86,8,0.0007691568118450149,4057
M-2022-4,14,110,8,0.0007691568118450149,4058
M-2022-4,14,143,8,0.0007691568118450149,4059
M-2022-4,14,159,8,0.0007691568118450149,4060
M-2022-4,142,2,48,0.0007667241709794901,4061
M-2022-4,117,142,65,0.0007652820947536969,4062
M-2022-4,168,66,3,0.0007645259938837921,4063
M-2022-4,168,99,3,0.0007645259938837921,4064
M-2022-4,168,156,3,0.0007645259938837921,4065
M-2022-4,168,175,3,0.0007645259938837921,4066
M-2022-4,21,2,2,0.0007633587786259542,4067
M-2022-4,21,61,2,0.0007633587786259542,4068
M-2022-4,21,157,2,0.0007633587786259542,4069
M-2022-4,136,63,17,0.0007608987557067407,4070
M-2022-4,74,18,7,0.0007600434310532031,4071
M-2022-4,74,112,7,0.0007600434310532031,4072
M-2022-4,156,71,25,0.0007599477155971669,4073
M-2022-4,156,77,25,0.0007599477155971669,4074
M-2022-4,156,130,25,0.0007599477155971669,4075
M-2022-4,156,134,25,0.0007599477155971669,4076
M-2022-4,156,163,25,0.0007599477155971669,4077
M-2022-4,19,20,10,0.0007584376185058779,4078
M-2022-4,19,71,10,0.0007584376185058779,4079
M-2022-4,19,149,10,0.0007584376185058779,4080
M-2022-4,70,149,2,0.000757002271006813,4081
M-2022-4,70,153,2,0.000757002271006813,4082
M-2022-4,70,175,2,0.000757002271006813,4083
M-2022-4,86,49,21,0.0007565114017075543,4084
M-2022-4,86,136,21,0.0007565114017075543,4085
M-2022-4,124,51,23,0.0007542962088416634,4086
M-2022-4,124,97,23,0.0007542962088416634,4087
M-2022-4,25,14,41,0.0007515075975585168,4088
M-2022-4,99,11,18,0.0007514088916718848,4089
M-2022-4,99,82,18,0.0007514088916718848,4090
M-2022-4,106,2,3,0.0007513148009015778,4091
M-2022-4,106,92,3,0.0007513148009015778,4092
M-2022-4,54,13,5,0.00075041272699985,4093
M-2022-4,54,60,5,0.00075041272699985,4094
M-2022-4,54,115,5,0.00075041272699985,4095
M-2022-4,93,25,26,0.0007468688957830633,4096
M-2022-4,116,2,3,0.0007457121551081282,4097
M-2022-4,116,14,3,0.0007457121551081282,4098
M-2022-4,116,23,3,0.0007457121551081282,4099
M-2022-4,116,25,3,0.0007457121551081282,4100
M-2022-4,116,84,3,0.0007457121551081282,4101
M-2022-4,116,93,3,0.0007457121551081282,4102
M-2022-4,116,119,3,0.0007457121551081282,4103
M-2022-4,116,159,3,0.0007457121551081282,4104
M-2022-4,116,163,3,0.0007457121551081282,4105
M-2022-4,116,166,3,0.0007457121551081282,4106
M-2022-4,60,122,37,0.0007456370158397485,4107
M-2022-4,134,18,8,0.0007450176941702365,4108
M-2022-4,134,136,8,0.0007450176941702365,4109
M-2022-4,134,149,8,0.0007450176941702365,4110
M-2022-4,29,60,22,0.0007419148146899133,4111
M-2022-4,29,96,22,0.0007419148146899133,4112
M-2022-4,29,125,22,0.0007419148146899133,4113
M-2022-4,149,86,55,0.0007412998355662183,4114
M-2022-4,1,93,8,0.0007412898443291327,4115
M-2022-4,1,102,8,0.0007412898443291327,4116
M-2022-4,1,143,8,0.0007412898443291327,4117
M-2022-4,140,158,53,0.0007368069843741312,4118
M-2022-4,132,160,17,0.0007341192727900851,4119
M-2022-4,148,60,5,0.000733998825601879,4120
M-2022-4,148,62,5,0.000733998825601879,4121
M-2022-4,137,25,3,0.0007336757153338225,4122
M-2022-4,137,87,3,0.0007336757153338225,4123
M-2022-4,137,140,3,0.0007336757153338225,4124
M-2022-4,137,156,3,0.0007336757153338225,4125
M-2022-4,137,160,3,0.0007336757153338225,4126
M-2022-4,28,24,12,0.0007332274227056092,4127
M-2022-4,28,162,12,0.0007332274227056092,4128
M-2022-4,6,7,2,0.0007328691828508611,4129
M-2022-4,6,94,2,0.0007328691828508611,4130
M-2022-4,6,170,2,0.0007328691828508611,4131
M-2022-4,6,177,2,0.0007328691828508611,4132
M-2022-4,51,149,16,0.000732533650764582,4133
M-2022-4,55,153,6,0.0007323324789454412,4134
M-2022-4,117,175,62,0.0007299613826881417,4135
M-2022-4,18,68,16,0.0007297272644349174,4136
M-2022-4,156,87,24,0.0007295498069732802,4137
M-2022-4,156,96,24,0.0007295498069732802,4138
M-2022-4,156,143,24,0.0007295498069732802,4139
M-2022-4,59,77,10,0.000728650539201399,4140
M-2022-4,59,82,10,0.000728650539201399,4141
M-2022-4,149,100,54,0.0007278216567377416,4142
M-2022-4,72,49,13,0.0007270693512304251,4143
M-2022-4,140,176,52,0.0007229049658010343,4144
M-2022-4,27,51,14,0.000722170638605179,4145
M-2022-4,124,9,22,0.0007215007215007215,4146
M-2022-4,100,117,22,0.0007212168895882507,4147
M-2022-4,86,18,20,0.0007204870492452898,4148
M-2022-4,117,68,61,0.0007181878119996233,4149
M-2022-4,158,86,9,0.0007174744897959184,4150
M-2022-4,158,136,9,0.0007174744897959184,4151
M-2022-4,158,149,9,0.0007174744897959184,4152
M-2022-4,158,154,9,0.0007174744897959184,4153
M-2022-4,158,163,9,0.0007174744897959184,4154
M-2022-4,158,172,9,0.0007174744897959184,4155
M-2022-4,63,68,8,0.0007173601147776184,4156
M-2022-4,63,88,8,0.0007173601147776184,4157
M-2022-4,63,162,8,0.0007173601147776184,4158
M-2022-4,12,14,2,0.0007173601147776184,4159
M-2022-4,12,88,2,0.0007173601147776184,4160
M-2022-4,12,108,2,0.0007173601147776184,4161
M-2022-4,12,122,2,0.0007173601147776184,4162
M-2022-4,12,129,2,0.0007173601147776184,4163
M-2022-4,12,130,2,0.0007173601147776184,4164
M-2022-4,12,134,2,0.0007173601147776184,4165
M-2022-4,12,142,2,0.0007173601147776184,4166
M-2022-4,12,149,2,0.0007173601147776184,4167
M-2022-4,12,168,2,0.0007173601147776184,4168
M-2022-4,122,97,44,0.0007163090547976427,4169
M-2022-4,136,13,16,0.00071614000537105,4170
M-2022-4,136,132,16,0.00071614000537105,4171
M-2022-4,53,100,7,0.0007161125319693095,4172
M-2022-4,155,53,8,0.000715371546096754,4173
M-2022-4,155,115,8,0.000715371546096754,4174
M-2022-4,155,121,8,0.000715371546096754,4175
M-2022-4,155,131,8,0.000715371546096754,4176
M-2022-4,155,138,8,0.000715371546096754,4177
M-2022-4,155,171,8,0.000715371546096754,4178
M-2022-4,46,11,7,0.0007144315166360481,4179
M-2022-4,46,17,7,0.0007144315166360481,4180
M-2022-4,46,71,7,0.0007144315166360481,4181
M-2022-4,46,72,7,0.0007144315166360481,4182
M-2022-4,46,96,7,0.0007144315166360481,4183
M-2022-4,46,105,7,0.0007144315166360481,4184
M-2022-4,46,135,7,0.0007144315166360481,4185
M-2022-4,87,90,8,0.0007123141305315644,4186
M-2022-4,138,102,31,0.0007105039994499323,4187
M-2022-4,111,16,2,0.0007099751508697196,4188
M-2022-4,111,23,2,0.0007099751508697196,4189
M-2022-4,111,27,2,0.0007099751508697196,4190
M-2022-4,111,41,2,0.0007099751508697196,4191
M-2022-4,111,62,2,0.0007099751508697196,4192
M-2022-4,111,93,2,0.0007099751508697196,4193
M-2022-4,111,94,2,0.0007099751508697196,4194
M-2022-4,111,97,2,0.0007099751508697196,4195
M-2022-4,111,101,2,0.0007099751508697196,4196
M-2022-4,111,116,2,0.0007099751508697196,4197
M-2022-4,111,136,2,0.0007099751508697196,4198
M-2022-4,111,138,2,0.0007099751508697196,4199
M-2022-4,99,77,17,0.000709663953245669,4200
M-2022-4,29,61,21,0.00070819141402219,4201
M-2022-4,62,14,11,0.0007074409929899029,4202
M-2022-4,62,136,11,0.0007074409929899029,4203
M-2022-4,0,2,1,0.0007072135785007072,4204
M-2022-4,0,3,1,0.0007072135785007072,4205
M-2022-4,0,16,1,0.0007072135785007072,4206
M-2022-4,0,24,1,0.0007072135785007072,4207
M-2022-4,0,28,1,0.0007072135785007072,4208
M-2022-4,0,29,1,0.0007072135785007072,4209
M-2022-4,0,33,1,0.0007072135785007072,4210
M-2022-4,0,87,1,0.0007072135785007072,4211
M-2022-4,0,95,1,0.0007072135785007072,4212
M-2022-4,0,115,1,0.0007072135785007072,4213
M-2022-4,0,117,1,0.0007072135785007072,4214
M-2022-4,0,118,1,0.0007072135785007072,4215
M-2022-4,0,122,1,0.0007072135785007072,4216
M-2022-4,0,142,1,0.0007072135785007072,4217
M-2022-4,0,152,1,0.0007072135785007072,4218
M-2022-4,0,155,1,0.0007072135785007072,4219
M-2022-4,174,73,3,0.000706547338671691,4220
M-2022-4,174,102,3,0.000706547338671691,4221
M-2022-4,174,173,3,0.000706547338671691,4222
M-2022-4,171,25,5,0.0007060152499293985,4223
M-2022-4,171,39,5,0.0007060152499293985,4224
M-2022-4,171,53,5,0.0007060152499293985,4225
M-2022-4,171,117,5,0.0007060152499293985,4226
M-2022-4,171,122,5,0.0007060152499293985,4227
M-2022-4,171,158,5,0.0007060152499293985,4228
M-2022-4,130,84,5,0.0007050197405527354,4229
M-2022-4,130,92,5,0.0007050197405527354,4230
M-2022-4,130,106,5,0.0007050197405527354,4231
M-2022-4,91,25,3,0.0007038948850305022,4232
M-2022-4,91,47,3,0.0007038948850305022,4233
M-2022-4,91,98,3,0.0007038948850305022,4234
M-2022-4,91,124,3,0.0007038948850305022,4235
M-2022-4,91,158,3,0.0007038948850305022,4236
M-2022-4,91,174,3,0.0007038948850305022,4237
M-2022-4,142,127,44,0.0007028304900645326,4238
M-2022-4,139,2,2,0.0007027406886858749,4239
M-2022-4,139,11,2,0.0007027406886858749,4240
M-2022-4,139,17,2,0.0007027406886858749,4241
M-2022-4,139,18,2,0.0007027406886858749,4242
M-2022-4,139,28,2,0.0007027406886858749,4243
M-2022-4,139,60,2,0.0007027406886858749,4244
M-2022-4,139,62,2,0.0007027406886858749,4245
M-2022-4,139,71,2,0.0007027406886858749,4246
M-2022-4,139,86,2,0.0007027406886858749,4247
M-2022-4,139,101,2,0.0007027406886858749,4248
M-2022-4,139,132,2,0.0007027406886858749,4249
M-2022-4,139,149,2,0.0007027406886858749,4250
M-2022-4,139,171,2,0.0007027406886858749,4251
M-2022-4,23,129,9,0.0007009345794392523,4252
M-2022-4,23,142,9,0.0007009345794392523,4253
M-2022-4,23,175,9,0.0007009345794392523,4254
M-2022-4,149,133,52,0.0007008652990807882,4255
M-2022-4,17,18,7,0.0006995103427600679,4256
M-2022-4,17,28,7,0.0006995103427600679,4257
M-2022-4,17,51,7,0.0006995103427600679,4258
M-2022-4,17,136,7,0.0006995103427600679,4259
M-2022-4,156,135,23,0.0006991518983493935,4260
M-2022-4,95,25,35,0.000696891862294168,4261
M-2022-4,115,28,16,0.0006963182174253634,4262
M-2022-4,115,149,16,0.0006963182174253634,4263
M-2022-4,115,168,16,0.0006963182174253634,4264
M-2022-4,176,25,3,0.000696217219772569,4265
M-2022-4,176,29,3,0.000696217219772569,4266
M-2022-4,176,30,3,0.000696217219772569,4267
M-2022-4,176,65,3,0.000696217219772569,4268
M-2022-4,176,68,3,0.000696217219772569,4269
M-2022-4,176,72,3,0.000696217219772569,4270
M-2022-4,176,82,3,0.000696217219772569,4271
M-2022-4,176,115,3,0.000696217219772569,4272
M-2022-4,176,135,3,0.000696217219772569,4273
M-2022-4,176,148,3,0.000696217219772569,4274
M-2022-4,176,158,3,0.000696217219772569,4275
M-2022-4,176,159,3,0.000696217219772569,4276
M-2022-4,176,172,3,0.000696217219772569,4277
M-2022-4,83,91,17,0.0006938209125785651,4278
M-2022-4,56,55,7,0.0006934812760055479,4279
M-2022-4,81,79,5,0.0006928086462519052,4280
M-2022-4,101,117,42,0.0006927377987431757,4281
M-2022-4,169,18,2,0.0006918021445866483,4282
M-2022-4,169,20,2,0.0006918021445866483,4283
M-2022-4,169,46,2,0.0006918021445866483,4284
M-2022-4,169,62,2,0.0006918021445866483,4285
M-2022-4,169,158,2,0.0006918021445866483,4286
M-2022-4,93,10,24,0.0006894174422612892,4287
M-2022-4,93,155,24,0.0006894174422612892,4288
M-2022-4,124,8,21,0.0006887052341597796,4289
M-2022-4,68,49,5,0.0006876633200385092,4290
M-2022-4,68,50,5,0.0006876633200385092,4291
M-2022-4,68,63,5,0.0006876633200385092,4292
M-2022-4,68,70,5,0.0006876633200385092,4293
M-2022-4,68,71,5,0.0006876633200385092,4294
M-2022-4,68,75,5,0.0006876633200385092,4295
M-2022-4,138,115,30,0.0006875845155967088,4296
M-2022-4,44,2,2,0.0006872852233676976,4297
M-2022-4,44,63,2,0.0006872852233676976,4298
M-2022-4,44,86,2,0.0006872852233676976,4299
M-2022-4,44,95,2,0.0006872852233676976,4300
M-2022-4,44,102,2,0.0006872852233676976,4301
M-2022-4,44,136,2,0.0006872852233676976,4302
M-2022-4,44,157,2,0.0006872852233676976,4303
M-2022-4,44,171,2,0.0006872852233676976,4304
M-2022-4,142,133,43,0.0006868570698357932,4305
M-2022-4,142,149,43,0.0006868570698357932,4306
M-2022-4,51,96,15,0.0006867502975917956,4307
M-2022-4,108,51,8,0.0006859298636714396,4308
M-2022-4,108,95,8,0.0006859298636714396,4309
M-2022-4,120,17,2,0.0006854009595613434,4310
M-2022-4,120,149,2,0.0006854009595613434,4311
M-2022-4,120,155,2,0.0006854009595613434,4312
M-2022-4,120,156,2,0.0006854009595613434,4313
M-2022-4,120,174,2,0.0006854009595613434,4314
M-2022-4,86,13,19,0.0006844626967830253,4315
M-2022-4,143,17,3,0.0006843065693430657,4316
M-2022-4,143,22,3,0.0006843065693430657,4317
M-2022-4,143,32,3,0.0006843065693430657,4318
M-2022-4,143,50,3,0.0006843065693430657,4319
M-2022-4,143,52,3,0.0006843065693430657,4320
M-2022-4,143,96,3,0.0006843065693430657,4321
M-2022-4,143,99,3,0.0006843065693430657,4322
M-2022-4,143,105,3,0.0006843065693430657,4323
M-2022-4,143,111,3,0.0006843065693430657,4324
M-2022-4,143,130,3,0.0006843065693430657,4325
M-2022-4,143,134,3,0.0006843065693430657,4326
M-2022-4,18,14,15,0.0006841193104077351,4327
M-2022-4,18,82,15,0.0006841193104077351,4328
M-2022-4,39,14,3,0.0006836827711941659,4329
M-2022-4,39,114,3,0.0006836827711941659,4330
M-2022-4,39,155,3,0.0006836827711941659,4331
M-2022-4,39,156,3,0.0006836827711941659,4332
M-2022-4,39,157,3,0.0006836827711941659,4333
M-2022-4,39,171,3,0.0006836827711941659,4334
M-2022-4,117,71,58,0.000682867099934068,4335
M-2022-4,19,1,9,0.0006825938566552901,4336
M-2022-4,19,21,9,0.0006825938566552901,4337
M-2022-4,19,60,9,0.0006825938566552901,4338
M-2022-4,19,68,9,0.0006825938566552901,4339
M-2022-4,19,172,9,0.0006825938566552901,4340
M-2022-4,75,72,19,0.00067712045616536,4341
M-2022-4,153,32,48,0.0006763135276795401,4342
M-2022-4,153,77,48,0.0006763135276795401,4343
M-2022-4,71,76,101,0.0006760012850717498,4344
M-2022-4,97,101,28,0.0006734006734006734,4345
M-2022-4,14,171,7,0.0006730122103643881,4346
M-2022-4,14,172,7,0.0006730122103643881,4347
M-2022-4,28,12,11,0.0006721251374801417,4348
M-2022-4,28,82,11,0.0006721251374801417,4349
M-2022-4,28,91,11,0.0006721251374801417,4350
M-2022-4,28,101,11,0.0006721251374801417,4351
M-2022-4,28,155,11,0.0006721251374801417,4352
M-2022-4,154,17,2,0.000671591672263264,4353
M-2022-4,154,20,2,0.000671591672263264,4354
M-2022-4,154,27,2,0.000671591672263264,4355
M-2022-4,154,29,2,0.000671591672263264,4356
M-2022-4,154,50,2,0.000671591672263264,4357
M-2022-4,154,62,2,0.000671591672263264,4358
M-2022-4,154,66,2,0.000671591672263264,4359
M-2022-4,154,82,2,0.000671591672263264,4360
M-2022-4,154,90,2,0.000671591672263264,4361
M-2022-4,154,115,2,0.000671591672263264,4362
M-2022-4,154,138,2,0.000671591672263264,4363
M-2022-4,154,148,2,0.000671591672263264,4364
M-2022-4,154,165,2,0.000671591672263264,4365
M-2022-4,117,14,57,0.0006710935292455496,4366
M-2022-4,117,19,57,0.0006710935292455496,4367
M-2022-4,117,50,57,0.0006710935292455496,4368
M-2022-4,142,81,42,0.0006708836496070539,4369
M-2022-4,156,23,22,0.0006687539897255069,4370
M-2022-4,156,149,22,0.0006687539897255069,4371
M-2022-4,99,32,16,0.0006679190148194532,4372
M-2022-4,122,175,41,0.0006674698010614398,4373
M-2022-4,127,1,2,0.0006662225183211193,4374
M-2022-4,127,9,2,0.0006662225183211193,4375
M-2022-4,127,24,2,0.0006662225183211193,4376
M-2022-4,127,26,2,0.0006662225183211193,4377
M-2022-4,127,53,2,0.0006662225183211193,4378
M-2022-4,127,66,2,0.0006662225183211193,4379
M-2022-4,127,77,2,0.0006662225183211193,4380
M-2022-4,127,88,2,0.0006662225183211193,4381
M-2022-4,127,96,2,0.0006662225183211193,4382
M-2022-4,127,105,2,0.0006662225183211193,4383
M-2022-4,127,128,2,0.0006662225183211193,4384
M-2022-4,127,134,2,0.0006662225183211193,4385
M-2022-4,127,136,2,0.0006662225183211193,4386
M-2022-4,127,176,2,0.0006662225183211193,4387
M-2022-4,82,49,53,0.0006657538720496426,4388
M-2022-4,133,86,36,0.0006653114026982074,4389
M-2022-4,60,134,33,0.0006650276087219379,4390
M-2022-4,153,61,47,0.0006622236625195497,4391
M-2022-4,93,28,23,0.0006606917155004021,4392
M-2022-4,93,63,23,0.0006606917155004021,4393
M-2022-4,93,86,23,0.0006606917155004021,4394
M-2022-4,50,17,3,0.0006599208095028596,4395
M-2022-4,50,22,3,0.0006599208095028596,4396
M-2022-4,50,23,3,0.0006599208095028596,4397
M-2022-4,50,24,3,0.0006599208095028596,4398
M-2022-4,50,31,3,0.0006599208095028596,4399
M-2022-4,50,67,3,0.0006599208095028596,4400
M-2022-4,50,70,3,0.0006599208095028596,4401
M-2022-4,50,72,3,0.0006599208095028596,4402
M-2022-4,50,95,3,0.0006599208095028596,4403
M-2022-4,50,103,3,0.0006599208095028596,4404
M-2022-4,50,143,3,0.0006599208095028596,4405
M-2022-4,50,172,3,0.0006599208095028596,4406
M-2022-4,50,175,3,0.0006599208095028596,4407
M-2022-4,25,131,36,0.0006598603295635757,4408
M-2022-4,161,93,2,0.0006598482349059716,4409
M-2022-4,161,117,2,0.0006598482349059716,4410
M-2022-4,161,134,2,0.0006598482349059716,4411
M-2022-4,2,16,5,0.0006593696426216537,4412
M-2022-4,2,68,5,0.0006593696426216537,4413
M-2022-4,2,105,5,0.0006593696426216537,4414
M-2022-4,2,159,5,0.0006593696426216537,4415
M-2022-4,2,163,5,0.0006593696426216537,4416
M-2022-4,82,74,52,0.0006531924782373853,4417
M-2022-4,115,162,15,0.0006527983288362782,4418
M-2022-4,57,14,2,0.0006525285481239804,4419
M-2022-4,57,117,2,0.0006525285481239804,4420
M-2022-4,134,25,7,0.000651890482398957,4421
M-2022-4,175,133,33,0.0006518132258829107,4422
M-2022-4,135,9,2,0.0006516780710329097,4423
M-2022-4,135,14,2,0.0006516780710329097,4424
M-2022-4,135,17,2,0.0006516780710329097,4425
M-2022-4,135,24,2,0.0006516780710329097,4426
M-2022-4,135,51,2,0.0006516780710329097,4427
M-2022-4,135,71,2,0.0006516780710329097,4428
M-2022-4,135,148,2,0.0006516780710329097,4429
M-2022-4,74,131,6,0.0006514657980456026,4430
M-2022-4,172,4,5,0.0006503642039542144,4431
M-2022-4,172,27,5,0.0006503642039542144,4432
M-2022-4,172,49,5,0.0006503642039542144,4433
M-2022-4,177,3,1,0.0006493506493506494,4434
M-2022-4,177,27,1,0.0006493506493506494,4435
M-2022-4,177,53,1,0.0006493506493506494,4436
M-2022-4,177,74,1,0.0006493506493506494,4437
M-2022-4,177,117,1,0.0006493506493506494,4438
M-2022-4,177,140,1,0.0006493506493506494,4439
M-2022-4,177,151,1,0.0006493506493506494,4440
M-2022-4,177,156,1,0.0006493506493506494,4441
M-2022-4,177,166,1,0.0006493506493506494,4442
M-2022-4,1,60,7,0.0006486286137879911,4443
M-2022-4,86,12,18,0.0006484383443207608,4444
M-2022-4,132,112,15,0.0006477522995206633,4445
M-2022-4,117,131,55,0.0006475463878685127,4446
M-2022-4,22,75,3,0.0006471095772217428,4447
M-2022-4,22,100,3,0.0006471095772217428,4448
M-2022-4,22,124,3,0.0006471095772217428,4449
M-2022-4,22,136,3,0.0006471095772217428,4450
M-2022-4,22,138,3,0.0006471095772217428,4451
M-2022-4,22,156,3,0.0006471095772217428,4452
M-2022-4,133,29,35,0.000646830530401035,4453
M-2022-4,9,0,1,0.0006464124111182935,4454
M-2022-4,9,3,1,0.0006464124111182935,4455
M-2022-4,9,13,1,0.0006464124111182935,4456
M-2022-4,9,17,1,0.0006464124111182935,4457
M-2022-4,9,24,1,0.0006464124111182935,4458
M-2022-4,9,32,1,0.0006464124111182935,4459
M-2022-4,9,72,1,0.0006464124111182935,4460
M-2022-4,9,77,1,0.0006464124111182935,4461
M-2022-4,9,83,1,0.0006464124111182935,4462
M-2022-4,9,86,1,0.0006464124111182935,4463
M-2022-4,9,87,1,0.0006464124111182935,4464
M-2022-4,9,90,1,0.0006464124111182935,4465
M-2022-4,9,91,1,0.0006464124111182935,4466
M-2022-4,9,97,1,0.0006464124111182935,4467
M-2022-4,9,100,1,0.0006464124111182935,4468
M-2022-4,9,101,1,0.0006464124111182935,4469
M-2022-4,9,118,1,0.0006464124111182935,4470
M-2022-4,9,119,1,0.0006464124111182935,4471
M-2022-4,9,120,1,0.0006464124111182935,4472
M-2022-4,9,126,1,0.0006464124111182935,4473
M-2022-4,9,131,1,0.0006464124111182935,4474
M-2022-4,9,133,1,0.0006464124111182935,4475
M-2022-4,9,135,1,0.0006464124111182935,4476
M-2022-4,9,136,1,0.0006464124111182935,4477
M-2022-4,9,146,1,0.0006464124111182935,4478
M-2022-4,9,150,1,0.0006464124111182935,4479
M-2022-4,9,158,1,0.0006464124111182935,4480
M-2022-4,9,159,1,0.0006464124111182935,4481
M-2022-4,9,160,1,0.0006464124111182935,4482
M-2022-4,9,163,1,0.0006464124111182935,4483
M-2022-4,60,132,32,0.0006448752569424852,4484
M-2022-4,160,11,1,0.000643915003219575,4485
M-2022-4,160,16,1,0.000643915003219575,4486
M-2022-4,160,18,1,0.000643915003219575,4487
M-2022-4,160,41,1,0.000643915003219575,4488
M-2022-4,160,43,1,0.000643915003219575,4489
M-2022-4,160,45,1,0.000643915003219575,4490
M-2022-4,160,56,1,0.000643915003219575,4491
M-2022-4,160,66,1,0.000643915003219575,4492
M-2022-4,160,71,1,0.000643915003219575,4493
M-2022-4,160,87,1,0.000643915003219575,4494
M-2022-4,160,88,1,0.000643915003219575,4495
M-2022-4,160,93,1,0.000643915003219575,4496
M-2022-4,160,110,1,0.000643915003219575,4497
M-2022-4,160,123,1,0.000643915003219575,4498
M-2022-4,160,124,1,0.000643915003219575,4499
M-2022-4,160,137,1,0.000643915003219575,4500
M-2022-4,160,138,1,0.000643915003219575,4501
M-2022-4,160,140,1,0.000643915003219575,4502
M-2022-4,160,144,1,0.000643915003219575,4503
M-2022-4,160,148,1,0.000643915003219575,4504
M-2022-4,160,151,1,0.000643915003219575,4505
M-2022-4,160,154,1,0.000643915003219575,4506
M-2022-4,160,158,1,0.000643915003219575,4507
M-2022-4,160,163,1,0.000643915003219575,4508
M-2022-4,160,172,1,0.000643915003219575,4509
M-2022-4,160,176,1,0.000643915003219575,4510
M-2022-4,62,29,10,0.0006431281754453662,4511
M-2022-4,51,86,14,0.0006409669444190092,4512
M-2022-4,51,134,14,0.0006409669444190092,4513
M-2022-4,29,46,19,0.0006407446126867433,4514
M-2022-4,18,17,14,0.0006385113563805528,4515
M-2022-4,18,24,14,0.0006385113563805528,4516
M-2022-4,156,151,21,0.0006383560811016202,4517
M-2022-4,158,90,8,0.0006377551020408163,4518
M-2022-4,65,130,2,0.0006359300476947536,4519
M-2022-4,65,149,2,0.0006359300476947536,4520
M-2022-4,117,155,54,0.0006357728171799943,4521
M-2022-4,8,1,1,0.0006353240152477764,4522
M-2022-4,8,14,1,0.0006353240152477764,4523
M-2022-4,8,19,1,0.0006353240152477764,4524
M-2022-4,8,20,1,0.0006353240152477764,4525
M-2022-4,8,25,1,0.0006353240152477764,4526
M-2022-4,8,40,1,0.0006353240152477764,4527
M-2022-4,8,49,1,0.0006353240152477764,4528
M-2022-4,8,55,1,0.0006353240152477764,4529
M-2022-4,8,71,1,0.0006353240152477764,4530
M-2022-4,8,72,1,0.0006353240152477764,4531
M-2022-4,8,75,1,0.0006353240152477764,4532
M-2022-4,8,80,1,0.0006353240152477764,4533
M-2022-4,8,86,1,0.0006353240152477764,4534
M-2022-4,8,100,1,0.0006353240152477764,4535
M-2022-4,8,125,1,0.0006353240152477764,4536
M-2022-4,8,130,1,0.0006353240152477764,4537
M-2022-4,8,148,1,0.0006353240152477764,4538
M-2022-4,8,149,1,0.0006353240152477764,4539
M-2022-4,8,155,1,0.0006353240152477764,4540
M-2022-4,8,157,1,0.0006353240152477764,4541
M-2022-4,8,175,1,0.0006353240152477764,4542
M-2022-4,153,23,45,0.0006340439321995689,4543
M-2022-4,163,18,2,0.0006337135614702154,4544
M-2022-4,163,19,2,0.0006337135614702154,4545
M-2022-4,163,20,2,0.0006337135614702154,4546
M-2022-4,163,31,2,0.0006337135614702154,4547
M-2022-4,163,54,2,0.0006337135614702154,4548
M-2022-4,163,66,2,0.0006337135614702154,4549
M-2022-4,163,69,2,0.0006337135614702154,4550
M-2022-4,163,95,2,0.0006337135614702154,4551
M-2022-4,163,96,2,0.0006337135614702154,4552
M-2022-4,163,99,2,0.0006337135614702154,4553
M-2022-4,163,125,2,0.0006337135614702154,4554
M-2022-4,163,131,2,0.0006337135614702154,4555
M-2022-4,163,132,2,0.0006337135614702154,4556
M-2022-4,163,137,2,0.0006337135614702154,4557
M-2022-4,93,175,22,0.0006319659887395151,4558
M-2022-4,159,11,2,0.0006285355122564425,4559
M-2022-4,159,39,2,0.0006285355122564425,4560
M-2022-4,159,45,2,0.0006285355122564425,4561
M-2022-4,159,51,2,0.0006285355122564425,4562
M-2022-4,159,66,2,0.0006285355122564425,4563
M-2022-4,159,69,2,0.0006285355122564425,4564
M-2022-4,159,77,2,0.0006285355122564425,4565
M-2022-4,159,96,2,0.0006285355122564425,4566
M-2022-4,159,97,2,0.0006285355122564425,4567
M-2022-4,159,115,2,0.0006285355122564425,4568
M-2022-4,159,139,2,0.0006285355122564425,4569
M-2022-4,159,158,2,0.0006285355122564425,4570
M-2022-4,159,169,2,0.0006285355122564425,4571
M-2022-4,3,18,1,0.0006277463904582549,4572
M-2022-4,3,50,1,0.0006277463904582549,4573
M-2022-4,3,51,1,0.0006277463904582549,4574
M-2022-4,3,77,1,0.0006277463904582549,4575
M-2022-4,3,91,1,0.0006277463904582549,4576
M-2022-4,3,101,1,0.0006277463904582549,4577
M-2022-4,3,107,1,0.0006277463904582549,4578
M-2022-4,3,111,1,0.0006277463904582549,4579
M-2022-4,3,124,1,0.0006277463904582549,4580
M-2022-4,3,129,1,0.0006277463904582549,4581
M-2022-4,3,170,1,0.0006277463904582549,4582
M-2022-4,3,176,1,0.0006277463904582549,4583
M-2022-4,63,12,7,0.000627690100430416,4584
M-2022-4,63,111,7,0.000627690100430416,4585
M-2022-4,63,144,7,0.000627690100430416,4586
M-2022-4,136,86,14,0.0006266225046996687,4587
M-2022-4,136,124,14,0.0006266225046996687,4588
M-2022-4,99,136,15,0.0006261740763932373,4589
M-2022-4,155,82,7,0.0006259501028346597,4590
M-2022-4,155,104,7,0.0006259501028346597,4591
M-2022-4,155,107,7,0.0006259501028346597,4592
M-2022-4,155,110,7,0.0006259501028346597,4593
M-2022-4,155,172,7,0.0006259501028346597,4594
M-2022-4,146,86,3,0.0006259127894846651,4595
M-2022-4,146,115,3,0.0006259127894846651,4596
M-2022-4,146,161,3,0.0006259127894846651,4597
M-2022-4,60,140,31,0.0006247229051630325,4598
M-2022-4,87,28,7,0.0006232748642151189,4599
M-2022-4,87,49,7,0.0006232748642151189,4600
M-2022-4,87,79,7,0.0006232748642151189,4601
M-2022-4,87,158,7,0.0006232748642151189,4602
M-2022-4,25,163,34,0.0006232014223655993,4603
M-2022-4,23,1,8,0.0006230529595015577,4604
M-2022-4,23,155,8,0.0006230529595015577,4605
M-2022-4,131,28,19,0.0006222775357809583,4606
M-2022-4,149,140,46,0.000619996226109928,4607
M-2022-4,153,111,44,0.0006199540670395785,4608
M-2022-4,27,53,12,0.0006190034045187249,4609
M-2022-4,138,49,27,0.0006188260640370379,4610
M-2022-4,122,115,38,0.0006186305473252369,4611
M-2022-4,122,131,38,0.0006186305473252369,4612
M-2022-4,82,76,49,0.000615508296800613,4613
M-2022-4,53,4,6,0.0006138107416879795,4614
M-2022-4,105,0,3,0.0006128702757916241,4615
M-2022-4,105,33,3,0.0006128702757916241,4616
M-2022-4,105,35,3,0.0006128702757916241,4617
M-2022-4,105,49,3,0.0006128702757916241,4618
M-2022-4,105,50,3,0.0006128702757916241,4619
M-2022-4,105,53,3,0.0006128702757916241,4620
M-2022-4,105,71,3,0.0006128702757916241,4621
M-2022-4,105,82,3,0.0006128702757916241,4622
M-2022-4,105,133,3,0.0006128702757916241,4623
M-2022-4,105,134,3,0.0006128702757916241,4624
M-2022-4,105,151,3,0.0006128702757916241,4625
M-2022-4,105,172,3,0.0006128702757916241,4626
M-2022-4,86,39,17,0.0006124139918584964,4627
M-2022-4,86,82,17,0.0006124139918584964,4628
M-2022-4,46,12,6,0.000612369871402327,4629
M-2022-4,46,63,6,0.000612369871402327,4630
M-2022-4,46,125,6,0.000612369871402327,4631
M-2022-4,83,27,15,0.0006121949228634397,4632
M-2022-4,110,25,6,0.0006117455138662316,4633
M-2022-4,110,69,6,0.0006117455138662316,4634
M-2022-4,110,133,6,0.0006117455138662316,4635
M-2022-4,28,63,10,0.0006110228522546743,4636
M-2022-4,28,118,10,0.0006110228522546743,4637
M-2022-4,55,28,5,0.0006102770657878677,4638
M-2022-4,61,11,12,0.0006098800569221387,4639
M-2022-4,61,12,12,0.0006098800569221387,4640
M-2022-4,61,77,12,0.0006098800569221387,4641
M-2022-4,61,82,12,0.0006098800569221387,4642
M-2022-4,61,134,12,0.0006098800569221387,4643
M-2022-4,115,9,14,0.000609278440247193,4644
M-2022-4,115,63,14,0.000609278440247193,4645
M-2022-4,115,156,14,0.000609278440247193,4646
M-2022-4,156,108,20,0.0006079581724777335,4647
M-2022-4,156,115,20,0.0006079581724777335,4648
M-2022-4,156,125,20,0.0006079581724777335,4649
M-2022-4,29,110,18,0.00060702121201902,4650
M-2022-4,19,51,8,0.0006067500948047023,4651
M-2022-4,19,52,8,0.0006067500948047023,4652
M-2022-4,19,170,8,0.0006067500948047023,4653
M-2022-4,149,143,45,0.0006065180472814513,4654
M-2022-4,25,130,33,0.0006048719687666111,4655
M-2022-4,25,136,33,0.0006048719687666111,4656
M-2022-4,173,24,3,0.0006048387096774194,4657
M-2022-4,173,102,3,0.0006048387096774194,4658
M-2022-4,173,122,3,0.0006048387096774194,4659
M-2022-4,173,129,3,0.0006048387096774194,4660
M-2022-4,173,140,3,0.0006048387096774194,4661
M-2022-4,173,153,3,0.0006048387096774194,4662
M-2022-4,60,138,30,0.0006045705533835799,4663
M-2022-4,164,29,2,0.0006033182503770739,4664
M-2022-4,164,49,2,0.0006033182503770739,4665
M-2022-4,164,130,2,0.0006033182503770739,4666
M-2022-4,164,158,2,0.0006033182503770739,4667
M-2022-4,114,124,2,0.0006007810153199159,4668
M-2022-4,114,138,2,0.0006007810153199159,4669
M-2022-4,117,26,51,0.0006004521051144391,4670
M-2022-4,54,68,4,0.0006003301815998799,4671
M-2022-4,54,134,4,0.0006003301815998799,4672
M-2022-4,108,82,7,0.0006001886307125097,4673
M-2022-4,108,86,7,0.0006001886307125097,4674
M-2022-4,48,96,3,0.0005998800239952009,4675
M-2022-4,17,60,6,0.0005995802937943439,4676
M-2022-4,17,76,6,0.0005995802937943439,4677
M-2022-4,17,134,6,0.0005995802937943439,4678
M-2022-4,140,129,43,0.000597786798643163,4679
M-2022-4,152,3,1,0.0005977286312014345,4680
M-2022-4,152,14,1,0.0005977286312014345,4681
M-2022-4,152,19,1,0.0005977286312014345,4682
M-2022-4,152,22,1,0.0005977286312014345,4683
M-2022-4,152,27,1,0.0005977286312014345,4684
M-2022-4,152,53,1,0.0005977286312014345,4685
M-2022-4,152,71,1,0.0005977286312014345,4686
M-2022-4,152,75,1,0.0005977286312014345,4687
M-2022-4,152,85,1,0.0005977286312014345,4688
M-2022-4,152,94,1,0.0005977286312014345,4689
M-2022-4,152,97,1,0.0005977286312014345,4690
M-2022-4,152,130,1,0.0005977286312014345,4691
M-2022-4,152,140,1,0.0005977286312014345,4692
M-2022-4,152,142,1,0.0005977286312014345,4693
M-2022-4,152,149,1,0.0005977286312014345,4694
M-2022-4,79,72,15,0.0005975619472551988,4695
M-2022-4,49,79,24,0.0005967180507210343,4696
M-2022-4,49,86,24,0.0005967180507210343,4697
M-2022-4,51,53,13,0.0005951835912462229,4698
M-2022-4,51,87,13,0.0005951835912462229,4699
M-2022-4,51,93,13,0.0005951835912462229,4700
M-2022-4,51,133,13,0.0005951835912462229,4701
M-2022-4,113,124,3,0.0005950019833399445,4702
M-2022-4,113,138,3,0.0005950019833399445,4703
M-2022-4,104,10,2,0.0005947071067499256,4704
M-2022-4,104,15,2,0.0005947071067499256,4705
M-2022-4,104,34,2,0.0005947071067499256,4706
M-2022-4,104,44,2,0.0005947071067499256,4707
M-2022-4,104,53,2,0.0005947071067499256,4708
M-2022-4,104,66,2,0.0005947071067499256,4709
M-2022-4,104,93,2,0.0005947071067499256,4710
M-2022-4,104,131,2,0.0005947071067499256,4711
M-2022-4,104,161,2,0.0005947071067499256,4712
M-2022-4,104,169,2,0.0005947071067499256,4713
M-2022-4,104,171,2,0.0005947071067499256,4714
M-2022-4,56,25,6,0.0005944125222904696,4715
M-2022-4,11,10,1,0.0005934718100890207,4716
M-2022-4,11,13,1,0.0005934718100890207,4717
M-2022-4,11,14,1,0.0005934718100890207,4718
M-2022-4,11,17,1,0.0005934718100890207,4719
M-2022-4,11,25,1,0.0005934718100890207,4720
M-2022-4,11,43,1,0.0005934718100890207,4721
M-2022-4,11,51,1,0.0005934718100890207,4722
M-2022-4,11,52,1,0.0005934718100890207,4723
M-2022-4,11,54,1,0.0005934718100890207,4724
M-2022-4,11,64,1,0.0005934718100890207,4725
M-2022-4,11,66,1,0.0005934718100890207,4726
M-2022-4,11,67,1,0.0005934718100890207,4727
M-2022-4,11,68,1,0.0005934718100890207,4728
M-2022-4,11,122,1,0.0005934718100890207,4729
M-2022-4,11,127,1,0.0005934718100890207,4730
M-2022-4,11,140,1,0.0005934718100890207,4731
M-2022-4,11,170,1,0.0005934718100890207,4732
M-2022-4,11,176,1,0.0005934718100890207,4733
M-2022-4,124,12,18,0.0005903187721369539,4734
M-2022-4,124,111,18,0.0005903187721369539,4735
M-2022-4,100,28,18,0.0005900865460267506,4736
M-2022-4,131,175,18,0.0005895260865293289,4737
M-2022-4,123,16,2,0.0005894488653109342,4738
M-2022-4,123,53,2,0.0005894488653109342,4739
M-2022-4,123,64,2,0.0005894488653109342,4740
M-2022-4,123,115,2,0.0005894488653109342,4741
M-2022-4,123,132,2,0.0005894488653109342,4742
M-2022-4,123,143,2,0.0005894488653109342,4743
M-2022-4,117,77,50,0.0005886785344259206,4744
M-2022-4,129,122,26,0.0005885415487697218,4745
M-2022-4,148,11,4,0.0005871990604815032,4746
M-2022-4,148,25,4,0.0005871990604815032,4747
M-2022-4,148,29,4,0.0005871990604815032,4748
M-2022-4,148,39,4,0.0005871990604815032,4749
M-2022-4,148,86,4,0.0005871990604815032,4750
M-2022-4,148,124,4,0.0005871990604815032,4751
M-2022-4,77,117,48,0.0005858516818825367,4752
M-2022-4,24,23,6,0.000585194577196918,4753
M-2022-4,24,117,6,0.000585194577196918,4754
M-2022-4,24,122,6,0.000585194577196918,4755
M-2022-4,24,140,6,0.000585194577196918,4756
M-2022-4,99,60,14,0.0005844291379670215,4757
M-2022-4,99,102,14,0.0005844291379670215,4758
M-2022-4,59,71,8,0.0005829204313611193,4759
M-2022-4,66,31,3,0.0005826374053214216,4760
M-2022-4,66,71,3,0.0005826374053214216,4761
M-2022-4,66,101,3,0.0005826374053214216,4762
M-2022-4,66,102,3,0.0005826374053214216,4763
M-2022-4,66,104,3,0.0005826374053214216,4764
M-2022-4,66,107,3,0.0005826374053214216,4765
M-2022-4,66,111,3,0.0005826374053214216,4766
M-2022-4,66,124,3,0.0005826374053214216,4767
M-2022-4,66,127,3,0.0005826374053214216,4768
M-2022-4,66,142,3,0.0005826374053214216,4769
M-2022-4,66,160,3,0.0005826374053214216,4770
M-2022-4,165,138,3,0.000579598145285935,4771
M-2022-4,149,127,43,0.0005795616896244979,4772
M-2022-4,149,164,43,0.0005795616896244979,4773
M-2022-4,62,77,9,0.0005788153579008296,4774
M-2022-4,156,131,19,0.0005775602638538468,4775
M-2022-4,117,87,49,0.0005769049637374023,4776
M-2022-4,14,6,6,0.0005768676088837611,4777
M-2022-4,14,15,6,0.0005768676088837611,4778
M-2022-4,14,78,6,0.0005768676088837611,4779
M-2022-4,86,129,16,0.0005763896393962319,4780
M-2022-4,86,138,16,0.0005763896393962319,4781
M-2022-4,71,73,86,0.0005756050546155494,4782
M-2022-4,93,117,20,0.000574514535217741,4783
M-2022-4,93,122,20,0.000574514535217741,4784
M-2022-4,29,153,17,0.0005732978113512967,4785
M-2022-4,175,149,29,0.0005728055621395275,4786
M-2022-4,49,67,23,0.0005718547986076579,4787
M-2022-4,76,25,6,0.0005701796065760715,4788
M-2022-4,76,49,6,0.0005701796065760715,4789
M-2022-4,76,149,6,0.0005701796065760715,4790
M-2022-4,122,93,35,0.000569791293589034,4791
M-2022-4,25,172,31,0.0005682130615686347,4792
M-2022-4,125,13,2,0.0005678591709256105,4793
M-2022-4,125,28,2,0.0005678591709256105,4794
M-2022-4,125,51,2,0.0005678591709256105,4795
M-2022-4,125,60,2,0.0005678591709256105,4796
M-2022-4,125,64,2,0.0005678591709256105,4797
M-2022-4,125,68,2,0.0005678591709256105,4798
M-2022-4,125,71,2,0.0005678591709256105,4799
M-2022-4,125,86,2,0.0005678591709256105,4800
M-2022-4,125,112,2,0.0005678591709256105,4801
M-2022-4,125,130,2,0.0005678591709256105,4802
M-2022-4,125,132,2,0.0005678591709256105,4803
M-2022-4,125,135,2,0.0005678591709256105,4804
M-2022-4,125,136,2,0.0005678591709256105,4805
M-2022-4,125,140,2,0.0005678591709256105,4806
M-2022-4,125,150,2,0.0005678591709256105,4807
M-2022-4,125,155,2,0.0005678591709256105,4808
M-2022-4,125,162,2,0.0005678591709256105,4809
M-2022-4,125,168,2,0.0005678591709256105,4810
M-2022-4,125,171,2,0.0005678591709256105,4811
M-2022-4,27,28,11,0.0005674197874754978,4812
M-2022-4,129,143,25,0.0005659053353555017,4813
M-2022-4,115,42,13,0.0005657585516581077,4814
M-2022-4,115,122,13,0.0005657585516581077,4815
M-2022-4,117,103,48,0.0005651313930488839,4816
M-2022-4,117,170,48,0.0005651313930488839,4817
M-2022-4,171,1,4,0.0005648121999435188,4818
M-2022-4,171,77,4,0.0005648121999435188,4819
M-2022-4,171,134,4,0.0005648121999435188,4820
M-2022-4,171,148,4,0.0005648121999435188,4821
M-2022-4,171,154,4,0.0005648121999435188,4822
M-2022-4,130,39,4,0.0005640157924421884,4823
M-2022-4,130,61,4,0.0005640157924421884,4824
M-2022-4,130,167,4,0.0005640157924421884,4825
M-2022-4,102,100,45,0.0005632674519032182,4826
M-2022-4,132,63,13,0.0005613853262512415,4827
M-2022-4,103,2,1,0.0005595970900951316,4828
M-2022-4,103,11,1,0.0005595970900951316,4829
M-2022-4,103,17,1,0.0005595970900951316,4830
M-2022-4,103,19,1,0.0005595970900951316,4831
M-2022-4,103,41,1,0.0005595970900951316,4832
M-2022-4,103,47,1,0.0005595970900951316,4833
M-2022-4,103,50,1,0.0005595970900951316,4834
M-2022-4,103,71,1,0.0005595970900951316,4835
M-2022-4,103,83,1,0.0005595970900951316,4836
M-2022-4,103,120,1,0.0005595970900951316,4837
M-2022-4,103,131,1,0.0005595970900951316,4838
M-2022-4,103,136,1,0.0005595970900951316,4839
M-2022-4,103,137,1,0.0005595970900951316,4840
M-2022-4,103,142,1,0.0005595970900951316,4841
M-2022-4,103,170,1,0.0005595970900951316,4842
M-2022-4,103,171,1,0.0005595970900951316,4843
M-2022-4,72,76,10,0.0005592841163310962,4844
M-2022-4,142,122,35,0.0005590697080058782,4845
M-2022-4,61,117,11,0.0005590567188452938,4846
M-2022-4,134,23,6,0.0005587632706276774,4847
M-2022-4,134,60,6,0.0005587632706276774,4848
M-2022-4,134,62,6,0.0005587632706276774,4849
M-2022-4,134,122,6,0.0005587632706276774,4850
M-2022-4,158,2,7,0.0005580357142857143,4851
M-2022-4,158,50,7,0.0005580357142857143,4852
M-2022-4,95,2,28,0.0005575134898353344,4853
M-2022-4,100,149,17,0.0005573039601363756,4854
M-2022-4,131,60,17,0.0005567746372776996,4855
M-2022-4,131,149,17,0.0005567746372776996,4856
M-2022-4,1,17,6,0.0005559673832468495,4857
M-2022-4,1,49,6,0.0005559673832468495,4858
M-2022-4,1,50,6,0.0005559673832468495,4859
M-2022-4,1,86,6,0.0005559673832468495,4860
M-2022-4,1,112,6,0.0005559673832468495,4861
M-2022-4,1,158,6,0.0005559673832468495,4862
M-2022-4,81,153,4,0.0005542469170015242,4863
M-2022-4,97,164,23,0.0005531505531505531,4864
M-2022-4,68,19,4,0.0005501306560308073,4865
M-2022-4,68,24,4,0.0005501306560308073,4866
M-2022-4,68,67,4,0.0005501306560308073,4867
M-2022-4,68,69,4,0.0005501306560308073,4868
M-2022-4,68,82,4,0.0005501306560308073,4869
M-2022-4,68,101,4,0.0005501306560308073,4870
M-2022-4,68,110,4,0.0005501306560308073,4871
M-2022-4,138,61,24,0.000550067612477367,4872
M-2022-4,138,136,24,0.000550067612477367,4873
M-2022-4,28,31,9,0.0005499205670292069,4874
M-2022-4,28,59,9,0.0005499205670292069,4875
M-2022-4,28,95,9,0.0005499205670292069,4876
M-2022-4,28,112,9,0.0005499205670292069,4877
M-2022-4,28,168,9,0.0005499205670292069,4878
M-2022-4,144,1,2,0.0005491488193300384,4879
M-2022-4,144,45,2,0.0005491488193300384,4880
M-2022-4,144,115,2,0.0005491488193300384,4881
M-2022-4,18,28,12,0.0005472954483261881,4882
M-2022-4,18,77,12,0.0005472954483261881,4883
M-2022-4,18,171,12,0.0005472954483261881,4884
M-2022-4,93,18,19,0.0005457888084568539,4885
M-2022-4,23,134,7,0.0005451713395638629,4886
M-2022-4,23,154,7,0.0005451713395638629,4887
M-2022-4,42,14,1,0.000543773790103317,4888
M-2022-4,42,19,1,0.000543773790103317,4889
M-2022-4,42,25,1,0.000543773790103317,4890
M-2022-4,42,31,1,0.000543773790103317,4891
M-2022-4,42,33,1,0.000543773790103317,4892
M-2022-4,42,49,1,0.000543773790103317,4893
M-2022-4,42,61,1,0.000543773790103317,4894
M-2022-4,42,66,1,0.000543773790103317,4895
M-2022-4,42,69,1,0.000543773790103317,4896
M-2022-4,42,86,1,0.000543773790103317,4897
M-2022-4,42,93,1,0.000543773790103317,4898
M-2022-4,42,112,1,0.000543773790103317,4899
M-2022-4,42,122,1,0.000543773790103317,4900
M-2022-4,42,134,1,0.000543773790103317,4901
M-2022-4,42,142,1,0.000543773790103317,4902
M-2022-4,42,156,1,0.000543773790103317,4903
M-2022-4,42,166,1,0.000543773790103317,4904
M-2022-4,74,122,5,0.0005428881650380022,4905
M-2022-4,74,156,5,0.0005428881650380022,4906
M-2022-4,99,71,13,0.0005426841995408056,4907
M-2022-4,99,118,13,0.0005426841995408056,4908
M-2022-4,99,131,13,0.0005426841995408056,4909
M-2022-4,86,68,15,0.0005403652869339674,4910
M-2022-4,29,88,16,0.0005395744106835733,4911
M-2022-4,29,101,16,0.0005395744106835733,4912
M-2022-4,102,103,43,0.0005382333429297417,4913
M-2022-4,63,159,6,0.0005380200860832137,4914
M-2022-4,136,75,12,0.0005371050040282875,4915
M-2022-4,155,1,6,0.0005365286595725655,4916
M-2022-4,155,11,6,0.0005365286595725655,4917
M-2022-4,155,19,6,0.0005365286595725655,4918
M-2022-4,155,32,6,0.0005365286595725655,4919
M-2022-4,155,42,6,0.0005365286595725655,4920
M-2022-4,155,99,6,0.0005365286595725655,4921
M-2022-4,155,105,6,0.0005365286595725655,4922
M-2022-4,155,122,6,0.0005365286595725655,4923
M-2022-4,155,159,6,0.0005365286595725655,4924
M-2022-4,109,14,1,0.0005356186395286556,4925
M-2022-4,109,25,1,0.0005356186395286556,4926
M-2022-4,109,51,1,0.0005356186395286556,4927
M-2022-4,109,53,1,0.0005356186395286556,4928
M-2022-4,109,61,1,0.0005356186395286556,4929
M-2022-4,109,83,1,0.0005356186395286556,4930
M-2022-4,109,124,1,0.0005356186395286556,4931
M-2022-4,109,134,1,0.0005356186395286556,4932
M-2022-4,109,140,1,0.0005356186395286556,4933
M-2022-4,109,149,1,0.0005356186395286556,4934
M-2022-4,109,172,1,0.0005356186395286556,4935
M-2022-4,4,53,2,0.0005351886540005352,4936
M-2022-4,4,90,2,0.0005351886540005352,4937
M-2022-4,4,91,2,0.0005351886540005352,4938
M-2022-4,4,97,2,0.0005351886540005352,4939
M-2022-4,4,132,2,0.0005351886540005352,4940
M-2022-4,4,158,2,0.0005351886540005352,4941
M-2022-4,4,172,2,0.0005351886540005352,4942
M-2022-4,4,176,2,0.0005351886540005352,4943
M-2022-4,75,124,15,0.0005345687811831789,4944
M-2022-4,87,50,6,0.0005342355978986733,4945
M-2022-4,118,49,2,0.0005319148936170213,4946
M-2022-4,118,79,2,0.0005319148936170213,4947
M-2022-4,118,87,2,0.0005319148936170213,4948
M-2022-4,118,111,2,0.0005319148936170213,4949
M-2022-4,118,121,2,0.0005319148936170213,4950
M-2022-4,118,140,2,0.0005319148936170213,4951
M-2022-4,118,150,2,0.0005319148936170213,4952
M-2022-4,25,133,29,0.0005315541543706582,4953
M-2022-4,19,28,7,0.0005309063329541145,4954
M-2022-4,19,79,7,0.0005309063329541145,4955
M-2022-4,19,86,7,0.0005309063329541145,4956
M-2022-4,19,148,7,0.0005309063329541145,4957
M-2022-4,83,93,13,0.0005305689331483144,4958
M-2022-4,170,6,2,0.0005299417064122947,4959
M-2022-4,170,57,2,0.0005299417064122947,4960
M-2022-4,170,63,2,0.0005299417064122947,4961
M-2022-4,170,95,2,0.0005299417064122947,4962
M-2022-4,170,97,2,0.0005299417064122947,4963
M-2022-4,170,131,2,0.0005299417064122947,4964
M-2022-4,170,141,2,0.0005299417064122947,4965
M-2022-4,140,79,38,0.000528276705777679,4966
M-2022-4,2,29,4,0.0005274957140973229,4967
M-2022-4,2,73,4,0.0005274957140973229,4968
M-2022-4,2,78,4,0.0005274957140973229,4969
M-2022-4,2,103,4,0.0005274957140973229,4970
M-2022-4,2,115,4,0.0005274957140973229,4971
M-2022-4,2,125,4,0.0005274957140973229,4972
M-2022-4,2,132,4,0.0005274957140973229,4973
M-2022-4,2,147,4,0.0005274957140973229,4974
M-2022-4,2,171,4,0.0005274957140973229,4975
M-2022-4,138,86,23,0.0005271481286241434,4976
M-2022-4,124,125,16,0.0005247277974550702,4977
M-2022-4,124,158,16,0.0005247277974550702,4978
M-2022-4,131,49,16,0.0005240231880260702,4979
M-2022-4,131,136,16,0.0005240231880260702,4980
M-2022-4,60,17,26,0.0005239611462657692,4981
M-2022-4,60,25,26,0.0005239611462657692,4982
M-2022-4,90,53,4,0.0005239030779305828,4983
M-2022-4,90,97,4,0.0005239030779305828,4984
M-2022-4,90,110,4,0.0005239030779305828,4985
M-2022-4,90,130,4,0.0005239030779305828,4986
M-2022-4,90,133,4,0.0005239030779305828,4987
M-2022-4,112,23,2,0.0005232862375719519,4988
M-2022-4,112,24,2,0.0005232862375719519,4989
M-2022-4,112,29,2,0.0005232862375719519,4990
M-2022-4,112,35,2,0.0005232862375719519,4991
M-2022-4,112,43,2,0.0005232862375719519,4992
M-2022-4,112,45,2,0.0005232862375719519,4993
M-2022-4,112,69,2,0.0005232862375719519,4994
M-2022-4,112,96,2,0.0005232862375719519,4995
M-2022-4,112,116,2,0.0005232862375719519,4996
M-2022-4,112,171,2,0.0005232862375719519,4997
M-2022-4,115,147,12,0.0005222386630690225,4998
M-2022-4,49,17,21,0.000522128294380905,4999
M-2022-4,49,129,21,0.000522128294380905,5000
M-2022-4,47,65,2,0.0005209690023443605,5001
M-2022-4,47,77,2,0.0005209690023443605,5002
M-2022-4,47,83,2,0.0005209690023443605,5003
M-2022-4,47,170,2,0.0005209690023443605,5004
M-2022-4,122,9,32,0.0005209520398528311,5005
M-2022-4,129,155,23,0.0005206329085270616,5006
M-2022-4,172,14,4,0.0005202913631633715,5007
M-2022-4,172,68,4,0.0005202913631633715,5008
M-2022-4,172,116,4,0.0005202913631633715,5009
M-2022-4,172,124,4,0.0005202913631633715,5010
M-2022-4,172,143,4,0.0005202913631633715,5011
M-2022-4,172,155,4,0.0005202913631633715,5012
M-2022-4,132,2,12,0.0005182018396165306,5013
M-2022-4,117,100,44,0.0005180371102948102,5014
M-2022-4,107,53,2,0.0005163955589981926,5015
M-2022-4,107,83,2,0.0005163955589981926,5016
M-2022-4,107,101,2,0.0005163955589981926,5017
M-2022-4,62,45,8,0.000514502540356293,5018
M-2022-4,62,82,8,0.000514502540356293,5019
M-2022-4,62,100,8,0.000514502540356293,5020
M-2022-4,62,101,8,0.000514502540356293,5021
M-2022-4,62,124,8,0.000514502540356293,5022
M-2022-4,62,138,8,0.000514502540356293,5023
M-2022-4,108,25,6,0.0005144473977535797,5024
M-2022-4,108,31,6,0.0005144473977535797,5025
M-2022-4,108,77,6,0.0005144473977535797,5026
M-2022-4,108,79,6,0.0005144473977535797,5027
M-2022-4,140,141,37,0.0005143746872045821,5028
M-2022-4,175,124,26,0.0005135498143319902,5029
M-2022-4,73,140,15,0.0005135051864023827,5030
M-2022-4,25,2,28,0.00051322470077167,5031
M-2022-4,149,82,38,0.0005121707954821145,5032
M-2022-4,53,23,5,0.0005115089514066496,5033
M-2022-4,53,122,5,0.0005115089514066496,5034
M-2022-4,53,142,5,0.0005115089514066496,5035
M-2022-4,53,143,5,0.0005115089514066496,5036
M-2022-4,46,50,5,0.0005103082261686059,5037
M-2022-4,46,104,5,0.0005103082261686059,5038
M-2022-4,46,154,5,0.0005103082261686059,5039
M-2022-4,59,111,7,0.0005100553774409793,5040
M-2022-4,110,39,5,0.0005097879282218597,5041
M-2022-4,110,56,5,0.0005097879282218597,5042
M-2022-4,110,82,5,0.0005097879282218597,5043
M-2022-4,110,86,5,0.0005097879282218597,5044
M-2022-4,110,104,5,0.0005097879282218597,5045
M-2022-4,110,112,5,0.0005097879282218597,5046
M-2022-4,110,166,5,0.0005097879282218597,5047
M-2022-4,168,18,2,0.0005096839959225281,5048
M-2022-4,168,29,2,0.0005096839959225281,5049
M-2022-4,168,39,2,0.0005096839959225281,5050
M-2022-4,168,46,2,0.0005096839959225281,5051
M-2022-4,168,60,2,0.0005096839959225281,5052
M-2022-4,168,61,2,0.0005096839959225281,5053
M-2022-4,168,63,2,0.0005096839959225281,5054
M-2022-4,168,69,2,0.0005096839959225281,5055
M-2022-4,168,72,2,0.0005096839959225281,5056
M-2022-4,168,78,2,0.0005096839959225281,5057
M-2022-4,168,82,2,0.0005096839959225281,5058
M-2022-4,168,96,2,0.0005096839959225281,5059
M-2022-4,168,104,2,0.0005096839959225281,5060
M-2022-4,168,144,2,0.0005096839959225281,5061
M-2022-4,168,146,2,0.0005096839959225281,5062
M-2022-4,168,149,2,0.0005096839959225281,5063
M-2022-4,168,151,2,0.0005096839959225281,5064
M-2022-4,168,155,2,0.0005096839959225281,5065
M-2022-4,168,169,2,0.0005096839959225281,5066
M-2022-4,61,46,10,0.0005082333807684489,5067
M-2022-4,61,53,10,0.0005082333807684489,5068
M-2022-4,61,71,10,0.0005082333807684489,5069
M-2022-4,153,19,36,0.0005072351457596551,5070
M-2022-4,153,28,36,0.0005072351457596551,5071
M-2022-4,153,176,36,0.0005072351457596551,5072
M-2022-4,122,68,31,0.0005046722886074301,5073
M-2022-4,86,71,14,0.0005043409344717029,5074
M-2022-4,86,78,14,0.0005043409344717029,5075
M-2022-4,86,99,14,0.0005043409344717029,5076
M-2022-4,138,46,22,0.0005042286447709197,5077
M-2022-4,51,139,11,0.0005036168849006502,5078
M-2022-4,72,73,9,0.0005033557046979866,5079
M-2022-4,72,117,9,0.0005033557046979866,5080
M-2022-4,37,8,1,0.0005027652086475615,5081
M-2022-4,37,9,1,0.0005027652086475615,5082
M-2022-4,37,28,1,0.0005027652086475615,5083
M-2022-4,37,34,1,0.0005027652086475615,5084
M-2022-4,37,41,1,0.0005027652086475615,5085
M-2022-4,37,49,1,0.0005027652086475615,5086
M-2022-4,37,54,1,0.0005027652086475615,5087
M-2022-4,37,60,1,0.0005027652086475615,5088
M-2022-4,37,83,1,0.0005027652086475615,5089
M-2022-4,37,95,1,0.0005027652086475615,5090
M-2022-4,37,112,1,0.0005027652086475615,5091
M-2022-4,37,125,1,0.0005027652086475615,5092
M-2022-4,37,130,1,0.0005027652086475615,5093
M-2022-4,37,136,1,0.0005027652086475615,5094
M-2022-4,37,143,1,0.0005027652086475615,5095
M-2022-4,37,153,1,0.0005027652086475615,5096
M-2022-4,37,162,1,0.0005027652086475615,5097
M-2022-4,31,25,4,0.0005016932145992726,5098
M-2022-4,31,68,4,0.0005016932145992726,5099
M-2022-4,31,73,4,0.0005016932145992726,5100
M-2022-4,31,86,4,0.0005016932145992726,5101
M-2022-4,18,2,11,0.0005016874942990057,5102
M-2022-4,18,136,11,0.0005016874942990057,5103
M-2022-4,18,151,11,0.0005016874942990057,5104
M-2022-4,99,49,12,0.0005009392611145899,5105
M-2022-4,99,61,12,0.0005009392611145899,5106
M-2022-4,106,130,2,0.0005008765339343851,5107
M-2022-4,106,149,2,0.0005008765339343851,5108
M-2022-4,106,158,2,0.0005008765339343851,5109
M-2022-4,17,83,5,0.00049965024482862,5110
M-2022-4,133,117,27,0.0004989835520236556,5111
M-2022-4,133,135,27,0.0004989835520236556,5112
M-2022-4,75,78,14,0.0004989308624376336,5113
M-2022-4,16,26,1,0.00049800796812749,5114
M-2022-4,16,33,1,0.00049800796812749,5115
M-2022-4,16,42,1,0.00049800796812749,5116
M-2022-4,16,45,1,0.00049800796812749,5117
M-2022-4,16,54,1,0.00049800796812749,5118
M-2022-4,16,65,1,0.00049800796812749,5119
M-2022-4,16,68,1,0.00049800796812749,5120
M-2022-4,16,72,1,0.00049800796812749,5121
M-2022-4,16,74,1,0.00049800796812749,5122
M-2022-4,16,89,1,0.00049800796812749,5123
M-2022-4,16,98,1,0.00049800796812749,5124
M-2022-4,16,102,1,0.00049800796812749,5125
M-2022-4,16,112,1,0.00049800796812749,5126
M-2022-4,16,120,1,0.00049800796812749,5127
M-2022-4,16,125,1,0.00049800796812749,5128
M-2022-4,16,137,1,0.00049800796812749,5129
M-2022-4,16,150,1,0.00049800796812749,5130
M-2022-4,16,159,1,0.00049800796812749,5131
M-2022-4,16,168,1,0.00049800796812749,5132
M-2022-4,16,174,1,0.00049800796812749,5133
M-2022-4,49,29,20,0.0004972650422675286,5134
M-2022-4,116,1,2,0.0004971414367387521,5135
M-2022-4,116,19,2,0.0004971414367387521,5136
M-2022-4,116,73,2,0.0004971414367387521,5137
M-2022-4,116,86,2,0.0004971414367387521,5138
M-2022-4,116,108,2,0.0004971414367387521,5139
M-2022-4,116,121,2,0.0004971414367387521,5140
M-2022-4,116,126,2,0.0004971414367387521,5141
M-2022-4,116,127,2,0.0004971414367387521,5142
M-2022-4,116,131,2,0.0004971414367387521,5143
M-2022-4,116,132,2,0.0004971414367387521,5144
M-2022-4,56,49,5,0.0004953437685753913,5145
M-2022-4,56,153,5,0.0004953437685753913,5146
M-2022-4,10,24,1,0.0004950495049504951,5147
M-2022-4,10,46,1,0.0004950495049504951,5148
M-2022-4,10,71,1,0.0004950495049504951,5149
M-2022-4,10,86,1,0.0004950495049504951,5150
M-2022-4,10,95,1,0.0004950495049504951,5151
M-2022-4,10,114,1,0.0004950495049504951,5152
M-2022-4,10,133,1,0.0004950495049504951,5153
M-2022-4,10,139,1,0.0004950495049504951,5154
M-2022-4,10,153,1,0.0004950495049504951,5155
M-2022-4,10,168,1,0.0004950495049504951,5156
M-2022-4,10,172,1,0.0004950495049504951,5157
M-2022-4,10,176,1,0.0004950495049504951,5158
M-2022-4,151,6,1,0.0004948045522018803,5159
M-2022-4,151,20,1,0.0004948045522018803,5160
M-2022-4,151,23,1,0.0004948045522018803,5161
M-2022-4,151,25,1,0.0004948045522018803,5162
M-2022-4,151,62,1,0.0004948045522018803,5163
M-2022-4,151,71,1,0.0004948045522018803,5164
M-2022-4,151,73,1,0.0004948045522018803,5165
M-2022-4,151,77,1,0.0004948045522018803,5166
M-2022-4,151,85,1,0.0004948045522018803,5167
M-2022-4,151,87,1,0.0004948045522018803,5168
M-2022-4,151,111,1,0.0004948045522018803,5169
M-2022-4,151,127,1,0.0004948045522018803,5170
M-2022-4,151,131,1,0.0004948045522018803,5171
M-2022-4,151,139,1,0.0004948045522018803,5172
M-2022-4,151,141,1,0.0004948045522018803,5173
M-2022-4,151,148,1,0.0004948045522018803,5174
M-2022-4,151,155,1,0.0004948045522018803,5175
M-2022-4,151,157,1,0.0004948045522018803,5176
M-2022-4,151,171,1,0.0004948045522018803,5177
M-2022-4,151,176,1,0.0004948045522018803,5178
M-2022-4,151,177,1,0.0004948045522018803,5179
M-2022-4,141,2,1,0.0004945598417408506,5180
M-2022-4,141,17,1,0.0004945598417408506,5181
M-2022-4,141,20,1,0.0004945598417408506,5182
M-2022-4,141,25,1,0.0004945598417408506,5183
M-2022-4,141,29,1,0.0004945598417408506,5184
M-2022-4,141,45,1,0.0004945598417408506,5185
M-2022-4,141,50,1,0.0004945598417408506,5186
M-2022-4,141,86,1,0.0004945598417408506,5187
M-2022-4,141,96,1,0.0004945598417408506,5188
M-2022-4,141,105,1,0.0004945598417408506,5189
M-2022-4,141,116,1,0.0004945598417408506,5190
M-2022-4,141,125,1,0.0004945598417408506,5191
M-2022-4,141,131,1,0.0004945598417408506,5192
M-2022-4,141,134,1,0.0004945598417408506,5193
M-2022-4,141,135,1,0.0004945598417408506,5194
M-2022-4,141,166,1,0.0004945598417408506,5195
M-2022-4,141,170,1,0.0004945598417408506,5196
M-2022-4,141,172,1,0.0004945598417408506,5197
M-2022-4,117,115,42,0.0004944899689177734,5198
M-2022-4,153,14,35,0.0004931452805996647,5199
M-2022-4,153,126,35,0.0004931452805996647,5200
M-2022-4,153,131,35,0.0004931452805996647,5201
M-2022-4,80,153,3,0.0004921259842519685,5202
M-2022-4,30,122,4,0.0004919444102816382,5203
M-2022-4,124,50,15,0.0004919323101141283,5204
M-2022-4,124,93,15,0.0004919323101141283,5205
M-2022-4,124,101,15,0.0004919323101141283,5206
M-2022-4,100,25,15,0.0004917387883556255,5207
M-2022-4,83,2,12,0.0004897559382907518,5208
M-2022-4,83,154,12,0.0004897559382907518,5209
M-2022-4,43,16,1,0.0004897159647404506,5210
M-2022-4,43,20,1,0.0004897159647404506,5211
M-2022-4,43,22,1,0.0004897159647404506,5212
M-2022-4,43,24,1,0.0004897159647404506,5213
M-2022-4,43,28,1,0.0004897159647404506,5214
M-2022-4,43,29,1,0.0004897159647404506,5215
M-2022-4,43,46,1,0.0004897159647404506,5216
M-2022-4,43,50,1,0.0004897159647404506,5217
M-2022-4,43,60,1,0.0004897159647404506,5218
M-2022-4,43,62,1,0.0004897159647404506,5219
M-2022-4,43,75,1,0.0004897159647404506,5220
M-2022-4,43,78,1,0.0004897159647404506,5221
M-2022-4,43,82,1,0.0004897159647404506,5222
M-2022-4,43,93,1,0.0004897159647404506,5223
M-2022-4,43,104,1,0.0004897159647404506,5224
M-2022-4,43,122,1,0.0004897159647404506,5225
M-2022-4,43,123,1,0.0004897159647404506,5226
M-2022-4,43,126,1,0.0004897159647404506,5227
M-2022-4,43,129,1,0.0004897159647404506,5228
M-2022-4,43,134,1,0.0004897159647404506,5229
M-2022-4,43,135,1,0.0004897159647404506,5230
M-2022-4,43,140,1,0.0004897159647404506,5231
M-2022-4,43,144,1,0.0004897159647404506,5232
M-2022-4,43,151,1,0.0004897159647404506,5233
M-2022-4,43,158,1,0.0004897159647404506,5234
M-2022-4,43,166,1,0.0004897159647404506,5235
M-2022-4,43,168,1,0.0004897159647404506,5236
M-2022-4,43,170,1,0.0004897159647404506,5237
M-2022-4,137,16,2,0.0004891171435558817,5238
M-2022-4,137,32,2,0.0004891171435558817,5239
M-2022-4,137,63,2,0.0004891171435558817,5240
M-2022-4,137,73,2,0.0004891171435558817,5241
M-2022-4,137,79,2,0.0004891171435558817,5242
M-2022-4,137,101,2,0.0004891171435558817,5243
M-2022-4,137,129,2,0.0004891171435558817,5244
M-2022-4,137,142,2,0.0004891171435558817,5245
M-2022-4,137,149,2,0.0004891171435558817,5246
M-2022-4,28,18,8,0.0004888182818037394,5247
M-2022-4,28,68,8,0.0004888182818037394,5248
M-2022-4,28,90,8,0.0004888182818037394,5249
M-2022-4,28,175,8,0.0004888182818037394,5250
M-2022-4,122,123,30,0.0004883925373620292,5251
M-2022-4,93,124,17,0.0004883373549350798,5252
M-2022-4,55,51,4,0.00048822165263029415,5253
M-2022-4,55,117,4,0.00048822165263029415,5254
M-2022-4,55,158,4,0.00048822165263029415,5255
M-2022-4,24,28,5,0.0004876621476640983,5256
M-2022-4,140,149,35,0.0004865706500583885,5257
M-2022-4,156,29,16,0.0004863665379821868,5258
M-2022-4,156,157,16,0.0004863665379821868,5259
M-2022-4,117,49,41,0.00048271639822925497,5260
M-2022-4,157,9,1,0.00048192771084337347,5261
M-2022-4,157,11,1,0.00048192771084337347,5262
M-2022-4,157,14,1,0.00048192771084337347,5263
M-2022-4,157,20,1,0.00048192771084337347,5264
M-2022-4,157,23,1,0.00048192771084337347,5265
M-2022-4,157,43,1,0.00048192771084337347,5266
M-2022-4,157,49,1,0.00048192771084337347,5267
M-2022-4,157,50,1,0.00048192771084337347,5268
M-2022-4,157,60,1,0.00048192771084337347,5269
M-2022-4,157,66,1,0.00048192771084337347,5270
M-2022-4,157,75,1,0.00048192771084337347,5271
M-2022-4,157,79,1,0.00048192771084337347,5272
M-2022-4,157,85,1,0.00048192771084337347,5273
M-2022-4,157,87,1,0.00048192771084337347,5274
M-2022-4,157,110,1,0.00048192771084337347,5275
M-2022-4,157,116,1,0.00048192771084337347,5276
M-2022-4,157,122,1,0.00048192771084337347,5277
M-2022-4,157,127,1,0.00048192771084337347,5278
M-2022-4,157,137,1,0.00048192771084337347,5279
M-2022-4,157,138,1,0.00048192771084337347,5280
M-2022-4,157,139,1,0.00048192771084337347,5281
M-2022-4,157,140,1,0.00048192771084337347,5282
M-2022-4,157,141,1,0.00048192771084337347,5283
M-2022-4,157,142,1,0.00048192771084337347,5284
M-2022-4,157,151,1,0.00048192771084337347,5285
M-2022-4,157,168,1,0.00048192771084337347,5286
M-2022-4,157,171,1,0.00048192771084337347,5287
M-2022-4,138,14,21,0.00048130916091769613,5288
M-2022-4,138,93,21,0.00048130916091769613,5289
M-2022-4,97,122,20,0.000481000481000481,5290
M-2022-4,85,6,1,0.0004807692307692308,5291
M-2022-4,85,28,1,0.0004807692307692308,5292
M-2022-4,85,45,1,0.0004807692307692308,5293
M-2022-4,85,49,1,0.0004807692307692308,5294
M-2022-4,85,55,1,0.0004807692307692308,5295
M-2022-4,85,77,1,0.0004807692307692308,5296
M-2022-4,85,87,1,0.0004807692307692308,5297
M-2022-4,85,97,1,0.0004807692307692308,5298
M-2022-4,85,99,1,0.0004807692307692308,5299
M-2022-4,85,105,1,0.0004807692307692308,5300
M-2022-4,85,111,1,0.0004807692307692308,5301
M-2022-4,85,119,1,0.0004807692307692308,5302
M-2022-4,85,124,1,0.0004807692307692308,5303
M-2022-4,85,158,1,0.0004807692307692308,5304
M-2022-4,85,168,1,0.0004807692307692308,5305
M-2022-4,14,7,5,0.0004807230074031343,5306
M-2022-4,14,13,5,0.0004807230074031343,5307
M-2022-4,14,22,5,0.0004807230074031343,5308
M-2022-4,14,39,5,0.0004807230074031343,5309
M-2022-4,14,118,5,0.0004807230074031343,5310
M-2022-4,14,148,5,0.0004807230074031343,5311
M-2022-4,142,117,30,0.00047920260686218135,5312
M-2022-4,115,35,11,0.0004787187744799373,5313
M-2022-4,115,88,11,0.0004787187744799373,5314
M-2022-4,115,125,11,0.0004787187744799373,5315
M-2022-4,115,132,11,0.0004787187744799373,5316
M-2022-4,158,107,6,0.00047831632653061223,5317
M-2022-4,158,129,6,0.00047831632653061223,5318
M-2022-4,5,3,1,0.00047778308647873863,5319
M-2022-4,5,7,1,0.00047778308647873863,5320
M-2022-4,5,30,1,0.00047778308647873863,5321
M-2022-4,5,86,1,0.00047778308647873863,5322
M-2022-4,5,117,1,0.00047778308647873863,5323
M-2022-4,5,122,1,0.00047778308647873863,5324
M-2022-4,5,135,1,0.00047778308647873863,5325
M-2022-4,5,151,1,0.00047778308647873863,5326
M-2022-4,13,2,1,0.00047778308647873863,5327
M-2022-4,13,9,1,0.00047778308647873863,5328
M-2022-4,13,16,1,0.00047778308647873863,5329
M-2022-4,13,23,1,0.00047778308647873863,5330
M-2022-4,13,51,1,0.00047778308647873863,5331
M-2022-4,13,75,1,0.00047778308647873863,5332
M-2022-4,13,85,1,0.00047778308647873863,5333
M-2022-4,13,96,1,0.00047778308647873863,5334
M-2022-4,13,127,1,0.00047778308647873863,5335
M-2022-4,13,131,1,0.00047778308647873863,5336
M-2022-4,13,135,1,0.00047778308647873863,5337
M-2022-4,13,141,1,0.00047778308647873863,5338
M-2022-4,76,155,5,0.0004751496721467262,5339
M-2022-4,132,129,11,0.00047501835298181973,5340
M-2022-4,132,138,11,0.00047501835298181973,5341
M-2022-4,175,129,24,0.00047404598246029864,5342
M-2022-4,98,97,30,0.00047394862396916174,5343
M-2022-4,126,2,1,0.0004734848484848485,5344
M-2022-4,126,11,1,0.0004734848484848485,5345
M-2022-4,126,14,1,0.0004734848484848485,5346
M-2022-4,126,18,1,0.0004734848484848485,5347
M-2022-4,126,22,1,0.0004734848484848485,5348
M-2022-4,126,24,1,0.0004734848484848485,5349
M-2022-4,126,25,1,0.0004734848484848485,5350
M-2022-4,126,36,1,0.0004734848484848485,5351
M-2022-4,126,44,1,0.0004734848484848485,5352
M-2022-4,126,46,1,0.0004734848484848485,5353
M-2022-4,126,52,1,0.0004734848484848485,5354
M-2022-4,126,70,1,0.0004734848484848485,5355
M-2022-4,126,71,1,0.0004734848484848485,5356
M-2022-4,126,81,1,0.0004734848484848485,5357
M-2022-4,126,83,1,0.0004734848484848485,5358
M-2022-4,126,89,1,0.0004734848484848485,5359
M-2022-4,126,112,1,0.0004734848484848485,5360
M-2022-4,126,125,1,0.0004734848484848485,5361
M-2022-4,126,146,1,0.0004734848484848485,5362
M-2022-4,126,168,1,0.0004734848484848485,5363
M-2022-4,126,172,1,0.0004734848484848485,5364
M-2022-4,122,50,29,0.00047211278611662813,5365
M-2022-4,122,51,29,0.00047211278611662813,5366
M-2022-4,122,136,29,0.00047211278611662813,5367
M-2022-4,149,25,35,0.0004717362589966844,5368
M-2022-4,96,82,26,0.0004717066710208821,5369
M-2022-4,41,11,1,0.0004714757190004715,5370
M-2022-4,41,53,1,0.0004714757190004715,5371
M-2022-4,41,60,1,0.0004714757190004715,5372
M-2022-4,41,61,1,0.0004714757190004715,5373
M-2022-4,41,66,1,0.0004714757190004715,5374
M-2022-4,41,77,1,0.0004714757190004715,5375
M-2022-4,41,116,1,0.0004714757190004715,5376
M-2022-4,41,122,1,0.0004714757190004715,5377
M-2022-4,41,132,1,0.0004714757190004715,5378
M-2022-4,41,134,1,0.0004714757190004715,5379
M-2022-4,41,136,1,0.0004714757190004715,5380
M-2022-4,41,141,1,0.0004714757190004715,5381
M-2022-4,41,156,1,0.0004714757190004715,5382
M-2022-4,41,158,1,0.0004714757190004715,5383
M-2022-4,41,160,1,0.0004714757190004715,5384
M-2022-4,41,175,1,0.0004714757190004715,5385
M-2022-4,41,176,1,0.0004714757190004715,5386
M-2022-4,174,49,2,0.0004710315591144607,5387
M-2022-4,174,85,2,0.0004710315591144607,5388
M-2022-4,174,96,2,0.0004710315591144607,5389
M-2022-4,174,99,2,0.0004710315591144607,5390
M-2022-4,174,112,2,0.0004710315591144607,5391
M-2022-4,174,129,2,0.0004710315591144607,5392
M-2022-4,174,138,2,0.0004710315591144607,5393
M-2022-4,117,53,40,0.00047094282754073653,5394
M-2022-4,91,96,2,0.0004692632566870014,5395
M-2022-4,91,142,2,0.0004692632566870014,5396
M-2022-4,91,176,2,0.0004692632566870014,5397
M-2022-4,23,32,6,0.00046728971962616824,5398
M-2022-4,23,60,6,0.00046728971962616824,5399
M-2022-4,23,61,6,0.00046728971962616824,5400
M-2022-4,23,66,6,0.00046728971962616824,5401
M-2022-4,134,96,5,0.00046563605885639785,5402
M-2022-4,134,142,5,0.00046563605885639785,5403
M-2022-4,134,143,5,0.00046563605885639785,5404
M-2022-4,134,153,5,0.00046563605885639785,5405
M-2022-4,134,171,5,0.00046563605885639785,5406
M-2022-4,134,172,5,0.00046563605885639785,5407
M-2022-4,176,3,2,0.0004641448131817127,5408
M-2022-4,176,4,2,0.0004641448131817127,5409
M-2022-4,176,11,2,0.0004641448131817127,5410
M-2022-4,176,13,2,0.0004641448131817127,5411
M-2022-4,176,17,2,0.0004641448131817127,5412
M-2022-4,176,19,2,0.0004641448131817127,5413
M-2022-4,176,50,2,0.0004641448131817127,5414
M-2022-4,176,62,2,0.0004641448131817127,5415
M-2022-4,176,113,2,0.0004641448131817127,5416
M-2022-4,176,131,2,0.0004641448131817127,5417
M-2022-4,176,165,2,0.0004641448131817127,5418
M-2022-4,176,171,2,0.0004641448131817127,5419
M-2022-4,1,26,5,0.0004633061527057079,5420
M-2022-4,1,66,5,0.0004633061527057079,5421
M-2022-4,1,72,5,0.0004633061527057079,5422
M-2022-4,1,100,5,0.0004633061527057079,5423
M-2022-4,1,103,5,0.0004633061527057079,5424
M-2022-4,1,110,5,0.0004633061527057079,5425
M-2022-4,1,136,5,0.0004633061527057079,5426
M-2022-4,1,171,5,0.0004633061527057079,5427
M-2022-4,1,172,5,0.0004633061527057079,5428
M-2022-4,75,133,13,0.00046329294369208836,5429
M-2022-4,142,93,29,0.00046322918663344194,5430
M-2022-4,102,101,37,0.00046313101600931267,5431
M-2022-4,93,140,16,0.0004596116281741928,5432
M-2022-4,99,22,11,0.000459194322688374,5433
M-2022-4,124,135,14,0.0004591368227731864,5434
M-2022-4,124,136,14,0.0004591368227731864,5435
M-2022-4,140,111,33,0.00045876661291219484,5436
M-2022-4,131,122,14,0.0004585202895228114,5437
M-2022-4,131,134,14,0.0004585202895228114,5438
M-2022-4,138,172,20,0.0004583896770644725,5439
M-2022-4,25,68,25,0.00045823633997470534,5440
M-2022-4,51,14,10,0.00045783353172786377,5441
M-2022-4,51,55,10,0.00045783353172786377,5442
M-2022-4,51,62,10,0.00045783353172786377,5443
M-2022-4,51,63,10,0.00045783353172786377,5444
M-2022-4,51,100,10,0.00045783353172786377,5445
M-2022-4,51,154,10,0.00045783353172786377,5446
M-2022-4,61,99,9,0.000457410042691604,5447
M-2022-4,61,148,9,0.000457410042691604,5448
M-2022-4,97,25,19,0.00045695045695045693,5449
M-2022-4,143,2,2,0.0004562043795620438,5450
M-2022-4,143,26,2,0.0004562043795620438,5451
M-2022-4,143,30,2,0.0004562043795620438,5452
M-2022-4,143,53,2,0.0004562043795620438,5453
M-2022-4,143,63,2,0.0004562043795620438,5454
M-2022-4,143,79,2,0.0004562043795620438,5455
M-2022-4,143,85,2,0.0004562043795620438,5456
M-2022-4,143,120,2,0.0004562043795620438,5457
M-2022-4,143,123,2,0.0004562043795620438,5458
M-2022-4,143,148,2,0.0004562043795620438,5459
M-2022-4,143,161,2,0.0004562043795620438,5460
M-2022-4,143,170,2,0.0004562043795620438,5461
M-2022-4,143,176,2,0.0004562043795620438,5462
M-2022-4,45,12,1,0.0004562043795620438,5463
M-2022-4,45,14,1,0.0004562043795620438,5464
M-2022-4,45,26,1,0.0004562043795620438,5465
M-2022-4,45,28,1,0.0004562043795620438,5466
M-2022-4,45,37,1,0.0004562043795620438,5467
M-2022-4,45,42,1,0.0004562043795620438,5468
M-2022-4,45,49,1,0.0004562043795620438,5469
M-2022-4,45,50,1,0.0004562043795620438,5470
M-2022-4,45,54,1,0.0004562043795620438,5471
M-2022-4,45,63,1,0.0004562043795620438,5472
M-2022-4,45,72,1,0.0004562043795620438,5473
M-2022-4,45,88,1,0.0004562043795620438,5474
M-2022-4,45,89,1,0.0004562043795620438,5475
M-2022-4,45,93,1,0.0004562043795620438,5476
M-2022-4,45,130,1,0.0004562043795620438,5477
M-2022-4,45,131,1,0.0004562043795620438,5478
M-2022-4,45,132,1,0.0004562043795620438,5479
M-2022-4,45,133,1,0.0004562043795620438,5480
M-2022-4,45,139,1,0.0004562043795620438,5481
M-2022-4,45,149,1,0.0004562043795620438,5482
M-2022-4,45,154,1,0.0004562043795620438,5483
M-2022-4,45,161,1,0.0004562043795620438,5484
M-2022-4,45,163,1,0.0004562043795620438,5485
M-2022-4,18,86,10,0.0004560795402718234,5486
M-2022-4,18,99,10,0.0004560795402718234,5487
M-2022-4,156,52,15,0.00045596862935830013,5488
M-2022-4,122,110,28,0.00045583303487122716,5489
M-2022-4,122,114,28,0.00045583303487122716,5490
M-2022-4,122,163,28,0.00045583303487122716,5491
M-2022-4,39,25,2,0.00045578851412944393,5492
M-2022-4,39,28,2,0.00045578851412944393,5493
M-2022-4,39,62,2,0.00045578851412944393,5494
M-2022-4,39,148,2,0.00045578851412944393,5495
M-2022-4,19,14,6,0.0004550625711035267,5496
M-2022-4,19,25,6,0.0004550625711035267,5497
M-2022-4,19,66,6,0.0004550625711035267,5498
M-2022-4,19,154,6,0.0004550625711035267,5499
M-2022-4,147,14,1,0.00045392646391284613,5500
M-2022-4,147,28,1,0.00045392646391284613,5501
M-2022-4,147,36,1,0.00045392646391284613,5502
M-2022-4,147,67,1,0.00045392646391284613,5503
M-2022-4,147,75,1,0.00045392646391284613,5504
M-2022-4,147,86,1,0.00045392646391284613,5505
M-2022-4,147,88,1,0.00045392646391284613,5506
M-2022-4,147,105,1,0.00045392646391284613,5507
M-2022-4,147,122,1,0.00045392646391284613,5508
M-2022-4,147,124,1,0.00045392646391284613,5509
M-2022-4,147,126,1,0.00045392646391284613,5510
M-2022-4,147,129,1,0.00045392646391284613,5511
M-2022-4,147,131,1,0.00045392646391284613,5512
M-2022-4,147,136,1,0.00045392646391284613,5513
M-2022-4,147,142,1,0.00045392646391284613,5514
M-2022-4,147,143,1,0.00045392646391284613,5515
M-2022-4,147,149,1,0.00045392646391284613,5516
M-2022-4,147,158,1,0.00045392646391284613,5517
M-2022-4,147,168,1,0.00045392646391284613,5518
M-2022-4,147,172,1,0.00045392646391284613,5519
M-2022-4,96,98,25,0.0004535641067508482,5520
M-2022-4,77,156,37,0.0004515940047844554,5521
M-2022-4,54,12,3,0.00045024763619990995,5522
M-2022-4,54,28,3,0.00045024763619990995,5523
M-2022-4,54,46,3,0.00045024763619990995,5524
M-2022-4,54,93,3,0.00045024763619990995,5525
M-2022-4,54,124,3,0.00045024763619990995,5526
M-2022-4,62,28,7,0.0004501897228117564,5527
M-2022-4,62,102,7,0.0004501897228117564,5528
M-2022-4,62,169,7,0.0004501897228117564,5529
M-2022-4,62,175,7,0.0004501897228117564,5530
M-2022-4,145,29,1,0.0004496402877697842,5531
M-2022-4,83,4,11,0.00044894294343318913,5532
M-2022-4,63,82,5,0.0004483500717360115,5533
M-2022-4,63,126,5,0.0004483500717360115,5534
M-2022-4,136,19,10,0.0004475875033569063,5535
M-2022-4,136,77,10,0.0004475875033569063,5536
M-2022-4,136,131,10,0.0004475875033569063,5537
M-2022-4,49,149,18,0.0004475385380407757,5538
M-2022-4,117,9,38,0.0004473956861636997,5539
M-2022-4,117,134,38,0.0004473956861636997,5540
M-2022-4,155,18,5,0.00044710721631047124,5541
M-2022-4,155,20,5,0.00044710721631047124,5542
M-2022-4,155,29,5,0.00044710721631047124,5543
M-2022-4,155,69,5,0.00044710721631047124,5544
M-2022-4,155,108,5,0.00044710721631047124,5545
M-2022-4,155,135,5,0.00044710721631047124,5546
M-2022-4,155,146,5,0.00044710721631047124,5547
M-2022-4,155,170,5,0.00044710721631047124,5548
M-2022-4,87,2,5,0.00044519633158222774,5549
M-2022-4,87,71,5,0.00044519633158222774,5550
M-2022-4,87,96,5,0.00044519633158222774,5551
M-2022-4,87,125,5,0.00044519633158222774,5552
M-2022-4,87,129,5,0.00044519633158222774,5553
M-2022-4,87,167,5,0.00044519633158222774,5554
M-2022-4,60,46,22,0.0004433517391479586,5555
M-2022-4,148,14,3,0.00044039929536112744,5556
M-2022-4,148,53,3,0.00044039929536112744,5557
M-2022-4,148,71,3,0.00044039929536112744,5558
M-2022-4,148,149,3,0.00044039929536112744,5559
M-2022-4,148,156,3,0.00044039929536112744,5560
M-2022-4,148,171,3,0.00044039929536112744,5561
M-2022-4,50,0,2,0.0004399472063352398,5562
M-2022-4,50,18,2,0.0004399472063352398,5563
M-2022-4,50,36,2,0.0004399472063352398,5564
M-2022-4,50,46,2,0.0004399472063352398,5565
M-2022-4,50,58,2,0.0004399472063352398,5566
M-2022-4,50,63,2,0.0004399472063352398,5567
M-2022-4,50,66,2,0.0004399472063352398,5568
M-2022-4,50,76,2,0.0004399472063352398,5569
M-2022-4,50,79,2,0.0004399472063352398,5570
M-2022-4,50,91,2,0.0004399472063352398,5571
M-2022-4,50,101,2,0.0004399472063352398,5572
M-2022-4,50,102,2,0.0004399472063352398,5573
M-2022-4,50,110,2,0.0004399472063352398,5574
M-2022-4,50,111,2,0.0004399472063352398,5575
M-2022-4,50,134,2,0.0004399472063352398,5576
M-2022-4,50,137,2,0.0004399472063352398,5577
M-2022-4,50,157,2,0.0004399472063352398,5578
M-2022-4,50,164,2,0.0004399472063352398,5579
M-2022-4,50,165,2,0.0004399472063352398,5580
M-2022-4,50,176,2,0.0004399472063352398,5581
M-2022-4,29,68,13,0.00043840420868040335,5582
M-2022-4,29,142,13,0.00043840420868040335,5583
M-2022-4,58,55,1,0.0004374453193350831,5584
M-2022-4,58,84,1,0.0004374453193350831,5585
M-2022-4,58,97,1,0.0004374453193350831,5586
M-2022-4,58,99,1,0.0004374453193350831,5587
M-2022-4,58,153,1,0.0004374453193350831,5588
M-2022-4,59,27,6,0.0004371903235208394,5589
M-2022-4,92,3,1,0.00043706293706293706,5590
M-2022-4,92,4,1,0.00043706293706293706,5591
M-2022-4,92,24,1,0.00043706293706293706,5592
M-2022-4,92,65,1,0.00043706293706293706,5593
M-2022-4,92,109,1,0.00043706293706293706,5594
M-2022-4,92,134,1,0.00043706293706293706,5595
M-2022-4,92,153,1,0.00043706293706293706,5596
M-2022-4,92,172,1,0.00043706293706293706,5597
M-2022-4,153,125,31,0.000436785819959703,5598
M-2022-4,26,19,1,0.0004361098996947231,5599
M-2022-4,26,22,1,0.0004361098996947231,5600
M-2022-4,26,23,1,0.0004361098996947231,5601
M-2022-4,26,39,1,0.0004361098996947231,5602
M-2022-4,26,53,1,0.0004361098996947231,5603
M-2022-4,26,54,1,0.0004361098996947231,5604
M-2022-4,26,63,1,0.0004361098996947231,5605
M-2022-4,26,83,1,0.0004361098996947231,5606
M-2022-4,26,93,1,0.0004361098996947231,5607
M-2022-4,26,96,1,0.0004361098996947231,5608
M-2022-4,26,111,1,0.0004361098996947231,5609
M-2022-4,26,115,1,0.0004361098996947231,5610
M-2022-4,26,116,1,0.0004361098996947231,5611
M-2022-4,26,124,1,0.0004361098996947231,5612
M-2022-4,26,126,1,0.0004361098996947231,5613
M-2022-4,26,135,1,0.0004361098996947231,5614
M-2022-4,26,138,1,0.0004361098996947231,5615
M-2022-4,26,163,1,0.0004361098996947231,5616
M-2022-4,26,168,1,0.0004361098996947231,5617
M-2022-4,117,116,37,0.0004356221154751813,5618
M-2022-4,117,125,37,0.0004356221154751813,5619
M-2022-4,117,157,37,0.0004356221154751813,5620
M-2022-4,138,82,19,0.0004354701932112489,5621
M-2022-4,115,116,10,0.00043519888589085213,5622
M-2022-4,52,14,1,0.000434593654932638,5623
M-2022-4,52,31,1,0.000434593654932638,5624
M-2022-4,52,46,1,0.000434593654932638,5625
M-2022-4,52,70,1,0.000434593654932638,5626
M-2022-4,52,75,1,0.000434593654932638,5627
M-2022-4,52,77,1,0.000434593654932638,5628
M-2022-4,52,78,1,0.000434593654932638,5629
M-2022-4,52,79,1,0.000434593654932638,5630
M-2022-4,52,80,1,0.000434593654932638,5631
M-2022-4,52,83,1,0.000434593654932638,5632
M-2022-4,52,95,1,0.000434593654932638,5633
M-2022-4,52,99,1,0.000434593654932638,5634
M-2022-4,52,109,1,0.000434593654932638,5635
M-2022-4,52,114,1,0.000434593654932638,5636
M-2022-4,52,116,1,0.000434593654932638,5637
M-2022-4,52,120,1,0.000434593654932638,5638
M-2022-4,52,125,1,0.000434593654932638,5639
M-2022-4,52,130,1,0.000434593654932638,5640
M-2022-4,52,132,1,0.000434593654932638,5641
M-2022-4,52,136,1,0.000434593654932638,5642
M-2022-4,52,149,1,0.000434593654932638,5643
M-2022-4,52,151,1,0.000434593654932638,5644
M-2022-4,52,155,1,0.000434593654932638,5645
M-2022-4,52,157,1,0.000434593654932638,5646
M-2022-4,52,163,1,0.000434593654932638,5647
M-2022-4,52,173,1,0.000434593654932638,5648
M-2022-4,74,17,4,0.00043431053203040176,5649
M-2022-4,74,32,4,0.00043431053203040176,5650
M-2022-4,74,63,4,0.00043431053203040176,5651
M-2022-4,74,90,4,0.00043431053203040176,5652
M-2022-4,74,158,4,0.00043431053203040176,5653
M-2022-4,150,28,1,0.0004338394793926247,5654
M-2022-4,150,39,1,0.0004338394793926247,5655
M-2022-4,150,45,1,0.0004338394793926247,5656
M-2022-4,150,49,1,0.0004338394793926247,5657
M-2022-4,150,56,1,0.0004338394793926247,5658
M-2022-4,150,59,1,0.0004338394793926247,5659
M-2022-4,150,64,1,0.0004338394793926247,5660
M-2022-4,150,82,1,0.0004338394793926247,5661
M-2022-4,150,83,1,0.0004338394793926247,5662
M-2022-4,150,85,1,0.0004338394793926247,5663
M-2022-4,150,90,1,0.0004338394793926247,5664
M-2022-4,150,98,1,0.0004338394793926247,5665
M-2022-4,150,137,1,0.0004338394793926247,5666
M-2022-4,132,64,10,0.0004318348663471089,5667
M-2022-4,132,95,10,0.0004318348663471089,5668
M-2022-4,132,149,10,0.0004318348663471089,5669
M-2022-4,166,13,1,0.00043159257660768235,5670
M-2022-4,166,17,1,0.00043159257660768235,5671
M-2022-4,166,22,1,0.00043159257660768235,5672
M-2022-4,166,28,1,0.00043159257660768235,5673
M-2022-4,166,41,1,0.00043159257660768235,5674
M-2022-4,166,68,1,0.00043159257660768235,5675
M-2022-4,166,82,1,0.00043159257660768235,5676
M-2022-4,166,86,1,0.00043159257660768235,5677
M-2022-4,166,95,1,0.00043159257660768235,5678
M-2022-4,166,97,1,0.00043159257660768235,5679
M-2022-4,166,104,1,0.00043159257660768235,5680
M-2022-4,166,112,1,0.00043159257660768235,5681
M-2022-4,166,131,1,0.00043159257660768235,5682
M-2022-4,166,138,1,0.00043159257660768235,5683
M-2022-4,166,151,1,0.00043159257660768235,5684
M-2022-4,166,153,1,0.00043159257660768235,5685
M-2022-4,166,155,1,0.00043159257660768235,5686
M-2022-4,166,157,1,0.00043159257660768235,5687
M-2022-4,166,170,1,0.00043159257660768235,5688
M-2022-4,166,172,1,0.00043159257660768235,5689
M-2022-4,166,176,1,0.00043159257660768235,5690
M-2022-4,22,25,2,0.0004314063848144953,5691
M-2022-4,22,61,2,0.0004314063848144953,5692
M-2022-4,22,82,2,0.0004314063848144953,5693
M-2022-4,22,86,2,0.0004314063848144953,5694
M-2022-4,22,87,2,0.0004314063848144953,5695
M-2022-4,22,101,2,0.0004314063848144953,5696
M-2022-4,22,129,2,0.0004314063848144953,5697
M-2022-4,22,134,2,0.0004314063848144953,5698
M-2022-4,22,176,2,0.0004314063848144953,5699
M-2022-4,93,115,15,0.00043088590141330575,5700
M-2022-4,129,136,19,0.00043008805487018133,5701
M-2022-4,32,10,1,0.000429000429000429,5702
M-2022-4,32,11,1,0.000429000429000429,5703
M-2022-4,32,16,1,0.000429000429000429,5704
M-2022-4,32,31,1,0.000429000429000429,5705
M-2022-4,32,52,1,0.000429000429000429,5706
M-2022-4,32,54,1,0.000429000429000429,5707
M-2022-4,32,61,1,0.000429000429000429,5708
M-2022-4,32,75,1,0.000429000429000429,5709
M-2022-4,32,79,1,0.000429000429000429,5710
M-2022-4,32,87,1,0.000429000429000429,5711
M-2022-4,32,100,1,0.000429000429000429,5712
M-2022-4,32,106,1,0.000429000429000429,5713
M-2022-4,32,112,1,0.000429000429000429,5714
M-2022-4,32,114,1,0.000429000429000429,5715
M-2022-4,32,116,1,0.000429000429000429,5716
M-2022-4,32,123,1,0.000429000429000429,5717
M-2022-4,32,125,1,0.000429000429000429,5718
M-2022-4,32,130,1,0.000429000429000429,5719
M-2022-4,32,137,1,0.000429000429000429,5720
M-2022-4,32,138,1,0.000429000429000429,5721
M-2022-4,32,163,1,0.000429000429000429,5722
M-2022-4,32,174,1,0.000429000429000429,5723
M-2022-4,108,122,5,0.00042870616479464977,5724
M-2022-4,40,16,1,0.0004284490145672665,5725
M-2022-4,40,72,1,0.0004284490145672665,5726
M-2022-4,40,76,1,0.0004284490145672665,5727
M-2022-4,40,93,1,0.0004284490145672665,5728
M-2022-4,40,96,1,0.0004284490145672665,5729
M-2022-4,71,80,64,0.00042835724994645533,5730
M-2022-4,128,1,1,0.0004269854824935952,5731
M-2022-4,128,11,1,0.0004269854824935952,5732
M-2022-4,128,21,1,0.0004269854824935952,5733
M-2022-4,128,43,1,0.0004269854824935952,5734
M-2022-4,128,46,1,0.0004269854824935952,5735
M-2022-4,128,60,1,0.0004269854824935952,5736
M-2022-4,128,63,1,0.0004269854824935952,5737
M-2022-4,128,87,1,0.0004269854824935952,5738
M-2022-4,128,93,1,0.0004269854824935952,5739
M-2022-4,128,112,1,0.0004269854824935952,5740
M-2022-4,128,124,1,0.0004269854824935952,5741
M-2022-4,128,126,1,0.0004269854824935952,5742
M-2022-4,128,127,1,0.0004269854824935952,5743
M-2022-4,128,140,1,0.0004269854824935952,5744
M-2022-4,128,156,1,0.0004269854824935952,5745
M-2022-4,128,175,1,0.0004269854824935952,5746
M-2022-4,128,176,1,0.0004269854824935952,5747
M-2022-4,124,87,13,0.00042634133543224454,5748
M-2022-4,124,155,13,0.00042634133543224454,5749
M-2022-4,100,138,13,0.0004261736165748754,5750
M-2022-4,156,111,14,0.00042557072073441345,5751
M-2022-4,156,176,14,0.00042557072073441345,5752
M-2022-4,133,60,23,0.0004250600628349658,5753
M-2022-4,171,14,3,0.0004236091499576391,5754
M-2022-4,171,96,3,0.0004236091499576391,5755
M-2022-4,171,111,3,0.0004236091499576391,5756
M-2022-4,171,112,3,0.0004236091499576391,5757
M-2022-4,171,129,3,0.0004236091499576391,5758
M-2022-4,171,131,3,0.0004236091499576391,5759
M-2022-4,171,137,3,0.0004236091499576391,5760
M-2022-4,171,143,3,0.0004236091499576391,5761
M-2022-4,171,146,3,0.0004236091499576391,5762
M-2022-4,171,162,3,0.0004236091499576391,5763
M-2022-4,171,176,3,0.0004236091499576391,5764
M-2022-4,60,28,21,0.0004231993873685059,5765
M-2022-4,130,4,3,0.00042301184433164127,5766
M-2022-4,130,85,3,0.00042301184433164127,5767
M-2022-4,130,108,3,0.00042301184433164127,5768
M-2022-4,130,133,3,0.00042301184433164127,5769
M-2022-4,130,139,3,0.00042301184433164127,5770
M-2022-4,130,164,3,0.00042301184433164127,5771
M-2022-4,130,168,3,0.00042301184433164127,5772
M-2022-4,49,138,17,0.0004226752859273993,5773
M-2022-4,25,51,23,0.0004215774327767289,5774
M-2022-4,25,149,23,0.0004215774327767289,5775
M-2022-4,149,49,31,0.00041782354368277756,5776
M-2022-4,149,60,31,0.00041782354368277756,5777
M-2022-4,99,90,10,0.0004174493842621582,5778
M-2022-4,99,98,10,0.0004174493842621582,5779
M-2022-4,99,153,10,0.0004174493842621582,5780
M-2022-4,96,150,23,0.0004172789782107803,5781
M-2022-4,96,153,23,0.0004172789782107803,5782
M-2022-4,96,172,23,0.0004172789782107803,5783
M-2022-4,146,42,2,0.00041727519298977677,5784
M-2022-4,146,45,2,0.00041727519298977677,5785
M-2022-4,146,62,2,0.00041727519298977677,5786
M-2022-4,146,63,2,0.00041727519298977677,5787
M-2022-4,146,105,2,0.00041727519298977677,5788
M-2022-4,146,118,2,0.00041727519298977677,5789
M-2022-4,146,138,2,0.00041727519298977677,5790
M-2022-4,146,171,2,0.00041727519298977677,5791
M-2022-4,84,2,1,0.00041718815185648727,5792
M-2022-4,84,19,1,0.00041718815185648727,5793
M-2022-4,84,25,1,0.00041718815185648727,5794
M-2022-4,84,31,1,0.00041718815185648727,5795
M-2022-4,84,55,1,0.00041718815185648727,5796
M-2022-4,84,61,1,0.00041718815185648727,5797
M-2022-4,84,81,1,0.00041718815185648727,5798
M-2022-4,84,85,1,0.00041718815185648727,5799
M-2022-4,84,91,1,0.00041718815185648727,5800
M-2022-4,84,99,1,0.00041718815185648727,5801
M-2022-4,84,106,1,0.00041718815185648727,5802
M-2022-4,84,109,1,0.00041718815185648727,5803
M-2022-4,84,124,1,0.00041718815185648727,5804
M-2022-4,140,78,30,0.0004170605571929044,5805
M-2022-4,142,124,26,0.0004153089259472238,5806
M-2022-4,68,5,3,0.0004125979920231055,5807
M-2022-4,68,10,3,0.0004125979920231055,5808
M-2022-4,68,45,3,0.0004125979920231055,5809
M-2022-4,68,56,3,0.0004125979920231055,5810
M-2022-4,68,74,3,0.0004125979920231055,5811
M-2022-4,68,115,3,0.0004125979920231055,5812
M-2022-4,68,127,3,0.0004125979920231055,5813
M-2022-4,68,131,3,0.0004125979920231055,5814
M-2022-4,68,148,3,0.0004125979920231055,5815
M-2022-4,68,169,3,0.0004125979920231055,5816
M-2022-4,68,172,3,0.0004125979920231055,5817
M-2022-4,138,134,18,0.00041255070935802525,5818
M-2022-4,138,153,18,0.00041255070935802525,5819
M-2022-4,117,82,35,0.0004120749740981445,5820
M-2022-4,117,136,35,0.0004120749740981445,5821
M-2022-4,51,12,9,0.00041205017855507737,5822
M-2022-4,51,27,9,0.00041205017855507737,5823
M-2022-4,18,20,9,0.0004104715862446411,5824
M-2022-4,18,29,9,0.0004104715862446411,5825
M-2022-4,18,96,9,0.0004104715862446411,5826
M-2022-4,18,139,9,0.0004104715862446411,5827
M-2022-4,64,30,1,0.0004103405826836274,5828
M-2022-4,64,45,1,0.0004103405826836274,5829
M-2022-4,64,46,1,0.0004103405826836274,5830
M-2022-4,64,53,1,0.0004103405826836274,5831
M-2022-4,64,60,1,0.0004103405826836274,5832
M-2022-4,64,76,1,0.0004103405826836274,5833
M-2022-4,64,100,1,0.0004103405826836274,5834
M-2022-4,64,127,1,0.0004103405826836274,5835
M-2022-4,64,129,1,0.0004103405826836274,5836
M-2022-4,64,132,1,0.0004103405826836274,5837
M-2022-4,64,150,1,0.0004103405826836274,5838
M-2022-4,64,151,1,0.0004103405826836274,5839
M-2022-4,64,153,1,0.0004103405826836274,5840
M-2022-4,64,156,1,0.0004103405826836274,5841
M-2022-4,64,172,1,0.0004103405826836274,5842
M-2022-4,53,19,4,0.0004092071611253197,5843
M-2022-4,53,25,4,0.0004092071611253197,5844
M-2022-4,53,61,4,0.0004092071611253197,5845
M-2022-4,53,151,4,0.0004092071611253197,5846
M-2022-4,53,155,4,0.0004092071611253197,5847
M-2022-4,53,172,4,0.0004092071611253197,5848
M-2022-4,53,175,4,0.0004092071611253197,5849
M-2022-4,97,153,17,0.00040885040885040887,5850
M-2022-4,153,96,29,0.00040860608963972213,5851
M-2022-4,105,29,2,0.00040858018386108274,5852
M-2022-4,105,41,2,0.00040858018386108274,5853
M-2022-4,105,56,2,0.00040858018386108274,5854
M-2022-4,105,100,2,0.00040858018386108274,5855
M-2022-4,105,128,2,0.00040858018386108274,5856
M-2022-4,105,135,2,0.00040858018386108274,5857
M-2022-4,105,138,2,0.00040858018386108274,5858
M-2022-4,105,140,2,0.00040858018386108274,5859
M-2022-4,105,148,2,0.00040858018386108274,5860
M-2022-4,105,159,2,0.00040858018386108274,5861
M-2022-4,105,171,2,0.00040858018386108274,5862
M-2022-4,105,176,2,0.00040858018386108274,5863
M-2022-4,71,153,61,0.00040827800385521523,5864
M-2022-4,46,14,4,0.0004082465809348847,5865
M-2022-4,46,25,4,0.0004082465809348847,5866
M-2022-4,46,75,4,0.0004082465809348847,5867
M-2022-4,46,169,4,0.0004082465809348847,5868
M-2022-4,83,66,10,0.0004081299485756265,5869
M-2022-4,83,170,10,0.0004081299485756265,5870
M-2022-4,110,11,4,0.0004078303425774878,5871
M-2022-4,110,29,4,0.0004078303425774878,5872
M-2022-4,110,46,4,0.0004078303425774878,5873
M-2022-4,110,68,4,0.0004078303425774878,5874
M-2022-4,110,125,4,0.0004078303425774878,5875
M-2022-4,110,163,4,0.0004078303425774878,5876
M-2022-4,129,51,18,0.00040745184145596125,5877
M-2022-4,122,14,25,0.00040699378113502426,5878
M-2022-4,122,82,25,0.00040699378113502426,5879
M-2022-4,61,23,8,0.0004065867046147591,5880
M-2022-4,61,28,8,0.0004065867046147591,5881
M-2022-4,61,75,8,0.0004065867046147591,5882
M-2022-4,133,46,22,0.0004065791905377934,5883
M-2022-4,133,125,22,0.0004065791905377934,5884
M-2022-4,133,142,22,0.0004065791905377934,5885
M-2022-4,29,25,12,0.00040468080801268,5886
M-2022-4,149,129,30,0.00040434536485430087,5887
M-2022-4,173,87,2,0.0004032258064516129,5888
M-2022-4,173,100,2,0.0004032258064516129,5889
M-2022-4,173,131,2,0.0004032258064516129,5890
M-2022-4,173,143,2,0.0004032258064516129,5891
M-2022-4,173,174,2,0.0004032258064516129,5892
M-2022-4,173,176,2,0.0004032258064516129,5893
M-2022-4,140,83,29,0.0004031585386198076,5894
M-2022-4,60,115,20,0.00040304703558905326,5895
M-2022-4,136,24,9,0.0004028287530212156,5896
M-2022-4,136,26,9,0.0004028287530212156,5897
M-2022-4,136,29,9,0.0004028287530212156,5898
M-2022-4,136,67,9,0.0004028287530212156,5899
M-2022-4,136,115,9,0.0004028287530212156,5900
M-2022-4,136,155,9,0.0004028287530212156,5901
M-2022-4,93,51,14,0.0004021601746524187,5902
M-2022-4,48,27,2,0.0003999200159968006,5903
M-2022-4,48,83,2,0.0003999200159968006,5904
M-2022-4,48,117,2,0.0003999200159968006,5905
M-2022-4,48,172,2,0.0003999200159968006,5906
M-2022-4,17,43,4,0.000399720195862896,5907
M-2022-4,17,74,4,0.000399720195862896,5908
M-2022-4,17,129,4,0.000399720195862896,5909
M-2022-4,17,138,4,0.000399720195862896,5910
M-2022-4,17,154,4,0.000399720195862896,5911
M-2022-4,142,143,25,0.00039933550571848446,5912
M-2022-4,158,116,5,0.0003985969387755102,5913
M-2022-4,158,122,5,0.0003985969387755102,5914
M-2022-4,158,143,5,0.0003985969387755102,5915
M-2022-4,49,132,16,0.00039781203381402286,5916
M-2022-4,113,28,2,0.0003966679888932963,5917
M-2022-4,113,51,2,0.0003966679888932963,5918
M-2022-4,113,96,2,0.0003966679888932963,5919
M-2022-4,113,150,2,0.0003966679888932963,5920
M-2022-4,56,107,4,0.00039627501486031304,5921
M-2022-4,56,165,4,0.00039627501486031304,5922
M-2022-4,86,28,11,0.00039626787708490937,5923
M-2022-4,86,124,11,0.00039626787708490937,5924
M-2022-4,78,70,19,0.0003957591284967402,5925
M-2022-4,2,0,3,0.0003956217855729922,5926
M-2022-4,2,4,3,0.0003956217855729922,5927
M-2022-4,2,12,3,0.0003956217855729922,5928
M-2022-4,2,31,3,0.0003956217855729922,5929
M-2022-4,2,39,3,0.0003956217855729922,5930
M-2022-4,2,61,3,0.0003956217855729922,5931
M-2022-4,2,79,3,0.0003956217855729922,5932
M-2022-4,2,90,3,0.0003956217855729922,5933
M-2022-4,2,98,3,0.0003956217855729922,5934
M-2022-4,156,99,13,0.0003951728121105268,5935
M-2022-4,156,112,13,0.0003951728121105268,5936
M-2022-4,124,29,12,0.0003935458480913026,5937
M-2022-4,124,140,12,0.0003935458480913026,5938
M-2022-4,124,172,12,0.0003935458480913026,5939
M-2022-4,100,142,12,0.0003933910306845004,5940
M-2022-4,121,2,1,0.00039323633503735744,5941
M-2022-4,121,14,1,0.00039323633503735744,5942
M-2022-4,121,28,1,0.00039323633503735744,5943
M-2022-4,121,31,1,0.00039323633503735744,5944
M-2022-4,121,117,1,0.00039323633503735744,5945
M-2022-4,121,133,1,0.00039323633503735744,5946
M-2022-4,121,158,1,0.00039323633503735744,5947
M-2022-4,90,17,3,0.0003929273084479371,5948
M-2022-4,90,28,3,0.0003929273084479371,5949
M-2022-4,90,34,3,0.0003929273084479371,5950
M-2022-4,90,87,3,0.0003929273084479371,5951
M-2022-4,90,93,3,0.0003929273084479371,5952
M-2022-4,90,117,3,0.0003929273084479371,5953
M-2022-4,90,139,3,0.0003929273084479371,5954
M-2022-4,90,155,3,0.0003929273084479371,5955
M-2022-4,115,29,9,0.0003916789973017669,5956
M-2022-4,72,157,7,0.00039149888143176736,5957
M-2022-4,122,102,24,0.0003907140298896233,5958
M-2022-4,122,168,24,0.0003907140298896233,5959
M-2022-4,77,73,32,0.00039056778792169114,5960
M-2022-4,172,16,3,0.0003902185223725286,5961
M-2022-4,172,20,3,0.0003902185223725286,5962
M-2022-4,172,56,3,0.0003902185223725286,5963
M-2022-4,172,86,3,0.0003902185223725286,5964
M-2022-4,172,93,3,0.0003902185223725286,5965
M-2022-4,24,25,4,0.00039012971813127864,5966
M-2022-4,24,46,4,0.00039012971813127864,5967
M-2022-4,24,77,4,0.00039012971813127864,5968
M-2022-4,24,123,4,0.00039012971813127864,5969
M-2022-4,24,132,4,0.00039012971813127864,5970
M-2022-4,24,138,4,0.00039012971813127864,5971
M-2022-4,24,171,4,0.00039012971813127864,5972
M-2022-4,138,101,17,0.0003896312255048016,5973
M-2022-4,23,20,5,0.0003894080996884735,5974
M-2022-4,23,77,5,0.0003894080996884735,5975
M-2022-4,23,115,5,0.0003894080996884735,5976
M-2022-4,23,136,5,0.0003894080996884735,5977
M-2022-4,23,166,5,0.0003894080996884735,5978
M-2022-4,23,170,5,0.0003894080996884735,5979
M-2022-4,23,172,5,0.0003894080996884735,5980
M-2022-4,132,29,9,0.000388651379712398,5981
M-2022-4,132,61,9,0.000388651379712398,5982
M-2022-4,132,153,9,0.000388651379712398,5983
M-2022-4,132,168,9,0.000388651379712398,5984
M-2022-4,117,140,33,0.0003885278327211077,5985
M-2022-4,66,0,2,0.0003884249368809478,5986
M-2022-4,66,14,2,0.0003884249368809478,5987
M-2022-4,66,19,2,0.0003884249368809478,5988
M-2022-4,66,50,2,0.0003884249368809478,5989
M-2022-4,66,100,2,0.0003884249368809478,5990
M-2022-4,66,138,2,0.0003884249368809478,5991
M-2022-4,66,143,2,0.0003884249368809478,5992
M-2022-4,66,163,2,0.0003884249368809478,5993
M-2022-4,66,172,2,0.0003884249368809478,5994
M-2022-4,133,128,21,0.00038809831824062095,5995
M-2022-4,102,122,31,0.0003880286890888836,5996
M-2022-4,165,58,2,0.0003863987635239567,5997
M-2022-4,165,86,2,0.0003863987635239567,5998
M-2022-4,165,90,2,0.0003863987635239567,5999
M-2022-4,165,152,2,0.0003863987635239567,6000
M-2022-4,165,156,2,0.0003863987635239567,6001
M-2022-4,62,25,6,0.00038587690526721975,6002
M-2022-4,62,66,6,0.00038587690526721975,6003
M-2022-4,62,83,6,0.00038587690526721975,6004
M-2022-4,62,96,6,0.00038587690526721975,6005
M-2022-4,62,107,6,0.00038587690526721975,6006
M-2022-4,62,108,6,0.00038587690526721975,6007
M-2022-4,62,112,6,0.00038587690526721975,6008
M-2022-4,62,125,6,0.00038587690526721975,6009
M-2022-4,129,131,17,0.00038481562804174117,6010
M-2022-4,129,175,17,0.00038481562804174117,6011
M-2022-4,14,24,4,0.00038457840592250747,6012
M-2022-4,14,54,4,0.00038457840592250747,6013
M-2022-4,14,76,4,0.00038457840592250747,6014
M-2022-4,14,105,4,0.00038457840592250747,6015
M-2022-4,14,127,4,0.00038457840592250747,6016
M-2022-4,14,151,4,0.00038457840592250747,6017
M-2022-4,142,85,24,0.00038336208548974505,6018
M-2022-4,142,155,24,0.00038336208548974505,6019
M-2022-4,60,175,19,0.0003828946838096006,6020
M-2022-4,21,18,1,0.0003816793893129771,6021
M-2022-4,21,24,1,0.0003816793893129771,6022
M-2022-4,21,49,1,0.0003816793893129771,6023
M-2022-4,21,66,1,0.0003816793893129771,6024
M-2022-4,21,71,1,0.0003816793893129771,6025
M-2022-4,21,77,1,0.0003816793893129771,6026
M-2022-4,21,95,1,0.0003816793893129771,6027
M-2022-4,21,102,1,0.0003816793893129771,6028
M-2022-4,21,111,1,0.0003816793893129771,6029
M-2022-4,21,116,1,0.0003816793893129771,6030
M-2022-4,21,128,1,0.0003816793893129771,6031
M-2022-4,21,136,1,0.0003816793893129771,6032
M-2022-4,21,140,1,0.0003816793893129771,6033
M-2022-4,21,147,1,0.0003816793893129771,6034
M-2022-4,21,148,1,0.0003816793893129771,6035
M-2022-4,21,149,1,0.0003816793893129771,6036
M-2022-4,21,173,1,0.0003816793893129771,6037
M-2022-4,21,176,1,0.0003816793893129771,6038
M-2022-4,71,124,57,0.0003815056757335618,6039
M-2022-4,96,2,21,0.00038099384967071247,6040
M-2022-4,153,74,27,0.0003804263593197413,6041
M-2022-4,76,1,4,0.000380119737717381,6042
M-2022-4,76,61,4,0.000380119737717381,6043
M-2022-4,76,93,4,0.000380119737717381,6044
M-2022-4,76,96,4,0.000380119737717381,6045
M-2022-4,19,22,5,0.0003792188092529389,6046
M-2022-4,19,127,5,0.0003792188092529389,6047
M-2022-4,19,131,5,0.0003792188092529389,6048
M-2022-4,19,132,5,0.0003792188092529389,6049
M-2022-4,70,2,1,0.0003785011355034065,6050
M-2022-4,70,17,1,0.0003785011355034065,6051
M-2022-4,70,22,1,0.0003785011355034065,6052
M-2022-4,70,87,1,0.0003785011355034065,6053
M-2022-4,70,96,1,0.0003785011355034065,6054
M-2022-4,70,97,1,0.0003785011355034065,6055
M-2022-4,70,122,1,0.0003785011355034065,6056
M-2022-4,70,142,1,0.0003785011355034065,6057
M-2022-4,70,156,1,0.0003785011355034065,6058
M-2022-4,117,86,32,0.00037675426203258924,6059
M-2022-4,31,26,3,0.0003762699109494544,6060
M-2022-4,31,28,3,0.0003762699109494544,6061
M-2022-4,31,129,3,0.0003762699109494544,6062
M-2022-4,99,46,9,0.0003757044458359424,6063
M-2022-4,99,83,9,0.0003757044458359424,6064
M-2022-4,99,100,9,0.0003757044458359424,6065
M-2022-4,99,146,9,0.0003757044458359424,6066
M-2022-4,122,1,23,0.0003744342786442223,6067
M-2022-4,122,172,23,0.0003744342786442223,6068
M-2022-4,93,62,13,0.00037343444789153166,6069
M-2022-4,49,72,15,0.00037294878170064644,6070
M-2022-4,49,143,15,0.00037294878170064644,6071
M-2022-4,134,124,4,0.00037250884708511827,6072
M-2022-4,29,62,11,0.00037095740734495664,6073
M-2022-4,1,20,4,0.00037064492216456633,6074
M-2022-4,1,24,4,0.00037064492216456633,6075
M-2022-4,1,51,4,0.00037064492216456633,6076
M-2022-4,1,84,4,0.00037064492216456633,6077
M-2022-4,1,147,4,0.00037064492216456633,6078
M-2022-4,30,82,3,0.00036895830771122864,6079
M-2022-4,30,156,3,0.00036895830771122864,6080
M-2022-4,142,31,23,0.0003673886652610057,6081
M-2022-4,142,111,23,0.0003673886652610057,6082
M-2022-4,142,129,23,0.0003673886652610057,6083
M-2022-4,142,139,23,0.0003673886652610057,6084
M-2022-4,83,77,9,0.00036731695371806385,6085
M-2022-4,138,159,16,0.000366711741651578,6086
M-2022-4,28,73,6,0.0003666137113528046,6087
M-2022-4,28,98,6,0.0003666137113528046,6088
M-2022-4,28,108,6,0.0003666137113528046,6089
M-2022-4,28,111,6,0.0003666137113528046,6090
M-2022-4,28,135,6,0.0003666137113528046,6091
M-2022-4,25,97,20,0.0003665890719797643,6092
M-2022-4,25,115,20,0.0003665890719797643,6093
M-2022-4,6,3,1,0.00036643459142543056,6094
M-2022-4,6,29,1,0.00036643459142543056,6095
M-2022-4,6,53,1,0.00036643459142543056,6096
M-2022-4,6,117,1,0.00036643459142543056,6097
M-2022-4,51,8,8,0.000366266825382291,6098
M-2022-4,51,75,8,0.000366266825382291,6099
M-2022-4,51,82,8,0.000366266825382291,6100
M-2022-4,51,91,8,0.000366266825382291,6101
M-2022-4,51,129,8,0.000366266825382291,6102
M-2022-4,51,176,8,0.000366266825382291,6103
M-2022-4,55,172,3,0.0003661662394727206,6104
M-2022-4,117,1,31,0.00036498069134407085,6105
M-2022-4,117,111,31,0.00036498069134407085,6106
M-2022-4,18,46,8,0.0003648636322174587,6107
M-2022-4,18,52,8,0.0003648636322174587,6108
M-2022-4,18,78,8,0.0003648636322174587,6109
M-2022-4,18,102,8,0.0003648636322174587,6110
M-2022-4,18,103,8,0.0003648636322174587,6111
M-2022-4,18,134,8,0.0003648636322174587,6112
M-2022-4,18,141,8,0.0003648636322174587,6113
M-2022-4,18,154,8,0.0003648636322174587,6114
M-2022-4,18,155,8,0.0003648636322174587,6115
M-2022-4,18,163,8,0.0003648636322174587,6116
M-2022-4,156,26,12,0.0003647749034866401,6117
M-2022-4,59,100,5,0.0003643252696006995,6118
M-2022-4,149,102,27,0.0003639108283688708,6119
M-2022-4,60,13,18,0.00036274233203014794,6120
M-2022-4,129,52,16,0.0003621794146275211,6121
M-2022-4,140,46,26,0.00036145248290051716,6122
M-2022-4,27,172,7,0.0003610853193025895,6123
M-2022-4,63,11,4,0.0003586800573888092,6124
M-2022-4,63,17,4,0.0003586800573888092,6125
M-2022-4,63,96,4,0.0003586800573888092,6126
M-2022-4,63,112,4,0.0003586800573888092,6127
M-2022-4,63,170,4,0.0003586800573888092,6128
M-2022-4,12,11,1,0.0003586800573888092,6129
M-2022-4,12,23,1,0.0003586800573888092,6130
M-2022-4,12,43,1,0.0003586800573888092,6131
M-2022-4,12,54,1,0.0003586800573888092,6132
M-2022-4,12,65,1,0.0003586800573888092,6133
M-2022-4,12,71,1,0.0003586800573888092,6134
M-2022-4,12,83,1,0.0003586800573888092,6135
M-2022-4,12,101,1,0.0003586800573888092,6136
M-2022-4,12,116,1,0.0003586800573888092,6137
M-2022-4,12,126,1,0.0003586800573888092,6138
M-2022-4,12,140,1,0.0003586800573888092,6139
M-2022-4,12,147,1,0.0003586800573888092,6140
M-2022-4,12,155,1,0.0003586800573888092,6141
M-2022-4,12,164,1,0.0003586800573888092,6142
M-2022-4,12,172,1,0.0003586800573888092,6143
M-2022-4,79,81,9,0.0003585371683531193,6144
M-2022-4,136,2,8,0.000358070002685525,6145
M-2022-4,136,23,8,0.000358070002685525,6146
M-2022-4,136,28,8,0.000358070002685525,6147
M-2022-4,136,68,8,0.000358070002685525,6148
M-2022-4,136,96,8,0.000358070002685525,6149
M-2022-4,136,139,8,0.000358070002685525,6150
M-2022-4,136,149,8,0.000358070002685525,6151
M-2022-4,136,159,8,0.000358070002685525,6152
M-2022-4,155,34,4,0.000357685773048377,6153
M-2022-4,155,62,4,0.000357685773048377,6154
M-2022-4,155,65,4,0.000357685773048377,6155
M-2022-4,155,94,4,0.000357685773048377,6156
M-2022-4,155,95,4,0.000357685773048377,6157
M-2022-4,155,119,4,0.000357685773048377,6158
M-2022-4,155,120,4,0.000357685773048377,6159
M-2022-4,155,123,4,0.000357685773048377,6160
M-2022-4,155,126,4,0.000357685773048377,6161
M-2022-4,155,157,4,0.000357685773048377,6162
M-2022-4,155,162,4,0.000357685773048377,6163
M-2022-4,155,166,4,0.000357685773048377,6164
M-2022-4,75,90,10,0.0003563791874554526,6165
M-2022-4,87,13,4,0.0003561570652657822,6166
M-2022-4,87,29,4,0.0003561570652657822,6167
M-2022-4,87,68,4,0.0003561570652657822,6168
M-2022-4,87,122,4,0.0003561570652657822,6169
M-2022-4,87,137,4,0.0003561570652657822,6170
M-2022-4,61,13,7,0.0003557633665379142,6171
M-2022-4,61,19,7,0.0003557633665379142,6172
M-2022-4,61,88,7,0.0003557633665379142,6173
M-2022-4,61,104,7,0.0003557633665379142,6174
M-2022-4,61,150,7,0.0003557633665379142,6175
M-2022-4,61,159,7,0.0003557633665379142,6176
M-2022-4,175,117,18,0.000355534486845224,6177
M-2022-4,175,135,18,0.000355534486845224,6178
M-2022-4,111,8,1,0.0003549875754348598,6179
M-2022-4,111,9,1,0.0003549875754348598,6180
M-2022-4,111,26,1,0.0003549875754348598,6181
M-2022-4,111,31,1,0.0003549875754348598,6182
M-2022-4,111,35,1,0.0003549875754348598,6183
M-2022-4,111,45,1,0.0003549875754348598,6184
M-2022-4,111,48,1,0.0003549875754348598,6185
M-2022-4,111,50,1,0.0003549875754348598,6186
M-2022-4,111,52,1,0.0003549875754348598,6187
M-2022-4,111,58,1,0.0003549875754348598,6188
M-2022-4,111,59,1,0.0003549875754348598,6189
M-2022-4,111,60,1,0.0003549875754348598,6190
M-2022-4,111,63,1,0.0003549875754348598,6191
M-2022-4,111,64,1,0.0003549875754348598,6192
M-2022-4,111,74,1,0.0003549875754348598,6193
M-2022-4,111,79,1,0.0003549875754348598,6194
M-2022-4,111,80,1,0.0003549875754348598,6195
M-2022-4,111,87,1,0.0003549875754348598,6196
M-2022-4,111,91,1,0.0003549875754348598,6197
M-2022-4,111,99,1,0.0003549875754348598,6198
M-2022-4,111,105,1,0.0003549875754348598,6199
M-2022-4,111,132,1,0.0003549875754348598,6200
M-2022-4,111,139,1,0.0003549875754348598,6201
M-2022-4,111,141,1,0.0003549875754348598,6202
M-2022-4,111,159,1,0.0003549875754348598,6203
M-2022-4,111,162,1,0.0003549875754348598,6204
M-2022-4,111,164,1,0.0003549875754348598,6205
M-2022-4,77,155,29,0.0003539520578040326,6206
M-2022-4,119,14,1,0.00035137034434293746,6207
M-2022-4,119,24,1,0.00035137034434293746,6208
M-2022-4,119,28,1,0.00035137034434293746,6209
M-2022-4,119,68,1,0.00035137034434293746,6210
M-2022-4,119,71,1,0.00035137034434293746,6211
M-2022-4,119,102,1,0.00035137034434293746,6212
M-2022-4,119,111,1,0.00035137034434293746,6213
M-2022-4,119,139,1,0.00035137034434293746,6214
M-2022-4,119,175,1,0.00035137034434293746,6215
M-2022-4,139,10,1,0.00035137034434293746,6216
M-2022-4,139,12,1,0.00035137034434293746,6217
M-2022-4,139,15,1,0.00035137034434293746,6218
M-2022-4,139,16,1,0.00035137034434293746,6219
M-2022-4,139,21,1,0.00035137034434293746,6220
M-2022-4,139,23,1,0.00035137034434293746,6221
M-2022-4,139,26,1,0.00035137034434293746,6222
M-2022-4,139,39,1,0.00035137034434293746,6223
M-2022-4,139,43,1,0.00035137034434293746,6224
M-2022-4,139,50,1,0.00035137034434293746,6225
M-2022-4,139,52,1,0.00035137034434293746,6226
M-2022-4,139,61,1,0.00035137034434293746,6227
M-2022-4,139,75,1,0.00035137034434293746,6228
M-2022-4,139,79,1,0.00035137034434293746,6229
M-2022-4,139,81,1,0.00035137034434293746,6230
M-2022-4,139,85,1,0.00035137034434293746,6231
M-2022-4,139,96,1,0.00035137034434293746,6232
M-2022-4,139,112,1,0.00035137034434293746,6233
M-2022-4,139,119,1,0.00035137034434293746,6234
M-2022-4,139,120,1,0.00035137034434293746,6235
M-2022-4,139,125,1,0.00035137034434293746,6236
M-2022-4,139,127,1,0.00035137034434293746,6237
M-2022-4,139,131,1,0.00035137034434293746,6238
M-2022-4,139,134,1,0.00035137034434293746,6239
M-2022-4,139,157,1,0.00035137034434293746,6240
M-2022-4,139,163,1,0.00035137034434293746,6241
M-2022-4,139,166,1,0.00035137034434293746,6242
M-2022-4,149,14,26,0.0003504326495403941,6243
M-2022-4,49,25,14,0.00034808552958727,6244
M-2022-4,49,68,14,0.00034808552958727,6245
M-2022-4,49,81,14,0.00034808552958727,6246
M-2022-4,101,100,21,0.00034636889937158784,6247
M-2022-4,169,25,1,0.0003459010722933241,6248
M-2022-4,169,26,1,0.0003459010722933241,6249
M-2022-4,169,39,1,0.0003459010722933241,6250
M-2022-4,169,50,1,0.0003459010722933241,6251
M-2022-4,169,51,1,0.0003459010722933241,6252
M-2022-4,169,66,1,0.0003459010722933241,6253
M-2022-4,169,100,1,0.0003459010722933241,6254
M-2022-4,169,115,1,0.0003459010722933241,6255
M-2022-4,169,134,1,0.0003459010722933241,6256
M-2022-4,169,140,1,0.0003459010722933241,6257
M-2022-4,169,149,1,0.0003459010722933241,6258
M-2022-4,169,155,1,0.0003459010722933241,6259
M-2022-4,169,175,1,0.0003459010722933241,6260
M-2022-4,132,28,8,0.00034546789307768707,6261
M-2022-4,132,42,8,0.00034546789307768707,6262
M-2022-4,132,46,8,0.00034546789307768707,6263
M-2022-4,132,77,8,0.00034546789307768707,6264
M-2022-4,132,155,8,0.00034546789307768707,6265
M-2022-4,93,71,12,0.0003447087211306446,6266
M-2022-4,93,105,12,0.0003447087211306446,6267
M-2022-4,93,138,12,0.0003447087211306446,6268
M-2022-4,93,143,12,0.0003447087211306446,6269
M-2022-4,44,28,1,0.0003436426116838488,6270
M-2022-4,44,71,1,0.0003436426116838488,6271
M-2022-4,44,104,1,0.0003436426116838488,6272
M-2022-4,44,111,1,0.0003436426116838488,6273
M-2022-4,44,112,1,0.0003436426116838488,6274
M-2022-4,44,113,1,0.0003436426116838488,6275
M-2022-4,44,115,1,0.0003436426116838488,6276
M-2022-4,44,128,1,0.0003436426116838488,6277
M-2022-4,44,138,1,0.0003436426116838488,6278
M-2022-4,44,142,1,0.0003436426116838488,6279
M-2022-4,44,149,1,0.0003436426116838488,6280
M-2022-4,44,156,1,0.0003436426116838488,6281
M-2022-4,44,160,1,0.0003436426116838488,6282
M-2022-4,108,62,4,0.0003429649318357198,6283
M-2022-4,108,74,4,0.0003429649318357198,6284
M-2022-4,120,14,1,0.0003427004797806717,6285
M-2022-4,120,16,1,0.0003427004797806717,6286
M-2022-4,120,31,1,0.0003427004797806717,6287
M-2022-4,120,68,1,0.0003427004797806717,6288
M-2022-4,120,72,1,0.0003427004797806717,6289
M-2022-4,120,77,1,0.0003427004797806717,6290
M-2022-4,120,78,1,0.0003427004797806717,6291
M-2022-4,120,117,1,0.0003427004797806717,6292
M-2022-4,120,127,1,0.0003427004797806717,6293
M-2022-4,120,133,1,0.0003427004797806717,6294
M-2022-4,120,139,1,0.0003427004797806717,6295
M-2022-4,120,140,1,0.0003427004797806717,6296
M-2022-4,120,150,1,0.0003427004797806717,6297
M-2022-4,120,175,1,0.0003427004797806717,6298
M-2022-4,73,175,10,0.0003423367909349218,6299
M-2022-4,122,75,21,0.0003418747761534204,6300
M-2022-4,77,17,28,0.00034174681443147975,6301
M-2022-4,102,149,27,0.00033796047114193086,6302
M-2022-4,154,2,1,0.000335795836131632,6303
M-2022-4,154,3,1,0.000335795836131632,6304
M-2022-4,154,11,1,0.000335795836131632,6305
M-2022-4,154,12,1,0.000335795836131632,6306
M-2022-4,154,18,1,0.000335795836131632,6307
M-2022-4,154,22,1,0.000335795836131632,6308
M-2022-4,154,23,1,0.000335795836131632,6309
M-2022-4,154,24,1,0.000335795836131632,6310
M-2022-4,154,25,1,0.000335795836131632,6311
M-2022-4,154,26,1,0.000335795836131632,6312
M-2022-4,154,30,1,0.000335795836131632,6313
M-2022-4,154,31,1,0.000335795836131632,6314
M-2022-4,154,48,1,0.000335795836131632,6315
M-2022-4,154,54,1,0.000335795836131632,6316
M-2022-4,154,64,1,0.000335795836131632,6317
M-2022-4,154,70,1,0.000335795836131632,6318
M-2022-4,154,77,1,0.000335795836131632,6319
M-2022-4,154,87,1,0.000335795836131632,6320
M-2022-4,154,89,1,0.000335795836131632,6321
M-2022-4,154,96,1,0.000335795836131632,6322
M-2022-4,154,97,1,0.000335795836131632,6323
M-2022-4,154,99,1,0.000335795836131632,6324
M-2022-4,154,100,1,0.000335795836131632,6325
M-2022-4,154,102,1,0.000335795836131632,6326
M-2022-4,154,104,1,0.000335795836131632,6327
M-2022-4,154,108,1,0.000335795836131632,6328
M-2022-4,154,111,1,0.000335795836131632,6329
M-2022-4,154,116,1,0.000335795836131632,6330
M-2022-4,154,125,1,0.000335795836131632,6331
M-2022-4,154,130,1,0.000335795836131632,6332
M-2022-4,154,132,1,0.000335795836131632,6333
M-2022-4,154,135,1,0.000335795836131632,6334
M-2022-4,154,151,1,0.000335795836131632,6335
M-2022-4,154,163,1,0.000335795836131632,6336
M-2022-4,154,169,1,0.000335795836131632,6337
M-2022-4,154,171,1,0.000335795836131632,6338
M-2022-4,175,93,17,0.0003357825709093782,6339
M-2022-4,72,122,6,0.0003355704697986577,6340
M-2022-4,72,153,6,0.0003355704697986577,6341
M-2022-4,156,159,11,0.00033437699486275343,6342
M-2022-4,127,0,1,0.00033311125916055963,6343
M-2022-4,127,12,1,0.00033311125916055963,6344
M-2022-4,127,16,1,0.00033311125916055963,6345
M-2022-4,127,20,1,0.00033311125916055963,6346
M-2022-4,127,23,1,0.00033311125916055963,6347
M-2022-4,127,28,1,0.00033311125916055963,6348
M-2022-4,127,45,1,0.00033311125916055963,6349
M-2022-4,127,61,1,0.00033311125916055963,6350
M-2022-4,127,71,1,0.00033311125916055963,6351
M-2022-4,127,99,1,0.00033311125916055963,6352
M-2022-4,127,120,1,0.00033311125916055963,6353
M-2022-4,127,122,1,0.00033311125916055963,6354
M-2022-4,127,125,1,0.00033311125916055963,6355
M-2022-4,127,137,1,0.00033311125916055963,6356
M-2022-4,127,139,1,0.00033311125916055963,6357
M-2022-4,127,141,1,0.00033311125916055963,6358
M-2022-4,127,142,1,0.00033311125916055963,6359
M-2022-4,127,147,1,0.00033311125916055963,6360
M-2022-4,127,160,1,0.00033311125916055963,6361
M-2022-4,127,161,1,0.00033311125916055963,6362
M-2022-4,127,166,1,0.00033311125916055963,6363
M-2022-4,127,170,1,0.00033311125916055963,6364
M-2022-4,127,171,1,0.00033311125916055963,6365
M-2022-4,127,172,1,0.00033311125916055963,6366
M-2022-4,133,63,18,0.0003326557013491037,6367
M-2022-4,25,50,18,0.00032993016478178786,6368
M-2022-4,161,13,1,0.0003299241174529858,6369
M-2022-4,161,23,1,0.0003299241174529858,6370
M-2022-4,161,24,1,0.0003299241174529858,6371
M-2022-4,161,26,1,0.0003299241174529858,6372
M-2022-4,161,29,1,0.0003299241174529858,6373
M-2022-4,161,46,1,0.0003299241174529858,6374
M-2022-4,161,49,1,0.0003299241174529858,6375
M-2022-4,161,51,1,0.0003299241174529858,6376
M-2022-4,161,53,1,0.0003299241174529858,6377
M-2022-4,161,61,1,0.0003299241174529858,6378
M-2022-4,161,62,1,0.0003299241174529858,6379
M-2022-4,161,86,1,0.0003299241174529858,6380
M-2022-4,161,99,1,0.0003299241174529858,6381
M-2022-4,161,115,1,0.0003299241174529858,6382
M-2022-4,161,131,1,0.0003299241174529858,6383
M-2022-4,161,138,1,0.0003299241174529858,6384
M-2022-4,161,143,1,0.0003299241174529858,6385
M-2022-4,161,145,1,0.0003299241174529858,6386
M-2022-4,161,149,1,0.0003299241174529858,6387
M-2022-4,161,162,1,0.0003299241174529858,6388
M-2022-4,101,99,20,0.0003298751422586551,6389
M-2022-4,117,176,28,0.0003296599792785156,6390
M-2022-4,80,25,2,0.00032808398950131233,6391
M-2022-4,80,46,2,0.00032808398950131233,6392
M-2022-4,80,63,2,0.00032808398950131233,6393
M-2022-4,80,81,2,0.00032808398950131233,6394
M-2022-4,80,112,2,0.00032808398950131233,6395
M-2022-4,80,124,2,0.00032808398950131233,6396
M-2022-4,124,60,10,0.0003279548734094189,6397
M-2022-4,124,86,10,0.0003279548734094189,6398
M-2022-4,124,90,10,0.0003279548734094189,6399
M-2022-4,124,91,10,0.0003279548734094189,6400
M-2022-4,124,98,10,0.0003279548734094189,6401
M-2022-4,124,148,10,0.0003279548734094189,6402
M-2022-4,124,176,10,0.0003279548734094189,6403
M-2022-4,100,101,10,0.00032782585890375033,6404
M-2022-4,131,129,10,0.00032751449251629386,6405
M-2022-4,83,102,8,0.00032650395886050116,6406
M-2022-4,83,122,8,0.00032650395886050116,6407
M-2022-4,83,134,8,0.00032650395886050116,6408
M-2022-4,57,55,1,0.0003262642740619902,6409
M-2022-4,57,77,1,0.0003262642740619902,6410
M-2022-4,57,84,1,0.0003262642740619902,6411
M-2022-4,57,85,1,0.0003262642740619902,6412
M-2022-4,57,96,1,0.0003262642740619902,6413
M-2022-4,57,98,1,0.0003262642740619902,6414
M-2022-4,57,101,1,0.0003262642740619902,6415
M-2022-4,57,102,1,0.0003262642740619902,6416
M-2022-4,57,106,1,0.0003262642740619902,6417
M-2022-4,57,153,1,0.0003262642740619902,6418
M-2022-4,135,2,1,0.00032583903551645487,6419
M-2022-4,135,12,1,0.00032583903551645487,6420
M-2022-4,135,18,1,0.00032583903551645487,6421
M-2022-4,135,20,1,0.00032583903551645487,6422
M-2022-4,135,23,1,0.00032583903551645487,6423
M-2022-4,135,35,1,0.00032583903551645487,6424
M-2022-4,135,68,1,0.00032583903551645487,6425
M-2022-4,135,73,1,0.00032583903551645487,6426
M-2022-4,135,76,1,0.00032583903551645487,6427
M-2022-4,135,77,1,0.00032583903551645487,6428
M-2022-4,135,89,1,0.00032583903551645487,6429
M-2022-4,135,96,1,0.00032583903551645487,6430
M-2022-4,135,111,1,0.00032583903551645487,6431
M-2022-4,135,112,1,0.00032583903551645487,6432
M-2022-4,135,115,1,0.00032583903551645487,6433
M-2022-4,135,116,1,0.00032583903551645487,6434
M-2022-4,135,119,1,0.00032583903551645487,6435
M-2022-4,135,125,1,0.00032583903551645487,6436
M-2022-4,135,126,1,0.00032583903551645487,6437
M-2022-4,135,141,1,0.00032583903551645487,6438
M-2022-4,135,143,1,0.00032583903551645487,6439
M-2022-4,135,172,1,0.00032583903551645487,6440
M-2022-4,74,81,3,0.0003257328990228013,6441
M-2022-4,74,117,3,0.0003257328990228013,6442
M-2022-4,74,124,3,0.0003257328990228013,6443
M-2022-4,74,135,3,0.0003257328990228013,6444
M-2022-4,122,98,20,0.0003255950249080194,6445
M-2022-4,122,155,20,0.0003255950249080194,6446
M-2022-4,86,75,9,0.0003242191721603804,6447
M-2022-4,86,79,9,0.0003242191721603804,6448
M-2022-4,86,122,9,0.0003242191721603804,6449
M-2022-4,86,131,9,0.0003242191721603804,6450
M-2022-4,86,132,9,0.0003242191721603804,6451
M-2022-4,86,168,9,0.0003242191721603804,6452
M-2022-4,153,139,23,0.00032406689867977965,6453
M-2022-4,153,151,23,0.00032406689867977965,6454
M-2022-4,149,83,24,0.0003234762918834407,6455
M-2022-4,149,101,24,0.0003234762918834407,6456
M-2022-4,49,116,13,0.0003232222774738936,6457
M-2022-4,49,139,13,0.0003232222774738936,6458
M-2022-4,60,71,16,0.0003224376284712426,6459
M-2022-4,62,2,5,0.0003215640877226831,6460
M-2022-4,62,87,5,0.0003215640877226831,6461
M-2022-4,62,98,5,0.0003215640877226831,6462
M-2022-4,62,115,5,0.0003215640877226831,6463
M-2022-4,62,135,5,0.0003215640877226831,6464
M-2022-4,75,70,9,0.00032074126870990734,6465
M-2022-4,51,32,7,0.0003204834722095046,6466
M-2022-4,51,46,7,0.0003204834722095046,6467
M-2022-4,51,61,7,0.0003204834722095046,6468
M-2022-4,142,64,20,0.00031946840457478757,6469
M-2022-4,142,115,20,0.00031946840457478757,6470
M-2022-4,18,32,7,0.0003192556781902764,6471
M-2022-4,18,131,7,0.0003192556781902764,6472
M-2022-4,158,14,4,0.00031887755102040814,6473
M-2022-4,158,19,4,0.00031887755102040814,6474
M-2022-4,158,23,4,0.00031887755102040814,6475
M-2022-4,158,24,4,0.00031887755102040814,6476
M-2022-4,158,25,4,0.00031887755102040814,6477
M-2022-4,158,46,4,0.00031887755102040814,6478
M-2022-4,158,68,4,0.00031887755102040814,6479
M-2022-4,158,72,4,0.00031887755102040814,6480
M-2022-4,158,95,4,0.00031887755102040814,6481
M-2022-4,158,139,4,0.00031887755102040814,6482
M-2022-4,79,25,8,0.0003186997052027727,6483
M-2022-4,79,130,8,0.0003186997052027727,6484
M-2022-4,95,156,16,0.0003185791370487625,6485
M-2022-4,65,14,1,0.0003179650238473768,6486
M-2022-4,65,53,1,0.0003179650238473768,6487
M-2022-4,65,61,1,0.0003179650238473768,6488
M-2022-4,65,77,1,0.0003179650238473768,6489
M-2022-4,65,111,1,0.0003179650238473768,6490
M-2022-4,65,153,1,0.0003179650238473768,6491
M-2022-4,65,172,1,0.0003179650238473768,6492
M-2022-4,129,20,14,0.00031690698779908097,6493
M-2022-4,129,116,14,0.00031690698779908097,6494
M-2022-4,163,0,1,0.0003168567807351077,6495
M-2022-4,163,8,1,0.0003168567807351077,6496
M-2022-4,163,15,1,0.0003168567807351077,6497
M-2022-4,163,22,1,0.0003168567807351077,6498
M-2022-4,163,43,1,0.0003168567807351077,6499
M-2022-4,163,44,1,0.0003168567807351077,6500
M-2022-4,163,52,1,0.0003168567807351077,6501
M-2022-4,163,63,1,0.0003168567807351077,6502
M-2022-4,163,67,1,0.0003168567807351077,6503
M-2022-4,163,87,1,0.0003168567807351077,6504
M-2022-4,163,93,1,0.0003168567807351077,6505
M-2022-4,163,101,1,0.0003168567807351077,6506
M-2022-4,163,135,1,0.0003168567807351077,6507
M-2022-4,163,141,1,0.0003168567807351077,6508
M-2022-4,163,148,1,0.0003168567807351077,6509
M-2022-4,163,154,1,0.0003168567807351077,6510
M-2022-4,163,160,1,0.0003168567807351077,6511
M-2022-4,163,168,1,0.0003168567807351077,6512
M-2022-4,163,169,1,0.0003168567807351077,6513
M-2022-4,163,172,1,0.0003168567807351077,6514
M-2022-4,93,50,11,0.00031598299436975757,6515
M-2022-4,93,82,11,0.00031598299436975757,6516
M-2022-4,93,139,11,0.00031598299436975757,6517
M-2022-4,93,159,11,0.00031598299436975757,6518
M-2022-4,71,158,47,0.00031457485542942817,6519
M-2022-4,159,10,1,0.00031426775612822125,6520
M-2022-4,159,19,1,0.00031426775612822125,6521
M-2022-4,159,20,1,0.00031426775612822125,6522
M-2022-4,159,37,1,0.00031426775612822125,6523
M-2022-4,159,40,1,0.00031426775612822125,6524
M-2022-4,159,50,1,0.00031426775612822125,6525
M-2022-4,159,73,1,0.00031426775612822125,6526
M-2022-4,159,78,1,0.00031426775612822125,6527
M-2022-4,159,83,1,0.00031426775612822125,6528
M-2022-4,159,85,1,0.00031426775612822125,6529
M-2022-4,159,95,1,0.00031426775612822125,6530
M-2022-4,159,105,1,0.00031426775612822125,6531
M-2022-4,159,116,1,0.00031426775612822125,6532
M-2022-4,159,125,1,0.00031426775612822125,6533
M-2022-4,159,129,1,0.00031426775612822125,6534
M-2022-4,159,135,1,0.00031426775612822125,6535
M-2022-4,159,150,1,0.00031426775612822125,6536
M-2022-4,159,162,1,0.00031426775612822125,6537
M-2022-4,159,163,1,0.00031426775612822125,6538
M-2022-4,159,171,1,0.00031426775612822125,6539
M-2022-4,159,176,1,0.00031426775612822125,6540
M-2022-4,136,22,7,0.00031331125234983437,6541
M-2022-4,136,51,7,0.00031331125234983437,6542
M-2022-4,136,129,7,0.00031331125234983437,6543
M-2022-4,102,153,25,0.0003129263621684545,6544
M-2022-4,25,23,17,0.00031160071118279965,6545
M-2022-4,23,51,4,0.00031152647975077883,6546
M-2022-4,23,68,4,0.00031152647975077883,6547
M-2022-4,23,82,4,0.00031152647975077883,6548
M-2022-4,23,132,4,0.00031152647975077883,6549
M-2022-4,149,111,23,0.000309998113054964,6550
M-2022-4,149,115,23,0.000309998113054964,6551
M-2022-4,153,12,22,0.00030997703351978923,6552
M-2022-4,153,83,22,0.00030997703351978923,6553
M-2022-4,153,172,22,0.00030997703351978923,6554
M-2022-4,27,97,6,0.00030950170225936243,6555
M-2022-4,27,117,6,0.00030950170225936243,6556
M-2022-4,122,77,19,0.00030931527366261845,6557
M-2022-4,122,166,19,0.00030931527366261845,6558
M-2022-4,96,71,17,0.00030842359259057676,6559
M-2022-4,53,2,3,0.00030690537084398974,6560
M-2022-4,53,5,3,0.00030690537084398974,6561
M-2022-4,53,58,3,0.00030690537084398974,6562
M-2022-4,53,71,3,0.00030690537084398974,6563
M-2022-4,53,84,3,0.00030690537084398974,6564
M-2022-4,53,93,3,0.00030690537084398974,6565
M-2022-4,53,101,3,0.00030690537084398974,6566
M-2022-4,53,115,3,0.00030690537084398974,6567
M-2022-4,53,127,3,0.00030690537084398974,6568
M-2022-4,53,157,3,0.00030690537084398974,6569
M-2022-4,53,177,3,0.00030690537084398974,6570
M-2022-4,46,15,3,0.0003061849357011635,6571
M-2022-4,46,30,3,0.0003061849357011635,6572
M-2022-4,46,45,3,0.0003061849357011635,6573
M-2022-4,46,53,3,0.0003061849357011635,6574
M-2022-4,46,54,3,0.0003061849357011635,6575
M-2022-4,46,78,3,0.0003061849357011635,6576
M-2022-4,46,115,3,0.0003061849357011635,6577
M-2022-4,46,116,3,0.0003061849357011635,6578
M-2022-4,46,123,3,0.0003061849357011635,6579
M-2022-4,46,176,3,0.0003061849357011635,6580
M-2022-4,110,36,3,0.0003058727569331158,6581
M-2022-4,110,51,3,0.0003058727569331158,6582
M-2022-4,110,53,3,0.0003058727569331158,6583
M-2022-4,110,78,3,0.0003058727569331158,6584
M-2022-4,110,93,3,0.0003058727569331158,6585
M-2022-4,110,132,3,0.0003058727569331158,6586
M-2022-4,110,175,3,0.0003058727569331158,6587
M-2022-4,28,10,5,0.00030551142612733715,6588
M-2022-4,28,17,5,0.00030551142612733715,6589
M-2022-4,28,20,5,0.00030551142612733715,6590
M-2022-4,28,53,5,0.00030551142612733715,6591
M-2022-4,28,61,5,0.00030551142612733715,6592
M-2022-4,28,165,5,0.00030551142612733715,6593
M-2022-4,61,14,6,0.00030494002846106935,6594
M-2022-4,61,25,6,0.00030494002846106935,6595
M-2022-4,61,111,6,0.00030494002846106935,6596
M-2022-4,61,122,6,0.00030494002846106935,6597
M-2022-4,61,124,6,0.00030494002846106935,6598
M-2022-4,61,125,6,0.00030494002846106935,6599
M-2022-4,61,162,6,0.00030494002846106935,6600
M-2022-4,115,66,7,0.0003046392201235965,6601
M-2022-4,115,155,7,0.0003046392201235965,6602
M-2022-4,156,83,10,0.00030397908623886675,6603
M-2022-4,156,105,10,0.00030397908623886675,6604
M-2022-4,156,128,10,0.00030397908623886675,6605
M-2022-4,29,10,9,0.00030351060600951,6606
M-2022-4,29,13,9,0.00030351060600951,6607
M-2022-4,29,104,9,0.00030351060600951,6608
M-2022-4,19,16,4,0.00030337504740235113,6609
M-2022-4,19,75,4,0.00030337504740235113,6610
M-2022-4,19,82,4,0.00030337504740235113,6611
M-2022-4,19,112,4,0.00030337504740235113,6612
M-2022-4,19,115,4,0.00030337504740235113,6613
M-2022-4,19,136,4,0.00030337504740235113,6614
M-2022-4,60,125,15,0.00030228527669178993,6615
M-2022-4,132,23,7,0.0003022844064429762,6616
M-2022-4,132,49,7,0.0003022844064429762,6617
M-2022-4,132,110,7,0.0003022844064429762,6618
M-2022-4,132,127,7,0.0003022844064429762,6619
M-2022-4,164,4,1,0.00030165912518853697,6620
M-2022-4,164,23,1,0.00030165912518853697,6621
M-2022-4,164,28,1,0.00030165912518853697,6622
M-2022-4,164,30,1,0.00030165912518853697,6623
M-2022-4,164,51,1,0.00030165912518853697,6624
M-2022-4,164,56,1,0.00030165912518853697,6625
M-2022-4,164,75,1,0.00030165912518853697,6626
M-2022-4,164,86,1,0.00030165912518853697,6627
M-2022-4,164,108,1,0.00030165912518853697,6628
M-2022-4,164,111,1,0.00030165912518853697,6629
M-2022-4,164,133,1,0.00030165912518853697,6630
M-2022-4,164,172,1,0.00030165912518853697,6631
M-2022-4,82,149,24,0.0003014734514941778,6632
M-2022-4,71,117,45,0.0003011886913686014,6633
M-2022-4,114,23,1,0.00030039050765995795,6634
M-2022-4,114,25,1,0.00030039050765995795,6635
M-2022-4,114,50,1,0.00030039050765995795,6636
M-2022-4,114,53,1,0.00030039050765995795,6637
M-2022-4,114,55,1,0.00030039050765995795,6638
M-2022-4,114,61,1,0.00030039050765995795,6639
M-2022-4,114,62,1,0.00030039050765995795,6640
M-2022-4,114,68,1,0.00030039050765995795,6641
M-2022-4,114,69,1,0.00030039050765995795,6642
M-2022-4,114,75,1,0.00030039050765995795,6643
M-2022-4,114,86,1,0.00030039050765995795,6644
M-2022-4,114,93,1,0.00030039050765995795,6645
M-2022-4,114,96,1,0.00030039050765995795,6646
M-2022-4,114,99,1,0.00030039050765995795,6647
M-2022-4,114,101,1,0.00030039050765995795,6648
M-2022-4,114,125,1,0.00030039050765995795,6649
M-2022-4,114,137,1,0.00030039050765995795,6650
M-2022-4,114,143,1,0.00030039050765995795,6651
M-2022-4,114,168,1,0.00030039050765995795,6652
M-2022-4,54,26,2,0.00030016509079993996,6653
M-2022-4,54,50,2,0.00030016509079993996,6654
M-2022-4,54,63,2,0.00030016509079993996,6655
M-2022-4,54,67,2,0.00030016509079993996,6656
M-2022-4,54,83,2,0.00030016509079993996,6657
M-2022-4,54,88,2,0.00030016509079993996,6658
M-2022-4,54,89,2,0.00030016509079993996,6659
M-2022-4,54,129,2,0.00030016509079993996,6660
M-2022-4,54,132,2,0.00030016509079993996,6661
M-2022-4,54,142,2,0.00030016509079993996,6662
M-2022-4,54,148,2,0.00030016509079993996,6663
M-2022-4,54,153,2,0.00030016509079993996,6664
M-2022-4,17,25,3,0.00029979014689717197,6665
M-2022-4,17,107,3,0.00029979014689717197,6666
M-2022-4,17,124,3,0.00029979014689717197,6667
M-2022-4,17,131,3,0.00029979014689717197,6668
M-2022-4,49,2,12,0.0002983590253605172,6669
M-2022-4,49,18,12,0.0002983590253605172,6670
M-2022-4,49,23,12,0.0002983590253605172,6671
M-2022-4,138,50,13,0.00029795329009190715,6672
M-2022-4,138,103,13,0.00029795329009190715,6673
M-2022-4,104,11,1,0.0002973535533749628,6674
M-2022-4,104,24,1,0.0002973535533749628,6675
M-2022-4,104,26,1,0.0002973535533749628,6676
M-2022-4,104,33,1,0.0002973535533749628,6677
M-2022-4,104,37,1,0.0002973535533749628,6678
M-2022-4,104,43,1,0.0002973535533749628,6679
M-2022-4,104,45,1,0.0002973535533749628,6680
M-2022-4,104,63,1,0.0002973535533749628,6681
M-2022-4,104,77,1,0.0002973535533749628,6682
M-2022-4,104,79,1,0.0002973535533749628,6683
M-2022-4,104,82,1,0.0002973535533749628,6684
M-2022-4,104,83,1,0.0002973535533749628,6685
M-2022-4,104,96,1,0.0002973535533749628,6686
M-2022-4,104,102,1,0.0002973535533749628,6687
M-2022-4,104,126,1,0.0002973535533749628,6688
M-2022-4,104,128,1,0.0002973535533749628,6689
M-2022-4,104,129,1,0.0002973535533749628,6690
M-2022-4,104,136,1,0.0002973535533749628,6691
M-2022-4,104,140,1,0.0002973535533749628,6692
M-2022-4,104,146,1,0.0002973535533749628,6693
M-2022-4,104,151,1,0.0002973535533749628,6694
M-2022-4,104,155,1,0.0002973535533749628,6695
M-2022-4,104,158,1,0.0002973535533749628,6696
M-2022-4,104,167,1,0.0002973535533749628,6697
M-2022-4,104,170,1,0.0002973535533749628,6698
M-2022-4,104,172,1,0.0002973535533749628,6699
M-2022-4,56,164,3,0.0002972062611452348,6700
M-2022-4,149,2,22,0.0002965199342264873,6701
M-2022-4,175,61,15,0.00029627873903768665,6702
M-2022-4,153,1,21,0.0002958871683597988,6703
M-2022-4,153,136,21,0.0002958871683597988,6704
M-2022-4,133,129,16,0.00029569395675475884,6705
M-2022-4,131,143,9,0.00029476304326466444,6706
M-2022-4,123,0,1,0.0002947244326554671,6707
M-2022-4,123,17,1,0.0002947244326554671,6708
M-2022-4,123,21,1,0.0002947244326554671,6709
M-2022-4,123,29,1,0.0002947244326554671,6710
M-2022-4,123,30,1,0.0002947244326554671,6711
M-2022-4,123,46,1,0.0002947244326554671,6712
M-2022-4,123,60,1,0.0002947244326554671,6713
M-2022-4,123,69,1,0.0002947244326554671,6714
M-2022-4,123,77,1,0.0002947244326554671,6715
M-2022-4,123,93,1,0.0002947244326554671,6716
M-2022-4,123,99,1,0.0002947244326554671,6717
M-2022-4,123,104,1,0.0002947244326554671,6718
M-2022-4,123,107,1,0.0002947244326554671,6719
M-2022-4,123,108,1,0.0002947244326554671,6720
M-2022-4,123,111,1,0.0002947244326554671,6721
M-2022-4,123,129,1,0.0002947244326554671,6722
M-2022-4,123,134,1,0.0002947244326554671,6723
M-2022-4,123,140,1,0.0002947244326554671,6724
M-2022-4,123,157,1,0.0002947244326554671,6725
M-2022-4,123,176,1,0.0002947244326554671,6726
M-2022-4,148,49,2,0.0002935995302407516,6727
M-2022-4,148,77,2,0.0002935995302407516,6728
M-2022-4,148,82,2,0.0002935995302407516,6729
M-2022-4,148,129,2,0.0002935995302407516,6730
M-2022-4,148,132,2,0.0002935995302407516,6731
M-2022-4,148,140,2,0.0002935995302407516,6732
M-2022-4,148,142,2,0.0002935995302407516,6733
M-2022-4,148,157,2,0.0002935995302407516,6734
M-2022-4,148,170,2,0.0002935995302407516,6735
M-2022-4,77,149,24,0.00029292584094126837,6736
M-2022-4,24,21,3,0.000292597288598459,6737
M-2022-4,24,111,3,0.000292597288598459,6738
M-2022-4,24,131,3,0.000292597288598459,6739
M-2022-4,24,155,3,0.000292597288598459,6740
M-2022-4,24,175,3,0.000292597288598459,6741
M-2022-4,99,17,7,0.00029221456898351076,6742
M-2022-4,140,86,21,0.0002919423900350331,6743
M-2022-4,59,18,4,0.0002914602156805596,6744
M-2022-4,59,102,4,0.0002914602156805596,6745
M-2022-4,82,117,23,0.0002889120576819204,6746
M-2022-4,14,3,3,0.00028843380444188056,6747
M-2022-4,14,11,3,0.00028843380444188056,6748
M-2022-4,14,52,3,0.00028843380444188056,6749
M-2022-4,14,62,3,0.00028843380444188056,6750
M-2022-4,14,85,3,0.00028843380444188056,6751
M-2022-4,14,88,3,0.00028843380444188056,6752
M-2022-4,14,101,3,0.00028843380444188056,6753
M-2022-4,14,120,3,0.00028843380444188056,6754
M-2022-4,14,137,3,0.00028843380444188056,6755
M-2022-4,14,165,3,0.00028843380444188056,6756
M-2022-4,14,177,3,0.00028843380444188056,6757
M-2022-4,86,143,8,0.00028819481969811594,6758
M-2022-4,142,136,18,0.0002875215641173088,6759
M-2022-4,93,14,10,0.0002872572676088705,6760
M-2022-4,93,23,10,0.0002872572676088705,6761
M-2022-4,93,75,10,0.0002872572676088705,6762
M-2022-4,83,96,7,0.0002856909640029385,6763
M-2022-4,83,124,7,0.0002856909640029385,6764
M-2022-4,76,14,3,0.00028508980328803573,6765
M-2022-4,76,17,3,0.00028508980328803573,6766
M-2022-4,76,23,3,0.00028508980328803573,6767
M-2022-4,76,32,3,0.00028508980328803573,6768
M-2022-4,76,97,3,0.00028508980328803573,6769
M-2022-4,76,99,3,0.00028508980328803573,6770
M-2022-4,125,4,1,0.00028392958546280523,6771
M-2022-4,125,12,1,0.00028392958546280523,6772
M-2022-4,125,16,1,0.00028392958546280523,6773
M-2022-4,125,18,1,0.00028392958546280523,6774
M-2022-4,125,19,1,0.00028392958546280523,6775
M-2022-4,125,34,1,0.00028392958546280523,6776
M-2022-4,125,36,1,0.00028392958546280523,6777
M-2022-4,125,63,1,0.00028392958546280523,6778
M-2022-4,125,87,1,0.00028392958546280523,6779
M-2022-4,125,88,1,0.00028392958546280523,6780
M-2022-4,125,95,1,0.00028392958546280523,6781
M-2022-4,125,105,1,0.00028392958546280523,6782
M-2022-4,125,126,1,0.00028392958546280523,6783
M-2022-4,125,128,1,0.00028392958546280523,6784
M-2022-4,125,139,1,0.00028392958546280523,6785
M-2022-4,125,143,1,0.00028392958546280523,6786
M-2022-4,125,151,1,0.00028392958546280523,6787
M-2022-4,149,176,21,0.0002830417553980106,6788
M-2022-4,117,4,24,0.00028256569652444194,6789
M-2022-4,117,54,24,0.00028256569652444194,6790
M-2022-4,171,18,2,0.0002824060999717594,6791
M-2022-4,171,24,2,0.0002824060999717594,6792
M-2022-4,171,59,2,0.0002824060999717594,6793
M-2022-4,171,66,2,0.0002824060999717594,6794
M-2022-4,171,97,2,0.0002824060999717594,6795
M-2022-4,171,124,2,0.0002824060999717594,6796
M-2022-4,171,127,2,0.0002824060999717594,6797
M-2022-4,171,132,2,0.0002824060999717594,6798
M-2022-4,171,160,2,0.0002824060999717594,6799
M-2022-4,60,19,14,0.00028213292491233725,6800
M-2022-4,60,77,14,0.00028213292491233725,6801
M-2022-4,130,10,2,0.0002820078962210942,6802
M-2022-4,130,18,2,0.0002820078962210942,6803
M-2022-4,130,22,2,0.0002820078962210942,6804
M-2022-4,130,60,2,0.0002820078962210942,6805
M-2022-4,130,87,2,0.0002820078962210942,6806
M-2022-4,130,93,2,0.0002820078962210942,6807
M-2022-4,130,99,2,0.0002820078962210942,6808
M-2022-4,130,100,2,0.0002820078962210942,6809
M-2022-4,130,123,2,0.0002820078962210942,6810
M-2022-4,130,131,2,0.0002820078962210942,6811
M-2022-4,130,141,2,0.0002820078962210942,6812
M-2022-4,130,143,2,0.0002820078962210942,6813
M-2022-4,130,150,2,0.0002820078962210942,6814
M-2022-4,130,151,2,0.0002820078962210942,6815
M-2022-4,134,2,3,0.0002793816353138387,6816
M-2022-4,134,28,3,0.0002793816353138387,6817
M-2022-4,134,61,3,0.0002793816353138387,6818
M-2022-4,134,86,3,0.0002793816353138387,6819
M-2022-4,134,112,3,0.0002793816353138387,6820
M-2022-4,134,127,3,0.0002793816353138387,6821
M-2022-4,134,162,3,0.0002793816353138387,6822
M-2022-4,95,140,14,0.0002787567449176672,6823
M-2022-4,140,40,20,0.00027804037146193626,6824
M-2022-4,140,51,20,0.00027804037146193626,6825
M-2022-4,140,117,20,0.00027804037146193626,6826
M-2022-4,1,14,3,0.00027798369162342475,6827
M-2022-4,1,25,3,0.00027798369162342475,6828
M-2022-4,1,38,3,0.00027798369162342475,6829
M-2022-4,1,43,3,0.00027798369162342475,6830
M-2022-4,1,87,3,0.00027798369162342475,6831
M-2022-4,1,140,3,0.00027798369162342475,6832
M-2022-4,1,149,3,0.00027798369162342475,6833
M-2022-4,1,168,3,0.00027798369162342475,6834
M-2022-4,1,175,3,0.00027798369162342475,6835
M-2022-4,1,176,3,0.00027798369162342475,6836
M-2022-4,133,2,15,0.0002772130844575864,6837
M-2022-4,133,132,15,0.0002772130844575864,6838
M-2022-4,81,155,2,0.0002771234585007621,6839
M-2022-4,122,26,17,0.0002767557711718165,6840
M-2022-4,175,51,14,0.0002765268231018409,6841
M-2022-4,175,83,14,0.0002765268231018409,6842
M-2022-4,68,11,2,0.00027506532801540364,6843
M-2022-4,68,22,2,0.00027506532801540364,6844
M-2022-4,68,26,2,0.00027506532801540364,6845
M-2022-4,68,27,2,0.00027506532801540364,6846
M-2022-4,68,32,2,0.00027506532801540364,6847
M-2022-4,68,39,2,0.00027506532801540364,6848
M-2022-4,68,97,2,0.00027506532801540364,6849
M-2022-4,68,99,2,0.00027506532801540364,6850
M-2022-4,68,102,2,0.00027506532801540364,6851
M-2022-4,68,125,2,0.00027506532801540364,6852
M-2022-4,68,134,2,0.00027506532801540364,6853
M-2022-4,68,158,2,0.00027506532801540364,6854
M-2022-4,68,159,2,0.00027506532801540364,6855
M-2022-4,68,165,2,0.00027506532801540364,6856
M-2022-4,68,168,2,0.00027506532801540364,6857
M-2022-4,68,171,2,0.00027506532801540364,6858
M-2022-4,138,132,12,0.0002750338062386835,6859
M-2022-4,138,139,12,0.0002750338062386835,6860
M-2022-4,138,142,12,0.0002750338062386835,6861
M-2022-4,25,32,15,0.0002749418039848232,6862
M-2022-4,25,83,15,0.0002749418039848232,6863
M-2022-4,25,90,15,0.0002749418039848232,6864
M-2022-4,25,135,15,0.0002749418039848232,6865
M-2022-4,51,24,6,0.00027470011903671826,6866
M-2022-4,51,77,6,0.00027470011903671826,6867
M-2022-4,51,85,6,0.00027470011903671826,6868
M-2022-4,51,123,6,0.00027470011903671826,6869
M-2022-4,51,138,6,0.00027470011903671826,6870
M-2022-4,144,10,1,0.0002745744096650192,6871
M-2022-4,144,11,1,0.0002745744096650192,6872
M-2022-4,144,13,1,0.0002745744096650192,6873
M-2022-4,144,29,1,0.0002745744096650192,6874
M-2022-4,144,60,1,0.0002745744096650192,6875
M-2022-4,144,63,1,0.0002745744096650192,6876
M-2022-4,144,68,1,0.0002745744096650192,6877
M-2022-4,144,69,1,0.0002745744096650192,6878
M-2022-4,144,96,1,0.0002745744096650192,6879
M-2022-4,144,99,1,0.0002745744096650192,6880
M-2022-4,144,101,1,0.0002745744096650192,6881
M-2022-4,144,105,1,0.0002745744096650192,6882
M-2022-4,144,117,1,0.0002745744096650192,6883
M-2022-4,144,130,1,0.0002745744096650192,6884
M-2022-4,144,169,1,0.0002745744096650192,6885
M-2022-4,71,70,41,0.00027441636324694797,6886
M-2022-4,71,81,41,0.00027441636324694797,6887
M-2022-4,18,51,6,0.00027364772416309404,6888
M-2022-4,18,61,6,0.00027364772416309404,6889
M-2022-4,18,76,6,0.00027364772416309404,6890
M-2022-4,18,111,6,0.00027364772416309404,6891
M-2022-4,18,135,6,0.00027364772416309404,6892
M-2022-4,18,147,6,0.00027364772416309404,6893
M-2022-4,156,13,9,0.0002735811776149801,6894
M-2022-4,156,22,9,0.0002735811776149801,6895
M-2022-4,156,62,9,0.0002735811776149801,6896
M-2022-4,156,76,9,0.0002735811776149801,6897
M-2022-4,156,79,9,0.0002735811776149801,6898
M-2022-4,156,81,9,0.0002735811776149801,6899
M-2022-4,156,102,9,0.0002735811776149801,6900
M-2022-4,156,116,9,0.0002735811776149801,6901
M-2022-4,156,137,9,0.0002735811776149801,6902
M-2022-4,156,141,9,0.0002735811776149801,6903
M-2022-4,156,166,9,0.0002735811776149801,6904
M-2022-4,49,70,11,0.00027349577324714075,6905
M-2022-4,49,87,11,0.00027349577324714075,6906
M-2022-4,129,18,12,0.00027163456097064085,6907
M-2022-4,142,17,17,0.00027154814388856944,6908
M-2022-4,117,61,23,0.0002707921258359235,6909
M-2022-4,117,171,23,0.0002707921258359235,6910
M-2022-4,78,76,13,0.00027078256160303275,6911
M-2022-4,63,53,3,0.0002690100430416069,6912
M-2022-4,63,74,3,0.0002690100430416069,6913
M-2022-4,63,77,3,0.0002690100430416069,6914
M-2022-4,63,83,3,0.0002690100430416069,6915
M-2022-4,63,105,3,0.0002690100430416069,6916
M-2022-4,63,110,3,0.0002690100430416069,6917
M-2022-4,63,128,3,0.0002690100430416069,6918
M-2022-4,63,168,3,0.0002690100430416069,6919
M-2022-4,136,31,6,0.00026855250201414377,6920
M-2022-4,136,41,6,0.00026855250201414377,6921
M-2022-4,136,99,6,0.00026855250201414377,6922
M-2022-4,77,14,22,0.0002685153541961627,6923
M-2022-4,155,22,3,0.00026826432978628275,6924
M-2022-4,155,64,3,0.00026826432978628275,6925
M-2022-4,155,88,3,0.00026826432978628275,6926
M-2022-4,155,89,3,0.00026826432978628275,6927
M-2022-4,155,111,3,0.00026826432978628275,6928
M-2022-4,155,112,3,0.00026826432978628275,6929
M-2022-4,155,125,3,0.00026826432978628275,6930
M-2022-4,155,127,3,0.00026826432978628275,6931
M-2022-4,155,148,3,0.00026826432978628275,6932
M-2022-4,155,160,3,0.00026826432978628275,6933
M-2022-4,155,168,3,0.00026826432978628275,6934
M-2022-4,153,67,19,0.00026770743803981796,6935
M-2022-4,4,2,1,0.0002675943270002676,6936
M-2022-4,4,14,1,0.0002675943270002676,6937
M-2022-4,4,18,1,0.0002675943270002676,6938
M-2022-4,4,30,1,0.0002675943270002676,6939
M-2022-4,4,49,1,0.0002675943270002676,6940
M-2022-4,4,51,1,0.0002675943270002676,6941
M-2022-4,4,55,1,0.0002675943270002676,6942
M-2022-4,4,59,1,0.0002675943270002676,6943
M-2022-4,4,68,1,0.0002675943270002676,6944
M-2022-4,4,74,1,0.0002675943270002676,6945
M-2022-4,4,76,1,0.0002675943270002676,6946
M-2022-4,4,92,1,0.0002675943270002676,6947
M-2022-4,4,98,1,0.0002675943270002676,6948
M-2022-4,4,99,1,0.0002675943270002676,6949
M-2022-4,4,106,1,0.0002675943270002676,6950
M-2022-4,4,111,1,0.0002675943270002676,6951
M-2022-4,4,124,1,0.0002675943270002676,6952
M-2022-4,4,129,1,0.0002675943270002676,6953
M-2022-4,4,133,1,0.0002675943270002676,6954
M-2022-4,4,140,1,0.0002675943270002676,6955
M-2022-4,4,153,1,0.0002675943270002676,6956
M-2022-4,4,156,1,0.0002675943270002676,6957
M-2022-4,4,157,1,0.0002675943270002676,6958
M-2022-4,4,165,1,0.0002675943270002676,6959
M-2022-4,87,14,3,0.00026711779894933663,6960
M-2022-4,87,18,3,0.00026711779894933663,6961
M-2022-4,87,51,3,0.00026711779894933663,6962
M-2022-4,87,101,3,0.00026711779894933663,6963
M-2022-4,87,127,3,0.00026711779894933663,6964
M-2022-4,87,130,3,0.00026711779894933663,6965
M-2022-4,87,153,3,0.00026711779894933663,6966
M-2022-4,87,170,3,0.00026711779894933663,6967
M-2022-4,118,63,1,0.00026595744680851064,6968
M-2022-4,118,71,1,0.00026595744680851064,6969
M-2022-4,118,77,1,0.00026595744680851064,6970
M-2022-4,118,97,1,0.00026595744680851064,6971
M-2022-4,118,99,1,0.00026595744680851064,6972
M-2022-4,118,113,1,0.00026595744680851064,6973
M-2022-4,118,127,1,0.00026595744680851064,6974
M-2022-4,118,130,1,0.00026595744680851064,6975
M-2022-4,118,139,1,0.00026595744680851064,6976
M-2022-4,118,158,1,0.00026595744680851064,6977
M-2022-4,118,167,1,0.00026595744680851064,6978
M-2022-4,118,174,1,0.00026595744680851064,6979
M-2022-4,170,3,1,0.00026497085320614734,6980
M-2022-4,170,11,1,0.00026497085320614734,6981
M-2022-4,170,20,1,0.00026497085320614734,6982
M-2022-4,170,37,1,0.00026497085320614734,6983
M-2022-4,170,42,1,0.00026497085320614734,6984
M-2022-4,170,46,1,0.00026497085320614734,6985
M-2022-4,170,47,1,0.00026497085320614734,6986
M-2022-4,170,60,1,0.00026497085320614734,6987
M-2022-4,170,68,1,0.00026497085320614734,6988
M-2022-4,170,75,1,0.00026497085320614734,6989
M-2022-4,170,76,1,0.00026497085320614734,6990
M-2022-4,170,82,1,0.00026497085320614734,6991
M-2022-4,170,85,1,0.00026497085320614734,6992
M-2022-4,170,87,1,0.00026497085320614734,6993
M-2022-4,170,94,1,0.00026497085320614734,6994
M-2022-4,170,99,1,0.00026497085320614734,6995
M-2022-4,170,102,1,0.00026497085320614734,6996
M-2022-4,170,103,1,0.00026497085320614734,6997
M-2022-4,170,104,1,0.00026497085320614734,6998
M-2022-4,170,109,1,0.00026497085320614734,6999
M-2022-4,170,112,1,0.00026497085320614734,7000
M-2022-4,170,116,1,0.00026497085320614734,7001
M-2022-4,170,118,1,0.00026497085320614734,7002
M-2022-4,170,138,1,0.00026497085320614734,7003
M-2022-4,170,139,1,0.00026497085320614734,7004
M-2022-4,170,157,1,0.00026497085320614734,7005
M-2022-4,170,158,1,0.00026497085320614734,7006
M-2022-4,170,160,1,0.00026497085320614734,7007
M-2022-4,170,171,1,0.00026497085320614734,7008
M-2022-4,170,176,1,0.00026497085320614734,7009
M-2022-4,82,133,21,0.0002637892700574056,7010
M-2022-4,2,20,2,0.00026374785704866147,7011
M-2022-4,2,22,2,0.00026374785704866147,7012
M-2022-4,2,30,2,0.00026374785704866147,7013
M-2022-4,2,41,2,0.00026374785704866147,7014
M-2022-4,2,60,2,0.00026374785704866147,7015
M-2022-4,2,64,2,0.00026374785704866147,7016
M-2022-4,2,114,2,0.00026374785704866147,7017
M-2022-4,2,126,2,0.00026374785704866147,7018
M-2022-4,2,127,2,0.00026374785704866147,7019
M-2022-4,2,154,2,0.00026374785704866147,7020
M-2022-4,2,167,2,0.00026374785704866147,7021
M-2022-4,2,170,2,0.00026374785704866147,7022
M-2022-4,124,53,8,0.0002623638987275351,7023
M-2022-4,124,134,8,0.0002623638987275351,7024
M-2022-4,131,99,8,0.0002620115940130351,7025
M-2022-4,60,96,13,0.0002619805731328846,7026
M-2022-4,60,124,13,0.0002619805731328846,7027
M-2022-4,60,126,13,0.0002619805731328846,7028
M-2022-4,60,129,13,0.0002619805731328846,7029
M-2022-4,90,56,2,0.0002619515389652914,7030
M-2022-4,90,73,2,0.0002619515389652914,7031
M-2022-4,90,77,2,0.0002619515389652914,7032
M-2022-4,90,79,2,0.0002619515389652914,7033
M-2022-4,90,84,2,0.0002619515389652914,7034
M-2022-4,90,108,2,0.0002619515389652914,7035
M-2022-4,90,118,2,0.0002619515389652914,7036
M-2022-4,90,138,2,0.0002619515389652914,7037
M-2022-4,90,164,2,0.0002619515389652914,7038
M-2022-4,112,1,1,0.00026164311878597594,7039
M-2022-4,112,18,1,0.00026164311878597594,7040
M-2022-4,112,20,1,0.00026164311878597594,7041
M-2022-4,112,39,1,0.00026164311878597594,7042
M-2022-4,112,54,1,0.00026164311878597594,7043
M-2022-4,112,63,1,0.00026164311878597594,7044
M-2022-4,112,66,1,0.00026164311878597594,7045
M-2022-4,112,70,1,0.00026164311878597594,7046
M-2022-4,112,77,1,0.00026164311878597594,7047
M-2022-4,112,110,1,0.00026164311878597594,7048
M-2022-4,112,126,1,0.00026164311878597594,7049
M-2022-4,112,132,1,0.00026164311878597594,7050
M-2022-4,112,134,1,0.00026164311878597594,7051
M-2022-4,112,135,1,0.00026164311878597594,7052
M-2022-4,112,147,1,0.00026164311878597594,7053
M-2022-4,112,155,1,0.00026164311878597594,7054
M-2022-4,112,158,1,0.00026164311878597594,7055
M-2022-4,112,170,1,0.00026164311878597594,7056
M-2022-4,115,64,6,0.00026111933153451125,7057
M-2022-4,115,89,6,0.00026111933153451125,7058
M-2022-4,115,143,6,0.00026111933153451125,7059
M-2022-4,47,25,1,0.00026048450117218026,7060
M-2022-4,47,27,1,0.00026048450117218026,7061
M-2022-4,47,66,1,0.00026048450117218026,7062
M-2022-4,47,82,1,0.00026048450117218026,7063
M-2022-4,47,91,1,0.00026048450117218026,7064
M-2022-4,47,140,1,0.00026048450117218026,7065
M-2022-4,47,149,1,0.00026048450117218026,7066
M-2022-4,122,148,16,0.00026047601992641554,7067
M-2022-4,172,52,2,0.00026014568158168577,7068
M-2022-4,172,71,2,0.00026014568158168577,7069
M-2022-4,172,76,2,0.00026014568158168577,7070
M-2022-4,172,77,2,0.00026014568158168577,7071
M-2022-4,172,92,2,0.00026014568158168577,7072
M-2022-4,172,94,2,0.00026014568158168577,7073
M-2022-4,172,106,2,0.00026014568158168577,7074
M-2022-4,172,127,2,0.00026014568158168577,7075
M-2022-4,172,129,2,0.00026014568158168577,7076
M-2022-4,172,131,2,0.00026014568158168577,7077
M-2022-4,172,135,2,0.00026014568158168577,7078
M-2022-4,172,169,2,0.00026014568158168577,7079
M-2022-4,172,171,2,0.00026014568158168577,7080
M-2022-4,172,175,2,0.00026014568158168577,7081
M-2022-4,132,22,6,0.0002591009198082653,7082
M-2022-4,132,71,6,0.0002591009198082653,7083
M-2022-4,132,82,6,0.0002591009198082653,7084
M-2022-4,117,23,22,0.0002590185551474051,7085
M-2022-4,117,60,22,0.0002590185551474051,7086
M-2022-4,95,175,13,0.0002588455488521195,7087
M-2022-4,133,1,14,0.000258732212160414,7088
M-2022-4,133,25,14,0.000258732212160414,7089
M-2022-4,133,82,14,0.000258732212160414,7090
M-2022-4,133,122,14,0.000258732212160414,7091
M-2022-4,93,2,9,0.0002585315408479835,7092
M-2022-4,93,12,9,0.0002585315408479835,7093
M-2022-4,93,129,9,0.0002585315408479835,7094
M-2022-4,93,148,9,0.0002585315408479835,7095
M-2022-4,93,171,9,0.0002585315408479835,7096
M-2022-4,107,62,1,0.0002581977794990963,7097
M-2022-4,107,86,1,0.0002581977794990963,7098
M-2022-4,107,106,1,0.0002581977794990963,7099
M-2022-4,107,117,1,0.0002581977794990963,7100
M-2022-4,107,129,1,0.0002581977794990963,7101
M-2022-4,107,130,1,0.0002581977794990963,7102
M-2022-4,107,140,1,0.0002581977794990963,7103
M-2022-4,107,143,1,0.0002581977794990963,7104
M-2022-4,62,55,4,0.0002572512701781465,7105
M-2022-4,62,69,4,0.0002572512701781465,7106
M-2022-4,62,71,4,0.0002572512701781465,7107
M-2022-4,62,99,4,0.0002572512701781465,7108
M-2022-4,62,139,4,0.0002572512701781465,7109
M-2022-4,62,144,4,0.0002572512701781465,7110
M-2022-4,62,146,4,0.0002572512701781465,7111
M-2022-4,108,2,3,0.00025722369887678983,7112
M-2022-4,108,28,3,0.00025722369887678983,7113
M-2022-4,108,87,3,0.00025722369887678983,7114
M-2022-4,108,133,3,0.00025722369887678983,7115
M-2022-4,108,143,3,0.00025722369887678983,7116
M-2022-4,175,97,13,0.0002567749071659951,7117
M-2022-4,25,18,14,0.000256612350385835,7118
M-2022-4,25,158,14,0.000256612350385835,7119
M-2022-4,77,108,21,0.00025631011082360983,7120
M-2022-4,149,28,19,0.00025608539774105724,7121
M-2022-4,149,51,19,0.00025608539774105724,7122
M-2022-4,149,53,19,0.00025608539774105724,7123
M-2022-4,149,90,19,0.00025608539774105724,7124
M-2022-4,142,63,16,0.00025557472365983003,7125
M-2022-4,168,0,1,0.00025484199796126404,7126
M-2022-4,168,1,1,0.00025484199796126404,7127
M-2022-4,168,2,1,0.00025484199796126404,7128
M-2022-4,168,9,1,0.00025484199796126404,7129
M-2022-4,168,11,1,0.00025484199796126404,7130
M-2022-4,168,17,1,0.00025484199796126404,7131
M-2022-4,168,50,1,0.00025484199796126404,7132
M-2022-4,168,65,1,0.00025484199796126404,7133
M-2022-4,168,85,1,0.00025484199796126404,7134
M-2022-4,168,87,1,0.00025484199796126404,7135
M-2022-4,168,90,1,0.00025484199796126404,7136
M-2022-4,168,93,1,0.00025484199796126404,7137
M-2022-4,168,109,1,0.00025484199796126404,7138
M-2022-4,168,129,1,0.00025484199796126404,7139
M-2022-4,168,133,1,0.00025484199796126404,7140
M-2022-4,168,134,1,0.00025484199796126404,7141
M-2022-4,168,136,1,0.00025484199796126404,7142
M-2022-4,168,138,1,0.00025484199796126404,7143
M-2022-4,168,142,1,0.00025484199796126404,7144
M-2022-4,168,158,1,0.00025484199796126404,7145
M-2022-4,168,159,1,0.00025484199796126404,7146
M-2022-4,168,163,1,0.00025484199796126404,7147
M-2022-4,71,90,38,0.00025433711715570787,7148
M-2022-4,61,78,5,0.00025411669038422443,7149
M-2022-4,61,129,5,0.00025411669038422443,7150
M-2022-4,61,146,5,0.00025411669038422443,7151
M-2022-4,153,13,18,0.00025361757287982754,7152
M-2022-4,153,22,18,0.00025361757287982754,7153
M-2022-4,86,2,7,0.00025217046723585143,7154
M-2022-4,86,111,7,0.00025217046723585143,7155
M-2022-4,86,112,7,0.00025217046723585143,7156
M-2022-4,86,135,7,0.00025217046723585143,7157
M-2022-4,86,159,7,0.00025217046723585143,7158
M-2022-4,138,60,11,0.00025211432238545986,7159
M-2022-4,31,14,2,0.0002508466072996363,7160
M-2022-4,31,75,2,0.0002508466072996363,7161
M-2022-4,31,95,2,0.0002508466072996363,7162
M-2022-4,31,96,2,0.0002508466072996363,7163
M-2022-4,31,102,2,0.0002508466072996363,7164
M-2022-4,31,121,2,0.0002508466072996363,7165
M-2022-4,31,122,2,0.0002508466072996363,7166
M-2022-4,99,18,6,0.0002504696305572949,7167
M-2022-4,99,87,6,0.0002504696305572949,7168
M-2022-4,99,176,6,0.0002504696305572949,7169
M-2022-4,106,4,1,0.00025043826696719256,7170
M-2022-4,106,57,1,0.00025043826696719256,7171
M-2022-4,106,111,1,0.00025043826696719256,7172
M-2022-4,106,154,1,0.00025043826696719256,7173
M-2022-4,106,156,1,0.00025043826696719256,7174
M-2022-4,106,165,1,0.00025043826696719256,7175
M-2022-4,106,176,1,0.00025043826696719256,7176
M-2022-4,78,72,12,0.0002499531337874149,7177
M-2022-4,129,138,11,0.00024899834755642077,7178
M-2022-4,129,147,11,0.00024899834755642077,7179
M-2022-4,129,157,11,0.00024899834755642077,7180
M-2022-4,116,0,1,0.00024857071836937607,7181
M-2022-4,116,13,1,0.00024857071836937607,7182
M-2022-4,116,18,1,0.00024857071836937607,7183
M-2022-4,116,20,1,0.00024857071836937607,7184
M-2022-4,116,29,1,0.00024857071836937607,7185
M-2022-4,116,31,1,0.00024857071836937607,7186
M-2022-4,116,33,1,0.00024857071836937607,7187
M-2022-4,116,37,1,0.00024857071836937607,7188
M-2022-4,116,43,1,0.00024857071836937607,7189
M-2022-4,116,60,1,0.00024857071836937607,7190
M-2022-4,116,72,1,0.00024857071836937607,7191
M-2022-4,116,75,1,0.00024857071836937607,7192
M-2022-4,116,87,1,0.00024857071836937607,7193
M-2022-4,116,96,1,0.00024857071836937607,7194
M-2022-4,116,99,1,0.00024857071836937607,7195
M-2022-4,116,104,1,0.00024857071836937607,7196
M-2022-4,116,105,1,0.00024857071836937607,7197
M-2022-4,116,134,1,0.00024857071836937607,7198
M-2022-4,116,136,1,0.00024857071836937607,7199
M-2022-4,116,139,1,0.00024857071836937607,7200
M-2022-4,116,151,1,0.00024857071836937607,7201
M-2022-4,116,157,1,0.00024857071836937607,7202
M-2022-4,116,162,1,0.00024857071836937607,7203
M-2022-4,116,172,1,0.00024857071836937607,7204
M-2022-4,101,138,15,0.00024740635669399133,7205
M-2022-4,117,127,21,0.0002472449844588867,7206
M-2022-4,30,14,2,0.0002459722051408191,7207
M-2022-4,30,51,2,0.0002459722051408191,7208
M-2022-4,30,65,2,0.0002459722051408191,7209
M-2022-4,30,90,2,0.0002459722051408191,7210
M-2022-4,30,92,2,0.0002459722051408191,7211
M-2022-4,30,107,2,0.0002459722051408191,7212
M-2022-4,30,133,2,0.0002459722051408191,7213
M-2022-4,30,138,2,0.0002459722051408191,7214
M-2022-4,83,94,6,0.0002448779691453759,7215
M-2022-4,83,140,6,0.0002448779691453759,7216
M-2022-4,83,141,6,0.0002448779691453759,7217
M-2022-4,83,142,6,0.0002448779691453759,7218
M-2022-4,83,152,6,0.0002448779691453759,7219
M-2022-4,83,156,6,0.0002448779691453759,7220
M-2022-4,137,14,1,0.00024455857177794083,7221
M-2022-4,137,28,1,0.00024455857177794083,7222
M-2022-4,137,29,1,0.00024455857177794083,7223
M-2022-4,137,51,1,0.00024455857177794083,7224
M-2022-4,137,62,1,0.00024455857177794083,7225
M-2022-4,137,75,1,0.00024455857177794083,7226
M-2022-4,137,76,1,0.00024455857177794083,7227
M-2022-4,137,84,1,0.00024455857177794083,7228
M-2022-4,137,86,1,0.00024455857177794083,7229
M-2022-4,137,112,1,0.00024455857177794083,7230
M-2022-4,137,125,1,0.00024455857177794083,7231
M-2022-4,137,130,1,0.00024455857177794083,7232
M-2022-4,137,136,1,0.00024455857177794083,7233
M-2022-4,137,138,1,0.00024455857177794083,7234
M-2022-4,137,139,1,0.00024455857177794083,7235
M-2022-4,137,146,1,0.00024455857177794083,7236
M-2022-4,137,153,1,0.00024455857177794083,7237
M-2022-4,137,155,1,0.00024455857177794083,7238
M-2022-4,137,159,1,0.00024455857177794083,7239
M-2022-4,137,172,1,0.00024455857177794083,7240
M-2022-4,137,174,1,0.00024455857177794083,7241
M-2022-4,28,60,4,0.0002444091409018697,7242
M-2022-4,28,66,4,0.0002444091409018697,7243
M-2022-4,28,69,4,0.0002444091409018697,7244
M-2022-4,28,85,4,0.0002444091409018697,7245
M-2022-4,28,87,4,0.0002444091409018697,7246
M-2022-4,28,114,4,0.0002444091409018697,7247
M-2022-4,28,131,4,0.0002444091409018697,7248
M-2022-4,28,134,4,0.0002444091409018697,7249
M-2022-4,28,137,4,0.0002444091409018697,7250
M-2022-4,28,167,4,0.0002444091409018697,7251
M-2022-4,122,132,15,0.0002441962686810146,7252
M-2022-4,55,156,2,0.00024411082631514708,7253
M-2022-4,156,30,8,0.0002431832689910934,7254
M-2022-4,156,172,8,0.0002431832689910934,7255
M-2022-4,149,172,18,0.00024260721891258054,7256
M-2022-4,149,175,18,0.00024260721891258054,7257
M-2022-4,133,19,13,0.00024025133986324155,7258
M-2022-4,133,134,13,0.00024025133986324155,7259
M-2022-4,142,20,15,0.00023960130343109068,7260
M-2022-4,142,60,15,0.00023960130343109068,7261
M-2022-4,142,86,15,0.00023960130343109068,7262
M-2022-4,142,138,15,0.00023960130343109068,7263
M-2022-4,153,62,17,0.00023952770771983712,7264
M-2022-4,158,16,3,0.00023915816326530612,7265
M-2022-4,158,18,3,0.00023915816326530612,7266
M-2022-4,158,59,3,0.00023915816326530612,7267
M-2022-4,158,60,3,0.00023915816326530612,7268
M-2022-4,158,62,3,0.00023915816326530612,7269
M-2022-4,158,75,3,0.00023915816326530612,7270
M-2022-4,158,87,3,0.00023915816326530612,7271
M-2022-4,158,96,3,0.00023915816326530612,7272
M-2022-4,158,99,3,0.00023915816326530612,7273
M-2022-4,158,133,3,0.00023915816326530612,7274
M-2022-4,79,153,6,0.0002390247789020795,7275
M-2022-4,25,75,13,0.00023828289678684677,7276
M-2022-4,25,77,13,0.00023828289678684677,7277
M-2022-4,25,99,13,0.00023828289678684677,7278
M-2022-4,25,140,13,0.00023828289678684677,7279
M-2022-4,102,28,19,0.00023782403524802542,7280
M-2022-4,175,86,12,0.00023702299123014932,7281
M-2022-4,140,81,17,0.00023633431574264583,7282
M-2022-4,29,69,7,0.00023606380467406334,7283
M-2022-4,29,129,7,0.00023606380467406334,7284
M-2022-4,29,155,7,0.00023606380467406334,7285
M-2022-4,174,1,1,0.00023551577955723034,7286
M-2022-4,174,55,1,0.00023551577955723034,7287
M-2022-4,174,82,1,0.00023551577955723034,7288
M-2022-4,174,98,1,0.00023551577955723034,7289
M-2022-4,174,116,1,0.00023551577955723034,7290
M-2022-4,174,119,1,0.00023551577955723034,7291
M-2022-4,174,120,1,0.00023551577955723034,7292
M-2022-4,174,137,1,0.00023551577955723034,7293
M-2022-4,174,142,1,0.00023551577955723034,7294
M-2022-4,174,153,1,0.00023551577955723034,7295
M-2022-4,174,167,1,0.00023551577955723034,7296
M-2022-4,174,175,1,0.00023551577955723034,7297
M-2022-4,117,13,20,0.00023547141377036827,7298
M-2022-4,117,46,20,0.00023547141377036827,7299
M-2022-4,91,27,1,0.0002346316283435007,7300
M-2022-4,91,49,1,0.0002346316283435007,7301
M-2022-4,91,65,1,0.0002346316283435007,7302
M-2022-4,91,90,1,0.0002346316283435007,7303
M-2022-4,91,93,1,0.0002346316283435007,7304
M-2022-4,91,94,1,0.0002346316283435007,7305
M-2022-4,91,107,1,0.0002346316283435007,7306
M-2022-4,91,111,1,0.0002346316283435007,7307
M-2022-4,91,139,1,0.0002346316283435007,7308
M-2022-4,91,143,1,0.0002346316283435007,7309
M-2022-4,91,153,1,0.0002346316283435007,7310
M-2022-4,91,156,1,0.0002346316283435007,7311
M-2022-4,91,165,1,0.0002346316283435007,7312
M-2022-4,23,50,3,0.00023364485981308412,7313
M-2022-4,23,71,3,0.00023364485981308412,7314
M-2022-4,23,127,3,0.00023364485981308412,7315
M-2022-4,176,15,1,0.00023207240659085636,7316
M-2022-4,176,18,1,0.00023207240659085636,7317
M-2022-4,176,20,1,0.00023207240659085636,7318
M-2022-4,176,23,1,0.00023207240659085636,7319
M-2022-4,176,27,1,0.00023207240659085636,7320
M-2022-4,176,31,1,0.00023207240659085636,7321
M-2022-4,176,43,1,0.00023207240659085636,7322
M-2022-4,176,46,1,0.00023207240659085636,7323
M-2022-4,176,47,1,0.00023207240659085636,7324
M-2022-4,176,48,1,0.00023207240659085636,7325
M-2022-4,176,54,1,0.00023207240659085636,7326
M-2022-4,176,55,1,0.00023207240659085636,7327
M-2022-4,176,66,1,0.00023207240659085636,7328
M-2022-4,176,73,1,0.00023207240659085636,7329
M-2022-4,176,74,1,0.00023207240659085636,7330
M-2022-4,176,75,1,0.00023207240659085636,7331
M-2022-4,176,76,1,0.00023207240659085636,7332
M-2022-4,176,87,1,0.00023207240659085636,7333
M-2022-4,176,89,1,0.00023207240659085636,7334
M-2022-4,176,92,1,0.00023207240659085636,7335
M-2022-4,176,95,1,0.00023207240659085636,7336
M-2022-4,176,98,1,0.00023207240659085636,7337
M-2022-4,176,105,1,0.00023207240659085636,7338
M-2022-4,176,110,1,0.00023207240659085636,7339
M-2022-4,176,119,1,0.00023207240659085636,7340
M-2022-4,176,123,1,0.00023207240659085636,7341
M-2022-4,176,127,1,0.00023207240659085636,7342
M-2022-4,176,132,1,0.00023207240659085636,7343
M-2022-4,176,134,1,0.00023207240659085636,7344
M-2022-4,176,152,1,0.00023207240659085636,7345
M-2022-4,176,157,1,0.00023207240659085636,7346
M-2022-4,176,160,1,0.00023207240659085636,7347
M-2022-4,176,164,1,0.00023207240659085636,7348
M-2022-4,176,174,1,0.00023207240659085636,7349
M-2022-4,77,70,19,0.00023189962407850414,7350
M-2022-4,101,149,14,0.00023091259958105858,7351
M-2022-4,93,11,8,0.0002298058140870964,7352
M-2022-4,93,19,8,0.0002298058140870964,7353
M-2022-4,93,126,8,0.0002298058140870964,7354
M-2022-4,124,68,7,0.0002295684113865932,7355
M-2022-4,124,83,7,0.0002295684113865932,7356
M-2022-4,100,99,7,0.00022947810123262523,7357
M-2022-4,100,122,7,0.00022947810123262523,7358
M-2022-4,100,172,7,0.00022947810123262523,7359
M-2022-4,131,41,7,0.0002292601447614057,7360
M-2022-4,131,61,7,0.0002292601447614057,7361
M-2022-4,138,51,10,0.00022919483853223624,7362
M-2022-4,138,104,10,0.00022919483853223624,7363
M-2022-4,149,77,17,0.00022912904008410382,7364
M-2022-4,51,1,5,0.00022891676586393189,7365
M-2022-4,51,29,5,0.00022891676586393189,7366
M-2022-4,51,49,5,0.00022891676586393189,7367
M-2022-4,51,50,5,0.00022891676586393189,7368
M-2022-4,51,99,5,0.00022891676586393189,7369
M-2022-4,51,107,5,0.00022891676586393189,7370
M-2022-4,51,112,5,0.00022891676586393189,7371
M-2022-4,51,125,5,0.00022891676586393189,7372
M-2022-4,51,152,5,0.00022891676586393189,7373
M-2022-4,143,0,1,0.0002281021897810219,7374
M-2022-4,143,10,1,0.0002281021897810219,7375
M-2022-4,143,16,1,0.0002281021897810219,7376
M-2022-4,143,21,1,0.0002281021897810219,7377
M-2022-4,143,31,1,0.0002281021897810219,7378
M-2022-4,143,35,1,0.0002281021897810219,7379
M-2022-4,143,37,1,0.0002281021897810219,7380
M-2022-4,143,42,1,0.0002281021897810219,7381
M-2022-4,143,43,1,0.0002281021897810219,7382
M-2022-4,143,54,1,0.0002281021897810219,7383
M-2022-4,143,64,1,0.0002281021897810219,7384
M-2022-4,143,78,1,0.0002281021897810219,7385
M-2022-4,143,89,1,0.0002281021897810219,7386
M-2022-4,143,92,1,0.0002281021897810219,7387
M-2022-4,143,104,1,0.0002281021897810219,7388
M-2022-4,143,110,1,0.0002281021897810219,7389
M-2022-4,143,118,1,0.0002281021897810219,7390
M-2022-4,143,135,1,0.0002281021897810219,7391
M-2022-4,143,137,1,0.0002281021897810219,7392
M-2022-4,143,160,1,0.0002281021897810219,7393
M-2022-4,143,164,1,0.0002281021897810219,7394
M-2022-4,143,168,1,0.0002281021897810219,7395
M-2022-4,143,172,1,0.0002281021897810219,7396
M-2022-4,143,174,1,0.0002281021897810219,7397
M-2022-4,18,11,5,0.0002280397701359117,7398
M-2022-4,18,16,5,0.0002280397701359117,7399
M-2022-4,18,21,5,0.0002280397701359117,7400
M-2022-4,18,87,5,0.0002280397701359117,7401
M-2022-4,18,108,5,0.0002280397701359117,7402
M-2022-4,18,115,5,0.0002280397701359117,7403
M-2022-4,18,116,5,0.0002280397701359117,7404
M-2022-4,18,132,5,0.0002280397701359117,7405
M-2022-4,18,138,5,0.0002280397701359117,7406
M-2022-4,18,158,5,0.0002280397701359117,7407
M-2022-4,122,86,14,0.00022791651743561358,7408
M-2022-4,122,100,14,0.00022791651743561358,7409
M-2022-4,39,1,1,0.00022789425706472196,7410
M-2022-4,39,24,1,0.00022789425706472196,7411
M-2022-4,39,26,1,0.00022789425706472196,7412
M-2022-4,39,43,1,0.00022789425706472196,7413
M-2022-4,39,46,1,0.00022789425706472196,7414
M-2022-4,39,63,1,0.00022789425706472196,7415
M-2022-4,39,71,1,0.00022789425706472196,7416
M-2022-4,39,75,1,0.00022789425706472196,7417
M-2022-4,39,85,1,0.00022789425706472196,7418
M-2022-4,39,89,1,0.00022789425706472196,7419
M-2022-4,39,100,1,0.00022789425706472196,7420
M-2022-4,39,124,1,0.00022789425706472196,7421
M-2022-4,39,129,1,0.00022789425706472196,7422
M-2022-4,39,134,1,0.00022789425706472196,7423
M-2022-4,39,139,1,0.00022789425706472196,7424
M-2022-4,39,141,1,0.00022789425706472196,7425
M-2022-4,39,154,1,0.00022789425706472196,7426
M-2022-4,71,14,34,0.0002275647890340544,7427
M-2022-4,19,50,3,0.00022753128555176336,7428
M-2022-4,19,54,3,0.00022753128555176336,7429
M-2022-4,19,61,3,0.00022753128555176336,7430
M-2022-4,19,95,3,0.00022753128555176336,7431
M-2022-4,19,104,3,0.00022753128555176336,7432
M-2022-4,19,124,3,0.00022753128555176336,7433
M-2022-4,19,125,3,0.00022753128555176336,7434
M-2022-4,19,158,3,0.00022753128555176336,7435
M-2022-4,19,173,3,0.00022753128555176336,7436
M-2022-4,19,176,3,0.00022753128555176336,7437
M-2022-4,129,96,10,0.00022636213414220068,7438
M-2022-4,129,158,10,0.00022636213414220068,7439
M-2022-4,129,176,10,0.00022636213414220068,7440
M-2022-4,153,20,16,0.0002254378425598467,7441
M-2022-4,153,105,16,0.0002254378425598467,7442
M-2022-4,136,125,5,0.00022379375167845314,7443
M-2022-4,136,126,5,0.00022379375167845314,7444
M-2022-4,136,134,5,0.00022379375167845314,7445
M-2022-4,136,138,5,0.00022379375167845314,7446
M-2022-4,136,140,5,0.00022379375167845314,7447
M-2022-4,49,63,9,0.00022376926902038785,7448
M-2022-4,49,96,9,0.00022376926902038785,7449
M-2022-4,72,70,4,0.00022371364653243848,7450
M-2022-4,72,124,4,0.00022371364653243848,7451
M-2022-4,72,140,4,0.00022371364653243848,7452
M-2022-4,72,168,4,0.00022371364653243848,7453
M-2022-4,117,159,19,0.00022369784308184985,7454
M-2022-4,142,29,14,0.0002236278832023513,7455
M-2022-4,142,76,14,0.0002236278832023513,7456
M-2022-4,142,87,14,0.0002236278832023513,7457
M-2022-4,140,62,16,0.000222432297169549,7458
M-2022-4,140,143,16,0.000222432297169549,7459
M-2022-4,133,11,12,0.00022177046756606913,7460
M-2022-4,133,17,12,0.00022177046756606913,7461
M-2022-4,60,68,11,0.0002216758695739793,7462
M-2022-4,71,149,33,0.00022087170700364105,7463
M-2022-4,50,1,1,0.0002199736031676199,7464
M-2022-4,50,16,1,0.0002199736031676199,7465
M-2022-4,50,20,1,0.0002199736031676199,7466
M-2022-4,50,26,1,0.0002199736031676199,7467
M-2022-4,50,39,1,0.0002199736031676199,7468
M-2022-4,50,44,1,0.0002199736031676199,7469
M-2022-4,50,61,1,0.0002199736031676199,7470
M-2022-4,50,62,1,0.0002199736031676199,7471
M-2022-4,50,73,1,0.0002199736031676199,7472
M-2022-4,50,75,1,0.0002199736031676199,7473
M-2022-4,50,85,1,0.0002199736031676199,7474
M-2022-4,50,88,1,0.0002199736031676199,7475
M-2022-4,50,90,1,0.0002199736031676199,7476
M-2022-4,50,100,1,0.0002199736031676199,7477
M-2022-4,50,105,1,0.0002199736031676199,7478
M-2022-4,50,118,1,0.0002199736031676199,7479
M-2022-4,50,120,1,0.0002199736031676199,7480
M-2022-4,50,132,1,0.0002199736031676199,7481
M-2022-4,50,135,1,0.0002199736031676199,7482
M-2022-4,50,141,1,0.0002199736031676199,7483
M-2022-4,50,151,1,0.0002199736031676199,7484
M-2022-4,50,158,1,0.0002199736031676199,7485
M-2022-4,50,160,1,0.0002199736031676199,7486
M-2022-4,50,162,1,0.0002199736031676199,7487
M-2022-4,25,12,12,0.00021995344318785856,7488
M-2022-4,25,29,12,0.00021995344318785856,7489
M-2022-4,77,2,18,0.0002196943807059513,7490
M-2022-4,77,122,18,0.0002196943807059513,7491
M-2022-4,95,90,11,0.00021902315672102423,7492
M-2022-4,95,176,11,0.00021902315672102423,7493
M-2022-4,59,116,3,0.0002185951617604197,7494
M-2022-4,59,158,3,0.0002185951617604197,7495
M-2022-4,115,10,5,0.00021759944294542607,7496
M-2022-4,115,12,5,0.00021759944294542607,7497
M-2022-4,115,134,5,0.00021759944294542607,7498
M-2022-4,115,159,5,0.00021759944294542607,7499
M-2022-4,175,14,11,0.00021727107529430353,7500
M-2022-4,175,137,11,0.00021727107529430353,7501
M-2022-4,175,158,11,0.00021727107529430353,7502
M-2022-4,74,0,2,0.00021715526601520088,7503
M-2022-4,74,15,2,0.00021715526601520088,7504
M-2022-4,74,23,2,0.00021715526601520088,7505
M-2022-4,74,78,2,0.00021715526601520088,7506
M-2022-4,74,83,2,0.00021715526601520088,7507
M-2022-4,74,129,2,0.00021715526601520088,7508
M-2022-4,74,133,2,0.00021715526601520088,7509
M-2022-4,74,170,2,0.00021715526601520088,7510
M-2022-4,97,71,9,0.00021645021645021645,7511
M-2022-4,86,14,6,0.00021614611477358694,7512
M-2022-4,86,25,6,0.00021614611477358694,7513
M-2022-4,86,41,6,0.00021614611477358694,7514
M-2022-4,86,45,6,0.00021614611477358694,7515
M-2022-4,86,128,6,0.00021614611477358694,7516
M-2022-4,86,169,6,0.00021614611477358694,7517
M-2022-4,132,17,5,0.00021591743317355444,7518
M-2022-4,132,90,5,0.00021591743317355444,7519
M-2022-4,132,96,5,0.00021591743317355444,7520
M-2022-4,132,105,5,0.00021591743317355444,7521
M-2022-4,22,13,1,0.00021570319240724764,7522
M-2022-4,22,14,1,0.00021570319240724764,7523
M-2022-4,22,30,1,0.00021570319240724764,7524
M-2022-4,22,31,1,0.00021570319240724764,7525
M-2022-4,22,51,1,0.00021570319240724764,7526
M-2022-4,22,72,1,0.00021570319240724764,7527
M-2022-4,22,73,1,0.00021570319240724764,7528
M-2022-4,22,83,1,0.00021570319240724764,7529
M-2022-4,22,96,1,0.00021570319240724764,7530
M-2022-4,22,99,1,0.00021570319240724764,7531
M-2022-4,22,102,1,0.00021570319240724764,7532
M-2022-4,22,105,1,0.00021570319240724764,7533
M-2022-4,22,115,1,0.00021570319240724764,7534
M-2022-4,22,118,1,0.00021570319240724764,7535
M-2022-4,22,139,1,0.00021570319240724764,7536
M-2022-4,22,152,1,0.00021570319240724764,7537
M-2022-4,22,155,1,0.00021570319240724764,7538
M-2022-4,22,158,1,0.00021570319240724764,7539
M-2022-4,22,167,1,0.00021570319240724764,7540
M-2022-4,22,170,1,0.00021570319240724764,7541
M-2022-4,75,137,6,0.00021382751247327157,7542
M-2022-4,75,153,6,0.00021382751247327157,7543
M-2022-4,102,97,17,0.00021278992627454907,7544
M-2022-4,156,8,7,0.00021278536036720673,7545
M-2022-4,156,24,7,0.00021278536036720673,7546
M-2022-4,156,104,7,0.00021278536036720673,7547
M-2022-4,156,107,7,0.00021278536036720673,7548
M-2022-4,156,119,7,0.00021278536036720673,7549
M-2022-4,122,140,13,0.0002116367661902126,7550
M-2022-4,153,26,15,0.00021134797739985628,7551
M-2022-4,153,63,15,0.00021134797739985628,7552
M-2022-4,153,78,15,0.00021134797739985628,7553
M-2022-4,153,90,15,0.00021134797739985628,7554
M-2022-4,153,115,15,0.00021134797739985628,7555
M-2022-4,99,28,5,0.0002087246921310791,7556
M-2022-4,99,53,5,0.0002087246921310791,7557
M-2022-4,99,155,5,0.0002087246921310791,7558
M-2022-4,146,21,1,0.00020863759649488838,7559
M-2022-4,146,39,1,0.00020863759649488838,7560
M-2022-4,146,49,1,0.00020863759649488838,7561
M-2022-4,146,82,1,0.00020863759649488838,7562
M-2022-4,146,111,1,0.00020863759649488838,7563
M-2022-4,146,122,1,0.00020863759649488838,7564
M-2022-4,146,129,1,0.00020863759649488838,7565
M-2022-4,146,133,1,0.00020863759649488838,7566
M-2022-4,146,145,1,0.00020863759649488838,7567
M-2022-4,146,153,1,0.00020863759649488838,7568
M-2022-4,146,158,1,0.00020863759649488838,7569
M-2022-4,146,162,1,0.00020863759649488838,7570
M-2022-4,146,168,1,0.00020863759649488838,7571
M-2022-4,146,175,1,0.00020863759649488838,7572
M-2022-4,140,2,15,0.0002085302785964522,7573
M-2022-4,140,22,15,0.0002085302785964522,7574
M-2022-4,140,154,15,0.0002085302785964522,7575
M-2022-4,77,133,17,0.00020748913733339842,7576
M-2022-4,77,151,17,0.00020748913733339842,7577
M-2022-4,27,98,4,0.00020633446817290828,7578
M-2022-4,27,153,4,0.00020633446817290828,7579
M-2022-4,138,2,9,0.00020627535467901263,7580
M-2022-4,138,13,9,0.00020627535467901263,7581
M-2022-4,138,127,9,0.00020627535467901263,7582
M-2022-4,138,162,9,0.00020627535467901263,7583
M-2022-4,73,142,6,0.00020540207456095307,7584
M-2022-4,53,0,2,0.00020460358056265986,7585
M-2022-4,53,1,2,0.00020460358056265986,7586
M-2022-4,53,16,2,0.00020460358056265986,7587
M-2022-4,53,43,2,0.00020460358056265986,7588
M-2022-4,53,46,2,0.00020460358056265986,7589
M-2022-4,53,60,2,0.00020460358056265986,7590
M-2022-4,53,63,2,0.00020460358056265986,7591
M-2022-4,53,85,2,0.00020460358056265986,7592
M-2022-4,53,90,2,0.00020460358056265986,7593
M-2022-4,53,97,2,0.00020460358056265986,7594
M-2022-4,53,111,2,0.00020460358056265986,7595
M-2022-4,53,129,2,0.00020460358056265986,7596
M-2022-4,53,158,2,0.00020460358056265986,7597
M-2022-4,53,166,2,0.00020460358056265986,7598
M-2022-4,105,5,1,0.00020429009193054137,7599
M-2022-4,105,12,1,0.00020429009193054137,7600
M-2022-4,105,16,1,0.00020429009193054137,7601
M-2022-4,105,30,1,0.00020429009193054137,7602
M-2022-4,105,51,1,0.00020429009193054137,7603
M-2022-4,105,54,1,0.00020429009193054137,7604
M-2022-4,105,62,1,0.00020429009193054137,7605
M-2022-4,105,66,1,0.00020429009193054137,7606
M-2022-4,105,67,1,0.00020429009193054137,7607
M-2022-4,105,72,1,0.00020429009193054137,7608
M-2022-4,105,73,1,0.00020429009193054137,7609
M-2022-4,105,74,1,0.00020429009193054137,7610
M-2022-4,105,75,1,0.00020429009193054137,7611
M-2022-4,105,78,1,0.00020429009193054137,7612
M-2022-4,105,83,1,0.00020429009193054137,7613
M-2022-4,105,84,1,0.00020429009193054137,7614
M-2022-4,105,90,1,0.00020429009193054137,7615
M-2022-4,105,95,1,0.00020429009193054137,7616
M-2022-4,105,96,1,0.00020429009193054137,7617
M-2022-4,105,109,1,0.00020429009193054137,7618
M-2022-4,105,116,1,0.00020429009193054137,7619
M-2022-4,105,139,1,0.00020429009193054137,7620
M-2022-4,105,141,1,0.00020429009193054137,7621
M-2022-4,105,147,1,0.00020429009193054137,7622
M-2022-4,105,154,1,0.00020429009193054137,7623
M-2022-4,105,167,1,0.00020429009193054137,7624
M-2022-4,105,170,1,0.00020429009193054137,7625
M-2022-4,46,24,2,0.00020412329046744235,7626
M-2022-4,46,35,2,0.00020412329046744235,7627
M-2022-4,46,39,2,0.00020412329046744235,7628
M-2022-4,46,64,2,0.00020412329046744235,7629
M-2022-4,46,69,2,0.00020412329046744235,7630
M-2022-4,46,90,2,0.00020412329046744235,7631
M-2022-4,46,110,2,0.00020412329046744235,7632
M-2022-4,46,126,2,0.00020412329046744235,7633
M-2022-4,46,132,2,0.00020412329046744235,7634
M-2022-4,46,145,2,0.00020412329046744235,7635
M-2022-4,83,29,5,0.00020406497428781324,7636
M-2022-4,83,63,5,0.00020406497428781324,7637
M-2022-4,83,71,5,0.00020406497428781324,7638
M-2022-4,83,100,5,0.00020406497428781324,7639
M-2022-4,83,111,5,0.00020406497428781324,7640
M-2022-4,83,129,5,0.00020406497428781324,7641
M-2022-4,83,133,5,0.00020406497428781324,7642
M-2022-4,83,138,5,0.00020406497428781324,7643
M-2022-4,110,0,2,0.0002039151712887439,7644
M-2022-4,110,9,2,0.0002039151712887439,7645
M-2022-4,110,16,2,0.0002039151712887439,7646
M-2022-4,110,26,2,0.0002039151712887439,7647
M-2022-4,110,30,2,0.0002039151712887439,7648
M-2022-4,110,34,2,0.0002039151712887439,7649
M-2022-4,110,50,2,0.0002039151712887439,7650
M-2022-4,110,54,2,0.0002039151712887439,7651
M-2022-4,110,72,2,0.0002039151712887439,7652
M-2022-4,110,74,2,0.0002039151712887439,7653
M-2022-4,110,85,2,0.0002039151712887439,7654
M-2022-4,110,91,2,0.0002039151712887439,7655
M-2022-4,110,109,2,0.0002039151712887439,7656
M-2022-4,110,123,2,0.0002039151712887439,7657
M-2022-4,129,17,9,0.00020372592072798063,7658
M-2022-4,129,50,9,0.00020372592072798063,7659
M-2022-4,129,93,9,0.00020372592072798063,7660
M-2022-4,129,100,9,0.00020372592072798063,7661
M-2022-4,129,111,9,0.00020372592072798063,7662
M-2022-4,129,137,9,0.00020372592072798063,7663
M-2022-4,61,17,4,0.00020329335230737954,7664
M-2022-4,61,18,4,0.00020329335230737954,7665
M-2022-4,61,24,4,0.00020329335230737954,7666
M-2022-4,61,43,4,0.00020329335230737954,7667
M-2022-4,61,79,4,0.00020329335230737954,7668
M-2022-4,61,112,4,0.00020329335230737954,7669
M-2022-4,61,127,4,0.00020329335230737954,7670
M-2022-4,61,128,4,0.00020329335230737954,7671
M-2022-4,61,135,4,0.00020329335230737954,7672
M-2022-4,133,39,11,0.0002032895952688967,7673
M-2022-4,133,77,11,0.0002032895952688967,7674
M-2022-4,133,116,11,0.0002032895952688967,7675
M-2022-4,133,138,11,0.0002032895952688967,7676
M-2022-4,29,11,6,0.00020234040400634,7677
M-2022-4,29,12,6,0.00020234040400634,7678
M-2022-4,29,14,6,0.00020234040400634,7679
M-2022-4,29,63,6,0.00020234040400634,7680
M-2022-4,29,64,6,0.00020234040400634,7681
M-2022-4,29,132,6,0.00020234040400634,7682
M-2022-4,29,143,6,0.00020234040400634,7683
M-2022-4,29,175,6,0.00020234040400634,7684
M-2022-4,25,132,11,0.00020162398958887035,7685
M-2022-4,173,1,1,0.00020161290322580645,7686
M-2022-4,173,20,1,0.00020161290322580645,7687
M-2022-4,173,23,1,0.00020161290322580645,7688
M-2022-4,173,29,1,0.00020161290322580645,7689
M-2022-4,173,49,1,0.00020161290322580645,7690
M-2022-4,173,53,1,0.00020161290322580645,7691
M-2022-4,173,73,1,0.00020161290322580645,7692
M-2022-4,173,82,1,0.00020161290322580645,7693
M-2022-4,173,112,1,0.00020161290322580645,7694
M-2022-4,173,137,1,0.00020161290322580645,7695
M-2022-4,60,30,10,0.00020152351779452663,7696
M-2022-4,60,151,10,0.00020152351779452663,7697
M-2022-4,93,13,7,0.00020108008732620935,7698
M-2022-4,93,88,7,0.00020108008732620935,7699
M-2022-4,93,112,7,0.00020108008732620935,7700
M-2022-4,93,151,7,0.00020108008732620935,7701
M-2022-4,93,176,7,0.00020108008732620935,7702
M-2022-4,82,156,16,0.00020098230099611854,7703
M-2022-4,117,22,17,0.00020015070170481303,7704
M-2022-4,117,130,17,0.00020015070170481303,7705
M-2022-4,117,158,17,0.00020015070170481303,7706
M-2022-4,117,160,17,0.00020015070170481303,7707
M-2022-4,117,166,17,0.00020015070170481303,7708
M-2022-4,48,53,1,0.0001999600079984003,7709
M-2022-4,48,84,1,0.0001999600079984003,7710
M-2022-4,48,130,1,0.0001999600079984003,7711
M-2022-4,48,134,1,0.0001999600079984003,7712
M-2022-4,48,155,1,0.0001999600079984003,7713
M-2022-4,48,165,1,0.0001999600079984003,7714
M-2022-4,17,1,2,0.000199860097931448,7715
M-2022-4,17,22,2,0.000199860097931448,7716
M-2022-4,17,61,2,0.000199860097931448,7717
M-2022-4,17,106,2,0.000199860097931448,7718
M-2022-4,17,108,2,0.000199860097931448,7719
M-2022-4,17,125,2,0.000199860097931448,7720
M-2022-4,17,163,2,0.000199860097931448,7721
M-2022-4,17,171,2,0.000199860097931448,7722
M-2022-4,79,117,5,0.00019918731575173292,7723
M-2022-4,79,133,5,0.00019918731575173292,7724
M-2022-4,95,122,10,0.00019911196065547658,7725
M-2022-4,95,138,10,0.00019911196065547658,7726
M-2022-4,49,171,8,0.00019890601690701143,7727
M-2022-4,113,4,1,0.00019833399444664816,7728
M-2022-4,113,55,1,0.00019833399444664816,7729
M-2022-4,113,56,1,0.00019833399444664816,7730
M-2022-4,113,87,1,0.00019833399444664816,7731
M-2022-4,113,90,1,0.00019833399444664816,7732
M-2022-4,113,98,1,0.00019833399444664816,7733
M-2022-4,113,109,1,0.00019833399444664816,7734
M-2022-4,113,111,1,0.00019833399444664816,7735
M-2022-4,113,140,1,0.00019833399444664816,7736
M-2022-4,113,149,1,0.00019833399444664816,7737
M-2022-4,56,47,2,0.00019813750743015652,7738
M-2022-4,56,66,2,0.00019813750743015652,7739
M-2022-4,56,84,2,0.00019813750743015652,7740
M-2022-4,56,99,2,0.00019813750743015652,7741
M-2022-4,56,106,2,0.00019813750743015652,7742
M-2022-4,56,122,2,0.00019813750743015652,7743
M-2022-4,56,152,2,0.00019813750743015652,7744
M-2022-4,175,26,10,0.00019751915935845778,7745
M-2022-4,153,99,14,0.00019725811223986585,7746
M-2022-4,153,135,14,0.00019725811223986585,7747
M-2022-4,153,159,14,0.00019725811223986585,7748
M-2022-4,124,19,6,0.0001967729240456513,7749
M-2022-4,124,132,6,0.0001967729240456513,7750
M-2022-4,124,170,6,0.0001967729240456513,7751
M-2022-4,100,84,6,0.0001966955153422502,7752
M-2022-4,100,102,6,0.0001966955153422502,7753
M-2022-4,131,17,6,0.00019650869550977631,7754
M-2022-4,131,18,6,0.00019650869550977631,7755
M-2022-4,131,142,6,0.00019650869550977631,7756
M-2022-4,122,24,12,0.00019535701494481164,7757
M-2022-4,122,49,12,0.00019535701494481164,7758
M-2022-4,122,60,12,0.00019535701494481164,7759
M-2022-4,122,116,12,0.00019535701494481164,7760
M-2022-4,122,151,12,0.00019535701494481164,7761
M-2022-4,77,93,16,0.00019528389396084557,7762
M-2022-4,24,1,2,0.00019506485906563932,7763
M-2022-4,24,11,2,0.00019506485906563932,7764
M-2022-4,24,16,2,0.00019506485906563932,7765
M-2022-4,24,29,2,0.00019506485906563932,7766
M-2022-4,24,43,2,0.00019506485906563932,7767
M-2022-4,24,49,2,0.00019506485906563932,7768
M-2022-4,24,73,2,0.00019506485906563932,7769
M-2022-4,24,75,2,0.00019506485906563932,7770
M-2022-4,24,96,2,0.00019506485906563932,7771
M-2022-4,24,112,2,0.00019506485906563932,7772
M-2022-4,24,125,2,0.00019506485906563932,7773
M-2022-4,24,129,2,0.00019506485906563932,7774
M-2022-4,24,164,2,0.00019506485906563932,7775
M-2022-4,24,174,2,0.00019506485906563932,7776
M-2022-4,140,68,14,0.00019462826002335538,7777
M-2022-4,66,16,1,0.0001942124684404739,7778
M-2022-4,66,26,1,0.0001942124684404739,7779
M-2022-4,66,27,1,0.0001942124684404739,7780
M-2022-4,66,43,1,0.0001942124684404739,7781
M-2022-4,66,51,1,0.0001942124684404739,7782
M-2022-4,66,60,1,0.0001942124684404739,7783
M-2022-4,66,65,1,0.0001942124684404739,7784
M-2022-4,66,68,1,0.0001942124684404739,7785
M-2022-4,66,74,1,0.0001942124684404739,7786
M-2022-4,66,83,1,0.0001942124684404739,7787
M-2022-4,66,86,1,0.0001942124684404739,7788
M-2022-4,66,89,1,0.0001942124684404739,7789
M-2022-4,66,95,1,0.0001942124684404739,7790
M-2022-4,66,97,1,0.0001942124684404739,7791
M-2022-4,66,105,1,0.0001942124684404739,7792
M-2022-4,66,116,1,0.0001942124684404739,7793
M-2022-4,66,118,1,0.0001942124684404739,7794
M-2022-4,66,121,1,0.0001942124684404739,7795
M-2022-4,66,131,1,0.0001942124684404739,7796
M-2022-4,66,146,1,0.0001942124684404739,7797
M-2022-4,66,148,1,0.0001942124684404739,7798
M-2022-4,66,150,1,0.0001942124684404739,7799
M-2022-4,66,158,1,0.0001942124684404739,7800
M-2022-4,66,161,1,0.0001942124684404739,7801
M-2022-4,66,168,1,0.0001942124684404739,7802
M-2022-4,66,171,1,0.0001942124684404739,7803
M-2022-4,165,3,1,0.00019319938176197836,7804
M-2022-4,165,4,1,0.00019319938176197836,7805
M-2022-4,165,6,1,0.00019319938176197836,7806
M-2022-4,165,48,1,0.00019319938176197836,7807
M-2022-4,165,77,1,0.00019319938176197836,7808
M-2022-4,165,84,1,0.00019319938176197836,7809
M-2022-4,165,92,1,0.00019319938176197836,7810
M-2022-4,165,94,1,0.00019319938176197836,7811
M-2022-4,165,101,1,0.00019319938176197836,7812
M-2022-4,165,109,1,0.00019319938176197836,7813
M-2022-4,165,124,1,0.00019319938176197836,7814
M-2022-4,165,127,1,0.00019319938176197836,7815
M-2022-4,165,129,1,0.00019319938176197836,7816
M-2022-4,165,153,1,0.00019319938176197836,7817
M-2022-4,165,172,1,0.00019319938176197836,7818
M-2022-4,165,175,1,0.00019319938176197836,7819
M-2022-4,62,6,3,0.00019293845263360988,7820
M-2022-4,62,22,3,0.00019293845263360988,7821
M-2022-4,62,30,3,0.00019293845263360988,7822
M-2022-4,62,39,3,0.00019293845263360988,7823
M-2022-4,62,50,3,0.00019293845263360988,7824
M-2022-4,62,56,3,0.00019293845263360988,7825
M-2022-4,62,90,3,0.00019293845263360988,7826
M-2022-4,62,105,3,0.00019293845263360988,7827
M-2022-4,62,151,3,0.00019293845263360988,7828
M-2022-4,62,158,3,0.00019293845263360988,7829
M-2022-4,14,1,2,0.00019228920296125374,7830
M-2022-4,14,41,2,0.00019228920296125374,7831
M-2022-4,14,43,2,0.00019228920296125374,7832
M-2022-4,14,75,2,0.00019228920296125374,7833
M-2022-4,14,87,2,0.00019228920296125374,7834
M-2022-4,14,89,2,0.00019228920296125374,7835
M-2022-4,14,102,2,0.00019228920296125374,7836
M-2022-4,14,106,2,0.00019228920296125374,7837
M-2022-4,14,131,2,0.00019228920296125374,7838
M-2022-4,14,134,2,0.00019228920296125374,7839
M-2022-4,14,157,2,0.00019228920296125374,7840
M-2022-4,14,166,2,0.00019228920296125374,7841
M-2022-4,142,19,12,0.00019168104274487253,7842
M-2022-4,142,159,12,0.00019168104274487253,7843
M-2022-4,76,22,2,0.0001900598688586905,7844
M-2022-4,76,46,2,0.0001900598688586905,7845
M-2022-4,76,50,2,0.0001900598688586905,7846
M-2022-4,76,51,2,0.0001900598688586905,7847
M-2022-4,76,124,2,0.0001900598688586905,7848
M-2022-4,76,133,2,0.0001900598688586905,7849
M-2022-4,76,141,2,0.0001900598688586905,7850
M-2022-4,76,158,2,0.0001900598688586905,7851
M-2022-4,98,96,12,0.0001895794495876647,7852
M-2022-4,149,46,14,0.00018869450359867374,7853
M-2022-4,82,122,15,0.00018842090718386111,7854
M-2022-4,102,136,15,0.00018775581730107272,7855
M-2022-4,78,81,9,0.00018746485034056115,7856
M-2022-4,134,17,2,0.00018625442354255913,7857
M-2022-4,134,19,2,0.00018625442354255913,7858
M-2022-4,134,24,2,0.00018625442354255913,7859
M-2022-4,134,46,2,0.00018625442354255913,7860
M-2022-4,134,54,2,0.00018625442354255913,7861
M-2022-4,134,63,2,0.00018625442354255913,7862
M-2022-4,134,64,2,0.00018625442354255913,7863
M-2022-4,134,82,2,0.00018625442354255913,7864
M-2022-4,134,100,2,0.00018625442354255913,7865
M-2022-4,134,139,2,0.00018625442354255913,7866
M-2022-4,134,141,2,0.00018625442354255913,7867
M-2022-4,134,144,2,0.00018625442354255913,7868
M-2022-4,134,154,2,0.00018625442354255913,7869
M-2022-4,1,13,2,0.00018532246108228317,7870
M-2022-4,1,36,2,0.00018532246108228317,7871
M-2022-4,1,39,2,0.00018532246108228317,7872
M-2022-4,1,44,2,0.00018532246108228317,7873
M-2022-4,1,61,2,0.00018532246108228317,7874
M-2022-4,1,63,2,0.00018532246108228317,7875
M-2022-4,1,70,2,0.00018532246108228317,7876
M-2022-4,1,97,2,0.00018532246108228317,7877
M-2022-4,1,116,2,0.00018532246108228317,7878
M-2022-4,1,127,2,0.00018532246108228317,7879
M-2022-4,133,75,10,0.00018480872297172427,7880
M-2022-4,138,18,8,0.000183355870825789,7881
M-2022-4,138,53,8,0.000183355870825789,7882
M-2022-4,138,68,8,0.000183355870825789,7883
M-2022-4,138,69,8,0.000183355870825789,7884
M-2022-4,138,77,8,0.000183355870825789,7885
M-2022-4,138,112,8,0.000183355870825789,7886
M-2022-4,138,130,8,0.000183355870825789,7887
M-2022-4,138,140,8,0.000183355870825789,7888
M-2022-4,28,1,3,0.0001833068556764023,7889
M-2022-4,28,3,3,0.0001833068556764023,7890
M-2022-4,28,11,3,0.0001833068556764023,7891
M-2022-4,28,39,3,0.0001833068556764023,7892
M-2022-4,28,55,3,0.0001833068556764023,7893
M-2022-4,28,65,3,0.0001833068556764023,7894
M-2022-4,28,103,3,0.0001833068556764023,7895
M-2022-4,28,105,3,0.0001833068556764023,7896
M-2022-4,28,126,3,0.0001833068556764023,7897
M-2022-4,28,127,3,0.0001833068556764023,7898
M-2022-4,28,128,3,0.0001833068556764023,7899
M-2022-4,28,132,3,0.0001833068556764023,7900
M-2022-4,28,139,3,0.0001833068556764023,7901
M-2022-4,28,150,3,0.0001833068556764023,7902
M-2022-4,28,159,3,0.0001833068556764023,7903
M-2022-4,25,24,10,0.00018329453598988214,7904
M-2022-4,25,60,10,0.00018329453598988214,7905
M-2022-4,25,93,10,0.00018329453598988214,7906
M-2022-4,25,110,10,0.00018329453598988214,7907
M-2022-4,153,29,13,0.00018316824707987546,7908
M-2022-4,153,52,13,0.00018316824707987546,7909
M-2022-4,153,75,13,0.00018316824707987546,7910
M-2022-4,51,15,4,0.0001831334126911455,7911
M-2022-4,51,18,4,0.0001831334126911455,7912
M-2022-4,51,59,4,0.0001831334126911455,7913
M-2022-4,51,101,4,0.0001831334126911455,7914
M-2022-4,51,143,4,0.0001831334126911455,7915
M-2022-4,51,171,4,0.0001831334126911455,7916
M-2022-4,51,175,4,0.0001831334126911455,7917
M-2022-4,18,50,4,0.00018243181610872936,7918
M-2022-4,18,53,4,0.00018243181610872936,7919
M-2022-4,18,157,4,0.00018243181610872936,7920
M-2022-4,18,166,4,0.00018243181610872936,7921
M-2022-4,156,53,6,0.00018238745174332005,7922
M-2022-4,156,127,6,0.00018238745174332005,7923
M-2022-4,156,148,6,0.00018238745174332005,7924
M-2022-4,156,170,6,0.00018238745174332005,7925
M-2022-4,101,102,11,0.0001814313282422603,7926
M-2022-4,96,61,10,0.00018142564270033927,7927
M-2022-4,96,77,10,0.00018142564270033927,7928
M-2022-4,96,90,10,0.00018142564270033927,7929
M-2022-4,96,111,10,0.00018142564270033927,7930
M-2022-4,60,23,9,0.00018137116601507397,7931
M-2022-4,60,53,9,0.00018137116601507397,7932
M-2022-4,60,82,9,0.00018137116601507397,7933
M-2022-4,60,131,9,0.00018137116601507397,7934
M-2022-4,60,158,9,0.00018137116601507397,7935
M-2022-4,129,32,8,0.00018108970731376054,7936
M-2022-4,129,71,8,0.00018108970731376054,7937
M-2022-4,129,95,8,0.00018108970731376054,7938
M-2022-4,129,99,8,0.00018108970731376054,7939
M-2022-4,129,102,8,0.00018108970731376054,7940
M-2022-4,129,128,8,0.00018108970731376054,7941
M-2022-4,140,25,13,0.00018072624145025858,7942
M-2022-4,140,136,13,0.00018072624145025858,7943
M-2022-4,86,66,5,0.00018012176231132246,7944
M-2022-4,86,96,5,0.00018012176231132246,7945
M-2022-4,86,101,5,0.00018012176231132246,7946
M-2022-4,86,125,5,0.00018012176231132246,7947
M-2022-4,86,158,5,0.00018012176231132246,7948
M-2022-4,63,0,2,0.0001793400286944046,7949
M-2022-4,63,2,2,0.0001793400286944046,7950
M-2022-4,63,10,2,0.0001793400286944046,7951
M-2022-4,63,22,2,0.0001793400286944046,7952
M-2022-4,63,24,2,0.0001793400286944046,7953
M-2022-4,63,26,2,0.0001793400286944046,7954
M-2022-4,63,52,2,0.0001793400286944046,7955
M-2022-4,63,54,2,0.0001793400286944046,7956
M-2022-4,63,64,2,0.0001793400286944046,7957
M-2022-4,63,69,2,0.0001793400286944046,7958
M-2022-4,63,87,2,0.0001793400286944046,7959
M-2022-4,63,104,2,0.0001793400286944046,7960
M-2022-4,63,108,2,0.0001793400286944046,7961
M-2022-4,63,131,2,0.0001793400286944046,7962
M-2022-4,63,161,2,0.0001793400286944046,7963
M-2022-4,63,163,2,0.0001793400286944046,7964
M-2022-4,63,169,2,0.0001793400286944046,7965
M-2022-4,63,172,2,0.0001793400286944046,7966
M-2022-4,63,176,2,0.0001793400286944046,7967
M-2022-4,95,14,9,0.0001792007645899289,7968
M-2022-4,122,19,11,0.00017907726369941068,7969
M-2022-4,122,83,11,0.00017907726369941068,7970
M-2022-4,122,111,11,0.00017907726369941068,7971
M-2022-4,122,129,11,0.00017907726369941068,7972
M-2022-4,136,20,4,0.0001790350013427625,7973
M-2022-4,136,160,4,0.0001790350013427625,7974
M-2022-4,136,171,4,0.0001790350013427625,7975
M-2022-4,155,10,2,0.0001788428865241885,7976
M-2022-4,155,15,2,0.0001788428865241885,7977
M-2022-4,155,27,2,0.0001788428865241885,7978
M-2022-4,155,39,2,0.0001788428865241885,7979
M-2022-4,155,72,2,0.0001788428865241885,7980
M-2022-4,155,74,2,0.0001788428865241885,7981
M-2022-4,155,75,2,0.0001788428865241885,7982
M-2022-4,155,81,2,0.0001788428865241885,7983
M-2022-4,155,85,2,0.0001788428865241885,7984
M-2022-4,155,90,2,0.0001788428865241885,7985
M-2022-4,155,96,2,0.0001788428865241885,7986
M-2022-4,155,106,2,0.0001788428865241885,7987
M-2022-4,155,132,2,0.0001788428865241885,7988
M-2022-4,155,147,2,0.0001788428865241885,7989
M-2022-4,155,165,2,0.0001788428865241885,7990
M-2022-4,75,25,5,0.0001781895937277263,7991
M-2022-4,75,61,5,0.0001781895937277263,7992
M-2022-4,75,93,5,0.0001781895937277263,7993
M-2022-4,87,4,2,0.0001780785326328911,7994
M-2022-4,87,12,2,0.0001780785326328911,7995
M-2022-4,87,52,2,0.0001780785326328911,7996
M-2022-4,87,61,2,0.0001780785326328911,7997
M-2022-4,87,63,2,0.0001780785326328911,7998
M-2022-4,87,73,2,0.0001780785326328911,7999
M-2022-4,87,95,2,0.0001780785326328911,8000
M-2022-4,87,99,2,0.0001780785326328911,8001
M-2022-4,87,155,2,0.0001780785326328911,8002
M-2022-4,175,66,9,0.000177767243422612,8003
M-2022-4,117,108,15,0.0001766035603277762,8004
M-2022-4,142,72,11,0.00017570762251613314,8005
M-2022-4,142,74,11,0.00017570762251613314,8006
M-2022-4,142,99,11,0.00017570762251613314,8007
M-2022-4,142,134,11,0.00017570762251613314,8008
M-2022-4,149,18,13,0.00017521632477019705,8009
M-2022-4,149,24,13,0.00017521632477019705,8010
M-2022-4,115,14,4,0.00017407955435634086,8011
M-2022-4,115,24,4,0.00017407955435634086,8012
M-2022-4,115,46,4,0.00017407955435634086,8013
M-2022-4,115,50,4,0.00017407955435634086,8014
M-2022-4,115,99,4,0.00017407955435634086,8015
M-2022-4,115,112,4,0.00017407955435634086,8016
M-2022-4,115,158,4,0.00017407955435634086,8017
M-2022-4,49,10,7,0.000174042764793635,8018
M-2022-4,49,12,7,0.000174042764793635,8019
M-2022-4,49,62,7,0.000174042764793635,8020
M-2022-4,49,115,7,0.000174042764793635,8021
M-2022-4,98,100,11,0.00017378116212202598,8022
M-2022-4,132,86,4,0.00017273394653884354,8023
M-2022-4,132,125,4,0.00017273394653884354,8024
M-2022-4,132,171,4,0.00017273394653884354,8025
M-2022-4,93,20,6,0.0001723543605653223,8026
M-2022-4,93,54,6,0.0001723543605653223,8027
M-2022-4,93,68,6,0.0001723543605653223,8028
M-2022-4,93,77,6,0.0001723543605653223,8029
M-2022-4,93,102,6,0.0001723543605653223,8030
M-2022-4,93,104,6,0.0001723543605653223,8031
M-2022-4,108,14,2,0.0001714824659178599,8032
M-2022-4,108,23,2,0.0001714824659178599,8033
M-2022-4,108,46,2,0.0001714824659178599,8034
M-2022-4,108,63,2,0.0001714824659178599,8035
M-2022-4,108,68,2,0.0001714824659178599,8036
M-2022-4,108,73,2,0.0001714824659178599,8037
M-2022-4,108,84,2,0.0001714824659178599,8038
M-2022-4,108,90,2,0.0001714824659178599,8039
M-2022-4,108,118,2,0.0001714824659178599,8040
M-2022-4,108,129,2,0.0001714824659178599,8041
M-2022-4,108,136,2,0.0001714824659178599,8042
M-2022-4,108,138,2,0.0001714824659178599,8043
M-2022-4,108,139,2,0.0001714824659178599,8044
M-2022-4,108,146,2,0.0001714824659178599,8045
M-2022-4,108,149,2,0.0001714824659178599,8046
M-2022-4,73,28,5,0.0001711683954674609,8047
M-2022-4,73,153,5,0.0001711683954674609,8048
M-2022-4,153,43,12,0.00016907838191988504,8049
M-2022-4,153,66,12,0.00016907838191988504,8050
M-2022-4,153,102,12,0.00016907838191988504,8051
M-2022-4,153,110,12,0.00016907838191988504,8052
M-2022-4,153,132,12,0.00016907838191988504,8053
M-2022-4,153,163,12,0.00016907838191988504,8054
M-2022-4,29,42,5,0.00016861700333861666,8055
M-2022-4,29,82,5,0.00016861700333861666,8056
M-2022-4,29,97,5,0.00016861700333861666,8057
M-2022-4,29,144,5,0.00016861700333861666,8058
M-2022-4,29,160,5,0.00016861700333861666,8059
M-2022-4,29,171,5,0.00016861700333861666,8060
M-2022-4,97,111,7,0.00016835016835016836,8061
M-2022-4,97,133,7,0.00016835016835016836,8062
M-2022-4,72,18,3,0.00016778523489932885,8063
M-2022-4,72,46,3,0.00016778523489932885,8064
M-2022-4,72,93,3,0.00016778523489932885,8065
M-2022-4,72,110,3,0.00016778523489932885,8066
M-2022-4,72,172,3,0.00016778523489932885,8067
M-2022-4,99,24,4,0.0001669797537048633,8068
M-2022-4,99,89,4,0.0001669797537048633,8069
M-2022-4,99,132,4,0.0001669797537048633,8070
M-2022-4,99,158,4,0.0001669797537048633,8071
M-2022-4,99,175,4,0.0001669797537048633,8072
M-2022-4,140,14,12,0.00016682422287716175,8073
M-2022-4,140,16,12,0.00016682422287716175,8074
M-2022-4,140,93,12,0.00016682422287716175,8075
M-2022-4,133,151,9,0.00016632785067455185,8076
M-2022-4,25,19,9,0.00016496508239089393,8077
M-2022-4,25,74,9,0.00016496508239089393,8078
M-2022-4,25,111,9,0.00016496508239089393,8079
M-2022-4,117,52,14,0.0001648299896392578,8080
M-2022-4,117,95,14,0.0001648299896392578,8081
M-2022-4,117,104,14,0.0001648299896392578,8082
M-2022-4,117,135,14,0.0001648299896392578,8083
M-2022-4,80,1,1,0.00016404199475065617,8084
M-2022-4,80,15,1,0.00016404199475065617,8085
M-2022-4,80,22,1,0.00016404199475065617,8086
M-2022-4,80,32,1,0.00016404199475065617,8087
M-2022-4,80,49,1,0.00016404199475065617,8088
M-2022-4,80,50,1,0.00016404199475065617,8089
M-2022-4,80,68,1,0.00016404199475065617,8090
M-2022-4,80,69,1,0.00016404199475065617,8091
M-2022-4,80,97,1,0.00016404199475065617,8092
M-2022-4,80,110,1,0.00016404199475065617,8093
M-2022-4,80,138,1,0.00016404199475065617,8094
M-2022-4,80,139,1,0.00016404199475065617,8095
M-2022-4,80,163,1,0.00016404199475065617,8096
M-2022-4,124,5,5,0.00016397743670470944,8097
M-2022-4,124,10,5,0.00016397743670470944,8098
M-2022-4,124,17,5,0.00016397743670470944,8099
M-2022-4,124,18,5,0.00016397743670470944,8100
M-2022-4,124,22,5,0.00016397743670470944,8101
M-2022-4,124,59,5,0.00016397743670470944,8102
M-2022-4,124,147,5,0.00016397743670470944,8103
M-2022-4,124,160,5,0.00016397743670470944,8104
M-2022-4,100,129,5,0.00016391292945187516,8105
M-2022-4,100,137,5,0.00016391292945187516,8106
M-2022-4,100,164,5,0.00016391292945187516,8107
M-2022-4,131,71,5,0.00016375724625814693,8108
M-2022-4,131,77,5,0.00016375724625814693,8109
M-2022-4,131,117,5,0.00016375724625814693,8110
M-2022-4,131,156,5,0.00016375724625814693,8111
M-2022-4,131,174,5,0.00016375724625814693,8112
M-2022-4,96,86,9,0.00016328307843030534,8113
M-2022-4,96,140,9,0.00016328307843030534,8114
M-2022-4,83,32,4,0.00016325197943025058,8115
M-2022-4,83,46,4,0.00016325197943025058,8116
M-2022-4,83,106,4,0.00016325197943025058,8117
M-2022-4,83,107,4,0.00016325197943025058,8118
M-2022-4,83,175,4,0.00016325197943025058,8119
M-2022-4,122,22,10,0.0001627975124540097,8120
M-2022-4,122,108,10,0.0001627975124540097,8121
M-2022-4,122,125,10,0.0001627975124540097,8122
M-2022-4,149,22,12,0.00016173814594172035,8123
M-2022-4,149,130,12,0.00016173814594172035,8124
M-2022-4,60,1,8,0.0001612188142356213,8125
M-2022-4,60,14,8,0.0001612188142356213,8126
M-2022-4,60,26,8,0.0001612188142356213,8127
M-2022-4,138,17,7,0.00016043638697256537,8128
M-2022-4,138,56,7,0.00016043638697256537,8129
M-2022-4,138,95,7,0.00016043638697256537,8130
M-2022-4,138,129,7,0.00016043638697256537,8131
M-2022-4,138,160,7,0.00016043638697256537,8132
M-2022-4,142,18,10,0.00015973420228739378,8133
M-2022-4,142,22,10,0.00015973420228739378,8134
M-2022-4,158,0,2,0.00015943877551020407,8135
M-2022-4,158,1,2,0.00015943877551020407,8136
M-2022-4,158,12,2,0.00015943877551020407,8137
M-2022-4,158,13,2,0.00015943877551020407,8138
M-2022-4,158,20,2,0.00015943877551020407,8139
M-2022-4,158,74,2,0.00015943877551020407,8140
M-2022-4,158,85,2,0.00015943877551020407,8141
M-2022-4,158,110,2,0.00015943877551020407,8142
M-2022-4,158,120,2,0.00015943877551020407,8143
M-2022-4,158,151,2,0.00015943877551020407,8144
M-2022-4,158,165,2,0.00015943877551020407,8145
M-2022-4,158,171,2,0.00015943877551020407,8146
M-2022-4,158,174,2,0.00015943877551020407,8147
M-2022-4,79,51,4,0.00015934985260138634,8148
M-2022-4,79,124,4,0.00015934985260138634,8149
M-2022-4,79,156,4,0.00015934985260138634,8150
M-2022-4,95,49,8,0.00015928956852438126,8151
M-2022-4,95,124,8,0.00015928956852438126,8152
M-2022-4,95,149,8,0.00015928956852438126,8153
M-2022-4,77,96,13,0.00015866816384318703,8154
M-2022-4,77,158,13,0.00015866816384318703,8155
M-2022-4,129,9,7,0.00015845349389954048,8156
M-2022-4,129,82,7,0.00015845349389954048,8157
M-2022-4,129,87,7,0.00015845349389954048,8158
M-2022-4,129,125,7,0.00015845349389954048,8159
M-2022-4,175,9,8,0.0001580153274867662,8160
M-2022-4,175,62,8,0.0001580153274867662,8161
M-2022-4,175,73,8,0.0001580153274867662,8162
M-2022-4,98,55,10,0.00015798287465638725,8163
M-2022-4,98,138,10,0.00015798287465638725,8164
M-2022-4,23,29,2,0.00015576323987538941,8165
M-2022-4,23,41,2,0.00015576323987538941,8166
M-2022-4,23,43,2,0.00015576323987538941,8167
M-2022-4,23,44,2,0.00015576323987538941,8168
M-2022-4,23,46,2,0.00015576323987538941,8169
M-2022-4,23,105,2,0.00015576323987538941,8170
M-2022-4,23,124,2,0.00015576323987538941,8171
M-2022-4,23,128,2,0.00015576323987538941,8172
M-2022-4,23,138,2,0.00015576323987538941,8173
M-2022-4,153,16,11,0.00015498851675989461,8174
M-2022-4,153,41,11,0.00015498851675989461,8175
M-2022-4,153,100,11,0.00015498851675989461,8176
M-2022-4,27,96,3,0.00015475085112968121,8177
M-2022-4,27,102,3,0.00015475085112968121,8178
M-2022-4,117,55,13,0.00015305641895073938,8179
M-2022-4,117,75,13,0.00015305641895073938,8180
M-2022-4,117,123,13,0.00015305641895073938,8181
M-2022-4,140,17,11,0.00015292220430406496,8182
M-2022-4,140,43,11,0.00015292220430406496,8183
M-2022-4,140,60,11,0.00015292220430406496,8184
M-2022-4,140,73,11,0.00015292220430406496,8185
M-2022-4,61,54,3,0.00015247001423053467,8186
M-2022-4,61,68,3,0.00015247001423053467,8187
M-2022-4,61,72,3,0.00015247001423053467,8188
M-2022-4,61,96,3,0.00015247001423053467,8189
M-2022-4,61,107,3,0.00015247001423053467,8190
M-2022-4,61,130,3,0.00015247001423053467,8191
M-2022-4,61,143,3,0.00015247001423053467,8192
M-2022-4,61,144,3,0.00015247001423053467,8193
M-2022-4,156,1,5,0.00015198954311943338,8194
M-2022-4,156,74,5,0.00015198954311943338,8195
M-2022-4,156,78,5,0.00015198954311943338,8196
M-2022-4,156,90,5,0.00015198954311943338,8197
M-2022-4,156,123,5,0.00015198954311943338,8198
M-2022-4,156,160,5,0.00015198954311943338,8199
M-2022-4,156,171,5,0.00015198954311943338,8200
M-2022-4,19,24,2,0.00015168752370117556,8201
M-2022-4,19,29,2,0.00015168752370117556,8202
M-2022-4,19,41,2,0.00015168752370117556,8203
M-2022-4,19,46,2,0.00015168752370117556,8204
M-2022-4,19,76,2,0.00015168752370117556,8205
M-2022-4,19,78,2,0.00015168752370117556,8206
M-2022-4,19,80,2,0.00015168752370117556,8207
M-2022-4,19,84,2,0.00015168752370117556,8208
M-2022-4,19,87,2,0.00015168752370117556,8209
M-2022-4,19,105,2,0.00015168752370117556,8210
M-2022-4,19,111,2,0.00015168752370117556,8211
M-2022-4,19,135,2,0.00015168752370117556,8212
M-2022-4,82,158,12,0.0001507367257470889,8213
M-2022-4,102,133,12,0.00015020465384085817,8214
M-2022-4,54,14,1,0.00015008254539996998,8215
M-2022-4,54,43,1,0.00015008254539996998,8216
M-2022-4,54,71,1,0.00015008254539996998,8217
M-2022-4,54,76,1,0.00015008254539996998,8218
M-2022-4,54,77,1,0.00015008254539996998,8219
M-2022-4,54,96,1,0.00015008254539996998,8220
M-2022-4,54,125,1,0.00015008254539996998,8221
M-2022-4,54,127,1,0.00015008254539996998,8222
M-2022-4,54,146,1,0.00015008254539996998,8223
M-2022-4,54,155,1,0.00015008254539996998,8224
M-2022-4,54,156,1,0.00015008254539996998,8225
M-2022-4,54,160,1,0.00015008254539996998,8226
M-2022-4,54,170,1,0.00015008254539996998,8227
M-2022-4,54,171,1,0.00015008254539996998,8228
M-2022-4,49,131,6,0.0001491795126802586,8229
M-2022-4,149,12,11,0.00014825996711324366,8230
M-2022-4,149,93,11,0.00014825996711324366,8231
M-2022-4,133,175,8,0.00014784697837737942,8232
M-2022-4,71,51,22,0.00014724780466909403,8233
M-2022-4,148,2,1,0.0001467997651203758,8234
M-2022-4,148,26,1,0.0001467997651203758,8235
M-2022-4,148,28,1,0.0001467997651203758,8236
M-2022-4,148,34,1,0.0001467997651203758,8237
M-2022-4,148,46,1,0.0001467997651203758,8238
M-2022-4,148,66,1,0.0001467997651203758,8239
M-2022-4,148,89,1,0.0001467997651203758,8240
M-2022-4,148,102,1,0.0001467997651203758,8241
M-2022-4,148,105,1,0.0001467997651203758,8242
M-2022-4,148,110,1,0.0001467997651203758,8243
M-2022-4,148,116,1,0.0001467997651203758,8244
M-2022-4,148,117,1,0.0001467997651203758,8245
M-2022-4,148,154,1,0.0001467997651203758,8246
M-2022-4,148,155,1,0.0001467997651203758,8247
M-2022-4,148,159,1,0.0001467997651203758,8248
M-2022-4,148,169,1,0.0001467997651203758,8249
M-2022-4,25,0,8,0.00014663562879190572,8250
M-2022-4,25,10,8,0.00014663562879190572,8251
M-2022-4,25,22,8,0.00014663562879190572,8252
M-2022-4,25,116,8,0.00014663562879190572,8253
M-2022-4,122,46,9,0.00014651776120860874,8254
M-2022-4,122,53,9,0.00014651776120860874,8255
M-2022-4,122,134,9,0.00014651776120860874,8256
M-2022-4,77,111,12,0.00014646292047063418,8257
M-2022-4,77,136,12,0.00014646292047063418,8258
M-2022-4,59,3,2,0.0001457301078402798,8259
M-2022-4,59,16,2,0.0001457301078402798,8260
M-2022-4,59,90,2,0.0001457301078402798,8261
M-2022-4,59,97,2,0.0001457301078402798,8262
M-2022-4,59,118,2,0.0001457301078402798,8263
M-2022-4,59,149,2,0.0001457301078402798,8264
M-2022-4,59,152,2,0.0001457301078402798,8265
M-2022-4,96,17,8,0.00014514051416027142,8266
M-2022-4,96,28,8,0.00014514051416027142,8267
M-2022-4,96,166,8,0.00014514051416027142,8268
M-2022-4,97,102,6,0.0001443001443001443,8269
M-2022-4,97,155,6,0.0001443001443001443,8270
M-2022-4,86,10,4,0.00014409740984905797,8271
M-2022-4,86,16,4,0.00014409740984905797,8272
M-2022-4,86,32,4,0.00014409740984905797,8273
M-2022-4,86,53,4,0.00014409740984905797,8274
M-2022-4,86,54,4,0.00014409740984905797,8275
M-2022-4,86,74,4,0.00014409740984905797,8276
M-2022-4,86,144,4,0.00014409740984905797,8277
M-2022-4,86,148,4,0.00014409740984905797,8278
M-2022-4,86,172,4,0.00014409740984905797,8279
M-2022-4,142,132,9,0.0001437607820586544,8280
M-2022-4,142,172,9,0.0001437607820586544,8281
M-2022-4,93,1,5,0.00014362863380443526,8282
M-2022-4,93,96,5,0.00014362863380443526,8283
M-2022-4,93,99,5,0.00014362863380443526,8284
M-2022-4,93,162,5,0.00014362863380443526,8285
M-2022-4,75,14,4,0.00014255167498218105,8286
M-2022-4,98,122,9,0.00014218458719074853,8287
M-2022-4,117,105,12,0.00014128284826222097,8288
M-2022-4,117,110,12,0.00014128284826222097,8289
M-2022-4,171,4,1,0.0001412030499858797,8290
M-2022-4,171,6,1,0.0001412030499858797,8291
M-2022-4,171,12,1,0.0001412030499858797,8292
M-2022-4,171,21,1,0.0001412030499858797,8293
M-2022-4,171,23,1,0.0001412030499858797,8294
M-2022-4,171,26,1,0.0001412030499858797,8295
M-2022-4,171,30,1,0.0001412030499858797,8296
M-2022-4,171,32,1,0.0001412030499858797,8297
M-2022-4,171,40,1,0.0001412030499858797,8298
M-2022-4,171,42,1,0.0001412030499858797,8299
M-2022-4,171,45,1,0.0001412030499858797,8300
M-2022-4,171,68,1,0.0001412030499858797,8301
M-2022-4,171,73,1,0.0001412030499858797,8302
M-2022-4,171,75,1,0.0001412030499858797,8303
M-2022-4,171,87,1,0.0001412030499858797,8304
M-2022-4,171,88,1,0.0001412030499858797,8305
M-2022-4,171,90,1,0.0001412030499858797,8306
M-2022-4,171,100,1,0.0001412030499858797,8307
M-2022-4,171,104,1,0.0001412030499858797,8308
M-2022-4,171,105,1,0.0001412030499858797,8309
M-2022-4,171,108,1,0.0001412030499858797,8310
M-2022-4,171,116,1,0.0001412030499858797,8311
M-2022-4,171,120,1,0.0001412030499858797,8312
M-2022-4,171,125,1,0.0001412030499858797,8313
M-2022-4,171,126,1,0.0001412030499858797,8314
M-2022-4,171,135,1,0.0001412030499858797,8315
M-2022-4,171,139,1,0.0001412030499858797,8316
M-2022-4,171,144,1,0.0001412030499858797,8317
M-2022-4,171,159,1,0.0001412030499858797,8318
M-2022-4,171,169,1,0.0001412030499858797,8319
M-2022-4,60,12,7,0.00014106646245616862,8320
M-2022-4,60,54,7,0.00014106646245616862,8321
M-2022-4,60,108,7,0.00014106646245616862,8322
M-2022-4,60,110,7,0.00014106646245616862,8323
M-2022-4,60,112,7,0.00014106646245616862,8324
M-2022-4,60,161,7,0.00014106646245616862,8325
M-2022-4,130,1,1,0.0001410039481105471,8326
M-2022-4,130,8,1,0.0001410039481105471,8327
M-2022-4,130,9,1,0.0001410039481105471,8328
M-2022-4,130,13,1,0.0001410039481105471,8329
M-2022-4,130,23,1,0.0001410039481105471,8330
M-2022-4,130,24,1,0.0001410039481105471,8331
M-2022-4,130,29,1,0.0001410039481105471,8332
M-2022-4,130,32,1,0.0001410039481105471,8333
M-2022-4,130,36,1,0.0001410039481105471,8334
M-2022-4,130,48,1,0.0001410039481105471,8335
M-2022-4,130,49,1,0.0001410039481105471,8336
M-2022-4,130,50,1,0.0001410039481105471,8337
M-2022-4,130,56,1,0.0001410039481105471,8338
M-2022-4,130,66,1,0.0001410039481105471,8339
M-2022-4,130,77,1,0.0001410039481105471,8340
M-2022-4,130,79,1,0.0001410039481105471,8341
M-2022-4,130,80,1,0.0001410039481105471,8342
M-2022-4,130,86,1,0.0001410039481105471,8343
M-2022-4,130,88,1,0.0001410039481105471,8344
M-2022-4,130,90,1,0.0001410039481105471,8345
M-2022-4,130,94,1,0.0001410039481105471,8346
M-2022-4,130,97,1,0.0001410039481105471,8347
M-2022-4,130,98,1,0.0001410039481105471,8348
M-2022-4,130,102,1,0.0001410039481105471,8349
M-2022-4,130,105,1,0.0001410039481105471,8350
M-2022-4,130,107,1,0.0001410039481105471,8351
M-2022-4,130,116,1,0.0001410039481105471,8352
M-2022-4,130,119,1,0.0001410039481105471,8353
M-2022-4,130,125,1,0.0001410039481105471,8354
M-2022-4,130,134,1,0.0001410039481105471,8355
M-2022-4,130,137,1,0.0001410039481105471,8356
M-2022-4,130,146,1,0.0001410039481105471,8357
M-2022-4,130,152,1,0.0001410039481105471,8358
M-2022-4,130,157,1,0.0001410039481105471,8359
M-2022-4,130,158,1,0.0001410039481105471,8360
M-2022-4,130,159,1,0.0001410039481105471,8361
M-2022-4,130,160,1,0.0001410039481105471,8362
M-2022-4,130,170,1,0.0001410039481105471,8363
M-2022-4,130,172,1,0.0001410039481105471,8364
M-2022-4,153,108,10,0.0001408986515999042,8365
M-2022-4,153,130,10,0.0001408986515999042,8366
M-2022-4,153,148,10,0.0001408986515999042,8367
M-2022-4,153,157,10,0.0001408986515999042,8368
M-2022-4,153,166,10,0.0001408986515999042,8369
M-2022-4,71,2,21,0.00014055472263868065,8370
M-2022-4,140,61,10,0.00013902018573096813,8371
M-2022-4,140,130,10,0.00013902018573096813,8372
M-2022-4,81,2,1,0.00013856172925038105,8373
M-2022-4,81,18,1,0.00013856172925038105,8374
M-2022-4,81,77,1,0.00013856172925038105,8375
M-2022-4,81,86,1,0.00013856172925038105,8376
M-2022-4,81,93,1,0.00013856172925038105,8377
M-2022-4,81,96,1,0.00013856172925038105,8378
M-2022-4,81,143,1,0.00013856172925038105,8379
M-2022-4,81,149,1,0.00013856172925038105,8380
M-2022-4,81,156,1,0.00013856172925038105,8381
M-2022-4,175,23,7,0.00013826341155092045,8382
M-2022-4,175,28,7,0.00013826341155092045,8383
M-2022-4,175,32,7,0.00013826341155092045,8384
M-2022-4,175,50,7,0.00013826341155092045,8385
M-2022-4,175,122,7,0.00013826341155092045,8386
M-2022-4,175,141,7,0.00013826341155092045,8387
M-2022-4,175,157,7,0.00013826341155092045,8388
M-2022-4,175,176,7,0.00013826341155092045,8389
M-2022-4,102,71,11,0.00013768759935412,8390
M-2022-4,102,83,11,0.00013768759935412,8391
M-2022-4,68,16,1,0.00013753266400770182,8392
M-2022-4,68,31,1,0.00013753266400770182,8393
M-2022-4,68,33,1,0.00013753266400770182,8394
M-2022-4,68,53,1,0.00013753266400770182,8395
M-2022-4,68,64,1,0.00013753266400770182,8396
M-2022-4,68,73,1,0.00013753266400770182,8397
M-2022-4,68,83,1,0.00013753266400770182,8398
M-2022-4,68,100,1,0.00013753266400770182,8399
M-2022-4,68,104,1,0.00013753266400770182,8400
M-2022-4,68,105,1,0.00013753266400770182,8401
M-2022-4,68,111,1,0.00013753266400770182,8402
M-2022-4,68,118,1,0.00013753266400770182,8403
M-2022-4,68,120,1,0.00013753266400770182,8404
M-2022-4,68,123,1,0.00013753266400770182,8405
M-2022-4,68,132,1,0.00013753266400770182,8406
M-2022-4,68,137,1,0.00013753266400770182,8407
M-2022-4,68,152,1,0.00013753266400770182,8408
M-2022-4,68,164,1,0.00013753266400770182,8409
M-2022-4,68,166,1,0.00013753266400770182,8410
M-2022-4,138,90,6,0.00013751690311934175,8411
M-2022-4,138,155,6,0.00013751690311934175,8412
M-2022-4,51,9,3,0.00013735005951835913,8413
M-2022-4,51,17,3,0.00013735005951835913,8414
M-2022-4,51,19,3,0.00013735005951835913,8415
M-2022-4,51,66,3,0.00013735005951835913,8416
M-2022-4,51,90,3,0.00013735005951835913,8417
M-2022-4,51,106,3,0.00013735005951835913,8418
M-2022-4,51,115,3,0.00013735005951835913,8419
M-2022-4,51,137,3,0.00013735005951835913,8420
M-2022-4,51,157,3,0.00013735005951835913,8421
M-2022-4,51,159,3,0.00013735005951835913,8422
M-2022-4,51,166,3,0.00013735005951835913,8423
M-2022-4,51,170,3,0.00013735005951835913,8424
M-2022-4,73,79,4,0.0001369347163739687,8425
M-2022-4,18,37,3,0.00013682386208154702,8426
M-2022-4,18,63,3,0.00013682386208154702,8427
M-2022-4,18,144,3,0.00013682386208154702,8428
M-2022-4,18,160,3,0.00013682386208154702,8429
M-2022-4,129,29,6,0.00013581728048532043,8430
M-2022-4,129,36,6,0.00013581728048532043,8431
M-2022-4,129,43,6,0.00013581728048532043,8432
M-2022-4,129,66,6,0.00013581728048532043,8433
M-2022-4,129,68,6,0.00013581728048532043,8434
M-2022-4,129,83,6,0.00013581728048532043,8435
M-2022-4,129,132,6,0.00013581728048532043,8436
M-2022-4,129,139,6,0.00013581728048532043,8437
M-2022-4,29,18,4,0.00013489360267089333,8438
M-2022-4,29,50,4,0.00013489360267089333,8439
M-2022-4,29,51,4,0.00013489360267089333,8440
M-2022-4,29,83,4,0.00013489360267089333,8441
M-2022-4,29,91,4,0.00013489360267089333,8442
M-2022-4,29,98,4,0.00013489360267089333,8443
M-2022-4,29,112,4,0.00013489360267089333,8444
M-2022-4,29,136,4,0.00013489360267089333,8445
M-2022-4,29,137,4,0.00013489360267089333,8446
M-2022-4,29,168,4,0.00013489360267089333,8447
M-2022-4,149,155,10,0.00013478178828476697,8448
M-2022-4,149,156,10,0.00013478178828476697,8449
M-2022-4,136,9,3,0.00013427625100707188,8450
M-2022-4,136,10,3,0.00013427625100707188,8451
M-2022-4,136,11,3,0.00013427625100707188,8452
M-2022-4,136,45,3,0.00013427625100707188,8453
M-2022-4,136,62,3,0.00013427625100707188,8454
M-2022-4,136,95,3,0.00013427625100707188,8455
M-2022-4,136,102,3,0.00013427625100707188,8456
M-2022-4,136,105,3,0.00013427625100707188,8457
M-2022-4,136,112,3,0.00013427625100707188,8458
M-2022-4,77,46,11,0.00013425767709808134,8459
M-2022-4,77,51,11,0.00013425767709808134,8460
M-2022-4,77,176,11,0.00013425767709808134,8461
M-2022-4,71,31,20,0.0001338616406082673,8462
M-2022-4,101,172,8,0.00013195005690346204,8463
M-2022-4,2,8,1,0.00013187392852433074,8464
M-2022-4,2,9,1,0.00013187392852433074,8465
M-2022-4,2,15,1,0.00013187392852433074,8466
M-2022-4,2,26,1,0.00013187392852433074,8467
M-2022-4,2,32,1,0.00013187392852433074,8468
M-2022-4,2,35,1,0.00013187392852433074,8469
M-2022-4,2,44,1,0.00013187392852433074,8470
M-2022-4,2,45,1,0.00013187392852433074,8471
M-2022-4,2,48,1,0.00013187392852433074,8472
M-2022-4,2,54,1,0.00013187392852433074,8473
M-2022-4,2,74,1,0.00013187392852433074,8474
M-2022-4,2,75,1,0.00013187392852433074,8475
M-2022-4,2,76,1,0.00013187392852433074,8476
M-2022-4,2,81,1,0.00013187392852433074,8477
M-2022-4,2,94,1,0.00013187392852433074,8478
M-2022-4,2,100,1,0.00013187392852433074,8479
M-2022-4,2,110,1,0.00013187392852433074,8480
M-2022-4,2,118,1,0.00013187392852433074,8481
M-2022-4,2,119,1,0.00013187392852433074,8482
M-2022-4,2,121,1,0.00013187392852433074,8483
M-2022-4,2,135,1,0.00013187392852433074,8484
M-2022-4,2,137,1,0.00013187392852433074,8485
M-2022-4,2,162,1,0.00013187392852433074,8486
M-2022-4,124,13,4,0.00013118194936376755,8487
M-2022-4,124,20,4,0.00013118194936376755,8488
M-2022-4,124,52,4,0.00013118194936376755,8489
M-2022-4,124,62,4,0.00013118194936376755,8490
M-2022-4,124,63,4,0.00013118194936376755,8491
M-2022-4,124,78,4,0.00013118194936376755,8492
M-2022-4,100,71,4,0.00013113034356150013,8493
M-2022-4,100,83,4,0.00013113034356150013,8494
M-2022-4,100,98,4,0.00013113034356150013,8495
M-2022-4,100,114,4,0.00013113034356150013,8496
M-2022-4,131,2,4,0.00013100579700651754,8497
M-2022-4,131,14,4,0.00013100579700651754,8498
M-2022-4,131,19,4,0.00013100579700651754,8499
M-2022-4,131,23,4,0.00013100579700651754,8500
M-2022-4,131,63,4,0.00013100579700651754,8501
M-2022-4,131,75,4,0.00013100579700651754,8502
M-2022-4,131,82,4,0.00013100579700651754,8503
M-2022-4,131,128,4,0.00013100579700651754,8504
M-2022-4,131,138,4,0.00013100579700651754,8505
M-2022-4,90,2,1,0.0001309757694826457,8506
M-2022-4,90,50,1,0.0001309757694826457,8507
M-2022-4,90,51,1,0.0001309757694826457,8508
M-2022-4,90,58,1,0.0001309757694826457,8509
M-2022-4,90,60,1,0.0001309757694826457,8510
M-2022-4,90,61,1,0.0001309757694826457,8511
M-2022-4,90,69,1,0.0001309757694826457,8512
M-2022-4,90,74,1,0.0001309757694826457,8513
M-2022-4,90,91,1,0.0001309757694826457,8514
M-2022-4,90,100,1,0.0001309757694826457,8515
M-2022-4,90,119,1,0.0001309757694826457,8516
M-2022-4,90,137,1,0.0001309757694826457,8517
M-2022-4,90,143,1,0.0001309757694826457,8518
M-2022-4,90,146,1,0.0001309757694826457,8519
M-2022-4,90,154,1,0.0001309757694826457,8520
M-2022-4,90,165,1,0.0001309757694826457,8521
M-2022-4,90,167,1,0.0001309757694826457,8522
M-2022-4,90,168,1,0.0001309757694826457,8523
M-2022-4,115,2,3,0.00013055966576725562,8524
M-2022-4,115,34,3,0.00013055966576725562,8525
M-2022-4,115,43,3,0.00013055966576725562,8526
M-2022-4,115,45,3,0.00013055966576725562,8527
M-2022-4,115,54,3,0.00013055966576725562,8528
M-2022-4,115,68,3,0.00013055966576725562,8529
M-2022-4,115,123,3,0.00013055966576725562,8530
M-2022-4,115,124,3,0.00013055966576725562,8531
M-2022-4,115,140,3,0.00013055966576725562,8532
M-2022-4,115,146,3,0.00013055966576725562,8533
M-2022-4,122,13,8,0.00013023800996320777,8534
M-2022-4,122,61,8,0.00013023800996320777,8535
M-2022-4,122,64,8,0.00013023800996320777,8536
M-2022-4,122,101,8,0.00013023800996320777,8537
M-2022-4,172,2,1,0.00013007284079084288,8538
M-2022-4,172,3,1,0.00013007284079084288,8539
M-2022-4,172,8,1,0.00013007284079084288,8540
M-2022-4,172,15,1,0.00013007284079084288,8541
M-2022-4,172,47,1,0.00013007284079084288,8542
M-2022-4,172,48,1,0.00013007284079084288,8543
M-2022-4,172,57,1,0.00013007284079084288,8544
M-2022-4,172,59,1,0.00013007284079084288,8545
M-2022-4,172,60,1,0.00013007284079084288,8546
M-2022-4,172,65,1,0.00013007284079084288,8547
M-2022-4,172,73,1,0.00013007284079084288,8548
M-2022-4,172,100,1,0.00013007284079084288,8549
M-2022-4,172,104,1,0.00013007284079084288,8550
M-2022-4,172,105,1,0.00013007284079084288,8551
M-2022-4,172,107,1,0.00013007284079084288,8552
M-2022-4,172,109,1,0.00013007284079084288,8553
M-2022-4,172,113,1,0.00013007284079084288,8554
M-2022-4,172,115,1,0.00013007284079084288,8555
M-2022-4,172,118,1,0.00013007284079084288,8556
M-2022-4,172,125,1,0.00013007284079084288,8557
M-2022-4,172,136,1,0.00013007284079084288,8558
M-2022-4,172,144,1,0.00013007284079084288,8559
M-2022-4,172,151,1,0.00013007284079084288,8560
M-2022-4,172,154,1,0.00013007284079084288,8561
M-2022-4,172,157,1,0.00013007284079084288,8562
M-2022-4,172,158,1,0.00013007284079084288,8563
M-2022-4,172,164,1,0.00013007284079084288,8564
M-2022-4,172,174,1,0.00013007284079084288,8565
M-2022-4,132,13,3,0.00012955045990413266,8566
M-2022-4,132,16,3,0.00012955045990413266,8567
M-2022-4,132,18,3,0.00012955045990413266,8568
M-2022-4,132,19,3,0.00012955045990413266,8569
M-2022-4,132,24,3,0.00012955045990413266,8570
M-2022-4,132,26,3,0.00012955045990413266,8571
M-2022-4,132,68,3,0.00012955045990413266,8572
M-2022-4,132,99,3,0.00012955045990413266,8573
M-2022-4,132,123,3,0.00012955045990413266,8574
M-2022-4,132,126,3,0.00012955045990413266,8575
M-2022-4,132,142,3,0.00012955045990413266,8576
M-2022-4,132,162,3,0.00012955045990413266,8577
M-2022-4,117,17,11,0.00012950927757370256,8578
M-2022-4,117,63,11,0.00012950927757370256,8579
M-2022-4,117,64,11,0.00012950927757370256,8580
M-2022-4,117,66,11,0.00012950927757370256,8581
M-2022-4,117,168,11,0.00012950927757370256,8582
M-2022-4,133,66,7,0.000129366106080207,8583
M-2022-4,133,104,7,0.000129366106080207,8584
M-2022-4,62,19,2,0.00012862563508907326,8585
M-2022-4,62,23,2,0.00012862563508907326,8586
M-2022-4,62,65,2,0.00012862563508907326,8587
M-2022-4,62,78,2,0.00012862563508907326,8588
M-2022-4,62,79,2,0.00012862563508907326,8589
M-2022-4,62,132,2,0.00012862563508907326,8590
M-2022-4,62,143,2,0.00012862563508907326,8591
M-2022-4,62,152,2,0.00012862563508907326,8592
M-2022-4,62,154,2,0.00012862563508907326,8593
M-2022-4,62,163,2,0.00012862563508907326,8594
M-2022-4,62,176,2,0.00012862563508907326,8595
M-2022-4,62,177,2,0.00012862563508907326,8596
M-2022-4,25,36,7,0.0001283061751929175,8597
M-2022-4,25,56,7,0.0001283061751929175,8598
M-2022-4,25,112,7,0.0001283061751929175,8599
M-2022-4,25,123,7,0.0001283061751929175,8600
M-2022-4,25,138,7,0.0001283061751929175,8601
M-2022-4,142,13,8,0.00012778736182991502,8602
M-2022-4,142,24,8,0.00012778736182991502,8603
M-2022-4,142,66,8,0.00012778736182991502,8604
M-2022-4,142,68,8,0.00012778736182991502,8605
M-2022-4,142,166,8,0.00012778736182991502,8606
M-2022-4,71,136,19,0.00012716855857785393,8607
M-2022-4,96,12,7,0.0001269979498902375,8608
M-2022-4,96,118,7,0.0001269979498902375,8609
M-2022-4,96,121,7,0.0001269979498902375,8610
M-2022-4,96,134,7,0.0001269979498902375,8611
M-2022-4,96,136,7,0.0001269979498902375,8612
M-2022-4,153,85,9,0.00012680878643991377,8613
M-2022-4,153,116,9,0.00012680878643991377,8614
M-2022-4,98,172,8,0.0001263862997251098,8615
M-2022-4,82,31,10,0.00012561393812257407,8616
M-2022-4,31,2,1,0.00012542330364981815,8617
M-2022-4,31,16,1,0.00012542330364981815,8618
M-2022-4,31,30,1,0.00012542330364981815,8619
M-2022-4,31,32,1,0.00012542330364981815,8620
M-2022-4,31,46,1,0.00012542330364981815,8621
M-2022-4,31,49,1,0.00012542330364981815,8622
M-2022-4,31,60,1,0.00012542330364981815,8623
M-2022-4,31,72,1,0.00012542330364981815,8624
M-2022-4,31,77,1,0.00012542330364981815,8625
M-2022-4,31,78,1,0.00012542330364981815,8626
M-2022-4,31,79,1,0.00012542330364981815,8627
M-2022-4,31,84,1,0.00012542330364981815,8628
M-2022-4,31,93,1,0.00012542330364981815,8629
M-2022-4,31,99,1,0.00012542330364981815,8630
M-2022-4,31,116,1,0.00012542330364981815,8631
M-2022-4,31,118,1,0.00012542330364981815,8632
M-2022-4,31,119,1,0.00012542330364981815,8633
M-2022-4,31,124,1,0.00012542330364981815,8634
M-2022-4,31,136,1,0.00012542330364981815,8635
M-2022-4,31,138,1,0.00012542330364981815,8636
M-2022-4,31,144,1,0.00012542330364981815,8637
M-2022-4,31,149,1,0.00012542330364981815,8638
M-2022-4,99,3,3,0.00012523481527864746,8639
M-2022-4,99,13,3,0.00012523481527864746,8640
M-2022-4,99,30,3,0.00012523481527864746,8641
M-2022-4,99,69,3,0.00012523481527864746,8642
M-2022-4,99,104,3,0.00012523481527864746,8643
M-2022-4,99,105,3,0.00012523481527864746,8644
M-2022-4,99,115,3,0.00012523481527864746,8645
M-2022-4,99,140,3,0.00012523481527864746,8646
M-2022-4,99,150,3,0.00012523481527864746,8647
M-2022-4,99,170,3,0.00012523481527864746,8648
M-2022-4,102,66,10,0.0001251705448673818,8649
M-2022-4,102,98,10,0.0001251705448673818,8650
M-2022-4,102,138,10,0.0001251705448673818,8651
M-2022-4,102,172,10,0.0001251705448673818,8652
M-2022-4,140,13,9,0.00012511816715787133,8653
M-2022-4,140,20,9,0.00012511816715787133,8654
M-2022-4,140,24,9,0.00012511816715787133,8655
M-2022-4,140,28,9,0.00012511816715787133,8656
M-2022-4,78,61,6,0.00012497656689370744,8657
M-2022-4,78,133,6,0.00012497656689370744,8658
M-2022-4,49,24,5,0.00012431626056688214,8659
M-2022-4,49,66,5,0.00012431626056688214,8660
M-2022-4,49,108,5,0.00012431626056688214,8661
M-2022-4,49,148,5,0.00012431626056688214,8662
M-2022-4,30,24,1,0.00012298610257040955,8663
M-2022-4,30,25,1,0.00012298610257040955,8664
M-2022-4,30,71,1,0.00012298610257040955,8665
M-2022-4,30,77,1,0.00012298610257040955,8666
M-2022-4,30,106,1,0.00012298610257040955,8667
M-2022-4,30,109,1,0.00012298610257040955,8668
M-2022-4,30,113,1,0.00012298610257040955,8669
M-2022-4,30,130,1,0.00012298610257040955,8670
M-2022-4,30,143,1,0.00012298610257040955,8671
M-2022-4,30,155,1,0.00012298610257040955,8672
M-2022-4,30,176,1,0.00012298610257040955,8673
M-2022-4,83,5,3,0.00012243898457268794,8674
M-2022-4,83,10,3,0.00012243898457268794,8675
M-2022-4,83,18,3,0.00012243898457268794,8676
M-2022-4,83,19,3,0.00012243898457268794,8677
M-2022-4,83,55,3,0.00012243898457268794,8678
M-2022-4,83,60,3,0.00012243898457268794,8679
M-2022-4,83,61,3,0.00012243898457268794,8680
M-2022-4,83,65,3,0.00012243898457268794,8681
M-2022-4,83,86,3,0.00012243898457268794,8682
M-2022-4,83,98,3,0.00012243898457268794,8683
M-2022-4,83,99,3,0.00012243898457268794,8684
M-2022-4,83,143,3,0.00012243898457268794,8685
M-2022-4,83,177,3,0.00012243898457268794,8686
M-2022-4,28,9,2,0.00012220457045093486,8687
M-2022-4,28,16,2,0.00012220457045093486,8688
M-2022-4,28,34,2,0.00012220457045093486,8689
M-2022-4,28,42,2,0.00012220457045093486,8690
M-2022-4,28,54,2,0.00012220457045093486,8691
M-2022-4,28,64,2,0.00012220457045093486,8692
M-2022-4,28,77,2,0.00012220457045093486,8693
M-2022-4,28,84,2,0.00012220457045093486,8694
M-2022-4,28,94,2,0.00012220457045093486,8695
M-2022-4,28,120,2,0.00012220457045093486,8696
M-2022-4,28,123,2,0.00012220457045093486,8697
M-2022-4,28,125,2,0.00012220457045093486,8698
M-2022-4,28,147,2,0.00012220457045093486,8699
M-2022-4,28,163,2,0.00012220457045093486,8700
M-2022-4,28,169,2,0.00012220457045093486,8701
M-2022-4,28,171,2,0.00012220457045093486,8702
M-2022-4,55,53,1,0.00012205541315757354,8703
M-2022-4,55,86,1,0.00012205541315757354,8704
M-2022-4,55,102,1,0.00012205541315757354,8705
M-2022-4,55,143,1,0.00012205541315757354,8706
M-2022-4,55,149,1,0.00012205541315757354,8707
M-2022-4,55,150,1,0.00012205541315757354,8708
M-2022-4,55,154,1,0.00012205541315757354,8709
M-2022-4,55,174,1,0.00012205541315757354,8710
M-2022-4,77,24,10,0.00012205243372552849,8711
M-2022-4,77,83,10,0.00012205243372552849,8712
M-2022-4,156,9,4,0.0001215916344955467,8713
M-2022-4,156,44,4,0.0001215916344955467,8714
M-2022-4,156,63,4,0.0001215916344955467,8715
M-2022-4,156,66,4,0.0001215916344955467,8716
M-2022-4,156,67,4,0.0001215916344955467,8717
M-2022-4,156,73,4,0.0001215916344955467,8718
M-2022-4,156,85,4,0.0001215916344955467,8719
M-2022-4,156,101,4,0.0001215916344955467,8720
M-2022-4,156,106,4,0.0001215916344955467,8721
M-2022-4,156,110,4,0.0001215916344955467,8722
M-2022-4,156,118,4,0.0001215916344955467,8723
M-2022-4,156,126,4,0.0001215916344955467,8724
M-2022-4,149,13,9,0.00012130360945629027,8725
M-2022-4,149,63,9,0.00012130360945629027,8726
M-2022-4,149,64,9,0.00012130360945629027,8727
M-2022-4,149,118,9,0.00012130360945629027,8728
M-2022-4,149,134,9,0.00012130360945629027,8729
M-2022-4,149,142,9,0.00012130360945629027,8730
M-2022-4,149,171,9,0.00012130360945629027,8731
M-2022-4,60,2,6,0.00012091411067671598,8732
M-2022-4,60,18,6,0.00012091411067671598,8733
M-2022-4,60,90,6,0.00012091411067671598,8734
M-2022-4,60,98,6,0.00012091411067671598,8735
M-2022-4,60,104,6,0.00012091411067671598,8736
M-2022-4,60,111,6,0.00012091411067671598,8737
M-2022-4,60,154,6,0.00012091411067671598,8738
M-2022-4,97,4,5,0.00012025012025012025,8739
M-2022-4,97,154,5,0.00012025012025012025,8740
M-2022-4,79,17,3,0.00011951238945103975,8741
M-2022-4,79,19,3,0.00011951238945103975,8742
M-2022-4,79,102,3,0.00011951238945103975,8743
M-2022-4,79,149,3,0.00011951238945103975,8744
M-2022-4,79,158,3,0.00011951238945103975,8745
M-2022-4,175,60,6,0.00011851149561507466,8746
M-2022-4,175,138,6,0.00011851149561507466,8747
M-2022-4,175,145,6,0.00011851149561507466,8748
M-2022-4,117,12,10,0.00011773570688518413,8749
M-2022-4,117,24,10,0.00011773570688518413,8750
M-2022-4,117,94,10,0.00011773570688518413,8751
M-2022-4,117,112,10,0.00011773570688518413,8752
M-2022-4,117,139,10,0.00011773570688518413,8753
M-2022-4,101,14,7,0.00011545629979052929,8754
M-2022-4,93,22,4,0.0001149029070435482,8755
M-2022-4,93,24,4,0.0001149029070435482,8756
M-2022-4,93,26,4,0.0001149029070435482,8757
M-2022-4,93,72,4,0.0001149029070435482,8758
M-2022-4,93,160,4,0.0001149029070435482,8759
M-2022-4,138,63,5,0.00011459741926611812,8760
M-2022-4,138,83,5,0.00011459741926611812,8761
M-2022-4,138,125,5,0.00011459741926611812,8762
M-2022-4,138,143,5,0.00011459741926611812,8763
M-2022-4,138,158,5,0.00011459741926611812,8764
M-2022-4,138,175,5,0.00011459741926611812,8765
M-2022-4,122,54,7,0.00011395825871780679,8766
M-2022-4,122,76,7,0.00011395825871780679,8767
M-2022-4,122,127,7,0.00011395825871780679,8768
M-2022-4,122,160,7,0.00011395825871780679,8769
M-2022-4,122,176,7,0.00011395825871780679,8770
M-2022-4,71,28,17,0.0001137823945170272,8771
M-2022-4,129,24,5,0.00011318106707110034,8772
M-2022-4,129,46,5,0.00011318106707110034,8773
M-2022-4,129,130,5,0.00011318106707110034,8774
M-2022-4,129,134,5,0.00011318106707110034,8775
M-2022-4,82,2,9,0.00011305254431031667,8776
M-2022-4,82,96,9,0.00011305254431031667,8777
M-2022-4,82,110,9,0.00011305254431031667,8778
M-2022-4,153,30,8,0.00011271892127992335,8779
M-2022-4,153,50,8,0.00011271892127992335,8780
M-2022-4,153,134,8,0.00011271892127992335,8781
M-2022-4,153,138,8,0.00011271892127992335,8782
M-2022-4,153,171,8,0.00011271892127992335,8783
M-2022-4,72,1,2,0.00011185682326621924,8784
M-2022-4,72,25,2,0.00011185682326621924,8785
M-2022-4,72,54,2,0.00011185682326621924,8786
M-2022-4,72,63,2,0.00011185682326621924,8787
M-2022-4,72,111,2,0.00011185682326621924,8788
M-2022-4,72,136,2,0.00011185682326621924,8789
M-2022-4,142,21,7,0.00011181394160117565,8790
M-2022-4,142,157,7,0.00011181394160117565,8791
M-2022-4,140,12,8,0.0001112161485847745,8792
M-2022-4,140,15,8,0.0001112161485847745,8793
M-2022-4,140,115,8,0.0001112161485847745,8794
M-2022-4,133,24,6,0.00011088523378303456,8795
M-2022-4,133,50,6,0.00011088523378303456,8796
M-2022-4,133,96,6,0.00011088523378303456,8797
M-2022-4,133,126,6,0.00011088523378303456,8798
M-2022-4,133,159,6,0.00011088523378303456,8799
M-2022-4,25,100,6,0.00010997672159392928,8800
M-2022-4,25,108,6,0.00010997672159392928,8801
M-2022-4,25,114,6,0.00010997672159392928,8802
M-2022-4,25,143,6,0.00010997672159392928,8803
M-2022-4,25,162,6,0.00010997672159392928,8804
M-2022-4,77,163,9,0.00010984719035297564,8805
M-2022-4,96,24,6,0.00010885538562020356,8806
M-2022-4,96,49,6,0.00010885538562020356,8807
M-2022-4,96,137,6,0.00010885538562020356,8808
M-2022-4,74,1,1,0.00010857763300760044,8809
M-2022-4,74,14,1,0.00010857763300760044,8810
M-2022-4,74,53,1,0.00010857763300760044,8811
M-2022-4,74,70,1,0.00010857763300760044,8812
M-2022-4,74,99,1,0.00010857763300760044,8813
M-2022-4,74,108,1,0.00010857763300760044,8814
M-2022-4,74,115,1,0.00010857763300760044,8815
M-2022-4,74,118,1,0.00010857763300760044,8816
M-2022-4,74,125,1,0.00010857763300760044,8817
M-2022-4,74,134,1,0.00010857763300760044,8818
M-2022-4,74,138,1,0.00010857763300760044,8819
M-2022-4,74,139,1,0.00010857763300760044,8820
M-2022-4,74,152,1,0.00010857763300760044,8821
M-2022-4,74,160,1,0.00010857763300760044,8822
M-2022-4,74,168,1,0.00010857763300760044,8823
M-2022-4,86,11,3,0.00010807305738679347,8824
M-2022-4,86,19,3,0.00010807305738679347,8825
M-2022-4,86,24,3,0.00010807305738679347,8826
M-2022-4,86,43,3,0.00010807305738679347,8827
M-2022-4,86,50,3,0.00010807305738679347,8828
M-2022-4,86,64,3,0.00010807305738679347,8829
M-2022-4,86,73,3,0.00010807305738679347,8830
M-2022-4,86,87,3,0.00010807305738679347,8831
M-2022-4,86,105,3,0.00010807305738679347,8832
M-2022-4,86,110,3,0.00010807305738679347,8833
M-2022-4,86,116,3,0.00010807305738679347,8834
M-2022-4,86,146,3,0.00010807305738679347,8835
M-2022-4,86,163,3,0.00010807305738679347,8836
M-2022-4,149,5,8,0.00010782543062781356,8837
M-2022-4,149,62,8,0.00010782543062781356,8838
M-2022-4,149,68,8,0.00010782543062781356,8839
M-2022-4,149,116,8,0.00010782543062781356,8840
M-2022-4,149,170,8,0.00010782543062781356,8841
M-2022-4,71,133,16,0.00010708931248661383,8842
M-2022-4,75,51,3,0.00010691375623663578,8843
M-2022-4,75,96,3,0.00010691375623663578,8844
M-2022-4,75,129,3,0.00010691375623663578,8845
M-2022-4,75,136,3,0.00010691375623663578,8846
M-2022-4,75,149,3,0.00010691375623663578,8847
M-2022-4,75,172,3,0.00010691375623663578,8848
M-2022-4,117,89,9,0.00010596213619666572,8849
M-2022-4,117,114,9,0.00010596213619666572,8850
M-2022-4,117,128,9,0.00010596213619666572,8851
M-2022-4,117,146,9,0.00010596213619666572,8852
M-2022-4,117,148,9,0.00010596213619666572,8853
M-2022-4,117,150,9,0.00010596213619666572,8854
M-2022-4,117,169,9,0.00010596213619666572,8855
M-2022-4,78,40,5,0.00010414713907808953,8856
M-2022-4,78,46,5,0.00010414713907808953,8857
M-2022-4,78,131,5,0.00010414713907808953,8858
M-2022-4,78,156,5,0.00010414713907808953,8859
M-2022-4,27,4,2,0.00010316723408645414,8860
M-2022-4,27,100,2,0.00010316723408645414,8861
M-2022-4,27,155,2,0.00010316723408645414,8862
M-2022-4,27,165,2,0.00010316723408645414,8863
M-2022-4,73,72,3,0.00010270103728047654,8864
M-2022-4,73,77,3,0.00010270103728047654,8865
M-2022-4,73,117,3,0.00010270103728047654,8866
M-2022-4,53,7,1,0.00010230179028132993,8867
M-2022-4,53,17,1,0.00010230179028132993,8868
M-2022-4,53,27,1,0.00010230179028132993,8869
M-2022-4,53,29,1,0.00010230179028132993,8870
M-2022-4,53,33,1,0.00010230179028132993,8871
M-2022-4,53,35,1,0.00010230179028132993,8872
M-2022-4,53,36,1,0.00010230179028132993,8873
M-2022-4,53,41,1,0.00010230179028132993,8874
M-2022-4,53,48,1,0.00010230179028132993,8875
M-2022-4,53,49,1,0.00010230179028132993,8876
M-2022-4,53,50,1,0.00010230179028132993,8877
M-2022-4,53,55,1,0.00010230179028132993,8878
M-2022-4,53,57,1,0.00010230179028132993,8879
M-2022-4,53,65,1,0.00010230179028132993,8880
M-2022-4,53,72,1,0.00010230179028132993,8881
M-2022-4,53,79,1,0.00010230179028132993,8882
M-2022-4,53,80,1,0.00010230179028132993,8883
M-2022-4,53,82,1,0.00010230179028132993,8884
M-2022-4,53,86,1,0.00010230179028132993,8885
M-2022-4,53,99,1,0.00010230179028132993,8886
M-2022-4,53,102,1,0.00010230179028132993,8887
M-2022-4,53,103,1,0.00010230179028132993,8888
M-2022-4,53,105,1,0.00010230179028132993,8889
M-2022-4,53,113,1,0.00010230179028132993,8890
M-2022-4,53,123,1,0.00010230179028132993,8891
M-2022-4,53,131,1,0.00010230179028132993,8892
M-2022-4,53,133,1,0.00010230179028132993,8893
M-2022-4,53,134,1,0.00010230179028132993,8894
M-2022-4,53,139,1,0.00010230179028132993,8895
M-2022-4,53,150,1,0.00010230179028132993,8896
M-2022-4,53,152,1,0.00010230179028132993,8897
M-2022-4,53,168,1,0.00010230179028132993,8898
M-2022-4,53,174,1,0.00010230179028132993,8899
M-2022-4,46,0,1,0.00010206164523372117,8900
M-2022-4,46,2,1,0.00010206164523372117,8901
M-2022-4,46,10,1,0.00010206164523372117,8902
M-2022-4,46,16,1,0.00010206164523372117,8903
M-2022-4,46,19,1,0.00010206164523372117,8904
M-2022-4,46,20,1,0.00010206164523372117,8905
M-2022-4,46,21,1,0.00010206164523372117,8906
M-2022-4,46,22,1,0.00010206164523372117,8907
M-2022-4,46,31,1,0.00010206164523372117,8908
M-2022-4,46,32,1,0.00010206164523372117,8909
M-2022-4,46,38,1,0.00010206164523372117,8910
M-2022-4,46,41,1,0.00010206164523372117,8911
M-2022-4,46,43,1,0.00010206164523372117,8912
M-2022-4,46,52,1,0.00010206164523372117,8913
M-2022-4,46,74,1,0.00010206164523372117,8914
M-2022-4,46,76,1,0.00010206164523372117,8915
M-2022-4,46,83,1,0.00010206164523372117,8916
M-2022-4,46,87,1,0.00010206164523372117,8917
M-2022-4,46,88,1,0.00010206164523372117,8918
M-2022-4,46,108,1,0.00010206164523372117,8919
M-2022-4,46,130,1,0.00010206164523372117,8920
M-2022-4,46,131,1,0.00010206164523372117,8921
M-2022-4,46,137,1,0.00010206164523372117,8922
M-2022-4,46,146,1,0.00010206164523372117,8923
M-2022-4,46,162,1,0.00010206164523372117,8924
M-2022-4,46,165,1,0.00010206164523372117,8925
M-2022-4,46,172,1,0.00010206164523372117,8926
M-2022-4,110,1,1,0.00010195758564437195,8927
M-2022-4,110,4,1,0.00010195758564437195,8928
M-2022-4,110,24,1,0.00010195758564437195,8929
M-2022-4,110,47,1,0.00010195758564437195,8930
M-2022-4,110,49,1,0.00010195758564437195,8931
M-2022-4,110,62,1,0.00010195758564437195,8932
M-2022-4,110,63,1,0.00010195758564437195,8933
M-2022-4,110,66,1,0.00010195758564437195,8934
M-2022-4,110,71,1,0.00010195758564437195,8935
M-2022-4,110,77,1,0.00010195758564437195,8936
M-2022-4,110,80,1,0.00010195758564437195,8937
M-2022-4,110,83,1,0.00010195758564437195,8938
M-2022-4,110,84,1,0.00010195758564437195,8939
M-2022-4,110,87,1,0.00010195758564437195,8940
M-2022-4,110,88,1,0.00010195758564437195,8941
M-2022-4,110,97,1,0.00010195758564437195,8942
M-2022-4,110,99,1,0.00010195758564437195,8943
M-2022-4,110,114,1,0.00010195758564437195,8944
M-2022-4,110,116,1,0.00010195758564437195,8945
M-2022-4,110,129,1,0.00010195758564437195,8946
M-2022-4,110,134,1,0.00010195758564437195,8947
M-2022-4,110,138,1,0.00010195758564437195,8948
M-2022-4,110,140,1,0.00010195758564437195,8949
M-2022-4,110,144,1,0.00010195758564437195,8950
M-2022-4,110,151,1,0.00010195758564437195,8951
M-2022-4,110,155,1,0.00010195758564437195,8952
M-2022-4,110,159,1,0.00010195758564437195,8953
M-2022-4,110,176,1,0.00010195758564437195,8954
M-2022-4,61,20,2,0.00010164667615368977,8955
M-2022-4,61,22,2,0.00010164667615368977,8956
M-2022-4,61,36,2,0.00010164667615368977,8957
M-2022-4,61,52,2,0.00010164667615368977,8958
M-2022-4,61,83,2,0.00010164667615368977,8959
M-2022-4,61,101,2,0.00010164667615368977,8960
M-2022-4,61,105,2,0.00010164667615368977,8961
M-2022-4,61,106,2,0.00010164667615368977,8962
M-2022-4,61,110,2,0.00010164667615368977,8963
M-2022-4,61,116,2,0.00010164667615368977,8964
M-2022-4,61,120,2,0.00010164667615368977,8965
M-2022-4,61,132,2,0.00010164667615368977,8966
M-2022-4,61,154,2,0.00010164667615368977,8967
M-2022-4,61,158,2,0.00010164667615368977,8968
M-2022-4,61,161,2,0.00010164667615368977,8969
M-2022-4,61,170,2,0.00010164667615368977,8970
M-2022-4,61,172,2,0.00010164667615368977,8971
M-2022-4,29,1,3,0.00010117020200317,8972
M-2022-4,29,9,3,0.00010117020200317,8973
M-2022-4,29,17,3,0.00010117020200317,8974
M-2022-4,29,71,3,0.00010117020200317,8975
M-2022-4,29,75,3,0.00010117020200317,8976
M-2022-4,29,76,3,0.00010117020200317,8977
M-2022-4,29,102,3,0.00010117020200317,8978
M-2022-4,29,105,3,0.00010117020200317,8979
M-2022-4,29,127,3,0.00010117020200317,8980
M-2022-4,29,131,3,0.00010117020200317,8981
M-2022-4,29,134,3,0.00010117020200317,8982
M-2022-4,29,169,3,0.00010117020200317,8983
M-2022-4,29,173,3,0.00010117020200317,8984
M-2022-4,29,176,3,0.00010117020200317,8985
M-2022-4,60,55,5,0.00010076175889726332,8986
M-2022-4,60,64,5,0.00010076175889726332,8987
M-2022-4,60,102,5,0.00010076175889726332,8988
M-2022-4,60,135,5,0.00010076175889726332,8989
M-2022-4,82,14,8,0.00010049115049805927,8990
M-2022-4,82,32,8,0.00010049115049805927,8991
M-2022-4,82,130,8,0.00010049115049805927,8992
M-2022-4,82,155,8,0.00010049115049805927,8993
M-2022-4,71,63,15,0.00010039623045620047,8994
M-2022-4,71,122,15,0.00010039623045620047,8995
M-2022-4,17,3,1,9.9930048965724e-05,8996
M-2022-4,17,11,1,9.9930048965724e-05,8997
M-2022-4,17,16,1,9.9930048965724e-05,8998
M-2022-4,17,52,1,9.9930048965724e-05,8999
M-2022-4,17,53,1,9.9930048965724e-05,9000
M-2022-4,17,56,1,9.9930048965724e-05,9001
M-2022-4,17,62,1,9.9930048965724e-05,9002
M-2022-4,17,72,1,9.9930048965724e-05,9003
M-2022-4,17,75,1,9.9930048965724e-05,9004
M-2022-4,17,81,1,9.9930048965724e-05,9005
M-2022-4,17,92,1,9.9930048965724e-05,9006
M-2022-4,17,105,1,9.9930048965724e-05,9007
M-2022-4,17,109,1,9.9930048965724e-05,9008
M-2022-4,17,112,1,9.9930048965724e-05,9009
M-2022-4,17,115,1,9.9930048965724e-05,9010
M-2022-4,17,130,1,9.9930048965724e-05,9011
M-2022-4,17,135,1,9.9930048965724e-05,9012
M-2022-4,17,141,1,9.9930048965724e-05,9013
M-2022-4,17,158,1,9.9930048965724e-05,9014
M-2022-4,17,160,1,9.9930048965724e-05,9015
M-2022-4,17,165,1,9.9930048965724e-05,9016
M-2022-4,17,173,1,9.9930048965724e-05,9017
M-2022-4,95,82,5,9.955598032773829e-05,9018
M-2022-4,95,173,5,9.955598032773829e-05,9019
M-2022-4,49,1,4,9.945300845350572e-05,9020
M-2022-4,49,14,4,9.945300845350572e-05,9021
M-2022-4,49,26,4,9.945300845350572e-05,9022
M-2022-4,49,89,4,9.945300845350572e-05,9023
M-2022-4,49,90,4,9.945300845350572e-05,9024
M-2022-4,49,112,4,9.945300845350572e-05,9025
M-2022-4,49,166,4,9.945300845350572e-05,9026
M-2022-4,49,172,4,9.945300845350572e-05,9027
M-2022-4,49,174,4,9.945300845350572e-05,9028
M-2022-4,56,8,1,9.906875371507826e-05,9029
M-2022-4,56,45,1,9.906875371507826e-05,9030
M-2022-4,56,53,1,9.906875371507826e-05,9031
M-2022-4,56,57,1,9.906875371507826e-05,9032
M-2022-4,56,58,1,9.906875371507826e-05,9033
M-2022-4,56,68,1,9.906875371507826e-05,9034
M-2022-4,56,75,1,9.906875371507826e-05,9035
M-2022-4,56,77,1,9.906875371507826e-05,9036
M-2022-4,56,94,1,9.906875371507826e-05,9037
M-2022-4,56,97,1,9.906875371507826e-05,9038
M-2022-4,56,98,1,9.906875371507826e-05,9039
M-2022-4,56,105,1,9.906875371507826e-05,9040
M-2022-4,56,129,1,9.906875371507826e-05,9041
M-2022-4,56,142,1,9.906875371507826e-05,9042
M-2022-4,56,167,1,9.906875371507826e-05,9043
M-2022-4,56,172,1,9.906875371507826e-05,9044
M-2022-4,101,53,6,9.896254267759652e-05,9045
M-2022-4,101,56,6,9.896254267759652e-05,9046
M-2022-4,101,124,6,9.896254267759652e-05,9047
M-2022-4,101,164,6,9.896254267759652e-05,9048
M-2022-4,175,18,5,9.875957967922889e-05,9049
M-2022-4,175,29,5,9.875957967922889e-05,9050
M-2022-4,175,134,5,9.875957967922889e-05,9051
M-2022-4,175,163,5,9.875957967922889e-05,9052
M-2022-4,153,8,7,9.862905611993293e-05,9053
M-2022-4,153,21,7,9.862905611993293e-05,9054
M-2022-4,153,81,7,9.862905611993293e-05,9055
M-2022-4,153,127,7,9.862905611993293e-05,9056
M-2022-4,124,32,3,9.838646202282565e-05,9057
M-2022-4,124,49,3,9.838646202282565e-05,9058
M-2022-4,124,75,3,9.838646202282565e-05,9059
M-2022-4,124,102,3,9.838646202282565e-05,9060
M-2022-4,124,105,3,9.838646202282565e-05,9061
M-2022-4,124,108,3,9.838646202282565e-05,9062
M-2022-4,124,167,3,9.838646202282565e-05,9063
M-2022-4,100,77,3,9.83477576711251e-05,9064
M-2022-4,100,133,3,9.83477576711251e-05,9065
M-2022-4,100,153,3,9.83477576711251e-05,9066
M-2022-4,131,32,3,9.825434775488816e-05,9067
M-2022-4,131,46,3,9.825434775488816e-05,9068
M-2022-4,131,86,3,9.825434775488816e-05,9069
M-2022-4,131,90,3,9.825434775488816e-05,9070
M-2022-4,131,95,3,9.825434775488816e-05,9071
M-2022-4,131,126,3,9.825434775488816e-05,9072
M-2022-4,131,171,3,9.825434775488816e-05,9073
M-2022-4,122,23,6,9.767850747240582e-05,9074
M-2022-4,122,66,6,9.767850747240582e-05,9075
M-2022-4,122,95,6,9.767850747240582e-05,9076
M-2022-4,122,104,6,9.767850747240582e-05,9077
M-2022-4,77,81,8,9.764194698042278e-05,9078
M-2022-4,77,124,8,9.764194698042278e-05,9079
M-2022-4,24,30,1,9.753242953281966e-05,9080
M-2022-4,24,44,1,9.753242953281966e-05,9081
M-2022-4,24,50,1,9.753242953281966e-05,9082
M-2022-4,24,51,1,9.753242953281966e-05,9083
M-2022-4,24,52,1,9.753242953281966e-05,9084
M-2022-4,24,53,1,9.753242953281966e-05,9085
M-2022-4,24,66,1,9.753242953281966e-05,9086
M-2022-4,24,70,1,9.753242953281966e-05,9087
M-2022-4,24,74,1,9.753242953281966e-05,9088
M-2022-4,24,83,1,9.753242953281966e-05,9089
M-2022-4,24,86,1,9.753242953281966e-05,9090
M-2022-4,24,91,1,9.753242953281966e-05,9091
M-2022-4,24,106,1,9.753242953281966e-05,9092
M-2022-4,24,110,1,9.753242953281966e-05,9093
M-2022-4,24,115,1,9.753242953281966e-05,9094
M-2022-4,24,127,1,9.753242953281966e-05,9095
M-2022-4,24,134,1,9.753242953281966e-05,9096
M-2022-4,24,135,1,9.753242953281966e-05,9097
M-2022-4,24,148,1,9.753242953281966e-05,9098
M-2022-4,24,158,1,9.753242953281966e-05,9099
M-2022-4,24,176,1,9.753242953281966e-05,9100
M-2022-4,140,53,7,9.731413001167769e-05,9101
M-2022-4,140,74,7,9.731413001167769e-05,9102
M-2022-4,140,85,7,9.731413001167769e-05,9103
M-2022-4,140,124,7,9.731413001167769e-05,9104
M-2022-4,97,14,4,9.62000962000962e-05,9105
M-2022-4,97,28,4,9.62000962000962e-05,9106
M-2022-4,97,110,4,9.62000962000962e-05,9107
M-2022-4,97,134,4,9.62000962000962e-05,9108
M-2022-4,14,4,1,9.614460148062687e-05,9109
M-2022-4,14,9,1,9.614460148062687e-05,9110
M-2022-4,14,23,1,9.614460148062687e-05,9111
M-2022-4,14,45,1,9.614460148062687e-05,9112
M-2022-4,14,47,1,9.614460148062687e-05,9113
M-2022-4,14,55,1,9.614460148062687e-05,9114
M-2022-4,14,65,1,9.614460148062687e-05,9115
M-2022-4,14,72,1,9.614460148062687e-05,9116
M-2022-4,14,73,1,9.614460148062687e-05,9117
M-2022-4,14,79,1,9.614460148062687e-05,9118
M-2022-4,14,81,1,9.614460148062687e-05,9119
M-2022-4,14,84,1,9.614460148062687e-05,9120
M-2022-4,14,94,1,9.614460148062687e-05,9121
M-2022-4,14,95,1,9.614460148062687e-05,9122
M-2022-4,14,98,1,9.614460148062687e-05,9123
M-2022-4,14,103,1,9.614460148062687e-05,9124
M-2022-4,14,104,1,9.614460148062687e-05,9125
M-2022-4,14,108,1,9.614460148062687e-05,9126
M-2022-4,14,109,1,9.614460148062687e-05,9127
M-2022-4,14,126,1,9.614460148062687e-05,9128
M-2022-4,14,146,1,9.614460148062687e-05,9129
M-2022-4,14,147,1,9.614460148062687e-05,9130
M-2022-4,14,152,1,9.614460148062687e-05,9131
M-2022-4,14,160,1,9.614460148062687e-05,9132
M-2022-4,14,163,1,9.614460148062687e-05,9133
M-2022-4,142,12,6,9.584052137243626e-05,9134
M-2022-4,142,14,6,9.584052137243626e-05,9135
M-2022-4,142,50,6,9.584052137243626e-05,9136
M-2022-4,142,62,6,9.584052137243626e-05,9137
M-2022-4,142,73,6,9.584052137243626e-05,9138
M-2022-4,142,96,6,9.584052137243626e-05,9139
M-2022-4,142,101,6,9.584052137243626e-05,9140
M-2022-4,142,151,6,9.584052137243626e-05,9141
M-2022-4,142,171,6,9.584052137243626e-05,9142
M-2022-4,76,2,1,9.502993442934525e-05,9143
M-2022-4,76,16,1,9.502993442934525e-05,9144
M-2022-4,76,19,1,9.502993442934525e-05,9145
M-2022-4,76,45,1,9.502993442934525e-05,9146
M-2022-4,76,52,1,9.502993442934525e-05,9147
M-2022-4,76,63,1,9.502993442934525e-05,9148
M-2022-4,76,83,1,9.502993442934525e-05,9149
M-2022-4,76,84,1,9.502993442934525e-05,9150
M-2022-4,76,86,1,9.502993442934525e-05,9151
M-2022-4,76,91,1,9.502993442934525e-05,9152
M-2022-4,76,100,1,9.502993442934525e-05,9153
M-2022-4,76,110,1,9.502993442934525e-05,9154
M-2022-4,76,111,1,9.502993442934525e-05,9155
M-2022-4,76,114,1,9.502993442934525e-05,9156
M-2022-4,76,129,1,9.502993442934525e-05,9157
M-2022-4,76,138,1,9.502993442934525e-05,9158
M-2022-4,76,176,1,9.502993442934525e-05,9159
M-2022-4,98,124,6,9.478972479383235e-05,9160
M-2022-4,149,23,7,9.434725179933687e-05,9161
M-2022-4,149,50,7,9.434725179933687e-05,9162
M-2022-4,149,78,7,9.434725179933687e-05,9163
M-2022-4,149,107,7,9.434725179933687e-05,9164
M-2022-4,117,3,8,9.418856550814731e-05,9165
M-2022-4,117,10,8,9.418856550814731e-05,9166
M-2022-4,117,21,8,9.418856550814731e-05,9167
M-2022-4,117,59,8,9.418856550814731e-05,9168
M-2022-4,117,151,8,9.418856550814731e-05,9169
M-2022-4,71,95,14,9.37031484257871e-05,9170
M-2022-4,71,129,14,9.37031484257871e-05,9171
M-2022-4,134,20,1,9.312721177127957e-05,9172
M-2022-4,134,32,1,9.312721177127957e-05,9173
M-2022-4,134,39,1,9.312721177127957e-05,9174
M-2022-4,134,42,1,9.312721177127957e-05,9175
M-2022-4,134,43,1,9.312721177127957e-05,9176
M-2022-4,134,51,1,9.312721177127957e-05,9177
M-2022-4,134,53,1,9.312721177127957e-05,9178
M-2022-4,134,66,1,9.312721177127957e-05,9179
M-2022-4,134,71,1,9.312721177127957e-05,9180
M-2022-4,134,75,1,9.312721177127957e-05,9181
M-2022-4,134,81,1,9.312721177127957e-05,9182
M-2022-4,134,83,1,9.312721177127957e-05,9183
M-2022-4,134,87,1,9.312721177127957e-05,9184
M-2022-4,134,88,1,9.312721177127957e-05,9185
M-2022-4,134,89,1,9.312721177127957e-05,9186
M-2022-4,134,99,1,9.312721177127957e-05,9187
M-2022-4,134,102,1,9.312721177127957e-05,9188
M-2022-4,134,104,1,9.312721177127957e-05,9189
M-2022-4,134,105,1,9.312721177127957e-05,9190
M-2022-4,134,110,1,9.312721177127957e-05,9191
M-2022-4,134,120,1,9.312721177127957e-05,9192
M-2022-4,134,125,1,9.312721177127957e-05,9193
M-2022-4,134,140,1,9.312721177127957e-05,9194
M-2022-4,134,155,1,9.312721177127957e-05,9195
M-2022-4,134,168,1,9.312721177127957e-05,9196
M-2022-4,134,170,1,9.312721177127957e-05,9197
M-2022-4,1,0,1,9.266123054114158e-05,9198
M-2022-4,1,8,1,9.266123054114158e-05,9199
M-2022-4,1,11,1,9.266123054114158e-05,9200
M-2022-4,1,29,1,9.266123054114158e-05,9201
M-2022-4,1,30,1,9.266123054114158e-05,9202
M-2022-4,1,33,1,9.266123054114158e-05,9203
M-2022-4,1,34,1,9.266123054114158e-05,9204
M-2022-4,1,52,1,9.266123054114158e-05,9205
M-2022-4,1,62,1,9.266123054114158e-05,9206
M-2022-4,1,73,1,9.266123054114158e-05,9207
M-2022-4,1,77,1,9.266123054114158e-05,9208
M-2022-4,1,80,1,9.266123054114158e-05,9209
M-2022-4,1,83,1,9.266123054114158e-05,9210
M-2022-4,1,85,1,9.266123054114158e-05,9211
M-2022-4,1,95,1,9.266123054114158e-05,9212
M-2022-4,1,101,1,9.266123054114158e-05,9213
M-2022-4,1,124,1,9.266123054114158e-05,9214
M-2022-4,1,128,1,9.266123054114158e-05,9215
M-2022-4,1,129,1,9.266123054114158e-05,9216
M-2022-4,1,131,1,9.266123054114158e-05,9217
M-2022-4,1,132,1,9.266123054114158e-05,9218
M-2022-4,1,137,1,9.266123054114158e-05,9219
M-2022-4,1,138,1,9.266123054114158e-05,9220
M-2022-4,1,144,1,9.266123054114158e-05,9221
M-2022-4,1,146,1,9.266123054114158e-05,9222
M-2022-4,1,152,1,9.266123054114158e-05,9223
M-2022-4,1,154,1,9.266123054114158e-05,9224
M-2022-4,1,155,1,9.266123054114158e-05,9225
M-2022-4,1,159,1,9.266123054114158e-05,9226
M-2022-4,1,163,1,9.266123054114158e-05,9227
M-2022-4,1,173,1,9.266123054114158e-05,9228
M-2022-4,133,18,5,9.240436148586214e-05,9229
M-2022-4,133,51,5,9.240436148586214e-05,9230
M-2022-4,133,78,5,9.240436148586214e-05,9231
M-2022-4,133,124,5,9.240436148586214e-05,9232
M-2022-4,133,147,5,9.240436148586214e-05,9233
M-2022-4,133,155,5,9.240436148586214e-05,9234
M-2022-4,133,162,5,9.240436148586214e-05,9235
M-2022-4,133,171,5,9.240436148586214e-05,9236
M-2022-4,133,173,5,9.240436148586214e-05,9237
M-2022-4,138,15,4,9.16779354128945e-05,9238
M-2022-4,138,22,4,9.16779354128945e-05,9239
M-2022-4,138,62,4,9.16779354128945e-05,9240
M-2022-4,138,87,4,9.16779354128945e-05,9241
M-2022-4,138,91,4,9.16779354128945e-05,9242
M-2022-4,138,170,4,9.16779354128945e-05,9243
M-2022-4,25,61,5,9.164726799494107e-05,9244
M-2022-4,25,63,5,9.164726799494107e-05,9245
M-2022-4,25,87,5,9.164726799494107e-05,9246
M-2022-4,25,104,5,9.164726799494107e-05,9247
M-2022-4,25,119,5,9.164726799494107e-05,9248
M-2022-4,25,120,5,9.164726799494107e-05,9249
M-2022-4,25,125,5,9.164726799494107e-05,9250
M-2022-4,25,134,5,9.164726799494107e-05,9251
M-2022-4,25,157,5,9.164726799494107e-05,9252
M-2022-4,51,3,2,9.156670634557275e-05,9253
M-2022-4,51,6,2,9.156670634557275e-05,9254
M-2022-4,51,11,2,9.156670634557275e-05,9255
M-2022-4,51,30,2,9.156670634557275e-05,9256
M-2022-4,51,44,2,9.156670634557275e-05,9257
M-2022-4,51,74,2,9.156670634557275e-05,9258
M-2022-4,51,76,2,9.156670634557275e-05,9259
M-2022-4,51,92,2,9.156670634557275e-05,9260
M-2022-4,51,97,2,9.156670634557275e-05,9261
M-2022-4,51,141,2,9.156670634557275e-05,9262
M-2022-4,51,165,2,9.156670634557275e-05,9263
M-2022-4,18,15,2,9.121590805436468e-05,9264
M-2022-4,18,22,2,9.121590805436468e-05,9265
M-2022-4,18,54,2,9.121590805436468e-05,9266
M-2022-4,18,56,2,9.121590805436468e-05,9267
M-2022-4,18,74,2,9.121590805436468e-05,9268
M-2022-4,18,104,2,9.121590805436468e-05,9269
M-2022-4,18,105,2,9.121590805436468e-05,9270
M-2022-4,18,118,2,9.121590805436468e-05,9271
M-2022-4,18,126,2,9.121590805436468e-05,9272
M-2022-4,18,148,2,9.121590805436468e-05,9273
M-2022-4,18,168,2,9.121590805436468e-05,9274
M-2022-4,18,172,2,9.121590805436468e-05,9275
M-2022-4,18,176,2,9.121590805436468e-05,9276
M-2022-4,156,3,3,9.119372587166003e-05,9277
M-2022-4,156,11,3,9.119372587166003e-05,9278
M-2022-4,156,64,3,9.119372587166003e-05,9279
M-2022-4,156,72,3,9.119372587166003e-05,9280
M-2022-4,96,73,5,9.071282135016963e-05,9281
M-2022-4,96,75,5,9.071282135016963e-05,9282
M-2022-4,96,83,5,9.071282135016963e-05,9283
M-2022-4,96,120,5,9.071282135016963e-05,9284
M-2022-4,96,127,5,9.071282135016963e-05,9285
M-2022-4,96,135,5,9.071282135016963e-05,9286
M-2022-4,96,176,5,9.071282135016963e-05,9287
M-2022-4,129,49,4,9.054485365688027e-05,9288
M-2022-4,129,108,4,9.054485365688027e-05,9289
M-2022-4,129,115,4,9.054485365688027e-05,9290
M-2022-4,63,1,1,8.96700143472023e-05,9291
M-2022-4,63,5,1,8.96700143472023e-05,9292
M-2022-4,63,19,1,8.96700143472023e-05,9293
M-2022-4,63,20,1,8.96700143472023e-05,9294
M-2022-4,63,21,1,8.96700143472023e-05,9295
M-2022-4,63,30,1,8.96700143472023e-05,9296
M-2022-4,63,31,1,8.96700143472023e-05,9297
M-2022-4,63,37,1,8.96700143472023e-05,9298
M-2022-4,63,44,1,8.96700143472023e-05,9299
M-2022-4,63,66,1,8.96700143472023e-05,9300
M-2022-4,63,78,1,8.96700143472023e-05,9301
M-2022-4,63,81,1,8.96700143472023e-05,9302
M-2022-4,63,85,1,8.96700143472023e-05,9303
M-2022-4,63,89,1,8.96700143472023e-05,9304
M-2022-4,63,90,1,8.96700143472023e-05,9305
M-2022-4,63,91,1,8.96700143472023e-05,9306
M-2022-4,63,97,1,8.96700143472023e-05,9307
M-2022-4,63,101,1,8.96700143472023e-05,9308
M-2022-4,63,107,1,8.96700143472023e-05,9309
M-2022-4,63,130,1,8.96700143472023e-05,9310
M-2022-4,63,148,1,8.96700143472023e-05,9311
M-2022-4,63,151,1,8.96700143472023e-05,9312
M-2022-4,63,157,1,8.96700143472023e-05,9313
M-2022-4,63,160,1,8.96700143472023e-05,9314
M-2022-4,63,164,1,8.96700143472023e-05,9315
M-2022-4,63,166,1,8.96700143472023e-05,9316
M-2022-4,136,17,2,8.951750067138126e-05,9317
M-2022-4,136,50,2,8.951750067138126e-05,9318
M-2022-4,136,81,2,8.951750067138126e-05,9319
M-2022-4,136,84,2,8.951750067138126e-05,9320
M-2022-4,136,101,2,8.951750067138126e-05,9321
M-2022-4,136,143,2,8.951750067138126e-05,9322
M-2022-4,136,148,2,8.951750067138126e-05,9323
M-2022-4,136,163,2,8.951750067138126e-05,9324
M-2022-4,136,166,2,8.951750067138126e-05,9325
M-2022-4,136,172,2,8.951750067138126e-05,9326
M-2022-4,155,3,1,8.942144326209425e-05,9327
M-2022-4,155,7,1,8.942144326209425e-05,9328
M-2022-4,155,21,1,8.942144326209425e-05,9329
M-2022-4,155,30,1,8.942144326209425e-05,9330
M-2022-4,155,31,1,8.942144326209425e-05,9331
M-2022-4,155,33,1,8.942144326209425e-05,9332
M-2022-4,155,36,1,8.942144326209425e-05,9333
M-2022-4,155,52,1,8.942144326209425e-05,9334
M-2022-4,155,54,1,8.942144326209425e-05,9335
M-2022-4,155,67,1,8.942144326209425e-05,9336
M-2022-4,155,76,1,8.942144326209425e-05,9337
M-2022-4,155,78,1,8.942144326209425e-05,9338
M-2022-4,155,87,1,8.942144326209425e-05,9339
M-2022-4,155,92,1,8.942144326209425e-05,9340
M-2022-4,155,97,1,8.942144326209425e-05,9341
M-2022-4,155,118,1,8.942144326209425e-05,9342
M-2022-4,155,134,1,8.942144326209425e-05,9343
M-2022-4,155,145,1,8.942144326209425e-05,9344
M-2022-4,155,174,1,8.942144326209425e-05,9345
M-2022-4,87,17,1,8.903926631644555e-05,9346
M-2022-4,87,24,1,8.903926631644555e-05,9347
M-2022-4,87,45,1,8.903926631644555e-05,9348
M-2022-4,87,59,1,8.903926631644555e-05,9349
M-2022-4,87,62,1,8.903926631644555e-05,9350
M-2022-4,87,72,1,8.903926631644555e-05,9351
M-2022-4,87,82,1,8.903926631644555e-05,9352
M-2022-4,87,84,1,8.903926631644555e-05,9353
M-2022-4,87,93,1,8.903926631644555e-05,9354
M-2022-4,87,100,1,8.903926631644555e-05,9355
M-2022-4,87,107,1,8.903926631644555e-05,9356
M-2022-4,87,108,1,8.903926631644555e-05,9357
M-2022-4,87,112,1,8.903926631644555e-05,9358
M-2022-4,87,133,1,8.903926631644555e-05,9359
M-2022-4,87,134,1,8.903926631644555e-05,9360
M-2022-4,87,136,1,8.903926631644555e-05,9361
M-2022-4,87,139,1,8.903926631644555e-05,9362
M-2022-4,87,141,1,8.903926631644555e-05,9363
M-2022-4,87,163,1,8.903926631644555e-05,9364
M-2022-4,87,166,1,8.903926631644555e-05,9365
M-2022-4,87,175,1,8.903926631644555e-05,9366
M-2022-4,87,176,1,8.903926631644555e-05,9367
M-2022-4,115,0,2,8.703977717817043e-05,9368
M-2022-4,115,17,2,8.703977717817043e-05,9369
M-2022-4,115,18,2,8.703977717817043e-05,9370
M-2022-4,115,33,2,8.703977717817043e-05,9371
M-2022-4,115,37,2,8.703977717817043e-05,9372
M-2022-4,115,44,2,8.703977717817043e-05,9373
M-2022-4,115,69,2,8.703977717817043e-05,9374
M-2022-4,115,71,2,8.703977717817043e-05,9375
M-2022-4,115,75,2,8.703977717817043e-05,9376
M-2022-4,115,82,2,8.703977717817043e-05,9377
M-2022-4,115,97,2,8.703977717817043e-05,9378
M-2022-4,115,130,2,8.703977717817043e-05,9379
M-2022-4,115,163,2,8.703977717817043e-05,9380
M-2022-4,115,166,2,8.703977717817043e-05,9381
M-2022-4,71,46,13,8.701006639537375e-05,9382
M-2022-4,71,156,13,8.701006639537375e-05,9383
M-2022-4,132,1,2,8.636697326942177e-05,9384
M-2022-4,132,12,2,8.636697326942177e-05,9385
M-2022-4,132,30,2,8.636697326942177e-05,9386
M-2022-4,132,39,2,8.636697326942177e-05,9387
M-2022-4,132,44,2,8.636697326942177e-05,9388
M-2022-4,132,54,2,8.636697326942177e-05,9389
M-2022-4,132,69,2,8.636697326942177e-05,9390
M-2022-4,132,75,2,8.636697326942177e-05,9391
M-2022-4,132,104,2,8.636697326942177e-05,9392
M-2022-4,132,120,2,8.636697326942177e-05,9393
M-2022-4,132,140,2,8.636697326942177e-05,9394
M-2022-4,132,170,2,8.636697326942177e-05,9395
M-2022-4,93,4,3,8.617718028266115e-05,9396
M-2022-4,93,17,3,8.617718028266115e-05,9397
M-2022-4,93,32,3,8.617718028266115e-05,9398
M-2022-4,93,79,3,8.617718028266115e-05,9399
M-2022-4,93,81,3,8.617718028266115e-05,9400
M-2022-4,93,83,3,8.617718028266115e-05,9401
M-2022-4,93,97,3,8.617718028266115e-05,9402
M-2022-4,93,110,3,8.617718028266115e-05,9403
M-2022-4,93,116,3,8.617718028266115e-05,9404
M-2022-4,93,137,3,8.617718028266115e-05,9405
M-2022-4,93,141,3,8.617718028266115e-05,9406
M-2022-4,93,163,3,8.617718028266115e-05,9407
M-2022-4,108,6,1,8.574123295892996e-05,9408
M-2022-4,108,29,1,8.574123295892996e-05,9409
M-2022-4,108,40,1,8.574123295892996e-05,9410
M-2022-4,108,67,1,8.574123295892996e-05,9411
M-2022-4,108,85,1,8.574123295892996e-05,9412
M-2022-4,108,97,1,8.574123295892996e-05,9413
M-2022-4,108,124,1,8.574123295892996e-05,9414
M-2022-4,108,130,1,8.574123295892996e-05,9415
M-2022-4,108,152,1,8.574123295892996e-05,9416
M-2022-4,108,155,1,8.574123295892996e-05,9417
M-2022-4,108,171,1,8.574123295892996e-05,9418
M-2022-4,108,172,1,8.574123295892996e-05,9419
M-2022-4,108,175,1,8.574123295892996e-05,9420
M-2022-4,77,25,7,8.543670360786994e-05,9421
M-2022-4,77,138,7,8.543670360786994e-05,9422
M-2022-4,153,112,6,8.453919095994252e-05,9423
M-2022-4,99,4,2,8.348987685243165e-05,9424
M-2022-4,99,63,2,8.348987685243165e-05,9425
M-2022-4,99,68,2,8.348987685243165e-05,9426
M-2022-4,99,78,2,8.348987685243165e-05,9427
M-2022-4,99,94,2,8.348987685243165e-05,9428
M-2022-4,99,123,2,8.348987685243165e-05,9429
M-2022-4,99,127,2,8.348987685243165e-05,9430
M-2022-4,99,129,2,8.348987685243165e-05,9431
M-2022-4,99,134,2,8.348987685243165e-05,9432
M-2022-4,99,161,2,8.348987685243165e-05,9433
M-2022-4,99,164,2,8.348987685243165e-05,9434
M-2022-4,140,76,6,8.341211143858088e-05,9435
M-2022-4,140,127,6,8.341211143858088e-05,9436
M-2022-4,78,116,4,8.331771126247162e-05,9437
M-2022-4,78,149,4,8.331771126247162e-05,9438
M-2022-4,101,87,5,8.246878556466377e-05,9439
M-2022-4,101,130,5,8.246878556466377e-05,9440
M-2022-4,117,30,7,8.24149948196289e-05,9441
M-2022-4,117,72,7,8.24149948196289e-05,9442
M-2022-4,117,90,7,8.24149948196289e-05,9443
M-2022-4,117,163,7,8.24149948196289e-05,9444
M-2022-4,83,1,2,8.162598971512529e-05,9445
M-2022-4,83,3,2,8.162598971512529e-05,9446
M-2022-4,83,6,2,8.162598971512529e-05,9447
M-2022-4,83,16,2,8.162598971512529e-05,9448
M-2022-4,83,22,2,8.162598971512529e-05,9449
M-2022-4,83,25,2,8.162598971512529e-05,9450
M-2022-4,83,62,2,8.162598971512529e-05,9451
M-2022-4,83,74,2,8.162598971512529e-05,9452
M-2022-4,83,101,2,8.162598971512529e-05,9453
M-2022-4,83,139,2,8.162598971512529e-05,9454
M-2022-4,83,159,2,8.162598971512529e-05,9455
M-2022-4,83,165,2,8.162598971512529e-05,9456
M-2022-4,122,8,5,8.139875622700485e-05,9457
M-2022-4,122,105,5,8.139875622700485e-05,9458
M-2022-4,122,130,5,8.139875622700485e-05,9459
M-2022-4,122,158,5,8.139875622700485e-05,9460
M-2022-4,149,30,6,8.086907297086018e-05,9461
M-2022-4,149,45,6,8.086907297086018e-05,9462
M-2022-4,149,72,6,8.086907297086018e-05,9463
M-2022-4,149,92,6,8.086907297086018e-05,9464
M-2022-4,149,146,6,8.086907297086018e-05,9465
M-2022-4,60,22,4,8.060940711781066e-05,9466
M-2022-4,60,39,4,8.060940711781066e-05,9467
M-2022-4,60,69,4,8.060940711781066e-05,9468
M-2022-4,60,74,4,8.060940711781066e-05,9469
M-2022-4,60,101,4,8.060940711781066e-05,9470
M-2022-4,60,116,4,8.060940711781066e-05,9471
M-2022-4,60,118,4,8.060940711781066e-05,9472
M-2022-4,60,144,4,8.060940711781066e-05,9473
M-2022-4,60,163,4,8.060940711781066e-05,9474
M-2022-4,142,23,5,7.986710114369689e-05,9475
M-2022-4,142,52,5,7.986710114369689e-05,9476
M-2022-4,142,83,5,7.986710114369689e-05,9477
M-2022-4,142,90,5,7.986710114369689e-05,9478
M-2022-4,142,105,5,7.986710114369689e-05,9479
M-2022-4,142,116,5,7.986710114369689e-05,9480
M-2022-4,142,118,5,7.986710114369689e-05,9481
M-2022-4,142,123,5,7.986710114369689e-05,9482
M-2022-4,158,9,1,7.971938775510203e-05,9483
M-2022-4,158,29,1,7.971938775510203e-05,9484
M-2022-4,158,32,1,7.971938775510203e-05,9485
M-2022-4,158,39,1,7.971938775510203e-05,9486
M-2022-4,158,52,1,7.971938775510203e-05,9487
M-2022-4,158,55,1,7.971938775510203e-05,9488
M-2022-4,158,73,1,7.971938775510203e-05,9489
M-2022-4,158,79,1,7.971938775510203e-05,9490
M-2022-4,158,84,1,7.971938775510203e-05,9491
M-2022-4,158,89,1,7.971938775510203e-05,9492
M-2022-4,158,93,1,7.971938775510203e-05,9493
M-2022-4,158,102,1,7.971938775510203e-05,9494
M-2022-4,158,131,1,7.971938775510203e-05,9495
M-2022-4,158,147,1,7.971938775510203e-05,9496
M-2022-4,158,157,1,7.971938775510203e-05,9497
M-2022-4,158,159,1,7.971938775510203e-05,9498
M-2022-4,158,164,1,7.971938775510203e-05,9499
M-2022-4,158,166,1,7.971938775510203e-05,9500
M-2022-4,158,170,1,7.971938775510203e-05,9501
M-2022-4,158,176,1,7.971938775510203e-05,9502
M-2022-4,79,16,2,7.967492630069317e-05,9503
M-2022-4,79,46,2,7.967492630069317e-05,9504
M-2022-4,79,70,2,7.967492630069317e-05,9505
M-2022-4,79,73,2,7.967492630069317e-05,9506
M-2022-4,79,93,2,7.967492630069317e-05,9507
M-2022-4,79,96,2,7.967492630069317e-05,9508
M-2022-4,79,97,2,7.967492630069317e-05,9509
M-2022-4,79,136,2,7.967492630069317e-05,9510
M-2022-4,79,159,2,7.967492630069317e-05,9511
M-2022-4,95,50,4,7.964478426219063e-05,9512
M-2022-4,95,102,4,7.964478426219063e-05,9513
M-2022-4,175,1,4,7.90076637433831e-05,9514
M-2022-4,175,31,4,7.90076637433831e-05,9515
M-2022-4,175,46,4,7.90076637433831e-05,9516
M-2022-4,175,111,4,7.90076637433831e-05,9517
M-2022-4,175,115,4,7.90076637433831e-05,9518
M-2022-4,175,131,4,7.90076637433831e-05,9519
M-2022-4,175,162,4,7.90076637433831e-05,9520
M-2022-4,175,171,4,7.90076637433831e-05,9521
M-2022-4,23,16,1,7.788161993769471e-05,9522
M-2022-4,23,21,1,7.788161993769471e-05,9523
M-2022-4,23,31,1,7.788161993769471e-05,9524
M-2022-4,23,45,1,7.788161993769471e-05,9525
M-2022-4,23,65,1,7.788161993769471e-05,9526
M-2022-4,23,73,1,7.788161993769471e-05,9527
M-2022-4,23,76,1,7.788161993769471e-05,9528
M-2022-4,23,83,1,7.788161993769471e-05,9529
M-2022-4,23,84,1,7.788161993769471e-05,9530
M-2022-4,23,86,1,7.788161993769471e-05,9531
M-2022-4,23,87,1,7.788161993769471e-05,9532
M-2022-4,23,90,1,7.788161993769471e-05,9533
M-2022-4,23,102,1,7.788161993769471e-05,9534
M-2022-4,23,111,1,7.788161993769471e-05,9535
M-2022-4,23,118,1,7.788161993769471e-05,9536
M-2022-4,23,123,1,7.788161993769471e-05,9537
M-2022-4,23,130,1,7.788161993769471e-05,9538
M-2022-4,23,163,1,7.788161993769471e-05,9539
M-2022-4,23,171,1,7.788161993769471e-05,9540
M-2022-4,23,173,1,7.788161993769471e-05,9541
M-2022-4,19,12,1,7.584376185058778e-05,9542
M-2022-4,19,26,1,7.584376185058778e-05,9543
M-2022-4,19,32,1,7.584376185058778e-05,9544
M-2022-4,19,43,1,7.584376185058778e-05,9545
M-2022-4,19,44,1,7.584376185058778e-05,9546
M-2022-4,19,53,1,7.584376185058778e-05,9547
M-2022-4,19,62,1,7.584376185058778e-05,9548
M-2022-4,19,73,1,7.584376185058778e-05,9549
M-2022-4,19,85,1,7.584376185058778e-05,9550
M-2022-4,19,90,1,7.584376185058778e-05,9551
M-2022-4,19,96,1,7.584376185058778e-05,9552
M-2022-4,19,101,1,7.584376185058778e-05,9553
M-2022-4,19,102,1,7.584376185058778e-05,9554
M-2022-4,19,103,1,7.584376185058778e-05,9555
M-2022-4,19,116,1,7.584376185058778e-05,9556
M-2022-4,19,118,1,7.584376185058778e-05,9557
M-2022-4,19,119,1,7.584376185058778e-05,9558
M-2022-4,19,123,1,7.584376185058778e-05,9559
M-2022-4,19,126,1,7.584376185058778e-05,9560
M-2022-4,19,137,1,7.584376185058778e-05,9561
M-2022-4,19,138,1,7.584376185058778e-05,9562
M-2022-4,19,139,1,7.584376185058778e-05,9563
M-2022-4,19,147,1,7.584376185058778e-05,9564
M-2022-4,19,151,1,7.584376185058778e-05,9565
M-2022-4,19,160,1,7.584376185058778e-05,9566
M-2022-4,19,161,1,7.584376185058778e-05,9567
M-2022-4,19,163,1,7.584376185058778e-05,9568
M-2022-4,19,166,1,7.584376185058778e-05,9569
M-2022-4,19,171,1,7.584376185058778e-05,9570
M-2022-4,82,24,6,7.536836287354445e-05,9571
M-2022-4,82,53,6,7.536836287354445e-05,9572
M-2022-4,82,81,6,7.536836287354445e-05,9573
M-2022-4,82,90,6,7.536836287354445e-05,9574
M-2022-4,82,131,6,7.536836287354445e-05,9575
M-2022-4,82,157,6,7.536836287354445e-05,9576
M-2022-4,102,2,6,7.510232692042908e-05,9577
M-2022-4,49,50,3,7.45897563401293e-05,9578
M-2022-4,49,51,3,7.45897563401293e-05,9579
M-2022-4,49,73,3,7.45897563401293e-05,9580
M-2022-4,49,76,3,7.45897563401293e-05,9581
M-2022-4,49,95,3,7.45897563401293e-05,9582
M-2022-4,49,120,3,7.45897563401293e-05,9583
M-2022-4,49,122,3,7.45897563401293e-05,9584
M-2022-4,49,124,3,7.45897563401293e-05,9585
M-2022-4,49,126,3,7.45897563401293e-05,9586
M-2022-4,133,10,4,7.392348918868971e-05,9587
M-2022-4,133,13,4,7.392348918868971e-05,9588
M-2022-4,133,28,4,7.392348918868971e-05,9589
M-2022-4,133,62,4,7.392348918868971e-05,9590
M-2022-4,133,71,4,7.392348918868971e-05,9591
M-2022-4,71,40,11,7.362390233454702e-05,9592
M-2022-4,71,86,11,7.362390233454702e-05,9593
M-2022-4,25,17,4,7.331781439595286e-05,9594
M-2022-4,25,80,4,7.331781439595286e-05,9595
M-2022-4,25,85,4,7.331781439595286e-05,9596
M-2022-4,25,102,4,7.331781439595286e-05,9597
M-2022-4,25,118,4,7.331781439595286e-05,9598
M-2022-4,25,127,4,7.331781439595286e-05,9599
M-2022-4,25,168,4,7.331781439595286e-05,9600
M-2022-4,25,170,4,7.331781439595286e-05,9601
M-2022-4,25,176,4,7.331781439595286e-05,9602
M-2022-4,77,32,6,7.323146023531709e-05,9603
M-2022-4,77,90,6,7.323146023531709e-05,9604
M-2022-4,77,115,6,7.323146023531709e-05,9605
M-2022-4,77,129,6,7.323146023531709e-05,9606
M-2022-4,77,141,6,7.323146023531709e-05,9607
M-2022-4,77,164,6,7.323146023531709e-05,9608
M-2022-4,59,2,1,7.28650539201399e-05,9609
M-2022-4,59,49,1,7.28650539201399e-05,9610
M-2022-4,59,53,1,7.28650539201399e-05,9611
M-2022-4,59,55,1,7.28650539201399e-05,9612
M-2022-4,59,62,1,7.28650539201399e-05,9613
M-2022-4,59,73,1,7.28650539201399e-05,9614
M-2022-4,59,83,1,7.28650539201399e-05,9615
M-2022-4,59,103,1,7.28650539201399e-05,9616
M-2022-4,59,105,1,7.28650539201399e-05,9617
M-2022-4,59,120,1,7.28650539201399e-05,9618
M-2022-4,59,122,1,7.28650539201399e-05,9619
M-2022-4,59,127,1,7.28650539201399e-05,9620
M-2022-4,59,129,1,7.28650539201399e-05,9621
M-2022-4,59,131,1,7.28650539201399e-05,9622
M-2022-4,59,133,1,7.28650539201399e-05,9623
M-2022-4,59,138,1,7.28650539201399e-05,9624
M-2022-4,59,150,1,7.28650539201399e-05,9625
M-2022-4,59,154,1,7.28650539201399e-05,9626
M-2022-4,59,155,1,7.28650539201399e-05,9627
M-2022-4,59,165,1,7.28650539201399e-05,9628
M-2022-4,59,174,1,7.28650539201399e-05,9629
M-2022-4,96,13,4,7.257025708013571e-05,9630
M-2022-4,96,16,4,7.257025708013571e-05,9631
M-2022-4,96,102,4,7.257025708013571e-05,9632
M-2022-4,96,115,4,7.257025708013571e-05,9633
M-2022-4,96,142,4,7.257025708013571e-05,9634
M-2022-4,96,155,4,7.257025708013571e-05,9635
M-2022-4,96,175,4,7.257025708013571e-05,9636
M-2022-4,97,51,3,7.215007215007215e-05,9637
M-2022-4,97,53,3,7.215007215007215e-05,9638
M-2022-4,97,90,3,7.215007215007215e-05,9639
M-2022-4,97,99,3,7.215007215007215e-05,9640
M-2022-4,86,5,2,7.204870492452899e-05,9641
M-2022-4,86,33,2,7.204870492452899e-05,9642
M-2022-4,86,83,2,7.204870492452899e-05,9643
M-2022-4,86,84,2,7.204870492452899e-05,9644
M-2022-4,86,85,2,7.204870492452899e-05,9645
M-2022-4,86,102,2,7.204870492452899e-05,9646
M-2022-4,86,107,2,7.204870492452899e-05,9647
M-2022-4,86,130,2,7.204870492452899e-05,9648
M-2022-4,86,137,2,7.204870492452899e-05,9649
M-2022-4,86,139,2,7.204870492452899e-05,9650
M-2022-4,86,150,2,7.204870492452899e-05,9651
M-2022-4,86,154,2,7.204870492452899e-05,9652
M-2022-4,86,164,2,7.204870492452899e-05,9653
M-2022-4,86,165,2,7.204870492452899e-05,9654
M-2022-4,86,166,2,7.204870492452899e-05,9655
M-2022-4,86,170,2,7.204870492452899e-05,9656
M-2022-4,86,177,2,7.204870492452899e-05,9657
M-2022-4,75,19,2,7.127583749109053e-05,9658
M-2022-4,75,28,2,7.127583749109053e-05,9659
M-2022-4,75,46,2,7.127583749109053e-05,9660
M-2022-4,75,50,2,7.127583749109053e-05,9661
M-2022-4,75,74,2,7.127583749109053e-05,9662
M-2022-4,75,81,2,7.127583749109053e-05,9663
M-2022-4,75,85,2,7.127583749109053e-05,9664
M-2022-4,75,108,2,7.127583749109053e-05,9665
M-2022-4,75,111,2,7.127583749109053e-05,9666
M-2022-4,75,117,2,7.127583749109053e-05,9667
M-2022-4,75,138,2,7.127583749109053e-05,9668
M-2022-4,75,156,2,7.127583749109053e-05,9669
M-2022-4,117,20,6,7.064142413111048e-05,9670
M-2022-4,117,39,6,7.064142413111048e-05,9671
M-2022-4,117,43,6,7.064142413111048e-05,9672
M-2022-4,117,73,6,7.064142413111048e-05,9673
M-2022-4,117,107,6,7.064142413111048e-05,9674
M-2022-4,117,147,6,7.064142413111048e-05,9675
M-2022-4,153,4,5,7.04493257999521e-05,9676
M-2022-4,153,53,5,7.04493257999521e-05,9677
M-2022-4,153,70,5,7.04493257999521e-05,9678
M-2022-4,153,79,5,7.04493257999521e-05,9679
M-2022-4,153,118,5,7.04493257999521e-05,9680
M-2022-4,153,128,5,7.04493257999521e-05,9681
M-2022-4,153,137,5,7.04493257999521e-05,9682
M-2022-4,153,141,5,7.04493257999521e-05,9683
M-2022-4,140,18,5,6.951009286548406e-05,9684
M-2022-4,140,29,5,6.951009286548406e-05,9685
M-2022-4,140,50,5,6.951009286548406e-05,9686
M-2022-4,140,52,5,6.951009286548406e-05,9687
M-2022-4,140,72,5,6.951009286548406e-05,9688
M-2022-4,140,84,5,6.951009286548406e-05,9689
M-2022-4,140,87,5,6.951009286548406e-05,9690
M-2022-4,140,131,5,6.951009286548406e-05,9691
M-2022-4,140,163,5,6.951009286548406e-05,9692
M-2022-4,138,11,3,6.875845155967088e-05,9693
M-2022-4,138,32,3,6.875845155967088e-05,9694
M-2022-4,138,42,3,6.875845155967088e-05,9695
M-2022-4,138,55,3,6.875845155967088e-05,9696
M-2022-4,138,64,3,6.875845155967088e-05,9697
M-2022-4,138,137,3,6.875845155967088e-05,9698
M-2022-4,138,146,3,6.875845155967088e-05,9699
M-2022-4,73,23,2,6.846735818698435e-05,9700
M-2022-4,73,139,2,6.846735818698435e-05,9701
M-2022-4,73,156,2,6.846735818698435e-05,9702
M-2022-4,129,1,3,6.790864024266021e-05,9703
M-2022-4,129,8,3,6.790864024266021e-05,9704
M-2022-4,129,16,3,6.790864024266021e-05,9705
M-2022-4,129,21,3,6.790864024266021e-05,9706
M-2022-4,129,22,3,6.790864024266021e-05,9707
M-2022-4,129,85,3,6.790864024266021e-05,9708
M-2022-4,129,97,3,6.790864024266021e-05,9709
M-2022-4,129,101,3,6.790864024266021e-05,9710
M-2022-4,129,105,3,6.790864024266021e-05,9711
M-2022-4,129,107,3,6.790864024266021e-05,9712
M-2022-4,129,113,3,6.790864024266021e-05,9713
M-2022-4,129,118,3,6.790864024266021e-05,9714
M-2022-4,129,163,3,6.790864024266021e-05,9715
M-2022-4,129,172,3,6.790864024266021e-05,9716
M-2022-4,29,55,2,6.744680133544667e-05,9717
M-2022-4,29,67,2,6.744680133544667e-05,9718
M-2022-4,29,77,2,6.744680133544667e-05,9719
M-2022-4,29,100,2,6.744680133544667e-05,9720
M-2022-4,29,103,2,6.744680133544667e-05,9721
M-2022-4,29,130,2,6.744680133544667e-05,9722
M-2022-4,29,135,2,6.744680133544667e-05,9723
M-2022-4,29,140,2,6.744680133544667e-05,9724
M-2022-4,29,146,2,6.744680133544667e-05,9725
M-2022-4,29,159,2,6.744680133544667e-05,9726
M-2022-4,149,4,5,6.739089414238348e-05,9727
M-2022-4,149,16,5,6.739089414238348e-05,9728
M-2022-4,149,26,5,6.739089414238348e-05,9729
M-2022-4,149,41,5,6.739089414238348e-05,9730
M-2022-4,149,104,5,6.739089414238348e-05,9731
M-2022-4,149,119,5,6.739089414238348e-05,9732
M-2022-4,149,121,5,6.739089414238348e-05,9733
M-2022-4,149,128,5,6.739089414238348e-05,9734
M-2022-4,149,131,5,6.739089414238348e-05,9735
M-2022-4,149,150,5,6.739089414238348e-05,9736
M-2022-4,149,160,5,6.739089414238348e-05,9737
M-2022-4,71,32,10,6.693082030413365e-05,9738
M-2022-4,71,93,10,6.693082030413365e-05,9739
M-2022-4,71,97,10,6.693082030413365e-05,9740
M-2022-4,71,111,10,6.693082030413365e-05,9741
M-2022-4,71,138,10,6.693082030413365e-05,9742
M-2022-4,71,155,10,6.693082030413365e-05,9743
M-2022-4,101,97,4,6.597502845173102e-05,9744
M-2022-4,124,0,2,6.559097468188377e-05,9745
M-2022-4,124,3,2,6.559097468188377e-05,9746
M-2022-4,124,21,2,6.559097468188377e-05,9747
M-2022-4,124,23,2,6.559097468188377e-05,9748
M-2022-4,124,36,2,6.559097468188377e-05,9749
M-2022-4,124,61,2,6.559097468188377e-05,9750
M-2022-4,124,66,2,6.559097468188377e-05,9751
M-2022-4,124,74,2,6.559097468188377e-05,9752
M-2022-4,124,80,2,6.559097468188377e-05,9753
M-2022-4,124,88,2,6.559097468188377e-05,9754
M-2022-4,124,100,2,6.559097468188377e-05,9755
M-2022-4,124,116,2,6.559097468188377e-05,9756
M-2022-4,124,118,2,6.559097468188377e-05,9757
M-2022-4,124,131,2,6.559097468188377e-05,9758
M-2022-4,124,137,2,6.559097468188377e-05,9759
M-2022-4,124,150,2,6.559097468188377e-05,9760
M-2022-4,124,162,2,6.559097468188377e-05,9761
M-2022-4,124,174,2,6.559097468188377e-05,9762
M-2022-4,124,177,2,6.559097468188377e-05,9763
M-2022-4,100,27,2,6.556517178075007e-05,9764
M-2022-4,100,29,2,6.556517178075007e-05,9765
M-2022-4,100,75,2,6.556517178075007e-05,9766
M-2022-4,100,93,2,6.556517178075007e-05,9767
M-2022-4,100,113,2,6.556517178075007e-05,9768
M-2022-4,100,174,2,6.556517178075007e-05,9769
M-2022-4,131,0,2,6.550289850325877e-05,9770
M-2022-4,131,1,2,6.550289850325877e-05,9771
M-2022-4,131,24,2,6.550289850325877e-05,9772
M-2022-4,131,29,2,6.550289850325877e-05,9773
M-2022-4,131,66,2,6.550289850325877e-05,9774
M-2022-4,131,73,2,6.550289850325877e-05,9775
M-2022-4,131,111,2,6.550289850325877e-05,9776
M-2022-4,131,124,2,6.550289850325877e-05,9777
M-2022-4,131,125,2,6.550289850325877e-05,9778
M-2022-4,131,135,2,6.550289850325877e-05,9779
M-2022-4,131,140,2,6.550289850325877e-05,9780
M-2022-4,131,155,2,6.550289850325877e-05,9781
M-2022-4,131,166,2,6.550289850325877e-05,9782
M-2022-4,131,172,2,6.550289850325877e-05,9783
M-2022-4,122,18,4,6.511900498160389e-05,9784
M-2022-4,122,30,4,6.511900498160389e-05,9785
M-2022-4,122,137,4,6.511900498160389e-05,9786
M-2022-4,122,146,4,6.511900498160389e-05,9787
M-2022-4,122,147,4,6.511900498160389e-05,9788
M-2022-4,122,162,4,6.511900498160389e-05,9789
M-2022-4,122,164,4,6.511900498160389e-05,9790
M-2022-4,122,170,4,6.511900498160389e-05,9791
M-2022-4,122,174,4,6.511900498160389e-05,9792
M-2022-4,122,177,4,6.511900498160389e-05,9793
M-2022-4,62,4,1,6.431281754453663e-05,9794
M-2022-4,62,5,1,6.431281754453663e-05,9795
M-2022-4,62,18,1,6.431281754453663e-05,9796
M-2022-4,62,21,1,6.431281754453663e-05,9797
M-2022-4,62,26,1,6.431281754453663e-05,9798
M-2022-4,62,31,1,6.431281754453663e-05,9799
M-2022-4,62,32,1,6.431281754453663e-05,9800
M-2022-4,62,44,1,6.431281754453663e-05,9801
M-2022-4,62,52,1,6.431281754453663e-05,9802
M-2022-4,62,64,1,6.431281754453663e-05,9803
M-2022-4,62,73,1,6.431281754453663e-05,9804
M-2022-4,62,84,1,6.431281754453663e-05,9805
M-2022-4,62,85,1,6.431281754453663e-05,9806
M-2022-4,62,95,1,6.431281754453663e-05,9807
M-2022-4,62,97,1,6.431281754453663e-05,9808
M-2022-4,62,106,1,6.431281754453663e-05,9809
M-2022-4,62,109,1,6.431281754453663e-05,9810
M-2022-4,62,110,1,6.431281754453663e-05,9811
M-2022-4,62,111,1,6.431281754453663e-05,9812
M-2022-4,62,116,1,6.431281754453663e-05,9813
M-2022-4,62,123,1,6.431281754453663e-05,9814
M-2022-4,62,130,1,6.431281754453663e-05,9815
M-2022-4,62,148,1,6.431281754453663e-05,9816
M-2022-4,62,157,1,6.431281754453663e-05,9817
M-2022-4,62,161,1,6.431281754453663e-05,9818
M-2022-4,62,162,1,6.431281754453663e-05,9819
M-2022-4,62,164,1,6.431281754453663e-05,9820
M-2022-4,62,168,1,6.431281754453663e-05,9821
M-2022-4,62,172,1,6.431281754453663e-05,9822
M-2022-4,142,40,4,6.389368091495751e-05,9823
M-2022-4,142,44,4,6.389368091495751e-05,9824
M-2022-4,142,112,4,6.389368091495751e-05,9825
M-2022-4,142,135,4,6.389368091495751e-05,9826
M-2022-4,142,137,4,6.389368091495751e-05,9827
M-2022-4,142,154,4,6.389368091495751e-05,9828
M-2022-4,82,0,5,6.280696906128703e-05,9829
M-2022-4,82,20,5,6.280696906128703e-05,9830
M-2022-4,82,51,5,6.280696906128703e-05,9831
M-2022-4,82,137,5,6.280696906128703e-05,9832
M-2022-4,102,156,5,6.25852724336909e-05,9833
M-2022-4,78,2,3,6.248828344685372e-05,9834
M-2022-4,78,93,3,6.248828344685372e-05,9835
M-2022-4,28,21,1,6.110228522546743e-05,9836
M-2022-4,28,32,1,6.110228522546743e-05,9837
M-2022-4,28,36,1,6.110228522546743e-05,9838
M-2022-4,28,44,1,6.110228522546743e-05,9839
M-2022-4,28,45,1,6.110228522546743e-05,9840
M-2022-4,28,52,1,6.110228522546743e-05,9841
M-2022-4,28,56,1,6.110228522546743e-05,9842
M-2022-4,28,67,1,6.110228522546743e-05,9843
M-2022-4,28,74,1,6.110228522546743e-05,9844
M-2022-4,28,75,1,6.110228522546743e-05,9845
M-2022-4,28,78,1,6.110228522546743e-05,9846
M-2022-4,28,79,1,6.110228522546743e-05,9847
M-2022-4,28,110,1,6.110228522546743e-05,9848
M-2022-4,28,113,1,6.110228522546743e-05,9849
M-2022-4,28,119,1,6.110228522546743e-05,9850
M-2022-4,28,146,1,6.110228522546743e-05,9851
M-2022-4,28,151,1,6.110228522546743e-05,9852
M-2022-4,28,152,1,6.110228522546743e-05,9853
M-2022-4,28,164,1,6.110228522546743e-05,9854
M-2022-4,28,166,1,6.110228522546743e-05,9855
M-2022-4,77,13,5,6.1026216862764245e-05,9856
M-2022-4,77,86,5,6.1026216862764245e-05,9857
M-2022-4,77,87,5,6.1026216862764245e-05,9858
M-2022-4,156,0,2,6.079581724777335e-05,9859
M-2022-4,156,65,2,6.079581724777335e-05,9860
M-2022-4,156,145,2,6.079581724777335e-05,9861
M-2022-4,156,147,2,6.079581724777335e-05,9862
M-2022-4,156,162,2,6.079581724777335e-05,9863
M-2022-4,156,164,2,6.079581724777335e-05,9864
M-2022-4,156,173,2,6.079581724777335e-05,9865
M-2022-4,60,76,3,6.045705533835799e-05,9866
M-2022-4,60,81,3,6.045705533835799e-05,9867
M-2022-4,60,89,3,6.045705533835799e-05,9868
M-2022-4,60,95,3,6.045705533835799e-05,9869
M-2022-4,60,97,3,6.045705533835799e-05,9870
M-2022-4,60,139,3,6.045705533835799e-05,9871
M-2022-4,60,168,3,6.045705533835799e-05,9872
M-2022-4,60,169,3,6.045705533835799e-05,9873
M-2022-4,60,176,3,6.045705533835799e-05,9874
M-2022-4,71,60,9,6.023773827372028e-05,9875
M-2022-4,71,96,9,6.023773827372028e-05,9876
M-2022-4,95,0,3,5.9733588196642975e-05,9877
M-2022-4,95,31,3,5.9733588196642975e-05,9878
M-2022-4,95,77,3,5.9733588196642975e-05,9879
M-2022-4,95,129,3,5.9733588196642975e-05,9880
M-2022-4,95,142,3,5.9733588196642975e-05,9881
M-2022-4,175,0,3,5.925574780753733e-05,9882
M-2022-4,175,95,3,5.925574780753733e-05,9883
M-2022-4,175,160,3,5.925574780753733e-05,9884
M-2022-4,117,8,5,5.8867853442592066e-05,9885
M-2022-4,117,16,5,5.8867853442592066e-05,9886
M-2022-4,117,41,5,5.8867853442592066e-05,9887
M-2022-4,117,62,5,5.8867853442592066e-05,9888
M-2022-4,117,76,5,5.8867853442592066e-05,9889
M-2022-4,117,84,5,5.8867853442592066e-05,9890
M-2022-4,117,85,5,5.8867853442592066e-05,9891
M-2022-4,117,91,5,5.8867853442592066e-05,9892
M-2022-4,117,141,5,5.8867853442592066e-05,9893
M-2022-4,117,152,5,5.8867853442592066e-05,9894
M-2022-4,117,154,5,5.8867853442592066e-05,9895
M-2022-4,93,15,2,5.74514535217741e-05,9896
M-2022-4,93,16,2,5.74514535217741e-05,9897
M-2022-4,93,39,2,5.74514535217741e-05,9898
M-2022-4,93,45,2,5.74514535217741e-05,9899
M-2022-4,93,52,2,5.74514535217741e-05,9900
M-2022-4,93,53,2,5.74514535217741e-05,9901
M-2022-4,93,55,2,5.74514535217741e-05,9902
M-2022-4,93,66,2,5.74514535217741e-05,9903
M-2022-4,93,95,2,5.74514535217741e-05,9904
M-2022-4,93,123,2,5.74514535217741e-05,9905
M-2022-4,93,128,2,5.74514535217741e-05,9906
M-2022-4,93,154,2,5.74514535217741e-05,9907
M-2022-4,93,158,2,5.74514535217741e-05,9908
M-2022-4,93,169,2,5.74514535217741e-05,9909
M-2022-4,93,172,2,5.74514535217741e-05,9910
M-2022-4,153,0,4,5.6359460639961674e-05,9911
M-2022-4,153,17,4,5.6359460639961674e-05,9912
M-2022-4,153,39,4,5.6359460639961674e-05,9913
M-2022-4,153,45,4,5.6359460639961674e-05,9914
M-2022-4,153,76,4,5.6359460639961674e-05,9915
M-2022-4,153,84,4,5.6359460639961674e-05,9916
M-2022-4,153,87,4,5.6359460639961674e-05,9917
M-2022-4,153,101,4,5.6359460639961674e-05,9918
M-2022-4,153,109,4,5.6359460639961674e-05,9919
M-2022-4,153,147,4,5.6359460639961674e-05,9920
M-2022-4,153,154,4,5.6359460639961674e-05,9921
M-2022-4,153,168,4,5.6359460639961674e-05,9922
M-2022-4,153,170,4,5.6359460639961674e-05,9923
M-2022-4,72,0,1,5.592841163310962e-05,9924
M-2022-4,72,2,1,5.592841163310962e-05,9925
M-2022-4,72,17,1,5.592841163310962e-05,9926
M-2022-4,72,20,1,5.592841163310962e-05,9927
M-2022-4,72,26,1,5.592841163310962e-05,9928
M-2022-4,72,28,1,5.592841163310962e-05,9929
M-2022-4,72,32,1,5.592841163310962e-05,9930
M-2022-4,72,52,1,5.592841163310962e-05,9931
M-2022-4,72,53,1,5.592841163310962e-05,9932
M-2022-4,72,60,1,5.592841163310962e-05,9933
M-2022-4,72,61,1,5.592841163310962e-05,9934
M-2022-4,72,67,1,5.592841163310962e-05,9935
M-2022-4,72,81,1,5.592841163310962e-05,9936
M-2022-4,72,90,1,5.592841163310962e-05,9937
M-2022-4,72,96,1,5.592841163310962e-05,9938
M-2022-4,72,115,1,5.592841163310962e-05,9939
M-2022-4,72,118,1,5.592841163310962e-05,9940
M-2022-4,72,130,1,5.592841163310962e-05,9941
M-2022-4,72,133,1,5.592841163310962e-05,9942
M-2022-4,72,134,1,5.592841163310962e-05,9943
M-2022-4,72,137,1,5.592841163310962e-05,9944
M-2022-4,72,139,1,5.592841163310962e-05,9945
M-2022-4,72,141,1,5.592841163310962e-05,9946
M-2022-4,72,176,1,5.592841163310962e-05,9947
M-2022-4,140,31,4,5.560807429238725e-05,9948
M-2022-4,140,70,4,5.560807429238725e-05,9949
M-2022-4,140,90,4,5.560807429238725e-05,9950
M-2022-4,140,107,4,5.560807429238725e-05,9951
M-2022-4,133,12,3,5.544261689151728e-05,9952
M-2022-4,133,23,3,5.544261689151728e-05,9953
M-2022-4,133,26,3,5.544261689151728e-05,9954
M-2022-4,133,41,3,5.544261689151728e-05,9955
M-2022-4,133,68,3,5.544261689151728e-05,9956
M-2022-4,133,85,3,5.544261689151728e-05,9957
M-2022-4,133,111,3,5.544261689151728e-05,9958
M-2022-4,133,112,3,5.544261689151728e-05,9959
M-2022-4,133,127,3,5.544261689151728e-05,9960
M-2022-4,133,140,3,5.544261689151728e-05,9961
M-2022-4,25,41,3,5.498836079696464e-05,9962
M-2022-4,25,42,3,5.498836079696464e-05,9963
M-2022-4,25,72,3,5.498836079696464e-05,9964
M-2022-4,25,76,3,5.498836079696464e-05,9965
M-2022-4,25,78,3,5.498836079696464e-05,9966
M-2022-4,25,86,3,5.498836079696464e-05,9967
M-2022-4,25,98,3,5.498836079696464e-05,9968
M-2022-4,25,139,3,5.498836079696464e-05,9969
M-2022-4,25,148,3,5.498836079696464e-05,9970
M-2022-4,25,160,3,5.498836079696464e-05,9971
M-2022-4,96,9,3,5.442769281010178e-05,9972
M-2022-4,96,18,3,5.442769281010178e-05,9973
M-2022-4,96,46,3,5.442769281010178e-05,9974
M-2022-4,96,48,3,5.442769281010178e-05,9975
M-2022-4,96,53,3,5.442769281010178e-05,9976
M-2022-4,96,56,3,5.442769281010178e-05,9977
M-2022-4,96,58,3,5.442769281010178e-05,9978
M-2022-4,96,64,3,5.442769281010178e-05,9979
M-2022-4,96,93,3,5.442769281010178e-05,9980
M-2022-4,96,110,3,5.442769281010178e-05,9981
M-2022-4,96,129,3,5.442769281010178e-05,9982
M-2022-4,96,130,3,5.442769281010178e-05,9983
M-2022-4,96,163,3,5.442769281010178e-05,9984
M-2022-4,96,167,3,5.442769281010178e-05,9985
M-2022-4,149,1,4,5.391271531390678e-05,9986
M-2022-4,149,17,4,5.391271531390678e-05,9987
M-2022-4,149,19,4,5.391271531390678e-05,9988
M-2022-4,149,32,4,5.391271531390678e-05,9989
M-2022-4,149,66,4,5.391271531390678e-05,9990
M-2022-4,149,84,4,5.391271531390678e-05,9991
M-2022-4,149,88,4,5.391271531390678e-05,9992
M-2022-4,149,94,4,5.391271531390678e-05,9993
M-2022-4,149,132,4,5.391271531390678e-05,9994
M-2022-4,149,136,4,5.391271531390678e-05,9995
M-2022-4,149,137,4,5.391271531390678e-05,9996
M-2022-4,149,158,4,5.391271531390678e-05,9997
M-2022-4,149,162,4,5.391271531390678e-05,9998
M-2022-4,149,165,4,5.391271531390678e-05,9999
M-2022-4,71,61,8,5.3544656243306916e-05,10000
M-2022-4,71,130,8,5.3544656243306916e-05,10001
M-2022-4,71,150,8,5.3544656243306916e-05,10002
M-2022-4,27,3,1,5.158361704322707e-05,10003
M-2022-4,27,57,1,5.158361704322707e-05,10004
M-2022-4,27,91,1,5.158361704322707e-05,10005
M-2022-4,27,94,1,5.158361704322707e-05,10006
M-2022-4,27,101,1,5.158361704322707e-05,10007
M-2022-4,27,138,1,5.158361704322707e-05,10008
M-2022-4,27,149,1,5.158361704322707e-05,10009
M-2022-4,27,152,1,5.158361704322707e-05,10010
M-2022-4,27,158,1,5.158361704322707e-05,10011
M-2022-4,61,1,1,5.0823338076844885e-05,10012
M-2022-4,61,5,1,5.0823338076844885e-05,10013
M-2022-4,61,6,1,5.0823338076844885e-05,10014
M-2022-4,61,10,1,5.0823338076844885e-05,10015
M-2022-4,61,21,1,5.0823338076844885e-05,10016
M-2022-4,61,32,1,5.0823338076844885e-05,10017
M-2022-4,61,45,1,5.0823338076844885e-05,10018
M-2022-4,61,55,1,5.0823338076844885e-05,10019
M-2022-4,61,64,1,5.0823338076844885e-05,10020
M-2022-4,61,67,1,5.0823338076844885e-05,10021
M-2022-4,61,70,1,5.0823338076844885e-05,10022
M-2022-4,61,74,1,5.0823338076844885e-05,10023
M-2022-4,61,76,1,5.0823338076844885e-05,10024
M-2022-4,61,87,1,5.0823338076844885e-05,10025
M-2022-4,61,97,1,5.0823338076844885e-05,10026
M-2022-4,61,102,1,5.0823338076844885e-05,10027
M-2022-4,61,121,1,5.0823338076844885e-05,10028
M-2022-4,61,126,1,5.0823338076844885e-05,10029
M-2022-4,61,131,1,5.0823338076844885e-05,10030
M-2022-4,61,137,1,5.0823338076844885e-05,10031
M-2022-4,61,141,1,5.0823338076844885e-05,10032
M-2022-4,61,151,1,5.0823338076844885e-05,10033
M-2022-4,61,165,1,5.0823338076844885e-05,10034
M-2022-4,61,166,1,5.0823338076844885e-05,10035
M-2022-4,61,168,1,5.0823338076844885e-05,10036
M-2022-4,61,177,1,5.0823338076844885e-05,10037
M-2022-4,82,18,4,5.0245575249029635e-05,10038
M-2022-4,82,19,4,5.0245575249029635e-05,10039
M-2022-4,82,60,4,5.0245575249029635e-05,10040
M-2022-4,82,63,4,5.0245575249029635e-05,10041
M-2022-4,82,87,4,5.0245575249029635e-05,10042
M-2022-4,82,111,4,5.0245575249029635e-05,10043
M-2022-4,82,112,4,5.0245575249029635e-05,10044
M-2022-4,82,139,4,5.0245575249029635e-05,10045
M-2022-4,82,172,4,5.0245575249029635e-05,10046
M-2022-4,82,176,4,5.0245575249029635e-05,10047
M-2022-4,102,50,4,5.0068217946952724e-05,10048
M-2022-4,102,51,4,5.0068217946952724e-05,10049
M-2022-4,102,55,4,5.0068217946952724e-05,10050
M-2022-4,102,131,4,5.0068217946952724e-05,10051
M-2022-4,49,21,2,4.972650422675286e-05,10052
M-2022-4,49,32,2,4.972650422675286e-05,10053
M-2022-4,49,42,2,4.972650422675286e-05,10054
M-2022-4,49,45,2,4.972650422675286e-05,10055
M-2022-4,49,80,2,4.972650422675286e-05,10056
M-2022-4,49,84,2,4.972650422675286e-05,10057
M-2022-4,49,99,2,4.972650422675286e-05,10058
M-2022-4,49,105,2,4.972650422675286e-05,10059
M-2022-4,49,111,2,4.972650422675286e-05,10060
M-2022-4,49,127,2,4.972650422675286e-05,10061
M-2022-4,49,151,2,4.972650422675286e-05,10062
M-2022-4,49,170,2,4.972650422675286e-05,10063
M-2022-4,101,25,3,4.948127133879826e-05,10064
M-2022-4,101,28,3,4.948127133879826e-05,10065
M-2022-4,101,59,3,4.948127133879826e-05,10066
M-2022-4,101,68,3,4.948127133879826e-05,10067
M-2022-4,101,85,3,4.948127133879826e-05,10068
M-2022-4,101,133,3,4.948127133879826e-05,10069
M-2022-4,101,153,3,4.948127133879826e-05,10070
M-2022-4,122,4,3,4.883925373620291e-05,10071
M-2022-4,122,6,3,4.883925373620291e-05,10072
M-2022-4,122,17,3,4.883925373620291e-05,10073
M-2022-4,122,21,3,4.883925373620291e-05,10074
M-2022-4,122,32,3,4.883925373620291e-05,10075
M-2022-4,122,73,3,4.883925373620291e-05,10076
M-2022-4,122,87,3,4.883925373620291e-05,10077
M-2022-4,122,90,3,4.883925373620291e-05,10078
M-2022-4,122,91,3,4.883925373620291e-05,10079
M-2022-4,122,169,3,4.883925373620291e-05,10080
M-2022-4,77,18,4,4.882097349021139e-05,10081
M-2022-4,77,53,4,4.882097349021139e-05,10082
M-2022-4,77,66,4,4.882097349021139e-05,10083
M-2022-4,77,98,4,4.882097349021139e-05,10084
M-2022-4,77,102,4,4.882097349021139e-05,10085
M-2022-4,77,131,4,4.882097349021139e-05,10086
M-2022-4,77,139,4,4.882097349021139e-05,10087
M-2022-4,97,27,2,4.81000481000481e-05,10088
M-2022-4,97,29,2,4.81000481000481e-05,10089
M-2022-4,97,77,2,4.81000481000481e-05,10090
M-2022-4,97,83,2,4.81000481000481e-05,10091
M-2022-4,97,124,2,4.81000481000481e-05,10092
M-2022-4,97,172,2,4.81000481000481e-05,10093
M-2022-4,142,0,3,4.792026068621813e-05,10094
M-2022-4,142,5,3,4.792026068621813e-05,10095
M-2022-4,142,11,3,4.792026068621813e-05,10096
M-2022-4,142,15,3,4.792026068621813e-05,10097
M-2022-4,142,16,3,4.792026068621813e-05,10098
M-2022-4,142,26,3,4.792026068621813e-05,10099
M-2022-4,142,32,3,4.792026068621813e-05,10100
M-2022-4,142,53,3,4.792026068621813e-05,10101
M-2022-4,142,95,3,4.792026068621813e-05,10102
M-2022-4,142,110,3,4.792026068621813e-05,10103
M-2022-4,142,120,3,4.792026068621813e-05,10104
M-2022-4,142,126,3,4.792026068621813e-05,10105
M-2022-4,142,131,3,4.792026068621813e-05,10106
M-2022-4,98,101,3,4.7394862396916175e-05,10107
M-2022-4,117,11,4,4.7094282754073654e-05,10108
M-2022-4,117,45,4,4.7094282754073654e-05,10109
M-2022-4,117,109,4,4.7094282754073654e-05,10110
M-2022-4,117,118,4,4.7094282754073654e-05,10111
M-2022-4,117,120,4,4.7094282754073654e-05,10112
M-2022-4,117,137,4,4.7094282754073654e-05,10113
M-2022-4,71,87,7,4.685157421289355e-05,10114
M-2022-4,71,99,7,4.685157421289355e-05,10115
M-2022-4,138,1,2,4.583896770644725e-05,10116
M-2022-4,138,5,2,4.583896770644725e-05,10117
M-2022-4,138,19,2,4.583896770644725e-05,10118
M-2022-4,138,24,2,4.583896770644725e-05,10119
M-2022-4,138,36,2,4.583896770644725e-05,10120
M-2022-4,138,45,2,4.583896770644725e-05,10121
M-2022-4,138,66,2,4.583896770644725e-05,10122
M-2022-4,138,75,2,4.583896770644725e-05,10123
M-2022-4,138,114,2,4.583896770644725e-05,10124
M-2022-4,138,116,2,4.583896770644725e-05,10125
M-2022-4,138,118,2,4.583896770644725e-05,10126
M-2022-4,138,119,2,4.583896770644725e-05,10127
M-2022-4,138,120,2,4.583896770644725e-05,10128
M-2022-4,138,131,2,4.583896770644725e-05,10129
M-2022-4,138,144,2,4.583896770644725e-05,10130
M-2022-4,138,150,2,4.583896770644725e-05,10131
M-2022-4,138,151,2,4.583896770644725e-05,10132
M-2022-4,138,166,2,4.583896770644725e-05,10133
M-2022-4,138,167,2,4.583896770644725e-05,10134
M-2022-4,138,171,2,4.583896770644725e-05,10135
M-2022-4,51,4,1,4.578335317278638e-05,10136
M-2022-4,51,5,1,4.578335317278638e-05,10137
M-2022-4,51,16,1,4.578335317278638e-05,10138
M-2022-4,51,22,1,4.578335317278638e-05,10139
M-2022-4,51,52,1,4.578335317278638e-05,10140
M-2022-4,51,56,1,4.578335317278638e-05,10141
M-2022-4,51,58,1,4.578335317278638e-05,10142
M-2022-4,51,67,1,4.578335317278638e-05,10143
M-2022-4,51,78,1,4.578335317278638e-05,10144
M-2022-4,51,81,1,4.578335317278638e-05,10145
M-2022-4,51,84,1,4.578335317278638e-05,10146
M-2022-4,51,94,1,4.578335317278638e-05,10147
M-2022-4,51,102,1,4.578335317278638e-05,10148
M-2022-4,51,109,1,4.578335317278638e-05,10149
M-2022-4,51,110,1,4.578335317278638e-05,10150
M-2022-4,51,114,1,4.578335317278638e-05,10151
M-2022-4,51,116,1,4.578335317278638e-05,10152
M-2022-4,51,118,1,4.578335317278638e-05,10153
M-2022-4,51,119,1,4.578335317278638e-05,10154
M-2022-4,51,126,1,4.578335317278638e-05,10155
M-2022-4,51,135,1,4.578335317278638e-05,10156
M-2022-4,51,136,1,4.578335317278638e-05,10157
M-2022-4,51,146,1,4.578335317278638e-05,10158
M-2022-4,51,150,1,4.578335317278638e-05,10159
M-2022-4,51,168,1,4.578335317278638e-05,10160
M-2022-4,51,169,1,4.578335317278638e-05,10161
M-2022-4,51,172,1,4.578335317278638e-05,10162
M-2022-4,51,174,1,4.578335317278638e-05,10163
M-2022-4,51,177,1,4.578335317278638e-05,10164
M-2022-4,18,0,1,4.560795402718234e-05,10165
M-2022-4,18,5,1,4.560795402718234e-05,10166
M-2022-4,18,30,1,4.560795402718234e-05,10167
M-2022-4,18,42,1,4.560795402718234e-05,10168
M-2022-4,18,43,1,4.560795402718234e-05,10169
M-2022-4,18,62,1,4.560795402718234e-05,10170
M-2022-4,18,69,1,4.560795402718234e-05,10171
M-2022-4,18,70,1,4.560795402718234e-05,10172
M-2022-4,18,72,1,4.560795402718234e-05,10173
M-2022-4,18,88,1,4.560795402718234e-05,10174
M-2022-4,18,90,1,4.560795402718234e-05,10175
M-2022-4,18,91,1,4.560795402718234e-05,10176
M-2022-4,18,97,1,4.560795402718234e-05,10177
M-2022-4,18,112,1,4.560795402718234e-05,10178
M-2022-4,18,114,1,4.560795402718234e-05,10179
M-2022-4,18,119,1,4.560795402718234e-05,10180
M-2022-4,18,120,1,4.560795402718234e-05,10181
M-2022-4,18,123,1,4.560795402718234e-05,10182
M-2022-4,18,125,1,4.560795402718234e-05,10183
M-2022-4,18,145,1,4.560795402718234e-05,10184
M-2022-4,18,146,1,4.560795402718234e-05,10185
M-2022-4,18,152,1,4.560795402718234e-05,10186
M-2022-4,18,161,1,4.560795402718234e-05,10187
M-2022-4,129,3,2,4.5272426828440135e-05,10188
M-2022-4,129,30,2,4.5272426828440135e-05,10189
M-2022-4,129,41,2,4.5272426828440135e-05,10190
M-2022-4,129,53,2,4.5272426828440135e-05,10191
M-2022-4,129,64,2,4.5272426828440135e-05,10192
M-2022-4,129,79,2,4.5272426828440135e-05,10193
M-2022-4,129,92,2,4.5272426828440135e-05,10194
M-2022-4,129,106,2,4.5272426828440135e-05,10195
M-2022-4,129,119,2,4.5272426828440135e-05,10196
M-2022-4,129,135,2,4.5272426828440135e-05,10197
M-2022-4,129,160,2,4.5272426828440135e-05,10198
M-2022-4,129,166,2,4.5272426828440135e-05,10199
M-2022-4,136,12,1,4.475875033569063e-05,10200
M-2022-4,136,18,1,4.475875033569063e-05,10201
M-2022-4,136,36,1,4.475875033569063e-05,10202
M-2022-4,136,52,1,4.475875033569063e-05,10203
M-2022-4,136,64,1,4.475875033569063e-05,10204
M-2022-4,136,73,1,4.475875033569063e-05,10205
M-2022-4,136,74,1,4.475875033569063e-05,10206
M-2022-4,136,79,1,4.475875033569063e-05,10207
M-2022-4,136,83,1,4.475875033569063e-05,10208
M-2022-4,136,103,1,4.475875033569063e-05,10209
M-2022-4,136,110,1,4.475875033569063e-05,10210
M-2022-4,136,111,1,4.475875033569063e-05,10211
M-2022-4,136,120,1,4.475875033569063e-05,10212
M-2022-4,136,121,1,4.475875033569063e-05,10213
M-2022-4,136,128,1,4.475875033569063e-05,10214
M-2022-4,136,130,1,4.475875033569063e-05,10215
M-2022-4,136,137,1,4.475875033569063e-05,10216
M-2022-4,136,157,1,4.475875033569063e-05,10217
M-2022-4,136,158,1,4.475875033569063e-05,10218
M-2022-4,136,162,1,4.475875033569063e-05,10219
M-2022-4,115,13,1,4.3519888589085215e-05,10220
M-2022-4,115,23,1,4.3519888589085215e-05,10221
M-2022-4,115,26,1,4.3519888589085215e-05,10222
M-2022-4,115,36,1,4.3519888589085215e-05,10223
M-2022-4,115,41,1,4.3519888589085215e-05,10224
M-2022-4,115,53,1,4.3519888589085215e-05,10225
M-2022-4,115,77,1,4.3519888589085215e-05,10226
M-2022-4,115,78,1,4.3519888589085215e-05,10227
M-2022-4,115,96,1,4.3519888589085215e-05,10228
M-2022-4,115,108,1,4.3519888589085215e-05,10229
M-2022-4,115,161,1,4.3519888589085215e-05,10230
M-2022-4,115,170,1,4.3519888589085215e-05,10231
M-2022-4,115,172,1,4.3519888589085215e-05,10232
M-2022-4,132,3,1,4.3183486634710884e-05,10233
M-2022-4,132,11,1,4.3183486634710884e-05,10234
M-2022-4,132,41,1,4.3183486634710884e-05,10235
M-2022-4,132,43,1,4.3183486634710884e-05,10236
M-2022-4,132,45,1,4.3183486634710884e-05,10237
M-2022-4,132,62,1,4.3183486634710884e-05,10238
M-2022-4,132,65,1,4.3183486634710884e-05,10239
M-2022-4,132,89,1,4.3183486634710884e-05,10240
M-2022-4,132,100,1,4.3183486634710884e-05,10241
M-2022-4,132,102,1,4.3183486634710884e-05,10242
M-2022-4,132,106,1,4.3183486634710884e-05,10243
M-2022-4,132,111,1,4.3183486634710884e-05,10244
M-2022-4,132,114,1,4.3183486634710884e-05,10245
M-2022-4,132,119,1,4.3183486634710884e-05,10246
M-2022-4,132,124,1,4.3183486634710884e-05,10247
M-2022-4,132,128,1,4.3183486634710884e-05,10248
M-2022-4,132,145,1,4.3183486634710884e-05,10249
M-2022-4,132,163,1,4.3183486634710884e-05,10250
M-2022-4,132,166,1,4.3183486634710884e-05,10251
M-2022-4,132,172,1,4.3183486634710884e-05,10252
M-2022-4,132,176,1,4.3183486634710884e-05,10253
M-2022-4,153,34,3,4.226959547997126e-05,10254
M-2022-4,153,35,3,4.226959547997126e-05,10255
M-2022-4,153,56,3,4.226959547997126e-05,10256
M-2022-4,153,59,3,4.226959547997126e-05,10257
M-2022-4,153,64,3,4.226959547997126e-05,10258
M-2022-4,153,72,3,4.226959547997126e-05,10259
M-2022-4,153,91,3,4.226959547997126e-05,10260
M-2022-4,153,95,3,4.226959547997126e-05,10261
M-2022-4,153,146,3,4.226959547997126e-05,10262
M-2022-4,153,160,3,4.226959547997126e-05,10263
M-2022-4,99,5,1,4.174493842621582e-05,10264
M-2022-4,99,15,1,4.174493842621582e-05,10265
M-2022-4,99,16,1,4.174493842621582e-05,10266
M-2022-4,99,19,1,4.174493842621582e-05,10267
M-2022-4,99,26,1,4.174493842621582e-05,10268
M-2022-4,99,45,1,4.174493842621582e-05,10269
M-2022-4,99,50,1,4.174493842621582e-05,10270
M-2022-4,99,56,1,4.174493842621582e-05,10271
M-2022-4,99,66,1,4.174493842621582e-05,10272
M-2022-4,99,72,1,4.174493842621582e-05,10273
M-2022-4,99,74,1,4.174493842621582e-05,10274
M-2022-4,99,75,1,4.174493842621582e-05,10275
M-2022-4,99,84,1,4.174493842621582e-05,10276
M-2022-4,99,85,1,4.174493842621582e-05,10277
M-2022-4,99,92,1,4.174493842621582e-05,10278
M-2022-4,99,109,1,4.174493842621582e-05,10279
M-2022-4,99,110,1,4.174493842621582e-05,10280
M-2022-4,99,112,1,4.174493842621582e-05,10281
M-2022-4,99,121,1,4.174493842621582e-05,10282
M-2022-4,99,126,1,4.174493842621582e-05,10283
M-2022-4,99,144,1,4.174493842621582e-05,10284
M-2022-4,99,151,1,4.174493842621582e-05,10285
M-2022-4,99,152,1,4.174493842621582e-05,10286
M-2022-4,99,154,1,4.174493842621582e-05,10287
M-2022-4,99,159,1,4.174493842621582e-05,10288
M-2022-4,99,167,1,4.174493842621582e-05,10289
M-2022-4,99,168,1,4.174493842621582e-05,10290
M-2022-4,99,169,1,4.174493842621582e-05,10291
M-2022-4,99,171,1,4.174493842621582e-05,10292
M-2022-4,140,23,3,4.170605571929044e-05,10293
M-2022-4,140,42,3,4.170605571929044e-05,10294
M-2022-4,140,101,3,4.170605571929044e-05,10295
M-2022-4,140,109,3,4.170605571929044e-05,10296
M-2022-4,140,116,3,4.170605571929044e-05,10297
M-2022-4,140,120,3,4.170605571929044e-05,10298
M-2022-4,140,122,3,4.170605571929044e-05,10299
M-2022-4,140,151,3,4.170605571929044e-05,10300
M-2022-4,140,159,3,4.170605571929044e-05,10301
M-2022-4,78,52,2,4.165885563123581e-05,10302
M-2022-4,78,86,2,4.165885563123581e-05,10303
M-2022-4,78,96,2,4.165885563123581e-05,10304
M-2022-4,78,101,2,4.165885563123581e-05,10305
M-2022-4,78,114,2,4.165885563123581e-05,10306
M-2022-4,78,117,2,4.165885563123581e-05,10307
M-2022-4,78,122,2,4.165885563123581e-05,10308
M-2022-4,78,129,2,4.165885563123581e-05,10309
M-2022-4,78,130,2,4.165885563123581e-05,10310
M-2022-4,78,138,2,4.165885563123581e-05,10311
M-2022-4,78,176,2,4.165885563123581e-05,10312
M-2022-4,83,11,1,4.0812994857562645e-05,10313
M-2022-4,83,15,1,4.0812994857562645e-05,10314
M-2022-4,83,24,1,4.0812994857562645e-05,10315
M-2022-4,83,47,1,4.0812994857562645e-05,10316
M-2022-4,83,49,1,4.0812994857562645e-05,10317
M-2022-4,83,50,1,4.0812994857562645e-05,10318
M-2022-4,83,57,1,4.0812994857562645e-05,10319
M-2022-4,83,70,1,4.0812994857562645e-05,10320
M-2022-4,83,76,1,4.0812994857562645e-05,10321
M-2022-4,83,87,1,4.0812994857562645e-05,10322
M-2022-4,83,108,1,4.0812994857562645e-05,10323
M-2022-4,83,109,1,4.0812994857562645e-05,10324
M-2022-4,83,125,1,4.0812994857562645e-05,10325
M-2022-4,83,131,1,4.0812994857562645e-05,10326
M-2022-4,83,132,1,4.0812994857562645e-05,10327
M-2022-4,83,148,1,4.0812994857562645e-05,10328
M-2022-4,83,158,1,4.0812994857562645e-05,10329
M-2022-4,83,164,1,4.0812994857562645e-05,10330
M-2022-4,83,168,1,4.0812994857562645e-05,10331
M-2022-4,83,171,1,4.0812994857562645e-05,10332
M-2022-4,149,11,3,4.043453648543009e-05,10333
M-2022-4,149,33,3,4.043453648543009e-05,10334
M-2022-4,149,69,3,4.043453648543009e-05,10335
M-2022-4,149,87,3,4.043453648543009e-05,10336
M-2022-4,149,91,3,4.043453648543009e-05,10337
M-2022-4,149,105,3,4.043453648543009e-05,10338
M-2022-4,149,109,3,4.043453648543009e-05,10339
M-2022-4,149,110,3,4.043453648543009e-05,10340
M-2022-4,149,139,3,4.043453648543009e-05,10341
M-2022-4,149,148,3,4.043453648543009e-05,10342
M-2022-4,149,154,3,4.043453648543009e-05,10343
M-2022-4,149,166,3,4.043453648543009e-05,10344
M-2022-4,149,169,3,4.043453648543009e-05,10345
M-2022-4,60,6,2,4.030470355890533e-05,10346
M-2022-4,60,10,2,4.030470355890533e-05,10347
M-2022-4,60,20,2,4.030470355890533e-05,10348
M-2022-4,60,44,2,4.030470355890533e-05,10349
M-2022-4,60,66,2,4.030470355890533e-05,10350
M-2022-4,60,75,2,4.030470355890533e-05,10351
M-2022-4,60,83,2,4.030470355890533e-05,10352
M-2022-4,60,105,2,4.030470355890533e-05,10353
M-2022-4,60,119,2,4.030470355890533e-05,10354
M-2022-4,60,143,2,4.030470355890533e-05,10355
M-2022-4,60,145,2,4.030470355890533e-05,10356
M-2022-4,60,148,2,4.030470355890533e-05,10357
M-2022-4,60,166,2,4.030470355890533e-05,10358
M-2022-4,60,172,2,4.030470355890533e-05,10359
M-2022-4,71,13,6,4.015849218248019e-05,10360
M-2022-4,71,110,6,4.015849218248019e-05,10361
M-2022-4,71,118,6,4.015849218248019e-05,10362
M-2022-4,71,137,6,4.015849218248019e-05,10363
M-2022-4,71,143,6,4.015849218248019e-05,10364
M-2022-4,79,13,1,3.9837463150346584e-05,10365
M-2022-4,79,23,1,3.9837463150346584e-05,10366
M-2022-4,79,26,1,3.9837463150346584e-05,10367
M-2022-4,79,28,1,3.9837463150346584e-05,10368
M-2022-4,79,31,1,3.9837463150346584e-05,10369
M-2022-4,79,62,1,3.9837463150346584e-05,10370
M-2022-4,79,95,1,3.9837463150346584e-05,10371
M-2022-4,79,99,1,3.9837463150346584e-05,10372
M-2022-4,79,101,1,3.9837463150346584e-05,10373
M-2022-4,79,111,1,3.9837463150346584e-05,10374
M-2022-4,79,116,1,3.9837463150346584e-05,10375
M-2022-4,79,122,1,3.9837463150346584e-05,10376
M-2022-4,79,137,1,3.9837463150346584e-05,10377
M-2022-4,79,141,1,3.9837463150346584e-05,10378
M-2022-4,79,152,1,3.9837463150346584e-05,10379
M-2022-4,79,168,1,3.9837463150346584e-05,10380
M-2022-4,79,170,1,3.9837463150346584e-05,10381
M-2022-4,79,173,1,3.9837463150346584e-05,10382
M-2022-4,95,52,2,3.9822392131095315e-05,10383
M-2022-4,95,53,2,3.9822392131095315e-05,10384
M-2022-4,95,84,2,3.9822392131095315e-05,10385
M-2022-4,95,101,2,3.9822392131095315e-05,10386
M-2022-4,95,106,2,3.9822392131095315e-05,10387
M-2022-4,95,119,2,3.9822392131095315e-05,10388
M-2022-4,95,130,2,3.9822392131095315e-05,10389
M-2022-4,95,133,2,3.9822392131095315e-05,10390
M-2022-4,95,136,2,3.9822392131095315e-05,10391
M-2022-4,95,153,2,3.9822392131095315e-05,10392
M-2022-4,95,160,2,3.9822392131095315e-05,10393
M-2022-4,175,8,2,3.950383187169155e-05,10394
M-2022-4,175,13,2,3.950383187169155e-05,10395
M-2022-4,175,16,2,3.950383187169155e-05,10396
M-2022-4,175,19,2,3.950383187169155e-05,10397
M-2022-4,175,20,2,3.950383187169155e-05,10398
M-2022-4,175,22,2,3.950383187169155e-05,10399
M-2022-4,175,63,2,3.950383187169155e-05,10400
M-2022-4,175,68,2,3.950383187169155e-05,10401
M-2022-4,175,70,2,3.950383187169155e-05,10402
M-2022-4,175,87,2,3.950383187169155e-05,10403
M-2022-4,175,89,2,3.950383187169155e-05,10404
M-2022-4,175,99,2,3.950383187169155e-05,10405
M-2022-4,175,116,2,3.950383187169155e-05,10406
M-2022-4,175,127,2,3.950383187169155e-05,10407
M-2022-4,175,130,2,3.950383187169155e-05,10408
M-2022-4,175,148,2,3.950383187169155e-05,10409
M-2022-4,175,159,2,3.950383187169155e-05,10410
M-2022-4,175,166,2,3.950383187169155e-05,10411
M-2022-4,175,174,2,3.950383187169155e-05,10412
M-2022-4,82,13,3,3.768418143677222e-05,10413
M-2022-4,82,46,3,3.768418143677222e-05,10414
M-2022-4,82,62,3,3.768418143677222e-05,10415
M-2022-4,82,68,3,3.768418143677222e-05,10416
M-2022-4,82,93,3,3.768418143677222e-05,10417
M-2022-4,82,103,3,3.768418143677222e-05,10418
M-2022-4,82,132,3,3.768418143677222e-05,10419
M-2022-4,82,135,3,3.768418143677222e-05,10420
M-2022-4,82,136,3,3.768418143677222e-05,10421
M-2022-4,82,154,3,3.768418143677222e-05,10422
M-2022-4,102,1,3,3.755116346021454e-05,10423
M-2022-4,102,25,3,3.755116346021454e-05,10424
M-2022-4,102,29,3,3.755116346021454e-05,10425
M-2022-4,102,53,3,3.755116346021454e-05,10426
M-2022-4,102,95,3,3.755116346021454e-05,10427
M-2022-4,102,160,3,3.755116346021454e-05,10428
M-2022-4,102,170,3,3.755116346021454e-05,10429
M-2022-4,133,14,2,3.6961744594344855e-05,10430
M-2022-4,133,44,2,3.6961744594344855e-05,10431
M-2022-4,133,52,2,3.6961744594344855e-05,10432
M-2022-4,133,54,2,3.6961744594344855e-05,10433
M-2022-4,133,72,2,3.6961744594344855e-05,10434
M-2022-4,133,73,2,3.6961744594344855e-05,10435
M-2022-4,133,89,2,3.6961744594344855e-05,10436
M-2022-4,133,95,2,3.6961744594344855e-05,10437
M-2022-4,133,100,2,3.6961744594344855e-05,10438
M-2022-4,133,139,2,3.6961744594344855e-05,10439
M-2022-4,133,158,2,3.6961744594344855e-05,10440
M-2022-4,133,163,2,3.6961744594344855e-05,10441
M-2022-4,25,11,2,3.665890719797643e-05,10442
M-2022-4,25,13,2,3.665890719797643e-05,10443
M-2022-4,25,16,2,3.665890719797643e-05,10444
M-2022-4,25,31,2,3.665890719797643e-05,10445
M-2022-4,25,45,2,3.665890719797643e-05,10446
M-2022-4,25,52,2,3.665890719797643e-05,10447
M-2022-4,25,64,2,3.665890719797643e-05,10448
M-2022-4,25,66,2,3.665890719797643e-05,10449
M-2022-4,25,121,2,3.665890719797643e-05,10450
M-2022-4,25,126,2,3.665890719797643e-05,10451
M-2022-4,25,137,2,3.665890719797643e-05,10452
M-2022-4,25,141,2,3.665890719797643e-05,10453
M-2022-4,25,147,2,3.665890719797643e-05,10454
M-2022-4,25,167,2,3.665890719797643e-05,10455
M-2022-4,77,1,3,3.6615730117658546e-05,10456
M-2022-4,77,28,3,3.6615730117658546e-05,10457
M-2022-4,77,31,3,3.6615730117658546e-05,10458
M-2022-4,77,55,3,3.6615730117658546e-05,10459
M-2022-4,77,63,3,3.6615730117658546e-05,10460
M-2022-4,77,94,3,3.6615730117658546e-05,10461
M-2022-4,77,109,3,3.6615730117658546e-05,10462
M-2022-4,77,130,3,3.6615730117658546e-05,10463
M-2022-4,77,171,3,3.6615730117658546e-05,10464
M-2022-4,96,4,2,3.6285128540067854e-05,10465
M-2022-4,96,32,2,3.6285128540067854e-05,10466
M-2022-4,96,60,2,3.6285128540067854e-05,10467
M-2022-4,96,65,2,3.6285128540067854e-05,10468
M-2022-4,96,85,2,3.6285128540067854e-05,10469
M-2022-4,96,87,2,3.6285128540067854e-05,10470
M-2022-4,96,103,2,3.6285128540067854e-05,10471
M-2022-4,96,125,2,3.6285128540067854e-05,10472
M-2022-4,96,143,2,3.6285128540067854e-05,10473
M-2022-4,96,159,2,3.6285128540067854e-05,10474
M-2022-4,96,168,2,3.6285128540067854e-05,10475
M-2022-4,96,169,2,3.6285128540067854e-05,10476
M-2022-4,96,170,2,3.6285128540067854e-05,10477
M-2022-4,86,1,1,3.602435246226449e-05,10478
M-2022-4,86,3,1,3.602435246226449e-05,10479
M-2022-4,86,6,1,3.602435246226449e-05,10480
M-2022-4,86,20,1,3.602435246226449e-05,10481
M-2022-4,86,21,1,3.602435246226449e-05,10482
M-2022-4,86,22,1,3.602435246226449e-05,10483
M-2022-4,86,26,1,3.602435246226449e-05,10484
M-2022-4,86,30,1,3.602435246226449e-05,10485
M-2022-4,86,52,1,3.602435246226449e-05,10486
M-2022-4,86,55,1,3.602435246226449e-05,10487
M-2022-4,86,56,1,3.602435246226449e-05,10488
M-2022-4,86,59,1,3.602435246226449e-05,10489
M-2022-4,86,69,1,3.602435246226449e-05,10490
M-2022-4,86,76,1,3.602435246226449e-05,10491
M-2022-4,86,81,1,3.602435246226449e-05,10492
M-2022-4,86,89,1,3.602435246226449e-05,10493
M-2022-4,86,90,1,3.602435246226449e-05,10494
M-2022-4,86,91,1,3.602435246226449e-05,10495
M-2022-4,86,92,1,3.602435246226449e-05,10496
M-2022-4,86,97,1,3.602435246226449e-05,10497
M-2022-4,86,98,1,3.602435246226449e-05,10498
M-2022-4,86,104,1,3.602435246226449e-05,10499
M-2022-4,86,108,1,3.602435246226449e-05,10500
M-2022-4,86,109,1,3.602435246226449e-05,10501
M-2022-4,86,113,1,3.602435246226449e-05,10502
M-2022-4,86,118,1,3.602435246226449e-05,10503
M-2022-4,86,121,1,3.602435246226449e-05,10504
M-2022-4,86,126,1,3.602435246226449e-05,10505
M-2022-4,86,127,1,3.602435246226449e-05,10506
M-2022-4,86,151,1,3.602435246226449e-05,10507
M-2022-4,86,157,1,3.602435246226449e-05,10508
M-2022-4,86,161,1,3.602435246226449e-05,10509
M-2022-4,86,162,1,3.602435246226449e-05,10510
M-2022-4,86,176,1,3.602435246226449e-05,10511
M-2022-4,75,0,1,3.563791874554526e-05,10512
M-2022-4,75,2,1,3.563791874554526e-05,10513
M-2022-4,75,8,1,3.563791874554526e-05,10514
M-2022-4,75,12,1,3.563791874554526e-05,10515
M-2022-4,75,23,1,3.563791874554526e-05,10516
M-2022-4,75,24,1,3.563791874554526e-05,10517
M-2022-4,75,30,1,3.563791874554526e-05,10518
M-2022-4,75,32,1,3.563791874554526e-05,10519
M-2022-4,75,63,1,3.563791874554526e-05,10520
M-2022-4,75,66,1,3.563791874554526e-05,10521
M-2022-4,75,68,1,3.563791874554526e-05,10522
M-2022-4,75,80,1,3.563791874554526e-05,10523
M-2022-4,75,86,1,3.563791874554526e-05,10524
M-2022-4,75,87,1,3.563791874554526e-05,10525
M-2022-4,75,112,1,3.563791874554526e-05,10526
M-2022-4,75,115,1,3.563791874554526e-05,10527
M-2022-4,75,120,1,3.563791874554526e-05,10528
M-2022-4,75,122,1,3.563791874554526e-05,10529
M-2022-4,75,135,1,3.563791874554526e-05,10530
M-2022-4,75,139,1,3.563791874554526e-05,10531
M-2022-4,75,141,1,3.563791874554526e-05,10532
M-2022-4,75,150,1,3.563791874554526e-05,10533
M-2022-4,75,152,1,3.563791874554526e-05,10534
M-2022-4,75,158,1,3.563791874554526e-05,10535
M-2022-4,75,165,1,3.563791874554526e-05,10536
M-2022-4,75,176,1,3.563791874554526e-05,10537
M-2022-4,117,56,3,3.532071206555524e-05,10538
M-2022-4,117,88,3,3.532071206555524e-05,10539
M-2022-4,117,121,3,3.532071206555524e-05,10540
M-2022-4,73,24,1,3.4233679093492176e-05,10541
M-2022-4,73,49,1,3.4233679093492176e-05,10542
M-2022-4,73,60,1,3.4233679093492176e-05,10543
M-2022-4,73,87,1,3.4233679093492176e-05,10544
M-2022-4,73,93,1,3.4233679093492176e-05,10545
M-2022-4,73,97,1,3.4233679093492176e-05,10546
M-2022-4,73,98,1,3.4233679093492176e-05,10547
M-2022-4,73,102,1,3.4233679093492176e-05,10548
M-2022-4,73,112,1,3.4233679093492176e-05,10549
M-2022-4,73,115,1,3.4233679093492176e-05,10550
M-2022-4,73,122,1,3.4233679093492176e-05,10551
M-2022-4,73,124,1,3.4233679093492176e-05,10552
M-2022-4,73,149,1,3.4233679093492176e-05,10553
M-2022-4,73,154,1,3.4233679093492176e-05,10554
M-2022-4,73,158,1,3.4233679093492176e-05,10555
M-2022-4,29,2,1,3.372340066772333e-05,10556
M-2022-4,29,4,1,3.372340066772333e-05,10557
M-2022-4,29,5,1,3.372340066772333e-05,10558
M-2022-4,29,16,1,3.372340066772333e-05,10559
M-2022-4,29,19,1,3.372340066772333e-05,10560
M-2022-4,29,20,1,3.372340066772333e-05,10561
M-2022-4,29,24,1,3.372340066772333e-05,10562
M-2022-4,29,32,1,3.372340066772333e-05,10563
M-2022-4,29,39,1,3.372340066772333e-05,10564
M-2022-4,29,45,1,3.372340066772333e-05,10565
M-2022-4,29,53,1,3.372340066772333e-05,10566
M-2022-4,29,65,1,3.372340066772333e-05,10567
M-2022-4,29,72,1,3.372340066772333e-05,10568
M-2022-4,29,74,1,3.372340066772333e-05,10569
M-2022-4,29,79,1,3.372340066772333e-05,10570
M-2022-4,29,111,1,3.372340066772333e-05,10571
M-2022-4,29,114,1,3.372340066772333e-05,10572
M-2022-4,29,116,1,3.372340066772333e-05,10573
M-2022-4,29,126,1,3.372340066772333e-05,10574
M-2022-4,29,161,1,3.372340066772333e-05,10575
M-2022-4,29,162,1,3.372340066772333e-05,10576
M-2022-4,29,164,1,3.372340066772333e-05,10577
M-2022-4,29,170,1,3.372340066772333e-05,10578
M-2022-4,71,19,5,3.346541015206682e-05,10579
M-2022-4,71,50,5,3.346541015206682e-05,10580
M-2022-4,71,62,5,3.346541015206682e-05,10581
M-2022-4,71,83,5,3.346541015206682e-05,10582
M-2022-4,71,120,5,3.346541015206682e-05,10583
M-2022-4,71,127,5,3.346541015206682e-05,10584
M-2022-4,71,135,5,3.346541015206682e-05,10585
M-2022-4,71,141,5,3.346541015206682e-05,10586
M-2022-4,101,62,2,3.298751422586551e-05,10587
M-2022-4,101,90,2,3.298751422586551e-05,10588
M-2022-4,101,137,2,3.298751422586551e-05,10589
M-2022-4,124,6,1,3.279548734094189e-05,10590
M-2022-4,124,11,1,3.279548734094189e-05,10591
M-2022-4,124,24,1,3.279548734094189e-05,10592
M-2022-4,124,27,1,3.279548734094189e-05,10593
M-2022-4,124,30,1,3.279548734094189e-05,10594
M-2022-4,124,31,1,3.279548734094189e-05,10595
M-2022-4,124,43,1,3.279548734094189e-05,10596
M-2022-4,124,46,1,3.279548734094189e-05,10597
M-2022-4,124,54,1,3.279548734094189e-05,10598
M-2022-4,124,56,1,3.279548734094189e-05,10599
M-2022-4,124,72,1,3.279548734094189e-05,10600
M-2022-4,124,89,1,3.279548734094189e-05,10601
M-2022-4,124,95,1,3.279548734094189e-05,10602
M-2022-4,124,104,1,3.279548734094189e-05,10603
M-2022-4,124,114,1,3.279548734094189e-05,10604
M-2022-4,124,120,1,3.279548734094189e-05,10605
M-2022-4,124,123,1,3.279548734094189e-05,10606
M-2022-4,124,126,1,3.279548734094189e-05,10607
M-2022-4,124,139,1,3.279548734094189e-05,10608
M-2022-4,124,143,1,3.279548734094189e-05,10609
M-2022-4,124,154,1,3.279548734094189e-05,10610
M-2022-4,124,163,1,3.279548734094189e-05,10611
M-2022-4,124,164,1,3.279548734094189e-05,10612
M-2022-4,100,2,1,3.278258589037503e-05,10613
M-2022-4,100,3,1,3.278258589037503e-05,10614
M-2022-4,100,49,1,3.278258589037503e-05,10615
M-2022-4,100,61,1,3.278258589037503e-05,10616
M-2022-4,100,62,1,3.278258589037503e-05,10617
M-2022-4,100,68,1,3.278258589037503e-05,10618
M-2022-4,100,87,1,3.278258589037503e-05,10619
M-2022-4,100,108,1,3.278258589037503e-05,10620
M-2022-4,100,144,1,3.278258589037503e-05,10621
M-2022-4,100,152,1,3.278258589037503e-05,10622
M-2022-4,100,155,1,3.278258589037503e-05,10623
M-2022-4,100,170,1,3.278258589037503e-05,10624
M-2022-4,131,9,1,3.2751449251629386e-05,10625
M-2022-4,131,13,1,3.2751449251629386e-05,10626
M-2022-4,131,16,1,3.2751449251629386e-05,10627
M-2022-4,131,21,1,3.2751449251629386e-05,10628
M-2022-4,131,26,1,3.2751449251629386e-05,10629
M-2022-4,131,31,1,3.2751449251629386e-05,10630
M-2022-4,131,45,1,3.2751449251629386e-05,10631
M-2022-4,131,50,1,3.2751449251629386e-05,10632
M-2022-4,131,55,1,3.2751449251629386e-05,10633
M-2022-4,131,67,1,3.2751449251629386e-05,10634
M-2022-4,131,68,1,3.2751449251629386e-05,10635
M-2022-4,131,84,1,3.2751449251629386e-05,10636
M-2022-4,131,88,1,3.2751449251629386e-05,10637
M-2022-4,131,89,1,3.2751449251629386e-05,10638
M-2022-4,131,96,1,3.2751449251629386e-05,10639
M-2022-4,131,100,1,3.2751449251629386e-05,10640
M-2022-4,131,101,1,3.2751449251629386e-05,10641
M-2022-4,131,102,1,3.2751449251629386e-05,10642
M-2022-4,131,116,1,3.2751449251629386e-05,10643
M-2022-4,131,120,1,3.2751449251629386e-05,10644
M-2022-4,131,123,1,3.2751449251629386e-05,10645
M-2022-4,131,151,1,3.2751449251629386e-05,10646
M-2022-4,131,157,1,3.2751449251629386e-05,10647
M-2022-4,131,162,1,3.2751449251629386e-05,10648
M-2022-4,131,163,1,3.2751449251629386e-05,10649
M-2022-4,131,173,1,3.2751449251629386e-05,10650
M-2022-4,122,5,2,3.255950249080194e-05,10651
M-2022-4,122,20,2,3.255950249080194e-05,10652
M-2022-4,122,45,2,3.255950249080194e-05,10653
M-2022-4,122,52,2,3.255950249080194e-05,10654
M-2022-4,122,62,2,3.255950249080194e-05,10655
M-2022-4,122,63,2,3.255950249080194e-05,10656
M-2022-4,122,65,2,3.255950249080194e-05,10657
M-2022-4,122,67,2,3.255950249080194e-05,10658
M-2022-4,122,85,2,3.255950249080194e-05,10659
M-2022-4,122,89,2,3.255950249080194e-05,10660
M-2022-4,122,135,2,3.255950249080194e-05,10661
M-2022-4,122,157,2,3.255950249080194e-05,10662
M-2022-4,142,1,2,3.1946840457478754e-05,10663
M-2022-4,142,3,2,3.1946840457478754e-05,10664
M-2022-4,142,8,2,3.1946840457478754e-05,10665
M-2022-4,142,39,2,3.1946840457478754e-05,10666
M-2022-4,142,70,2,3.1946840457478754e-05,10667
M-2022-4,142,88,2,3.1946840457478754e-05,10668
M-2022-4,142,102,2,3.1946840457478754e-05,10669
M-2022-4,142,121,2,3.1946840457478754e-05,10670
M-2022-4,142,128,2,3.1946840457478754e-05,10671
M-2022-4,142,146,2,3.1946840457478754e-05,10672
M-2022-4,142,147,2,3.1946840457478754e-05,10673
M-2022-4,142,162,2,3.1946840457478754e-05,10674
M-2022-4,98,28,2,3.159657493127745e-05,10675
M-2022-4,98,59,2,3.159657493127745e-05,10676
M-2022-4,98,94,2,3.159657493127745e-05,10677
M-2022-4,156,16,1,3.0397908623886675e-05,10678
M-2022-4,156,20,1,3.0397908623886675e-05,10679
M-2022-4,156,21,1,3.0397908623886675e-05,10680
M-2022-4,156,31,1,3.0397908623886675e-05,10681
M-2022-4,156,33,1,3.0397908623886675e-05,10682
M-2022-4,156,34,1,3.0397908623886675e-05,10683
M-2022-4,156,36,1,3.0397908623886675e-05,10684
M-2022-4,156,45,1,3.0397908623886675e-05,10685
M-2022-4,156,47,1,3.0397908623886675e-05,10686
M-2022-4,156,54,1,3.0397908623886675e-05,10687
M-2022-4,156,69,1,3.0397908623886675e-05,10688
M-2022-4,156,80,1,3.0397908623886675e-05,10689
M-2022-4,156,88,1,3.0397908623886675e-05,10690
M-2022-4,156,91,1,3.0397908623886675e-05,10691
M-2022-4,156,95,1,3.0397908623886675e-05,10692
M-2022-4,156,100,1,3.0397908623886675e-05,10693
M-2022-4,156,103,1,3.0397908623886675e-05,10694
M-2022-4,156,120,1,3.0397908623886675e-05,10695
M-2022-4,156,152,1,3.0397908623886675e-05,10696
M-2022-4,156,165,1,3.0397908623886675e-05,10697
M-2022-4,156,168,1,3.0397908623886675e-05,10698
M-2022-4,156,169,1,3.0397908623886675e-05,10699
M-2022-4,156,174,1,3.0397908623886675e-05,10700
M-2022-4,93,0,1,2.872572676088705e-05,10701
M-2022-4,93,9,1,2.872572676088705e-05,10702
M-2022-4,93,21,1,2.872572676088705e-05,10703
M-2022-4,93,34,1,2.872572676088705e-05,10704
M-2022-4,93,36,1,2.872572676088705e-05,10705
M-2022-4,93,41,1,2.872572676088705e-05,10706
M-2022-4,93,43,1,2.872572676088705e-05,10707
M-2022-4,93,56,1,2.872572676088705e-05,10708
M-2022-4,93,64,1,2.872572676088705e-05,10709
M-2022-4,93,67,1,2.872572676088705e-05,10710
M-2022-4,93,69,1,2.872572676088705e-05,10711
M-2022-4,93,73,1,2.872572676088705e-05,10712
M-2022-4,93,74,1,2.872572676088705e-05,10713
M-2022-4,93,78,1,2.872572676088705e-05,10714
M-2022-4,93,87,1,2.872572676088705e-05,10715
M-2022-4,93,90,1,2.872572676088705e-05,10716
M-2022-4,93,98,1,2.872572676088705e-05,10717
M-2022-4,93,100,1,2.872572676088705e-05,10718
M-2022-4,93,108,1,2.872572676088705e-05,10719
M-2022-4,93,113,1,2.872572676088705e-05,10720
M-2022-4,93,114,1,2.872572676088705e-05,10721
M-2022-4,93,119,1,2.872572676088705e-05,10722
M-2022-4,93,120,1,2.872572676088705e-05,10723
M-2022-4,93,127,1,2.872572676088705e-05,10724
M-2022-4,93,130,1,2.872572676088705e-05,10725
M-2022-4,93,144,1,2.872572676088705e-05,10726
M-2022-4,93,147,1,2.872572676088705e-05,10727
M-2022-4,93,166,1,2.872572676088705e-05,10728
M-2022-4,153,5,2,2.8179730319980837e-05,10729
M-2022-4,153,10,2,2.8179730319980837e-05,10730
M-2022-4,153,42,2,2.8179730319980837e-05,10731
M-2022-4,153,55,2,2.8179730319980837e-05,10732
M-2022-4,153,73,2,2.8179730319980837e-05,10733
M-2022-4,153,89,2,2.8179730319980837e-05,10734
M-2022-4,153,103,2,2.8179730319980837e-05,10735
M-2022-4,153,106,2,2.8179730319980837e-05,10736
M-2022-4,153,107,2,2.8179730319980837e-05,10737
M-2022-4,153,113,2,2.8179730319980837e-05,10738
M-2022-4,153,123,2,2.8179730319980837e-05,10739
M-2022-4,153,144,2,2.8179730319980837e-05,10740
M-2022-4,153,169,2,2.8179730319980837e-05,10741
M-2022-4,140,4,2,2.7804037146193626e-05,10742
M-2022-4,140,10,2,2.7804037146193626e-05,10743
M-2022-4,140,26,2,2.7804037146193626e-05,10744
M-2022-4,140,58,2,2.7804037146193626e-05,10745
M-2022-4,140,98,2,2.7804037146193626e-05,10746
M-2022-4,140,121,2,2.7804037146193626e-05,10747
M-2022-4,140,123,2,2.7804037146193626e-05,10748
M-2022-4,140,132,2,2.7804037146193626e-05,10749
M-2022-4,140,134,2,2.7804037146193626e-05,10750
M-2022-4,140,135,2,2.7804037146193626e-05,10751
M-2022-4,140,148,2,2.7804037146193626e-05,10752
M-2022-4,140,162,2,2.7804037146193626e-05,10753
M-2022-4,149,3,2,2.695635765695339e-05,10754
M-2022-4,149,21,2,2.695635765695339e-05,10755
M-2022-4,149,43,2,2.695635765695339e-05,10756
M-2022-4,149,55,2,2.695635765695339e-05,10757
M-2022-4,149,65,2,2.695635765695339e-05,10758
M-2022-4,149,67,2,2.695635765695339e-05,10759
M-2022-4,149,75,2,2.695635765695339e-05,10760
M-2022-4,149,85,2,2.695635765695339e-05,10761
M-2022-4,149,103,2,2.695635765695339e-05,10762
M-2022-4,149,114,2,2.695635765695339e-05,10763
M-2022-4,149,151,2,2.695635765695339e-05,10764
M-2022-4,149,159,2,2.695635765695339e-05,10765
M-2022-4,149,174,2,2.695635765695339e-05,10766
M-2022-4,149,177,2,2.695635765695339e-05,10767
M-2022-4,71,0,4,2.6772328121653458e-05,10768
M-2022-4,71,16,4,2.6772328121653458e-05,10769
M-2022-4,71,17,4,2.6772328121653458e-05,10770
M-2022-4,71,20,4,2.6772328121653458e-05,10771
M-2022-4,71,59,4,2.6772328121653458e-05,10772
M-2022-4,71,154,4,2.6772328121653458e-05,10773
M-2022-4,71,159,4,2.6772328121653458e-05,10774
M-2022-4,71,172,4,2.6772328121653458e-05,10775
M-2022-4,82,26,2,2.5122787624514818e-05,10776
M-2022-4,82,28,2,2.5122787624514818e-05,10777
M-2022-4,82,30,2,2.5122787624514818e-05,10778
M-2022-4,82,50,2,2.5122787624514818e-05,10779
M-2022-4,82,66,2,2.5122787624514818e-05,10780
M-2022-4,82,86,2,2.5122787624514818e-05,10781
M-2022-4,82,95,2,2.5122787624514818e-05,10782
M-2022-4,82,120,2,2.5122787624514818e-05,10783
M-2022-4,82,138,2,2.5122787624514818e-05,10784
M-2022-4,82,163,2,2.5122787624514818e-05,10785
M-2022-4,102,20,2,2.5034108973476362e-05,10786
M-2022-4,102,61,2,2.5034108973476362e-05,10787
M-2022-4,102,77,2,2.5034108973476362e-05,10788
M-2022-4,102,93,2,2.5034108973476362e-05,10789
M-2022-4,102,155,2,2.5034108973476362e-05,10790
M-2022-4,102,158,2,2.5034108973476362e-05,10791
M-2022-4,102,164,2,2.5034108973476362e-05,10792
M-2022-4,102,173,2,2.5034108973476362e-05,10793
M-2022-4,49,16,1,2.486325211337643e-05,10794
M-2022-4,49,31,1,2.486325211337643e-05,10795
M-2022-4,49,37,1,2.486325211337643e-05,10796
M-2022-4,49,40,1,2.486325211337643e-05,10797
M-2022-4,49,52,1,2.486325211337643e-05,10798
M-2022-4,49,54,1,2.486325211337643e-05,10799
M-2022-4,49,55,1,2.486325211337643e-05,10800
M-2022-4,49,57,1,2.486325211337643e-05,10801
M-2022-4,49,88,1,2.486325211337643e-05,10802
M-2022-4,49,100,1,2.486325211337643e-05,10803
M-2022-4,49,102,1,2.486325211337643e-05,10804
M-2022-4,49,104,1,2.486325211337643e-05,10805
M-2022-4,49,110,1,2.486325211337643e-05,10806
M-2022-4,49,114,1,2.486325211337643e-05,10807
M-2022-4,49,119,1,2.486325211337643e-05,10808
M-2022-4,49,125,1,2.486325211337643e-05,10809
M-2022-4,49,128,1,2.486325211337643e-05,10810
M-2022-4,49,135,1,2.486325211337643e-05,10811
M-2022-4,49,141,1,2.486325211337643e-05,10812
M-2022-4,49,147,1,2.486325211337643e-05,10813
M-2022-4,49,155,1,2.486325211337643e-05,10814
M-2022-4,49,158,1,2.486325211337643e-05,10815
M-2022-4,49,173,1,2.486325211337643e-05,10816
M-2022-4,77,3,2,2.4410486745105696e-05,10817
M-2022-4,77,5,2,2.4410486745105696e-05,10818
M-2022-4,77,16,2,2.4410486745105696e-05,10819
M-2022-4,77,20,2,2.4410486745105696e-05,10820
M-2022-4,77,22,2,2.4410486745105696e-05,10821
M-2022-4,77,23,2,2.4410486745105696e-05,10822
M-2022-4,77,26,2,2.4410486745105696e-05,10823
M-2022-4,77,60,2,2.4410486745105696e-05,10824
M-2022-4,77,85,2,2.4410486745105696e-05,10825
M-2022-4,77,91,2,2.4410486745105696e-05,10826
M-2022-4,77,101,2,2.4410486745105696e-05,10827
M-2022-4,77,107,2,2.4410486745105696e-05,10828
M-2022-4,77,116,2,2.4410486745105696e-05,10829
M-2022-4,77,118,2,2.4410486745105696e-05,10830
M-2022-4,77,134,2,2.4410486745105696e-05,10831
M-2022-4,77,143,2,2.4410486745105696e-05,10832
M-2022-4,77,148,2,2.4410486745105696e-05,10833
M-2022-4,77,159,2,2.4410486745105696e-05,10834
M-2022-4,77,165,2,2.4410486745105696e-05,10835
M-2022-4,77,170,2,2.4410486745105696e-05,10836
M-2022-4,77,172,2,2.4410486745105696e-05,10837
M-2022-4,97,18,1,2.405002405002405e-05,10838
M-2022-4,97,33,1,2.405002405002405e-05,10839
M-2022-4,97,55,1,2.405002405002405e-05,10840
M-2022-4,97,56,1,2.405002405002405e-05,10841
M-2022-4,97,60,1,2.405002405002405e-05,10842
M-2022-4,97,73,1,2.405002405002405e-05,10843
M-2022-4,97,112,1,2.405002405002405e-05,10844
M-2022-4,97,113,1,2.405002405002405e-05,10845
M-2022-4,97,125,1,2.405002405002405e-05,10846
M-2022-4,97,130,1,2.405002405002405e-05,10847
M-2022-4,97,131,1,2.405002405002405e-05,10848
M-2022-4,97,137,1,2.405002405002405e-05,10849
M-2022-4,97,143,1,2.405002405002405e-05,10850
M-2022-4,97,156,1,2.405002405002405e-05,10851
M-2022-4,97,158,1,2.405002405002405e-05,10852
M-2022-4,97,170,1,2.405002405002405e-05,10853
M-2022-4,97,175,1,2.405002405002405e-05,10854
M-2022-4,97,176,1,2.405002405002405e-05,10855
M-2022-4,117,0,2,2.3547141377036827e-05,10856
M-2022-4,117,5,2,2.3547141377036827e-05,10857
M-2022-4,117,69,2,2.3547141377036827e-05,10858
M-2022-4,117,74,2,2.3547141377036827e-05,10859
M-2022-4,117,78,2,2.3547141377036827e-05,10860
M-2022-4,117,119,2,2.3547141377036827e-05,10861
M-2022-4,117,126,2,2.3547141377036827e-05,10862
M-2022-4,117,162,2,2.3547141377036827e-05,10863
M-2022-4,117,165,2,2.3547141377036827e-05,10864
M-2022-4,117,167,2,2.3547141377036827e-05,10865
M-2022-4,117,173,2,2.3547141377036827e-05,10866
M-2022-4,117,174,2,2.3547141377036827e-05,10867
M-2022-4,138,9,1,2.2919483853223626e-05,10868
M-2022-4,138,16,1,2.2919483853223626e-05,10869
M-2022-4,138,20,1,2.2919483853223626e-05,10870
M-2022-4,138,26,1,2.2919483853223626e-05,10871
M-2022-4,138,37,1,2.2919483853223626e-05,10872
M-2022-4,138,48,1,2.2919483853223626e-05,10873
M-2022-4,138,57,1,2.2919483853223626e-05,10874
M-2022-4,138,65,1,2.2919483853223626e-05,10875
M-2022-4,138,70,1,2.2919483853223626e-05,10876
M-2022-4,138,73,1,2.2919483853223626e-05,10877
M-2022-4,138,76,1,2.2919483853223626e-05,10878
M-2022-4,138,78,1,2.2919483853223626e-05,10879
M-2022-4,138,81,1,2.2919483853223626e-05,10880
M-2022-4,138,84,1,2.2919483853223626e-05,10881
M-2022-4,138,85,1,2.2919483853223626e-05,10882
M-2022-4,138,88,1,2.2919483853223626e-05,10883
M-2022-4,138,89,1,2.2919483853223626e-05,10884
M-2022-4,138,94,1,2.2919483853223626e-05,10885
M-2022-4,138,105,1,2.2919483853223626e-05,10886
M-2022-4,138,106,1,2.2919483853223626e-05,10887
M-2022-4,138,109,1,2.2919483853223626e-05,10888
M-2022-4,138,111,1,2.2919483853223626e-05,10889
M-2022-4,138,113,1,2.2919483853223626e-05,10890
M-2022-4,138,135,1,2.2919483853223626e-05,10891
M-2022-4,138,148,1,2.2919483853223626e-05,10892
M-2022-4,138,152,1,2.2919483853223626e-05,10893
M-2022-4,138,168,1,2.2919483853223626e-05,10894
M-2022-4,138,169,1,2.2919483853223626e-05,10895
M-2022-4,138,174,1,2.2919483853223626e-05,10896
M-2022-4,138,177,1,2.2919483853223626e-05,10897
M-2022-4,129,0,1,2.2636213414220068e-05,10898
M-2022-4,129,5,1,2.2636213414220068e-05,10899
M-2022-4,129,26,1,2.2636213414220068e-05,10900
M-2022-4,129,31,1,2.2636213414220068e-05,10901
M-2022-4,129,38,1,2.2636213414220068e-05,10902
M-2022-4,129,39,1,2.2636213414220068e-05,10903
M-2022-4,129,60,1,2.2636213414220068e-05,10904
M-2022-4,129,62,1,2.2636213414220068e-05,10905
M-2022-4,129,63,1,2.2636213414220068e-05,10906
M-2022-4,129,74,1,2.2636213414220068e-05,10907
M-2022-4,129,76,1,2.2636213414220068e-05,10908
M-2022-4,129,77,1,2.2636213414220068e-05,10909
M-2022-4,129,84,1,2.2636213414220068e-05,10910
M-2022-4,129,88,1,2.2636213414220068e-05,10911
M-2022-4,129,94,1,2.2636213414220068e-05,10912
M-2022-4,129,98,1,2.2636213414220068e-05,10913
M-2022-4,129,110,1,2.2636213414220068e-05,10914
M-2022-4,129,120,1,2.2636213414220068e-05,10915
M-2022-4,129,127,1,2.2636213414220068e-05,10916
M-2022-4,129,141,1,2.2636213414220068e-05,10917
M-2022-4,129,144,1,2.2636213414220068e-05,10918
M-2022-4,129,146,1,2.2636213414220068e-05,10919
M-2022-4,129,148,1,2.2636213414220068e-05,10920
M-2022-4,129,151,1,2.2636213414220068e-05,10921
M-2022-4,129,154,1,2.2636213414220068e-05,10922
M-2022-4,129,167,1,2.2636213414220068e-05,10923
M-2022-4,129,174,1,2.2636213414220068e-05,10924
M-2022-4,78,3,1,2.0829427815617906e-05,10925
M-2022-4,78,13,1,2.0829427815617906e-05,10926
M-2022-4,78,17,1,2.0829427815617906e-05,10927
M-2022-4,78,18,1,2.0829427815617906e-05,10928
M-2022-4,78,28,1,2.0829427815617906e-05,10929
M-2022-4,78,31,1,2.0829427815617906e-05,10930
M-2022-4,78,50,1,2.0829427815617906e-05,10931
M-2022-4,78,51,1,2.0829427815617906e-05,10932
M-2022-4,78,60,1,2.0829427815617906e-05,10933
M-2022-4,78,80,1,2.0829427815617906e-05,10934
M-2022-4,78,85,1,2.0829427815617906e-05,10935
M-2022-4,78,109,1,2.0829427815617906e-05,10936
M-2022-4,78,124,1,2.0829427815617906e-05,10937
M-2022-4,78,137,1,2.0829427815617906e-05,10938
M-2022-4,78,150,1,2.0829427815617906e-05,10939
M-2022-4,78,153,1,2.0829427815617906e-05,10940
M-2022-4,78,159,1,2.0829427815617906e-05,10941
M-2022-4,78,163,1,2.0829427815617906e-05,10942
M-2022-4,78,172,1,2.0829427815617906e-05,10943
M-2022-4,60,8,1,2.0152351779452664e-05,10944
M-2022-4,60,9,1,2.0152351779452664e-05,10945
M-2022-4,60,11,1,2.0152351779452664e-05,10946
M-2022-4,60,16,1,2.0152351779452664e-05,10947
M-2022-4,60,27,1,2.0152351779452664e-05,10948
M-2022-4,60,32,1,2.0152351779452664e-05,10949
M-2022-4,60,33,1,2.0152351779452664e-05,10950
M-2022-4,60,45,1,2.0152351779452664e-05,10951
M-2022-4,60,50,1,2.0152351779452664e-05,10952
M-2022-4,60,59,1,2.0152351779452664e-05,10953
M-2022-4,60,65,1,2.0152351779452664e-05,10954
M-2022-4,60,73,1,2.0152351779452664e-05,10955
M-2022-4,60,87,1,2.0152351779452664e-05,10956
M-2022-4,60,107,1,2.0152351779452664e-05,10957
M-2022-4,60,109,1,2.0152351779452664e-05,10958
M-2022-4,60,120,1,2.0152351779452664e-05,10959
M-2022-4,60,123,1,2.0152351779452664e-05,10960
M-2022-4,60,127,1,2.0152351779452664e-05,10961
M-2022-4,60,128,1,2.0152351779452664e-05,10962
M-2022-4,60,130,1,2.0152351779452664e-05,10963
M-2022-4,60,137,1,2.0152351779452664e-05,10964
M-2022-4,60,164,1,2.0152351779452664e-05,10965
M-2022-4,60,170,1,2.0152351779452664e-05,10966
M-2022-4,60,174,1,2.0152351779452664e-05,10967
M-2022-4,71,18,3,2.0079246091240094e-05,10968
M-2022-4,71,29,3,2.0079246091240094e-05,10969
M-2022-4,71,68,3,2.0079246091240094e-05,10970
M-2022-4,71,108,3,2.0079246091240094e-05,10971
M-2022-4,71,134,3,2.0079246091240094e-05,10972
M-2022-4,71,139,3,2.0079246091240094e-05,10973
M-2022-4,71,157,3,2.0079246091240094e-05,10974
M-2022-4,95,9,1,1.9911196065547657e-05,10975
M-2022-4,95,16,1,1.9911196065547657e-05,10976
M-2022-4,95,51,1,1.9911196065547657e-05,10977
M-2022-4,95,72,1,1.9911196065547657e-05,10978
M-2022-4,95,91,1,1.9911196065547657e-05,10979
M-2022-4,95,96,1,1.9911196065547657e-05,10980
M-2022-4,95,98,1,1.9911196065547657e-05,10981
M-2022-4,95,100,1,1.9911196065547657e-05,10982
M-2022-4,95,110,1,1.9911196065547657e-05,10983
M-2022-4,95,115,1,1.9911196065547657e-05,10984
M-2022-4,95,120,1,1.9911196065547657e-05,10985
M-2022-4,95,158,1,1.9911196065547657e-05,10986
M-2022-4,95,163,1,1.9911196065547657e-05,10987
M-2022-4,95,167,1,1.9911196065547657e-05,10988
M-2022-4,95,170,1,1.9911196065547657e-05,10989
M-2022-4,175,2,1,1.9751915935845776e-05,10990
M-2022-4,175,4,1,1.9751915935845776e-05,10991
M-2022-4,175,5,1,1.9751915935845776e-05,10992
M-2022-4,175,11,1,1.9751915935845776e-05,10993
M-2022-4,175,12,1,1.9751915935845776e-05,10994
M-2022-4,175,17,1,1.9751915935845776e-05,10995
M-2022-4,175,30,1,1.9751915935845776e-05,10996
M-2022-4,175,40,1,1.9751915935845776e-05,10997
M-2022-4,175,41,1,1.9751915935845776e-05,10998
M-2022-4,175,43,1,1.9751915935845776e-05,10999
M-2022-4,175,47,1,1.9751915935845776e-05,11000
M-2022-4,175,54,1,1.9751915935845776e-05,11001
M-2022-4,175,64,1,1.9751915935845776e-05,11002
M-2022-4,175,85,1,1.9751915935845776e-05,11003
M-2022-4,175,96,1,1.9751915935845776e-05,11004
M-2022-4,175,100,1,1.9751915935845776e-05,11005
M-2022-4,175,102,1,1.9751915935845776e-05,11006
M-2022-4,175,104,1,1.9751915935845776e-05,11007
M-2022-4,175,112,1,1.9751915935845776e-05,11008
M-2022-4,175,118,1,1.9751915935845776e-05,11009
M-2022-4,175,119,1,1.9751915935845776e-05,11010
M-2022-4,175,121,1,1.9751915935845776e-05,11011
M-2022-4,175,125,1,1.9751915935845776e-05,11012
M-2022-4,175,128,1,1.9751915935845776e-05,11013
M-2022-4,175,132,1,1.9751915935845776e-05,11014
M-2022-4,175,139,1,1.9751915935845776e-05,11015
M-2022-4,175,154,1,1.9751915935845776e-05,11016
M-2022-4,175,168,1,1.9751915935845776e-05,11017
M-2022-4,175,169,1,1.9751915935845776e-05,11018
M-2022-4,175,170,1,1.9751915935845776e-05,11019
M-2022-4,133,5,1,1.8480872297172427e-05,11020
M-2022-4,133,21,1,1.8480872297172427e-05,11021
M-2022-4,133,22,1,1.8480872297172427e-05,11022
M-2022-4,133,43,1,1.8480872297172427e-05,11023
M-2022-4,133,64,1,1.8480872297172427e-05,11024
M-2022-4,133,79,1,1.8480872297172427e-05,11025
M-2022-4,133,81,1,1.8480872297172427e-05,11026
M-2022-4,133,87,1,1.8480872297172427e-05,11027
M-2022-4,133,88,1,1.8480872297172427e-05,11028
M-2022-4,133,99,1,1.8480872297172427e-05,11029
M-2022-4,133,102,1,1.8480872297172427e-05,11030
M-2022-4,133,105,1,1.8480872297172427e-05,11031
M-2022-4,133,108,1,1.8480872297172427e-05,11032
M-2022-4,133,110,1,1.8480872297172427e-05,11033
M-2022-4,133,141,1,1.8480872297172427e-05,11034
M-2022-4,133,146,1,1.8480872297172427e-05,11035
M-2022-4,133,150,1,1.8480872297172427e-05,11036
M-2022-4,133,154,1,1.8480872297172427e-05,11037
M-2022-4,133,172,1,1.8480872297172427e-05,11038
M-2022-4,133,176,1,1.8480872297172427e-05,11039
M-2022-4,25,4,1,1.8329453598988215e-05,11040
M-2022-4,25,21,1,1.8329453598988215e-05,11041
M-2022-4,25,26,1,1.8329453598988215e-05,11042
M-2022-4,25,27,1,1.8329453598988215e-05,11043
M-2022-4,25,39,1,1.8329453598988215e-05,11044
M-2022-4,25,44,1,1.8329453598988215e-05,11045
M-2022-4,25,47,1,1.8329453598988215e-05,11046
M-2022-4,25,49,1,1.8329453598988215e-05,11047
M-2022-4,25,53,1,1.8329453598988215e-05,11048
M-2022-4,25,54,1,1.8329453598988215e-05,11049
M-2022-4,25,62,1,1.8329453598988215e-05,11050
M-2022-4,25,65,1,1.8329453598988215e-05,11051
M-2022-4,25,89,1,1.8329453598988215e-05,11052
M-2022-4,25,101,1,1.8329453598988215e-05,11053
M-2022-4,25,106,1,1.8329453598988215e-05,11054
M-2022-4,25,109,1,1.8329453598988215e-05,11055
M-2022-4,25,145,1,1.8329453598988215e-05,11056
M-2022-4,25,150,1,1.8329453598988215e-05,11057
M-2022-4,25,151,1,1.8329453598988215e-05,11058
M-2022-4,25,161,1,1.8329453598988215e-05,11059
M-2022-4,25,164,1,1.8329453598988215e-05,11060
M-2022-4,25,165,1,1.8329453598988215e-05,11061
M-2022-4,96,3,1,1.8142564270033927e-05,11062
M-2022-4,96,6,1,1.8142564270033927e-05,11063
M-2022-4,96,8,1,1.8142564270033927e-05,11064
M-2022-4,96,15,1,1.8142564270033927e-05,11065
M-2022-4,96,19,1,1.8142564270033927e-05,11066
M-2022-4,96,26,1,1.8142564270033927e-05,11067
M-2022-4,96,27,1,1.8142564270033927e-05,11068
M-2022-4,96,30,1,1.8142564270033927e-05,11069
M-2022-4,96,36,1,1.8142564270033927e-05,11070
M-2022-4,96,39,1,1.8142564270033927e-05,11071
M-2022-4,96,50,1,1.8142564270033927e-05,11072
M-2022-4,96,51,1,1.8142564270033927e-05,11073
M-2022-4,96,55,1,1.8142564270033927e-05,11074
M-2022-4,96,57,1,1.8142564270033927e-05,11075
M-2022-4,96,59,1,1.8142564270033927e-05,11076
M-2022-4,96,62,1,1.8142564270033927e-05,11077
M-2022-4,96,72,1,1.8142564270033927e-05,11078
M-2022-4,96,76,1,1.8142564270033927e-05,11079
M-2022-4,96,88,1,1.8142564270033927e-05,11080
M-2022-4,96,89,1,1.8142564270033927e-05,11081
M-2022-4,96,91,1,1.8142564270033927e-05,11082
M-2022-4,96,94,1,1.8142564270033927e-05,11083
M-2022-4,96,95,1,1.8142564270033927e-05,11084
M-2022-4,96,104,1,1.8142564270033927e-05,11085
M-2022-4,96,116,1,1.8142564270033927e-05,11086
M-2022-4,96,119,1,1.8142564270033927e-05,11087
M-2022-4,96,131,1,1.8142564270033927e-05,11088
M-2022-4,96,132,1,1.8142564270033927e-05,11089
M-2022-4,96,139,1,1.8142564270033927e-05,11090
M-2022-4,96,148,1,1.8142564270033927e-05,11091
M-2022-4,96,152,1,1.8142564270033927e-05,11092
M-2022-4,96,154,1,1.8142564270033927e-05,11093
M-2022-4,96,157,1,1.8142564270033927e-05,11094
M-2022-4,96,158,1,1.8142564270033927e-05,11095
M-2022-4,96,160,1,1.8142564270033927e-05,11096
M-2022-4,96,165,1,1.8142564270033927e-05,11097
M-2022-4,96,174,1,1.8142564270033927e-05,11098
M-2022-4,101,29,1,1.6493757112932755e-05,11099
M-2022-4,101,32,1,1.6493757112932755e-05,11100
M-2022-4,101,49,1,1.6493757112932755e-05,11101
M-2022-4,101,57,1,1.6493757112932755e-05,11102
M-2022-4,101,61,1,1.6493757112932755e-05,11103
M-2022-4,101,71,1,1.6493757112932755e-05,11104
M-2022-4,101,72,1,1.6493757112932755e-05,11105
M-2022-4,101,82,1,1.6493757112932755e-05,11106
M-2022-4,101,83,1,1.6493757112932755e-05,11107
M-2022-4,101,84,1,1.6493757112932755e-05,11108
M-2022-4,101,86,1,1.6493757112932755e-05,11109
M-2022-4,101,98,1,1.6493757112932755e-05,11110
M-2022-4,101,111,1,1.6493757112932755e-05,11111
M-2022-4,101,142,1,1.6493757112932755e-05,11112
M-2022-4,101,150,1,1.6493757112932755e-05,11113
M-2022-4,101,156,1,1.6493757112932755e-05,11114
M-2022-4,101,167,1,1.6493757112932755e-05,11115
M-2022-4,101,175,1,1.6493757112932755e-05,11116
M-2022-4,101,176,1,1.6493757112932755e-05,11117
M-2022-4,122,0,1,1.627975124540097e-05,11118
M-2022-4,122,3,1,1.627975124540097e-05,11119
M-2022-4,122,7,1,1.627975124540097e-05,11120
M-2022-4,122,10,1,1.627975124540097e-05,11121
M-2022-4,122,12,1,1.627975124540097e-05,11122
M-2022-4,122,15,1,1.627975124540097e-05,11123
M-2022-4,122,16,1,1.627975124540097e-05,11124
M-2022-4,122,27,1,1.627975124540097e-05,11125
M-2022-4,122,33,1,1.627975124540097e-05,11126
M-2022-4,122,36,1,1.627975124540097e-05,11127
M-2022-4,122,39,1,1.627975124540097e-05,11128
M-2022-4,122,55,1,1.627975124540097e-05,11129
M-2022-4,122,56,1,1.627975124540097e-05,11130
M-2022-4,122,58,1,1.627975124540097e-05,11131
M-2022-4,122,70,1,1.627975124540097e-05,11132
M-2022-4,122,74,1,1.627975124540097e-05,11133
M-2022-4,122,92,1,1.627975124540097e-05,11134
M-2022-4,122,94,1,1.627975124540097e-05,11135
M-2022-4,122,103,1,1.627975124540097e-05,11136
M-2022-4,122,112,1,1.627975124540097e-05,11137
M-2022-4,122,118,1,1.627975124540097e-05,11138
M-2022-4,122,120,1,1.627975124540097e-05,11139
M-2022-4,122,139,1,1.627975124540097e-05,11140
M-2022-4,122,141,1,1.627975124540097e-05,11141
M-2022-4,122,144,1,1.627975124540097e-05,11142
M-2022-4,122,161,1,1.627975124540097e-05,11143
M-2022-4,122,165,1,1.627975124540097e-05,11144
M-2022-4,122,171,1,1.627975124540097e-05,11145
M-2022-4,142,9,1,1.5973420228739377e-05,11146
M-2022-4,142,10,1,1.5973420228739377e-05,11147
M-2022-4,142,33,1,1.5973420228739377e-05,11148
M-2022-4,142,37,1,1.5973420228739377e-05,11149
M-2022-4,142,43,1,1.5973420228739377e-05,11150
M-2022-4,142,45,1,1.5973420228739377e-05,11151
M-2022-4,142,55,1,1.5973420228739377e-05,11152
M-2022-4,142,67,1,1.5973420228739377e-05,11153
M-2022-4,142,80,1,1.5973420228739377e-05,11154
M-2022-4,142,84,1,1.5973420228739377e-05,11155
M-2022-4,142,91,1,1.5973420228739377e-05,11156
M-2022-4,142,97,1,1.5973420228739377e-05,11157
M-2022-4,142,104,1,1.5973420228739377e-05,11158
M-2022-4,142,141,1,1.5973420228739377e-05,11159
M-2022-4,142,150,1,1.5973420228739377e-05,11160
M-2022-4,142,167,1,1.5973420228739377e-05,11161
M-2022-4,142,168,1,1.5973420228739377e-05,11162
M-2022-4,142,170,1,1.5973420228739377e-05,11163
M-2022-4,142,173,1,1.5973420228739377e-05,11164
M-2022-4,98,3,1,1.5798287465638726e-05,11165
M-2022-4,98,29,1,1.5798287465638726e-05,11166
M-2022-4,98,53,1,1.5798287465638726e-05,11167
M-2022-4,98,77,1,1.5798287465638726e-05,11168
M-2022-4,98,102,1,1.5798287465638726e-05,11169
M-2022-4,98,103,1,1.5798287465638726e-05,11170
M-2022-4,98,111,1,1.5798287465638726e-05,11171
M-2022-4,98,133,1,1.5798287465638726e-05,11172
M-2022-4,98,134,1,1.5798287465638726e-05,11173
M-2022-4,98,152,1,1.5798287465638726e-05,11174
M-2022-4,98,153,1,1.5798287465638726e-05,11175
M-2022-4,98,164,1,1.5798287465638726e-05,11176
M-2022-4,153,9,1,1.4089865159990419e-05,11177
M-2022-4,153,33,1,1.4089865159990419e-05,11178
M-2022-4,153,38,1,1.4089865159990419e-05,11179
M-2022-4,153,54,1,1.4089865159990419e-05,11180
M-2022-4,153,65,1,1.4089865159990419e-05,11181
M-2022-4,153,69,1,1.4089865159990419e-05,11182
M-2022-4,153,80,1,1.4089865159990419e-05,11183
M-2022-4,153,92,1,1.4089865159990419e-05,11184
M-2022-4,153,97,1,1.4089865159990419e-05,11185
M-2022-4,153,98,1,1.4089865159990419e-05,11186
M-2022-4,153,104,1,1.4089865159990419e-05,11187
M-2022-4,153,114,1,1.4089865159990419e-05,11188
M-2022-4,153,120,1,1.4089865159990419e-05,11189
M-2022-4,153,121,1,1.4089865159990419e-05,11190
M-2022-4,153,150,1,1.4089865159990419e-05,11191
M-2022-4,153,164,1,1.4089865159990419e-05,11192
M-2022-4,153,173,1,1.4089865159990419e-05,11193
M-2022-4,140,0,1,1.3902018573096813e-05,11194
M-2022-4,140,1,1,1.3902018573096813e-05,11195
M-2022-4,140,3,1,1.3902018573096813e-05,11196
M-2022-4,140,11,1,1.3902018573096813e-05,11197
M-2022-4,140,36,1,1.3902018573096813e-05,11198
M-2022-4,140,45,1,1.3902018573096813e-05,11199
M-2022-4,140,54,1,1.3902018573096813e-05,11200
M-2022-4,140,67,1,1.3902018573096813e-05,11201
M-2022-4,140,89,1,1.3902018573096813e-05,11202
M-2022-4,140,95,1,1.3902018573096813e-05,11203
M-2022-4,140,96,1,1.3902018573096813e-05,11204
M-2022-4,140,99,1,1.3902018573096813e-05,11205
M-2022-4,140,106,1,1.3902018573096813e-05,11206
M-2022-4,140,118,1,1.3902018573096813e-05,11207
M-2022-4,140,119,1,1.3902018573096813e-05,11208
M-2022-4,140,125,1,1.3902018573096813e-05,11209
M-2022-4,140,137,1,1.3902018573096813e-05,11210
M-2022-4,140,138,1,1.3902018573096813e-05,11211
M-2022-4,140,144,1,1.3902018573096813e-05,11212
M-2022-4,140,147,1,1.3902018573096813e-05,11213
M-2022-4,140,152,1,1.3902018573096813e-05,11214
M-2022-4,140,164,1,1.3902018573096813e-05,11215
M-2022-4,149,10,1,1.3478178828476696e-05,11216
M-2022-4,149,20,1,1.3478178828476696e-05,11217
M-2022-4,149,37,1,1.3478178828476696e-05,11218
M-2022-4,149,42,1,1.3478178828476696e-05,11219
M-2022-4,149,56,1,1.3478178828476696e-05,11220
M-2022-4,149,59,1,1.3478178828476696e-05,11221
M-2022-4,149,73,1,1.3478178828476696e-05,11222
M-2022-4,149,76,1,1.3478178828476696e-05,11223
M-2022-4,149,95,1,1.3478178828476696e-05,11224
M-2022-4,149,113,1,1.3478178828476696e-05,11225
M-2022-4,149,120,1,1.3478178828476696e-05,11226
M-2022-4,149,125,1,1.3478178828476696e-05,11227
M-2022-4,149,145,1,1.3478178828476696e-05,11228
M-2022-4,149,152,1,1.3478178828476696e-05,11229
M-2022-4,149,163,1,1.3478178828476696e-05,11230
M-2022-4,149,167,1,1.3478178828476696e-05,11231
M-2022-4,149,173,1,1.3478178828476696e-05,11232
M-2022-4,71,1,2,1.3386164060826729e-05,11233
M-2022-4,71,3,2,1.3386164060826729e-05,11234
M-2022-4,71,39,2,1.3386164060826729e-05,11235
M-2022-4,71,53,2,1.3386164060826729e-05,11236
M-2022-4,71,85,2,1.3386164060826729e-05,11237
M-2022-4,71,101,2,1.3386164060826729e-05,11238
M-2022-4,71,103,2,1.3386164060826729e-05,11239
M-2022-4,71,115,2,1.3386164060826729e-05,11240
M-2022-4,71,116,2,1.3386164060826729e-05,11241
M-2022-4,71,163,2,1.3386164060826729e-05,11242
M-2022-4,71,164,2,1.3386164060826729e-05,11243
M-2022-4,71,165,2,1.3386164060826729e-05,11244
M-2022-4,71,170,2,1.3386164060826729e-05,11245
M-2022-4,71,176,2,1.3386164060826729e-05,11246
M-2022-4,82,3,1,1.2561393812257409e-05,11247
M-2022-4,82,4,1,1.2561393812257409e-05,11248
M-2022-4,82,9,1,1.2561393812257409e-05,11249
M-2022-4,82,12,1,1.2561393812257409e-05,11250
M-2022-4,82,22,1,1.2561393812257409e-05,11251
M-2022-4,82,40,1,1.2561393812257409e-05,11252
M-2022-4,82,45,1,1.2561393812257409e-05,11253
M-2022-4,82,47,1,1.2561393812257409e-05,11254
M-2022-4,82,52,1,1.2561393812257409e-05,11255
M-2022-4,82,54,1,1.2561393812257409e-05,11256
M-2022-4,82,61,1,1.2561393812257409e-05,11257
M-2022-4,82,84,1,1.2561393812257409e-05,11258
M-2022-4,82,85,1,1.2561393812257409e-05,11259
M-2022-4,82,97,1,1.2561393812257409e-05,11260
M-2022-4,82,98,1,1.2561393812257409e-05,11261
M-2022-4,82,99,1,1.2561393812257409e-05,11262
M-2022-4,82,114,1,1.2561393812257409e-05,11263
M-2022-4,82,115,1,1.2561393812257409e-05,11264
M-2022-4,82,129,1,1.2561393812257409e-05,11265
M-2022-4,82,146,1,1.2561393812257409e-05,11266
M-2022-4,82,151,1,1.2561393812257409e-05,11267
M-2022-4,82,159,1,1.2561393812257409e-05,11268
M-2022-4,82,167,1,1.2561393812257409e-05,11269
M-2022-4,82,168,1,1.2561393812257409e-05,11270
M-2022-4,82,170,1,1.2561393812257409e-05,11271
M-2022-4,102,3,1,1.2517054486738181e-05,11272
M-2022-4,102,18,1,1.2517054486738181e-05,11273
M-2022-4,102,24,1,1.2517054486738181e-05,11274
M-2022-4,102,27,1,1.2517054486738181e-05,11275
M-2022-4,102,31,1,1.2517054486738181e-05,11276
M-2022-4,102,44,1,1.2517054486738181e-05,11277
M-2022-4,102,45,1,1.2517054486738181e-05,11278
M-2022-4,102,49,1,1.2517054486738181e-05,11279
M-2022-4,102,56,1,1.2517054486738181e-05,11280
M-2022-4,102,58,1,1.2517054486738181e-05,11281
M-2022-4,102,60,1,1.2517054486738181e-05,11282
M-2022-4,102,63,1,1.2517054486738181e-05,11283
M-2022-4,102,68,1,1.2517054486738181e-05,11284
M-2022-4,102,73,1,1.2517054486738181e-05,11285
M-2022-4,102,75,1,1.2517054486738181e-05,11286
M-2022-4,102,82,1,1.2517054486738181e-05,11287
M-2022-4,102,86,1,1.2517054486738181e-05,11288
M-2022-4,102,94,1,1.2517054486738181e-05,11289
M-2022-4,102,96,1,1.2517054486738181e-05,11290
M-2022-4,102,99,1,1.2517054486738181e-05,11291
M-2022-4,102,108,1,1.2517054486738181e-05,11292
M-2022-4,102,111,1,1.2517054486738181e-05,11293
M-2022-4,102,114,1,1.2517054486738181e-05,11294
M-2022-4,102,124,1,1.2517054486738181e-05,11295
M-2022-4,102,128,1,1.2517054486738181e-05,11296
M-2022-4,102,129,1,1.2517054486738181e-05,11297
M-2022-4,102,130,1,1.2517054486738181e-05,11298
M-2022-4,102,132,1,1.2517054486738181e-05,11299
M-2022-4,102,135,1,1.2517054486738181e-05,11300
M-2022-4,102,137,1,1.2517054486738181e-05,11301
M-2022-4,102,142,1,1.2517054486738181e-05,11302
M-2022-4,102,144,1,1.2517054486738181e-05,11303
M-2022-4,102,148,1,1.2517054486738181e-05,11304
M-2022-4,102,152,1,1.2517054486738181e-05,11305
M-2022-4,102,161,1,1.2517054486738181e-05,11306
M-2022-4,102,162,1,1.2517054486738181e-05,11307
M-2022-4,102,166,1,1.2517054486738181e-05,11308
M-2022-4,102,175,1,1.2517054486738181e-05,11309
M-2022-4,77,15,1,1.2205243372552848e-05,11310
M-2022-4,77,19,1,1.2205243372552848e-05,11311
M-2022-4,77,29,1,1.2205243372552848e-05,11312
M-2022-4,77,30,1,1.2205243372552848e-05,11313
M-2022-4,77,41,1,1.2205243372552848e-05,11314
M-2022-4,77,45,1,1.2205243372552848e-05,11315
M-2022-4,77,48,1,1.2205243372552848e-05,11316
M-2022-4,77,61,1,1.2205243372552848e-05,11317
M-2022-4,77,64,1,1.2205243372552848e-05,11318
M-2022-4,77,67,1,1.2205243372552848e-05,11319
M-2022-4,77,95,1,1.2205243372552848e-05,11320
M-2022-4,77,99,1,1.2205243372552848e-05,11321
M-2022-4,77,104,1,1.2205243372552848e-05,11322
M-2022-4,77,110,1,1.2205243372552848e-05,11323
M-2022-4,77,112,1,1.2205243372552848e-05,11324
M-2022-4,77,120,1,1.2205243372552848e-05,11325
M-2022-4,77,127,1,1.2205243372552848e-05,11326
M-2022-4,77,132,1,1.2205243372552848e-05,11327
M-2022-4,77,135,1,1.2205243372552848e-05,11328
M-2022-4,77,137,1,1.2205243372552848e-05,11329
M-2022-4,77,154,1,1.2205243372552848e-05,11330
M-2022-4,77,166,1,1.2205243372552848e-05,11331
M-2022-4,117,6,1,1.1773570688518414e-05,11332
M-2022-4,117,27,1,1.1773570688518414e-05,11333
M-2022-4,117,31,1,1.1773570688518414e-05,11334
M-2022-4,117,32,1,1.1773570688518414e-05,11335
M-2022-4,117,33,1,1.1773570688518414e-05,11336
M-2022-4,117,34,1,1.1773570688518414e-05,11337
M-2022-4,117,35,1,1.1773570688518414e-05,11338
M-2022-4,117,40,1,1.1773570688518414e-05,11339
M-2022-4,117,42,1,1.1773570688518414e-05,11340
M-2022-4,117,44,1,1.1773570688518414e-05,11341
M-2022-4,117,47,1,1.1773570688518414e-05,11342
M-2022-4,117,48,1,1.1773570688518414e-05,11343
M-2022-4,117,67,1,1.1773570688518414e-05,11344
M-2022-4,117,70,1,1.1773570688518414e-05,11345
M-2022-4,117,79,1,1.1773570688518414e-05,11346
M-2022-4,117,92,1,1.1773570688518414e-05,11347
M-2022-4,117,144,1,1.1773570688518414e-05,11348
M-2022-4,117,177,1,1.1773570688518414e-05,11349
M-2022-4,71,5,1,6.6930820304133645e-06,11350
M-2022-4,71,9,1,6.6930820304133645e-06,11351
M-2022-4,71,12,1,6.6930820304133645e-06,11352
M-2022-4,71,21,1,6.6930820304133645e-06,11353
M-2022-4,71,22,1,6.6930820304133645e-06,11354
M-2022-4,71,27,1,6.6930820304133645e-06,11355
M-2022-4,71,30,1,6.6930820304133645e-06,11356
M-2022-4,71,43,1,6.6930820304133645e-06,11357
M-2022-4,71,52,1,6.6930820304133645e-06,11358
M-2022-4,71,55,1,6.6930820304133645e-06,11359
M-2022-4,71,84,1,6.6930820304133645e-06,11360
M-2022-4,71,98,1,6.6930820304133645e-06,11361
M-2022-4,71,102,1,6.6930820304133645e-06,11362
M-2022-4,71,109,1,6.6930820304133645e-06,11363
M-2022-4,71,112,1,6.6930820304133645e-06,11364
M-2022-4,71,114,1,6.6930820304133645e-06,11365
M-2022-4,71,119,1,6.6930820304133645e-06,11366
M-2022-4,71,121,1,6.6930820304133645e-06,11367
M-2022-4,71,125,1,6.6930820304133645e-06,11368
M-2022-4,71,148,1,6.6930820304133645e-06,11369
M-2022-4,71,151,1,6.6930820304133645e-06,11370
M-2022-4,71,166,1,6.6930820304133645e-06,11371
M-2022-4,71,168,1,6.6930820304133645e-06,11372
