period,true_class,pred_class,confusion_count,confusion_rate,rank_in_period
M-2022-6,7,5,24,0.8,1
M-2022-6,6,5,1882,0.6806509945750452,2
M-2022-6,26,112,1867,0.6003215434083601,3
M-2022-6,56,96,3869,0.5078094238088988,4
M-2022-6,50,122,656,0.42377260981912146,5
M-2022-6,101,117,22021,0.397182692134264,6
M-2022-6,163,46,813,0.3899280575539568,7
M-2022-6,69,110,240,0.292326431181486,8
M-2022-6,54,149,1796,0.2621132516053707,9
M-2022-6,101,102,12737,0.22973143588911135,10
M-2022-6,104,115,440,0.22110552763819097,11
M-2022-6,123,68,538,0.20788253477588872,12
M-2022-6,33,25,30,0.18867924528301888,13
M-2022-6,54,29,1278,0.18651488616462347,14
M-2022-6,80,175,540,0.17751479289940827,15
M-2022-6,86,61,3997,0.17745515894157343,16
M-2022-6,67,13,394,0.17620751341681573,17
M-2022-6,159,46,436,0.17573559048770657,18
M-2022-6,56,165,1288,0.16905105656910355,19
M-2022-6,177,6,274,0.15911730545876887,20
M-2022-6,80,77,483,0.15877712031558186,21
M-2022-6,139,133,163,0.1423580786026201,22
M-2022-6,13,46,272,0.14027849406910778,23
M-2022-6,70,82,310,0.13901345291479822,24
M-2022-6,67,46,305,0.13640429338103757,25
M-2022-6,42,160,101,0.12609238451935081,26
M-2022-6,42,115,99,0.12359550561797752,27
M-2022-6,163,26,250,0.11990407673860912,28
M-2022-6,63,61,1283,0.11971633852757302,29
M-2022-6,32,153,339,0.1130376792264088,30
M-2022-6,168,110,562,0.11177406523468576,31
M-2022-6,9,25,188,0.10968494749124855,32
M-2022-6,135,136,335,0.10951291271657404,33
M-2022-6,74,175,599,0.1038848421782865,34
M-2022-6,137,171,152,0.10305084745762712,35
M-2022-6,171,115,570,0.10142348754448399,36
M-2022-6,74,77,576,0.09989594172736732,37
M-2022-6,173,95,316,0.09762125424776028,38
M-2022-6,150,130,198,0.09415121255349501,39
M-2022-6,14,129,754,0.0936064556176288,40
M-2022-6,63,60,981,0.0915368106746291,41
M-2022-6,167,14,29,0.08787878787878788,42
M-2022-6,137,86,127,0.08610169491525424,43
M-2022-6,121,14,154,0.08522412838959602,44
M-2022-6,115,133,1459,0.08459442221835682,45
M-2022-6,101,164,4657,0.08399617625308876,46
M-2022-6,56,118,637,0.08360677254232839,47
M-2022-6,50,127,129,0.08333333333333333,48
M-2022-6,167,138,27,0.08181818181818182,49
M-2022-6,139,68,91,0.0794759825327511,50
M-2022-6,67,153,177,0.07915921288014312,51
M-2022-6,139,61,89,0.0777292576419214,52
M-2022-6,70,75,173,0.07757847533632287,53
M-2022-6,93,131,2547,0.07721457588067665,54
M-2022-6,43,153,105,0.07703595011005136,55
M-2022-6,38,126,7,0.07692307692307693,56
M-2022-6,147,62,1,0.07692307692307693,57
M-2022-6,147,87,1,0.07692307692307693,58
M-2022-6,147,117,1,0.07692307692307693,59
M-2022-6,147,122,1,0.07692307692307693,60
M-2022-6,147,130,1,0.07692307692307693,61
M-2022-6,147,157,1,0.07692307692307693,62
M-2022-6,28,142,1335,0.07686107432782543,63
M-2022-6,9,122,129,0.07526254375729288,64
M-2022-6,16,153,106,0.07470049330514447,65
M-2022-6,104,116,146,0.07336683417085427,66
M-2022-6,79,77,1569,0.07323562359970127,67
M-2022-6,94,29,13,0.07103825136612021,68
M-2022-6,171,60,399,0.07099644128113879,69
M-2022-6,93,133,2337,0.0708482386466986,70
M-2022-6,76,82,680,0.06973643728848324,71
M-2022-6,148,133,439,0.06772601049058932,72
M-2022-6,154,14,138,0.0673828125,73
M-2022-6,159,13,165,0.06650544135429262,74
M-2022-6,105,168,113,0.06647058823529411,75
M-2022-6,119,120,135,0.06582155046318869,76
M-2022-6,94,117,12,0.06557377049180328,77
M-2022-6,14,153,525,0.06517690875232775,78
M-2022-6,141,140,143,0.06470588235294118,79
M-2022-6,154,155,132,0.064453125,80
M-2022-6,142,153,3218,0.06397614314115309,81
M-2022-6,111,153,177,0.06350914962325081,82
M-2022-6,105,110,107,0.06294117647058824,83
M-2022-6,33,123,10,0.06289308176100629,84
M-2022-6,33,166,10,0.06289308176100629,85
M-2022-6,88,12,21,0.06231454005934718,86
M-2022-6,88,63,21,0.06231454005934718,87
M-2022-6,132,131,1016,0.061475161856356264,88
M-2022-6,163,155,128,0.06139088729016787,89
M-2022-6,112,132,206,0.060838747784997045,90
M-2022-6,121,119,109,0.06032097399003874,91
M-2022-6,16,176,84,0.05919661733615222,92
M-2022-6,16,61,83,0.058491895701198025,93
M-2022-6,11,133,90,0.058365758754863814,94
M-2022-6,32,61,174,0.05801933977992664,95
M-2022-6,139,32,66,0.05764192139737991,96
M-2022-6,175,71,2586,0.05750756093221847,97
M-2022-6,160,115,124,0.05711653615845232,98
M-2022-6,104,133,113,0.05678391959798995,99
M-2022-6,33,104,9,0.05660377358490566,100
M-2022-6,165,56,311,0.05584485544981146,101
M-2022-6,162,115,16,0.05555555555555555,102
M-2022-6,122,117,3083,0.05543867220513927,103
M-2022-6,165,91,308,0.05530615909499012,104
M-2022-6,171,61,310,0.05516014234875445,105
M-2022-6,94,53,10,0.0546448087431694,106
M-2022-6,94,83,10,0.0546448087431694,107
M-2022-6,9,117,93,0.05425904317386231,108
M-2022-6,56,14,413,0.05420658879117995,109
M-2022-6,10,12,102,0.05382585751978892,110
M-2022-6,104,149,106,0.053266331658291456,111
M-2022-6,82,71,3577,0.05268351596559444,112
M-2022-6,61,86,717,0.05251593056471105,113
M-2022-6,79,175,1125,0.052511202389843165,114
M-2022-6,50,138,80,0.05167958656330749,115
M-2022-6,120,119,107,0.051566265060240965,116
M-2022-6,143,153,220,0.05127010020974132,117
M-2022-6,92,65,41,0.050742574257425746,118
M-2022-6,35,41,158,0.05068976580044915,119
M-2022-6,141,61,112,0.05067873303167421,120
M-2022-6,128,14,165,0.05028954587016154,121
M-2022-6,61,60,684,0.05009887936717205,122
M-2022-6,41,153,115,0.05008710801393728,123
M-2022-6,56,170,380,0.04987531172069826,124
M-2022-6,94,155,9,0.04918032786885246,125
M-2022-6,169,146,149,0.04856584093872229,126
M-2022-6,150,96,102,0.04850213980028531,127
M-2022-6,110,168,371,0.04832616907646216,128
M-2022-6,121,120,87,0.04814609850581074,129
M-2022-6,137,60,71,0.04813559322033898,130
M-2022-6,164,117,119,0.04804198627371821,131
M-2022-6,150,101,101,0.048026628625772706,132
M-2022-6,72,71,787,0.04727578542680363,133
M-2022-6,70,71,105,0.04708520179372197,134
M-2022-6,36,166,31,0.04606240713224369,135
M-2022-6,22,19,33,0.04576976421636616,136
M-2022-6,174,117,139,0.04414099714194983,137
M-2022-6,33,160,7,0.0440251572327044,138
M-2022-6,38,156,4,0.04395604395604396,139
M-2022-6,138,149,1762,0.043882150773292154,140
M-2022-6,14,63,353,0.043823711980136563,141
M-2022-6,154,63,89,0.04345703125,142
M-2022-6,50,100,67,0.043281653746770024,143
M-2022-6,139,156,49,0.04279475982532751,144
M-2022-6,164,149,106,0.04279370205894227,145
M-2022-6,80,72,130,0.042735042735042736,146
M-2022-6,80,79,129,0.04240631163708087,147
M-2022-6,16,155,60,0.042283298097251586,148
M-2022-6,142,75,2121,0.04216699801192843,149
M-2022-6,80,71,126,0.04142011834319527,150
M-2022-6,93,136,1349,0.040896137755411385,151
M-2022-6,72,77,680,0.040848200877034904,152
M-2022-6,92,107,33,0.04084158415841584,153
M-2022-6,137,63,60,0.04067796610169491,154
M-2022-6,75,71,1037,0.04055216643203504,155
M-2022-6,64,168,112,0.040345821325648415,156
M-2022-6,150,117,83,0.03946742748454589,157
M-2022-6,118,25,138,0.03892806770098731,158
M-2022-6,101,94,2154,0.03885071154158325,159
M-2022-6,13,159,75,0.038679731820526045,160
M-2022-6,27,51,336,0.03845713631681355,161
M-2022-6,94,27,7,0.03825136612021858,162
M-2022-6,94,172,7,0.03825136612021858,163
M-2022-6,162,104,11,0.03819444444444445,164
M-2022-6,159,49,94,0.03788794840790004,165
M-2022-6,2,117,283,0.03770819453697535,166
M-2022-6,29,149,1084,0.03764019584013334,167
M-2022-6,13,49,72,0.037132542547705004,168
M-2022-6,67,159,83,0.03711985688729875,169
M-2022-6,76,175,361,0.03702184391344478,170
M-2022-6,74,71,211,0.03659382587582379,171
M-2022-6,142,140,1818,0.03614314115308151,172
M-2022-6,72,82,597,0.035862317534690935,173
M-2022-6,159,67,88,0.0354695687222894,174
M-2022-6,170,117,92,0.035235541937954806,175
M-2022-6,117,122,2626,0.035174667809687095,176
M-2022-6,163,61,73,0.03501199040767386,177
M-2022-6,139,153,40,0.034934497816593885,178
M-2022-6,162,105,10,0.034722222222222224,179
M-2022-6,92,3,28,0.034653465346534656,180
M-2022-6,43,41,47,0.034482758620689655,181
M-2022-6,66,143,186,0.03426045312212194,182
M-2022-6,143,133,147,0.03425774877650897,183
M-2022-6,70,124,76,0.034080717488789235,184
M-2022-6,135,93,104,0.03399803857469761,185
M-2022-6,80,82,103,0.03385930309007232,186
M-2022-6,127,149,208,0.03367330419297394,187
M-2022-6,74,79,194,0.03364550815123136,188
M-2022-6,175,77,1509,0.033557196228429106,189
M-2022-6,7,14,1,0.03333333333333333,190
M-2022-6,7,175,1,0.03333333333333333,191
M-2022-6,154,61,68,0.033203125,192
M-2022-6,86,63,746,0.03312022731308826,193
M-2022-6,38,104,3,0.03296703296703297,194
M-2022-6,94,170,6,0.03278688524590164,195
M-2022-6,172,117,220,0.032679738562091505,196
M-2022-6,88,29,11,0.032640949554896145,197
M-2022-6,16,60,46,0.03241719520789288,198
M-2022-6,132,136,529,0.03200822895867369,199
M-2022-6,8,28,55,0.03175519630484989,200
M-2022-6,77,75,2226,0.03172250644853287,201
M-2022-6,163,143,66,0.031654676258992806,202
M-2022-6,77,175,2210,0.031494492026620684,203
M-2022-6,160,42,68,0.03132197144173192,204
M-2022-6,149,117,1680,0.03125755856140808,205
M-2022-6,122,114,1724,0.031001060941180703,206
M-2022-6,175,79,1393,0.03097758405977584,207
M-2022-6,141,68,68,0.03076923076923077,208
M-2022-6,14,61,247,0.030664183736809434,209
M-2022-6,64,110,85,0.030619596541786743,210
M-2022-6,111,143,85,0.030498744169357734,211
M-2022-6,141,71,67,0.030316742081447964,212
M-2022-6,65,176,99,0.030312308634415187,213
M-2022-6,16,14,43,0.030303030303030304,214
M-2022-6,91,83,126,0.029709974062721058,215
M-2022-6,88,125,10,0.02967359050445104,216
M-2022-6,12,10,89,0.029587765957446808,217
M-2022-6,32,86,88,0.029343114371457153,218
M-2022-6,74,75,169,0.029309746791536594,219
M-2022-6,111,142,81,0.02906350914962325,220
M-2022-6,157,117,40,0.028901734104046242,221
M-2022-6,139,49,33,0.028820960698689956,222
M-2022-6,79,75,616,0.02875280059746079,223
M-2022-6,66,133,156,0.02873457358629582,224
M-2022-6,129,153,888,0.028498989056131456,225
M-2022-6,46,13,194,0.028296382730455077,226
M-2022-6,159,136,70,0.028214429665457477,227
M-2022-6,63,86,300,0.027992908463189324,228
M-2022-6,22,155,20,0.027739251040221916,229
M-2022-6,104,105,55,0.02763819095477387,230
M-2022-6,16,154,39,0.02748414376321353,231
M-2022-6,157,153,38,0.02745664739884393,232
M-2022-6,40,75,41,0.027406417112299464,233
M-2022-6,89,155,23,0.027283511269276393,234
M-2022-6,167,149,9,0.02727272727272727,235
M-2022-6,111,140,76,0.02726946537495515,236
M-2022-6,139,86,31,0.027074235807860263,237
M-2022-6,2,153,203,0.027048634243837442,238
M-2022-6,111,51,75,0.02691065662002153,239
M-2022-6,163,140,56,0.02685851318944844,240
M-2022-6,39,61,228,0.02684247704261832,241
M-2022-6,88,155,9,0.026706231454005934,242
M-2022-6,136,93,575,0.026705680182063072,243
M-2022-6,164,96,66,0.026645135244247074,244
M-2022-6,67,156,59,0.026386404293381037,245
M-2022-6,56,167,201,0.026381414883843025,246
M-2022-6,72,175,438,0.026311047035501894,247
M-2022-6,109,65,50,0.02627430373095113,248
M-2022-6,153,140,1829,0.026169320799530698,249
M-2022-6,76,77,250,0.025638396061942365,250
M-2022-6,71,175,3555,0.025531456478023556,251
M-2022-6,46,159,174,0.025379229871645273,252
M-2022-6,104,69,50,0.02512562814070352,253
M-2022-6,77,71,1761,0.025095837311709966,254
M-2022-6,22,153,18,0.024965325936199722,255
M-2022-6,20,142,37,0.024749163879598662,256
M-2022-6,82,175,1679,0.0247289972899729,257
M-2022-6,56,176,188,0.024675154219713873,258
M-2022-6,66,32,132,0.024313869957634925,259
M-2022-6,148,131,157,0.0242209194692996,260
M-2022-6,45,144,65,0.024145616641901933,261
M-2022-6,111,129,67,0.024040186580552566,262
M-2022-6,128,61,78,0.023773239865894545,263
M-2022-6,176,140,67,0.02375886524822695,264
M-2022-6,88,11,8,0.02373887240356083,265
M-2022-6,88,115,8,0.02373887240356083,266
M-2022-6,89,61,20,0.02372479240806643,267
M-2022-6,15,117,21,0.02364864864864865,268
M-2022-6,155,14,180,0.023634453781512604,269
M-2022-6,60,61,572,0.02361587052557698,270
M-2022-6,0,25,32,0.02359882005899705,271
M-2022-6,139,140,27,0.023580786026200874,272
M-2022-6,149,138,1262,0.023480380300295832,273
M-2022-6,119,87,48,0.02340321794246709,274
M-2022-6,76,74,228,0.023382217208491436,275
M-2022-6,111,172,65,0.023322569070685324,276
M-2022-6,16,63,33,0.023255813953488372,277
M-2022-6,121,51,42,0.02324294410625346,278
M-2022-6,104,49,46,0.023115577889447236,279
M-2022-6,71,82,3218,0.02311117494972709,280
M-2022-6,37,166,21,0.023026315789473683,281
M-2022-6,14,71,185,0.022967101179391682,282
M-2022-6,111,124,64,0.022963760315751706,283
M-2022-6,175,140,1028,0.022860700942892723,284
M-2022-6,66,139,124,0.022840302081414625,285
M-2022-6,67,68,51,0.022808586762075134,286
M-2022-6,174,2,71,0.02254684026675135,287
M-2022-6,79,71,481,0.022451456310679612,288
M-2022-6,36,60,15,0.022288261515601784,289
M-2022-6,12,28,67,0.022273936170212765,290
M-2022-6,135,25,68,0.022229486760379207,291
M-2022-6,56,90,169,0.02218138863367896,292
M-2022-6,159,29,55,0.022168480451430876,293
M-2022-6,10,138,42,0.02216358839050132,294
M-2022-6,121,115,40,0.02213613724405091,295
M-2022-6,160,157,48,0.022109626900046062,296
M-2022-6,40,140,33,0.022058823529411766,297
M-2022-6,32,25,66,0.022007335778592863,298
M-2022-6,38,61,2,0.02197802197802198,299
M-2022-6,38,93,2,0.02197802197802198,300
M-2022-6,38,122,2,0.02197802197802198,301
M-2022-6,38,125,2,0.02197802197802198,302
M-2022-6,94,154,4,0.02185792349726776,303
M-2022-6,94,163,4,0.02185792349726776,304
M-2022-6,109,107,41,0.021544929059379925,305
M-2022-6,143,149,92,0.021440223724073643,306
M-2022-6,141,155,47,0.021266968325791856,307
M-2022-6,167,25,7,0.021212121212121213,308
M-2022-6,167,124,7,0.021212121212121213,309
M-2022-6,32,66,63,0.02100700233411137,310
M-2022-6,144,86,76,0.020988677161005248,311
M-2022-6,162,28,6,0.020833333333333332,312
M-2022-6,162,151,6,0.020833333333333332,313
M-2022-6,71,75,2894,0.020784257397299628,314
M-2022-6,88,149,7,0.020771513353115726,315
M-2022-6,28,117,358,0.020611434164315736,316
M-2022-6,67,25,46,0.020572450805008944,317
M-2022-6,13,29,39,0.020113460546673543,318
M-2022-6,111,17,56,0.020093290276282743,319
M-2022-6,158,140,287,0.019986072423398327,320
M-2022-6,141,156,44,0.019909502262443438,321
M-2022-6,168,105,100,0.01988862370723946,322
M-2022-6,2,23,149,0.019853431045969355,323
M-2022-6,16,140,28,0.019732205778717406,324
M-2022-6,163,13,41,0.019664268585131893,325
M-2022-6,163,142,41,0.019664268585131893,326
M-2022-6,103,117,48,0.019639934533551555,327
M-2022-6,104,117,39,0.019597989949748745,328
M-2022-6,168,64,98,0.01949085123309467,329
M-2022-6,11,153,30,0.019455252918287938,330
M-2022-6,111,130,54,0.0193756727664155,331
M-2022-6,126,153,37,0.019121447028423774,332
M-2022-6,13,26,37,0.019082001031459517,333
M-2022-6,16,127,27,0.019027484143763214,334
M-2022-6,32,63,57,0.019006335445148383,335
M-2022-6,32,156,57,0.019006335445148383,336
M-2022-6,140,153,1267,0.018986108821722386,337
M-2022-6,159,133,47,0.01894397420395002,338
M-2022-6,77,79,1325,0.018882444314602898,339
M-2022-6,33,122,3,0.018867924528301886,340
M-2022-6,33,142,3,0.018867924528301886,341
M-2022-6,33,156,3,0.018867924528301886,342
M-2022-6,33,162,3,0.018867924528301886,343
M-2022-6,33,163,3,0.018867924528301886,344
M-2022-6,163,159,39,0.01870503597122302,345
M-2022-6,52,153,33,0.018665158371040724,346
M-2022-6,104,162,37,0.0185929648241206,347
M-2022-6,13,61,36,0.018566271273852502,348
M-2022-6,115,86,319,0.01849597031367774,349
M-2022-6,0,166,25,0.018436578171091445,350
M-2022-6,32,139,55,0.01833944648216072,351
M-2022-6,16,149,26,0.018322762508809022,352
M-2022-6,29,117,526,0.01826452307371784,353
M-2022-6,154,153,37,0.01806640625,354
M-2022-6,22,156,13,0.018030513176144243,355
M-2022-6,15,151,16,0.018018018018018018,356
M-2022-6,19,18,348,0.018012422360248446,357
M-2022-6,99,117,427,0.017969111644152675,358
M-2022-6,78,175,876,0.017889233785329195,359
M-2022-6,120,14,37,0.01783132530120482,360
M-2022-6,36,69,12,0.017830609212481426,361
M-2022-6,140,142,1187,0.0177873016348733,362
M-2022-6,60,63,430,0.017753189381115562,363
M-2022-6,112,46,60,0.01772002362669817,364
M-2022-6,68,156,80,0.0176444640494045,365
M-2022-6,28,49,306,0.017617594565029652,366
M-2022-6,66,115,95,0.017498618530116042,367
M-2022-6,143,46,75,0.017478443253320906,368
M-2022-6,139,141,20,0.017467248908296942,369
M-2022-6,53,117,143,0.0174496644295302,370
M-2022-6,67,142,39,0.01744186046511628,371
M-2022-6,138,117,698,0.017383508081587926,372
M-2022-6,101,100,963,0.017369189978897245,373
M-2022-6,101,149,963,0.017369189978897245,374
M-2022-6,164,138,43,0.017359709325797335,375
M-2022-6,117,149,1291,0.017292648949849977,376
M-2022-6,149,29,926,0.017228868588014215,377
M-2022-6,131,133,645,0.017146047105109256,378
M-2022-6,140,75,1143,0.017127957682106305,379
M-2022-6,78,140,838,0.0171132167946414,380
M-2022-6,151,153,36,0.017077798861480076,381
M-2022-6,155,139,130,0.017069327731092435,382
M-2022-6,26,116,53,0.017041800643086816,383
M-2022-6,78,71,833,0.01701110929586669,384
M-2022-6,123,25,44,0.017001545595054096,385
M-2022-6,9,115,29,0.01691948658109685,386
M-2022-6,15,171,15,0.016891891891891893,387
M-2022-6,101,97,936,0.016882203343974892,388
M-2022-6,43,61,23,0.016874541452677916,389
M-2022-6,50,12,26,0.016795865633074936,390
M-2022-6,66,61,91,0.016761834592005895,391
M-2022-6,14,86,135,0.01675977653631285,392
M-2022-6,8,153,29,0.01674364896073903,393
M-2022-6,14,155,134,0.016635630043451272,394
M-2022-6,151,124,35,0.016603415559772294,395
M-2022-6,154,60,34,0.0166015625,396
M-2022-6,154,86,34,0.0166015625,397
M-2022-6,139,66,19,0.016593886462882096,398
M-2022-6,104,2,33,0.016582914572864323,399
M-2022-6,49,75,518,0.016553222765474707,400
M-2022-6,41,43,38,0.016550522648083623,401
M-2022-6,105,104,28,0.01647058823529412,402
M-2022-6,105,115,28,0.01647058823529412,403
M-2022-6,52,133,29,0.016402714932126698,404
M-2022-6,94,51,3,0.01639344262295082,405
M-2022-6,106,107,48,0.016359918200409,406
M-2022-6,36,25,11,0.01634472511144131,407
M-2022-6,141,139,36,0.016289592760180997,408
M-2022-6,151,156,34,0.016129032258064516,409
M-2022-6,92,61,13,0.01608910891089109,410
M-2022-6,20,24,24,0.016053511705685617,411
M-2022-6,171,63,90,0.01601423487544484,412
M-2022-6,165,53,89,0.01598132519303286,413
M-2022-6,86,60,359,0.015938554430829338,414
M-2022-6,157,38,22,0.015895953757225433,415
M-2022-6,163,153,33,0.015827338129496403,416
M-2022-6,111,16,44,0.015787585217079295,417
M-2022-6,80,74,48,0.015779092702169626,418
M-2022-6,175,75,709,0.015766767479096246,419
M-2022-6,155,61,120,0.015756302521008403,420
M-2022-6,119,124,32,0.015602145294978059,421
M-2022-6,45,105,42,0.015601783060921248,422
M-2022-6,101,138,863,0.015565535775481124,423
M-2022-6,16,143,22,0.015503875968992248,424
M-2022-6,16,175,22,0.015503875968992248,425
M-2022-6,155,153,118,0.015493697478991597,426
M-2022-6,141,63,34,0.015384615384615385,427
M-2022-6,141,86,34,0.015384615384615385,428
M-2022-6,10,156,29,0.015303430079155673,429
M-2022-6,105,93,26,0.015294117647058824,430
M-2022-6,22,77,11,0.015256588072122053,431
M-2022-6,67,140,34,0.01520572450805009,432
M-2022-6,167,50,5,0.015151515151515152,433
M-2022-6,167,87,5,0.015151515151515152,434
M-2022-6,171,86,85,0.015124555160142349,435
M-2022-6,42,168,12,0.0149812734082397,436
M-2022-6,83,155,360,0.014970059880239521,437
M-2022-6,97,96,625,0.01488626890556151,438
M-2022-6,46,67,102,0.014877479579929988,439
M-2022-6,139,51,17,0.014847161572052401,440
M-2022-6,88,86,5,0.01483679525222552,441
M-2022-6,16,86,21,0.014799154334038054,442
M-2022-6,2,129,111,0.014790139906728847,443
M-2022-6,111,166,41,0.014711158952278435,444
M-2022-6,105,25,25,0.014705882352941176,445
M-2022-6,32,133,44,0.014671557185728577,446
M-2022-6,69,104,12,0.014616321559074299,447
M-2022-6,132,133,240,0.014521691777092031,448
M-2022-6,45,64,39,0.01448736998514116,449
M-2022-6,141,153,32,0.014479638009049774,450
M-2022-6,155,133,110,0.01444327731092437,451
M-2022-6,97,153,606,0.01443372633083244,452
M-2022-6,74,76,83,0.01439472771418661,453
M-2022-6,121,99,26,0.014388489208633094,454
M-2022-6,54,117,98,0.014302393461762989,455
M-2022-6,54,138,98,0.014302393461762989,456
M-2022-6,14,171,115,0.014276846679081317,457
M-2022-6,93,134,470,0.014248469047474687,458
M-2022-6,89,26,12,0.014234875444839857,459
M-2022-6,29,133,409,0.014201882009792006,460
M-2022-6,176,155,40,0.014184397163120567,461
M-2022-6,166,25,33,0.014163090128755365,462
M-2022-6,52,129,25,0.01414027149321267,463
M-2022-6,2,122,106,0.014123917388407728,464
M-2022-6,16,18,20,0.014094432699083862,465
M-2022-6,16,156,20,0.014094432699083862,466
M-2022-6,29,125,404,0.014028264870307996,467
M-2022-6,46,49,96,0.014002333722287048,468
M-2022-6,9,166,24,0.014002333722287048,469
M-2022-6,139,143,16,0.013973799126637555,470
M-2022-6,75,82,357,0.013960581886438292,471
M-2022-6,82,75,945,0.013918345705196183,472
M-2022-6,163,75,29,0.013908872901678656,473
M-2022-6,162,42,4,0.013888888888888888,474
M-2022-6,162,61,4,0.013888888888888888,475
M-2022-6,162,93,4,0.013888888888888888,476
M-2022-6,8,124,24,0.013856812933025405,477
M-2022-6,121,124,25,0.01383508577753182,478
M-2022-6,175,82,613,0.013631916029176303,479
M-2022-6,112,49,46,0.013585351447135264,480
M-2022-6,104,60,27,0.013567839195979899,481
M-2022-6,104,168,27,0.013567839195979899,482
M-2022-6,86,62,305,0.013541111703072279,483
M-2022-6,15,60,12,0.013513513513513514,484
M-2022-6,120,51,28,0.013493975903614458,485
M-2022-6,176,61,38,0.01347517730496454,486
M-2022-6,70,49,30,0.013452914798206279,487
M-2022-6,66,49,73,0.013446306870510223,488
M-2022-6,156,142,402,0.013444816053511706,489
M-2022-6,82,77,911,0.013417579827972193,490
M-2022-6,16,23,19,0.013389711064129669,491
M-2022-6,20,19,20,0.013377926421404682,492
M-2022-6,45,117,36,0.01337295690936107,493
M-2022-6,36,104,9,0.01337295690936107,494
M-2022-6,160,117,29,0.013357899585444496,495
M-2022-6,112,138,45,0.013290017720023627,496
M-2022-6,14,117,107,0.013283674736188703,497
M-2022-6,96,97,684,0.013283616872523888,498
M-2022-6,111,156,37,0.013275923932543954,499
M-2022-6,0,82,18,0.01327433628318584,500
M-2022-6,44,93,42,0.01322418136020151,501
M-2022-6,14,133,106,0.013159528243327126,502
M-2022-6,141,142,29,0.013122171945701358,503
M-2022-6,176,14,37,0.013120567375886525,504
M-2022-6,139,63,15,0.013100436681222707,505
M-2022-6,136,135,281,0.013050949793321259,506
M-2022-6,96,117,672,0.013050570962479609,507
M-2022-6,143,13,56,0.013050570962479609,508
M-2022-6,143,132,56,0.013050570962479609,509
M-2022-6,32,171,39,0.01300433477825942,510
M-2022-6,155,83,99,0.012998949579831933,511
M-2022-6,115,25,224,0.012987765988287818,512
M-2022-6,71,77,1796,0.012898592358517667,513
M-2022-6,74,72,74,0.012833853624696497,514
M-2022-6,80,75,39,0.01282051282051282,515
M-2022-6,61,62,175,0.012817695744525013,516
M-2022-6,143,49,55,0.01281752505243533,517
M-2022-6,40,78,19,0.01270053475935829,518
M-2022-6,154,156,26,0.0126953125,519
M-2022-6,16,71,18,0.012684989429175475,520
M-2022-6,16,170,18,0.012684989429175475,521
M-2022-6,32,49,38,0.012670890296765588,522
M-2022-6,12,138,38,0.012632978723404254,523
M-2022-6,41,35,29,0.012630662020905924,524
M-2022-6,124,117,402,0.012619682938314237,525
M-2022-6,33,68,2,0.012578616352201259,526
M-2022-6,33,115,2,0.012578616352201259,527
M-2022-6,33,137,2,0.012578616352201259,528
M-2022-6,111,107,35,0.012558306422676713,529
M-2022-6,70,72,28,0.012556053811659192,530
M-2022-6,160,105,27,0.01243666513127591,531
M-2022-6,117,156,926,0.012403557651093014,532
M-2022-6,68,155,56,0.012351124834583149,533
M-2022-6,103,102,30,0.012274959083469721,534
M-2022-6,154,176,25,0.01220703125,535
M-2022-6,111,25,34,0.012199497667743094,536
M-2022-6,111,176,34,0.012199497667743094,537
M-2022-6,69,68,10,0.012180267965895249,538
M-2022-6,167,96,4,0.012121212121212121,539
M-2022-6,135,156,37,0.012095456031382805,540
M-2022-6,116,117,43,0.01208883890919314,541
M-2022-6,14,176,97,0.012042209807572936,542
M-2022-6,16,142,17,0.011980267794221282,543
M-2022-6,160,175,26,0.011976047904191617,544
M-2022-6,126,60,23,0.011886304909560724,545
M-2022-6,88,10,4,0.011869436201780416,546
M-2022-6,13,133,23,0.01186178442496132,547
M-2022-6,80,76,36,0.011834319526627219,548
M-2022-6,5,6,21,0.011811023622047244,549
M-2022-6,120,121,24,0.011566265060240964,550
M-2022-6,104,123,23,0.011557788944723618,551
M-2022-6,39,125,98,0.011537555921827172,552
M-2022-6,111,117,32,0.011481880157875853,553
M-2022-6,111,149,32,0.011481880157875853,554
M-2022-6,24,153,84,0.01142080217539089,555
M-2022-6,66,153,62,0.011420151040707312,556
M-2022-6,62,86,136,0.011417058428475487,557
M-2022-6,145,144,15,0.011389521640091117,558
M-2022-6,126,86,22,0.011369509043927648,559
M-2022-6,40,71,17,0.011363636363636364,560
M-2022-6,139,111,13,0.011353711790393014,561
M-2022-6,176,91,32,0.011347517730496455,562
M-2022-6,32,71,34,0.011337112370790263,563
M-2022-6,15,153,10,0.01126126126126126,564
M-2022-6,5,14,20,0.01124859392575928,565
M-2022-6,154,171,23,0.01123046875,566
M-2022-6,132,93,185,0.011193804078175107,567
M-2022-6,72,75,186,0.0111731843575419,568
M-2022-6,101,3,618,0.011146582977111628,569
M-2022-6,46,68,76,0.011085180863477246,570
M-2022-6,2,133,83,0.01105929380413058,571
M-2022-6,160,25,24,0.011054813450023031,572
M-2022-6,29,138,317,0.011007326643286226,573
M-2022-6,32,129,33,0.011003667889296432,574
M-2022-6,38,34,1,0.01098901098901099,575
M-2022-6,38,49,1,0.01098901098901099,576
M-2022-6,38,60,1,0.01098901098901099,577
M-2022-6,38,63,1,0.01098901098901099,578
M-2022-6,38,66,1,0.01098901098901099,579
M-2022-6,38,68,1,0.01098901098901099,580
M-2022-6,38,99,1,0.01098901098901099,581
M-2022-6,38,129,1,0.01098901098901099,582
M-2022-6,38,175,1,0.01098901098901099,583
M-2022-6,94,14,2,0.01092896174863388,584
M-2022-6,94,91,2,0.01092896174863388,585
M-2022-6,94,101,2,0.01092896174863388,586
M-2022-6,94,138,2,0.01092896174863388,587
M-2022-6,115,136,187,0.010842465356293848,588
M-2022-6,13,138,21,0.010830324909747292,589
M-2022-6,29,54,311,0.010798986075905414,590
M-2022-6,2,156,81,0.010792804796802133,591
M-2022-6,156,25,321,0.010735785953177257,592
M-2022-6,119,121,22,0.010726474890297415,593
M-2022-6,66,68,58,0.010683367102597163,594
M-2022-6,12,115,32,0.010638297872340425,595
M-2022-6,112,171,36,0.010632014176018901,596
M-2022-6,120,124,22,0.010602409638554217,597
M-2022-6,16,158,15,0.010570824524312896,598
M-2022-6,140,19,701,0.010504547974765108,599
M-2022-6,164,124,26,0.010496568429551878,600
M-2022-6,139,155,12,0.010480349344978166,601
M-2022-6,28,172,182,0.010478438597501295,602
M-2022-6,130,83,71,0.010478158205430932,603
M-2022-6,64,105,29,0.010446685878962535,604
M-2022-6,162,43,3,0.010416666666666666,605
M-2022-6,162,117,3,0.010416666666666666,606
M-2022-6,162,138,3,0.010416666666666666,607
M-2022-6,162,149,3,0.010416666666666666,608
M-2022-6,162,156,3,0.010416666666666666,609
M-2022-6,162,175,3,0.010416666666666666,610
M-2022-6,141,133,23,0.010407239819004524,611
M-2022-6,111,65,29,0.010405453893074991,612
M-2022-6,111,155,29,0.010405453893074991,613
M-2022-6,11,61,16,0.010376134889753566,614
M-2022-6,170,17,27,0.010340865568747606,615
M-2022-6,13,136,20,0.010314595152140279,616
M-2022-6,176,156,29,0.01028368794326241,617
M-2022-6,76,71,100,0.010255358424776945,618
M-2022-6,96,101,527,0.010234599549444574,619
M-2022-6,79,82,219,0.01022218073188947,620
M-2022-6,158,142,146,0.010167130919220056,621
M-2022-6,158,153,146,0.010167130919220056,622
M-2022-6,132,134,168,0.010165184243964422,623
M-2022-6,15,141,9,0.010135135135135136,624
M-2022-6,5,177,18,0.010123734533183352,625
M-2022-6,157,149,14,0.010115606936416185,626
M-2022-6,157,156,14,0.010115606936416185,627
M-2022-6,155,68,77,0.01011029411764706,628
M-2022-6,124,122,321,0.010076911002982263,629
M-2022-6,104,28,20,0.010050251256281407,630
M-2022-6,104,110,20,0.010050251256281407,631
M-2022-6,32,51,30,0.010003334444814937,632
M-2022-6,32,170,30,0.010003334444814937,633
M-2022-6,105,64,17,0.01,634
M-2022-6,42,105,8,0.009987515605493134,635
M-2022-6,155,156,76,0.009978991596638655,636
M-2022-6,12,61,30,0.00997340425531915,637
M-2022-6,26,136,31,0.009967845659163987,638
M-2022-6,117,96,744,0.009965709387055294,639
M-2022-6,151,51,21,0.009962049335863378,640
M-2022-6,121,2,18,0.00996126175982291,641
M-2022-6,170,124,26,0.00995787054768288,642
M-2022-6,68,153,45,0.009925011027790032,643
M-2022-6,126,93,19,0.009819121447028423,644
M-2022-6,8,117,17,0.009815242494226328,645
M-2022-6,154,125,20,0.009765625,646
M-2022-6,22,140,7,0.009708737864077669,647
M-2022-6,96,68,499,0.009690825759341257,648
M-2022-6,120,99,20,0.00963855421686747,649
M-2022-6,52,19,17,0.009615384615384616,650
M-2022-6,52,139,17,0.009615384615384616,651
M-2022-6,139,46,11,0.00960698689956332,652
M-2022-6,56,150,73,0.00958130988318677,653
M-2022-6,66,129,52,0.00957819119543194,654
M-2022-6,143,156,41,0.009554882311815428,655
M-2022-6,104,122,19,0.009547738693467337,656
M-2022-6,141,171,21,0.009502262443438913,657
M-2022-6,60,86,230,0.009495891994550183,658
M-2022-6,84,155,16,0.009489916963226572,659
M-2022-6,89,29,8,0.009489916963226572,660
M-2022-6,89,115,8,0.009489916963226572,661
M-2022-6,89,138,8,0.009489916963226572,662
M-2022-6,89,175,8,0.009489916963226572,663
M-2022-6,112,61,32,0.009450679267572357,664
M-2022-6,66,140,51,0.009393995210904402,665
M-2022-6,157,25,13,0.00939306358381503,666
M-2022-6,74,82,54,0.009365244536940686,667
M-2022-6,9,50,16,0.009334889148191364,668
M-2022-6,9,156,16,0.009334889148191364,669
M-2022-6,111,21,26,0.009329027628274129,670
M-2022-6,111,83,26,0.009329027628274129,671
M-2022-6,111,109,26,0.009329027628274129,672
M-2022-6,26,155,29,0.00932475884244373,673
M-2022-6,108,142,110,0.009305473310210642,674
M-2022-6,164,100,23,0.009285425918449738,675
M-2022-6,159,54,23,0.009270455461507456,676
M-2022-6,28,153,161,0.0092693879900973,677
M-2022-6,110,64,71,0.009248404324605965,678
M-2022-6,8,151,16,0.009237875288683603,679
M-2022-6,170,18,24,0.009191880505553428,680
M-2022-6,170,155,24,0.009191880505553428,681
M-2022-6,65,109,30,0.009185548071034905,682
M-2022-6,97,138,383,0.009122305585328094,683
M-2022-6,163,77,19,0.009112709832134292,684
M-2022-6,167,117,3,0.00909090909090909,685
M-2022-6,167,122,3,0.00909090909090909,686
M-2022-6,167,130,3,0.00909090909090909,687
M-2022-6,167,133,3,0.00909090909090909,688
M-2022-6,11,88,14,0.009079118028534372,689
M-2022-6,11,93,14,0.009079118028534372,690
M-2022-6,2,124,68,0.009060626249167222,691
M-2022-6,97,117,380,0.009050851494581399,692
M-2022-6,141,75,20,0.00904977375565611,693
M-2022-6,52,156,16,0.00904977375565611,694
M-2022-6,118,90,32,0.009026798307475317,695
M-2022-6,111,77,25,0.00897021887334051,696
M-2022-6,155,51,68,0.008928571428571428,697
M-2022-6,36,105,6,0.008915304606240713,698
M-2022-6,88,50,3,0.008902077151335312,699
M-2022-6,88,93,3,0.008902077151335312,700
M-2022-6,88,104,3,0.008902077151335312,701
M-2022-6,88,105,3,0.008902077151335312,702
M-2022-6,125,29,36,0.008888888888888889,703
M-2022-6,164,122,22,0.008881711748082357,704
M-2022-6,65,53,29,0.008879363135333742,705
M-2022-6,28,59,153,0.008808797282514826,706
M-2022-6,43,86,12,0.00880410858400587,707
M-2022-6,154,18,18,0.0087890625,708
M-2022-6,119,137,18,0.008776206728425159,709
M-2022-6,37,160,8,0.008771929824561403,710
M-2022-6,13,86,17,0.008767405879319236,711
M-2022-6,160,135,19,0.008751727314601566,712
M-2022-6,9,96,15,0.008751458576429404,713
M-2022-6,9,159,15,0.008751458576429404,714
M-2022-6,152,117,7,0.00875,715
M-2022-6,130,156,59,0.00870720188902007,716
M-2022-6,20,21,13,0.008695652173913044,717
M-2022-6,26,13,27,0.008681672025723473,718
M-2022-6,157,2,12,0.008670520231213872,719
M-2022-6,157,61,12,0.008670520231213872,720
M-2022-6,32,18,26,0.008669556518839614,721
M-2022-6,32,158,26,0.008669556518839614,722
M-2022-6,35,18,27,0.008662175168431183,723
M-2022-6,141,51,19,0.008597285067873304,724
M-2022-6,141,82,19,0.008597285067873304,725
M-2022-6,117,102,641,0.008586048006858122,726
M-2022-6,45,69,23,0.008543833580980683,727
M-2022-6,69,112,7,0.008526187576126675,728
M-2022-6,70,77,19,0.008520179372197309,729
M-2022-6,123,51,22,0.008500772797527048,730
M-2022-6,46,86,58,0.008459743290548424,731
M-2022-6,46,133,58,0.008459743290548424,732
M-2022-6,16,129,12,0.008456659619450317,733
M-2022-6,138,54,339,0.008442706647074938,734
M-2022-6,56,0,64,0.008400052500328128,735
M-2022-6,115,175,144,0.008349278135327882,736
M-2022-6,35,153,26,0.008341353865896696,737
M-2022-6,110,105,64,0.008336589813729322,738
M-2022-6,32,60,25,0.008336112037345782,739
M-2022-6,46,136,57,0.008313885647607934,740
M-2022-6,89,49,7,0.00830367734282325,741
M-2022-6,89,117,7,0.00830367734282325,742
M-2022-6,154,170,17,0.00830078125,743
M-2022-6,160,130,18,0.008291110087517274,744
M-2022-6,160,149,18,0.008291110087517274,745
M-2022-6,86,156,186,0.008257858284496537,746
M-2022-6,174,28,26,0.00825658939345824,747
M-2022-6,111,96,23,0.008252601363473269,748
M-2022-6,131,93,310,0.008240735817959487,749
M-2022-6,87,142,91,0.008215962441314555,750
M-2022-6,135,175,25,0.008172605426610004,751
M-2022-6,163,127,17,0.00815347721822542,752
M-2022-6,163,158,17,0.00815347721822542,753
M-2022-6,141,19,18,0.008144796380090498,754
M-2022-6,141,25,18,0.008144796380090498,755
M-2022-6,63,171,87,0.008117943454324905,756
M-2022-6,28,46,141,0.008117911221141114,757
M-2022-6,51,77,160,0.008089387734465847,758
M-2022-6,8,122,14,0.008083140877598153,759
M-2022-6,43,149,11,0.008070432868672046,760
M-2022-6,159,61,20,0.008061265618702136,761
M-2022-6,104,36,16,0.008040201005025126,762
M-2022-6,108,140,95,0.008036545131545555,763
M-2022-6,20,17,12,0.008026755852842809,764
M-2022-6,62,60,95,0.00797515110812626,765
M-2022-6,130,25,54,0.007969303423848878,766
M-2022-6,82,72,541,0.007968068811122895,767
M-2022-6,157,68,11,0.007947976878612716,768
M-2022-6,14,93,64,0.007945375543140907,769
M-2022-6,143,117,34,0.007923560941505477,770
M-2022-6,34,168,6,0.00788436268068331,771
M-2022-6,15,83,7,0.007882882882882882,772
M-2022-6,139,129,9,0.007860262008733625,773
M-2022-6,1,116,73,0.007854529804174736,774
M-2022-6,160,168,17,0.00783049286043298,775
M-2022-6,154,32,16,0.0078125,776
M-2022-6,154,83,16,0.0078125,777
M-2022-6,176,83,22,0.007801418439716312,778
M-2022-6,176,153,22,0.007801418439716312,779
M-2022-6,119,14,16,0.0078010726474890294,780
M-2022-6,91,149,33,0.00778118368309361,781
M-2022-6,16,93,11,0.007751937984496124,782
M-2022-6,16,171,11,0.007751937984496124,783
M-2022-6,121,77,14,0.00774764803541782,784
M-2022-6,155,136,59,0.0077468487394957986,785
M-2022-6,155,175,59,0.0077468487394957986,786
M-2022-6,66,86,42,0.007736231350156567,787
M-2022-6,120,125,16,0.0077108433734939755,788
M-2022-6,141,154,17,0.007692307692307693,789
M-2022-6,32,93,23,0.00766922307435812,790
M-2022-6,170,156,20,0.0076599004212945234,791
M-2022-6,159,26,19,0.007658202337767029,792
M-2022-6,105,60,13,0.007647058823529412,793
M-2022-6,70,78,17,0.007623318385650224,794
M-2022-6,25,142,422,0.007607578734834418,795
M-2022-6,67,77,17,0.007602862254025045,796
M-2022-6,46,93,52,0.007584597432905484,797
M-2022-6,117,25,566,0.007581440205743677,798
M-2022-6,148,93,49,0.00755939524838013,799
M-2022-6,104,143,15,0.007537688442211055,800
M-2022-6,135,61,23,0.007518796992481203,801
M-2022-6,99,122,178,0.00749063670411985,802
M-2022-6,155,49,57,0.007484243697478992,803
M-2022-6,143,2,32,0.0074574691214169195,804
M-2022-6,143,142,32,0.0074574691214169195,805
M-2022-6,36,50,5,0.007429420505200594,806
M-2022-6,36,123,5,0.007429420505200594,807
M-2022-6,36,138,5,0.007429420505200594,808
M-2022-6,92,53,6,0.007425742574257425,809
M-2022-6,41,143,17,0.007404181184668989,810
M-2022-6,138,29,297,0.007396707593455035,811
M-2022-6,0,124,10,0.007374631268436578,812
M-2022-6,160,162,16,0.007369875633348687,813
M-2022-6,20,133,11,0.007357859531772575,814
M-2022-6,43,115,10,0.007336757153338224,815
M-2022-6,77,82,514,0.0073249633039289734,816
M-2022-6,154,49,15,0.00732421875,817
M-2022-6,154,51,15,0.00732421875,818
M-2022-6,12,156,22,0.007313829787234043,819
M-2022-6,116,133,26,0.007309530503233062,820
M-2022-6,174,133,23,0.007303906001905367,821
M-2022-6,166,122,17,0.007296137339055794,822
M-2022-6,127,19,45,0.007285089849441476,823
M-2022-6,170,149,19,0.007276905400229797,824
M-2022-6,164,97,18,0.0072668550666128385,825
M-2022-6,115,39,125,0.007247637270249898,826
M-2022-6,141,125,16,0.007239819004524887,827
M-2022-6,143,159,31,0.0072244232113726405,828
M-2022-6,163,108,15,0.007194244604316547,829
M-2022-6,66,127,39,0.007183643396573955,830
M-2022-6,111,2,20,0.007176175098672408,831
M-2022-6,111,86,20,0.007176175098672408,832
M-2022-6,111,133,20,0.007176175098672408,833
M-2022-6,67,49,16,0.007155635062611807,834
M-2022-6,67,117,16,0.007155635062611807,835
M-2022-6,172,29,48,0.0071301247771836,836
M-2022-6,172,103,48,0.0071301247771836,837
M-2022-6,74,80,41,0.00711064862989941,838
M-2022-6,124,25,226,0.0070946476220373565,839
M-2022-6,63,62,76,0.007091536810674629,840
M-2022-6,155,154,54,0.0070903361344537815,841
M-2022-6,105,166,12,0.007058823529411765,842
M-2022-6,16,25,10,0.007047216349541931,843
M-2022-6,16,83,10,0.007047216349541931,844
M-2022-6,16,111,10,0.007047216349541931,845
M-2022-6,104,88,14,0.007035175879396985,846
M-2022-6,32,155,21,0.007002334111370457,847
M-2022-6,9,160,12,0.007001166861143524,848
M-2022-6,117,153,522,0.006992070295756537,849
M-2022-6,143,67,30,0.006991377301328362,850
M-2022-6,139,11,8,0.0069868995633187774,851
M-2022-6,139,19,8,0.0069868995633187774,852
M-2022-6,127,117,43,0.006961308078355189,853
M-2022-6,162,88,2,0.006944444444444444,854
M-2022-6,162,125,2,0.006944444444444444,855
M-2022-6,162,136,2,0.006944444444444444,856
M-2022-6,162,142,2,0.006944444444444444,857
M-2022-6,162,143,2,0.006944444444444444,858
M-2022-6,162,160,2,0.006944444444444444,859
M-2022-6,22,83,5,0.006934812760055479,860
M-2022-6,22,176,5,0.006934812760055479,861
M-2022-6,8,172,12,0.006928406466512702,862
M-2022-6,160,166,15,0.006909258406264394,863
M-2022-6,170,83,18,0.0068939103791650705,864
M-2022-6,68,25,31,0.006837229819144243,865
M-2022-6,68,142,31,0.006837229819144243,866
M-2022-6,154,62,14,0.0068359375,867
M-2022-6,154,133,14,0.0068359375,868
M-2022-6,14,18,55,0.006828057107386716,869
M-2022-6,60,171,165,0.006812270343916436,870
M-2022-6,112,93,23,0.006792675723567632,871
M-2022-6,101,27,375,0.006763703262810454,872
M-2022-6,143,19,29,0.006758331391284083,873
M-2022-6,15,14,6,0.006756756756756757,874
M-2022-6,15,154,6,0.006756756756756757,875
M-2022-6,120,117,14,0.006746987951807229,876
M-2022-6,176,111,19,0.00673758865248227,877
M-2022-6,81,71,46,0.006727113190991518,878
M-2022-6,163,133,14,0.00671462829736211,879
M-2022-6,13,142,13,0.006704486848891181,880
M-2022-6,20,153,10,0.006688963210702341,881
M-2022-6,45,146,18,0.006686478454680535,882
M-2022-6,59,97,60,0.006663705019991115,883
M-2022-6,127,143,41,0.006637526307268901,884
M-2022-6,43,133,9,0.006603081438004402,885
M-2022-6,14,83,53,0.006579764121663563,886
M-2022-6,37,168,6,0.006578947368421052,887
M-2022-6,54,25,45,0.006567425569176883,888
M-2022-6,41,117,15,0.006533101045296167,889
M-2022-6,41,126,15,0.006533101045296167,890
M-2022-6,104,160,13,0.006532663316582915,891
M-2022-6,143,115,28,0.0065252854812398045,892
M-2022-6,170,14,17,0.0065109153581003444,893
M-2022-6,170,172,17,0.0065109153581003444,894
M-2022-6,11,105,10,0.00648508430609598,895
M-2022-6,64,115,18,0.006484149855907781,896
M-2022-6,106,109,19,0.006475800954328562,897
M-2022-6,105,157,11,0.006470588235294118,898
M-2022-6,50,25,10,0.006459948320413436,899
M-2022-6,29,93,186,0.006458557588805167,900
M-2022-6,14,149,52,0.0064556176288019865,901
M-2022-6,159,143,16,0.006449012494961709,902
M-2022-6,66,20,35,0.006446859458463805,903
M-2022-6,66,171,35,0.006446859458463805,904
M-2022-6,176,130,18,0.006382978723404255,905
M-2022-6,25,156,354,0.006381712967135981,906
M-2022-6,153,133,446,0.006381365268775665,907
M-2022-6,62,61,76,0.0063801208865010076,908
M-2022-6,17,156,75,0.006377551020408163,909
M-2022-6,71,72,887,0.006370295891985062,910
M-2022-6,101,96,353,0.006366899338058908,911
M-2022-6,174,100,20,0.006351222610352493,912
M-2022-6,16,51,9,0.006342494714587738,913
M-2022-6,16,79,9,0.006342494714587738,914
M-2022-6,16,105,9,0.006342494714587738,915
M-2022-6,16,132,9,0.006342494714587738,916
M-2022-6,119,25,13,0.006338371526084837,917
M-2022-6,32,19,19,0.006335445148382794,918
M-2022-6,141,149,14,0.006334841628959276,919
M-2022-6,14,125,51,0.00633147113594041,920
M-2022-6,45,115,17,0.006315007429420505,921
M-2022-6,45,160,17,0.006315007429420505,922
M-2022-6,143,155,27,0.006292239571195526,923
M-2022-6,33,0,1,0.006289308176100629,924
M-2022-6,33,18,1,0.006289308176100629,925
M-2022-6,33,28,1,0.006289308176100629,926
M-2022-6,33,37,1,0.006289308176100629,927
M-2022-6,33,45,1,0.006289308176100629,928
M-2022-6,33,50,1,0.006289308176100629,929
M-2022-6,33,51,1,0.006289308176100629,930
M-2022-6,33,69,1,0.006289308176100629,931
M-2022-6,33,105,1,0.006289308176100629,932
M-2022-6,33,117,1,0.006289308176100629,933
M-2022-6,33,143,1,0.006289308176100629,934
M-2022-6,33,153,1,0.006289308176100629,935
M-2022-6,129,2,195,0.006258223948136975,936
M-2022-6,42,110,5,0.006242197253433208,937
M-2022-6,163,25,13,0.006235011990407674,938
M-2022-6,163,49,13,0.006235011990407674,939
M-2022-6,52,20,11,0.006221719457013574,940
M-2022-6,28,13,108,0.006217974552363406,941
M-2022-6,14,2,50,0.006207324643078833,942
M-2022-6,14,25,50,0.006207324643078833,943
M-2022-6,118,96,22,0.006205923836389281,944
M-2022-6,13,28,12,0.006188757091284167,945
M-2022-6,150,100,13,0.006181645268663814,946
M-2022-6,133,153,304,0.006172839506172839,947
M-2022-6,125,156,25,0.006172839506172839,948
M-2022-6,132,148,102,0.006171719005264113,949
M-2022-6,155,2,47,0.006171218487394958,950
M-2022-6,151,142,13,0.006166982922201139,951
M-2022-6,151,143,13,0.006166982922201139,952
M-2022-6,168,115,31,0.006165473349244232,953
M-2022-6,127,18,38,0.006151853650639469,954
M-2022-6,170,153,16,0.006127920337035618,955
M-2022-6,64,42,17,0.006123919308357349,956
M-2022-6,28,25,106,0.006102826875467787,957
M-2022-6,137,25,9,0.006101694915254237,958
M-2022-6,111,127,17,0.006099748833871547,959
M-2022-6,111,158,17,0.006099748833871547,960
M-2022-6,35,23,19,0.0060956047481552774,961
M-2022-6,121,118,11,0.006087437742114001,962
M-2022-6,49,140,190,0.006071645415907711,963
M-2022-6,161,86,14,0.006071118820468344,964
M-2022-6,161,149,14,0.006071118820468344,965
M-2022-6,99,149,144,0.006059840929175609,966
M-2022-6,143,18,26,0.006059193661151247,967
M-2022-6,143,28,26,0.006059193661151247,968
M-2022-6,156,153,181,0.006053511705685619,969
M-2022-6,132,135,100,0.0060507049071216795,970
M-2022-6,175,49,272,0.006048745774773172,971
M-2022-6,17,19,71,0.006037414965986395,972
M-2022-6,104,45,12,0.006030150753768844,973
M-2022-6,104,50,12,0.006030150753768844,974
M-2022-6,104,64,12,0.006030150753768844,975
M-2022-6,176,53,17,0.006028368794326241,976
M-2022-6,176,93,17,0.006028368794326241,977
M-2022-6,176,149,17,0.006028368794326241,978
M-2022-6,166,18,14,0.006008583690987125,979
M-2022-6,32,82,18,0.006002000666888963,980
M-2022-6,2,19,45,0.005996002664890073,981
M-2022-6,2,51,45,0.005996002664890073,982
M-2022-6,110,115,46,0.00599192392861795,983
M-2022-6,100,97,93,0.005970340887205495,984
M-2022-6,72,79,99,0.00594701748062714,985
M-2022-6,36,71,4,0.005943536404160475,986
M-2022-6,36,142,4,0.005943536404160475,987
M-2022-6,36,163,4,0.005943536404160475,988
M-2022-6,36,169,4,0.005943536404160475,989
M-2022-6,88,4,2,0.005934718100890208,990
M-2022-6,88,14,2,0.005934718100890208,991
M-2022-6,88,61,2,0.005934718100890208,992
M-2022-6,88,133,2,0.005934718100890208,993
M-2022-6,88,138,2,0.005934718100890208,994
M-2022-6,88,156,2,0.005934718100890208,995
M-2022-6,124,156,189,0.005933134515774604,996
M-2022-6,71,140,826,0.005932203389830509,997
M-2022-6,73,82,159,0.005931507871372081,998
M-2022-6,89,64,5,0.005931198102016607,999
M-2022-6,89,142,5,0.005931198102016607,1000
M-2022-6,115,171,102,0.005914072012523917,1001
M-2022-6,112,133,20,0.005906674542232723,1002
M-2022-6,18,19,172,0.00589141976365816,1003
M-2022-6,140,71,393,0.00588914030539613,1004
M-2022-6,141,14,13,0.0058823529411764705,1005
M-2022-6,141,18,13,0.0058823529411764705,1006
M-2022-6,173,2,19,0.005869632375656472,1007
M-2022-6,154,129,12,0.005859375,1008
M-2022-6,158,156,84,0.00584958217270195,1009
M-2022-6,11,171,9,0.005836575875486381,1010
M-2022-6,14,51,47,0.005834885164494103,1011
M-2022-6,9,28,10,0.005834305717619603,1012
M-2022-6,9,162,10,0.005834305717619603,1013
M-2022-6,9,175,10,0.005834305717619603,1014
M-2022-6,127,140,36,0.005828071879553181,1015
M-2022-6,67,26,13,0.005813953488372093,1016
M-2022-6,136,156,125,0.005805582648274581,1017
M-2022-6,172,18,39,0.005793226381461676,1018
M-2022-6,157,133,8,0.005780346820809248,1019
M-2022-6,158,108,83,0.005779944289693593,1020
M-2022-6,28,83,100,0.0057573838447809314,1021
M-2022-6,130,110,39,0.005755608028335301,1022
M-2022-6,163,86,12,0.0057553956834532375,1023
M-2022-6,163,117,12,0.0057553956834532375,1024
M-2022-6,165,117,32,0.005746094451427546,1025
M-2022-6,170,19,15,0.005744925315970892,1026
M-2022-6,111,12,16,0.0057409400789379264,1027
M-2022-6,111,24,16,0.0057409400789379264,1028
M-2022-6,103,172,14,0.0057283142389525366,1029
M-2022-6,74,153,33,0.005723204994797087,1030
M-2022-6,150,28,12,0.005706134094151213,1031
M-2022-6,150,138,12,0.005706134094151213,1032
M-2022-6,171,62,32,0.0056939501779359435,1033
M-2022-6,19,49,110,0.005693581780538302,1034
M-2022-6,151,93,12,0.0056925996204933585,1035
M-2022-6,126,25,11,0.005684754521963824,1036
M-2022-6,99,156,135,0.005681100871102134,1037
M-2022-6,125,39,23,0.005679012345679012,1038
M-2022-6,13,153,11,0.005673027333677153,1039
M-2022-6,32,2,17,0.0056685561853951315,1040
M-2022-6,28,8,98,0.0056422361678853125,1041
M-2022-6,16,28,8,0.005637773079633545,1042
M-2022-6,16,115,8,0.005637773079633545,1043
M-2022-6,16,122,8,0.005637773079633545,1044
M-2022-6,16,133,8,0.005637773079633545,1045
M-2022-6,15,46,5,0.00563063063063063,1046
M-2022-6,15,140,5,0.00563063063063063,1047
M-2022-6,15,149,5,0.00563063063063063,1048
M-2022-6,15,163,5,0.00563063063063063,1049
M-2022-6,122,25,313,0.005628382873891856,1050
M-2022-6,116,153,20,0.0056227157717177395,1051
M-2022-6,124,142,179,0.005619212054622508,1052
M-2022-6,99,159,133,0.005596936413752473,1053
M-2022-6,2,25,42,0.005596269153897402,1054
M-2022-6,143,41,24,0.00559310184106269,1055
M-2022-6,61,63,76,0.005566542151908006,1056
M-2022-6,173,133,18,0.005560704355885079,1057
M-2022-6,135,124,17,0.005557371690094802,1058
M-2022-6,140,141,370,0.005544483239177019,1059
M-2022-6,121,116,10,0.005534034311012728,1060
M-2022-6,56,51,42,0.0055125344533403335,1061
M-2022-6,65,155,18,0.005511328842620943,1062
M-2022-6,29,122,158,0.005486301607694711,1063
M-2022-6,37,115,5,0.005482456140350877,1064
M-2022-6,94,2,1,0.00546448087431694,1065
M-2022-6,94,3,1,0.00546448087431694,1066
M-2022-6,94,17,1,0.00546448087431694,1067
M-2022-6,94,45,1,0.00546448087431694,1068
M-2022-6,94,56,1,0.00546448087431694,1069
M-2022-6,94,65,1,0.00546448087431694,1070
M-2022-6,94,77,1,0.00546448087431694,1071
M-2022-6,94,79,1,0.00546448087431694,1072
M-2022-6,94,85,1,0.00546448087431694,1073
M-2022-6,94,92,1,0.00546448087431694,1074
M-2022-6,94,98,1,0.00546448087431694,1075
M-2022-6,94,99,1,0.00546448087431694,1076
M-2022-6,94,102,1,0.00546448087431694,1077
M-2022-6,94,149,1,0.00546448087431694,1078
M-2022-6,94,153,1,0.00546448087431694,1079
M-2022-6,94,158,1,0.00546448087431694,1080
M-2022-6,94,165,1,0.00546448087431694,1081
M-2022-6,94,169,1,0.00546448087431694,1082
M-2022-6,14,156,44,0.005462445685909373,1083
M-2022-6,49,46,170,0.005432524845812163,1084
M-2022-6,125,117,22,0.005432098765432099,1085
M-2022-6,141,16,12,0.005429864253393665,1086
M-2022-6,141,66,12,0.005429864253393665,1087
M-2022-6,137,155,8,0.005423728813559322,1088
M-2022-6,1,72,50,0.005379814934366258,1089
M-2022-6,154,106,11,0.00537109375,1090
M-2022-6,154,149,11,0.00537109375,1091
M-2022-6,67,17,12,0.005366726296958855,1092
M-2022-6,67,175,12,0.005366726296958855,1093
M-2022-6,119,71,11,0.005363237445148708,1094
M-2022-6,156,122,160,0.005351170568561873,1095
M-2022-6,77,72,375,0.005344088013566858,1096
M-2022-6,14,175,43,0.005338299193047796,1097
M-2022-6,32,17,16,0.0053351117039013,1098
M-2022-6,32,76,16,0.0053351117039013,1099
M-2022-6,32,81,16,0.0053351117039013,1100
M-2022-6,176,63,15,0.005319148936170213,1101
M-2022-6,176,154,15,0.005319148936170213,1102
M-2022-6,21,20,12,0.00530035335689046,1103
M-2022-6,105,50,9,0.005294117647058823,1104
M-2022-6,68,117,24,0.00529333921482135,1105
M-2022-6,10,28,10,0.005277044854881266,1106
M-2022-6,163,89,11,0.005275779376498801,1107
M-2022-6,117,124,393,0.005264144877839692,1108
M-2022-6,80,142,16,0.005259697567389875,1109
M-2022-6,34,110,4,0.005256241787122208,1110
M-2022-6,144,146,19,0.005247169290251312,1111
M-2022-6,140,175,350,0.005244781442464748,1112
M-2022-6,139,60,6,0.005240174672489083,1113
M-2022-6,139,142,6,0.005240174672489083,1114
M-2022-6,159,93,13,0.005239822652156389,1115
M-2022-6,23,19,70,0.005234036189621654,1116
M-2022-6,14,78,42,0.0052141527001862194,1117
M-2022-6,11,29,8,0.005188067444876783,1118
M-2022-6,11,86,8,0.005188067444876783,1119
M-2022-6,11,142,8,0.005188067444876783,1120
M-2022-6,11,156,8,0.005188067444876783,1121
M-2022-6,91,14,22,0.005187455788729073,1122
M-2022-6,125,133,21,0.005185185185185185,1123
M-2022-6,128,49,17,0.0051813471502590676,1124
M-2022-6,71,79,720,0.005170927894283252,1125
M-2022-6,50,29,8,0.00516795865633075,1126
M-2022-6,50,49,8,0.00516795865633075,1127
M-2022-6,130,14,35,0.005165289256198347,1128
M-2022-6,130,142,35,0.005165289256198347,1129
M-2022-6,107,65,14,0.005143277002204262,1130
M-2022-6,43,143,7,0.005135730007336757,1131
M-2022-6,76,79,50,0.005127679212388473,1132
M-2022-6,19,133,99,0.005124223602484472,1133
M-2022-6,56,28,39,0.005118781992387453,1134
M-2022-6,175,142,229,0.005092510229496531,1135
M-2022-6,148,61,33,0.005091021289725393,1136
M-2022-6,52,117,9,0.005090497737556561,1137
M-2022-6,52,157,9,0.005090497737556561,1138
M-2022-6,116,2,18,0.005060444194545966,1139
M-2022-6,157,51,7,0.0050578034682080926,1140
M-2022-6,157,128,7,0.0050578034682080926,1141
M-2022-6,82,78,343,0.005051843996700837,1142
M-2022-6,93,156,166,0.005032438004001698,1143
M-2022-6,104,89,10,0.005025125628140704,1144
M-2022-6,111,55,14,0.005023322569070686,1145
M-2022-6,117,2,374,0.005009644234890699,1146
M-2022-6,32,154,15,0.005001667222407469,1147
M-2022-6,152,83,4,0.005,1148
M-2022-6,152,172,4,0.005,1149
M-2022-6,42,104,4,0.004993757802746567,1150
M-2022-6,141,134,11,0.004977375565610859,1151
M-2022-6,66,141,27,0.004973291582243507,1152
M-2022-6,81,78,34,0.004972214097689383,1153
M-2022-6,14,19,40,0.004965859714463066,1154
M-2022-6,46,143,34,0.004959159859976663,1155
M-2022-6,91,28,21,0.004951662343786843,1156
M-2022-6,91,172,21,0.004951662343786843,1157
M-2022-6,79,142,106,0.004947722180731889,1158
M-2022-6,16,117,7,0.004933051444679351,1159
M-2022-6,16,130,7,0.004933051444679351,1160
M-2022-6,117,97,367,0.004915880840120017,1161
M-2022-6,117,138,366,0.004902486069438492,1162
M-2022-6,143,93,21,0.004893964110929853,1163
M-2022-6,154,93,10,0.0048828125,1164
M-2022-6,154,158,10,0.0048828125,1165
M-2022-6,149,54,262,0.0048746906804100695,1166
M-2022-6,69,86,4,0.0048721071863581,1167
M-2022-6,69,105,4,0.0048721071863581,1168
M-2022-6,69,115,4,0.0048721071863581,1169
M-2022-6,113,129,16,0.004870624048706241,1170
M-2022-6,25,124,270,0.004867408195273206,1171
M-2022-6,1,151,45,0.004841833440929632,1172
M-2022-6,82,73,327,0.004816189466242488,1173
M-2022-6,90,71,27,0.004814550641940085,1174
M-2022-6,35,49,15,0.004812319538017324,1175
M-2022-6,75,77,123,0.004809948381041765,1176
M-2022-6,163,39,10,0.004796163069544364,1177
M-2022-6,163,99,10,0.004796163069544364,1178
M-2022-6,163,136,10,0.004796163069544364,1179
M-2022-6,163,156,10,0.004796163069544364,1180
M-2022-6,25,129,266,0.0047952984442321215,1181
M-2022-6,28,4,83,0.0047786285911681735,1182
M-2022-6,75,175,122,0.004770843109651181,1183
M-2022-6,17,140,56,0.004761904761904762,1184
M-2022-6,29,136,137,0.00475710962186187,1185
M-2022-6,150,90,10,0.004755111745126011,1186
M-2022-6,150,149,10,0.004755111745126011,1187
M-2022-6,146,115,29,0.004749426793318048,1188
M-2022-6,137,14,7,0.0047457627118644066,1189
M-2022-6,89,93,4,0.004744958481613286,1190
M-2022-6,89,153,4,0.004744958481613286,1191
M-2022-6,151,115,10,0.004743833017077799,1192
M-2022-6,117,29,354,0.00474174882126018,1193
M-2022-6,109,106,9,0.004729374671571204,1194
M-2022-6,155,176,36,0.004726890756302521,1195
M-2022-6,156,124,141,0.00471571906354515,1196
M-2022-6,31,142,44,0.004710920770877944,1197
M-2022-6,19,153,91,0.004710144927536232,1198
M-2022-6,105,34,8,0.004705882352941176,1199
M-2022-6,105,69,8,0.004705882352941176,1200
M-2022-6,105,153,8,0.004705882352941176,1201
M-2022-6,64,160,13,0.004682997118155619,1202
M-2022-6,74,49,27,0.004682622268470343,1203
M-2022-6,32,24,14,0.004668222740913638,1204
M-2022-6,32,77,14,0.004668222740913638,1205
M-2022-6,32,96,14,0.004668222740913638,1206
M-2022-6,32,140,14,0.004668222740913638,1207
M-2022-6,9,26,8,0.004667444574095682,1208
M-2022-6,9,36,8,0.004667444574095682,1209
M-2022-6,9,124,8,0.004667444574095682,1210
M-2022-6,111,61,13,0.0046645138141370645,1211
M-2022-6,19,23,90,0.004658385093167702,1212
M-2022-6,13,175,9,0.0046415678184631255,1213
M-2022-6,173,102,15,0.004633920296570899,1214
M-2022-6,18,153,135,0.004624079465661929,1215
M-2022-6,176,142,13,0.004609929078014184,1216
M-2022-6,175,78,207,0.004603273438889877,1217
M-2022-6,170,5,12,0.004595940252776714,1218
M-2022-6,3,94,6,0.004594180704441042,1219
M-2022-6,3,140,6,0.004594180704441042,1220
M-2022-6,3,155,6,0.004594180704441042,1221
M-2022-6,101,83,254,0.0045812816766769475,1222
M-2022-6,168,122,23,0.004574383452665076,1223
M-2022-6,128,17,15,0.004571776897287412,1224
M-2022-6,153,156,319,0.00456425004650098,1225
M-2022-6,145,45,6,0.004555808656036446,1226
M-2022-6,124,129,145,0.004551875686705384,1227
M-2022-6,11,115,7,0.004539559014267186,1228
M-2022-6,11,136,7,0.004539559014267186,1229
M-2022-6,2,157,34,0.004530313124583611,1230
M-2022-6,141,148,10,0.004524886877828055,1231
M-2022-6,141,176,10,0.004524886877828055,1232
M-2022-6,52,87,8,0.004524886877828055,1233
M-2022-6,115,153,78,0.004522525656635937,1234
M-2022-6,46,61,31,0.004521586931155192,1235
M-2022-6,118,129,16,0.004513399153737658,1236
M-2022-6,17,77,53,0.004506802721088435,1237
M-2022-6,15,155,4,0.0045045045045045045,1238
M-2022-6,15,156,4,0.0045045045045045045,1239
M-2022-6,124,71,143,0.0044890911944749645,1240
M-2022-6,96,122,231,0.004486133768352365,1241
M-2022-6,175,80,201,0.004469845223269881,1242
M-2022-6,14,124,36,0.004469273743016759,1243
M-2022-6,115,135,77,0.004464544558473937,1244
M-2022-6,27,83,39,0.0044637747510587154,1245
M-2022-6,56,116,34,0.004462527890799317,1246
M-2022-6,45,122,12,0.004457652303120356,1247
M-2022-6,36,51,3,0.004457652303120356,1248
M-2022-6,36,153,3,0.004457652303120356,1249
M-2022-6,158,71,64,0.004456824512534819,1250
M-2022-6,121,117,8,0.004427227448810182,1251
M-2022-6,121,129,8,0.004427227448810182,1252
M-2022-6,18,117,129,0.0044185648227436205,1253
M-2022-6,68,140,20,0.004411116012351125,1254
M-2022-6,117,99,329,0.004406879554222032,1255
M-2022-6,43,131,6,0.004402054292002935,1256
M-2022-6,43,160,6,0.004402054292002935,1257
M-2022-6,154,46,9,0.00439453125,1258
M-2022-6,154,71,9,0.00439453125,1259
M-2022-6,154,140,9,0.00439453125,1260
M-2022-6,154,142,9,0.00439453125,1261
M-2022-6,119,129,9,0.004388103364212579,1262
M-2022-6,119,140,9,0.004388103364212579,1263
M-2022-6,37,172,4,0.0043859649122807015,1264
M-2022-6,139,127,5,0.004366812227074236,1265
M-2022-6,139,157,5,0.004366812227074236,1266
M-2022-6,139,159,5,0.004366812227074236,1267
M-2022-6,139,171,5,0.004366812227074236,1268
M-2022-6,139,175,5,0.004366812227074236,1269
M-2022-6,132,156,72,0.00435650753312761,1270
M-2022-6,41,149,10,0.004355400696864111,1271
M-2022-6,157,1,6,0.004335260115606936,1272
M-2022-6,157,28,6,0.004335260115606936,1273
M-2022-6,157,39,6,0.004335260115606936,1274
M-2022-6,157,71,6,0.004335260115606936,1275
M-2022-6,157,124,6,0.004335260115606936,1276
M-2022-6,157,158,6,0.004335260115606936,1277
M-2022-6,157,160,6,0.004335260115606936,1278
M-2022-6,32,14,13,0.004334778259419807,1279
M-2022-6,32,175,13,0.004334778259419807,1280
M-2022-6,134,93,39,0.004326123128119801,1281
M-2022-6,12,29,13,0.004321808510638298,1282
M-2022-6,12,124,13,0.004321808510638298,1283
M-2022-6,163,29,9,0.004316546762589928,1284
M-2022-6,163,71,9,0.004316546762589928,1285
M-2022-6,122,96,240,0.0043156929384474295,1286
M-2022-6,172,153,29,0.004307783719548425,1287
M-2022-6,111,175,12,0.004305705059203444,1288
M-2022-6,47,48,13,0.004274909569220651,1289
M-2022-6,151,133,9,0.004269449715370019,1290
M-2022-6,151,158,9,0.004269449715370019,1291
M-2022-6,176,28,12,0.00425531914893617,1292
M-2022-6,135,153,13,0.004249754821837201,1293
M-2022-6,149,96,228,0.004242097233333954,1294
M-2022-6,140,49,283,0.004240780423478639,1295
M-2022-6,46,140,29,0.004229871645274212,1296
M-2022-6,16,17,6,0.004228329809725159,1297
M-2022-6,16,39,6,0.004228329809725159,1298
M-2022-6,16,49,6,0.004228329809725159,1299
M-2022-6,16,68,6,0.004228329809725159,1300
M-2022-6,16,148,6,0.004228329809725159,1301
M-2022-6,16,157,6,0.004228329809725159,1302
M-2022-6,82,70,287,0.004227053140096618,1303
M-2022-6,14,68,34,0.004220980757293606,1304
M-2022-6,116,49,15,0.004217036828788305,1305
M-2022-6,116,129,15,0.004217036828788305,1306
M-2022-6,170,122,11,0.004212945231711987,1307
M-2022-6,175,72,189,0.004202988792029888,1308
M-2022-6,155,143,32,0.004201680672268907,1309
M-2022-6,143,23,18,0.004194826380797017,1310
M-2022-6,143,129,18,0.004194826380797017,1311
M-2022-6,143,162,18,0.004194826380797017,1312
M-2022-6,19,17,81,0.004192546583850931,1313
M-2022-6,68,46,19,0.0041905602117335685,1314
M-2022-6,82,142,284,0.004182867915635678,1315
M-2022-6,26,133,13,0.004180064308681672,1316
M-2022-6,99,29,99,0.004166140638808232,1317
M-2022-6,22,17,3,0.004160887656033287,1318
M-2022-6,22,86,3,0.004160887656033287,1319
M-2022-6,126,132,8,0.004134366925064599,1320
M-2022-6,13,93,8,0.0041258380608561115,1321
M-2022-6,97,149,173,0.004120519233059426,1322
M-2022-6,105,117,7,0.00411764705882353,1323
M-2022-6,105,160,7,0.00411764705882353,1324
M-2022-6,129,117,128,0.004107962386469399,1325
M-2022-6,175,74,184,0.004091798612346558,1326
M-2022-6,45,39,11,0.004086181277860327,1327
M-2022-6,9,89,7,0.004084014002333722,1328
M-2022-6,156,129,122,0.004080267558528428,1329
M-2022-6,77,142,286,0.004075757791680324,1330
M-2022-6,141,32,9,0.004072398190045249,1331
M-2022-6,141,129,9,0.004072398190045249,1332
M-2022-6,141,157,9,0.004072398190045249,1333
M-2022-6,155,11,31,0.0040703781512605045,1334
M-2022-6,177,14,7,0.0040650406504065045,1335
M-2022-6,49,93,127,0.0040584156201067334,1336
M-2022-6,29,99,116,0.004027917636029029,1337
M-2022-6,67,28,9,0.004025044722719142,1338
M-2022-6,20,93,6,0.004013377926421404,1339
M-2022-6,20,175,6,0.004013377926421404,1340
M-2022-6,63,99,43,0.0040123168797238035,1341
M-2022-6,138,99,161,0.004009663038876298,1342
M-2022-6,76,80,39,0.003999589785663009,1343
M-2022-6,29,115,115,0.003993194208132227,1344
M-2022-6,130,65,27,0.003984651711924439,1345
M-2022-6,96,25,205,0.0039812009632564285,1346
M-2022-6,65,106,13,0.003980404164115126,1347
M-2022-6,14,60,32,0.003972687771570453,1348
M-2022-6,64,12,11,0.003962536023054755,1349
M-2022-6,143,127,17,0.003961780470752739,1350
M-2022-6,138,96,159,0.0039598535601324935,1351
M-2022-6,52,175,7,0.003959276018099547,1352
M-2022-6,111,28,11,0.003946896304269824,1353
M-2022-6,56,53,30,0.00393752460952881,1354
M-2022-6,142,25,198,0.00393638170974155,1355
M-2022-6,116,50,14,0.003935901040202418,1356
M-2022-6,90,149,22,0.0039229671897289585,1357
M-2022-6,135,82,12,0.003922850604772802,1358
M-2022-6,135,117,12,0.003922850604772802,1359
M-2022-6,41,133,9,0.0039198606271777,1360
M-2022-6,142,71,197,0.003916500994035785,1361
M-2022-6,176,2,11,0.003900709219858156,1362
M-2022-6,176,117,11,0.003900709219858156,1363
M-2022-6,119,16,8,0.0039005363237445147,1364
M-2022-6,11,25,6,0.0038910505836575876,1365
M-2022-6,127,153,24,0.003885381253035454,1366
M-2022-6,50,149,6,0.003875968992248062,1367
M-2022-6,121,25,7,0.00387382401770891,1368
M-2022-6,121,96,7,0.00387382401770891,1369
M-2022-6,121,149,7,0.00387382401770891,1370
M-2022-6,66,111,21,0.0038681156750782833,1371
M-2022-6,123,23,10,0.0038639876352395673,1372
M-2022-6,26,61,12,0.0038585209003215433,1373
M-2022-6,25,166,214,0.0038578716806980224,1374
M-2022-6,120,46,8,0.0038554216867469878,1375
M-2022-6,120,68,8,0.0038554216867469878,1376
M-2022-6,120,71,8,0.0038554216867469878,1377
M-2022-6,120,118,8,0.0038554216867469878,1378
M-2022-6,120,129,8,0.0038554216867469878,1379
M-2022-6,85,78,9,0.003852739726027397,1380
M-2022-6,85,96,9,0.003852739726027397,1381
M-2022-6,35,143,12,0.0038498556304138597,1382
M-2022-6,112,115,13,0.00383933845245127,1383
M-2022-6,112,149,13,0.00383933845245127,1384
M-2022-6,19,156,74,0.0038302277432712213,1385
M-2022-6,170,62,10,0.0038299502106472617,1386
M-2022-6,170,129,10,0.0038299502106472617,1387
M-2022-6,170,154,10,0.0038299502106472617,1388
M-2022-6,170,177,10,0.0038299502106472617,1389
M-2022-6,174,93,12,0.003810733566211496,1390
M-2022-6,174,150,12,0.003810733566211496,1391
M-2022-6,151,2,8,0.003795066413662239,1392
M-2022-6,151,8,8,0.003795066413662239,1393
M-2022-6,46,29,26,0.003792298716452742,1394
M-2022-6,46,153,26,0.003792298716452742,1395
M-2022-6,93,135,125,0.003789486448796459,1396
M-2022-6,53,130,31,0.0037827943868212325,1397
M-2022-6,168,166,19,0.003778838504375497,1398
M-2022-6,44,133,12,0.003778337531486146,1399
M-2022-6,165,98,21,0.0037708744837493266,1400
M-2022-6,165,156,21,0.0037708744837493266,1401
M-2022-6,152,57,3,0.00375,1402
M-2022-6,152,98,3,0.00375,1403
M-2022-6,152,155,3,0.00375,1404
M-2022-6,68,139,17,0.0037494486104984563,1405
M-2022-6,71,78,522,0.003748922723355358,1406
M-2022-6,42,132,3,0.003745318352059925,1407
M-2022-6,90,175,21,0.003744650499286733,1408
M-2022-6,51,156,74,0.0037413418271904546,1409
M-2022-6,23,18,50,0.0037385972783011813,1410
M-2022-6,143,51,16,0.0037287345607084597,1411
M-2022-6,143,61,16,0.0037287345607084597,1412
M-2022-6,143,163,16,0.0037287345607084597,1413
M-2022-6,140,61,248,0.003716302279232164,1414
M-2022-6,97,100,156,0.003715612718828153,1415
M-2022-6,45,168,10,0.003714710252600297,1416
M-2022-6,45,169,10,0.003714710252600297,1417
M-2022-6,92,176,3,0.0037128712871287127,1418
M-2022-6,124,149,118,0.0037042850415947262,1419
M-2022-6,0,14,5,0.003687315634218289,1420
M-2022-6,0,71,5,0.003687315634218289,1421
M-2022-6,160,64,8,0.0036849378166743437,1422
M-2022-6,66,93,20,0.003683919690550746,1423
M-2022-6,142,156,185,0.0036779324055666003,1424
M-2022-6,49,71,115,0.003674943278049404,1425
M-2022-6,65,107,12,0.003674219228413962,1426
M-2022-6,43,155,5,0.003668378576669112,1427
M-2022-6,43,156,5,0.003668378576669112,1428
M-2022-6,32,46,11,0.003667889296432144,1429
M-2022-6,32,91,11,0.003667889296432144,1430
M-2022-6,32,117,11,0.003667889296432144,1431
M-2022-6,32,125,11,0.003667889296432144,1432
M-2022-6,32,172,11,0.003667889296432144,1433
M-2022-6,116,115,13,0.003654765251616531,1434
M-2022-6,116,155,13,0.003654765251616531,1435
M-2022-6,69,28,3,0.0036540803897685747,1436
M-2022-6,69,99,3,0.0036540803897685747,1437
M-2022-6,69,136,3,0.0036540803897685747,1438
M-2022-6,29,88,105,0.003645959929164207,1439
M-2022-6,164,102,9,0.0036334275333064193,1440
M-2022-6,141,115,8,0.0036199095022624436,1441
M-2022-6,141,143,8,0.0036199095022624436,1442
M-2022-6,141,175,8,0.0036199095022624436,1443
M-2022-6,126,49,7,0.0036175710594315244,1444
M-2022-6,126,133,7,0.0036175710594315244,1445
M-2022-6,157,77,5,0.0036127167630057803,1446
M-2022-6,157,163,5,0.0036127167630057803,1447
M-2022-6,14,154,29,0.0036002482929857233,1448
M-2022-6,144,155,13,0.0035901684617508974,1449
M-2022-6,111,14,10,0.003588087549336204,1450
M-2022-6,111,32,10,0.003588087549336204,1451
M-2022-6,111,50,10,0.003588087549336204,1452
M-2022-6,111,98,10,0.003588087549336204,1453
M-2022-6,138,10,144,0.003586282469553956,1454
M-2022-6,67,82,8,0.0035778175313059034,1455
M-2022-6,67,124,8,0.0035778175313059034,1456
M-2022-6,97,101,150,0.0035727045373347625,1457
M-2022-6,90,49,20,0.003566333808844508,1458
M-2022-6,90,82,20,0.003566333808844508,1459
M-2022-6,84,51,6,0.0035587188612099642,1460
M-2022-6,84,153,6,0.0035587188612099642,1461
M-2022-6,89,9,3,0.0035587188612099642,1462
M-2022-6,89,86,3,0.0035587188612099642,1463
M-2022-6,89,88,3,0.0035587188612099642,1464
M-2022-6,89,116,3,0.0035587188612099642,1465
M-2022-6,89,131,3,0.0035587188612099642,1466
M-2022-6,89,136,3,0.0035587188612099642,1467
M-2022-6,89,146,3,0.0035587188612099642,1468
M-2022-6,89,149,3,0.0035587188612099642,1469
M-2022-6,89,160,3,0.0035587188612099642,1470
M-2022-6,89,162,3,0.0035587188612099642,1471
M-2022-6,86,108,80,0.003551767004084532,1472
M-2022-6,176,17,10,0.0035460992907801418,1473
M-2022-6,176,51,10,0.0035460992907801418,1474
M-2022-6,176,77,10,0.0035460992907801418,1475
M-2022-6,155,63,27,0.0035451680672268907,1476
M-2022-6,155,142,27,0.0035451680672268907,1477
M-2022-6,112,142,12,0.0035440047253396337,1478
M-2022-6,56,101,27,0.0035437721485759286,1479
M-2022-6,130,2,24,0.0035419126328217238,1480
M-2022-6,105,46,6,0.0035294117647058825,1481
M-2022-6,105,63,6,0.0035294117647058825,1482
M-2022-6,105,122,6,0.0035294117647058825,1483
M-2022-6,68,122,16,0.0035288928098809,1484
M-2022-6,16,15,5,0.0035236081747709656,1485
M-2022-6,16,110,5,0.0035236081747709656,1486
M-2022-6,16,112,5,0.0035236081747709656,1487
M-2022-6,16,139,5,0.0035236081747709656,1488
M-2022-6,16,141,5,0.0035236081747709656,1489
M-2022-6,46,139,24,0.003500583430571762,1490
M-2022-6,66,132,19,0.003499723706023209,1491
M-2022-6,143,87,15,0.003495688650664181,1492
M-2022-6,139,14,4,0.0034934497816593887,1493
M-2022-6,139,39,4,0.0034934497816593887,1494
M-2022-6,139,75,4,0.0034934497816593887,1495
M-2022-6,139,93,4,0.0034934497816593887,1496
M-2022-6,139,117,4,0.0034934497816593887,1497
M-2022-6,139,125,4,0.0034934497816593887,1498
M-2022-6,139,154,4,0.0034934497816593887,1499
M-2022-6,41,18,8,0.003484320557491289,1500
M-2022-6,177,5,6,0.003484320557491289,1501
M-2022-6,123,46,9,0.0034775888717156105,1502
M-2022-6,123,96,9,0.0034775888717156105,1503
M-2022-6,162,2,1,0.003472222222222222,1504
M-2022-6,162,8,1,0.003472222222222222,1505
M-2022-6,162,9,1,0.003472222222222222,1506
M-2022-6,162,14,1,0.003472222222222222,1507
M-2022-6,162,15,1,0.003472222222222222,1508
M-2022-6,162,25,1,0.003472222222222222,1509
M-2022-6,162,45,1,0.003472222222222222,1510
M-2022-6,162,46,1,0.003472222222222222,1511
M-2022-6,162,50,1,0.003472222222222222,1512
M-2022-6,162,54,1,0.003472222222222222,1513
M-2022-6,162,60,1,0.003472222222222222,1514
M-2022-6,162,63,1,0.003472222222222222,1515
M-2022-6,162,71,1,0.003472222222222222,1516
M-2022-6,162,89,1,0.003472222222222222,1517
M-2022-6,162,99,1,0.003472222222222222,1518
M-2022-6,162,122,1,0.003472222222222222,1519
M-2022-6,162,123,1,0.003472222222222222,1520
M-2022-6,162,135,1,0.003472222222222222,1521
M-2022-6,162,153,1,0.003472222222222222,1522
M-2022-6,162,155,1,0.003472222222222222,1523
M-2022-6,162,159,1,0.003472222222222222,1524
M-2022-6,162,168,1,0.003472222222222222,1525
M-2022-6,162,171,1,0.003472222222222222,1526
M-2022-6,161,45,8,0.003469210754553339,1527
M-2022-6,74,112,20,0.00346860908775581,1528
M-2022-6,8,51,6,0.003464203233256351,1529
M-2022-6,8,115,6,0.003464203233256351,1530
M-2022-6,8,138,6,0.003464203233256351,1531
M-2022-6,44,117,11,0.0034634760705289673,1532
M-2022-6,125,10,14,0.0034567901234567903,1533
M-2022-6,28,96,60,0.003454430306868559,1534
M-2022-6,83,130,83,0.0034514304723885563,1535
M-2022-6,170,175,9,0.0034469551895825352,1536
M-2022-6,82,140,234,0.0034464475079533405,1537
M-2022-6,156,117,103,0.0034448160535117058,1538
M-2022-6,1,153,32,0.003443081557994405,1539
M-2022-6,23,153,46,0.0034395094960370867,1540
M-2022-6,142,82,173,0.0034393638170974153,1541
M-2022-6,166,9,8,0.0034334763948497852,1542
M-2022-6,166,117,8,0.0034334763948497852,1543
M-2022-6,166,124,8,0.0034334763948497852,1544
M-2022-6,85,25,8,0.003424657534246575,1545
M-2022-6,86,171,77,0.003418575741431362,1546
M-2022-6,154,19,7,0.00341796875,1547
M-2022-6,154,53,7,0.00341796875,1548
M-2022-6,155,127,26,0.0034138655462184874,1549
M-2022-6,106,65,10,0.0034083162917518746,1550
M-2022-6,28,27,59,0.0033968564684207494,1551
M-2022-6,52,93,6,0.003393665158371041,1552
M-2022-6,137,62,5,0.003389830508474576,1553
M-2022-6,25,153,188,0.003389158298930973,1554
M-2022-6,168,160,17,0.003381066030230708,1555
M-2022-6,15,16,3,0.0033783783783783786,1556
M-2022-6,15,86,3,0.0033783783783783786,1557
M-2022-6,15,93,3,0.0033783783783783786,1558
M-2022-6,15,133,3,0.0033783783783783786,1559
M-2022-6,15,138,3,0.0033783783783783786,1560
M-2022-6,116,28,12,0.0033736294630306437,1561
M-2022-6,116,122,12,0.0033736294630306437,1562
M-2022-6,120,155,7,0.0033734939759036144,1563
M-2022-6,138,156,135,0.003362139815206834,1564
M-2022-6,163,93,7,0.003357314148681055,1565
M-2022-6,14,170,27,0.0033519553072625698,1566
M-2022-6,133,131,165,0.003350389863547758,1567
M-2022-6,20,151,5,0.0033444816053511705,1568
M-2022-6,20,156,5,0.0033444816053511705,1569
M-2022-6,87,125,37,0.003340556157457566,1570
M-2022-6,32,142,10,0.003334444814938313,1571
M-2022-6,12,50,10,0.003324468085106383,1572
M-2022-6,96,156,171,0.003320904218130972,1573
M-2022-6,151,5,7,0.003320683111954459,1574
M-2022-6,151,28,7,0.003320683111954459,1575
M-2022-6,151,52,7,0.003320683111954459,1576
M-2022-6,151,82,7,0.003320683111954459,1577
M-2022-6,151,168,7,0.003320683111954459,1578
M-2022-6,121,68,6,0.003320420586607637,1579
M-2022-6,66,117,18,0.0033155277214956713,1580
M-2022-6,66,149,18,0.0033155277214956713,1581
M-2022-6,66,156,18,0.0033155277214956713,1582
M-2022-6,107,109,9,0.0033063923585598823,1583
M-2022-6,117,129,246,0.0032951135876553793,1584
M-2022-6,28,129,57,0.003281708791525131,1585
M-2022-6,153,155,229,0.003276530597644904,1586
M-2022-6,135,133,10,0.0032690421706440013,1587
M-2022-6,172,122,22,0.0032679738562091504,1588
M-2022-6,29,124,94,0.0032640022222993853,1589
M-2022-6,96,149,168,0.0032626427406199023,1590
M-2022-6,143,85,14,0.0032626427406199023,1591
M-2022-6,49,136,102,0.0032595149074872974,1592
M-2022-6,82,80,221,0.0032549782019559324,1593
M-2022-6,11,75,5,0.00324254215304799,1594
M-2022-6,11,117,5,0.00324254215304799,1595
M-2022-6,11,126,5,0.00324254215304799,1596
M-2022-6,11,175,5,0.00324254215304799,1597
M-2022-6,64,13,9,0.0032420749279538905,1598
M-2022-6,17,46,38,0.0032312925170068026,1599
M-2022-6,50,23,5,0.003229974160206718,1600
M-2022-6,111,18,9,0.0032292787944025836,1601
M-2022-6,14,46,26,0.0032278088144009932,1602
M-2022-6,159,28,8,0.0032245062474808546,1603
M-2022-6,160,124,7,0.0032243205895900505,1604
M-2022-6,160,128,7,0.0032243205895900505,1605
M-2022-6,160,131,7,0.0032243205895900505,1606
M-2022-6,28,61,56,0.0032241349530773215,1607
M-2022-6,153,61,225,0.00321929862214019,1608
M-2022-6,23,2,43,0.003215193659339016,1609
M-2022-6,125,115,13,0.0032098765432098763,1610
M-2022-6,125,149,13,0.0032098765432098763,1611
M-2022-6,2,155,24,0.0031978680879413725,1612
M-2022-6,78,82,156,0.0031857539617709523,1613
M-2022-6,39,115,27,0.0031787143866258537,1614
M-2022-6,79,74,68,0.0031740104555638537,1615
M-2022-6,155,71,24,0.0031512605042016808,1616
M-2022-6,149,122,169,0.0031443615457606936,1617
M-2022-6,156,51,94,0.0031438127090301004,1618
M-2022-6,70,79,7,0.003139013452914798,1619
M-2022-6,66,142,17,0.0031313317369681343,1620
M-2022-6,67,72,7,0.0031305903398926656,1621
M-2022-6,172,149,21,0.0031194295900178253,1622
M-2022-6,118,175,11,0.0031029619181946405,1623
M-2022-6,126,63,6,0.0031007751937984496,1624
M-2022-6,130,101,21,0.0030991735537190084,1625
M-2022-6,130,176,21,0.0030991735537190084,1626
M-2022-6,13,60,6,0.0030943785456420837,1627
M-2022-6,13,63,6,0.0030943785456420837,1628
M-2022-6,123,9,8,0.0030911901081916537,1629
M-2022-6,123,156,8,0.0030911901081916537,1630
M-2022-6,68,93,14,0.0030877812086457872,1631
M-2022-6,127,45,19,0.0030759268253197345,1632
M-2022-6,49,78,96,0.003067778736458633,1633
M-2022-6,91,155,13,0.0030653147842489977,1634
M-2022-6,91,176,13,0.0030653147842489977,1635
M-2022-6,2,1,23,0.0030646235842771486,1636
M-2022-6,2,71,23,0.0030646235842771486,1637
M-2022-6,2,176,23,0.0030646235842771486,1638
M-2022-6,170,53,8,0.003063960168517809,1639
M-2022-6,46,138,21,0.0030630105017502916,1640
M-2022-6,46,142,21,0.0030630105017502916,1641
M-2022-6,46,154,21,0.0030630105017502916,1642
M-2022-6,3,170,4,0.0030627871362940277,1643
M-2022-6,39,1,26,0.0030609842241582294,1644
M-2022-6,41,42,7,0.003048780487804878,1645
M-2022-6,41,131,7,0.003048780487804878,1646
M-2022-6,128,131,10,0.003047851264858275,1647
M-2022-6,161,117,7,0.003035559410234172,1648
M-2022-6,167,3,1,0.0030303030303030303,1649
M-2022-6,167,16,1,0.0030303030303030303,1650
M-2022-6,167,28,1,0.0030303030303030303,1651
M-2022-6,167,32,1,0.0030303030303030303,1652
M-2022-6,167,73,1,0.0030303030303030303,1653
M-2022-6,167,82,1,0.0030303030303030303,1654
M-2022-6,167,127,1,0.0030303030303030303,1655
M-2022-6,167,129,1,0.0030303030303030303,1656
M-2022-6,167,137,1,0.0030303030303030303,1657
M-2022-6,167,155,1,0.0030303030303030303,1658
M-2022-6,143,25,13,0.0030295968305756233,1659
M-2022-6,143,158,13,0.0030295968305756233,1660
M-2022-6,171,93,17,0.0030249110320284696,1661
M-2022-6,155,86,23,0.0030199579831932774,1662
M-2022-6,155,149,23,0.0030199579831932774,1663
M-2022-6,104,19,6,0.003015075376884422,1664
M-2022-6,166,0,7,0.0030042918454935624,1665
M-2022-6,32,23,9,0.0030010003334444814,1666
M-2022-6,32,68,9,0.0030010003334444814,1667
M-2022-6,31,158,28,0.0029978586723768737,1668
M-2022-6,110,153,23,0.002995961964308975,1669
M-2022-6,12,86,9,0.0029920212765957447,1670
M-2022-6,12,117,9,0.0029920212765957447,1671
M-2022-6,12,133,9,0.0029920212765957447,1672
M-2022-6,24,20,22,0.002991162474507138,1673
M-2022-6,96,164,154,0.002990755845568244,1674
M-2022-6,51,112,59,0.0029829617270842814,1675
M-2022-6,14,49,24,0.0029795158286778397,1676
M-2022-6,17,49,35,0.002976190476190476,1677
M-2022-6,76,75,29,0.0029740539431853145,1678
M-2022-6,45,29,8,0.0029717682020802376,1679
M-2022-6,45,125,8,0.0029717682020802376,1680
M-2022-6,45,138,8,0.0029717682020802376,1681
M-2022-6,45,149,8,0.0029717682020802376,1682
M-2022-6,36,37,2,0.0029717682020802376,1683
M-2022-6,36,64,2,0.0029717682020802376,1684
M-2022-6,36,68,2,0.0029717682020802376,1685
M-2022-6,36,82,2,0.0029717682020802376,1686
M-2022-6,36,88,2,0.0029717682020802376,1687
M-2022-6,36,96,2,0.0029717682020802376,1688
M-2022-6,36,117,2,0.0029717682020802376,1689
M-2022-6,36,122,2,0.0029717682020802376,1690
M-2022-6,36,155,2,0.0029717682020802376,1691
M-2022-6,88,28,1,0.002967359050445104,1692
M-2022-6,88,60,1,0.002967359050445104,1693
M-2022-6,88,62,1,0.002967359050445104,1694
M-2022-6,88,64,1,0.002967359050445104,1695
M-2022-6,88,68,1,0.002967359050445104,1696
M-2022-6,88,76,1,0.002967359050445104,1697
M-2022-6,88,96,1,0.002967359050445104,1698
M-2022-6,88,101,1,0.002967359050445104,1699
M-2022-6,88,110,1,0.002967359050445104,1700
M-2022-6,88,122,1,0.002967359050445104,1701
M-2022-6,88,126,1,0.002967359050445104,1702
M-2022-6,88,132,1,0.002967359050445104,1703
M-2022-6,88,136,1,0.002967359050445104,1704
M-2022-6,88,152,1,0.002967359050445104,1705
M-2022-6,88,153,1,0.002967359050445104,1706
M-2022-6,88,162,1,0.002967359050445104,1707
M-2022-6,88,168,1,0.002967359050445104,1708
M-2022-6,130,140,20,0.0029515938606847697,1709
M-2022-6,0,91,4,0.0029498525073746312,1710
M-2022-6,73,75,79,0.0029471013952100276,1711
M-2022-6,135,129,9,0.002942137953579601,1712
M-2022-6,135,134,9,0.002942137953579601,1713
M-2022-6,135,149,9,0.002942137953579601,1714
M-2022-6,105,11,5,0.0029411764705882353,1715
M-2022-6,105,28,5,0.0029411764705882353,1716
M-2022-6,105,72,5,0.0029411764705882353,1717
M-2022-6,79,140,63,0.0029406273338312174,1718
M-2022-6,43,18,4,0.00293470286133529,1719
M-2022-6,43,54,4,0.00293470286133529,1720
M-2022-6,43,60,4,0.00293470286133529,1721
M-2022-6,43,128,4,0.00293470286133529,1722
M-2022-6,43,136,4,0.00293470286133529,1723
M-2022-6,169,45,9,0.0029335071707953064,1724
M-2022-6,154,15,6,0.0029296875,1725
M-2022-6,154,68,6,0.0029296875,1726
M-2022-6,154,76,6,0.0029296875,1727
M-2022-6,154,91,6,0.0029296875,1728
M-2022-6,154,175,6,0.0029296875,1729
M-2022-6,119,82,6,0.0029254022428083864,1730
M-2022-6,119,118,6,0.0029254022428083864,1731
M-2022-6,149,133,157,0.0029210932703220647,1732
M-2022-6,54,125,20,0.002918855808523059,1733
M-2022-6,9,29,5,0.0029171528588098016,1734
M-2022-6,9,82,5,0.0029171528588098016,1735
M-2022-6,9,105,5,0.0029171528588098016,1736
M-2022-6,9,130,5,0.0029171528588098016,1737
M-2022-6,127,155,18,0.0029140359397765905,1738
M-2022-6,142,108,146,0.0029025844930417495,1739
M-2022-6,26,149,9,0.0028938906752411574,1740
M-2022-6,26,159,9,0.0028938906752411574,1741
M-2022-6,120,87,6,0.002891566265060241,1742
M-2022-6,157,49,4,0.002890173410404624,1743
M-2022-6,157,82,4,0.002890173410404624,1744
M-2022-6,157,93,4,0.002890173410404624,1745
M-2022-6,157,143,4,0.002890173410404624,1746
M-2022-6,87,127,32,0.00288912964969303,1747
M-2022-6,155,158,22,0.002888655462184874,1748
M-2022-6,155,171,22,0.002888655462184874,1749
M-2022-6,56,155,22,0.002887518046987794,1750
M-2022-6,35,29,9,0.0028873917228103944,1751
M-2022-6,35,93,9,0.0028873917228103944,1752
M-2022-6,35,149,9,0.0028873917228103944,1753
M-2022-6,93,132,95,0.002880009701085309,1754
M-2022-6,163,141,6,0.0028776978417266188,1755
M-2022-6,163,166,6,0.0028776978417266188,1756
M-2022-6,163,171,6,0.0028776978417266188,1757
M-2022-6,111,19,8,0.0028704700394689632,1758
M-2022-6,111,82,8,0.0028704700394689632,1759
M-2022-6,111,128,8,0.0028704700394689632,1760
M-2022-6,124,151,91,0.0028566943964840686,1761
M-2022-6,14,82,23,0.002855369335816263,1762
M-2022-6,14,116,23,0.002855369335816263,1763
M-2022-6,171,133,16,0.0028469750889679717,1764
M-2022-6,151,122,6,0.0028462998102466793,1765
M-2022-6,151,125,6,0.0028462998102466793,1766
M-2022-6,151,149,6,0.0028462998102466793,1767
M-2022-6,151,163,6,0.0028462998102466793,1768
M-2022-6,4,28,9,0.002840909090909091,1769
M-2022-6,4,107,9,0.002840909090909091,1770
M-2022-6,176,65,8,0.0028368794326241137,1771
M-2022-6,176,129,8,0.0028368794326241137,1772
M-2022-6,176,172,8,0.0028368794326241137,1773
M-2022-6,44,171,9,0.0028337531486146094,1774
M-2022-6,52,75,5,0.002828054298642534,1775
M-2022-6,52,82,5,0.002828054298642534,1776
M-2022-6,52,86,5,0.002828054298642534,1777
M-2022-6,52,124,5,0.002828054298642534,1778
M-2022-6,129,156,88,0.002824224140697712,1779
M-2022-6,159,138,7,0.0028214429665457475,1780
M-2022-6,159,142,7,0.0028214429665457475,1781
M-2022-6,16,53,4,0.0028188865398167725,1782
M-2022-6,16,77,4,0.0028188865398167725,1783
M-2022-6,16,91,4,0.0028188865398167725,1784
M-2022-6,16,99,4,0.0028188865398167725,1785
M-2022-6,16,106,4,0.0028188865398167725,1786
M-2022-6,16,131,4,0.0028188865398167725,1787
M-2022-6,16,172,4,0.0028188865398167725,1788
M-2022-6,17,142,33,0.0028061224489795917,1789
M-2022-6,2,142,21,0.002798134576948701,1790
M-2022-6,129,124,87,0.0027921306845534195,1791
M-2022-6,158,28,40,0.002785515320334262,1792
M-2022-6,31,71,26,0.00278372591006424,1793
M-2022-6,173,175,9,0.0027803521779425394,1794
M-2022-6,156,139,83,0.0027759197324414716,1795
M-2022-6,22,60,2,0.0027739251040221915,1796
M-2022-6,22,117,2,0.0027739251040221915,1797
M-2022-6,22,175,2,0.0027739251040221915,1798
M-2022-6,149,124,149,0.0027722477533629786,1799
M-2022-6,46,112,19,0.0027712952158693116,1800
M-2022-6,46,127,19,0.0027712952158693116,1801
M-2022-6,121,139,5,0.002767017155506364,1802
M-2022-6,121,142,5,0.002767017155506364,1803
M-2022-6,121,158,5,0.002767017155506364,1804
M-2022-6,160,28,6,0.0027637033625057578,1805
M-2022-6,160,104,6,0.0027637033625057578,1806
M-2022-6,160,132,6,0.0027637033625057578,1807
M-2022-6,28,115,48,0.0027635442454948473,1808
M-2022-6,155,66,21,0.0027573529411764708,1809
M-2022-6,155,117,21,0.0027573529411764708,1810
M-2022-6,155,177,21,0.0027573529411764708,1811
M-2022-6,56,117,21,0.0027562672266701668,1812
M-2022-6,65,149,9,0.0027556644213104714,1813
M-2022-6,149,99,148,0.0027536420637430926,1814
M-2022-6,71,142,383,0.0027506463659867854,1815
M-2022-6,142,46,138,0.0027435387673956264,1816
M-2022-6,110,122,21,0.0027354435326299334,1817
M-2022-6,14,77,22,0.0027312228429546867,1818
M-2022-6,125,93,11,0.0027160493827160493,1819
M-2022-6,141,1,6,0.0027149321266968325,1820
M-2022-6,141,49,6,0.0027149321266968325,1821
M-2022-6,141,60,6,0.0027149321266968325,1822
M-2022-6,141,117,6,0.0027149321266968325,1823
M-2022-6,141,127,6,0.0027149321266968325,1824
M-2022-6,156,93,81,0.002709030100334448,1825
M-2022-6,156,136,81,0.002709030100334448,1826
M-2022-6,28,156,47,0.002705970407047038,1827
M-2022-6,123,117,7,0.002704791344667697,1828
M-2022-6,123,163,7,0.002704791344667697,1829
M-2022-6,153,125,189,0.0027042108425977592,1830
M-2022-6,67,29,6,0.0026833631484794273,1831
M-2022-6,67,133,6,0.0026833631484794273,1832
M-2022-6,67,135,6,0.0026833631484794273,1833
M-2022-6,20,23,4,0.0026755852842809363,1834
M-2022-6,40,142,4,0.00267379679144385,1835
M-2022-6,32,53,8,0.00266755585195065,1836
M-2022-6,32,83,8,0.00266755585195065,1837
M-2022-6,134,133,24,0.0026622296173044926,1838
M-2022-6,12,60,8,0.0026595744680851063,1839
M-2022-6,68,28,12,0.002646669607410675,1840
M-2022-6,68,51,12,0.002646669607410675,1841
M-2022-6,68,141,12,0.002646669607410675,1842
M-2022-6,10,115,5,0.002638522427440633,1843
M-2022-6,34,105,2,0.002628120893561104,1844
M-2022-6,34,115,2,0.002628120893561104,1845
M-2022-6,155,25,20,0.0026260504201680674,1846
M-2022-6,117,18,196,0.0026253750535790827,1847
M-2022-6,56,172,20,0.0026250164063525397,1848
M-2022-6,49,133,82,0.002620394337391749,1849
M-2022-6,139,23,3,0.0026200873362445414,1850
M-2022-6,139,25,3,0.0026200873362445414,1851
M-2022-6,139,52,3,0.0026200873362445414,1852
M-2022-6,139,72,3,0.0026200873362445414,1853
M-2022-6,139,77,3,0.0026200873362445414,1854
M-2022-6,139,105,3,0.0026200873362445414,1855
M-2022-6,139,136,3,0.0026200873362445414,1856
M-2022-6,139,138,3,0.0026200873362445414,1857
M-2022-6,139,163,3,0.0026200873362445414,1858
M-2022-6,135,86,8,0.002615233736515201,1859
M-2022-6,102,117,183,0.0025969971333692846,1860
M-2022-6,11,77,4,0.0025940337224383916,1861
M-2022-6,11,135,4,0.0025940337224383916,1862
M-2022-6,11,155,4,0.0025940337224383916,1863
M-2022-6,126,99,5,0.002583979328165375,1864
M-2022-6,126,136,5,0.002583979328165375,1865
M-2022-6,126,155,5,0.002583979328165375,1866
M-2022-6,126,156,5,0.002583979328165375,1867
M-2022-6,50,117,4,0.002583979328165375,1868
M-2022-6,24,133,19,0.0025832766825288917,1869
M-2022-6,66,25,14,0.0025787437833855223,1870
M-2022-6,13,54,5,0.0025786487880350697,1871
M-2022-6,13,135,5,0.0025786487880350697,1872
M-2022-6,156,133,77,0.0025752508361204015,1873
M-2022-6,166,50,6,0.002575107296137339,1874
M-2022-6,166,160,6,0.002575107296137339,1875
M-2022-6,26,46,8,0.002572347266881029,1876
M-2022-6,18,23,75,0.0025689330364788493,1877
M-2022-6,149,153,138,0.002567585167544235,1878
M-2022-6,35,19,8,0.0025665704202759063,1879
M-2022-6,35,53,8,0.0025665704202759063,1880
M-2022-6,143,136,11,0.002563505010487066,1881
M-2022-6,122,149,142,0.0025534516552480624,1882
M-2022-6,17,153,30,0.002551020408163265,1883
M-2022-6,174,71,8,0.0025404890441409972,1884
M-2022-6,19,117,49,0.002536231884057971,1885
M-2022-6,2,149,19,0.002531645569620253,1886
M-2022-6,116,119,9,0.002530222097272983,1887
M-2022-6,116,142,9,0.002530222097272983,1888
M-2022-6,99,11,60,0.002524933720489837,1889
M-2022-6,99,138,60,0.002524933720489837,1890
M-2022-6,63,136,27,0.0025193617616870393,1891
M-2022-6,44,105,8,0.0025188916876574307,1892
M-2022-6,44,157,8,0.0025188916876574307,1893
M-2022-6,60,62,61,0.00251847570290244,1894
M-2022-6,62,143,30,0.0025184687709872396,1895
M-2022-6,104,129,5,0.002512562814070352,1896
M-2022-6,104,132,5,0.002512562814070352,1897
M-2022-6,111,66,7,0.002511661284535343,1898
M-2022-6,130,51,17,0.0025088547815820543,1899
M-2022-6,158,175,36,0.0025069637883008357,1900
M-2022-6,96,29,129,0.002505243532975996,1901
M-2022-6,75,49,64,0.002502737368997341,1902
M-2022-6,152,3,2,0.0025,1903
M-2022-6,152,27,2,0.0025,1904
M-2022-6,42,18,2,0.0024968789013732834,1905
M-2022-6,42,29,2,0.0024968789013732834,1906
M-2022-6,42,64,2,0.0024968789013732834,1907
M-2022-6,42,133,2,0.0024968789013732834,1908
M-2022-6,42,149,2,0.0024968789013732834,1909
M-2022-6,42,162,2,0.0024968789013732834,1910
M-2022-6,155,39,19,0.0024947478991596637,1911
M-2022-6,171,49,14,0.002491103202846975,1912
M-2022-6,61,171,34,0.0024902951732220023,1913
M-2022-6,86,153,56,0.0024862369028591726,1914
M-2022-6,14,50,20,0.002482929857231533,1915
M-2022-6,14,91,20,0.002482929857231533,1916
M-2022-6,28,149,43,0.0024756750532558005,1917
M-2022-6,92,140,2,0.0024752475247524753,1918
M-2022-6,101,98,137,0.002471006258680086,1919
M-2022-6,31,156,23,0.002462526766595289,1920
M-2022-6,136,133,53,0.0024615670428684224,1921
M-2022-6,153,158,172,0.0024609749467027226,1922
M-2022-6,49,175,77,0.0024606141948678617,1923
M-2022-6,103,1,6,0.0024549918166939444,1924
M-2022-6,108,71,29,0.0024532611454191693,1925
M-2022-6,154,141,5,0.00244140625,1926
M-2022-6,154,143,5,0.00244140625,1927
M-2022-6,53,176,20,0.0024405125076266015,1928
M-2022-6,119,68,5,0.0024378352023403218,1929
M-2022-6,119,117,5,0.0024378352023403218,1930
M-2022-6,119,142,5,0.0024378352023403218,1931
M-2022-6,87,124,27,0.002437703141928494,1932
M-2022-6,69,29,2,0.00243605359317905,1933
M-2022-6,69,117,2,0.00243605359317905,1934
M-2022-6,69,156,2,0.00243605359317905,1935
M-2022-6,115,11,42,0.002435206122803966,1936
M-2022-6,115,128,42,0.002435206122803966,1937
M-2022-6,127,156,15,0.0024283632831471587,1938
M-2022-6,74,163,14,0.002428026361429067,1939
M-2022-6,63,153,26,0.0024260520668097415,1940
M-2022-6,132,60,40,0.0024202819628486717,1941
M-2022-6,159,140,6,0.0024183796856106408,1942
M-2022-6,159,149,6,0.0024183796856106408,1943
M-2022-6,83,14,58,0.002411842980705256,1944
M-2022-6,142,77,121,0.0024055666003976145,1945
M-2022-6,2,50,18,0.0023984010659560294,1946
M-2022-6,163,54,5,0.002398081534772182,1947
M-2022-6,163,60,5,0.002398081534772182,1948
M-2022-6,163,63,5,0.002398081534772182,1949
M-2022-6,163,112,5,0.002398081534772182,1950
M-2022-6,163,149,5,0.002398081534772182,1951
M-2022-6,49,153,75,0.002396702137858307,1952
M-2022-6,153,18,167,0.0023894349773218295,1953
M-2022-6,150,4,5,0.0023775558725630053,1954
M-2022-6,150,97,5,0.0023775558725630053,1955
M-2022-6,150,167,5,0.0023775558725630053,1956
M-2022-6,115,61,41,0.0023772250246419666,1957
M-2022-6,115,117,41,0.0023772250246419666,1958
M-2022-6,172,138,16,0.0023767082590612004,1959
M-2022-6,84,61,4,0.002372479240806643,1960
M-2022-6,84,87,4,0.002372479240806643,1961
M-2022-6,84,96,4,0.002372479240806643,1962
M-2022-6,89,14,2,0.002372479240806643,1963
M-2022-6,89,28,2,0.002372479240806643,1964
M-2022-6,89,46,2,0.002372479240806643,1965
M-2022-6,89,50,2,0.002372479240806643,1966
M-2022-6,89,99,2,0.002372479240806643,1967
M-2022-6,89,132,2,0.002372479240806643,1968
M-2022-6,151,6,5,0.0023719165085388993,1969
M-2022-6,151,14,5,0.0023719165085388993,1970
M-2022-6,151,66,5,0.0023719165085388993,1971
M-2022-6,151,132,5,0.0023719165085388993,1972
M-2022-6,1,133,22,0.0023671185711211535,1973
M-2022-6,1,157,22,0.0023671185711211535,1974
M-2022-6,142,175,119,0.0023658051689860837,1975
M-2022-6,49,61,74,0.0023647461093535297,1976
M-2022-6,155,125,18,0.0023634453781512603,1977
M-2022-6,112,125,8,0.002362669816893089,1978
M-2022-6,130,96,16,0.0023612750885478157,1979
M-2022-6,130,155,16,0.0023612750885478157,1980
M-2022-6,153,142,165,0.0023608189895694726,1981
M-2022-6,91,53,10,0.002357934449422306,1982
M-2022-6,99,105,56,0.0023566048057905146,1983
M-2022-6,105,112,4,0.002352941176470588,1984
M-2022-6,105,123,4,0.002352941176470588,1985
M-2022-6,105,136,4,0.002352941176470588,1986
M-2022-6,105,156,4,0.002352941176470588,1987
M-2022-6,72,74,39,0.002342764462065237,1988
M-2022-6,122,172,130,0.002337667008325691,1989
M-2022-6,54,133,16,0.002335084646818447,1990
M-2022-6,32,11,7,0.002334111370456819,1991
M-2022-6,32,176,7,0.002334111370456819,1992
M-2022-6,9,71,4,0.002333722287047841,1993
M-2022-6,9,136,4,0.002333722287047841,1994
M-2022-6,9,149,4,0.002333722287047841,1995
M-2022-6,63,93,25,0.0023327423719324437,1996
M-2022-6,143,151,10,0.0023304591004427873,1997
M-2022-6,19,93,45,0.002329192546583851,1998
M-2022-6,12,49,7,0.002327127659574468,1999
M-2022-6,12,88,7,0.002327127659574468,2000
M-2022-6,12,125,7,0.002327127659574468,2001
M-2022-6,12,136,7,0.002327127659574468,2002
M-2022-6,177,74,4,0.0023228803716608595,2003
M-2022-6,90,96,13,0.0023181169757489303,2004
M-2022-6,148,134,15,0.0023141005862388152,2005
M-2022-6,8,133,4,0.0023094688221709007,2006
M-2022-6,8,142,4,0.0023094688221709007,2007
M-2022-6,156,28,69,0.002307692307692308,2008
M-2022-6,153,25,161,0.0023035870140647578,2009
M-2022-6,160,45,5,0.0023030861354214646,2010
M-2022-6,160,63,5,0.0023030861354214646,2011
M-2022-6,160,66,5,0.0023030861354214646,2012
M-2022-6,160,95,5,0.0023030861354214646,2013
M-2022-6,160,110,5,0.0023030861354214646,2014
M-2022-6,160,122,5,0.0023030861354214646,2015
M-2022-6,160,154,5,0.0023030861354214646,2016
M-2022-6,170,142,6,0.002297970126388357,2017
M-2022-6,146,60,14,0.0022928267278087126,2018
M-2022-6,135,142,7,0.002288329519450801,2019
M-2022-6,145,171,3,0.002277904328018223,2020
M-2022-6,62,117,27,0.0022666218938885156,2021
M-2022-6,2,93,17,0.0022651565622918055,2022
M-2022-6,2,136,17,0.0022651565622918055,2023
M-2022-6,141,11,5,0.0022624434389140274,2024
M-2022-6,141,17,5,0.0022624434389140274,2025
M-2022-6,141,46,5,0.0022624434389140274,2026
M-2022-6,141,83,5,0.0022624434389140274,2027
M-2022-6,52,18,4,0.0022624434389140274,2028
M-2022-6,52,25,4,0.0022624434389140274,2029
M-2022-6,52,140,4,0.0022624434389140274,2030
M-2022-6,76,78,22,0.002256178853450928,2031
M-2022-6,15,17,2,0.0022522522522522522,2032
M-2022-6,15,23,2,0.0022522522522522522,2033
M-2022-6,15,51,2,0.0022522522522522522,2034
M-2022-6,15,63,2,0.0022522522522522522,2035
M-2022-6,15,68,2,0.0022522522522522522,2036
M-2022-6,15,71,2,0.0022522522522522522,2037
M-2022-6,15,99,2,0.0022522522522522522,2038
M-2022-6,15,105,2,0.0022522522522522522,2039
M-2022-6,15,139,2,0.0022522522522522522,2040
M-2022-6,15,175,2,0.0022522522522522522,2041
M-2022-6,26,29,7,0.0022508038585209,2042
M-2022-6,26,86,7,0.0022508038585209,2043
M-2022-6,26,89,7,0.0022508038585209,2044
M-2022-6,116,71,8,0.002249086308687096,2045
M-2022-6,129,25,70,0.0022465419301004527,2046
M-2022-6,35,126,7,0.002245749117741418,2047
M-2022-6,35,155,7,0.002245749117741418,2048
M-2022-6,70,2,5,0.002242152466367713,2049
M-2022-6,70,140,5,0.002242152466367713,2050
M-2022-6,82,130,152,0.0022387180393543065,2051
M-2022-6,39,157,19,0.00223687308688486,2052
M-2022-6,67,71,5,0.0022361359570661895,2053
M-2022-6,67,75,5,0.0022361359570661895,2054
M-2022-6,67,122,5,0.0022361359570661895,2055
M-2022-6,14,53,18,0.0022346368715083797,2056
M-2022-6,155,93,17,0.002232142857142857,2057
M-2022-6,155,163,17,0.002232142857142857,2058
M-2022-6,45,25,6,0.002228826151560178,2059
M-2022-6,172,28,15,0.0022281639928698753,2060
M-2022-6,172,53,15,0.0022281639928698753,2061
M-2022-6,172,176,15,0.0022281639928698753,2062
M-2022-6,18,175,65,0.0022264086316150025,2063
M-2022-6,51,155,44,0.002224581626978108,2064
M-2022-6,125,14,9,0.0022222222222222222,2065
M-2022-6,125,129,9,0.0022222222222222222,2066
M-2022-6,140,133,148,0.0022177932956708077,2067
M-2022-6,130,149,15,0.0022136953955135775,2068
M-2022-6,121,32,4,0.002213613724405091,2069
M-2022-6,121,46,4,0.002213613724405091,2070
M-2022-6,121,71,4,0.002213613724405091,2071
M-2022-6,121,82,4,0.002213613724405091,2072
M-2022-6,121,133,4,0.002213613724405091,2073
M-2022-6,121,150,4,0.002213613724405091,2074
M-2022-6,0,142,3,0.0022123893805309734,2075
M-2022-6,68,96,10,0.0022055580061755625,2076
M-2022-6,68,112,10,0.0022055580061755625,2077
M-2022-6,107,155,6,0.002204261572373255,2078
M-2022-6,44,143,7,0.002204030226700252,2079
M-2022-6,43,11,3,0.0022010271460014674,2080
M-2022-6,43,19,3,0.0022010271460014674,2081
M-2022-6,43,104,3,0.0022010271460014674,2082
M-2022-6,43,105,3,0.0022010271460014674,2083
M-2022-6,43,117,3,0.0022010271460014674,2084
M-2022-6,43,122,3,0.0022010271460014674,2085
M-2022-6,43,132,3,0.0022010271460014674,2086
M-2022-6,43,168,3,0.0022010271460014674,2087
M-2022-6,53,155,18,0.0021964612568639414,2088
M-2022-6,37,16,2,0.0021929824561403508,2089
M-2022-6,37,42,2,0.0021929824561403508,2090
M-2022-6,37,105,2,0.0021929824561403508,2091
M-2022-6,18,1,64,0.002192156191128618,2092
M-2022-6,46,11,15,0.002187864644107351,2093
M-2022-6,168,12,11,0.0021877486077963404,2094
M-2022-6,41,61,5,0.0021777003484320556,2095
M-2022-6,41,105,5,0.0021777003484320556,2096
M-2022-6,41,155,5,0.0021777003484320556,2097
M-2022-6,24,149,16,0.002175390890550646,2098
M-2022-6,156,12,65,0.002173913043478261,2099
M-2022-6,6,151,6,0.00216998191681736,2100
M-2022-6,157,53,3,0.002167630057803468,2101
M-2022-6,157,60,3,0.002167630057803468,2102
M-2022-6,157,87,3,0.002167630057803468,2103
M-2022-6,157,129,3,0.002167630057803468,2104
M-2022-6,157,131,3,0.002167630057803468,2105
M-2022-6,157,147,3,0.002167630057803468,2106
M-2022-6,157,151,3,0.002167630057803468,2107
M-2022-6,73,71,58,0.0021636946952174885,2108
M-2022-6,173,117,7,0.002162496138399753,2109
M-2022-6,64,39,6,0.002161383285302594,2110
M-2022-6,158,51,31,0.002158774373259053,2111
M-2022-6,149,98,116,0.002158259995906748,2112
M-2022-6,111,10,6,0.002152852529601722,2113
M-2022-6,111,53,6,0.002152852529601722,2114
M-2022-6,111,63,6,0.002152852529601722,2115
M-2022-6,166,95,5,0.002145922746781116,2116
M-2022-6,166,105,5,0.002145922746781116,2117
M-2022-6,166,157,5,0.002145922746781116,2118
M-2022-6,166,168,5,0.002145922746781116,2119
M-2022-6,31,140,20,0.0021413276231263384,2120
M-2022-6,156,68,64,0.002140468227424749,2121
M-2022-6,85,130,5,0.0021404109589041095,2122
M-2022-6,90,158,12,0.0021398002853067048,2123
M-2022-6,124,166,68,0.002134672735834249,2124
M-2022-6,128,143,7,0.0021334958854007926,2125
M-2022-6,128,158,7,0.0021334958854007926,2126
M-2022-6,113,14,7,0.00213089802130898,2127
M-2022-6,176,49,6,0.002127659574468085,2128
M-2022-6,176,71,6,0.002127659574468085,2129
M-2022-6,176,86,6,0.002127659574468085,2130
M-2022-6,176,96,6,0.002127659574468085,2131
M-2022-6,176,143,6,0.002127659574468085,2132
M-2022-6,51,140,42,0.002123464280297285,2133
M-2022-6,57,133,7,0.0021231422505307855,2134
M-2022-6,132,122,35,0.0021177467174925877,2135
M-2022-6,108,78,25,0.002114880297775146,2136
M-2022-6,108,158,25,0.002114880297775146,2137
M-2022-6,16,43,3,0.0021141649048625794,2138
M-2022-6,16,76,3,0.0021141649048625794,2139
M-2022-6,16,82,3,0.0021141649048625794,2140
M-2022-6,16,109,3,0.0021141649048625794,2141
M-2022-6,16,113,3,0.0021141649048625794,2142
M-2022-6,16,151,3,0.0021141649048625794,2143
M-2022-6,16,163,3,0.0021141649048625794,2144
M-2022-6,10,25,4,0.0021108179419525065,2145
M-2022-6,10,93,4,0.0021108179419525065,2146
M-2022-6,10,125,4,0.0021108179419525065,2147
M-2022-6,10,149,4,0.0021108179419525065,2148
M-2022-6,14,75,17,0.002110490378646803,2149
M-2022-6,127,61,13,0.002104581512060871,2150
M-2022-6,109,53,4,0.0021019442984760903,2151
M-2022-6,155,172,16,0.0021008403361344537,2152
M-2022-6,79,80,45,0.0021004480955937265,2153
M-2022-6,158,77,30,0.0020891364902506965,2154
M-2022-6,153,117,146,0.0020889671059220786,2155
M-2022-6,142,79,105,0.002087475149105368,2156
M-2022-6,172,133,14,0.0020796197266785502,2157
M-2022-6,53,18,17,0.0020744356314826113,2158
M-2022-6,126,12,4,0.0020671834625322996,2159
M-2022-6,126,117,4,0.0020671834625322996,2160
M-2022-6,138,97,83,0.0020670933678679053,2161
M-2022-6,130,117,14,0.002066115702479339,2162
M-2022-6,13,117,4,0.0020629190304280558,2163
M-2022-6,13,132,4,0.0020629190304280558,2164
M-2022-6,103,133,5,0.0020458265139116204,2165
M-2022-6,46,149,14,0.002042007001166861,2166
M-2022-6,17,155,24,0.0020408163265306124,2167
M-2022-6,137,117,3,0.002033898305084746,2168
M-2022-6,137,149,3,0.002033898305084746,2169
M-2022-6,66,11,11,0.0020261558298029104,2170
M-2022-6,66,19,11,0.0020261558298029104,2171
M-2022-6,66,176,11,0.0020261558298029104,2172
M-2022-6,99,28,48,0.0020199469763918696,2173
M-2022-6,99,86,48,0.0020199469763918696,2174
M-2022-6,158,49,29,0.00201949860724234,2175
M-2022-6,164,25,5,0.0020185708518368995,2176
M-2022-6,164,137,5,0.0020185708518368995,2177
M-2022-6,159,11,5,0.002015316404675534,2178
M-2022-6,159,86,5,0.002015316404675534,2179
M-2022-6,159,96,5,0.002015316404675534,2180
M-2022-6,159,153,5,0.002015316404675534,2181
M-2022-6,104,25,4,0.0020100502512562816,2182
M-2022-6,104,61,4,0.0020100502512562816,2183
M-2022-6,20,18,3,0.002006688963210702,2184
M-2022-6,20,52,3,0.002006688963210702,2185
M-2022-6,20,136,3,0.002006688963210702,2186
M-2022-6,20,143,3,0.002006688963210702,2187
M-2022-6,40,79,3,0.002005347593582888,2188
M-2022-6,82,79,136,0.0020030635088959586,2189
M-2022-6,39,133,17,0.0020014127619496116,2190
M-2022-6,32,52,6,0.0020006668889629878,2191
M-2022-6,32,132,6,0.0020006668889629878,2192
M-2022-6,12,142,6,0.0019946808510638296,2193
M-2022-6,149,97,107,0.0019908087893277765,2194
M-2022-6,14,11,16,0.0019863438857852266,2195
M-2022-6,14,17,16,0.0019863438857852266,2196
M-2022-6,14,135,16,0.0019863438857852266,2197
M-2022-6,14,136,16,0.0019863438857852266,2198
M-2022-6,14,140,16,0.0019863438857852266,2199
M-2022-6,14,172,16,0.0019863438857852266,2200
M-2022-6,68,133,9,0.001985002205558006,2201
M-2022-6,49,142,62,0.0019812737672962005,2202
M-2022-6,61,133,27,0.001977587343441002,2203
M-2022-6,165,149,11,0.0019752199676782187,2204
M-2022-6,165,172,11,0.0019752199676782187,2205
M-2022-6,118,28,7,0.0019746121297602257,2206
M-2022-6,115,149,34,0.0019713573375079725,2207
M-2022-6,116,143,7,0.001967950520101209,2208
M-2022-6,90,124,11,0.0019614835948644793,2209
M-2022-6,135,46,6,0.001961425302386401,2210
M-2022-6,135,155,6,0.001961425302386401,2211
M-2022-6,63,149,21,0.001959503592423253,2212
M-2022-6,171,153,11,0.0019572953736654805,2213
M-2022-6,171,155,11,0.0019572953736654805,2214
M-2022-6,169,122,6,0.001955671447196871,2215
M-2022-6,75,140,50,0.0019552635695291726,2216
M-2022-6,154,50,4,0.001953125,2217
M-2022-6,154,74,4,0.001953125,2218
M-2022-6,154,117,4,0.001953125,2219
M-2022-6,154,126,4,0.001953125,2220
M-2022-6,97,164,82,0.0019530784804096702,2221
M-2022-6,53,149,16,0.0019524100061012813,2222
M-2022-6,136,25,42,0.0019506757698202592,2223
M-2022-6,119,28,4,0.0019502681618722574,2224
M-2022-6,119,51,4,0.0019502681618722574,2225
M-2022-6,119,139,4,0.0019502681618722574,2226
M-2022-6,158,82,28,0.0019498607242339832,2227
M-2022-6,11,18,3,0.0019455252918287938,2228
M-2022-6,11,46,3,0.0019455252918287938,2229
M-2022-6,11,125,3,0.0019455252918287938,2230
M-2022-6,11,129,3,0.0019455252918287938,2231
M-2022-6,127,23,12,0.001942690626517727,2232
M-2022-6,127,142,12,0.001942690626517727,2233
M-2022-6,50,68,3,0.001937984496124031,2234
M-2022-6,50,87,3,0.001937984496124031,2235
M-2022-6,50,104,3,0.001937984496124031,2236
M-2022-6,50,110,3,0.001937984496124031,2237
M-2022-6,132,175,32,0.0019362255702789375,2238
M-2022-6,149,125,104,0.0019349917204681192,2239
M-2022-6,123,153,5,0.0019319938176197836,2240
M-2022-6,172,102,13,0.0019310754604872252,2241
M-2022-6,26,175,6,0.0019292604501607716,2242
M-2022-6,120,82,4,0.0019277108433734939,2243
M-2022-6,35,99,6,0.0019249278152069298,2244
M-2022-6,163,18,4,0.0019184652278177458,2245
M-2022-6,163,32,4,0.0019184652278177458,2246
M-2022-6,163,67,4,0.0019184652278177458,2247
M-2022-6,163,68,4,0.0019184652278177458,2248
M-2022-6,163,122,4,0.0019184652278177458,2249
M-2022-6,163,138,4,0.0019184652278177458,2250
M-2022-6,163,175,4,0.0019184652278177458,2251
M-2022-6,140,156,128,0.0019180914989585362,2252
M-2022-6,117,133,143,0.0019154522074582084,2253
M-2022-6,170,43,5,0.0019149751053236309,2254
M-2022-6,170,49,5,0.0019149751053236309,2255
M-2022-6,170,134,5,0.0019149751053236309,2256
M-2022-6,170,152,5,0.0019149751053236309,2257
M-2022-6,74,142,11,0.0019077349982656955,2258
M-2022-6,74,155,11,0.0019077349982656955,2259
M-2022-6,174,138,6,0.001905366783105748,2260
M-2022-6,174,149,6,0.001905366783105748,2261
M-2022-6,150,53,4,0.0019020446980504042,2262
M-2022-6,28,104,33,0.0018999366687777073,2263
M-2022-6,60,153,46,0.0018991783989100368,2264
M-2022-6,151,1,4,0.0018975332068311196,2265
M-2022-6,151,60,4,0.0018975332068311196,2266
M-2022-6,151,71,4,0.0018975332068311196,2267
M-2022-6,151,117,4,0.0018975332068311196,2268
M-2022-6,151,138,4,0.0018975332068311196,2269
M-2022-6,151,140,4,0.0018975332068311196,2270
M-2022-6,54,99,13,0.0018972562755399883,2271
M-2022-6,114,117,5,0.0018960940462646946,2272
M-2022-6,77,140,133,0.0018953698821450456,2273
M-2022-6,4,94,6,0.001893939393939394,2274
M-2022-6,25,71,105,0.0018928809648284689,2275
M-2022-6,82,74,128,0.0018852362436667844,2276
M-2022-6,39,155,16,0.0018836825994819873,2277
M-2022-6,158,155,27,0.0018802228412256267,2278
M-2022-6,17,117,22,0.0018707482993197278,2279
M-2022-6,77,74,131,0.0018668680794060224,2280
M-2022-6,63,117,20,0.001866193897545955,2281
M-2022-6,63,133,20,0.001866193897545955,2282
M-2022-6,2,49,14,0.001865423051299134,2283
M-2022-6,19,2,36,0.0018633540372670807,2284
M-2022-6,72,80,31,0.00186219739292365,2285
M-2022-6,14,28,15,0.00186219739292365,2286
M-2022-6,14,148,15,0.00186219739292365,2287
M-2022-6,14,158,15,0.00186219739292365,2288
M-2022-6,45,61,5,0.0018573551263001485,2289
M-2022-6,45,93,5,0.0018573551263001485,2290
M-2022-6,45,99,5,0.0018573551263001485,2291
M-2022-6,45,104,5,0.0018573551263001485,2292
M-2022-6,45,130,5,0.0018573551263001485,2293
M-2022-6,45,132,5,0.0018573551263001485,2294
M-2022-6,45,166,5,0.0018573551263001485,2295
M-2022-6,45,171,5,0.0018573551263001485,2296
M-2022-6,173,19,6,0.0018535681186283596,2297
M-2022-6,173,23,6,0.0018535681186283596,2298
M-2022-6,122,156,103,0.001852151552750355,2299
M-2022-6,62,63,22,0.0018468770987239758,2300
M-2022-6,62,171,22,0.0018468770987239758,2301
M-2022-6,76,153,18,0.0018459645164598502,2302
M-2022-6,160,99,4,0.0018424689083371719,2303
M-2022-6,160,153,4,0.0018424689083371719,2304
M-2022-6,66,27,10,0.001841959845275373,2305
M-2022-6,155,60,14,0.001838235294117647,2306
M-2022-6,155,106,14,0.001838235294117647,2307
M-2022-6,61,115,25,0.001831099392075002,2308
M-2022-6,61,156,25,0.001831099392075002,2309
M-2022-6,53,153,15,0.0018303843807199512,2310
M-2022-6,1,18,17,0.0018291370776845276,2311
M-2022-6,1,20,17,0.0018291370776845276,2312
M-2022-6,128,126,6,0.001828710758914965,2313
M-2022-6,128,133,6,0.001828710758914965,2314
M-2022-6,128,149,6,0.001828710758914965,2315
M-2022-6,140,171,122,0.001828180959944855,2316
M-2022-6,25,117,101,0.0018207712137873844,2317
M-2022-6,57,4,6,0.0018198362147406734,2318
M-2022-6,141,15,4,0.0018099547511312218,2319
M-2022-6,141,43,4,0.0018099547511312218,2320
M-2022-6,141,124,4,0.0018099547511312218,2321
M-2022-6,175,81,81,0.0018012809108699519,2322
M-2022-6,64,125,5,0.0018011527377521613,2323
M-2022-6,64,146,5,0.0018011527377521613,2324
M-2022-6,75,73,46,0.0017988424839668388,2325
M-2022-6,140,68,120,0.0017982107802736278,2326
M-2022-6,77,78,126,0.0017956135725584643,2327
M-2022-6,111,5,5,0.001794043774668102,2328
M-2022-6,111,20,5,0.001794043774668102,2329
M-2022-6,111,46,5,0.001794043774668102,2330
M-2022-6,111,112,5,0.001794043774668102,2331
M-2022-6,111,163,5,0.001794043774668102,2332
M-2022-6,111,170,5,0.001794043774668102,2333
M-2022-6,70,175,4,0.0017937219730941704,2334
M-2022-6,168,25,9,0.0017899761336515514,2335
M-2022-6,168,130,9,0.0017899761336515514,2336
M-2022-6,67,39,4,0.0017889087656529517,2337
M-2022-6,67,130,4,0.0017889087656529517,2338
M-2022-6,67,143,4,0.0017889087656529517,2339
M-2022-6,133,149,88,0.0017868745938921377,2340
M-2022-6,17,176,21,0.0017857142857142857,2341
M-2022-6,140,50,119,0.001783225690438014,2342
M-2022-6,90,25,10,0.001783166904422254,2343
M-2022-6,90,140,10,0.001783166904422254,2344
M-2022-6,127,14,11,0.0017807997409745831,2345
M-2022-6,127,16,11,0.0017807997409745831,2346
M-2022-6,127,25,11,0.0017807997409745831,2347
M-2022-6,127,104,11,0.0017807997409745831,2348
M-2022-6,171,19,10,0.0017793594306049821,2349
M-2022-6,171,39,10,0.0017793594306049821,2350
M-2022-6,171,156,10,0.0017793594306049821,2351
M-2022-6,84,117,3,0.0017793594306049821,2352
M-2022-6,86,93,40,0.001775883502042266,2353
M-2022-6,153,68,124,0.001774191240646149,2354
M-2022-6,176,107,5,0.0017730496453900709,2355
M-2022-6,176,109,5,0.0017730496453900709,2356
M-2022-6,176,124,5,0.0017730496453900709,2357
M-2022-6,176,133,5,0.0017730496453900709,2358
M-2022-6,176,139,5,0.0017730496453900709,2359
M-2022-6,112,39,6,0.0017720023626698169,2360
M-2022-6,112,77,6,0.0017720023626698169,2361
M-2022-6,112,104,6,0.0017720023626698169,2362
M-2022-6,112,122,6,0.0017720023626698169,2363
M-2022-6,112,159,6,0.0017720023626698169,2364
M-2022-6,130,111,12,0.0017709563164108619,2365
M-2022-6,51,117,35,0.0017695535669144042,2366
M-2022-6,105,43,3,0.0017647058823529412,2367
M-2022-6,105,88,3,0.0017647058823529412,2368
M-2022-6,105,124,3,0.0017647058823529412,2369
M-2022-6,105,138,3,0.0017647058823529412,2370
M-2022-6,105,149,3,0.0017647058823529412,2371
M-2022-6,105,162,3,0.0017647058823529412,2372
M-2022-6,68,108,8,0.00176444640494045,2373
M-2022-6,68,130,8,0.00176444640494045,2374
M-2022-6,93,148,58,0.001758321712241557,2375
M-2022-6,46,60,12,0.001750291715285881,2376
M-2022-6,9,45,3,0.001750291715285881,2377
M-2022-6,9,68,3,0.001750291715285881,2378
M-2022-6,9,90,3,0.001750291715285881,2379
M-2022-6,9,104,3,0.001750291715285881,2380
M-2022-6,139,62,2,0.0017467248908296944,2381
M-2022-6,139,67,2,0.0017467248908296944,2382
M-2022-6,139,71,2,0.0017467248908296944,2383
M-2022-6,139,83,2,0.0017467248908296944,2384
M-2022-6,139,137,2,0.0017467248908296944,2385
M-2022-6,139,148,2,0.0017467248908296944,2386
M-2022-6,139,149,2,0.0017467248908296944,2387
M-2022-6,139,151,2,0.0017467248908296944,2388
M-2022-6,139,172,2,0.0017467248908296944,2389
M-2022-6,83,176,42,0.001746506986027944,2390
M-2022-6,76,122,17,0.0017434109322120809,2391
M-2022-6,138,25,70,0.001743331756033173,2392
M-2022-6,41,37,4,0.0017421602787456446,2393
M-2022-6,41,60,4,0.0017421602787456446,2394
M-2022-6,41,128,4,0.0017421602787456446,2395
M-2022-6,41,175,4,0.0017421602787456446,2396
M-2022-6,177,65,3,0.0017421602787456446,2397
M-2022-6,177,71,3,0.0017421602787456446,2398
M-2022-6,177,83,3,0.0017421602787456446,2399
M-2022-6,158,124,25,0.0017409470752089136,2400
M-2022-6,115,62,30,0.0017394329448599756,2401
M-2022-6,14,139,14,0.0017380509000620731,2402
M-2022-6,14,141,14,0.0017380509000620731,2403
M-2022-6,2,14,13,0.00173217854763491,2404
M-2022-6,2,28,13,0.00173217854763491,2405
M-2022-6,8,52,3,0.0017321016166281756,2406
M-2022-6,8,143,3,0.0017321016166281756,2407
M-2022-6,8,149,3,0.0017321016166281756,2408
M-2022-6,8,156,3,0.0017321016166281756,2409
M-2022-6,153,175,121,0.0017312672590176132,2410
M-2022-6,25,175,96,0.0017306340249860286,2411
M-2022-6,125,49,7,0.0017283950617283952,2412
M-2022-6,28,143,30,0.0017272151534342794,2413
M-2022-6,79,49,37,0.0017270351008215085,2414
M-2022-6,122,153,96,0.0017262771753789718,2415
M-2022-6,1,50,16,0.0017215407789972026,2416
M-2022-6,51,2,34,0.0017189948935739925,2417
M-2022-6,166,41,4,0.0017167381974248926,2418
M-2022-6,166,129,4,0.0017167381974248926,2419
M-2022-6,166,153,4,0.0017167381974248926,2420
M-2022-6,166,175,4,0.0017167381974248926,2421
M-2022-6,175,153,77,0.0017123287671232876,2422
M-2022-6,85,87,4,0.0017123287671232876,2423
M-2022-6,82,153,116,0.0017084953458230234,2424
M-2022-6,53,14,14,0.0017083587553386212,2425
M-2022-6,53,51,14,0.0017083587553386212,2426
M-2022-6,53,100,14,0.0017083587553386212,2427
M-2022-6,53,124,14,0.0017083587553386212,2428
M-2022-6,155,16,13,0.0017069327731092437,2429
M-2022-6,155,46,13,0.0017069327731092437,2430
M-2022-6,155,116,13,0.0017069327731092437,2431
M-2022-6,153,82,119,0.0017026512712652558,2432
M-2022-6,153,149,119,0.0017026512712652558,2433
M-2022-6,52,24,3,0.0016968325791855204,2434
M-2022-6,52,32,3,0.0016968325791855204,2435
M-2022-6,52,71,3,0.0016968325791855204,2436
M-2022-6,52,111,3,0.0016968325791855204,2437
M-2022-6,52,122,3,0.0016968325791855204,2438
M-2022-6,52,130,3,0.0016968325791855204,2439
M-2022-6,52,142,3,0.0016968325791855204,2440
M-2022-6,95,71,96,0.0016949751050531446,2441
M-2022-6,108,156,20,0.0016919042382201167,2442
M-2022-6,116,20,6,0.0016868147315153219,2443
M-2022-6,116,26,6,0.0016868147315153219,2444
M-2022-6,116,158,6,0.0016868147315153219,2445
M-2022-6,115,73,29,0.0016814518466979765,2446
M-2022-6,63,46,18,0.0016795745077913596,2447
M-2022-6,63,115,18,0.0016795745077913596,2448
M-2022-6,25,122,93,0.0016765517117052152,2449
M-2022-6,156,155,50,0.0016722408026755853,2450
M-2022-6,28,102,29,0.0016696413149864702,2451
M-2022-6,28,122,29,0.0016696413149864702,2452
M-2022-6,28,176,29,0.0016696413149864702,2453
M-2022-6,100,96,26,0.0016691275598639018,2454
M-2022-6,51,137,33,0.001668436220233581,2455
M-2022-6,32,111,5,0.0016672224074691564,2456
M-2022-6,32,124,5,0.0016672224074691564,2457
M-2022-6,32,136,5,0.0016672224074691564,2458
M-2022-6,32,143,5,0.0016672224074691564,2459
M-2022-6,32,149,5,0.0016672224074691564,2460
M-2022-6,29,153,48,0.0016667245390464946,2461
M-2022-6,83,28,40,0.00166333998669328,2462
M-2022-6,12,25,5,0.0016622340425531915,2463
M-2022-6,12,63,5,0.0016622340425531915,2464
M-2022-6,12,93,5,0.0016622340425531915,2465
M-2022-6,12,149,5,0.0016622340425531915,2466
M-2022-6,49,60,52,0.001661713482248426,2467
M-2022-6,121,31,3,0.0016602102933038186,2468
M-2022-6,121,50,3,0.0016602102933038186,2469
M-2022-6,121,108,3,0.0016602102933038186,2470
M-2022-6,121,155,3,0.0016602102933038186,2471
M-2022-6,121,174,3,0.0016602102933038186,2472
M-2022-6,66,14,9,0.0016577638607478357,2473
M-2022-6,144,61,6,0.0016570008285004142,2474
M-2022-6,47,96,5,0.001644195988161789,2475
M-2022-6,80,1,5,0.001643655489809336,2476
M-2022-6,80,25,5,0.001643655489809336,2477
M-2022-6,80,117,5,0.001643655489809336,2478
M-2022-6,80,140,5,0.001643655489809336,2479
M-2022-6,99,160,39,0.001641206918318394,2480
M-2022-6,103,149,4,0.0016366612111292963,2481
M-2022-6,103,156,4,0.0016366612111292963,2482
M-2022-6,172,19,11,0.0016339869281045752,2483
M-2022-6,172,98,11,0.0016339869281045752,2484
M-2022-6,132,117,27,0.0016336903249228535,2485
M-2022-6,24,22,12,0.0016315431679129844,2486
M-2022-6,143,24,7,0.0016313213703099511,2487
M-2022-6,143,63,7,0.0016313213703099511,2488
M-2022-6,143,128,7,0.0016313213703099511,2489
M-2022-6,143,131,7,0.0016313213703099511,2490
M-2022-6,143,140,7,0.0016313213703099511,2491
M-2022-6,143,157,7,0.0016313213703099511,2492
M-2022-6,169,60,5,0.0016297262059973925,2493
M-2022-6,169,117,5,0.0016297262059973925,2494
M-2022-6,130,71,11,0.0016233766233766235,2495
M-2022-6,127,13,10,0.0016189088554314393,2496
M-2022-6,165,47,9,0.001616089064463997,2497
M-2022-6,164,83,4,0.0016148566814695195,2498
M-2022-6,164,101,4,0.0016148566814695195,2499
M-2022-6,1,71,15,0.0016139444803098773,2500
M-2022-6,14,76,13,0.0016139044072004966,2501
M-2022-6,14,122,13,0.0016139044072004966,2502
M-2022-6,14,159,13,0.0016139044072004966,2503
M-2022-6,159,39,4,0.0016122531237404273,2504
M-2022-6,159,68,4,0.0016122531237404273,2505
M-2022-6,159,112,4,0.0016122531237404273,2506
M-2022-6,26,25,5,0.001607717041800643,2507
M-2022-6,26,49,5,0.001607717041800643,2508
M-2022-6,26,93,5,0.001607717041800643,2509
M-2022-6,26,117,5,0.001607717041800643,2510
M-2022-6,54,115,11,0.0016053706946876824,2511
M-2022-6,90,14,9,0.0016048502139800285,2512
M-2022-6,46,63,11,0.0016044340723453908,2513
M-2022-6,46,99,11,0.0016044340723453908,2514
M-2022-6,35,60,5,0.0016041065126724415,2515
M-2022-6,171,2,9,0.001601423487544484,2516
M-2022-6,124,82,51,0.0016010045518756867,2517
M-2022-6,2,73,12,0.0015989340439706862,2518
M-2022-6,2,77,12,0.0015989340439706862,2519
M-2022-6,2,83,12,0.0015989340439706862,2520
M-2022-6,2,108,12,0.0015989340439706862,2521
M-2022-6,2,160,12,0.0015989340439706862,2522
M-2022-6,49,77,50,0.0015978014252388713,2523
M-2022-6,168,34,8,0.0015910898965791568,2524
M-2022-6,168,117,8,0.0015910898965791568,2525
M-2022-6,174,31,5,0.0015878056525881232,2526
M-2022-6,174,155,5,0.0015878056525881232,2527
M-2022-6,174,173,5,0.0015878056525881232,2528
M-2022-6,53,4,13,0.0015863331299572911,2529
M-2022-6,53,83,13,0.0015863331299572911,2530
M-2022-6,63,162,17,0.0015862648129140618,2531
M-2022-6,10,61,3,0.0015831134564643799,2532
M-2022-6,83,51,38,0.001580172987358616,2533
M-2022-6,83,117,38,0.001580172987358616,2534
M-2022-6,4,6,5,0.0015782828282828283,2535
M-2022-6,155,129,12,0.0015756302521008404,2536
M-2022-6,132,63,26,0.0015731832758516368,2537
M-2022-6,133,93,77,0.0015635152696556204,2538
M-2022-6,110,117,12,0.0015631105900742479,2539
M-2022-6,82,124,106,0.0015612112642865558,2540
M-2022-6,74,93,9,0.0015608740894901144,2541
M-2022-6,175,25,70,0.001556662515566625,2542
M-2022-6,28,138,27,0.0015544936380908515,2543
M-2022-6,96,14,80,0.0015536394002951914,2544
M-2022-6,126,11,3,0.0015503875968992248,2545
M-2022-6,126,41,3,0.0015503875968992248,2546
M-2022-6,126,46,3,0.0015503875968992248,2547
M-2022-6,126,61,3,0.0015503875968992248,2548
M-2022-6,126,88,3,0.0015503875968992248,2549
M-2022-6,126,129,3,0.0015503875968992248,2550
M-2022-6,126,135,3,0.0015503875968992248,2551
M-2022-6,13,32,3,0.0015471892728210418,2552
M-2022-6,13,67,3,0.0015471892728210418,2553
M-2022-6,13,77,3,0.0015471892728210418,2554
M-2022-6,13,104,3,0.0015471892728210418,2555
M-2022-6,13,140,3,0.0015471892728210418,2556
M-2022-6,13,143,3,0.0015471892728210418,2557
M-2022-6,13,176,3,0.0015471892728210418,2558
M-2022-6,122,29,86,0.0015464566362769956,2559
M-2022-6,123,33,4,0.0015455950540958269,2560
M-2022-6,123,122,4,0.0015455950540958269,2561
M-2022-6,173,73,5,0.0015446400988569664,2562
M-2022-6,138,11,62,0.0015440938410579534,2563
M-2022-6,138,124,62,0.0015440938410579534,2564
M-2022-6,68,20,7,0.0015438906043228936,2565
M-2022-6,68,175,7,0.0015438906043228936,2566
M-2022-6,77,49,108,0.0015390973479072552,2567
M-2022-6,83,172,37,0.0015385894876912842,2568
M-2022-6,61,142,21,0.0015381234893430016,2569
M-2022-6,170,2,4,0.0015319800842589046,2570
M-2022-6,170,16,4,0.0015319800842589046,2571
M-2022-6,170,51,4,0.0015319800842589046,2572
M-2022-6,170,86,4,0.0015319800842589046,2573
M-2022-6,170,104,4,0.0015319800842589046,2574
M-2022-6,170,140,4,0.0015319800842589046,2575
M-2022-6,170,141,4,0.0015319800842589046,2576
M-2022-6,170,143,4,0.0015319800842589046,2577
M-2022-6,3,2,2,0.0015313935681470138,2578
M-2022-6,3,102,2,0.0015313935681470138,2579
M-2022-6,3,117,2,0.0015313935681470138,2580
M-2022-6,3,149,2,0.0015313935681470138,2581
M-2022-6,128,2,5,0.0015239256324291375,2582
M-2022-6,128,153,5,0.0015239256324291375,2583
M-2022-6,145,102,2,0.0015186028853454822,2584
M-2022-6,145,146,2,0.0015186028853454822,2585
M-2022-6,114,143,4,0.0015168752370117557,2586
M-2022-6,51,25,30,0.0015167602002123465,2587
M-2022-6,51,68,30,0.0015167602002123465,2588
M-2022-6,51,108,30,0.0015167602002123465,2589
M-2022-6,153,60,106,0.0015166473508749338,2590
M-2022-6,55,153,13,0.0015093463369325439,2591
M-2022-6,104,29,3,0.001507537688442211,2592
M-2022-6,104,34,3,0.001507537688442211,2593
M-2022-6,104,42,3,0.001507537688442211,2594
M-2022-6,104,112,3,0.001507537688442211,2595
M-2022-6,104,156,3,0.001507537688442211,2596
M-2022-6,115,19,26,0.001507508552211979,2597
M-2022-6,1,82,14,0.001506348181622552,2598
M-2022-6,1,122,14,0.001506348181622552,2599
M-2022-6,1,142,14,0.001506348181622552,2600
M-2022-6,153,2,105,0.001502339356998755,2601
M-2022-6,49,82,47,0.001501933339724539,2602
M-2022-6,140,86,100,0.0014985089835613565,2603
M-2022-6,28,100,26,0.0014969197996430423,2604
M-2022-6,45,9,4,0.0014858841010401188,2605
M-2022-6,45,18,4,0.0014858841010401188,2606
M-2022-6,45,68,4,0.0014858841010401188,2607
M-2022-6,45,137,4,0.0014858841010401188,2608
M-2022-6,45,162,4,0.0014858841010401188,2609
M-2022-6,36,12,1,0.0014858841010401188,2610
M-2022-6,36,18,1,0.0014858841010401188,2611
M-2022-6,36,20,1,0.0014858841010401188,2612
M-2022-6,36,33,1,0.0014858841010401188,2613
M-2022-6,36,86,1,0.0014858841010401188,2614
M-2022-6,36,87,1,0.0014858841010401188,2615
M-2022-6,36,93,1,0.0014858841010401188,2616
M-2022-6,36,110,1,0.0014858841010401188,2617
M-2022-6,36,112,1,0.0014858841010401188,2618
M-2022-6,36,124,1,0.0014858841010401188,2619
M-2022-6,36,126,1,0.0014858841010401188,2620
M-2022-6,36,131,1,0.0014858841010401188,2621
M-2022-6,36,160,1,0.0014858841010401188,2622
M-2022-6,36,168,1,0.0014858841010401188,2623
M-2022-6,36,170,1,0.0014858841010401188,2624
M-2022-6,36,175,1,0.0014858841010401188,2625
M-2022-6,172,142,10,0.0014854426619132501,2626
M-2022-6,125,88,6,0.0014814814814814814,2627
M-2022-6,125,124,6,0.0014814814814814814,2628
M-2022-6,112,18,5,0.0014766686355581807,2629
M-2022-6,112,86,5,0.0014766686355581807,2630
M-2022-6,129,142,46,0.0014762989826374402,2631
M-2022-6,130,64,10,0.0014757969303423849,2632
M-2022-6,0,2,2,0.0014749262536873156,2633
M-2022-6,0,72,2,0.0014749262536873156,2634
M-2022-6,0,77,2,0.0014749262536873156,2635
M-2022-6,0,117,2,0.0014749262536873156,2636
M-2022-6,0,130,2,0.0014749262536873156,2637
M-2022-6,0,175,2,0.0014749262536873156,2638
M-2022-6,146,45,9,0.001473960039305601,2639
M-2022-6,146,86,9,0.001473960039305601,2640
M-2022-6,66,52,8,0.0014735678762202984,2641
M-2022-6,66,148,8,0.0014735678762202984,2642
M-2022-6,66,172,8,0.0014735678762202984,2643
M-2022-6,117,28,110,0.0014734247749678526,2644
M-2022-6,149,2,79,0.0014698494799709751,2645
M-2022-6,107,92,4,0.0014695077149155032,2646
M-2022-6,175,76,66,0.0014677103718199608,2647
M-2022-6,43,14,2,0.001467351430667645,2648
M-2022-6,43,16,2,0.001467351430667645,2649
M-2022-6,43,35,2,0.001467351430667645,2650
M-2022-6,43,45,2,0.001467351430667645,2651
M-2022-6,43,71,2,0.001467351430667645,2652
M-2022-6,43,93,2,0.001467351430667645,2653
M-2022-6,43,125,2,0.001467351430667645,2654
M-2022-6,43,138,2,0.001467351430667645,2655
M-2022-6,43,154,2,0.001467351430667645,2656
M-2022-6,43,162,2,0.001467351430667645,2657
M-2022-6,43,175,2,0.001467351430667645,2658
M-2022-6,2,131,11,0.0014656895403064624,2659
M-2022-6,2,175,11,0.0014656895403064624,2660
M-2022-6,95,2,83,0.0014654472262438645,2661
M-2022-6,154,1,3,0.00146484375,2662
M-2022-6,154,47,3,0.00146484375,2663
M-2022-6,154,66,3,0.00146484375,2664
M-2022-6,154,89,3,0.00146484375,2665
M-2022-6,154,99,3,0.00146484375,2666
M-2022-6,154,105,3,0.00146484375,2667
M-2022-6,154,113,3,0.00146484375,2668
M-2022-6,154,116,3,0.00146484375,2669
M-2022-6,154,124,3,0.00146484375,2670
M-2022-6,154,134,3,0.00146484375,2671
M-2022-6,154,148,3,0.00146484375,2672
M-2022-6,154,157,3,0.00146484375,2673
M-2022-6,154,172,3,0.00146484375,2674
M-2022-6,119,156,3,0.0014627011214041932,2675
M-2022-6,81,82,10,0.0014624159110851126,2676
M-2022-6,81,140,10,0.0014624159110851126,2677
M-2022-6,158,46,21,0.0014623955431754875,2678
M-2022-6,46,26,10,0.0014585764294049008,2679
M-2022-6,46,62,10,0.0014585764294049008,2680
M-2022-6,127,68,9,0.0014570179698882952,2681
M-2022-6,127,133,9,0.0014570179698882952,2682
M-2022-6,120,2,3,0.0014457831325301205,2683
M-2022-6,120,137,3,0.0014457831325301205,2684
M-2022-6,120,149,3,0.0014457831325301205,2685
M-2022-6,120,154,3,0.0014457831325301205,2686
M-2022-6,157,18,2,0.001445086705202312,2687
M-2022-6,157,44,2,0.001445086705202312,2688
M-2022-6,157,63,2,0.001445086705202312,2689
M-2022-6,157,72,2,0.001445086705202312,2690
M-2022-6,157,116,2,0.001445086705202312,2691
M-2022-6,157,141,2,0.001445086705202312,2692
M-2022-6,157,155,2,0.001445086705202312,2693
M-2022-6,157,175,2,0.001445086705202312,2694
M-2022-6,157,176,2,0.001445086705202312,2695
M-2022-6,155,157,11,0.001444327731092437,2696
M-2022-6,56,59,11,0.001443759023493897,2697
M-2022-6,72,76,24,0.0014417012074247613,2698
M-2022-6,133,61,71,0.0014416829109811565,2699
M-2022-6,64,86,4,0.001440922190201729,2700
M-2022-6,64,99,4,0.001440922190201729,2701
M-2022-6,64,117,4,0.001440922190201729,2702
M-2022-6,28,112,25,0.0014393459611952329,2703
M-2022-6,28,133,25,0.0014393459611952329,2704
M-2022-6,163,105,3,0.0014388489208633094,2705
M-2022-6,163,110,3,0.0014388489208633094,2706
M-2022-6,163,132,3,0.0014388489208633094,2707
M-2022-6,163,157,3,0.0014388489208633094,2708
M-2022-6,108,117,17,0.0014381186024870992,2709
M-2022-6,96,99,74,0.0014371164452730522,2710
M-2022-6,96,133,74,0.0014371164452730522,2711
M-2022-6,165,55,8,0.0014365236128568864,2712
M-2022-6,76,140,14,0.0014357501794687725,2713
M-2022-6,131,148,54,0.0014354830134510074,2714
M-2022-6,111,9,4,0.0014352350197344816,2715
M-2022-6,90,155,8,0.0014265335235378032,2716
M-2022-6,150,61,3,0.0014265335235378032,2717
M-2022-6,29,86,41,0.0014236605437688808,2718
M-2022-6,171,28,8,0.0014234875444839859,2719
M-2022-6,171,142,8,0.0014234875444839859,2720
M-2022-6,151,18,3,0.0014231499051233396,2721
M-2022-6,151,86,3,0.0014231499051233396,2722
M-2022-6,151,105,3,0.0014231499051233396,2723
M-2022-6,151,112,3,0.0014231499051233396,2724
M-2022-6,151,129,3,0.0014231499051233396,2725
M-2022-6,133,148,70,0.0014213775178687459,2726
M-2022-6,176,11,4,0.0014184397163120568,2727
M-2022-6,176,21,4,0.0014184397163120568,2728
M-2022-6,176,125,4,0.0014184397163120568,2729
M-2022-6,176,127,4,0.0014184397163120568,2730
M-2022-6,176,141,4,0.0014184397163120568,2731
M-2022-6,176,175,4,0.0014184397163120568,2732
M-2022-6,82,25,96,0.0014139271827500884,2733
M-2022-6,16,1,2,0.0014094432699083862,2734
M-2022-6,16,2,2,0.0014094432699083862,2735
M-2022-6,16,11,2,0.0014094432699083862,2736
M-2022-6,16,46,2,0.0014094432699083862,2737
M-2022-6,16,75,2,0.0014094432699083862,2738
M-2022-6,16,95,2,0.0014094432699083862,2739
M-2022-6,16,98,2,0.0014094432699083862,2740
M-2022-6,16,104,2,0.0014094432699083862,2741
M-2022-6,16,124,2,0.0014094432699083862,2742
M-2022-6,16,160,2,0.0014094432699083862,2743
M-2022-6,117,98,105,0.001406450921560223,2744
M-2022-6,49,13,44,0.0014060652542102067,2745
M-2022-6,116,25,5,0.0014056789429294349,2746
M-2022-6,116,77,5,0.0014056789429294349,2747
M-2022-6,116,140,5,0.0014056789429294349,2748
M-2022-6,116,149,5,0.0014056789429294349,2749
M-2022-6,122,1,78,0.0014026002049954147,2750
M-2022-6,79,76,30,0.0014002987303958177,2751
M-2022-6,63,28,15,0.0013996454231594662,2752
M-2022-6,63,49,15,0.0013996454231594662,2753
M-2022-6,63,156,15,0.0013996454231594662,2754
M-2022-6,1,2,13,0.001398751882935227,2755
M-2022-6,1,117,13,0.001398751882935227,2756
M-2022-6,96,138,72,0.0013982754602656724,2757
M-2022-6,143,43,6,0.0013982754602656724,2758
M-2022-6,143,126,6,0.0013982754602656724,2759
M-2022-6,143,175,6,0.0013982754602656724,2760
M-2022-6,138,122,56,0.0013946654048265384,2761
M-2022-6,93,46,46,0.001394531013157097,2762
M-2022-6,93,153,46,0.001394531013157097,2763
M-2022-6,98,117,85,0.0013934197800036065,2764
M-2022-6,71,74,194,0.0013932777937374317,2765
M-2022-6,168,42,7,0.0013922036595067622,2766
M-2022-6,168,86,7,0.0013922036595067622,2767
M-2022-6,168,99,7,0.0013922036595067622,2768
M-2022-6,168,153,7,0.0013922036595067622,2769
M-2022-6,168,169,7,0.0013922036595067622,2770
M-2022-6,31,90,13,0.00139186295503212,2771
M-2022-6,115,131,24,0.0013915463558879806,2772
M-2022-6,29,156,40,0.0013889371158720789,2773
M-2022-6,148,175,9,0.001388460351743289,2774
M-2022-6,74,140,8,0.001387443635102324,2775
M-2022-6,22,61,1,0.0013869625520110957,2776
M-2022-6,22,65,1,0.0013869625520110957,2777
M-2022-6,22,106,1,0.0013869625520110957,2778
M-2022-6,22,111,1,0.0013869625520110957,2779
M-2022-6,160,2,3,0.0013818516812528789,2780
M-2022-6,160,31,3,0.0013818516812528789,2781
M-2022-6,160,33,3,0.0013818516812528789,2782
M-2022-6,160,50,3,0.0013818516812528789,2783
M-2022-6,160,125,3,0.0013818516812528789,2784
M-2022-6,160,134,3,0.0013818516812528789,2785
M-2022-6,160,136,3,0.0013818516812528789,2786
M-2022-6,160,138,3,0.0013818516812528789,2787
M-2022-6,160,142,3,0.0013818516812528789,2788
M-2022-6,160,148,3,0.0013818516812528789,2789
M-2022-6,160,163,3,0.0013818516812528789,2790
M-2022-6,28,2,24,0.0013817721227474236,2791
M-2022-6,28,12,24,0.0013817721227474236,2792
M-2022-6,156,140,41,0.00137123745819398,2793
M-2022-6,14,66,11,0.0013656114214773433,2794
M-2022-6,14,130,11,0.0013656114214773433,2795
M-2022-6,51,158,27,0.0013650841801911117,2796
M-2022-6,140,149,91,0.0013636431750408344,2797
M-2022-6,133,136,67,0.001360461338531514,2798
M-2022-6,141,39,3,0.0013574660633484162,2799
M-2022-6,141,50,3,0.0013574660633484162,2800
M-2022-6,141,54,3,0.0013574660633484162,2801
M-2022-6,141,91,3,0.0013574660633484162,2802
M-2022-6,141,170,3,0.0013574660633484162,2803
M-2022-6,137,28,2,0.0013559322033898306,2804
M-2022-6,137,45,2,0.0013559322033898306,2805
M-2022-6,137,51,2,0.0013559322033898306,2806
M-2022-6,137,53,2,0.0013559322033898306,2807
M-2022-6,137,124,2,0.0013559322033898306,2808
M-2022-6,137,132,2,0.0013559322033898306,2809
M-2022-6,137,138,2,0.0013559322033898306,2810
M-2022-6,137,139,2,0.0013559322033898306,2811
M-2022-6,137,160,2,0.0013559322033898306,2812
M-2022-6,137,168,2,0.0013559322033898306,2813
M-2022-6,99,101,32,0.0013466313175945798,2814
M-2022-6,19,140,26,0.0013457556935817805,2815
M-2022-6,70,18,3,0.0013452914798206279,2816
M-2022-6,70,25,3,0.0013452914798206279,2817
M-2022-6,70,28,3,0.0013452914798206279,2818
M-2022-6,70,50,3,0.0013452914798206279,2819
M-2022-6,70,73,3,0.0013452914798206279,2820
M-2022-6,70,117,3,0.0013452914798206279,2821
M-2022-6,70,142,3,0.0013452914798206279,2822
M-2022-6,153,71,94,0.0013449514243607905,2823
M-2022-6,62,153,16,0.001343183344526528,2824
M-2022-6,53,98,11,0.0013422818791946308,2825
M-2022-6,67,96,3,0.0013416815742397137,2826
M-2022-6,67,116,3,0.0013416815742397137,2827
M-2022-6,67,136,3,0.0013416815742397137,2828
M-2022-6,172,17,9,0.001336898395721925,2829
M-2022-6,172,134,9,0.001336898395721925,2830
M-2022-6,172,170,9,0.001336898395721925,2831
M-2022-6,40,82,2,0.001336898395721925,2832
M-2022-6,58,150,3,0.0013339261894175188,2833
M-2022-6,32,5,4,0.001333777925975325,2834
M-2022-6,32,15,4,0.001333777925975325,2835
M-2022-6,32,16,4,0.001333777925975325,2836
M-2022-6,32,55,4,0.001333777925975325,2837
M-2022-6,115,157,23,0.0013335652577259813,2838
M-2022-6,122,124,74,0.0013306719893546241,2839
M-2022-6,12,153,4,0.0013297872340425532,2840
M-2022-6,12,160,4,0.0013297872340425532,2841
M-2022-6,12,162,4,0.0013297872340425532,2842
M-2022-6,130,82,9,0.0013282172373081465,2843
M-2022-6,21,17,3,0.001325088339222615,2844
M-2022-6,21,117,3,0.001325088339222615,2845
M-2022-6,21,142,3,0.001325088339222615,2846
M-2022-6,21,153,3,0.001325088339222615,2847
M-2022-6,68,13,6,0.0013233348037053375,2848
M-2022-6,68,14,6,0.0013233348037053375,2849
M-2022-6,158,143,19,0.0013231197771587744,2850
M-2022-6,72,142,22,0.0013215594401393646,2851
M-2022-6,124,153,42,0.0013184743368388008,2852
M-2022-6,51,111,26,0.0013145255068507003,2853
M-2022-6,51,153,26,0.0013145255068507003,2854
M-2022-6,34,1,1,0.001314060446780552,2855
M-2022-6,34,49,1,0.001314060446780552,2856
M-2022-6,34,122,1,0.001314060446780552,2857
M-2022-6,34,133,1,0.001314060446780552,2858
M-2022-6,34,146,1,0.001314060446780552,2859
M-2022-6,34,160,1,0.001314060446780552,2860
M-2022-6,155,53,10,0.0013130252100840337,2861
M-2022-6,155,77,10,0.0013130252100840337,2862
M-2022-6,155,115,10,0.0013130252100840337,2863
M-2022-6,155,126,10,0.0013130252100840337,2864
M-2022-6,46,151,9,0.0013127187864644108,2865
M-2022-6,46,155,9,0.0013127187864644108,2866
M-2022-6,135,18,4,0.0013076168682576005,2867
M-2022-6,135,50,4,0.0013076168682576005,2868
M-2022-6,135,172,4,0.0013076168682576005,2869
M-2022-6,41,17,3,0.0013066202090592336,2870
M-2022-6,41,129,3,0.0013066202090592336,2871
M-2022-6,41,134,3,0.0013066202090592336,2872
M-2022-6,41,140,3,0.0013066202090592336,2873
M-2022-6,41,166,3,0.0013066202090592336,2874
M-2022-6,63,29,14,0.0013063357282821686,2875
M-2022-6,169,153,4,0.001303780964797914,2876
M-2022-6,110,69,10,0.0013025921583952064,2877
M-2022-6,161,60,3,0.0013009540329575022,2878
M-2022-6,161,89,3,0.0013009540329575022,2879
M-2022-6,161,122,3,0.0013009540329575022,2880
M-2022-6,161,146,3,0.0013009540329575022,2881
M-2022-6,136,46,28,0.001300450513213506,2882
M-2022-6,11,12,2,0.0012970168612191958,2883
M-2022-6,11,28,2,0.0012970168612191958,2884
M-2022-6,11,39,2,0.0012970168612191958,2885
M-2022-6,11,49,2,0.0012970168612191958,2886
M-2022-6,11,63,2,0.0012970168612191958,2887
M-2022-6,11,122,2,0.0012970168612191958,2888
M-2022-6,11,124,2,0.0012970168612191958,2889
M-2022-6,11,137,2,0.0012970168612191958,2890
M-2022-6,11,138,2,0.0012970168612191958,2891
M-2022-6,11,149,2,0.0012970168612191958,2892
M-2022-6,11,160,2,0.0012970168612191958,2893
M-2022-6,11,176,2,0.0012970168612191958,2894
M-2022-6,127,1,8,0.0012951270843451514,2895
M-2022-6,127,46,8,0.0012951270843451514,2896
M-2022-6,127,172,8,0.0012951270843451514,2897
M-2022-6,39,153,11,0.0012950317871438662,2898
M-2022-6,50,28,2,0.0012919896640826874,2899
M-2022-6,50,60,2,0.0012919896640826874,2900
M-2022-6,50,124,2,0.0012919896640826874,2901
M-2022-6,50,153,2,0.0012919896640826874,2902
M-2022-6,66,124,7,0.0012893718916927612,2903
M-2022-6,66,137,7,0.0012893718916927612,2904
M-2022-6,166,123,3,0.0012875536480686696,2905
M-2022-6,78,49,63,0.0012865544845613462,2906
M-2022-6,26,66,4,0.0012861736334405145,2907
M-2022-6,26,115,4,0.0012861736334405145,2908
M-2022-6,26,153,4,0.0012861736334405145,2909
M-2022-6,29,172,37,0.0012847668321816729,2910
M-2022-6,85,117,3,0.0012842465753424657,2911
M-2022-6,149,25,69,0.0012837925837721174,2912
M-2022-6,35,25,4,0.0012832852101379532,2913
M-2022-6,35,42,4,0.0012832852101379532,2914
M-2022-6,35,131,4,0.0012832852101379532,2915
M-2022-6,35,151,4,0.0012832852101379532,2916
M-2022-6,98,149,78,0.001278667562826839,2917
M-2022-6,17,76,15,0.0012755102040816326,2918
M-2022-6,153,32,89,0.0012734114549798972,2919
M-2022-6,156,52,38,0.0012709030100334449,2920
M-2022-6,174,53,4,0.0012702445220704986,2921
M-2022-6,174,115,4,0.0012702445220704986,2922
M-2022-6,174,119,4,0.0012702445220704986,2923
M-2022-6,174,153,4,0.0012702445220704986,2924
M-2022-6,108,153,15,0.0012689281786650876,2925
M-2022-6,18,156,37,0.0012673402979962323,2926
M-2022-6,149,100,68,0.0012651868941522318,2927
M-2022-6,87,140,14,0.0012639942217407005,2928
M-2022-6,4,14,4,0.0012626262626262627,2929
M-2022-6,44,49,4,0.0012594458438287153,2930
M-2022-6,62,41,15,0.0012592343854936198,2931
M-2022-6,165,14,7,0.0012569581612497755,2932
M-2022-6,124,138,40,0.0012556898446083817,2933
M-2022-6,142,49,63,0.0012524850894632207,2934
M-2022-6,29,101,36,0.001250043404284871,2935
M-2022-6,152,51,1,0.00125,2936
M-2022-6,152,53,1,0.00125,2937
M-2022-6,152,86,1,0.00125,2938
M-2022-6,152,101,1,0.00125,2939
M-2022-6,152,149,1,0.00125,2940
M-2022-6,152,176,1,0.00125,2941
M-2022-6,42,19,1,0.0012484394506866417,2942
M-2022-6,42,28,1,0.0012484394506866417,2943
M-2022-6,42,61,1,0.0012484394506866417,2944
M-2022-6,42,93,1,0.0012484394506866417,2945
M-2022-6,42,123,1,0.0012484394506866417,2946
M-2022-6,42,125,1,0.0012484394506866417,2947
M-2022-6,42,129,1,0.0012484394506866417,2948
M-2022-6,42,131,1,0.0012484394506866417,2949
M-2022-6,42,134,1,0.0012484394506866417,2950
M-2022-6,42,166,1,0.0012484394506866417,2951
M-2022-6,149,105,67,0.001246581204532346,2952
M-2022-6,78,75,61,0.0012457114850514621,2953
M-2022-6,78,79,61,0.0012457114850514621,2954
M-2022-6,171,29,7,0.0012455516014234875,2955
M-2022-6,171,46,7,0.0012455516014234875,2956
M-2022-6,61,49,17,0.0012451475866110011,2957
M-2022-6,153,51,87,0.00124479546722754,2958
M-2022-6,96,100,64,0.0012429115202361532,2959
M-2022-6,14,32,10,0.0012414649286157666,2960
M-2022-6,14,100,10,0.0012414649286157666,2961
M-2022-6,14,110,10,0.0012414649286157666,2962
M-2022-6,92,51,1,0.0012376237623762376,2963
M-2022-6,92,109,1,0.0012376237623762376,2964
M-2022-6,92,117,1,0.0012376237623762376,2965
M-2022-6,92,155,1,0.0012376237623762376,2966
M-2022-6,173,103,4,0.001235712079085573,2967
M-2022-6,125,25,5,0.0012345679012345679,2968
M-2022-6,125,50,5,0.0012345679012345679,2969
M-2022-6,125,138,5,0.0012345679012345679,2970
M-2022-6,125,153,5,0.0012345679012345679,2971
M-2022-6,148,86,8,0.001234186979327368,2972
M-2022-6,153,143,86,0.0012304874733513613,2973
M-2022-6,140,2,82,0.0012287773665203123,2974
M-2022-6,140,82,82,0.0012287773665203123,2975
M-2022-6,103,170,3,0.0012274959083469722,2976
M-2022-6,124,130,39,0.0012242975984931722,2977
M-2022-6,138,100,49,0.001220332229223221,2978
M-2022-6,53,28,10,0.0012202562538133007,2979
M-2022-6,128,142,4,0.0012191405059433099,2980
M-2022-6,69,11,1,0.001218026796589525,2981
M-2022-6,69,18,1,0.001218026796589525,2982
M-2022-6,69,42,1,0.001218026796589525,2983
M-2022-6,69,56,1,0.001218026796589525,2984
M-2022-6,69,60,1,0.001218026796589525,2985
M-2022-6,69,88,1,0.001218026796589525,2986
M-2022-6,69,122,1,0.001218026796589525,2987
M-2022-6,69,123,1,0.001218026796589525,2988
M-2022-6,69,125,1,0.001218026796589525,2989
M-2022-6,69,135,1,0.001218026796589525,2990
M-2022-6,69,153,1,0.001218026796589525,2991
M-2022-6,113,97,4,0.0012176560121765602,2992
M-2022-6,115,142,21,0.001217603061401983,2993
M-2022-6,115,155,21,0.001217603061401983,2994
M-2022-6,115,156,21,0.001217603061401983,2995
M-2022-6,153,49,85,0.0012161794794751828,2996
M-2022-6,29,18,35,0.001215319976388069,2997
M-2022-6,29,46,35,0.001215319976388069,2998
M-2022-6,51,142,24,0.0012134081601698772,2999
M-2022-6,57,117,4,0.001213224143160449,3000
M-2022-6,164,13,3,0.0012111425111021397,3001
M-2022-6,159,66,3,0.0012091898428053204,3002
M-2022-6,159,71,3,0.0012091898428053204,3003
M-2022-6,159,122,3,0.0012091898428053204,3004
M-2022-6,159,132,3,0.0012091898428053204,3005
M-2022-6,159,176,3,0.0012091898428053204,3006
M-2022-6,71,25,168,0.0012065498419994254,3007
M-2022-6,117,172,90,0.0012055293613373339,3008
M-2022-6,78,77,59,0.001204868485541578,3009
M-2022-6,156,2,36,0.0012040133779264214,3010
M-2022-6,2,52,9,0.0011992005329780147,3011
M-2022-6,2,130,9,0.0011992005329780147,3012
M-2022-6,2,147,9,0.0011992005329780147,3013
M-2022-6,2,163,9,0.0011992005329780147,3014
M-2022-6,138,102,48,0.0011954274898513188,3015
M-2022-6,142,72,60,0.0011928429423459245,3016
M-2022-6,48,47,5,0.0011904761904761906,3017
M-2022-6,25,9,66,0.0011898108921778948,3018
M-2022-6,172,96,8,0.0011883541295306002,3019
M-2022-6,172,99,8,0.0011883541295306002,3020
M-2022-6,84,13,2,0.0011862396204033216,3021
M-2022-6,84,25,2,0.0011862396204033216,3022
M-2022-6,84,85,2,0.0011862396204033216,3023
M-2022-6,84,86,2,0.0011862396204033216,3024
M-2022-6,84,101,2,0.0011862396204033216,3025
M-2022-6,84,108,2,0.0011862396204033216,3026
M-2022-6,84,142,2,0.0011862396204033216,3027
M-2022-6,84,149,2,0.0011862396204033216,3028
M-2022-6,89,16,1,0.0011862396204033216,3029
M-2022-6,89,25,1,0.0011862396204033216,3030
M-2022-6,89,45,1,0.0011862396204033216,3031
M-2022-6,89,60,1,0.0011862396204033216,3032
M-2022-6,89,71,1,0.0011862396204033216,3033
M-2022-6,89,77,1,0.0011862396204033216,3034
M-2022-6,89,96,1,0.0011862396204033216,3035
M-2022-6,89,102,1,0.0011862396204033216,3036
M-2022-6,89,104,1,0.0011862396204033216,3037
M-2022-6,89,119,1,0.0011862396204033216,3038
M-2022-6,89,122,1,0.0011862396204033216,3039
M-2022-6,89,133,1,0.0011862396204033216,3040
M-2022-6,89,140,1,0.0011862396204033216,3041
M-2022-6,89,158,1,0.0011862396204033216,3042
M-2022-6,89,171,1,0.0011862396204033216,3043
M-2022-6,89,172,1,0.0011862396204033216,3044
M-2022-6,158,24,17,0.0011838440111420613,3045
M-2022-6,1,125,11,0.0011835592855605767,3046
M-2022-6,1,143,11,0.0011835592855605767,3047
M-2022-6,155,124,9,0.0011817226890756302,3048
M-2022-6,112,13,4,0.0011813349084465446,3049
M-2022-6,112,28,4,0.0011813349084465446,3050
M-2022-6,112,29,4,0.0011813349084465446,3051
M-2022-6,112,105,4,0.0011813349084465446,3052
M-2022-6,112,153,4,0.0011813349084465446,3053
M-2022-6,130,16,8,0.0011806375442739079,3054
M-2022-6,130,124,8,0.0011806375442739079,3055
M-2022-6,91,2,5,0.001178967224711153,3056
M-2022-6,91,51,5,0.001178967224711153,3057
M-2022-6,82,49,80,0.0011782726522917403,3058
M-2022-6,39,11,10,0.0011773016246762421,3059
M-2022-6,39,63,10,0.0011773016246762421,3060
M-2022-6,105,9,2,0.001176470588235294,3061
M-2022-6,105,24,2,0.001176470588235294,3062
M-2022-6,105,26,2,0.001176470588235294,3063
M-2022-6,105,29,2,0.001176470588235294,3064
M-2022-6,105,33,2,0.001176470588235294,3065
M-2022-6,105,36,2,0.001176470588235294,3066
M-2022-6,105,39,2,0.001176470588235294,3067
M-2022-6,105,42,2,0.001176470588235294,3068
M-2022-6,105,61,2,0.001176470588235294,3069
M-2022-6,105,68,2,0.001176470588235294,3070
M-2022-6,105,86,2,0.001176470588235294,3071
M-2022-6,105,96,2,0.001176470588235294,3072
M-2022-6,105,125,2,0.001176470588235294,3073
M-2022-6,105,132,2,0.001176470588235294,3074
M-2022-6,105,135,2,0.001176470588235294,3075
M-2022-6,105,171,2,0.001176470588235294,3076
M-2022-6,105,175,2,0.001176470588235294,3077
M-2022-6,62,51,14,0.0011752854264607119,3078
M-2022-6,62,155,14,0.0011752854264607119,3079
M-2022-6,87,90,13,0.0011737089201877935,3080
M-2022-6,87,156,13,0.0011737089201877935,3081
M-2022-6,153,63,82,0.001173255497846647,3082
M-2022-6,153,129,82,0.001173255497846647,3083
M-2022-6,149,82,63,0.001172158446052803,3084
M-2022-6,156,82,35,0.0011705685618729096,3085
M-2022-6,81,175,8,0.00116993272886809,3086
M-2022-6,77,76,82,0.001168573912299953,3087
M-2022-6,54,49,8,0.0011675423234092236,3088
M-2022-6,54,68,8,0.0011675423234092236,3089
M-2022-6,46,125,8,0.0011668611435239206,3090
M-2022-6,46,171,8,0.0011668611435239206,3091
M-2022-6,9,16,2,0.0011668611435239206,3092
M-2022-6,9,62,2,0.0011668611435239206,3093
M-2022-6,9,64,2,0.0011668611435239206,3094
M-2022-6,9,88,2,0.0011668611435239206,3095
M-2022-6,9,93,2,0.0011668611435239206,3096
M-2022-6,9,110,2,0.0011668611435239206,3097
M-2022-6,9,123,2,0.0011668611435239206,3098
M-2022-6,9,129,2,0.0011668611435239206,3099
M-2022-6,9,168,2,0.0011668611435239206,3100
M-2022-6,143,53,5,0.0011652295502213937,3101
M-2022-6,143,123,5,0.0011652295502213937,3102
M-2022-6,143,138,5,0.0011652295502213937,3103
M-2022-6,124,28,37,0.001161513106262753,3104
M-2022-6,177,124,2,0.0011614401858304297,3105
M-2022-6,177,149,2,0.0011614401858304297,3106
M-2022-6,177,170,2,0.0011614401858304297,3107
M-2022-6,136,153,25,0.001161116529654916,3108
M-2022-6,123,143,3,0.00115919629057187,3109
M-2022-6,8,18,2,0.0011547344110854503,3110
M-2022-6,8,71,2,0.0011547344110854503,3111
M-2022-6,8,100,2,0.0011547344110854503,3112
M-2022-6,8,129,2,0.0011547344110854503,3113
M-2022-6,8,135,2,0.0011547344110854503,3114
M-2022-6,8,168,2,0.0011547344110854503,3115
M-2022-6,8,171,2,0.0011547344110854503,3116
M-2022-6,8,175,2,0.0011547344110854503,3117
M-2022-6,86,129,26,0.0011543242763274728,3118
M-2022-6,86,133,26,0.0011543242763274728,3119
M-2022-6,28,86,20,0.0011514767689561863,3120
M-2022-6,28,91,20,0.0011514767689561863,3121
M-2022-6,28,136,20,0.0011514767689561863,3122
M-2022-6,170,23,3,0.0011489850631941786,3123
M-2022-6,170,28,3,0.0011489850631941786,3124
M-2022-6,170,32,3,0.0011489850631941786,3125
M-2022-6,170,66,3,0.0011489850631941786,3126
M-2022-6,170,77,3,0.0011489850631941786,3127
M-2022-6,170,82,3,0.0011489850631941786,3128
M-2022-6,170,102,3,0.0011489850631941786,3129
M-2022-6,170,103,3,0.0011489850631941786,3130
M-2022-6,170,138,3,0.0011489850631941786,3131
M-2022-6,170,157,3,0.0011489850631941786,3132
M-2022-6,170,171,3,0.0011489850631941786,3133
M-2022-6,170,176,3,0.0011489850631941786,3134
M-2022-6,146,149,7,0.0011464133639043563,3135
M-2022-6,146,162,7,0.0011464133639043563,3136
M-2022-6,153,24,80,0.0011446395100942898,3137
M-2022-6,72,78,19,0.0011413467892112694,3138
M-2022-6,77,80,80,0.0011400721095609298,3139
M-2022-6,114,122,3,0.0011376564277588168,3140
M-2022-6,156,130,34,0.001137123745819398,3141
M-2022-6,99,2,27,0.0011362201742204268,3142
M-2022-6,127,49,7,0.0011332361988020075,3143
M-2022-6,127,129,7,0.0011332361988020075,3144
M-2022-6,52,1,2,0.0011312217194570137,3145
M-2022-6,52,51,2,0.0011312217194570137,3146
M-2022-6,52,116,2,0.0011312217194570137,3147
M-2022-6,52,131,2,0.0011312217194570137,3148
M-2022-6,52,136,2,0.0011312217194570137,3149
M-2022-6,52,137,2,0.0011312217194570137,3150
M-2022-6,52,141,2,0.0011312217194570137,3151
M-2022-6,52,147,2,0.0011312217194570137,3152
M-2022-6,52,176,2,0.0011312217194570137,3153
M-2022-6,124,14,36,0.0011301208601475436,3154
M-2022-6,118,82,4,0.0011283497884344146,3155
M-2022-6,118,137,4,0.0011283497884344146,3156
M-2022-6,76,72,11,0.001128089426725464,3157
M-2022-6,15,18,1,0.0011261261261261261,3158
M-2022-6,15,22,1,0.0011261261261261261,3159
M-2022-6,15,29,1,0.0011261261261261261,3160
M-2022-6,15,33,1,0.0011261261261261261,3161
M-2022-6,15,39,1,0.0011261261261261261,3162
M-2022-6,15,49,1,0.0011261261261261261,3163
M-2022-6,15,66,1,0.0011261261261261261,3164
M-2022-6,15,74,1,0.0011261261261261261,3165
M-2022-6,15,77,1,0.0011261261261261261,3166
M-2022-6,15,96,1,0.0011261261261261261,3167
M-2022-6,15,102,1,0.0011261261261261261,3168
M-2022-6,15,122,1,0.0011261261261261261,3169
M-2022-6,15,123,1,0.0011261261261261261,3170
M-2022-6,15,129,1,0.0011261261261261261,3171
M-2022-6,15,132,1,0.0011261261261261261,3172
M-2022-6,15,160,1,0.0011261261261261261,3173
M-2022-6,15,176,1,0.0011261261261261261,3174
M-2022-6,117,83,84,0.0011251607372481784,3175
M-2022-6,5,65,2,0.0011248593925759281,3176
M-2022-6,5,124,2,0.0011248593925759281,3177
M-2022-6,5,149,2,0.0011248593925759281,3178
M-2022-6,116,24,4,0.001124543154343548,3179
M-2022-6,116,68,4,0.001124543154343548,3180
M-2022-6,140,155,75,0.0011238817376710173,3181
M-2022-6,129,143,35,0.0011232709650502264,3182
M-2022-6,63,51,12,0.001119716338527573,3183
M-2022-6,63,132,12,0.001119716338527573,3184
M-2022-6,63,140,12,0.001119716338527573,3185
M-2022-6,63,155,12,0.001119716338527573,3186
M-2022-6,30,17,9,0.0011180124223602484,3187
M-2022-6,30,149,9,0.0011180124223602484,3188
M-2022-6,14,115,9,0.0011173184357541898,3189
M-2022-6,14,142,9,0.0011173184357541898,3190
M-2022-6,14,157,9,0.0011173184357541898,3191
M-2022-6,131,153,42,0.0011164867882396724,3192
M-2022-6,149,18,60,0.0011163413771931457,3193
M-2022-6,45,50,3,0.001114413075780089,3194
M-2022-6,45,54,3,0.001114413075780089,3195
M-2022-6,45,60,3,0.001114413075780089,3196
M-2022-6,45,71,3,0.001114413075780089,3197
M-2022-6,45,112,3,0.001114413075780089,3198
M-2022-6,45,136,3,0.001114413075780089,3199
M-2022-6,45,155,3,0.001114413075780089,3200
M-2022-6,45,163,3,0.001114413075780089,3201
M-2022-6,96,124,57,0.001106968072710324,3202
M-2022-6,121,22,2,0.0011068068622025456,3203
M-2022-6,121,28,2,0.0011068068622025456,3204
M-2022-6,121,125,2,0.0011068068622025456,3205
M-2022-6,121,127,2,0.0011068068622025456,3206
M-2022-6,121,156,2,0.0011068068622025456,3207
M-2022-6,66,1,6,0.0011051759071652237,3208
M-2022-6,66,96,6,0.0011051759071652237,3209
M-2022-6,66,104,6,0.0011051759071652237,3210
M-2022-6,66,136,6,0.0011051759071652237,3211
M-2022-6,66,155,6,0.0011051759071652237,3212
M-2022-6,68,10,5,0.0011027790030877812,3213
M-2022-6,68,18,5,0.0011027790030877812,3214
M-2022-6,68,49,5,0.0011027790030877812,3215
M-2022-6,68,60,5,0.0011027790030877812,3216
M-2022-6,68,86,5,0.0011027790030877812,3217
M-2022-6,68,129,5,0.0011027790030877812,3218
M-2022-6,107,117,3,0.0011021307861866275,3219
M-2022-6,115,129,19,0.0011016408650779846,3220
M-2022-6,61,136,15,0.001098659635245001,3221
M-2022-6,61,140,15,0.001098659635245001,3222
M-2022-6,61,155,15,0.001098659635245001,3223
M-2022-6,37,33,1,0.0010964912280701754,3224
M-2022-6,37,36,1,0.0010964912280701754,3225
M-2022-6,37,41,1,0.0010964912280701754,3226
M-2022-6,37,50,1,0.0010964912280701754,3227
M-2022-6,37,69,1,0.0010964912280701754,3228
M-2022-6,37,87,1,0.0010964912280701754,3229
M-2022-6,37,88,1,0.0010964912280701754,3230
M-2022-6,37,95,1,0.0010964912280701754,3231
M-2022-6,37,104,1,0.0010964912280701754,3232
M-2022-6,37,116,1,0.0010964912280701754,3233
M-2022-6,37,123,1,0.0010964912280701754,3234
M-2022-6,37,163,1,0.0010964912280701754,3235
M-2022-6,140,158,73,0.0010939115579997902,3236
M-2022-6,28,14,19,0.001093902930508377,3237
M-2022-6,62,156,13,0.001091336467427804,3238
M-2022-6,175,156,49,0.0010896637608966376,3239
M-2022-6,24,60,8,0.001087695445275323,3240
M-2022-6,6,94,3,0.00108499095840868,3241
M-2022-6,117,103,81,0.0010849764252036005,3242
M-2022-6,78,142,53,0.001082339487011926,3243
M-2022-6,83,27,26,0.001081170991350632,3244
M-2022-6,83,91,26,0.001081170991350632,3245
M-2022-6,64,28,3,0.001080691642651297,3246
M-2022-6,64,29,3,0.001080691642651297,3247
M-2022-6,64,96,3,0.001080691642651297,3248
M-2022-6,64,122,3,0.001080691642651297,3249
M-2022-6,64,153,3,0.001080691642651297,3250
M-2022-6,149,86,58,0.001079129997953374,3251
M-2022-6,165,176,6,0.0010773927096426647,3252
M-2022-6,111,29,3,0.001076426264800861,3253
M-2022-6,111,36,3,0.001076426264800861,3254
M-2022-6,111,41,3,0.001076426264800861,3255
M-2022-6,111,60,3,0.001076426264800861,3256
M-2022-6,111,71,3,0.001076426264800861,3257
M-2022-6,111,76,3,0.001076426264800861,3258
M-2022-6,111,95,3,0.001076426264800861,3259
M-2022-6,111,97,3,0.001076426264800861,3260
M-2022-6,111,105,3,0.001076426264800861,3261
M-2022-6,111,115,3,0.001076426264800861,3262
M-2022-6,111,122,3,0.001076426264800861,3263
M-2022-6,111,160,3,0.001076426264800861,3264
M-2022-6,1,53,10,0.0010759629868732515,3265
M-2022-6,1,175,10,0.0010759629868732515,3266
M-2022-6,142,158,54,0.001073558648111332,3267
M-2022-6,60,156,26,0.001073448660253499,3268
M-2022-6,31,108,10,0.0010706638115631692,3269
M-2022-6,156,19,32,0.0010702341137123746,3270
M-2022-6,156,86,32,0.0010702341137123746,3271
M-2022-6,90,31,6,0.0010699001426533524,3272
M-2022-6,171,18,6,0.0010676156583629894,3273
M-2022-6,171,149,6,0.0010676156583629894,3274
M-2022-6,2,46,8,0.0010659560293137908,3275
M-2022-6,2,53,8,0.0010659560293137908,3276
M-2022-6,2,96,8,0.0010659560293137908,3277
M-2022-6,2,158,8,0.0010659560293137908,3278
M-2022-6,176,12,3,0.0010638297872340426,3279
M-2022-6,176,32,3,0.0010638297872340426,3280
M-2022-6,176,108,3,0.0010638297872340426,3281
M-2022-6,176,136,3,0.0010638297872340426,3282
M-2022-6,176,151,3,0.0010638297872340426,3283
M-2022-6,25,82,59,0.0010636188278559968,3284
M-2022-6,93,155,35,0.0010610562056630087,3285
M-2022-6,39,110,9,0.0010595714622086178,3286
M-2022-6,39,122,9,0.0010595714622086178,3287
M-2022-6,153,11,74,0.001058791546837218,3288
M-2022-6,10,14,2,0.0010554089709762533,3289
M-2022-6,10,50,2,0.0010554089709762533,3290
M-2022-6,10,71,2,0.0010554089709762533,3291
M-2022-6,10,102,2,0.0010554089709762533,3292
M-2022-6,10,117,2,0.0010554089709762533,3293
M-2022-6,10,130,2,0.0010554089709762533,3294
M-2022-6,10,142,2,0.0010554089709762533,3295
M-2022-6,109,14,2,0.0010509721492380452,3296
M-2022-6,109,140,2,0.0010509721492380452,3297
M-2022-6,155,91,8,0.0010504201680672268,3298
M-2022-6,55,165,9,0.0010449320794148381,3299
M-2022-6,110,149,8,0.0010420737267161652,3300
M-2022-6,149,71,56,0.0010419186187136027,3301
M-2022-6,149,83,56,0.0010419186187136027,3302
M-2022-6,29,160,30,0.0010417028369040591,3303
M-2022-6,74,86,6,0.001040582726326743,3304
M-2022-6,74,131,6,0.001040582726326743,3305
M-2022-6,172,25,7,0.0010398098633392751,3306
M-2022-6,172,50,7,0.0010398098633392751,3307
M-2022-6,83,53,25,0.0010395874916833,3308
M-2022-6,102,103,73,0.0010359606051145232,3309
M-2022-6,126,2,2,0.0010335917312661498,3310
M-2022-6,126,13,2,0.0010335917312661498,3311
M-2022-6,126,18,2,0.0010335917312661498,3312
M-2022-6,126,24,2,0.0010335917312661498,3313
M-2022-6,126,28,2,0.0010335917312661498,3314
M-2022-6,126,29,2,0.0010335917312661498,3315
M-2022-6,126,32,2,0.0010335917312661498,3316
M-2022-6,126,45,2,0.0010335917312661498,3317
M-2022-6,126,53,2,0.0010335917312661498,3318
M-2022-6,126,71,2,0.0010335917312661498,3319
M-2022-6,126,131,2,0.0010335917312661498,3320
M-2022-6,126,138,2,0.0010335917312661498,3321
M-2022-6,130,106,7,0.0010330578512396695,3322
M-2022-6,130,153,7,0.0010330578512396695,3323
M-2022-6,130,175,7,0.0010330578512396695,3324
M-2022-6,60,93,25,0.0010321621733206721,3325
M-2022-6,13,11,2,0.0010314595152140279,3326
M-2022-6,13,12,2,0.0010314595152140279,3327
M-2022-6,13,24,2,0.0010314595152140279,3328
M-2022-6,13,45,2,0.0010314595152140279,3329
M-2022-6,13,64,2,0.0010314595152140279,3330
M-2022-6,13,76,2,0.0010314595152140279,3331
M-2022-6,13,105,2,0.0010314595152140279,3332
M-2022-6,13,115,2,0.0010314595152140279,3333
M-2022-6,13,122,2,0.0010314595152140279,3334
M-2022-6,13,129,2,0.0010314595152140279,3335
M-2022-6,13,149,2,0.0010314595152140279,3336
M-2022-6,13,155,2,0.0010314595152140279,3337
M-2022-6,13,156,2,0.0010314595152140279,3338
M-2022-6,13,171,2,0.0010314595152140279,3339
M-2022-6,117,71,77,0.0010313973424774968,3340
M-2022-6,27,155,9,0.0010301018656289345,3341
M-2022-6,100,25,16,0.0010271554214547089,3342
M-2022-6,49,117,32,0.0010225929121528777,3343
M-2022-6,106,158,3,0.0010224948875255625,3344
M-2022-6,54,61,7,0.0010215995329830706,3345
M-2022-6,54,86,7,0.0010215995329830706,3346
M-2022-6,54,96,7,0.0010215995329830706,3347
M-2022-6,54,124,7,0.0010215995329830706,3348
M-2022-6,54,160,7,0.0010215995329830706,3349
M-2022-6,46,1,7,0.0010210035005834305,3350
M-2022-6,46,104,7,0.0010210035005834305,3351
M-2022-6,46,105,7,0.0010210035005834305,3352
M-2022-6,46,115,7,0.0010210035005834305,3353
M-2022-6,17,60,12,0.0010204081632653062,3354
M-2022-6,17,68,12,0.0010204081632653062,3355
M-2022-6,117,51,76,0.0010180025717959709,3356
M-2022-6,108,51,12,0.00101514254293207,3357
M-2022-6,51,83,20,0.001011173466808231,3358
M-2022-6,51,130,20,0.001011173466808231,3359
M-2022-6,99,96,24,0.0010099734881959348,3360
M-2022-6,29,25,29,0.0010069794090072572,3361
M-2022-6,29,110,29,0.0010069794090072572,3362
M-2022-6,104,16,2,0.0010050251256281408,3363
M-2022-6,104,18,2,0.0010050251256281408,3364
M-2022-6,104,46,2,0.0010050251256281408,3365
M-2022-6,104,86,2,0.0010050251256281408,3366
M-2022-6,104,93,2,0.0010050251256281408,3367
M-2022-6,104,127,2,0.0010050251256281408,3368
M-2022-6,104,138,2,0.0010050251256281408,3369
M-2022-6,104,155,2,0.0010050251256281408,3370
M-2022-6,104,158,2,0.0010050251256281408,3371
M-2022-6,104,170,2,0.0010050251256281408,3372
M-2022-6,117,50,75,0.001004607801114445,3373
M-2022-6,156,163,30,0.001003344481605351,3374
M-2022-6,153,55,70,0.0010015595713325034,3375
M-2022-6,93,60,33,0.0010004244224822653,3376
M-2022-6,32,13,3,0.0010003334444814939,3377
M-2022-6,32,22,3,0.0010003334444814939,3378
M-2022-6,32,78,3,0.0010003334444814939,3379
M-2022-6,32,148,3,0.0010003334444814939,3380
M-2022-6,12,102,3,0.0009973404255319148,3381
M-2022-6,12,104,3,0.0009973404255319148,3382
M-2022-6,12,105,3,0.0009973404255319148,3383
M-2022-6,12,168,3,0.0009973404255319148,3384
M-2022-6,138,98,40,0.000996189574876099,3385
M-2022-6,168,14,5,0.000994431185361973,3386
M-2022-6,168,46,5,0.000994431185361973,3387
M-2022-6,30,153,8,0.0009937888198757764,3388
M-2022-6,30,158,8,0.0009937888198757764,3389
M-2022-6,18,133,29,0.000993320774105155,3390
M-2022-6,14,16,8,0.0009931719428926133,3391
M-2022-6,14,24,8,0.0009931719428926133,3392
M-2022-6,14,96,8,0.0009931719428926133,3393
M-2022-6,14,121,8,0.0009931719428926133,3394
M-2022-6,14,127,8,0.0009931719428926133,3395
M-2022-6,14,143,8,0.0009931719428926133,3396
M-2022-6,122,28,55,0.0009890129650608692,3397
M-2022-6,125,71,4,0.0009876543209876543,3398
M-2022-6,125,110,4,0.0009876543209876543,3399
M-2022-6,153,93,69,0.000987251577456325,3400
M-2022-6,47,28,3,0.0009865175928970734,3401
M-2022-6,47,172,3,0.0009865175928970734,3402
M-2022-6,80,97,3,0.0009861932938856016,3403
M-2022-6,149,104,53,0.0009861015498539454,3404
M-2022-6,146,89,6,0.000982640026203734,3405
M-2022-6,146,99,6,0.000982640026203734,3406
M-2022-6,146,138,6,0.000982640026203734,3407
M-2022-6,146,144,6,0.000982640026203734,3408
M-2022-6,135,11,3,0.0009807126511932004,3409
M-2022-6,135,26,3,0.0009807126511932004,3410
M-2022-6,135,29,3,0.0009807126511932004,3411
M-2022-6,135,49,3,0.0009807126511932004,3412
M-2022-6,135,60,3,0.0009807126511932004,3413
M-2022-6,135,63,3,0.0009807126511932004,3414
M-2022-6,135,68,3,0.0009807126511932004,3415
M-2022-6,135,120,3,0.0009807126511932004,3416
M-2022-6,135,139,3,0.0009807126511932004,3417
M-2022-6,169,96,3,0.0009778357235984355,3418
M-2022-6,86,117,22,0.0009767359261232463,3419
M-2022-6,154,21,2,0.0009765625,3420
M-2022-6,154,23,2,0.0009765625,3421
M-2022-6,154,28,2,0.0009765625,3422
M-2022-6,154,29,2,0.0009765625,3423
M-2022-6,154,72,2,0.0009765625,3424
M-2022-6,154,96,2,0.0009765625,3425
M-2022-6,154,122,2,0.0009765625,3426
M-2022-6,154,163,2,0.0009765625,3427
M-2022-6,53,23,8,0.0009762050030506406,3428
M-2022-6,119,77,2,0.0009751340809361287,3429
M-2022-6,119,90,2,0.0009751340809361287,3430
M-2022-6,119,99,2,0.0009751340809361287,3431
M-2022-6,119,133,2,0.0009751340809361287,3432
M-2022-6,119,149,2,0.0009751340809361287,3433
M-2022-6,119,159,2,0.0009751340809361287,3434
M-2022-6,158,20,14,0.0009749303621169916,3435
M-2022-6,158,25,14,0.0009749303621169916,3436
M-2022-6,158,31,14,0.0009749303621169916,3437
M-2022-6,153,151,68,0.0009729435835801462,3438
M-2022-6,127,87,6,0.0009713453132588635,3439
M-2022-6,127,115,6,0.0009713453132588635,3440
M-2022-6,127,138,6,0.0009713453132588635,3441
M-2022-6,127,176,6,0.0009713453132588635,3442
M-2022-6,99,115,23,0.0009678912595211043,3443
M-2022-6,26,62,3,0.0009646302250803858,3444
M-2022-6,26,132,3,0.0009646302250803858,3445
M-2022-6,120,25,2,0.0009638554216867469,3446
M-2022-6,120,67,2,0.0009638554216867469,3447
M-2022-6,120,96,2,0.0009638554216867469,3448
M-2022-6,120,139,2,0.0009638554216867469,3449
M-2022-6,120,150,2,0.0009638554216867469,3450
M-2022-6,120,156,2,0.0009638554216867469,3451
M-2022-6,35,2,3,0.0009624639076034649,3452
M-2022-6,35,86,3,0.0009624639076034649,3453
M-2022-6,35,115,3,0.0009624639076034649,3454
M-2022-6,35,160,3,0.0009624639076034649,3455
M-2022-6,71,49,134,0.0009623671358804941,3456
M-2022-6,51,14,19,0.0009606147934678194,3457
M-2022-6,51,124,19,0.0009606147934678194,3458
M-2022-6,163,11,2,0.0009592326139088729,3459
M-2022-6,163,28,2,0.0009592326139088729,3460
M-2022-6,163,51,2,0.0009592326139088729,3461
M-2022-6,163,96,2,0.0009592326139088729,3462
M-2022-6,163,104,2,0.0009592326139088729,3463
M-2022-6,163,123,2,0.0009592326139088729,3464
M-2022-6,18,170,28,0.0009590683336187703,3465
M-2022-6,49,19,30,0.0009586808551433227,3466
M-2022-6,49,28,30,0.0009586808551433227,3467
M-2022-6,175,133,43,0.0009562355452766412,3468
M-2022-6,174,122,3,0.000952683391552874,3469
M-2022-6,24,136,7,0.0009517335146159076,3470
M-2022-6,117,164,71,0.0009510287183883411,3471
M-2022-6,150,65,2,0.0009510223490252021,3472
M-2022-6,150,72,2,0.0009510223490252021,3473
M-2022-6,60,149,23,0.0009495891994550184,3474
M-2022-6,151,46,2,0.0009487666034155598,3475
M-2022-6,151,49,2,0.0009487666034155598,3476
M-2022-6,151,77,2,0.0009487666034155598,3477
M-2022-6,151,87,2,0.0009487666034155598,3478
M-2022-6,151,96,2,0.0009487666034155598,3479
M-2022-6,151,137,2,0.0009487666034155598,3480
M-2022-6,151,157,2,0.0009487666034155598,3481
M-2022-6,151,165,2,0.0009487666034155598,3482
M-2022-6,151,175,2,0.0009487666034155598,3483
M-2022-6,4,5,3,0.000946969696969697,3484
M-2022-6,91,0,4,0.0009431737797689225,3485
M-2022-6,91,74,4,0.0009431737797689225,3486
M-2022-6,91,117,4,0.0009431737797689225,3487
M-2022-6,91,130,4,0.0009431737797689225,3488
M-2022-6,82,76,64,0.0009426181218333922,3489
M-2022-6,93,61,31,0.0009397926393015218,3490
M-2022-6,75,72,24,0.0009385265133740028,3491
M-2022-6,75,79,24,0.0009385265133740028,3492
M-2022-6,75,142,24,0.0009385265133740028,3493
M-2022-6,25,28,52,0.0009374267635340989,3494
M-2022-6,156,175,28,0.0009364548494983278,3495
M-2022-6,17,23,11,0.0009353741496598639,3496
M-2022-6,17,65,11,0.0009353741496598639,3497
M-2022-6,63,125,10,0.0009330969487729775,3498
M-2022-6,63,143,10,0.0009330969487729775,3499
M-2022-6,2,18,7,0.000932711525649567,3500
M-2022-6,2,95,7,0.000932711525649567,3501
M-2022-6,86,175,21,0.0009323388385721897,3502
M-2022-6,143,77,4,0.0009321836401771149,3503
M-2022-6,143,86,4,0.0009321836401771149,3504
M-2022-6,143,111,4,0.0009321836401771149,3505
M-2022-6,143,122,4,0.0009321836401771149,3506
M-2022-6,129,19,29,0.0009307102281844732,3507
M-2022-6,129,140,29,0.0009307102281844732,3508
M-2022-6,149,115,50,0.0009302844809942881,3509
M-2022-6,153,22,65,0.0009300196019516103,3510
M-2022-6,136,61,20,0.0009288932237239329,3511
M-2022-6,115,49,16,0.000927697570591987,3512
M-2022-6,173,129,3,0.0009267840593141798,3513
M-2022-6,173,156,3,0.0009267840593141798,3514
M-2022-6,99,124,22,0.0009258090308462737,3515
M-2022-6,99,133,22,0.0009258090308462737,3516
M-2022-6,148,63,6,0.0009256402344955261,3517
M-2022-6,148,153,6,0.0009256402344955261,3518
M-2022-6,76,137,9,0.0009229822582299251,3519
M-2022-6,160,1,2,0.0009212344541685859,3520
M-2022-6,160,44,2,0.0009212344541685859,3521
M-2022-6,160,69,2,0.0009212344541685859,3522
M-2022-6,160,82,2,0.0009212344541685859,3523
M-2022-6,160,139,2,0.0009212344541685859,3524
M-2022-6,160,143,2,0.0009212344541685859,3525
M-2022-6,160,156,2,0.0009212344541685859,3526
M-2022-6,28,90,16,0.000921181415164949,3527
M-2022-6,28,93,16,0.000921181415164949,3528
M-2022-6,28,94,16,0.000921181415164949,3529
M-2022-6,28,118,16,0.000921181415164949,3530
M-2022-6,66,46,5,0.0009209799226376865,3531
M-2022-6,66,105,5,0.0009209799226376865,3532
M-2022-6,155,12,7,0.0009191176470588235,3533
M-2022-6,155,19,7,0.0009191176470588235,3534
M-2022-6,155,50,7,0.0009191176470588235,3535
M-2022-6,155,130,7,0.0009191176470588235,3536
M-2022-6,155,141,7,0.0009191176470588235,3537
M-2022-6,56,25,7,0.0009187557422233889,3538
M-2022-6,56,57,7,0.0009187557422233889,3539
M-2022-6,56,87,7,0.0009187557422233889,3540
M-2022-6,65,117,3,0.0009185548071034905,3541
M-2022-6,27,4,8,0.000915646102781275,3542
M-2022-6,83,153,22,0.000914836992681304,3543
M-2022-6,142,28,46,0.0009145129224652087,3544
M-2022-6,128,43,3,0.0009143553794574825,3545
M-2022-6,128,122,3,0.0009143553794574825,3546
M-2022-6,128,129,3,0.0009143553794574825,3547
M-2022-6,128,136,3,0.0009143553794574825,3548
M-2022-6,128,155,3,0.0009143553794574825,3549
M-2022-6,128,157,3,0.0009143553794574825,3550
M-2022-6,140,79,61,0.0009140904799724275,3551
M-2022-6,113,51,3,0.0009132420091324201,3552
M-2022-6,113,100,3,0.0009132420091324201,3553
M-2022-6,110,42,7,0.0009118145108766445,3554
M-2022-6,149,172,49,0.0009116787913744023,3555
M-2022-6,93,29,30,0.0009094767477111501,3556
M-2022-6,132,2,15,0.0009076057360682519,3557
M-2022-6,132,143,15,0.0009076057360682519,3558
M-2022-6,141,2,2,0.0009049773755656109,3559
M-2022-6,141,21,2,0.0009049773755656109,3560
M-2022-6,141,23,2,0.0009049773755656109,3561
M-2022-6,141,28,2,0.0009049773755656109,3562
M-2022-6,141,52,2,0.0009049773755656109,3563
M-2022-6,141,74,2,0.0009049773755656109,3564
M-2022-6,141,93,2,0.0009049773755656109,3565
M-2022-6,141,130,2,0.0009049773755656109,3566
M-2022-6,87,19,10,0.0009028530155290719,3567
M-2022-6,87,25,10,0.0009028530155290719,3568
M-2022-6,87,117,10,0.0009028530155290719,3569
M-2022-6,29,12,26,0.0009028091253168513,3570
M-2022-6,29,42,26,0.0009028091253168513,3571
M-2022-6,72,49,15,0.0009010632546404757,3572
M-2022-6,140,14,60,0.0008991053901368139,3573
M-2022-6,129,149,28,0.000898616772040181,3574
M-2022-6,23,129,12,0.0008972633467922835,3575
M-2022-6,70,111,2,0.0008968609865470852,3576
M-2022-6,67,50,2,0.0008944543828264759,3577
M-2022-6,67,88,2,0.0008944543828264759,3578
M-2022-6,67,108,2,0.0008944543828264759,3579
M-2022-6,67,111,2,0.0008944543828264759,3580
M-2022-6,67,127,2,0.0008944543828264759,3581
M-2022-6,67,139,2,0.0008944543828264759,3582
M-2022-6,90,130,5,0.000891583452211127,3583
M-2022-6,172,51,6,0.00089126559714795,3584
M-2022-6,172,83,6,0.00089126559714795,3585
M-2022-6,172,155,6,0.00089126559714795,3586
M-2022-6,18,171,26,0.000890563452646001,3587
M-2022-6,171,82,5,0.0008896797153024911,3588
M-2022-6,171,140,5,0.0008896797153024911,3589
M-2022-6,134,132,8,0.0008874098724348308,3590
M-2022-6,112,41,3,0.0008860011813349084,3591
M-2022-6,112,45,3,0.0008860011813349084,3592
M-2022-6,112,63,3,0.0008860011813349084,3593
M-2022-6,112,68,3,0.0008860011813349084,3594
M-2022-6,112,136,3,0.0008860011813349084,3595
M-2022-6,112,143,3,0.0008860011813349084,3596
M-2022-6,130,53,6,0.0008854781582054309,3597
M-2022-6,130,122,6,0.0008854781582054309,3598
M-2022-6,130,167,6,0.0008854781582054309,3599
M-2022-6,140,78,59,0.0008841203003012003,3600
M-2022-6,21,19,2,0.0008833922261484099,3601
M-2022-6,136,49,19,0.0008824485625377363,3602
M-2022-6,136,142,19,0.0008824485625377363,3603
M-2022-6,68,17,4,0.000882223202470225,3604
M-2022-6,68,66,4,0.000882223202470225,3605
M-2022-6,68,115,4,0.000882223202470225,3606
M-2022-6,68,116,4,0.000882223202470225,3607
M-2022-6,68,151,4,0.000882223202470225,3608
M-2022-6,68,157,4,0.000882223202470225,3609
M-2022-6,122,138,49,0.0008811206415996835,3610
M-2022-6,93,125,29,0.0008791608561207785,3611
M-2022-6,61,11,12,0.0008789277081960009,3612
M-2022-6,54,60,6,0.0008756567425569177,3613
M-2022-6,46,28,6,0.0008751458576429405,3614
M-2022-6,46,32,6,0.0008751458576429405,3615
M-2022-6,46,117,6,0.0008751458576429405,3616
M-2022-6,46,156,6,0.0008751458576429405,3617
M-2022-6,149,102,47,0.0008744674121346308,3618
M-2022-6,139,2,1,0.0008733624454148472,3619
M-2022-6,139,10,1,0.0008733624454148472,3620
M-2022-6,139,15,1,0.0008733624454148472,3621
M-2022-6,139,16,1,0.0008733624454148472,3622
M-2022-6,139,17,1,0.0008733624454148472,3623
M-2022-6,139,22,1,0.0008733624454148472,3624
M-2022-6,139,27,1,0.0008733624454148472,3625
M-2022-6,139,28,1,0.0008733624454148472,3626
M-2022-6,139,38,1,0.0008733624454148472,3627
M-2022-6,139,50,1,0.0008733624454148472,3628
M-2022-6,139,82,1,0.0008733624454148472,3629
M-2022-6,139,84,1,0.0008733624454148472,3630
M-2022-6,139,96,1,0.0008733624454148472,3631
M-2022-6,139,99,1,0.0008733624454148472,3632
M-2022-6,139,114,1,0.0008733624454148472,3633
M-2022-6,139,115,1,0.0008733624454148472,3634
M-2022-6,139,119,1,0.0008733624454148472,3635
M-2022-6,139,123,1,0.0008733624454148472,3636
M-2022-6,139,124,1,0.0008733624454148472,3637
M-2022-6,139,128,1,0.0008733624454148472,3638
M-2022-6,139,176,1,0.0008733624454148472,3639
M-2022-6,138,115,35,0.0008716658780165865,3640
M-2022-6,41,23,2,0.0008710801393728223,3641
M-2022-6,41,49,2,0.0008710801393728223,3642
M-2022-6,41,63,2,0.0008710801393728223,3643
M-2022-6,41,93,2,0.0008710801393728223,3644
M-2022-6,41,168,2,0.0008710801393728223,3645
M-2022-6,117,14,65,0.0008706600942991856,3646
M-2022-6,30,51,7,0.0008695652173913044,3647
M-2022-6,30,142,7,0.0008695652173913044,3648
M-2022-6,140,17,58,0.0008691352104655867,3649
M-2022-6,14,5,7,0.0008690254500310366,3650
M-2022-6,14,90,7,0.0008690254500310366,3651
M-2022-6,29,61,25,0.0008680856974200493,3652
M-2022-6,161,93,2,0.0008673026886383347,3653
M-2022-6,161,153,2,0.0008673026886383347,3654
M-2022-6,175,155,39,0.0008672834015299769,3655
M-2022-6,74,117,5,0.0008671522719389525,3656
M-2022-6,74,122,5,0.0008671522719389525,3657
M-2022-6,60,51,21,0.0008670162255893646,3658
M-2022-6,129,14,27,0.0008665233158958888,3659
M-2022-6,1,70,8,0.0008607703894986013,3660
M-2022-6,1,112,8,0.0008607703894986013,3661
M-2022-6,166,29,2,0.0008583690987124463,3662
M-2022-6,166,36,2,0.0008583690987124463,3663
M-2022-6,166,43,2,0.0008583690987124463,3664
M-2022-6,166,77,2,0.0008583690987124463,3665
M-2022-6,166,87,2,0.0008583690987124463,3666
M-2022-6,166,163,2,0.0008583690987124463,3667
M-2022-6,31,82,8,0.0008565310492505353,3668
M-2022-6,31,175,8,0.0008565310492505353,3669
M-2022-6,85,2,2,0.0008561643835616438,3670
M-2022-6,85,28,2,0.0008561643835616438,3671
M-2022-6,85,49,2,0.0008561643835616438,3672
M-2022-6,85,71,2,0.0008561643835616438,3673
M-2022-6,85,118,2,0.0008561643835616438,3674
M-2022-6,85,142,2,0.0008561643835616438,3675
M-2022-6,96,130,44,0.0008545016701623553,3676
M-2022-6,53,2,7,0.0008541793776693106,3677
M-2022-6,53,3,7,0.0008541793776693106,3678
M-2022-6,53,19,7,0.0008541793776693106,3679
M-2022-6,53,91,7,0.0008541793776693106,3680
M-2022-6,53,111,7,0.0008541793776693106,3681
M-2022-6,140,176,57,0.0008541501206299732,3682
M-2022-6,118,71,3,0.000846262341325811,3683
M-2022-6,118,97,3,0.000846262341325811,3684
M-2022-6,118,117,3,0.000846262341325811,3685
M-2022-6,118,149,3,0.000846262341325811,3686
M-2022-6,117,93,63,0.0008438705529361338,3687
M-2022-6,116,62,3,0.0008434073657576609,3688
M-2022-6,116,89,3,0.0008434073657576609,3689
M-2022-6,116,110,3,0.0008434073657576609,3690
M-2022-6,116,121,3,0.0008434073657576609,3691
M-2022-6,116,175,3,0.0008434073657576609,3692
M-2022-6,63,175,9,0.0008397872538956798,3693
M-2022-6,62,115,10,0.0008394895903290799,3694
M-2022-6,62,133,10,0.0008394895903290799,3695
M-2022-6,62,140,10,0.0008394895903290799,3696
M-2022-6,149,93,45,0.0008372560328948592,3697
M-2022-6,156,50,25,0.0008361204013377926,3698
M-2022-6,136,175,18,0.0008360039013515396,3699
M-2022-6,158,79,12,0.0008356545961002785,3700
M-2022-6,158,86,12,0.0008356545961002785,3701
M-2022-6,129,133,26,0.0008344298597515967,3702
M-2022-6,29,137,24,0.0008333622695232473,3703
M-2022-6,117,68,62,0.0008304757822546078,3704
M-2022-6,144,130,3,0.0008285004142502071,3705
M-2022-6,122,56,46,0.0008271744798690906,3706
M-2022-6,39,86,7,0.0008241111372733694,3707
M-2022-6,39,148,7,0.0008241111372733694,3708
M-2022-6,18,93,24,0.0008220585716732317,3709
M-2022-6,138,112,33,0.0008218563992727817,3710
M-2022-6,138,133,33,0.0008218563992727817,3711
M-2022-6,146,28,5,0.0008188666885031117,3712
M-2022-6,146,97,5,0.0008188666885031117,3713
M-2022-6,146,117,5,0.0008188666885031117,3714
M-2022-6,103,18,2,0.0008183306055646482,3715
M-2022-6,103,66,2,0.0008183306055646482,3716
M-2022-6,103,128,2,0.0008183306055646482,3717
M-2022-6,103,138,2,0.0008183306055646482,3718
M-2022-6,24,18,6,0.0008157715839564922,3719
M-2022-6,24,19,6,0.0008157715839564922,3720
M-2022-6,153,28,57,0.0008155556509421814,3721
M-2022-6,87,49,9,0.0008125677139761647,3722
M-2022-6,115,42,14,0.0008117353742679886,3723
M-2022-6,115,60,14,0.0008117353742679886,3724
M-2022-6,115,143,14,0.0008117353742679886,3725
M-2022-6,127,28,5,0.0008094544277157196,3726
M-2022-6,127,41,5,0.0008094544277157196,3727
M-2022-6,127,67,5,0.0008094544277157196,3728
M-2022-6,127,116,5,0.0008094544277157196,3729
M-2022-6,51,163,16,0.0008089387734465848,3730
M-2022-6,164,14,2,0.0008074283407347598,3731
M-2022-6,164,172,2,0.0008074283407347598,3732
M-2022-6,159,14,2,0.0008061265618702137,3733
M-2022-6,159,25,2,0.0008061265618702137,3734
M-2022-6,159,75,2,0.0008061265618702137,3735
M-2022-6,159,77,2,0.0008061265618702137,3736
M-2022-6,159,99,2,0.0008061265618702137,3737
M-2022-6,159,104,2,0.0008061265618702137,3738
M-2022-6,159,116,2,0.0008061265618702137,3739
M-2022-6,159,117,2,0.0008061265618702137,3740
M-2022-6,159,141,2,0.0008061265618702137,3741
M-2022-6,159,155,2,0.0008061265618702137,3742
M-2022-6,159,156,2,0.0008061265618702137,3743
M-2022-6,159,175,2,0.0008061265618702137,3744
M-2022-6,61,149,11,0.0008056837325130008,3745
M-2022-6,61,175,11,0.0008056837325130008,3746
M-2022-6,156,151,24,0.000802675585284281,3747
M-2022-6,156,154,24,0.000802675585284281,3748
M-2022-6,149,61,43,0.0008000446536550877,3749
M-2022-6,149,110,43,0.0008000446536550877,3750
M-2022-6,99,69,19,0.0007995623448217818,3751
M-2022-6,99,104,19,0.0007995623448217818,3752
M-2022-6,99,108,19,0.0007995623448217818,3753
M-2022-6,2,12,6,0.0007994670219853431,3754
M-2022-6,2,17,6,0.0007994670219853431,3755
M-2022-6,2,85,6,0.0007994670219853431,3756
M-2022-6,2,140,6,0.0007994670219853431,3757
M-2022-6,2,171,6,0.0007994670219853431,3758
M-2022-6,29,28,23,0.0007986388416264454,3759
M-2022-6,138,46,32,0.0007969516599008791,3760
M-2022-6,168,28,4,0.0007955449482895784,3761
M-2022-6,168,125,4,0.0007955449482895784,3762
M-2022-6,168,175,4,0.0007955449482895784,3763
M-2022-6,140,117,53,0.000794209761287519,3764
M-2022-6,140,157,53,0.000794209761287519,3765
M-2022-6,79,72,17,0.0007935026138909634,3766
M-2022-6,79,78,17,0.0007935026138909634,3767
M-2022-6,117,157,59,0.00079029147021003,3768
M-2022-6,93,49,26,0.0007882131813496635,3769
M-2022-6,93,63,26,0.0007882131813496635,3770
M-2022-6,155,18,6,0.0007878151260504202,3771
M-2022-6,155,42,6,0.0007878151260504202,3772
M-2022-6,155,43,6,0.0007878151260504202,3773
M-2022-6,155,65,6,0.0007878151260504202,3774
M-2022-6,18,140,23,0.000787806131186847,3775
M-2022-6,56,98,6,0.0007875049219057619,3776
M-2022-6,153,111,55,0.0007869396631898242,3777
M-2022-6,153,115,55,0.0007869396631898242,3778
M-2022-6,132,25,13,0.0007865916379258184,3779
M-2022-6,97,98,33,0.0007859949982136477,3780
M-2022-6,124,2,25,0.0007848061528802386,3781
M-2022-6,110,29,6,0.0007815552950371239,3782
M-2022-6,110,56,6,0.0007815552950371239,3783
M-2022-6,110,90,6,0.0007815552950371239,3784
M-2022-6,110,130,6,0.0007815552950371239,3785
M-2022-6,149,156,42,0.000781438964035202,3786
M-2022-6,59,111,7,0.0007774322523322968,3787
M-2022-6,117,87,58,0.000776896699528504,3788
M-2022-6,134,156,7,0.000776483638380477,3789
M-2022-6,123,18,2,0.0007727975270479134,3790
M-2022-6,123,50,2,0.0007727975270479134,3791
M-2022-6,123,160,2,0.0007727975270479134,3792
M-2022-6,138,160,31,0.0007720469205289767,3793
M-2022-6,148,60,5,0.0007713668620796051,3794
M-2022-6,148,117,5,0.0007713668620796051,3795
M-2022-6,131,25,29,0.0007709075442607263,3796
M-2022-6,49,79,24,0.0007669446841146582,3797
M-2022-6,170,3,2,0.0007659900421294523,3798
M-2022-6,170,6,2,0.0007659900421294523,3799
M-2022-6,170,25,2,0.0007659900421294523,3800
M-2022-6,170,50,2,0.0007659900421294523,3801
M-2022-6,170,65,2,0.0007659900421294523,3802
M-2022-6,170,98,2,0.0007659900421294523,3803
M-2022-6,170,99,2,0.0007659900421294523,3804
M-2022-6,170,100,2,0.0007659900421294523,3805
M-2022-6,170,110,2,0.0007659900421294523,3806
M-2022-6,170,111,2,0.0007659900421294523,3807
M-2022-6,170,125,2,0.0007659900421294523,3808
M-2022-6,170,127,2,0.0007659900421294523,3809
M-2022-6,170,136,2,0.0007659900421294523,3810
M-2022-6,170,160,2,0.0007659900421294523,3811
M-2022-6,3,17,1,0.0007656967840735069,3812
M-2022-6,3,25,1,0.0007656967840735069,3813
M-2022-6,3,53,1,0.0007656967840735069,3814
M-2022-6,3,92,1,0.0007656967840735069,3815
M-2022-6,3,98,1,0.0007656967840735069,3816
M-2022-6,3,101,1,0.0007656967840735069,3817
M-2022-6,3,107,1,0.0007656967840735069,3818
M-2022-6,3,111,1,0.0007656967840735069,3819
M-2022-6,3,124,1,0.0007656967840735069,3820
M-2022-6,3,165,1,0.0007656967840735069,3821
M-2022-6,17,2,9,0.0007653061224489796,3822
M-2022-6,17,13,9,0.0007653061224489796,3823
M-2022-6,17,143,9,0.0007653061224489796,3824
M-2022-6,140,129,51,0.0007642395816162918,3825
M-2022-6,145,122,1,0.0007593014426727411,3826
M-2022-6,145,149,1,0.0007593014426727411,3827
M-2022-6,145,161,1,0.0007593014426727411,3828
M-2022-6,114,28,2,0.0007584376185058779,3829
M-2022-6,114,156,2,0.0007584376185058779,3830
M-2022-6,62,149,9,0.0007555406312961719,3831
M-2022-6,142,117,38,0.0007554671968190855,3832
M-2022-6,86,111,17,0.000754750488367963,3833
M-2022-6,86,155,17,0.000754750488367963,3834
M-2022-6,115,138,13,0.0007537542761059895,3835
M-2022-6,124,77,24,0.000753413906765029,3836
M-2022-6,124,93,24,0.000753413906765029,3837
M-2022-6,124,96,24,0.000753413906765029,3838
M-2022-6,124,175,24,0.000753413906765029,3839
M-2022-6,1,23,7,0.000753174090811276,3840
M-2022-6,1,156,7,0.000753174090811276,3841
M-2022-6,117,4,56,0.0007501071581654522,3842
M-2022-6,117,100,56,0.0007501071581654522,3843
M-2022-6,140,21,50,0.0007492544917806782,3844
M-2022-6,83,5,18,0.0007485029940119761,3845
M-2022-6,28,71,13,0.0007484598998215212,3846
M-2022-6,28,101,13,0.0007484598998215212,3847
M-2022-6,28,114,13,0.0007484598998215212,3848
M-2022-6,28,168,13,0.0007484598998215212,3849
M-2022-6,23,51,10,0.0007477194556602363,3850
M-2022-6,23,154,10,0.0007477194556602363,3851
M-2022-6,63,11,8,0.000746477559018382,3852
M-2022-6,63,122,8,0.000746477559018382,3853
M-2022-6,14,99,6,0.0007448789571694599,3854
M-2022-6,153,86,52,0.0007440156815612883,3855
M-2022-6,60,117,18,0.000743156764790884,3856
M-2022-6,136,117,16,0.0007431145789791463,3857
M-2022-6,45,12,2,0.0007429420505200594,3858
M-2022-6,45,26,2,0.0007429420505200594,3859
M-2022-6,45,33,2,0.0007429420505200594,3860
M-2022-6,45,96,2,0.0007429420505200594,3861
M-2022-6,45,126,2,0.0007429420505200594,3862
M-2022-6,45,141,2,0.0007429420505200594,3863
M-2022-6,45,170,2,0.0007429420505200594,3864
M-2022-6,45,175,2,0.0007429420505200594,3865
M-2022-6,172,91,5,0.0007427213309566251,3866
M-2022-6,172,101,5,0.0007427213309566251,3867
M-2022-6,172,156,5,0.0007427213309566251,3868
M-2022-6,125,46,3,0.0007407407407407407,3869
M-2022-6,125,51,3,0.0007407407407407407,3870
M-2022-6,125,137,3,0.0007407407407407407,3871
M-2022-6,129,23,23,0.0007381494913187201,3872
M-2022-6,96,170,38,0.000737978715140216,3873
M-2022-6,130,72,5,0.0007378984651711924,3874
M-2022-6,130,74,5,0.0007378984651711924,3875
M-2022-6,130,129,5,0.0007378984651711924,3876
M-2022-6,0,28,1,0.0007374631268436578,3877
M-2022-6,0,33,1,0.0007374631268436578,3878
M-2022-6,0,49,1,0.0007374631268436578,3879
M-2022-6,0,50,1,0.0007374631268436578,3880
M-2022-6,0,105,1,0.0007374631268436578,3881
M-2022-6,0,110,1,0.0007374631268436578,3882
M-2022-6,0,111,1,0.0007374631268436578,3883
M-2022-6,0,120,1,0.0007374631268436578,3884
M-2022-6,0,129,1,0.0007374631268436578,3885
M-2022-6,0,151,1,0.0007374631268436578,3886
M-2022-6,0,153,1,0.0007374631268436578,3887
M-2022-6,0,155,1,0.0007374631268436578,3888
M-2022-6,0,158,1,0.0007374631268436578,3889
M-2022-6,0,163,1,0.0007374631268436578,3890
M-2022-6,122,99,41,0.0007372642103181025,3891
M-2022-6,122,110,41,0.0007372642103181025,3892
M-2022-6,66,28,4,0.0007367839381101492,3893
M-2022-6,66,39,4,0.0007367839381101492,3894
M-2022-6,66,77,4,0.0007367839381101492,3895
M-2022-6,66,162,4,0.0007367839381101492,3896
M-2022-6,156,46,22,0.0007357859531772575,3897
M-2022-6,156,158,22,0.0007357859531772575,3898
M-2022-6,107,106,2,0.0007347538574577516,3899
M-2022-6,43,1,1,0.0007336757153338225,3900
M-2022-6,43,17,1,0.0007336757153338225,3901
M-2022-6,43,23,1,0.0007336757153338225,3902
M-2022-6,43,26,1,0.0007336757153338225,3903
M-2022-6,43,49,1,0.0007336757153338225,3904
M-2022-6,43,88,1,0.0007336757153338225,3905
M-2022-6,43,112,1,0.0007336757153338225,3906
M-2022-6,43,116,1,0.0007336757153338225,3907
M-2022-6,43,124,1,0.0007336757153338225,3908
M-2022-6,43,134,1,0.0007336757153338225,3909
M-2022-6,43,135,1,0.0007336757153338225,3910
M-2022-6,43,140,1,0.0007336757153338225,3911
M-2022-6,43,157,1,0.0007336757153338225,3912
M-2022-6,43,166,1,0.0007336757153338225,3913
M-2022-6,43,172,1,0.0007336757153338225,3914
M-2022-6,61,2,10,0.0007324397568300008,3915
M-2022-6,53,129,6,0.0007321537522879804,3916
M-2022-6,53,177,6,0.0007321537522879804,3917
M-2022-6,54,18,5,0.0007297139521307647,3918
M-2022-6,54,142,5,0.0007297139521307647,3919
M-2022-6,54,168,5,0.0007297139521307647,3920
M-2022-6,46,18,5,0.0007292882147024504,3921
M-2022-6,46,66,5,0.0007292882147024504,3922
M-2022-6,46,122,5,0.0007292882147024504,3923
M-2022-6,46,135,5,0.0007292882147024504,3924
M-2022-6,93,86,24,0.0007275813981689202,3925
M-2022-6,93,122,24,0.0007275813981689202,3926
M-2022-6,149,155,39,0.0007256218951755447,3927
M-2022-6,6,7,2,0.0007233273056057866,3928
M-2022-6,6,14,2,0.0007233273056057866,3929
M-2022-6,6,170,2,0.0007233273056057866,3930
M-2022-6,157,14,1,0.000722543352601156,3931
M-2022-6,157,19,1,0.000722543352601156,3932
M-2022-6,157,23,1,0.000722543352601156,3933
M-2022-6,157,34,1,0.000722543352601156,3934
M-2022-6,157,37,1,0.000722543352601156,3935
M-2022-6,157,45,1,0.000722543352601156,3936
M-2022-6,157,62,1,0.000722543352601156,3937
M-2022-6,157,66,1,0.000722543352601156,3938
M-2022-6,157,85,1,0.000722543352601156,3939
M-2022-6,157,95,1,0.000722543352601156,3940
M-2022-6,157,104,1,0.000722543352601156,3941
M-2022-6,157,112,1,0.000722543352601156,3942
M-2022-6,157,115,1,0.000722543352601156,3943
M-2022-6,157,122,1,0.000722543352601156,3944
M-2022-6,157,127,1,0.000722543352601156,3945
M-2022-6,157,130,1,0.000722543352601156,3946
M-2022-6,157,142,1,0.000722543352601156,3947
M-2022-6,157,171,1,0.000722543352601156,3948
M-2022-6,87,96,8,0.0007222824124232575,3949
M-2022-6,124,97,23,0.0007220216606498195,3950
M-2022-6,64,54,2,0.0007204610951008645,3951
M-2022-6,64,132,2,0.0007204610951008645,3952
M-2022-6,64,135,2,0.0007204610951008645,3953
M-2022-6,64,171,2,0.0007204610951008645,3954
M-2022-6,18,127,21,0.0007193012502140777,3955
M-2022-6,140,139,48,0.0007192843121094511,3956
M-2022-6,122,142,40,0.0007192821564079049,3957
M-2022-6,96,83,37,0.0007185582226365261,3958
M-2022-6,165,106,4,0.0007182618064284432,3959
M-2022-6,111,0,2,0.0007176175098672408,3960
M-2022-6,111,11,2,0.0007176175098672408,3961
M-2022-6,111,23,2,0.0007176175098672408,3962
M-2022-6,111,43,2,0.0007176175098672408,3963
M-2022-6,111,57,2,0.0007176175098672408,3964
M-2022-6,111,90,2,0.0007176175098672408,3965
M-2022-6,111,116,2,0.0007176175098672408,3966
M-2022-6,111,123,2,0.0007176175098672408,3967
M-2022-6,111,131,2,0.0007176175098672408,3968
M-2022-6,111,138,2,0.0007176175098672408,3969
M-2022-6,111,150,2,0.0007176175098672408,3970
M-2022-6,111,168,2,0.0007176175098672408,3971
M-2022-6,153,19,50,0.000715399693808931,3972
M-2022-6,153,176,50,0.000715399693808931,3973
M-2022-6,90,111,4,0.0007132667617689016,3974
M-2022-6,90,118,4,0.0007132667617689016,3975
M-2022-6,90,122,4,0.0007132667617689016,3976
M-2022-6,171,71,4,0.0007117437722419929,3977
M-2022-6,171,125,4,0.0007117437722419929,3978
M-2022-6,171,138,4,0.0007117437722419929,3979
M-2022-6,171,175,4,0.0007117437722419929,3980
M-2022-6,86,2,16,0.0007103534008169064,3981
M-2022-6,117,155,53,0.0007099228461208744,3982
M-2022-6,176,4,2,0.0007092198581560284,3983
M-2022-6,176,16,2,0.0007092198581560284,3984
M-2022-6,176,18,2,0.0007092198581560284,3985
M-2022-6,176,19,2,0.0007092198581560284,3986
M-2022-6,176,29,2,0.0007092198581560284,3987
M-2022-6,176,50,2,0.0007092198581560284,3988
M-2022-6,176,74,2,0.0007092198581560284,3989
M-2022-6,176,84,2,0.0007092198581560284,3990
M-2022-6,176,88,2,0.0007092198581560284,3991
M-2022-6,176,98,2,0.0007092198581560284,3992
M-2022-6,176,101,2,0.0007092198581560284,3993
M-2022-6,176,135,2,0.0007092198581560284,3994
M-2022-6,176,157,2,0.0007092198581560284,3995
M-2022-6,176,158,2,0.0007092198581560284,3996
M-2022-6,176,159,2,0.0007092198581560284,3997
M-2022-6,176,171,2,0.0007092198581560284,3998
M-2022-6,51,149,14,0.0007078214267657617,3999
M-2022-6,91,4,3,0.0007073803348266918,4000
M-2022-6,91,65,3,0.0007073803348266918,4001
M-2022-6,91,153,3,0.0007073803348266918,4002
M-2022-6,83,149,17,0.0007069194943446441,4003
M-2022-6,39,60,6,0.0007063809748057452,4004
M-2022-6,39,147,6,0.0007063809748057452,4005
M-2022-6,16,0,1,0.0007047216349541931,4006
M-2022-6,16,3,1,0.0007047216349541931,4007
M-2022-6,16,4,1,0.0007047216349541931,4008
M-2022-6,16,5,1,0.0007047216349541931,4009
M-2022-6,16,9,1,0.0007047216349541931,4010
M-2022-6,16,12,1,0.0007047216349541931,4011
M-2022-6,16,19,1,0.0007047216349541931,4012
M-2022-6,16,20,1,0.0007047216349541931,4013
M-2022-6,16,21,1,0.0007047216349541931,4014
M-2022-6,16,24,1,0.0007047216349541931,4015
M-2022-6,16,29,1,0.0007047216349541931,4016
M-2022-6,16,30,1,0.0007047216349541931,4017
M-2022-6,16,32,1,0.0007047216349541931,4018
M-2022-6,16,37,1,0.0007047216349541931,4019
M-2022-6,16,45,1,0.0007047216349541931,4020
M-2022-6,16,54,1,0.0007047216349541931,4021
M-2022-6,16,66,1,0.0007047216349541931,4022
M-2022-6,16,74,1,0.0007047216349541931,4023
M-2022-6,16,78,1,0.0007047216349541931,4024
M-2022-6,16,108,1,0.0007047216349541931,4025
M-2022-6,16,116,1,0.0007047216349541931,4026
M-2022-6,16,125,1,0.0007047216349541931,4027
M-2022-6,16,134,1,0.0007047216349541931,4028
M-2022-6,16,138,1,0.0007047216349541931,4029
M-2022-6,16,159,1,0.0007047216349541931,4030
M-2022-6,16,166,1,0.0007047216349541931,4031
M-2022-6,16,168,1,0.0007047216349541931,4032
M-2022-6,16,177,1,0.0007047216349541931,4033
M-2022-6,140,116,47,0.0007042992222738375,4034
M-2022-6,25,68,39,0.0007030700726505742,4035
M-2022-6,25,130,39,0.0007030700726505742,4036
M-2022-6,156,18,21,0.0007023411371237458,4037
M-2022-6,156,32,21,0.0007023411371237458,4038
M-2022-6,156,87,21,0.0007023411371237458,4039
M-2022-6,60,28,17,0.000701870277858057,4040
M-2022-6,60,29,17,0.000701870277858057,4041
M-2022-6,96,2,36,0.0006991377301328362,4042
M-2022-6,143,14,3,0.0006991377301328362,4043
M-2022-6,143,29,3,0.0006991377301328362,4044
M-2022-6,143,31,3,0.0006991377301328362,4045
M-2022-6,143,52,3,0.0006991377301328362,4046
M-2022-6,143,60,3,0.0006991377301328362,4047
M-2022-6,143,62,3,0.0006991377301328362,4048
M-2022-6,143,66,3,0.0006991377301328362,4049
M-2022-6,143,88,3,0.0006991377301328362,4050
M-2022-6,143,89,3,0.0006991377301328362,4051
M-2022-6,143,99,3,0.0006991377301328362,4052
M-2022-6,143,105,3,0.0006991377301328362,4053
M-2022-6,143,116,3,0.0006991377301328362,4054
M-2022-6,143,139,3,0.0006991377301328362,4055
M-2022-6,143,171,3,0.0006991377301328362,4056
M-2022-6,143,176,3,0.0006991377301328362,4057
M-2022-6,138,28,28,0.0006973327024132692,4058
M-2022-6,93,142,23,0.0006972655065785485,4059
M-2022-6,136,63,15,0.0006966699177929497,4060
M-2022-6,136,124,15,0.0006966699177929497,4061
M-2022-6,55,158,6,0.0006966213862765587,4062
M-2022-6,158,18,10,0.0006963788300835655,4063
M-2022-6,158,117,10,0.0006963788300835655,4064
M-2022-6,158,163,10,0.0006963788300835655,4065
M-2022-6,158,172,10,0.0006963788300835655,4066
M-2022-6,29,132,20,0.0006944685579360394,4067
M-2022-6,74,46,4,0.000693721817551162,4068
M-2022-6,74,99,4,0.000693721817551162,4069
M-2022-6,74,149,4,0.000693721817551162,4070
M-2022-6,74,158,4,0.000693721817551162,4071
M-2022-6,28,63,12,0.0006908860613737118,4072
M-2022-6,28,97,12,0.0006908860613737118,4073
M-2022-6,28,130,12,0.0006908860613737118,4074
M-2022-6,97,25,29,0.0006907228772180541,4075
M-2022-6,124,9,22,0.00069062941453461,4076
M-2022-6,133,143,34,0.0006903833658219623,4077
M-2022-6,140,154,46,0.0006893141324382239,4078
M-2022-6,153,46,48,0.0006867837060565738,4079
M-2022-6,122,50,38,0.0006833180485875097,4080
M-2022-6,122,71,38,0.0006833180485875097,4081
M-2022-6,106,4,2,0.0006816632583503749,4082
M-2022-6,17,14,8,0.0006802721088435374,4083
M-2022-6,17,149,8,0.0006802721088435374,4084
M-2022-6,24,93,5,0.0006798096532970768,4085
M-2022-6,137,16,1,0.0006779661016949153,4086
M-2022-6,137,26,1,0.0006779661016949153,4087
M-2022-6,137,29,1,0.0006779661016949153,4088
M-2022-6,137,50,1,0.0006779661016949153,4089
M-2022-6,137,71,1,0.0006779661016949153,4090
M-2022-6,137,77,1,0.0006779661016949153,4091
M-2022-6,137,95,1,0.0006779661016949153,4092
M-2022-6,137,115,1,0.0006779661016949153,4093
M-2022-6,137,134,1,0.0006779661016949153,4094
M-2022-6,137,143,1,0.0006779661016949153,4095
M-2022-6,137,154,1,0.0006779661016949153,4096
M-2022-6,108,99,8,0.0006767616952880467,4097
M-2022-6,108,122,8,0.0006767616952880467,4098
M-2022-6,23,117,9,0.0006729475100942127,4099
M-2022-6,23,140,9,0.0006729475100942127,4100
M-2022-6,23,156,9,0.0006729475100942127,4101
M-2022-6,19,132,13,0.0006728778467908902,4102
M-2022-6,62,93,8,0.000671591672263264,4103
M-2022-6,49,149,21,0.0006710765986003259,4104
M-2022-6,20,1,1,0.0006688963210702341,4105
M-2022-6,20,22,1,0.0006688963210702341,4106
M-2022-6,20,46,1,0.0006688963210702341,4107
M-2022-6,20,66,1,0.0006688963210702341,4108
M-2022-6,20,71,1,0.0006688963210702341,4109
M-2022-6,20,76,1,0.0006688963210702341,4110
M-2022-6,20,86,1,0.0006688963210702341,4111
M-2022-6,20,87,1,0.0006688963210702341,4112
M-2022-6,20,111,1,0.0006688963210702341,4113
M-2022-6,20,117,1,0.0006688963210702341,4114
M-2022-6,20,127,1,0.0006688963210702341,4115
M-2022-6,20,129,1,0.0006688963210702341,4116
M-2022-6,20,147,1,0.0006688963210702341,4117
M-2022-6,20,148,1,0.0006688963210702341,4118
M-2022-6,20,163,1,0.0006688963210702341,4119
M-2022-6,40,86,1,0.0006684491978609625,4120
M-2022-6,40,153,1,0.0006684491978609625,4121
M-2022-6,40,158,1,0.0006684491978609625,4122
M-2022-6,25,96,37,0.0006670151971300319,4123
M-2022-6,93,149,22,0.0006669496149881768,4124
M-2022-6,32,54,2,0.0006668889629876625,4125
M-2022-6,32,62,2,0.0006668889629876625,4126
M-2022-6,32,64,2,0.0006668889629876625,4127
M-2022-6,32,87,2,0.0006668889629876625,4128
M-2022-6,32,99,2,0.0006668889629876625,4129
M-2022-6,32,108,2,0.0006668889629876625,4130
M-2022-6,32,141,2,0.0006668889629876625,4131
M-2022-6,32,151,2,0.0006668889629876625,4132
M-2022-6,59,172,6,0.0006663705019991116,4133
M-2022-6,2,3,5,0.0006662225183211193,4134
M-2022-6,2,10,5,0.0006662225183211193,4135
M-2022-6,2,78,5,0.0006662225183211193,4136
M-2022-6,2,82,5,0.0006662225183211193,4137
M-2022-6,2,87,5,0.0006662225183211193,4138
M-2022-6,2,102,5,0.0006662225183211193,4139
M-2022-6,2,125,5,0.0006662225183211193,4140
M-2022-6,2,135,5,0.0006662225183211193,4141
M-2022-6,2,151,5,0.0006662225183211193,4142
M-2022-6,2,159,5,0.0006662225183211193,4143
M-2022-6,2,172,5,0.0006662225183211193,4144
M-2022-6,86,96,15,0.0006659563132658498,4145
M-2022-6,86,142,15,0.0006659563132658498,4146
M-2022-6,132,46,11,0.0006655775397833848,4147
M-2022-6,132,115,11,0.0006655775397833848,4148
M-2022-6,134,117,6,0.0006655574043261231,4149
M-2022-6,134,131,6,0.0006655574043261231,4150
M-2022-6,134,135,6,0.0006655574043261231,4151
M-2022-6,134,148,6,0.0006655574043261231,4152
M-2022-6,122,9,37,0.0006653359946773121,4153
M-2022-6,83,122,16,0.0006653359946773121,4154
M-2022-6,12,14,2,0.0006648936170212766,4155
M-2022-6,12,17,2,0.0006648936170212766,4156
M-2022-6,12,62,2,0.0006648936170212766,4157
M-2022-6,12,134,2,0.0006648936170212766,4158
M-2022-6,12,140,2,0.0006648936170212766,4159
M-2022-6,12,175,2,0.0006648936170212766,4160
M-2022-6,75,78,17,0.0006647896136399187,4161
M-2022-6,68,2,3,0.0006616674018526688,4162
M-2022-6,68,19,3,0.0006616674018526688,4163
M-2022-6,68,26,3,0.0006616674018526688,4164
M-2022-6,68,29,3,0.0006616674018526688,4165
M-2022-6,68,39,3,0.0006616674018526688,4166
M-2022-6,68,50,3,0.0006616674018526688,4167
M-2022-6,68,61,3,0.0006616674018526688,4168
M-2022-6,68,136,3,0.0006616674018526688,4169
M-2022-6,68,148,3,0.0006616674018526688,4170
M-2022-6,68,158,3,0.0006616674018526688,4171
M-2022-6,68,169,3,0.0006616674018526688,4172
M-2022-6,61,93,9,0.0006591957811470006,4173
M-2022-6,47,53,2,0.0006576783952647156,4174
M-2022-6,47,117,2,0.0006576783952647156,4175
M-2022-6,80,133,2,0.0006574621959237344,4176
M-2022-6,80,153,2,0.0006574621959237344,4177
M-2022-6,51,49,13,0.0006572627534253501,4178
M-2022-6,155,90,5,0.0006565126050420169,4179
M-2022-6,155,105,5,0.0006565126050420169,4180
M-2022-6,155,107,5,0.0006565126050420169,4181
M-2022-6,155,160,5,0.0006565126050420169,4182
M-2022-6,117,125,49,0.0006563437633947707,4183
M-2022-6,56,84,5,0.0006562541015881349,4184
M-2022-6,56,130,5,0.0006562541015881349,4185
M-2022-6,142,163,33,0.0006560636182902584,4186
M-2022-6,146,171,4,0.0006550933508024893,4187
M-2022-6,135,13,2,0.0006538084341288003,4188
M-2022-6,135,22,2,0.0006538084341288003,4189
M-2022-6,135,28,2,0.0006538084341288003,4190
M-2022-6,135,41,2,0.0006538084341288003,4191
M-2022-6,135,43,2,0.0006538084341288003,4192
M-2022-6,135,62,2,0.0006538084341288003,4193
M-2022-6,135,96,2,0.0006538084341288003,4194
M-2022-6,135,112,2,0.0006538084341288003,4195
M-2022-6,135,131,2,0.0006538084341288003,4196
M-2022-6,135,132,2,0.0006538084341288003,4197
M-2022-6,135,140,2,0.0006538084341288003,4198
M-2022-6,135,141,2,0.0006538084341288003,4199
M-2022-6,135,143,2,0.0006538084341288003,4200
M-2022-6,135,154,2,0.0006538084341288003,4201
M-2022-6,135,160,2,0.0006538084341288003,4202
M-2022-6,135,171,2,0.0006538084341288003,4203
M-2022-6,63,25,7,0.0006531678641410843,4204
M-2022-6,63,45,7,0.0006531678641410843,4205
M-2022-6,63,82,7,0.0006531678641410843,4206
M-2022-6,169,26,2,0.000651890482398957,4207
M-2022-6,169,46,2,0.000651890482398957,4208
M-2022-6,169,86,2,0.000651890482398957,4209
M-2022-6,169,155,2,0.000651890482398957,4210
M-2022-6,169,175,2,0.000651890482398957,4211
M-2022-6,110,34,5,0.0006512960791976032,4212
M-2022-6,110,125,5,0.0006512960791976032,4213
M-2022-6,149,28,35,0.0006511991366960016,4214
M-2022-6,149,127,35,0.0006511991366960016,4215
M-2022-6,18,149,19,0.0006507963692413085,4216
M-2022-6,136,75,14,0.000650225256606753,4217
M-2022-6,136,82,14,0.000650225256606753,4218
M-2022-6,136,86,14,0.000650225256606753,4219
M-2022-6,136,122,14,0.000650225256606753,4220
M-2022-6,11,1,1,0.0006485084306095979,4221
M-2022-6,11,2,1,0.0006485084306095979,4222
M-2022-6,11,8,1,0.0006485084306095979,4223
M-2022-6,11,10,1,0.0006485084306095979,4224
M-2022-6,11,20,1,0.0006485084306095979,4225
M-2022-6,11,32,1,0.0006485084306095979,4226
M-2022-6,11,51,1,0.0006485084306095979,4227
M-2022-6,11,52,1,0.0006485084306095979,4228
M-2022-6,11,54,1,0.0006485084306095979,4229
M-2022-6,11,62,1,0.0006485084306095979,4230
M-2022-6,11,72,1,0.0006485084306095979,4231
M-2022-6,11,76,1,0.0006485084306095979,4232
M-2022-6,11,103,1,0.0006485084306095979,4233
M-2022-6,11,104,1,0.0006485084306095979,4234
M-2022-6,11,110,1,0.0006485084306095979,4235
M-2022-6,11,111,1,0.0006485084306095979,4236
M-2022-6,11,112,1,0.0006485084306095979,4237
M-2022-6,11,140,1,0.0006485084306095979,4238
M-2022-6,11,143,1,0.0006485084306095979,4239
M-2022-6,11,147,1,0.0006485084306095979,4240
M-2022-6,11,148,1,0.0006485084306095979,4241
M-2022-6,11,168,1,0.0006485084306095979,4242
M-2022-6,11,169,1,0.0006485084306095979,4243
M-2022-6,11,172,1,0.0006485084306095979,4244
M-2022-6,127,17,4,0.0006475635421725757,4245
M-2022-6,127,20,4,0.0006475635421725757,4246
M-2022-6,127,24,4,0.0006475635421725757,4247
M-2022-6,127,26,4,0.0006475635421725757,4248
M-2022-6,127,63,4,0.0006475635421725757,4249
M-2022-6,127,105,4,0.0006475635421725757,4250
M-2022-6,127,136,4,0.0006475635421725757,4251
M-2022-6,127,157,4,0.0006475635421725757,4252
M-2022-6,50,19,1,0.0006459948320413437,4253
M-2022-6,50,54,1,0.0006459948320413437,4254
M-2022-6,50,93,1,0.0006459948320413437,4255
M-2022-6,50,96,1,0.0006459948320413437,4256
M-2022-6,50,133,1,0.0006459948320413437,4257
M-2022-6,50,142,1,0.0006459948320413437,4258
M-2022-6,50,147,1,0.0006459948320413437,4259
M-2022-6,50,169,1,0.0006459948320413437,4260
M-2022-6,50,170,1,0.0006459948320413437,4261
M-2022-6,50,172,1,0.0006459948320413437,4262
M-2022-6,175,124,29,0.0006449030421633162,4263
M-2022-6,140,11,43,0.0006443588629313833,4264
M-2022-6,140,77,43,0.0006443588629313833,4265
M-2022-6,26,11,2,0.0006430868167202572,4266
M-2022-6,26,45,2,0.0006430868167202572,4267
M-2022-6,26,60,2,0.0006430868167202572,4268
M-2022-6,26,71,2,0.0006430868167202572,4269
M-2022-6,26,77,2,0.0006430868167202572,4270
M-2022-6,26,79,2,0.0006430868167202572,4271
M-2022-6,26,82,2,0.0006430868167202572,4272
M-2022-6,26,99,2,0.0006430868167202572,4273
M-2022-6,26,110,2,0.0006430868167202572,4274
M-2022-6,26,122,2,0.0006430868167202572,4275
M-2022-6,26,138,2,0.0006430868167202572,4276
M-2022-6,26,141,2,0.0006430868167202572,4277
M-2022-6,26,142,2,0.0006430868167202572,4278
M-2022-6,26,143,2,0.0006430868167202572,4279
M-2022-6,26,156,2,0.0006430868167202572,4280
M-2022-6,117,101,48,0.0006429489927132448,4281
M-2022-6,31,79,6,0.0006423982869379015,4282
M-2022-6,35,24,2,0.0006416426050689766,4283
M-2022-6,35,32,2,0.0006416426050689766,4284
M-2022-6,35,37,2,0.0006416426050689766,4285
M-2022-6,35,43,2,0.0006416426050689766,4286
M-2022-6,35,46,2,0.0006416426050689766,4287
M-2022-6,35,105,2,0.0006416426050689766,4288
M-2022-6,35,129,2,0.0006416426050689766,4289
M-2022-6,35,132,2,0.0006416426050689766,4290
M-2022-6,35,135,2,0.0006416426050689766,4291
M-2022-6,35,136,2,0.0006416426050689766,4292
M-2022-6,35,142,2,0.0006416426050689766,4293
M-2022-6,35,158,2,0.0006416426050689766,4294
M-2022-6,35,174,2,0.0006416426050689766,4295
M-2022-6,115,93,11,0.0006377920797819911,4296
M-2022-6,115,148,11,0.0006377920797819911,4297
M-2022-6,93,117,21,0.0006366337233978051,4298
M-2022-6,156,14,19,0.0006354515050167224,4299
M-2022-6,156,61,19,0.0006354515050167224,4300
M-2022-6,174,25,2,0.0006351222610352493,4301
M-2022-6,174,73,2,0.0006351222610352493,4302
M-2022-6,174,102,2,0.0006351222610352493,4303
M-2022-6,174,128,2,0.0006351222610352493,4304
M-2022-6,174,131,2,0.0006351222610352493,4305
M-2022-6,174,132,2,0.0006351222610352493,4306
M-2022-6,174,140,2,0.0006351222610352493,4307
M-2022-6,174,142,2,0.0006351222610352493,4308
M-2022-6,174,143,2,0.0006351222610352493,4309
M-2022-6,28,51,11,0.0006333122229259025,4310
M-2022-6,28,53,11,0.0006333122229259025,4311
M-2022-6,28,99,11,0.0006333122229259025,4312
M-2022-6,4,3,2,0.0006313131313131314,4313
M-2022-6,4,124,2,0.0006313131313131314,4314
M-2022-6,4,172,2,0.0006313131313131314,4315
M-2022-6,99,25,15,0.0006312334301224593,4316
M-2022-6,44,63,2,0.0006297229219143577,4317
M-2022-6,44,153,2,0.0006297229219143577,4318
M-2022-6,117,142,47,0.0006295542220317188,4319
M-2022-6,122,75,35,0.0006293718868569168,4320
M-2022-6,124,51,20,0.0006278449223041908,4321
M-2022-6,158,2,9,0.0006267409470752089,4322
M-2022-6,158,39,9,0.0006267409470752089,4323
M-2022-6,158,75,9,0.0006267409470752089,4324
M-2022-6,158,133,9,0.0006267409470752089,4325
M-2022-6,75,124,16,0.0006256843422493353,4326
M-2022-6,29,2,18,0.0006250217021424355,4327
M-2022-6,86,28,14,0.0006215592257147931,4328
M-2022-6,86,140,14,0.0006215592257147931,4329
M-2022-6,86,149,14,0.0006215592257147931,4330
M-2022-6,19,20,12,0.0006211180124223603,4331
M-2022-6,19,77,12,0.0006211180124223603,4332
M-2022-6,14,6,5,0.0006207324643078833,4333
M-2022-6,14,15,5,0.0006207324643078833,4334
M-2022-6,14,126,5,0.0006207324643078833,4335
M-2022-6,14,163,5,0.0006207324643078833,4336
M-2022-6,60,99,15,0.0006192973039924033,4337
M-2022-6,173,91,2,0.0006178560395427865,4338
M-2022-6,173,137,2,0.0006178560395427865,4339
M-2022-6,173,143,2,0.0006178560395427865,4340
M-2022-6,173,174,2,0.0006178560395427865,4341
M-2022-6,148,132,4,0.000617093489663684,4342
M-2022-6,148,155,4,0.000617093489663684,4343
M-2022-6,117,140,46,0.0006161594513501929,4344
M-2022-6,149,130,33,0.0006139877574562301,4345
M-2022-6,65,130,2,0.000612369871402327,4346
M-2022-6,122,68,34,0.0006113898329467191,4347
M-2022-6,71,70,85,0.0006104567652973283,4348
M-2022-6,128,28,2,0.0006095702529716549,4349
M-2022-6,128,86,2,0.0006095702529716549,4350
M-2022-6,128,117,2,0.0006095702529716549,4351
M-2022-6,128,125,2,0.0006095702529716549,4352
M-2022-6,133,115,30,0.0006091617933723197,4353
M-2022-6,113,71,2,0.0006088280060882801,4354
M-2022-6,113,98,2,0.0006088280060882801,4355
M-2022-6,113,101,2,0.0006088280060882801,4356
M-2022-6,113,117,2,0.0006088280060882801,4357
M-2022-6,49,115,19,0.0006071645415907711,4358
M-2022-6,49,159,19,0.0006071645415907711,4359
M-2022-6,79,130,13,0.0006067961165048543,4360
M-2022-6,51,82,12,0.0006067040800849386,4361
M-2022-6,51,93,12,0.0006067040800849386,4362
M-2022-6,51,129,12,0.0006067040800849386,4363
M-2022-6,57,100,2,0.0006066120715802245,4364
M-2022-6,93,115,20,0.0006063178318074335,4365
M-2022-6,117,82,45,0.0006027646806686669,4366
M-2022-6,153,12,42,0.0006009357427995021,4367
M-2022-6,23,25,8,0.000598175564528189,4368
M-2022-6,138,130,24,0.0005977137449256594,4369
M-2022-6,138,172,24,0.0005977137449256594,4370
M-2022-6,168,18,3,0.0005966587112171838,4371
M-2022-6,168,49,3,0.0005966587112171838,4372
M-2022-6,168,60,3,0.0005966587112171838,4373
M-2022-6,168,66,3,0.0005966587112171838,4374
M-2022-6,168,72,3,0.0005966587112171838,4375
M-2022-6,168,88,3,0.0005966587112171838,4376
M-2022-6,168,96,3,0.0005966587112171838,4377
M-2022-6,168,104,3,0.0005966587112171838,4378
M-2022-6,168,146,3,0.0005966587112171838,4379
M-2022-6,149,151,32,0.0005953820678363444,4380
M-2022-6,17,106,7,0.0005952380952380953,4381
M-2022-6,17,133,7,0.0005952380952380953,4382
M-2022-6,17,170,7,0.0005952380952380953,4383
M-2022-6,25,172,33,0.0005949054460889474,4384
M-2022-6,172,93,4,0.0005941770647653001,4385
M-2022-6,172,105,4,0.0005941770647653001,4386
M-2022-6,122,123,33,0.0005934077790365216,4387
M-2022-6,84,14,1,0.0005931198102016608,4388
M-2022-6,84,53,1,0.0005931198102016608,4389
M-2022-6,84,68,1,0.0005931198102016608,4390
M-2022-6,84,73,1,0.0005931198102016608,4391
M-2022-6,84,93,1,0.0005931198102016608,4392
M-2022-6,84,106,1,0.0005931198102016608,4393
M-2022-6,84,107,1,0.0005931198102016608,4394
M-2022-6,84,140,1,0.0005931198102016608,4395
M-2022-6,84,175,1,0.0005931198102016608,4396
M-2022-6,112,11,2,0.0005906674542232723,4397
M-2022-6,112,25,2,0.0005906674542232723,4398
M-2022-6,112,33,2,0.0005906674542232723,4399
M-2022-6,112,43,2,0.0005906674542232723,4400
M-2022-6,112,54,2,0.0005906674542232723,4401
M-2022-6,112,60,2,0.0005906674542232723,4402
M-2022-6,112,82,2,0.0005906674542232723,4403
M-2022-6,112,99,2,0.0005906674542232723,4404
M-2022-6,112,110,2,0.0005906674542232723,4405
M-2022-6,112,127,2,0.0005906674542232723,4406
M-2022-6,112,156,2,0.0005906674542232723,4407
M-2022-6,130,4,4,0.0005903187721369539,4408
M-2022-6,130,91,4,0.0005903187721369539,4409
M-2022-6,130,166,4,0.0005903187721369539,4410
M-2022-6,29,49,17,0.0005902982742456335,4411
M-2022-6,117,19,44,0.000589369909987141,4412
M-2022-6,117,105,44,0.000589369909987141,4413
M-2022-6,99,42,14,0.0005891512014476286,4414
M-2022-6,39,64,5,0.0005886508123381211,4415
M-2022-6,39,68,5,0.0005886508123381211,4416
M-2022-6,105,0,1,0.000588235294117647,4417
M-2022-6,105,1,1,0.000588235294117647,4418
M-2022-6,105,14,1,0.000588235294117647,4419
M-2022-6,105,15,1,0.000588235294117647,4420
M-2022-6,105,17,1,0.000588235294117647,4421
M-2022-6,105,18,1,0.000588235294117647,4422
M-2022-6,105,45,1,0.000588235294117647,4423
M-2022-6,105,49,1,0.000588235294117647,4424
M-2022-6,105,51,1,0.000588235294117647,4425
M-2022-6,105,82,1,0.000588235294117647,4426
M-2022-6,105,99,1,0.000588235294117647,4427
M-2022-6,105,116,1,0.000588235294117647,4428
M-2022-6,105,130,1,0.000588235294117647,4429
M-2022-6,105,140,1,0.000588235294117647,4430
M-2022-6,105,142,1,0.000588235294117647,4431
M-2022-6,105,151,1,0.000588235294117647,4432
M-2022-6,105,154,1,0.000588235294117647,4433
M-2022-6,105,159,1,0.000588235294117647,4434
M-2022-6,105,163,1,0.000588235294117647,4435
M-2022-6,62,101,7,0.0005876427132303559,4436
M-2022-6,62,134,7,0.0005876427132303559,4437
M-2022-6,62,142,7,0.0005876427132303559,4438
M-2022-6,153,77,41,0.0005866277489233235,4439
M-2022-6,153,83,41,0.0005866277489233235,4440
M-2022-6,153,105,41,0.0005866277489233235,4441
M-2022-6,61,29,8,0.0005859518054640005,4442
M-2022-6,61,153,8,0.0005859518054640005,4443
M-2022-6,81,142,4,0.000584966364434045,4444
M-2022-6,81,153,4,0.000584966364434045,4445
M-2022-6,140,60,39,0.000584418503588929,4446
M-2022-6,77,153,41,0.0005842869561499765,4447
M-2022-6,54,13,4,0.0005837711617046118,4448
M-2022-6,54,28,4,0.0005837711617046118,4449
M-2022-6,54,83,4,0.0005837711617046118,4450
M-2022-6,54,88,4,0.0005837711617046118,4451
M-2022-6,54,105,4,0.0005837711617046118,4452
M-2022-6,54,111,4,0.0005837711617046118,4453
M-2022-6,54,122,4,0.0005837711617046118,4454
M-2022-6,54,140,4,0.0005837711617046118,4455
M-2022-6,46,175,4,0.0005834305717619603,4456
M-2022-6,9,2,1,0.0005834305717619603,4457
M-2022-6,9,14,1,0.0005834305717619603,4458
M-2022-6,9,39,1,0.0005834305717619603,4459
M-2022-6,9,46,1,0.0005834305717619603,4460
M-2022-6,9,66,1,0.0005834305717619603,4461
M-2022-6,9,87,1,0.0005834305717619603,4462
M-2022-6,9,95,1,0.0005834305717619603,4463
M-2022-6,9,99,1,0.0005834305717619603,4464
M-2022-6,9,127,1,0.0005834305717619603,4465
M-2022-6,9,135,1,0.0005834305717619603,4466
M-2022-6,9,138,1,0.0005834305717619603,4467
M-2022-6,9,142,1,0.0005834305717619603,4468
M-2022-6,9,155,1,0.0005834305717619603,4469
M-2022-6,9,157,1,0.0005834305717619603,4470
M-2022-6,9,169,1,0.0005834305717619603,4471
M-2022-6,9,176,1,0.0005834305717619603,4472
M-2022-6,83,66,14,0.000582168995342648,4473
M-2022-6,83,107,14,0.000582168995342648,4474
M-2022-6,83,170,14,0.000582168995342648,4475
M-2022-6,177,0,1,0.0005807200929152149,4476
M-2022-6,177,3,1,0.0005807200929152149,4477
M-2022-6,177,77,1,0.0005807200929152149,4478
M-2022-6,177,110,1,0.0005807200929152149,4479
M-2022-6,177,129,1,0.0005807200929152149,4480
M-2022-6,177,153,1,0.0005807200929152149,4481
M-2022-6,177,155,1,0.0005807200929152149,4482
M-2022-6,55,117,5,0.0005805178218971323,4483
M-2022-6,115,147,10,0.0005798109816199919,4484
M-2022-6,60,49,14,0.0005780108170595764,4485
M-2022-6,60,133,14,0.0005780108170595764,4486
M-2022-6,8,10,1,0.0005773672055427252,4487
M-2022-6,8,11,1,0.0005773672055427252,4488
M-2022-6,8,19,1,0.0005773672055427252,4489
M-2022-6,8,20,1,0.0005773672055427252,4490
M-2022-6,8,29,1,0.0005773672055427252,4491
M-2022-6,8,45,1,0.0005773672055427252,4492
M-2022-6,8,64,1,0.0005773672055427252,4493
M-2022-6,8,78,1,0.0005773672055427252,4494
M-2022-6,8,86,1,0.0005773672055427252,4495
M-2022-6,8,93,1,0.0005773672055427252,4496
M-2022-6,8,96,1,0.0005773672055427252,4497
M-2022-6,8,101,1,0.0005773672055427252,4498
M-2022-6,8,103,1,0.0005773672055427252,4499
M-2022-6,8,114,1,0.0005773672055427252,4500
M-2022-6,8,125,1,0.0005773672055427252,4501
M-2022-6,8,130,1,0.0005773672055427252,4502
M-2022-6,8,134,1,0.0005773672055427252,4503
M-2022-6,8,136,1,0.0005773672055427252,4504
M-2022-6,8,137,1,0.0005773672055427252,4505
M-2022-6,8,148,1,0.0005773672055427252,4506
M-2022-6,8,158,1,0.0005773672055427252,4507
M-2022-6,8,161,1,0.0005773672055427252,4508
M-2022-6,86,29,13,0.0005771621381637364,4509
M-2022-6,86,115,13,0.0005771621381637364,4510
M-2022-6,93,28,19,0.0005760019402170618,4511
M-2022-6,28,155,10,0.0005757383844780931,4512
M-2022-6,71,117,80,0.0005745475438092502,4513
M-2022-6,153,1,40,0.0005723197550471449,4514
M-2022-6,27,28,5,0.0005722788142382969,4515
M-2022-6,19,21,11,0.0005693581780538302,4516
M-2022-6,19,175,11,0.0005693581780538302,4517
M-2022-6,156,60,17,0.000568561872909699,4518
M-2022-6,156,71,17,0.000568561872909699,4519
M-2022-6,71,73,79,0.0005673656995116346,4520
M-2022-6,52,0,1,0.0005656108597285068,4521
M-2022-6,52,2,1,0.0005656108597285068,4522
M-2022-6,52,14,1,0.0005656108597285068,4523
M-2022-6,52,17,1,0.0005656108597285068,4524
M-2022-6,52,21,1,0.0005656108597285068,4525
M-2022-6,52,28,1,0.0005656108597285068,4526
M-2022-6,52,46,1,0.0005656108597285068,4527
M-2022-6,52,68,1,0.0005656108597285068,4528
M-2022-6,52,72,1,0.0005656108597285068,4529
M-2022-6,52,80,1,0.0005656108597285068,4530
M-2022-6,52,95,1,0.0005656108597285068,4531
M-2022-6,52,149,1,0.0005656108597285068,4532
M-2022-6,52,151,1,0.0005656108597285068,4533
M-2022-6,52,154,1,0.0005656108597285068,4534
M-2022-6,52,155,1,0.0005656108597285068,4535
M-2022-6,52,158,1,0.0005656108597285068,4536
M-2022-6,52,163,1,0.0005656108597285068,4537
M-2022-6,118,4,2,0.0005641748942172073,4538
M-2022-6,118,14,2,0.0005641748942172073,4539
M-2022-6,118,87,2,0.0005641748942172073,4540
M-2022-6,118,119,2,0.0005641748942172073,4541
M-2022-6,118,121,2,0.0005641748942172073,4542
M-2022-6,5,0,1,0.0005624296962879641,4543
M-2022-6,5,7,1,0.0005624296962879641,4544
M-2022-6,5,16,1,0.0005624296962879641,4545
M-2022-6,5,51,1,0.0005624296962879641,4546
M-2022-6,5,83,1,0.0005624296962879641,4547
M-2022-6,5,106,1,0.0005624296962879641,4548
M-2022-6,5,107,1,0.0005624296962879641,4549
M-2022-6,5,111,1,0.0005624296962879641,4550
M-2022-6,5,117,1,0.0005624296962879641,4551
M-2022-6,5,126,1,0.0005624296962879641,4552
M-2022-6,5,134,1,0.0005624296962879641,4553
M-2022-6,5,156,1,0.0005624296962879641,4554
M-2022-6,5,172,1,0.0005624296962879641,4555
M-2022-6,116,37,2,0.000562271577171774,4556
M-2022-6,116,46,2,0.000562271577171774,4557
M-2022-6,116,73,2,0.000562271577171774,4558
M-2022-6,116,78,2,0.000562271577171774,4559
M-2022-6,116,82,2,0.000562271577171774,4560
M-2022-6,116,93,2,0.000562271577171774,4561
M-2022-6,116,103,2,0.000562271577171774,4562
M-2022-6,116,112,2,0.000562271577171774,4563
M-2022-6,116,120,2,0.000562271577171774,4564
M-2022-6,116,150,2,0.000562271577171774,4565
M-2022-6,63,13,6,0.0005598581692637865,4566
M-2022-6,63,14,6,0.0005598581692637865,4567
M-2022-6,63,71,6,0.0005598581692637865,4568
M-2022-6,63,131,6,0.0005598581692637865,4569
M-2022-6,63,138,6,0.0005598581692637865,4570
M-2022-6,63,142,6,0.0005598581692637865,4571
M-2022-6,149,140,30,0.0005581706885965729,4572
M-2022-6,153,96,39,0.0005580117611709662,4573
M-2022-6,153,110,39,0.0005580117611709662,4574
M-2022-6,153,124,39,0.0005580117611709662,4575
M-2022-6,153,171,39,0.0005580117611709662,4576
M-2022-6,136,132,12,0.0005573359342343597,4577
M-2022-6,51,86,11,0.000556145406744527,4578
M-2022-6,29,69,16,0.0005555748463488316,4579
M-2022-6,29,104,16,0.0005555748463488316,4580
M-2022-6,29,142,16,0.0005555748463488316,4581
M-2022-6,59,71,5,0.0005553087516659262,4582
M-2022-6,134,153,5,0.0005546311702717693,4583
M-2022-6,102,100,39,0.0005534584054721426,4584
M-2022-6,121,10,1,0.0005534034311012728,4585
M-2022-6,121,49,1,0.0005534034311012728,4586
M-2022-6,121,53,1,0.0005534034311012728,4587
M-2022-6,121,78,1,0.0005534034311012728,4588
M-2022-6,121,85,1,0.0005534034311012728,4589
M-2022-6,121,93,1,0.0005534034311012728,4590
M-2022-6,121,111,1,0.0005534034311012728,4591
M-2022-6,121,122,1,0.0005534034311012728,4592
M-2022-6,121,136,1,0.0005534034311012728,4593
M-2022-6,121,137,1,0.0005534034311012728,4594
M-2022-6,121,140,1,0.0005534034311012728,4595
M-2022-6,121,154,1,0.0005534034311012728,4596
M-2022-6,71,76,77,0.0005530020109164033,4597
M-2022-6,66,18,3,0.0005525879535826119,4598
M-2022-6,66,63,3,0.0005525879535826119,4599
M-2022-6,66,71,3,0.0005525879535826119,4600
M-2022-6,66,88,3,0.0005525879535826119,4601
M-2022-6,66,101,3,0.0005525879535826119,4602
M-2022-6,144,11,2,0.0005523336095001381,4603
M-2022-6,144,60,2,0.0005523336095001381,4604
M-2022-6,144,63,2,0.0005523336095001381,4605
M-2022-6,144,66,2,0.0005523336095001381,4606
M-2022-6,144,132,2,0.0005523336095001381,4607
M-2022-6,138,155,22,0.0005479042661818544,4608
M-2022-6,99,118,13,0.000547068972772798,4609
M-2022-6,93,124,18,0.0005456860486266901,4610
M-2022-6,24,49,4,0.0005438477226376615,4611
M-2022-6,24,143,4,0.0005438477226376615,4612
M-2022-6,25,2,30,0.000540823132808134,4613
M-2022-6,83,65,13,0.000540585495675316,4614
M-2022-6,140,32,36,0.0005394632340820884,4615
M-2022-6,122,129,30,0.0005394616173059287,4616
M-2022-6,165,4,3,0.0005386963548213323,4617
M-2022-6,165,51,3,0.0005386963548213323,4618
M-2022-6,165,86,3,0.0005386963548213323,4619
M-2022-6,1,93,5,0.0005379814934366257,4620
M-2022-6,1,171,5,0.0005379814934366257,4621
M-2022-6,31,137,5,0.0005353319057815846,4622
M-2022-6,156,125,16,0.0005351170568561873,4623
M-2022-6,90,79,3,0.0005349500713266762,4624
M-2022-6,90,133,3,0.0005349500713266762,4625
M-2022-6,90,138,3,0.0005349500713266762,4626
M-2022-6,171,11,3,0.0005338078291814947,4627
M-2022-6,171,16,3,0.0005338078291814947,4628
M-2022-6,171,51,3,0.0005338078291814947,4629
M-2022-6,171,66,3,0.0005338078291814947,4630
M-2022-6,171,90,3,0.0005338078291814947,4631
M-2022-6,171,134,3,0.0005338078291814947,4632
M-2022-6,171,136,3,0.0005338078291814947,4633
M-2022-6,171,162,3,0.0005338078291814947,4634
M-2022-6,124,12,17,0.0005336681839585622,4635
M-2022-6,2,4,4,0.0005329780146568954,4636
M-2022-6,2,39,4,0.0005329780146568954,4637
M-2022-6,2,60,4,0.0005329780146568954,4638
M-2022-6,2,68,4,0.0005329780146568954,4639
M-2022-6,2,99,4,0.0005329780146568954,4640
M-2022-6,2,116,4,0.0005329780146568954,4641
M-2022-6,2,127,4,0.0005329780146568954,4642
M-2022-6,2,128,4,0.0005329780146568954,4643
M-2022-6,2,139,4,0.0005329780146568954,4644
M-2022-6,131,132,20,0.000531660375352225,4645
M-2022-6,95,25,30,0.0005296797203291077,4646
M-2022-6,10,1,1,0.0005277044854881266,4647
M-2022-6,10,11,1,0.0005277044854881266,4648
M-2022-6,10,17,1,0.0005277044854881266,4649
M-2022-6,10,29,1,0.0005277044854881266,4650
M-2022-6,10,60,1,0.0005277044854881266,4651
M-2022-6,10,63,1,0.0005277044854881266,4652
M-2022-6,10,78,1,0.0005277044854881266,4653
M-2022-6,10,82,1,0.0005277044854881266,4654
M-2022-6,10,96,1,0.0005277044854881266,4655
M-2022-6,10,100,1,0.0005277044854881266,4656
M-2022-6,10,104,1,0.0005277044854881266,4657
M-2022-6,10,124,1,0.0005277044854881266,4658
M-2022-6,10,133,1,0.0005277044854881266,4659
M-2022-6,10,136,1,0.0005277044854881266,4660
M-2022-6,10,143,1,0.0005277044854881266,4661
M-2022-6,10,147,1,0.0005277044854881266,4662
M-2022-6,10,153,1,0.0005277044854881266,4663
M-2022-6,10,160,1,0.0005277044854881266,4664
M-2022-6,10,162,1,0.0005277044854881266,4665
M-2022-6,10,168,1,0.0005277044854881266,4666
M-2022-6,109,3,1,0.0005254860746190226,4667
M-2022-6,109,18,1,0.0005254860746190226,4668
M-2022-6,109,83,1,0.0005254860746190226,4669
M-2022-6,109,149,1,0.0005254860746190226,4670
M-2022-6,109,155,1,0.0005254860746190226,4671
M-2022-6,109,176,1,0.0005254860746190226,4672
M-2022-6,155,23,4,0.0005252100840336134,4673
M-2022-6,155,28,4,0.0005252100840336134,4674
M-2022-6,155,75,4,0.0005252100840336134,4675
M-2022-6,155,89,4,0.0005252100840336134,4676
M-2022-6,155,140,4,0.0005252100840336134,4677
M-2022-6,155,165,4,0.0005252100840336134,4678
M-2022-6,56,122,4,0.000525003281270508,4679
M-2022-6,71,153,73,0.0005242746337259408,4680
M-2022-6,138,61,21,0.0005229995268099519,4681
M-2022-6,138,153,21,0.0005229995268099519,4682
M-2022-6,73,140,14,0.0005222711333283594,4683
M-2022-6,74,23,3,0.0005202913631633715,4684
M-2022-6,74,25,3,0.0005202913631633715,4685
M-2022-6,74,51,3,0.0005202913631633715,4686
M-2022-6,74,63,3,0.0005202913631633715,4687
M-2022-6,74,68,3,0.0005202913631633715,4688
M-2022-6,74,81,3,0.0005202913631633715,4689
M-2022-6,74,83,3,0.0005202913631633715,4690
M-2022-6,74,90,3,0.0005202913631633715,4691
M-2022-6,74,108,3,0.0005202913631633715,4692
M-2022-6,74,111,3,0.0005202913631633715,4693
M-2022-6,28,19,9,0.0005181645460302838,4694
M-2022-6,28,116,9,0.0005181645460302838,4695
M-2022-6,28,124,9,0.0005181645460302838,4696
M-2022-6,28,140,9,0.0005181645460302838,4697
M-2022-6,28,159,9,0.0005181645460302838,4698
M-2022-6,28,160,9,0.0005181645460302838,4699
M-2022-6,19,25,10,0.0005175983436853002,4700
M-2022-6,19,155,10,0.0005175983436853002,4701
M-2022-6,142,51,26,0.0005168986083499006,4702
M-2022-6,126,14,1,0.0005167958656330749,4703
M-2022-6,126,20,1,0.0005167958656330749,4704
M-2022-6,126,23,1,0.0005167958656330749,4705
M-2022-6,126,39,1,0.0005167958656330749,4706
M-2022-6,126,43,1,0.0005167958656330749,4707
M-2022-6,126,51,1,0.0005167958656330749,4708
M-2022-6,126,62,1,0.0005167958656330749,4709
M-2022-6,126,77,1,0.0005167958656330749,4710
M-2022-6,126,81,1,0.0005167958656330749,4711
M-2022-6,126,111,1,0.0005167958656330749,4712
M-2022-6,126,115,1,0.0005167958656330749,4713
M-2022-6,126,140,1,0.0005167958656330749,4714
M-2022-6,126,142,1,0.0005167958656330749,4715
M-2022-6,126,149,1,0.0005167958656330749,4716
M-2022-6,126,151,1,0.0005167958656330749,4717
M-2022-6,126,159,1,0.0005167958656330749,4718
M-2022-6,126,166,1,0.0005167958656330749,4719
M-2022-6,126,171,1,0.0005167958656330749,4720
M-2022-6,13,10,1,0.0005157297576070139,4721
M-2022-6,13,18,1,0.0005157297576070139,4722
M-2022-6,13,19,1,0.0005157297576070139,4723
M-2022-6,13,25,1,0.0005157297576070139,4724
M-2022-6,13,43,1,0.0005157297576070139,4725
M-2022-6,13,68,1,0.0005157297576070139,4726
M-2022-6,13,78,1,0.0005157297576070139,4727
M-2022-6,13,89,1,0.0005157297576070139,4728
M-2022-6,13,112,1,0.0005157297576070139,4729
M-2022-6,13,125,1,0.0005157297576070139,4730
M-2022-6,13,141,1,0.0005157297576070139,4731
M-2022-6,13,146,1,0.0005157297576070139,4732
M-2022-6,13,151,1,0.0005157297576070139,4733
M-2022-6,13,157,1,0.0005157297576070139,4734
M-2022-6,13,172,1,0.0005157297576070139,4735
M-2022-6,93,18,17,0.0005153701570363184,4736
M-2022-6,93,171,17,0.0005153701570363184,4737
M-2022-6,18,110,15,0.0005137866072957698,4738
M-2022-6,100,101,8,0.0005135777107273544,4739
M-2022-6,129,157,16,0.0005134952983086748,4740
M-2022-6,76,22,5,0.0005127679212388473,4741
M-2022-6,76,25,5,0.0005127679212388473,4742
M-2022-6,175,117,23,0.0005114748265433197,4743
M-2022-6,49,143,16,0.0005112964560764388,4744
M-2022-6,49,156,16,0.0005112964560764388,4745
M-2022-6,17,1,6,0.0005102040816326531,4746
M-2022-6,17,93,6,0.0005102040816326531,4747
M-2022-6,17,139,6,0.0005102040816326531,4748
M-2022-6,17,175,6,0.0005102040816326531,4749
M-2022-6,140,111,34,0.0005094930544108612,4750
M-2022-6,117,176,38,0.0005090012858979854,4751
M-2022-6,99,46,12,0.0005049867440979674,4752
M-2022-6,99,168,12,0.0005049867440979674,4753
M-2022-6,96,32,26,0.0005049328050959372,4754
M-2022-6,62,49,6,0.0005036937541974479,4755
M-2022-6,122,168,28,0.0005034975094855334,4756
M-2022-6,104,12,1,0.0005025125628140704,4757
M-2022-6,104,14,1,0.0005025125628140704,4758
M-2022-6,104,15,1,0.0005025125628140704,4759
M-2022-6,104,17,1,0.0005025125628140704,4760
M-2022-6,104,31,1,0.0005025125628140704,4761
M-2022-6,104,35,1,0.0005025125628140704,4762
M-2022-6,104,41,1,0.0005025125628140704,4763
M-2022-6,104,43,1,0.0005025125628140704,4764
M-2022-6,104,53,1,0.0005025125628140704,4765
M-2022-6,104,62,1,0.0005025125628140704,4766
M-2022-6,104,91,1,0.0005025125628140704,4767
M-2022-6,104,96,1,0.0005025125628140704,4768
M-2022-6,104,99,1,0.0005025125628140704,4769
M-2022-6,104,102,1,0.0005025125628140704,4770
M-2022-6,104,131,1,0.0005025125628140704,4771
M-2022-6,104,135,1,0.0005025125628140704,4772
M-2022-6,104,136,1,0.0005025125628140704,4773
M-2022-6,104,148,1,0.0005025125628140704,4774
M-2022-6,104,154,1,0.0005025125628140704,4775
M-2022-6,104,159,1,0.0005025125628140704,4776
M-2022-6,104,163,1,0.0005025125628140704,4777
M-2022-6,104,172,1,0.0005025125628140704,4778
M-2022-6,149,49,27,0.0005023536197369155,4779
M-2022-6,124,99,16,0.0005022759378433527,4780
M-2022-6,153,14,35,0.0005007797856662517,4781
M-2022-6,153,23,35,0.0005007797856662517,4782
M-2022-6,142,31,25,0.0004970178926441351,4783
M-2022-6,142,78,25,0.0004970178926441351,4784
M-2022-6,30,107,4,0.0004968944099378882,4785
M-2022-6,30,111,4,0.0004968944099378882,4786
M-2022-6,14,38,4,0.0004965859714463067,4787
M-2022-6,14,74,4,0.0004965859714463067,4788
M-2022-6,14,81,4,0.0004965859714463067,4789
M-2022-6,14,111,4,0.0004965859714463067,4790
M-2022-6,14,131,4,0.0004965859714463067,4791
M-2022-6,14,167,4,0.0004965859714463067,4792
M-2022-6,60,24,12,0.0004954378431939226,4793
M-2022-6,60,136,12,0.0004954378431939226,4794
M-2022-6,60,142,12,0.0004954378431939226,4795
M-2022-6,60,155,12,0.0004954378431939226,4796
M-2022-6,140,51,33,0.0004945079645752476,4797
M-2022-6,125,12,2,0.0004938271604938272,4798
M-2022-6,125,18,2,0.0004938271604938272,4799
M-2022-6,125,45,2,0.0004938271604938272,4800
M-2022-6,125,63,2,0.0004938271604938272,4801
M-2022-6,125,64,2,0.0004938271604938272,4802
M-2022-6,125,86,2,0.0004938271604938272,4803
M-2022-6,125,105,2,0.0004938271604938272,4804
M-2022-6,125,122,2,0.0004938271604938272,4805
M-2022-6,125,134,2,0.0004938271604938272,4806
M-2022-6,125,136,2,0.0004938271604938272,4807
M-2022-6,125,143,2,0.0004938271604938272,4808
M-2022-6,125,168,2,0.0004938271604938272,4809
M-2022-6,146,61,3,0.000491320013101867,4810
M-2022-6,146,69,3,0.000491320013101867,4811
M-2022-6,146,88,3,0.000491320013101867,4812
M-2022-6,146,96,3,0.000491320013101867,4813
M-2022-6,146,101,3,0.000491320013101867,4814
M-2022-6,146,161,3,0.000491320013101867,4815
M-2022-6,175,61,22,0.0004892367906066536,4816
M-2022-6,86,12,11,0.0004883679630616231,4817
M-2022-6,154,11,1,0.00048828125,4818
M-2022-6,154,12,1,0.00048828125,4819
M-2022-6,154,17,1,0.00048828125,4820
M-2022-6,154,20,1,0.00048828125,4821
M-2022-6,154,25,1,0.00048828125,4822
M-2022-6,154,27,1,0.00048828125,4823
M-2022-6,154,30,1,0.00048828125,4824
M-2022-6,154,31,1,0.00048828125,4825
M-2022-6,154,38,1,0.00048828125,4826
M-2022-6,154,39,1,0.00048828125,4827
M-2022-6,154,48,1,0.00048828125,4828
M-2022-6,154,56,1,0.00048828125,4829
M-2022-6,154,69,1,0.00048828125,4830
M-2022-6,154,77,1,0.00048828125,4831
M-2022-6,154,80,1,0.00048828125,4832
M-2022-6,154,82,1,0.00048828125,4833
M-2022-6,154,84,1,0.00048828125,4834
M-2022-6,154,90,1,0.00048828125,4835
M-2022-6,154,97,1,0.00048828125,4836
M-2022-6,154,100,1,0.00048828125,4837
M-2022-6,154,108,1,0.00048828125,4838
M-2022-6,154,111,1,0.00048828125,4839
M-2022-6,154,130,1,0.00048828125,4840
M-2022-6,154,138,1,0.00048828125,4841
M-2022-6,154,151,1,0.00048828125,4842
M-2022-6,154,166,1,0.00048828125,4843
M-2022-6,154,168,1,0.00048828125,4844
M-2022-6,53,16,4,0.0004881025015253203,4845
M-2022-6,53,93,4,0.0004881025015253203,4846
M-2022-6,53,96,4,0.0004881025015253203,4847
M-2022-6,53,122,4,0.0004881025015253203,4848
M-2022-6,53,150,4,0.0004881025015253203,4849
M-2022-6,53,156,4,0.0004881025015253203,4850
M-2022-6,53,175,4,0.0004881025015253203,4851
M-2022-6,119,2,1,0.00048756704046806434,4852
M-2022-6,119,17,1,0.00048756704046806434,4853
M-2022-6,119,19,1,0.00048756704046806434,4854
M-2022-6,119,31,1,0.00048756704046806434,4855
M-2022-6,119,32,1,0.00048756704046806434,4856
M-2022-6,119,49,1,0.00048756704046806434,4857
M-2022-6,119,62,1,0.00048756704046806434,4858
M-2022-6,119,85,1,0.00048756704046806434,4859
M-2022-6,119,86,1,0.00048756704046806434,4860
M-2022-6,119,95,1,0.00048756704046806434,4861
M-2022-6,119,138,1,0.00048756704046806434,4862
M-2022-6,119,143,1,0.00048756704046806434,4863
M-2022-6,119,150,1,0.00048756704046806434,4864
M-2022-6,119,155,1,0.00048756704046806434,4865
M-2022-6,119,172,1,0.00048756704046806434,4866
M-2022-6,158,1,7,0.0004874651810584958,4867
M-2022-6,158,122,7,0.0004874651810584958,4868
M-2022-6,158,149,7,0.0004874651810584958,4869
M-2022-6,29,68,14,0.0004861279905552276,4870
M-2022-6,127,2,3,0.00048567265662943174,4871
M-2022-6,127,11,3,0.00048567265662943174,4872
M-2022-6,127,21,3,0.00048567265662943174,4873
M-2022-6,127,32,3,0.00048567265662943174,4874
M-2022-6,127,128,3,0.00048567265662943174,4875
M-2022-6,127,141,3,0.00048567265662943174,4876
M-2022-6,127,170,3,0.00048567265662943174,4877
M-2022-6,122,26,27,0.0004855154555753358,4878
M-2022-6,96,150,25,0.00048551231259224734,4879
M-2022-6,93,2,16,0.00048505426544594675,4880
M-2022-6,93,75,16,0.00048505426544594675,4881
M-2022-6,93,175,16,0.00048505426544594675,4882
M-2022-6,132,129,8,0.0004840563925697344,4883
M-2022-6,132,160,8,0.0004840563925697344,4884
M-2022-6,120,9,1,0.00048192771084337347,4885
M-2022-6,120,22,1,0.00048192771084337347,4886
M-2022-6,120,28,1,0.00048192771084337347,4887
M-2022-6,120,32,1,0.00048192771084337347,4888
M-2022-6,120,63,1,0.00048192771084337347,4889
M-2022-6,120,91,1,0.00048192771084337347,4890
M-2022-6,120,93,1,0.00048192771084337347,4891
M-2022-6,120,101,1,0.00048192771084337347,4892
M-2022-6,120,111,1,0.00048192771084337347,4893
M-2022-6,120,116,1,0.00048192771084337347,4894
M-2022-6,120,122,1,0.00048192771084337347,4895
M-2022-6,120,133,1,0.00048192771084337347,4896
M-2022-6,120,140,1,0.00048192771084337347,4897
M-2022-6,120,141,1,0.00048192771084337347,4898
M-2022-6,120,142,1,0.00048192771084337347,4899
M-2022-6,120,159,1,0.00048192771084337347,4900
M-2022-6,120,174,1,0.00048192771084337347,4901
M-2022-6,129,28,15,0.00048140184216438267,4902
M-2022-6,163,2,1,0.00047961630695443646,4903
M-2022-6,163,14,1,0.00047961630695443646,4904
M-2022-6,163,16,1,0.00047961630695443646,4905
M-2022-6,163,24,1,0.00047961630695443646,4906
M-2022-6,163,43,1,0.00047961630695443646,4907
M-2022-6,163,64,1,0.00047961630695443646,4908
M-2022-6,163,72,1,0.00047961630695443646,4909
M-2022-6,163,76,1,0.00047961630695443646,4910
M-2022-6,163,115,1,0.00047961630695443646,4911
M-2022-6,163,129,1,0.00047961630695443646,4912
M-2022-6,163,130,1,0.00047961630695443646,4913
M-2022-6,163,134,1,0.00047961630695443646,4914
M-2022-6,163,135,1,0.00047961630695443646,4915
M-2022-6,163,139,1,0.00047961630695443646,4916
M-2022-6,163,148,1,0.00047961630695443646,4917
M-2022-6,163,162,1,0.00047961630695443646,4918
M-2022-6,163,168,1,0.00047961630695443646,4919
M-2022-6,18,102,14,0.00047953416680938515,4920
M-2022-6,140,40,32,0.00047952287473963405,4921
M-2022-6,140,66,32,0.00047952287473963405,4922
M-2022-6,49,138,15,0.0004793404275716614,4923
M-2022-6,150,1,1,0.00047551117451260106,4924
M-2022-6,150,13,1,0.00047551117451260106,4925
M-2022-6,150,14,1,0.00047551117451260106,4926
M-2022-6,150,22,1,0.00047551117451260106,4927
M-2022-6,150,56,1,0.00047551117451260106,4928
M-2022-6,150,64,1,0.00047551117451260106,4929
M-2022-6,150,68,1,0.00047551117451260106,4930
M-2022-6,150,71,1,0.00047551117451260106,4931
M-2022-6,150,80,1,0.00047551117451260106,4932
M-2022-6,150,82,1,0.00047551117451260106,4933
M-2022-6,150,83,1,0.00047551117451260106,4934
M-2022-6,150,85,1,0.00047551117451260106,4935
M-2022-6,150,91,1,0.00047551117451260106,4936
M-2022-6,150,99,1,0.00047551117451260106,4937
M-2022-6,150,102,1,0.00047551117451260106,4938
M-2022-6,150,165,1,0.00047551117451260106,4939
M-2022-6,98,122,29,0.00047540204258946574,4940
M-2022-6,151,12,1,0.0004743833017077799,4941
M-2022-6,151,15,1,0.0004743833017077799,4942
M-2022-6,151,19,1,0.0004743833017077799,4943
M-2022-6,151,23,1,0.0004743833017077799,4944
M-2022-6,151,24,1,0.0004743833017077799,4945
M-2022-6,151,29,1,0.0004743833017077799,4946
M-2022-6,151,32,1,0.0004743833017077799,4947
M-2022-6,151,45,1,0.0004743833017077799,4948
M-2022-6,151,50,1,0.0004743833017077799,4949
M-2022-6,151,64,1,0.0004743833017077799,4950
M-2022-6,151,73,1,0.0004743833017077799,4951
M-2022-6,151,104,1,0.0004743833017077799,4952
M-2022-6,151,108,1,0.0004743833017077799,4953
M-2022-6,151,110,1,0.0004743833017077799,4954
M-2022-6,151,130,1,0.0004743833017077799,4955
M-2022-6,151,134,1,0.0004743833017077799,4956
M-2022-6,151,155,1,0.0004743833017077799,4957
M-2022-6,151,159,1,0.0004743833017077799,4958
M-2022-6,151,162,1,0.0004743833017077799,4959
M-2022-6,151,167,1,0.0004743833017077799,4960
M-2022-6,151,172,1,0.0004743833017077799,4961
M-2022-6,151,176,1,0.0004743833017077799,4962
M-2022-6,151,177,1,0.0004743833017077799,4963
M-2022-6,91,47,2,0.0004715868898844612,4964
M-2022-6,91,77,2,0.0004715868898844612,4965
M-2022-6,91,93,2,0.0004715868898844612,4966
M-2022-6,91,124,2,0.0004715868898844612,4967
M-2022-6,91,129,2,0.0004715868898844612,4968
M-2022-6,39,105,4,0.0004709206498704968,4969
M-2022-6,39,117,4,0.0004709206498704968,4970
M-2022-6,39,141,4,0.0004709206498704968,4971
M-2022-6,39,156,4,0.0004709206498704968,4972
M-2022-6,124,101,15,0.00047088369172814315,4973
M-2022-6,124,111,15,0.00047088369172814315,4974
M-2022-6,25,136,26,0.00046871338176704945,4975
M-2022-6,156,22,14,0.0004682274247491639,4976
M-2022-6,156,105,14,0.0004682274247491639,4977
M-2022-6,156,138,14,0.0004682274247491639,4978
M-2022-6,122,82,26,0.00046753340166513817,4979
M-2022-6,175,136,21,0.00046699875466998757,4980
M-2022-6,79,81,10,0.0004667662434652726,4981
M-2022-6,63,39,5,0.00046654847438648876,4982
M-2022-6,63,68,5,0.00046654847438648876,4983
M-2022-6,63,135,5,0.00046654847438648876,4984
M-2022-6,143,8,2,0.00046609182008855747,4985
M-2022-6,143,11,2,0.00046609182008855747,4986
M-2022-6,143,17,2,0.00046609182008855747,4987
M-2022-6,143,20,2,0.00046609182008855747,4988
M-2022-6,143,71,2,0.00046609182008855747,4989
M-2022-6,143,82,2,0.00046609182008855747,4990
M-2022-6,143,108,2,0.00046609182008855747,4991
M-2022-6,143,110,2,0.00046609182008855747,4992
M-2022-6,143,120,2,0.00046609182008855747,4993
M-2022-6,143,124,2,0.00046609182008855747,4994
M-2022-6,143,147,2,0.00046609182008855747,4995
M-2022-6,143,154,2,0.00046609182008855747,4996
M-2022-6,143,160,2,0.00046609182008855747,4997
M-2022-6,143,168,2,0.00046609182008855747,4998
M-2022-6,19,122,9,0.0004658385093167702,4999
M-2022-6,149,90,25,0.00046514224049714405,5000
M-2022-6,136,71,10,0.00046444661186196645,5001
M-2022-6,55,28,4,0.0004644142575177058,5002
M-2022-6,55,51,4,0.0004644142575177058,5003
M-2022-6,115,151,8,0.0004638487852959935,5004
M-2022-6,115,160,8,0.0004638487852959935,5005
M-2022-6,115,162,8,0.0004638487852959935,5006
M-2022-6,148,2,3,0.00046282011724776306,5007
M-2022-6,148,18,3,0.00046282011724776306,5008
M-2022-6,148,25,3,0.00046282011724776306,5009
M-2022-6,148,129,3,0.00046282011724776306,5010
M-2022-6,148,142,3,0.00046282011724776306,5011
M-2022-6,160,0,1,0.00046061722708429296,5012
M-2022-6,160,9,1,0.00046061722708429296,5013
M-2022-6,160,10,1,0.00046061722708429296,5014
M-2022-6,160,11,1,0.00046061722708429296,5015
M-2022-6,160,17,1,0.00046061722708429296,5016
M-2022-6,160,23,1,0.00046061722708429296,5017
M-2022-6,160,41,1,0.00046061722708429296,5018
M-2022-6,160,49,1,0.00046061722708429296,5019
M-2022-6,160,51,1,0.00046061722708429296,5020
M-2022-6,160,60,1,0.00046061722708429296,5021
M-2022-6,160,61,1,0.00046061722708429296,5022
M-2022-6,160,76,1,0.00046061722708429296,5023
M-2022-6,160,86,1,0.00046061722708429296,5024
M-2022-6,160,87,1,0.00046061722708429296,5025
M-2022-6,160,93,1,0.00046061722708429296,5026
M-2022-6,160,102,1,0.00046061722708429296,5027
M-2022-6,160,112,1,0.00046061722708429296,5028
M-2022-6,160,116,1,0.00046061722708429296,5029
M-2022-6,160,123,1,0.00046061722708429296,5030
M-2022-6,160,146,1,0.00046061722708429296,5031
M-2022-6,160,151,1,0.00046061722708429296,5032
M-2022-6,160,155,1,0.00046061722708429296,5033
M-2022-6,160,159,1,0.00046061722708429296,5034
M-2022-6,160,170,1,0.00046061722708429296,5035
M-2022-6,28,18,8,0.0004605907075824745,5036
M-2022-6,28,20,8,0.0004605907075824745,5037
M-2022-6,83,124,11,0.000457418496340652,5038
M-2022-6,77,108,32,0.0004560288438243719,5039
M-2022-6,117,77,34,0.0004554222031718817,5040
M-2022-6,117,130,34,0.0004554222031718817,5041
M-2022-6,117,143,34,0.0004554222031718817,5042
M-2022-6,51,60,9,0.0004550280600637039,5043
M-2022-6,93,10,15,0.0004547383738555751,5044
M-2022-6,93,25,15,0.0004547383738555751,5045
M-2022-6,60,140,11,0.00045415135626109573,5046
M-2022-6,60,175,11,0.00045415135626109573,5047
M-2022-6,141,29,1,0.00045248868778280545,5048
M-2022-6,141,45,1,0.00045248868778280545,5049
M-2022-6,141,67,1,0.00045248868778280545,5050
M-2022-6,141,77,1,0.00045248868778280545,5051
M-2022-6,141,87,1,0.00045248868778280545,5052
M-2022-6,141,88,1,0.00045248868778280545,5053
M-2022-6,141,105,1,0.00045248868778280545,5054
M-2022-6,141,131,1,0.00045248868778280545,5055
M-2022-6,141,136,1,0.00045248868778280545,5056
M-2022-6,141,138,1,0.00045248868778280545,5057
M-2022-6,141,151,1,0.00045248868778280545,5058
M-2022-6,141,160,1,0.00045248868778280545,5059
M-2022-6,141,162,1,0.00045248868778280545,5060
M-2022-6,141,163,1,0.00045248868778280545,5061
M-2022-6,141,172,1,0.00045248868778280545,5062
M-2022-6,87,14,5,0.0004514265077645359,5063
M-2022-6,87,28,5,0.0004514265077645359,5064
M-2022-6,87,95,5,0.0004514265077645359,5065
M-2022-6,87,122,5,0.0004514265077645359,5066
M-2022-6,87,138,5,0.0004514265077645359,5067
M-2022-6,29,63,13,0.00045140456265842563,5068
M-2022-6,29,155,13,0.00045140456265842563,5069
M-2022-6,25,115,25,0.00045068594400677833,5070
M-2022-6,70,30,1,0.0004484304932735426,5071
M-2022-6,70,34,1,0.0004484304932735426,5072
M-2022-6,70,93,1,0.0004484304932735426,5073
M-2022-6,70,96,1,0.0004484304932735426,5074
M-2022-6,70,133,1,0.0004484304932735426,5075
M-2022-6,70,149,1,0.0004484304932735426,5076
M-2022-6,70,153,1,0.0004484304932735426,5077
M-2022-6,70,156,1,0.0004484304932735426,5078
M-2022-6,70,172,1,0.0004484304932735426,5079
M-2022-6,138,60,18,0.0004482853086942445,5080
M-2022-6,49,18,14,0.000447384399066884,5081
M-2022-6,67,2,1,0.0004472271914132379,5082
M-2022-6,67,19,1,0.0004472271914132379,5083
M-2022-6,67,24,1,0.0004472271914132379,5084
M-2022-6,67,61,1,0.0004472271914132379,5085
M-2022-6,67,89,1,0.0004472271914132379,5086
M-2022-6,67,93,1,0.0004472271914132379,5087
M-2022-6,67,104,1,0.0004472271914132379,5088
M-2022-6,67,131,1,0.0004472271914132379,5089
M-2022-6,67,138,1,0.0004472271914132379,5090
M-2022-6,67,149,1,0.0004472271914132379,5091
M-2022-6,67,154,1,0.0004472271914132379,5092
M-2022-6,67,155,1,0.0004472271914132379,5093
M-2022-6,67,158,1,0.0004472271914132379,5094
M-2022-6,67,163,1,0.0004472271914132379,5095
M-2022-6,67,172,1,0.0004472271914132379,5096
M-2022-6,149,14,24,0.0004465365508772583,5097
M-2022-6,149,146,24,0.0004465365508772583,5098
M-2022-6,172,2,3,0.000445632798573975,5099
M-2022-6,172,23,3,0.000445632798573975,5100
M-2022-6,172,77,3,0.000445632798573975,5101
M-2022-6,172,94,3,0.000445632798573975,5102
M-2022-6,172,111,3,0.000445632798573975,5103
M-2022-6,172,140,3,0.000445632798573975,5104
M-2022-6,172,154,3,0.000445632798573975,5105
M-2022-6,18,60,13,0.0004452817263230005,5106
M-2022-6,58,59,1,0.00044464206313917296,5107
M-2022-6,59,28,4,0.000444247001332741,5108
M-2022-6,59,118,4,0.000444247001332741,5109
M-2022-6,86,71,10,0.0004439708755105665,5110
M-2022-6,86,168,10,0.0004439708755105665,5111
M-2022-6,134,25,4,0.0004437049362174154,5112
M-2022-6,134,61,4,0.0004437049362174154,5113
M-2022-6,134,115,4,0.0004437049362174154,5114
M-2022-6,153,52,31,0.0004435478101615373,5115
M-2022-6,153,122,31,0.0004435478101615373,5116
M-2022-6,130,18,3,0.00044273907910271547,5117
M-2022-6,130,68,3,0.00044273907910271547,5118
M-2022-6,130,86,3,0.00044273907910271547,5119
M-2022-6,130,90,3,0.00044273907910271547,5120
M-2022-6,130,93,3,0.00044273907910271547,5121
M-2022-6,130,109,3,0.00044273907910271547,5122
M-2022-6,130,131,3,0.00044273907910271547,5123
M-2022-6,130,139,3,0.00044273907910271547,5124
M-2022-6,130,143,3,0.00044273907910271547,5125
M-2022-6,130,150,3,0.00044273907910271547,5126
M-2022-6,130,154,3,0.00044273907910271547,5127
M-2022-6,130,163,3,0.00044273907910271547,5128
M-2022-6,130,168,3,0.00044273907910271547,5129
M-2022-6,117,175,33,0.00044202743249035576,5130
M-2022-6,77,117,31,0.00044177794245486027,5131
M-2022-6,77,133,31,0.00044177794245486027,5132
M-2022-6,21,25,1,0.00044169611307420494,5133
M-2022-6,21,61,1,0.00044169611307420494,5134
M-2022-6,21,71,1,0.00044169611307420494,5135
M-2022-6,21,131,1,0.00044169611307420494,5136
M-2022-6,21,133,1,0.00044169611307420494,5137
M-2022-6,21,148,1,0.00044169611307420494,5138
M-2022-6,21,155,1,0.00044169611307420494,5139
M-2022-6,21,156,1,0.00044169611307420494,5140
M-2022-6,68,24,2,0.0004411116012351125,5141
M-2022-6,68,67,2,0.0004411116012351125,5142
M-2022-6,68,71,2,0.0004411116012351125,5143
M-2022-6,68,87,2,0.0004411116012351125,5144
M-2022-6,68,124,2,0.0004411116012351125,5145
M-2022-6,68,138,2,0.0004411116012351125,5146
M-2022-6,68,143,2,0.0004411116012351125,5147
M-2022-6,68,163,2,0.0004411116012351125,5148
M-2022-6,68,171,2,0.0004411116012351125,5149
M-2022-6,124,87,14,0.0004394914456129336,5150
M-2022-6,124,136,14,0.0004394914456129336,5151
M-2022-6,61,51,6,0.00043946385409800046,5152
M-2022-6,61,68,6,0.00043946385409800046,5153
M-2022-6,61,71,6,0.00043946385409800046,5154
M-2022-6,61,82,6,0.00043946385409800046,5155
M-2022-6,61,117,6,0.00043946385409800046,5156
M-2022-6,81,49,3,0.0004387247733255338,5157
M-2022-6,81,79,3,0.0004387247733255338,5158
M-2022-6,54,76,3,0.00043782837127845885,5159
M-2022-6,54,93,3,0.00043782837127845885,5160
M-2022-6,54,175,3,0.00043782837127845885,5161
M-2022-6,46,12,3,0.00043757292882147026,5162
M-2022-6,46,39,3,0.00043757292882147026,5163
M-2022-6,46,45,3,0.00043757292882147026,5164
M-2022-6,46,77,3,0.00043757292882147026,5165
M-2022-6,46,141,3,0.00043757292882147026,5166
M-2022-6,142,61,22,0.000437375745526839,5167
M-2022-6,41,25,1,0.00043554006968641115,5168
M-2022-6,41,28,1,0.00043554006968641115,5169
M-2022-6,41,29,1,0.00043554006968641115,5170
M-2022-6,41,39,1,0.00043554006968641115,5171
M-2022-6,41,46,1,0.00043554006968641115,5172
M-2022-6,41,83,1,0.00043554006968641115,5173
M-2022-6,41,99,1,0.00043554006968641115,5174
M-2022-6,41,104,1,0.00043554006968641115,5175
M-2022-6,41,115,1,0.00043554006968641115,5176
M-2022-6,41,122,1,0.00043554006968641115,5177
M-2022-6,41,135,1,0.00043554006968641115,5178
M-2022-6,41,136,1,0.00043554006968641115,5179
M-2022-6,41,138,1,0.00043554006968641115,5180
M-2022-6,41,154,1,0.00043554006968641115,5181
M-2022-6,41,160,1,0.00043554006968641115,5182
M-2022-6,41,170,1,0.00043554006968641115,5183
M-2022-6,41,171,1,0.00043554006968641115,5184
M-2022-6,156,8,13,0.0004347826086956522,5185
M-2022-6,156,63,13,0.0004347826086956522,5186
M-2022-6,156,75,13,0.0004347826086956522,5187
M-2022-6,156,148,13,0.0004347826086956522,5188
M-2022-6,161,26,1,0.0004336513443191674,5189
M-2022-6,161,69,1,0.0004336513443191674,5190
M-2022-6,161,115,1,0.0004336513443191674,5191
M-2022-6,161,116,1,0.0004336513443191674,5192
M-2022-6,161,142,1,0.0004336513443191674,5193
M-2022-6,161,144,1,0.0004336513443191674,5194
M-2022-6,161,145,1,0.0004336513443191674,5195
M-2022-6,161,155,1,0.0004336513443191674,5196
M-2022-6,1,52,4,0.00043038519474930065,5197
M-2022-6,1,75,4,0.00043038519474930065,5198
M-2022-6,1,87,4,0.00043038519474930065,5199
M-2022-6,1,163,4,0.00043038519474930065,5200
M-2022-6,153,85,30,0.00042923981628535863,5201
M-2022-6,153,172,30,0.00042923981628535863,5202
M-2022-6,166,33,1,0.00042918454935622315,5203
M-2022-6,166,35,1,0.00042918454935622315,5204
M-2022-6,166,42,1,0.00042918454935622315,5205
M-2022-6,166,51,1,0.00042918454935622315,5206
M-2022-6,166,53,1,0.00042918454935622315,5207
M-2022-6,166,71,1,0.00042918454935622315,5208
M-2022-6,166,96,1,0.00042918454935622315,5209
M-2022-6,166,102,1,0.00042918454935622315,5210
M-2022-6,166,104,1,0.00042918454935622315,5211
M-2022-6,166,115,1,0.00042918454935622315,5212
M-2022-6,166,135,1,0.00042918454935622315,5213
M-2022-6,166,136,1,0.00042918454935622315,5214
M-2022-6,166,138,1,0.00042918454935622315,5215
M-2022-6,166,142,1,0.00042918454935622315,5216
M-2022-6,166,149,1,0.00042918454935622315,5217
M-2022-6,117,1,32,0.0004286326618088298,5218
M-2022-6,31,51,4,0.00042826552462526765,5219
M-2022-6,31,73,4,0.00042826552462526765,5220
M-2022-6,31,119,4,0.00042826552462526765,5221
M-2022-6,31,153,4,0.00042826552462526765,5222
M-2022-6,85,45,1,0.0004280821917808219,5223
M-2022-6,85,51,1,0.0004280821917808219,5224
M-2022-6,85,76,1,0.0004280821917808219,5225
M-2022-6,85,82,1,0.0004280821917808219,5226
M-2022-6,85,86,1,0.0004280821917808219,5227
M-2022-6,85,90,1,0.0004280821917808219,5228
M-2022-6,85,97,1,0.0004280821917808219,5229
M-2022-6,85,149,1,0.0004280821917808219,5230
M-2022-6,85,153,1,0.0004280821917808219,5231
M-2022-6,149,171,23,0.0004279308612573725,5232
M-2022-6,77,73,30,0.00042752704108534864,5233
M-2022-6,17,25,5,0.00042517006802721087,5234
M-2022-6,17,83,5,0.00042517006802721087,5235
M-2022-6,93,12,14,0.0004244224822652034,5236
M-2022-6,93,140,14,0.0004244224822652034,5237
M-2022-6,95,90,24,0.00042374377626328615,5238
M-2022-6,138,93,17,0.00042338056932234204,5239
M-2022-6,138,103,17,0.00042338056932234204,5240
M-2022-6,138,164,17,0.00042338056932234204,5241
M-2022-6,108,46,5,0.0004229760595550292,5242
M-2022-6,175,149,19,0.0004225226827966554,5243
M-2022-6,99,110,10,0.0004208222867483062,5244
M-2022-6,62,14,5,0.00041974479516453995,5245
M-2022-6,62,39,5,0.00041974479516453995,5246
M-2022-6,62,46,5,0.00041974479516453995,5247
M-2022-6,62,68,5,0.00041974479516453995,5248
M-2022-6,62,81,5,0.00041974479516453995,5249
M-2022-6,62,125,5,0.00041974479516453995,5250
M-2022-6,62,158,5,0.00041974479516453995,5251
M-2022-6,136,60,9,0.0004180019506757698,5252
M-2022-6,136,139,9,0.0004180019506757698,5253
M-2022-6,158,53,6,0.00041782729805013927,5254
M-2022-6,142,112,21,0.00041749502982107355,5255
M-2022-6,129,136,13,0.00041721492987579833,5256
M-2022-6,29,64,12,0.00041668113476162364,5257
M-2022-6,29,105,12,0.00041668113476162364,5258
M-2022-6,83,77,10,0.00041583499667332,5259
M-2022-6,83,93,10,0.00041583499667332,5260
M-2022-6,49,29,13,0.0004154283705621065,5261
M-2022-6,49,81,13,0.0004154283705621065,5262
M-2022-6,101,124,23,0.00041484046678570783,5263
M-2022-6,25,149,23,0.00041463106848623605,5264
M-2022-6,19,154,8,0.00041407867494824016,5265
M-2022-6,19,157,8,0.00041407867494824016,5266
M-2022-6,122,11,23,0.0004135872399345453,5267
M-2022-6,77,2,29,0.000413276139715837,5268
M-2022-6,102,101,29,0.0004115459938126189,5269
M-2022-6,18,25,12,0.00041102928583661586,5270
M-2022-6,76,81,4,0.00041021433699107784,5271
M-2022-6,76,83,4,0.00041021433699107784,5272
M-2022-6,76,117,4,0.00041021433699107784,5273
M-2022-6,76,124,4,0.00041021433699107784,5274
M-2022-6,76,142,4,0.00041021433699107784,5275
M-2022-6,76,155,4,0.00041021433699107784,5276
M-2022-6,149,63,22,0.00040932517163748676,5277
M-2022-6,103,8,1,0.0004091653027823241,5278
M-2022-6,103,23,1,0.0004091653027823241,5279
M-2022-6,103,28,1,0.0004091653027823241,5280
M-2022-6,103,68,1,0.0004091653027823241,5281
M-2022-6,103,71,1,0.0004091653027823241,5282
M-2022-6,103,73,1,0.0004091653027823241,5283
M-2022-6,103,77,1,0.0004091653027823241,5284
M-2022-6,103,85,1,0.0004091653027823241,5285
M-2022-6,103,122,1,0.0004091653027823241,5286
M-2022-6,103,155,1,0.0004091653027823241,5287
M-2022-6,103,171,1,0.0004091653027823241,5288
M-2022-6,103,175,1,0.0004091653027823241,5289
M-2022-6,124,8,13,0.00040809919949772404,5290
M-2022-6,124,158,13,0.00040809919949772404,5291
M-2022-6,24,23,3,0.0004078857919782461,5292
M-2022-6,24,25,3,0.0004078857919782461,5293
M-2022-6,24,28,3,0.0004078857919782461,5294
M-2022-6,24,155,3,0.0004078857919782461,5295
M-2022-6,24,156,3,0.0004078857919782461,5296
M-2022-6,133,49,20,0.0004061078622482131,5297
M-2022-6,115,2,7,0.0004058676871339943,5298
M-2022-6,115,104,7,0.0004058676871339943,5299
M-2022-6,115,105,7,0.0004058676871339943,5300
M-2022-6,140,18,27,0.00040459742556156627,5301
M-2022-6,140,46,27,0.00040459742556156627,5302
M-2022-6,140,62,27,0.00040459742556156627,5303
M-2022-6,140,81,27,0.00040459742556156627,5304
M-2022-6,140,127,27,0.00040459742556156627,5305
M-2022-6,51,8,8,0.0004044693867232924,5306
M-2022-6,51,151,8,0.0004044693867232924,5307
M-2022-6,51,152,8,0.0004044693867232924,5308
M-2022-6,164,6,1,0.0004037141703673799,5309
M-2022-6,164,16,1,0.0004037141703673799,5310
M-2022-6,164,24,1,0.0004037141703673799,5311
M-2022-6,164,51,1,0.0004037141703673799,5312
M-2022-6,164,53,1,0.0004037141703673799,5313
M-2022-6,164,56,1,0.0004037141703673799,5314
M-2022-6,164,60,1,0.0004037141703673799,5315
M-2022-6,164,84,1,0.0004037141703673799,5316
M-2022-6,164,87,1,0.0004037141703673799,5317
M-2022-6,164,99,1,0.0004037141703673799,5318
M-2022-6,164,120,1,0.0004037141703673799,5319
M-2022-6,164,129,1,0.0004037141703673799,5320
M-2022-6,164,130,1,0.0004037141703673799,5321
M-2022-6,164,142,1,0.0004037141703673799,5322
M-2022-6,164,150,1,0.0004037141703673799,5323
M-2022-6,164,153,1,0.0004037141703673799,5324
M-2022-6,164,156,1,0.0004037141703673799,5325
M-2022-6,164,158,1,0.0004037141703673799,5326
M-2022-6,164,174,1,0.0004037141703673799,5327
M-2022-6,159,45,1,0.00040306328093510683,5328
M-2022-6,159,60,1,0.00040306328093510683,5329
M-2022-6,159,63,1,0.00040306328093510683,5330
M-2022-6,159,64,1,0.00040306328093510683,5331
M-2022-6,159,82,1,0.00040306328093510683,5332
M-2022-6,159,87,1,0.00040306328093510683,5333
M-2022-6,159,88,1,0.00040306328093510683,5334
M-2022-6,159,115,1,0.00040306328093510683,5335
M-2022-6,159,125,1,0.00040306328093510683,5336
M-2022-6,159,127,1,0.00040306328093510683,5337
M-2022-6,159,128,1,0.00040306328093510683,5338
M-2022-6,159,139,1,0.00040306328093510683,5339
M-2022-6,28,11,7,0.0004030168691346652,5340
M-2022-6,28,60,7,0.0004030168691346652,5341
M-2022-6,28,170,7,0.0004030168691346652,5342
M-2022-6,117,95,30,0.00040184312044577795,5343
M-2022-6,156,135,12,0.0004013377926421405,5344
M-2022-6,156,143,12,0.0004013377926421405,5345
M-2022-6,153,141,28,0.0004006238285330014,5346
M-2022-6,2,111,3,0.00039973351099267156,5347
M-2022-6,2,148,3,0.00039973351099267156,5348
M-2022-6,2,154,3,0.00039973351099267156,5349
M-2022-6,2,166,3,0.00039973351099267156,5350
M-2022-6,86,51,9,0.00039957378795950983,5351
M-2022-6,86,82,9,0.00039957378795950983,5352
M-2022-6,138,42,16,0.00039847582995043956,5353
M-2022-6,168,13,2,0.0003977724741447892,5354
M-2022-6,168,29,2,0.0003977724741447892,5355
M-2022-6,168,63,2,0.0003977724741447892,5356
M-2022-6,168,69,2,0.0003977724741447892,5357
M-2022-6,168,78,2,0.0003977724741447892,5358
M-2022-6,168,82,2,0.0003977724741447892,5359
M-2022-6,168,93,2,0.0003977724741447892,5360
M-2022-6,168,123,2,0.0003977724741447892,5361
M-2022-6,168,132,2,0.0003977724741447892,5362
M-2022-6,168,136,2,0.0003977724741447892,5363
M-2022-6,168,138,2,0.0003977724741447892,5364
M-2022-6,168,142,2,0.0003977724741447892,5365
M-2022-6,168,144,2,0.0003977724741447892,5366
M-2022-6,168,149,2,0.0003977724741447892,5367
M-2022-6,168,151,2,0.0003977724741447892,5368
M-2022-6,168,155,2,0.0003977724741447892,5369
M-2022-6,82,117,27,0.00039766702014846237,5370
M-2022-6,25,50,22,0.00039660363072596493,5371
M-2022-6,25,95,22,0.00039660363072596493,5372
M-2022-6,25,105,22,0.00039660363072596493,5373
M-2022-6,25,135,22,0.00039660363072596493,5374
M-2022-6,155,26,3,0.0003939075630252101,5375
M-2022-6,155,62,3,0.0003939075630252101,5376
M-2022-6,155,64,3,0.0003939075630252101,5377
M-2022-6,155,82,3,0.0003939075630252101,5378
M-2022-6,155,87,3,0.0003939075630252101,5379
M-2022-6,155,99,3,0.0003939075630252101,5380
M-2022-6,155,110,3,0.0003939075630252101,5381
M-2022-6,155,123,3,0.0003939075630252101,5382
M-2022-6,155,132,3,0.0003939075630252101,5383
M-2022-6,155,135,3,0.0003939075630252101,5384
M-2022-6,155,138,3,0.0003939075630252101,5385
M-2022-6,56,73,3,0.00039375246095288093,5386
M-2022-6,56,77,3,0.00039375246095288093,5387
M-2022-6,56,99,3,0.00039375246095288093,5388
M-2022-6,98,97,24,0.0003934361731774889,5389
M-2022-6,110,0,3,0.00039077764751856197,5390
M-2022-6,110,14,3,0.00039077764751856197,5391
M-2022-6,110,112,3,0.00039077764751856197,5392
M-2022-6,110,114,3,0.00039077764751856197,5393
M-2022-6,110,133,3,0.00039077764751856197,5394
M-2022-6,110,163,3,0.00039077764751856197,5395
M-2022-6,71,124,54,0.0003878195920712439,5396
M-2022-6,123,24,1,0.0003863987635239567,5397
M-2022-6,123,28,1,0.0003863987635239567,5398
M-2022-6,123,36,1,0.0003863987635239567,5399
M-2022-6,123,45,1,0.0003863987635239567,5400
M-2022-6,123,60,1,0.0003863987635239567,5401
M-2022-6,123,77,1,0.0003863987635239567,5402
M-2022-6,123,104,1,0.0003863987635239567,5403
M-2022-6,123,105,1,0.0003863987635239567,5404
M-2022-6,123,110,1,0.0003863987635239567,5405
M-2022-6,123,124,1,0.0003863987635239567,5406
M-2022-6,123,138,1,0.0003863987635239567,5407
M-2022-6,123,140,1,0.0003863987635239567,5408
M-2022-6,123,151,1,0.0003863987635239567,5409
M-2022-6,123,162,1,0.0003863987635239567,5410
M-2022-6,123,166,1,0.0003863987635239567,5411
M-2022-6,123,175,1,0.0003863987635239567,5412
M-2022-6,153,131,27,0.00038631583465682275,5413
M-2022-6,133,156,19,0.00038580246913580245,5414
M-2022-6,100,117,6,0.00038518328304551583,5415
M-2022-6,100,129,6,0.00038518328304551583,5416
M-2022-6,129,20,12,0.00038512147373150616,5417
M-2022-6,129,51,12,0.00038512147373150616,5418
M-2022-6,129,52,12,0.00038512147373150616,5419
M-2022-6,129,96,12,0.00038512147373150616,5420
M-2022-6,49,2,12,0.0003834723420573291,5421
M-2022-6,49,63,12,0.0003834723420573291,5422
M-2022-6,49,70,12,0.0003834723420573291,5423
M-2022-6,170,22,1,0.00038299502106472615,5424
M-2022-6,170,26,1,0.00038299502106472615,5425
M-2022-6,170,29,1,0.00038299502106472615,5426
M-2022-6,170,41,1,0.00038299502106472615,5427
M-2022-6,170,54,1,0.00038299502106472615,5428
M-2022-6,170,56,1,0.00038299502106472615,5429
M-2022-6,170,61,1,0.00038299502106472615,5430
M-2022-6,170,63,1,0.00038299502106472615,5431
M-2022-6,170,68,1,0.00038299502106472615,5432
M-2022-6,170,71,1,0.00038299502106472615,5433
M-2022-6,170,75,1,0.00038299502106472615,5434
M-2022-6,170,76,1,0.00038299502106472615,5435
M-2022-6,170,80,1,0.00038299502106472615,5436
M-2022-6,170,94,1,0.00038299502106472615,5437
M-2022-6,170,96,1,0.00038299502106472615,5438
M-2022-6,170,106,1,0.00038299502106472615,5439
M-2022-6,170,107,1,0.00038299502106472615,5440
M-2022-6,170,109,1,0.00038299502106472615,5441
M-2022-6,170,114,1,0.00038299502106472615,5442
M-2022-6,170,128,1,0.00038299502106472615,5443
M-2022-6,170,131,1,0.00038299502106472615,5444
M-2022-6,170,132,1,0.00038299502106472615,5445
M-2022-6,170,139,1,0.00038299502106472615,5446
M-2022-6,170,151,1,0.00038299502106472615,5447
M-2022-6,170,158,1,0.00038299502106472615,5448
M-2022-6,170,165,1,0.00038299502106472615,5449
M-2022-6,170,169,1,0.00038299502106472615,5450
M-2022-6,29,96,11,0.0003819577068648217,5451
M-2022-6,29,151,11,0.0003819577068648217,5452
M-2022-6,29,171,11,0.0003819577068648217,5453
M-2022-6,29,175,11,0.0003819577068648217,5454
M-2022-6,97,102,16,0.00038108848398237465,5455
M-2022-6,114,10,1,0.0003792188092529389,5456
M-2022-6,114,12,1,0.0003792188092529389,5457
M-2022-6,114,68,1,0.0003792188092529389,5458
M-2022-6,114,108,1,0.0003792188092529389,5459
M-2022-6,114,110,1,0.0003792188092529389,5460
M-2022-6,114,116,1,0.0003792188092529389,5461
M-2022-6,114,125,1,0.0003792188092529389,5462
M-2022-6,114,152,1,0.0003792188092529389,5463
M-2022-6,25,14,21,0.00037857619296569376,5464
M-2022-6,25,51,21,0.00037857619296569376,5465
M-2022-6,175,83,17,0.00037804661092332326,5466
M-2022-6,142,81,19,0.0003777335984095427,5467
M-2022-6,142,129,19,0.0003777335984095427,5468
M-2022-6,122,97,21,0.0003776231321141501,5469
M-2022-6,122,105,21,0.0003776231321141501,5470
M-2022-6,18,49,11,0.0003767768453502312,5471
M-2022-6,18,122,11,0.0003767768453502312,5472
M-2022-6,124,86,12,0.0003767069533825145,5473
M-2022-6,124,133,12,0.0003767069533825145,5474
M-2022-6,117,111,28,0.0003750535790827261,5475
M-2022-6,140,108,25,0.0003746272458903391,5476
M-2022-6,83,177,9,0.00037425149700598805,5477
M-2022-6,23,49,5,0.00037385972783011815,5478
M-2022-6,23,143,5,0.00037385972783011815,5479
M-2022-6,23,158,5,0.00037385972783011815,5480
M-2022-6,23,172,5,0.00037385972783011815,5481
M-2022-6,23,175,5,0.00037385972783011815,5482
M-2022-6,138,83,15,0.0003735710905785371,5483
M-2022-6,138,134,15,0.0003735710905785371,5484
M-2022-6,71,149,52,0.00037345590347601267,5485
M-2022-6,63,112,4,0.000373238779509191,5486
M-2022-6,63,124,4,0.000373238779509191,5487
M-2022-6,63,134,4,0.000373238779509191,5488
M-2022-6,63,161,4,0.000373238779509191,5489
M-2022-6,63,168,4,0.000373238779509191,5490
M-2022-6,30,14,3,0.00037267080745341616,5491
M-2022-6,30,22,3,0.00037267080745341616,5492
M-2022-6,14,13,3,0.00037243947858472997,5493
M-2022-6,14,41,3,0.00037243947858472997,5494
M-2022-6,14,55,3,0.00037243947858472997,5495
M-2022-6,14,62,3,0.00037243947858472997,5496
M-2022-6,14,87,3,0.00037243947858472997,5497
M-2022-6,14,118,3,0.00037243947858472997,5498
M-2022-6,14,134,3,0.00037243947858472997,5499
M-2022-6,14,138,3,0.00037243947858472997,5500
M-2022-6,14,165,3,0.00037243947858472997,5501
M-2022-6,131,175,14,0.0003721622627465575,5502
M-2022-6,149,77,20,0.00037211379239771524,5503
M-2022-6,149,164,20,0.00037211379239771524,5504
M-2022-6,153,136,26,0.00037200784078064415,5505
M-2022-6,60,17,9,0.000371578382395442,5506
M-2022-6,60,132,9,0.000371578382395442,5507
M-2022-6,136,22,8,0.00037155728948957316,5508
M-2022-6,136,125,8,0.00037155728948957316,5509
M-2022-6,136,155,8,0.00037155728948957316,5510
M-2022-6,136,171,8,0.00037155728948957316,5511
M-2022-6,45,11,1,0.0003714710252600297,5512
M-2022-6,45,24,1,0.0003714710252600297,5513
M-2022-6,45,28,1,0.0003714710252600297,5514
M-2022-6,45,46,1,0.0003714710252600297,5515
M-2022-6,45,67,1,0.0003714710252600297,5516
M-2022-6,45,77,1,0.0003714710252600297,5517
M-2022-6,45,86,1,0.0003714710252600297,5518
M-2022-6,45,88,1,0.0003714710252600297,5519
M-2022-6,45,100,1,0.0003714710252600297,5520
M-2022-6,45,110,1,0.0003714710252600297,5521
M-2022-6,45,133,1,0.0003714710252600297,5522
M-2022-6,45,134,1,0.0003714710252600297,5523
M-2022-6,45,139,1,0.0003714710252600297,5524
M-2022-6,45,143,1,0.0003714710252600297,5525
M-2022-6,45,153,1,0.0003714710252600297,5526
M-2022-6,45,156,1,0.0003714710252600297,5527
M-2022-6,45,159,1,0.0003714710252600297,5528
M-2022-6,45,176,1,0.0003714710252600297,5529
M-2022-6,77,155,26,0.00037052343560730217,5530
M-2022-6,96,111,19,0.000368989357570108,5531
M-2022-6,66,2,2,0.0003683919690550746,5532
M-2022-6,66,17,2,0.0003683919690550746,5533
M-2022-6,66,21,2,0.0003683919690550746,5534
M-2022-6,66,24,2,0.0003683919690550746,5535
M-2022-6,66,82,2,0.0003683919690550746,5536
M-2022-6,66,87,2,0.0003683919690550746,5537
M-2022-6,66,95,2,0.0003683919690550746,5538
M-2022-6,66,116,2,0.0003683919690550746,5539
M-2022-6,66,160,2,0.0003683919690550746,5540
M-2022-6,156,43,11,0.00036789297658862874,5541
M-2022-6,156,96,11,0.00036789297658862874,5542
M-2022-6,156,172,11,0.00036789297658862874,5543
M-2022-6,107,14,1,0.0003673769287288758,5544
M-2022-6,107,51,1,0.0003673769287288758,5545
M-2022-6,61,46,5,0.0003662198784150004,5546
M-2022-6,53,27,3,0.0003660768761439902,5547
M-2022-6,53,58,3,0.0003660768761439902,5548
M-2022-6,53,60,3,0.0003660768761439902,5549
M-2022-6,53,71,3,0.0003660768761439902,5550
M-2022-6,53,77,3,0.0003660768761439902,5551
M-2022-6,53,90,3,0.0003660768761439902,5552
M-2022-6,53,109,3,0.0003660768761439902,5553
M-2022-6,53,112,3,0.0003660768761439902,5554
M-2022-6,53,138,3,0.0003660768761439902,5555
M-2022-6,53,143,3,0.0003660768761439902,5556
M-2022-6,53,154,3,0.0003660768761439902,5557
M-2022-6,53,158,3,0.0003660768761439902,5558
M-2022-6,53,172,3,0.0003660768761439902,5559
M-2022-6,53,174,3,0.0003660768761439902,5560
M-2022-6,133,60,18,0.0003654970760233918,5561
M-2022-6,93,51,12,0.0003637906990844601,5562
M-2022-6,93,82,12,0.0003637906990844601,5563
M-2022-6,93,129,12,0.0003637906990844601,5564
M-2022-6,93,151,12,0.0003637906990844601,5565
M-2022-6,132,90,6,0.0003630422944273008,5566
M-2022-6,19,124,7,0.00036231884057971015,5567
M-2022-6,19,127,7,0.00036231884057971015,5568
M-2022-6,19,142,7,0.00036231884057971015,5569
M-2022-6,6,29,1,0.0003616636528028933,5570
M-2022-6,6,82,1,0.0003616636528028933,5571
M-2022-6,6,83,1,0.0003616636528028933,5572
M-2022-6,6,106,1,0.0003616636528028933,5573
M-2022-6,6,124,1,0.0003616636528028933,5574
M-2022-6,6,177,1,0.0003616636528028933,5575
M-2022-6,117,49,27,0.00036165880840120015,5576
M-2022-6,117,159,27,0.00036165880840120015,5577
M-2022-6,87,2,4,0.00036114120621162876,5578
M-2022-6,87,71,4,0.00036114120621162876,5579
M-2022-6,87,129,4,0.00036114120621162876,5580
M-2022-6,87,139,4,0.00036114120621162876,5581
M-2022-6,87,149,4,0.00036114120621162876,5582
M-2022-6,25,131,20,0.00036054875520542264,5583
M-2022-6,64,10,1,0.00036023054755043225,5584
M-2022-6,64,36,1,0.00036023054755043225,5585
M-2022-6,64,60,1,0.00036023054755043225,5586
M-2022-6,64,61,1,0.00036023054755043225,5587
M-2022-6,64,66,1,0.00036023054755043225,5588
M-2022-6,64,93,1,0.00036023054755043225,5589
M-2022-6,64,104,1,0.00036023054755043225,5590
M-2022-6,64,130,1,0.00036023054755043225,5591
M-2022-6,64,136,1,0.00036023054755043225,5592
M-2022-6,64,149,1,0.00036023054755043225,5593
M-2022-6,64,155,1,0.00036023054755043225,5594
M-2022-6,64,159,1,0.00036023054755043225,5595
M-2022-6,140,43,24,0.00035964215605472554,5596
M-2022-6,122,133,20,0.00035964107820395244,5597
M-2022-6,165,17,2,0.0003591309032142216,5598
M-2022-6,165,28,2,0.0003591309032142216,5599
M-2022-6,165,94,2,0.0003591309032142216,5600
M-2022-6,165,138,2,0.0003591309032142216,5601
M-2022-6,165,154,2,0.0003591309032142216,5602
M-2022-6,111,1,1,0.0003588087549336204,5603
M-2022-6,111,3,1,0.0003588087549336204,5604
M-2022-6,111,30,1,0.0003588087549336204,5605
M-2022-6,111,49,1,0.0003588087549336204,5606
M-2022-6,111,74,1,0.0003588087549336204,5607
M-2022-6,111,84,1,0.0003588087549336204,5608
M-2022-6,111,91,1,0.0003588087549336204,5609
M-2022-6,111,93,1,0.0003588087549336204,5610
M-2022-6,111,99,1,0.0003588087549336204,5611
M-2022-6,111,101,1,0.0003588087549336204,5612
M-2022-6,111,104,1,0.0003588087549336204,5613
M-2022-6,111,106,1,0.0003588087549336204,5614
M-2022-6,111,110,1,0.0003588087549336204,5615
M-2022-6,111,126,1,0.0003588087549336204,5616
M-2022-6,111,134,1,0.0003588087549336204,5617
M-2022-6,111,135,1,0.0003588087549336204,5618
M-2022-6,111,136,1,0.0003588087549336204,5619
M-2022-6,111,146,1,0.0003588087549336204,5620
M-2022-6,111,151,1,0.0003588087549336204,5621
M-2022-6,111,154,1,0.0003588087549336204,5622
M-2022-6,111,173,1,0.0003588087549336204,5623
M-2022-6,111,177,1,0.0003588087549336204,5624
M-2022-6,142,2,18,0.00035785288270377734,5625
M-2022-6,153,41,25,0.0003576998469044655,5626
M-2022-6,153,74,25,0.0003576998469044655,5627
M-2022-6,90,28,2,0.0003566333808844508,5628
M-2022-6,90,50,2,0.0003566333808844508,5629
M-2022-6,90,53,2,0.0003566333808844508,5630
M-2022-6,90,84,2,0.0003566333808844508,5631
M-2022-6,90,86,2,0.0003566333808844508,5632
M-2022-6,90,87,2,0.0003566333808844508,5633
M-2022-6,90,95,2,0.0003566333808844508,5634
M-2022-6,90,101,2,0.0003566333808844508,5635
M-2022-6,90,110,2,0.0003566333808844508,5636
M-2022-6,171,83,2,0.00035587188612099647,5637
M-2022-6,171,89,2,0.00035587188612099647,5638
M-2022-6,171,96,2,0.00035587188612099647,5639
M-2022-6,171,99,2,0.00035587188612099647,5640
M-2022-6,171,108,2,0.00035587188612099647,5641
M-2022-6,171,112,2,0.00035587188612099647,5642
M-2022-6,171,116,2,0.00035587188612099647,5643
M-2022-6,171,117,2,0.00035587188612099647,5644
M-2022-6,171,127,2,0.00035587188612099647,5645
M-2022-6,171,132,2,0.00035587188612099647,5646
M-2022-6,171,176,2,0.00035587188612099647,5647
M-2022-6,86,138,8,0.0003551767004084532,5648
M-2022-6,176,0,1,0.0003546099290780142,5649
M-2022-6,176,6,1,0.0003546099290780142,5650
M-2022-6,176,13,1,0.0003546099290780142,5651
M-2022-6,176,20,1,0.0003546099290780142,5652
M-2022-6,176,25,1,0.0003546099290780142,5653
M-2022-6,176,45,1,0.0003546099290780142,5654
M-2022-6,176,55,1,0.0003546099290780142,5655
M-2022-6,176,60,1,0.0003546099290780142,5656
M-2022-6,176,62,1,0.0003546099290780142,5657
M-2022-6,176,64,1,0.0003546099290780142,5658
M-2022-6,176,66,1,0.0003546099290780142,5659
M-2022-6,176,68,1,0.0003546099290780142,5660
M-2022-6,176,72,1,0.0003546099290780142,5661
M-2022-6,176,78,1,0.0003546099290780142,5662
M-2022-6,176,87,1,0.0003546099290780142,5663
M-2022-6,176,92,1,0.0003546099290780142,5664
M-2022-6,176,95,1,0.0003546099290780142,5665
M-2022-6,176,99,1,0.0003546099290780142,5666
M-2022-6,176,102,1,0.0003546099290780142,5667
M-2022-6,176,106,1,0.0003546099290780142,5668
M-2022-6,176,110,1,0.0003546099290780142,5669
M-2022-6,176,113,1,0.0003546099290780142,5670
M-2022-6,176,115,1,0.0003546099290780142,5671
M-2022-6,176,128,1,0.0003546099290780142,5672
M-2022-6,176,137,1,0.0003546099290780142,5673
M-2022-6,176,148,1,0.0003546099290780142,5674
M-2022-6,176,160,1,0.0003546099290780142,5675
M-2022-6,176,170,1,0.0003546099290780142,5676
M-2022-6,51,28,7,0.00035391071338288085,5677
M-2022-6,51,55,7,0.00035391071338288085,5678
M-2022-6,51,61,7,0.00035391071338288085,5679
M-2022-6,51,122,7,0.00035391071338288085,5680
M-2022-6,51,176,7,0.00035391071338288085,5681
M-2022-6,149,64,19,0.0003535081027778295,5682
M-2022-6,39,46,3,0.0003531904874028726,5683
M-2022-6,39,93,3,0.0003531904874028726,5684
M-2022-6,39,114,3,0.0003531904874028726,5685
M-2022-6,39,123,3,0.0003531904874028726,5686
M-2022-6,129,155,11,0.000353028017587214,5687
M-2022-6,138,20,14,0.0003486663512066346,5688
M-2022-6,158,0,5,0.00034818941504178273,5689
M-2022-6,158,19,5,0.00034818941504178273,5690
M-2022-6,158,90,5,0.00034818941504178273,5691
M-2022-6,158,116,5,0.00034818941504178273,5692
M-2022-6,158,129,5,0.00034818941504178273,5693
M-2022-6,158,130,5,0.00034818941504178273,5694
M-2022-6,29,10,10,0.0003472342789680197,5695
M-2022-6,29,60,10,0.0003472342789680197,5696
M-2022-6,29,67,10,0.0003472342789680197,5697
M-2022-6,29,71,10,0.0003472342789680197,5698
M-2022-6,29,82,10,0.0003472342789680197,5699
M-2022-6,78,76,17,0.00034716549583401407,5700
M-2022-6,74,15,2,0.000346860908775581,5701
M-2022-6,74,18,2,0.000346860908775581,5702
M-2022-6,74,32,2,0.000346860908775581,5703
M-2022-6,74,118,2,0.000346860908775581,5704
M-2022-6,74,130,2,0.000346860908775581,5705
M-2022-6,74,139,2,0.000346860908775581,5706
M-2022-6,74,170,2,0.000346860908775581,5707
M-2022-6,28,1,6,0.0003454430306868559,5708
M-2022-6,28,50,6,0.0003454430306868559,5709
M-2022-6,28,65,6,0.0003454430306868559,5710
M-2022-6,28,82,6,0.0003454430306868559,5711
M-2022-6,28,108,6,0.0003454430306868559,5712
M-2022-6,28,126,6,0.0003454430306868559,5713
M-2022-6,28,158,6,0.0003454430306868559,5714
M-2022-6,28,162,6,0.0003454430306868559,5715
M-2022-6,133,1,17,0.00034519168291098114,5716
M-2022-6,140,25,23,0.00034465706621911196,5717
M-2022-6,101,170,19,0.000342694298649063,5718
M-2022-6,18,11,10,0.0003425244048638465,5719
M-2022-6,18,134,10,0.0003425244048638465,5720
M-2022-6,25,133,19,0.00034252131744515153,5721
M-2022-6,25,163,19,0.00034252131744515153,5722
M-2022-6,122,166,19,0.00034165902429375485,5723
M-2022-6,106,17,1,0.00034083162917518747,5724
M-2022-6,106,18,1,0.00034083162917518747,5725
M-2022-6,106,22,1,0.00034083162917518747,5726
M-2022-6,106,57,1,0.00034083162917518747,5727
M-2022-6,106,92,1,0.00034083162917518747,5728
M-2022-6,106,140,1,0.00034083162917518747,5729
M-2022-6,106,149,1,0.00034083162917518747,5730
M-2022-6,106,156,1,0.00034083162917518747,5731
M-2022-6,17,18,4,0.0003401360544217687,5732
M-2022-6,17,172,4,0.0003401360544217687,5733
M-2022-6,108,10,4,0.0003383808476440233,5734
M-2022-6,108,79,4,0.0003383808476440233,5735
M-2022-6,108,155,4,0.0003383808476440233,5736
M-2022-6,142,93,17,0.0003379721669980119,5737
M-2022-6,142,130,17,0.0003379721669980119,5738
M-2022-6,71,81,47,0.0003375466819879345,5739
M-2022-6,99,59,8,0.00033665782939864495,5740
M-2022-6,99,155,8,0.00033665782939864495,5741
M-2022-6,62,6,4,0.000335795836131632,5742
M-2022-6,62,28,4,0.000335795836131632,5743
M-2022-6,62,124,4,0.000335795836131632,5744
M-2022-6,62,132,4,0.000335795836131632,5745
M-2022-6,62,135,4,0.000335795836131632,5746
M-2022-6,62,137,4,0.000335795836131632,5747
M-2022-6,62,151,4,0.000335795836131632,5748
M-2022-6,62,157,4,0.000335795836131632,5749
M-2022-6,62,175,4,0.000335795836131632,5750
M-2022-6,149,101,18,0.0003349024131579437,5751
M-2022-6,156,49,10,0.00033444816053511704,5752
M-2022-6,156,99,10,0.00033444816053511704,5753
M-2022-6,156,108,10,0.00033444816053511704,5754
M-2022-6,156,171,10,0.00033444816053511704,5755
M-2022-6,175,66,15,0.0003335705390499911,5756
M-2022-6,93,50,11,0.0003334748074940884,5757
M-2022-6,32,3,1,0.00033344448149383126,5758
M-2022-6,32,6,1,0.00033344448149383126,5759
M-2022-6,32,29,1,0.00033344448149383126,5760
M-2022-6,32,38,1,0.00033344448149383126,5761
M-2022-6,32,48,1,0.00033344448149383126,5762
M-2022-6,32,50,1,0.00033344448149383126,5763
M-2022-6,32,72,1,0.00033344448149383126,5764
M-2022-6,32,74,1,0.00033344448149383126,5765
M-2022-6,32,79,1,0.00033344448149383126,5766
M-2022-6,32,85,1,0.00033344448149383126,5767
M-2022-6,32,88,1,0.00033344448149383126,5768
M-2022-6,32,90,1,0.00033344448149383126,5769
M-2022-6,32,100,1,0.00033344448149383126,5770
M-2022-6,32,101,1,0.00033344448149383126,5771
M-2022-6,32,105,1,0.00033344448149383126,5772
M-2022-6,32,106,1,0.00033344448149383126,5773
M-2022-6,32,107,1,0.00033344448149383126,5774
M-2022-6,32,118,1,0.00033344448149383126,5775
M-2022-6,32,131,1,0.00033344448149383126,5776
M-2022-6,32,135,1,0.00033344448149383126,5777
M-2022-6,32,138,1,0.00033344448149383126,5778
M-2022-6,32,152,1,0.00033344448149383126,5779
M-2022-6,32,159,1,0.00033344448149383126,5780
M-2022-6,32,160,1,0.00033344448149383126,5781
M-2022-6,32,163,1,0.00033344448149383126,5782
M-2022-6,32,168,1,0.00033344448149383126,5783
M-2022-6,134,60,3,0.00033277870216306157,5784
M-2022-6,12,2,1,0.0003324468085106383,5785
M-2022-6,12,9,1,0.0003324468085106383,5786
M-2022-6,12,18,1,0.0003324468085106383,5787
M-2022-6,12,33,1,0.0003324468085106383,5788
M-2022-6,12,36,1,0.0003324468085106383,5789
M-2022-6,12,68,1,0.0003324468085106383,5790
M-2022-6,12,87,1,0.0003324468085106383,5791
M-2022-6,12,96,1,0.0003324468085106383,5792
M-2022-6,12,112,1,0.0003324468085106383,5793
M-2022-6,12,116,1,0.0003324468085106383,5794
M-2022-6,12,122,1,0.0003324468085106383,5795
M-2022-6,12,130,1,0.0003324468085106383,5796
M-2022-6,12,143,1,0.0003324468085106383,5797
M-2022-6,12,144,1,0.0003324468085106383,5798
M-2022-6,12,148,1,0.0003324468085106383,5799
M-2022-6,12,155,1,0.0003324468085106383,5800
M-2022-6,12,171,1,0.0003324468085106383,5801
M-2022-6,71,90,46,0.0003303648376903189,5802
M-2022-6,60,115,8,0.0003302918954626151,5803
M-2022-6,60,138,8,0.0003302918954626151,5804
M-2022-6,96,26,17,0.00033014837256272817,5805
M-2022-6,153,126,23,0.00032908385915210827,5806
M-2022-6,153,157,23,0.00032908385915210827,5807
M-2022-6,47,14,1,0.0003288391976323578,5808
M-2022-6,47,84,1,0.0003288391976323578,5809
M-2022-6,47,87,1,0.0003288391976323578,5810
M-2022-6,47,165,1,0.0003288391976323578,5811
M-2022-6,47,170,1,0.0003288391976323578,5812
M-2022-6,80,49,1,0.0003287310979618672,5813
M-2022-6,80,93,1,0.0003287310979618672,5814
M-2022-6,80,96,1,0.0003287310979618672,5815
M-2022-6,80,110,1,0.0003287310979618672,5816
M-2022-6,80,112,1,0.0003287310979618672,5817
M-2022-6,80,130,1,0.0003287310979618672,5818
M-2022-6,80,132,1,0.0003287310979618672,5819
M-2022-6,80,149,1,0.0003287310979618672,5820
M-2022-6,80,156,1,0.0003287310979618672,5821
M-2022-6,146,62,2,0.00032754667540124465,5822
M-2022-6,146,155,2,0.00032754667540124465,5823
M-2022-6,146,159,2,0.00032754667540124465,5824
M-2022-6,135,9,1,0.00032690421706440013,5825
M-2022-6,135,17,1,0.00032690421706440013,5826
M-2022-6,135,20,1,0.00032690421706440013,5827
M-2022-6,135,23,1,0.00032690421706440013,5828
M-2022-6,135,45,1,0.00032690421706440013,5829
M-2022-6,135,54,1,0.00032690421706440013,5830
M-2022-6,135,71,1,0.00032690421706440013,5831
M-2022-6,135,74,1,0.00032690421706440013,5832
M-2022-6,135,75,1,0.00032690421706440013,5833
M-2022-6,135,77,1,0.00032690421706440013,5834
M-2022-6,135,85,1,0.00032690421706440013,5835
M-2022-6,135,98,1,0.00032690421706440013,5836
M-2022-6,135,105,1,0.00032690421706440013,5837
M-2022-6,135,111,1,0.00032690421706440013,5838
M-2022-6,135,116,1,0.00032690421706440013,5839
M-2022-6,135,122,1,0.00032690421706440013,5840
M-2022-6,135,123,1,0.00032690421706440013,5841
M-2022-6,135,138,1,0.00032690421706440013,5842
M-2022-6,135,148,1,0.00032690421706440013,5843
M-2022-6,135,151,1,0.00032690421706440013,5844
M-2022-6,135,159,1,0.00032690421706440013,5845
M-2022-6,135,163,1,0.00032690421706440013,5846
M-2022-6,135,166,1,0.00032690421706440013,5847
M-2022-6,79,153,7,0.0003267363704256908,5848
M-2022-6,169,25,1,0.0003259452411994785,5849
M-2022-6,169,49,1,0.0003259452411994785,5850
M-2022-6,169,51,1,0.0003259452411994785,5851
M-2022-6,169,62,1,0.0003259452411994785,5852
M-2022-6,169,63,1,0.0003259452411994785,5853
M-2022-6,169,99,1,0.0003259452411994785,5854
M-2022-6,169,108,1,0.0003259452411994785,5855
M-2022-6,169,136,1,0.0003259452411994785,5856
M-2022-6,169,158,1,0.0003259452411994785,5857
M-2022-6,169,161,1,0.0003259452411994785,5858
M-2022-6,136,28,7,0.0003251126283033765,5859
M-2022-6,136,29,7,0.0003251126283033765,5860
M-2022-6,136,134,7,0.0003251126283033765,5861
M-2022-6,136,143,7,0.0003251126283033765,5862
M-2022-6,133,11,16,0.0003248862897985705,5863
M-2022-6,101,6,18,0.0003246577566149018,5864
M-2022-6,25,138,18,0.0003244938796848804,5865
M-2022-6,82,28,22,0.00032402497938022857,5866
M-2022-6,127,29,2,0.00032378177108628785,5867
M-2022-6,127,53,2,0.00032378177108628785,5868
M-2022-6,127,71,2,0.00032378177108628785,5869
M-2022-6,127,86,2,0.00032378177108628785,5870
M-2022-6,127,93,2,0.00032378177108628785,5871
M-2022-6,127,124,2,0.00032378177108628785,5872
M-2022-6,127,135,2,0.00032378177108628785,5873
M-2022-6,127,158,2,0.00032378177108628785,5874
M-2022-6,127,166,2,0.00032378177108628785,5875
M-2022-6,138,125,13,0.0003237616118347322,5876
M-2022-6,122,163,18,0.0003236769703835572,5877
M-2022-6,71,158,45,0.00032318299339270326,5878
M-2022-6,1,80,3,0.00032278889606197545,5879
M-2022-6,1,127,3,0.00032278889606197545,5880
M-2022-6,1,147,3,0.00032278889606197545,5881
M-2022-6,1,155,3,0.00032278889606197545,5882
M-2022-6,1,168,3,0.00032278889606197545,5883
M-2022-6,26,16,1,0.0003215434083601286,5884
M-2022-6,26,18,1,0.0003215434083601286,5885
M-2022-6,26,32,1,0.0003215434083601286,5886
M-2022-6,26,43,1,0.0003215434083601286,5887
M-2022-6,26,54,1,0.0003215434083601286,5888
M-2022-6,26,74,1,0.0003215434083601286,5889
M-2022-6,26,76,1,0.0003215434083601286,5890
M-2022-6,26,80,1,0.0003215434083601286,5891
M-2022-6,26,123,1,0.0003215434083601286,5892
M-2022-6,26,126,1,0.0003215434083601286,5893
M-2022-6,26,127,1,0.0003215434083601286,5894
M-2022-6,26,128,1,0.0003215434083601286,5895
M-2022-6,26,139,1,0.0003215434083601286,5896
M-2022-6,26,146,1,0.0003215434083601286,5897
M-2022-6,26,148,1,0.0003215434083601286,5898
M-2022-6,26,157,1,0.0003215434083601286,5899
M-2022-6,26,158,1,0.0003215434083601286,5900
M-2022-6,26,161,1,0.0003215434083601286,5901
M-2022-6,26,171,1,0.0003215434083601286,5902
M-2022-6,31,25,3,0.00032119914346895073,5903
M-2022-6,31,28,3,0.00032119914346895073,5904
M-2022-6,31,102,3,0.00032119914346895073,5905
M-2022-6,100,102,5,0.00032098606920459653,5906
M-2022-6,129,18,10,0.00032093456144292176,5907
M-2022-6,129,175,10,0.00032093456144292176,5908
M-2022-6,35,11,1,0.0003208213025344883,5909
M-2022-6,35,17,1,0.0003208213025344883,5910
M-2022-6,35,51,1,0.0003208213025344883,5911
M-2022-6,35,54,1,0.0003208213025344883,5912
M-2022-6,35,61,1,0.0003208213025344883,5913
M-2022-6,35,66,1,0.0003208213025344883,5914
M-2022-6,35,104,1,0.0003208213025344883,5915
M-2022-6,35,117,1,0.0003208213025344883,5916
M-2022-6,35,138,1,0.0003208213025344883,5917
M-2022-6,35,139,1,0.0003208213025344883,5918
M-2022-6,35,140,1,0.0003208213025344883,5919
M-2022-6,35,146,1,0.0003208213025344883,5920
M-2022-6,35,171,1,0.0003208213025344883,5921
M-2022-6,35,175,1,0.0003208213025344883,5922
M-2022-6,49,86,10,0.00031956028504777427,5923
M-2022-6,174,17,1,0.00031756113051762465,5924
M-2022-6,174,18,1,0.00031756113051762465,5925
M-2022-6,174,49,1,0.00031756113051762465,5926
M-2022-6,174,76,1,0.00031756113051762465,5927
M-2022-6,174,77,1,0.00031756113051762465,5928
M-2022-6,174,82,1,0.00031756113051762465,5929
M-2022-6,174,85,1,0.00031756113051762465,5930
M-2022-6,174,97,1,0.00031756113051762465,5931
M-2022-6,174,103,1,0.00031756113051762465,5932
M-2022-6,174,104,1,0.00031756113051762465,5933
M-2022-6,174,105,1,0.00031756113051762465,5934
M-2022-6,174,110,1,0.00031756113051762465,5935
M-2022-6,174,120,1,0.00031756113051762465,5936
M-2022-6,174,157,1,0.00031756113051762465,5937
M-2022-6,174,162,1,0.00031756113051762465,5938
M-2022-6,174,172,1,0.00031756113051762465,5939
M-2022-6,174,175,1,0.00031756113051762465,5940
M-2022-6,149,45,17,0.00031629672353805795,5941
M-2022-6,4,50,1,0.0003156565656565657,5942
M-2022-6,4,53,1,0.0003156565656565657,5943
M-2022-6,4,59,1,0.0003156565656565657,5944
M-2022-6,4,66,1,0.0003156565656565657,5945
M-2022-6,4,77,1,0.0003156565656565657,5946
M-2022-6,4,82,1,0.0003156565656565657,5947
M-2022-6,4,83,1,0.0003156565656565657,5948
M-2022-6,4,90,1,0.0003156565656565657,5949
M-2022-6,4,92,1,0.0003156565656565657,5950
M-2022-6,4,117,1,0.0003156565656565657,5951
M-2022-6,4,148,1,0.0003156565656565657,5952
M-2022-6,4,155,1,0.0003156565656565657,5953
M-2022-6,4,165,1,0.0003156565656565657,5954
M-2022-6,44,2,1,0.00031486146095717883,5955
M-2022-6,44,17,1,0.00031486146095717883,5956
M-2022-6,44,50,1,0.00031486146095717883,5957
M-2022-6,44,53,1,0.00031486146095717883,5958
M-2022-6,44,71,1,0.00031486146095717883,5959
M-2022-6,44,103,1,0.00031486146095717883,5960
M-2022-6,44,131,1,0.00031486146095717883,5961
M-2022-6,44,160,1,0.00031486146095717883,5962
M-2022-6,153,43,22,0.0003147758652759297,5963
M-2022-6,140,16,21,0.00031468688654788486,5964
M-2022-6,140,107,21,0.00031468688654788486,5965
M-2022-6,124,98,10,0.0003139224611520954,5966
M-2022-6,75,25,8,0.00031284217112466763,5967
M-2022-6,75,153,8,0.00031284217112466763,5968
M-2022-6,29,135,9,0.00031251085107121773,5969
M-2022-6,86,134,7,0.00031077961285739657,5970
M-2022-6,19,71,6,0.00031055900621118014,5971
M-2022-6,173,71,1,0.00030892801977139327,5972
M-2022-6,173,79,1,0.00030892801977139327,5973
M-2022-6,173,87,1,0.00030892801977139327,5974
M-2022-6,173,93,1,0.00030892801977139327,5975
M-2022-6,173,124,1,0.00030892801977139327,5976
M-2022-6,173,138,1,0.00030892801977139327,5977
M-2022-6,173,149,1,0.00030892801977139327,5978
M-2022-6,173,165,1,0.00030892801977139327,5979
M-2022-6,148,11,2,0.000308546744831842,5980
M-2022-6,148,39,2,0.000308546744831842,5981
M-2022-6,148,82,2,0.000308546744831842,5982
M-2022-6,148,115,2,0.000308546744831842,5983
M-2022-6,148,122,2,0.000308546744831842,5984
M-2022-6,148,124,2,0.000308546744831842,5985
M-2022-6,148,135,2,0.000308546744831842,5986
M-2022-6,148,136,2,0.000308546744831842,5987
M-2022-6,148,157,2,0.000308546744831842,5988
M-2022-6,148,159,2,0.000308546744831842,5989
M-2022-6,18,50,9,0.0003082719643774619,5990
M-2022-6,18,71,9,0.0003082719643774619,5991
M-2022-6,18,143,9,0.0003082719643774619,5992
M-2022-6,117,115,23,0.00030807972567509646,5993
M-2022-6,76,51,3,0.0003076607527433084,5994
M-2022-6,76,93,3,0.0003076607527433084,5995
M-2022-6,76,97,3,0.0003076607527433084,5996
M-2022-6,76,111,3,0.0003076607527433084,5997
M-2022-6,25,155,17,0.00030646644192460924,5998
M-2022-6,65,61,1,0.0003061849357011635,5999
M-2022-6,65,77,1,0.0003061849357011635,6000
M-2022-6,65,83,1,0.0003061849357011635,6001
M-2022-6,65,92,1,0.0003061849357011635,6002
M-2022-6,65,111,1,0.0003061849357011635,6003
M-2022-6,65,129,1,0.0003061849357011635,6004
M-2022-6,65,153,1,0.0003061849357011635,6005
M-2022-6,122,2,17,0.00030569491647335957,6006
M-2022-6,122,51,17,0.00030569491647335957,6007
M-2022-6,122,77,17,0.00030569491647335957,6008
M-2022-6,128,13,1,0.00030478512648582747,6009
M-2022-6,128,19,1,0.00030478512648582747,6010
M-2022-6,128,23,1,0.00030478512648582747,6011
M-2022-6,128,35,1,0.00030478512648582747,6012
M-2022-6,128,39,1,0.00030478512648582747,6013
M-2022-6,128,41,1,0.00030478512648582747,6014
M-2022-6,128,78,1,0.00030478512648582747,6015
M-2022-6,128,96,1,0.00030478512648582747,6016
M-2022-6,128,114,1,0.00030478512648582747,6017
M-2022-6,128,119,1,0.00030478512648582747,6018
M-2022-6,128,127,1,0.00030478512648582747,6019
M-2022-6,128,130,1,0.00030478512648582747,6020
M-2022-6,128,132,1,0.00030478512648582747,6021
M-2022-6,128,135,1,0.00030478512648582747,6022
M-2022-6,128,140,1,0.00030478512648582747,6023
M-2022-6,128,156,1,0.00030478512648582747,6024
M-2022-6,128,160,1,0.00030478512648582747,6025
M-2022-6,128,162,1,0.00030478512648582747,6026
M-2022-6,128,170,1,0.00030478512648582747,6027
M-2022-6,128,175,1,0.00030478512648582747,6028
M-2022-6,133,128,15,0.00030458089668615983,6029
M-2022-6,113,28,1,0.00030441400304414006,6030
M-2022-6,113,65,1,0.00030441400304414006,6031
M-2022-6,113,90,1,0.00030441400304414006,6032
M-2022-6,113,124,1,0.00030441400304414006,6033
M-2022-6,113,140,1,0.00030441400304414006,6034
M-2022-6,113,149,1,0.00030441400304414006,6035
M-2022-6,113,153,1,0.00030441400304414006,6036
M-2022-6,113,170,1,0.00030441400304414006,6037
M-2022-6,113,174,1,0.00030441400304414006,6038
M-2022-6,51,12,6,0.0003033520400424693,6039
M-2022-6,51,101,6,0.0003033520400424693,6040
M-2022-6,57,53,1,0.00030330603579011223,6041
M-2022-6,57,62,1,0.00030330603579011223,6042
M-2022-6,57,98,1,0.00030330603579011223,6043
M-2022-6,57,107,1,0.00030330603579011223,6044
M-2022-6,57,153,1,0.00030330603579011223,6045
M-2022-6,57,156,1,0.00030330603579011223,6046
M-2022-6,93,39,10,0.00030315891590371673,6047
M-2022-6,93,143,10,0.00030315891590371673,6048
M-2022-6,132,22,5,0.00030253524535608396,6049
M-2022-6,132,61,5,0.00030253524535608396,6050
M-2022-6,132,138,5,0.00030253524535608396,6051
M-2022-6,132,168,5,0.00030253524535608396,6052
M-2022-6,71,86,42,0.00030163746049985635,6053
M-2022-6,71,95,42,0.00030163746049985635,6054
M-2022-6,156,111,9,0.00030100334448160534,6055
M-2022-6,156,157,9,0.00030100334448160534,6056
M-2022-6,153,154,21,0.00030046787139975103,6057
M-2022-6,72,117,5,0.0003003544182134919,6058
M-2022-6,72,140,5,0.0003003544182134919,6059
M-2022-6,95,28,17,0.0003001518415198277,6060
M-2022-6,140,122,20,0.0002997017967122713,6061
M-2022-6,140,143,20,0.0002997017967122713,6062
M-2022-6,140,172,20,0.0002997017967122713,6063
M-2022-6,23,17,4,0.0002990877822640945,6064
M-2022-6,23,24,4,0.0002990877822640945,6065
M-2022-6,23,28,4,0.0002990877822640945,6066
M-2022-6,23,60,4,0.0002990877822640945,6067
M-2022-6,23,93,4,0.0002990877822640945,6068
M-2022-6,23,122,4,0.0002990877822640945,6069
M-2022-6,23,133,4,0.0002990877822640945,6070
M-2022-6,23,155,4,0.0002990877822640945,6071
M-2022-6,23,166,4,0.0002990877822640945,6072
M-2022-6,23,170,4,0.0002990877822640945,6073
M-2022-6,138,162,12,0.0002988568724628297,6074
M-2022-6,73,79,8,0.0002984406476162053,6075
M-2022-6,142,155,15,0.00029821073558648114,6076
M-2022-6,149,51,16,0.0002976910339181722,6077
M-2022-6,149,60,16,0.0002976910339181722,6078
M-2022-6,149,69,16,0.0002976910339181722,6079
M-2022-6,149,175,16,0.0002976910339181722,6080
M-2022-6,172,4,2,0.00029708853238265005,6081
M-2022-6,172,11,2,0.00029708853238265005,6082
M-2022-6,172,43,2,0.00029708853238265005,6083
M-2022-6,172,68,2,0.00029708853238265005,6084
M-2022-6,172,84,2,0.00029708853238265005,6085
M-2022-6,172,92,2,0.00029708853238265005,6086
M-2022-6,172,124,2,0.00029708853238265005,6087
M-2022-6,172,127,2,0.00029708853238265005,6088
M-2022-6,172,129,2,0.00029708853238265005,6089
M-2022-6,172,130,2,0.00029708853238265005,6090
M-2022-6,172,131,2,0.00029708853238265005,6091
M-2022-6,172,143,2,0.00029708853238265005,6092
M-2022-6,112,1,1,0.00029533372711163615,6093
M-2022-6,112,12,1,0.00029533372711163615,6094
M-2022-6,112,14,1,0.00029533372711163615,6095
M-2022-6,112,16,1,0.00029533372711163615,6096
M-2022-6,112,35,1,0.00029533372711163615,6097
M-2022-6,112,53,1,0.00029533372711163615,6098
M-2022-6,112,64,1,0.00029533372711163615,6099
M-2022-6,112,85,1,0.00029533372711163615,6100
M-2022-6,112,134,1,0.00029533372711163615,6101
M-2022-6,112,137,1,0.00029533372711163615,6102
M-2022-6,112,155,1,0.00029533372711163615,6103
M-2022-6,130,27,2,0.00029515938606847696,6104
M-2022-6,130,39,2,0.00029515938606847696,6105
M-2022-6,130,60,2,0.00029515938606847696,6106
M-2022-6,130,61,2,0.00029515938606847696,6107
M-2022-6,130,78,2,0.00029515938606847696,6108
M-2022-6,130,79,2,0.00029515938606847696,6109
M-2022-6,130,92,2,0.00029515938606847696,6110
M-2022-6,130,105,2,0.00029515938606847696,6111
M-2022-6,130,107,2,0.00029515938606847696,6112
M-2022-6,117,127,22,0.0002946849549935705,6113
M-2022-6,99,64,7,0.0002945756007238143,6114
M-2022-6,99,131,7,0.0002945756007238143,6115
M-2022-6,82,156,20,0.0002945681630729351,6116
M-2022-6,71,51,41,0.00029445561620224076,6117
M-2022-6,61,12,4,0.00029297590273200027,6118
M-2022-6,61,39,4,0.00029297590273200027,6119
M-2022-6,61,53,4,0.00029297590273200027,6120
M-2022-6,61,55,4,0.00029297590273200027,6121
M-2022-6,61,99,4,0.00029297590273200027,6122
M-2022-6,61,124,4,0.00029297590273200027,6123
M-2022-6,61,125,4,0.00029297590273200027,6124
M-2022-6,61,143,4,0.00029297590273200027,6125
M-2022-6,61,150,4,0.00029297590273200027,6126
M-2022-6,81,84,2,0.0002924831822170225,6127
M-2022-6,131,49,11,0.00029241320644372376,6128
M-2022-6,54,14,2,0.0002918855808523059,6129
M-2022-6,54,42,2,0.0002918855808523059,6130
M-2022-6,54,46,2,0.0002918855808523059,6131
M-2022-6,54,130,2,0.0002918855808523059,6132
M-2022-6,54,131,2,0.0002918855808523059,6133
M-2022-6,54,145,2,0.0002918855808523059,6134
M-2022-6,54,153,2,0.0002918855808523059,6135
M-2022-6,46,16,2,0.00029171528588098014,6136
M-2022-6,46,54,2,0.00029171528588098014,6137
M-2022-6,46,71,2,0.00029171528588098014,6138
M-2022-6,46,72,2,0.00029171528588098014,6139
M-2022-6,46,74,2,0.00029171528588098014,6140
M-2022-6,46,75,2,0.00029171528588098014,6141
M-2022-6,46,78,2,0.00029171528588098014,6142
M-2022-6,46,82,2,0.00029171528588098014,6143
M-2022-6,46,96,2,0.00029171528588098014,6144
M-2022-6,46,116,2,0.00029171528588098014,6145
M-2022-6,46,130,2,0.00029171528588098014,6146
M-2022-6,46,163,2,0.00029171528588098014,6147
M-2022-6,46,169,2,0.00029171528588098014,6148
M-2022-6,46,176,2,0.00029171528588098014,6149
M-2022-6,96,82,15,0.0002913073875553484,6150
M-2022-6,83,133,7,0.000291084497671324,6151
M-2022-6,83,156,7,0.000291084497671324,6152
M-2022-6,115,10,5,0.00028990549080999597,6153
M-2022-6,115,35,5,0.00028990549080999597,6154
M-2022-6,115,116,5,0.00028990549080999597,6155
M-2022-6,115,132,5,0.00028990549080999597,6156
M-2022-6,115,159,5,0.00028990549080999597,6157
M-2022-6,115,168,5,0.00028990549080999597,6158
M-2022-6,175,129,13,0.00028909446717665895,6159
M-2022-6,175,135,13,0.00028909446717665895,6160
M-2022-6,60,129,7,0.0002890054085297882,6161
M-2022-6,60,146,7,0.0002890054085297882,6162
M-2022-6,25,10,16,0.0002884390041643381,6163
M-2022-6,28,29,5,0.00028786919223904657,6164
M-2022-6,28,95,5,0.00028786919223904657,6165
M-2022-6,28,125,5,0.00028786919223904657,6166
M-2022-6,28,128,5,0.00028786919223904657,6167
M-2022-6,28,171,5,0.00028786919223904657,6168
M-2022-6,122,98,16,0.000287712862563162,6169
M-2022-6,122,136,16,0.000287712862563162,6170
M-2022-6,122,151,16,0.000287712862563162,6171
M-2022-6,49,10,9,0.0002876042565429968,6172
M-2022-6,49,17,9,0.0002876042565429968,6173
M-2022-6,49,72,9,0.0002876042565429968,6174
M-2022-6,49,155,9,0.0002876042565429968,6175
M-2022-6,71,31,40,0.0002872737719046251,6176
M-2022-6,153,139,20,0.00028615987752357244,6177
M-2022-6,140,70,19,0.0002847167068766577,6178
M-2022-6,140,128,19,0.0002847167068766577,6179
M-2022-6,133,29,14,0.00028427550357374917,6180
M-2022-6,124,115,9,0.0002825302150368859,6181
M-2022-6,124,125,9,0.0002825302150368859,6182
M-2022-6,124,134,9,0.0002825302150368859,6183
M-2022-6,118,29,1,0.00028208744710860365,6184
M-2022-6,118,51,1,0.00028208744710860365,6185
M-2022-6,118,53,1,0.00028208744710860365,6186
M-2022-6,118,66,1,0.00028208744710860365,6187
M-2022-6,118,101,1,0.00028208744710860365,6188
M-2022-6,118,111,1,0.00028208744710860365,6189
M-2022-6,118,120,1,0.00028208744710860365,6190
M-2022-6,118,124,1,0.00028208744710860365,6191
M-2022-6,118,134,1,0.00028208744710860365,6192
M-2022-6,118,138,1,0.00028208744710860365,6193
M-2022-6,118,142,1,0.00028208744710860365,6194
M-2022-6,118,153,1,0.00028208744710860365,6195
M-2022-6,118,156,1,0.00028208744710860365,6196
M-2022-6,118,158,1,0.00028208744710860365,6197
M-2022-6,117,64,21,0.0002812901843120446,6198
M-2022-6,117,104,21,0.0002812901843120446,6199
M-2022-6,116,1,1,0.000281135788585887,6200
M-2022-6,116,13,1,0.000281135788585887,6201
M-2022-6,116,14,1,0.000281135788585887,6202
M-2022-6,116,17,1,0.000281135788585887,6203
M-2022-6,116,23,1,0.000281135788585887,6204
M-2022-6,116,32,1,0.000281135788585887,6205
M-2022-6,116,39,1,0.000281135788585887,6206
M-2022-6,116,51,1,0.000281135788585887,6207
M-2022-6,116,53,1,0.000281135788585887,6208
M-2022-6,116,61,1,0.000281135788585887,6209
M-2022-6,116,66,1,0.000281135788585887,6210
M-2022-6,116,72,1,0.000281135788585887,6211
M-2022-6,116,79,1,0.000281135788585887,6212
M-2022-6,116,84,1,0.000281135788585887,6213
M-2022-6,116,85,1,0.000281135788585887,6214
M-2022-6,116,88,1,0.000281135788585887,6215
M-2022-6,116,96,1,0.000281135788585887,6216
M-2022-6,116,101,1,0.000281135788585887,6217
M-2022-6,116,102,1,0.000281135788585887,6218
M-2022-6,116,123,1,0.000281135788585887,6219
M-2022-6,116,124,1,0.000281135788585887,6220
M-2022-6,116,131,1,0.000281135788585887,6221
M-2022-6,116,136,1,0.000281135788585887,6222
M-2022-6,116,138,1,0.000281135788585887,6223
M-2022-6,116,154,1,0.000281135788585887,6224
M-2022-6,116,157,1,0.000281135788585887,6225
M-2022-6,116,159,1,0.000281135788585887,6226
M-2022-6,116,162,1,0.000281135788585887,6227
M-2022-6,116,171,1,0.000281135788585887,6228
M-2022-6,63,2,3,0.00027992908463189323,6229
M-2022-6,63,10,3,0.00027992908463189323,6230
M-2022-6,63,12,3,0.00027992908463189323,6231
M-2022-6,63,22,3,0.00027992908463189323,6232
M-2022-6,63,26,3,0.00027992908463189323,6233
M-2022-6,63,129,3,0.00027992908463189323,6234
M-2022-6,63,146,3,0.00027992908463189323,6235
M-2022-6,63,148,3,0.00027992908463189323,6236
M-2022-6,63,169,3,0.00027992908463189323,6237
M-2022-6,149,158,15,0.00027908534429828643,6238
M-2022-6,136,26,6,0.00027866796711717987,6239
M-2022-6,136,116,6,0.00027866796711717987,6240
M-2022-6,136,159,6,0.00027866796711717987,6241
M-2022-6,158,13,4,0.0002785515320334262,6242
M-2022-6,158,50,4,0.0002785515320334262,6243
M-2022-6,158,55,4,0.0002785515320334262,6244
M-2022-6,158,61,4,0.0002785515320334262,6245
M-2022-6,158,62,4,0.0002785515320334262,6246
M-2022-6,158,154,4,0.0002785515320334262,6247
M-2022-6,142,63,14,0.0002783300198807157,6248
M-2022-6,142,124,14,0.0002783300198807157,6249
M-2022-6,29,50,8,0.0002777874231744158,6250
M-2022-6,144,12,1,0.00027616680475006904,6251
M-2022-6,144,39,1,0.00027616680475006904,6252
M-2022-6,144,45,1,0.00027616680475006904,6253
M-2022-6,144,64,1,0.00027616680475006904,6254
M-2022-6,144,71,1,0.00027616680475006904,6255
M-2022-6,144,83,1,0.00027616680475006904,6256
M-2022-6,144,93,1,0.00027616680475006904,6257
M-2022-6,144,97,1,0.00027616680475006904,6258
M-2022-6,144,99,1,0.00027616680475006904,6259
M-2022-6,144,100,1,0.00027616680475006904,6260
M-2022-6,144,125,1,0.00027616680475006904,6261
M-2022-6,144,129,1,0.00027616680475006904,6262
M-2022-6,144,138,1,0.00027616680475006904,6263
M-2022-6,144,171,1,0.00027616680475006904,6264
M-2022-6,18,2,8,0.00027401952389107724,6265
M-2022-6,18,51,8,0.00027401952389107724,6266
M-2022-6,18,103,8,0.00027401952389107724,6267
M-2022-6,138,2,11,0.0002739521330909272,6268
M-2022-6,138,49,11,0.0002739521330909272,6269
M-2022-6,138,159,11,0.0002739521330909272,6270
M-2022-6,93,19,9,0.00027284302431334506,6271
M-2022-6,24,13,2,0.00027192386131883074,6272
M-2022-6,24,43,2,0.00027192386131883074,6273
M-2022-6,24,53,2,0.00027192386131883074,6274
M-2022-6,24,96,2,0.00027192386131883074,6275
M-2022-6,24,100,2,0.00027192386131883074,6276
M-2022-6,24,111,2,0.00027192386131883074,6277
M-2022-6,24,112,2,0.00027192386131883074,6278
M-2022-6,24,138,2,0.00027192386131883074,6279
M-2022-6,24,140,2,0.00027192386131883074,6280
M-2022-6,24,142,2,0.00027192386131883074,6281
M-2022-6,24,158,2,0.00027192386131883074,6282
M-2022-6,24,163,2,0.00027192386131883074,6283
M-2022-6,24,173,2,0.00027192386131883074,6284
M-2022-6,96,50,14,0.0002718868950516585,6285
M-2022-6,153,16,19,0.0002718518836473938,6286
M-2022-6,153,130,19,0.0002718518836473938,6287
M-2022-6,87,18,3,0.00027085590465872155,6288
M-2022-6,87,68,3,0.00027085590465872155,6289
M-2022-6,87,75,3,0.00027085590465872155,6290
M-2022-6,87,101,3,0.00027085590465872155,6291
M-2022-6,87,130,3,0.00027085590465872155,6292
M-2022-6,77,14,19,0.0002707671260207208,6293
M-2022-6,101,172,15,0.00027054813051241816,6294
M-2022-6,122,175,15,0.00026973080865296434,6295
M-2022-6,102,149,19,0.0002696335821530951,6296
M-2022-6,156,1,8,0.00026755852842809364,6297
M-2022-6,156,115,8,0.00026755852842809364,6298
M-2022-6,156,120,8,0.00026755852842809364,6299
M-2022-6,2,5,2,0.0002664890073284477,6300
M-2022-6,2,9,2,0.0002664890073284477,6301
M-2022-6,2,16,2,0.0002664890073284477,6302
M-2022-6,2,61,2,0.0002664890073284477,6303
M-2022-6,2,91,2,0.0002664890073284477,6304
M-2022-6,2,94,2,0.0002664890073284477,6305
M-2022-6,2,110,2,0.0002664890073284477,6306
M-2022-6,2,121,2,0.0002664890073284477,6307
M-2022-6,2,143,2,0.0002664890073284477,6308
M-2022-6,86,11,6,0.0002663825253063399,6309
M-2022-6,86,18,6,0.0002663825253063399,6310
M-2022-6,86,46,6,0.0002663825253063399,6311
M-2022-6,86,78,6,0.0002663825253063399,6312
M-2022-6,86,122,6,0.0002663825253063399,6313
M-2022-6,86,143,6,0.0002663825253063399,6314
M-2022-6,131,28,10,0.0002658301876761125,6315
M-2022-6,82,133,18,0.0002651113467656416,6316
M-2022-6,133,77,13,0.0002639701104613385,6317
M-2022-6,155,13,2,0.0002626050420168067,6318
M-2022-6,155,17,2,0.0002626050420168067,6319
M-2022-6,155,20,2,0.0002626050420168067,6320
M-2022-6,155,27,2,0.0002626050420168067,6321
M-2022-6,155,29,2,0.0002626050420168067,6322
M-2022-6,155,30,2,0.0002626050420168067,6323
M-2022-6,155,32,2,0.0002626050420168067,6324
M-2022-6,155,36,2,0.0002626050420168067,6325
M-2022-6,155,52,2,0.0002626050420168067,6326
M-2022-6,155,69,2,0.0002626050420168067,6327
M-2022-6,155,72,2,0.0002626050420168067,6328
M-2022-6,155,74,2,0.0002626050420168067,6329
M-2022-6,155,76,2,0.0002626050420168067,6330
M-2022-6,155,95,2,0.0002626050420168067,6331
M-2022-6,155,131,2,0.0002626050420168067,6332
M-2022-6,155,147,2,0.0002626050420168067,6333
M-2022-6,155,152,2,0.0002626050420168067,6334
M-2022-6,155,162,2,0.0002626050420168067,6335
M-2022-6,155,170,2,0.0002626050420168067,6336
M-2022-6,56,71,2,0.000262501640635254,6337
M-2022-6,56,97,2,0.000262501640635254,6338
M-2022-6,56,102,2,0.000262501640635254,6339
M-2022-6,56,138,2,0.000262501640635254,6340
M-2022-6,56,149,2,0.000262501640635254,6341
M-2022-6,97,53,11,0.0002619983327378826,6342
M-2022-6,97,111,11,0.0002619983327378826,6343
M-2022-6,97,122,11,0.0002619983327378826,6344
M-2022-6,73,175,7,0.0002611355666641797,6345
M-2022-6,110,5,2,0.0002605184316790413,6346
M-2022-6,110,9,2,0.0002605184316790413,6347
M-2022-6,110,36,2,0.0002605184316790413,6348
M-2022-6,110,39,2,0.0002605184316790413,6349
M-2022-6,110,46,2,0.0002605184316790413,6350
M-2022-6,110,60,2,0.0002605184316790413,6351
M-2022-6,110,61,2,0.0002605184316790413,6352
M-2022-6,110,63,2,0.0002605184316790413,6353
M-2022-6,110,71,2,0.0002605184316790413,6354
M-2022-6,110,82,2,0.0002605184316790413,6355
M-2022-6,110,85,2,0.0002605184316790413,6356
M-2022-6,110,86,2,0.0002605184316790413,6357
M-2022-6,110,104,2,0.0002605184316790413,6358
M-2022-6,110,124,2,0.0002605184316790413,6359
M-2022-6,110,132,2,0.0002605184316790413,6360
M-2022-6,110,166,2,0.0002605184316790413,6361
M-2022-6,19,14,5,0.0002587991718426501,6362
M-2022-6,19,143,5,0.0002587991718426501,6363
M-2022-6,19,149,5,0.0002587991718426501,6364
M-2022-6,71,80,36,0.0002585463947141626,6365
M-2022-6,153,20,18,0.0002575438897712152,6366
M-2022-6,153,148,18,0.0002575438897712152,6367
M-2022-6,100,29,4,0.0002567888553636772,6368
M-2022-6,100,83,4,0.0002567888553636772,6369
M-2022-6,100,138,4,0.0002567888553636772,6370
M-2022-6,100,164,4,0.0002567888553636772,6371
M-2022-6,100,172,4,0.0002567888553636772,6372
M-2022-6,129,111,8,0.0002567476491543374,6373
M-2022-6,129,176,8,0.0002567476491543374,6374
M-2022-6,49,11,8,0.0002556482280382194,6375
M-2022-6,17,51,3,0.00025510204081632655,6376
M-2022-6,17,62,3,0.00025510204081632655,6377
M-2022-6,17,74,3,0.00025510204081632655,6378
M-2022-6,17,92,3,0.00025510204081632655,6379
M-2022-6,17,99,3,0.00025510204081632655,6380
M-2022-6,17,129,3,0.00025510204081632655,6381
M-2022-6,17,157,3,0.00025510204081632655,6382
M-2022-6,17,165,3,0.00025510204081632655,6383
M-2022-6,117,54,19,0.0002545006429489927,6384
M-2022-6,117,86,19,0.0002545006429489927,6385
M-2022-6,117,116,19,0.0002545006429489927,6386
M-2022-6,117,136,19,0.0002545006429489927,6387
M-2022-6,117,170,19,0.0002545006429489927,6388
M-2022-6,108,62,3,0.0002537856357330175,6389
M-2022-6,108,95,3,0.0002537856357330175,6390
M-2022-6,108,133,3,0.0002537856357330175,6391
M-2022-6,51,4,5,0.00025279336670205773,6392
M-2022-6,51,27,5,0.00025279336670205773,6393
M-2022-6,51,30,5,0.00025279336670205773,6394
M-2022-6,51,32,5,0.00025279336670205773,6395
M-2022-6,51,53,5,0.00025279336670205773,6396
M-2022-6,51,126,5,0.00025279336670205773,6397
M-2022-6,51,154,5,0.00025279336670205773,6398
M-2022-6,99,93,6,0.0002524933720489837,6399
M-2022-6,99,136,6,0.0002524933720489837,6400
M-2022-6,99,151,6,0.0002524933720489837,6401
M-2022-6,96,153,13,0.0002524664025479686,6402
M-2022-6,62,2,3,0.00025184687709872396,6403
M-2022-6,62,29,3,0.00025184687709872396,6404
M-2022-6,62,53,3,0.00025184687709872396,6405
M-2022-6,62,77,3,0.00025184687709872396,6406
M-2022-6,62,90,3,0.00025184687709872396,6407
M-2022-6,62,108,3,0.00025184687709872396,6408
M-2022-6,62,129,3,0.00025184687709872396,6409
M-2022-6,62,136,3,0.00025184687709872396,6410
M-2022-6,62,138,3,0.00025184687709872396,6411
M-2022-6,62,168,3,0.00025184687709872396,6412
M-2022-6,62,170,3,0.00025184687709872396,6413
M-2022-6,122,115,14,0.0002517487547427667,6414
M-2022-6,124,53,8,0.00025113796892167636,6415
M-2022-6,124,61,8,0.00025113796892167636,6416
M-2022-6,124,90,8,0.00025113796892167636,6417
M-2022-6,124,135,8,0.00025113796892167636,6418
M-2022-6,82,122,17,0.0002503829386119948,6419
M-2022-6,83,10,6,0.000249500998003992,6420
M-2022-6,83,11,6,0.000249500998003992,6421
M-2022-6,83,16,6,0.000249500998003992,6422
M-2022-6,83,109,6,0.000249500998003992,6423
M-2022-6,83,152,6,0.000249500998003992,6424
M-2022-6,138,15,10,0.00024904739371902474,6425
M-2022-6,138,104,10,0.00024904739371902474,6426
M-2022-6,30,46,2,0.0002484472049689441,6427
M-2022-6,30,53,2,0.0002484472049689441,6428
M-2022-6,30,96,2,0.0002484472049689441,6429
M-2022-6,30,140,2,0.0002484472049689441,6430
M-2022-6,14,0,2,0.00024829298572315333,6431
M-2022-6,14,1,2,0.00024829298572315333,6432
M-2022-6,14,20,2,0.00024829298572315333,6433
M-2022-6,14,23,2,0.00024829298572315333,6434
M-2022-6,14,52,2,0.00024829298572315333,6435
M-2022-6,14,72,2,0.00024829298572315333,6436
M-2022-6,14,105,2,0.00024829298572315333,6437
M-2022-6,14,108,2,0.00024829298572315333,6438
M-2022-6,14,119,2,0.00024829298572315333,6439
M-2022-6,14,120,2,0.00024829298572315333,6440
M-2022-6,14,128,2,0.00024829298572315333,6441
M-2022-6,14,132,2,0.00024829298572315333,6442
M-2022-6,60,46,6,0.0002477189215969613,6443
M-2022-6,60,82,6,0.0002477189215969613,6444
M-2022-6,125,1,1,0.0002469135802469136,6445
M-2022-6,125,2,1,0.0002469135802469136,6446
M-2022-6,125,19,1,0.0002469135802469136,6447
M-2022-6,125,28,1,0.0002469135802469136,6448
M-2022-6,125,54,1,0.0002469135802469136,6449
M-2022-6,125,60,1,0.0002469135802469136,6450
M-2022-6,125,61,1,0.0002469135802469136,6451
M-2022-6,125,72,1,0.0002469135802469136,6452
M-2022-6,125,77,1,0.0002469135802469136,6453
M-2022-6,125,82,1,0.0002469135802469136,6454
M-2022-6,125,95,1,0.0002469135802469136,6455
M-2022-6,125,96,1,0.0002469135802469136,6456
M-2022-6,125,99,1,0.0002469135802469136,6457
M-2022-6,125,116,1,0.0002469135802469136,6458
M-2022-6,125,126,1,0.0002469135802469136,6459
M-2022-6,125,130,1,0.0002469135802469136,6460
M-2022-6,125,139,1,0.0002469135802469136,6461
M-2022-6,125,140,1,0.0002469135802469136,6462
M-2022-6,125,141,1,0.0002469135802469136,6463
M-2022-6,125,151,1,0.0002469135802469136,6464
M-2022-6,125,159,1,0.0002469135802469136,6465
M-2022-6,125,166,1,0.0002469135802469136,6466
M-2022-6,125,172,1,0.0002469135802469136,6467
M-2022-6,175,73,11,0.0002446183953033268,6468
M-2022-6,175,122,11,0.0002446183953033268,6469
M-2022-6,53,0,2,0.00024405125076266016,6470
M-2022-6,53,1,2,0.00024405125076266016,6471
M-2022-6,53,25,2,0.00024405125076266016,6472
M-2022-6,53,50,2,0.00024405125076266016,6473
M-2022-6,53,62,2,0.00024405125076266016,6474
M-2022-6,53,82,2,0.00024405125076266016,6475
M-2022-6,53,84,2,0.00024405125076266016,6476
M-2022-6,53,97,2,0.00024405125076266016,6477
M-2022-6,53,99,2,0.00024405125076266016,6478
M-2022-6,53,101,2,0.00024405125076266016,6479
M-2022-6,53,102,2,0.00024405125076266016,6480
M-2022-6,53,106,2,0.00024405125076266016,6481
M-2022-6,53,107,2,0.00024405125076266016,6482
M-2022-6,53,113,2,0.00024405125076266016,6483
M-2022-6,53,151,2,0.00024405125076266016,6484
M-2022-6,53,165,2,0.00024405125076266016,6485
M-2022-6,53,168,2,0.00024405125076266016,6486
M-2022-6,53,170,2,0.00024405125076266016,6487
M-2022-6,133,2,12,0.00024366471734892786,6488
M-2022-6,133,82,12,0.00024366471734892786,6489
M-2022-6,133,129,12,0.00024366471734892786,6490
M-2022-6,153,90,17,0.00024323589589503655,6491
M-2022-6,29,11,7,0.0002430639952776138,6492
M-2022-6,29,62,7,0.0002430639952776138,6493
M-2022-6,29,103,7,0.0002430639952776138,6494
M-2022-6,29,112,7,0.0002430639952776138,6495
M-2022-6,29,143,7,0.0002430639952776138,6496
M-2022-6,93,68,8,0.00024252713272297338,6497
M-2022-6,93,71,8,0.00024252713272297338,6498
M-2022-6,77,136,17,0.00024226532328169758,6499
M-2022-6,77,149,17,0.00024226532328169758,6500
M-2022-6,132,18,4,0.0002420281962848672,6501
M-2022-6,132,49,4,0.0002420281962848672,6502
M-2022-6,132,68,4,0.0002420281962848672,6503
M-2022-6,132,77,4,0.0002420281962848672,6504
M-2022-6,132,112,4,0.0002420281962848672,6505
M-2022-6,132,124,4,0.0002420281962848672,6506
M-2022-6,132,142,4,0.0002420281962848672,6507
M-2022-6,132,162,4,0.0002420281962848672,6508
M-2022-6,132,171,4,0.0002420281962848672,6509
M-2022-6,149,143,13,0.0002418739650585149,6510
M-2022-6,149,176,13,0.0002418739650585149,6511
M-2022-6,117,9,18,0.00024110587226746678,6512
M-2022-6,72,18,4,0.00024028353457079355,6513
M-2022-6,72,46,4,0.00024028353457079355,6514
M-2022-6,72,73,4,0.00024028353457079355,6515
M-2022-6,72,153,4,0.00024028353457079355,6516
M-2022-6,72,155,4,0.00024028353457079355,6517
M-2022-6,18,82,7,0.00023976708340469257,6518
M-2022-6,18,99,7,0.00023976708340469257,6519
M-2022-6,18,132,7,0.00023976708340469257,6520
M-2022-6,18,172,7,0.00023976708340469257,6521
M-2022-6,131,122,9,0.00023924716890850125,6522
M-2022-6,142,60,12,0.0002385685884691849,6523
M-2022-6,142,133,12,0.0002385685884691849,6524
M-2022-6,142,136,12,0.0002385685884691849,6525
M-2022-6,142,159,12,0.0002385685884691849,6526
M-2022-6,48,18,1,0.0002380952380952381,6527
M-2022-6,48,83,1,0.0002380952380952381,6528
M-2022-6,48,84,1,0.0002380952380952381,6529
M-2022-6,48,86,1,0.0002380952380952381,6530
M-2022-6,48,91,1,0.0002380952380952381,6531
M-2022-6,48,96,1,0.0002380952380952381,6532
M-2022-6,48,97,1,0.0002380952380952381,6533
M-2022-6,48,155,1,0.0002380952380952381,6534
M-2022-6,48,172,1,0.0002380952380952381,6535
M-2022-6,91,3,1,0.0002357934449422306,6536
M-2022-6,91,25,1,0.0002357934449422306,6537
M-2022-6,91,27,1,0.0002357934449422306,6538
M-2022-6,91,30,1,0.0002357934449422306,6539
M-2022-6,91,32,1,0.0002357934449422306,6540
M-2022-6,91,57,1,0.0002357934449422306,6541
M-2022-6,91,82,1,0.0002357934449422306,6542
M-2022-6,91,90,1,0.0002357934449422306,6543
M-2022-6,91,94,1,0.0002357934449422306,6544
M-2022-6,91,97,1,0.0002357934449422306,6545
M-2022-6,91,111,1,0.0002357934449422306,6546
M-2022-6,91,138,1,0.0002357934449422306,6547
M-2022-6,91,140,1,0.0002357934449422306,6548
M-2022-6,91,154,1,0.0002357934449422306,6549
M-2022-6,91,156,1,0.0002357934449422306,6550
M-2022-6,91,158,1,0.0002357934449422306,6551
M-2022-6,91,165,1,0.0002357934449422306,6552
M-2022-6,91,175,1,0.0002357934449422306,6553
M-2022-6,39,14,2,0.0002354603249352484,6554
M-2022-6,39,71,2,0.0002354603249352484,6555
M-2022-6,39,139,2,0.0002354603249352484,6556
M-2022-6,39,149,2,0.0002354603249352484,6557
M-2022-6,39,168,2,0.0002354603249352484,6558
M-2022-6,39,171,2,0.0002354603249352484,6559
M-2022-6,75,61,6,0.0002346316283435007,6560
M-2022-6,75,133,6,0.0002346316283435007,6561
M-2022-6,25,160,13,0.00023435669088352472,6562
M-2022-6,156,10,7,0.00023411371237458194,6563
M-2022-6,156,20,7,0.00023411371237458194,6564
M-2022-6,156,29,7,0.00023411371237458194,6565
M-2022-6,156,81,7,0.00023411371237458194,6566
M-2022-6,156,104,7,0.00023411371237458194,6567
M-2022-6,156,116,7,0.00023411371237458194,6568
M-2022-6,156,132,7,0.00023411371237458194,6569
M-2022-6,156,176,7,0.00023411371237458194,6570
M-2022-6,79,73,5,0.0002333831217326363,6571
M-2022-6,79,117,5,0.0002333831217326363,6572
M-2022-6,143,0,1,0.00023304591004427873,6573
M-2022-6,143,1,1,0.00023304591004427873,6574
M-2022-6,143,34,1,0.00023304591004427873,6575
M-2022-6,143,39,1,0.00023304591004427873,6576
M-2022-6,143,50,1,0.00023304591004427873,6577
M-2022-6,143,54,1,0.00023304591004427873,6578
M-2022-6,143,55,1,0.00023304591004427873,6579
M-2022-6,143,64,1,0.00023304591004427873,6580
M-2022-6,143,68,1,0.00023304591004427873,6581
M-2022-6,143,79,1,0.00023304591004427873,6582
M-2022-6,143,84,1,0.00023304591004427873,6583
M-2022-6,143,96,1,0.00023304591004427873,6584
M-2022-6,143,104,1,0.00023304591004427873,6585
M-2022-6,143,112,1,0.00023304591004427873,6586
M-2022-6,143,125,1,0.00023304591004427873,6587
M-2022-6,143,134,1,0.00023304591004427873,6588
M-2022-6,143,135,1,0.00023304591004427873,6589
M-2022-6,143,148,1,0.00023304591004427873,6590
M-2022-6,143,150,1,0.00023304591004427873,6591
M-2022-6,143,164,1,0.00023304591004427873,6592
M-2022-6,143,166,1,0.00023304591004427873,6593
M-2022-6,143,172,1,0.00023304591004427873,6594
M-2022-6,136,2,5,0.00023222330593098323,6595
M-2022-6,136,18,5,0.00023222330593098323,6596
M-2022-6,136,41,5,0.00023222330593098323,6597
M-2022-6,136,102,5,0.00023222330593098323,6598
M-2022-6,136,129,5,0.00023222330593098323,6599
M-2022-6,136,149,5,0.00023222330593098323,6600
M-2022-6,55,60,2,0.0002322071287588529,6601
M-2022-6,55,102,2,0.0002322071287588529,6602
M-2022-6,115,14,4,0.00023192439264799674,6603
M-2022-6,115,28,4,0.00023192439264799674,6604
M-2022-6,115,29,4,0.00023192439264799674,6605
M-2022-6,115,34,4,0.00023192439264799674,6606
M-2022-6,115,71,4,0.00023192439264799674,6607
M-2022-6,115,88,4,0.00023192439264799674,6608
M-2022-6,115,110,4,0.00023192439264799674,6609
M-2022-6,28,10,4,0.00023029535379123726,6610
M-2022-6,28,17,4,0.00023029535379123726,6611
M-2022-6,28,23,4,0.00023029535379123726,6612
M-2022-6,28,42,4,0.00023029535379123726,6613
M-2022-6,28,52,4,0.00023029535379123726,6614
M-2022-6,28,68,4,0.00023029535379123726,6615
M-2022-6,28,111,4,0.00023029535379123726,6616
M-2022-6,28,132,4,0.00023029535379123726,6617
M-2022-6,28,135,4,0.00023029535379123726,6618
M-2022-6,98,124,14,0.00022950443435353518,6619
M-2022-6,153,99,16,0.00022892790201885793,6620
M-2022-6,153,100,16,0.00022892790201885793,6621
M-2022-6,153,135,16,0.00022892790201885793,6622
M-2022-6,27,17,2,0.00022891152569531876,6623
M-2022-6,27,152,2,0.00022891152569531876,6624
M-2022-6,27,153,2,0.00022891152569531876,6625
M-2022-6,117,23,17,0.00022771110158594085,6626
M-2022-6,117,46,17,0.00022771110158594085,6627
M-2022-6,117,53,17,0.00022771110158594085,6628
M-2022-6,117,60,17,0.00022771110158594085,6629
M-2022-6,117,131,17,0.00022771110158594085,6630
M-2022-6,140,39,15,0.00022477634753420347,6631
M-2022-6,23,1,3,0.00022431583669807088,6632
M-2022-6,23,22,3,0.00022431583669807088,6633
M-2022-6,23,32,3,0.00022431583669807088,6634
M-2022-6,23,41,3,0.00022431583669807088,6635
M-2022-6,23,82,3,0.00022431583669807088,6636
M-2022-6,23,132,3,0.00022431583669807088,6637
M-2022-6,23,157,3,0.00022431583669807088,6638
M-2022-6,138,13,9,0.00022414265434712226,6639
M-2022-6,138,14,9,0.00022414265434712226,6640
M-2022-6,138,18,9,0.00022414265434712226,6641
M-2022-6,138,86,9,0.00022414265434712226,6642
M-2022-6,138,140,9,0.00022414265434712226,6643
M-2022-6,73,49,6,0.00022383048571215399,6644
M-2022-6,73,77,6,0.00022383048571215399,6645
M-2022-6,49,62,7,0.000223692199533442,6646
M-2022-6,133,117,11,0.0002233593242365172,6647
M-2022-6,133,155,11,0.0002233593242365172,6648
M-2022-6,149,111,12,0.00022326827543862914,6649
M-2022-6,149,160,12,0.00022326827543862914,6650
M-2022-6,175,86,10,0.00022238035936666075,6651
M-2022-6,59,51,2,0.0002221235006663705,6652
M-2022-6,59,96,2,0.0002221235006663705,6653
M-2022-6,59,117,2,0.0002221235006663705,6654
M-2022-6,86,43,5,0.00022198543775528326,6655
M-2022-6,86,49,5,0.00022198543775528326,6656
M-2022-6,86,77,5,0.00022198543775528326,6657
M-2022-6,86,124,5,0.00022198543775528326,6658
M-2022-6,86,136,5,0.00022198543775528326,6659
M-2022-6,134,28,2,0.0002218524681087077,6660
M-2022-6,134,53,2,0.0002218524681087077,6661
M-2022-6,134,112,2,0.0002218524681087077,6662
M-2022-6,134,142,2,0.0002218524681087077,6663
M-2022-6,134,143,2,0.0002218524681087077,6664
M-2022-6,134,162,2,0.0002218524681087077,6665
M-2022-6,134,170,2,0.0002218524681087077,6666
M-2022-6,134,175,2,0.0002218524681087077,6667
M-2022-6,82,149,15,0.0002209261223047013,6668
M-2022-6,82,158,15,0.0002209261223047013,6669
M-2022-6,68,1,1,0.00022055580061755624,6670
M-2022-6,68,11,1,0.00022055580061755624,6671
M-2022-6,68,12,1,0.00022055580061755624,6672
M-2022-6,68,23,1,0.00022055580061755624,6673
M-2022-6,68,34,1,0.00022055580061755624,6674
M-2022-6,68,53,1,0.00022055580061755624,6675
M-2022-6,68,56,1,0.00022055580061755624,6676
M-2022-6,68,69,1,0.00022055580061755624,6677
M-2022-6,68,72,1,0.00022055580061755624,6678
M-2022-6,68,75,1,0.00022055580061755624,6679
M-2022-6,68,81,1,0.00022055580061755624,6680
M-2022-6,68,82,1,0.00022055580061755624,6681
M-2022-6,68,105,1,0.00022055580061755624,6682
M-2022-6,68,114,1,0.00022055580061755624,6683
M-2022-6,68,135,1,0.00022055580061755624,6684
M-2022-6,68,147,1,0.00022055580061755624,6685
M-2022-6,68,149,1,0.00022055580061755624,6686
M-2022-6,68,159,1,0.00022055580061755624,6687
M-2022-6,68,165,1,0.00022055580061755624,6688
M-2022-6,68,172,1,0.00022055580061755624,6689
M-2022-6,68,177,1,0.00022055580061755624,6690
M-2022-6,124,172,7,0.0002197457228064668,6691
M-2022-6,61,14,3,0.00021973192704900023,6692
M-2022-6,61,24,3,0.00021973192704900023,6693
M-2022-6,61,25,3,0.00021973192704900023,6694
M-2022-6,61,28,3,0.00021973192704900023,6695
M-2022-6,61,88,3,0.00021973192704900023,6696
M-2022-6,61,90,3,0.00021973192704900023,6697
M-2022-6,61,96,3,0.00021973192704900023,6698
M-2022-6,61,106,3,0.00021973192704900023,6699
M-2022-6,61,130,3,0.00021973192704900023,6700
M-2022-6,61,131,3,0.00021973192704900023,6701
M-2022-6,61,132,3,0.00021973192704900023,6702
M-2022-6,61,138,3,0.00021973192704900023,6703
M-2022-6,142,17,11,0.0002186878727634195,6704
M-2022-6,142,68,11,0.0002186878727634195,6705
M-2022-6,142,137,11,0.0002186878727634195,6706
M-2022-6,142,143,11,0.0002186878727634195,6707
M-2022-6,101,133,12,0.00021643850440993453,6708
M-2022-6,122,52,12,0.00021578464692237147,6709
M-2022-6,122,130,12,0.00021578464692237147,6710
M-2022-6,71,14,30,0.00021545532892846883,6711
M-2022-6,71,136,30,0.00021545532892846883,6712
M-2022-6,1,28,2,0.00021519259737465033,6713
M-2022-6,1,34,2,0.00021519259737465033,6714
M-2022-6,1,46,2,0.00021519259737465033,6715
M-2022-6,1,66,2,0.00021519259737465033,6716
M-2022-6,1,74,2,0.00021519259737465033,6717
M-2022-6,1,86,2,0.00021519259737465033,6718
M-2022-6,1,128,2,0.00021519259737465033,6719
M-2022-6,1,149,2,0.00021519259737465033,6720
M-2022-6,1,158,2,0.00021519259737465033,6721
M-2022-6,1,176,2,0.00021519259737465033,6722
M-2022-6,117,52,16,0.0002143163309044149,6723
M-2022-6,31,13,2,0.00021413276231263382,6724
M-2022-6,31,26,2,0.00021413276231263382,6725
M-2022-6,31,30,2,0.00021413276231263382,6726
M-2022-6,31,60,2,0.00021413276231263382,6727
M-2022-6,31,75,2,0.00021413276231263382,6728
M-2022-6,31,149,2,0.00021413276231263382,6729
M-2022-6,77,46,15,0.00021376352054267432,6730
M-2022-6,77,87,15,0.00021376352054267432,6731
M-2022-6,96,71,11,0.00021362541754058883,6732
M-2022-6,96,75,11,0.00021362541754058883,6733
M-2022-6,96,102,11,0.00021362541754058883,6734
M-2022-6,131,17,8,0.00021266415014089,6735
M-2022-6,131,60,8,0.00021266415014089,6736
M-2022-6,131,129,8,0.00021266415014089,6737
M-2022-6,93,99,7,0.0002122112411326017,6738
M-2022-6,93,105,7,0.0002122112411326017,6739
M-2022-6,99,63,5,0.0002104111433741531,6740
M-2022-6,99,71,5,0.0002104111433741531,6741
M-2022-6,99,171,5,0.0002104111433741531,6742
M-2022-6,99,175,5,0.0002104111433741531,6743
M-2022-6,140,136,14,0.0002097912576985899,6744
M-2022-6,140,163,14,0.0002097912576985899,6745
M-2022-6,158,14,3,0.00020891364902506963,6746
M-2022-6,158,60,3,0.00020891364902506963,6747
M-2022-6,158,93,3,0.00020891364902506963,6748
M-2022-6,158,111,3,0.00020891364902506963,6749
M-2022-6,158,136,3,0.00020891364902506963,6750
M-2022-6,158,164,3,0.00020891364902506963,6751
M-2022-6,158,171,3,0.00020891364902506963,6752
M-2022-6,29,33,6,0.00020834056738081182,6753
M-2022-6,29,129,6,0.00020834056738081182,6754
M-2022-6,29,134,6,0.00020834056738081182,6755
M-2022-6,29,159,6,0.00020834056738081182,6756
M-2022-6,29,168,6,0.00020834056738081182,6757
M-2022-6,83,4,5,0.00020791749833666,6758
M-2022-6,83,19,5,0.00020791749833666,6759
M-2022-6,83,63,5,0.00020791749833666,6760
M-2022-6,83,86,5,0.00020791749833666,6761
M-2022-6,83,94,5,0.00020791749833666,6762
M-2022-6,83,98,5,0.00020791749833666,6763
M-2022-6,83,129,5,0.00020791749833666,6764
M-2022-6,83,138,5,0.00020791749833666,6765
M-2022-6,83,154,5,0.00020791749833666,6766
M-2022-6,19,22,4,0.00020703933747412008,6767
M-2022-6,19,54,4,0.00020703933747412008,6768
M-2022-6,19,68,4,0.00020703933747412008,6769
M-2022-6,19,111,4,0.00020703933747412008,6770
M-2022-6,19,134,4,0.00020703933747412008,6771
M-2022-6,19,171,4,0.00020703933747412008,6772
M-2022-6,60,25,5,0.00020643243466413443,6773
M-2022-6,18,77,6,0.00020551464291830793,6774
M-2022-6,18,129,6,0.00020551464291830793,6775
M-2022-6,18,136,6,0.00020551464291830793,6776
M-2022-6,18,142,6,0.00020551464291830793,6777
M-2022-6,18,155,6,0.00020551464291830793,6778
M-2022-6,76,17,2,0.00020510716849553892,6779
M-2022-6,76,86,2,0.00020510716849553892,6780
M-2022-6,76,99,2,0.00020510716849553892,6781
M-2022-6,76,129,2,0.00020510716849553892,6782
M-2022-6,76,170,2,0.00020510716849553892,6783
M-2022-6,149,134,11,0.00020466258581874338,6784
M-2022-6,78,81,10,0.00020421499754942003,6785
M-2022-6,51,1,4,0.0002022346933616462,6786
M-2022-6,51,10,4,0.0002022346933616462,6787
M-2022-6,51,74,4,0.0002022346933616462,6788
M-2022-6,51,106,4,0.0002022346933616462,6789
M-2022-6,51,143,4,0.0002022346933616462,6790
M-2022-6,51,172,4,0.0002022346933616462,6791
M-2022-6,71,2,28,0.00020109164033323758,6792
M-2022-6,117,151,15,0.00020092156022288898,6793
M-2022-6,156,9,6,0.00020066889632107025,6794
M-2022-6,156,67,6,0.00020066889632107025,6795
M-2022-6,156,76,6,0.00020066889632107025,6796
M-2022-6,156,77,6,0.00020066889632107025,6797
M-2022-6,156,131,6,0.00020066889632107025,6798
M-2022-6,153,26,14,0.0002003119142665007,6799
M-2022-6,153,39,14,0.0002003119142665007,6800
M-2022-6,153,87,14,0.0002003119142665007,6801
M-2022-6,153,112,14,0.0002003119142665007,6802
M-2022-6,153,132,14,0.0002003119142665007,6803
M-2022-6,153,168,14,0.0002003119142665007,6804
M-2022-6,175,51,9,0.00020014232342999467,6805
M-2022-6,175,93,9,0.00020014232342999467,6806
M-2022-6,138,50,8,0.00019923791497521978,6807
M-2022-6,138,105,8,0.00019923791497521978,6808
M-2022-6,168,0,1,0.0001988862370723946,6809
M-2022-6,168,1,1,0.0001988862370723946,6810
M-2022-6,168,2,1,0.0001988862370723946,6811
M-2022-6,168,9,1,0.0001988862370723946,6812
M-2022-6,168,10,1,0.0001988862370723946,6813
M-2022-6,168,17,1,0.0001988862370723946,6814
M-2022-6,168,22,1,0.0001988862370723946,6815
M-2022-6,168,24,1,0.0001988862370723946,6816
M-2022-6,168,50,1,0.0001988862370723946,6817
M-2022-6,168,61,1,0.0001988862370723946,6818
M-2022-6,168,62,1,0.0001988862370723946,6819
M-2022-6,168,74,1,0.0001988862370723946,6820
M-2022-6,168,77,1,0.0001988862370723946,6821
M-2022-6,168,85,1,0.0001988862370723946,6822
M-2022-6,168,90,1,0.0001988862370723946,6823
M-2022-6,168,112,1,0.0001988862370723946,6824
M-2022-6,168,127,1,0.0001988862370723946,6825
M-2022-6,168,134,1,0.0001988862370723946,6826
M-2022-6,168,156,1,0.0001988862370723946,6827
M-2022-6,168,163,1,0.0001988862370723946,6828
M-2022-6,168,171,1,0.0001988862370723946,6829
M-2022-6,101,53,11,0.00019840196237577332,6830
M-2022-6,101,107,11,0.00019840196237577332,6831
M-2022-6,25,56,11,0.00019830181536298246,6832
M-2022-6,122,74,11,0.00019780259301217386,6833
M-2022-6,75,46,5,0.00019552635695291724,6834
M-2022-6,75,156,5,0.00019552635695291724,6835
M-2022-6,140,28,13,0.00019480616786297635,6836
M-2022-6,140,63,13,0.00019480616786297635,6837
M-2022-6,96,86,10,0.00019420492503689893,6838
M-2022-6,96,98,10,0.00019420492503689893,6839
M-2022-6,96,135,10,0.00019420492503689893,6840
M-2022-6,100,87,3,0.00019259164152275792,6841
M-2022-6,100,98,3,0.00019259164152275792,6842
M-2022-6,100,149,3,0.00019259164152275792,6843
M-2022-6,100,155,3,0.00019259164152275792,6844
M-2022-6,100,170,3,0.00019259164152275792,6845
M-2022-6,129,66,6,0.00019256073686575308,6846
M-2022-6,129,128,6,0.00019256073686575308,6847
M-2022-6,129,131,6,0.00019256073686575308,6848
M-2022-6,129,138,6,0.00019256073686575308,6849
M-2022-6,129,158,6,0.00019256073686575308,6850
M-2022-6,49,116,6,0.00019173617102866456,6851
M-2022-6,49,132,6,0.00019173617102866456,6852
M-2022-6,49,148,6,0.00019173617102866456,6853
M-2022-6,49,172,6,0.00019173617102866456,6854
M-2022-6,97,87,8,0.00019054424199118733,6855
M-2022-6,124,29,6,0.00018835347669125726,6856
M-2022-6,124,68,6,0.00018835347669125726,6857
M-2022-6,124,140,6,0.00018835347669125726,6858
M-2022-6,124,168,6,0.00018835347669125726,6859
M-2022-6,117,17,14,0.00018752678954136304,6860
M-2022-6,117,110,14,0.00018752678954136304,6861
M-2022-6,117,166,14,0.00018752678954136304,6862
M-2022-6,63,24,2,0.0001866193897545955,6863
M-2022-6,63,36,2,0.0001866193897545955,6864
M-2022-6,63,38,2,0.0001866193897545955,6865
M-2022-6,63,54,2,0.0001866193897545955,6866
M-2022-6,63,88,2,0.0001866193897545955,6867
M-2022-6,63,96,2,0.0001866193897545955,6868
M-2022-6,63,101,2,0.0001866193897545955,6869
M-2022-6,63,104,2,0.0001866193897545955,6870
M-2022-6,63,108,2,0.0001866193897545955,6871
M-2022-6,63,111,2,0.0001866193897545955,6872
M-2022-6,63,123,2,0.0001866193897545955,6873
M-2022-6,63,127,2,0.0001866193897545955,6874
M-2022-6,63,139,2,0.0001866193897545955,6875
M-2022-6,63,157,2,0.0001866193897545955,6876
M-2022-6,63,159,2,0.0001866193897545955,6877
M-2022-6,63,160,2,0.0001866193897545955,6878
M-2022-6,73,28,5,0.00018652540476012832,6879
M-2022-6,131,115,7,0.00018608113137327876,6880
M-2022-6,131,135,7,0.00018608113137327876,6881
M-2022-6,149,9,10,0.00018605689619885762,6882
M-2022-6,149,50,10,0.00018605689619885762,6883
M-2022-6,153,17,13,0.00018600392039032208,6884
M-2022-6,153,81,13,0.00018600392039032208,6885
M-2022-6,136,12,4,0.00018577864474478658,6886
M-2022-6,136,13,4,0.00018577864474478658,6887
M-2022-6,136,24,4,0.00018577864474478658,6888
M-2022-6,136,68,4,0.00018577864474478658,6889
M-2022-6,136,77,4,0.00018577864474478658,6890
M-2022-6,136,99,4,0.00018577864474478658,6891
M-2022-6,136,131,4,0.00018577864474478658,6892
M-2022-6,77,122,13,0.00018526171780365109,6893
M-2022-6,66,8,1,0.0001841959845275373,6894
M-2022-6,66,22,1,0.0001841959845275373,6895
M-2022-6,66,50,1,0.0001841959845275373,6896
M-2022-6,66,53,1,0.0001841959845275373,6897
M-2022-6,66,55,1,0.0001841959845275373,6898
M-2022-6,66,60,1,0.0001841959845275373,6899
M-2022-6,66,69,1,0.0001841959845275373,6900
M-2022-6,66,75,1,0.0001841959845275373,6901
M-2022-6,66,79,1,0.0001841959845275373,6902
M-2022-6,66,83,1,0.0001841959845275373,6903
M-2022-6,66,90,1,0.0001841959845275373,6904
M-2022-6,66,97,1,0.0001841959845275373,6905
M-2022-6,66,99,1,0.0001841959845275373,6906
M-2022-6,66,100,1,0.0001841959845275373,6907
M-2022-6,66,102,1,0.0001841959845275373,6908
M-2022-6,66,106,1,0.0001841959845275373,6909
M-2022-6,66,107,1,0.0001841959845275373,6910
M-2022-6,66,109,1,0.0001841959845275373,6911
M-2022-6,66,112,1,0.0001841959845275373,6912
M-2022-6,66,113,1,0.0001841959845275373,6913
M-2022-6,66,134,1,0.0001841959845275373,6914
M-2022-6,66,135,1,0.0001841959845275373,6915
M-2022-6,66,138,1,0.0001841959845275373,6916
M-2022-6,66,147,1,0.0001841959845275373,6917
M-2022-6,66,158,1,0.0001841959845275373,6918
M-2022-6,66,161,1,0.0001841959845275373,6919
M-2022-6,66,173,1,0.0001841959845275373,6920
M-2022-6,66,175,1,0.0001841959845275373,6921
M-2022-6,78,70,9,0.00018379349779447802,6922
M-2022-6,133,175,9,0.0001827485380116959,6923
M-2022-6,93,11,6,0.00018189534954223005,6924
M-2022-6,93,159,6,0.00018189534954223005,6925
M-2022-6,132,16,3,0.0001815211472136504,6926
M-2022-6,132,17,3,0.0001815211472136504,6927
M-2022-6,132,42,3,0.0001815211472136504,6928
M-2022-6,132,82,3,0.0001815211472136504,6929
M-2022-6,132,127,3,0.0001815211472136504,6930
M-2022-6,132,139,3,0.0001815211472136504,6931
M-2022-6,132,149,3,0.0001815211472136504,6932
M-2022-6,132,153,3,0.0001815211472136504,6933
M-2022-6,87,0,2,0.00018057060310581438,6934
M-2022-6,87,13,2,0.00018057060310581438,6935
M-2022-6,87,29,2,0.00018057060310581438,6936
M-2022-6,87,51,2,0.00018057060310581438,6937
M-2022-6,87,52,2,0.00018057060310581438,6938
M-2022-6,87,63,2,0.00018057060310581438,6939
M-2022-6,87,79,2,0.00018057060310581438,6940
M-2022-6,87,84,2,0.00018057060310581438,6941
M-2022-6,87,85,2,0.00018057060310581438,6942
M-2022-6,87,116,2,0.00018057060310581438,6943
M-2022-6,87,137,2,0.00018057060310581438,6944
M-2022-6,87,151,2,0.00018057060310581438,6945
M-2022-6,87,153,2,0.00018057060310581438,6946
M-2022-6,87,155,2,0.00018057060310581438,6947
M-2022-6,87,175,2,0.00018057060310581438,6948
M-2022-6,87,176,2,0.00018057060310581438,6949
M-2022-6,101,29,10,0.00018036542034161212,6950
M-2022-6,25,19,10,0.00018027437760271132,6951
M-2022-6,25,29,10,0.00018027437760271132,6952
M-2022-6,25,77,10,0.00018027437760271132,6953
M-2022-6,25,90,10,0.00018027437760271132,6954
M-2022-6,25,97,10,0.00018027437760271132,6955
M-2022-6,25,158,10,0.00018027437760271132,6956
M-2022-6,72,0,3,0.00018021265092809516,6957
M-2022-6,72,122,3,0.00018021265092809516,6958
M-2022-6,72,124,3,0.00018021265092809516,6959
M-2022-6,72,141,3,0.00018021265092809516,6960
M-2022-6,140,15,12,0.00017982107802736277,6961
M-2022-6,140,53,12,0.00017982107802736277,6962
M-2022-6,122,116,10,0.00017982053910197622,6963
M-2022-6,165,5,1,0.0001795654516071108,6964
M-2022-6,165,48,1,0.0001795654516071108,6965
M-2022-6,165,82,1,0.0001795654516071108,6966
M-2022-6,165,83,1,0.0001795654516071108,6967
M-2022-6,165,96,1,0.0001795654516071108,6968
M-2022-6,165,129,1,0.0001795654516071108,6969
M-2022-6,165,134,1,0.0001795654516071108,6970
M-2022-6,165,141,1,0.0001795654516071108,6971
M-2022-6,165,155,1,0.0001795654516071108,6972
M-2022-6,165,158,1,0.0001795654516071108,6973
M-2022-6,165,170,1,0.0001795654516071108,6974
M-2022-6,165,177,1,0.0001795654516071108,6975
M-2022-6,71,156,25,0.0001795461074403907,6976
M-2022-6,142,52,9,0.00017892644135188867,6977
M-2022-6,142,86,9,0.00017892644135188867,6978
M-2022-6,142,87,9,0.00017892644135188867,6979
M-2022-6,142,138,9,0.00017892644135188867,6980
M-2022-6,142,149,9,0.00017892644135188867,6981
M-2022-6,142,172,9,0.00017892644135188867,6982
M-2022-6,90,2,1,0.0001783166904422254,6983
M-2022-6,90,4,1,0.0001783166904422254,6984
M-2022-6,90,16,1,0.0001783166904422254,6985
M-2022-6,90,51,1,0.0001783166904422254,6986
M-2022-6,90,56,1,0.0001783166904422254,6987
M-2022-6,90,61,1,0.0001783166904422254,6988
M-2022-6,90,76,1,0.0001783166904422254,6989
M-2022-6,90,97,1,0.0001783166904422254,6990
M-2022-6,90,99,1,0.0001783166904422254,6991
M-2022-6,90,108,1,0.0001783166904422254,6992
M-2022-6,90,117,1,0.0001783166904422254,6993
M-2022-6,90,137,1,0.0001783166904422254,6994
M-2022-6,90,142,1,0.0001783166904422254,6995
M-2022-6,90,150,1,0.0001783166904422254,6996
M-2022-6,90,153,1,0.0001783166904422254,6997
M-2022-6,90,156,1,0.0001783166904422254,6998
M-2022-6,90,168,1,0.0001783166904422254,6999
M-2022-6,171,4,1,0.00017793594306049823,7000
M-2022-6,171,12,1,0.00017793594306049823,7001
M-2022-6,171,24,1,0.00017793594306049823,7002
M-2022-6,171,25,1,0.00017793594306049823,7003
M-2022-6,171,35,1,0.00017793594306049823,7004
M-2022-6,171,45,1,0.00017793594306049823,7005
M-2022-6,171,47,1,0.00017793594306049823,7006
M-2022-6,171,54,1,0.00017793594306049823,7007
M-2022-6,171,64,1,0.00017793594306049823,7008
M-2022-6,171,68,1,0.00017793594306049823,7009
M-2022-6,171,75,1,0.00017793594306049823,7010
M-2022-6,171,87,1,0.00017793594306049823,7011
M-2022-6,171,88,1,0.00017793594306049823,7012
M-2022-6,171,97,1,0.00017793594306049823,7013
M-2022-6,171,107,1,0.00017793594306049823,7014
M-2022-6,171,111,1,0.00017793594306049823,7015
M-2022-6,171,118,1,0.00017793594306049823,7016
M-2022-6,171,122,1,0.00017793594306049823,7017
M-2022-6,171,123,1,0.00017793594306049823,7018
M-2022-6,171,126,1,0.00017793594306049823,7019
M-2022-6,171,129,1,0.00017793594306049823,7020
M-2022-6,171,131,1,0.00017793594306049823,7021
M-2022-6,171,135,1,0.00017793594306049823,7022
M-2022-6,171,146,1,0.00017793594306049823,7023
M-2022-6,171,157,1,0.00017793594306049823,7024
M-2022-6,171,158,1,0.00017793594306049823,7025
M-2022-6,171,163,1,0.00017793594306049823,7026
M-2022-6,171,166,1,0.00017793594306049823,7027
M-2022-6,175,32,8,0.0001779042874933286,7028
M-2022-6,86,13,4,0.0001775883502042266,7029
M-2022-6,86,25,4,0.0001775883502042266,7030
M-2022-6,86,68,4,0.0001775883502042266,7031
M-2022-6,86,87,4,0.0001775883502042266,7032
M-2022-6,86,99,4,0.0001775883502042266,7033
M-2022-6,86,101,4,0.0001775883502042266,7034
M-2022-6,82,32,12,0.00017674089784376105,7035
M-2022-6,95,117,10,0.00017655990677636923,7036
M-2022-6,96,172,9,0.00017478443253320905,7037
M-2022-6,138,53,7,0.0001743331756033173,7038
M-2022-6,138,62,7,0.0001743331756033173,7039
M-2022-6,138,71,7,0.0001743331756033173,7040
M-2022-6,138,82,7,0.0001743331756033173,7041
M-2022-6,138,132,7,0.0001743331756033173,7042
M-2022-6,138,170,7,0.0001743331756033173,7043
M-2022-6,117,3,13,0.00017413201885983713,7044
M-2022-6,117,59,13,0.00017413201885983713,7045
M-2022-6,117,107,13,0.00017413201885983713,7046
M-2022-6,117,108,13,0.00017413201885983713,7047
M-2022-6,115,66,3,0.00017394329448599757,7048
M-2022-6,115,89,3,0.00017394329448599757,7049
M-2022-6,115,127,3,0.00017394329448599757,7050
M-2022-6,29,14,5,0.00017361713948400986,7051
M-2022-6,29,74,5,0.00017361713948400986,7052
M-2022-6,74,2,1,0.0001734304543877905,7053
M-2022-6,74,14,1,0.0001734304543877905,7054
M-2022-6,74,36,1,0.0001734304543877905,7055
M-2022-6,74,37,1,0.0001734304543877905,7056
M-2022-6,74,53,1,0.0001734304543877905,7057
M-2022-6,74,73,1,0.0001734304543877905,7058
M-2022-6,74,78,1,0.0001734304543877905,7059
M-2022-6,74,100,1,0.0001734304543877905,7060
M-2022-6,74,124,1,0.0001734304543877905,7061
M-2022-6,74,135,1,0.0001734304543877905,7062
M-2022-6,74,138,1,0.0001734304543877905,7063
M-2022-6,74,160,1,0.0001734304543877905,7064
M-2022-6,74,172,1,0.0001734304543877905,7065
M-2022-6,28,3,3,0.00017272151534342795,7066
M-2022-6,28,24,3,0.00017272151534342795,7067
M-2022-6,28,45,3,0.00017272151534342795,7068
M-2022-6,28,62,3,0.00017272151534342795,7069
M-2022-6,28,67,3,0.00017272151534342795,7070
M-2022-6,28,84,3,0.00017272151534342795,7071
M-2022-6,28,105,3,0.00017272151534342795,7072
M-2022-6,28,120,3,0.00017272151534342795,7073
M-2022-6,28,134,3,0.00017272151534342795,7074
M-2022-6,28,144,3,0.00017272151534342795,7075
M-2022-6,28,152,3,0.00017272151534342795,7076
M-2022-6,28,175,3,0.00017272151534342795,7077
M-2022-6,153,138,12,0.00017169592651414346,7078
M-2022-6,18,46,5,0.00017126220243192326,7079
M-2022-6,18,124,5,0.00017126220243192326,7080
M-2022-6,77,51,12,0.00017101081643413946,7081
M-2022-6,77,53,12,0.00017101081643413946,7082
M-2022-6,77,83,12,0.00017101081643413946,7083
M-2022-6,77,158,12,0.00017101081643413946,7084
M-2022-6,17,21,2,0.00017006802721088434,7085
M-2022-6,17,50,2,0.00017006802721088434,7086
M-2022-6,17,71,2,0.00017006802721088434,7087
M-2022-6,17,86,2,0.00017006802721088434,7088
M-2022-6,17,107,2,0.00017006802721088434,7089
M-2022-6,17,111,2,0.00017006802721088434,7090
M-2022-6,17,136,2,0.00017006802721088434,7091
M-2022-6,108,2,2,0.00016919042382201166,7092
M-2022-6,108,25,2,0.00016919042382201166,7093
M-2022-6,108,31,2,0.00016919042382201166,7094
M-2022-6,108,49,2,0.00016919042382201166,7095
M-2022-6,108,60,2,0.00016919042382201166,7096
M-2022-6,108,64,2,0.00016919042382201166,7097
M-2022-6,108,77,2,0.00016919042382201166,7098
M-2022-6,108,86,2,0.00016919042382201166,7099
M-2022-6,108,93,2,0.00016919042382201166,7100
M-2022-6,108,96,2,0.00016919042382201166,7101
M-2022-6,99,13,4,0.00016832891469932248,7102
M-2022-6,99,14,4,0.00016832891469932248,7103
M-2022-6,99,18,4,0.00016832891469932248,7104
M-2022-6,99,49,4,0.00016832891469932248,7105
M-2022-6,99,54,4,0.00016832891469932248,7106
M-2022-6,99,60,4,0.00016832891469932248,7107
M-2022-6,99,77,4,0.00016832891469932248,7108
M-2022-6,99,90,4,0.00016832891469932248,7109
M-2022-6,99,100,4,0.00016832891469932248,7110
M-2022-6,99,153,4,0.00016832891469932248,7111
M-2022-6,62,1,2,0.000167897918065816,7112
M-2022-6,62,18,2,0.000167897918065816,7113
M-2022-6,62,25,2,0.000167897918065816,7114
M-2022-6,62,26,2,0.000167897918065816,7115
M-2022-6,62,45,2,0.000167897918065816,7116
M-2022-6,62,66,2,0.000167897918065816,7117
M-2022-6,62,85,2,0.000167897918065816,7118
M-2022-6,62,102,2,0.000167897918065816,7119
M-2022-6,62,111,2,0.000167897918065816,7120
M-2022-6,62,112,2,0.000167897918065816,7121
M-2022-6,62,131,2,0.000167897918065816,7122
M-2022-6,62,139,2,0.000167897918065816,7123
M-2022-6,62,154,2,0.000167897918065816,7124
M-2022-6,62,161,2,0.000167897918065816,7125
M-2022-6,62,169,2,0.000167897918065816,7126
M-2022-6,62,177,2,0.000167897918065816,7127
M-2022-6,149,19,9,0.00016745120657897186,7128
M-2022-6,149,87,9,0.00016745120657897186,7129
M-2022-6,149,112,9,0.00016745120657897186,7130
M-2022-6,149,129,9,0.00016745120657897186,7131
M-2022-6,149,142,9,0.00016745120657897186,7132
M-2022-6,149,166,9,0.00016745120657897186,7133
M-2022-6,156,17,5,0.00016722408026755852,7134
M-2022-6,156,36,5,0.00016722408026755852,7135
M-2022-6,156,53,5,0.00016722408026755852,7136
M-2022-6,156,72,5,0.00016722408026755852,7137
M-2022-6,97,28,7,0.00016672621174228892,7138
M-2022-6,83,29,4,0.00016633399866932801,7139
M-2022-6,83,102,4,0.00016633399866932801,7140
M-2022-6,83,106,4,0.00016633399866932801,7141
M-2022-6,83,111,4,0.00016633399866932801,7142
M-2022-6,83,125,4,0.00016633399866932801,7143
M-2022-6,83,139,4,0.00016633399866932801,7144
M-2022-6,83,140,4,0.00016633399866932801,7145
M-2022-6,71,28,23,0.00016518241884515945,7146
M-2022-6,71,122,23,0.00016518241884515945,7147
M-2022-6,71,133,23,0.00016518241884515945,7148
M-2022-6,60,1,4,0.00016514594773130755,7149
M-2022-6,60,54,4,0.00016514594773130755,7150
M-2022-6,60,68,4,0.00016514594773130755,7151
M-2022-6,60,77,4,0.00016514594773130755,7152
M-2022-6,60,122,4,0.00016514594773130755,7153
M-2022-6,60,168,4,0.00016514594773130755,7154
M-2022-6,140,52,11,0.00016483598819174922,7155
M-2022-6,140,92,11,0.00016483598819174922,7156
M-2022-6,140,151,11,0.00016483598819174922,7157
M-2022-6,140,170,11,0.00016483598819174922,7158
M-2022-6,146,14,1,0.00016377333770062233,7159
M-2022-6,146,16,1,0.00016377333770062233,7160
M-2022-6,146,18,1,0.00016377333770062233,7161
M-2022-6,146,46,1,0.00016377333770062233,7162
M-2022-6,146,63,1,0.00016377333770062233,7163
M-2022-6,146,71,1,0.00016377333770062233,7164
M-2022-6,146,76,1,0.00016377333770062233,7165
M-2022-6,146,93,1,0.00016377333770062233,7166
M-2022-6,146,122,1,0.00016377333770062233,7167
M-2022-6,146,125,1,0.00016377333770062233,7168
M-2022-6,146,145,1,0.00016377333770062233,7169
M-2022-6,146,153,1,0.00016377333770062233,7170
M-2022-6,146,163,1,0.00016377333770062233,7171
M-2022-6,146,169,1,0.00016377333770062233,7172
M-2022-6,146,175,1,0.00016377333770062233,7173
M-2022-6,133,10,8,0.00016244314489928524,7174
M-2022-6,133,19,8,0.00016244314489928524,7175
M-2022-6,133,66,8,0.00016244314489928524,7176
M-2022-6,25,18,9,0.0001622469398424402,7177
M-2022-6,25,140,9,0.0001622469398424402,7178
M-2022-6,25,168,9,0.0001622469398424402,7179
M-2022-6,82,2,11,0.00016201248969011428,7180
M-2022-6,82,31,11,0.00016201248969011428,7181
M-2022-6,127,36,1,0.00016189088554314392,7182
M-2022-6,127,39,1,0.00016189088554314392,7183
M-2022-6,127,43,1,0.00016189088554314392,7184
M-2022-6,127,76,1,0.00016189088554314392,7185
M-2022-6,127,82,1,0.00016189088554314392,7186
M-2022-6,127,88,1,0.00016189088554314392,7187
M-2022-6,127,89,1,0.00016189088554314392,7188
M-2022-6,127,90,1,0.00016189088554314392,7189
M-2022-6,127,99,1,0.00016189088554314392,7190
M-2022-6,127,102,1,0.00016189088554314392,7191
M-2022-6,127,125,1,0.00016189088554314392,7192
M-2022-6,127,132,1,0.00016189088554314392,7193
M-2022-6,127,139,1,0.00016189088554314392,7194
M-2022-6,127,148,1,0.00016189088554314392,7195
M-2022-6,127,159,1,0.00016189088554314392,7196
M-2022-6,127,160,1,0.00016189088554314392,7197
M-2022-6,127,162,1,0.00016189088554314392,7198
M-2022-6,127,175,1,0.00016189088554314392,7199
M-2022-6,122,17,9,0.0001618384851917786,7200
M-2022-6,122,111,9,0.0001618384851917786,7201
M-2022-6,117,8,12,0.0001607372481783112,7202
M-2022-6,117,12,12,0.0001607372481783112,7203
M-2022-6,117,13,12,0.0001607372481783112,7204
M-2022-6,117,163,12,0.0001607372481783112,7205
M-2022-6,129,21,5,0.00016046728072146088,7206
M-2022-6,129,93,5,0.00016046728072146088,7207
M-2022-6,129,122,5,0.00016046728072146088,7208
M-2022-6,129,139,5,0.00016046728072146088,7209
M-2022-6,129,147,5,0.00016046728072146088,7210
M-2022-6,49,50,5,0.00015978014252388713,7211
M-2022-6,49,66,5,0.00015978014252388713,7212
M-2022-6,49,68,5,0.00015978014252388713,7213
M-2022-6,49,76,5,0.00015978014252388713,7214
M-2022-6,49,122,5,0.00015978014252388713,7215
M-2022-6,131,136,6,0.0001594981126056675,7216
M-2022-6,131,138,6,0.0001594981126056675,7217
M-2022-6,131,149,6,0.0001594981126056675,7218
M-2022-6,131,156,6,0.0001594981126056675,7219
M-2022-6,142,20,8,0.00015904572564612326,7220
M-2022-6,142,166,8,0.00015904572564612326,7221
M-2022-6,95,138,9,0.0001589039160987323,7222
M-2022-6,71,63,22,0.0001580005745475438,7223
M-2022-6,153,8,11,0.00015738793263796484,7224
M-2022-6,124,18,5,0.0001569612305760477,7225
M-2022-6,124,50,5,0.0001569612305760477,7226
M-2022-6,124,83,5,0.0001569612305760477,7227
M-2022-6,124,176,5,0.0001569612305760477,7228
M-2022-6,77,25,11,0.00015675991506462783,7229
M-2022-6,77,70,11,0.00015675991506462783,7230
M-2022-6,77,124,11,0.00015675991506462783,7231
M-2022-6,75,51,4,0.00015642108556233381,7232
M-2022-6,75,90,4,0.00015642108556233381,7233
M-2022-6,75,120,4,0.00015642108556233381,7234
M-2022-6,102,133,11,0.00015610365282547612,7235
M-2022-6,175,50,7,0.00015566625155666251,7236
M-2022-6,175,70,7,0.00015566625155666251,7237
M-2022-6,175,97,7,0.00015566625155666251,7238
M-2022-6,96,18,8,0.00015536394002951915,7239
M-2022-6,96,87,8,0.00015536394002951915,7240
M-2022-6,19,8,3,0.00015527950310559007,7241
M-2022-6,19,11,3,0.00015527950310559007,7242
M-2022-6,19,28,3,0.00015527950310559007,7243
M-2022-6,19,55,3,0.00015527950310559007,7244
M-2022-6,19,60,3,0.00015527950310559007,7245
M-2022-6,19,61,3,0.00015527950310559007,7246
M-2022-6,19,95,3,0.00015527950310559007,7247
M-2022-6,19,112,3,0.00015527950310559007,7248
M-2022-6,19,158,3,0.00015527950310559007,7249
M-2022-6,19,170,3,0.00015527950310559007,7250
M-2022-6,19,172,3,0.00015527950310559007,7251
M-2022-6,19,176,3,0.00015527950310559007,7252
M-2022-6,148,14,1,0.000154273372415921,7253
M-2022-6,148,17,1,0.000154273372415921,7254
M-2022-6,148,29,1,0.000154273372415921,7255
M-2022-6,148,53,1,0.000154273372415921,7256
M-2022-6,148,57,1,0.000154273372415921,7257
M-2022-6,148,69,1,0.000154273372415921,7258
M-2022-6,148,75,1,0.000154273372415921,7259
M-2022-6,148,77,1,0.000154273372415921,7260
M-2022-6,148,80,1,0.000154273372415921,7261
M-2022-6,148,95,1,0.000154273372415921,7262
M-2022-6,148,96,1,0.000154273372415921,7263
M-2022-6,148,99,1,0.000154273372415921,7264
M-2022-6,148,114,1,0.000154273372415921,7265
M-2022-6,148,149,1,0.000154273372415921,7266
M-2022-6,148,156,1,0.000154273372415921,7267
M-2022-6,148,170,1,0.000154273372415921,7268
M-2022-6,148,171,1,0.000154273372415921,7269
M-2022-6,51,16,3,0.00015167602002123465,7270
M-2022-6,51,40,3,0.00015167602002123465,7271
M-2022-6,51,71,3,0.00015167602002123465,7272
M-2022-6,51,84,3,0.00015167602002123465,7273
M-2022-6,51,91,3,0.00015167602002123465,7274
M-2022-6,51,96,3,0.00015167602002123465,7275
M-2022-6,51,125,3,0.00015167602002123465,7276
M-2022-6,51,139,3,0.00015167602002123465,7277
M-2022-6,51,175,3,0.00015167602002123465,7278
M-2022-6,93,22,5,0.00015157945795185837,7279
M-2022-6,93,23,5,0.00015157945795185837,7280
M-2022-6,93,54,5,0.00015157945795185837,7281
M-2022-6,93,62,5,0.00015157945795185837,7282
M-2022-6,93,88,5,0.00015157945795185837,7283
M-2022-6,93,112,5,0.00015157945795185837,7284
M-2022-6,93,176,5,0.00015157945795185837,7285
M-2022-6,140,83,10,0.00014985089835613564,7286
M-2022-6,140,106,10,0.00014985089835613564,7287
M-2022-6,23,21,2,0.00014954389113204725,7288
M-2022-6,23,35,2,0.00014954389113204725,7289
M-2022-6,23,53,2,0.00014954389113204725,7290
M-2022-6,23,136,2,0.00014954389113204725,7291
M-2022-6,23,138,2,0.00014954389113204725,7292
M-2022-6,23,173,2,0.00014954389113204725,7293
M-2022-6,138,22,6,0.00014942843623141485,7294
M-2022-6,138,91,6,0.00014942843623141485,7295
M-2022-6,138,107,6,0.00014942843623141485,7296
M-2022-6,138,129,6,0.00014942843623141485,7297
M-2022-6,73,117,4,0.00014922032380810266,7298
M-2022-6,73,142,4,0.00014922032380810266,7299
M-2022-6,149,53,8,0.0001488455169590861,7300
M-2022-6,149,107,8,0.0001488455169590861,7301
M-2022-6,172,3,1,0.00014854426619132502,7302
M-2022-6,172,8,1,0.00014854426619132502,7303
M-2022-6,172,14,1,0.00014854426619132502,7304
M-2022-6,172,41,1,0.00014854426619132502,7305
M-2022-6,172,48,1,0.00014854426619132502,7306
M-2022-6,172,49,1,0.00014854426619132502,7307
M-2022-6,172,52,1,0.00014854426619132502,7308
M-2022-6,172,54,1,0.00014854426619132502,7309
M-2022-6,172,55,1,0.00014854426619132502,7310
M-2022-6,172,57,1,0.00014854426619132502,7311
M-2022-6,172,60,1,0.00014854426619132502,7312
M-2022-6,172,65,1,0.00014854426619132502,7313
M-2022-6,172,75,1,0.00014854426619132502,7314
M-2022-6,172,78,1,0.00014854426619132502,7315
M-2022-6,172,88,1,0.00014854426619132502,7316
M-2022-6,172,104,1,0.00014854426619132502,7317
M-2022-6,172,116,1,0.00014854426619132502,7318
M-2022-6,172,135,1,0.00014854426619132502,7319
M-2022-6,172,137,1,0.00014854426619132502,7320
M-2022-6,172,151,1,0.00014854426619132502,7321
M-2022-6,172,160,1,0.00014854426619132502,7322
M-2022-6,172,166,1,0.00014854426619132502,7323
M-2022-6,172,171,1,0.00014854426619132502,7324
M-2022-6,130,0,1,0.00014757969303423848,7325
M-2022-6,130,1,1,0.00014757969303423848,7326
M-2022-6,130,3,1,0.00014757969303423848,7327
M-2022-6,130,9,1,0.00014757969303423848,7328
M-2022-6,130,12,1,0.00014757969303423848,7329
M-2022-6,130,19,1,0.00014757969303423848,7330
M-2022-6,130,29,1,0.00014757969303423848,7331
M-2022-6,130,32,1,0.00014757969303423848,7332
M-2022-6,130,43,1,0.00014757969303423848,7333
M-2022-6,130,48,1,0.00014757969303423848,7334
M-2022-6,130,50,1,0.00014757969303423848,7335
M-2022-6,130,55,1,0.00014757969303423848,7336
M-2022-6,130,66,1,0.00014757969303423848,7337
M-2022-6,130,77,1,0.00014757969303423848,7338
M-2022-6,130,80,1,0.00014757969303423848,7339
M-2022-6,130,84,1,0.00014757969303423848,7340
M-2022-6,130,88,1,0.00014757969303423848,7341
M-2022-6,130,95,1,0.00014757969303423848,7342
M-2022-6,130,99,1,0.00014757969303423848,7343
M-2022-6,130,102,1,0.00014757969303423848,7344
M-2022-6,130,115,1,0.00014757969303423848,7345
M-2022-6,130,118,1,0.00014757969303423848,7346
M-2022-6,130,123,1,0.00014757969303423848,7347
M-2022-6,130,125,1,0.00014757969303423848,7348
M-2022-6,130,132,1,0.00014757969303423848,7349
M-2022-6,130,133,1,0.00014757969303423848,7350
M-2022-6,130,135,1,0.00014757969303423848,7351
M-2022-6,130,138,1,0.00014757969303423848,7352
M-2022-6,130,141,1,0.00014757969303423848,7353
M-2022-6,130,148,1,0.00014757969303423848,7354
M-2022-6,130,151,1,0.00014757969303423848,7355
M-2022-6,130,165,1,0.00014757969303423848,7356
M-2022-6,98,96,9,0.00014753856494155833,7357
M-2022-6,117,22,11,0.00014734247749678526,7358
M-2022-6,117,66,11,0.00014734247749678526,7359
M-2022-6,117,123,11,0.00014734247749678526,7360
M-2022-6,117,158,11,0.00014734247749678526,7361
M-2022-6,117,160,11,0.00014734247749678526,7362
M-2022-6,82,86,10,0.00014728408153646754,7363
M-2022-6,82,155,10,0.00014728408153646754,7364
M-2022-6,61,8,2,0.00014648795136600013,7365
M-2022-6,61,13,2,0.00014648795136600013,7366
M-2022-6,61,18,2,0.00014648795136600013,7367
M-2022-6,61,21,2,0.00014648795136600013,7368
M-2022-6,61,22,2,0.00014648795136600013,7369
M-2022-6,61,45,2,0.00014648795136600013,7370
M-2022-6,61,64,2,0.00014648795136600013,7371
M-2022-6,61,75,2,0.00014648795136600013,7372
M-2022-6,61,78,2,0.00014648795136600013,7373
M-2022-6,61,101,2,0.00014648795136600013,7374
M-2022-6,61,104,2,0.00014648795136600013,7375
M-2022-6,61,105,2,0.00014648795136600013,7376
M-2022-6,61,111,2,0.00014648795136600013,7377
M-2022-6,61,119,2,0.00014648795136600013,7378
M-2022-6,61,127,2,0.00014648795136600013,7379
M-2022-6,61,159,2,0.00014648795136600013,7380
M-2022-6,61,169,2,0.00014648795136600013,7381
M-2022-6,81,2,1,0.00014624159110851126,7382
M-2022-6,81,75,1,0.00014624159110851126,7383
M-2022-6,81,77,1,0.00014624159110851126,7384
M-2022-6,81,93,1,0.00014624159110851126,7385
M-2022-6,81,131,1,0.00014624159110851126,7386
M-2022-6,81,149,1,0.00014624159110851126,7387
M-2022-6,81,156,1,0.00014624159110851126,7388
M-2022-6,54,4,1,0.00014594279042615295,7389
M-2022-6,54,32,1,0.00014594279042615295,7390
M-2022-6,54,33,1,0.00014594279042615295,7391
M-2022-6,54,62,1,0.00014594279042615295,7392
M-2022-6,54,64,1,0.00014594279042615295,7393
M-2022-6,54,67,1,0.00014594279042615295,7394
M-2022-6,54,69,1,0.00014594279042615295,7395
M-2022-6,54,71,1,0.00014594279042615295,7396
M-2022-6,54,77,1,0.00014594279042615295,7397
M-2022-6,54,82,1,0.00014594279042615295,7398
M-2022-6,54,87,1,0.00014594279042615295,7399
M-2022-6,54,89,1,0.00014594279042615295,7400
M-2022-6,54,97,1,0.00014594279042615295,7401
M-2022-6,54,126,1,0.00014594279042615295,7402
M-2022-6,54,132,1,0.00014594279042615295,7403
M-2022-6,54,134,1,0.00014594279042615295,7404
M-2022-6,54,135,1,0.00014594279042615295,7405
M-2022-6,54,136,1,0.00014594279042615295,7406
M-2022-6,54,143,1,0.00014594279042615295,7407
M-2022-6,54,158,1,0.00014594279042615295,7408
M-2022-6,54,176,1,0.00014594279042615295,7409
M-2022-6,46,14,1,0.00014585764294049007,7410
M-2022-6,46,15,1,0.00014585764294049007,7411
M-2022-6,46,30,1,0.00014585764294049007,7412
M-2022-6,46,37,1,0.00014585764294049007,7413
M-2022-6,46,53,1,0.00014585764294049007,7414
M-2022-6,46,64,1,0.00014585764294049007,7415
M-2022-6,46,69,1,0.00014585764294049007,7416
M-2022-6,46,88,1,0.00014585764294049007,7417
M-2022-6,46,90,1,0.00014585764294049007,7418
M-2022-6,46,100,1,0.00014585764294049007,7419
M-2022-6,46,126,1,0.00014585764294049007,7420
M-2022-6,46,131,1,0.00014585764294049007,7421
M-2022-6,46,132,1,0.00014585764294049007,7422
M-2022-6,46,148,1,0.00014585764294049007,7423
M-2022-6,46,158,1,0.00014585764294049007,7424
M-2022-6,25,0,8,0.00014421950208216906,7425
M-2022-6,25,75,8,0.00014421950208216906,7426
M-2022-6,25,80,8,0.00014421950208216906,7427
M-2022-6,25,83,8,0.00014421950208216906,7428
M-2022-6,25,91,8,0.00014421950208216906,7429
M-2022-6,25,110,8,0.00014421950208216906,7430
M-2022-6,25,111,8,0.00014421950208216906,7431
M-2022-6,25,114,8,0.00014421950208216906,7432
M-2022-6,122,14,8,0.000143856431281581,7433
M-2022-6,122,93,8,0.000143856431281581,7434
M-2022-6,122,176,8,0.000143856431281581,7435
M-2022-6,153,4,10,0.00014307993876178622,7436
M-2022-6,153,66,10,0.00014307993876178622,7437
M-2022-6,153,75,10,0.00014307993876178622,7438
M-2022-6,153,76,10,0.00014307993876178622,7439
M-2022-6,153,78,10,0.00014307993876178622,7440
M-2022-6,78,2,7,0.000142950498284594,7441
M-2022-6,78,133,7,0.000142950498284594,7442
M-2022-6,77,111,10,0.00014250901369511622,7443
M-2022-6,133,122,7,0.00014213775178687459,7444
M-2022-6,133,125,7,0.00014213775178687459,7445
M-2022-6,133,135,7,0.00014213775178687459,7446
M-2022-6,133,171,7,0.00014213775178687459,7447
M-2022-6,102,97,10,0.00014191241165952375,7448
M-2022-6,102,125,10,0.00014191241165952375,7449
M-2022-6,95,49,8,0.00014124792542109538,7450
M-2022-6,95,175,8,0.00014124792542109538,7451
M-2022-6,79,25,3,0.00014002987303958177,7452
M-2022-6,79,70,3,0.00014002987303958177,7453
M-2022-6,79,101,3,0.00014002987303958177,7454
M-2022-6,79,141,3,0.00014002987303958177,7455
M-2022-6,79,156,3,0.00014002987303958177,7456
M-2022-6,79,158,3,0.00014002987303958177,7457
M-2022-6,136,11,3,0.00013933398355858994,7458
M-2022-6,136,17,3,0.00013933398355858994,7459
M-2022-6,136,50,3,0.00013933398355858994,7460
M-2022-6,136,51,3,0.00013933398355858994,7461
M-2022-6,136,67,3,0.00013933398355858994,7462
M-2022-6,136,96,3,0.00013933398355858994,7463
M-2022-6,136,115,3,0.00013933398355858994,7464
M-2022-6,136,128,3,0.00013933398355858994,7465
M-2022-6,136,148,3,0.00013933398355858994,7466
M-2022-6,158,12,2,0.0001392757660167131,7467
M-2022-6,158,26,2,0.0001392757660167131,7468
M-2022-6,158,32,2,0.0001392757660167131,7469
M-2022-6,158,99,2,0.0001392757660167131,7470
M-2022-6,158,110,2,0.0001392757660167131,7471
M-2022-6,158,112,2,0.0001392757660167131,7472
M-2022-6,158,115,2,0.0001392757660167131,7473
M-2022-6,158,120,2,0.0001392757660167131,7474
M-2022-6,158,138,2,0.0001392757660167131,7475
M-2022-6,158,139,2,0.0001392757660167131,7476
M-2022-6,158,159,2,0.0001392757660167131,7477
M-2022-6,158,165,2,0.0001392757660167131,7478
M-2022-6,158,176,2,0.0001392757660167131,7479
M-2022-6,142,12,7,0.00013916500994035785,7480
M-2022-6,142,76,7,0.00013916500994035785,7481
M-2022-6,29,51,4,0.0001388937115872079,7482
M-2022-6,29,97,4,0.0001388937115872079,7483
M-2022-6,29,116,4,0.0001388937115872079,7484
M-2022-6,29,127,4,0.0001388937115872079,7485
M-2022-6,29,140,4,0.0001388937115872079,7486
M-2022-6,29,162,4,0.0001388937115872079,7487
M-2022-6,18,53,4,0.00013700976194553862,7488
M-2022-6,18,74,4,0.00013700976194553862,7489
M-2022-6,18,86,4,0.00013700976194553862,7490
M-2022-6,18,87,4,0.00013700976194553862,7491
M-2022-6,18,115,4,0.00013700976194553862,7492
M-2022-6,24,11,1,0.00013596193065941537,7493
M-2022-6,24,12,1,0.00013596193065941537,7494
M-2022-6,24,21,1,0.00013596193065941537,7495
M-2022-6,24,29,1,0.00013596193065941537,7496
M-2022-6,24,82,1,0.00013596193065941537,7497
M-2022-6,24,101,1,0.00013596193065941537,7498
M-2022-6,24,110,1,0.00013596193065941537,7499
M-2022-6,24,115,1,0.00013596193065941537,7500
M-2022-6,24,116,1,0.00013596193065941537,7501
M-2022-6,24,122,1,0.00013596193065941537,7502
M-2022-6,24,124,1,0.00013596193065941537,7503
M-2022-6,24,127,1,0.00013596193065941537,7504
M-2022-6,24,131,1,0.00013596193065941537,7505
M-2022-6,24,135,1,0.00013596193065941537,7506
M-2022-6,24,166,1,0.00013596193065941537,7507
M-2022-6,24,175,1,0.00013596193065941537,7508
M-2022-6,96,74,7,0.00013594344752582924,7509
M-2022-6,96,115,7,0.00013594344752582924,7510
M-2022-6,96,116,7,0.00013594344752582924,7511
M-2022-6,96,118,7,0.00013594344752582924,7512
M-2022-6,96,127,7,0.00013594344752582924,7513
M-2022-6,96,132,7,0.00013594344752582924,7514
M-2022-6,96,166,7,0.00013594344752582924,7515
M-2022-6,140,13,9,0.0001348658085205221,7516
M-2022-6,117,61,10,0.00013394770681525933,7517
M-2022-6,117,94,10,0.00013394770681525933,7518
M-2022-6,117,114,10,0.00013394770681525933,7519
M-2022-6,117,134,10,0.00013394770681525933,7520
M-2022-6,117,137,10,0.00013394770681525933,7521
M-2022-6,117,147,10,0.00013394770681525933,7522
M-2022-6,156,26,4,0.00013377926421404682,7523
M-2022-6,156,66,4,0.00013377926421404682,7524
M-2022-6,156,79,4,0.00013377926421404682,7525
M-2022-6,156,112,4,0.00013377926421404682,7526
M-2022-6,156,159,4,0.00013377926421404682,7527
M-2022-6,156,166,4,0.00013377926421404682,7528
M-2022-6,175,14,6,0.00013342821561999644,7529
M-2022-6,2,13,1,0.00013324450366422385,7530
M-2022-6,2,20,1,0.00013324450366422385,7531
M-2022-6,2,22,1,0.00013324450366422385,7532
M-2022-6,2,24,1,0.00013324450366422385,7533
M-2022-6,2,43,1,0.00013324450366422385,7534
M-2022-6,2,48,1,0.00013324450366422385,7535
M-2022-6,2,55,1,0.00013324450366422385,7536
M-2022-6,2,62,1,0.00013324450366422385,7537
M-2022-6,2,67,1,0.00013324450366422385,7538
M-2022-6,2,75,1,0.00013324450366422385,7539
M-2022-6,2,79,1,0.00013324450366422385,7540
M-2022-6,2,86,1,0.00013324450366422385,7541
M-2022-6,2,107,1,0.00013324450366422385,7542
M-2022-6,2,109,1,0.00013324450366422385,7543
M-2022-6,2,112,1,0.00013324450366422385,7544
M-2022-6,2,115,1,0.00013324450366422385,7545
M-2022-6,2,126,1,0.00013324450366422385,7546
M-2022-6,2,132,1,0.00013324450366422385,7547
M-2022-6,2,137,1,0.00013324450366422385,7548
M-2022-6,2,138,1,0.00013324450366422385,7549
M-2022-6,86,14,3,0.00013319126265316994,7550
M-2022-6,86,19,3,0.00013319126265316994,7551
M-2022-6,86,54,3,0.00013319126265316994,7552
M-2022-6,86,74,3,0.00013319126265316994,7553
M-2022-6,86,112,3,0.00013319126265316994,7554
M-2022-6,86,125,3,0.00013319126265316994,7555
M-2022-6,86,128,3,0.00013319126265316994,7556
M-2022-6,86,131,3,0.00013319126265316994,7557
M-2022-6,86,132,3,0.00013319126265316994,7558
M-2022-6,86,146,3,0.00013319126265316994,7559
M-2022-6,86,148,3,0.00013319126265316994,7560
M-2022-6,86,158,3,0.00013319126265316994,7561
M-2022-6,131,134,5,0.00013291509383805625,7562
M-2022-6,82,110,9,0.0001325556733828208,7563
M-2022-6,155,3,1,0.00013130252100840336,7564
M-2022-6,155,10,1,0.00013130252100840336,7565
M-2022-6,155,15,1,0.00013130252100840336,7566
M-2022-6,155,21,1,0.00013130252100840336,7567
M-2022-6,155,24,1,0.00013130252100840336,7568
M-2022-6,155,38,1,0.00013130252100840336,7569
M-2022-6,155,58,1,0.00013130252100840336,7570
M-2022-6,155,78,1,0.00013130252100840336,7571
M-2022-6,155,84,1,0.00013130252100840336,7572
M-2022-6,155,88,1,0.00013130252100840336,7573
M-2022-6,155,92,1,0.00013130252100840336,7574
M-2022-6,155,94,1,0.00013130252100840336,7575
M-2022-6,155,96,1,0.00013130252100840336,7576
M-2022-6,155,100,1,0.00013130252100840336,7577
M-2022-6,155,101,1,0.00013130252100840336,7578
M-2022-6,155,104,1,0.00013130252100840336,7579
M-2022-6,155,108,1,0.00013130252100840336,7580
M-2022-6,155,109,1,0.00013130252100840336,7581
M-2022-6,155,111,1,0.00013130252100840336,7582
M-2022-6,155,118,1,0.00013130252100840336,7583
M-2022-6,155,119,1,0.00013130252100840336,7584
M-2022-6,155,122,1,0.00013130252100840336,7585
M-2022-6,155,134,1,0.00013130252100840336,7586
M-2022-6,155,159,1,0.00013130252100840336,7587
M-2022-6,56,3,1,0.000131250820317627,7588
M-2022-6,56,16,1,0.000131250820317627,7589
M-2022-6,56,61,1,0.000131250820317627,7590
M-2022-6,56,66,1,0.000131250820317627,7591
M-2022-6,56,85,1,0.000131250820317627,7592
M-2022-6,56,111,1,0.000131250820317627,7593
M-2022-6,56,124,1,0.000131250820317627,7594
M-2022-6,56,152,1,0.000131250820317627,7595
M-2022-6,56,161,1,0.000131250820317627,7596
M-2022-6,98,100,8,0.00013114539105916296,7597
M-2022-6,110,3,1,0.00013025921583952066,7598
M-2022-6,110,4,1,0.00013025921583952066,7599
M-2022-6,110,18,1,0.00013025921583952066,7600
M-2022-6,110,24,1,0.00013025921583952066,7601
M-2022-6,110,33,1,0.00013025921583952066,7602
M-2022-6,110,45,1,0.00013025921583952066,7603
M-2022-6,110,51,1,0.00013025921583952066,7604
M-2022-6,110,74,1,0.00013025921583952066,7605
M-2022-6,110,84,1,0.00013025921583952066,7606
M-2022-6,110,88,1,0.00013025921583952066,7607
M-2022-6,110,93,1,0.00013025921583952066,7608
M-2022-6,110,97,1,0.00013025921583952066,7609
M-2022-6,110,99,1,0.00013025921583952066,7610
M-2022-6,110,123,1,0.00013025921583952066,7611
M-2022-6,110,134,1,0.00013025921583952066,7612
M-2022-6,110,138,1,0.00013025921583952066,7613
M-2022-6,110,143,1,0.00013025921583952066,7614
M-2022-6,110,158,1,0.00013025921583952066,7615
M-2022-6,110,160,1,0.00013025921583952066,7616
M-2022-6,110,176,1,0.00013025921583952066,7617
M-2022-6,149,46,7,0.00013023982733920033,7618
M-2022-6,149,88,7,0.00013023982733920033,7619
M-2022-6,149,132,7,0.00013023982733920033,7620
M-2022-6,149,135,7,0.00013023982733920033,7621
M-2022-6,149,136,7,0.00013023982733920033,7622
M-2022-6,149,157,7,0.00013023982733920033,7623
M-2022-6,149,162,7,0.00013023982733920033,7624
M-2022-6,149,168,7,0.00013023982733920033,7625
M-2022-6,71,40,18,0.0001292731973570813,7626
M-2022-6,153,13,9,0.0001287719448856076,7627
M-2022-6,153,29,9,0.0001287719448856076,7628
M-2022-6,153,62,9,0.0001287719448856076,7629
M-2022-6,153,79,9,0.0001287719448856076,7630
M-2022-6,100,28,2,0.0001283944276818386,7631
M-2022-6,100,90,2,0.0001283944276818386,7632
M-2022-6,129,36,4,0.0001283738245771687,7633
M-2022-6,129,50,4,0.0001283738245771687,7634
M-2022-6,129,82,4,0.0001283738245771687,7635
M-2022-6,129,100,4,0.0001283738245771687,7636
M-2022-6,129,105,4,0.0001283738245771687,7637
M-2022-6,129,115,4,0.0001283738245771687,7638
M-2022-6,129,132,4,0.0001283738245771687,7639
M-2022-6,129,172,4,0.0001283738245771687,7640
M-2022-6,77,32,9,0.0001282581123256046,7641
M-2022-6,77,86,9,0.0001282581123256046,7642
M-2022-6,49,14,4,0.0001278241140191097,7643
M-2022-6,49,23,4,0.0001278241140191097,7644
M-2022-6,49,87,4,0.0001278241140191097,7645
M-2022-6,49,126,4,0.0001278241140191097,7646
M-2022-6,49,171,4,0.0001278241140191097,7647
M-2022-6,101,57,7,0.00012625579423912846,7648
M-2022-6,101,92,7,0.00012625579423912846,7649
M-2022-6,99,15,3,0.00012624668602449185,7650
M-2022-6,99,39,3,0.00012624668602449185,7651
M-2022-6,99,62,3,0.00012624668602449185,7652
M-2022-6,99,102,3,0.00012624668602449185,7653
M-2022-6,99,111,3,0.00012624668602449185,7654
M-2022-6,99,132,3,0.00012624668602449185,7655
M-2022-6,99,142,3,0.00012624668602449185,7656
M-2022-6,99,163,3,0.00012624668602449185,7657
M-2022-6,99,169,3,0.00012624668602449185,7658
M-2022-6,25,32,7,0.00012619206432189792,7659
M-2022-6,25,36,7,0.00012619206432189792,7660
M-2022-6,25,99,7,0.00012619206432189792,7661
M-2022-6,122,53,7,0.00012587437737138335,7662
M-2022-6,122,83,7,0.00012587437737138335,7663
M-2022-6,122,108,7,0.00012587437737138335,7664
M-2022-6,122,132,7,0.00012587437737138335,7665
M-2022-6,124,32,4,0.00012556898446083818,7666
M-2022-6,124,52,4,0.00012556898446083818,7667
M-2022-6,124,66,4,0.00012556898446083818,7668
M-2022-6,124,72,4,0.00012556898446083818,7669
M-2022-6,124,78,4,0.00012556898446083818,7670
M-2022-6,124,155,4,0.00012556898446083818,7671
M-2022-6,124,159,4,0.00012556898446083818,7672
M-2022-6,124,162,4,0.00012556898446083818,7673
M-2022-6,83,47,3,0.000124750499001996,7674
M-2022-6,83,71,3,0.000124750499001996,7675
M-2022-6,83,151,3,0.000124750499001996,7676
M-2022-6,138,19,5,0.00012452369685951237,7677
M-2022-6,138,30,5,0.00012452369685951237,7678
M-2022-6,138,51,5,0.00012452369685951237,7679
M-2022-6,138,69,5,0.00012452369685951237,7680
M-2022-6,138,92,5,0.00012452369685951237,7681
M-2022-6,138,175,5,0.00012452369685951237,7682
M-2022-6,138,176,5,0.00012452369685951237,7683
M-2022-6,30,24,1,0.00012422360248447205,7684
M-2022-6,30,60,1,0.00012422360248447205,7685
M-2022-6,30,62,1,0.00012422360248447205,7686
M-2022-6,30,76,1,0.00012422360248447205,7687
M-2022-6,30,82,1,0.00012422360248447205,7688
M-2022-6,30,84,1,0.00012422360248447205,7689
M-2022-6,30,90,1,0.00012422360248447205,7690
M-2022-6,30,106,1,0.00012422360248447205,7691
M-2022-6,30,113,1,0.00012422360248447205,7692
M-2022-6,30,116,1,0.00012422360248447205,7693
M-2022-6,30,138,1,0.00012422360248447205,7694
M-2022-6,30,143,1,0.00012422360248447205,7695
M-2022-6,30,155,1,0.00012422360248447205,7696
M-2022-6,30,156,1,0.00012422360248447205,7697
M-2022-6,30,174,1,0.00012422360248447205,7698
M-2022-6,14,12,1,0.00012414649286157667,7699
M-2022-6,14,21,1,0.00012414649286157667,7700
M-2022-6,14,29,1,0.00012414649286157667,7701
M-2022-6,14,31,1,0.00012414649286157667,7702
M-2022-6,14,39,1,0.00012414649286157667,7703
M-2022-6,14,42,1,0.00012414649286157667,7704
M-2022-6,14,43,1,0.00012414649286157667,7705
M-2022-6,14,45,1,0.00012414649286157667,7706
M-2022-6,14,47,1,0.00012414649286157667,7707
M-2022-6,14,59,1,0.00012414649286157667,7708
M-2022-6,14,84,1,0.00012414649286157667,7709
M-2022-6,14,89,1,0.00012414649286157667,7710
M-2022-6,14,97,1,0.00012414649286157667,7711
M-2022-6,14,104,1,0.00012414649286157667,7712
M-2022-6,14,106,1,0.00012414649286157667,7713
M-2022-6,14,109,1,0.00012414649286157667,7714
M-2022-6,14,112,1,0.00012414649286157667,7715
M-2022-6,14,113,1,0.00012414649286157667,7716
M-2022-6,14,151,1,0.00012414649286157667,7717
M-2022-6,14,174,1,0.00012414649286157667,7718
M-2022-6,14,177,1,0.00012414649286157667,7719
M-2022-6,60,13,3,0.00012385946079848065,7720
M-2022-6,60,53,3,0.00012385946079848065,7721
M-2022-6,60,108,3,0.00012385946079848065,7722
M-2022-6,60,125,3,0.00012385946079848065,7723
M-2022-6,60,158,3,0.00012385946079848065,7724
M-2022-6,95,102,7,0.00012359193474345846,7725
M-2022-6,71,60,17,0.00012209135305946568,7726
M-2022-6,53,5,1,0.00012202562538133008,7727
M-2022-6,53,17,1,0.00012202562538133008,7728
M-2022-6,53,29,1,0.00012202562538133008,7729
M-2022-6,53,33,1,0.00012202562538133008,7730
M-2022-6,53,35,1,0.00012202562538133008,7731
M-2022-6,53,45,1,0.00012202562538133008,7732
M-2022-6,53,46,1,0.00012202562538133008,7733
M-2022-6,53,48,1,0.00012202562538133008,7734
M-2022-6,53,49,1,0.00012202562538133008,7735
M-2022-6,53,59,1,0.00012202562538133008,7736
M-2022-6,53,61,1,0.00012202562538133008,7737
M-2022-6,53,65,1,0.00012202562538133008,7738
M-2022-6,53,68,1,0.00012202562538133008,7739
M-2022-6,53,72,1,0.00012202562538133008,7740
M-2022-6,53,86,1,0.00012202562538133008,7741
M-2022-6,53,87,1,0.00012202562538133008,7742
M-2022-6,53,110,1,0.00012202562538133008,7743
M-2022-6,53,115,1,0.00012202562538133008,7744
M-2022-6,53,127,1,0.00012202562538133008,7745
M-2022-6,53,131,1,0.00012202562538133008,7746
M-2022-6,53,133,1,0.00012202562538133008,7747
M-2022-6,53,134,1,0.00012202562538133008,7748
M-2022-6,53,142,1,0.00012202562538133008,7749
M-2022-6,53,163,1,0.00012202562538133008,7750
M-2022-6,133,86,6,0.00012183235867446393,7751
M-2022-6,133,132,6,0.00012183235867446393,7752
M-2022-6,93,1,4,0.00012126356636148669,7753
M-2022-6,93,14,4,0.00012126356636148669,7754
M-2022-6,93,20,4,0.00012126356636148669,7755
M-2022-6,93,26,4,0.00012126356636148669,7756
M-2022-6,93,104,4,0.00012126356636148669,7757
M-2022-6,93,126,4,0.00012126356636148669,7758
M-2022-6,93,128,4,0.00012126356636148669,7759
M-2022-6,93,138,4,0.00012126356636148669,7760
M-2022-6,132,11,2,0.0001210140981424336,7761
M-2022-6,132,29,2,0.0001210140981424336,7762
M-2022-6,132,43,2,0.0001210140981424336,7763
M-2022-6,132,51,2,0.0001210140981424336,7764
M-2022-6,132,52,2,0.0001210140981424336,7765
M-2022-6,132,54,2,0.0001210140981424336,7766
M-2022-6,132,64,2,0.0001210140981424336,7767
M-2022-6,132,66,2,0.0001210140981424336,7768
M-2022-6,132,67,2,0.0001210140981424336,7769
M-2022-6,132,74,2,0.0001210140981424336,7770
M-2022-6,132,96,2,0.0001210140981424336,7771
M-2022-6,132,100,2,0.0001210140981424336,7772
M-2022-6,132,110,2,0.0001210140981424336,7773
M-2022-6,132,111,2,0.0001210140981424336,7774
M-2022-6,132,151,2,0.0001210140981424336,7775
M-2022-6,117,62,9,0.00012055293613373339,7776
M-2022-6,117,63,9,0.00012055293613373339,7777
M-2022-6,117,76,9,0.00012055293613373339,7778
M-2022-6,117,84,9,0.00012055293613373339,7779
M-2022-6,117,128,9,0.00012055293613373339,7780
M-2022-6,117,132,9,0.00012055293613373339,7781
M-2022-6,72,4,2,0.00012014176728539677,7782
M-2022-6,72,26,2,0.00012014176728539677,7783
M-2022-6,72,45,2,0.00012014176728539677,7784
M-2022-6,72,70,2,0.00012014176728539677,7785
M-2022-6,72,96,2,0.00012014176728539677,7786
M-2022-6,72,120,2,0.00012014176728539677,7787
M-2022-6,72,129,2,0.00012014176728539677,7788
M-2022-6,72,136,2,0.00012014176728539677,7789
M-2022-6,72,137,2,0.00012014176728539677,7790
M-2022-6,72,138,2,0.00012014176728539677,7791
M-2022-6,140,67,8,0.00011988071868490851,7792
M-2022-6,140,76,8,0.00011988071868490851,7793
M-2022-6,140,84,8,0.00011988071868490851,7794
M-2022-6,140,93,8,0.00011988071868490851,7795
M-2022-6,140,105,8,0.00011988071868490851,7796
M-2022-6,142,66,6,0.00011928429423459245,7797
M-2022-6,142,74,6,0.00011928429423459245,7798
M-2022-6,142,139,6,0.00011928429423459245,7799
M-2022-6,142,151,6,0.00011928429423459245,7800
M-2022-6,97,27,5,0.00011909015124449208,7801
M-2022-6,97,90,5,0.00011909015124449208,7802
M-2022-6,97,172,5,0.00011909015124449208,7803
M-2022-6,82,81,8,0.00011782726522917403,7804
M-2022-6,82,96,8,0.00011782726522917403,7805
M-2022-6,82,137,8,0.00011782726522917403,7806
M-2022-6,39,2,1,0.0001177301624676242,7807
M-2022-6,39,29,1,0.0001177301624676242,7808
M-2022-6,39,32,1,0.0001177301624676242,7809
M-2022-6,39,34,1,0.0001177301624676242,7810
M-2022-6,39,45,1,0.0001177301624676242,7811
M-2022-6,39,49,1,0.0001177301624676242,7812
M-2022-6,39,62,1,0.0001177301624676242,7813
M-2022-6,39,75,1,0.0001177301624676242,7814
M-2022-6,39,85,1,0.0001177301624676242,7815
M-2022-6,39,88,1,0.0001177301624676242,7816
M-2022-6,39,95,1,0.0001177301624676242,7817
M-2022-6,39,96,1,0.0001177301624676242,7818
M-2022-6,39,100,1,0.0001177301624676242,7819
M-2022-6,39,112,1,0.0001177301624676242,7820
M-2022-6,39,113,1,0.0001177301624676242,7821
M-2022-6,39,124,1,0.0001177301624676242,7822
M-2022-6,39,129,1,0.0001177301624676242,7823
M-2022-6,39,135,1,0.0001177301624676242,7824
M-2022-6,39,136,1,0.0001177301624676242,7825
M-2022-6,39,143,1,0.0001177301624676242,7826
M-2022-6,39,163,1,0.0001177301624676242,7827
M-2022-6,39,170,1,0.0001177301624676242,7828
M-2022-6,39,175,1,0.0001177301624676242,7829
M-2022-6,39,176,1,0.0001177301624676242,7830
M-2022-6,75,14,3,0.00011731581417175035,7831
M-2022-6,75,68,3,0.00011731581417175035,7832
M-2022-6,75,70,3,0.00011731581417175035,7833
M-2022-6,96,5,6,0.00011652295502213937,7834
M-2022-6,96,45,6,0.00011652295502213937,7835
M-2022-6,55,61,1,0.00011610356437942645,7836
M-2022-6,55,82,1,0.00011610356437942645,7837
M-2022-6,55,98,1,0.00011610356437942645,7838
M-2022-6,55,113,1,0.00011610356437942645,7839
M-2022-6,55,143,1,0.00011610356437942645,7840
M-2022-6,55,150,1,0.00011610356437942645,7841
M-2022-6,55,172,1,0.00011610356437942645,7842
M-2022-6,115,12,2,0.00011596219632399837,7843
M-2022-6,115,18,2,0.00011596219632399837,7844
M-2022-6,115,37,2,0.00011596219632399837,7845
M-2022-6,115,41,2,0.00011596219632399837,7846
M-2022-6,115,45,2,0.00011596219632399837,7847
M-2022-6,115,54,2,0.00011596219632399837,7848
M-2022-6,115,63,2,0.00011596219632399837,7849
M-2022-6,115,67,2,0.00011596219632399837,7850
M-2022-6,115,97,2,0.00011596219632399837,7851
M-2022-6,115,99,2,0.00011596219632399837,7852
M-2022-6,115,112,2,0.00011596219632399837,7853
M-2022-6,115,125,2,0.00011596219632399837,7854
M-2022-6,115,134,2,0.00011596219632399837,7855
M-2022-6,28,31,2,0.00011514767689561863,7856
M-2022-6,28,33,2,0.00011514767689561863,7857
M-2022-6,28,56,2,0.00011514767689561863,7858
M-2022-6,28,58,2,0.00011514767689561863,7859
M-2022-6,28,64,2,0.00011514767689561863,7860
M-2022-6,28,66,2,0.00011514767689561863,7861
M-2022-6,28,73,2,0.00011514767689561863,7862
M-2022-6,28,75,2,0.00011514767689561863,7863
M-2022-6,28,85,2,0.00011514767689561863,7864
M-2022-6,28,98,2,0.00011514767689561863,7865
M-2022-6,28,103,2,0.00011514767689561863,7866
M-2022-6,28,110,2,0.00011514767689561863,7867
M-2022-6,28,127,2,0.00011514767689561863,7868
M-2022-6,28,131,2,0.00011514767689561863,7869
M-2022-6,28,165,2,0.00011514767689561863,7870
M-2022-6,28,166,2,0.00011514767689561863,7871
M-2022-6,98,55,7,0.00011475221717676759,7872
M-2022-6,153,53,8,0.00011446395100942897,7873
M-2022-6,153,116,8,0.00011446395100942897,7874
M-2022-6,27,30,1,0.00011445576284765938,7875
M-2022-6,27,93,1,0.00011445576284765938,7876
M-2022-6,27,97,1,0.00011445576284765938,7877
M-2022-6,27,102,1,0.00011445576284765938,7878
M-2022-6,27,112,1,0.00011445576284765938,7879
M-2022-6,27,134,1,0.00011445576284765938,7880
M-2022-6,27,165,1,0.00011445576284765938,7881
M-2022-6,27,170,1,0.00011445576284765938,7882
M-2022-6,27,172,1,0.00011445576284765938,7883
M-2022-6,77,129,8,0.00011400721095609297,7884
M-2022-6,77,141,8,0.00011400721095609297,7885
M-2022-6,149,1,6,0.00011163413771931457,7886
M-2022-6,149,68,6,0.00011163413771931457,7887
M-2022-6,175,28,5,0.00011119017968333037,7888
M-2022-6,175,130,5,0.00011119017968333037,7889
M-2022-6,175,131,5,0.00011119017968333037,7890
M-2022-6,175,137,5,0.00011119017968333037,7891
M-2022-6,175,176,5,0.00011119017968333037,7892
M-2022-6,59,2,1,0.00011106175033318525,7893
M-2022-6,59,14,1,0.00011106175033318525,7894
M-2022-6,59,19,1,0.00011106175033318525,7895
M-2022-6,59,90,1,0.00011106175033318525,7896
M-2022-6,59,120,1,0.00011106175033318525,7897
M-2022-6,59,138,1,0.00011106175033318525,7898
M-2022-6,59,153,1,0.00011106175033318525,7899
M-2022-6,134,10,1,0.00011092623405435385,7900
M-2022-6,134,14,1,0.00011092623405435385,7901
M-2022-6,134,17,1,0.00011092623405435385,7902
M-2022-6,134,19,1,0.00011092623405435385,7903
M-2022-6,134,20,1,0.00011092623405435385,7904
M-2022-6,134,23,1,0.00011092623405435385,7905
M-2022-6,134,43,1,0.00011092623405435385,7906
M-2022-6,134,49,1,0.00011092623405435385,7907
M-2022-6,134,64,1,0.00011092623405435385,7908
M-2022-6,134,68,1,0.00011092623405435385,7909
M-2022-6,134,71,1,0.00011092623405435385,7910
M-2022-6,134,82,1,0.00011092623405435385,7911
M-2022-6,134,87,1,0.00011092623405435385,7912
M-2022-6,134,90,1,0.00011092623405435385,7913
M-2022-6,134,96,1,0.00011092623405435385,7914
M-2022-6,134,98,1,0.00011092623405435385,7915
M-2022-6,134,105,1,0.00011092623405435385,7916
M-2022-6,134,109,1,0.00011092623405435385,7917
M-2022-6,134,120,1,0.00011092623405435385,7918
M-2022-6,134,140,1,0.00011092623405435385,7919
M-2022-6,134,141,1,0.00011092623405435385,7920
M-2022-6,134,149,1,0.00011092623405435385,7921
M-2022-6,134,171,1,0.00011092623405435385,7922
M-2022-6,25,24,6,0.00010816462656162679,7923
M-2022-6,25,93,6,0.00010816462656162679,7924
M-2022-6,25,123,6,0.00010816462656162679,7925
M-2022-6,25,150,6,0.00010816462656162679,7926
M-2022-6,25,170,6,0.00010816462656162679,7927
M-2022-6,122,24,6,0.00010789232346118574,7928
M-2022-6,122,72,6,0.00010789232346118574,7929
M-2022-6,122,76,6,0.00010789232346118574,7930
M-2022-6,122,86,6,0.00010789232346118574,7931
M-2022-6,122,95,6,0.00010789232346118574,7932
M-2022-6,122,100,6,0.00010789232346118574,7933
M-2022-6,122,135,6,0.00010789232346118574,7934
M-2022-6,122,155,6,0.00010789232346118574,7935
M-2022-6,71,96,15,0.00010772766446423441,7936
M-2022-6,71,129,15,0.00010772766446423441,7937
M-2022-6,1,14,1,0.00010759629868732516,7938
M-2022-6,1,19,1,0.00010759629868732516,7939
M-2022-6,1,21,1,0.00010759629868732516,7940
M-2022-6,1,25,1,0.00010759629868732516,7941
M-2022-6,1,36,1,0.00010759629868732516,7942
M-2022-6,1,38,1,0.00010759629868732516,7943
M-2022-6,1,43,1,0.00010759629868732516,7944
M-2022-6,1,45,1,0.00010759629868732516,7945
M-2022-6,1,49,1,0.00010759629868732516,7946
M-2022-6,1,51,1,0.00010759629868732516,7947
M-2022-6,1,60,1,0.00010759629868732516,7948
M-2022-6,1,61,1,0.00010759629868732516,7949
M-2022-6,1,73,1,0.00010759629868732516,7950
M-2022-6,1,77,1,0.00010759629868732516,7951
M-2022-6,1,84,1,0.00010759629868732516,7952
M-2022-6,1,85,1,0.00010759629868732516,7953
M-2022-6,1,95,1,0.00010759629868732516,7954
M-2022-6,1,110,1,0.00010759629868732516,7955
M-2022-6,1,114,1,0.00010759629868732516,7956
M-2022-6,1,115,1,0.00010759629868732516,7957
M-2022-6,1,131,1,0.00010759629868732516,7958
M-2022-6,1,138,1,0.00010759629868732516,7959
M-2022-6,1,154,1,0.00010759629868732516,7960
M-2022-6,1,159,1,0.00010759629868732516,7961
M-2022-6,1,166,1,0.00010759629868732516,7962
M-2022-6,1,172,1,0.00010759629868732516,7963
M-2022-6,117,26,8,0.00010715816545220746,7964
M-2022-6,117,56,8,0.00010715816545220746,7965
M-2022-6,117,72,8,0.00010715816545220746,7966
M-2022-6,117,135,8,0.00010715816545220746,7967
M-2022-6,31,46,1,0.00010706638115631691,7968
M-2022-6,31,50,1,0.00010706638115631691,7969
M-2022-6,31,76,1,0.00010706638115631691,7970
M-2022-6,31,87,1,0.00010706638115631691,7971
M-2022-6,31,129,1,0.00010706638115631691,7972
M-2022-6,31,131,1,0.00010706638115631691,7973
M-2022-6,31,136,1,0.00010706638115631691,7974
M-2022-6,31,138,1,0.00010706638115631691,7975
M-2022-6,31,139,1,0.00010706638115631691,7976
M-2022-6,31,145,1,0.00010706638115631691,7977
M-2022-6,31,155,1,0.00010706638115631691,7978
M-2022-6,31,159,1,0.00010706638115631691,7979
M-2022-6,131,23,4,0.000106332075070445,7980
M-2022-6,131,117,4,0.000106332075070445,7981
M-2022-6,131,142,4,0.000106332075070445,7982
M-2022-6,131,171,4,0.000106332075070445,7983
M-2022-6,140,73,7,0.00010489562884929495,7984
M-2022-6,140,74,7,0.00010489562884929495,7985
M-2022-6,140,115,7,0.00010489562884929495,7986
M-2022-6,140,130,7,0.00010489562884929495,7987
M-2022-6,140,159,7,0.00010489562884929495,7988
M-2022-6,29,16,3,0.00010417028369040591,7989
M-2022-6,29,17,3,0.00010417028369040591,7990
M-2022-6,29,19,3,0.00010417028369040591,7991
M-2022-6,29,39,3,0.00010417028369040591,7992
M-2022-6,29,83,3,0.00010417028369040591,7993
M-2022-6,29,131,3,0.00010417028369040591,7994
M-2022-6,19,1,2,0.00010351966873706004,7995
M-2022-6,19,16,2,0.00010351966873706004,7996
M-2022-6,19,29,2,0.00010351966873706004,7997
M-2022-6,19,51,2,0.00010351966873706004,7998
M-2022-6,19,53,2,0.00010351966873706004,7999
M-2022-6,19,67,2,0.00010351966873706004,8000
M-2022-6,19,75,2,0.00010351966873706004,8001
M-2022-6,19,76,2,0.00010351966873706004,8002
M-2022-6,19,86,2,0.00010351966873706004,8003
M-2022-6,19,87,2,0.00010351966873706004,8004
M-2022-6,19,129,2,0.00010351966873706004,8005
M-2022-6,19,139,2,0.00010351966873706004,8006
M-2022-6,19,148,2,0.00010351966873706004,8007
M-2022-6,19,173,2,0.00010351966873706004,8008
M-2022-6,82,18,7,0.00010309885707552727,8009
M-2022-6,82,159,7,0.00010309885707552727,8010
M-2022-6,18,17,3,0.00010275732145915397,8011
M-2022-6,18,28,3,0.00010275732145915397,8012
M-2022-6,18,29,3,0.00010275732145915397,8013
M-2022-6,18,52,3,0.00010275732145915397,8014
M-2022-6,18,116,3,0.00010275732145915397,8015
M-2022-6,18,144,3,0.00010275732145915397,8016
M-2022-6,18,154,3,0.00010275732145915397,8017
M-2022-6,18,158,3,0.00010275732145915397,8018
M-2022-6,18,163,3,0.00010275732145915397,8019
M-2022-6,18,166,3,0.00010275732145915397,8020
M-2022-6,76,20,1,0.00010255358424776946,8021
M-2022-6,76,32,1,0.00010255358424776946,8022
M-2022-6,76,49,1,0.00010255358424776946,8023
M-2022-6,76,62,1,0.00010255358424776946,8024
M-2022-6,76,66,1,0.00010255358424776946,8025
M-2022-6,76,84,1,0.00010255358424776946,8026
M-2022-6,76,116,1,0.00010255358424776946,8027
M-2022-6,76,138,1,0.00010255358424776946,8028
M-2022-6,76,154,1,0.00010255358424776946,8029
M-2022-6,76,171,1,0.00010255358424776946,8030
M-2022-6,76,176,1,0.00010255358424776946,8031
M-2022-6,78,40,5,0.00010210749877471001,8032
M-2022-6,78,72,5,0.00010210749877471001,8033
M-2022-6,78,93,5,0.00010210749877471001,8034
M-2022-6,78,116,5,0.00010210749877471001,8035
M-2022-6,78,131,5,0.00010210749877471001,8036
M-2022-6,78,138,5,0.00010210749877471001,8037
M-2022-6,78,153,5,0.00010210749877471001,8038
M-2022-6,133,18,5,0.00010152696556205328,8039
M-2022-6,133,25,5,0.00010152696556205328,8040
M-2022-6,133,138,5,0.00010152696556205328,8041
M-2022-6,133,142,5,0.00010152696556205328,8042
M-2022-6,133,151,5,0.00010152696556205328,8043
M-2022-6,51,18,2,0.0001011173466808231,8044
M-2022-6,51,19,2,0.0001011173466808231,8045
M-2022-6,51,46,2,0.0001011173466808231,8046
M-2022-6,51,62,2,0.0001011173466808231,8047
M-2022-6,51,64,2,0.0001011173466808231,8048
M-2022-6,51,65,2,0.0001011173466808231,8049
M-2022-6,51,87,2,0.0001011173466808231,8050
M-2022-6,51,94,2,0.0001011173466808231,8051
M-2022-6,51,99,2,0.0001011173466808231,8052
M-2022-6,51,107,2,0.0001011173466808231,8053
M-2022-6,51,109,2,0.0001011173466808231,8054
M-2022-6,51,133,2,0.0001011173466808231,8055
M-2022-6,51,134,2,0.0001011173466808231,8056
M-2022-6,51,138,2,0.0001011173466808231,8057
M-2022-6,51,165,2,0.0001011173466808231,8058
M-2022-6,51,166,2,0.0001011173466808231,8059
M-2022-6,51,171,2,0.0001011173466808231,8060
M-2022-6,71,61,14,0.00010054582016661879,8061
M-2022-6,71,111,14,0.00010054582016661879,8062
M-2022-6,156,0,3,0.00010033444816053512,8063
M-2022-6,156,13,3,0.00010033444816053512,8064
M-2022-6,156,24,3,0.00010033444816053512,8065
M-2022-6,156,70,3,0.00010033444816053512,8066
M-2022-6,156,83,3,0.00010033444816053512,8067
M-2022-6,156,95,3,0.00010033444816053512,8068
M-2022-6,156,126,3,0.00010033444816053512,8069
M-2022-6,156,141,3,0.00010033444816053512,8070
M-2022-6,156,160,3,0.00010033444816053512,8071
M-2022-6,156,164,3,0.00010033444816053512,8072
M-2022-6,156,168,3,0.00010033444816053512,8073
M-2022-6,153,31,7,0.00010015595713325035,8074
M-2022-6,153,80,7,0.00010015595713325035,8075
M-2022-6,153,127,7,0.00010015595713325035,8076
M-2022-6,153,166,7,0.00010015595713325035,8077
M-2022-6,77,90,7,9.975630958658134e-05,8078
M-2022-6,77,102,7,9.975630958658134e-05,8079
M-2022-6,77,154,7,9.975630958658134e-05,8080
M-2022-6,77,156,7,9.975630958658134e-05,8081
M-2022-6,77,163,7,9.975630958658134e-05,8082
M-2022-6,138,63,4,9.961895748760989e-05,8083
M-2022-6,138,68,4,9.961895748760989e-05,8084
M-2022-6,138,87,4,9.961895748760989e-05,8085
M-2022-6,138,90,4,9.961895748760989e-05,8086
M-2022-6,138,101,4,9.961895748760989e-05,8087
M-2022-6,142,14,5,9.940357852882704e-05,8088
M-2022-6,142,19,5,9.940357852882704e-05,8089
M-2022-6,142,21,5,9.940357852882704e-05,8090
M-2022-6,142,85,5,9.940357852882704e-05,8091
M-2022-6,142,90,5,9.940357852882704e-05,8092
M-2022-6,142,111,5,9.940357852882704e-05,8093
M-2022-6,142,135,5,9.940357852882704e-05,8094
M-2022-6,96,28,5,9.710246251844946e-05,8095
M-2022-6,96,53,5,9.710246251844946e-05,8096
M-2022-6,96,93,5,9.710246251844946e-05,8097
M-2022-6,96,129,5,9.710246251844946e-05,8098
M-2022-6,129,9,3,9.628036843287654e-05,8099
M-2022-6,129,17,3,9.628036843287654e-05,8100
M-2022-6,129,30,3,9.628036843287654e-05,8101
M-2022-6,129,32,3,9.628036843287654e-05,8102
M-2022-6,129,43,3,9.628036843287654e-05,8103
M-2022-6,129,71,3,9.628036843287654e-05,8104
M-2022-6,129,83,3,9.628036843287654e-05,8105
M-2022-6,129,87,3,9.628036843287654e-05,8106
M-2022-6,129,113,3,9.628036843287654e-05,8107
M-2022-6,129,135,3,9.628036843287654e-05,8108
M-2022-6,129,170,3,9.628036843287654e-05,8109
M-2022-6,49,1,3,9.586808551433228e-05,8110
M-2022-6,49,12,3,9.586808551433228e-05,8111
M-2022-6,49,24,3,9.586808551433228e-05,8112
M-2022-6,49,40,3,9.586808551433228e-05,8113
M-2022-6,49,73,3,9.586808551433228e-05,8114
M-2022-6,49,112,3,9.586808551433228e-05,8115
M-2022-6,49,121,3,9.586808551433228e-05,8116
M-2022-6,49,124,3,9.586808551433228e-05,8117
M-2022-6,49,151,3,9.586808551433228e-05,8118
M-2022-6,124,22,3,9.417673834562863e-05,8119
M-2022-6,124,49,3,9.417673834562863e-05,8120
M-2022-6,124,91,3,9.417673834562863e-05,8121
M-2022-6,124,100,3,9.417673834562863e-05,8122
M-2022-6,124,118,3,9.417673834562863e-05,8123
M-2022-6,124,143,3,9.417673834562863e-05,8124
M-2022-6,124,170,3,9.417673834562863e-05,8125
M-2022-6,117,11,7,9.376339477068152e-05,8126
M-2022-6,117,21,7,9.376339477068152e-05,8127
M-2022-6,117,24,7,9.376339477068152e-05,8128
M-2022-6,117,32,7,9.376339477068152e-05,8129
M-2022-6,117,41,7,9.376339477068152e-05,8130
M-2022-6,117,43,7,9.376339477068152e-05,8131
M-2022-6,117,73,7,9.376339477068152e-05,8132
M-2022-6,117,75,7,9.376339477068152e-05,8133
M-2022-6,117,91,7,9.376339477068152e-05,8134
M-2022-6,117,112,7,9.376339477068152e-05,8135
M-2022-6,117,139,7,9.376339477068152e-05,8136
M-2022-6,117,150,7,9.376339477068152e-05,8137
M-2022-6,79,22,2,9.335324869305452e-05,8138
M-2022-6,79,51,2,9.335324869305452e-05,8139
M-2022-6,79,97,2,9.335324869305452e-05,8140
M-2022-6,79,124,2,9.335324869305452e-05,8141
M-2022-6,63,6,1,9.330969487729775e-05,8142
M-2022-6,63,8,1,9.330969487729775e-05,8143
M-2022-6,63,9,1,9.330969487729775e-05,8144
M-2022-6,63,15,1,9.330969487729775e-05,8145
M-2022-6,63,16,1,9.330969487729775e-05,8146
M-2022-6,63,18,1,9.330969487729775e-05,8147
M-2022-6,63,23,1,9.330969487729775e-05,8148
M-2022-6,63,53,1,9.330969487729775e-05,8149
M-2022-6,63,64,1,9.330969487729775e-05,8150
M-2022-6,63,66,1,9.330969487729775e-05,8151
M-2022-6,63,69,1,9.330969487729775e-05,8152
M-2022-6,63,72,1,9.330969487729775e-05,8153
M-2022-6,63,77,1,9.330969487729775e-05,8154
M-2022-6,63,79,1,9.330969487729775e-05,8155
M-2022-6,63,90,1,9.330969487729775e-05,8156
M-2022-6,63,102,1,9.330969487729775e-05,8157
M-2022-6,63,110,1,9.330969487729775e-05,8158
M-2022-6,63,114,1,9.330969487729775e-05,8159
M-2022-6,63,116,1,9.330969487729775e-05,8160
M-2022-6,63,126,1,9.330969487729775e-05,8161
M-2022-6,63,130,1,9.330969487729775e-05,8162
M-2022-6,63,145,1,9.330969487729775e-05,8163
M-2022-6,63,150,1,9.330969487729775e-05,8164
M-2022-6,63,158,1,9.330969487729775e-05,8165
M-2022-6,149,76,5,9.302844809942881e-05,8166
M-2022-6,149,78,5,9.302844809942881e-05,8167
M-2022-6,149,91,5,9.302844809942881e-05,8168
M-2022-6,136,23,2,9.288932237239329e-05,8169
M-2022-6,136,43,2,9.288932237239329e-05,8170
M-2022-6,136,62,2,9.288932237239329e-05,8171
M-2022-6,136,66,2,9.288932237239329e-05,8172
M-2022-6,136,72,2,9.288932237239329e-05,8173
M-2022-6,136,138,2,9.288932237239329e-05,8174
M-2022-6,136,140,2,9.288932237239329e-05,8175
M-2022-6,136,160,2,9.288932237239329e-05,8176
M-2022-6,93,41,3,9.094767477111502e-05,8177
M-2022-6,93,43,3,9.094767477111502e-05,8178
M-2022-6,93,67,3,9.094767477111502e-05,8179
M-2022-6,93,77,3,9.094767477111502e-05,8180
M-2022-6,93,83,3,9.094767477111502e-05,8181
M-2022-6,93,96,3,9.094767477111502e-05,8182
M-2022-6,93,97,3,9.094767477111502e-05,8183
M-2022-6,93,137,3,9.094767477111502e-05,8184
M-2022-6,93,172,3,9.094767477111502e-05,8185
M-2022-6,87,17,1,9.028530155290719e-05,8186
M-2022-6,87,26,1,9.028530155290719e-05,8187
M-2022-6,87,33,1,9.028530155290719e-05,8188
M-2022-6,87,37,1,9.028530155290719e-05,8189
M-2022-6,87,46,1,9.028530155290719e-05,8190
M-2022-6,87,50,1,9.028530155290719e-05,8191
M-2022-6,87,53,1,9.028530155290719e-05,8192
M-2022-6,87,60,1,9.028530155290719e-05,8193
M-2022-6,87,61,1,9.028530155290719e-05,8194
M-2022-6,87,62,1,9.028530155290719e-05,8195
M-2022-6,87,77,1,9.028530155290719e-05,8196
M-2022-6,87,83,1,9.028530155290719e-05,8197
M-2022-6,87,108,1,9.028530155290719e-05,8198
M-2022-6,87,111,1,9.028530155290719e-05,8199
M-2022-6,87,118,1,9.028530155290719e-05,8200
M-2022-6,87,128,1,9.028530155290719e-05,8201
M-2022-6,87,136,1,9.028530155290719e-05,8202
M-2022-6,87,147,1,9.028530155290719e-05,8203
M-2022-6,87,158,1,9.028530155290719e-05,8204
M-2022-6,87,163,1,9.028530155290719e-05,8205
M-2022-6,87,166,1,9.028530155290719e-05,8206
M-2022-6,87,167,1,9.028530155290719e-05,8207
M-2022-6,87,170,1,9.028530155290719e-05,8208
M-2022-6,101,65,5,9.018271017080606e-05,8209
M-2022-6,25,132,5,9.013718880135566e-05,8210
M-2022-6,140,1,6,8.991053901368138e-05,8211
M-2022-6,140,9,6,8.991053901368138e-05,8212
M-2022-6,122,0,5,8.991026955098811e-05,8213
M-2022-6,122,49,5,8.991026955098811e-05,8214
M-2022-6,122,60,5,8.991026955098811e-05,8215
M-2022-6,122,66,5,8.991026955098811e-05,8216
M-2022-6,122,89,5,8.991026955098811e-05,8217
M-2022-6,122,164,5,8.991026955098811e-05,8218
M-2022-6,175,60,4,8.89521437466643e-05,8219
M-2022-6,175,90,4,8.89521437466643e-05,8220
M-2022-6,175,96,4,8.89521437466643e-05,8221
M-2022-6,175,134,4,8.89521437466643e-05,8222
M-2022-6,175,158,4,8.89521437466643e-05,8223
M-2022-6,86,5,2,8.87941751021133e-05,8224
M-2022-6,86,9,2,8.87941751021133e-05,8225
M-2022-6,86,26,2,8.87941751021133e-05,8226
M-2022-6,86,32,2,8.87941751021133e-05,8227
M-2022-6,86,39,2,8.87941751021133e-05,8228
M-2022-6,86,41,2,8.87941751021133e-05,8229
M-2022-6,86,66,2,8.87941751021133e-05,8230
M-2022-6,86,76,2,8.87941751021133e-05,8231
M-2022-6,86,88,2,8.87941751021133e-05,8232
M-2022-6,86,118,2,8.87941751021133e-05,8233
M-2022-6,86,130,2,8.87941751021133e-05,8234
M-2022-6,86,150,2,8.87941751021133e-05,8235
M-2022-6,86,151,2,8.87941751021133e-05,8236
M-2022-6,86,159,2,8.87941751021133e-05,8237
M-2022-6,82,60,6,8.837044892188053e-05,8238
M-2022-6,82,90,6,8.837044892188053e-05,8239
M-2022-6,95,82,5,8.827995338818462e-05,8240
M-2022-6,71,32,12,8.618213157138753e-05,8241
M-2022-6,153,45,6,8.584796325707173e-05,8242
M-2022-6,153,146,6,8.584796325707173e-05,8243
M-2022-6,77,81,6,8.550540821706973e-05,8244
M-2022-6,77,93,6,8.550540821706973e-05,8245
M-2022-6,77,139,6,8.550540821706973e-05,8246
M-2022-6,102,83,6,8.514744699571425e-05,8247
M-2022-6,102,172,6,8.514744699571425e-05,8248
M-2022-6,17,29,1,8.503401360544217e-05,8249
M-2022-6,17,42,1,8.503401360544217e-05,8250
M-2022-6,17,43,1,8.503401360544217e-05,8251
M-2022-6,17,53,1,8.503401360544217e-05,8252
M-2022-6,17,72,1,8.503401360544217e-05,8253
M-2022-6,17,75,1,8.503401360544217e-05,8254
M-2022-6,17,87,1,8.503401360544217e-05,8255
M-2022-6,17,90,1,8.503401360544217e-05,8256
M-2022-6,17,95,1,8.503401360544217e-05,8257
M-2022-6,17,109,1,8.503401360544217e-05,8258
M-2022-6,17,110,1,8.503401360544217e-05,8259
M-2022-6,17,115,1,8.503401360544217e-05,8260
M-2022-6,17,122,1,8.503401360544217e-05,8261
M-2022-6,17,127,1,8.503401360544217e-05,8262
M-2022-6,17,132,1,8.503401360544217e-05,8263
M-2022-6,17,134,1,8.503401360544217e-05,8264
M-2022-6,17,147,1,8.503401360544217e-05,8265
M-2022-6,17,154,1,8.503401360544217e-05,8266
M-2022-6,17,158,1,8.503401360544217e-05,8267
M-2022-6,17,160,1,8.503401360544217e-05,8268
M-2022-6,17,166,1,8.503401360544217e-05,8269
M-2022-6,108,13,1,8.459521191100583e-05,8270
M-2022-6,108,28,1,8.459521191100583e-05,8271
M-2022-6,108,29,1,8.459521191100583e-05,8272
M-2022-6,108,74,1,8.459521191100583e-05,8273
M-2022-6,108,82,1,8.459521191100583e-05,8274
M-2022-6,108,83,1,8.459521191100583e-05,8275
M-2022-6,108,84,1,8.459521191100583e-05,8276
M-2022-6,108,87,1,8.459521191100583e-05,8277
M-2022-6,108,102,1,8.459521191100583e-05,8278
M-2022-6,108,118,1,8.459521191100583e-05,8279
M-2022-6,108,129,1,8.459521191100583e-05,8280
M-2022-6,108,135,1,8.459521191100583e-05,8281
M-2022-6,108,138,1,8.459521191100583e-05,8282
M-2022-6,108,139,1,8.459521191100583e-05,8283
M-2022-6,108,143,1,8.459521191100583e-05,8284
M-2022-6,108,149,1,8.459521191100583e-05,8285
M-2022-6,108,150,1,8.459521191100583e-05,8286
M-2022-6,108,163,1,8.459521191100583e-05,8287
M-2022-6,108,171,1,8.459521191100583e-05,8288
M-2022-6,108,176,1,8.459521191100583e-05,8289
M-2022-6,99,17,2,8.416445734966124e-05,8290
M-2022-6,99,45,2,8.416445734966124e-05,8291
M-2022-6,99,61,2,8.416445734966124e-05,8292
M-2022-6,99,68,2,8.416445734966124e-05,8293
M-2022-6,99,123,2,8.416445734966124e-05,8294
M-2022-6,99,134,2,8.416445734966124e-05,8295
M-2022-6,99,143,2,8.416445734966124e-05,8296
M-2022-6,99,170,2,8.416445734966124e-05,8297
M-2022-6,62,3,1,8.3948959032908e-05,8298
M-2022-6,62,12,1,8.3948959032908e-05,8299
M-2022-6,62,16,1,8.3948959032908e-05,8300
M-2022-6,62,17,1,8.3948959032908e-05,8301
M-2022-6,62,19,1,8.3948959032908e-05,8302
M-2022-6,62,22,1,8.3948959032908e-05,8303
M-2022-6,62,24,1,8.3948959032908e-05,8304
M-2022-6,62,31,1,8.3948959032908e-05,8305
M-2022-6,62,35,1,8.3948959032908e-05,8306
M-2022-6,62,50,1,8.3948959032908e-05,8307
M-2022-6,62,55,1,8.3948959032908e-05,8308
M-2022-6,62,56,1,8.3948959032908e-05,8309
M-2022-6,62,57,1,8.3948959032908e-05,8310
M-2022-6,62,71,1,8.3948959032908e-05,8311
M-2022-6,62,78,1,8.3948959032908e-05,8312
M-2022-6,62,82,1,8.3948959032908e-05,8313
M-2022-6,62,83,1,8.3948959032908e-05,8314
M-2022-6,62,87,1,8.3948959032908e-05,8315
M-2022-6,62,99,1,8.3948959032908e-05,8316
M-2022-6,62,107,1,8.3948959032908e-05,8317
M-2022-6,62,110,1,8.3948959032908e-05,8318
M-2022-6,62,118,1,8.3948959032908e-05,8319
M-2022-6,62,122,1,8.3948959032908e-05,8320
M-2022-6,62,126,1,8.3948959032908e-05,8321
M-2022-6,62,130,1,8.3948959032908e-05,8322
M-2022-6,62,145,1,8.3948959032908e-05,8323
M-2022-6,62,147,1,8.3948959032908e-05,8324
M-2022-6,62,150,1,8.3948959032908e-05,8325
M-2022-6,62,159,1,8.3948959032908e-05,8326
M-2022-6,83,17,2,8.316699933466401e-05,8327
M-2022-6,83,18,2,8.316699933466401e-05,8328
M-2022-6,83,22,2,8.316699933466401e-05,8329
M-2022-6,83,24,2,8.316699933466401e-05,8330
M-2022-6,83,32,2,8.316699933466401e-05,8331
M-2022-6,83,46,2,8.316699933466401e-05,8332
M-2022-6,83,48,2,8.316699933466401e-05,8333
M-2022-6,83,61,2,8.316699933466401e-05,8334
M-2022-6,83,68,2,8.316699933466401e-05,8335
M-2022-6,83,92,2,8.316699933466401e-05,8336
M-2022-6,83,141,2,8.316699933466401e-05,8337
M-2022-6,83,143,2,8.316699933466401e-05,8338
M-2022-6,83,157,2,8.316699933466401e-05,8339
M-2022-6,83,164,2,8.316699933466401e-05,8340
M-2022-6,83,165,2,8.316699933466401e-05,8341
M-2022-6,83,175,2,8.316699933466401e-05,8342
M-2022-6,60,18,2,8.257297386565378e-05,8343
M-2022-6,60,26,2,8.257297386565378e-05,8344
M-2022-6,60,71,2,8.257297386565378e-05,8345
M-2022-6,60,90,2,8.257297386565378e-05,8346
M-2022-6,60,96,2,8.257297386565378e-05,8347
M-2022-6,60,98,2,8.257297386565378e-05,8348
M-2022-6,60,126,2,8.257297386565378e-05,8349
M-2022-6,60,134,2,8.257297386565378e-05,8350
M-2022-6,60,151,2,8.257297386565378e-05,8351
M-2022-6,60,154,2,8.257297386565378e-05,8352
M-2022-6,60,163,2,8.257297386565378e-05,8353
M-2022-6,60,169,2,8.257297386565378e-05,8354
M-2022-6,60,172,2,8.257297386565378e-05,8355
M-2022-6,78,46,4,8.168599901976801e-05,8356
M-2022-6,78,109,4,8.168599901976801e-05,8357
M-2022-6,133,24,4,8.122157244964262e-05,8358
M-2022-6,133,116,4,8.122157244964262e-05,8359
M-2022-6,133,126,4,8.122157244964262e-05,8360
M-2022-6,133,140,4,8.122157244964262e-05,8361
M-2022-6,117,74,6,8.03686240891556e-05,8362
M-2022-6,117,162,6,8.03686240891556e-05,8363
M-2022-6,117,171,6,8.03686240891556e-05,8364
M-2022-6,131,18,3,7.974905630283374e-05,8365
M-2022-6,131,24,3,7.974905630283374e-05,8366
M-2022-6,131,30,3,7.974905630283374e-05,8367
M-2022-6,131,77,3,7.974905630283374e-05,8368
M-2022-6,131,116,3,7.974905630283374e-05,8369
M-2022-6,131,155,3,7.974905630283374e-05,8370
M-2022-6,142,18,4,7.952286282306163e-05,8371
M-2022-6,142,24,4,7.952286282306163e-05,8372
M-2022-6,142,29,4,7.952286282306163e-05,8373
M-2022-6,142,115,4,7.952286282306163e-05,8374
M-2022-6,142,122,4,7.952286282306163e-05,8375
M-2022-6,142,176,4,7.952286282306163e-05,8376
M-2022-6,71,99,11,7.90002872737719e-05,8377
M-2022-6,71,139,11,7.90002872737719e-05,8378
M-2022-6,71,155,11,7.90002872737719e-05,8379
M-2022-6,75,2,2,7.821054278116691e-05,8380
M-2022-6,75,3,2,7.821054278116691e-05,8381
M-2022-6,75,50,2,7.821054278116691e-05,8382
M-2022-6,75,66,2,7.821054278116691e-05,8383
M-2022-6,75,85,2,7.821054278116691e-05,8384
M-2022-6,75,86,2,7.821054278116691e-05,8385
M-2022-6,75,93,2,7.821054278116691e-05,8386
M-2022-6,75,96,2,7.821054278116691e-05,8387
M-2022-6,75,117,2,7.821054278116691e-05,8388
M-2022-6,75,122,2,7.821054278116691e-05,8389
M-2022-6,96,12,4,7.768197001475957e-05,8390
M-2022-6,96,16,4,7.768197001475957e-05,8391
M-2022-6,96,56,4,7.768197001475957e-05,8392
M-2022-6,96,90,4,7.768197001475957e-05,8393
M-2022-6,96,125,4,7.768197001475957e-05,8394
M-2022-6,140,20,5,7.492544917806782e-05,8395
M-2022-6,140,41,5,7.492544917806782e-05,8396
M-2022-6,23,14,1,7.477194556602363e-05,8397
M-2022-6,23,16,1,7.477194556602363e-05,8398
M-2022-6,23,31,1,7.477194556602363e-05,8399
M-2022-6,23,61,1,7.477194556602363e-05,8400
M-2022-6,23,66,1,7.477194556602363e-05,8401
M-2022-6,23,71,1,7.477194556602363e-05,8402
M-2022-6,23,77,1,7.477194556602363e-05,8403
M-2022-6,23,95,1,7.477194556602363e-05,8404
M-2022-6,23,103,1,7.477194556602363e-05,8405
M-2022-6,23,116,1,7.477194556602363e-05,8406
M-2022-6,23,124,1,7.477194556602363e-05,8407
M-2022-6,23,131,1,7.477194556602363e-05,8408
M-2022-6,23,141,1,7.477194556602363e-05,8409
M-2022-6,23,142,1,7.477194556602363e-05,8410
M-2022-6,23,144,1,7.477194556602363e-05,8411
M-2022-6,23,149,1,7.477194556602363e-05,8412
M-2022-6,138,77,3,7.471421811570742e-05,8413
M-2022-6,138,111,3,7.471421811570742e-05,8414
M-2022-6,138,136,3,7.471421811570742e-05,8415
M-2022-6,138,142,3,7.471421811570742e-05,8416
M-2022-6,138,151,3,7.471421811570742e-05,8417
M-2022-6,138,168,3,7.471421811570742e-05,8418
M-2022-6,73,93,2,7.461016190405133e-05,8419
M-2022-6,73,124,2,7.461016190405133e-05,8420
M-2022-6,73,156,2,7.461016190405133e-05,8421
M-2022-6,149,11,4,7.442275847954305e-05,8422
M-2022-6,149,24,4,7.442275847954305e-05,8423
M-2022-6,149,33,4,7.442275847954305e-05,8424
M-2022-6,149,74,4,7.442275847954305e-05,8425
M-2022-6,149,84,4,7.442275847954305e-05,8426
M-2022-6,149,118,4,7.442275847954305e-05,8427
M-2022-6,82,13,5,7.364204076823377e-05,8428
M-2022-6,82,14,5,7.364204076823377e-05,8429
M-2022-6,82,68,5,7.364204076823377e-05,8430
M-2022-6,61,0,1,7.324397568300007e-05,8431
M-2022-6,61,16,1,7.324397568300007e-05,8432
M-2022-6,61,17,1,7.324397568300007e-05,8433
M-2022-6,61,19,1,7.324397568300007e-05,8434
M-2022-6,61,23,1,7.324397568300007e-05,8435
M-2022-6,61,33,1,7.324397568300007e-05,8436
M-2022-6,61,41,1,7.324397568300007e-05,8437
M-2022-6,61,43,1,7.324397568300007e-05,8438
M-2022-6,61,54,1,7.324397568300007e-05,8439
M-2022-6,61,59,1,7.324397568300007e-05,8440
M-2022-6,61,72,1,7.324397568300007e-05,8441
M-2022-6,61,87,1,7.324397568300007e-05,8442
M-2022-6,61,89,1,7.324397568300007e-05,8443
M-2022-6,61,118,1,7.324397568300007e-05,8444
M-2022-6,61,122,1,7.324397568300007e-05,8445
M-2022-6,61,129,1,7.324397568300007e-05,8446
M-2022-6,61,137,1,7.324397568300007e-05,8447
M-2022-6,61,148,1,7.324397568300007e-05,8448
M-2022-6,61,154,1,7.324397568300007e-05,8449
M-2022-6,61,161,1,7.324397568300007e-05,8450
M-2022-6,61,162,1,7.324397568300007e-05,8451
M-2022-6,61,168,1,7.324397568300007e-05,8452
M-2022-6,61,170,1,7.324397568300007e-05,8453
M-2022-6,61,172,1,7.324397568300007e-05,8454
M-2022-6,101,4,4,7.214616813664485e-05,8455
M-2022-6,101,15,4,7.214616813664485e-05,8456
M-2022-6,101,25,4,7.214616813664485e-05,8457
M-2022-6,101,28,4,7.214616813664485e-05,8458
M-2022-6,101,51,4,7.214616813664485e-05,8459
M-2022-6,101,152,4,7.214616813664485e-05,8460
M-2022-6,101,155,4,7.214616813664485e-05,8461
M-2022-6,25,22,4,7.210975104108453e-05,8462
M-2022-6,25,23,4,7.210975104108453e-05,8463
M-2022-6,25,66,4,7.210975104108453e-05,8464
M-2022-6,25,78,4,7.210975104108453e-05,8465
M-2022-6,25,86,4,7.210975104108453e-05,8466
M-2022-6,25,125,4,7.210975104108453e-05,8467
M-2022-6,25,127,4,7.210975104108453e-05,8468
M-2022-6,25,143,4,7.210975104108453e-05,8469
M-2022-6,122,8,4,7.19282156407905e-05,8470
M-2022-6,122,19,4,7.19282156407905e-05,8471
M-2022-6,122,45,4,7.19282156407905e-05,8472
M-2022-6,122,70,4,7.19282156407905e-05,8473
M-2022-6,122,88,4,7.19282156407905e-05,8474
M-2022-6,122,140,4,7.19282156407905e-05,8475
M-2022-6,122,143,4,7.19282156407905e-05,8476
M-2022-6,122,167,4,7.19282156407905e-05,8477
M-2022-6,122,170,4,7.19282156407905e-05,8478
M-2022-6,153,9,5,7.153996938089311e-05,8479
M-2022-6,97,4,3,7.145409074669524e-05,8480
M-2022-6,97,14,3,7.145409074669524e-05,8481
M-2022-6,97,83,3,7.145409074669524e-05,8482
M-2022-6,77,22,5,7.125450684755811e-05,8483
M-2022-6,77,26,5,7.125450684755811e-05,8484
M-2022-6,77,31,5,7.125450684755811e-05,8485
M-2022-6,77,135,5,7.125450684755811e-05,8486
M-2022-6,77,176,5,7.125450684755811e-05,8487
M-2022-6,102,1,5,7.095620582976187e-05,8488
M-2022-6,102,28,5,7.095620582976187e-05,8489
M-2022-6,102,138,5,7.095620582976187e-05,8490
M-2022-6,95,123,4,7.062396271054769e-05,8491
M-2022-6,95,140,4,7.062396271054769e-05,8492
M-2022-6,95,149,4,7.062396271054769e-05,8493
M-2022-6,158,3,1,6.963788300835655e-05,8494
M-2022-6,158,16,1,6.963788300835655e-05,8495
M-2022-6,158,21,1,6.963788300835655e-05,8496
M-2022-6,158,23,1,6.963788300835655e-05,8497
M-2022-6,158,27,1,6.963788300835655e-05,8498
M-2022-6,158,29,1,6.963788300835655e-05,8499
M-2022-6,158,52,1,6.963788300835655e-05,8500
M-2022-6,158,59,1,6.963788300835655e-05,8501
M-2022-6,158,67,1,6.963788300835655e-05,8502
M-2022-6,158,68,1,6.963788300835655e-05,8503
M-2022-6,158,72,1,6.963788300835655e-05,8504
M-2022-6,158,73,1,6.963788300835655e-05,8505
M-2022-6,158,74,1,6.963788300835655e-05,8506
M-2022-6,158,76,1,6.963788300835655e-05,8507
M-2022-6,158,80,1,6.963788300835655e-05,8508
M-2022-6,158,87,1,6.963788300835655e-05,8509
M-2022-6,158,91,1,6.963788300835655e-05,8510
M-2022-6,158,96,1,6.963788300835655e-05,8511
M-2022-6,158,100,1,6.963788300835655e-05,8512
M-2022-6,158,103,1,6.963788300835655e-05,8513
M-2022-6,158,105,1,6.963788300835655e-05,8514
M-2022-6,158,107,1,6.963788300835655e-05,8515
M-2022-6,158,109,1,6.963788300835655e-05,8516
M-2022-6,158,113,1,6.963788300835655e-05,8517
M-2022-6,158,127,1,6.963788300835655e-05,8518
M-2022-6,158,134,1,6.963788300835655e-05,8519
M-2022-6,158,150,1,6.963788300835655e-05,8520
M-2022-6,158,151,1,6.963788300835655e-05,8521
M-2022-6,158,168,1,6.963788300835655e-05,8522
M-2022-6,158,174,1,6.963788300835655e-05,8523
M-2022-6,29,13,2,6.944685579360395e-05,8524
M-2022-6,29,24,2,6.944685579360395e-05,8525
M-2022-6,29,32,2,6.944685579360395e-05,8526
M-2022-6,29,37,2,6.944685579360395e-05,8527
M-2022-6,29,45,2,6.944685579360395e-05,8528
M-2022-6,29,77,2,6.944685579360395e-05,8529
M-2022-6,29,95,2,6.944685579360395e-05,8530
M-2022-6,29,108,2,6.944685579360395e-05,8531
M-2022-6,29,154,2,6.944685579360395e-05,8532
M-2022-6,29,157,2,6.944685579360395e-05,8533
M-2022-6,29,163,2,6.944685579360395e-05,8534
M-2022-6,18,14,2,6.850488097276931e-05,8535
M-2022-6,18,16,2,6.850488097276931e-05,8536
M-2022-6,18,20,2,6.850488097276931e-05,8537
M-2022-6,18,41,2,6.850488097276931e-05,8538
M-2022-6,18,61,2,6.850488097276931e-05,8539
M-2022-6,18,72,2,6.850488097276931e-05,8540
M-2022-6,18,76,2,6.850488097276931e-05,8541
M-2022-6,18,78,2,6.850488097276931e-05,8542
M-2022-6,18,79,2,6.850488097276931e-05,8543
M-2022-6,18,83,2,6.850488097276931e-05,8544
M-2022-6,18,90,2,6.850488097276931e-05,8545
M-2022-6,18,96,2,6.850488097276931e-05,8546
M-2022-6,18,97,2,6.850488097276931e-05,8547
M-2022-6,18,105,2,6.850488097276931e-05,8548
M-2022-6,18,111,2,6.850488097276931e-05,8549
M-2022-6,18,112,2,6.850488097276931e-05,8550
M-2022-6,18,131,2,6.850488097276931e-05,8551
M-2022-6,18,135,2,6.850488097276931e-05,8552
M-2022-6,18,139,2,6.850488097276931e-05,8553
M-2022-6,18,141,2,6.850488097276931e-05,8554
M-2022-6,18,148,2,6.850488097276931e-05,8555
M-2022-6,117,42,5,6.697385340762966e-05,8556
M-2022-6,117,79,5,6.697385340762966e-05,8557
M-2022-6,117,90,5,6.697385340762966e-05,8558
M-2022-6,117,141,5,6.697385340762966e-05,8559
M-2022-6,156,23,2,6.688963210702341e-05,8560
M-2022-6,156,31,2,6.688963210702341e-05,8561
M-2022-6,156,39,2,6.688963210702341e-05,8562
M-2022-6,156,62,2,6.688963210702341e-05,8563
M-2022-6,156,64,2,6.688963210702341e-05,8564
M-2022-6,156,69,2,6.688963210702341e-05,8565
M-2022-6,156,78,2,6.688963210702341e-05,8566
M-2022-6,156,89,2,6.688963210702341e-05,8567
M-2022-6,156,94,2,6.688963210702341e-05,8568
M-2022-6,156,110,2,6.688963210702341e-05,8569
M-2022-6,156,128,2,6.688963210702341e-05,8570
M-2022-6,156,149,2,6.688963210702341e-05,8571
M-2022-6,156,170,2,6.688963210702341e-05,8572
M-2022-6,175,2,3,6.671410780999822e-05,8573
M-2022-6,175,9,3,6.671410780999822e-05,8574
M-2022-6,175,23,3,6.671410780999822e-05,8575
M-2022-6,175,26,3,6.671410780999822e-05,8576
M-2022-6,175,46,3,6.671410780999822e-05,8577
M-2022-6,175,87,3,6.671410780999822e-05,8578
M-2022-6,175,111,3,6.671410780999822e-05,8579
M-2022-6,98,14,4,6.557269552958148e-05,8580
M-2022-6,98,138,4,6.557269552958148e-05,8581
M-2022-6,98,172,4,6.557269552958148e-05,8582
M-2022-6,71,150,9,6.463659867854064e-05,8583
M-2022-6,100,53,1,6.41972138409193e-05,8584
M-2022-6,100,62,1,6.41972138409193e-05,8585
M-2022-6,100,71,1,6.41972138409193e-05,8586
M-2022-6,100,91,1,6.41972138409193e-05,8587
M-2022-6,100,93,1,6.41972138409193e-05,8588
M-2022-6,100,94,1,6.41972138409193e-05,8589
M-2022-6,100,130,1,6.41972138409193e-05,8590
M-2022-6,100,133,1,6.41972138409193e-05,8591
M-2022-6,100,150,1,6.41972138409193e-05,8592
M-2022-6,129,1,2,6.418691228858436e-05,8593
M-2022-6,129,8,2,6.418691228858436e-05,8594
M-2022-6,129,11,2,6.418691228858436e-05,8595
M-2022-6,129,16,2,6.418691228858436e-05,8596
M-2022-6,129,24,2,6.418691228858436e-05,8597
M-2022-6,129,31,2,6.418691228858436e-05,8598
M-2022-6,129,41,2,6.418691228858436e-05,8599
M-2022-6,129,49,2,6.418691228858436e-05,8600
M-2022-6,129,53,2,6.418691228858436e-05,8601
M-2022-6,129,61,2,6.418691228858436e-05,8602
M-2022-6,129,86,2,6.418691228858436e-05,8603
M-2022-6,129,95,2,6.418691228858436e-05,8604
M-2022-6,129,116,2,6.418691228858436e-05,8605
M-2022-6,129,118,2,6.418691228858436e-05,8606
M-2022-6,129,151,2,6.418691228858436e-05,8607
M-2022-6,129,174,2,6.418691228858436e-05,8608
M-2022-6,49,25,2,6.391205700955485e-05,8609
M-2022-6,49,53,2,6.391205700955485e-05,8610
M-2022-6,49,54,2,6.391205700955485e-05,8611
M-2022-6,49,69,2,6.391205700955485e-05,8612
M-2022-6,49,84,2,6.391205700955485e-05,8613
M-2022-6,49,90,2,6.391205700955485e-05,8614
M-2022-6,49,96,2,6.391205700955485e-05,8615
M-2022-6,49,99,2,6.391205700955485e-05,8616
M-2022-6,49,111,2,6.391205700955485e-05,8617
M-2022-6,49,125,2,6.391205700955485e-05,8618
M-2022-6,49,128,2,6.391205700955485e-05,8619
M-2022-6,49,131,2,6.391205700955485e-05,8620
M-2022-6,49,146,2,6.391205700955485e-05,8621
M-2022-6,49,168,2,6.391205700955485e-05,8622
M-2022-6,49,174,2,6.391205700955485e-05,8623
M-2022-6,49,176,2,6.391205700955485e-05,8624
M-2022-6,124,0,2,6.278449223041909e-05,8625
M-2022-6,124,3,2,6.278449223041909e-05,8626
M-2022-6,124,5,2,6.278449223041909e-05,8627
M-2022-6,124,10,2,6.278449223041909e-05,8628
M-2022-6,124,11,2,6.278449223041909e-05,8629
M-2022-6,124,13,2,6.278449223041909e-05,8630
M-2022-6,124,19,2,6.278449223041909e-05,8631
M-2022-6,124,20,2,6.278449223041909e-05,8632
M-2022-6,124,36,2,6.278449223041909e-05,8633
M-2022-6,124,59,2,6.278449223041909e-05,8634
M-2022-6,124,62,2,6.278449223041909e-05,8635
M-2022-6,124,74,2,6.278449223041909e-05,8636
M-2022-6,124,108,2,6.278449223041909e-05,8637
M-2022-6,124,114,2,6.278449223041909e-05,8638
M-2022-6,124,163,2,6.278449223041909e-05,8639
M-2022-6,78,61,3,6.1264499264826e-05,8640
M-2022-6,78,124,3,6.1264499264826e-05,8641
M-2022-6,78,156,3,6.1264499264826e-05,8642
M-2022-6,133,12,3,6.0916179337231965e-05,8643
M-2022-6,133,41,3,6.0916179337231965e-05,8644
M-2022-6,133,46,3,6.0916179337231965e-05,8645
M-2022-6,133,53,3,6.0916179337231965e-05,8646
M-2022-6,133,63,3,6.0916179337231965e-05,8647
M-2022-6,133,104,3,6.0916179337231965e-05,8648
M-2022-6,133,134,3,6.0916179337231965e-05,8649
M-2022-6,93,15,2,6.0631783180743344e-05,8650
M-2022-6,93,53,2,6.0631783180743344e-05,8651
M-2022-6,93,66,2,6.0631783180743344e-05,8652
M-2022-6,93,69,2,6.0631783180743344e-05,8653
M-2022-6,93,72,2,6.0631783180743344e-05,8654
M-2022-6,93,79,2,6.0631783180743344e-05,8655
M-2022-6,93,87,2,6.0631783180743344e-05,8656
M-2022-6,93,95,2,6.0631783180743344e-05,8657
M-2022-6,93,102,2,6.0631783180743344e-05,8658
M-2022-6,93,116,2,6.0631783180743344e-05,8659
M-2022-6,93,141,2,6.0631783180743344e-05,8660
M-2022-6,93,160,2,6.0631783180743344e-05,8661
M-2022-6,93,166,2,6.0631783180743344e-05,8662
M-2022-6,93,168,2,6.0631783180743344e-05,8663
M-2022-6,132,12,1,6.05070490712168e-05,8664
M-2022-6,132,13,1,6.05070490712168e-05,8665
M-2022-6,132,19,1,6.05070490712168e-05,8666
M-2022-6,132,20,1,6.05070490712168e-05,8667
M-2022-6,132,26,1,6.05070490712168e-05,8668
M-2022-6,132,39,1,6.05070490712168e-05,8669
M-2022-6,132,75,1,6.05070490712168e-05,8670
M-2022-6,132,76,1,6.05070490712168e-05,8671
M-2022-6,132,83,1,6.05070490712168e-05,8672
M-2022-6,132,99,1,6.05070490712168e-05,8673
M-2022-6,132,102,1,6.05070490712168e-05,8674
M-2022-6,132,104,1,6.05070490712168e-05,8675
M-2022-6,132,105,1,6.05070490712168e-05,8676
M-2022-6,132,116,1,6.05070490712168e-05,8677
M-2022-6,132,125,1,6.05070490712168e-05,8678
M-2022-6,132,128,1,6.05070490712168e-05,8679
M-2022-6,132,141,1,6.05070490712168e-05,8680
M-2022-6,132,155,1,6.05070490712168e-05,8681
M-2022-6,132,157,1,6.05070490712168e-05,8682
M-2022-6,72,1,1,6.0070883642698386e-05,8683
M-2022-6,72,2,1,6.0070883642698386e-05,8684
M-2022-6,72,24,1,6.0070883642698386e-05,8685
M-2022-6,72,51,1,6.0070883642698386e-05,8686
M-2022-6,72,66,1,6.0070883642698386e-05,8687
M-2022-6,72,110,1,6.0070883642698386e-05,8688
M-2022-6,72,111,1,6.0070883642698386e-05,8689
M-2022-6,72,116,1,6.0070883642698386e-05,8690
M-2022-6,72,130,1,6.0070883642698386e-05,8691
M-2022-6,72,133,1,6.0070883642698386e-05,8692
M-2022-6,72,151,1,6.0070883642698386e-05,8693
M-2022-6,72,154,1,6.0070883642698386e-05,8694
M-2022-6,72,168,1,6.0070883642698386e-05,8695
M-2022-6,72,172,1,6.0070883642698386e-05,8696
M-2022-6,140,22,4,5.9940359342454256e-05,8697
M-2022-6,140,23,4,5.9940359342454256e-05,8698
M-2022-6,140,72,4,5.9940359342454256e-05,8699
M-2022-6,140,125,4,5.9940359342454256e-05,8700
M-2022-6,140,134,4,5.9940359342454256e-05,8701
M-2022-6,140,148,4,5.9940359342454256e-05,8702
M-2022-6,142,3,3,5.9642147117296226e-05,8703
M-2022-6,142,13,3,5.9642147117296226e-05,8704
M-2022-6,142,32,3,5.9642147117296226e-05,8705
M-2022-6,142,73,3,5.9642147117296226e-05,8706
M-2022-6,142,95,3,5.9642147117296226e-05,8707
M-2022-6,142,116,3,5.9642147117296226e-05,8708
M-2022-6,142,126,3,5.9642147117296226e-05,8709
M-2022-6,142,154,3,5.9642147117296226e-05,8710
M-2022-6,142,171,3,5.9642147117296226e-05,8711
M-2022-6,82,0,4,5.8913632614587014e-05,8712
M-2022-6,82,26,4,5.8913632614587014e-05,8713
M-2022-6,82,40,4,5.8913632614587014e-05,8714
M-2022-6,82,87,4,5.8913632614587014e-05,8715
M-2022-6,82,111,4,5.8913632614587014e-05,8716
M-2022-6,82,112,4,5.8913632614587014e-05,8717
M-2022-6,82,127,4,5.8913632614587014e-05,8718
M-2022-6,82,129,4,5.8913632614587014e-05,8719
M-2022-6,82,163,4,5.8913632614587014e-05,8720
M-2022-6,96,4,3,5.8261477511069683e-05,8721
M-2022-6,96,13,3,5.8261477511069683e-05,8722
M-2022-6,96,103,3,5.8261477511069683e-05,8723
M-2022-6,96,137,3,5.8261477511069683e-05,8724
M-2022-6,96,157,3,5.8261477511069683e-05,8725
M-2022-6,96,176,3,5.8261477511069683e-05,8726
M-2022-6,115,16,1,5.7981098161999185e-05,8727
M-2022-6,115,20,1,5.7981098161999185e-05,8728
M-2022-6,115,24,1,5.7981098161999185e-05,8729
M-2022-6,115,26,1,5.7981098161999185e-05,8730
M-2022-6,115,33,1,5.7981098161999185e-05,8731
M-2022-6,115,46,1,5.7981098161999185e-05,8732
M-2022-6,115,64,1,5.7981098161999185e-05,8733
M-2022-6,115,68,1,5.7981098161999185e-05,8734
M-2022-6,115,69,1,5.7981098161999185e-05,8735
M-2022-6,115,70,1,5.7981098161999185e-05,8736
M-2022-6,115,82,1,5.7981098161999185e-05,8737
M-2022-6,115,96,1,5.7981098161999185e-05,8738
M-2022-6,115,100,1,5.7981098161999185e-05,8739
M-2022-6,115,122,1,5.7981098161999185e-05,8740
M-2022-6,115,137,1,5.7981098161999185e-05,8741
M-2022-6,115,140,1,5.7981098161999185e-05,8742
M-2022-6,115,144,1,5.7981098161999185e-05,8743
M-2022-6,28,0,1,5.7573838447809316e-05,8744
M-2022-6,28,9,1,5.7573838447809316e-05,8745
M-2022-6,28,22,1,5.7573838447809316e-05,8746
M-2022-6,28,32,1,5.7573838447809316e-05,8747
M-2022-6,28,37,1,5.7573838447809316e-05,8748
M-2022-6,28,39,1,5.7573838447809316e-05,8749
M-2022-6,28,69,1,5.7573838447809316e-05,8750
M-2022-6,28,77,1,5.7573838447809316e-05,8751
M-2022-6,28,81,1,5.7573838447809316e-05,8752
M-2022-6,28,87,1,5.7573838447809316e-05,8753
M-2022-6,28,107,1,5.7573838447809316e-05,8754
M-2022-6,28,137,1,5.7573838447809316e-05,8755
M-2022-6,28,146,1,5.7573838447809316e-05,8756
M-2022-6,28,150,1,5.7573838447809316e-05,8757
M-2022-6,28,154,1,5.7573838447809316e-05,8758
M-2022-6,28,167,1,5.7573838447809316e-05,8759
M-2022-6,71,46,8,5.745475438092502e-05,8760
M-2022-6,71,172,8,5.745475438092502e-05,8761
M-2022-6,71,174,8,5.745475438092502e-05,8762
M-2022-6,153,72,4,5.7231975504714484e-05,8763
M-2022-6,153,101,4,5.7231975504714484e-05,8764
M-2022-6,153,108,4,5.7231975504714484e-05,8765
M-2022-6,153,159,4,5.7231975504714484e-05,8766
M-2022-6,77,18,4,5.700360547804649e-05,8767
M-2022-6,77,21,4,5.700360547804649e-05,8768
M-2022-6,77,24,4,5.700360547804649e-05,8769
M-2022-6,77,96,4,5.700360547804649e-05,8770
M-2022-6,102,8,4,5.67649646638095e-05,8771
M-2022-6,102,66,4,5.67649646638095e-05,8772
M-2022-6,102,122,4,5.67649646638095e-05,8773
M-2022-6,102,134,4,5.67649646638095e-05,8774
M-2022-6,102,160,4,5.67649646638095e-05,8775
M-2022-6,102,164,4,5.67649646638095e-05,8776
M-2022-6,149,4,3,5.5817068859657286e-05,8777
M-2022-6,149,5,3,5.5817068859657286e-05,8778
M-2022-6,149,15,3,5.5817068859657286e-05,8779
M-2022-6,149,16,3,5.5817068859657286e-05,8780
M-2022-6,149,30,3,5.5817068859657286e-05,8781
M-2022-6,149,62,3,5.5817068859657286e-05,8782
M-2022-6,149,94,3,5.5817068859657286e-05,8783
M-2022-6,149,116,3,5.5817068859657286e-05,8784
M-2022-6,101,86,3,5.410962610248363e-05,8785
M-2022-6,25,11,3,5.4082313280813395e-05,8786
M-2022-6,25,13,3,5.4082313280813395e-05,8787
M-2022-6,25,45,3,5.4082313280813395e-05,8788
M-2022-6,25,52,3,5.4082313280813395e-05,8789
M-2022-6,25,61,3,5.4082313280813395e-05,8790
M-2022-6,25,74,3,5.4082313280813395e-05,8791
M-2022-6,25,85,3,5.4082313280813395e-05,8792
M-2022-6,25,104,3,5.4082313280813395e-05,8793
M-2022-6,25,112,3,5.4082313280813395e-05,8794
M-2022-6,25,116,3,5.4082313280813395e-05,8795
M-2022-6,25,120,3,5.4082313280813395e-05,8796
M-2022-6,25,121,3,5.4082313280813395e-05,8797
M-2022-6,25,134,3,5.4082313280813395e-05,8798
M-2022-6,25,139,3,5.4082313280813395e-05,8799
M-2022-6,122,12,3,5.394616173059287e-05,8800
M-2022-6,122,30,3,5.394616173059287e-05,8801
M-2022-6,122,64,3,5.394616173059287e-05,8802
M-2022-6,122,73,3,5.394616173059287e-05,8803
M-2022-6,122,78,3,5.394616173059287e-05,8804
M-2022-6,122,102,3,5.394616173059287e-05,8805
M-2022-6,122,104,3,5.394616173059287e-05,8806
M-2022-6,122,112,3,5.394616173059287e-05,8807
M-2022-6,122,125,3,5.394616173059287e-05,8808
M-2022-6,122,137,3,5.394616173059287e-05,8809
M-2022-6,122,158,3,5.394616173059287e-05,8810
M-2022-6,122,169,3,5.394616173059287e-05,8811
M-2022-6,117,0,4,5.357908272610373e-05,8812
M-2022-6,117,16,4,5.357908272610373e-05,8813
M-2022-6,117,55,4,5.357908272610373e-05,8814
M-2022-6,117,85,4,5.357908272610373e-05,8815
M-2022-6,117,126,4,5.357908272610373e-05,8816
M-2022-6,117,165,4,5.357908272610373e-05,8817
M-2022-6,131,63,2,5.31660375352225e-05,8818
M-2022-6,131,71,2,5.31660375352225e-05,8819
M-2022-6,131,99,2,5.31660375352225e-05,8820
M-2022-6,131,126,2,5.31660375352225e-05,8821
M-2022-6,131,143,2,5.31660375352225e-05,8822
M-2022-6,131,176,2,5.31660375352225e-05,8823
M-2022-6,95,14,3,5.296797203291077e-05,8824
M-2022-6,95,52,3,5.296797203291077e-05,8825
M-2022-6,95,122,3,5.296797203291077e-05,8826
M-2022-6,95,142,3,5.296797203291077e-05,8827
M-2022-6,95,156,3,5.296797203291077e-05,8828
M-2022-6,19,24,1,5.175983436853002e-05,8829
M-2022-6,19,50,1,5.175983436853002e-05,8830
M-2022-6,19,66,1,5.175983436853002e-05,8831
M-2022-6,19,73,1,5.175983436853002e-05,8832
M-2022-6,19,82,1,5.175983436853002e-05,8833
M-2022-6,19,84,1,5.175983436853002e-05,8834
M-2022-6,19,91,1,5.175983436853002e-05,8835
M-2022-6,19,104,1,5.175983436853002e-05,8836
M-2022-6,19,105,1,5.175983436853002e-05,8837
M-2022-6,19,115,1,5.175983436853002e-05,8838
M-2022-6,19,130,1,5.175983436853002e-05,8839
M-2022-6,19,131,1,5.175983436853002e-05,8840
M-2022-6,19,136,1,5.175983436853002e-05,8841
M-2022-6,19,138,1,5.175983436853002e-05,8842
M-2022-6,19,141,1,5.175983436853002e-05,8843
M-2022-6,19,151,1,5.175983436853002e-05,8844
M-2022-6,51,3,1,5.055867334041155e-05,8845
M-2022-6,51,5,1,5.055867334041155e-05,8846
M-2022-6,51,6,1,5.055867334041155e-05,8847
M-2022-6,51,11,1,5.055867334041155e-05,8848
M-2022-6,51,15,1,5.055867334041155e-05,8849
M-2022-6,51,17,1,5.055867334041155e-05,8850
M-2022-6,51,22,1,5.055867334041155e-05,8851
M-2022-6,51,23,1,5.055867334041155e-05,8852
M-2022-6,51,24,1,5.055867334041155e-05,8853
M-2022-6,51,29,1,5.055867334041155e-05,8854
M-2022-6,51,52,1,5.055867334041155e-05,8855
M-2022-6,51,56,1,5.055867334041155e-05,8856
M-2022-6,51,57,1,5.055867334041155e-05,8857
M-2022-6,51,63,1,5.055867334041155e-05,8858
M-2022-6,51,66,1,5.055867334041155e-05,8859
M-2022-6,51,85,1,5.055867334041155e-05,8860
M-2022-6,51,88,1,5.055867334041155e-05,8861
M-2022-6,51,92,1,5.055867334041155e-05,8862
M-2022-6,51,102,1,5.055867334041155e-05,8863
M-2022-6,51,118,1,5.055867334041155e-05,8864
M-2022-6,51,123,1,5.055867334041155e-05,8865
M-2022-6,51,159,1,5.055867334041155e-05,8866
M-2022-6,71,50,7,5.0272910083309395e-05,8867
M-2022-6,71,93,7,5.0272910083309395e-05,8868
M-2022-6,71,138,7,5.0272910083309395e-05,8869
M-2022-6,138,4,2,4.9809478743804945e-05,8870
M-2022-6,138,12,2,4.9809478743804945e-05,8871
M-2022-6,138,16,2,4.9809478743804945e-05,8872
M-2022-6,138,23,2,4.9809478743804945e-05,8873
M-2022-6,138,52,2,4.9809478743804945e-05,8874
M-2022-6,138,56,2,4.9809478743804945e-05,8875
M-2022-6,138,70,2,4.9809478743804945e-05,8876
M-2022-6,138,76,2,4.9809478743804945e-05,8877
M-2022-6,138,114,2,4.9809478743804945e-05,8878
M-2022-6,138,137,2,4.9809478743804945e-05,8879
M-2022-6,138,143,2,4.9809478743804945e-05,8880
M-2022-6,138,152,2,4.9809478743804945e-05,8881
M-2022-6,138,169,2,4.9809478743804945e-05,8882
M-2022-6,98,27,3,4.917952164718611e-05,8883
M-2022-6,98,83,3,4.917952164718611e-05,8884
M-2022-6,98,102,3,4.917952164718611e-05,8885
M-2022-6,97,22,2,4.763606049779683e-05,8886
M-2022-6,97,29,2,4.763606049779683e-05,8887
M-2022-6,97,71,2,4.763606049779683e-05,8888
M-2022-6,97,124,2,4.763606049779683e-05,8889
M-2022-6,97,150,2,4.763606049779683e-05,8890
M-2022-6,79,14,1,4.667662434652726e-05,8891
M-2022-6,79,15,1,4.667662434652726e-05,8892
M-2022-6,79,31,1,4.667662434652726e-05,8893
M-2022-6,79,40,1,4.667662434652726e-05,8894
M-2022-6,79,52,1,4.667662434652726e-05,8895
M-2022-6,79,61,1,4.667662434652726e-05,8896
M-2022-6,79,90,1,4.667662434652726e-05,8897
M-2022-6,79,96,1,4.667662434652726e-05,8898
M-2022-6,79,100,1,4.667662434652726e-05,8899
M-2022-6,79,111,1,4.667662434652726e-05,8900
M-2022-6,79,120,1,4.667662434652726e-05,8901
M-2022-6,79,122,1,4.667662434652726e-05,8902
M-2022-6,79,136,1,4.667662434652726e-05,8903
M-2022-6,79,137,1,4.667662434652726e-05,8904
M-2022-6,79,173,1,4.667662434652726e-05,8905
M-2022-6,136,10,1,4.6444661186196645e-05,8906
M-2022-6,136,19,1,4.6444661186196645e-05,8907
M-2022-6,136,20,1,4.6444661186196645e-05,8908
M-2022-6,136,32,1,4.6444661186196645e-05,8909
M-2022-6,136,38,1,4.6444661186196645e-05,8910
M-2022-6,136,44,1,4.6444661186196645e-05,8911
M-2022-6,136,45,1,4.6444661186196645e-05,8912
M-2022-6,136,73,1,4.6444661186196645e-05,8913
M-2022-6,136,87,1,4.6444661186196645e-05,8914
M-2022-6,136,89,1,4.6444661186196645e-05,8915
M-2022-6,136,105,1,4.6444661186196645e-05,8916
M-2022-6,136,107,1,4.6444661186196645e-05,8917
M-2022-6,136,108,1,4.6444661186196645e-05,8918
M-2022-6,136,110,1,4.6444661186196645e-05,8919
M-2022-6,136,119,1,4.6444661186196645e-05,8920
M-2022-6,136,130,1,4.6444661186196645e-05,8921
M-2022-6,136,137,1,4.6444661186196645e-05,8922
M-2022-6,136,141,1,4.6444661186196645e-05,8923
M-2022-6,136,154,1,4.6444661186196645e-05,8924
M-2022-6,136,162,1,4.6444661186196645e-05,8925
M-2022-6,136,163,1,4.6444661186196645e-05,8926
M-2022-6,136,166,1,4.6444661186196645e-05,8927
M-2022-6,136,172,1,4.6444661186196645e-05,8928
M-2022-6,140,12,3,4.495526950684069e-05,8929
M-2022-6,140,90,3,4.495526950684069e-05,8930
M-2022-6,140,135,3,4.495526950684069e-05,8931
M-2022-6,140,165,3,4.495526950684069e-05,8932
M-2022-6,175,13,2,4.447607187333215e-05,8933
M-2022-6,175,18,2,4.447607187333215e-05,8934
M-2022-6,175,22,2,4.447607187333215e-05,8935
M-2022-6,175,29,2,4.447607187333215e-05,8936
M-2022-6,175,68,2,4.447607187333215e-05,8937
M-2022-6,175,89,2,4.447607187333215e-05,8938
M-2022-6,175,115,2,4.447607187333215e-05,8939
M-2022-6,175,138,2,4.447607187333215e-05,8940
M-2022-6,175,139,2,4.447607187333215e-05,8941
M-2022-6,175,141,2,4.447607187333215e-05,8942
M-2022-6,175,154,2,4.447607187333215e-05,8943
M-2022-6,175,163,2,4.447607187333215e-05,8944
M-2022-6,175,170,2,4.447607187333215e-05,8945
M-2022-6,175,172,2,4.447607187333215e-05,8946
M-2022-6,86,10,1,4.439708755105665e-05,8947
M-2022-6,86,16,1,4.439708755105665e-05,8948
M-2022-6,86,17,1,4.439708755105665e-05,8949
M-2022-6,86,20,1,4.439708755105665e-05,8950
M-2022-6,86,23,1,4.439708755105665e-05,8951
M-2022-6,86,27,1,4.439708755105665e-05,8952
M-2022-6,86,31,1,4.439708755105665e-05,8953
M-2022-6,86,35,1,4.439708755105665e-05,8954
M-2022-6,86,36,1,4.439708755105665e-05,8955
M-2022-6,86,42,1,4.439708755105665e-05,8956
M-2022-6,86,55,1,4.439708755105665e-05,8957
M-2022-6,86,65,1,4.439708755105665e-05,8958
M-2022-6,86,75,1,4.439708755105665e-05,8959
M-2022-6,86,79,1,4.439708755105665e-05,8960
M-2022-6,86,81,1,4.439708755105665e-05,8961
M-2022-6,86,83,1,4.439708755105665e-05,8962
M-2022-6,86,84,1,4.439708755105665e-05,8963
M-2022-6,86,85,1,4.439708755105665e-05,8964
M-2022-6,86,90,1,4.439708755105665e-05,8965
M-2022-6,86,92,1,4.439708755105665e-05,8966
M-2022-6,86,97,1,4.439708755105665e-05,8967
M-2022-6,86,107,1,4.439708755105665e-05,8968
M-2022-6,86,119,1,4.439708755105665e-05,8969
M-2022-6,86,123,1,4.439708755105665e-05,8970
M-2022-6,86,127,1,4.439708755105665e-05,8971
M-2022-6,86,135,1,4.439708755105665e-05,8972
M-2022-6,86,141,1,4.439708755105665e-05,8973
M-2022-6,86,157,1,4.439708755105665e-05,8974
M-2022-6,86,169,1,4.439708755105665e-05,8975
M-2022-6,86,170,1,4.439708755105665e-05,8976
M-2022-6,82,20,3,4.4185224460940264e-05,8977
M-2022-6,82,23,3,4.4185224460940264e-05,8978
M-2022-6,82,51,3,4.4185224460940264e-05,8979
M-2022-6,82,53,3,4.4185224460940264e-05,8980
M-2022-6,82,83,3,4.4185224460940264e-05,8981
M-2022-6,82,136,3,4.4185224460940264e-05,8982
M-2022-6,82,138,3,4.4185224460940264e-05,8983
M-2022-6,82,157,3,4.4185224460940264e-05,8984
M-2022-6,82,168,3,4.4185224460940264e-05,8985
M-2022-6,82,172,3,4.4185224460940264e-05,8986
M-2022-6,71,0,6,4.3091065785693765e-05,8987
M-2022-6,71,59,6,4.3091065785693765e-05,8988
M-2022-6,71,97,6,4.3091065785693765e-05,8989
M-2022-6,71,98,6,4.3091065785693765e-05,8990
M-2022-6,71,108,6,4.3091065785693765e-05,8991
M-2022-6,71,118,6,4.3091065785693765e-05,8992
M-2022-6,153,27,3,4.2923981628535864e-05,8993
M-2022-6,153,50,3,4.2923981628535864e-05,8994
M-2022-6,153,89,3,4.2923981628535864e-05,8995
M-2022-6,153,97,3,4.2923981628535864e-05,8996
M-2022-6,153,103,3,4.2923981628535864e-05,8997
M-2022-6,77,13,3,4.2752704108534864e-05,8998
M-2022-6,77,16,3,4.2752704108534864e-05,8999
M-2022-6,77,28,3,4.2752704108534864e-05,9000
M-2022-6,77,66,3,4.2752704108534864e-05,9001
M-2022-6,77,97,3,4.2752704108534864e-05,9002
M-2022-6,77,98,3,4.2752704108534864e-05,9003
M-2022-6,77,131,3,4.2752704108534864e-05,9004
M-2022-6,77,134,3,4.2752704108534864e-05,9005
M-2022-6,77,143,3,4.2752704108534864e-05,9006
M-2022-6,77,172,3,4.2752704108534864e-05,9007
M-2022-6,102,51,3,4.2573723497857125e-05,9008
M-2022-6,102,153,3,4.2573723497857125e-05,9009
M-2022-6,99,3,1,4.208222867483062e-05,9010
M-2022-6,99,5,1,4.208222867483062e-05,9011
M-2022-6,99,9,1,4.208222867483062e-05,9012
M-2022-6,99,12,1,4.208222867483062e-05,9013
M-2022-6,99,26,1,4.208222867483062e-05,9014
M-2022-6,99,32,1,4.208222867483062e-05,9015
M-2022-6,99,51,1,4.208222867483062e-05,9016
M-2022-6,99,53,1,4.208222867483062e-05,9017
M-2022-6,99,75,1,4.208222867483062e-05,9018
M-2022-6,99,83,1,4.208222867483062e-05,9019
M-2022-6,99,97,1,4.208222867483062e-05,9020
M-2022-6,99,98,1,4.208222867483062e-05,9021
M-2022-6,99,107,1,4.208222867483062e-05,9022
M-2022-6,99,114,1,4.208222867483062e-05,9023
M-2022-6,99,120,1,4.208222867483062e-05,9024
M-2022-6,99,121,1,4.208222867483062e-05,9025
M-2022-6,99,125,1,4.208222867483062e-05,9026
M-2022-6,99,129,1,4.208222867483062e-05,9027
M-2022-6,99,146,1,4.208222867483062e-05,9028
M-2022-6,99,154,1,4.208222867483062e-05,9029
M-2022-6,99,157,1,4.208222867483062e-05,9030
M-2022-6,99,172,1,4.208222867483062e-05,9031
M-2022-6,83,1,1,4.1583499667332004e-05,9032
M-2022-6,83,2,1,4.1583499667332004e-05,9033
M-2022-6,83,6,1,4.1583499667332004e-05,9034
M-2022-6,83,15,1,4.1583499667332004e-05,9035
M-2022-6,83,23,1,4.1583499667332004e-05,9036
M-2022-6,83,25,1,4.1583499667332004e-05,9037
M-2022-6,83,30,1,4.1583499667332004e-05,9038
M-2022-6,83,57,1,4.1583499667332004e-05,9039
M-2022-6,83,60,1,4.1583499667332004e-05,9040
M-2022-6,83,62,1,4.1583499667332004e-05,9041
M-2022-6,83,84,1,4.1583499667332004e-05,9042
M-2022-6,83,96,1,4.1583499667332004e-05,9043
M-2022-6,83,99,1,4.1583499667332004e-05,9044
M-2022-6,83,100,1,4.1583499667332004e-05,9045
M-2022-6,83,101,1,4.1583499667332004e-05,9046
M-2022-6,83,110,1,4.1583499667332004e-05,9047
M-2022-6,83,127,1,4.1583499667332004e-05,9048
M-2022-6,83,132,1,4.1583499667332004e-05,9049
M-2022-6,83,134,1,4.1583499667332004e-05,9050
M-2022-6,83,137,1,4.1583499667332004e-05,9051
M-2022-6,83,142,1,4.1583499667332004e-05,9052
M-2022-6,83,148,1,4.1583499667332004e-05,9053
M-2022-6,83,158,1,4.1583499667332004e-05,9054
M-2022-6,83,168,1,4.1583499667332004e-05,9055
M-2022-6,83,171,1,4.1583499667332004e-05,9056
M-2022-6,60,6,1,4.128648693282689e-05,9057
M-2022-6,60,12,1,4.128648693282689e-05,9058
M-2022-6,60,14,1,4.128648693282689e-05,9059
M-2022-6,60,20,1,4.128648693282689e-05,9060
M-2022-6,60,22,1,4.128648693282689e-05,9061
M-2022-6,60,30,1,4.128648693282689e-05,9062
M-2022-6,60,31,1,4.128648693282689e-05,9063
M-2022-6,60,32,1,4.128648693282689e-05,9064
M-2022-6,60,55,1,4.128648693282689e-05,9065
M-2022-6,60,83,1,4.128648693282689e-05,9066
M-2022-6,60,87,1,4.128648693282689e-05,9067
M-2022-6,60,95,1,4.128648693282689e-05,9068
M-2022-6,60,97,1,4.128648693282689e-05,9069
M-2022-6,60,102,1,4.128648693282689e-05,9070
M-2022-6,60,104,1,4.128648693282689e-05,9071
M-2022-6,60,105,1,4.128648693282689e-05,9072
M-2022-6,60,106,1,4.128648693282689e-05,9073
M-2022-6,60,110,1,4.128648693282689e-05,9074
M-2022-6,60,111,1,4.128648693282689e-05,9075
M-2022-6,60,116,1,4.128648693282689e-05,9076
M-2022-6,60,118,1,4.128648693282689e-05,9077
M-2022-6,60,119,1,4.128648693282689e-05,9078
M-2022-6,60,124,1,4.128648693282689e-05,9079
M-2022-6,60,131,1,4.128648693282689e-05,9080
M-2022-6,60,135,1,4.128648693282689e-05,9081
M-2022-6,60,144,1,4.128648693282689e-05,9082
M-2022-6,60,145,1,4.128648693282689e-05,9083
M-2022-6,60,150,1,4.128648693282689e-05,9084
M-2022-6,60,152,1,4.128648693282689e-05,9085
M-2022-6,60,161,1,4.128648693282689e-05,9086
M-2022-6,60,162,1,4.128648693282689e-05,9087
M-2022-6,60,173,1,4.128648693282689e-05,9088
M-2022-6,60,176,1,4.128648693282689e-05,9089
M-2022-6,78,84,2,4.0842999509884004e-05,9090
M-2022-6,78,110,2,4.0842999509884004e-05,9091
M-2022-6,78,117,2,4.0842999509884004e-05,9092
M-2022-6,78,128,2,4.0842999509884004e-05,9093
M-2022-6,78,136,2,4.0842999509884004e-05,9094
M-2022-6,78,158,2,4.0842999509884004e-05,9095
M-2022-6,133,17,2,4.061078622482131e-05,9096
M-2022-6,133,28,2,4.061078622482131e-05,9097
M-2022-6,133,43,2,4.061078622482131e-05,9098
M-2022-6,133,68,2,4.061078622482131e-05,9099
M-2022-6,133,71,2,4.061078622482131e-05,9100
M-2022-6,133,75,2,4.061078622482131e-05,9101
M-2022-6,133,78,2,4.061078622482131e-05,9102
M-2022-6,133,99,2,4.061078622482131e-05,9103
M-2022-6,133,111,2,4.061078622482131e-05,9104
M-2022-6,133,124,2,4.061078622482131e-05,9105
M-2022-6,133,127,2,4.061078622482131e-05,9106
M-2022-6,133,147,2,4.061078622482131e-05,9107
M-2022-6,117,31,3,4.01843120445778e-05,9108
M-2022-6,117,33,3,4.01843120445778e-05,9109
M-2022-6,117,39,3,4.01843120445778e-05,9110
M-2022-6,117,65,3,4.01843120445778e-05,9111
M-2022-6,117,69,3,4.01843120445778e-05,9112
M-2022-6,117,78,3,4.01843120445778e-05,9113
M-2022-6,117,89,3,4.01843120445778e-05,9114
M-2022-6,117,168,3,4.01843120445778e-05,9115
M-2022-6,142,1,2,3.9761431411530815e-05,9116
M-2022-6,142,33,2,3.9761431411530815e-05,9117
M-2022-6,142,37,2,3.9761431411530815e-05,9118
M-2022-6,142,40,2,3.9761431411530815e-05,9119
M-2022-6,142,62,2,3.9761431411530815e-05,9120
M-2022-6,142,70,2,3.9761431411530815e-05,9121
M-2022-6,142,80,2,3.9761431411530815e-05,9122
M-2022-6,142,84,2,3.9761431411530815e-05,9123
M-2022-6,142,101,2,3.9761431411530815e-05,9124
M-2022-6,142,105,2,3.9761431411530815e-05,9125
M-2022-6,142,132,2,3.9761431411530815e-05,9126
M-2022-6,142,157,2,3.9761431411530815e-05,9127
M-2022-6,142,164,2,3.9761431411530815e-05,9128
M-2022-6,75,39,1,3.9105271390583454e-05,9129
M-2022-6,75,60,1,3.9105271390583454e-05,9130
M-2022-6,75,80,1,3.9105271390583454e-05,9131
M-2022-6,75,81,1,3.9105271390583454e-05,9132
M-2022-6,75,87,1,3.9105271390583454e-05,9133
M-2022-6,75,100,1,3.9105271390583454e-05,9134
M-2022-6,75,101,1,3.9105271390583454e-05,9135
M-2022-6,75,111,1,3.9105271390583454e-05,9136
M-2022-6,75,119,1,3.9105271390583454e-05,9137
M-2022-6,75,125,1,3.9105271390583454e-05,9138
M-2022-6,75,129,1,3.9105271390583454e-05,9139
M-2022-6,75,139,1,3.9105271390583454e-05,9140
M-2022-6,75,141,1,3.9105271390583454e-05,9141
M-2022-6,75,154,1,3.9105271390583454e-05,9142
M-2022-6,96,10,2,3.884098500737979e-05,9143
M-2022-6,96,17,2,3.884098500737979e-05,9144
M-2022-6,96,30,2,3.884098500737979e-05,9145
M-2022-6,96,48,2,3.884098500737979e-05,9146
M-2022-6,96,51,2,3.884098500737979e-05,9147
M-2022-6,96,59,2,3.884098500737979e-05,9148
M-2022-6,96,61,2,3.884098500737979e-05,9149
M-2022-6,96,64,2,3.884098500737979e-05,9150
M-2022-6,96,175,2,3.884098500737979e-05,9151
M-2022-6,73,24,1,3.7305080952025664e-05,9152
M-2022-6,73,25,1,3.7305080952025664e-05,9153
M-2022-6,73,46,1,3.7305080952025664e-05,9154
M-2022-6,73,51,1,3.7305080952025664e-05,9155
M-2022-6,73,55,1,3.7305080952025664e-05,9156
M-2022-6,73,60,1,3.7305080952025664e-05,9157
M-2022-6,73,91,1,3.7305080952025664e-05,9158
M-2022-6,73,95,1,3.7305080952025664e-05,9159
M-2022-6,73,100,1,3.7305080952025664e-05,9160
M-2022-6,73,112,1,3.7305080952025664e-05,9161
M-2022-6,73,138,1,3.7305080952025664e-05,9162
M-2022-6,73,158,1,3.7305080952025664e-05,9163
M-2022-6,73,172,1,3.7305080952025664e-05,9164
M-2022-6,149,10,2,3.7211379239771524e-05,9165
M-2022-6,149,13,2,3.7211379239771524e-05,9166
M-2022-6,149,22,2,3.7211379239771524e-05,9167
M-2022-6,149,26,2,3.7211379239771524e-05,9168
M-2022-6,149,67,2,3.7211379239771524e-05,9169
M-2022-6,149,79,2,3.7211379239771524e-05,9170
M-2022-6,149,92,2,3.7211379239771524e-05,9171
M-2022-6,149,131,2,3.7211379239771524e-05,9172
M-2022-6,149,165,2,3.7211379239771524e-05,9173
M-2022-6,101,30,2,3.6073084068322424e-05,9174
M-2022-6,101,87,2,3.6073084068322424e-05,9175
M-2022-6,101,113,2,3.6073084068322424e-05,9176
M-2022-6,101,130,2,3.6073084068322424e-05,9177
M-2022-6,101,153,2,3.6073084068322424e-05,9178
M-2022-6,101,175,2,3.6073084068322424e-05,9179
M-2022-6,25,1,2,3.6054875520542266e-05,9180
M-2022-6,25,17,2,3.6054875520542266e-05,9181
M-2022-6,25,60,2,3.6054875520542266e-05,9182
M-2022-6,25,72,2,3.6054875520542266e-05,9183
M-2022-6,25,87,2,3.6054875520542266e-05,9184
M-2022-6,25,100,2,3.6054875520542266e-05,9185
M-2022-6,25,102,2,3.6054875520542266e-05,9186
M-2022-6,25,137,2,3.6054875520542266e-05,9187
M-2022-6,25,148,2,3.6054875520542266e-05,9188
M-2022-6,25,162,2,3.6054875520542266e-05,9189
M-2022-6,25,167,2,3.6054875520542266e-05,9190
M-2022-6,25,176,2,3.6054875520542266e-05,9191
M-2022-6,122,13,2,3.596410782039525e-05,9192
M-2022-6,122,18,2,3.596410782039525e-05,9193
M-2022-6,122,32,2,3.596410782039525e-05,9194
M-2022-6,122,43,2,3.596410782039525e-05,9195
M-2022-6,122,46,2,3.596410782039525e-05,9196
M-2022-6,122,54,2,3.596410782039525e-05,9197
M-2022-6,122,62,2,3.596410782039525e-05,9198
M-2022-6,122,87,2,3.596410782039525e-05,9199
M-2022-6,122,101,2,3.596410782039525e-05,9200
M-2022-6,122,120,2,3.596410782039525e-05,9201
M-2022-6,122,131,2,3.596410782039525e-05,9202
M-2022-6,122,134,2,3.596410782039525e-05,9203
M-2022-6,122,147,2,3.596410782039525e-05,9204
M-2022-6,122,157,2,3.596410782039525e-05,9205
M-2022-6,71,29,5,3.590922148807814e-05,9206
M-2022-6,71,87,5,3.590922148807814e-05,9207
M-2022-6,71,141,5,3.590922148807814e-05,9208
M-2022-6,95,1,2,3.5311981355273846e-05,9209
M-2022-6,95,16,2,3.5311981355273846e-05,9210
M-2022-6,95,85,2,3.5311981355273846e-05,9211
M-2022-6,95,100,2,3.5311981355273846e-05,9212
M-2022-6,95,124,2,3.5311981355273846e-05,9213
M-2022-6,95,129,2,3.5311981355273846e-05,9214
M-2022-6,95,135,2,3.5311981355273846e-05,9215
M-2022-6,95,136,2,3.5311981355273846e-05,9216
M-2022-6,95,176,2,3.5311981355273846e-05,9217
M-2022-6,29,5,1,3.4723427896801975e-05,9218
M-2022-6,29,9,1,3.4723427896801975e-05,9219
M-2022-6,29,20,1,3.4723427896801975e-05,9220
M-2022-6,29,26,1,3.4723427896801975e-05,9221
M-2022-6,29,79,1,3.4723427896801975e-05,9222
M-2022-6,29,84,1,3.4723427896801975e-05,9223
M-2022-6,29,87,1,3.4723427896801975e-05,9224
M-2022-6,29,89,1,3.4723427896801975e-05,9225
M-2022-6,29,98,1,3.4723427896801975e-05,9226
M-2022-6,29,100,1,3.4723427896801975e-05,9227
M-2022-6,29,102,1,3.4723427896801975e-05,9228
M-2022-6,29,126,1,3.4723427896801975e-05,9229
M-2022-6,29,146,1,3.4723427896801975e-05,9230
M-2022-6,29,158,1,3.4723427896801975e-05,9231
M-2022-6,29,161,1,3.4723427896801975e-05,9232
M-2022-6,29,166,1,3.4723427896801975e-05,9233
M-2022-6,29,169,1,3.4723427896801975e-05,9234
M-2022-6,29,174,1,3.4723427896801975e-05,9235
M-2022-6,18,9,1,3.4252440486384655e-05,9236
M-2022-6,18,13,1,3.4252440486384655e-05,9237
M-2022-6,18,21,1,3.4252440486384655e-05,9238
M-2022-6,18,24,1,3.4252440486384655e-05,9239
M-2022-6,18,27,1,3.4252440486384655e-05,9240
M-2022-6,18,32,1,3.4252440486384655e-05,9241
M-2022-6,18,54,1,3.4252440486384655e-05,9242
M-2022-6,18,56,1,3.4252440486384655e-05,9243
M-2022-6,18,62,1,3.4252440486384655e-05,9244
M-2022-6,18,68,1,3.4252440486384655e-05,9245
M-2022-6,18,69,1,3.4252440486384655e-05,9246
M-2022-6,18,80,1,3.4252440486384655e-05,9247
M-2022-6,18,89,1,3.4252440486384655e-05,9248
M-2022-6,18,108,1,3.4252440486384655e-05,9249
M-2022-6,18,114,1,3.4252440486384655e-05,9250
M-2022-6,18,130,1,3.4252440486384655e-05,9251
M-2022-6,18,138,1,3.4252440486384655e-05,9252
M-2022-6,18,151,1,3.4252440486384655e-05,9253
M-2022-6,18,157,1,3.4252440486384655e-05,9254
M-2022-6,18,165,1,3.4252440486384655e-05,9255
M-2022-6,18,176,1,3.4252440486384655e-05,9256
M-2022-6,156,11,1,3.3444816053511705e-05,9257
M-2022-6,156,15,1,3.3444816053511705e-05,9258
M-2022-6,156,16,1,3.3444816053511705e-05,9259
M-2022-6,156,34,1,3.3444816053511705e-05,9260
M-2022-6,156,74,1,3.3444816053511705e-05,9261
M-2022-6,156,90,1,3.3444816053511705e-05,9262
M-2022-6,156,91,1,3.3444816053511705e-05,9263
M-2022-6,156,97,1,3.3444816053511705e-05,9264
M-2022-6,156,100,1,3.3444816053511705e-05,9265
M-2022-6,156,101,1,3.3444816053511705e-05,9266
M-2022-6,156,102,1,3.3444816053511705e-05,9267
M-2022-6,156,103,1,3.3444816053511705e-05,9268
M-2022-6,156,106,1,3.3444816053511705e-05,9269
M-2022-6,156,107,1,3.3444816053511705e-05,9270
M-2022-6,156,114,1,3.3444816053511705e-05,9271
M-2022-6,156,121,1,3.3444816053511705e-05,9272
M-2022-6,156,127,1,3.3444816053511705e-05,9273
M-2022-6,156,134,1,3.3444816053511705e-05,9274
M-2022-6,156,137,1,3.3444816053511705e-05,9275
M-2022-6,156,162,1,3.3444816053511705e-05,9276
M-2022-6,156,165,1,3.3444816053511705e-05,9277
M-2022-6,156,173,1,3.3444816053511705e-05,9278
M-2022-6,98,91,2,3.278634776479074e-05,9279
M-2022-6,98,111,2,3.278634776479074e-05,9280
M-2022-6,98,170,2,3.278634776479074e-05,9281
M-2022-6,129,22,1,3.209345614429218e-05,9282
M-2022-6,129,68,1,3.209345614429218e-05,9283
M-2022-6,129,75,1,3.209345614429218e-05,9284
M-2022-6,129,76,1,3.209345614429218e-05,9285
M-2022-6,129,77,1,3.209345614429218e-05,9286
M-2022-6,129,78,1,3.209345614429218e-05,9287
M-2022-6,129,79,1,3.209345614429218e-05,9288
M-2022-6,129,84,1,3.209345614429218e-05,9289
M-2022-6,129,90,1,3.209345614429218e-05,9290
M-2022-6,129,94,1,3.209345614429218e-05,9291
M-2022-6,129,98,1,3.209345614429218e-05,9292
M-2022-6,129,102,1,3.209345614429218e-05,9293
M-2022-6,129,106,1,3.209345614429218e-05,9294
M-2022-6,129,107,1,3.209345614429218e-05,9295
M-2022-6,129,108,1,3.209345614429218e-05,9296
M-2022-6,129,109,1,3.209345614429218e-05,9297
M-2022-6,129,130,1,3.209345614429218e-05,9298
M-2022-6,129,134,1,3.209345614429218e-05,9299
M-2022-6,129,159,1,3.209345614429218e-05,9300
M-2022-6,129,160,1,3.209345614429218e-05,9301
M-2022-6,129,162,1,3.209345614429218e-05,9302
M-2022-6,129,166,1,3.209345614429218e-05,9303
M-2022-6,49,20,1,3.195602850477743e-05,9304
M-2022-6,49,22,1,3.195602850477743e-05,9305
M-2022-6,49,26,1,3.195602850477743e-05,9306
M-2022-6,49,31,1,3.195602850477743e-05,9307
M-2022-6,49,32,1,3.195602850477743e-05,9308
M-2022-6,49,38,1,3.195602850477743e-05,9309
M-2022-6,49,42,1,3.195602850477743e-05,9310
M-2022-6,49,67,1,3.195602850477743e-05,9311
M-2022-6,49,85,1,3.195602850477743e-05,9312
M-2022-6,49,91,1,3.195602850477743e-05,9313
M-2022-6,49,100,1,3.195602850477743e-05,9314
M-2022-6,49,127,1,3.195602850477743e-05,9315
M-2022-6,49,129,1,3.195602850477743e-05,9316
M-2022-6,49,134,1,3.195602850477743e-05,9317
M-2022-6,49,139,1,3.195602850477743e-05,9318
M-2022-6,49,141,1,3.195602850477743e-05,9319
M-2022-6,49,158,1,3.195602850477743e-05,9320
M-2022-6,49,173,1,3.195602850477743e-05,9321
M-2022-6,124,7,1,3.1392246115209545e-05,9322
M-2022-6,124,17,1,3.1392246115209545e-05,9323
M-2022-6,124,23,1,3.1392246115209545e-05,9324
M-2022-6,124,27,1,3.1392246115209545e-05,9325
M-2022-6,124,30,1,3.1392246115209545e-05,9326
M-2022-6,124,31,1,3.1392246115209545e-05,9327
M-2022-6,124,54,1,3.1392246115209545e-05,9328
M-2022-6,124,60,1,3.1392246115209545e-05,9329
M-2022-6,124,70,1,3.1392246115209545e-05,9330
M-2022-6,124,73,1,3.1392246115209545e-05,9331
M-2022-6,124,75,1,3.1392246115209545e-05,9332
M-2022-6,124,79,1,3.1392246115209545e-05,9333
M-2022-6,124,88,1,3.1392246115209545e-05,9334
M-2022-6,124,95,1,3.1392246115209545e-05,9335
M-2022-6,124,112,1,3.1392246115209545e-05,9336
M-2022-6,124,116,1,3.1392246115209545e-05,9337
M-2022-6,124,126,1,3.1392246115209545e-05,9338
M-2022-6,124,131,1,3.1392246115209545e-05,9339
M-2022-6,124,132,1,3.1392246115209545e-05,9340
M-2022-6,124,137,1,3.1392246115209545e-05,9341
M-2022-6,124,139,1,3.1392246115209545e-05,9342
M-2022-6,124,147,1,3.1392246115209545e-05,9343
M-2022-6,124,148,1,3.1392246115209545e-05,9344
M-2022-6,124,152,1,3.1392246115209545e-05,9345
M-2022-6,124,164,1,3.1392246115209545e-05,9346
M-2022-6,124,171,1,3.1392246115209545e-05,9347
M-2022-6,124,177,1,3.1392246115209545e-05,9348
M-2022-6,93,8,1,3.0315891590371672e-05,9349
M-2022-6,93,16,1,3.0315891590371672e-05,9350
M-2022-6,93,17,1,3.0315891590371672e-05,9351
M-2022-6,93,21,1,3.0315891590371672e-05,9352
M-2022-6,93,32,1,3.0315891590371672e-05,9353
M-2022-6,93,42,1,3.0315891590371672e-05,9354
M-2022-6,93,73,1,3.0315891590371672e-05,9355
M-2022-6,93,74,1,3.0315891590371672e-05,9356
M-2022-6,93,81,1,3.0315891590371672e-05,9357
M-2022-6,93,84,1,3.0315891590371672e-05,9358
M-2022-6,93,90,1,3.0315891590371672e-05,9359
M-2022-6,93,94,1,3.0315891590371672e-05,9360
M-2022-6,93,101,1,3.0315891590371672e-05,9361
M-2022-6,93,103,1,3.0315891590371672e-05,9362
M-2022-6,93,111,1,3.0315891590371672e-05,9363
M-2022-6,93,120,1,3.0315891590371672e-05,9364
M-2022-6,93,121,1,3.0315891590371672e-05,9365
M-2022-6,93,127,1,3.0315891590371672e-05,9366
M-2022-6,93,130,1,3.0315891590371672e-05,9367
M-2022-6,93,152,1,3.0315891590371672e-05,9368
M-2022-6,93,154,1,3.0315891590371672e-05,9369
M-2022-6,93,157,1,3.0315891590371672e-05,9370
M-2022-6,93,163,1,3.0315891590371672e-05,9371
M-2022-6,93,170,1,3.0315891590371672e-05,9372
M-2022-6,140,24,2,2.9970179671227128e-05,9373
M-2022-6,140,29,2,2.9970179671227128e-05,9374
M-2022-6,140,37,2,2.9970179671227128e-05,9375
M-2022-6,140,45,2,2.9970179671227128e-05,9376
M-2022-6,140,54,2,2.9970179671227128e-05,9377
M-2022-6,140,55,2,2.9970179671227128e-05,9378
M-2022-6,140,64,2,2.9970179671227128e-05,9379
M-2022-6,140,112,2,2.9970179671227128e-05,9380
M-2022-6,140,114,2,2.9970179671227128e-05,9381
M-2022-6,140,118,2,2.9970179671227128e-05,9382
M-2022-6,140,123,2,2.9970179671227128e-05,9383
M-2022-6,140,124,2,2.9970179671227128e-05,9384
M-2022-6,140,138,2,2.9970179671227128e-05,9385
M-2022-6,140,162,2,2.9970179671227128e-05,9386
M-2022-6,82,1,2,2.9456816307293507e-05,9387
M-2022-6,82,9,2,2.9456816307293507e-05,9388
M-2022-6,82,50,2,2.9456816307293507e-05,9389
M-2022-6,82,61,2,2.9456816307293507e-05,9390
M-2022-6,82,62,2,2.9456816307293507e-05,9391
M-2022-6,82,63,2,2.9456816307293507e-05,9392
M-2022-6,82,66,2,2.9456816307293507e-05,9393
M-2022-6,82,99,2,2.9456816307293507e-05,9394
M-2022-6,82,102,2,2.9456816307293507e-05,9395
M-2022-6,82,120,2,2.9456816307293507e-05,9396
M-2022-6,82,135,2,2.9456816307293507e-05,9397
M-2022-6,82,139,2,2.9456816307293507e-05,9398
M-2022-6,82,176,2,2.9456816307293507e-05,9399
M-2022-6,71,9,4,2.872737719046251e-05,9400
M-2022-6,71,13,4,2.872737719046251e-05,9401
M-2022-6,71,16,4,2.872737719046251e-05,9402
M-2022-6,71,17,4,2.872737719046251e-05,9403
M-2022-6,71,101,4,2.872737719046251e-05,9404
M-2022-6,71,127,4,2.872737719046251e-05,9405
M-2022-6,71,137,4,2.872737719046251e-05,9406
M-2022-6,71,157,4,2.872737719046251e-05,9407
M-2022-6,153,57,2,2.8615987752357242e-05,9408
M-2022-6,153,67,2,2.8615987752357242e-05,9409
M-2022-6,153,69,2,2.8615987752357242e-05,9410
M-2022-6,153,102,2,2.8615987752357242e-05,9411
M-2022-6,153,106,2,2.8615987752357242e-05,9412
M-2022-6,153,163,2,2.8615987752357242e-05,9413
M-2022-6,77,17,2,2.8501802739023244e-05,9414
M-2022-6,77,91,2,2.8501802739023244e-05,9415
M-2022-6,77,101,2,2.8501802739023244e-05,9416
M-2022-6,77,116,2,2.8501802739023244e-05,9417
M-2022-6,77,121,2,2.8501802739023244e-05,9418
M-2022-6,77,138,2,2.8501802739023244e-05,9419
M-2022-6,77,159,2,2.8501802739023244e-05,9420
M-2022-6,77,164,2,2.8501802739023244e-05,9421
M-2022-6,77,165,2,2.8501802739023244e-05,9422
M-2022-6,102,3,2,2.838248233190475e-05,9423
M-2022-6,102,29,2,2.838248233190475e-05,9424
M-2022-6,102,44,2,2.838248233190475e-05,9425
M-2022-6,102,45,2,2.838248233190475e-05,9426
M-2022-6,102,50,2,2.838248233190475e-05,9427
M-2022-6,102,62,2,2.838248233190475e-05,9428
M-2022-6,102,71,2,2.838248233190475e-05,9429
M-2022-6,102,86,2,2.838248233190475e-05,9430
M-2022-6,102,96,2,2.838248233190475e-05,9431
M-2022-6,102,175,2,2.838248233190475e-05,9432
M-2022-6,117,5,2,2.6789541363051864e-05,9433
M-2022-6,117,10,2,2.6789541363051864e-05,9434
M-2022-6,117,30,2,2.6789541363051864e-05,9435
M-2022-6,117,44,2,2.6789541363051864e-05,9436
M-2022-6,117,118,2,2.6789541363051864e-05,9437
M-2022-6,117,152,2,2.6789541363051864e-05,9438
M-2022-6,117,167,2,2.6789541363051864e-05,9439
M-2022-6,117,169,2,2.6789541363051864e-05,9440
M-2022-6,131,2,1,2.658301876761125e-05,9441
M-2022-6,131,13,1,2.658301876761125e-05,9442
M-2022-6,131,14,1,2.658301876761125e-05,9443
M-2022-6,131,19,1,2.658301876761125e-05,9444
M-2022-6,131,29,1,2.658301876761125e-05,9445
M-2022-6,131,32,1,2.658301876761125e-05,9446
M-2022-6,131,41,1,2.658301876761125e-05,9447
M-2022-6,131,43,1,2.658301876761125e-05,9448
M-2022-6,131,52,1,2.658301876761125e-05,9449
M-2022-6,131,64,1,2.658301876761125e-05,9450
M-2022-6,131,73,1,2.658301876761125e-05,9451
M-2022-6,131,74,1,2.658301876761125e-05,9452
M-2022-6,131,82,1,2.658301876761125e-05,9453
M-2022-6,131,86,1,2.658301876761125e-05,9454
M-2022-6,131,90,1,2.658301876761125e-05,9455
M-2022-6,131,95,1,2.658301876761125e-05,9456
M-2022-6,131,110,1,2.658301876761125e-05,9457
M-2022-6,131,111,1,2.658301876761125e-05,9458
M-2022-6,131,128,1,2.658301876761125e-05,9459
M-2022-6,131,140,1,2.658301876761125e-05,9460
M-2022-6,131,157,1,2.658301876761125e-05,9461
M-2022-6,131,158,1,2.658301876761125e-05,9462
M-2022-6,131,172,1,2.658301876761125e-05,9463
M-2022-6,131,173,1,2.658301876761125e-05,9464
M-2022-6,138,24,1,2.4904739371902472e-05,9465
M-2022-6,138,27,1,2.4904739371902472e-05,9466
M-2022-6,138,32,1,2.4904739371902472e-05,9467
M-2022-6,138,33,1,2.4904739371902472e-05,9468
M-2022-6,138,43,1,2.4904739371902472e-05,9469
M-2022-6,138,48,1,2.4904739371902472e-05,9470
M-2022-6,138,55,1,2.4904739371902472e-05,9471
M-2022-6,138,57,1,2.4904739371902472e-05,9472
M-2022-6,138,79,1,2.4904739371902472e-05,9473
M-2022-6,138,94,1,2.4904739371902472e-05,9474
M-2022-6,138,110,1,2.4904739371902472e-05,9475
M-2022-6,138,113,1,2.4904739371902472e-05,9476
M-2022-6,138,118,1,2.4904739371902472e-05,9477
M-2022-6,138,123,1,2.4904739371902472e-05,9478
M-2022-6,138,127,1,2.4904739371902472e-05,9479
M-2022-6,138,144,1,2.4904739371902472e-05,9480
M-2022-6,138,146,1,2.4904739371902472e-05,9481
M-2022-6,138,150,1,2.4904739371902472e-05,9482
M-2022-6,138,158,1,2.4904739371902472e-05,9483
M-2022-6,138,167,1,2.4904739371902472e-05,9484
M-2022-6,138,171,1,2.4904739371902472e-05,9485
M-2022-6,138,173,1,2.4904739371902472e-05,9486
M-2022-6,97,18,1,2.3818030248898416e-05,9487
M-2022-6,97,24,1,2.3818030248898416e-05,9488
M-2022-6,97,30,1,2.3818030248898416e-05,9489
M-2022-6,97,59,1,2.3818030248898416e-05,9490
M-2022-6,97,73,1,2.3818030248898416e-05,9491
M-2022-6,97,77,1,2.3818030248898416e-05,9492
M-2022-6,97,93,1,2.3818030248898416e-05,9493
M-2022-6,97,94,1,2.3818030248898416e-05,9494
M-2022-6,97,112,1,2.3818030248898416e-05,9495
M-2022-6,97,118,1,2.3818030248898416e-05,9496
M-2022-6,97,130,1,2.3818030248898416e-05,9497
M-2022-6,97,133,1,2.3818030248898416e-05,9498
M-2022-6,97,175,1,2.3818030248898416e-05,9499
M-2022-6,175,1,1,2.2238035936666074e-05,9500
M-2022-6,175,12,1,2.2238035936666074e-05,9501
M-2022-6,175,15,1,2.2238035936666074e-05,9502
M-2022-6,175,16,1,2.2238035936666074e-05,9503
M-2022-6,175,17,1,2.2238035936666074e-05,9504
M-2022-6,175,19,1,2.2238035936666074e-05,9505
M-2022-6,175,30,1,2.2238035936666074e-05,9506
M-2022-6,175,31,1,2.2238035936666074e-05,9507
M-2022-6,175,36,1,2.2238035936666074e-05,9508
M-2022-6,175,43,1,2.2238035936666074e-05,9509
M-2022-6,175,52,1,2.2238035936666074e-05,9510
M-2022-6,175,53,1,2.2238035936666074e-05,9511
M-2022-6,175,54,1,2.2238035936666074e-05,9512
M-2022-6,175,101,1,2.2238035936666074e-05,9513
M-2022-6,175,104,1,2.2238035936666074e-05,9514
M-2022-6,175,108,1,2.2238035936666074e-05,9515
M-2022-6,175,112,1,2.2238035936666074e-05,9516
M-2022-6,175,132,1,2.2238035936666074e-05,9517
M-2022-6,175,146,1,2.2238035936666074e-05,9518
M-2022-6,175,159,1,2.2238035936666074e-05,9519
M-2022-6,175,160,1,2.2238035936666074e-05,9520
M-2022-6,175,161,1,2.2238035936666074e-05,9521
M-2022-6,175,166,1,2.2238035936666074e-05,9522
M-2022-6,175,171,1,2.2238035936666074e-05,9523
M-2022-6,175,174,1,2.2238035936666074e-05,9524
M-2022-6,71,24,3,2.1545532892846882e-05,9525
M-2022-6,71,45,3,2.1545532892846882e-05,9526
M-2022-6,71,66,3,2.1545532892846882e-05,9527
M-2022-6,71,83,3,2.1545532892846882e-05,9528
M-2022-6,71,120,3,2.1545532892846882e-05,9529
M-2022-6,71,132,3,2.1545532892846882e-05,9530
M-2022-6,71,171,3,2.1545532892846882e-05,9531
M-2022-6,78,13,1,2.0421499754942002e-05,9532
M-2022-6,78,14,1,2.0421499754942002e-05,9533
M-2022-6,78,18,1,2.0421499754942002e-05,9534
M-2022-6,78,20,1,2.0421499754942002e-05,9535
M-2022-6,78,29,1,2.0421499754942002e-05,9536
M-2022-6,78,31,1,2.0421499754942002e-05,9537
M-2022-6,78,73,1,2.0421499754942002e-05,9538
M-2022-6,78,74,1,2.0421499754942002e-05,9539
M-2022-6,78,85,1,2.0421499754942002e-05,9540
M-2022-6,78,86,1,2.0421499754942002e-05,9541
M-2022-6,78,87,1,2.0421499754942002e-05,9542
M-2022-6,78,122,1,2.0421499754942002e-05,9543
M-2022-6,78,127,1,2.0421499754942002e-05,9544
M-2022-6,78,130,1,2.0421499754942002e-05,9545
M-2022-6,78,137,1,2.0421499754942002e-05,9546
M-2022-6,78,139,1,2.0421499754942002e-05,9547
M-2022-6,78,159,1,2.0421499754942002e-05,9548
M-2022-6,78,172,1,2.0421499754942002e-05,9549
M-2022-6,133,14,1,2.0305393112410655e-05,9550
M-2022-6,133,20,1,2.0305393112410655e-05,9551
M-2022-6,133,21,1,2.0305393112410655e-05,9552
M-2022-6,133,23,1,2.0305393112410655e-05,9553
M-2022-6,133,26,1,2.0305393112410655e-05,9554
M-2022-6,133,39,1,2.0305393112410655e-05,9555
M-2022-6,133,50,1,2.0305393112410655e-05,9556
M-2022-6,133,52,1,2.0305393112410655e-05,9557
M-2022-6,133,54,1,2.0305393112410655e-05,9558
M-2022-6,133,74,1,2.0305393112410655e-05,9559
M-2022-6,133,83,1,2.0305393112410655e-05,9560
M-2022-6,133,87,1,2.0305393112410655e-05,9561
M-2022-6,133,97,1,2.0305393112410655e-05,9562
M-2022-6,133,119,1,2.0305393112410655e-05,9563
M-2022-6,133,137,1,2.0305393112410655e-05,9564
M-2022-6,133,139,1,2.0305393112410655e-05,9565
M-2022-6,133,159,1,2.0305393112410655e-05,9566
M-2022-6,133,162,1,2.0305393112410655e-05,9567
M-2022-6,133,168,1,2.0305393112410655e-05,9568
M-2022-6,133,172,1,2.0305393112410655e-05,9569
M-2022-6,142,0,1,1.9880715705765408e-05,9570
M-2022-6,142,15,1,1.9880715705765408e-05,9571
M-2022-6,142,22,1,1.9880715705765408e-05,9572
M-2022-6,142,23,1,1.9880715705765408e-05,9573
M-2022-6,142,26,1,1.9880715705765408e-05,9574
M-2022-6,142,36,1,1.9880715705765408e-05,9575
M-2022-6,142,39,1,1.9880715705765408e-05,9576
M-2022-6,142,45,1,1.9880715705765408e-05,9577
M-2022-6,142,50,1,1.9880715705765408e-05,9578
M-2022-6,142,54,1,1.9880715705765408e-05,9579
M-2022-6,142,91,1,1.9880715705765408e-05,9580
M-2022-6,142,96,1,1.9880715705765408e-05,9581
M-2022-6,142,102,1,1.9880715705765408e-05,9582
M-2022-6,142,104,1,1.9880715705765408e-05,9583
M-2022-6,142,114,1,1.9880715705765408e-05,9584
M-2022-6,142,127,1,1.9880715705765408e-05,9585
M-2022-6,142,128,1,1.9880715705765408e-05,9586
M-2022-6,142,131,1,1.9880715705765408e-05,9587
M-2022-6,142,134,1,1.9880715705765408e-05,9588
M-2022-6,142,147,1,1.9880715705765408e-05,9589
M-2022-6,142,162,1,1.9880715705765408e-05,9590
M-2022-6,96,0,1,1.9420492503689893e-05,9591
M-2022-6,96,6,1,1.9420492503689893e-05,9592
M-2022-6,96,9,1,1.9420492503689893e-05,9593
M-2022-6,96,19,1,1.9420492503689893e-05,9594
M-2022-6,96,22,1,1.9420492503689893e-05,9595
M-2022-6,96,24,1,1.9420492503689893e-05,9596
M-2022-6,96,49,1,1.9420492503689893e-05,9597
M-2022-6,96,54,1,1.9420492503689893e-05,9598
M-2022-6,96,65,1,1.9420492503689893e-05,9599
M-2022-6,96,66,1,1.9420492503689893e-05,9600
M-2022-6,96,73,1,1.9420492503689893e-05,9601
M-2022-6,96,76,1,1.9420492503689893e-05,9602
M-2022-6,96,77,1,1.9420492503689893e-05,9603
M-2022-6,96,79,1,1.9420492503689893e-05,9604
M-2022-6,96,85,1,1.9420492503689893e-05,9605
M-2022-6,96,104,1,1.9420492503689893e-05,9606
M-2022-6,96,107,1,1.9420492503689893e-05,9607
M-2022-6,96,123,1,1.9420492503689893e-05,9608
M-2022-6,96,134,1,1.9420492503689893e-05,9609
M-2022-6,96,136,1,1.9420492503689893e-05,9610
M-2022-6,96,142,1,1.9420492503689893e-05,9611
M-2022-6,96,158,1,1.9420492503689893e-05,9612
M-2022-6,96,159,1,1.9420492503689893e-05,9613
M-2022-6,96,165,1,1.9420492503689893e-05,9614
M-2022-6,96,167,1,1.9420492503689893e-05,9615
M-2022-6,96,168,1,1.9420492503689893e-05,9616
M-2022-6,96,169,1,1.9420492503689893e-05,9617
M-2022-6,149,12,1,1.8605689619885762e-05,9618
M-2022-6,149,17,1,1.8605689619885762e-05,9619
M-2022-6,149,20,1,1.8605689619885762e-05,9620
M-2022-6,149,31,1,1.8605689619885762e-05,9621
M-2022-6,149,36,1,1.8605689619885762e-05,9622
M-2022-6,149,37,1,1.8605689619885762e-05,9623
M-2022-6,149,38,1,1.8605689619885762e-05,9624
M-2022-6,149,40,1,1.8605689619885762e-05,9625
M-2022-6,149,42,1,1.8605689619885762e-05,9626
M-2022-6,149,55,1,1.8605689619885762e-05,9627
M-2022-6,149,72,1,1.8605689619885762e-05,9628
M-2022-6,149,73,1,1.8605689619885762e-05,9629
M-2022-6,149,75,1,1.8605689619885762e-05,9630
M-2022-6,149,89,1,1.8605689619885762e-05,9631
M-2022-6,149,95,1,1.8605689619885762e-05,9632
M-2022-6,149,106,1,1.8605689619885762e-05,9633
M-2022-6,149,108,1,1.8605689619885762e-05,9634
M-2022-6,149,113,1,1.8605689619885762e-05,9635
M-2022-6,149,121,1,1.8605689619885762e-05,9636
M-2022-6,149,126,1,1.8605689619885762e-05,9637
M-2022-6,149,128,1,1.8605689619885762e-05,9638
M-2022-6,149,137,1,1.8605689619885762e-05,9639
M-2022-6,149,139,1,1.8605689619885762e-05,9640
M-2022-6,149,147,1,1.8605689619885762e-05,9641
M-2022-6,149,150,1,1.8605689619885762e-05,9642
M-2022-6,149,154,1,1.8605689619885762e-05,9643
M-2022-6,149,159,1,1.8605689619885762e-05,9644
M-2022-6,149,170,1,1.8605689619885762e-05,9645
M-2022-6,149,173,1,1.8605689619885762e-05,9646
M-2022-6,101,2,1,1.8036542034161212e-05,9647
M-2022-6,101,10,1,1.8036542034161212e-05,9648
M-2022-6,101,47,1,1.8036542034161212e-05,9649
M-2022-6,101,55,1,1.8036542034161212e-05,9650
M-2022-6,101,56,1,1.8036542034161212e-05,9651
M-2022-6,101,61,1,1.8036542034161212e-05,9652
M-2022-6,101,77,1,1.8036542034161212e-05,9653
M-2022-6,101,122,1,1.8036542034161212e-05,9654
M-2022-6,101,136,1,1.8036542034161212e-05,9655
M-2022-6,101,137,1,1.8036542034161212e-05,9656
M-2022-6,101,158,1,1.8036542034161212e-05,9657
M-2022-6,101,165,1,1.8036542034161212e-05,9658
M-2022-6,25,39,1,1.8027437760271133e-05,9659
M-2022-6,25,42,1,1.8027437760271133e-05,9660
M-2022-6,25,53,1,1.8027437760271133e-05,9661
M-2022-6,25,55,1,1.8027437760271133e-05,9662
M-2022-6,25,63,1,1.8027437760271133e-05,9663
M-2022-6,25,73,1,1.8027437760271133e-05,9664
M-2022-6,25,76,1,1.8027437760271133e-05,9665
M-2022-6,25,79,1,1.8027437760271133e-05,9666
M-2022-6,25,101,1,1.8027437760271133e-05,9667
M-2022-6,25,103,1,1.8027437760271133e-05,9668
M-2022-6,25,119,1,1.8027437760271133e-05,9669
M-2022-6,25,141,1,1.8027437760271133e-05,9670
M-2022-6,25,151,1,1.8027437760271133e-05,9671
M-2022-6,25,164,1,1.8027437760271133e-05,9672
M-2022-6,122,7,1,1.7982053910197624e-05,9673
M-2022-6,122,15,1,1.7982053910197624e-05,9674
M-2022-6,122,20,1,1.7982053910197624e-05,9675
M-2022-6,122,23,1,1.7982053910197624e-05,9676
M-2022-6,122,33,1,1.7982053910197624e-05,9677
M-2022-6,122,41,1,1.7982053910197624e-05,9678
M-2022-6,122,55,1,1.7982053910197624e-05,9679
M-2022-6,122,69,1,1.7982053910197624e-05,9680
M-2022-6,122,79,1,1.7982053910197624e-05,9681
M-2022-6,122,80,1,1.7982053910197624e-05,9682
M-2022-6,122,90,1,1.7982053910197624e-05,9683
M-2022-6,122,91,1,1.7982053910197624e-05,9684
M-2022-6,122,94,1,1.7982053910197624e-05,9685
M-2022-6,122,103,1,1.7982053910197624e-05,9686
M-2022-6,122,106,1,1.7982053910197624e-05,9687
M-2022-6,122,126,1,1.7982053910197624e-05,9688
M-2022-6,122,139,1,1.7982053910197624e-05,9689
M-2022-6,122,146,1,1.7982053910197624e-05,9690
M-2022-6,122,161,1,1.7982053910197624e-05,9691
M-2022-6,122,174,1,1.7982053910197624e-05,9692
M-2022-6,95,53,1,1.7655990677636923e-05,9693
M-2022-6,95,96,1,1.7655990677636923e-05,9694
M-2022-6,95,108,1,1.7655990677636923e-05,9695
M-2022-6,95,131,1,1.7655990677636923e-05,9696
M-2022-6,95,148,1,1.7655990677636923e-05,9697
M-2022-6,95,153,1,1.7655990677636923e-05,9698
M-2022-6,95,155,1,1.7655990677636923e-05,9699
M-2022-6,95,158,1,1.7655990677636923e-05,9700
M-2022-6,95,164,1,1.7655990677636923e-05,9701
M-2022-6,95,167,1,1.7655990677636923e-05,9702
M-2022-6,95,173,1,1.7655990677636923e-05,9703
M-2022-6,98,2,1,1.639317388239537e-05,9704
M-2022-6,98,4,1,1.639317388239537e-05,9705
M-2022-6,98,22,1,1.639317388239537e-05,9706
M-2022-6,98,28,1,1.639317388239537e-05,9707
M-2022-6,98,53,1,1.639317388239537e-05,9708
M-2022-6,98,77,1,1.639317388239537e-05,9709
M-2022-6,98,90,1,1.639317388239537e-05,9710
M-2022-6,98,95,1,1.639317388239537e-05,9711
M-2022-6,98,113,1,1.639317388239537e-05,9712
M-2022-6,98,158,1,1.639317388239537e-05,9713
M-2022-6,98,165,1,1.639317388239537e-05,9714
M-2022-6,98,169,1,1.639317388239537e-05,9715
M-2022-6,140,0,1,1.4985089835613564e-05,9716
M-2022-6,140,3,1,1.4985089835613564e-05,9717
M-2022-6,140,10,1,1.4985089835613564e-05,9718
M-2022-6,140,30,1,1.4985089835613564e-05,9719
M-2022-6,140,31,1,1.4985089835613564e-05,9720
M-2022-6,140,80,1,1.4985089835613564e-05,9721
M-2022-6,140,85,1,1.4985089835613564e-05,9722
M-2022-6,140,87,1,1.4985089835613564e-05,9723
M-2022-6,140,88,1,1.4985089835613564e-05,9724
M-2022-6,140,95,1,1.4985089835613564e-05,9725
M-2022-6,140,120,1,1.4985089835613564e-05,9726
M-2022-6,140,137,1,1.4985089835613564e-05,9727
M-2022-6,140,152,1,1.4985089835613564e-05,9728
M-2022-6,140,160,1,1.4985089835613564e-05,9729
M-2022-6,140,164,1,1.4985089835613564e-05,9730
M-2022-6,140,166,1,1.4985089835613564e-05,9731
M-2022-6,140,174,1,1.4985089835613564e-05,9732
M-2022-6,82,4,1,1.4728408153646753e-05,9733
M-2022-6,82,16,1,1.4728408153646753e-05,9734
M-2022-6,82,17,1,1.4728408153646753e-05,9735
M-2022-6,82,24,1,1.4728408153646753e-05,9736
M-2022-6,82,39,1,1.4728408153646753e-05,9737
M-2022-6,82,43,1,1.4728408153646753e-05,9738
M-2022-6,82,46,1,1.4728408153646753e-05,9739
M-2022-6,82,52,1,1.4728408153646753e-05,9740
M-2022-6,82,57,1,1.4728408153646753e-05,9741
M-2022-6,82,85,1,1.4728408153646753e-05,9742
M-2022-6,82,91,1,1.4728408153646753e-05,9743
M-2022-6,82,93,1,1.4728408153646753e-05,9744
M-2022-6,82,95,1,1.4728408153646753e-05,9745
M-2022-6,82,98,1,1.4728408153646753e-05,9746
M-2022-6,82,100,1,1.4728408153646753e-05,9747
M-2022-6,82,105,1,1.4728408153646753e-05,9748
M-2022-6,82,108,1,1.4728408153646753e-05,9749
M-2022-6,82,114,1,1.4728408153646753e-05,9750
M-2022-6,82,115,1,1.4728408153646753e-05,9751
M-2022-6,82,118,1,1.4728408153646753e-05,9752
M-2022-6,82,170,1,1.4728408153646753e-05,9753
M-2022-6,82,171,1,1.4728408153646753e-05,9754
M-2022-6,71,3,2,1.4363688595231255e-05,9755
M-2022-6,71,12,2,1.4363688595231255e-05,9756
M-2022-6,71,19,2,1.4363688595231255e-05,9757
M-2022-6,71,53,2,1.4363688595231255e-05,9758
M-2022-6,71,62,2,1.4363688595231255e-05,9759
M-2022-6,71,85,2,1.4363688595231255e-05,9760
M-2022-6,71,115,2,1.4363688595231255e-05,9761
M-2022-6,71,119,2,1.4363688595231255e-05,9762
M-2022-6,71,121,2,1.4363688595231255e-05,9763
M-2022-6,71,130,2,1.4363688595231255e-05,9764
M-2022-6,71,131,2,1.4363688595231255e-05,9765
M-2022-6,71,143,2,1.4363688595231255e-05,9766
M-2022-6,71,163,2,1.4363688595231255e-05,9767
M-2022-6,153,0,1,1.4307993876178621e-05,9768
M-2022-6,153,15,1,1.4307993876178621e-05,9769
M-2022-6,153,34,1,1.4307993876178621e-05,9770
M-2022-6,153,35,1,1.4307993876178621e-05,9771
M-2022-6,153,38,1,1.4307993876178621e-05,9772
M-2022-6,153,54,1,1.4307993876178621e-05,9773
M-2022-6,153,56,1,1.4307993876178621e-05,9774
M-2022-6,153,59,1,1.4307993876178621e-05,9775
M-2022-6,153,64,1,1.4307993876178621e-05,9776
M-2022-6,153,65,1,1.4307993876178621e-05,9777
M-2022-6,153,70,1,1.4307993876178621e-05,9778
M-2022-6,153,73,1,1.4307993876178621e-05,9779
M-2022-6,153,88,1,1.4307993876178621e-05,9780
M-2022-6,153,92,1,1.4307993876178621e-05,9781
M-2022-6,153,95,1,1.4307993876178621e-05,9782
M-2022-6,153,98,1,1.4307993876178621e-05,9783
M-2022-6,153,107,1,1.4307993876178621e-05,9784
M-2022-6,153,113,1,1.4307993876178621e-05,9785
M-2022-6,153,120,1,1.4307993876178621e-05,9786
M-2022-6,153,121,1,1.4307993876178621e-05,9787
M-2022-6,153,128,1,1.4307993876178621e-05,9788
M-2022-6,153,134,1,1.4307993876178621e-05,9789
M-2022-6,153,137,1,1.4307993876178621e-05,9790
M-2022-6,153,147,1,1.4307993876178621e-05,9791
M-2022-6,153,150,1,1.4307993876178621e-05,9792
M-2022-6,153,170,1,1.4307993876178621e-05,9793
M-2022-6,77,4,1,1.4250901369511622e-05,9794
M-2022-6,77,8,1,1.4250901369511622e-05,9795
M-2022-6,77,19,1,1.4250901369511622e-05,9796
M-2022-6,77,29,1,1.4250901369511622e-05,9797
M-2022-6,77,30,1,1.4250901369511622e-05,9798
M-2022-6,77,50,1,1.4250901369511622e-05,9799
M-2022-6,77,55,1,1.4250901369511622e-05,9800
M-2022-6,77,60,1,1.4250901369511622e-05,9801
M-2022-6,77,61,1,1.4250901369511622e-05,9802
M-2022-6,77,63,1,1.4250901369511622e-05,9803
M-2022-6,77,68,1,1.4250901369511622e-05,9804
M-2022-6,77,84,1,1.4250901369511622e-05,9805
M-2022-6,77,88,1,1.4250901369511622e-05,9806
M-2022-6,77,89,1,1.4250901369511622e-05,9807
M-2022-6,77,94,1,1.4250901369511622e-05,9808
M-2022-6,77,99,1,1.4250901369511622e-05,9809
M-2022-6,77,104,1,1.4250901369511622e-05,9810
M-2022-6,77,105,1,1.4250901369511622e-05,9811
M-2022-6,77,106,1,1.4250901369511622e-05,9812
M-2022-6,77,107,1,1.4250901369511622e-05,9813
M-2022-6,77,112,1,1.4250901369511622e-05,9814
M-2022-6,77,115,1,1.4250901369511622e-05,9815
M-2022-6,77,118,1,1.4250901369511622e-05,9816
M-2022-6,77,119,1,1.4250901369511622e-05,9817
M-2022-6,77,120,1,1.4250901369511622e-05,9818
M-2022-6,77,127,1,1.4250901369511622e-05,9819
M-2022-6,77,148,1,1.4250901369511622e-05,9820
M-2022-6,77,166,1,1.4250901369511622e-05,9821
M-2022-6,77,168,1,1.4250901369511622e-05,9822
M-2022-6,77,170,1,1.4250901369511622e-05,9823
M-2022-6,77,173,1,1.4250901369511622e-05,9824
M-2022-6,102,2,1,1.4191241165952375e-05,9825
M-2022-6,102,5,1,1.4191241165952375e-05,9826
M-2022-6,102,18,1,1.4191241165952375e-05,9827
M-2022-6,102,23,1,1.4191241165952375e-05,9828
M-2022-6,102,27,1,1.4191241165952375e-05,9829
M-2022-6,102,43,1,1.4191241165952375e-05,9830
M-2022-6,102,55,1,1.4191241165952375e-05,9831
M-2022-6,102,82,1,1.4191241165952375e-05,9832
M-2022-6,102,94,1,1.4191241165952375e-05,9833
M-2022-6,102,98,1,1.4191241165952375e-05,9834
M-2022-6,102,99,1,1.4191241165952375e-05,9835
M-2022-6,102,112,1,1.4191241165952375e-05,9836
M-2022-6,102,115,1,1.4191241165952375e-05,9837
M-2022-6,102,130,1,1.4191241165952375e-05,9838
M-2022-6,102,152,1,1.4191241165952375e-05,9839
M-2022-6,102,155,1,1.4191241165952375e-05,9840
M-2022-6,117,27,1,1.3394770681525932e-05,9841
M-2022-6,117,35,1,1.3394770681525932e-05,9842
M-2022-6,117,45,1,1.3394770681525932e-05,9843
M-2022-6,117,67,1,1.3394770681525932e-05,9844
M-2022-6,117,70,1,1.3394770681525932e-05,9845
M-2022-6,117,146,1,1.3394770681525932e-05,9846
M-2022-6,117,148,1,1.3394770681525932e-05,9847
M-2022-6,117,154,1,1.3394770681525932e-05,9848
M-2022-6,117,173,1,1.3394770681525932e-05,9849
M-2022-6,71,1,1,7.1818442976156274e-06,9850
M-2022-6,71,4,1,7.1818442976156274e-06,9851
M-2022-6,71,22,1,7.1818442976156274e-06,9852
M-2022-6,71,30,1,7.1818442976156274e-06,9853
M-2022-6,71,54,1,7.1818442976156274e-06,9854
M-2022-6,71,55,1,7.1818442976156274e-06,9855
M-2022-6,71,68,1,7.1818442976156274e-06,9856
M-2022-6,71,94,1,7.1818442976156274e-06,9857
M-2022-6,71,102,1,7.1818442976156274e-06,9858
M-2022-6,71,105,1,7.1818442976156274e-06,9859
M-2022-6,71,110,1,7.1818442976156274e-06,9860
M-2022-6,71,123,1,7.1818442976156274e-06,9861
M-2022-6,71,125,1,7.1818442976156274e-06,9862
M-2022-6,71,135,1,7.1818442976156274e-06,9863
M-2022-6,71,148,1,7.1818442976156274e-06,9864
M-2022-6,71,151,1,7.1818442976156274e-06,9865
M-2022-6,71,159,1,7.1818442976156274e-06,9866
M-2022-6,71,160,1,7.1818442976156274e-06,9867
M-2022-6,71,176,1,7.1818442976156274e-06,9868
