{
  "static": {
    "source_accuracy": 0.8562992640884357,
    "aurc": 0.8314322832739044,
    "periods": {
      "M-2022-4": {
        "accuracy": 0.8774039159372103,
        "macro_f1": 0.8314183473632021,
        "arr": 1.02464635056208
      },
      "M-2022-5": {
        "accuracy": 0.8562992640884357,
        "macro_f1": 0.7984199028366403,
        "arr": 1.0
      },
      "M-2022-6": {
        "accuracy": 0.8417005475174217,
        "macro_f1": 0.7686550405750888,
        "arr": 0.982951384891642
      },
      "M-2022-7": {
        "accuracy": 0.809022478291536,
        "macro_f1": 0.7126605460060566,
        "arr": 0.9447894120903774
      },
      "M-2022-8": {
        "accuracy": 0.7910171469959614,
        "macro_f1": 0.6954087863098802,
        "arr": 0.9237624977268085
      },
      "M-2022-9": {
        "accuracy": 0.7672779267014603,
        "macro_f1": 0.6606629444104354,
        "arr": 0.8960394559234591
      },
      "M-2022-10": {
        "accuracy": 0.7624952693479136,
        "macro_f1": 0.6524110926014614,
        "arr": 0.8904541920395317
      },
      "M-2022-11": {
        "accuracy": 0.7341071440919998,
        "macro_f1": 0.6158201710820552,
        "arr": 0.857302084538734
      },
      "M-2022-12": {
        "accuracy": 0.7331565758140571,
        "macro_f1": 0.5976856131511463,
        "arr": 0.8561919956740021
      }
    }
  },
  "bn_adapt": {
    "source_accuracy": 0.8562992640884357,
    "aurc": 0.8314322832739044,
    "periods": {
      "M-2022-4": {
        "accuracy": 0.8774039159372103,
        "macro_f1": 0.8314183473632021,
        "arr": 1.02464635056208
      },
      "M-2022-5": {
        "accuracy": 0.8562992640884357,
        "macro_f1": 0.7984199028366403,
        "arr": 1.0
      },
      "M-2022-6": {
        "accuracy": 0.8417005475174217,
        "macro_f1": 0.7686550405750888,
        "arr": 0.982951384891642
      },
      "M-2022-7": {
        "accuracy": 0.809022478291536,
        "macro_f1": 0.7126605460060566,
        "arr": 0.9447894120903774
      },
      "M-2022-8": {
        "accuracy": 0.7910171469959614,
        "macro_f1": 0.6954087863098802,
        "arr": 0.9237624977268085
      },
      "M-2022-9": {
        "accuracy": 0.7672779267014603,
        "macro_f1": 0.6606629444104354,
        "arr": 0.8960394559234591
      },
      "M-2022-10": {
        "accuracy": 0.7624952693479136,
        "macro_f1": 0.6524110926014614,
        "arr": 0.8904541920395317
      },
      "M-2022-11": {
        "accuracy": 0.7341071440919998,
        "macro_f1": 0.6158201710820552,
        "arr": 0.857302084538734
      },
      "M-2022-12": {
        "accuracy": 0.7331565758140571,
        "macro_f1": 0.5976856131511463,
        "arr": 0.8561919956740021
      }
    }
  },
  "tent": {
    "source_accuracy": 0.8562992640884357,
    "aurc": 0.705710676756627,
    "periods": {
      "M-2022-4": {
        "accuracy": 0.866205156093662,
        "macro_f1": 0.8199142112224482,
        "arr": 1.0115682593932525
      },
      "M-2022-5": {
        "accuracy": 0.8235841662209467,
        "macro_f1": 0.7660100213644705,
        "arr": 0.9617947845578081
      },
      "M-2022-6": {
        "accuracy": 0.802997175667856,
        "macro_f1": 0.7304159280519141,
        "arr": 0.9377529671506586
      },
      "M-2022-7": {
        "accuracy": 0.7663460588017498,
        "macro_f1": 0.6650023139239465,
        "arr": 0.8949512056600392
      },
      "M-2022-8": {
        "accuracy": 0.7363119893166746,
        "macro_f1": 0.628991684676599,
        "arr": 0.8598769381175491
      },
      "M-2022-9": {
        "accuracy": 0.7067716095870572,
        "macro_f1": 0.5753706168386209,
        "arr": 0.8253792093812476
      },
      "M-2022-10": {
        "accuracy": 0.6882557707909892,
        "macro_f1": 0.5461761410942766,
        "arr": 0.803756116179388
      },
      "M-2022-11": {
        "accuracy": 0.49293842937392096,
        "macro_f1": 0.3860353827065962,
        "arr": 0.5756613955503901
      },
      "M-2022-12": {
        "accuracy": 0.25279913283063193,
        "macro_f1": 0.13341279970296627,
        "arr": 0.2952228775996282
      }
    }
  },
  "eata": {
    "source_accuracy": 0.8562992640884357,
    "aurc": 0.8314620678547746,
    "periods": {
      "M-2022-4": {
        "accuracy": 0.87738165969627,
        "macro_f1": 0.8313850240023597,
        "arr": 1.0246203593673262
      },
      "M-2022-5": {
        "accuracy": 0.8563046758660874,
        "macro_f1": 0.7983979043274588,
        "arr": 1.0000063199606477
      },
      "M-2022-6": {
        "accuracy": 0.8416951596270287,
        "macro_f1": 0.7686997404415377,
        "arr": 0.9829450928269177
      },
      "M-2022-7": {
        "accuracy": 0.8090358811634363,
        "macro_f1": 0.7127642633369224,
        "arr": 0.9448050641789197
      },
      "M-2022-8": {
        "accuracy": 0.7909799622979496,
        "macro_f1": 0.6955029433059701,
        "arr": 0.9237190728407071
      },
      "M-2022-9": {
        "accuracy": 0.7672976759128085,
        "macro_f1": 0.6607830862013069,
        "arr": 0.896062519368888
      },
      "M-2022-10": {
        "accuracy": 0.7625254971567723,
        "macro_f1": 0.652439691199096,
        "arr": 0.8904894925590188
      },
      "M-2022-11": {
        "accuracy": 0.7341613131501727,
        "macro_f1": 0.6159965794054444,
        "arr": 0.8573653440327504
      },
      "M-2022-12": {
        "accuracy": 0.7333529730576973,
        "macro_f1": 0.5979562570150192,
        "arr": 0.8564213515217491
      }
    }
  },
  "tta_tc": {
    "source_accuracy": 0.8562992640884357,
    "aurc": 0.828398506893534,
    "periods": {
      "M-2022-4": {
        "accuracy": 0.874146763458736,
        "macro_f1": 0.8271784649512489,
        "arr": 1.0208425957124927
      },
      "M-2022-5": {
        "accuracy": 0.8540885529177148,
        "macro_f1": 0.7967796000199857,
        "arr": 0.9974182960754097
      },
      "M-2022-6": {
        "accuracy": 0.8387856988147718,
        "macro_f1": 0.7685913305450465,
        "arr": 0.979547377875762
      },
      "M-2022-7": {
        "accuracy": 0.8053584681857705,
        "macro_f1": 0.7111144237607916,
        "arr": 0.9405105223850756
      },
      "M-2022-8": {
        "accuracy": 0.787914649800981,
        "macro_f1": 0.6939612611769722,
        "arr": 0.9201393517951311
      },
      "M-2022-9": {
        "accuracy": 0.7638942284904756,
        "macro_f1": 0.6564486125569701,
        "arr": 0.8920879189399644
      },
      "M-2022-10": {
        "accuracy": 0.7596949651352453,
        "macro_f1": 0.6502507148725597,
        "arr": 0.8871839519142534
      },
      "M-2022-11": {
        "accuracy": 0.7317836372563257,
        "macro_f1": 0.6136163698181479,
        "arr": 0.8545886560294293
      },
      "M-2022-12": {
        "accuracy": 0.7303409191768689,
        "macro_f1": 0.5951126968542134,
        "arr": 0.852903826741397
      }
    }
  }
}