{
  "static": {
    "source_accuracy": 0.8818787747366006,
    "aurc": 0.8317821898109203,
    "periods": {
      "M-2022-4": {
        "accuracy": 0.9032513776827746,
        "macro_f1": 0.8644506405660981,
        "arr": 1.0242353071175316
      },
      "M-2022-5": {
        "accuracy": 0.8818787747366006,
        "macro_f1": 0.8347595605945192,
        "arr": 1.0
      },
      "M-2022-6": {
        "accuracy": 0.8635156887561033,
        "macro_f1": 0.8007508265658859,
        "arr": 0.979177312679986
      },
      "M-2022-7": {
        "accuracy": 0.8273860823201584,
        "macro_f1": 0.72733926022684,
        "arr": 0.9382084091629056
      },
      "M-2022-8": {
        "accuracy": 0.8111868579763518,
        "macro_f1": 0.7112139689110738,
        "arr": 0.9198394169523322
      },
      "M-2022-9": {
        "accuracy": 0.7971674480427491,
        "macro_f1": 0.6854723810384276,
        "arr": 0.9039422093822894
      },
      "M-2022-10": {
        "accuracy": 0.790418283630303,
        "macro_f1": 0.6772489905633408,
        "arr": 0.8962890436572589
      },
      "M-2022-11": {
        "accuracy": 0.7637265800568919,
        "macro_f1": 0.6447543090007928,
        "arr": 0.8660221812062566
      },
      "M-2022-12": {
        "accuracy": 0.7570412982182222,
        "macro_f1": 0.6220040012180799,
        "arr": 0.858441454659497
      }
    }
  },
  "bn_adapt": {
    "source_accuracy": 0.8818787747366006,
    "aurc": 0.8317821898109203,
    "periods": {
      "M-2022-4": {
        "accuracy": 0.9032513776827746,
        "macro_f1": 0.8644506405660981,
        "arr": 1.0242353071175316
      },
      "M-2022-5": {
        "accuracy": 0.8818787747366006,
        "macro_f1": 0.8347595605945192,
        "arr": 1.0
      },
      "M-2022-6": {
        "accuracy": 0.8635156887561033,
        "macro_f1": 0.8007508265658859,
        "arr": 0.979177312679986
      },
      "M-2022-7": {
        "accuracy": 0.8273860823201584,
        "macro_f1": 0.72733926022684,
        "arr": 0.9382084091629056
      },
      "M-2022-8": {
        "accuracy": 0.8111868579763518,
        "macro_f1": 0.7112139689110738,
        "arr": 0.9198394169523322
      },
      "M-2022-9": {
        "accuracy": 0.7971674480427491,
        "macro_f1": 0.6854723810384276,
        "arr": 0.9039422093822894
      },
      "M-2022-10": {
        "accuracy": 0.790418283630303,
        "macro_f1": 0.6772489905633408,
        "arr": 0.8962890436572589
      },
      "M-2022-11": {
        "accuracy": 0.7637265800568919,
        "macro_f1": 0.6447543090007928,
        "arr": 0.8660221812062566
      },
      "M-2022-12": {
        "accuracy": 0.7570412982182222,
        "macro_f1": 0.6220040012180799,
        "arr": 0.858441454659497
      }
    }
  },
  "tent": {
    "source_accuracy": 0.8818787747366006,
    "aurc": 0.8204786033811601,
    "periods": {
      "M-2022-4": {
        "accuracy": 0.9015211656555422,
        "macro_f1": 0.8633819452967842,
        "arr": 1.0222733458176363
      },
      "M-2022-5": {
        "accuracy": 0.8759376969790561,
        "macro_f1": 0.830515978958496,
        "arr": 0.9932631582392728
      },
      "M-2022-6": {
        "accuracy": 0.8521264713611907,
        "macro_f1": 0.792848475033097,
        "arr": 0.9662625927420735
      },
      "M-2022-7": {
        "accuracy": 0.8140826740045062,
        "macro_f1": 0.7187414380074693,
        "arr": 0.9231231064016211
      },
      "M-2022-8": {
        "accuracy": 0.7957201009651691,
        "macro_f1": 0.6975679888012497,
        "arr": 0.9023010007274919
      },
      "M-2022-9": {
        "accuracy": 0.7830478882826251,
        "macro_f1": 0.6596756983455503,
        "arr": 0.8879314376474314
      },
      "M-2022-10": {
        "accuracy": 0.7798959819935704,
        "macro_f1": 0.650736552950626,
        "arr": 0.8843573565159334
      },
      "M-2022-11": {
        "accuracy": 0.751512629209506,
        "macro_f1": 0.6174274929858379,
        "arr": 0.8521722607894352
      },
      "M-2022-12": {
        "accuracy": 0.7396913157133044,
        "macro_f1": 0.5908280002579622,
        "arr": 0.8387675686312274
      }
    }
  },
  "eata": {
    "source_accuracy": 0.8818787747366006,
    "aurc": 0.8318189644220437,
    "periods": {
      "M-2022-4": {
        "accuracy": 0.9032556250231674,
        "macro_f1": 0.8644256013342949,
        "arr": 1.0242401233581697
      },
      "M-2022-5": {
        "accuracy": 0.8818906814271142,
        "macro_f1": 0.8347590494513712,
        "arr": 1.000013501504804
      },
      "M-2022-6": {
        "accuracy": 0.8635152565113352,
        "macro_f1": 0.8007347638216682,
        "arr": 0.979176822539186
      },
      "M-2022-7": {
        "accuracy": 0.8274236114555005,
        "macro_f1": 0.72737516980234,
        "arr": 0.938250965052011
      },
      "M-2022-8": {
        "accuracy": 0.8112495732773335,
        "macro_f1": 0.7112209548561155,
        "arr": 0.9199105325101371
      },
      "M-2022-9": {
        "accuracy": 0.7972185505126842,
        "macro_f1": 0.6854605245246954,
        "arr": 0.9040001566550883
      },
      "M-2022-10": {
        "accuracy": 0.7904705491215768,
        "macro_f1": 0.6772398567945088,
        "arr": 0.8963483097296161
      },
      "M-2022-11": {
        "accuracy": 0.7637911041547989,
        "macro_f1": 0.644780359365923,
        "arr": 0.8660953478361331
      },
      "M-2022-12": {
        "accuracy": 0.7571010006582383,
        "macro_f1": 0.6220065841009426,
        "arr": 0.8585091538056
      }
    }
  },
  "cotta": {
    "source_accuracy": 0.8818787747366006,
    "aurc": 0.8325910276258398,
    "periods": {
      "M-2022-4": {
        "accuracy": 0.9032718421410303,
        "macro_f1": 0.8644292814988604,
        "arr": 1.0242585126406056
      },
      "M-2022-5": {
        "accuracy": 0.8820050578178067,
        "macro_f1": 0.83482591522154,
        "arr": 1.0001431977782251
      },
      "M-2022-6": {
        "accuracy": 0.8633752092064678,
        "macro_f1": 0.8008377605743096,
        "arr": 0.9790180169200019
      },
      "M-2022-7": {
        "accuracy": 0.8279409773927169,
        "macro_f1": 0.7288746009222473,
        "arr": 0.938837628380393
      },
      "M-2022-8": {
        "accuracy": 0.8121676735597464,
        "macro_f1": 0.7117551863314158,
        "arr": 0.9209516056243949
      },
      "M-2022-9": {
        "accuracy": 0.7982785316416484,
        "macro_f1": 0.6854401063271376,
        "arr": 0.9052021145197401
      },
      "M-2022-10": {
        "accuracy": 0.7922756443294604,
        "macro_f1": 0.6778812138214698,
        "arr": 0.8983951842656573
      },
      "M-2022-11": {
        "accuracy": 0.7658088648736342,
        "macro_f1": 0.6460310847874531,
        "arr": 0.8683833728761255
      },
      "M-2022-12": {
        "accuracy": 0.758352484717309,
        "macro_f1": 0.6224254552548759,
        "arr": 0.8599282650201141
      }
    }
  },
  "sar": {
    "source_accuracy": 0.8818787747366006,
    "aurc": 0.8316423318327453,
    "periods": {
      "M-2022-4": {
        "accuracy": 0.9030332188353329,
        "macro_f1": 0.8642315286998172,
        "arr": 1.023987927484762
      },
      "M-2022-5": {
        "accuracy": 0.8816572381312846,
        "macro_f1": 0.8341371754024369,
        "arr": 0.9997487901833422
      },
      "M-2022-6": {
        "accuracy": 0.8629797052436478,
        "macro_f1": 0.8001826233067559,
        "arr": 0.9785695380880466
      },
      "M-2022-7": {
        "accuracy": 0.8263292350623989,
        "macro_f1": 0.7275225537380758,
        "arr": 0.9370100049286328
      },
      "M-2022-8": {
        "accuracy": 0.8110956944976052,
        "macro_f1": 0.7109436245474119,
        "arr": 0.919736042790987
      },
      "M-2022-9": {
        "accuracy": 0.7970030772116175,
        "macro_f1": 0.6829665845361819,
        "arr": 0.9037558222780293
      },
      "M-2022-10": {
        "accuracy": 0.7910914438003207,