{
  "static": {
    "source_accuracy": 0.87939316288966,
    "aurc": 0.8336902237537517,
    "periods": {
      "M-2022-4": {
        "accuracy": 0.9015443329667749,
        "macro_f1": 0.8607089924395045,
        "arr": 1.0251891543076443
      },
      "M-2022-5": {
        "accuracy": 0.87939316288966,
        "macro_f1": 0.8349290808450234,
        "arr": 1.0
      },
      "M-2022-6": {
        "accuracy": 0.8625232547685243,
        "macro_f1": 0.7993012614923463,
        "arr": 0.9808164211037284
      },
      "M-2022-7": {
        "accuracy": 0.8319110237814089,
        "macro_f1": 0.7399129415359004,
        "arr": 0.9460057900015664
      },
      "M-2022-8": {
        "accuracy": 0.8114907362388406,
        "macro_f1": 0.7149130342815401,
        "arr": 0.9227849049591266
      },
      "M-2022-9": {
        "accuracy": 0.7941608315899664,
        "macro_f1": 0.6885673398984843,
        "arr": 0.9030782420235989
      },
      "M-2022-10": {
        "accuracy": 0.789028408714206,
        "macro_f1": 0.6825398613254753,
        "arr": 0.897241918644764
      },
      "M-2022-11": {
        "accuracy": 0.7634989021685628,
        "macro_f1": 0.6496207876644435,
        "arr": 0.8682110964562516
      },
      "M-2022-12": {
        "accuracy": 0.7563173116671416,
        "macro_f1": 0.6267124469101513,
        "arr": 0.8600445666212655
      }
    }
  },
  "bn_adapt": {
    "source_accuracy": 0.87939316288966,
    "aurc": 0.8336902237537517,
    "periods": {
      "M-2022-4": {
        "accuracy": 0.9015443329667749,
        "macro_f1": 0.8607089924395045,
        "arr": 1.0251891543076443
      },
      "M-2022-5": {
        "accuracy": 0.87939316288966,
        "macro_f1": 0.8349290808450234,
        "arr": 1.0
      },
      "M-2022-6": {
        "accuracy": 0.8625232547685243,
        "macro_f1": 0.7993012614923463,
        "arr": 0.9808164211037284
      },
      "M-2022-7": {
        "accuracy": 0.8319110237814089,
        "macro_f1": 0.7399129415359004,
        "arr": 0.9460057900015664
      },
      "M-2022-8": {
        "accuracy": 0.8114907362388406,
        "macro_f1": 0.7149130342815401,
        "arr": 0.9227849049591266
      },
      "M-2022-9": {
        "accuracy": 0.7941608315899664,
        "macro_f1": 0.6885673398984843,
        "arr": 0.9030782420235989
      },
      "M-2022-10": {
        "accuracy": 0.789028408714206,
        "macro_f1": 0.6825398613254753,
        "arr": 0.897241918644764
      },
      "M-2022-11": {
        "accuracy": 0.7634989021685628,
        "macro_f1": 0.6496207876644435,
        "arr": 0.8682110964562516
      },
      "M-2022-12": {
        "accuracy": 0.7563173116671416,
        "macro_f1": 0.6267124469101513,
        "arr": 0.8600445666212655
      }
    }
  },
  "tent": {
    "source_accuracy": 0.87939316288966,
    "aurc": 0.8112234193348893,
    "periods": {
      "M-2022-4": {
        "accuracy": 0.8995751115119914,
        "macro_f1": 0.8608359049358617,
        "arr": 1.0229498584637777
      },
      "M-2022-5": {
        "accuracy": 0.8714488746553825,
        "macro_f1": 0.8289999514931459,
        "arr": 0.990966170116478
      },
      "M-2022-6": {
        "accuracy": 0.8493968456505803,
        "macro_f1": 0.7872798256325821,
        "arr": 0.9658897538610458
      },
      "M-2022-7": {
        "accuracy": 0.8148788278042641,
        "macro_f1": 0.7251197906220159,
        "arr": 0.9266376658269623
      },
      "M-2022-8": {
        "accuracy": 0.7867110803066196,
        "macro_f1": 0.6984795966737615,
        "arr": 0.8946067737455569
      },
      "M-2022-9": {
        "accuracy": 0.7654723264320413,
        "macro_f1": 0.6625536773735744,
        "arr": 0.8704551715147771
      },
      "M-2022-10": {
        "accuracy": 0.7601943114820026,
        "macro_f1": 0.6513782897648013,
        "arr": 0.8644532884290645
      },
      "M-2022-11": {
        "accuracy": 0.7293320096675534,
        "macro_f1": 0.6153924372279813,
        "arr": 0.8293582898359022
      },
      "M-2022-12": {
        "accuracy": 0.7062828882982461,
        "macro_f1": 0.5853098339993171,
        "arr": 0.8031480321923603
      }
    }
  },
  "eata": {
    "source_accuracy": 0.87939316288966,
    "aurc": 0.8337190375495172,
    "periods": {
      "M-2022-4": {
        "accuracy": 0.9015435607230672,
        "macro_f1": 0.8606955719606671,
        "arr": 1.0251882761524114
      },
      "M-2022-5": {
        "accuracy": 0.8793902764192324,
        "macro_f1": 0.8348854870526493,
        "arr": 0.9999967176565052
      },
      "M-2022-6": {
        "accuracy": 0.8625275772162053,
        "macro_f1": 0.7993101176909903,
        "arr": 0.9808213363655969
      },
      "M-2022-7": {
        "accuracy": 0.8319230867177688,
        "macro_f1": 0.7399492693103475,
        "arr": 0.9460195073431025
      },
      "M-2022-8": {
        "accuracy": 0.8115107792731749,
        "macro_f1": 0.7149241313902024,
        "arr": 0.9228076968515134
      },
      "M-2022-9": {
        "accuracy": 0.7942092999119668,
        "macro_f1": 0.688578579715145,
        "arr": 0.9031333576693028
      },
      "M-2022-10": {
        "accuracy": 0.789057445098247,
        "macro_f1": 0.6825522635557119,
        "arr": 0.8972749373049792
      },
      "M-2022-11": {
        "accuracy": 0.7635979927474914,
        "macro_f1": 0.6496697327048879,
        "arr": 0.8683237770900231
      },
      "M-2022-12": {
        "accuracy": 0.7563747469258911,
        "macro_f1": 0.6267965138162321,
        "arr": 0.8601098789993614
      }
    }
  },
  "tta_tc": {
    "source_accuracy": 0.87939316288966,
    "aurc": 0.8282347916609297,
    "periods": {
      "M-2022-4": {
        "accuracy": 0.8978383354132431,
        "macro_f1": 0.85694585830234,
        "arr": 1.0209748873450106
      },
      "M-2022-5": {
        "accuracy": 0.8749443903431688,
        "macro_f1": 0.82962718556247,
        "arr": 0.9949410880886627
      },
      "M-2022-6": {
        "accuracy": 0.8579838202138401,
        "macro_f1": 0.79189602034381,
        "arr": 0.9756544130892838
      },
      "M-2022-7": {
        "accuracy": 0.8278082850927573,
        "macro_f1": 0.7340226851106734,
        "arr": 0.9413403697301941
      },
      "M-2022-8": {
        "accuracy": 0.8075901031375754,
        "macro_f1": 0.7084129764085372,
        "arr": 0.9183493086117
      },
      "M-2022-9": {
        "accuracy": 0.7885205940319691,
        "macro_f1": 0.6790009566895158,
        "arr": 0.896664458296348
      },
      "M-2022-10": {
        "accuracy": 0.7819082034076132,
        "macro_f1": 0.6723106953073172,
        "arr": 0.8891451928489937
      },
      "M-2022-11": {
        "accuracy": 0.7550821944830053,
        "macro_f1": 0.637572210444929,
        "arr": 0.8586400558333062
      },
      "M-2022-12": {
        "accuracy": 0.7486345900822912,
        "macro_f1": 0.6169620813383107,
        "arr": 0.8513081766775398
      }
    }
  }
}