{
  "static": {
    "source_accuracy": 0.87939316288966,
    "aurc": 0.8336902237537517,
    "periods": {
      "M-2022-4": {
        "accuracy": 0.9015443329667749,
        "macro_f1": 0.8607089924395045,
        "arr": 1.0251891543076443
      },
      "M-2022-5": {
        "accuracy": 0.87939316288966,
        "macro_f1": 0.8349290808450234,
        "arr": 1.0
      },
      "M-2022-6": {
        "accuracy": 0.8625232547685243,
        "macro_f1": 0.7993012614923463,
        "arr": 0.9808164211037284
      },
      "M-2022-7": {
        "accuracy": 0.8319110237814089,
        "macro_f1": 0.7399129415359004,
        "arr": 0.9460057900015664
      },
      "M-2022-8": {
        "accuracy": 0.8114907362388406,
        "macro_f1": 0.7149130342815401,
        "arr": 0.9227849049591266
      },
      "M-2022-9": {
        "accuracy": 0.7941608315899664,
        "macro_f1": 0.6885673398984843,
        "arr": 0.9030782420235989
      },
      "M-2022-10": {
        "accuracy": 0.789028408714206,
        "macro_f1": 0.6825398613254753,
        "arr": 0.897241918644764
      },
      "M-2022-11": {
        "accuracy": 0.7634989021685628,
        "macro_f1": 0.6496207876644435,
        "arr": 0.8682110964562516
      },
      "M-2022-12": {
        "accuracy": 0.7563173116671416,
        "macro_f1": 0.6267124469101513,
        "arr": 0.8600445666212655
      }
    }
  },
  "bn_adapt": {
    "source_accuracy": 0.87939316288966,
    "aurc": 0.8336902237537517,
    "periods": {
      "M-2022-4": {
        "accuracy": 0.9015443329667749,
        "macro_f1": 0.8607089924395045,
        "arr": 1.0251891543076443
      },
      "M-2022-5": {
        "accuracy": 0.87939316288966,
        "macro_f1": 0.8349290808450234,
        "arr": 1.0
      },
      "M-2022-6": {
        "accuracy": 0.8625232547685243,
        "macro_f1": 0.7993012614923463,
        "arr": 0.9808164211037284
      },
      "M-2022-7": {
        "accuracy": 0.8319110237814089,
        "macro_f1": 0.7399129415359004,
        "arr": 0.9460057900015664
      },
      "M-2022-8": {
        "accuracy": 0.8114907362388406,
        "macro_f1": 0.7149130342815401,
        "arr": 0.9227849049591266
      },
      "M-2022-9": {
        "accuracy": 0.7941608315899664,
        "macro_f1": 0.6885673398984843,
        "arr": 0.9030782420235989
      },
      "M-2022-10": {
        "accuracy": 0.789028408714206,
        "macro_f1": 0.6825398613254753,
        "arr": 0.897241918644764
      },
      "M-2022-11": {
        "accuracy": 0.7634989021685628,
        "macro_f1": 0.6496207876644435,
        "arr": 0.8682110964562516
      },
      "M-2022-12": {
        "accuracy": 0.7563173116671416,
        "macro_f1": 0.6267124469101513,
        "arr": 0.8600445666212655
      }
    }
  },
  "tent": {
    "source_accuracy": 0.87939316288966,
    "aurc": 0.8112234193348893,
    "periods": {
      "M-2022-4": {
        "accuracy": 0.8995751115119914,
        "macro_f1": 0.8608359049358617,
        "arr": 1.0229498584637777
      },
      "M-2022-5": {
        "accuracy": 0.8714488746553825,
        "macro_f1": 0.8289999514931459,
        "arr": 0.990966170116478
      },
      "M-2022-6": {
        "accuracy": 0.8493968456505803,
        "macro_f1": 0.7872798256325821,
        "arr": 0.9658897538610458
      },
      "M-2022-7": {
        "accuracy": 0.8148788278042641,
        "macro_f1": 0.7251197906220159,
        "arr": 0.9266376658269623
      },
      "M-2022-8": {
        "accuracy": 0.7867110803066196,
        "macro_f1": 0.6984795966737615,
        "arr": 0.8946067737455569
      },
      "M-2022-9": {
        "accuracy": 0.7654723264320413,
        "macro_f1": 0.6625536773735744,
        "arr": 0.8704551715147771
      },
      "M-2022-10": {
        "accuracy": 0.7601943114820026,
        "macro_f1": 0.6513782897648013,
        "arr": 0.8644532884290645
      },
      "M-2022-11": {
        "accuracy": 0.7293320096675534,
        "macro_f1": 0.6153924372279813,
        "arr": 0.8293582898359022
      },
      "M-2022-12": {
        "accuracy": 0.7062828882982461,
        "macro_f1": 0.5853098339993171,
        "arr": 0.8031480321923603
      }
    }
  },
  "eata": {
    "source_accuracy": 0.87939316288966,
    "aurc": 0.8337190375495172,
    "periods": {
      "M-2022-4": {
        "accuracy": 0.9015435607230672,
        "macro_f1": 0.8606955719606671,
        "arr": 1.0251882761524114
      },
      "M-2022-5": {
        "accuracy": 0.8793902764192324,
        "macro_f1": 0.8348854870526493,
        "arr": 0.9999967176565052
      },
      "M-2022-6": {
        "accuracy": 0.8625275772162053,
        "macro_f1": 0.7993101176909903,
        "arr": 0.9808213363655969
      },
      "M-2022-7": {
        "accuracy": 0.8319230867177688,
        "macro_f1": 0.7399492693103475,
        "arr": 0.9460195073431025
      },
      "M-2022-8": {
        "accuracy": 0.8115107792731749,
        "macro_f1": 0.7149241313902024,
        "arr": 0.9228076968515134
      },
      "M-2022-9": {
        "accuracy": 0.7942092999119668,
        "macro_f1": 0.688578579715145,
        "arr": 0.9031333576693028
      },
      "M-2022-10": {
        "accuracy": 0.789057445098247,
        "macro_f1": 0.6825522635557119,
        "arr": 0.8972749373049792
      },
      "M-2022-11": {
        "accuracy": 0.7635979927474914,
        "macro_f1": 0.6496697327048879,
        "arr": 0.8683237770900231
      },
      "M-2022-12": {
        "accuracy": 0.7563747469258911,
        "macro_f1": 0.6267965138162321,
        "arr": 0.8601098789993614
      }
    }
  },
  "cotta": {
    "source_accuracy": 0.87939316288966,
    "aurc": 0.8343467569990197,
    "periods": {
      "M-2022-4": {
        "accuracy": 0.901489889785378,
        "macro_f1": 0.8609908329447005,
        "arr": 1.0251272443637256
      },
      "M-2022-5": {
        "accuracy": 0.8793271348786293,
        "macro_f1": 0.8348653154738023,
        "arr": 0.9999249163925569
      },
      "M-2022-6": {
        "accuracy": 0.8624048197020623,
        "macro_f1": 0.7992267520541299,
        "arr": 0.9806817429285276
      },
      "M-2022-7": {
        "accuracy": 0.8323412685115811,
        "macro_f1": 0.7401217517163944,
        "arr": 0.9464950418496912
      },
      "M-2022-8": {
        "accuracy": 0.8126719821655788,
        "macro_f1": 0.7154480463138021,
        "arr": 0.9241281561652841
      },
      "M-2022-9": {
        "accuracy": 0.7952597981083657,
        "macro_f1": 0.688566940618992,
        "arr": 0.9043279293816266
      },
      "M-2022-10": {
        "accuracy": 0.7904177996905689,
        "macro_f1": 0.6831527771351353,
        "arr": 0.8988218615360613
      },
      "M-2022-11": {
        "accuracy": 0.7649635991910522,
        "macro_f1": 0.6504947454398384,
        "arr": 0.8698766734521842
      },
      "M-2022-12": {
        "accuracy": 0.7574320091231375,
        "macro_f1": 0.627607542239247,
        "arr": 0.861312142380364
      }
    }
  },
  "sar": {
    "source_accuracy": 0.87939316288966,
    "aurc": 0.8340109832547484,
    "periods": {
      "M-2022-4": {
        "accuracy": 0.9014983844661634,
        "macro_f1": 0.8607770771684361,
        "arr": 1.0251369040712874
      },
      "M-2022-5": {
        "accuracy": 0.8790291068069828,
        "macro_f1": 0.8345551392608738,
        "arr": 0.9995860144267202
      },
      "M-2022-6": {
        "accuracy": 0.8615710195443794,
        "macro_f1": 0.7974293907869029,
        "arr": 0.9797335889140671
      },
      "M-2022-7": {
        "accuracy": 0.8318473582839535,
        "macro_f1": 0.7394575837929331,
        "arr": 0.9459333929212363
      },
      "M-2022-8": {
        "accuracy": 0.8122969834586777,
        "macro_f1": 0.7146402379284117,
        "arr": 0.9237017272109483
      },
      "M-2022-9": {
        "accuracy": 0.7952034273425609,
        "macro_f1": 0.6877892857867337,
        "arr": 0.9042638274893404
      },
      "M-2022-10": {
        "accuracy": 0.7904100566548247,