class_id,groups,support,precision,recall,f1,method,period
0,,1414,0.9046951646811493,0.9130127298444131,0.908834917282647,static,M-2022-4
1,,10792,0.961175136973361,0.9428280207561156,0.9519131817756572,static,M-2022-4
2,absorber,7583,0.7204069934078533,0.6629302386918107,0.6904745553190028,static,M-2022-4
3,,1593,0.9379267535692116,0.9485247959824231,0.9431960049937578,static,M-2022-4
4,,3737,0.9523684899241036,0.9737757559539738,0.9629531622122255,static,M-2022-4
5,absorber,2093,0.9365671641791045,0.9593884376493073,0.9478404531508142,static,M-2022-4
6,degraded_noncollapsed,2729,0.9723736822973464,0.9802125320630267,0.9762773722627737,static,M-2022-4
7,,36,0.6857142857142857,0.6666666666666666,0.676056338028169,static,M-2022-4
8,stable,1574,0.9174122505161735,0.8468869123252859,0.8807400066072019,static,M-2022-4
9,degraded_noncollapsed,1547,0.7186311787072244,0.6108597285067874,0.660377358490566,static,M-2022-4
10,final_collapsed;gradual_collapsed,2020,0.836901121304791,0.8128712871287128,0.8247112004018081,static,M-2022-4
11,degraded_noncollapsed,1685,0.7974530018192845,0.7804154302670623,0.7888422315536893,static,M-2022-4
12,degraded_noncollapsed,2788,0.8371592539454806,0.8371592539454806,0.8371592539454806,static,M-2022-4
13,absorber,2093,0.48784911135291986,0.6426182513139035,0.554639175257732,static,M-2022-4
14,absorber;degraded_noncollapsed,10401,0.8183999165536664,0.7543505432169983,0.7850710426255754,static,M-2022-4
15,stable,751,0.8964968152866242,0.7496671105193076,0.8165337200870196,static,M-2022-4
16,,2008,0.7660818713450293,0.39143426294820716,0.5181278839815425,static,M-2022-4
17,,10007,0.941901776384535,0.9007694613770361,0.9208765387955253,static,M-2022-4
18,,21926,0.9364035087719298,0.9153060293715224,0.9257345818534065,static,M-2022-4
19,degraded_noncollapsed,13185,0.9039080459770115,0.8946530147895335,0.8992567181246427,static,M-2022-4
20,,1281,0.8068763716166789,0.8610460577673692,0.8330815709969789,static,M-2022-4
21,,2620,0.8953571428571429,0.9568702290076336,0.9250922509225092,static,M-2022-4
22,,4636,0.9413495900777801,0.9659188955996548,0.9534759927605664,static,M-2022-4
23,,12840,0.9380874698982367,0.9404984423676013,0.9392914090148952,static,M-2022-4
24,degraded_noncollapsed,10253,0.9463597842835131,0.9584511850190188,0.9523671076222319,static,M-2022-4
25,,54557,0.9076298158926656,0.9460930769653757,0.926462405542692,static,M-2022-4
26,final_collapsed;abrupt_collapsed,2293,0.8358762886597938,0.8839947666812037,0.8592623993217465,static,M-2022-4
27,,19386,0.9931397328106463,0.993190962550294,0.9931653470198334,static,M-2022-4
28,degraded_noncollapsed,16366,0.8664544034602908,0.8812782598069168,0.8738034654065189,static,M-2022-4
29,,29653,0.8945477529024317,0.9068559673557481,0.9006598117694343,static,M-2022-4
30,,8131,0.9870546171865368,0.9846267371786988,0.9858391823667036,static,M-2022-4
31,,7973,0.9801248566696394,0.9648814749780509,0.9724434331942864,static,M-2022-4
32,degraded_noncollapsed,2331,0.7264243614931237,0.6344916344916345,0.6773528738264255,static,M-2022-4
33,,204,0.6695652173913044,0.37745098039215685,0.4827586206896552,static,M-2022-4
34,degraded_noncollapsed,588,0.9286926994906621,0.9302721088435374,0.929481733220051,static,M-2022-4
35,,875,0.9256505576208178,0.8537142857142858,0.8882282996432818,static,M-2022-4
36,degraded_noncollapsed,826,0.6140939597315436,0.8861985472154964,0.7254707631318137,static,M-2022-4
37,,1989,0.9842342342342343,0.6591251885369532,0.7895212285456188,static,M-2022-4
38,final_collapsed;abrupt_collapsed,77,0.896551724137931,0.6753246753246753,0.7703703703703704,static,M-2022-4
39,,4388,0.9324294287619471,0.9560164083865087,0.9440756160684145,static,M-2022-4
40,degraded_noncollapsed,2334,0.9781520254893036,0.9207369323050557,0.9485764731847275,static,M-2022-4
41,,2121,0.882439744220364,0.8458274398868458,0.8637457871930669,static,M-2022-4
42,degraded_noncollapsed,1839,0.8788235294117647,0.8123980424143556,0.8443063012150325,static,M-2022-4
43,,2042,0.9056271981242673,0.7566111655239961,0.8244397011739595,static,M-2022-4
44,stable,2910,0.9837685250529288,0.9580756013745705,0.9707520891364902,static,M-2022-4
45,absorber,2192,0.9301895515487748,0.9178832116788321,0.9239954075774971,static,M-2022-4
46,absorber,9798,0.7530023640661938,0.8127168809961216,0.781720905119521,static,M-2022-4
47,final_collapsed;gradual_collapsed,3839,0.9935965848452508,0.9700442823651992,0.9816791880848821,static,M-2022-4
48,final_collapsed;abrupt_collapsed,5001,0.984362628661916,0.9944011197760448,0.9893564110215856,static,M-2022-4
49,,40220,0.9390109338950747,0.9309796121332671,0.9349780263683579,static,M-2022-4
50,degraded_noncollapsed,4546,0.8361119849009122,0.5846898372195336,0.6881553398058252,static,M-2022-4
51,,21842,0.9240107913669064,0.94084790770076,0.932353341499932,static,M-2022-4
52,,2301,0.9203581526861452,0.848761408083442,0.8831110106262717,static,M-2022-4
53,,9775,0.9409687184661958,0.9539641943734015,0.9474218948437897,static,M-2022-4
54,degraded_noncollapsed,6663,0.8391951837769328,0.794987242983641,0.8164932562620424,static,M-2022-4
55,degraded_noncollapsed,8193,0.9863245794505627,0.9947516172342243,0.9905201750121536,static,M-2022-4
56,final_collapsed;abrupt_collapsed,10094,0.9687625957275292,0.9524469982167625,0.9605355180337696,static,M-2022-4
57,stable,3065,0.9896204995134609,0.9954323001631321,0.9925178919973975,static,M-2022-4
58,,2286,0.9921156373193167,0.9908136482939632,0.9914642153644123,static,M-2022-4
59,stable,13724,0.9954979430256927,0.9344943165257942,0.9640320216484384,static,M-2022-4
60,,49622,0.9132309186957314,0.9092741122889041,0.9112482202183199,static,M-2022-4
61,,19676,0.7113746958637469,0.8321305143321813,0.7670289515600113,static,M-2022-4
62,stable,15549,0.9463302752293578,0.9287413981606534,0.9374533415560388,static,M-2022-4
63,,11152,0.8243564784771793,0.6834648493543759,0.7473281694283753,static,M-2022-4
64,stable,2437,0.8236046016190882,0.7931883463274518,0.8081103678929766,static,M-2022-4
65,,3145,0.9563454942313688,0.9751987281399046,0.9656801007556675,static,M-2022-4
66,final_collapsed;abrupt_collapsed,5149,0.8769202295021284,0.9201786754709652,0.8980288097043214,static,M-2022-4
67,,854,0.5711743772241993,0.3758782201405152,0.4533898305084746,static,M-2022-4
68,,7271,0.7754048017867113,0.7639939485627837,0.7696570834776585,static,M-2022-4
69,final_collapsed;abrupt_collapsed,879,0.8545454545454545,0.8020477815699659,0.8274647887323944,static,M-2022-4
70,degraded_noncollapsed,2642,0.845489443378119,0.6669190007570023,0.7456622936944562,static,M-2022-4
71,absorber,149408,0.898879971897968,0.8906015742128935,0.8947216245293168,static,M-2022-4
72,,17880,0.8352322017234399,0.8077181208053691,0.8212447755252907,static,M-2022-4
73,,29211,0.9772696384887197,0.9846633117661155,0.9809525433555583,static,M-2022-4
74,,9210,0.8396893634724726,0.6574375678610206,0.7374703124048475,static,M-2022-4
75,degraded_noncollapsed,28060,0.7365331195051404,0.9165716322166786,0.8167484399561759,static,M-2022-4
76,stable,10523,0.9372085794218216,0.8595457569134277,0.8966987211262021,static,M-2022-4
77,,81932,0.8928487107797453,0.8769711468046673,0.8848387076911709,static,M-2022-4
78,,48009,0.9615252342876794,0.9317836239038514,0.9464208265896565,static,M-2022-4
79,,25102,0.8361911245372932,0.7829256632937615,0.8086822343380311,static,M-2022-4
80,degraded_noncollapsed,6096,0.8715596330275229,0.7791994750656168,0.822795773428027,static,M-2022-4
81,,7217,0.9657291097760786,0.9800471109879452,0.972835430850698,static,M-2022-4
82,,79609,0.8904576313804375,0.8896858395407554,0.8900715681531144,static,M-2022-4
83,,24502,0.9595668748479196,0.9656762713247898,0.9626118795768918,static,M-2022-4
84,,2397,0.9054531188701451,0.9628702544847726,0.9332794177112819,static,M-2022-4
85,,2080,0.9117108874656907,0.958173076923077,0.9343647444913268,static,M-2022-4
86,,27759,0.8664357490864799,0.8200223350985266,0.8425903647905831,static,M-2022-4
87,,11231,0.950342911711086,0.9747128483661295,0.9623736263736263,static,M-2022-4
88,,204,0.4025974025974026,0.45588235294117646,0.42758620689655175,static,M-2022-4
89,,486,0.7659137577002053,0.7674897119341564,0.7667009249743063,static,M-2022-4
90,,7635,0.9458365961889846,0.9491814014407335,0.947506046937308,static,M-2022-4
91,,4262,0.9294947121034077,0.9279680900985453,0.9287307737466244,static,M-2022-4
92,,2288,0.9792043399638336,0.9466783216783217,0.9626666666666667,static,M-2022-4
93,,34812,0.8987074401008828,0.8188842927726071,0.8569410208621415,static,M-2022-4
94,stable,633,0.8186666666666667,0.4849921011058452,0.6091269841269841,static,M-2022-4
95,,50223,0.9930725183197854,0.9875953248511639,0.9903263484710839,static,M-2022-4
96,absorber;degraded_noncollapsed,55119,0.9298070584881795,0.9468785718173407,0.9382651685393258,static,M-2022-4
97,,41580,0.9674022547373471,0.9699615199615199,0.9686801969496818,static,M-2022-4
98,stable,63298,0.9895741740987313,0.995671269234415,0.9926133589529554,static,M-2022-4
99,stable,23955,0.9258153626804492,0.8674180755583385,0.8956658548675618,static,M-2022-4
100,,30504,0.9788746105919003,0.9888867033831629,0.9838551859099804,static,M-2022-4
101,degraded_noncollapsed,60629,0.987726647902075,0.9955301918223952,0.9916130675143958,static,M-2022-4
102,,79891,0.990990765534673,0.9913256812406904,0.9911581950953952,static,M-2022-4
103,degraded_noncollapsed,1787,0.8891280947255114,0.9244543928371572,0.9064471879286694,static,M-2022-4
104,final_collapsed;gradual_collapsed,3363,0.8248146703082325,0.6286054118346714,0.7134660816739791,static,M-2022-4
105,absorber;degraded_noncollapsed,4895,0.8343868520859671,0.6741573033707865,0.7457627118644068,static,M-2022-4
106,,3993,0.9784892446223111,0.9797145003756574,0.9791014891753222,static,M-2022-4
107,stable,3873,0.941103992114342,0.9860573199070488,0.9630563611146136,static,M-2022-4
108,,11663,0.9418408631153068,0.9580725370830833,0.9498873634547541,static,M-2022-4
109,final_collapsed;abrupt_collapsed,1867,0.9505907626208379,0.9480449919657205,0.9493161705551086,static,M-2022-4
110,,9808,0.8782985427333596,0.9094616639477977,0.8936084952915248,static,M-2022-4
111,degraded_noncollapsed,2817,0.7243265993265994,0.6109336173233937,0.6628153283265935,static,M-2022-4
112,degraded_noncollapsed,3822,0.9060052219321149,0.9079016221873365,0.9069524307370622,static,M-2022-4
113,stable,5042,0.9934092270820851,0.986513288377628,0.9899492486814608,static,M-2022-4
114,,3329,0.9726277372262774,0.9606488434965456,0.9666011787819253,static,M-2022-4
115,,22978,0.8970200421940928,0.88819740621464,0.8925869232451344,static,M-2022-4
116,,4023,0.8723252496433667,0.9120059656972409,0.8917243893547211,static,M-2022-4
117,,84936,0.8562640285975559,0.8488744466421776,0.852553225453621,static,M-2022-4
118,degraded_noncollapsed,3760,0.9623095429029671,0.9574468085106383,0.9598720170643914,static,M-2022-4
119,stable,2846,0.9022847100175747,0.9019676739283204,0.902126164118784,static,M-2022-4
120,,2918,0.905266757865937,0.907128169979438,0.90619650804519,static,M-2022-4
121,final_collapsed;gradual_collapsed,2543,0.9567288606589917,0.9476995674400315,0.9521928091663374,static,M-2022-4
122,,61426,0.9046446742163138,0.8973398886465015,0.9009774755631109,static,M-2022-4
123,degraded_noncollapsed,3393,0.9213483146067416,0.7008547008547008,0.7961165048543689,static,M-2022-4
124,,30492,0.9059981225520345,0.9179128951856225,0.9119165920013033,static,M-2022-4
125,,3522,0.8553542887586574,0.9116978989210676,0.882627817482133,static,M-2022-4
126,,2112,0.9147058823529411,0.8835227272727273,0.8988439306358381,static,M-2022-4
127,,3002,0.8802747791952895,0.896402398401066,0.888265390328437,static,M-2022-4
128,stable,2342,0.9279766860949209,0.9517506404782238,0.9397133220910624,static,M-2022-4
129,degraded_noncollapsed,44177,0.948869289914066,0.9497928786472599,0.9493308596445581,static,M-2022-4
130,stable,7092,0.8136783253153036,0.8824027072758037,0.8466481769600216,static,M-2022-4
131,stable,30533,0.8730235219709063,0.9493662594569809,0.9095958328103426,static,M-2022-4
132,stable,23157,0.9663520320829462,0.8532625124152524,0.9062930006421429,static,M-2022-4
133,,54110,0.8852447884837373,0.9637405285529477,0.9228264524235078,static,M-2022-4
134,,10738,0.8757562846186622,0.9570683553734401,0.9146086414808882,static,M-2022-4
135,,3069,0.7453590192644484,0.693385467579016,0.7184334908845375,static,M-2022-4
136,,22342,0.853764960106383,0.919568525646764,0.8854458475197173,static,M-2022-4
137,degraded_noncollapsed,4089,0.957685871384174,0.9797016385424309,0.968568665377176,static,M-2022-4
138,degraded_noncollapsed,43631,0.9033080070134424,0.8855859366047076,0.8943591880193505,static,M-2022-4
139,degraded_noncollapsed,2846,0.6782354849172884,0.7347153900210822,0.7053466014504975,static,M-2022-4
140,,71932,0.8775160034316637,0.9242757048323417,0.9002891053982139,static,M-2022-4
141,,2022,0.8040100250626566,0.7932739861523245,0.7986059248195171,static,M-2022-4
142,,62604,0.906962988000676,0.8572135965752987,0.8813868313433081,static,M-2022-4
143,degraded_noncollapsed,4384,0.7356438148241842,0.6633211678832117,0.6976130502578866,static,M-2022-4
144,stable,3642,0.9781405644714998,0.9706205381658429,0.9743660418963617,static,M-2022-4
145,stable,2224,0.9915064818953956,0.9973021582733813,0.9943958753642681,static,M-2022-4
146,,4793,0.9597548518896833,0.9801794283329857,0.9698596201486375,static,M-2022-4
147,degraded_noncollapsed,2203,0.956868260665729,0.926463912846119,0.941420664206642,static,M-2022-4
148,,6812,0.9112275449101797,0.8935701702877276,0.902312481470501,static,M-2022-4
149,,74194,0.9043704543938079,0.9134027010270372,0.9088641377599259,static,M-2022-4
150,degraded_noncollapsed,2305,0.9508695652173913,0.9488069414316703,0.9498371335504886,static,M-2022-4
151,,2021,0.8122090015519917,0.776843146956952,0.7941325240263025,static,M-2022-4
152,degraded_noncollapsed,1673,0.9658744667885436,0.9473998804542738,0.9565479782739892,static,M-2022-4
153,,70973,0.875033866160932,0.9101348400095811,0.8922392657103589,static,M-2022-4
154,,2978,0.7642477876106195,0.7249832102081935,0.7440978804066862,static,M-2022-4
155,,11183,0.7983856502242153,0.7960296879191631,0.7972059284466932,static,M-2022-4
156,absorber,32897,0.8384912959381045,0.8697145636380217,0.8538175741207717,static,M-2022-4
157,,2075,0.7893053016453382,0.832289156626506,0.8102275392915786,static,M-2022-4
158,,12544,0.9247363374880153,0.9226721938775511,0.9237031125299282,static,M-2022-4
159,,3182,0.6737460460912789,0.46857322438717786,0.5527340129749768,static,M-2022-4
160,,1553,0.7403921568627451,0.6078557630392788,0.6676096181046676,static,M-2022-4
161,,3031,0.988399071925754,0.9838337182448037,0.9861111111111112,static,M-2022-4
162,,486,0.6118811881188119,0.6358024691358025,0.6236125126135217,static,M-2022-4
163,final_collapsed;gradual_collapsed,3156,0.5962829117191534,0.3659695817490494,0.4535637149028078,static,M-2022-4
164,,3315,0.8916116870876531,0.8561085972850678,0.8734995383194829,static,M-2022-4
165,,5176,0.984209432786204,0.9151854714064915,0.948443287616378,static,M-2022-4
166,degraded_noncollapsed,2317,0.7243567148396193,0.8869227449287872,0.7974388824214202,static,M-2022-4
167,degraded_noncollapsed,668,0.9296235679214403,0.8502994011976048,0.8881939014855356,static,M-2022-4
168,,3924,0.749385145105755,0.7765035677879715,0.7627033792240301,static,M-2022-4
169,,2891,0.9746439736019451,0.9705984088550674,0.9726169844020798,static,M-2022-4
170,,3774,0.908454647256439,0.859830418653948,0.883473999455486,static,M-2022-4
171,,7082,0.8202977922300189,0.6767862185823214,0.7416634429400387,static,M-2022-4
172,,7688,0.8578814795174334,0.8417013527575442,0.8497143982666929,static,M-2022-4
173,degraded_noncollapsed,4960,0.992440151196976,0.9528225806451613,0.9722279366385518,static,M-2022-4
174,final_collapsed;abrupt_collapsed,4246,0.9860669762894158,0.9500706547338672,0.9677341969533405,static,M-2022-4
175,,50628,0.7627240271972157,0.8397527060124832,0.7993870394569846,static,M-2022-4
176,degraded_noncollapsed,4309,0.8182906392147474,0.793223485727547,0.8055621022861184,static,M-2022-4
177,,1540,0.9533376539209333,0.9551948051948052,0.9542653259811872,static,M-2022-4
0,,1621,0.9164603960396039,0.9136335595311537,0.9150447945628668,static,M-2022-5
1,,10263,0.9483921415306422,0.9454350579752508,0.946911291109593,static,M-2022-5
2,absorber,8750,0.7628157959283787,0.7108571428571429,0.7359204921911974,static,M-2022-5
3,,1684,0.8531618435155413,0.9453681710213777,0.8969014084507042,static,M-2022-5
4,,4052,0.9586374695863747,0.9723593287265548,0.9654496446949277,static,M-2022-5
5,absorber,2200,0.8490642799023597,0.9486363636363636,0.8960927436668098,static,M-2022-5
6,degraded_noncollapsed,2812,0.9679783950617284,0.8922475106685633,0.9285714285714286,static,M-2022-5
7,,104,0.859375,0.5288461538461539,0.6547619047619048,static,M-2022-5
8,stable,2060,0.9057097957045573,0.8393203883495146,0.8712522045855379,static,M-2022-5
9,degraded_noncollapsed,1824,0.7299801455989411,0.6047149122807017,0.6614692653673163,static,M-2022-5
10,final_collapsed;gradual_collapsed,2341,0.8046744574290484,0.8235796668090559,0.8140173105340933,static,M-2022-5
11,degraded_noncollapsed,2013,0.7488196411709159,0.7878787878787878,0.7678528201404018,static,M-2022-5
12,degraded_noncollapsed,3428,0.8410886742756805,0.838389731621937,0.8397370343316289,static,M-2022-5
13,absorber,2703,0.5487115021998743,0.6459489456159823,0.5933729821580289,static,M-2022-5
14,absorber;degraded_noncollapsed,10444,0.7804543053354464,0.707296055151283,0.7420764478376614,static,M-2022-5
15,stable,1474,0.9335548172757475,0.5719131614654003,0.7092974337400084,static,M-2022-5
16,,1958,0.7287066246056783,0.3539325842696629,0.47645238913716054,static,M-2022-5
17,,9201,0.936278478084885,0.8799043582219324,0.9072164948453608,static,M-2022-5
18,,27154,0.9379307775418203,0.9271193930912572,0.9324937494212427,static,M-2022-5
19,degraded_noncollapsed,19072,0.9121771217712177,0.9072986577181208,0.9097313495610115,static,M-2022-5
20,,2201,0.8738317757009346,0.8496138119036801,0.8615526376410966,static,M-2022-5
21,,2853,0.9273461150353178,0.9663512092534174,0.9464469618949537,static,M-2022-5
22,,648,0.6944114149821641,0.9012345679012346,0.7844190732034922,static,M-2022-5
23,,15639,0.9470760980592441,0.9485900633032802,0.9478324761204996,static,M-2022-5
24,degraded_noncollapsed,9752,0.9358460304731355,0.9573420836751435,0.9464720194647201,static,M-2022-5
25,,63996,0.9237125639152666,0.948481155072192,0.9359330187806457,static,M-2022-5
26,final_collapsed;abrupt_collapsed,2539,0.7943991492378589,0.8826309570697125,0.8361940298507463,static,M-2022-5
27,,19743,0.9902666531481293,0.9894139695081802,0.9898401276951532,static,M-2022-5
28,degraded_noncollapsed,21533,0.894711186936388,0.8524125760460688,0.8730498477929984,static,M-2022-5
29,,31966,0.8557527864598691,0.9079021460301571,0.8810564663023679,static,M-2022-5
30,,8566,0.9901673885052089,0.9875087555451786,0.9888362849962008,static,M-2022-5
31,,10445,0.9821376846577194,0.9738630923887027,0.9779828862609364,static,M-2022-5
32,degraded_noncollapsed,2935,0.6543062200956937,0.559114139693356,0.6029762998346501,static,M-2022-5
33,,253,0.7837837837837838,0.5731225296442688,0.6621004566210046,static,M-2022-5
34,degraded_noncollapsed,485,0.901010101010101,0.9195876288659793,0.9102040816326531,static,M-2022-5
35,,1307,0.9350785340314136,0.6832440703902066,0.7895667550839964,static,M-2022-5
36,degraded_noncollapsed,916,0.8732919254658386,0.767467248908297,0.8169668797210924,static,M-2022-5
37,,1023,0.9762886597938144,0.9257086999022482,0.9503261414952333,static,M-2022-5
38,final_collapsed;abrupt_collapsed,117,0.7383177570093458,0.6752136752136753,0.7053571428571429,static,M-2022-5
39,,8587,0.942358784798429,0.9500407592872947,0.9461841800046393,static,M-2022-5
40,degraded_noncollapsed,2306,0.9755196304849885,0.9158716392020815,0.944755088347126,static,M-2022-5
41,,2472,0.8578411405295315,0.8519417475728155,0.8548812664907651,static,M-2022-5
42,degraded_noncollapsed,1394,0.8217357310398749,0.7539454806312769,0.7863823419378975,static,M-2022-5
43,,3196,0.9265212399540758,0.7575093867334167,0.8335341711137889,static,M-2022-5
44,stable,2779,0.9820852740953063,0.9863260165527168,0.9842010771992818,static,M-2022-5
45,absorber,3156,0.8789769182782283,0.8929024081115335,0.885884941842188,static,M-2022-5
46,absorber,10149,0.7028709789000346,0.8008670805005419,0.7486759084419472,static,M-2022-5
47,final_collapsed;gradual_collapsed,3766,0.9900751072961373,0.9800849707912905,0.9850547104350147,static,M-2022-5
48,final_collapsed;abrupt_collapsed,5241,0.9931179506786465,0.9912230490364434,0.9921695951107716,static,M-2022-5
49,,46428,0.9323613148132172,0.9310760747824589,0.9317182515734115,static,M-2022-5
50,degraded_noncollapsed,7426,0.8762265834076717,0.5290869916509561,0.6597816960537364,static,M-2022-5
51,,22943,0.9280196780736202,0.9373229307414026,0.9326481047792523,static,M-2022-5
52,,2346,0.9124487004103967,0.8529411764705882,0.8816920026437541,static,M-2022-5
53,,10324,0.9264381062133871,0.9344246416117784,0.9304142354246033,static,M-2022-5
54,degraded_noncollapsed,7963,0.7534791252485089,0.47595127464523423,0.5833910567228507,static,M-2022-5
55,degraded_noncollapsed,10913,0.9883403169976316,0.9942270686337396,0.9912749531771048,static,M-2022-5
56,final_collapsed;abrupt_collapsed,9591,0.212636695018226,0.018246272547179646,0.03360860380257346,static,M-2022-5
57,stable,3525,0.9874928936895964,0.985531914893617,0.9865114297884424,static,M-2022-5
58,,2323,0.9914310197086547,0.9961256995264743,0.9937728151170281,static,M-2022-5
59,stable,9791,0.9790458752924422,0.9830456541721989,0.9810416879013353,static,M-2022-5
60,,44901,0.8931029888528668,0.8957484243112626,0.8944237504864625,static,M-2022-5
61,,19248,0.7171542007027791,0.8164484621778886,0.7635868905031462,static,M-2022-5
62,stable,15902,0.9384879070653209,0.9296943780656521,0.934070447006792,static,M-2022-5
63,,12327,0.8143472303777647,0.6750223087531435,0.7381681082279885,static,M-2022-5
64,stable,1122,0.6408045977011494,0.7950089126559715,0.7096260938743039,static,M-2022-5
65,,3554,0.9375336564351104,0.979741136747327,0.9581728123280132,static,M-2022-5
66,final_collapsed;abrupt_collapsed,6479,0.88594905505341,0.8320728507485723,0.8581661891117478,static,M-2022-5
67,,1581,0.6749435665914221,0.3782416192283365,0.4847993514389947,static,M-2022-5
68,,8946,0.7430350035717931,0.8138832997987927,0.7768471592424646,static,M-2022-5
69,final_collapsed;abrupt_collapsed,857,0.8475222363405337,0.7782963827304551,0.8114355231143552,static,M-2022-5
70,degraded_noncollapsed,2822,0.7900340715502555,0.6573352232459249,0.7176015473887815,static,M-2022-5
71,absorber,168702,0.894612911322807,0.8873160958376308,0.8909495637268323,static,M-2022-5
72,,19739,0.8476326660311407,0.8108313491058311,0.8288236969524352,static,M-2022-5
73,,31508,0.9751382951973849,0.9846705598578139,0.9798812456572548,static,M-2022-5
74,,10715,0.8306523681858803,0.6939804013065796,0.7561905730411349,static,M-2022-5
75,degraded_noncollapsed,30933,0.6902857142857143,0.9177254065237772,0.7879208415443115,static,M-2022-5
76,stable,12560,0.9237029501525941,0.867515923566879,0.8947281983905403,static,M-2022-5
77,,80105,0.8581719165789963,0.8655639473191437,0.8618520820385333,static,M-2022-5
78,,54812,0.9589835709741402,0.9350142304604832,0.946847229663569,static,M-2022-5
79,,28257,0.7911452979334302,0.7898573804720954,0.7905008146206701,static,M-2022-5
80,degraded_noncollapsed,4284,0.67664851784634,0.5221755368814193,0.5894598155467721,static,M-2022-5
81,,8178,0.966003616636528,0.9798239178283199,0.972864687670734,static,M-2022-5
82,,82376,0.8789643523420562,0.8464844129358066,0.8624186805847577,static,M-2022-5
83,,28362,0.9592744086786413,0.950920245398773,0.9550790587318732,static,M-2022-5
84,,2425,0.950466910272026,0.965360824742268,0.9578559738134206,static,M-2022-5
85,,2268,0.9595070422535211,0.9611992945326279,0.960352422907489,static,M-2022-5
86,,26206,0.8419397613184315,0.8480119056704571,0.8449649246212049,static,M-2022-5
87,,11488,0.8714978869932697,0.9693593314763231,0.9178274128410121,static,M-2022-5
88,,402,0.6203208556149733,0.5771144278606966,0.5979381443298969,static,M-2022-5
89,,891,0.8435689455388181,0.8170594837261503,0.830102622576967,static,M-2022-5
90,,7170,0.9277815699658704,0.9478382147838215,0.9377026560883063,static,M-2022-5
91,,4660,0.8824377187564341,0.9197424892703863,0.9007040033624041,static,M-2022-5
92,,2704,0.985329103885805,0.919008875739645,0.9510141599693839,static,M-2022-5
93,,37502,0.8902366688415683,0.8004106447656125,0.8429373771412525,static,M-2022-5
94,stable,471,0.2542372881355932,0.4140127388535032,0.3150242326332795,static,M-2022-5
95,,50880,0.9906257967092232,0.9927869496855346,0.9917051957868285,static,M-2022-5
96,absorber;degraded_noncollapsed,59656,0.8853959222380275,0.9390337937508382,0.9114263866065763,static,M-2022-5
97,,45943,0.9523901683762338,0.9639988681627234,0.9581593578954201,static,M-2022-5
98,stable,64696,0.9880415785116364,0.9961357734635835,0.9920721663767491,static,M-2022-5
99,stable,25387,0.936369131573645,0.9152715956985858,0.925700171307916,static,M-2022-5
100,,29408,0.9331578271478105,0.9883705114254625,0.9599709359931303,static,M-2022-5
101,degraded_noncollapsed,62663,0.9625338979018982,0.6457239519333579,0.7729248049206788,static,M-2022-5
102,,75510,0.9319690678071463,0.9927426830883327,0.9613963987072283,static,M-2022-5
103,degraded_noncollapsed,2565,0.9137210186240973,0.9372319688109162,0.9253271747498075,static,M-2022-5
104,final_collapsed;gradual_collapsed,3090,0.5137693631669535,0.19320388349514564,0.2808090310442145,static,M-2022-5
105,absorber;degraded_noncollapsed,3665,0.765856737141054,0.6622100954979536,0.7102721685689201,static,M-2022-5
106,,4012,0.9488428745432399,0.9708374875373879,0.9597141801158063,static,M-2022-5
107,stable,3512,0.9024008350730689,0.984624145785877,0.9417211328976035,static,M-2022-5
108,,13707,0.9464324130512729,0.962865689063982,0.954578330681325,static,M-2022-5
109,final_collapsed;abrupt_collapsed,2229,0.9537333944113605,0.9340511440107672,0.9437896645512239,static,M-2022-5
110,,8623,0.8634249003101462,0.9039777339672967,0.883236077276075,static,M-2022-5
111,degraded_noncollapsed,2530,0.707227813357731,0.6110671936758894,0.6556403731976251,static,M-2022-5
112,degraded_noncollapsed,3140,0.8684464458025088,0.8598726114649682,0.8641382621219396,static,M-2022-5
113,stable,4677,0.9878205128205129,0.9884541372674791,0.9881372234690606,static,M-2022-5
114,,3352,0.9744275944097532,0.9776252983293556,0.97602382725242,static,M-2022-5
115,,28260,0.8546305719519641,0.7428874734607218,0.794850922858495,static,M-2022-5
116,,3962,0.8250847457627118,0.9215042907622413,0.8706331226898771,static,M-2022-5
117,,93359,0.7760996979456302,0.8311571460705449,0.802685410750953,static,M-2022-5
118,degraded_noncollapsed,4083,0.8238176395398381,0.9470977222630419,0.881166685655691,static,M-2022-5
119,stable,2954,0.8953093133922502,0.8916723087339201,0.8934871099050203,static,M-2022-5
120,,2933,0.8860086407444334,0.9089669280600068,0.8973409626388421,static,M-2022-5
121,final_collapsed;gradual_collapsed,2473,0.9544658493870403,0.881520420541852,0.9165440403615724,static,M-2022-5
122,,60842,0.874776614756191,0.901088064166201,0.8877374224784235,static,M-2022-5
123,degraded_noncollapsed,4486,0.9318849089841457,0.7075345519393669,0.8043588443993918,static,M-2022-5
124,,33764,0.9130996418296048,0.9211586304940172,0.9171114321941438,static,M-2022-5
125,,4601,0.8480707395498392,0.9171919148011302,0.8812780620235982,static,M-2022-5
126,,2052,0.8948643410852714,0.9000974658869396,0.8974732750242954,static,M-2022-5
127,,6176,0.8562798092209857,0.8720854922279793,0.8641103802342371,static,M-2022-5
128,stable,3079,0.895800933125972,0.9353686261773303,0.9151572926596759,static,M-2022-5
129,degraded_noncollapsed,41384,0.9396804069293152,0.946356079644307,0.9430064289326046,static,M-2022-5
130,stable,7832,0.8912128555031246,0.8922369765066395,0.8917246219613347,static,M-2022-5
131,stable,39752,0.8822739998611722,0.9592221775005031,0.919140422557279,static,M-2022-5
132,stable,19465,0.9567144880241365,0.7982532751091703,0.8703299165406374,static,M-2022-5
133,,56893,0.8539772198255796,0.9672894732216617,0.9071084188404005,static,M-2022-5
134,,12693,0.8934790528233151,0.9661230599543055,0.9283821636762813,static,M-2022-5
135,,3366,0.713066509711595,0.719845513963161,0.7164399763453578,static,M-2022-5
136,,23775,0.8206501524957227,0.9280336487907466,0.8710447879039103,static,M-2022-5
137,degraded_noncollapsed,3327,0.9437255492025278,0.9425909227532311,0.9431578947368421,static,M-2022-5
138,degraded_noncollapsed,44161,0.8808050588155301,0.8800072462127216,0.8804059717722752,static,M-2022-5
139,degraded_noncollapsed,2667,0.6353369763205828,0.6539182602174728,0.6444937176644494,static,M-2022-5
140,,78108,0.8613179336311577,0.9108413990884416,0.8853876931309775,static,M-2022-5
141,,2325,0.715076660988075,0.7221505376344086,0.7185961908838006,static,M-2022-5
142,,65536,0.8871888483239296,0.815765380859375,0.8499793316162676,static,M-2022-5
143,degraded_noncollapsed,4893,0.690972984845157,0.6429593296546087,0.6661020537793775,static,M-2022-5
144,stable,4171,0.978377065111759,0.9654759050587389,0.9718836732231205,static,M-2022-5
145,stable,2178,0.9863450159308147,0.9949494949494949,0.9906285714285714,static,M-2022-5
146,,5639,0.9463760595052759,0.9702074835963823,0.9581436077057793,static,M-2022-5
147,degraded_noncollapsed,2716,0.9592307692307692,0.9182621502209131,0.9382994732881866,static,M-2022-5
148,,7219,0.9075759697521355,0.8977697742069539,0.9026462395543176,static,M-2022-5
149,,74404,0.8667940458823378,0.9023842804150315,0.8842311820522445,static,M-2022-5
150,degraded_noncollapsed,2214,0.9030131826741996,0.8663053297199639,0.88427846934071,static,M-2022-5
151,,2500,0.8126009693053312,0.8048,0.8086816720257235,static,M-2022-5
152,degraded_noncollapsed,1141,0.9550359712230215,0.9307624890446976,0.9427430093209055,static,M-2022-5
153,,79655,0.8541924137275406,0.9024166718975583,0.8776425915864401,static,M-2022-5
154,,2882,0.7404,0.6422623178348369,0.6878483835005574,static,M-2022-5
155,,10789,0.7460772886218955,0.7712484938363148,0.7584541062801933,static,M-2022-5
156,absorber,34655,0.8335814230425722,0.888760640600202,0.8602871347969387,static,M-2022-5
157,,2043,0.7586678832116789,0.8139990210474792,0.7853600944510035,static,M-2022-5
158,,14654,0.9335008024562138,0.9129247986897775,0.9230981542176988,static,M-2022-5
159,,2911,0.6521374685666387,0.5345242184816215,0.5875023598263168,static,M-2022-5
160,,2122,0.7831568330811901,0.7318567389255419,0.7566382460414129,static,M-2022-5
161,,3235,0.9830977258758451,0.98887171561051,0.9859762675296656,static,M-2022-5
162,,382,0.4444444444444444,0.5968586387434555,0.5094972067039106,static,M-2022-5
163,final_collapsed;gradual_collapsed,2474,0.2652482269503546,0.07558609539207761,0.11764705882352941,static,M-2022-5
164,,3179,0.3524321489445391,0.845548914753067,0.4975013881177124,static,M-2022-5
165,,5617,0.7389269597192044,0.7870749510414812,0.7622413793103449,static,M-2022-5
166,degraded_noncollapsed,4223,0.8706681766704417,0.9102533743784039,0.8900208381569807,static,M-2022-5
167,degraded_noncollapsed,558,0.7647058823529411,0.9086021505376344,0.8304668304668305,static,M-2022-5
168,,5548,0.8209876543209876,0.791095890410959,0.8057646410868368,static,M-2022-5
169,,3467,0.9734459867229933,0.9304874531295068,0.951482082288748,static,M-2022-5
170,,3734,0.8410872974385781,0.8618103910016068,0.8513227513227514,static,M-2022-5
171,,7203,0.7532400207361327,0.605164514785506,0.6711316397228637,static,M-2022-5
172,,8392,0.8894665181334324,0.8562917063870352,0.8725639001882096,static,M-2022-5
173,degraded_noncollapsed,4748,0.9912118408880666,0.9026958719460826,0.9448853615520282,static,M-2022-5
174,final_collapsed;abrupt_collapsed,4306,0.9869361597239339,0.9298653042266605,0.9575511180198494,static,M-2022-5
175,,65299,0.7623667072748875,0.7762599733533438,0.7692506146234862,static,M-2022-5
176,degraded_noncollapsed,4048,0.7945239889475006,0.7813735177865613,0.7878938846680782,static,M-2022-5
177,,1648,0.9572031344183243,0.9635922330097088,0.9603870577562745,static,M-2022-5
0,,1356,0.8956965718453683,0.9056047197640118,0.9006233956729006,static,M-2022-6
1,,9294,0.9525777681096367,0.9423283839035937,0.9474253569883168,static,M-2022-6
2,absorber,7505,0.7428906861466215,0.7588274483677548,0.7507745039878716,static,M-2022-6
3,,1306,0.6410126582278481,0.9693721286370597,0.7717159402621152,static,M-2022-6
4,,3168,0.9281454979129398,0.9826388888888888,0.9546151487273843,static,M-2022-6
5,absorber,1778,0.46020573903627504,0.9561304836895388,0.6213450292397661,static,M-2022-6
6,degraded_noncollapsed,2765,0.7159468438538206,0.311754068716094,0.4343663391282439,static,M-2022-6
7,,30,0.4444444444444444,0.13333333333333333,0.20512820512820512,static,M-2022-6
8,stable,1732,0.8878950506857484,0.8596997690531177,0.8735699618656497,static,M-2022-6
9,degraded_noncollapsed,1714,0.817966903073286,0.6056009334889149,0.6959436808581965,static,M-2022-6
10,final_collapsed;gradual_collapsed,1895,0.8127764127764128,0.8728232189973615,0.8417302798982188,static,M-2022-6
11,degraded_noncollapsed,1542,0.6742508324084351,0.7879377431906615,0.7266746411483254,static,M-2022-6
12,degraded_noncollapsed,3008,0.8372703412073491,0.848404255319149,0.8428005284015853,static,M-2022-6
13,absorber,1939,0.4945515507124895,0.6085611139762764,0.545664739884393,static,M-2022-6
14,absorber;degraded_noncollapsed,8055,0.6433659102203081,0.48218497827436374,0.551234743116662,static,M-2022-6
15,stable,888,0.9028132992327366,0.795045045045045,0.8455089820359282,static,M-2022-6
16,,1419,0.5898305084745763,0.2452431289640592,0.3464410154305625,static,M-2022-6
17,,11760,0.9552393272962484,0.9418367346938775,0.9484906872190109,static,M-2022-6
18,,29195,0.947870505057339,0.9597533824284981,0.9537749336238002,static,M-2022-6
19,degraded_noncollapsed,19320,0.9126405347918566,0.9327639751552795,0.9225925357088005,static,M-2022-6
20,,1495,0.8370464672183323,0.8795986622073578,0.857795172863666,static,M-2022-6
21,,2264,0.9369747899159664,0.984982332155477,0.9603789836347976,static,M-2022-6
22,,721,0.7487373737373737,0.8224687933425797,0.7838730998017185,static,M-2022-6
23,,13374,0.9553380913840042,0.9708389412292507,0.9630261450027814,static,M-2022-6
24,degraded_noncollapsed,7355,0.9600054046750439,0.9660095173351462,0.9629981024667932,static,M-2022-6
25,,55471,0.920311511145489,0.943754394187954,0.9318855413644253,static,M-2022-6
26,final_collapsed;abrupt_collapsed,3110,0.6545708304256804,0.3016077170418006,0.41294298921417566,static,M-2022-6
27,,8737,0.9420617856738712,0.9528442257067643,0.9474223284397405,static,M-2022-6
28,degraded_noncollapsed,17369,0.8957515664807547,0.7489780643675514,0.8158158785902421,static,M-2022-6
29,,28799,0.8640895953757225,0.8305149484357096,0.8469696701428849,static,M-2022-6
30,,8050,0.9941337993010484,0.9894409937888199,0.9917818453492716,static,M-2022-6
31,,9340,0.9839965397923875,0.974304068522484,0.9791263180546589,static,M-2022-6
32,degraded_noncollapsed,2999,0.7019796682718031,0.43747915971990664,0.5390304026294166,static,M-2022-6
33,,159,0.5769230769230769,0.37735849056603776,0.45627376425855515,static,M-2022-6
34,degraded_noncollapsed,761,0.9512195121951219,0.973718791064389,0.9623376623376624,static,M-2022-6
35,,3117,0.9826839826839827,0.8739172281039461,0.9251146204788588,static,M-2022-6
36,degraded_noncollapsed,673,0.886986301369863,0.7696879643387816,0.8241845664280032,static,M-2022-6
37,,912,0.9703196347031964,0.9320175438596491,0.9507829977628636,static,M-2022-6
38,final_collapsed;abrupt_collapsed,91,0.6185567010309279,0.6593406593406593,0.6382978723404256,static,M-2022-6
39,,8494,0.9571843251088534,0.931716505768778,0.9442787256890586,static,M-2022-6
40,degraded_noncollapsed,1496,0.9521829521829522,0.9184491978609626,0.9350119088125213,static,M-2022-6
41,,2296,0.853583916083916,0.850609756097561,0.8520942408376964,static,M-2022-6
42,degraded_noncollapsed,801,0.7131681877444589,0.682896379525593,0.6977040816326531,static,M-2022-6
43,,1363,0.8477905073649754,0.76008804108584,0.8015473887814313,static,M-2022-6
44,stable,3176,0.9970703125,0.9644206549118388,0.9804737516005122,static,M-2022-6
45,absorber,2692,0.925879917184265,0.8306092124814265,0.8756608576463677,static,M-2022-6
46,absorber,6856,0.6395648104819841,0.7974037339556592,0.7098156323032978,static,M-2022-6
47,final_collapsed;gradual_collapsed,3041,0.9917573359709858,0.9891483064781322,0.9904511030622325,static,M-2022-6
48,final_collapsed;abrupt_collapsed,4200,0.9940631678936119,0.9966666666666667,0.9953632148377125,static,M-2022-6
49,,31293,0.9071139423227791,0.923752915987601,0.9153578214059531,static,M-2022-6
50,degraded_noncollapsed,1548,0.45686619718309857,0.33527131782945735,0.3867362146050671,static,M-2022-6
51,,19779,0.9175818787997646,0.9462055715658021,0.9316739265712508,static,M-2022-6
52,,1768,0.8751465416178195,0.8444570135746606,0.8595279217040875,static,M-2022-6
53,,8195,0.9326747164288328,0.9331299572910311,0.932902281322435,static,M-2022-6
54,degraded_noncollapsed,6852,0.7628322639780019,0.48584354932866314,0.5936162624821684,static,M-2022-6
55,degraded_noncollapsed,8613,0.9830060856585142,0.9939626146522699,0.9884539891467498,static,M-2022-6
56,final_collapsed;abrupt_collapsed,7619,0.05176470588235294,0.002887518046987794,0.005469915464942815,static,M-2022-6
57,stable,3297,0.9909145972138098,0.9924173491052471,0.9916654038490681,static,M-2022-6
58,,2249,0.9973345179920036,0.9982214317474433,0.9977777777777778,static,M-2022-6
59,stable,9004,0.9777119016249451,0.9890048867170147,0.9833259717314488,static,M-2022-6
60,,24221,0.8639410966866886,0.9204409396804426,0.8912965258065806,static,M-2022-6
61,,13653,0.5608160496220198,0.8476525305793599,0.675026976581411,static,M-2022-6
62,stable,11912,0.9274941995359629,0.9396406984553392,0.9335279399499583,static,M-2022-6
63,,10717,0.7489413188142771,0.6931044135485677,0.7199418463775139,static,M-2022-6
64,stable,2776,0.865474060822898,0.8713976945244957,0.8684257763417699,static,M-2022-6
65,,3266,0.9255092733353603,0.9320269442743417,0.9287566742944318,static,M-2022-6
66,final_collapsed;abrupt_collapsed,5429,0.9151689432063264,0.7034444649106649,0.795459279316809,static,M-2022-6
67,,2236,0.7467018469656992,0.379695885509839,0.503409427809072,static,M-2022-6
68,,4534,0.6378029079159936,0.870754300838112,0.7362924281984334,static,M-2022-6
69,final_collapsed;abrupt_collapsed,821,0.727015558698727,0.6260657734470159,0.6727748691099477,static,M-2022-6
70,degraded_noncollapsed,2230,0.7547872340425532,0.636322869955157,0.6905109489051094,static,M-2022-6
71,absorber,139240,0.8982168900745344,0.8801996552714737,0.8891170058798565,static,M-2022-6
72,,16647,0.8455718184073431,0.8190064275845498,0.8320771413749962,static,M-2022-6
73,,26806,0.9776273944234893,0.9862344251287025,0.9819120487297578,static,M-2022-6
74,,5766,0.7533546325878594,0.613423517169615,0.6762259822196731,static,M-2022-6
75,degraded_noncollapsed,25572,0.6589613148479427,0.9219067730330048,0.768566212427463,static,M-2022-6
76,stable,9751,0.9263058601580002,0.8056609578504769,0.8617814831066257,static,M-2022-6
77,,70171,0.8709490740740741,0.8579042624445996,0.8643774543940383,static,M-2022-6
78,,48968,0.9648465456994906,0.9360398627675216,0.950224931069511,static,M-2022-6
79,,21424,0.7930937675463223,0.791168782673637,0.7921301056173474,static,M-2022-6
80,degraded_noncollapsed,3042,0.6512968299711815,0.4457593688362919,0.5292740046838408,static,M-2022-6
81,,6838,0.9600629831090753,0.980842351564785,0.9703414351851852,static,M-2022-6
82,,67896,0.8758120977727502,0.8438346883468835,0.8595260777268533,static,M-2022-6
83,,24048,0.9464123524069028,0.9532601463739189,0.9498239071887301,static,M-2022-6
84,,1686,0.9568302779420461,0.9596678529062871,0.9582469647616227,static,M-2022-6
85,,2336,0.9579301640723601,0.9747431506849316,0.9662635264162953,static,M-2022-6
86,,22524,0.8296357022083312,0.7188776416267093,0.7702956637568088,static,M-2022-6
87,,11076,0.9664496292277085,0.9648790176959191,0.9656636848287702,static,M-2022-6
88,,337,0.45605700712589076,0.56973293768546,0.5065963060686016,static,M-2022-6
89,,843,0.8821192052980132,0.7900355871886121,0.8335419274092616,static,M-2022-6
90,,5608,0.9116896375701888,0.9554208273894437,0.9330430996952547,static,M-2022-6
91,,4241,0.8840514324385292,0.9240745107286017,0.9036200138344478,static,M-2022-6
92,,808,0.9338842975206612,0.8391089108910891,0.8839634941329857,static,M-2022-6
93,,32986,0.896128151713239,0.7563814951797733,0.8203458933385941,static,M-2022-6
94,stable,183,0.031331592689295036,0.39344262295081966,0.05804111245465538,static,M-2022-6
95,,56638,0.9912821415991546,0.9937674352907941,0.9925232326438485,static,M-2022-6
96,absorber;degraded_noncollapsed,51492,0.8706624022480635,0.9146080944612756,0.8920943712529479,static,M-2022-6
97,,41985,0.9394998205097523,0.9350244134810051,0.9372567745016116,static,M-2022-6
98,stable,61001,0.9906981298345247,0.9951968000524581,0.9929423694992598,static,M-2022-6
99,stable,23763,0.9457531878106764,0.920759163405294,0.9330888310802167,static,M-2022-6
100,,15577,0.9032618277990009,0.9866469795210888,0.9431148748159057,static,M-2022-6
101,degraded_noncollapsed,55443,0.8806385942355084,0.14824233897877098,0.253766827219958,static,M-2022-6
102,,70466,0.8362383074294862,0.9933726903755002,0.9080578311377479,static,M-2022-6
103,degraded_noncollapsed,2444,0.8984830805134189,0.9451718494271686,0.9212362911266201,static,M-2022-6
104,final_collapsed;gradual_collapsed,1990,0.6278586278586279,0.3035175879396985,0.4092140921409214,static,M-2022-6
105,absorber;degraded_noncollapsed,1700,0.5891670924885029,0.678235294117647,0.6305715066994805,static,M-2022-6
106,,2934,0.9617855935069327,0.9693251533742331,0.9655406552368019,static,M-2022-6
107,stable,2722,0.9015126050420168,0.9853049228508449,0.9415481832543444,static,M-2022-6
108,,11821,0.9536207618250314,0.9636240588782675,0.9585963140621055,static,M-2022-6
109,final_collapsed;abrupt_collapsed,1903,0.9371398638030383,0.9400945874934314,0.9386149003147953,static,M-2022-6
110,,7677,0.8352388975809363,0.9039989579262733,0.8682597272613537,static,M-2022-6
111,degraded_noncollapsed,2787,0.6977032898820609,0.4033010405453893,0.5111414279217826,static,M-2022-6
112,degraded_noncollapsed,3386,0.5541951023685266,0.8154164205552275,0.6598948374760994,static,M-2022-6
113,stable,3285,0.992635777845965,0.984779299847793,0.9886919315403423,static,M-2022-6
114,,2637,0.5948099248804917,0.9908987485779295,0.7433854907539118,static,M-2022-6
115,,17247,0.8481733064071966,0.8036180205253087,0.8252947481243301,static,M-2022-6
116,,3557,0.8477572559366755,0.9032892887264549,0.8746427113107391,static,M-2022-6
117,,74656,0.6441488364340924,0.8282924346335191,0.7247061305331255,static,M-2022-6
118,degraded_noncollapsed,3545,0.8140691026597067,0.923836389280677,0.8654862579281184,static,M-2022-6
119,stable,2051,0.8682697334030319,0.8098488542174549,0.8380423814328961,static,M-2022-6
120,,2075,0.8626956082786471,0.8236144578313253,0.8427021696252466,static,M-2022-6
121,final_collapsed;gradual_collapsed,1807,0.9381107491856677,0.6375207526286663,0.7591433278418451,static,M-2022-6
122,,55611,0.89509907309763,0.8699897502292712,0.8823658149586913,static,M-2022-6
123,degraded_noncollapsed,2588,0.9300492610837439,0.7295208655332303,0.8176699870073625,static,M-2022-6
124,,31855,0.9214416577168488,0.9157432114267776,0.9185835970588698,static,M-2022-6
125,,4050,0.741157873937957,0.9261728395061728,0.8234002853693337,static,M-2022-6
126,,1935,0.9225771521386031,0.8806201550387597,0.9011105235325225,static,M-2022-6
127,,6177,0.9086328518642929,0.8758296907884087,0.891929766713379,static,M-2022-6
128,stable,3281,0.943163364728808,0.8850960073148431,0.9132075471698113,static,M-2022-6
129,degraded_noncollapsed,31159,0.9193187194448825,0.9354279662376841,0.9273033850852634,static,M-2022-6
130,stable,6776,0.8511621394567348,0.8971369539551358,0.8735450495760885,static,M-2022-6
131,stable,37618,0.8973206568712186,0.9659471529586899,0.9303701048481047,static,M-2022-6
132,stable,16527,0.9519157486316081,0.8313063471894476,0.8875322997416021,static,M-2022-6
133,,49248,0.8426960370994941,0.9741106237816765,0.9036505424954792,static,M-2022-6
134,,9015,0.9109990739788044,0.982140876317249,0.9452332657200812,static,M-2022-6
135,,3059,0.7253136056609842,0.7371690094802223,0.7311932555123216,static,M-2022-6
136,,21531,0.8496832078921631,0.9280572198225814,0.887142603445214,static,M-2022-6
137,degraded_noncollapsed,1475,0.827671913835957,0.6772881355932203,0.7449664429530202,static,M-2022-6
138,degraded_noncollapsed,40153,0.8924608603131174,0.8773690633327522,0.8848506159970864,static,M-2022-6
139,degraded_noncollapsed,1145,0.2800808897876643,0.24192139737991267,0.25960637300843487,static,M-2022-6
140,,66733,0.869548928517908,0.869509837711477,0.8695293826753482,static,M-2022-6
141,,2210,0.661056297156123,0.5153846153846153,0.5792016272565471,static,M-2022-6
142,,50300,0.8602390371180877,0.8127634194831014,0.8358276087667648,static,M-2022-6
143,degraded_noncollapsed,4291,0.7071767941985496,0.6590538336052202,0.6822677925211098,static,M-2022-6
144,stable,3621,0.9720670391061452,0.9610604805302403,0.9665324260519372,static,M-2022-6
145,stable,1317,0.9938176197836167,0.976461655277145,0.9850631941784757,static,M-2022-6
146,,6106,0.9579710144927536,0.9742875859810023,0.9660604092237739,static,M-2022-6
147,degraded_noncollapsed,13,0.09210526315789473,0.5384615384615384,0.15730337078651685,static,M-2022-6
148,,6482,0.9279191128506197,0.8778154890465906,0.9021721896305692,static,M-2022-6
149,,53747,0.8270256811552963,0.8652017787039277,0.8456831097976812,static,M-2022-6
150,degraded_noncollapsed,2103,0.8967551622418879,0.7227769852591536,0.8004212743549236,static,M-2022-6
151,,2108,0.7765388046387154,0.8259013282732448,0.8004597701149425,static,M-2022-6
152,degraded_noncollapsed,800,0.9468479604449939,0.9575,0.9521441889372281,static,M-2022-6
153,,69891,0.8375005027416176,0.8938203774448784,0.864744397225952,static,M-2022-6
154,,2048,0.721120984278879,0.51513671875,0.6009683850754771,static,M-2022-6
155,,7616,0.692173479561316,0.7292542016806722,0.710230179028133,static,M-2022-6
156,absorber,29900,0.8368111958015744,0.8959197324414716,0.8653572813024939,static,M-2022-6
157,,1384,0.6925587467362925,0.7666184971098265,0.7277091906721537,static,M-2022-6
158,,14360,0.9399593436910121,0.9016016713091922,0.9203810336247956,static,M-2022-6
159,,2481,0.6339586339586339,0.5312374042724708,0.5780701754385965,static,M-2022-6
160,,2171,0.7720079129574678,0.7190234914785812,0.7445742904841403,static,M-2022-6
161,,2306,0.9911465250110668,0.9709453599306158,0.9809419496166484,static,M-2022-6
162,,288,0.45430809399477806,0.6041666666666666,0.518628912071535,static,M-2022-6
163,final_collapsed;gradual_collapsed,2085,0.3712121212121212,0.09400479616306955,0.15001913509376197,static,M-2022-6
164,,2477,0.28455631399317405,0.8078320549051272,0.4208644442107477,static,M-2022-6
165,,5569,0.7773734700628515,0.8439576225534208,0.8092983211364615,static,M-2022-6
166,degraded_noncollapsed,2330,0.7803907380607815,0.9257510729613734,0.8468786808009423,static,M-2022-6
167,degraded_noncollapsed,330,0.48314606741573035,0.6515151515151515,0.5548387096774193,static,M-2022-6
168,,5028,0.8195242001640689,0.7947494033412887,0.8069466882067852,static,M-2022-6
169,,3068,0.9811772758384668,0.9344850065189049,0.9572621035058431,static,M-2022-6
170,,2611,0.7390060779406507,0.791650708540789,0.7644230769230769,static,M-2022-6
171,,5620,0.7398095238095238,0.6911032028469751,0.7146274149034039,static,M-2022-6
172,,6732,0.8489421720733428,0.8940879382055853,0.8709304008103024,static,M-2022-6
173,degraded_noncollapsed,3237,0.9918813978115072,0.8680877355576151,0.9258649093904449,static,M-2022-6
174,final_collapsed;abrupt_collapsed,3149,0.9885263535317318,0.8755160368370911,0.9285954866958572,static,M-2022-6
175,,44968,0.724261210994007,0.7793764454723359,0.7508087148396495,static,M-2022-6
176,degraded_noncollapsed,2820,0.6685236768802229,0.7659574468085106,0.7139315815567675,static,M-2022-6
177,,1722,0.9501011463250169,0.8182346109175378,0.8792511700468019,static,M-2022-6
0,,627,0.8763358778625954,0.9154704944178629,0.8954758190327613,static,M-2022-7
1,,5041,0.9311765917988872,0.8964491172386432,0.9134829189407722,static,M-2022-7
2,absorber,4913,0.6682960893854749,0.7791573376755546,0.7194812517620525,static,M-2022-7
3,,814,0.5692857142857143,0.9791154791154791,0.7199638663053297,static,M-2022-7
4,,1306,0.8729050279329609,0.9571209800918836,0.9130752373995618,static,M-2022-7
5,absorber,949,0.4429637526652452,0.8756585879873551,0.5883185840707965,static,M-2022-7
6,degraded_noncollapsed,1455,0.17620481927710843,0.3216494845360825,0.22768182923862806,static,M-2022-7
7,,13,0.7142857142857143,0.38461538461538464,0.5,static,M-2022-7
8,stable,1238,0.8773656320968963,0.9361873990306947,0.9058225869480265,static,M-2022-7
9,degraded_noncollapsed,1255,0.8315363881401617,0.49163346613545816,0.6179268903355033,static,M-2022-7
10,final_collapsed;gradual_collapsed,1346,0.8383620689655172,0.8670133729569094,0.8524470416362309,static,M-2022-7
11,degraded_noncollapsed,1290,0.6821345707656613,0.6837209302325581,0.6829268292682927,static,M-2022-7
12,degraded_noncollapsed,1813,0.812790097988654,0.8692774407060121,0.8400852878464818,static,M-2022-7
13,absorber,1115,0.45198902606310015,0.5910313901345291,0.5122425184609405,static,M-2022-7
14,absorber;degraded_noncollapsed,4897,0.39216696727647515,0.3108025321625485,0.3467760309865573,static,M-2022-7
15,stable,538,0.8445297504798465,0.8178438661710037,0.8309726156751652,static,M-2022-7
16,,949,0.335149863760218,0.12961011591148577,0.18693009118541035,static,M-2022-7
17,,9274,0.9529867926814491,0.848069872762562,0.897472471044674,static,M-2022-7
18,,12401,0.8660102115244347,0.9574227884847996,0.9094251464899851,static,M-2022-7
19,degraded_noncollapsed,9918,0.8991884228023859,0.9272030651340997,0.9129808885579548,static,M-2022-7
20,,1273,0.8870326173428799,0.8758837391987431,0.8814229249011858,static,M-2022-7
21,,1255,0.9434682964094728,0.9840637450199203,0.9633385335413417,static,M-2022-7
22,,449,0.778705636743215,0.8307349665924276,0.8038793103448276,static,M-2022-7
23,,5629,0.9239112014912727,0.9685556937289039,0.9457068516912402,static,M-2022-7
24,degraded_noncollapsed,4214,0.9672170375687964,0.9591836734693877,0.9631836053854402,static,M-2022-7
25,,35008,0.9054225858161516,0.9357861060329068,0.9203539823008849,static,M-2022-7
26,final_collapsed;abrupt_collapsed,952,0.6336448598130842,0.7121848739495799,0.6706231454005934,static,M-2022-7
27,,15113,0.9650504741511166,0.834976510289155,0.8953137748767249,static,M-2022-7
28,degraded_noncollapsed,10579,0.8206374932468936,0.7179317515833255,0.7658566098618533,static,M-2022-7
29,,19817,0.8459763133920437,0.7028813644850381,0.7678187531007111,static,M-2022-7
30,,5745,0.9968231556653724,0.9831157528285466,0.9899220050828148,static,M-2022-7
31,,5940,0.9781988931745765,0.981986531986532,0.9800890531798706,static,M-2022-7
32,degraded_noncollapsed,2014,0.6063685636856369,0.4443892750744787,0.5128939828080229,static,M-2022-7
33,,273,0.6851851851851852,0.5421245421245421,0.6053169734151329,static,M-2022-7
34,degraded_noncollapsed,802,0.9043583535108959,0.9314214463840399,0.9176904176904177,static,M-2022-7
35,,3174,0.9850696748506967,0.9354127284183995,0.9595992243051067,static,M-2022-7
36,degraded_noncollapsed,1292,0.9467649467649467,0.8947368421052632,0.9200159172304019,static,M-2022-7
37,,939,0.981859410430839,0.9222577209797657,0.9511257550796266,static,M-2022-7
38,final_collapsed;abrupt_collapsed,102,0.8333333333333334,0.4411764705882353,0.5769230769230769,static,M-2022-7
39,,5963,0.9565139263252471,0.8926714740902231,0.9234906315058987,static,M-2022-7
40,degraded_noncollapsed,1205,0.9750692520775623,0.8763485477178423,0.9230769230769231,static,M-2022-7
41,,1992,0.7894021739130435,0.5833333333333334,0.6709006928406467,static,M-2022-7
42,degraded_noncollapsed,630,0.3333333333333333,0.2761904761904762,0.3020833333333333,static,M-2022-7
43,,1330,0.7581602373887241,0.7684210526315789,0.7632561613144138,static,M-2022-7
44,stable,1904,0.9845094664371773,0.9012605042016807,0.9410474362489718,static,M-2022-7
45,absorber,1928,0.889618138424821,0.7733402489626556,0.8274139844617092,static,M-2022-7
46,absorber,4182,0.6371343789741416,0.7187948350071736,0.6755056179775281,static,M-2022-7
47,final_collapsed;gradual_collapsed,384,0.9654255319148937,0.9453125,0.9552631578947368,static,M-2022-7
48,final_collapsed;abrupt_collapsed,4498,0.9537444933920705,0.09626500666963095,0.17487883683360259,static,M-2022-7
49,,13761,0.8393060486301829,0.9105442918392559,0.8734750784245382,static,M-2022-7
50,degraded_noncollapsed,2568,0.09333333333333334,0.016355140186915886,0.027833001988071572,static,M-2022-7
51,,15397,0.8475455174003227,0.9553809183607196,0.8982383293133454,static,M-2022-7
52,,1010,0.818069306930693,0.6544554455445545,0.7271727172717272,static,M-2022-7
53,,4517,0.859187059311489,0.9172016825326544,0.8872470285897848,static,M-2022-7
54,degraded_noncollapsed,3357,0.38280922431865827,0.2719690199582961,0.31800766283524906,static,M-2022-7
55,degraded_noncollapsed,5627,0.9821397303449484,0.9968011373733784,0.9894161227729759,static,M-2022-7
56,final_collapsed;abrupt_collapsed,8114,0.005928853754940711,0.0003697313285679073,0.0006960556844547563,static,M-2022-7
57,stable,2449,0.9967064635652532,0.9885667619436505,0.992619926199262,static,M-2022-7
58,,1749,0.9994275901545506,0.9982847341337907,0.9988558352402745,static,M-2022-7
59,stable,5381,0.9697737556561086,0.9957257015424642,0.9825783972125436,static,M-2022-7
60,,21024,0.8796906461651107,0.91433599695586,0.8966787946636813,static,M-2022-7
61,,12195,0.6032433633233366,0.8906929069290693,0.7193139300023178,static,M-2022-7
62,stable,8933,0.9139762107051826,0.9633941564983768,0.9380347702872092,static,M-2022-7
63,,8561,0.8001575630252101,0.7118327298212825,0.7534153427706002,static,M-2022-7
64,stable,16,0.0035842293906810036,0.0625,0.006779661016949152,static,M-2022-7
65,,2044,0.9030585795749093,0.8522504892367906,0.876919204631261,static,M-2022-7
66,final_collapsed;abrupt_collapsed,2587,0.8981018981018981,0.6950135291843834,0.7836129875789932,static,M-2022-7
67,,1175,0.3799043062200957,0.33787234042553194,0.35765765765765767,static,M-2022-7
68,,3493,0.5613063407181055,0.8413970798740338,0.6733875587123381,static,M-2022-7
69,final_collapsed;abrupt_collapsed,605,0.7142857142857143,0.9338842975206612,0.8094555873925502,static,M-2022-7
70,degraded_noncollapsed,1078,0.7446808510638298,0.5844155844155844,0.6548856548856549,static,M-2022-7
71,absorber,78156,0.867349426969032,0.8647192793899381,0.8660323562389877,static,M-2022-7
72,,7931,0.7596946940785424,0.7780859916782247,0.7687803662638595,static,M-2022-7
73,,15014,0.9741787122207621,0.9875449580391634,0.9808162995303301,static,M-2022-7
74,,3474,0.7082613204286208,0.5898100172711571,0.643631223496152,static,M-2022-7
75,degraded_noncollapsed,16084,0.6813482925873303,0.864648097488187,0.7621317988765585,static,M-2022-7
76,stable,5019,0.8991617983235967,0.7053197848176928,0.7905314872711031,static,M-2022-7
77,,35082,0.8542527926818542,0.8305113733538567,0.8422148029311017,static,M-2022-7
78,,31608,0.965984414912536,0.9451721083270058,0.9554649396338051,static,M-2022-7
79,,10765,0.7853631388553938,0.7865304226660473,0.7859463473498561,static,M-2022-7
80,degraded_noncollapsed,2151,0.6070234113712375,0.33751743375174337,0.43382133253659994,static,M-2022-7
81,,3251,0.9623100303951367,0.9738541987080899,0.9680476991285736,static,M-2022-7
82,,38594,0.8303969871282276,0.8341192931543763,0.8322539781026616,static,M-2022-7
83,,21074,0.9276866264666013,0.9417291449179084,0.9346551439941602,static,M-2022-7
84,,1135,0.9668122270742358,0.9753303964757709,0.9710526315789474,static,M-2022-7
85,,1437,0.9597818677573279,0.9798190675017397,0.9696969696969697,static,M-2022-7
86,,16760,0.8176655031651187,0.8246420047732697,0.8211389359237145,static,M-2022-7
87,,9083,0.9712174680194089,0.9696135638005065,0.9704148531761335,static,M-2022-7
88,,239,0.2813186813186813,0.5355648535564853,0.3688760806916426,static,M-2022-7
89,,552,0.910828025477707,0.7771739130434783,0.8387096774193549,static,M-2022-7
90,,3605,0.8497757847533632,0.9461858529819694,0.8953930962068513,static,M-2022-7
91,,2609,0.8126666666666666,0.9344576466078958,0.8693171688357996,static,M-2022-7
92,,804,0.94579945799458,0.8681592039800995,0.9053177691309987,static,M-2022-7
93,,24700,0.8900483353661292,0.7976923076923077,0.8413433823686401,static,M-2022-7
94,stable,123,0.021092482422931314,0.3170731707317073,0.03955375253549696,static,M-2022-7
95,,53160,0.9929320608523103,0.9883559066967644,0.9906386990337026,static,M-2022-7
96,absorber;degraded_noncollapsed,37892,0.8220145273530757,0.8541644674337591,0.8377811715372868,static,M-2022-7
97,,30023,0.9256558051993883,0.7862971721680045,0.8503043619205417,static,M-2022-7
98,stable,48679,0.995002467917078,0.9938782637276854,0.994440048097181,static,M-2022-7
99,stable,18048,0.9044958487807425,0.9597739361702128,0.9313153579397295,static,M-2022-7
100,,10947,0.8952263374485596,0.9936055540330684,0.9418539204225657,static,M-2022-7
101,degraded_noncollapsed,44889,0.9237121510027526,0.15698723518011093,0.26836513195475836,static,M-2022-7
102,,41479,0.7885639059012077,0.996431929410063,0.8803944958036893,static,M-2022-7
103,degraded_noncollapsed,1231,0.649379932356257,0.9358245329000813,0.7667221297836938,static,M-2022-7
104,final_collapsed;gradual_collapsed,1719,0.4161676646706587,0.16172193135543922,0.23292836196062003,static,M-2022-7
105,absorber;degraded_noncollapsed,1105,0.35490101400289714,0.665158371040724,0.4628463476070529,static,M-2022-7
106,,2288,0.9384359400998337,0.986013986013986,0.9616368286445013,static,M-2022-7
107,stable,2160,0.9126506024096386,0.9819444444444444,0.9460303300624442,static,M-2022-7
108,,7204,0.9411280362289007,0.9519711271515825,0.9465185287419777,static,M-2022-7
109,final_collapsed;abrupt_collapsed,1236,0.9307875894988067,0.9466019417475728,0.9386281588447654,static,M-2022-7
110,,6102,0.8964310706787963,0.839724680432645,0.8671518023354206,static,M-2022-7
111,degraded_noncollapsed,1330,0.604978354978355,0.42030075187969923,0.49600709849157054,static,M-2022-7
112,degraded_noncollapsed,1780,0.7136490250696379,0.7196629213483146,0.7166433566433567,static,M-2022-7
113,stable,2014,0.9925149700598802,0.9875868917576961,0.9900447984071677,static,M-2022-7
114,,1939,0.7561934722768384,0.9917483238782878,0.85809906291834,static,M-2022-7
115,,13745,0.8578384488305365,0.7177882866496907,0.7815891626396261,static,M-2022-7
116,,3519,0.9113607990012484,0.8297811878374538,0.8686598244831176,static,M-2022-7
117,,45039,0.5546501956193586,0.7995070938519949,0.6549412973690673,static,M-2022-7
118,degraded_noncollapsed,1354,0.6144636015325671,0.947562776957164,0.7454968041836142,static,M-2022-7
119,stable,1430,0.9193899782135077,0.8853146853146853,0.9020306376914856,static,M-2022-7
120,,1510,0.8423052564914503,0.8807947019867549,0.861120103593396,static,M-2022-7
121,final_collapsed;gradual_collapsed,7,0.0,0.0,0.0,static,M-2022-7
122,,41710,0.9025825433148088,0.860537041476864,0.8810584582152018,static,M-2022-7
123,degraded_noncollapsed,1121,0.8445642407906558,0.8385370205173952,0.8415398388540735,static,M-2022-7
124,,20257,0.9072508454346528,0.9005775781211434,0.903901895206243,static,M-2022-7
125,,2871,0.665081351689612,0.9254615116684082,0.7739586367608505,static,M-2022-7
126,,1107,0.9150197628458498,0.8364950316169828,0.8739971684756961,static,M-2022-7
127,,2163,0.8434093161546086,0.7868700878409616,0.8141592920353983,static,M-2022-7
128,stable,2154,0.7047391749062394,0.9596100278551533,0.8126597208570867,static,M-2022-7
129,degraded_noncollapsed,19427,0.886508283534956,0.9392597930714984,0.9121219695076231,static,M-2022-7
130,stable,4594,0.8135491606714629,0.8861558554636483,0.8483017295269848,static,M-2022-7
131,stable,26165,0.9171378860374075,0.967017007452704,0.9414172232247503,static,M-2022-7
132,stable,10712,0.9377503852080123,0.8522218073188947,0.8929427299848388,static,M-2022-7
133,,36135,0.8432236018866108,0.9697246436972464,0.9020607277548236,static,M-2022-7
134,,6337,0.9233254994124559,0.9919520277733943,0.9564092810954735,static,M-2022-7
135,,1882,0.6320201173512154,0.8012752391073327,0.7066541705716963,static,M-2022-7
136,,14759,0.865318981359937,0.8932854529439664,0.8790798466411068,static,M-2022-7
137,degraded_noncollapsed,1585,0.6509635974304069,0.19179810725552052,0.2962962962962963,static,M-2022-7
138,degraded_noncollapsed,28132,0.8554360812425329,0.6871889663017204,0.7621375490331356,static,M-2022-7
139,degraded_noncollapsed,1011,0.3778135048231511,0.2324431256181998,0.2878138395590937,static,M-2022-7
140,,13811,0.6877828054298643,0.8034175657084932,0.7411167512690355,static,M-2022-7
141,,1364,0.7223851417399805,0.5417888563049853,0.6191872643485546,static,M-2022-7
142,,23002,0.8331109372843142,0.7871489435701243,0.8094780373309489,static,M-2022-7
143,degraded_noncollapsed,2408,0.6537634408602151,0.6312292358803987,0.6422987534333404,static,M-2022-7
144,stable,3002,0.9946485907955762,0.9287141905396402,0.960551248923342,static,M-2022-7
145,stable,1697,0.995872641509434,0.9952857984678845,0.995579133510168,static,M-2022-7
146,,4786,0.9859086491739553,0.8478896782281655,0.9117052347787015,static,M-2022-7
147,degraded_noncollapsed,55,0.18811881188118812,0.34545454545454546,0.24358974358974358,static,M-2022-7
148,,4632,0.9153846153846154,0.8734887737478411,0.8939460892620416,static,M-2022-7
149,,32883,0.7125976643383672,0.7849344646169754,0.7470189858763603,static,M-2022-7
150,degraded_noncollapsed,1436,0.8592870544090057,0.637883008356546,0.7322142286171063,static,M-2022-7
151,,1469,0.7505966587112172,0.8563648740639891,0.8,static,M-2022-7
152,degraded_noncollapsed,336,0.9106145251396648,0.9702380952380952,0.9394812680115274,static,M-2022-7
153,,39925,0.7984454632193805,0.8593613024420789,0.8277842115421733,static,M-2022-7
154,,1219,0.6693830034924331,0.4716981132075472,0.5534167468719923,static,M-2022-7
155,,5019,0.5943246670894102,0.7469615461247261,0.6619581530855478,static,M-2022-7
156,absorber,19602,0.7957924780186899,0.8818998061422304,0.8366364186327888,static,M-2022-7
157,,937,0.5713080168776371,0.7225186766275347,0.6380772855796418,static,M-2022-7
158,,5930,0.9054856743535988,0.8740303541315345,0.8894800068645958,static,M-2022-7
159,,1512,0.6848049281314168,0.44113756613756616,0.5366049879324215,static,M-2022-7
160,,1230,0.46135693215339235,0.6357723577235772,0.5347008547008547,static,M-2022-7
161,,1512,0.9912087912087912,0.8948412698412699,0.940563086548488,static,M-2022-7
162,,241,0.5045045045045045,0.46473029045643155,0.4838012958963283,static,M-2022-7
163,final_collapsed;gradual_collapsed,1276,0.12,0.02821316614420063,0.04568527918781726,static,M-2022-7
164,,1702,0.2250050906129098,0.6492361927144535,0.3341902313624679,static,M-2022-7
165,,5683,0.770854788877446,0.7902516276614464,0.7804327048396906,static,M-2022-7
166,degraded_noncollapsed,1530,0.6203492786636294,0.5339869281045752,0.5739374780470671,static,M-2022-7
167,degraded_noncollapsed,23,0.019455252918287938,0.21739130434782608,0.03571428571428571,static,M-2022-7
168,,2156,0.6869498660543437,0.8325602968460112,0.7527783602432375,static,M-2022-7
169,,2090,0.8778821520068317,0.9837320574162679,0.927797833935018,static,M-2022-7
170,,1882,0.5824829931972789,0.7279489904357067,0.6471421823334907,static,M-2022-7
171,,6243,0.7180790034420587,0.7017459554701265,0.7098185353208036,static,M-2022-7
172,,5217,0.847211155378486,0.8152194747939429,0.8309074924294226,static,M-2022-7
173,degraded_noncollapsed,1718,0.9952988582941572,0.8626309662398137,0.9242282507015903,static,M-2022-7
174,final_collapsed;abrupt_collapsed,1067,0.0,0.0,0.0,static,M-2022-7
175,,32188,0.729845880260818,0.7650366596247049,0.747027059822837,static,M-2022-7
176,degraded_noncollapsed,1623,0.5485122897800776,0.7837338262476895,0.6453576864535768,static,M-2022-7
177,,1188,0.37458962573867366,0.9604377104377104,0.5389702409069438,static,M-2022-7
0,,862,0.9112903225806451,0.9176334106728539,0.9144508670520232,static,M-2022-8
1,,5146,0.8605823068309071,0.8960357559269335,0.877951256664128,static,M-2022-8
2,absorber,5944,0.624072187454519,0.721399730820996,0.6692157627779945,static,M-2022-8
3,,961,0.7017024426350851,0.9864724245577523,0.8200692041522492,static,M-2022-8
4,,537,0.7709580838323353,0.9590316573556797,0.8547717842323651,static,M-2022-8
5,absorber,2001,0.5752364574376613,0.6686656671664168,0.6184423388028657,static,M-2022-8
6,degraded_noncollapsed,1603,0.17114192977279433,0.3618215845290081,0.23237179487179488,static,M-2022-8
7,,14,0.5,0.07142857142857142,0.125,static,M-2022-8
8,stable,2212,0.8946053946053946,0.8096745027124774,0.8500237304224015,static,M-2022-8
9,degraded_noncollapsed,1272,0.7906574394463668,0.35927672955974843,0.49405405405405406,static,M-2022-8
10,final_collapsed;gradual_collapsed,1331,0.8384442782348541,0.8422238918106687,0.8403298350824587,static,M-2022-8
11,degraded_noncollapsed,1630,0.40885684860968075,0.24355828220858897,0.30526720492118414,static,M-2022-8
12,degraded_noncollapsed,2224,0.8155426529700759,0.8210431654676259,0.8182836656957204,static,M-2022-8
13,absorber,1200,0.43468593663146193,0.6516666666666666,0.5215071690563521,static,M-2022-8
14,absorber;degraded_noncollapsed,6466,0.27652322113336175,0.301113516857408,0.28829495816983786,static,M-2022-8
15,stable,491,0.8293216630196937,0.7718940936863544,0.79957805907173,static,M-2022-8
16,,677,0.2581453634085213,0.15214180206794684,0.19144981412639406,static,M-2022-8
17,,10142,0.9590689417102278,0.9587852494577006,0.9589270746018441,static,M-2022-8
18,,15084,0.8341728909733078,0.9551180058339963,0.8905578735898625,static,M-2022-8
19,degraded_noncollapsed,11453,0.8745478774033886,0.8022352222125207,0.8368322783369005,static,M-2022-8
20,,1430,0.8288227334235453,0.8566433566433567,0.842503438789546,static,M-2022-8
21,,1311,0.9258181818181819,0.9710144927536232,0.9478778853313478,static,M-2022-8
22,,752,0.7784810126582279,0.8178191489361702,0.7976653696498055,static,M-2022-8
23,,4529,0.8566775244299675,0.9291234268050342,0.8914309924796102,static,M-2022-8
24,degraded_noncollapsed,4554,0.9588614631976874,0.9468599033816425,0.9528228924980665,static,M-2022-8
25,,39522,0.9069562233442816,0.9362380446333688,0.9213645418326694,static,M-2022-8
26,final_collapsed;abrupt_collapsed,1103,0.6869009584664537,0.7796917497733454,0.7303609341825902,static,M-2022-8
27,,1901,0.8593429158110883,0.8805891635981062,0.8698363211223694,static,M-2022-8
28,degraded_noncollapsed,9168,0.7621899059024807,0.6803010471204188,0.7189210996484352,static,M-2022-8
29,,21945,0.8419974115616912,0.7115060378218273,0.771271209464299,static,M-2022-8
30,,3306,0.9965408805031446,0.9585601935874168,0.9771816219549799,static,M-2022-8
31,,4666,0.9720443875373452,0.9762108872696099,0.9741231822070145,static,M-2022-8
32,degraded_noncollapsed,2218,0.4902962206332993,0.4328223624887286,0.45977011494252873,static,M-2022-8
33,,286,0.8558558558558559,0.6643356643356644,0.7480314960629921,static,M-2022-8
34,degraded_noncollapsed,758,0.8433874709976799,0.9591029023746702,0.8975308641975308,static,M-2022-8
35,,1273,0.9512396694214876,0.9041633935585232,0.9271043093032622,static,M-2022-8
36,degraded_noncollapsed,629,0.8589511754068716,0.7551669316375199,0.8037225042301185,static,M-2022-8
37,,574,0.9649737302977233,0.9599303135888502,0.9624454148471616,static,M-2022-8
38,final_collapsed;abrupt_collapsed,973,0.625,0.030832476875642344,0.058765915768854066,static,M-2022-8
39,,5926,0.9542764927380312,0.8980762740465744,0.9253238285664609,static,M-2022-8
40,degraded_noncollapsed,1203,0.974910394265233,0.6783042394014963,0.8,static,M-2022-8
41,,1928,0.788722341184868,0.5731327800829875,0.6638630219285071,static,M-2022-8
42,degraded_noncollapsed,713,0.40669856459330145,0.23842917251051893,0.3006189213085765,static,M-2022-8
43,,2868,0.8632,0.7524407252440726,0.8040238450074516,static,M-2022-8
44,stable,1328,0.9757575757575757,0.848644578313253,0.9077728554168345,static,M-2022-8
45,absorber,1779,0.556305356389709,0.7414277684092186,0.6356626506024097,static,M-2022-8
46,absorber,4667,0.54393437450702,0.7388043711163488,0.6265673269125931,static,M-2022-8
47,final_collapsed;gradual_collapsed,10,0.07142857142857142,0.1,0.08333333333333333,static,M-2022-8
48,final_collapsed;abrupt_collapsed,4626,0.0,0.0,0.0,static,M-2022-8
49,,13190,0.8027243811367722,0.8801364670204701,0.839649934905251,static,M-2022-8
50,degraded_noncollapsed,9033,0.39657631954350925,0.030776043396435294,0.057119375385247584,static,M-2022-8
51,,15789,0.9054517040331791,0.954081955792007,0.9291309443039536,static,M-2022-8
52,,1110,0.734475374732334,0.618018018018018,0.6712328767123288,static,M-2022-8
53,,5275,0.8640676211833707,0.9495734597156398,0.9048049132947977,static,M-2022-8
54,degraded_noncollapsed,3681,0.36260025327142253,0.23336049986416735,0.28396694214876034,static,M-2022-8
55,degraded_noncollapsed,4870,0.990080738177624,0.8813141683778234,0.9325366648560565,static,M-2022-8
56,final_collapsed;abrupt_collapsed,10210,0.004347826086956522,0.0002938295788442703,0.0005504587155963303,static,M-2022-8
57,stable,1913,0.9936742224565103,0.985363303711448,0.989501312335958,static,M-2022-8
58,,1356,0.9977924944812362,1.0,0.9988950276243094,static,M-2022-8
59,stable,4909,0.9515752625437572,0.99674068038297,0.9736344642324147,static,M-2022-8
60,,21862,0.8833047531108473,0.9189003750800475,0.9007510368792736,static,M-2022-8
61,,12446,0.5810064762713664,0.8793990036959666,0.6997187060478199,static,M-2022-8
62,stable,8482,0.9227569147740049,0.9675784013204433,0.9446362799263351,static,M-2022-8
63,,8412,0.7844513429612633,0.6909177365668093,0.7347196763794956,static,M-2022-8
64,stable,3965,0.9178416485900217,0.8537200504413619,0.8846204102966158,static,M-2022-8
65,,2348,0.9209528965890633,0.7244463373083475,0.8109654350417164,static,M-2022-8
66,final_collapsed;abrupt_collapsed,2980,0.8789473684210526,0.6164429530201342,0.72465483234714,static,M-2022-8
67,,1258,0.3241232731137088,0.2424483306836248,0.2773988176443838,static,M-2022-8
68,,3673,0.5240045879075864,0.8706779199564388,0.6542553191489362,static,M-2022-8
69,final_collapsed;abrupt_collapsed,517,0.6378162450066578,0.9264990328820116,0.7555205047318612,static,M-2022-8
70,degraded_noncollapsed,1217,0.7159235668789808,0.4617912900575185,0.5614385614385614,static,M-2022-8
71,absorber,73697,0.8157755712989176,0.8171703054398415,0.8164723427331887,static,M-2022-8
72,,8133,0.646435331230284,0.6299028648715111,0.6380620251587994,static,M-2022-8
73,,12129,0.9613565954671449,0.9722153516365735,0.9667554826808772,static,M-2022-8
74,,3591,0.7167487684729064,0.5672514619883041,0.6332970620239391,static,M-2022-8
75,degraded_noncollapsed,16576,0.6400642445724413,0.6972128378378378,0.6674174174174174,static,M-2022-8
76,stable,3558,0.884276371907876,0.8740865654862282,0.8791519434628975,static,M-2022-8
77,,38646,0.8801613732975929,0.8411478548879574,0.8602124928882362,static,M-2022-8
78,,29549,0.9559860408802792,0.9085248231750651,0.9316513681872604,static,M-2022-8
79,,9419,0.786468869408856,0.7429663446225714,0.7640989244963695,static,M-2022-8
80,degraded_noncollapsed,1839,0.48984995586937335,0.30179445350734097,0.373485868102288,static,M-2022-8
81,,2870,0.9548548907201719,0.9285714285714286,0.9415297650591768,static,M-2022-8
82,,36090,0.7581972401569819,0.8297312274868385,0.792352980088642,static,M-2022-8
83,,22940,0.9459600801882682,0.946207497820401,0.9460837728283137,static,M-2022-8
84,,2107,0.9719714964370546,0.9710488846701472,0.9715099715099715,static,M-2022-8
85,,502,0.9038461538461539,0.9362549800796812,0.9197651663405088,static,M-2022-8
86,,16937,0.807785434904079,0.7681997992560666,0.7874954605979906,static,M-2022-8
87,,7898,0.9338459660685952,0.9687262598126107,0.9509663787210242,static,M-2022-8
88,,291,0.286,0.49140893470790376,0.3615676359039191,static,M-2022-8
89,,579,0.91701244813278,0.7633851468048359,0.8331762488218661,static,M-2022-8
90,,4021,0.8582677165354331,0.9487689629445412,0.901252067091897,static,M-2022-8
91,,3006,0.8159509202453987,0.9291417165668663,0.8688754083061129,static,M-2022-8
92,,1004,0.9606557377049181,0.8754980079681275,0.9161021365294424,static,M-2022-8
93,,26793,0.8507960159987452,0.8098010674429889,0.829792523185773,static,M-2022-8
94,stable,128,0.07776261937244201,0.4453125,0.13240418118466898,static,M-2022-8
95,,43638,0.9765956015871948,0.9982813144507081,0.9873193948665647,static,M-2022-8
96,absorber;degraded_noncollapsed,42812,0.8069085926449788,0.8528216387928618,0.829230070406541,static,M-2022-8
97,,35301,0.8843158340665428,0.7687317639726919,0.8224828756743651,static,M-2022-8
98,stable,52264,0.9938253849546492,0.9916386040104087,0.9927307902272705,static,M-2022-8
99,stable,18023,0.9002677376171352,0.9701492537313433,0.9339030578181332,static,M-2022-8
100,,12122,0.8461602187059896,0.8426002309849859,0.8443764725333774,static,M-2022-8
101,degraded_noncollapsed,47771,0.9663616379530698,0.3957003202779929,0.5614863660666548,static,M-2022-8
102,,34377,0.8183408415604332,0.9934258370422084,0.8974234321827905,static,M-2022-8
103,degraded_noncollapsed,1686,0.5213732749915854,0.9187425860023725,0.6652351299119605,static,M-2022-8
104,final_collapsed;gradual_collapsed,1405,0.3052064631956912,0.12099644128113879,0.17329255861365953,static,M-2022-8
105,absorber;degraded_noncollapsed,2363,0.5837020648967551,0.6699111299195938,0.6238423645320197,static,M-2022-8
106,,2346,0.9334685598377281,0.9808184143222506,0.956557888172937,static,M-2022-8
107,stable,2385,0.9100426521907716,0.9840670859538784,0.9456083803384367,static,M-2022-8
108,,6942,0.9222758828856021,0.8802938634399309,0.9007959905660378,static,M-2022-8
109,final_collapsed;abrupt_collapsed,1309,0.9695756605284227,0.9251336898395722,0.9468334636434714,static,M-2022-8
110,,5689,0.8414026343894624,0.8309017402003868,0.8361192181834262,static,M-2022-8
111,degraded_noncollapsed,1028,0.5420765027322404,0.48249027237354086,0.5105506948018528,static,M-2022-8
112,degraded_noncollapsed,2194,0.777137367915466,0.7374658158614403,0.7567820392890552,static,M-2022-8
113,stable,1939,0.9917184265010351,0.9881382155750387,0.9899250839576337,static,M-2022-8
114,,2359,0.974188176519567,0.9919457397202205,0.9829867674858223,static,M-2022-8
115,,13747,0.8886591115890479,0.7814795955481196,0.8316302833255922,static,M-2022-8
116,,3304,0.8992525186870328,0.8374697336561744,0.8672621846105626,static,M-2022-8
117,,52510,0.596236980299997,0.7827270996000761,0.6768716445439874,static,M-2022-8
118,degraded_noncollapsed,1152,0.27008547008547007,0.9600694444444444,0.42157423289498763,static,M-2022-8
119,stable,2335,0.9372236958443855,0.9079229122055674,0.9223406569501849,static,M-2022-8
120,,1976,0.643089137495489,0.9018218623481782,0.7507899726142827,static,M-2022-8
121,final_collapsed;gradual_collapsed,20,0.0,0.0,0.0,static,M-2022-8
122,,45228,0.8946009945536348,0.8353011408861767,0.8639346886505522,static,M-2022-8
123,degraded_noncollapsed,4318,0.9515960230245945,0.8422880963408985,0.8936117936117937,static,M-2022-8
124,,22927,0.891841022498468,0.8886901906049636,0.8902628186922421,static,M-2022-8
125,,3584,0.7084044368600683,0.9266183035714286,0.8029497098646035,static,M-2022-8
126,,1562,0.9210342417889588,0.8437900128040973,0.880721683929168,static,M-2022-8
127,,1951,0.8105134474327629,0.6796514607893388,0.7393364928909952,static,M-2022-8
128,stable,1974,0.9443593670239918,0.9371833839918946,0.9407576913297737,static,M-2022-8
129,degraded_noncollapsed,23034,0.8624696356275303,0.924850221411826,0.8925713328026145,static,M-2022-8
130,stable,4970,0.7455601092896175,0.8784708249496982,0.8065767596526879,static,M-2022-8
131,stable,27511,0.9033464976096446,0.9478390461997019,0.9250580910655054,static,M-2022-8
132,stable,12301,0.9359734195402298,0.8473294854076905,0.8894483082305756,static,M-2022-8
133,,44441,0.8454790956220063,0.965144798721901,0.9013575421342411,static,M-2022-8
134,,7338,0.9318650180319423,0.9859634777868629,0.9581512382465899,static,M-2022-8
135,,1863,0.5655226209048362,0.7783145464304885,0.6550711542805512,static,M-2022-8
136,,17935,0.8669021079351065,0.8759408976860886,0.8713980641761655,static,M-2022-8
137,degraded_noncollapsed,1268,0.49901768172888017,0.20031545741324921,0.2858750703432752,static,M-2022-8
138,degraded_noncollapsed,27037,0.8436821985742329,0.6040611014535636,0.7040413837698027,static,M-2022-8
139,degraded_noncollapsed,1361,0.42451612903225805,0.2417340191036003,0.3080524344569288,static,M-2022-8
140,,6533,0.4987696587140259,0.7136078371345477,0.5871536523929471,static,M-2022-8
141,,1310,0.7220982142857143,0.49389312977099237,0.586582048957389,static,M-2022-8
142,,20740,0.731042654028436,0.743731918997107,0.7373326959847036,static,M-2022-8
143,degraded_noncollapsed,2610,0.626970227670753,0.5486590038314176,0.5852063751532489,static,M-2022-8
144,stable,2946,0.9942959001782531,0.9467073998642227,0.9699182750825943,static,M-2022-8
145,stable,1596,0.993734335839599,0.993734335839599,0.993734335839599,static,M-2022-8
146,,5430,0.983467278989667,0.7887661141804788,0.8754215636177823,static,M-2022-8
147,degraded_noncollapsed,19,0.042735042735042736,0.2631578947368421,0.07352941176470588,static,M-2022-8
148,,5228,0.9031672382489409,0.8563504208110176,0.8791359842906235,static,M-2022-8
149,,36383,0.6930403116962489,0.7480141824478466,0.7194786654681965,static,M-2022-8
150,degraded_noncollapsed,1240,0.8376288659793815,0.5241935483870968,0.6448412698412699,static,M-2022-8
151,,1581,0.6913774973711883,0.8317520556609741,0.7550961814527706,static,M-2022-8
152,degraded_noncollapsed,356,0.9408450704225352,0.9382022471910112,0.939521800281294,static,M-2022-8
153,,41882,0.7829884744532172,0.8240055393725229,0.8029735452197585,static,M-2022-8
154,,1349,0.6802646085997794,0.4573758339510749,0.5469858156028369,static,M-2022-8
155,,4958,0.5604182225541449,0.7567567567567568,0.6439543465202094,static,M-2022-8
156,absorber,21541,0.7584062735157828,0.8889559444779722,0.8185082282539005,static,M-2022-8
157,,1614,0.599798893916541,0.7391573729863693,0.662225922842076,static,M-2022-8
158,,5881,0.843040293040293,0.782690018704302,0.8117449960320959,static,M-2022-8
159,,1687,0.6586414445399829,0.45406046235921754,0.5375438596491228,static,M-2022-8
160,,1280,0.4709241952232606,0.70859375,0.5658140985651903,static,M-2022-8
161,,1187,0.9851988899167438,0.8972198820556023,0.9391534391534392,static,M-2022-8
162,,225,0.52,0.52,0.52,static,M-2022-8
163,final_collapsed;gradual_collapsed,2303,0.056179775280898875,0.008684324793747287,0.01504324934185784,static,M-2022-8
164,,1787,0.16607301869991095,0.6261891438164522,0.26252199413489735,static,M-2022-8
165,,6246,0.590686905068176,0.7351905219340378,0.6550641940085592,static,M-2022-8
166,degraded_noncollapsed,2008,0.7061170212765957,0.5288844621513944,0.6047835990888383,static,M-2022-8
167,degraded_noncollapsed,28,0.018018018018018018,0.14285714285714285,0.032,static,M-2022-8
168,,3413,0.7342894393741851,0.8250805742748315,0.7770419426048565,static,M-2022-8
169,,2076,0.8199838187702265,0.9763969171483622,0.8913808267370272,static,M-2022-8
170,,2430,0.6287030941408822,0.7860082304526749,0.6986100950987564,static,M-2022-8
171,,5885,0.7272124627113026,0.745624468988955,0.7363033811561372,static,M-2022-8
172,,6233,0.8619131801217835,0.7039948660356169,0.7749911691981632,static,M-2022-8
173,degraded_noncollapsed,2317,0.993364299933643,0.6460940871817005,0.7829497907949791,static,M-2022-8
174,final_collapsed;abrupt_collapsed,1419,0.0,0.0,0.0,static,M-2022-8
175,,38323,0.7376906642818105,0.7748610495003001,0.7558191328251269,static,M-2022-8
176,degraded_noncollapsed,1662,0.45693531649948116,0.7948255114320096,0.5802767406105864,static,M-2022-8
177,,1371,0.38894066480273376,0.913202042304887,0.5455337690631809,static,M-2022-8
0,,1520,0.9164420485175202,0.8947368421052632,0.9054593874833555,static,M-2022-9
1,,3720,0.8276704962111953,0.9102150537634408,0.8669824606324414,static,M-2022-9
2,absorber,5358,0.5021926722308672,0.6625606569615529,0.571336605777742,static,M-2022-9
3,,1029,0.7961321514907332,0.9601554907677357,0.8704845814977974,static,M-2022-9
4,,1001,0.8570167696381289,0.97002997002997,0.9100281162136832,static,M-2022-9
5,absorber,2682,0.5613440197287299,0.6789709172259508,0.6145798177522781,static,M-2022-9
6,degraded_noncollapsed,1625,0.24173131890567578,0.36430769230769233,0.29062346588119786,static,M-2022-9
7,,17,0.25,0.058823529411764705,0.09523809523809523,static,M-2022-9
8,stable,1739,0.8474860335195531,0.8723404255319149,0.859733635590819,static,M-2022-9
9,degraded_noncollapsed,1470,0.5409836065573771,0.20204081632653062,0.29420505200594355,static,M-2022-9
10,final_collapsed;gradual_collapsed,930,0.751412429378531,0.8580645161290322,0.8012048192771084,static,M-2022-9
11,degraded_noncollapsed,1941,0.31752178121974833,0.1689850592478104,0.22057834566240753,static,M-2022-9
12,degraded_noncollapsed,3307,0.8537749925395405,0.8651345630480798,0.8594172424151397,static,M-2022-9
13,absorber,1491,0.3086608164822587,0.5425888665325285,0.39348249027237353,static,M-2022-9
14,absorber;degraded_noncollapsed,7474,0.31899538106235564,0.2956917313352957,0.30690181919177895,static,M-2022-9
15,stable,529,0.8059701492537313,0.7145557655954632,0.7575150300601202,static,M-2022-9
16,,1595,0.2956259426847662,0.12288401253918495,0.17360496014171833,static,M-2022-9
17,,10138,0.9243333661320476,0.9266127441309923,0.9254716516427762,static,M-2022-9
18,,26366,0.8662426950842214,0.9557384510354244,0.9087925562608193,static,M-2022-9
19,degraded_noncollapsed,19469,0.8087248322147651,0.6189326621809029,0.7012133026855597,static,M-2022-9
20,,1992,0.6655132641291811,0.8689759036144579,0.7537557152188112,static,M-2022-9
21,,2626,0.8973509933774835,0.9287890327494288,0.9127994011976048,static,M-2022-9
22,,853,0.7187827911857293,0.8030480656506448,0.7585825027685493,static,M-2022-9
23,,8006,0.8516333938294011,0.9377966525106171,0.8926405897039591,static,M-2022-9
24,degraded_noncollapsed,9634,0.958789657897708,0.8814614905542869,0.9185008923259964,static,M-2022-9
25,,43246,0.8895627832577979,0.9258890995699024,0.9073625053819484,static,M-2022-9
26,final_collapsed;abrupt_collapsed,1325,0.5290102389078498,0.7018867924528301,0.6033084657800843,static,M-2022-9
27,,5401,0.9642442984151527,0.9237178300314757,0.9435460992907801,static,M-2022-9
28,degraded_noncollapsed,10545,0.7589153046062407,0.5812233285917496,0.6582890285161914,static,M-2022-9
29,,28520,0.816526556386317,0.7390252454417953,0.7758452505843594,static,M-2022-9
30,,958,0.9127725856697819,0.3058455114822547,0.4581704456606724,static,M-2022-9
31,,3609,0.9568069983597595,0.9697977279024661,0.9632585661208202,static,M-2022-9
32,degraded_noncollapsed,1740,0.569628229363579,0.5195402298850574,0.5434325217914037,static,M-2022-9
33,,452,0.7602040816326531,0.32964601769911506,0.45987654320987653,static,M-2022-9
34,degraded_noncollapsed,415,0.7317518248175182,0.9662650602409638,0.8328141225337488,static,M-2022-9
35,,2218,0.9460500963391136,0.8854824165915239,0.9147647880763856,static,M-2022-9
36,degraded_noncollapsed,325,0.5819209039548022,0.3169230769230769,0.4103585657370518,static,M-2022-9
37,,378,0.9226666666666666,0.9153439153439153,0.9189907038512616,static,M-2022-9
38,final_collapsed;abrupt_collapsed,94,0.31666666666666665,0.20212765957446807,0.24675324675324675,static,M-2022-9
39,,5608,0.9383447509720422,0.9037089871611983,0.9207012444363702,static,M-2022-9
40,degraded_noncollapsed,725,0.8592375366568915,0.40413793103448276,0.549718574108818,static,M-2022-9
41,,2456,0.698279869827987,0.6115635179153095,0.6520512263946169,static,M-2022-9
42,degraded_noncollapsed,1420,0.4881656804733728,0.2323943661971831,0.3148854961832061,static,M-2022-9
43,,4351,0.8861228813559322,0.7690186164100207,0.8234280792420328,static,M-2022-9
44,stable,1225,0.9704761904761905,0.8318367346938775,0.8958241758241758,static,M-2022-9
45,absorber,1547,0.796875,0.6923076923076923,0.7409200968523002,static,M-2022-9
46,absorber,10981,0.6992431409649953,0.673071669246881,0.6859078465036426,static,M-2022-9
47,final_collapsed;gradual_collapsed,9,0.0,0.0,0.0,static,M-2022-9
48,final_collapsed;abrupt_collapsed,3003,0.0,0.0,0.0,static,M-2022-9
49,,29267,0.8224109348039381,0.8305600164007244,0.8264653882768938,static,M-2022-9
50,degraded_noncollapsed,7398,0.25793650793650796,0.026358475263584754,0.047829286239882265,static,M-2022-9
51,,15775,0.8446860313685521,0.9456735340729001,0.8923316186146668,static,M-2022-9
52,,1722,0.6793378295524218,0.6434378629500581,0.660900685952878,static,M-2022-9
53,,7117,0.8900594273365748,0.9259519460446818,0.9076509882239515,static,M-2022-9
54,degraded_noncollapsed,4884,0.7131198995605775,0.2325962325962326,0.35077968195152076,static,M-2022-9
55,degraded_noncollapsed,4695,0.9874332390826265,0.6694355697550586,0.797918253363798,static,M-2022-9
56,final_collapsed;abrupt_collapsed,10537,0.023076923076923078,0.0005694220366328176,0.0011114198388441233,static,M-2022-9
57,stable,1758,0.9936781609195402,0.9835039817974972,0.9885648942252716,static,M-2022-9
58,,1789,0.9983212087297146,0.9972051425377306,0.9977628635346756,static,M-2022-9
59,stable,5340,0.9553956834532374,0.9947565543071161,0.9746788990825688,static,M-2022-9
60,,40442,0.8969647373902693,0.8943919687453638,0.8956765055467512,static,M-2022-9
61,,17276,0.5415919243079736,0.8912942810835842,0.6737698820749557,static,M-2022-9
62,stable,17050,0.927645788336933,0.9572434017595308,0.9422122156794828,static,M-2022-9
63,,10110,0.7637906647807637,0.6409495548961425,0.6969990319457889,static,M-2022-9
64,stable,3493,0.8764845605700713,0.8451188090466648,0.8605159597726278,static,M-2022-9
65,,2712,0.8965827338129496,0.7352507374631269,0.8079416531604539,static,M-2022-9
66,final_collapsed;abrupt_collapsed,3483,0.8693898134140191,0.49497559575078953,0.6308086351994145,static,M-2022-9
67,,2757,0.33264248704663213,0.23286180631120784,0.2739492212502667,static,M-2022-9
68,,4418,0.375406443984629,0.8623811679492983,0.5231001578911237,static,M-2022-9
69,final_collapsed;abrupt_collapsed,323,0.046875,0.04643962848297214,0.04665629860031104,static,M-2022-9
70,degraded_noncollapsed,1678,0.7517564402810304,0.38259833134684146,0.5071090047393365,static,M-2022-9
71,absorber,75189,0.7428303452256412,0.8216095439492479,0.7802364352834192,static,M-2022-9
72,,10841,0.4943034493596291,0.5802970205700582,0.5338594704684317,static,M-2022-9
73,,15275,0.9128554163221169,0.9395090016366612,0.9259904503806943,static,M-2022-9
74,,3563,0.656396255850234,0.47235475722705583,0.5493716337522442,static,M-2022-9
75,degraded_noncollapsed,14009,0.5059907834101383,0.4310800199871511,0.46554116558741904,static,M-2022-9
76,stable,4617,0.8982602950891874,0.883474117392246,0.8908058528062895,static,M-2022-9
77,,36366,0.8835180691283531,0.7408568443051202,0.8059228238109483,static,M-2022-9
78,,25845,0.9076234684063061,0.8397755852195783,0.8723823304795209,static,M-2022-9
79,,11394,0.8459747172322023,0.6695629278567667,0.7475014697236919,static,M-2022-9
80,degraded_noncollapsed,1593,0.5348837209302325,0.27432517263025735,0.362655601659751,static,M-2022-9
81,,3832,0.9212916246215943,0.9530271398747391,0.9368907131862494,static,M-2022-9
82,,36697,0.6886740959745281,0.825162819849034,0.7507654927045756,static,M-2022-9
83,,24627,0.9310695563727408,0.9664189710480368,0.9484149913327622,static,M-2022-9
84,,2869,0.9654811715481172,0.9651446497037295,0.965312881296845,static,M-2022-9
85,,872,0.8991494532199271,0.8486238532110092,0.8731563421828908,static,M-2022-9
86,,39714,0.8861961828672881,0.7541169360930654,0.8148389993062074,static,M-2022-9
87,,6519,0.8582396490265972,0.9602699800582911,0.9063925287772389,static,M-2022-9
88,,241,0.20840950639853748,0.4730290456431535,0.2893401015228426,static,M-2022-9
89,,675,0.892416225749559,0.7496296296296296,0.8148148148148148,static,M-2022-9
90,,4709,0.8399330730619075,0.9594393714164366,0.8957176843774782,static,M-2022-9
91,,3602,0.8954143201930812,0.9269850083287062,0.9109262037921156,static,M-2022-9
92,,1310,0.9776824034334763,0.8694656488549618,0.9204040404040404,static,M-2022-9
93,,30365,0.8055434308162375,0.8508809484603985,0.8275917295280193,static,M-2022-9
94,stable,386,0.6802721088435374,0.5181347150259067,0.5882352941176471,static,M-2022-9
95,,29536,0.9676887570062644,0.9937026002166848,0.9805231684094478,static,M-2022-9
96,absorber;degraded_noncollapsed,52984,0.7537108194035382,0.729314510040767,0.7413120006138912,static,M-2022-9
97,,43419,0.8662687775024025,0.7889172942720929,0.8257856101059534,static,M-2022-9
98,stable,58568,0.9921736158578264,0.9913604698811638,0.9917668761956819,static,M-2022-9
99,stable,22477,0.899895419368333,0.957067224273702,0.9276012246129964,static,M-2022-9
100,,27459,0.9057165154619061,0.6762445828325868,0.7743374825378954,static,M-2022-9
101,degraded_noncollapsed,51530,0.9690344178261324,0.5392780904327577,0.6929320383507674,static,M-2022-9
102,,40247,0.8689895470383275,0.99147762566154,0.9262014460292223,static,M-2022-9
103,degraded_noncollapsed,1956,0.5024719101123596,0.5715746421267893,0.5348002870126763,static,M-2022-9
104,final_collapsed;gradual_collapsed,2027,0.13365155131264916,0.027627035027133696,0.04578904333605887,static,M-2022-9
105,absorber;degraded_noncollapsed,5045,0.6659591403555319,0.4975222993062438,0.5695484456546404,static,M-2022-9
106,,2618,0.9170258620689655,0.9751718869365928,0.9452054794520548,static,M-2022-9
107,stable,2968,0.918444165621079,0.9865229110512129,0.9512670565302144,static,M-2022-9
108,,6913,0.8697133125177405,0.8864458267033126,0.877999856723261,static,M-2022-9
109,final_collapsed;abrupt_collapsed,1610,0.9723116548615582,0.937888198757764,0.9547897565602277,static,M-2022-9
110,,3967,0.7051338306274681,0.8101840181497353,0.7540175953079179,static,M-2022-9
111,degraded_noncollapsed,1839,0.4636258660508083,0.43665035345296355,0.44973396807616917,static,M-2022-9
112,degraded_noncollapsed,1178,0.6455951580363147,0.8149405772495756,0.7204502814258912,static,M-2022-9
113,stable,2241,0.9847259658580413,0.9781347612672914,0.9814192970673831,static,M-2022-9
114,,1601,0.972341733251383,0.9881324172392255,0.9801734820322181,static,M-2022-9
115,,17781,0.8940697445327379,0.765648726168382,0.8248909355307804,static,M-2022-9
116,,3648,0.8716561466786895,0.7949561403508771,0.8315412186379928,static,M-2022-9
117,,70006,0.5998681898066783,0.7801045624660743,0.6782161618419582,static,M-2022-9
118,degraded_noncollapsed,2321,0.48412698412698413,0.9198621283929341,0.6343782498885753,static,M-2022-9
119,stable,3117,0.9309859154929577,0.8482515239011871,0.8876951485647138,static,M-2022-9
120,,2480,0.712784588441331,0.8205645161290323,0.7628865979381443,static,M-2022-9
121,final_collapsed;gradual_collapsed,165,0.022988505747126436,0.012121212121212121,0.015873015873015872,static,M-2022-9
122,,56147,0.8724694501951157,0.848166420289597,0.8601463018152262,static,M-2022-9
123,degraded_noncollapsed,9087,0.8983693591202123,0.26070210190381865,0.4041282838621631,static,M-2022-9
124,,22061,0.8732260258444797,0.8729885317981959,0.8731072626711397,static,M-2022-9
125,,4063,0.6569939183318854,0.9305931577651981,0.7702179669993888,static,M-2022-9
126,,1866,0.9036993540810335,0.8247588424437299,0.8624264499859905,static,M-2022-9
127,,5140,0.8587105624142661,0.7307392996108949,0.789573260458272,static,M-2022-9
128,stable,4300,0.9370096390943735,0.9720930232558139,0.9542289692957425,static,M-2022-9
129,degraded_noncollapsed,26014,0.8172226585174309,0.9200430537402937,0.8655901339939603,static,M-2022-9
130,stable,4858,0.6545252107523462,0.847056401811445,0.7384477344100493,static,M-2022-9
131,stable,26109,0.8927183398108088,0.9325519935654372,0.9122005132720155,static,M-2022-9
132,stable,16414,0.9414023703899888,0.8662117704398684,0.9022432338103246,static,M-2022-9
133,,48332,0.7609903991915109,0.9659438881072582,0.8513051485672085,static,M-2022-9
134,,8132,0.9289434093276241,0.9870880472208559,0.957133488344363,static,M-2022-9
135,,3040,0.4732116999710397,0.5375,0.5033112582781457,static,M-2022-9
136,,19209,0.8328499301750993,0.8072257795824874,0.8198376820789384,static,M-2022-9
137,degraded_noncollapsed,698,0.6954492415402567,0.8538681948424068,0.7665594855305466,static,M-2022-9
138,degraded_noncollapsed,22985,0.781631342324984,0.5824233195562323,0.6674810530514559,static,M-2022-9
139,degraded_noncollapsed,1588,0.35415282392026576,0.33564231738035266,0.3446492078887811,static,M-2022-9
140,,43801,0.8581109699279966,0.8325837309650465,0.8451546367860577,static,M-2022-9
141,,1280,0.639344262295082,0.4265625,0.5117150890346767,static,M-2022-9
142,,27851,0.6852846733358033,0.796919320670712,0.7368980228755457,static,M-2022-9
143,degraded_noncollapsed,3431,0.5683327507864383,0.4739143106965899,0.5168467895740623,static,M-2022-9
144,stable,2630,0.9938008523827974,0.9752851711026616,0.9844559585492227,static,M-2022-9
145,stable,1613,0.9975155279503105,0.9956602603843769,0.9965870307167235,static,M-2022-9
146,,5594,0.977156797516079,0.7876296031462281,0.8722161734138375,static,M-2022-9
147,degraded_noncollapsed,2227,0.7379182156133829,0.17826672653794343,0.28716094032549727,static,M-2022-9
148,,5655,0.8919069767441861,0.8477453580901857,0.8692656391659112,static,M-2022-9
149,,51310,0.7005354803914015,0.7088091989865524,0.7046480537848991,static,M-2022-9
150,degraded_noncollapsed,1340,0.8707386363636364,0.45746268656716416,0.5998043052837574,static,M-2022-9
151,,2080,0.765496315561335,0.8490384615384615,0.8051059949851835,static,M-2022-9
152,degraded_noncollapsed,491,0.9518072289156626,0.9653767820773931,0.9585439838220424,static,M-2022-9
153,,70434,0.8364391622915825,0.8233523582360792,0.8298441681095545,static,M-2022-9
154,,2322,0.7858450274557657,0.5546942291128337,0.6503408230244888,static,M-2022-9
155,,7193,0.6824171910245755,0.7991102460725705,0.7361680327868853,static,M-2022-9
156,absorber,24938,0.7305032591073024,0.8853155826449595,0.8004931020104784,static,M-2022-9
157,,2878,0.39658594680428744,0.6942321056289089,0.504800404244568,static,M-2022-9
158,,9684,0.8058459352481477,0.8199091284593143,0.8128167067615294,static,M-2022-9
159,,2037,0.5114503816793893,0.3946980854197349,0.4455527847049044,static,M-2022-9
160,,1444,0.420032310177706,0.7202216066481995,0.5306122448979592,static,M-2022-9
161,,874,0.9929775280898876,0.8089244851258581,0.8915510718789408,static,M-2022-9
162,,192,0.3930131004366812,0.46875,0.42755344418052255,static,M-2022-9
163,final_collapsed;gradual_collapsed,2053,0.0831758034026465,0.02143205065757428,0.03408210689388071,static,M-2022-9
164,,1875,0.13901716992303137,0.6261333333333333,0.22751937984496123,static,M-2022-9
165,,6351,0.575564381270903,0.8671075421193513,0.6918776305044286,static,M-2022-9
166,degraded_noncollapsed,4856,0.8109838274932615,0.49567545304777594,0.6152862985685071,static,M-2022-9
167,degraded_noncollapsed,47,0.05976095617529881,0.3191489361702128,0.10067114093959731,static,M-2022-9
168,,6371,0.8076213890596189,0.8249882279077068,0.8162124388539483,static,M-2022-9
169,,2069,0.8113284433577832,0.9623006283228613,0.8803891222639841,static,M-2022-9
170,,2824,0.5459198180267273,0.6798866855524079,0.6055827156599906,static,M-2022-9
171,,7826,0.8012278308321965,0.7504472271914132,0.7750065980469781,static,M-2022-9
172,,9097,0.8549888553821948,0.7168297240848631,0.7798373594833772,static,M-2022-9
173,degraded_noncollapsed,3337,0.9918840579710145,0.5127359904105484,0.6760173844330304,static,M-2022-9
174,final_collapsed;abrupt_collapsed,1445,0.0,0.0,0.0,static,M-2022-9
175,,38778,0.6114366897531522,0.7102996544432411,0.6571708061937823,static,M-2022-9
176,degraded_noncollapsed,2678,0.5156468939747781,0.8244958924570575,0.6344827586206897,static,M-2022-9
177,,1300,0.43732135565536956,0.8238461538461539,0.5713523606295012,static,M-2022-9
0,,1642,0.9252396166134186,0.881851400730816,0.9030246336139695,static,M-2022-10
1,,4956,0.8567593480345158,0.9015334947538337,0.8785763445088979,static,M-2022-10
2,absorber,5086,0.40220765781303897,0.6877703499803381,0.5075818036711891,static,M-2022-10
3,,1139,0.8167655786350149,0.9666374012291484,0.8854041013268998,static,M-2022-10
4,,972,0.8296557811120918,0.9670781893004116,0.8931116389548693,static,M-2022-10
5,absorber,2902,0.532555615843733,0.6764300482425913,0.5959319975713419,static,M-2022-10
6,degraded_noncollapsed,2429,0.33285968028419183,0.3857554549197201,0.35736079328756676,static,M-2022-10
7,,39,0.25,0.02564102564102564,0.046511627906976744,static,M-2022-10
8,stable,1940,0.9035639412997903,0.8886597938144329,0.896049896049896,static,M-2022-10
9,degraded_noncollapsed,1291,0.5057471264367817,0.20449264136328427,0.2912300055157198,static,M-2022-10
10,final_collapsed;gradual_collapsed,1434,0.7194968553459119,0.398884239888424,0.5132346343651862,static,M-2022-10
11,degraded_noncollapsed,2001,0.30226480836236935,0.17341329335332334,0.2203874245792315,static,M-2022-10
12,degraded_noncollapsed,2580,0.7142210144927537,0.6112403100775193,0.6587301587301587,static,M-2022-10
13,absorber,1607,0.300739787713091,0.5818294959551961,0.39652247667514845,static,M-2022-10
14,absorber;degraded_noncollapsed,10007,0.41714285714285715,0.3063855301289098,0.35328685832805207,static,M-2022-10
15,stable,951,0.8444976076555024,0.7423764458464774,0.7901510912143257,static,M-2022-10
16,,2405,0.37068160597572364,0.16507276507276508,0.2284234752589183,static,M-2022-10
17,,11892,0.9212100495641771,0.9064917591658258,0.9137916419428669,static,M-2022-10
18,,43004,0.8917678986818299,0.9627709050320901,0.9259101887467573,static,M-2022-10
19,degraded_noncollapsed,29160,0.8097567366903962,0.6358367626886146,0.7123345563516914,static,M-2022-10
20,,2388,0.5920745920745921,0.8509212730318257,0.6982817869415807,static,M-2022-10
21,,3959,0.9112860892388451,0.8769891386713816,0.8938087269918908,static,M-2022-10
22,,1178,0.7078066914498141,0.8081494057724957,0.7546571541815299,static,M-2022-10
23,,8236,0.8797653958944281,0.9470616804273919,0.9121740147351187,static,M-2022-10
24,degraded_noncollapsed,12024,0.9547882487600152,0.8325016633399867,0.8894615247911853,static,M-2022-10
25,,46993,0.8952174853927721,0.8803013214734109,0.8876967479587566,static,M-2022-10
26,final_collapsed;abrupt_collapsed,1400,0.47703703703703704,0.69,0.5640875912408759,static,M-2022-10
27,,10235,0.9748666393106278,0.9284807034684904,0.9511084421758494,static,M-2022-10
28,degraded_noncollapsed,11735,0.6979026620059156,0.4423519386450788,0.54149063787618,static,M-2022-10
29,,34921,0.8156613206934614,0.7194524784513616,0.7645420933311018,static,M-2022-10
30,,991,0.9107142857142857,0.3087790110998991,0.4611906556141673,static,M-2022-10
31,,1938,0.924422236102436,0.7636738906088751,0.8363944617123481,static,M-2022-10
32,degraded_noncollapsed,1783,0.38412228796844183,0.4369040942232193,0.40881658357386513,static,M-2022-10
33,,124,0.5,0.45161290322580644,0.4745762711864407,static,M-2022-10
34,degraded_noncollapsed,1682,0.7705078125,0.4690844233055886,0.5831485587583148,static,M-2022-10
35,,2194,0.967911877394636,0.9211485870556062,0.9439514245679589,static,M-2022-10
36,degraded_noncollapsed,2648,0.9768307819611088,0.8916163141993958,0.9322803553800593,static,M-2022-10
37,,1115,0.9668292682926829,0.8887892376681614,0.9261682242990654,static,M-2022-10
38,final_collapsed;abrupt_collapsed,92,0.4098360655737705,0.2717391304347826,0.32679738562091504,static,M-2022-10
39,,4329,0.8869893428063943,0.9228459228459228,0.9045624363183516,static,M-2022-10
40,degraded_noncollapsed,981,0.9488,0.6044852191641182,0.7384806973848069,static,M-2022-10
41,,2408,0.66925536774783,0.6083887043189369,0.6373721992603872,static,M-2022-10
42,degraded_noncollapsed,2235,0.639269406392694,0.2505592841163311,0.3600128576020572,static,M-2022-10
43,,2062,0.7376325088339223,0.8098933074684772,0.77207582061951,static,M-2022-10
44,stable,1081,0.9857006673021925,0.9565217391304348,0.9708920187793427,static,M-2022-10
45,absorber,1536,0.7743813682678311,0.6927083333333334,0.7312714776632302,static,M-2022-10
46,absorber,11714,0.6789306751246036,0.6395765750384156,0.6586663150028572,static,M-2022-10
47,final_collapsed;gradual_collapsed,34,0.0,0.0,0.0,static,M-2022-10
48,final_collapsed;abrupt_collapsed,2986,0.0,0.0,0.0,static,M-2022-10
49,,42912,0.8615938127172157,0.8203532811334825,0.8404679479527277,static,M-2022-10
50,degraded_noncollapsed,3110,0.43672456575682383,0.11318327974276528,0.1797752808988764,static,M-2022-10
51,,16876,0.8225907058945836,0.9377222090542783,0.8763914271473666,static,M-2022-10
52,,2218,0.6196111580726965,0.6609558160504959,0.6396160558464223,static,M-2022-10
53,,11906,0.9234292628122029,0.8974466655467831,0.9102525876389658,static,M-2022-10
54,degraded_noncollapsed,6595,0.742696053305997,0.21971190295678544,0.3391060145097122,static,M-2022-10
55,degraded_noncollapsed,5643,0.9834661942722173,0.5902888534467482,0.7377630121816169,static,M-2022-10
56,final_collapsed;abrupt_collapsed,10706,0.12987012987012986,0.0009340556697179152,0.001854771399425021,static,M-2022-10
57,stable,2065,0.9912536443148688,0.9878934624697336,0.9895707009459132,static,M-2022-10
58,,2316,0.996122361051271,0.998272884283247,0.997196463230537,static,M-2022-10
59,stable,8856,0.9804639804639804,0.9974028906955736,0.9888609012034705,static,M-2022-10
60,,59907,0.9054916326986912,0.8788288513863155,0.8919610334603981,static,M-2022-10
61,,22920,0.5406811113143932,0.9025741710296684,0.6762557002991124,static,M-2022-10
62,stable,24087,0.9378723404255319,0.960767218831735,0.9491817398794143,static,M-2022-10
63,,12148,0.6602842809364549,0.6500658544616398,0.655135224821636,static,M-2022-10
64,stable,4110,0.8770429972340961,0.848661800486618,0.8626190181773217,static,M-2022-10
65,,3253,0.9042991755005889,0.9440516446357209,0.9237479320198526,static,M-2022-10
66,final_collapsed;abrupt_collapsed,4226,0.8160112359550562,0.5499290108849977,0.6570540005654509,static,M-2022-10
67,,4304,0.32904884318766064,0.17843866171003717,0.23139499849352216,static,M-2022-10
68,,3689,0.37958204864679684,0.9010571970723773,0.5341475172746264,static,M-2022-10
69,final_collapsed;abrupt_collapsed,1232,0.04983388704318937,0.012175324675324676,0.019569471624266144,static,M-2022-10
70,degraded_noncollapsed,1735,0.7647058823529411,0.4046109510086455,0.5292122125895213,static,M-2022-10
71,absorber,63797,0.6857286665634196,0.8328448046146371,0.7521605877648091,static,M-2022-10
72,,10327,0.4473103013093548,0.5491430231432168,0.4930232558139535,static,M-2022-10
73,,13787,0.8624923682246795,0.922173061579749,0.8913348289399888,static,M-2022-10
74,,3353,0.5762902019446522,0.4595884282731882,0.5113655218184835,static,M-2022-10
75,degraded_noncollapsed,11581,0.46754044644685644,0.39426647094378725,0.42778844802548366,static,M-2022-10
76,stable,4405,0.8892725598526704,0.8769580022701475,0.8830723511258429,static,M-2022-10
77,,27623,0.8062347739781648,0.6469608659450458,0.7178694089055816,static,M-2022-10
78,,16173,0.8024810386939195,0.7719656217152043,0.7869276102234408,static,M-2022-10
79,,12335,0.8643737166324436,0.6825293879205513,0.7627633069082673,static,M-2022-10
80,degraded_noncollapsed,1260,0.5414634146341464,0.2642857142857143,0.3552,static,M-2022-10
81,,3661,0.9014560582423297,0.9470090139306201,0.9236712401758359,static,M-2022-10
82,,35248,0.7084037938386883,0.820046527462551,0.7601477955582439,static,M-2022-10
83,,32633,0.9359566962656611,0.9431557012839763,0.9395424088404536,static,M-2022-10
84,,1777,0.9440133037694013,0.9583567810917276,0.9511309690030718,static,M-2022-10
85,,1115,0.8631677600749765,0.8260089686098655,0.844179651695692,static,M-2022-10
86,,52904,0.8954764508160208,0.8359292303039467,0.8646788542379509,static,M-2022-10
87,,7329,0.9016814272878962,0.9585209441942967,0.9292328042328042,static,M-2022-10
88,,229,0.18661971830985916,0.462882096069869,0.2659974905897114,static,M-2022-10
89,,613,0.8040201005025126,0.7830342577487766,0.7933884297520661,static,M-2022-10
90,,6090,0.8570139828597203,0.9359605911330049,0.894749234753944,static,M-2022-10
91,,3610,0.9200881785615872,0.9249307479224377,0.9225031081641111,static,M-2022-10
92,,1810,0.9513677811550152,0.8646408839779005,0.9059334298118669,static,M-2022-10
93,,34838,0.8332507296657304,0.8686491761869223,0.8505818202259824,static,M-2022-10
94,stable,350,0.6026058631921825,0.5285714285714286,0.563165905631659,static,M-2022-10
95,,4023,0.8509438055977435,0.974894357444693,0.9087117701575533,static,M-2022-10
96,absorber;degraded_noncollapsed,61021,0.7592972621252315,0.7458088199144557,0.7524926007374461,static,M-2022-10
97,,45643,0.8347020425352706,0.7816313563963806,0.8072954380883418,static,M-2022-10
98,stable,59567,0.9973316670325773,0.9914046367955411,0.9943593197507998,static,M-2022-10
99,stable,27230,0.9327771243751838,0.9320235034887991,0.9324001616517874,static,M-2022-10
100,,27178,0.8964681943704278,0.6808448009419383,0.7739183169869717,static,M-2022-10
101,degraded_noncollapsed,55343,0.9763142311994211,0.5362557143631534,0.6922709089000595,static,M-2022-10
102,,56050,0.8635510830632782,0.9936306868867083,0.9240354064524693,static,M-2022-10
103,degraded_noncollapsed,2918,0.5633976200246205,0.4705277587388622,0.5127917833800186,static,M-2022-10
104,final_collapsed;gradual_collapsed,2391,0.05790645879732739,0.010874111250522794,0.018309859154929577,static,M-2022-10
105,absorber;degraded_noncollapsed,4902,0.4777749555499111,0.38372093023255816,0.42561375721235434,static,M-2022-10
106,,2736,0.926950354609929,0.9554093567251462,0.9409647228221742,static,M-2022-10
107,stable,3189,0.927536231884058,0.9833803700219504,0.9546423135464231,static,M-2022-10
108,,5587,0.8207282913165266,0.6817612314301056,0.7448181462651545,static,M-2022-10
109,final_collapsed;abrupt_collapsed,1824,0.959837019790454,0.9040570175438597,0.9311123658949746,static,M-2022-10
110,,8030,0.7913942707714252,0.8291407222914072,0.8098278902876604,static,M-2022-10
111,degraded_noncollapsed,2242,0.47848699763593383,0.4513826940231936,0.464539820977737,static,M-2022-10
112,degraded_noncollapsed,1706,0.7352445193929174,0.7667057444314185,0.7506456241032998,static,M-2022-10
113,stable,4746,0.9890480202190396,0.989464812473662,0.9892563724457553,static,M-2022-10
114,,820,0.9547079856972587,0.9768292682926829,0.9656419529837251,static,M-2022-10
115,,21104,0.8955358564679654,0.7994219105382866,0.8447537741281326,static,M-2022-10
116,,4100,0.9075274177467597,0.8880487804878049,0.8976824457593688,static,M-2022-10
117,,83533,0.6089020106136482,0.7801946536099506,0.6839870910188125,static,M-2022-10
118,degraded_noncollapsed,2917,0.8113372093023256,0.9568049365786767,0.8780871480257983,static,M-2022-10
119,stable,2621,0.9142136248948697,0.8294544067149943,0.8697739547909582,static,M-2022-10
120,,2381,0.8218947368421052,0.8198236035279295,0.8208578637510513,static,M-2022-10
121,final_collapsed;gradual_collapsed,205,0.01834862385321101,0.00975609756097561,0.012738853503184714,static,M-2022-10
122,,57235,0.872205177196818,0.8294749716082817,0.8503035839019935,static,M-2022-10
123,degraded_noncollapsed,8886,0.9034129692832764,0.2978843124015305,0.4480365605958023,static,M-2022-10
124,,24809,0.8728307813113467,0.8960860977870934,0.884305574892102,static,M-2022-10
125,,3524,0.5444140758455757,0.9043700340522134,0.6796758370654724,static,M-2022-10
126,,807,0.7580645161290323,0.7571251548946716,0.7575945443273404,static,M-2022-10
127,,8546,0.8852242744063324,0.7066463842733443,0.7859187922956793,static,M-2022-10
128,stable,4543,0.9061013443640125,0.964340744001761,0.9343143527404564,static,M-2022-10
129,degraded_noncollapsed,31048,0.8512558636660531,0.923473331615563,0.885895257222308,static,M-2022-10
130,stable,6353,0.7447337432945179,0.8959546670864159,0.813375250071449,static,M-2022-10
131,stable,26225,0.905212219718518,0.9344137273593899,0.9195812068447914,static,M-2022-10
132,stable,18623,0.9328541274459468,0.8780540192235408,0.9046249170170392,static,M-2022-10
133,,46808,0.7569192737476824,0.9681251068193472,0.8495926957076033,static,M-2022-10
134,,8353,0.9207689743304812,0.991978929725847,0.9550484094052559,static,M-2022-10
135,,2978,0.4332175560467319,0.46071188717259903,0.4465419039869813,static,M-2022-10
136,,17861,0.8202931876976143,0.798891439449079,0.8094508736101657,static,M-2022-10
137,degraded_noncollapsed,600,0.49292929292929294,0.4066666666666667,0.445662100456621,static,M-2022-10
138,degraded_noncollapsed,17872,0.686334539382132,0.5519247985675918,0.6118347599553405,static,M-2022-10
139,degraded_noncollapsed,1906,0.19060331019754403,0.18730325288562436,0.18893887271765017,static,M-2022-10
140,,39024,0.7984483190122633,0.7357779827798278,0.7658331666333267,static,M-2022-10
141,,1846,0.6685254027261462,0.5845070422535211,0.6236994219653179,static,M-2022-10
142,,27783,0.6556029326052947,0.7692473814922794,0.7078930807194197,static,M-2022-10
143,degraded_noncollapsed,4318,0.553670573719926,0.41570171375636866,0.4748677248677249,static,M-2022-10
144,stable,2456,0.9888198757763975,0.9723127035830619,0.9804968179018682,static,M-2022-10
145,stable,1504,0.9953271028037384,0.9913563829787234,0.9933377748167888,static,M-2022-10
146,,5568,0.9769353733729161,0.7683189655172413,0.8601588418618679,static,M-2022-10
147,degraded_noncollapsed,801,0.42443729903536975,0.1647940074906367,0.23741007194244604,static,M-2022-10
148,,5342,0.8312228654124457,0.8601647323099962,0.8454461821527139,static,M-2022-10
149,,56482,0.6733600602230353,0.6809780106936724,0.6771476105384541,static,M-2022-10
150,degraded_noncollapsed,1195,0.8720316622691293,0.5531380753138075,0.6769073220686124,static,M-2022-10
151,,2077,0.7241242038216561,0.8757823784304285,0.7927653083460449,static,M-2022-10
152,degraded_noncollapsed,618,0.9413629160063391,0.9611650485436893,0.9511609287429944,static,M-2022-10
153,,90325,0.8540315645120052,0.8135732078605037,0.8333115988456152,static,M-2022-10
154,,3149,0.69593147751606,0.51603683709114,0.5926331145149526,static,M-2022-10
155,,9885,0.6473944465576265,0.6887202832574608,0.6674182638105975,static,M-2022-10
156,absorber,24907,0.758657267998905,0.8901513630706227,0.8191609244240823,static,M-2022-10
157,,1745,0.3922702373706634,0.7386819484240688,0.5124229775392566,static,M-2022-10
158,,11346,0.7310911100584241,0.8161466596157236,0.7712810261535898,static,M-2022-10
159,,2457,0.4883351007423118,0.37484737484737485,0.4241307851715404,static,M-2022-10
160,,2407,0.5006317917614355,0.8230162027420025,0.6225644248900063,static,M-2022-10
161,,929,0.9898605830164765,0.8406889128094726,0.9091967403958091,static,M-2022-10
162,,255,0.5077519379844961,0.5137254901960784,0.5107212475633528,static,M-2022-10
163,final_collapsed;gradual_collapsed,2116,0.12101910828025478,0.04489603024574669,0.06549465701482247,static,M-2022-10
164,,2237,0.1521690767519466,0.6115333035315155,0.24369822748730738,static,M-2022-10
165,,6592,0.6192147192716236,0.9904429611650486,0.7620214752567693,static,M-2022-10
166,degraded_noncollapsed,3035,0.681246857717446,0.4464579901153213,0.5394108280254777,static,M-2022-10
167,degraded_noncollapsed,125,0.10569105691056911,0.208,0.14016172506738545,static,M-2022-10
168,,4172,0.6897884458909682,0.8127996164908916,0.7462588028169014,static,M-2022-10
169,,2044,0.8016771488469602,0.9354207436399217,0.863400316098442,static,M-2022-10
170,,3079,0.6310566258026854,0.7021760311789542,0.6647194465795542,static,M-2022-10
171,,7488,0.6591992373689228,0.7387820512820513,0.6967254408060454,static,M-2022-10
172,,8866,0.8161199384930805,0.7183622828784119,0.7641271745650869,static,M-2022-10
173,degraded_noncollapsed,1393,0.9706227967097533,0.592964824120603,0.7361853832442068,static,M-2022-10
174,final_collapsed;abrupt_collapsed,2702,0.0,0.0,0.0,static,M-2022-10
175,,36003,0.5877624045801527,0.6843596366969419,0.6323935166767193,static,M-2022-10
176,degraded_noncollapsed,3404,0.5274602107150863,0.6912455934195064,0.5983471074380166,static,M-2022-10
177,,1613,0.4778660612939841,0.7830130192188469,0.5935150375939849,static,M-2022-10
0,,1567,0.9065969954278249,0.8857689853222719,0.8960619754680439,static,M-2022-11
1,,7396,0.8934010152284264,0.9042725797728501,0.898803924203736,static,M-2022-11
2,absorber,7710,0.46429763096429766,0.7219195849546044,0.5651335160930043,static,M-2022-11
3,,1321,0.7635919364691509,0.9462528387585163,0.8451656524678837,static,M-2022-11
4,,1300,0.6075322101090188,0.943076923076923,0.7389993972272453,static,M-2022-11
5,absorber,2225,0.4620051085568327,0.6503370786516854,0.5402277394063841,static,M-2022-11
6,degraded_noncollapsed,2352,0.46554288547347544,0.399234693877551,0.42984664682993823,static,M-2022-11
7,,52,0.16666666666666666,0.057692307692307696,0.08571428571428572,static,M-2022-11
8,stable,2069,0.8911419423692636,0.8071532141130981,0.8470707583058584,static,M-2022-11
9,degraded_noncollapsed,1414,0.5301003344481605,0.22418670438472418,0.31510934393638174,static,M-2022-11
10,final_collapsed;gradual_collapsed,2038,0.4590909090909091,0.09911678115799803,0.16303470540758677,static,M-2022-11
11,degraded_noncollapsed,3055,0.356353591160221,0.16890343698854338,0.229180546302465,static,M-2022-11
12,degraded_noncollapsed,2343,0.41626794258373206,0.1856594110115237,0.256788665879575,static,M-2022-11
13,absorber,2295,0.3501984126984127,0.46143790849673205,0.398195149464185,static,M-2022-11
14,absorber;degraded_noncollapsed,12202,0.38603275705186535,0.2781511227667596,0.32333047537391635,static,M-2022-11
15,stable,848,0.7936117936117936,0.7617924528301887,0.7773766546329723,static,M-2022-11
16,,2260,0.2750217580504787,0.13982300884955753,0.18539161044294514,static,M-2022-11
17,,13481,0.7862634546386469,0.9103182256509161,0.8437553714462511,static,M-2022-11
18,,45913,0.8894950857189563,0.9481192690523381,0.9178720533040948,static,M-2022-11
19,degraded_noncollapsed,38480,0.8141712620955156,0.6100571725571725,0.6974878552434151,static,M-2022-11
20,,2049,0.4962195463455615,0.864812103465105,0.6306049822064057,static,M-2022-11
21,,4103,0.8905879251252307,0.8233000243724105,0.8556231003039514,static,M-2022-11
22,,1125,0.6629502572898799,0.6871111111111111,0.674814491488433,static,M-2022-11
23,,8443,0.8388495294490853,0.9395949307118323,0.8863687150837989,static,M-2022-11
24,degraded_noncollapsed,3411,0.7627182991647684,0.5889768396364703,0.6646815550041356,static,M-2022-11
25,,49655,0.8676350611879415,0.8781190212466016,0.8728455610049044,static,M-2022-11
26,final_collapsed;abrupt_collapsed,1647,0.4824478178368121,0.6174863387978142,0.5416777629826898,static,M-2022-11
27,,13927,0.9479376982982406,0.4719609391828822,0.630171132735727,static,M-2022-11
28,degraded_noncollapsed,11258,0.6752610966057441,0.3675608456208918,0.47601518463131254,static,M-2022-11
29,,44227,0.8435607387757145,0.7621362516110068,0.8007839876462552,static,M-2022-11
30,,544,0.8760330578512396,0.5845588235294118,0.701212789415656,static,M-2022-11
31,,1379,0.8715775749674055,0.9695431472081218,0.9179539993134226,static,M-2022-11
32,degraded_noncollapsed,1503,0.30012004801920766,0.33266799733865604,0.3155569580309246,static,M-2022-11
33,,210,0.6347305389221557,0.5047619047619047,0.5623342175066313,static,M-2022-11
34,degraded_noncollapsed,2035,0.8406402226861517,0.5936117936117936,0.695852534562212,static,M-2022-11
35,,1657,0.9361702127659575,0.8762824381412191,0.9052369077306733,static,M-2022-11
36,degraded_noncollapsed,1121,0.9521276595744681,0.7983942908117752,0.8685104318292092,static,M-2022-11
37,,1388,0.9641985353946297,0.8537463976945245,0.9056171188383645,static,M-2022-11
38,final_collapsed;abrupt_collapsed,90,0.4074074074074074,0.24444444444444444,0.3055555555555556,static,M-2022-11
39,,4557,0.833788529067499,0.9378977397410577,0.8827842610761127,static,M-2022-11
40,degraded_noncollapsed,1040,0.9192100538599641,0.49230769230769234,0.641202254226675,static,M-2022-11
41,,2746,0.6662698412698412,0.6114348142753095,0.637675655146221,static,M-2022-11
42,degraded_noncollapsed,2364,0.6544502617801047,0.2643824027072758,0.3766194636938837,static,M-2022-11
43,,2936,0.7835316822129302,0.829700272479564,0.8059553349875931,static,M-2022-11
44,stable,1284,0.9778481012658228,0.9626168224299065,0.9701726844583988,static,M-2022-11
45,absorber,1723,0.8044959128065395,0.685432385374347,0.7402068317141962,static,M-2022-11
46,absorber,12142,0.6988516306844281,0.6265030472739253,0.6607026534068702,static,M-2022-11
47,final_collapsed;gradual_collapsed,83,0.0,0.0,0.0,static,M-2022-11
48,final_collapsed;abrupt_collapsed,2978,0.08928571428571429,0.0016789791806581598,0.0032959789057350032,static,M-2022-11
49,,48158,0.8608703304439653,0.8125337430956435,0.8360039311199419,static,M-2022-11
50,degraded_noncollapsed,1438,0.16859344894026976,0.12169680111265646,0.14135702746365106,static,M-2022-11
51,,16638,0.7861857252494244,0.9235485034258926,0.8493491418622005,static,M-2022-11
52,,2464,0.7573320719016083,0.6497564935064936,0.6994320664045435,static,M-2022-11
53,,8909,0.8568836196467458,0.7950387248849478,0.8248034934497817,static,M-2022-11
54,degraded_noncollapsed,8068,0.7580865603644646,0.20624690133862172,0.32427165546136605,static,M-2022-11
55,degraded_noncollapsed,5499,0.9494418910045962,0.5259138025095472,0.6768870684610884,static,M-2022-11
56,final_collapsed;abrupt_collapsed,15132,0.023809523809523808,0.00046259582342056567,0.0009075586671852716,static,M-2022-11
57,stable,2855,0.9636737491432488,0.984938704028021,0.974190195738784,static,M-2022-11
58,,204,0.970873786407767,0.9803921568627451,0.975609756097561,static,M-2022-11
59,stable,9194,0.9828160240575663,0.9953230367631064,0.9890299918940827,static,M-2022-11
60,,58993,0.9000418016511652,0.8759513840625159,0.8878332059068613,static,M-2022-11
61,,24608,0.5257560410939083,0.8859314044213265,0.6598964797045737,static,M-2022-11
62,stable,25853,0.9255267574118963,0.95996596139713,0.9424318371686793,static,M-2022-11
63,,14361,0.6297334080537987,0.5477334447461876,0.5858781468791896,static,M-2022-11
64,stable,2134,0.753992231333621,0.8186504217432052,0.7849921365985172,static,M-2022-11
65,,3979,0.7542288557213931,0.9525006282985675,0.8418480675255442,static,M-2022-11
66,final_collapsed;abrupt_collapsed,3279,0.01867572156196944,0.003354681305275999,0.005687693898655636,static,M-2022-11
67,,2508,0.20458265139116202,0.14952153110047847,0.17277125086385625,static,M-2022-11
68,,3760,0.42667844522968196,0.8992021276595744,0.5787401574803149,static,M-2022-11
69,final_collapsed;abrupt_collapsed,2284,0.02977667493796526,0.005253940455341506,0.00893189430591738,static,M-2022-11
70,degraded_noncollapsed,1791,0.604679802955665,0.2741485203796762,0.37725701114099114,static,M-2022-11
71,absorber,64126,0.6245516095918061,0.8444000873280728,0.718024200232057,static,M-2022-11
72,,9807,0.42562962962962964,0.5859080248801877,0.49307075127644057,static,M-2022-11
73,,14224,0.8415465774575399,0.9196428571428571,0.8788632088148347,static,M-2022-11
74,,3465,0.5416073968705548,0.43953823953823956,0.48526366098454676,static,M-2022-11
75,degraded_noncollapsed,11835,0.45721623009758605,0.37608787494719054,0.4127028280018544,static,M-2022-11
76,stable,4370,0.8859200743494424,0.8725400457665904,0.8791791560986857,static,M-2022-11
77,,29408,0.7926453523268376,0.673592219804135,0.7282854464236475,static,M-2022-11
78,,16972,0.7709591688813723,0.7520622201272684,0.7613934621808638,static,M-2022-11
79,,12791,0.7856744704570792,0.6611680087561567,0.718064105285502,static,M-2022-11
80,degraded_noncollapsed,1702,0.5476550680786687,0.21269095182138661,0.3063901819720694,static,M-2022-11
81,,3461,0.9325014180374361,0.9500144466917076,0.9411764705882353,static,M-2022-11
82,,46016,0.7965413566835648,0.788769123783032,0.7926361879388096,static,M-2022-11
83,,32724,0.9180619175485705,0.7104571568267938,0.8010267364939361,static,M-2022-11
84,,704,0.7871046228710462,0.9190340909090909,0.8479685452162516,static,M-2022-11
85,,1258,0.858252427184466,0.7027027027027027,0.7727272727272727,static,M-2022-11
86,,51038,0.8587188395197172,0.8281476546886634,0.8431562253762754,static,M-2022-11
87,,6282,0.8677025849549811,0.9511302133078637,0.9075030376670717,static,M-2022-11
88,,465,0.4188722669735328,0.7827956989247312,0.545727136431784,static,M-2022-11
89,,591,0.6685633001422475,0.7952622673434856,0.7264296754250387,static,M-2022-11
90,,5937,0.8108686350021395,0.9575543203638202,0.8781278962001854,static,M-2022-11
91,,3441,0.8076630296878965,0.9250217959895379,0.8623679219723652,static,M-2022-11
92,,1467,0.6226942425936277,0.7593728698023177,0.6842751842751843,static,M-2022-11
93,,32818,0.792310323205837,0.8470656347126577,0.8187735626767201,static,M-2022-11
94,stable,575,0.3194263363754889,0.4260869565217391,0.3651266766020864,static,M-2022-11
95,,4315,0.8585961342828077,0.9779837775202781,0.914409534127844,static,M-2022-11
96,absorber;degraded_noncollapsed,63439,0.7552029042809388,0.6623843377102413,0.7057549063242666,static,M-2022-11
97,,44830,0.8413506239295326,0.7670310060227526,0.8024737456242708,static,M-2022-11
98,stable,62033,0.9959467097295115,0.9942127577257266,0.9950789783636393,static,M-2022-11
99,stable,29328,0.934104283563706,0.9309192580469177,0.9325090511646971,static,M-2022-11
100,,25788,0.7881074554784183,0.7087404994571118,0.7463198513648707,static,M-2022-11
101,degraded_noncollapsed,60583,0.9585244648318043,0.4138949870425697,0.5781446341491533,static,M-2022-11
102,,49858,0.808661521208523,0.9834730635003409,0.8875414049631655,static,M-2022-11
103,degraded_noncollapsed,2627,0.4180505415162455,0.44080700418728586,0.4291272929405225,static,M-2022-11
104,final_collapsed;gradual_collapsed,2719,0.06746987951807229,0.010297903641044501,0.017868538608806637,static,M-2022-11
105,absorber;degraded_noncollapsed,3883,0.2934277495021022,0.3414885397888231,0.3156391335396334,static,M-2022-11
106,,2900,0.7651872836008813,0.8382758620689655,0.8000658219516209,static,M-2022-11
107,stable,4847,0.8230104429240187,0.9430575613781721,0.8789539467358908,static,M-2022-11
108,,6216,0.8161906430699142,0.7493564993564994,0.781346976432106,static,M-2022-11
109,final_collapsed;abrupt_collapsed,1499,0.6898779612347452,0.6410940627084724,0.6645919778699861,static,M-2022-11
110,,9331,0.7938017796870206,0.8317436501982639,0.8123299141720746,static,M-2022-11
111,degraded_noncollapsed,2273,0.4136266094420601,0.33919929608446986,0.3727338651196519,static,M-2022-11
112,degraded_noncollapsed,1900,0.7267373380447585,0.6494736842105263,0.6859366314619233,static,M-2022-11
113,stable,5194,0.9918793503480279,0.9876780901039661,0.9897742620104186,static,M-2022-11
114,,1403,0.9616189811584089,0.9821810406272273,0.9717912552891397,static,M-2022-11
115,,24533,0.8825339948548327,0.783067704724249,0.8298308891816591,static,M-2022-11
116,,4443,0.8695757575757576,0.8073373846500113,0.8373015873015873,static,M-2022-11
117,,94992,0.6195520161010479,0.7518212059962944,0.6793079176654111,static,M-2022-11
118,degraded_noncollapsed,4590,0.9148681055155875,0.6649237472766885,0.7701236437042644,static,M-2022-11
119,stable,2028,0.9004926108374385,0.9013806706114399,0.9009364218827008,static,M-2022-11
120,,1965,0.874356333676622,0.8641221374045801,0.8692091118505247,static,M-2022-11
121,final_collapsed;gradual_collapsed,43,0.00819672131147541,0.023255813953488372,0.012121212121212121,static,M-2022-11
122,,62698,0.8663503699643738,0.8067402468978276,0.8354833914206901,static,M-2022-11
123,degraded_noncollapsed,7947,0.917747641509434,0.3917201459670316,0.5490784019754829,static,M-2022-11
124,,31849,0.879721979803017,0.8862130679142203,0.8829555941376128,static,M-2022-11
125,,2900,0.4956805528892302,0.8903448275862069,0.6368232827722284,static,M-2022-11
126,,3815,0.8795543510990665,0.7656618610747051,0.8186659192825112,static,M-2022-11
127,,8210,0.8612138016019717,0.6809987819732034,0.7605767922731601,static,M-2022-11
128,stable,4728,0.9091274628065943,0.9564297800338409,0.9321789321789322,static,M-2022-11
129,degraded_noncollapsed,35318,0.7975631238990017,0.6153236310096835,0.6946904069302816,static,M-2022-11
130,stable,7095,0.7963323145318144,0.8078928823114869,0.8020709438186525,static,M-2022-11
131,stable,27358,0.8954929577464789,0.9296001169676146,0.9122278417446824,static,M-2022-11
132,stable,21202,0.9245198303816413,0.874068484105273,0.8985865638713119,static,M-2022-11
133,,51526,0.7354791190984754,0.968986531071692,0.8362378675331419,static,M-2022-11
134,,8608,0.8785500361458226,0.9882667286245354,0.9301842436170794,static,M-2022-11
135,,2755,0.42604166666666665,0.4453720508166969,0.4354924578527063,static,M-2022-11
136,,18290,0.8125624237043614,0.8006560962274467,0.8065653227583168,static,M-2022-11
137,degraded_noncollapsed,2562,0.8485600794438928,0.6670569867291178,0.7469405594405595,static,M-2022-11
138,degraded_noncollapsed,19416,0.6716563618613732,0.5315203955500618,0.5934274460193784,static,M-2022-11
139,degraded_noncollapsed,2252,0.23128491620111732,0.18383658969804617,0.2048490846115784,static,M-2022-11
140,,39677,0.787960687960688,0.7274491519016054,0.7564967827329079,static,M-2022-11
141,,1798,0.6720496894409937,0.6017797552836485,0.6349765258215962,static,M-2022-11
142,,27411,0.6301004347174337,0.7667359819050746,0.6917355099891387,static,M-2022-11
143,degraded_noncollapsed,6282,0.6318961520630505,0.4339382362304998,0.5145337863344658,static,M-2022-11
144,stable,3033,0.990975935828877,0.9775799538410814,0.9842323651452282,static,M-2022-11
145,stable,1523,0.9967148488830486,0.9960604070912672,0.9963875205254515,static,M-2022-11
146,,6358,0.9313217326915957,0.7912865681031771,0.8556122448979592,static,M-2022-11
147,degraded_noncollapsed,661,0.600451467268623,0.40242057488653554,0.48188405797101447,static,M-2022-11
148,,5510,0.8095155709342561,0.8491833030852994,0.828875110717449,static,M-2022-11
149,,43255,0.5767664049770405,0.7201479597734366,0.6405313428539116,static,M-2022-11
150,degraded_noncollapsed,1522,0.8425572519083969,0.5801576872536137,0.68715953307393,static,M-2022-11
151,,1879,0.6409144659046118,0.8653539116551358,0.7364130434782609,static,M-2022-11
152,degraded_noncollapsed,861,0.8179551122194514,0.7619047619047619,0.7889356584485869,static,M-2022-11
153,,98813,0.8274774869772444,0.794156639308593,0.8104747297918378,static,M-2022-11
154,,3641,0.6922136159804321,0.466355396868992,0.5572694453560879,static,M-2022-11
155,,11344,0.30615627466456197,0.683885754583921,0.422963689892051,static,M-2022-11
156,absorber,26239,0.6802962962962963,0.8750333473074431,0.765473670172865,static,M-2022-11
157,,1255,0.3137196037226058,0.8326693227091634,0.4557348451809856,static,M-2022-11
158,,11070,0.6881134969325153,0.8105691056910569,0.7443384487764413,static,M-2022-11
159,,2820,0.5151699029126213,0.30106382978723406,0.3800358102059087,static,M-2022-11
160,,1939,0.3877434135166094,0.6982980917998969,0.4986190388510403,static,M-2022-11
161,,785,0.9788199697428139,0.824203821656051,0.8948824343015215,static,M-2022-11
162,,172,0.43529411764705883,0.43023255813953487,0.4327485380116959,static,M-2022-11
163,final_collapsed;gradual_collapsed,2302,0.06770833333333333,0.016941789748045177,0.027102154273801252,static,M-2022-11
164,,2479,0.09863370201691607,0.6115369100443727,0.16986946047397614,static,M-2022-11
165,,5518,0.3840006268118781,0.8881841246828561,0.5361851102237296,static,M-2022-11
166,degraded_noncollapsed,2277,0.5241558441558442,0.443126921387791,0.48024750118990955,static,M-2022-11
167,degraded_noncollapsed,74,0.048458149779735685,0.14864864864864866,0.07308970099667775,static,M-2022-11
168,,4608,0.6931670080059579,0.8079427083333334,0.7461669505962522,static,M-2022-11
169,,2048,0.7811715481171548,0.91162109375,0.8413699864803966,static,M-2022-11
170,,3086,0.4523528020808702,0.619896305897602,0.5230348598769652,static,M-2022-11
171,,7763,0.6306068601583114,0.7081025376787324,0.6671116504854369,static,M-2022-11
172,,9888,0.78122477222927,0.6850728155339806,0.7299962282450563,static,M-2022-11
173,degraded_noncollapsed,1166,0.9705488621151271,0.6217838765008576,0.7579717720857292,static,M-2022-11
174,final_collapsed;abrupt_collapsed,3249,0.0,0.0,0.0,static,M-2022-11
175,,35700,0.5770047796070101,0.6695518207282913,0.6198428545496979,static,M-2022-11
176,degraded_noncollapsed,3833,0.46433645922136974,0.42629793895121315,0.44450489662676823,static,M-2022-11
177,,2272,0.5759280089988752,0.676056338028169,0.621988256732132,static,M-2022-11
0,,950,0.9036544850498339,0.8589473684210527,0.8807339449541285,static,M-2022-12
1,,3117,0.7545114061967995,0.7109400064164261,0.7320779649818302,static,M-2022-12
2,absorber,3678,0.38136422976501305,0.6353996737357259,0.47664695084642056,static,M-2022-12
3,,743,0.8551068883610451,0.9690444145356663,0.9085173501577287,static,M-2022-12
4,,869,0.6099185788304959,0.9482163406214039,0.7423423423423423,static,M-2022-12
5,absorber,1080,0.31640788921527485,0.6981481481481482,0.4354605833092694,static,M-2022-12
6,degraded_noncollapsed,1684,0.6045081967213115,0.3503562945368171,0.44360902255639095,static,M-2022-12
7,,33,0.08860759493670886,0.21212121212121213,0.125,static,M-2022-12
8,stable,1142,0.9138431752178122,0.8266199649737302,0.8680459770114942,static,M-2022-12
9,degraded_noncollapsed,910,0.4222222222222222,0.16703296703296702,0.23937007874015748,static,M-2022-12
10,final_collapsed;gradual_collapsed,1004,0.47342995169082125,0.09760956175298804,0.16184971098265896,static,M-2022-12
11,degraded_noncollapsed,1749,0.3073073073073073,0.1755288736420812,0.22343522561863174,static,M-2022-12
12,degraded_noncollapsed,263,0.18322295805739514,0.3155893536121673,0.23184357541899442,static,M-2022-12
13,absorber,1090,0.3163265306122449,0.5403669724770642,0.3990514905149051,static,M-2022-12
14,absorber;degraded_noncollapsed,5821,0.2455731593662628,0.271602817385329,0.2579329472224488,static,M-2022-12
15,stable,715,0.8353115727002968,0.7874125874125875,0.8106551475881929,static,M-2022-12
16,,1186,0.31203566121842496,0.17706576728499157,0.22592791823561054,static,M-2022-12
17,,8301,0.7706980101041344,0.9004939163956149,0.8305555555555556,static,M-2022-12
18,,25658,0.8863206217533122,0.857822121755398,0.8718385454833535,static,M-2022-12
19,degraded_noncollapsed,22936,0.7239438324658032,0.521494593651901,0.6062648892493284,static,M-2022-12
20,,1125,0.4394394394394394,0.7804444444444445,0.5622798591098302,static,M-2022-12
21,,2095,0.8748010610079575,0.7871121718377089,0.828643216080402,static,M-2022-12
22,,743,0.6345062429057888,0.7523553162853297,0.6884236453201971,static,M-2022-12
23,,5114,0.8133166278861643,0.8885412592882284,0.8492664236987197,static,M-2022-12
24,degraded_noncollapsed,4154,0.8084722848129788,0.43187289359653347,0.5630001569119724,static,M-2022-12
25,,34385,0.8670064600248918,0.8508942852988222,0.8588748146952195,static,M-2022-12
26,final_collapsed;abrupt_collapsed,807,0.02727272727272727,0.022304832713754646,0.024539877300613498,static,M-2022-12
27,,7371,0.9729144095341279,0.8528015194681862,0.9089068825910931,static,M-2022-12
28,degraded_noncollapsed,5815,0.4132721877528999,0.26345657781599313,0.3217811384162991,static,M-2022-12
29,,30274,0.8564464305499132,0.7660038316707406,0.8087042946068944,static,M-2022-12
30,,645,0.9610619469026549,0.8418604651162791,0.8975206611570248,static,M-2022-12
31,,952,0.8312274368231047,0.967436974789916,0.8941747572815534,static,M-2022-12
32,degraded_noncollapsed,998,0.2840605520926091,0.3196392785571142,0.3008015087223008,static,M-2022-12
33,,630,0.9164420485175202,0.5396825396825397,0.6793206793206793,static,M-2022-12
34,degraded_noncollapsed,1240,0.772020725388601,0.4806451612903226,0.5924453280318092,static,M-2022-12
35,,930,0.9227340267459139,0.667741935483871,0.7747972551466001,static,M-2022-12
36,degraded_noncollapsed,216,0.5757575757575758,0.2638888888888889,0.3619047619047619,static,M-2022-12
37,,866,0.9672346002621232,0.8521939953810623,0.9060773480662984,static,M-2022-12
38,final_collapsed;abrupt_collapsed,193,0.3333333333333333,0.05181347150259067,0.08968609865470852,static,M-2022-12
39,,4483,0.848586017282011,0.9638634842739238,0.9025587467362924,static,M-2022-12
40,degraded_noncollapsed,737,0.875609756097561,0.4871099050203528,0.6259808195292066,static,M-2022-12
41,,1636,0.6656210790464241,0.6485330073349633,0.6569659442724458,static,M-2022-12
42,degraded_noncollapsed,1444,0.7103448275862069,0.2853185595567867,0.40711462450592883,static,M-2022-12
43,,1992,0.794044665012407,0.8032128514056225,0.7986024457199901,static,M-2022-12
44,stable,1181,0.9889604415823368,0.9102455546147333,0.9479717813051146,static,M-2022-12
45,absorber,1463,0.7992982456140351,0.7785372522214627,0.788781163434903,static,M-2022-12
46,absorber,7420,0.6482739498128379,0.630188679245283,0.6391033964327205,static,M-2022-12
47,final_collapsed;gradual_collapsed,618,0.0,0.0,0.0,static,M-2022-12
48,final_collapsed;abrupt_collapsed,3361,0.1111111111111111,0.0008925914906277894,0.0017709563164108619,static,M-2022-12
49,,31563,0.8820407880133185,0.8057218895542249,0.8421558075999669,static,M-2022-12
50,degraded_noncollapsed,1528,0.3262295081967213,0.13023560209424084,0.186155285313377,static,M-2022-12
51,,11645,0.7978715596330275,0.9335337054529841,0.8603878116343491,static,M-2022-12
52,,1274,0.6656225528582616,0.6671899529042387,0.6664053312426499,static,M-2022-12
53,,5505,0.82808181315644,0.8163487738419618,0.8221734357848518,static,M-2022-12
54,degraded_noncollapsed,5063,0.7419580419580419,0.20955954967410625,0.3268134914523333,static,M-2022-12
55,degraded_noncollapsed,4063,0.9752616555661275,0.5045532857494462,0.6650446066504461,static,M-2022-12
56,final_collapsed;abrupt_collapsed,12137,0.008818342151675485,0.00041196341764851283,0.0007871536523929471,static,M-2022-12
57,stable,2331,0.975473321858864,0.9725439725439725,0.9740064446831365,static,M-2022-12
58,,15,0.0,0.0,0.0,static,M-2022-12
59,stable,6030,0.9828354513946196,0.9875621890547264,0.9851931507982463,static,M-2022-12
60,,24845,0.8661980317332798,0.8679412356610988,0.8670687575392039,static,M-2022-12
61,,10494,0.4725672877846791,0.870020964360587,0.6124639431139733,static,M-2022-12
62,stable,11221,0.9035502958579882,0.9525888958203369,0.9274218038262982,static,M-2022-12
63,,5492,0.5489694599067249,0.66442097596504,0.6012027349864074,static,M-2022-12
64,stable,1215,0.7420520231213873,0.8452674897119341,0.7903039630627164,static,M-2022-12
65,,2112,0.9056859205776173,0.9502840909090909,0.927449168207024,static,M-2022-12
66,final_collapsed;abrupt_collapsed,1955,0.00437636761487965,0.0010230179028132991,0.001658374792703151,static,M-2022-12
67,,1191,0.1589519650655022,0.1528127623845508,0.1558219178082192,static,M-2022-12
68,,2499,0.6367299942429476,0.8851540616246498,0.7406663318265528,static,M-2022-12
69,final_collapsed;abrupt_collapsed,1866,0.03345724907063197,0.00482315112540193,0.008430913348946136,static,M-2022-12
70,degraded_noncollapsed,908,0.6404494382022472,0.2511013215859031,0.36075949367088606,static,M-2022-12
71,absorber,39434,0.5971763613971836,0.8484556474108638,0.7009773624831083,static,M-2022-12
72,,5765,0.4215230166503428,0.5972246313963573,0.49422234981698127,static,M-2022-12
73,,8821,0.8420943494038362,0.9207572837546764,0.8796707462363262,static,M-2022-12
74,,2294,0.5941489361702128,0.486922406277245,0.5352180162913273,static,M-2022-12
75,degraded_noncollapsed,6807,0.4407491685629267,0.36991332451887765,0.4022364217252396,static,M-2022-12
76,stable,2683,0.8761518614080354,0.8859485650391353,0.8810229799851742,static,M-2022-12
77,,17960,0.8060207206620187,0.6887527839643652,0.7427868015732428,static,M-2022-12
78,,10246,0.7434216867469879,0.7527815732968963,0.748072353426119,static,M-2022-12
79,,7528,0.7921817574340126,0.6299149840595112,0.7017907355335208,static,M-2022-12
80,degraded_noncollapsed,1055,0.5365296803652968,0.22274881516587677,0.31480241125251174,static,M-2022-12
81,,2122,0.9318712085860943,0.9410933081998115,0.9364595545134818,static,M-2022-12
82,,27579,0.8099480326651819,0.7516226114072302,0.7796960806439479,static,M-2022-12
83,,19531,0.9201018869886157,0.9062516000204802,0.91312422616591,static,M-2022-12
84,,1057,0.9003021148036254,0.8457899716177862,0.8721951219512195,static,M-2022-12
85,,350,0.7283582089552239,0.6971428571428572,0.7124087591240876,static,M-2022-12
86,,20232,0.8164908525709627,0.7919137999209174,0.8040145527537322,static,M-2022-12
87,,5056,0.8681974326523233,0.9497626582278481,0.9071502786436195,static,M-2022-12
88,,83,0.13134328358208955,0.5301204819277109,0.21052631578947367,static,M-2022-12
89,,377,0.6331236897274634,0.8010610079575596,0.7072599531615925,static,M-2022-12
90,,4080,0.8407574779427588,0.9575980392156863,0.8953821473587716,static,M-2022-12
91,,2334,0.7505263157894737,0.916452442159383,0.8252314814814815,static,M-2022-12
92,,896,0.9059278350515464,0.7845982142857143,0.8409090909090909,static,M-2022-12
93,,18804,0.7320309439874657,0.7950967879174644,0.7622616498419497,static,M-2022-12
94,stable,760,0.6943521594684385,0.55,0.6138032305433186,static,M-2022-12
95,,3282,0.8681585332973848,0.9811090798293723,0.9211843799170362,static,M-2022-12
96,absorber;degraded_noncollapsed,44573,0.7984834289729477,0.6118726583357638,0.692832374347445,static,M-2022-12
97,,18214,0.7824805339265851,0.7724278027890633,0.7774216721003481,static,M-2022-12
98,stable,48912,0.995802277008764,0.9942549885508669,0.9950280312640668,static,M-2022-12
99,stable,18452,0.903179110294527,0.8791458920442229,0.8910004668662291,static,M-2022-12
100,,17278,0.7276838148931172,0.7171547632827874,0.7223809246196,static,M-2022-12
101,degraded_noncollapsed,42403,0.9495652858098272,0.5692285923165814,0.7117749402848633,static,M-2022-12
102,,35717,0.8329278380614082,0.9585071534563373,0.8913159504810008,static,M-2022-12
103,degraded_noncollapsed,1446,0.48990342405618964,0.38589211618257263,0.43172147001934236,static,M-2022-12
104,final_collapsed;gradual_collapsed,1744,0.052795031055900624,0.00974770642201835,0.016456921587608905,static,M-2022-12
105,absorber;degraded_noncollapsed,3159,0.3464996788696211,0.34156378600823045,0.3440140283755779,static,M-2022-12
106,,1622,0.9161676646706587,0.9432799013563502,0.9295261239368166,static,M-2022-12
107,stable,2555,0.9472885855138415,0.9776908023483366,0.9622496147919877,static,M-2022-12
108,,3529,0.8661894273127754,0.8914706715783508,0.8786482334869432,static,M-2022-12
109,final_collapsed;abrupt_collapsed,393,0.0,0.0,0.0,static,M-2022-12
110,,5670,0.7936901222332342,0.8474426807760141,0.8196861139542818,static,M-2022-12
111,degraded_noncollapsed,1136,0.23342175066312998,0.30985915492957744,0.26626323751891073,static,M-2022-12
112,degraded_noncollapsed,1083,0.6379310344827587,0.5466297322253001,0.5887618100447538,static,M-2022-12
113,stable,3574,0.9905199655271474,0.9647453833240067,0.977462792345854,static,M-2022-12
114,,911,0.7793696275071633,0.8957189901207464,0.8335035750766088,static,M-2022-12
115,,15934,0.8681980530849499,0.7780218400903728,0.8206401218018734,static,M-2022-12
116,,3278,0.8893552079359023,0.711104331909701,0.7903034412612308,static,M-2022-12
117,,58860,0.5821457452308672,0.7460584437648657,0.6539879219318951,static,M-2022-12
118,degraded_noncollapsed,2577,0.35841039740064984,0.5564610011641443,0.4359987838248708,static,M-2022-12
119,stable,1033,0.9015075376884422,0.8683446272991288,0.8846153846153846,static,M-2022-12
120,,1133,0.8483197093551317,0.824360105913504,0.8361683079677709,static,M-2022-12
121,final_collapsed;gradual_collapsed,16,0.0,0.0,0.0,static,M-2022-12
122,,40149,0.847704926652295,0.8031333283518892,0.824817424891606,static,M-2022-12
123,degraded_noncollapsed,1458,0.7190332326283988,0.32647462277091904,0.4490566037735849,static,M-2022-12
124,,18817,0.857379413492869,0.8530052611999788,0.8551867440993127,static,M-2022-12
125,,2268,0.5387258789320645,0.8985890652557319,0.6736076681540242,static,M-2022-12
126,,2588,0.9291958041958042,0.821483771251932,0.8720262510254306,static,M-2022-12
127,,4058,0.8325892857142857,0.6434204041399705,0.7258826800111203,static,M-2022-12
128,stable,3721,0.9008555611474585,0.9621069604944907,0.9304743339831059,static,M-2022-12
129,degraded_noncollapsed,18631,0.7887690860409581,0.5850464279963502,0.6718027734976888,static,M-2022-12
130,stable,4618,0.7988826815642458,0.8670420095279342,0.8315680166147456,static,M-2022-12
131,stable,17194,0.8882809446708726,0.9253227870187275,0.906423586383706,static,M-2022-12
132,stable,13419,0.9241109808518952,0.8811386839555854,0.9021133745326925,static,M-2022-12
133,,34000,0.7200518259876584,0.9643823529411765,0.8244967750858091,static,M-2022-12
134,,5543,0.9103757898237446,0.9877322749413675,0.9474777191312624,static,M-2022-12
135,,1872,0.4245833333333333,0.5443376068376068,0.477059925093633,static,M-2022-12
136,,12861,0.7722116482679863,0.7886634009797061,0.7803508232035697,static,M-2022-12
137,degraded_noncollapsed,1286,0.6906552094522019,0.5,0.5800631483987371,static,M-2022-12
138,degraded_noncollapsed,12776,0.720234973250813,0.5374139010644959,0.6155363306288941,static,M-2022-12
139,degraded_noncollapsed,973,0.16218809980806143,0.1736896197327852,0.16774193548387098,static,M-2022-12
140,,21276,0.7710543353752677,0.7276743748824968,0.7487365493894329,static,M-2022-12
141,,1226,0.7039106145251397,0.6166394779771615,0.6573913043478261,static,M-2022-12
142,,15948,0.6127620598412375,0.755079006772009,0.6765168539325843,static,M-2022-12
143,degraded_noncollapsed,3052,0.47536617842876167,0.35091743119266056,0.4037700282752121,static,M-2022-12
144,stable,2267,0.9802110817941952,0.9832377591530658,0.981722087645893,static,M-2022-12
145,stable,1149,0.9965034965034965,0.9921671018276762,0.9943305713039686,static,M-2022-12
146,,4680,0.9803459119496856,0.7993589743589744,0.8806497175141242,static,M-2022-12
147,degraded_noncollapsed,2730,0.9340277777777778,0.5912087912087912,0.7240915208613729,static,M-2022-12
148,,3728,0.780310621242485,0.835568669527897,0.8069948186528497,static,M-2022-12
149,,29896,0.5904201396710971,0.7013312817768264,0.6411142367906066,static,M-2022-12
150,degraded_noncollapsed,1291,0.888135593220339,0.6088303640588691,0.7224264705882353,static,M-2022-12
151,,872,0.5215208034433285,0.8337155963302753,0.6416593115622242,static,M-2022-12
152,degraded_noncollapsed,729,0.8809523809523809,0.6090534979423868,0.7201946472019465,static,M-2022-12
153,,59235,0.8389827442752233,0.7830505613235418,0.810052304817457,static,M-2022-12
154,,1862,0.6610407876230661,0.5048335123523093,0.5724725943970768,static,M-2022-12
155,,5650,0.5303263762431714,0.6700884955752212,0.592071311283134,static,M-2022-12
156,absorber,11350,0.6350332872754679,0.8908370044052863,0.7414931064828395,static,M-2022-12
157,,800,0.35753275109170307,0.81875,0.49772036474164133,static,M-2022-12
158,,5549,0.6525724423418096,0.795458641196612,0.7169658084950865,static,M-2022-12
159,,1740,0.5,0.3488505747126437,0.4109681787406906,static,M-2022-12
160,,1048,0.35378228782287824,0.7318702290076335,0.47699004975124376,static,M-2022-12
161,,334,0.9629629629629629,0.7005988023952096,0.8110918544194108,static,M-2022-12
162,,59,0.3103448275862069,0.6101694915254238,0.4114285714285714,static,M-2022-12
163,final_collapsed;gradual_collapsed,1741,0.07563025210084033,0.015508328546812177,0.025738798856053385,static,M-2022-12
164,,1689,0.1648113343935232,0.6749555950266429,0.26493144317917733,static,M-2022-12
165,,4989,0.5475742215785663,0.7578673080777711,0.6357827476038339,static,M-2022-12
166,degraded_noncollapsed,1835,0.642512077294686,0.5073569482288829,0.5669914738124239,static,M-2022-12
167,degraded_noncollapsed,55,0.0736196319018405,0.21818181818181817,0.11009174311926606,static,M-2022-12
168,,4221,0.7715782281940332,0.802653399668325,0.786809103576405,static,M-2022-12
169,,1502,0.7934662236987818,0.9540612516644474,0.8663845223700121,static,M-2022-12
170,,1916,0.4437971213159698,0.6758872651356994,0.5357881671493587,static,M-2022-12
171,,4142,0.5704812834224599,0.6438918396909705,0.6049676760802994,static,M-2022-12
172,,5558,0.7568922305764411,0.6520331054336093,0.700560603131645,static,M-2022-12
173,degraded_noncollapsed,978,0.9613601236476044,0.6359918200408998,0.7655384615384615,static,M-2022-12
174,final_collapsed;abrupt_collapsed,1507,0.0,0.0,0.0,static,M-2022-12
175,,22084,0.5767683474592821,0.66867415323311,0.6193302157820789,static,M-2022-12
176,degraded_noncollapsed,2085,0.43316412859560066,0.49112709832134294,0.4603281636322769,static,M-2022-12
177,,1117,0.4257907542579075,0.7833482542524619,0.5517023959646911,static,M-2022-12
0,,1414,0.9053295932678822,0.9130127298444131,0.9091549295774648,eata,M-2022-4
1,,10792,0.9612622826908541,0.9427353595255745,0.9519086826347305,eata,M-2022-4
2,absorber,7583,0.7204069934078533,0.6629302386918107,0.6904745553190028,eata,M-2022-4
3,,1593,0.9385093167701863,0.9485247959824231,0.9434904776771776,eata,M-2022-4
4,,3737,0.9523684899241036,0.9737757559539738,0.9629531622122255,eata,M-2022-4
5,absorber,2093,0.9370041997200187,0.9593884376493073,0.9480642115203022,eata,M-2022-4
6,degraded_noncollapsed,2729,0.9723736822973464,0.9802125320630267,0.9762773722627737,eata,M-2022-4
7,,36,0.6857142857142857,0.6666666666666666,0.676056338028169,eata,M-2022-4
8,stable,1574,0.9174122505161735,0.8468869123252859,0.8807400066072019,eata,M-2022-4
9,degraded_noncollapsed,1547,0.7184170471841704,0.6102133160956691,0.6599091226843761,eata,M-2022-4
10,final_collapsed;gradual_collapsed,2020,0.8374936321956189,0.8138613861386138,0.825508410745669,eata,M-2022-4
11,degraded_noncollapsed,1685,0.7974530018192845,0.7804154302670623,0.7888422315536893,eata,M-2022-4
12,degraded_noncollapsed,2788,0.8377602297200287,0.8371592539454806,0.83745963401507,eata,M-2022-4
13,absorber,2093,0.4873280231716148,0.6430960344003822,0.5544799176107106,eata,M-2022-4
14,absorber;degraded_noncollapsed,10401,0.8183809722511997,0.7542543986155177,0.7850102566668334,eata,M-2022-4
15,stable,751,0.8964968152866242,0.7496671105193076,0.8165337200870196,eata,M-2022-4
16,,2008,0.7660818713450293,0.39143426294820716,0.5181278839815425,eata,M-2022-4
17,,10007,0.9420986622073578,0.9007694613770361,0.920970625798212,eata,M-2022-4
18,,21926,0.9364501679731243,0.9153516373255496,0.9257807094423175,eata,M-2022-4
19,degraded_noncollapsed,13185,0.9041011881947106,0.8945013272658324,0.8992756385817766,eata,M-2022-4
20,,1281,0.8074670571010248,0.8610460577673692,0.8333962976955044,eata,M-2022-4
21,,2620,0.8953571428571429,0.9568702290076336,0.9250922509225092,eata,M-2022-4
22,,4636,0.9415475189234651,0.9659188955996548,0.9535775127768313,eata,M-2022-4
23,,12840,0.9380874698982367,0.9404984423676013,0.9392914090148952,eata,M-2022-4
24,degraded_noncollapsed,10253,0.9463597842835131,0.9584511850190188,0.9523671076222319,eata,M-2022-4
25,,54557,0.9076936604238108,0.9460930769653757,0.9264956651289692,eata,M-2022-4
26,final_collapsed;abrupt_collapsed,2293,0.8362211221122112,0.8839947666812037,0.8594445622217511,eata,M-2022-4
27,,19386,0.9931397328106463,0.993190962550294,0.9931653470198334,eata,M-2022-4
28,degraded_noncollapsed,16366,0.8666186012977649,0.8813393620921423,0.8739169948500455,eata,M-2022-4
29,,29653,0.8945845253143503,0.9069234141570836,0.9007117139747132,eata,M-2022-4
30,,8131,0.9870546171865368,0.9846267371786988,0.9858391823667036,eata,M-2022-4
31,,7973,0.9801223241590215,0.9647560516744011,0.9723784842930282,eata,M-2022-4
32,degraded_noncollapsed,2331,0.7262021589793916,0.6349206349206349,0.6775005722133212,eata,M-2022-4
33,,204,0.6754385964912281,0.37745098039215685,0.48427672955974843,eata,M-2022-4
34,degraded_noncollapsed,588,0.9286926994906621,0.9302721088435374,0.929481733220051,eata,M-2022-4
35,,875,0.9256505576208178,0.8537142857142858,0.8882282996432818,eata,M-2022-4
36,degraded_noncollapsed,826,0.6140939597315436,0.8861985472154964,0.7254707631318137,eata,M-2022-4
37,,1989,0.9842460615153789,0.6596279537456008,0.7898856110776641,eata,M-2022-4
38,final_collapsed;abrupt_collapsed,77,0.896551724137931,0.6753246753246753,0.7703703703703704,eata,M-2022-4
39,,4388,0.9324294287619471,0.9560164083865087,0.9440756160684145,eata,M-2022-4
40,degraded_noncollapsed,2334,0.9781520254893036,0.9207369323050557,0.9485764731847275,eata,M-2022-4
41,,2121,0.882439744220364,0.8458274398868458,0.8637457871930669,eata,M-2022-4
42,degraded_noncollapsed,1839,0.8777908343125734,0.8123980424143556,0.843829426715617,eata,M-2022-4
43,,2042,0.9056271981242673,0.7566111655239961,0.8244397011739595,eata,M-2022-4
44,stable,2910,0.9837685250529288,0.9580756013745705,0.9707520891364902,eata,M-2022-4
45,absorber,2192,0.9301895515487748,0.9178832116788321,0.9239954075774971,eata,M-2022-4
46,absorber,9798,0.7531448027995838,0.8127168809961216,0.7817976535270728,eata,M-2022-4
47,final_collapsed;gradual_collapsed,3839,0.9935965848452508,0.9700442823651992,0.9816791880848821,eata,M-2022-4
48,final_collapsed;abrupt_collapsed,5001,0.984362628661916,0.9944011197760448,0.9893564110215856,eata,M-2022-4
49,,40220,0.9390078748056377,0.9309298856290403,0.9349514320673209,eata,M-2022-4
50,degraded_noncollapsed,4546,0.8365869017632241,0.584469863616366,0.6881636881636881,eata,M-2022-4
51,,21842,0.9240938933357317,0.94084790770076,0.9323956442831216,eata,M-2022-4
52,,2301,0.9199623352165726,0.8491960017383746,0.8831638418079096,eata,M-2022-4
53,,9775,0.941063679483298,0.9539641943734015,0.9474700264173949,eata,M-2022-4
54,degraded_noncollapsed,6663,0.839328157185866,0.794987242983641,0.8165561893016803,eata,M-2022-4
55,degraded_noncollapsed,8193,0.9862052274927396,0.9947516172342243,0.9904599866318284,eata,M-2022-4
56,final_collapsed;abrupt_collapsed,10094,0.9687625957275292,0.9524469982167625,0.9605355180337696,eata,M-2022-4
57,stable,3065,0.9896204995134609,0.9954323001631321,0.9925178919973975,eata,M-2022-4
58,,2286,0.9921156373193167,0.9908136482939632,0.9914642153644123,eata,M-2022-4
59,stable,13724,0.995575221238938,0.9344943165257942,0.9640682552807638,eata,M-2022-4
60,,49622,0.913252914507772,0.9093144169924631,0.9112794102797133,eata,M-2022-4
61,,19676,0.7114056050401911,0.8321305143321813,0.767046918554262,eata,M-2022-4
62,stable,15549,0.9461477987421384,0.928805710978198,0.9373965534027845,eata,M-2022-4
63,,11152,0.8241782006920415,0.6834648493543759,0.7472549019607844,eata,M-2022-4
64,stable,2437,0.8236046016190882,0.7931883463274518,0.8081103678929766,eata,M-2022-4
65,,3145,0.9563454942313688,0.9751987281399046,0.9656801007556675,eata,M-2022-4
66,final_collapsed;abrupt_collapsed,5149,0.8768974453905961,0.9199844630025248,0.8979243673585442,eata,M-2022-4
67,,854,0.5691489361702128,0.3758782201405152,0.4527503526093089,eata,M-2022-4
68,,7271,0.7754361479413817,0.7641314812267913,0.769742310889443,eata,M-2022-4
69,final_collapsed;abrupt_collapsed,879,0.8545454545454545,0.8020477815699659,0.8274647887323944,eata,M-2022-4
70,degraded_noncollapsed,2642,0.845489443378119,0.6669190007570023,0.7456622936944562,eata,M-2022-4
71,absorber,149408,0.8988879430324158,0.8905011779824373,0.8946749063620042,eata,M-2022-4
72,,17880,0.835386662039447,0.8077740492170022,0.8213483465552048,eata,M-2022-4
73,,29211,0.9772696384887197,0.9846633117661155,0.9809525433555583,eata,M-2022-4
74,,9210,0.8392238392238393,0.6574375678610206,0.7372907153729071,eata,M-2022-4
75,degraded_noncollapsed,28060,0.7360964020951999,0.9165003563791875,0.816451577059225,eata,M-2022-4
76,stable,10523,0.9373056994818653,0.8595457569134277,0.8967431715659545,eata,M-2022-4
77,,81932,0.8927240196809304,0.8769467363179222,0.884765047778544,eata,M-2022-4
78,,48009,0.9615045674368619,0.9317836239038514,0.9464108151564516,eata,M-2022-4
79,,25102,0.8362831858407079,0.7830451756832125,0.8087890383903222,eata,M-2022-4
80,degraded_noncollapsed,6096,0.8716960352422908,0.7790354330708661,0.8227650727650727,eata,M-2022-4
81,,7217,0.9657291097760786,0.9800471109879452,0.972835430850698,eata,M-2022-4
82,,79609,0.8904436817158878,0.889660716753131,0.8900520270440093,eata,M-2022-4
83,,24502,0.9595296025952961,0.9657170843196474,0.9626134005939547,eata,M-2022-4
84,,2397,0.9054160125588697,0.9624530663329162,0.9330637007077857,eata,M-2022-4
85,,2080,0.9112940100594421,0.958173076923077,0.9341457698617296,eata,M-2022-4
86,,27759,0.8663748810656517,0.8200583594509888,0.842580597401636,eata,M-2022-4
87,,11231,0.9503472222222222,0.9748018876324459,0.9624192343193706,eata,M-2022-4
88,,204,0.4025974025974026,0.45588235294117646,0.42758620689655175,eata,M-2022-4
89,,486,0.764344262295082,0.7674897119341564,0.7659137577002053,eata,M-2022-4
90,,7635,0.9455897703549061,0.9491814014407335,0.9473821818419504,eata,M-2022-4
91,,4262,0.9294947121034077,0.9279680900985453,0.9287307737466244,eata,M-2022-4
92,,2288,0.9792043399638336,0.9466783216783217,0.9626666666666667,eata,M-2022-4
93,,34812,0.898760916858467,0.8188555670458463,0.856949600925912,eata,M-2022-4
94,stable,633,0.8186666666666667,0.4849921011058452,0.6091269841269841,eata,M-2022-4
95,,50223,0.9930725183197854,0.9875953248511639,0.9903263484710839,eata,M-2022-4
96,absorber;degraded_noncollapsed,55119,0.9298211231470923,0.9468422866888005,0.9382545147284871,eata,M-2022-4
97,,41580,0.9674246785645749,0.96993746993747,0.9686794446846327,eata,M-2022-4
98,stable,63298,0.9895895487234243,0.9956554709469494,0.9926132426132426,eata,M-2022-4
99,stable,23955,0.9258219727345629,0.867501565435191,0.8957134544514127,eata,M-2022-4
100,,30504,0.9789388284926173,0.9889194859690532,0.9839038470947015,eata,M-2022-4
101,degraded_noncollapsed,60629,0.9877104845440116,0.9955301918223952,0.9916049220457047,eata,M-2022-4
102,,79891,0.9909782527090267,0.9913131641862037,0.9911456801556858,eata,M-2022-4
103,degraded_noncollapsed,1787,0.8896068928379106,0.9244543928371572,0.9066959385290889,eata,M-2022-4
104,final_collapsed;gradual_collapsed,3363,0.8248146703082325,0.6286054118346714,0.7134660816739791,eata,M-2022-4
105,absorber;degraded_noncollapsed,4895,0.8345560333923603,0.6739530132788559,0.7457052441229657,eata,M-2022-4
106,,3993,0.9784892446223111,0.9797145003756574,0.9791014891753222,eata,M-2022-4
107,stable,3873,0.9413359625338921,0.9860573199070488,0.9631778058007566,eata,M-2022-4
108,,11663,0.9419202562589564,0.9580725370830833,0.9499277395222308,eata,M-2022-4
109,final_collapsed;abrupt_collapsed,1867,0.9505907626208379,0.9480449919657205,0.9493161705551086,eata,M-2022-4
110,,9808,0.8783730549537129,0.9093597063621534,0.8935978358881875,eata,M-2022-4
111,degraded_noncollapsed,2817,0.7249368155012637,0.6109336173233937,0.663070699287228,eata,M-2022-4
112,degraded_noncollapsed,3822,0.9060052219321149,0.9079016221873365,0.9069524307370622,eata,M-2022-4
113,stable,5042,0.9934092270820851,0.986513288377628,0.9899492486814608,eata,M-2022-4
114,,3329,0.9726277372262774,0.9606488434965456,0.9666011787819253,eata,M-2022-4
115,,22978,0.8968184215152047,0.888153886326051,0.892465124415096,eata,M-2022-4
116,,4023,0.8725326991676575,0.9120059656972409,0.891832766164317,eata,M-2022-4
117,,84936,0.8561081889745081,0.8489215409249317,0.8524997191990967,eata,M-2022-4
118,degraded_noncollapsed,3760,0.9622994652406417,0.9571808510638298,0.9597333333333333,eata,M-2022-4
119,stable,2846,0.9020021074815595,0.9023190442726634,0.9021605480414544,eata,M-2022-4
120,,2918,0.9055764625384879,0.907128169979438,0.906351652114364,eata,M-2022-4
121,final_collapsed;gradual_collapsed,2543,0.9567288606589917,0.9476995674400315,0.9521928091663374,eata,M-2022-4
122,,61426,0.9046626511956147,0.8973724481489923,0.9010028032723915,eata,M-2022-4
123,degraded_noncollapsed,3393,0.9209914794732765,0.7008547008547008,0.7959832635983264,eata,M-2022-4
124,,30492,0.9058808298540312,0.9179128951856225,0.9118571731091889,eata,M-2022-4
125,,3522,0.8549374500931595,0.9119818285065304,0.8825388102761368,eata,M-2022-4
126,,2112,0.9142577168054875,0.8835227272727273,0.8986274981940766,eata,M-2022-4
127,,3002,0.8805628272251309,0.896402398401066,0.8884120171673819,eata,M-2022-4
128,stable,2342,0.9279766860949209,0.9517506404782238,0.9397133220910624,eata,M-2022-4
129,degraded_noncollapsed,44177,0.9487811496540184,0.9497476062204314,0.949264131947194,eata,M-2022-4
130,stable,7092,0.8138083474190613,0.8825437112239143,0.8467834674964486,eata,M-2022-4
131,stable,30533,0.8730273461028791,0.9493990109062326,0.9096129406780991,eata,M-2022-4
132,stable,23157,0.9663569682151589,0.8533920628751566,0.9063682436306097,eata,M-2022-4
133,,54110,0.885338856444384,0.963777490297542,0.9228945086449466,eata,M-2022-4
134,,10738,0.8758309186978013,0.9570683553734401,0.9146493414026344,eata,M-2022-4
135,,3069,0.7456201822004205,0.693385467579016,0.7185547864257977,eata,M-2022-4
136,,22342,0.8537122439652666,0.919702801897771,0.8854797354075542,eata,M-2022-4
137,degraded_noncollapsed,4089,0.9576959847036329,0.9799461971142088,0.9686933397800073,eata,M-2022-4
138,degraded_noncollapsed,43631,0.9033057464815074,0.8855630171208544,0.8943463919912042,eata,M-2022-4
139,degraded_noncollapsed,2846,0.6780155642023347,0.7347153900210822,0.7052276559865093,eata,M-2022-4
140,,71932,0.8774648259113587,0.9242339987766224,0.900242386491354,eata,M-2022-4
141,,2022,0.8036072144288577,0.7932739861523245,0.7984071677451469,eata,M-2022-4
142,,62604,0.9071622969386548,0.8572135965752987,0.8814809339607921,eata,M-2022-4
143,degraded_noncollapsed,4384,0.736016198430777,0.6633211678832117,0.6977804439112177,eata,M-2022-4
144,stable,3642,0.9781405644714998,0.9706205381658429,0.9743660418963617,eata,M-2022-4
145,stable,2224,0.9915064818953956,0.9973021582733813,0.9943958753642681,eata,M-2022-4
146,,4793,0.9597548518896833,0.9801794283329857,0.9698596201486375,eata,M-2022-4
147,degraded_noncollapsed,2203,0.9568884723523898,0.9269178393100318,0.9416647452155869,eata,M-2022-4
148,,6812,0.9112275449101797,0.8935701702877276,0.902312481470501,eata,M-2022-4
149,,74194,0.9044231487907747,0.9133218319540664,0.9088507088346142,eata,M-2022-4
150,degraded_noncollapsed,2305,0.9508695652173913,0.9488069414316703,0.9498371335504886,eata,M-2022-4
151,,2021,0.811789038262668,0.776843146956952,0.7939317319848294,eata,M-2022-4
152,degraded_noncollapsed,1673,0.9652650822669104,0.9468021518230724,0.955944477972239,eata,M-2022-4
153,,70973,0.8749407350212,0.9100503008186211,0.8921502272193599,eata,M-2022-4
154,,2978,0.764351523742027,0.7243116185359302,0.7437931034482759,eata,M-2022-4
155,,11183,0.7984572607408736,0.7960296879191631,0.7972416263657531,eata,M-2022-4
156,absorber,32897,0.8385102268065404,0.8698361552725172,0.8538859794398937,eata,M-2022-4
157,,2075,0.7896662094192959,0.832289156626506,0.8104176442984514,eata,M-2022-4
158,,12544,0.9246624590556842,0.9226721938775511,0.9236662543394119,eata,M-2022-4
159,,3182,0.6746606334841629,0.46857322438717786,0.5530415430267063,eata,M-2022-4
160,,1553,0.7403921568627451,0.6078557630392788,0.6676096181046676,eata,M-2022-4
161,,3031,0.988399071925754,0.9838337182448037,0.9861111111111112,eata,M-2022-4
162,,486,0.6118811881188119,0.6358024691358025,0.6236125126135217,eata,M-2022-4
163,final_collapsed;gradual_collapsed,3156,0.5962829117191534,0.3659695817490494,0.4535637149028078,eata,M-2022-4
164,,3315,0.8916116870876531,0.8561085972850678,0.8734995383194829,eata,M-2022-4
165,,5176,0.984209432786204,0.9151854714064915,0.948443287616378,eata,M-2022-4
166,degraded_noncollapsed,2317,0.7246121297602257,0.8869227449287872,0.7975936347758588,eata,M-2022-4
167,degraded_noncollapsed,668,0.9296235679214403,0.8502994011976048,0.8881939014855356,eata,M-2022-4
168,,3924,0.7491400491400492,0.777013251783894,0.7628221165874406,eata,M-2022-4
169,,2891,0.9749826268241835,0.9705984088550674,0.9727855780897903,eata,M-2022-4
170,,3774,0.9076664801343033,0.859565447800742,0.8829613500272183,eata,M-2022-4
171,,7082,0.8201881950384945,0.6769274216323072,0.7417034114643769,eata,M-2022-4
172,,7688,0.8577677624602333,0.8417013527575442,0.8496586134453782,eata,M-2022-4
173,degraded_noncollapsed,4960,0.992440151196976,0.9528225806451613,0.9722279366385518,eata,M-2022-4
174,final_collapsed;abrupt_collapsed,4246,0.9860635696821516,0.9498351389543099,0.9676103646833013,eata,M-2022-4
175,,50628,0.7627881941329505,0.8397329540965474,0.7994133298233408,eata,M-2022-4
176,degraded_noncollapsed,4309,0.818334131163236,0.7934555581341378,0.805702839637092,eata,M-2022-4
177,,1540,0.9533376539209333,0.9551948051948052,0.9542653259811872,eata,M-2022-4
0,,1621,0.9158936301793444,0.9136335595311537,0.9147621988882026,eata,M-2022-5
1,,10263,0.9482994526974199,0.9454350579752508,0.9468650890461088,eata,M-2022-5
2,absorber,8750,0.7632192369034474,0.7109714285714286,0.7361694574285546,eata,M-2022-5
3,,1684,0.8531618435155413,0.9453681710213777,0.8969014084507042,eata,M-2022-5
4,,4052,0.9586374695863747,0.9723593287265548,0.9654496446949277,eata,M-2022-5
5,absorber,2200,0.8490642799023597,0.9486363636363636,0.8960927436668098,eata,M-2022-5
6,degraded_noncollapsed,2812,0.9679783950617284,0.8922475106685633,0.9285714285714286,eata,M-2022-5
7,,104,0.859375,0.5288461538461539,0.6547619047619048,eata,M-2022-5
8,stable,2060,0.9057097957045573,0.8393203883495146,0.8712522045855379,eata,M-2022-5
9,degraded_noncollapsed,1824,0.7299801455989411,0.6047149122807017,0.6614692653673163,eata,M-2022-5
10,final_collapsed;gradual_collapsed,2341,0.8046744574290484,0.8235796668090559,0.8140173105340933,eata,M-2022-5
11,degraded_noncollapsed,2013,0.7491733585262164,0.7878787878787878,0.7680387409200968,eata,M-2022-5
12,degraded_noncollapsed,3428,0.8408425980105325,0.838389731621937,0.8396143733567046,eata,M-2022-5
13,absorber,2703,0.5488226059654631,0.6466888642249352,0.59375,eata,M-2022-5
14,absorber;degraded_noncollapsed,10444,0.7805367709213863,0.707296055151283,0.7421137231263814,eata,M-2022-5
15,stable,1474,0.9325221238938053,0.5719131614654003,0.7089991589571069,eata,M-2022-5
16,,1958,0.7279411764705882,0.3539325842696629,0.4762886597938144,eata,M-2022-5
17,,9201,0.936278478084885,0.8799043582219324,0.9072164948453608,eata,M-2022-5
18,,27154,0.937863209655789,0.9271562200780732,0.932478980702989,eata,M-2022-5
19,degraded_noncollapsed,19072,0.9121336706725701,0.9073510906040269,0.9097360950478394,eata,M-2022-5
20,,2201,0.8738317757009346,0.8496138119036801,0.8615526376410966,eata,M-2022-5
21,,2853,0.9273461150353178,0.9663512092534174,0.9464469618949537,eata,M-2022-5
22,,648,0.6935866983372921,0.9012345679012346,0.7838926174496644,eata,M-2022-5
23,,15639,0.9470760980592441,0.9485900633032802,0.9478324761204996,eata,M-2022-5
24,degraded_noncollapsed,9752,0.9358460304731355,0.9573420836751435,0.9464720194647201,eata,M-2022-5
25,,63996,0.9238074944446135,0.9484342771423214,0.935958919952505,eata,M-2022-5
26,final_collapsed;abrupt_collapsed,2539,0.7946808510638298,0.8826309570697125,0.8363500653106923,eata,M-2022-5
27,,19743,0.9902666531481293,0.9894139695081802,0.9898401276951532,eata,M-2022-5
28,degraded_noncollapsed,21533,0.8947214505044597,0.8525054567408165,0.8731034482758621,eata,M-2022-5
29,,31966,0.8555889635656173,0.9079959957454796,0.8810138108969494,eata,M-2022-5
30,,8566,0.9901673885052089,0.9875087555451786,0.9888362849962008,eata,M-2022-5
31,,10445,0.9821376846577194,0.9738630923887027,0.9779828862609364,eata,M-2022-5
32,degraded_noncollapsed,2935,0.6545816733067729,0.5597955706984667,0.6034894398530762,eata,M-2022-5
33,,253,0.7795698924731183,0.5731225296442688,0.6605922551252847,eata,M-2022-5
34,degraded_noncollapsed,485,0.901010101010101,0.9195876288659793,0.9102040816326531,eata,M-2022-5
35,,1307,0.9350785340314136,0.6832440703902066,0.7895667550839964,eata,M-2022-5
36,degraded_noncollapsed,916,0.8722084367245657,0.767467248908297,0.8164924506387921,eata,M-2022-5
37,,1023,0.9762886597938144,0.9257086999022482,0.9503261414952333,eata,M-2022-5
38,final_collapsed;abrupt_collapsed,117,0.7383177570093458,0.6752136752136753,0.7053571428571429,eata,M-2022-5
39,,8587,0.941808105299619,0.9499243041807384,0.9458487940630798,eata,M-2022-5
40,degraded_noncollapsed,2306,0.9755196304849885,0.9158716392020815,0.944755088347126,eata,M-2022-5
41,,2472,0.8573757131214343,0.8511326860841424,0.8542427933414535,eata,M-2022-5
42,degraded_noncollapsed,1394,0.8217357310398749,0.7539454806312769,0.7863823419378975,eata,M-2022-5
43,,3196,0.9264931087289433,0.7571964956195244,0.8333333333333334,eata,M-2022-5
44,stable,2779,0.9820852740953063,0.9863260165527168,0.9842010771992818,eata,M-2022-5
45,absorber,3156,0.8789769182782283,0.8929024081115335,0.885884941842188,eata,M-2022-5
46,absorber,10149,0.7028709789000346,0.8008670805005419,0.7486759084419472,eata,M-2022-5
47,final_collapsed;gradual_collapsed,3766,0.9900751072961373,0.9800849707912905,0.9850547104350147,eata,M-2022-5
48,final_collapsed;abrupt_collapsed,5241,0.9931179506786465,0.9912230490364434,0.9921695951107716,eata,M-2022-5
49,,46428,0.9323368275743066,0.9310114586025674,0.9316736717318677,eata,M-2022-5
50,degraded_noncollapsed,7426,0.8763093380878092,0.5294909776461083,0.6601191975153194,eata,M-2022-5
51,,22943,0.9280597272570343,0.9373229307414026,0.9326683291770573,eata,M-2022-5
52,,2346,0.9124487004103967,0.8529411764705882,0.8816920026437541,eata,M-2022-5
53,,10324,0.9265411945458037,0.934618364974816,0.9305622528691291,eata,M-2022-5
54,degraded_noncollapsed,7963,0.7535281256211489,0.47607685545648626,0.5835000769585963,eata,M-2022-5
55,degraded_noncollapsed,10913,0.9883403169976316,0.9942270686337396,0.9912749531771048,eata,M-2022-5
56,final_collapsed;abrupt_collapsed,9591,0.21289537712895376,0.018246272547179646,0.033611831364640354,eata,M-2022-5
57,stable,3525,0.9874928936895964,0.985531914893617,0.9865114297884424,eata,M-2022-5
58,,2323,0.9914310197086547,0.9961256995264743,0.9937728151170281,eata,M-2022-5
59,stable,9791,0.978946297803092,0.9830456541721989,0.9809916934209856,eata,M-2022-5
60,,44901,0.8929142248268513,0.8958375091868778,0.8943734783043725,eata,M-2022-5
61,,19248,0.7172722293226219,0.8163965087281796,0.7636310622995433,eata,M-2022-5
62,stable,15902,0.9385992761445171,0.9295686077222991,0.9340621149410762,eata,M-2022-5
63,,12327,0.8142675408552696,0.6750223087531435,0.7381353676927171,eata,M-2022-5
64,stable,1122,0.6410624551328069,0.7959001782531194,0.7101391650099403,eata,M-2022-5
65,,3554,0.9375336564351104,0.979741136747327,0.9581728123280132,eata,M-2022-5
66,final_collapsed;abrupt_collapsed,6479,0.8860759493670886,0.831918505942275,0.8581436077057794,eata,M-2022-5
67,,1581,0.6734234234234234,0.3782416192283365,0.4844066423653301,eata,M-2022-5
68,,8946,0.7428338263796797,0.8139950816007154,0.7767880953650861,eata,M-2022-5
69,final_collapsed;abrupt_collapsed,857,0.8486005089058524,0.7782963827304551,0.8119293974437005,eata,M-2022-5
70,degraded_noncollapsed,2822,0.7901234567901234,0.6576895818568391,0.7178495455424483,eata,M-2022-5
71,absorber,168702,0.8946493990808417,0.8873575891216464,0.8909885753908144,eata,M-2022-5
72,,19739,0.8476245961548646,0.8107806879781144,0.8287933713102019,eata,M-2022-5
73,,31508,0.9751084291910239,0.9847022978291228,0.9798818810599123,eata,M-2022-5
74,,10715,0.830690194326558,0.6941670555296313,0.7563170471300015,eata,M-2022-5
75,degraded_noncollapsed,30933,0.6904385474180916,0.9176607506546407,0.7879965577547677,eata,M-2022-5
76,stable,12560,0.9237812632471386,0.867515923566879,0.8947649353315541,eata,M-2022-5
77,,80105,0.8581649831649831,0.8654391111665939,0.8617866976611204,eata,M-2022-5
78,,54812,0.958982803465504,0.9349959862803766,0.9468375010392321,eata,M-2022-5
79,,28257,0.7908475896999965,0.790175885621262,0.7905115949725615,eata,M-2022-5
80,degraded_noncollapsed,4284,0.6771653543307087,0.5219421101774043,0.5895069865541788,eata,M-2022-5
81,,8178,0.9662365850717473,0.9798239178283199,0.9729828182866856,eata,M-2022-5
82,,82376,0.8789551975392683,0.8464115761872391,0.8623764702972134,eata,M-2022-5
83,,28362,0.9593099768806687,0.9509555038431704,0.955114471377729,eata,M-2022-5
84,,2425,0.9500811688311688,0.965360824742268,0.9576600531806095,eata,M-2022-5
85,,2268,0.9595070422535211,0.9611992945326279,0.960352422907489,eata,M-2022-5
86,,26206,0.8418181818181818,0.8480500648706403,0.8449226323993461,eata,M-2022-5
87,,11488,0.8714296893340637,0.9693593314763231,0.9177895908023241,eata,M-2022-5
88,,402,0.6203208556149733,0.5771144278606966,0.5979381443298969,eata,M-2022-5
89,,891,0.8447276940903824,0.8181818181818182,0.8312428734321551,eata,M-2022-5
90,,7170,0.9276549276549276,0.9478382147838215,0.9376379690949227,eata,M-2022-5
91,,4660,0.8824377187564341,0.9197424892703863,0.9007040033624041,eata,M-2022-5
92,,2704,0.9857199523998413,0.919008875739645,0.9511961722488038,eata,M-2022-5
93,,37502,0.8903455435266202,0.8004373100101327,0.8430009688697924,eata,M-2022-5
94,stable,471,0.2545691906005222,0.4140127388535032,0.3152789005658852,eata,M-2022-5
95,,50880,0.9906065538407233,0.9928066037735849,0.9917053586328075,eata,M-2022-5
96,absorber;degraded_noncollapsed,59656,0.8852961628421518,0.9390170309776049,0.9113656330328962,eata,M-2022-5
97,,45943,0.9523922158907644,0.9640424003656705,0.9581818968501211,eata,M-2022-5
98,stable,64696,0.9880417618470878,0.9961512303697292,0.9920799242628326,eata,M-2022-5
99,stable,25387,0.9364068670911582,0.9152715956985858,0.9257186111830442,eata,M-2022-5
100,,29408,0.9331257223577758,0.9883365070729053,0.9599379087125967,eata,M-2022-5
101,degraded_noncollapsed,62663,0.9626137146386071,0.6467452882881445,0.7736817990912909,eata,M-2022-5
102,,75510,0.9320600815676913,0.9927161965302609,0.961432400887555,eata,M-2022-5
103,degraded_noncollapsed,2565,0.9137210186240973,0.9372319688109162,0.9253271747498075,eata,M-2022-5
104,final_collapsed;gradual_collapsed,3090,0.5150992234685073,0.19320388349514564,0.28100729583431394,eata,M-2022-5
105,absorber;degraded_noncollapsed,3665,0.7662665824384081,0.6619372442019099,0.7102913189869712,eata,M-2022-5
106,,4012,0.9486117876278617,0.9708374875373879,0.9595959595959596,eata,M-2022-5
107,stable,3512,0.9024008350730689,0.984624145785877,0.9417211328976035,eata,M-2022-5
108,,13707,0.946436254123046,0.9629386444882178,0.9546161356814812,eata,M-2022-5
109,final_collapsed;abrupt_collapsed,2229,0.9537333944113605,0.9340511440107672,0.9437896645512239,eata,M-2022-5
110,,8623,0.8634400265810167,0.9040937028876261,0.8832993428506685,eata,M-2022-5
111,degraded_noncollapsed,2530,0.7078754578754579,0.6110671936758894,0.6559185405176071,eata,M-2022-5
112,degraded_noncollapsed,3140,0.8684464458025088,0.8598726114649682,0.8641382621219396,eata,M-2022-5
113,stable,4677,0.9876094851527452,0.9884541372674791,0.9880316306903184,eata,M-2022-5
114,,3352,0.9744275944097532,0.9776252983293556,0.97602382725242,eata,M-2022-5
115,,28260,0.8545787545787545,0.7429936305732484,0.7948892674616695,eata,M-2022-5
116,,3962,0.8254578340492879,0.9215042907622413,0.8708407871198569,eata,M-2022-5
117,,93359,0.7762260149262691,0.8310928780299703,0.8027229886662839,eata,M-2022-5
118,degraded_noncollapsed,4083,0.8254002134471718,0.9470977222630419,0.8820711678832117,eata,M-2022-5
119,stable,2954,0.895578231292517,0.8913337846987136,0.8934509670851714,eata,M-2022-5
120,,2933,0.885420126203919,0.9089669280600068,0.8970390309555855,eata,M-2022-5
121,final_collapsed;gradual_collapsed,2473,0.9544658493870403,0.881520420541852,0.9165440403615724,eata,M-2022-5
122,,60842,0.874740738377102,0.9011373722099866,0.8877428756476684,eata,M-2022-5
123,degraded_noncollapsed,4486,0.9318248604172789,0.7068658047258136,0.8039041703637977,eata,M-2022-5
124,,33764,0.9129248107061102,0.9213067172136002,0.9170966125180577,eata,M-2022-5
125,,4601,0.8479003415712276,0.9171919148011302,0.8811860513677177,eata,M-2022-5
126,,2052,0.8948643410852714,0.9000974658869396,0.8974732750242954,eata,M-2022-5
127,,6176,0.8563702878956577,0.8717616580310881,0.8639974323999037,eata,M-2022-5
128,stable,3079,0.8955223880597015,0.9353686261773303,0.9150119142176331,eata,M-2022-5
129,degraded_noncollapsed,41384,0.9396789596180147,0.9463319157162188,0.9429937034227857,eata,M-2022-5
130,stable,7832,0.8909855922478643,0.8922369765066395,0.8916108452950559,eata,M-2022-5
131,stable,39752,0.8822563105897596,0.9592473334674985,0.9191423716148627,eata,M-2022-5
132,stable,19465,0.9567198177676538,0.7983560236321603,0.8703931892012994,eata,M-2022-5
133,,56893,0.8540256999192998,0.9672543195120665,0.9071203092418135,eata,M-2022-5
134,,12693,0.8936092691102528,0.9661230599543055,0.9284524530587522,eata,M-2022-5
135,,3366,0.7133176193282262,0.7192513368983957,0.7162721893491124,eata,M-2022-5
136,,23775,0.8203145332193181,0.9280336487907466,0.8708556994000631,eata,M-2022-5
137,degraded_noncollapsed,3327,0.9437255492025278,0.9425909227532311,0.9431578947368421,eata,M-2022-5
138,degraded_noncollapsed,44161,0.8808957185920536,0.8800978238717421,0.8804965904714438,eata,M-2022-5
139,degraded_noncollapsed,2667,0.6358002187386074,0.6539182602174728,0.6447319778188539,eata,M-2022-5
140,,78108,0.861196179778001,0.9108670046602141,0.8853354570964591,eata,M-2022-5
141,,2325,0.7156862745098039,0.7221505376344086,0.7189038749732392,eata,M-2022-5
142,,65536,0.8873360995850622,0.815765380859375,0.8500469050609766,eata,M-2022-5
143,degraded_noncollapsed,4893,0.6909050966608085,0.6427549560596771,0.6659608258337745,eata,M-2022-5
144,stable,4171,0.9781394219091571,0.9654759050587389,0.9717664092664092,eata,M-2022-5
145,stable,2178,0.9863450159308147,0.9949494949494949,0.9906285714285714,eata,M-2022-5
146,,5639,0.9463760595052759,0.9702074835963823,0.9581436077057793,eata,M-2022-5
147,degraded_noncollapsed,2716,0.9584934665641814,0.9182621502209131,0.9379465964648364,eata,M-2022-5
148,,7219,0.9073348264277715,0.8979082975481368,0.9025969504978069,eata,M-2022-5
149,,74404,0.8669301202329756,0.9022229987635073,0.8842245302528369,eata,M-2022-5
150,degraded_noncollapsed,2214,0.9030588235294118,0.8667570009033424,0.884535607282784,eata,M-2022-5
151,,2500,0.8122729107791683,0.8048,0.8085191882660238,eata,M-2022-5
152,degraded_noncollapsed,1141,0.9558955895589559,0.9307624890446976,0.9431616341030196,eata,M-2022-5
153,,79655,0.8540072253648334,0.9021781432427343,0.8774320372642748,eata,M-2022-5
154,,2882,0.7406962785114045,0.6422623178348369,0.6879762125998885,eata,M-2022-5
155,,10789,0.7461441893830703,0.7712484938363148,0.7584886741716421,eata,M-2022-5
156,absorber,34655,0.8336446068480173,0.8887317847352474,0.8603072625698324,eata,M-2022-5
157,,2043,0.7587779297765618,0.8144884973078805,0.785646836638338,eata,M-2022-5
158,,14654,0.9333658945018142,0.9128565579363996,0.9229973090457462,eata,M-2022-5
159,,2911,0.6520100502512562,0.5348677430436276,0.5876580486884317,eata,M-2022-5
160,,2122,0.7819738167170192,0.7318567389255419,0.7560856864654333,eata,M-2022-5
161,,3235,0.9830977258758451,0.98887171561051,0.9859762675296656,eata,M-2022-5
162,,382,0.443359375,0.5942408376963351,0.5078299776286354,eata,M-2022-5
163,final_collapsed;gradual_collapsed,2474,0.265625,0.07558609539207761,0.11768407803650094,eata,M-2022-5
164,,3179,0.3541035436701357,0.845548914753067,0.4991643454038997,eata,M-2022-5
165,,5617,0.7389705882352942,0.7872529820188713,0.7623480734419447,eata,M-2022-5
166,degraded_noncollapsed,4223,0.8701063589047295,0.9104901728628937,0.8898403147419579,eata,M-2022-5
167,degraded_noncollapsed,558,0.7647058823529411,0.9086021505376344,0.8304668304668305,eata,M-2022-5
168,,5548,0.8210545998504114,0.7914563806777217,0.8059838472834068,eata,M-2022-5
169,,3467,0.9731523378582202,0.9304874531295068,0.9513417870834562,eata,M-2022-5
170,,3734,0.8413486670151594,0.8620782003213712,0.8515873015873016,eata,M-2022-5
171,,7203,0.7536732929991357,0.6053033458281272,0.6713889744379428,eata,M-2022-5
172,,8392,0.889562956543271,0.8561725452812202,0.8725484243123444,eata,M-2022-5
173,degraded_noncollapsed,4748,0.9912098080037012,0.9024852569502949,0.944769044206813,eata,M-2022-5
174,final_collapsed;abrupt_collapsed,4306,0.9871731623088308,0.929400836042731,0.9574162679425837,eata,M-2022-5
175,,65299,0.7623903855120858,0.7762140308427388,0.7692401086643093,eata,M-2022-5
176,degraded_noncollapsed,4048,0.7944723618090452,0.7811264822134387,0.7877428998505231,eata,M-2022-5
177,,1648,0.9572031344183243,0.9635922330097088,0.9603870577562745,eata,M-2022-5
0,,1356,0.8963503649635036,0.9056047197640118,0.900953778429934,eata,M-2022-6
1,,9294,0.9526865346965412,0.942435980202281,0.9475335352661186,eata,M-2022-6
2,absorber,7505,0.7429577464788732,0.7590939373750832,0.7509391682594082,eata,M-2022-6
3,,1306,0.6410126582278481,0.9693721286370597,0.7717159402621152,eata,M-2022-6
4,,3168,0.9281454979129398,0.9826388888888888,0.9546151487273843,eata,M-2022-6
5,absorber,1778,0.46020573903627504,0.9561304836895388,0.6213450292397661,eata,M-2022-6
6,degraded_noncollapsed,2765,0.7159468438538206,0.311754068716094,0.4343663391282439,eata,M-2022-6
7,,30,0.4444444444444444,0.13333333333333333,0.20512820512820512,eata,M-2022-6
8,stable,1732,0.8878950506857484,0.8596997690531177,0.8735699618656497,eata,M-2022-6
9,degraded_noncollapsed,1714,0.8186119873817035,0.6056009334889149,0.6961770623742455,eata,M-2022-6
10,final_collapsed;gradual_collapsed,1895,0.8127764127764128,0.8728232189973615,0.8417302798982188,eata,M-2022-6
11,degraded_noncollapsed,1542,0.6738768718801996,0.7879377431906615,0.726457399103139,eata,M-2022-6
12,degraded_noncollapsed,3008,0.8372169346898589,0.8480718085106383,0.8426094137076796,eata,M-2022-6
13,absorber,1939,0.49434436531210724,0.6085611139762764,0.545538603791031,eata,M-2022-6
14,absorber;degraded_noncollapsed,8055,0.6432477216238608,0.4819366852886406,0.5510290986515259,eata,M-2022-6
15,stable,888,0.9028132992327366,0.795045045045045,0.8455089820359282,eata,M-2022-6
16,,1419,0.5908319185059423,0.2452431289640592,0.3466135458167331,eata,M-2022-6
17,,11760,0.9552393272962484,0.9418367346938775,0.9484906872190109,eata,M-2022-6
18,,29195,0.9478046140315269,0.9597191299880117,0.9537246625933932,eata,M-2022-6
19,degraded_noncollapsed,19320,0.9127747948536116,0.932712215320911,0.9226358097383647,eata,M-2022-6
20,,1495,0.8361904761904762,0.8809364548494983,0.8579804560260587,eata,M-2022-6
21,,2264,0.9365812683746325,0.984982332155477,0.9601722282023681,eata,M-2022-6
22,,721,0.7481108312342569,0.8238557558945908,0.7841584158415842,eata,M-2022-6
23,,13374,0.9551975281394836,0.9708389412292507,0.962954722438536,eata,M-2022-6
24,degraded_noncollapsed,7355,0.959746048899095,0.9660095173351462,0.9628675972353977,eata,M-2022-6
25,,55471,0.9202671822815961,0.9438084765012349,0.9318891786295956,eata,M-2022-6
26,final_collapsed;abrupt_collapsed,3110,0.6540880503144654,0.3009646302250804,0.41224399911913673,eata,M-2022-6
27,,8737,0.9420617856738712,0.9528442257067643,0.9474223284397405,eata,M-2022-6
28,degraded_noncollapsed,17369,0.8959366391184573,0.7489780643675514,0.8158926275518203,eata,M-2022-6
29,,28799,0.8640485566675097,0.8304455015799159,0.8469138425581643,eata,M-2022-6
30,,8050,0.9942578953938335,0.9894409937888199,0.9918435962891476,eata,M-2022-6
31,,9340,0.9839965397923875,0.974304068522484,0.9791263180546589,eata,M-2022-6
32,degraded_noncollapsed,2999,0.702355460385439,0.43747915971990664,0.5391411547154304,eata,M-2022-6
33,,159,0.5769230769230769,0.37735849056603776,0.45627376425855515,eata,M-2022-6
34,degraded_noncollapsed,761,0.9524421593830334,0.973718791064389,0.9629629629629629,eata,M-2022-6
35,,3117,0.9826839826839827,0.8739172281039461,0.9251146204788588,eata,M-2022-6
36,degraded_noncollapsed,673,0.8854700854700854,0.7696879643387816,0.8235294117647058,eata,M-2022-6
37,,912,0.9703196347031964,0.9320175438596491,0.9507829977628636,eata,M-2022-6
38,final_collapsed;abrupt_collapsed,91,0.6185567010309279,0.6593406593406593,0.6382978723404256,eata,M-2022-6
39,,8494,0.9569528415961306,0.931716505768778,0.9441660701503222,eata,M-2022-6
40,degraded_noncollapsed,1496,0.9521829521829522,0.9184491978609626,0.9350119088125213,eata,M-2022-6
41,,2296,0.8539571491036292,0.850609756097561,0.8522801658302422,eata,M-2022-6
42,degraded_noncollapsed,801,0.7131681877444589,0.682896379525593,0.6977040816326531,eata,M-2022-6
43,,1363,0.8477905073649754,0.76008804108584,0.8015473887814313,eata,M-2022-6
44,stable,3176,0.9970703125,0.9644206549118388,0.9804737516005122,eata,M-2022-6
45,absorber,2692,0.9259718775847808,0.8317236255572066,0.876320939334638,eata,M-2022-6
46,absorber,6856,0.639298245614035,0.7972578763127188,0.7095936648059198,eata,M-2022-6
47,final_collapsed;gradual_collapsed,3041,0.9917573359709858,0.9891483064781322,0.9904511030622325,eata,M-2022-6
48,final_collapsed;abrupt_collapsed,4200,0.9940631678936119,0.9966666666666667,0.9953632148377125,eata,M-2022-6
49,,31293,0.907133666007595,0.9236570479020867,0.9153207929571221,eata,M-2022-6
50,degraded_noncollapsed,1548,0.45638766519823787,0.33462532299741604,0.3861349235929929,eata,M-2022-6
51,,19779,0.9174919109716639,0.9462055715658021,0.931627548099659,eata,M-2022-6
52,,1768,0.8766881972988844,0.8444570135746606,0.8602708153269951,eata,M-2022-6
53,,8195,0.9326911352274113,0.9333740085417938,0.9330324469382776,eata,M-2022-6
54,degraded_noncollapsed,6852,0.7628322639780019,0.48584354932866314,0.5936162624821684,eata,M-2022-6
55,degraded_noncollapsed,8613,0.9828932261768083,0.9939626146522699,0.9883969289384056,eata,M-2022-6
56,final_collapsed;abrupt_collapsed,7619,0.05176470588235294,0.002887518046987794,0.005469915464942815,eata,M-2022-6
57,stable,3297,0.9909145972138098,0.9924173491052471,0.9916654038490681,eata,M-2022-6
58,,2249,0.9973345179920036,0.9982214317474433,0.9977777777777778,eata,M-2022-6
59,stable,9004,0.9777119016249451,0.9890048867170147,0.9833259717314488,eata,M-2022-6
60,,24221,0.8637877614252517,0.920812518062838,0.8913890609700046,eata,M-2022-6
61,,13653,0.5609247770453665,0.8476525305793599,0.6751057313694035,eata,M-2022-6
62,stable,11912,0.9275002071422653,0.9397246474143721,0.9335724114924315,eata,M-2022-6
63,,10717,0.7487903225806452,0.6931044135485677,0.7198720744294229,eata,M-2022-6
64,stable,2776,0.865474060822898,0.8713976945244957,0.8684257763417699,eata,M-2022-6
65,,3266,0.9257907542579076,0.9320269442743417,0.9288983826670736,eata,M-2022-6
66,final_collapsed;abrupt_collapsed,5429,0.9149700598802395,0.7036286608951925,0.7955018742190754,eata,M-2022-6
67,,2236,0.7464788732394366,0.37924865831842575,0.5029655990510083,eata,M-2022-6
68,,4534,0.6381706528765352,0.8709748566387296,0.7366163029285581,eata,M-2022-6
69,final_collapsed;abrupt_collapsed,821,0.727015558698727,0.6260657734470159,0.6727748691099477,eata,M-2022-6
70,degraded_noncollapsed,2230,0.7547872340425532,0.636322869955157,0.6905109489051094,eata,M-2022-6
71,absorber,139240,0.8982406260762518,0.8803648376903189,0.8892129020090023,eata,M-2022-6
72,,16647,0.845562240277864,0.8189463567009071,0.8320415013732072,eata,M-2022-6
73,,26806,0.9775912435750471,0.9862344251287025,0.9818938141841074,eata,M-2022-6
74,,5766,0.7529787234042553,0.6137703780783905,0.6762851137015097,eata,M-2022-6
75,degraded_noncollapsed,25572,0.6592199077310219,0.9219849835757861,0.7687692583595546,eata,M-2022-6
76,stable,9751,0.9263195182430038,0.8045328684237514,0.8611416026344676,eata,M-2022-6
77,,70171,0.8710004196755474,0.857719000726796,0.8643086909070021,eata,M-2022-6
78,,48968,0.9648879065361541,0.9360602842672766,0.9502555119048853,eata,M-2022-6
79,,21424,0.7928197456993269,0.7916355489171023,0.7922272047832586,eata,M-2022-6
80,degraded_noncollapsed,3042,0.6505040806529044,0.44543063773833,0.5287804878048781,eata,M-2022-6
81,,6838,0.9600744132799084,0.981134834747002,0.9704903804426442,eata,M-2022-6
82,,67896,0.8757049195360139,0.843937787203959,0.8595279346578764,eata,M-2022-6
83,,24048,0.9464123524069028,0.9532601463739189,0.9498239071887301,eata,M-2022-6
84,,1686,0.9568302779420461,0.9596678529062871,0.9582469647616227,eata,M-2022-6
85,,2336,0.9579301640723601,0.9747431506849316,0.9662635264162953,eata,M-2022-6
86,,22524,0.8296357022083312,0.7188776416267093,0.7702956637568088,eata,M-2022-6
87,,11076,0.9664496292277085,0.9648790176959191,0.9656636848287702,eata,M-2022-6
88,,337,0.45605700712589076,0.56973293768546,0.5065963060686016,eata,M-2022-6
89,,843,0.8821192052980132,0.7900355871886121,0.8335419274092616,eata,M-2022-6
90,,5608,0.9115345355563117,0.9554208273894437,0.9329618666202333,eata,M-2022-6
91,,4241,0.8842509025270758,0.9240745107286017,0.9037242015450248,eata,M-2022-6
92,,808,0.9338842975206612,0.8391089108910891,0.8839634941329857,eata,M-2022-6
93,,32986,0.8960637839390893,0.7563814951797733,0.8203189215847444,eata,M-2022-6
94,stable,183,0.03129074315514994,0.39344262295081966,0.057971014492753624,eata,M-2022-6
95,,56638,0.9912646836089537,0.9937674352907941,0.9925144817005969,eata,M-2022-6
96,absorber;degraded_noncollapsed,51492,0.8705497430588931,0.9146080944612756,0.8920352306089592,eata,M-2022-6
97,,41985,0.9394352715960756,0.9350720495415029,0.9372485825126827,eata,M-2022-6
98,stable,61001,0.9907142973709548,0.9951968000524581,0.9929504898673515,eata,M-2022-6
99,stable,23763,0.9457940693351776,0.920759163405294,0.9331087276371622,eata,M-2022-6
100,,15577,0.9032618277990009,0.9866469795210888,0.9431148748159057,eata,M-2022-6
101,degraded_noncollapsed,55443,0.8807310035267714,0.14863914290352254,0.25435185185185183,eata,M-2022-6
102,,70466,0.8362582880353623,0.9933726903755002,0.908069611016339,eata,M-2022-6
103,degraded_noncollapsed,2444,0.8984830805134189,0.9451718494271686,0.9212362911266201,eata,M-2022-6
104,final_collapsed;gradual_collapsed,1990,0.6272066458982347,0.3035175879396985,0.4090755164239756,eata,M-2022-6
105,absorber;degraded_noncollapsed,1700,0.5895598771750256,0.6776470588235294,0.6305418719211823,eata,M-2022-6
106,,2934,0.9617855935069327,0.9693251533742331,0.9655406552368019,eata,M-2022-6
107,stable,2722,0.9015126050420168,0.9853049228508449,0.9415481832543444,eata,M-2022-6
108,,11821,0.9535409342039176,0.9636240588782675,0.9585559809820339,eata,M-2022-6
109,final_collapsed;abrupt_collapsed,1903,0.9371398638030383,0.9400945874934314,0.9386149003147953,eata,M-2022-6
110,,7677,0.835298363811357,0.9043897355737919,0.868472074551254,eata,M-2022-6
111,degraded_noncollapsed,2787,0.6968381897086174,0.4033010405453893,0.5109090909090909,eata,M-2022-6
112,degraded_noncollapsed,3386,0.5539048383858662,0.8148257531010041,0.6594956376239991,eata,M-2022-6
113,stable,3285,0.992635777845965,0.984779299847793,0.9886919315403423,eata,M-2022-6
114,,2637,0.5946745562130178,0.9908987485779295,0.743279761058171,eata,M-2022-6
115,,17247,0.8481640146878825,0.8035600394271467,0.8252597731265073,eata,M-2022-6
116,,3557,0.8482048574445618,0.9032892887264549,0.8748808713410483,eata,M-2022-6
117,,74656,0.6442687335271015,0.8283861980282897,0.7248178989375729,eata,M-2022-6
118,degraded_noncollapsed,3545,0.8160976825317717,0.923836389280677,0.8666313839640116,eata,M-2022-6
119,stable,2051,0.8687238493723849,0.8098488542174549,0.8382538480948776,eata,M-2022-6
120,,2075,0.8626956082786471,0.8236144578313253,0.8427021696252466,eata,M-2022-6
121,final_collapsed;gradual_collapsed,1807,0.9381107491856677,0.6375207526286663,0.7591433278418451,eata,M-2022-6
122,,55611,0.8950678950678951,0.8700077322831814,0.8823599142844116,eata,M-2022-6
123,degraded_noncollapsed,2588,0.9305418719211823,0.7299072642967542,0.8181030749242096,eata,M-2022-6
124,,31855,0.9214633221709736,0.915649034688432,0.9185469775937268,eata,M-2022-6
125,,4050,0.7401341752170482,0.9261728395061728,0.8227681509102873,eata,M-2022-6
126,,1935,0.9230769230769231,0.8806201550387597,0.9013488495107115,eata,M-2022-6
127,,6177,0.9086175037796069,0.8756677999028655,0.8918384171475681,eata,M-2022-6
128,stable,3281,0.9428942245295263,0.8857055775678147,0.9134056262769134,eata,M-2022-6
129,degraded_noncollapsed,31159,0.9194637223974763,0.9354279662376841,0.9273771456752414,eata,M-2022-6
130,stable,6776,0.851302156258751,0.89728453364817,0.8736887483833884,eata,M-2022-6
131,stable,37618,0.8972763414573919,0.9659471529586899,0.9303462843243935,eata,M-2022-6
132,stable,16527,0.9517838586768271,0.8313063471894476,0.8874749693172276,eata,M-2022-6
133,,49248,0.842702550769447,0.9740497076023392,0.9036280751987341,eata,M-2022-6
134,,9015,0.9109053497942387,0.982140876317249,0.9451828129170002,eata,M-2022-6
135,,3059,0.725635252492763,0.7374959136972867,0.7315175097276264,eata,M-2022-6
136,,21531,0.8495620375882303,0.927964330500209,0.887034118404404,eata,M-2022-6
137,degraded_noncollapsed,1475,0.8283582089552238,0.6772881355932203,0.7452443118239462,eata,M-2022-6
138,degraded_noncollapsed,40153,0.892640911969601,0.8775683012477274,0.8850404380368715,eata,M-2022-6
139,degraded_noncollapsed,1145,0.2800808897876643,0.24192139737991267,0.25960637300843487,eata,M-2022-6
140,,66733,0.8695124327402989,0.8693300166334497,0.8694212151185445,eata,M-2022-6
141,,2210,0.6622170632617528,0.516289592760181,0.5802186625985253,eata,M-2022-6
142,,50300,0.8602121122848365,0.8127037773359841,0.8357833616159964,eata,M-2022-6
143,degraded_noncollapsed,4291,0.7076345431789737,0.6588207876951759,0.6823557808351436,eata,M-2022-6
144,stable,3621,0.9726103968697597,0.9610604805302403,0.9668009445756355,eata,M-2022-6
145,stable,1317,0.9938176197836167,0.976461655277145,0.9850631941784757,eata,M-2022-6
146,,6106,0.957964245450153,0.9741238126433017,0.9659764514819326,eata,M-2022-6
147,degraded_noncollapsed,13,0.09210526315789473,0.5384615384615384,0.15730337078651685,eata,M-2022-6
148,,6482,0.9277678134681233,0.8778154890465906,0.9021006738010305,eata,M-2022-6
149,,53747,0.8271954170224879,0.8650715388765885,0.8457096084761948,eata,M-2022-6
150,degraded_noncollapsed,2103,0.8967551622418879,0.7227769852591536,0.8004212743549236,eata,M-2022-6
151,,2108,0.7762923351158645,0.8263757115749526,0.8005514705882353,eata,M-2022-6
152,degraded_noncollapsed,800,0.9468479604449939,0.9575,0.9521441889372281,eata,M-2022-6
153,,69891,0.8372411019505329,0.8935914495428596,0.8644989826003904,eata,M-2022-6
154,,2048,0.721120984278879,0.51513671875,0.6009683850754771,eata,M-2022-6
155,,7616,0.6922213911742707,0.7291228991596639,0.7101931193247218,eata,M-2022-6
156,absorber,29900,0.8369208660064357,0.8959531772575251,0.8654315204574456,eata,M-2022-6
157,,1384,0.6930111038536904,0.7666184971098265,0.727958833619211,eata,M-2022-6
158,,14360,0.9400914966233389,0.9015320334261838,0.9204080907184246,eata,M-2022-6
159,,2481,0.6338298894762133,0.5316404675534059,0.578255151249452,eata,M-2022-6
160,,2171,0.7716262975778547,0.7190234914785812,0.7443967572722937,eata,M-2022-6
161,,2306,0.9911465250110668,0.9709453599306158,0.9809419496166484,eata,M-2022-6
162,,288,0.45430809399477806,0.6041666666666666,0.518628912071535,eata,M-2022-6
163,final_collapsed;gradual_collapsed,2085,0.3726235741444867,0.09400479616306955,0.15013404825737264,eata,M-2022-6
164,,2477,0.2850833452058698,0.8078320549051272,0.42144060657118787,eata,M-2022-6
165,,5569,0.7773734700628515,0.8439576225534208,0.8092983211364615,eata,M-2022-6
166,degraded_noncollapsed,2330,0.7806731813246471,0.9257510729613734,0.8470449636756332,eata,M-2022-6
167,degraded_noncollapsed,330,0.48314606741573035,0.6515151515151515,0.5548387096774193,eata,M-2022-6
168,,5028,0.8188524590163935,0.7947494033412887,0.806620912394025,eata,M-2022-6
169,,3068,0.9811837153609305,0.9348109517601043,0.957436154231347,eata,M-2022-6
170,,2611,0.7390060779406507,0.791650708540789,0.7644230769230769,eata,M-2022-6
171,,5620,0.740041928721174,0.6909252669039145,0.7146406551946259,eata,M-2022-6
172,,6732,0.8489634748272458,0.8942364824717766,0.8710120813137524,eata,M-2022-6
173,degraded_noncollapsed,3237,0.9918813978115072,0.8680877355576151,0.9258649093904449,eata,M-2022-6
174,final_collapsed;abrupt_collapsed,3149,0.9885263535317318,0.8755160368370911,0.9285954866958572,eata,M-2022-6
175,,44968,0.7244031007751938,0.7792874933285893,0.7508436626206572,eata,M-2022-6
176,degraded_noncollapsed,2820,0.6688331785824823,0.7663120567375886,0.7142621054371179,eata,M-2022-6
177,,1722,0.9501011463250169,0.8182346109175378,0.8792511700468019,eata,M-2022-6
0,,627,0.8765243902439024,0.9170653907496013,0.8963367108339828,eata,M-2022-7
1,,5041,0.9332782482958066,0.8962507439000198,0.9143897996357013,eata,M-2022-7
2,absorber,4913,0.6685883997204752,0.7789537960512924,0.7195637867819874,eata,M-2022-7
3,,814,0.5688793718772306,0.9791154791154791,0.7196388261851016,eata,M-2022-7
4,,1306,0.8735150244584207,0.9571209800918836,0.9134088417975886,eata,M-2022-7
5,absorber,949,0.4427277570591369,0.8756585879873551,0.5881104033970276,eata,M-2022-7
6,degraded_noncollapsed,1455,0.17582831325301204,0.3209621993127148,0.2271953296035028,eata,M-2022-7
7,,13,0.7142857142857143,0.38461538461538464,0.5,eata,M-2022-7
8,stable,1238,0.8773656320968963,0.9361873990306947,0.9058225869480265,eata,M-2022-7
9,degraded_noncollapsed,1255,0.8313090418353576,0.49083665338645416,0.6172344689378757,eata,M-2022-7
10,final_collapsed;gradual_collapsed,1346,0.8383620689655172,0.8670133729569094,0.8524470416362309,eata,M-2022-7
11,degraded_noncollapsed,1290,0.6810810810810811,0.6837209302325581,0.6823984526112186,eata,M-2022-7
12,degraded_noncollapsed,1813,0.812790097988654,0.8692774407060121,0.8400852878464818,eata,M-2022-7
13,absorber,1115,0.4516792323509253,0.5910313901345291,0.5120435120435121,eata,M-2022-7
14,absorber;degraded_noncollapsed,4897,0.3927282104177411,0.31100673881968555,0.34712250712250714,eata,M-2022-7
15,stable,538,0.842911877394636,0.8178438661710037,0.8301886792452831,eata,M-2022-7
16,,949,0.335149863760218,0.12961011591148577,0.18693009118541035,eata,M-2022-7
17,,9274,0.9529867926814491,0.848069872762562,0.897472471044674,eata,M-2022-7
18,,12401,0.8660102115244347,0.9574227884847996,0.9094251464899851,eata,M-2022-7
19,degraded_noncollapsed,9918,0.8989148499364552,0.927102238354507,0.9127909862510547,eata,M-2022-7
20,,1273,0.8870326173428799,0.8758837391987431,0.8814229249011858,eata,M-2022-7
21,,1255,0.9441896024464832,0.9840637450199203,0.963714397190792,eata,M-2022-7
22,,449,0.7803347280334728,0.8307349665924276,0.8047464940668824,eata,M-2022-7
23,,5629,0.9239112014912727,0.9685556937289039,0.9457068516912402,eata,M-2022-7
24,degraded_noncollapsed,4214,0.9662921348314607,0.9591836734693877,0.962724782660474,eata,M-2022-7
25,,35008,0.9053725403493257,0.9357861060329068,0.9203281267558152,eata,M-2022-7
26,final_collapsed;abrupt_collapsed,952,0.6330532212885154,0.7121848739495799,0.6702916460701928,eata,M-2022-7
27,,15113,0.9649873862854522,0.8352411830874082,0.8954387458324466,eata,M-2022-7
28,degraded_noncollapsed,10579,0.8212163767959382,0.7185934398336327,0.7664851784633999,eata,M-2022-7
29,,19817,0.8462099125364432,0.7030327496593833,0.7680052920261293,eata,M-2022-7
30,,5745,0.9968231556653724,0.9831157528285466,0.9899220050828148,eata,M-2022-7
31,,5940,0.9781988931745765,0.981986531986532,0.9800890531798706,eata,M-2022-7
32,degraded_noncollapsed,2014,0.608843537414966,0.4443892750744787,0.5137772675086107,eata,M-2022-7
33,,273,0.6851851851851852,0.5421245421245421,0.6053169734151329,eata,M-2022-7
34,degraded_noncollapsed,802,0.9043583535108959,0.9314214463840399,0.9176904176904177,eata,M-2022-7
35,,3174,0.9850696748506967,0.9354127284183995,0.9595992243051067,eata,M-2022-7
36,degraded_noncollapsed,1292,0.9475409836065574,0.8947368421052632,0.9203821656050956,eata,M-2022-7
37,,939,0.981859410430839,0.9222577209797657,0.9511257550796266,eata,M-2022-7
38,final_collapsed;abrupt_collapsed,102,0.8333333333333334,0.4411764705882353,0.5769230769230769,eata,M-2022-7
39,,5963,0.956349919166517,0.8928391749119571,0.9235039028620988,eata,M-2022-7
40,degraded_noncollapsed,1205,0.9750692520775623,0.8763485477178423,0.9230769230769231,eata,M-2022-7
41,,1992,0.7918088737201365,0.5823293172690763,0.6711021116575066,eata,M-2022-7
42,degraded_noncollapsed,630,0.3333333333333333,0.2761904761904762,0.3020833333333333,eata,M-2022-7
43,,1330,0.7568569310600445,0.7676691729323308,0.7622247107129526,eata,M-2022-7
44,stable,1904,0.9845094664371773,0.9012605042016807,0.9410474362489718,eata,M-2022-7
45,absorber,1928,0.889087656529517,0.7733402489626556,0.8271844660194175,eata,M-2022-7
46,absorber,4182,0.6373276776246023,0.7185557149689143,0.6755085984039564,eata,M-2022-7
47,final_collapsed;gradual_collapsed,384,0.9654255319148937,0.9453125,0.9552631578947368,eata,M-2022-7
48,final_collapsed;abrupt_collapsed,4498,0.9537444933920705,0.09626500666963095,0.17487883683360259,eata,M-2022-7
49,,13761,0.8392366923334449,0.9108349683889252,0.8735712294396432,eata,M-2022-7
50,degraded_noncollapsed,2568,0.0935412026726058,0.016355140186915886,0.027842227378190254,eata,M-2022-7
51,,15397,0.8476119145013539,0.9555108137948951,0.8983330280271112,eata,M-2022-7
52,,1010,0.822139303482587,0.6544554455445545,0.7287761852260198,eata,M-2022-7
53,,4517,0.8588308457711443,0.9172016825326544,0.8870570602719194,eata,M-2022-7
54,degraded_noncollapsed,3357,0.38290741516547966,0.27226690497467976,0.31824512534818944,eata,M-2022-7
55,degraded_noncollapsed,5627,0.981970943462279,0.9969788519637462,0.9894179894179894,eata,M-2022-7
56,final_collapsed;abrupt_collapsed,8114,0.005893909626719057,0.0003697313285679073,0.0006958135219761104,eata,M-2022-7
57,stable,2449,0.9967064635652532,0.9885667619436505,0.992619926199262,eata,M-2022-7
58,,1749,0.9994275901545506,0.9982847341337907,0.9988558352402745,eata,M-2022-7
59,stable,5381,0.9704763629777214,0.9957257015424642,0.9829389102916896,eata,M-2022-7
60,,21024,0.8796855000914244,0.9153348554033486,0.8971561771561771,eata,M-2022-7
61,,12195,0.6036016007114273,0.8905289052890529,0.7195150230231556,eata,M-2022-7
62,stable,8933,0.9141006583138671,0.9637299899249973,0.9382594953953463,eata,M-2022-7
63,,8561,0.8002888655462185,0.7119495386053031,0.753538975088088,eata,M-2022-7
64,stable,16,0.0035842293906810036,0.0625,0.006779661016949152,eata,M-2022-7
65,,2044,0.9030082987551867,0.851761252446184,0.8766364551863042,eata,M-2022-7
66,final_collapsed;abrupt_collapsed,2587,0.8976535197204194,0.6950135291843834,0.7834422657952069,eata,M-2022-7
67,,1175,0.3799043062200957,0.33787234042553194,0.35765765765765767,eata,M-2022-7
68,,3493,0.5599390127692014,0.8411107930146007,0.6723112128146453,eata,M-2022-7
69,final_collapsed;abrupt_collapsed,605,0.7142857142857143,0.9338842975206612,0.8094555873925502,eata,M-2022-7
70,degraded_noncollapsed,1078,0.7429245283018868,0.5844155844155844,0.6542056074766355,eata,M-2022-7
71,absorber,78156,0.8675001925496136,0.8646808946210144,0.866088249240667,eata,M-2022-7
72,,7931,0.7600689740115778,0.7780859916782247,0.7689719626168224,eata,M-2022-7
73,,15014,0.9741130091984231,0.9874783535366991,0.9807501488390553,eata,M-2022-7
74,,3474,0.7082613204286208,0.5898100172711571,0.643631223496152,eata,M-2022-7
75,degraded_noncollapsed,16084,0.6815420789654159,0.8650211390201442,0.7623979396131295,eata,M-2022-7
76,stable,5019,0.8990568442518481,0.7027296274158199,0.788861552225453,eata,M-2022-7
77,,35082,0.854086059327002,0.8305683826463713,0.8421630682967716,eata,M-2022-7
78,,31608,0.9661395168332202,0.9451404707668944,0.9555246365686322,eata,M-2022-7
79,,10765,0.7845697879040474,0.7869019972131909,0.7857341619515815,eata,M-2022-7
80,degraded_noncollapsed,2151,0.6060100166944908,0.33751743375174337,0.43356225739026577,eata,M-2022-7
81,,3251,0.9623100303951367,0.9738541987080899,0.9680476991285736,eata,M-2022-7
82,,38594,0.8300510388204362,0.8343524900243561,0.8321962061301493,eata,M-2022-7
83,,21074,0.9276933863052115,0.9418240485906805,0.9347053144646683,eata,M-2022-7
84,,1135,0.9676573426573427,0.9753303964757709,0.9714787187362879,eata,M-2022-7
85,,1437,0.9598092643051771,0.9805149617258176,0.9700516351118761,eata,M-2022-7
86,,16760,0.8174612563586893,0.8245823389021479,0.8210063565615161,eata,M-2022-7
87,,9083,0.9712174680194089,0.9696135638005065,0.9704148531761335,eata,M-2022-7
88,,239,0.282560706401766,0.5355648535564853,0.3699421965317919,eata,M-2022-7
89,,552,0.910828025477707,0.7771739130434783,0.8387096774193549,eata,M-2022-7
90,,3605,0.8504113687359761,0.9461858529819694,0.8957457983193278,eata,M-2022-7
91,,2609,0.8128752501667779,0.9340743579915677,0.8692705546638131,eata,M-2022-7
92,,804,0.94579945799458,0.8681592039800995,0.9053177691309987,eata,M-2022-7
93,,24700,0.8898523235333966,0.7977327935222672,0.8412783126614436,eata,M-2022-7
94,stable,123,0.02108108108108108,0.3170731707317073,0.039533705017739486,eata,M-2022-7
95,,53160,0.9929135643826297,0.9883935289691498,0.9906483908067648,eata,M-2022-7
96,absorber;degraded_noncollapsed,37892,0.8219727752945957,0.8541644674337591,0.8377594864627013,eata,M-2022-7
97,,30023,0.9253760576621749,0.7868300969256903,0.8504977408147468,eata,M-2022-7
98,stable,48679,0.995022931534459,0.9938782637276854,0.9944502682370352,eata,M-2022-7
99,stable,18048,0.9045480653751762,0.9598293439716312,0.9313691228258825,eata,M-2022-7
100,,10947,0.8952004610191817,0.9933315063487713,0.9417164631506019,eata,M-2022-7
101,degraded_noncollapsed,44889,0.9239414532148458,0.15749961014947983,0.26912316096001215,eata,M-2022-7
102,,41479,0.7886501545624547,0.9964078208249958,0.8804388347446344,eata,M-2022-7
103,degraded_noncollapsed,1231,0.649379932356257,0.9358245329000813,0.7667221297836938,eata,M-2022-7
104,final_collapsed;gradual_collapsed,1719,0.41679160419790107,0.16172193135543922,0.2330259849119866,eata,M-2022-7
105,absorber;degraded_noncollapsed,1105,0.3545586107091172,0.665158371040724,0.46255506607929514,eata,M-2022-7
106,,2288,0.9384359400998337,0.986013986013986,0.9616368286445013,eata,M-2022-7
107,stable,2160,0.912258064516129,0.9819444444444444,0.945819397993311,eata,M-2022-7
108,,7204,0.9411280362289007,0.9519711271515825,0.9465185287419777,eata,M-2022-7
109,final_collapsed;abrupt_collapsed,1236,0.9307875894988067,0.9466019417475728,0.9386281588447654,eata,M-2022-7
110,,6102,0.8962379702537183,0.8393969190429368,0.8668866886688669,eata,M-2022-7
111,degraded_noncollapsed,1330,0.6056338028169014,0.42030075187969923,0.49622725255215266,eata,M-2022-7
112,degraded_noncollapsed,1780,0.7135678391959799,0.7179775280898877,0.7157658919070289,eata,M-2022-7
113,stable,2014,0.9920199501246882,0.9875868917576961,0.9897984573276934,eata,M-2022-7
114,,1939,0.7561934722768384,0.9917483238782878,0.85809906291834,eata,M-2022-7
115,,13745,0.8575278164116829,0.7177155329210622,0.7814170858251812,eata,M-2022-7
116,,3519,0.9122149328334895,0.8297811878374538,0.8690476190476191,eata,M-2022-7
117,,45039,0.5545698179465853,0.7994404849130753,0.6548629109262037,eata,M-2022-7
118,degraded_noncollapsed,1354,0.617011052378664,0.948301329394387,0.7475982532751092,eata,M-2022-7
119,stable,1430,0.9194484760522497,0.8860139860139861,0.9024216524216524,eata,M-2022-7
120,,1510,0.8428390367553865,0.8807947019867549,0.8613989637305699,eata,M-2022-7
121,final_collapsed;gradual_collapsed,7,0.0,0.0,0.0,eata,M-2022-7
122,,41710,0.9025371520531067,0.860537041476864,0.8810368315762344,eata,M-2022-7
123,degraded_noncollapsed,1121,0.8444244604316546,0.8376449598572703,0.8410210479175997,eata,M-2022-7
124,,20257,0.9073051867323089,0.9006763094239029,0.9039785958479909,eata,M-2022-7
125,,2871,0.6653316645807259,0.9258098223615465,0.7742499271773958,eata,M-2022-7
126,,1107,0.9150197628458498,0.8364950316169828,0.8739971684756961,eata,M-2022-7
127,,2163,0.8438274665344571,0.7868700878409616,0.8143540669856459,eata,M-2022-7
128,stable,2154,0.7044989775051125,0.9596100278551533,0.8125,eata,M-2022-7
129,degraded_noncollapsed,19427,0.8865778987267956,0.9391053688165955,0.9120859892513435,eata,M-2022-7
130,stable,4594,0.8140371925614877,0.8861558554636483,0.8485669619593539,eata,M-2022-7
131,stable,26165,0.9171771358149987,0.9670934454423848,0.9414741228559735,eata,M-2022-7
132,stable,10712,0.9374614910659272,0.8522218073188947,0.8928117359413202,eata,M-2022-7
133,,36135,0.8430980967734174,0.9696969696969697,0.9019769357495881,eata,M-2022-7
134,,6337,0.9230543318649046,0.9919520277733943,0.9562637864151518,eata,M-2022-7
135,,1882,0.6317553414327608,0.8012752391073327,0.7064886390255329,eata,M-2022-7
136,,14759,0.8653101411224154,0.8932176976759943,0.879042475161699,eata,M-2022-7
137,degraded_noncollapsed,1585,0.6523605150214592,0.19179810725552052,0.29644076060458313,eata,M-2022-7
138,degraded_noncollapsed,28132,0.8557972937118599,0.6879354471775914,0.7627399203878138,eata,M-2022-7
139,degraded_noncollapsed,1011,0.38003220611916266,0.2334322453016815,0.28921568627450983,eata,M-2022-7
140,,13811,0.6877755013348233,0.8021142567518644,0.7405575238986564,eata,M-2022-7
141,,1364,0.7216796875,0.5417888563049853,0.61892797319933,eata,M-2022-7
142,,23002,0.8331416478814924,0.7873228414920441,0.8095844788663135,eata,M-2022-7
143,degraded_noncollapsed,2408,0.6547567800258287,0.6316445182724253,0.6429930247305009,eata,M-2022-7
144,stable,3002,0.9946485907955762,0.9287141905396402,0.960551248923342,eata,M-2022-7
145,stable,1697,0.995872641509434,0.9952857984678845,0.995579133510168,eata,M-2022-7
146,,4786,0.9859120718970124,0.848098620977852,0.9118274738852072,eata,M-2022-7
147,degraded_noncollapsed,55,0.18811881188118812,0.34545454545454546,0.24358974358974358,eata,M-2022-7
148,,4632,0.9154037548066049,0.8737046632124352,0.8940682646636474,eata,M-2022-7
149,,32883,0.7130701439345802,0.7849344646169754,0.7472785176606833,eata,M-2022-7
150,degraded_noncollapsed,1436,0.8602251407129456,0.6385793871866295,0.7330135891286971,eata,M-2022-7
151,,1469,0.7505966587112172,0.8563648740639891,0.8,eata,M-2022-7
152,degraded_noncollapsed,336,0.9106145251396648,0.9702380952380952,0.9394812680115274,eata,M-2022-7
153,,39925,0.7982456140350878,0.8592861615529117,0.827641942993619,eata,M-2022-7
154,,1219,0.6693830034924331,0.4716981132075472,0.5534167468719923,eata,M-2022-7
155,,5019,0.5945431472081218,0.7467623032476589,0.6620153669522212,eata,M-2022-7
156,absorber,19602,0.795774647887324,0.8820018365472911,0.8366724738675958,eata,M-2022-7
157,,937,0.571912013536379,0.7214514407684098,0.6380368098159509,eata,M-2022-7
158,,5930,0.9056603773584906,0.8741989881956155,0.8896516217607688,eata,M-2022-7
159,,1512,0.6834016393442623,0.44113756613756616,0.5361736334405145,eata,M-2022-7
160,,1230,0.4608593290170689,0.6365853658536585,0.5346534653465347,eata,M-2022-7
161,,1512,0.9912087912087912,0.8948412698412699,0.940563086548488,eata,M-2022-7
162,,241,0.5045045045045045,0.46473029045643155,0.4838012958963283,eata,M-2022-7
163,final_collapsed;gradual_collapsed,1276,0.12,0.02821316614420063,0.04568527918781726,eata,M-2022-7
164,,1702,0.226554483890827,0.6486486486486487,0.3358174904942966,eata,M-2022-7
165,,5683,0.7707367336424523,0.7897237374626078,0.780114722753346,eata,M-2022-7
166,degraded_noncollapsed,1530,0.6203492786636294,0.5339869281045752,0.5739374780470671,eata,M-2022-7
167,degraded_noncollapsed,23,0.019455252918287938,0.21739130434782608,0.03571428571428571,eata,M-2022-7
168,,2156,0.6853760977472317,0.8325602968460112,0.7518324607329843,eata,M-2022-7
169,,2090,0.8782571550619394,0.9837320574162679,0.9280072218460844,eata,M-2022-7
170,,1882,0.583404255319149,0.7284803400637619,0.6479206049149339,eata,M-2022-7
171,,6243,0.7184322728763529,0.7017459554701265,0.7099910866218296,eata,M-2022-7
172,,5217,0.8469042404937288,0.8154111558366878,0.830859375,eata,M-2022-7
173,degraded_noncollapsed,1718,0.9952956989247311,0.8620488940628638,0.9238927011852776,eata,M-2022-7
174,final_collapsed;abrupt_collapsed,1067,0.0,0.0,0.0,eata,M-2022-7
175,,32188,0.7300495240354675,0.7648191872747607,0.7470299959034427,eata,M-2022-7
176,degraded_noncollapsed,1623,0.5485122897800776,0.7837338262476895,0.6453576864535768,eata,M-2022-7
177,,1188,0.37458962573867366,0.9604377104377104,0.5389702409069438,eata,M-2022-7
0,,862,0.9102416570771001,0.9176334106728539,0.9139225880993646,eata,M-2022-8
1,,5146,0.8667293233082707,0.8960357559269335,0.881138926046245,eata,M-2022-8
2,absorber,5944,0.6238358556461001,0.7212314939434724,0.6690074906367042,eata,M-2022-8
3,,961,0.7017024426350851,0.9864724245577523,0.8200692041522492,eata,M-2022-8
4,,537,0.7732732732732732,0.9590316573556797,0.8561928512053201,eata,M-2022-8
5,absorber,2001,0.5754189944134078,0.6691654172913544,0.6187615526802218,eata,M-2022-8
6,degraded_noncollapsed,1603,0.17114192977279433,0.3618215845290081,0.23237179487179488,eata,M-2022-8
7,,14,0.5,0.07142857142857142,0.125,eata,M-2022-8
8,stable,2212,0.8928215353938186,0.8096745027124774,0.8492176386913229,eata,M-2022-8
9,degraded_noncollapsed,1272,0.7879310344827586,0.35927672955974843,0.49352051835853133,eata,M-2022-8
10,final_collapsed;gradual_collapsed,1331,0.8385650224215246,0.8429752066115702,0.8407643312101911,eata,M-2022-8
11,degraded_noncollapsed,1630,0.4090441932168551,0.2441717791411043,0.3058009988474837,eata,M-2022-8
12,degraded_noncollapsed,2224,0.8159070598748883,0.8210431654676259,0.8184670551322277,eata,M-2022-8
13,absorber,1200,0.43475846751804553,0.6525,0.5218260579806732,eata,M-2022-8
14,absorber;degraded_noncollapsed,6466,0.27644469686213263,0.301113516857408,0.28825227626027095,eata,M-2022-8
15,stable,491,0.8275109170305677,0.7718940936863544,0.7987355110642782,eata,M-2022-8
16,,677,0.26,0.1536189069423929,0.19312906220984216,eata,M-2022-8
17,,10142,0.9585921325051759,0.9586866495760205,0.9586393887108701,eata,M-2022-8
18,,15084,0.8344144561566084,0.9551180058339963,0.8906955177743431,eata,M-2022-8
19,degraded_noncollapsed,11453,0.8746191926884996,0.8021479088448441,0.8368174158582684,eata,M-2022-8
20,,1430,0.8294993234100135,0.8573426573426574,0.8431911966987621,eata,M-2022-8
21,,1311,0.9258181818181819,0.9710144927536232,0.9478778853313478,eata,M-2022-8
22,,752,0.776796973518285,0.8191489361702128,0.7974110032362459,eata,M-2022-8
23,,4529,0.8564739413680782,0.9289026275115919,0.8912191505137168,eata,M-2022-8
24,degraded_noncollapsed,4554,0.9586390927284857,0.9466403162055336,0.9526019224395095,eata,M-2022-8
25,,39522,0.9070206402902388,0.9362127422701281,0.9213855271676876,eata,M-2022-8
26,final_collapsed;abrupt_collapsed,1103,0.6866506794564349,0.7787851314596554,0.72982158028887,eata,M-2022-8
27,,1901,0.8592706728299949,0.8800631246712257,0.8695426195426196,eata,M-2022-8
28,degraded_noncollapsed,9168,0.7626497188951357,0.680628272251309,0.7193083573487031,eata,M-2022-8
29,,21945,0.842346471127406,0.7119161540214172,0.7716585992294774,eata,M-2022-8
30,,3306,0.9965419679346118,0.9588626739261948,0.9773392939725605,eata,M-2022-8
31,,4666,0.9724594363791631,0.9762108872696099,0.9743315508021391,eata,M-2022-8
32,degraded_noncollapsed,2218,0.4897750511247444,0.43192064923354373,0.4590321034978438,eata,M-2022-8
33,,286,0.8597285067873304,0.6643356643356644,0.7495069033530573,eata,M-2022-8
34,degraded_noncollapsed,758,0.8443670150987224,0.9591029023746702,0.8980852378011118,eata,M-2022-8
35,,1273,0.9512396694214876,0.9041633935585232,0.9271043093032622,eata,M-2022-8
36,degraded_noncollapsed,629,0.8589511754068716,0.7551669316375199,0.8037225042301185,eata,M-2022-8
37,,574,0.9649737302977233,0.9599303135888502,0.9624454148471616,eata,M-2022-8
38,final_collapsed;abrupt_collapsed,973,0.625,0.030832476875642344,0.058765915768854066,eata,M-2022-8
39,,5926,0.9535925461386848,0.8980762740465744,0.925002172590597,eata,M-2022-8
40,degraded_noncollapsed,1203,0.974910394265233,0.6783042394014963,0.8,eata,M-2022-8
41,,1928,0.7885714285714286,0.5726141078838174,0.6634615384615384,eata,M-2022-8
42,degraded_noncollapsed,713,0.40669856459330145,0.23842917251051893,0.3006189213085765,eata,M-2022-8
43,,2868,0.8634907926341073,0.752092050209205,0.8039508013417815,eata,M-2022-8
44,stable,1328,0.9757575757575757,0.848644578313253,0.9077728554168345,eata,M-2022-8
45,absorber,1779,0.5562579013906448,0.7419898819561551,0.6358381502890174,eata,M-2022-8
46,absorber,4667,0.543834752444024,0.7390186415256054,0.6265782541556908,eata,M-2022-8
47,final_collapsed;gradual_collapsed,10,0.07142857142857142,0.1,0.08333333333333333,eata,M-2022-8
48,final_collapsed;abrupt_collapsed,4626,0.0,0.0,0.0,eata,M-2022-8
49,,13190,0.8029045643153527,0.8802122820318423,0.8397830018083182,eata,M-2022-8
50,degraded_noncollapsed,9033,0.3977110157367668,0.030776043396435294,0.057131113851212494,eata,M-2022-8
51,,15789,0.9054460206780476,0.9540186205586167,0.9290979182729375,eata,M-2022-8
52,,1110,0.73475935828877,0.6189189189189189,0.671882640586797,eata,M-2022-8
53,,5275,0.8645150155333103,0.9495734597156398,0.9050501400307164,eata,M-2022-8
54,degraded_noncollapsed,3681,0.36260025327142253,0.23336049986416735,0.28396694214876034,eata,M-2022-8
55,degraded_noncollapsed,4870,0.9900875979714154,0.8819301848049281,0.9328844483058211,eata,M-2022-8
56,final_collapsed;abrupt_collapsed,10210,0.004347826086956522,0.0002938295788442703,0.0005504587155963303,eata,M-2022-8
57,stable,1913,0.9936742224565103,0.985363303711448,0.989501312335958,eata,M-2022-8
58,,1356,0.9977924944812362,1.0,0.9988950276243094,eata,M-2022-8
59,stable,4909,0.951760357907022,0.99674068038297,0.9737313432835821,eata,M-2022-8
60,,21862,0.8833245475311896,0.9197694629951514,0.901178685071483,eata,M-2022-8
61,,12446,0.5811879611444344,0.8797203920938454,0.6999520536998561,eata,M-2022-8
62,stable,8482,0.9227569147740049,0.9675784013204433,0.9446362799263351,eata,M-2022-8
63,,8412,0.783922309144861,0.6909177365668093,0.7344875521294073,eata,M-2022-8
64,stable,3965,0.9178416485900217,0.8537200504413619,0.8846204102966158,eata,M-2022-8
65,,2348,0.9209100758396533,0.7240204429301533,0.8106819265617549,eata,M-2022-8
66,final_collapsed;abrupt_collapsed,2980,0.8790630975143403,0.6171140939597315,0.7251577287066246,eata,M-2022-8
67,,1258,0.3237791932059448,0.2424483306836248,0.2772727272727273,eata,M-2022-8
68,,3673,0.5199154609006665,0.8706779199564388,0.6510586319218241,eata,M-2022-8
69,final_collapsed;abrupt_collapsed,517,0.6386666666666667,0.9264990328820116,0.7561168113654302,eata,M-2022-8
70,degraded_noncollapsed,1217,0.7150127226463104,0.4617912900575185,0.5611582626060909,eata,M-2022-8
71,absorber,73697,0.8157085371306244,0.8169260621192179,0.8163168456448638,eata,M-2022-8
72,,8133,0.6468063620297905,0.6300258207303578,0.6383058237309249,eata,M-2022-8
73,,12129,0.9611088463106401,0.9718855635254349,0.9664671640567353,eata,M-2022-8
74,,3591,0.7172535211267606,0.5672514619883041,0.6334940133727258,eata,M-2022-8
75,degraded_noncollapsed,16576,0.6401041089821685,0.6973334942084942,0.6674943696945198,eata,M-2022-8
76,stable,3558,0.8855353075170843,0.8740865654862282,0.8797736916548797,eata,M-2022-8
77,,38646,0.8802328730029786,0.8411478548879574,0.860246639144702,eata,M-2022-8
78,,29549,0.9561856588180815,0.9084232968966801,0.9316927562389365,eata,M-2022-8
79,,9419,0.7858987313349052,0.7431786813886825,0.7639419404125286,eata,M-2022-8
80,degraded_noncollapsed,1839,0.48984995586937335,0.30179445350734097,0.373485868102288,eata,M-2022-8
81,,2870,0.9545291800930898,0.9289198606271777,0.9415504149743952,eata,M-2022-8
82,,36090,0.7577743478150857,0.829814353006373,0.7921598709182527,eata,M-2022-8
83,,22940,0.9460884724340815,0.9462946817785527,0.9461915658711998,eata,M-2022-8
84,,2107,0.9719714964370546,0.9710488846701472,0.9715099715099715,eata,M-2022-8
85,,502,0.9038461538461539,0.9362549800796812,0.9197651663405088,eata,M-2022-8
86,,16937,0.8076970825574178,0.7682588415894196,0.7874844917844283,eata,M-2022-8
87,,7898,0.9341880341880342,0.9687262598126107,0.9511437095972153,eata,M-2022-8
88,,291,0.2874251497005988,0.4948453608247423,0.36363636363636365,eata,M-2022-8
89,,579,0.91701244813278,0.7633851468048359,0.8331762488218661,eata,M-2022-8
90,,4021,0.8582358235823583,0.948520268589903,0.9011222681630242,eata,M-2022-8
91,,3006,0.8159509202453987,0.9291417165668663,0.8688754083061129,eata,M-2022-8
92,,1004,0.9596069868995634,0.8754980079681275,0.915625,eata,M-2022-8
93,,26793,0.8505292042336339,0.8098010674429889,0.8296656023555055,eata,M-2022-8
94,stable,128,0.07755102040816327,0.4453125,0.1320973348783314,eata,M-2022-8
95,,43638,0.9766174954042057,0.9982813144507081,0.9873305833824396,eata,M-2022-8
96,absorber;degraded_noncollapsed,42812,0.807497511887648,0.8528216387928618,0.8295409363036341,eata,M-2022-8
97,,35301,0.8844402523905549,0.7703181212996799,0.823443911154178,eata,M-2022-8
98,stable,52264,0.9938063279002877,0.9916386040104087,0.9927212825866263,eata,M-2022-8
99,stable,18023,0.9004531877639304,0.9701492537313433,0.9340028311209636,eata,M-2022-8
100,,12122,0.8460646230323116,0.8424352417092889,0.8442460317460317,eata,M-2022-8
101,degraded_noncollapsed,47771,0.9666176246765765,0.3988403006007829,0.5646839157108562,eata,M-2022-8
102,,34377,0.8184650783759168,0.9933385693923262,0.8974625159331923,eata,M-2022-8
103,degraded_noncollapsed,1686,0.520497311827957,0.9187425860023725,0.6645216645216645,eata,M-2022-8
104,final_collapsed;gradual_collapsed,1405,0.30341113105924594,0.1202846975088968,0.17227319062181448,eata,M-2022-8
105,absorber;degraded_noncollapsed,2363,0.5845018450184502,0.6703343207786712,0.6244825547013602,eata,M-2022-8
106,,2346,0.9334685598377281,0.9808184143222506,0.956557888172937,eata,M-2022-8
107,stable,2385,0.9096899224806202,0.9840670859538784,0.9454179254783485,eata,M-2022-8
108,,6942,0.9221602051591492,0.8805819648516278,0.9008916071033822,eata,M-2022-8
109,final_collapsed;abrupt_collapsed,1309,0.9688498402555911,0.9266615737203973,0.9472862163217494,eata,M-2022-8
110,,5689,0.8413743991454513,0.8307259623835472,0.8360162745444897,eata,M-2022-8
111,degraded_noncollapsed,1028,0.543859649122807,0.48249027237354086,0.511340206185567,eata,M-2022-8
112,degraded_noncollapsed,2194,0.7779383429672447,0.736098450319052,0.7564402810304449,eata,M-2022-8
113,stable,1939,0.9917184265010351,0.9881382155750387,0.9899250839576337,eata,M-2022-8
114,,2359,0.974188176519567,0.9919457397202205,0.9829867674858223,eata,M-2022-8
115,,13747,0.8885305548664517,0.781625081836037,0.8316563467492261,eata,M-2022-8
116,,3304,0.9009771986970684,0.8371670702179177,0.8679008471917163,eata,M-2022-8
117,,52510,0.5969355892818241,0.7827461435916968,0.6773287191529683,eata,M-2022-8
118,degraded_noncollapsed,1152,0.2706803720019579,0.9600694444444444,0.42229858724704084,eata,M-2022-8
119,stable,2335,0.9364238410596026,0.9083511777301927,0.9221739130434783,eata,M-2022-8
120,,1976,0.6437861271676301,0.9018218623481782,0.7512647554806071,eata,M-2022-8
121,final_collapsed;gradual_collapsed,20,0.0,0.0,0.0,eata,M-2022-8
122,,45228,0.8946084815191911,0.8353674714778456,0.8639736568299013,eata,M-2022-8
123,degraded_noncollapsed,4318,0.9518198481277821,0.8418249189439555,0.8934496743271476,eata,M-2022-8
124,,22927,0.8918209268740974,0.8888646573908492,0.8903403381536983,eata,M-2022-8
125,,3584,0.7073222647935291,0.9271763392857143,0.802463173146583,eata,M-2022-8
126,,1562,0.9210342417889588,0.8437900128040973,0.880721683929168,eata,M-2022-8
127,,1951,0.8103975535168195,0.6791389031266017,0.7389849414389291,eata,M-2022-8
128,stable,1974,0.9443593670239918,0.9371833839918946,0.9407576913297737,eata,M-2022-8
129,degraded_noncollapsed,23034,0.8628849270664506,0.9245463228271251,0.8926520518086934,eata,M-2022-8
130,stable,4970,0.7456035513061294,0.8786720321931589,0.8066869862381084,eata,M-2022-8
131,stable,27511,0.90346834829008,0.947802697102977,0.925104661888881,eata,M-2022-8
132,stable,12301,0.9358951337762614,0.8474107796114138,0.8894577413712189,eata,M-2022-8
133,,44441,0.8454457650838705,0.965144798721901,0.9013386008783911,eata,M-2022-8
134,,7338,0.9321051275444473,0.9859634777868629,0.9582781456953643,eata,M-2022-8
135,,1863,0.5655226209048362,0.7783145464304885,0.6550711542805512,eata,M-2022-8
136,,17935,0.8666629889115683,0.8759408976860886,0.8712772447451611,eata,M-2022-8
137,degraded_noncollapsed,1268,0.5,0.20110410094637224,0.28683914510686165,eata,M-2022-8
138,degraded_noncollapsed,27037,0.8442690601464975,0.6053556237748271,0.7051246149537944,eata,M-2022-8
139,degraded_noncollapsed,1361,0.42396907216494845,0.2417340191036003,0.3079082826392138,eata,M-2022-8
140,,6533,0.49898297826785143,0.7134547681004133,0.5872495905253874,eata,M-2022-8
141,,1310,0.7220982142857143,0.49389312977099237,0.586582048957389,eata,M-2022-8
142,,20740,0.7311318519922301,0.744069431051109,0.737543909957703,eata,M-2022-8
143,degraded_noncollapsed,2610,0.6266958424507658,0.5486590038314176,0.5850868232890705,eata,M-2022-8
144,stable,2946,0.9942959001782531,0.9467073998642227,0.9699182750825943,eata,M-2022-8
145,stable,1596,0.993734335839599,0.993734335839599,0.993734335839599,eata,M-2022-8
146,,5430,0.9834786599357503,0.7893186003683241,0.8757662443808746,eata,M-2022-8
147,degraded_noncollapsed,19,0.042735042735042736,0.2631578947368421,0.07352941176470588,eata,M-2022-8
148,,5228,0.9028029844726759,0.8563504208110176,0.8789633847059979,eata,M-2022-8
149,,36383,0.6940561224489796,0.7477942995354974,0.719923792387177,eata,M-2022-8
150,degraded_noncollapsed,1240,0.8365508365508365,0.5241935483870968,0.6445215666831928,eata,M-2022-8
151,,1581,0.6913774973711883,0.8317520556609741,0.7550961814527706,eata,M-2022-8
152,degraded_noncollapsed,356,0.9408450704225352,0.9382022471910112,0.939521800281294,eata,M-2022-8
153,,41882,0.7828424921722558,0.8238145265269089,0.802806086835125,eata,M-2022-8
154,,1349,0.6802646085997794,0.4573758339510749,0.5469858156028369,eata,M-2022-8
155,,4958,0.5609391356363093,0.7565550625252118,0.6442249892657793,eata,M-2022-8
156,absorber,21541,0.7585660526836997,0.8890023675781069,0.8186209549865344,eata,M-2022-8
157,,1614,0.5994974874371859,0.7391573729863693,0.6620421753607103,eata,M-2022-8
158,,5881,0.8434463794683776,0.7823499404863119,0.8117501764290755,eata,M-2022-8
159,,1687,0.6575107296137339,0.45406046235921754,0.5371669004207573,eata,M-2022-8
160,,1280,0.4707102125453603,0.709375,0.5659083826737301,eata,M-2022-8
161,,1187,0.9851988899167438,0.8972198820556023,0.9391534391534392,eata,M-2022-8
162,,225,0.52,0.52,0.52,eata,M-2022-8
163,final_collapsed;gradual_collapsed,2303,0.056657223796033995,0.008684324793747287,0.015060240963855422,eata,M-2022-8
164,,1787,0.16796640671865626,0.6267487409065473,0.26493199290360736,eata,M-2022-8
165,,6246,0.590686905068176,0.7351905219340378,0.6550641940085592,eata,M-2022-8
166,degraded_noncollapsed,2008,0.7061170212765957,0.5288844621513944,0.6047835990888383,eata,M-2022-8
167,degraded_noncollapsed,28,0.018018018018018018,0.14285714285714285,0.032,eata,M-2022-8
168,,3413,0.7332812906583398,0.825666569000879,0.7767364939360529,eata,M-2022-8
169,,2076,0.8206477732793522,0.9763969171483622,0.891772987241531,eata,M-2022-8
170,,2430,0.628862590401052,0.7872427983539094,0.6991959064327485,eata,M-2022-8
171,,5885,0.7268510849759815,0.745624468988955,0.7361181009897668,eata,M-2022-8
172,,6233,0.8619402985074627,0.7041553024225894,0.7750993377483444,eata,M-2022-8
173,degraded_noncollapsed,2317,0.9933554817275747,0.6452309020284851,0.782312925170068,eata,M-2022-8
174,final_collapsed;abrupt_collapsed,1419,0.0,0.0,0.0,eata,M-2022-8
175,,38323,0.7377798762456201,0.7747044855569762,0.7557914566468102,eata,M-2022-8
176,degraded_noncollapsed,1662,0.45719237435008664,0.7936221419975933,0.5801627446668133,eata,M-2022-8
177,,1371,0.38894066480273376,0.913202042304887,0.5455337690631809,eata,M-2022-8
0,,1520,0.9164420485175202,0.8947368421052632,0.9054593874833555,eata,M-2022-9
1,,3720,0.8313282592683525,0.9102150537634408,0.8689849865263698,eata,M-2022-9
2,absorber,5358,0.5031179138321995,0.6625606569615529,0.5719349121959079,eata,M-2022-9
3,,1029,0.7961321514907332,0.9601554907677357,0.8704845814977974,eata,M-2022-9
4,,1001,0.8570167696381289,0.97002997002997,0.9100281162136832,eata,M-2022-9
5,absorber,2682,0.5618254702436016,0.6793437733035048,0.6150210970464135,eata,M-2022-9
6,degraded_noncollapsed,1625,0.24152022885165508,0.3636923076923077,0.29027504911591356,eata,M-2022-9
7,,17,0.25,0.058823529411764705,0.09523809523809523,eata,M-2022-9
8,stable,1739,0.8473154362416108,0.8711903392754456,0.8590870428125886,eata,M-2022-9
9,degraded_noncollapsed,1470,0.5411334552102377,0.20136054421768707,0.2935052057511155,eata,M-2022-9
10,final_collapsed;gradual_collapsed,930,0.7507055503292568,0.8580645161290322,0.8008028098344204,eata,M-2022-9
11,degraded_noncollapsed,1941,0.31721470019342357,0.1689850592478104,0.22050420168067228,eata,M-2022-9
12,degraded_noncollapsed,3307,0.8535202863961814,0.8651345630480798,0.85928818140862,eata,M-2022-9
13,absorber,1491,0.30751708428246016,0.5432595573440644,0.3927272727272727,eata,M-2022-9
14,absorber;degraded_noncollapsed,7474,0.31894934333958724,0.2956917313352957,0.3068805110046518,eata,M-2022-9
15,stable,529,0.8059701492537313,0.7145557655954632,0.7575150300601202,eata,M-2022-9
16,,1595,0.29429429429429427,0.12288401253918495,0.17337461300309598,eata,M-2022-9
17,,10138,0.9242424242424242,0.9266127441309923,0.9254260663973992,eata,M-2022-9
18,,26366,0.8663274427559651,0.9557005234013503,0.9088220442905576,eata,M-2022-9
19,degraded_noncollapsed,19469,0.8087406015037594,0.6187785710616878,0.7011203259129929,eata,M-2022-9
20,,1992,0.6642363775901765,0.8689759036144579,0.7529360591561548,eata,M-2022-9
21,,2626,0.8973509933774835,0.9287890327494288,0.9127994011976048,eata,M-2022-9
22,,853,0.7202944269190326,0.8030480656506448,0.7594235033259423,eata,M-2022-9
23,,8006,0.8509915014164305,0.9380464651511367,0.892400926861149,eata,M-2022-9
24,degraded_noncollapsed,9634,0.9590015812062345,0.8813576915092382,0.9185417568152315,eata,M-2022-9
25,,43246,0.8896196231781017,0.9258659760440272,0.9073809685679969,eata,M-2022-9
26,final_collapsed;abrupt_collapsed,1325,0.5292779988629903,0.7026415094339623,0.6037613488975356,eata,M-2022-9
27,,5401,0.9640579710144928,0.9237178300314757,0.9434568835098336,eata,M-2022-9
28,degraded_noncollapsed,10545,0.7594450637928899,0.5814129919393077,0.6586099473627672,eata,M-2022-9
29,,28520,0.816487816216635,0.7389901823281907,0.77580844054258,eata,M-2022-9
30,,958,0.9127725856697819,0.3058455114822547,0.4581704456606724,eata,M-2022-9
31,,3609,0.957068635493574,0.9697977279024661,0.9633911368015414,eata,M-2022-9
32,degraded_noncollapsed,1740,0.5707070707070707,0.5195402298850574,0.5439229843561973,eata,M-2022-9
33,,452,0.7626262626262627,0.334070796460177,0.4646153846153846,eata,M-2022-9
34,degraded_noncollapsed,415,0.7312614259597806,0.963855421686747,0.8316008316008316,eata,M-2022-9
35,,2218,0.9460500963391136,0.8854824165915239,0.9147647880763856,eata,M-2022-9
36,degraded_noncollapsed,325,0.5852272727272727,0.3169230769230769,0.4111776447105788,eata,M-2022-9
37,,378,0.9226666666666666,0.9153439153439153,0.9189907038512616,eata,M-2022-9
38,final_collapsed;abrupt_collapsed,94,0.31666666666666665,0.20212765957446807,0.24675324675324675,eata,M-2022-9
39,,5608,0.9381710477600889,0.9037089871611983,0.9206176203451408,eata,M-2022-9
40,degraded_noncollapsed,725,0.8592375366568915,0.40413793103448276,0.549718574108818,eata,M-2022-9
41,,2456,0.6993950674732433,0.6119706840390879,0.6527687296416939,eata,M-2022-9
42,degraded_noncollapsed,1420,0.486646884272997,0.23098591549295774,0.3132760267430755,eata,M-2022-9
43,,4351,0.8863576158940397,0.7690186164100207,0.8235294117647058,eata,M-2022-9
44,stable,1225,0.9704761904761905,0.8318367346938775,0.8958241758241758,eata,M-2022-9
45,absorber,1547,0.7962825278810409,0.6923076923076923,0.7406639004149378,eata,M-2022-9
46,absorber,10981,0.6989216799091941,0.6728895364720882,0.6856586090103466,eata,M-2022-9
47,final_collapsed;gradual_collapsed,9,0.0,0.0,0.0,eata,M-2022-9
48,final_collapsed;abrupt_collapsed,3003,0.0,0.0,0.0,eata,M-2022-9
49,,29267,0.8226991165419897,0.8304575118734411,0.8265601088250297,eata,M-2022-9
50,degraded_noncollapsed,7398,0.25925925925925924,0.026493646931603138,0.04807456463085602,eata,M-2022-9
51,,15775,0.8446294094332144,0.9456101426307448,0.8922718028472305,eata,M-2022-9
52,,1722,0.6799509503372164,0.6440185830429733,0.6614971667163734,eata,M-2022-9
53,,7117,0.8907517577068685,0.9256709287621189,0.9078756976503825,eata,M-2022-9
54,degraded_noncollapsed,4884,0.7133878064110623,0.23239148239148238,0.35057915057915057,eata,M-2022-9
55,degraded_noncollapsed,4695,0.9874529485570891,0.6705005324813631,0.7986807053152353,eata,M-2022-9
56,final_collapsed;abrupt_collapsed,10537,0.023076923076923078,0.0005694220366328176,0.0011114198388441233,eata,M-2022-9
57,stable,1758,0.9936745255894192,0.9829351535836177,0.9882756648555905,eata,M-2022-9
58,,1789,0.9983212087297146,0.9972051425377306,0.9977628635346756,eata,M-2022-9
59,stable,5340,0.9553876596510164,0.9945692883895131,0.974584824295807,eata,M-2022-9
60,,40442,0.89683287073751,0.8948370505909697,0.8958338490481966,eata,M-2022-9
61,,17276,0.5416520087244072,0.8912363973141931,0.6737998337053083,eata,M-2022-9
62,stable,17050,0.9280150110877352,0.9572434017595308,0.9424026330224904,eata,M-2022-9
63,,10110,0.7638054868715413,0.6416419386745796,0.6974143955276031,eata,M-2022-9
64,stable,3493,0.875481766973021,0.8454050959060979,0.8601806000582581,eata,M-2022-9
65,,2712,0.8966292134831461,0.7356194690265486,0.8081831071500911,eata,M-2022-9
66,final_collapsed;abrupt_collapsed,3483,0.8690176322418136,0.49526270456503013,0.6309436722750549,eata,M-2022-9
67,,2757,0.33229813664596275,0.23286180631120784,0.27383237364043506,eata,M-2022-9
68,,4418,0.37373737373737376,0.8626075147125396,0.5215189873417722,eata,M-2022-9
69,final_collapsed;abrupt_collapsed,323,0.047021943573667714,0.04643962848297214,0.04672897196261682,eata,M-2022-9
70,degraded_noncollapsed,1678,0.7511682242990654,0.3831942789034565,0.5074980268350434,eata,M-2022-9
71,absorber,75189,0.7429341158925264,0.8215563446780779,0.780269681371775,eata,M-2022-9
72,,10841,0.49449598993552446,0.5801125357439351,0.533893628761832,eata,M-2022-9
73,,15275,0.9127862595419848,0.9393780687397709,0.9258912727859332,eata,M-2022-9
74,,3563,0.6561526479750779,0.47291608195341006,0.5496656336649812,eata,M-2022-9
75,degraded_noncollapsed,14009,0.5062856185048609,0.43122278535227354,0.46574920010793724,eata,M-2022-9
76,stable,4617,0.8980400792776921,0.8832575265323803,0.8905874645119022,eata,M-2022-9
77,,36366,0.8834677683782544,0.7409118407303525,0.8059344340751375,eata,M-2022-9
78,,25845,0.9080483823714058,0.8394660475914103,0.8724114359242431,eata,M-2022-9
79,,11394,0.8456509695290859,0.669826224328594,0.74753905676086,eata,M-2022-9
80,degraded_noncollapsed,1593,0.5343980343980343,0.2730696798493409,0.3614457831325301,eata,M-2022-9
81,,3832,0.9210791729702471,0.9532881002087683,0.9369068992049243,eata,M-2022-9
82,,36697,0.6878052104390487,0.8251900700329727,0.7502601456815817,eata,M-2022-9
83,,24627,0.9311370216761875,0.9663377593697974,0.9484108797449438,eata,M-2022-9
84,,2869,0.9651446497037295,0.9651446497037295,0.9651446497037295,eata,M-2022-9
85,,872,0.8992718446601942,0.8497706422018348,0.8738207547169812,eata,M-2022-9
86,,39714,0.8860422460209455,0.7541421161303319,0.8147886174438218,eata,M-2022-9
87,,6519,0.8589462129527992,0.9602699800582911,0.9067864126892157,eata,M-2022-9
88,,241,0.20917431192660552,0.4730290456431535,0.2900763358778626,eata,M-2022-9
89,,675,0.8939929328621908,0.7496296296296296,0.8154713940370669,eata,M-2022-9
90,,4709,0.8396506874767744,0.9596517307283925,0.8956495887424437,eata,M-2022-9
91,,3602,0.8951742627345844,0.9269850083287062,0.9108019639934534,eata,M-2022-9
92,,1310,0.9776824034334763,0.8694656488549618,0.9204040404040404,eata,M-2022-9
93,,30365,0.8051737572074178,0.850782150502223,0.8273498799039232,eata,M-2022-9
94,stable,386,0.6802721088435374,0.5181347150259067,0.5882352941176471,eata,M-2022-9
95,,29536,0.9677844824743628,0.9937026002166848,0.9805723067671183,eata,M-2022-9
96,absorber;degraded_noncollapsed,52984,0.7545294806716126,0.7294088781518949,0.7417565544508848,eata,M-2022-9
97,,43419,0.8664967059595629,0.7906216172643313,0.826822101257286,eata,M-2022-9
98,stable,58568,0.9921569297541137,0.9913946182215544,0.9917756275033948,eata,M-2022-9
99,stable,22477,0.8998201363617351,0.957067224273702,0.9275612280096585,eata,M-2022-9
100,,27459,0.9058048780487805,0.6762445828325868,0.7743697741821138,eata,M-2022-9
101,degraded_noncollapsed,51530,0.9692307692307692,0.5428294197554823,0.6959074511755193,eata,M-2022-9
102,,40247,0.869378595084539,0.9914030859442939,0.9263898401495189,eata,M-2022-9
103,degraded_noncollapsed,1956,0.5031362007168458,0.5741308793456033,0.5362941738299905,eata,M-2022-9
104,final_collapsed;gradual_collapsed,2027,0.13365155131264916,0.027627035027133696,0.04578904333605887,eata,M-2022-9
105,absorber;degraded_noncollapsed,5045,0.6663118680149015,0.49633300297324084,0.5688969669430876,eata,M-2022-9
106,,2618,0.9170258620689655,0.9751718869365928,0.9452054794520548,eata,M-2022-9
107,stable,2968,0.918444165621079,0.9865229110512129,0.9512670565302144,eata,M-2022-9
108,,6913,0.8695898964098198,0.8864458267033126,0.8779369627507163,eata,M-2022-9
109,final_collapsed;abrupt_collapsed,1610,0.9729381443298969,0.937888198757764,0.9550917141049968,eata,M-2022-9
110,,3967,0.7043459174714662,0.808923619863877,0.7530212366537604,eata,M-2022-9
111,degraded_noncollapsed,1839,0.4633583381419504,0.43665035345296355,0.4496080627099664,eata,M-2022-9
112,degraded_noncollapsed,1178,0.6446392447741065,0.8115449915110357,0.7185268695978956,eata,M-2022-9
113,stable,2241,0.9847328244274809,0.9785809906291834,0.9816472694717995,eata,M-2022-9
114,,1601,0.972341733251383,0.9881324172392255,0.9801734820322181,eata,M-2022-9
115,,17781,0.8938349418948198,0.765648726168382,0.8247909850963286,eata,M-2022-9
116,,3648,0.8734558601988551,0.7946820175438597,0.8322089852160184,eata,M-2022-9
117,,70006,0.6005058280184737,0.7800759934862727,0.6786127023970773,eata,M-2022-9
118,degraded_noncollapsed,2321,0.4850068150840527,0.9198621283929341,0.6351331250929645,eata,M-2022-9
119,stable,3117,0.930937279774489,0.847609881296118,0.8873215785054576,eata,M-2022-9
120,,2480,0.712036389083275,0.8205645161290323,0.762457849381791,eata,M-2022-9
121,final_collapsed;gradual_collapsed,165,0.022727272727272728,0.012121212121212121,0.015810276679841896,eata,M-2022-9
122,,56147,0.8723692645846689,0.8482554722425063,0.860143396362717,eata,M-2022-9
123,degraded_noncollapsed,9087,0.8979357798165137,0.25850115549686364,0.40143552935144833,eata,M-2022-9
124,,22061,0.8732483787583329,0.8728525452155388,0.873050417120058,eata,M-2022-9
125,,4063,0.6555073720728535,0.9301009106571498,0.769027269027269,eata,M-2022-9
126,,1866,0.9036993540810335,0.8247588424437299,0.8624264499859905,eata,M-2022-9
127,,5140,0.8593964334705075,0.7313229571984435,0.7902039100273281,eata,M-2022-9
128,stable,4300,0.9367996414164051,0.9720930232558139,0.9541200639123488,eata,M-2022-9
129,degraded_noncollapsed,26014,0.8176816348848336,0.9197739678634581,0.8657283450322021,eata,M-2022-9
130,stable,4858,0.6549968173138129,0.8472622478386167,0.7388260635433495,eata,M-2022-9
131,stable,26109,0.8926568170986545,0.9325902945344517,0.9121867156183269,eata,M-2022-9
132,stable,16414,0.9408378002779432,0.8661508468380651,0.9019508326724821,eata,M-2022-9
133,,48332,0.7608748798018156,0.9659231978813209,0.8512248265550785,eata,M-2022-9
134,,8132,0.928835917611664,0.9870880472208559,0.9570764278049362,eata,M-2022-9
135,,3040,0.4732116999710397,0.5375,0.5033112582781457,eata,M-2022-9
136,,19209,0.8326353092783505,0.8072778385131969,0.8197605265244627,eata,M-2022-9
137,degraded_noncollapsed,698,0.6962616822429907,0.8538681948424068,0.767052767052767,eata,M-2022-9
138,degraded_noncollapsed,22985,0.7823272090988627,0.5835544920600392,0.6684774482930476,eata,M-2022-9
139,degraded_noncollapsed,1588,0.35344827586206895,0.33564231738035266,0.34431524547803616,eata,M-2022-9
140,,43801,0.8584174965275325,0.8324695783201297,0.8452444423839217,eata,M-2022-9
141,,1280,0.6404230317273796,0.42578125,0.5114969497888315,eata,M-2022-9
142,,27851,0.684897682027223,0.796739793903271,0.736597510373444,eata,M-2022-9
143,degraded_noncollapsed,3431,0.5689775910364145,0.47362285048090935,0.5169397168760935,eata,M-2022-9
144,stable,2630,0.9938008523827974,0.9752851711026616,0.9844559585492227,eata,M-2022-9
145,stable,1613,0.9975155279503105,0.9956602603843769,0.9965870307167235,eata,M-2022-9
146,,5594,0.9773886056306805,0.788165892027172,0.872637308263236,eata,M-2022-9
147,degraded_noncollapsed,2227,0.7365491651205937,0.17826672653794343,0.28705712219812,eata,M-2022-9
148,,5655,0.8910780669144981,0.8477453580901857,0.8688717716357046,eata,M-2022-9
149,,51310,0.7010913578342525,0.7086337945819529,0.7048423991005311,eata,M-2022-9
150,degraded_noncollapsed,1340,0.8711048158640227,0.458955223880597,0.6011730205278593,eata,M-2022-9
151,,2080,0.7657266811279827,0.8485576923076923,0.8050171037628279,eata,M-2022-9
152,degraded_noncollapsed,491,0.9498997995991983,0.9653767820773931,0.9575757575757575,eata,M-2022-9
153,,70434,0.8362847172151242,0.8233665559246954,0.8297753612820146,eata,M-2022-9
154,,2322,0.7859756097560976,0.5551248923341947,0.6506814740030288,eata,M-2022-9
155,,7193,0.6824548907882241,0.7992492701237314,0.7362489594672472,eata,M-2022-9
156,absorber,24938,0.7305605188273443,0.8853556820915871,0.8005438723712835,eata,M-2022-9
157,,2878,0.3965072435006946,0.6942321056289089,0.5047366426676771,eata,M-2022-9
158,,9684,0.806009542178459,0.8199091284593143,0.8128999232147428,eata,M-2022-9
159,,2037,0.5104761904761905,0.3946980854197349,0.44518272425249167,eata,M-2022-9
160,,1444,0.41986273718207506,0.7202216066481995,0.5304769191532772,eata,M-2022-9
161,,874,0.9929775280898876,0.8089244851258581,0.8915510718789408,eata,M-2022-9
162,,192,0.391304347826087,0.46875,0.4265402843601896,eata,M-2022-9
163,final_collapsed;gradual_collapsed,2053,0.08333333333333333,0.02143205065757428,0.03409531189461449,eata,M-2022-9
164,,1875,0.14011976047904193,0.624,0.22885085574572128,eata,M-2022-9
165,,6351,0.5754440961337514,0.8671075421193513,0.6917907166635262,eata,M-2022-9
166,degraded_noncollapsed,4856,0.8115306810519218,0.49567545304777594,0.6154436205574022,eata,M-2022-9
167,degraded_noncollapsed,47,0.05976095617529881,0.3191489361702128,0.10067114093959731,eata,M-2022-9
168,,6371,0.8060067422617223,0.825616072830011,0.8156935721485616,eata,M-2022-9
169,,2069,0.8119902120717781,0.9623006283228613,0.8807785888077859,eata,M-2022-9
170,,2824,0.546048891415577,0.6802407932011332,0.6058025859350362,eata,M-2022-9
171,,7826,0.8012829261635048,0.7501916687963199,0.7748960601861018,eata,M-2022-9
172,,9097,0.8553632310516653,0.717049576783555,0.7801231836392992,eata,M-2022-9
173,degraded_noncollapsed,3337,0.9918793503480279,0.5124363200479473,0.6757557794902194,eata,M-2022-9
174,final_collapsed;abrupt_collapsed,1445,0.0,0.0,0.0,eata,M-2022-9
175,,38778,0.6115786902356155,0.7101965031719016,0.6572086530086267,eata,M-2022-9
176,degraded_noncollapsed,2678,0.5162421126431409,0.8248693054518297,0.6350438407359494,eata,M-2022-9
177,,1300,0.43732135565536956,0.8238461538461539,0.5713523606295012,eata,M-2022-9
0,,1642,0.9246487867177522,0.881851400730816,0.9027431421446384,eata,M-2022-10
1,,4956,0.8565675934803452,0.9013317191283293,0.8783797070101268,eata,M-2022-10
2,absorber,5086,0.40225650472023944,0.6869838773102634,0.5074063316874818,eata,M-2022-10
3,,1139,0.816160118606375,0.9666374012291484,0.885048231511254,eata,M-2022-10
4,,972,0.8296557811120918,0.9670781893004116,0.8931116389548693,eata,M-2022-10
5,absorber,2902,0.5332609285908227,0.6767746381805652,0.5965072133637054,eata,M-2022-10
6,degraded_noncollapsed,2429,0.33285968028419183,0.3857554549197201,0.35736079328756676,eata,M-2022-10
7,,39,0.25,0.02564102564102564,0.046511627906976744,eata,M-2022-10
8,stable,1940,0.9031413612565445,0.8891752577319587,0.8961038961038961,eata,M-2022-10
9,degraded_noncollapsed,1291,0.5067178502879078,0.20449264136328427,0.2913907284768212,eata,M-2022-10
10,final_collapsed;gradual_collapsed,1434,0.713216957605985,0.398884239888424,0.5116279069767442,eata,M-2022-10
11,degraded_noncollapsed,2001,0.3020017406440383,0.17341329335332334,0.22031746031746033,eata,M-2022-10
12,degraded_noncollapsed,2580,0.7187784867821331,0.6112403100775193,0.6606619187264349,eata,M-2022-10
13,absorber,1607,0.3005131494547787,0.5830740510267579,0.39661375661375664,eata,M-2022-10
14,absorber;degraded_noncollapsed,10007,0.4173924877517692,0.3064854601778755,0.35344281186977816,eata,M-2022-10
15,stable,951,0.8455089820359282,0.7423764458464774,0.7905935050391937,eata,M-2022-10
16,,2405,0.3710280373831776,0.16507276507276508,0.22848920863309352,eata,M-2022-10
17,,11892,0.9210526315789473,0.9064917591658258,0.9137141888455671,eata,M-2022-10
18,,43004,0.8918063154267005,0.9627709050320901,0.9259308956725931,eata,M-2022-10
19,degraded_noncollapsed,29160,0.8097816593886463,0.6359396433470508,0.7124087591240876,eata,M-2022-10
20,,2388,0.5922471582628971,0.8509212730318257,0.6984017872486682,eata,M-2022-10
21,,3959,0.9100445843168109,0.8764839605961101,0.8929490478641277,eata,M-2022-10
22,,1178,0.7086438152011922,0.8073005093378608,0.7547619047619047,eata,M-2022-10
23,,8236,0.8795941375422773,0.9473045167557067,0.9121945516193148,eata,M-2022-10
24,degraded_noncollapsed,12024,0.9549661291861463,0.832418496340652,0.8894912241724061,eata,M-2022-10
25,,46993,0.8952117186316724,0.8804290000638393,0.8877588241604978,eata,M-2022-10
26,final_collapsed;abrupt_collapsed,1400,0.4765432098765432,0.6892857142857143,0.5635036496350365,eata,M-2022-10
27,,10235,0.9748666393106278,0.9284807034684904,0.9511084421758494,eata,M-2022-10
28,degraded_noncollapsed,11735,0.6989638002960571,0.4426075841499787,0.5420014609203798,eata,M-2022-10
29,,34921,0.8159065086836552,0.719738839093955,0.7648114901256733,eata,M-2022-10
30,,991,0.9107142857142857,0.3087790110998991,0.4611906556141673,eata,M-2022-10
31,,1938,0.925,0.7636738906088751,0.8366308648954212,eata,M-2022-10
32,degraded_noncollapsed,1783,0.38457736035590706,0.43634324172742567,0.40882816605359956,eata,M-2022-10
33,,124,0.5,0.45161290322580644,0.4745762711864407,eata,M-2022-10
34,degraded_noncollapsed,1682,0.7712609970674487,0.4690844233055886,0.5833641404805915,eata,M-2022-10
35,,2194,0.967911877394636,0.9211485870556062,0.9439514245679589,eata,M-2022-10
36,degraded_noncollapsed,2648,0.9768307819611088,0.8916163141993958,0.9322803553800593,eata,M-2022-10
37,,1115,0.966796875,0.8878923766816144,0.9256661991584852,eata,M-2022-10
38,final_collapsed;abrupt_collapsed,92,0.4098360655737705,0.2717391304347826,0.32679738562091504,eata,M-2022-10
39,,4329,0.8866208120701131,0.9230769230769231,0.9044816659121775,eata,M-2022-10
40,degraded_noncollapsed,981,0.9488,0.6044852191641182,0.7384806973848069,eata,M-2022-10
41,,2408,0.6695612431444241,0.6083887043189369,0.6375108790252393,eata,M-2022-10
42,degraded_noncollapsed,2235,0.6396807297605474,0.25100671140939596,0.36053984575835474,eata,M-2022-10
43,,2062,0.7382847038019452,0.8098933074684772,0.7724329324699353,eata,M-2022-10
44,stable,1081,0.9847619047619047,0.9565217391304348,0.9704364148287189,eata,M-2022-10
45,absorber,1536,0.7736535662299855,0.6920572916666666,0.7305841924398625,eata,M-2022-10
46,absorber,11714,0.6789340101522843,0.6394058391668089,0.6585773322782028,eata,M-2022-10
47,final_collapsed;gradual_collapsed,34,0.0,0.0,0.0,eata,M-2022-10
48,final_collapsed;abrupt_collapsed,2986,0.0,0.0,0.0,eata,M-2022-10
49,,42912,0.8619203838809185,0.8204231916480239,0.8406599966570357,eata,M-2022-10
50,degraded_noncollapsed,3110,0.4375,0.11254019292604502,0.17902813299232737,eata,M-2022-10
51,,16876,0.8228809152366094,0.9376629533064708,0.8765302165845011,eata,M-2022-10
52,,2218,0.6209813874788495,0.6618575293056808,0.6407682234831951,eata,M-2022-10
53,,11906,0.9239083441418072,0.8974466655467831,0.9104852797068723,eata,M-2022-10
54,degraded_noncollapsed,6595,0.7418200408997955,0.22001516300227444,0.33937551163606594,eata,M-2022-10
55,degraded_noncollapsed,5643,0.9837901562039493,0.5915293283714337,0.7388224878264719,eata,M-2022-10
56,final_collapsed;abrupt_collapsed,10706,0.12987012987012986,0.0009340556697179152,0.001854771399425021,eata,M-2022-10
57,stable,2065,0.9912536443148688,0.9878934624697336,0.9895707009459132,eata,M-2022-10
58,,2316,0.996122361051271,0.998272884283247,0.997196463230537,eata,M-2022-10
59,stable,8856,0.9806816920173199,0.9974028906955736,0.9889716173095224,eata,M-2022-10
60,,59907,0.9053447712699204,0.8790792394878729,0.8920186998204547,eata,M-2022-10
61,,22920,0.5405723245785966,0.9024869109947644,0.6761461142436872,eata,M-2022-10
62,stable,24087,0.9380979406518567,0.9607257026611865,0.9492769972310532,eata,M-2022-10
63,,12148,0.6599816161109718,0.6501481725386895,0.6550279908770474,eata,M-2022-10
64,stable,4110,0.8764129615674454,0.8489051094890511,0.8624397478680015,eata,M-2022-10
65,,3253,0.9042145593869731,0.9431294189978482,0.9232621125489016,eata,M-2022-10
66,final_collapsed;abrupt_collapsed,4226,0.8150877192982456,0.5496923805016564,0.6565856416054268,eata,M-2022-10
67,,4304,0.32876125160737246,0.17820631970260223,0.23112852192255537,eata,M-2022-10
68,,3689,0.3782861044725162,0.9010571970723773,0.5328630971465214,eata,M-2022-10
69,final_collapsed;abrupt_collapsed,1232,0.04950495049504951,0.012175324675324676,0.019543973941368076,eata,M-2022-10
70,degraded_noncollapsed,1735,0.7641304347826087,0.4051873198847262,0.5295668549905838,eata,M-2022-10
71,absorber,63797,0.6861127251597908,0.8328918287693778,0.7524107560074199,eata,M-2022-10
72,,10327,0.4475574145687002,0.5491430231432168,0.49317331941907994,eata,M-2022-10
73,,13787,0.8625814332247557,0.9219554652933923,0.891280720821793,eata,M-2022-10
74,,3353,0.5768224299065421,0.4601849090366836,0.5119442601194426,eata,M-2022-10
75,degraded_noncollapsed,11581,0.46738351254480287,0.3940937742854676,0.4276210999718917,eata,M-2022-10
76,stable,4405,0.8896821741133119,0.8769580022701475,0.8832742654624443,eata,M-2022-10
77,,27623,0.8060893098782138,0.6469608659450458,0.7178117406061093,eata,M-2022-10
78,,16173,0.8026620370370371,0.771841958820256,0.7869503546099291,eata,M-2022-10
79,,12335,0.8634871794871795,0.6825293879205513,0.7624179307222096,eata,M-2022-10
80,degraded_noncollapsed,1260,0.5405844155844156,0.2642857142857143,0.35501066098081024,eata,M-2022-10
81,,3661,0.9012217312191317,0.9470090139306201,0.9235482152370804,eata,M-2022-10
82,,35248,0.7076704684517108,0.820301861098502,0.7598349670196831,eata,M-2022-10
83,,32633,0.9358693669038497,0.9431250574571752,0.9394832033455944,eata,M-2022-10
84,,1777,0.9440133037694013,0.9583567810917276,0.9511309690030718,eata,M-2022-10
85,,1115,0.8632958801498127,0.8269058295964126,0.8447091158955565,eata,M-2022-10
86,,52904,0.8952396373056994,0.8360804476032058,0.8646493079990617,eata,M-2022-10
87,,7329,0.9019129541661317,0.9585209441942967,0.9293557348855669,eata,M-2022-10
88,,229,0.18629173989455183,0.462882096069869,0.2656641604010025,eata,M-2022-10
89,,613,0.8040201005025126,0.7830342577487766,0.7933884297520661,eata,M-2022-10
90,,6090,0.8572932330827068,0.9361247947454844,0.8949764521193092,eata,M-2022-10
91,,3610,0.9203637365665472,0.925207756232687,0.922779389418428,eata,M-2022-10
92,,1810,0.9513677811550152,0.8646408839779005,0.9059334298118669,eata,M-2022-10
93,,34838,0.8328562778664612,0.8686204718985017,0.8503625021075704,eata,M-2022-10
94,stable,350,0.6026058631921825,0.5285714285714286,0.563165905631659,eata,M-2022-10
95,,4023,0.8516829533116178,0.974894357444693,0.9091330551692165,eata,M-2022-10
96,absorber;degraded_noncollapsed,61021,0.7600407474825069,0.7458415955162977,0.7528742287141652,eata,M-2022-10
97,,45643,0.8349210796675073,0.783427907893872,0.8083552802613285,eata,M-2022-10
98,stable,59567,0.9973317120951126,0.9914214246142998,0.9943677860937356,eata,M-2022-10
99,stable,27230,0.9324319359224015,0.9319867792875505,0.9322093044612192,eata,M-2022-10
100,,27178,0.8966419537723507,0.6808448009419383,0.7739830597092963,eata,M-2022-10
101,degraded_noncollapsed,55343,0.9764690502647232,0.5398695408633432,0.695314227202383,eata,M-2022-10
102,,56050,0.8638993593621542,0.9936306868867083,0.924234755262743,eata,M-2022-10
103,degraded_noncollapsed,2918,0.5650040883074408,0.4736120630568883,0.5152870991797166,eata,M-2022-10
104,final_collapsed;gradual_collapsed,2391,0.057777777777777775,0.010874111250522794,0.018303414290742698,eata,M-2022-10
105,absorber;degraded_noncollapsed,4902,0.4779187817258883,0.38412892696858425,0.42592173716353765,eata,M-2022-10
106,,2736,0.926950354609929,0.9554093567251462,0.9409647228221742,eata,M-2022-10
107,stable,3189,0.926166568222091,0.9833803700219504,0.9539163498098859,eata,M-2022-10
108,,5587,0.8216134598792062,0.6817612314301056,0.7451824317714957,eata,M-2022-10
109,final_collapsed;abrupt_collapsed,1824,0.9603960396039604,0.9040570175438597,0.9313753177068624,eata,M-2022-10
110,,8030,0.7910430030886196,0.8292652552926526,0.8097033073929961,eata,M-2022-10
111,degraded_noncollapsed,2242,0.47780925401322,0.4513826940231936,0.46422018348623856,eata,M-2022-10
112,degraded_noncollapsed,1706,0.7360406091370558,0.764947245017585,0.7502155791894223,eata,M-2022-10
113,stable,4746,0.9890480202190396,0.989464812473662,0.9892563724457553,eata,M-2022-10
114,,820,0.9558472553699284,0.9768292682926829,0.9662243667068757,eata,M-2022-10
115,,21104,0.8955469454912159,0.7995166793025019,0.8448116159719614,eata,M-2022-10
116,,4100,0.9079800498753117,0.8880487804878049,0.8979038224414303,eata,M-2022-10
117,,83533,0.6096538821328344,0.7801946536099506,0.6844612015774577,eata,M-2022-10
118,degraded_noncollapsed,2917,0.8113920371984888,0.957147754542338,0.8782636049072036,eata,M-2022-10
119,stable,2621,0.9138293400588483,0.8294544067149943,0.8696,eata,M-2022-10
120,,2381,0.8218947368421052,0.8198236035279295,0.8208578637510513,eata,M-2022-10
121,final_collapsed;gradual_collapsed,205,0.018518518518518517,0.00975609756097561,0.012779552715654952,eata,M-2022-10
122,,57235,0.872070814662455,0.8296671617017559,0.8503406842336172,eata,M-2022-10
123,degraded_noncollapsed,8886,0.9034815580834195,0.29495836146747695,0.44472724187664375,eata,M-2022-10
124,,24809,0.8717114291315429,0.8961667136926116,0.8837699248718051,eata,M-2022-10
125,,3524,0.5437489339928364,0.9046538024971623,0.6792372429956323,eata,M-2022-10
126,,807,0.7571251548946716,0.7571251548946716,0.7571251548946716,eata,M-2022-10
127,,8546,0.885827348673604,0.7072314533114907,0.7865183160908322,eata,M-2022-10
128,stable,4543,0.9059139784946236,0.964340744001761,0.9342147350463802,eata,M-2022-10
129,degraded_noncollapsed,31048,0.8514304387867265,0.9230868332903891,0.885811865428302,eata,M-2022-10
130,stable,6353,0.7450261780104712,0.8959546670864159,0.8135496319588366,eata,M-2022-10
131,stable,26225,0.9052192221032025,0.9344899904671116,0.9196217494089834,eata,M-2022-10
132,stable,18623,0.9327553755774824,0.8781614133061268,0.9046354685252793,eata,M-2022-10
133,,46808,0.7568601252609604,0.9681464706887711,0.8495636605644761,eata,M-2022-10
134,,8353,0.920973657885962,0.991978929725847,0.9551585014409222,eata,M-2022-10
135,,2978,0.4328499369482976,0.46104768300873067,0.44650406504065043,eata,M-2022-10
136,,17861,0.8200517092789429,0.7991153910755276,0.8094481937276697,eata,M-2022-10
137,degraded_noncollapsed,600,0.49292929292929294,0.4066666666666667,0.445662100456621,eata,M-2022-10
138,degraded_noncollapsed,17872,0.6873174801835628,0.5530998209489705,0.6129472313511503,eata,M-2022-10
139,degraded_noncollapsed,1906,0.19116080937167199,0.18835257082896117,0.1897463002114165,eata,M-2022-10
140,,39024,0.7986201908365093,0.735649856498565,0.7658427925464513,eata,M-2022-10
141,,1846,0.6676999380037197,0.5834236186348862,0.6227233304423244,eata,M-2022-10
142,,27783,0.6552707426258662,0.7692113882590073,0.7076841564978393,eata,M-2022-10
143,degraded_noncollapsed,4318,0.5535328602283246,0.41547012505789715,0.47466596110596637,eata,M-2022-10
144,stable,2456,0.9888198757763975,0.9723127035830619,0.9804968179018682,eata,M-2022-10
145,stable,1504,0.9953271028037384,0.9913563829787234,0.9933377748167888,eata,M-2022-10
146,,5568,0.9769406392694064,0.7684985632183908,0.8602734217933253,eata,M-2022-10
147,degraded_noncollapsed,801,0.4230769230769231,0.1647940074906367,0.2371967654986523,eata,M-2022-10
148,,5342,0.8312533912099838,0.8603519281168102,0.8455523870849048,eata,M-2022-10
149,,56482,0.673939330213974,0.6808717821606883,0.6773878198071249,eata,M-2022-10
150,degraded_noncollapsed,1195,0.8722002635046113,0.5539748953974896,0.6775844421699079,eata,M-2022-10
151,,2077,0.7245914707054604,0.8753009147809341,0.7928477976450066,eata,M-2022-10
152,degraded_noncollapsed,618,0.9413629160063391,0.9611650485436893,0.9511609287429944,eata,M-2022-10
153,,90325,0.8541652135500221,0.8134735676722945,0.8333229371636602,eata,M-2022-10
154,,3149,0.6955032119914347,0.5157192759606224,0.5922684172137126,eata,M-2022-10
155,,9885,0.6478484386900228,0.6884167931208902,0.6675167982735789,eata,M-2022-10
156,absorber,24907,0.7591755683374418,0.8902718111374313,0.8195139979672919,eata,M-2022-10
157,,1745,0.3921508974749011,0.7386819484240688,0.5123211446740858,eata,M-2022-10
158,,11346,0.7317901722231,0.8164110699806099,0.7717880353274454,eata,M-2022-10
159,,2457,0.4867864693446089,0.37484737484737485,0.4235456426764774,eata,M-2022-10
160,,2407,0.5002526528549772,0.8226007478188616,0.622152395915161,eata,M-2022-10
161,,929,0.9898605830164765,0.8406889128094726,0.9091967403958091,eata,M-2022-10
162,,255,0.5038461538461538,0.5137254901960784,0.5087378640776699,eata,M-2022-10
163,final_collapsed;gradual_collapsed,2116,0.12132822477650064,0.04489603024574669,0.06553984132459469,eata,M-2022-10
164,,2237,0.15363881401617252,0.6115333035315155,0.2455793914370344,eata,M-2022-10
165,,6592,0.6189799014031095,0.9904429611650486,0.7618436406067678,eata,M-2022-10
166,degraded_noncollapsed,3035,0.6810865191146881,0.44612850082372324,0.539120047780211,eata,M-2022-10
167,degraded_noncollapsed,125,0.10612244897959183,0.208,0.14054054054054055,eata,M-2022-10
168,,4172,0.6895431472081218,0.8139980824544583,0.7466197647576124,eata,M-2022-10
169,,2044,0.8016771488469602,0.9354207436399217,0.863400316098442,eata,M-2022-10
170,,3079,0.6311642836299971,0.7025008119519325,0.6649246849062403,eata,M-2022-10
171,,7488,0.6594729939191606,0.7386485042735043,0.6968188976377953,eata,M-2022-10
172,,8866,0.8165407758289591,0.7193773967967516,0.7648857708220903,eata,M-2022-10
173,degraded_noncollapsed,1393,0.9705882352941176,0.5922469490308686,0.7356219349086045,eata,M-2022-10
174,final_collapsed;abrupt_collapsed,2702,0.0,0.0,0.0,eata,M-2022-10
175,,36003,0.5882114209320092,0.6843596366969419,0.6326533232337497,eata,M-2022-10
176,degraded_noncollapsed,3404,0.5276032315978456,0.6906580493537016,0.5982188295165395,eata,M-2022-10
177,,1613,0.4778660612939841,0.7830130192188469,0.5935150375939849,eata,M-2022-10
0,,1567,0.9065359477124183,0.8851308232291002,0.8957055214723927,eata,M-2022-11
1,,7396,0.8932959401709402,0.90440778799351,0.8988175221714593,eata,M-2022-11
2,absorber,7710,0.46453604806408544,0.7220492866407263,0.5653498527470295,eata,M-2022-11
3,,1321,0.7646699266503667,0.9470098410295231,0.8461278322624282,eata,M-2022-11
4,,1300,0.6084367245657568,0.943076923076923,0.7396681749622926,eata,M-2022-11
5,absorber,2225,0.462891874600128,0.6503370786516854,0.540833489067464,eata,M-2022-11
6,degraded_noncollapsed,2352,0.46554288547347544,0.399234693877551,0.42984664682993823,eata,M-2022-11
7,,52,0.16666666666666666,0.057692307692307696,0.08571428571428572,eata,M-2022-11
8,stable,2069,0.8906666666666667,0.8071532141130981,0.8468559837728195,eata,M-2022-11
9,degraded_noncollapsed,1414,0.5276381909547738,0.22277227722772278,0.31327697662854304,eata,M-2022-11
10,final_collapsed;gradual_collapsed,2038,0.4580498866213152,0.09911678115799803,0.16296893908834206,eata,M-2022-11
11,degraded_noncollapsed,3055,0.35419532324621733,0.1685761047463175,0.22843202483921046,eata,M-2022-11
12,degraded_noncollapsed,2343,0.4157088122605364,0.18523260776781902,0.25627398878063185,eata,M-2022-11
13,absorber,2295,0.34904416611733685,0.46143790849673205,0.3974479264402327,eata,M-2022-11
14,absorber;degraded_noncollapsed,12202,0.3860147811256396,0.2782330765448287,0.32337953040910605,eata,M-2022-11
15,stable,848,0.7938650306748466,0.7629716981132075,0.778111846061335,eata,M-2022-11
16,,2260,0.2760416666666667,0.1407079646017699,0.18640093786635403,eata,M-2022-11
17,,13481,0.7860253618547457,0.9103924041243231,0.8436501117030417,eata,M-2022-11
18,,45913,0.8894746521179427,0.9480974887286825,0.9178509678235567,eata,M-2022-11
19,degraded_noncollapsed,38480,0.8143085143293317,0.6099272349272349,0.6974532703337196,eata,M-2022-11
20,,2049,0.49580302182428654,0.864812103465105,0.6302685399253067,eata,M-2022-11
21,,4103,0.8910577683988393,0.8233000243724105,0.8558398783886496,eata,M-2022-11
22,,1125,0.6618150684931506,0.6871111111111111,0.6742259049280419,eata,M-2022-11
23,,8443,0.8393820759707967,0.9395949307118323,0.8866659215379457,eata,M-2022-11
24,degraded_noncollapsed,3411,0.7637885127424876,0.5886836704778657,0.6649006622516557,eata,M-2022-11
25,,49655,0.8674981599729467,0.8782599939583123,0.8728459059704181,eata,M-2022-11
26,final_collapsed;abrupt_collapsed,1647,0.4831514000949217,0.6180935033394049,0.5423548215237081,eata,M-2022-11
27,,13927,0.9478160588150497,0.4721045451281683,0.6302722392638037,eata,M-2022-11
28,degraded_noncollapsed,11258,0.6760379208891795,0.3673831941730325,0.47605893186003684,eata,M-2022-11
29,,44227,0.8435209047464158,0.7622719153458295,0.8008409150295746,eata,M-2022-11
30,,544,0.8760330578512396,0.5845588235294118,0.701212789415656,eata,M-2022-11
31,,1379,0.8715775749674055,0.9695431472081218,0.9179539993134226,eata,M-2022-11
32,degraded_noncollapsed,1503,0.3000601322910403,0.3320026613439787,0.31522425773847124,eata,M-2022-11
33,,210,0.6347305389221557,0.5047619047619047,0.5623342175066313,eata,M-2022-11
34,degraded_noncollapsed,2035,0.840418118466899,0.5926289926289926,0.6951008645533141,eata,M-2022-11
35,,1657,0.9368556701030928,0.8774894387447194,0.9062013088189467,eata,M-2022-11
36,degraded_noncollapsed,1121,0.9511158342189161,0.7983942908117752,0.8680892337536372,eata,M-2022-11
37,,1388,0.9641985353946297,0.8537463976945245,0.9056171188383645,eata,M-2022-11
38,final_collapsed;abrupt_collapsed,90,0.4074074074074074,0.24444444444444444,0.3055555555555556,eata,M-2022-11
39,,4557,0.8334958081497368,0.9381171823568137,0.8827173239727442,eata,M-2022-11
40,degraded_noncollapsed,1040,0.9192100538599641,0.49230769230769234,0.641202254226675,eata,M-2022-11
41,,2746,0.6667990468625894,0.6114348142753095,0.6379179331306991,eata,M-2022-11
42,degraded_noncollapsed,2364,0.6537656903765691,0.2643824027072758,0.37650602409638556,eata,M-2022-11
43,,2936,0.7833494053359048,0.8300408719346049,0.8060195138085001,eata,M-2022-11
44,stable,1284,0.9778481012658228,0.9626168224299065,0.9701726844583988,eata,M-2022-11
45,absorber,1723,0.8034013605442177,0.685432385374347,0.7397431882242406,eata,M-2022-11
46,absorber,12142,0.6986037111886827,0.6263383297644539,0.660500260552371,eata,M-2022-11
47,final_collapsed;gradual_collapsed,83,0.0,0.0,0.0,eata,M-2022-11
48,final_collapsed;abrupt_collapsed,2978,0.08928571428571429,0.0016789791806581598,0.0032959789057350032,eata,M-2022-11
49,,48158,0.8610023320279844,0.8126583329872503,0.8361321198136991,eata,M-2022-11
50,degraded_noncollapsed,1438,0.16924564796905223,0.12169680111265646,0.14158576051779936,eata,M-2022-11
51,,16638,0.7864162145562493,0.9234884000480827,0.8494582043343654,eata,M-2022-11
52,,2464,0.7590132827324478,0.6493506493506493,0.6999125109361329,eata,M-2022-11
53,,8909,0.8572465521413017,0.7953754630149287,0.8251528384279476,eata,M-2022-11
54,degraded_noncollapsed,8068,0.7570647219690064,0.20587506197322755,0.32371857337750926,eata,M-2022-11
55,degraded_noncollapsed,5499,0.948936170212766,0.5271867612293144,0.6778115501519757,eata,M-2022-11
56,final_collapsed;abrupt_collapsed,15132,0.023728813559322035,0.00046259582342056567,0.0009074998379464575,eata,M-2022-11
57,stable,2855,0.9636737491432488,0.984938704028021,0.974190195738784,eata,M-2022-11
58,,204,0.970873786407767,0.9803921568627451,0.975609756097561,eata,M-2022-11
59,stable,9194,0.9828160240575663,0.9953230367631064,0.9890299918940827,eata,M-2022-11
60,,58993,0.8999425357410278,0.8760530910447002,0.8878371413846418,eata,M-2022-11
61,,24608,0.5256064040121522,0.8858501300390117,0.6597560606519173,eata,M-2022-11
62,stable,25853,0.9255985679122847,0.9600046416276641,0.9424877057740141,eata,M-2022-11
63,,14361,0.62912,0.547594178678365,0.5855329287815048,eata,M-2022-11
64,stable,2134,0.7540983606557377,0.8191190253045924,0.7852650494159928,eata,M-2022-11
65,,3979,0.7545291658371491,0.9525006282985675,0.8420351033103755,eata,M-2022-11
66,final_collapsed;abrupt_collapsed,3279,0.01870748299319728,0.003354681305275999,0.005689164727178691,eata,M-2022-11
67,,2508,0.2047930283224401,0.14992025518341306,0.1731123388581952,eata,M-2022-11
68,,3760,0.42510376053326626,0.898936170212766,0.5772350781316711,eata,M-2022-11
69,final_collapsed;abrupt_collapsed,2284,0.03217821782178218,0.005691768826619965,0.009672619047619048,eata,M-2022-11
70,degraded_noncollapsed,1791,0.6049079754601226,0.2752652149637074,0.37835763622409824,eata,M-2022-11
71,absorber,64126,0.6246063332756532,0.8443377101331753,0.718037808913143,eata,M-2022-11
72,,9807,0.4258188824662813,0.5859080248801877,0.4931977168361873,eata,M-2022-11
73,,14224,0.8415905288894608,0.9195725534308211,0.878855069542431,eata,M-2022-11
74,,3465,0.5428978284086864,0.4401154401154401,0.4861332483264265,eata,M-2022-11
75,degraded_noncollapsed,11835,0.4571604684610643,0.3760033798056612,0.4126292364040985,eata,M-2022-11
76,stable,4370,0.8857142857142857,0.8725400457665904,0.8790778097982709,eata,M-2022-11
77,,29408,0.7927751330159619,0.673864254624592,0.7284992188217995,eata,M-2022-11
78,,16972,0.771019569944431,0.7521211407023333,0.7614531138153185,eata,M-2022-11
79,,12791,0.7856811217383229,0.6614807286373231,0.718251273344652,eata,M-2022-11
80,degraded_noncollapsed,1702,0.5483383685800605,0.21327849588719153,0.30710659898477155,eata,M-2022-11
81,,3461,0.9325014180374361,0.9500144466917076,0.9411764705882353,eata,M-2022-11
82,,46016,0.7961045797508335,0.788769123783032,0.792419875993363,eata,M-2022-11
83,,32724,0.9181563474211751,0.7110072118322943,0.8014122104538017,eata,M-2022-11
84,,704,0.7880633373934226,0.9190340909090909,0.8485245901639344,eata,M-2022-11
85,,1258,0.8575581395348837,0.7034976152623211,0.7729257641921398,eata,M-2022-11
86,,51038,0.8586139659584839,0.8282652141541597,0.8431665868836764,eata,M-2022-11
87,,6282,0.8680807787302048,0.9511302133078637,0.9077098366881884,eata,M-2022-11
88,,465,0.4188722669735328,0.7827956989247312,0.545727136431784,eata,M-2022-11
89,,591,0.6666666666666666,0.7952622673434856,0.7253086419753086,eata,M-2022-11
90,,5937,0.8109573405621344,0.9573858851271686,0.8781090684381276,eata,M-2022-11
91,,3441,0.8074581430745814,0.9250217959895379,0.8622511174319383,eata,M-2022-11
92,,1467,0.6230425055928411,0.7593728698023177,0.6844854070660522,eata,M-2022-11
93,,32818,0.7920120787397088,0.8471570479614845,0.8186569691258963,eata,M-2022-11
94,stable,575,0.3194263363754889,0.4260869565217391,0.3651266766020864,eata,M-2022-11
95,,4315,0.858945654386322,0.9779837775202781,0.9146077156480278,eata,M-2022-11
96,absorber;degraded_noncollapsed,63439,0.7558869560524564,0.6623528113620959,0.7060355546594078,eata,M-2022-11
97,,44830,0.8415391385126876,0.7678786526879322,0.8030232341140244,eata,M-2022-11
98,stable,62033,0.9959145445443829,0.9942127577257266,0.9950629235237173,eata,M-2022-11
99,stable,29328,0.9342366386094574,0.930987452264048,0.9326092154250777,eata,M-2022-11
100,,25788,0.788493056154576,0.7089343880874825,0.7466002368603749,eata,M-2022-11
101,degraded_noncollapsed,60583,0.9586965624881039,0.4156941716323061,0.5799290747478469,eata,M-2022-11
102,,49858,0.8089455709359687,0.9834128926150266,0.8876879486552789,eata,M-2022-11
103,degraded_noncollapsed,2627,0.41894812680115273,0.4427103159497526,0.43050157320007404,eata,M-2022-11
104,final_collapsed;gradual_collapsed,2719,0.06779661016949153,0.010297903641044501,0.017879948914431672,eata,M-2022-11
105,absorber;degraded_noncollapsed,3883,0.29353123615418697,0.34123100695338654,0.315588900797904,eata,M-2022-11
106,,2900,0.7647058823529411,0.8382758620689655,0.799802599111696,eata,M-2022-11
107,stable,4847,0.8230104429240187,0.9430575613781721,0.8789539467358908,eata,M-2022-11
108,,6216,0.8160154196600666,0.7491956241956242,0.7811792334144091,eata,M-2022-11
109,final_collapsed;abrupt_collapsed,1499,0.6898779612347452,0.6410940627084724,0.6645919778699861,eata,M-2022-11
110,,9331,0.7929695483343552,0.8316364805487086,0.8118428623738034,eata,M-2022-11
111,degraded_noncollapsed,2273,0.41429339065018805,0.33919929608446986,0.37300435413642963,eata,M-2022-11
112,degraded_noncollapsed,1900,0.7275943396226415,0.6494736842105263,0.6863181312569522,eata,M-2022-11
113,stable,5194,0.9918793503480279,0.9876780901039661,0.9897742620104186,eata,M-2022-11
114,,1403,0.9616189811584089,0.9821810406272273,0.9717912552891397,eata,M-2022-11
115,,24533,0.8825853277596583,0.7831492275710268,0.8298993563992916,eata,M-2022-11
116,,4443,0.8699660359049005,0.8071123115012379,0.8373613543490952,eata,M-2022-11
117,,94992,0.6198606060080025,0.7518106787940037,0.6794890701933827,eata,M-2022-11
118,degraded_noncollapsed,4590,0.9148681055155875,0.6649237472766885,0.7701236437042644,eata,M-2022-11
119,stable,2028,0.9000492368291482,0.9013806706114399,0.9007144616900714,eata,M-2022-11
120,,1965,0.874356333676622,0.8641221374045801,0.8692091118505247,eata,M-2022-11
121,final_collapsed;gradual_collapsed,43,0.00819672131147541,0.023255813953488372,0.012121212121212121,eata,M-2022-11
122,,62698,0.8662431289278559,0.8068199942581901,0.8354762789545398,eata,M-2022-11
123,degraded_noncollapsed,7947,0.9178285375259567,0.3893293066566,0.5467397066619544,eata,M-2022-11
124,,31849,0.8794715193817774,0.8861816697541524,0.882813844012449,eata,M-2022-11
125,,2900,0.4952052167242041,0.8903448275862069,0.6364308602415578,eata,M-2022-11
126,,3815,0.8787605294825511,0.7656618610747051,0.8183218938226643,eata,M-2022-11
127,,8210,0.8611924202742258,0.6808769792935444,0.7604924835045235,eata,M-2022-11
128,stable,4728,0.9091274628065943,0.9564297800338409,0.9321789321789322,eata,M-2022-11
129,degraded_noncollapsed,35318,0.7975919536010572,0.6152103743133813,0.6946291560102302,eata,M-2022-11
130,stable,7095,0.796196029432181,0.8083157152924595,0.8022100993145894,eata,M-2022-11
131,stable,27358,0.8955208113247412,0.9295635645880547,0.91222469330655,eata,M-2022-11
132,stable,21202,0.9244812450119713,0.8741628148287898,0.8986181818181819,eata,M-2022-11
133,,51526,0.7353283360087183,0.9690447541047238,0.8361620711887398,eata,M-2022-11
134,,8608,0.8785500361458226,0.9882667286245354,0.9301842436170794,eata,M-2022-11
135,,2755,0.4266897746967071,0.44682395644283124,0.43652482269503545,eata,M-2022-11
136,,18290,0.812350884980303,0.800492072170585,0.8063778811995704,eata,M-2022-11
137,degraded_noncollapsed,2562,0.847718253968254,0.6670569867291178,0.746614242027086,eata,M-2022-11
138,degraded_noncollapsed,19416,0.6723700474920304,0.532292954264524,0.5941874838301664,eata,M-2022-11
139,degraded_noncollapsed,2252,0.23273942093541203,0.18561278863232683,0.20652173913043478,eata,M-2022-11
140,,39677,0.7880765764535598,0.7272979307911385,0.7564683985634519,eata,M-2022-11
141,,1798,0.6737235367372354,0.6017797552836485,0.63572267920094,eata,M-2022-11
142,,27411,0.6299292820328419,0.7669183904272008,0.6917065626902259,eata,M-2022-11
143,degraded_noncollapsed,6282,0.6314080259800511,0.4333014963387456,0.5139242896252242,eata,M-2022-11
144,stable,3033,0.9913101604278075,0.977909660402242,0.9845643153526971,eata,M-2022-11
145,stable,1523,0.9967148488830486,0.9960604070912672,0.9963875205254515,eata,M-2022-11
146,,6358,0.9315321983715766,0.7917584145957849,0.8559768746811767,eata,M-2022-11
147,degraded_noncollapsed,661,0.5973154362416108,0.4039334341906203,0.48194945848375453,eata,M-2022-11
148,,5510,0.8094414663669376,0.849546279491833,0.8290091206942354,eata,M-2022-11
149,,43255,0.5771012451823303,0.7200323662004393,0.6406920173210043,eata,M-2022-11
150,degraded_noncollapsed,1522,0.8428571428571429,0.5814717477003942,0.6881804043545878,eata,M-2022-11
151,,1879,0.6420678768745067,0.8658861096327833,0.7373668706095626,eata,M-2022-11
152,degraded_noncollapsed,861,0.818976279650437,0.7619047619047619,0.789410348977136,eata,M-2022-11
153,,98813,0.8275262058928986,0.7941363990568042,0.8104875567421852,eata,M-2022-11
154,,3641,0.6922136159804321,0.466355396868992,0.5572694453560879,eata,M-2022-11
155,,11344,0.30635860979462876,0.6837976022566996,0.423139864717434,eata,M-2022-11
156,absorber,26239,0.680811315719242,0.8749952360989367,0.7657849971648711,eata,M-2022-11
157,,1255,0.31456953642384106,0.8326693227091634,0.4566309809919161,eata,M-2022-11
158,,11070,0.6887234205880095,0.8104787714543812,0.7446570112462132,eata,M-2022-11
159,,2820,0.5126964933494559,0.300709219858156,0.3790791238265534,eata,M-2022-11
160,,1939,0.3876967095851216,0.6988138215575038,0.4987118145012882,eata,M-2022-11
161,,785,0.9788199697428139,0.824203821656051,0.8948824343015215,eata,M-2022-11
162,,172,0.43529411764705883,0.43023255813953487,0.4327485380116959,eata,M-2022-11
163,final_collapsed;gradual_collapsed,2302,0.06782608695652174,0.016941789748045177,0.027111574556830033,eata,M-2022-11
164,,2479,0.09896207324237874,0.6115369100443727,0.17035621979997753,eata,M-2022-11
165,,5518,0.3838921968035099,0.8880028996013049,0.5360463844218357,eata,M-2022-11
166,degraded_noncollapsed,2277,0.5241809672386896,0.4426877470355731,0.48,eata,M-2022-11
167,degraded_noncollapsed,74,0.048458149779735685,0.14864864864864866,0.07308970099667775,eata,M-2022-11
168,,4608,0.6925795053003534,0.8081597222222222,0.7459188783174762,eata,M-2022-11
169,,2048,0.7818257956448911,0.91162109375,0.8417493237150586,eata,M-2022-11
170,,3086,0.453125,0.6202203499675956,0.5236662106703146,eata,M-2022-11
171,,7763,0.6304796878586183,0.7077160891407961,0.6668689688656916,eata,M-2022-11
172,,9888,0.78122477222927,0.6850728155339806,0.7299962282450563,eata,M-2022-11
173,degraded_noncollapsed,1166,0.9705488621151271,0.6217838765008576,0.7579717720857292,eata,M-2022-11
174,final_collapsed;abrupt_collapsed,3249,0.0,0.0,0.0,eata,M-2022-11
175,,35700,0.5771032550951415,0.6694397759103642,0.6198516443614482,eata,M-2022-11
176,degraded_noncollapsed,3833,0.46431617856127383,0.42603704669971304,0.4443537414965986,eata,M-2022-11
177,,2272,0.5755530558680165,0.6756161971830986,0.621583316460822,eata,M-2022-11
0,,950,0.9026548672566371,0.8589473684210527,0.8802588996763754,eata,M-2022-12
1,,3117,0.7545114061967995,0.7109400064164261,0.7320779649818302,eata,M-2022-12
2,absorber,3678,0.3815123305569165,0.6351277868406743,0.4766860524436282,eata,M-2022-12
3,,743,0.8551068883610451,0.9690444145356663,0.9085173501577287,eata,M-2022-12
4,,869,0.6099185788304959,0.9482163406214039,0.7423423423423423,eata,M-2022-12
5,absorber,1080,0.3168067226890756,0.6981481481481482,0.43583815028901735,eata,M-2022-12
6,degraded_noncollapsed,1684,0.6045081967213115,0.3503562945368171,0.44360902255639095,eata,M-2022-12
7,,33,0.08860759493670886,0.21212121212121213,0.125,eata,M-2022-12
8,stable,1142,0.9138431752178122,0.8266199649737302,0.8680459770114942,eata,M-2022-12
9,degraded_noncollapsed,910,0.4198895027624309,0.16703296703296702,0.2389937106918239,eata,M-2022-12
10,final_collapsed;gradual_collapsed,1004,0.47596153846153844,0.09860557768924302,0.16336633663366337,eata,M-2022-12
11,degraded_noncollapsed,1749,0.3066933066933067,0.1755288736420812,0.22327272727272726,eata,M-2022-12
12,degraded_noncollapsed,263,0.1836283185840708,0.3155893536121673,0.23216783216783216,eata,M-2022-12
13,absorber,1090,0.3162118780096308,0.5422018348623853,0.3994592767826969,eata,M-2022-12
14,absorber;degraded_noncollapsed,5821,0.2455350209659885,0.271602817385329,0.2579119086460033,eata,M-2022-12
15,stable,715,0.8353115727002968,0.7874125874125875,0.8106551475881929,eata,M-2022-12
16,,1186,0.31203566121842496,0.17706576728499157,0.22592791823561054,eata,M-2022-12
17,,8301,0.7705391196783836,0.9004939163956149,0.8304632818575713,eata,M-2022-12
18,,25658,0.8863691291388061,0.8576272507599969,0.8717613501307345,eata,M-2022-12
19,degraded_noncollapsed,22936,0.7239813525458618,0.5213637949075689,0.6061896433731275,eata,M-2022-12
20,,1125,0.43812375249500995,0.7804444444444445,0.5612016618728028,eata,M-2022-12
21,,2095,0.8738069989395546,0.786634844868735,0.8279326802310977,eata,M-2022-12
22,,743,0.6337868480725624,0.7523553162853297,0.688,eata,M-2022-12
23,,5114,0.8132379248658318,0.8889323425889715,0.8494020926756353,eata,M-2022-12
24,degraded_noncollapsed,4154,0.8082129963898917,0.4311506981222918,0.5623233908948194,eata,M-2022-12
25,,34385,0.8673088322465916,0.8510396975425331,0.859097247706422,eata,M-2022-12
26,final_collapsed;abrupt_collapsed,807,0.027314112291350532,0.022304832713754646,0.02455661664392906,eata,M-2022-12
27,,7371,0.9729144095341279,0.8528015194681862,0.9089068825910931,eata,M-2022-12
28,degraded_noncollapsed,5815,0.4138303619665046,0.26345657781599313,0.32195019438898814,eata,M-2022-12
29,,30274,0.8565414866511576,0.7662020215366321,0.808857117949612,eata,M-2022-12
30,,645,0.9610619469026549,0.8418604651162791,0.8975206611570248,eata,M-2022-12
31,,952,0.8319783197831978,0.967436974789916,0.8946090335114133,eata,M-2022-12
32,degraded_noncollapsed,998,0.2863554757630162,0.3196392785571142,0.3020833333333333,eata,M-2022-12
33,,630,0.9171122994652406,0.5444444444444444,0.6832669322709163,eata,M-2022-12
34,degraded_noncollapsed,1240,0.772020725388601,0.4806451612903226,0.5924453280318092,eata,M-2022-12
35,,930,0.9213649851632048,0.667741935483871,0.7743142144638404,eata,M-2022-12
36,degraded_noncollapsed,216,0.5757575757575758,0.2638888888888889,0.3619047619047619,eata,M-2022-12
37,,866,0.968503937007874,0.8521939953810623,0.9066339066339066,eata,M-2022-12
38,final_collapsed;abrupt_collapsed,193,0.3333333333333333,0.05181347150259067,0.08968609865470852,eata,M-2022-12
39,,4483,0.8479199372056515,0.9638634842739238,0.9021818561436475,eata,M-2022-12
40,degraded_noncollapsed,737,0.875609756097561,0.4871099050203528,0.6259808195292066,eata,M-2022-12
41,,1636,0.6664572864321608,0.6485330073349633,0.6573729863692689,eata,M-2022-12
42,degraded_noncollapsed,1444,0.7103448275862069,0.2853185595567867,0.40711462450592883,eata,M-2022-12
43,,1992,0.7943368107302533,0.802710843373494,0.798501872659176,eata,M-2022-12
44,stable,1181,0.9889604415823368,0.9102455546147333,0.9479717813051146,eata,M-2022-12
45,absorber,1463,0.798177995795375,0.7785372522214627,0.788235294117647,eata,M-2022-12
46,absorber,7420,0.647996672674338,0.6299191374663072,0.6388300416865987,eata,M-2022-12
47,final_collapsed;gradual_collapsed,618,0.0,0.0,0.0,eata,M-2022-12
48,final_collapsed;abrupt_collapsed,3361,0.1111111111111111,0.0008925914906277894,0.0017709563164108619,eata,M-2022-12
49,,31563,0.8820978875437927,0.8056902068878117,0.8421645251026626,eata,M-2022-12
50,degraded_noncollapsed,1528,0.3261943986820428,0.12958115183246074,0.18548009367681498,eata,M-2022-12
51,,11645,0.7982816860038184,0.9335337054529841,0.8606262122471598,eata,M-2022-12
52,,1274,0.6692913385826772,0.6671899529042387,0.6682389937106918,eata,M-2022-12
53,,5505,0.8290298782736998,0.8165304268846503,0.8227326805161527,eata,M-2022-12
54,degraded_noncollapsed,5063,0.7428170988086895,0.20936203831720324,0.3266563944530046,eata,M-2022-12
55,degraded_noncollapsed,4063,0.974905303030303,0.5067683977356633,0.6668825910931174,eata,M-2022-12
56,final_collapsed;abrupt_collapsed,12137,0.008787346221441126,0.00041196341764851283,0.0007870297497245396,eata,M-2022-12
57,stable,2331,0.975473321858864,0.9725439725439725,0.9740064446831365,eata,M-2022-12
58,,15,0.0,0.0,0.0,eata,M-2022-12
59,stable,6030,0.9831599801882119,0.9875621890547264,0.9853561677835692,eata,M-2022-12
60,,24845,0.8662650602409638,0.8681827329442544,0.8672228364659765,eata,M-2022-12
61,,10494,0.4725428290461156,0.870020964360587,0.6124434009726648,eata,M-2022-12
62,stable,11221,0.9037030774433548,0.9525888958203369,0.9275022777560848,eata,M-2022-12
63,,5492,0.5487456812377948,0.6651493080844866,0.6013663676022718,eata,M-2022-12
64,stable,1215,0.740981240981241,0.8452674897119341,0.7896962706651288,eata,M-2022-12
65,,2112,0.9060523938572719,0.9498106060606061,0.9274156264447526,eata,M-2022-12
66,final_collapsed;abrupt_collapsed,1955,0.004366812227074236,0.0010230179028132991,0.0016576875259013675,eata,M-2022-12
67,,1191,0.15923009623797024,0.1528127623845508,0.155955441302485,eata,M-2022-12
68,,2499,0.635084697100201,0.8851540616246498,0.739551989301237,eata,M-2022-12
69,final_collapsed;abrupt_collapsed,1866,0.0299625468164794,0.004287245444801715,0.007501172058134084,eata,M-2022-12
70,degraded_noncollapsed,908,0.6422535211267606,0.2511013215859031,0.36104513064133015,eata,M-2022-12
71,absorber,39434,0.5973117223898181,0.848557082720495,0.7011052328322246,eata,M-2022-12
72,,5765,0.4217295443410093,0.5972246313963573,0.49436427597099575,eata,M-2022-12
73,,8821,0.842061599087421,0.9205305520915996,0.8795493934142115,eata,M-2022-12
74,,2294,0.5947816826411075,0.486922406277245,0.5354745925215724,eata,M-2022-12
75,degraded_noncollapsed,6807,0.44051784464660604,0.36991332451887765,0.4021400622853949,eata,M-2022-12
76,stable,2683,0.8764749262536873,0.8859485650391353,0.8811862835959221,eata,M-2022-12
77,,17960,0.8060586319218241,0.6889198218262806,0.7429000300210147,eata,M-2022-12
78,,10246,0.7439953699237967,0.7527815732968963,0.7483626837432689,eata,M-2022-12
79,,7528,0.7919866444073456,0.6301806588735388,0.7018789761799082,eata,M-2022-12
80,degraded_noncollapsed,1055,0.5365296803652968,0.22274881516587677,0.31480241125251174,eata,M-2022-12
81,,2122,0.9318712085860943,0.9410933081998115,0.9364595545134818,eata,M-2022-12
82,,27579,0.8096614207052759,0.7517676492983792,0.7796412589779266,eata,M-2022-12
83,,19531,0.9201060401289115,0.9063028006758487,0.9131522608269493,eata,M-2022-12
84,,1057,0.9012096774193549,0.8457899716177862,0.8726207906295754,eata,M-2022-12
85,,350,0.7283582089552239,0.6971428571428572,0.7124087591240876,eata,M-2022-12
86,,20232,0.8162787144094127,0.7921115065243179,0.8040135457167942,eata,M-2022-12
87,,5056,0.8683306203653464,0.9495648734177216,0.9071327350023618,eata,M-2022-12
88,,83,0.13095238095238096,0.5301204819277109,0.2100238663484487,eata,M-2022-12
89,,377,0.6331236897274634,0.8010610079575596,0.7072599531615925,eata,M-2022-12
90,,4080,0.8407917383820999,0.957843137254902,0.8955087076076994,eata,M-2022-12
91,,2334,0.7507022471910112,0.9160239931448158,0.8251640293323041,eata,M-2022-12
92,,896,0.9059278350515464,0.7845982142857143,0.8409090909090909,eata,M-2022-12
93,,18804,0.7314579256360079,0.7950967879174644,0.7619508714707981,eata,M-2022-12
94,stable,760,0.695364238410596,0.5526315789473685,0.6158357771260997,eata,M-2022-12
95,,3282,0.868861305990286,0.9811090798293723,0.9215798511734402,eata,M-2022-12
96,absorber;degraded_noncollapsed,44573,0.7987524526312707,0.611917528548673,0.6929623983739838,eata,M-2022-12
97,,18214,0.7824854045037531,0.7726474140770836,0.777535291030139,eata,M-2022-12
98,stable,48912,0.9957818866842763,0.9942549885508669,0.9950178518450317,eata,M-2022-12
99,stable,18452,0.9028829029385574,0.8792000867114675,0.8908841295991213,eata,M-2022-12
100,,17278,0.7281433607520564,0.7172705174209978,0.7226660446673275,eata,M-2022-12
101,degraded_noncollapsed,42403,0.9498591989987485,0.5727424946348135,0.7145988730488002,eata,M-2022-12
102,,35717,0.8330373001776199,0.9585631492006608,0.8914028327431786,eata,M-2022-12
103,degraded_noncollapsed,1446,0.49079754601226994,0.3872752420470263,0.4329339002705837,eata,M-2022-12
104,final_collapsed;gradual_collapsed,1744,0.05198776758409786,0.00974770642201835,0.016417189763399325,eata,M-2022-12
105,absorber;degraded_noncollapsed,3159,0.3461661854347129,0.34156378600823045,0.3438495857233907,eata,M-2022-12
106,,1622,0.9156193895870736,0.9432799013563502,0.9292438505921652,eata,M-2022-12
107,stable,2555,0.9469294920394238,0.9776908023483366,0.9620643173502792,eata,M-2022-12
108,,3529,0.8664279812723767,0.8914706715783508,0.8787709497206704,eata,M-2022-12
109,final_collapsed;abrupt_collapsed,393,0.0,0.0,0.0,eata,M-2022-12
110,,5670,0.793063583815029,0.8469135802469135,0.8191044776119403,eata,M-2022-12
111,degraded_noncollapsed,1136,0.2337748344370861,0.3107394366197183,0.2668178382464097,eata,M-2022-12
112,degraded_noncollapsed,1083,0.6393088552915767,0.5466297322253001,0.5893479342956695,eata,M-2022-12
113,stable,3574,0.9905199655271474,0.9647453833240067,0.977462792345854,eata,M-2022-12
114,,911,0.7793696275071633,0.8957189901207464,0.8335035750766088,eata,M-2022-12
115,,15934,0.8684597604538769,0.778147357851136,0.8208268511469332,eata,M-2022-12
116,,3278,0.8910966755827283,0.7114093959731543,0.7911789652247667,eata,M-2022-12
117,,58860,0.5828045769506465,0.7459225280326198,0.6543511632412775,eata,M-2022-12
118,degraded_noncollapsed,2577,0.3583208395802099,0.5564610011641443,0.4359325125398997,eata,M-2022-12
119,stable,1033,0.9024144869215291,0.8683446272991288,0.8850518006906759,eata,M-2022-12
120,,1133,0.8484573502722323,0.8252427184466019,0.8366890380313199,eata,M-2022-12
121,final_collapsed;gradual_collapsed,16,0.0,0.0,0.0,eata,M-2022-12
122,,40149,0.8474393672648921,0.8032827716755088,0.8247704779684423,eata,M-2022-12
123,degraded_noncollapsed,1458,0.7196969696969697,0.32578875171467764,0.4485363550519358,eata,M-2022-12
124,,18817,0.8568226692993223,0.8532709783706223,0.8550431355841943,eata,M-2022-12
125,,2268,0.5388683236382866,0.8985890652557319,0.6737190082644628,eata,M-2022-12
126,,2588,0.9291648447748142,0.8210973724884081,0.8717948717948718,eata,M-2022-12
127,,4058,0.8332270408163265,0.6439132577624446,0.7264386989157632,eata,M-2022-12
128,stable,3721,0.9013091641490433,0.9621069604944907,0.9307162355388016,eata,M-2022-12
129,degraded_noncollapsed,18631,0.7887803112558813,0.5848854060436907,0.6717006718855946,eata,M-2022-12
130,stable,4618,0.7989629038691664,0.8674750974447812,0.8318106312292359,eata,M-2022-12
131,stable,17194,0.8880826123360313,0.9253227870187275,0.9063203167279045,eata,M-2022-12
132,stable,13419,0.924189136381399,0.8812132051568671,0.902189669642176,eata,M-2022-12
133,,34000,0.7199156914835225,0.9644117647058823,0.8244182684450702,eata,M-2022-12
134,,5543,0.9102244389027432,0.9877322749413675,0.9473957432081676,eata,M-2022-12
135,,1872,0.42399000416493127,0.5438034188034188,0.47648022466651063,eata,M-2022-12
136,,12861,0.7719592023138986,0.7885856465282638,0.7801838532251241,eata,M-2022-12
137,degraded_noncollapsed,1286,0.6899141630901288,0.5,0.5798016230838593,eata,M-2022-12
138,degraded_noncollapsed,12776,0.7209643605870021,0.5383531621790858,0.6164187130310091,eata,M-2022-12
139,degraded_noncollapsed,973,0.1642651296829971,0.17574511819116137,0.16981132075471697,eata,M-2022-12
140,,21276,0.7712620198296049,0.727580372250423,0.748784676034537,eata,M-2022-12
141,,1226,0.7027027027027027,0.6150081566068516,0.6559373640713354,eata,M-2022-12
142,,15948,0.6125324245969177,0.7551417105593178,0.6764020331938555,eata,M-2022-12
143,degraded_noncollapsed,3052,0.47471162377994675,0.3505897771952818,0.4033169996230682,eata,M-2022-12
144,stable,2267,0.9802110817941952,0.9832377591530658,0.981722087645893,eata,M-2022-12
145,stable,1149,0.9965034965034965,0.9921671018276762,0.9943305713039686,eata,M-2022-12
146,,4680,0.9803562074384494,0.7997863247863248,0.8809131560367145,eata,M-2022-12
147,degraded_noncollapsed,2730,0.9339895773016792,0.5908424908424909,0.7238052501682746,eata,M-2022-12
148,,3728,0.7797246558197747,0.835568669527897,0.8066813414476239,eata,M-2022-12
149,,29896,0.5909282997605296,0.7015988761038267,0.6415255922068787,eata,M-2022-12
150,degraded_noncollapsed,1291,0.888135593220339,0.6088303640588691,0.7224264705882353,eata,M-2022-12
151,,872,0.5219266714593818,0.8325688073394495,0.6416261599646487,eata,M-2022-12
152,degraded_noncollapsed,729,0.8809523809523809,0.6090534979423868,0.7201946472019465,eata,M-2022-12
153,,59235,0.8389494817949971,0.7830336794125095,0.8100277675905067,eata,M-2022-12
154,,1862,0.6605762473647224,0.5048335123523093,0.5722983257229832,eata,M-2022-12
155,,5650,0.5303178826494889,0.6702654867256637,0.5921350949886639,eata,M-2022-12
156,absorber,11350,0.6356891348088531,0.8907488986784141,0.7419094444852132,eata,M-2022-12
157,,800,0.35714285714285715,0.81875,0.4973424449506454,eata,M-2022-12
158,,5549,0.6535444723989936,0.7958190664984682,0.7176986835689907,eata,M-2022-12
159,,1740,0.5,0.34942528735632183,0.41136671177266576,eata,M-2022-12
160,,1048,0.35361917934532044,0.7318702290076335,0.4768417780540877,eata,M-2022-12
161,,334,0.9629629629629629,0.7005988023952096,0.8110918544194108,eata,M-2022-12
162,,59,0.32142857142857145,0.6101694915254238,0.42105263157894735,eata,M-2022-12
163,final_collapsed;gradual_collapsed,1741,0.07584269662921349,0.015508328546812177,0.02575107296137339,eata,M-2022-12
164,,1689,0.16666666666666666,0.6755476613380699,0.267369654364382,eata,M-2022-12
165,,4989,0.5472845763939175,0.7574664261375025,0.6354464435850008,eata,M-2022-12
166,degraded_noncollapsed,1835,0.6420689655172414,0.5073569482288829,0.5668188736681887,eata,M-2022-12
167,degraded_noncollapsed,55,0.07407407407407407,0.21818181818181817,0.11059907834101383,eata,M-2022-12
168,,4221,0.7710322874033652,0.8033641317223407,0.7868662257802529,eata,M-2022-12
169,,1502,0.7943458980044346,0.9540612516644474,0.8669086509376891,eata,M-2022-12
170,,1916,0.4441015089163237,0.6758872651356994,0.5360099337748344,eata,M-2022-12
171,,4142,0.570755726825091,0.6436504104297441,0.6050153182798139,eata,M-2022-12
172,,5558,0.7577341137123745,0.6522130262684419,0.7010249468187971,eata,M-2022-12
173,degraded_noncollapsed,978,0.9613601236476044,0.6359918200408998,0.7655384615384615,eata,M-2022-12
174,final_collapsed;abrupt_collapsed,1507,0.0,0.0,0.0,eata,M-2022-12
175,,22084,0.5770147271377788,0.6688552798406086,0.6195499444246377,eata,M-2022-12
176,degraded_noncollapsed,2085,0.433714527742482,0.49112709832134294,0.46063877642825013,eata,M-2022-12
177,,1117,0.4257907542579075,0.7833482542524619,0.5517023959646911,eata,M-2022-12
0,,1414,0.903068340306834,0.9158415841584159,0.9094101123595506,cotta,M-2022-4
1,,10792,0.96109537299339,0.9431060044477391,0.9520157141520905,cotta,M-2022-4
2,absorber,7583,0.7189421015010722,0.6631939865488593,0.6899437508574564,cotta,M-2022-4
3,,1593,0.9402985074626866,0.9491525423728814,0.9447047797563262,cotta,M-2022-4
4,,3737,0.9538663171690694,0.9737757559539738,0.963718220338983,cotta,M-2022-4
5,absorber,2093,0.9370629370629371,0.9603440038222647,0.9485606418121756,cotta,M-2022-4
6,degraded_noncollapsed,2729,0.973415877640204,0.9794796628801758,0.9764383561643836,cotta,M-2022-4
7,,36,0.6857142857142857,0.6666666666666666,0.676056338028169,cotta,M-2022-4
8,stable,1574,0.9155799588194921,0.8475222363405337,0.8802375453645661,cotta,M-2022-4
9,degraded_noncollapsed,1547,0.7184170471841704,0.6102133160956691,0.6599091226843761,cotta,M-2022-4
10,final_collapsed;gradual_collapsed,2020,0.8383477817440081,0.8138613861386138,0.825923134890731,cotta,M-2022-4
11,degraded_noncollapsed,1685,0.7937273823884198,0.7810089020771513,0.787316781334131,cotta,M-2022-4
12,degraded_noncollapsed,2788,0.8364869689396645,0.8403873744619799,0.8384326355340848,cotta,M-2022-4
13,absorber,2093,0.48583721764073146,0.6473960821786908,0.5551003687013519,cotta,M-2022-4
14,absorber;degraded_noncollapsed,10401,0.81741660604801,0.756273435246611,0.7856572113463843,cotta,M-2022-4
15,stable,751,0.9004815409309791,0.7470039946737683,0.8165938864628821,cotta,M-2022-4
16,,2008,0.77179236043095,0.39243027888446214,0.5203037306041598,cotta,M-2022-4
17,,10007,0.9427764410503191,0.9005696012791047,0.9211898190739037,cotta,M-2022-4
18,,21926,0.9367561260210036,0.9153516373255496,0.9259301976886346,cotta,M-2022-4
19,degraded_noncollapsed,13185,0.9046779141104294,0.8947288585513842,0.899675881792183,cotta,M-2022-4
20,,1281,0.8034934497816594,0.8618266978922716,0.831638418079096,cotta,M-2022-4
21,,2620,0.8972063037249284,0.9561068702290076,0.9257206208425721,cotta,M-2022-4
22,,4636,0.9436827673486606,0.9650560828300259,0.9542497600511891,cotta,M-2022-4
23,,12840,0.9378833760385124,0.9407320872274143,0.9393055717562891,cotta,M-2022-4
24,degraded_noncollapsed,10253,0.946693657219973,0.9578659904418219,0.9522470548310467,cotta,M-2022-4
25,,54557,0.9075695250149421,0.9463130304085635,0.9265364356666637,cotta,M-2022-4
26,final_collapsed;abrupt_collapsed,2293,0.8343659644774887,0.8809419973833406,0.8570216376750106,cotta,M-2022-4
27,,19386,0.9927308346651544,0.9932941297843805,0.993012402341232,cotta,M-2022-4
28,degraded_noncollapsed,16366,0.8665985945101808,0.8815837712330441,0.8740269574435863,cotta,M-2022-4
29,,29653,0.8939031679617454,0.9078002225744444,0.9007980992855589,cotta,M-2022-4
30,,8131,0.9877807948654653,0.9842577788709875,0.9860161399618061,cotta,M-2022-4
31,,7973,0.9800050942435048,0.9651323215853506,0.9725118483412323,cotta,M-2022-4
32,degraded_noncollapsed,2331,0.7287050713934022,0.6349206349206349,0.6785878037597433,cotta,M-2022-4
33,,204,0.6936936936936937,0.37745098039215685,0.4888888888888889,cotta,M-2022-4
34,degraded_noncollapsed,588,0.9302721088435374,0.9302721088435374,0.9302721088435374,cotta,M-2022-4
35,,875,0.9256505576208178,0.8537142857142858,0.8882282996432818,cotta,M-2022-4
36,degraded_noncollapsed,826,0.6151260504201681,0.8861985472154964,0.7261904761904762,cotta,M-2022-4
37,,1989,0.9834710743801653,0.6581196581196581,0.7885542168674698,cotta,M-2022-4
38,final_collapsed;abrupt_collapsed,77,0.896551724137931,0.6753246753246753,0.7703703703703704,cotta,M-2022-4
39,,4388,0.9314247669773635,0.9564721969006381,0.9437823251630313,cotta,M-2022-4
40,degraded_noncollapsed,2334,0.9785876993166287,0.9203084832904884,0.9485537646279532,cotta,M-2022-4
41,,2121,0.8857001484413657,0.843941537010844,0.8643167551907291,cotta,M-2022-4
42,degraded_noncollapsed,1839,0.8761737089201878,0.8118542686242524,0.8427885972339825,cotta,M-2022-4
43,,2042,0.9074837949322333,0.7541625857002938,0.8237496656860123,cotta,M-2022-4
44,stable,2910,0.98445778876722,0.9577319587628866,0.9709109911165302,cotta,M-2022-4
45,absorber,2192,0.9314179796107507,0.916970802919708,0.9241379310344827,cotta,M-2022-4
46,absorber,9798,0.7524340674922015,0.8124106960604205,0.78127300387692,cotta,M-2022-4
47,final_collapsed;gradual_collapsed,3839,0.9930648172846093,0.9697837978640271,0.9812862414338429,cotta,M-2022-4
48,final_collapsed;abrupt_collapsed,5001,0.9847464342313788,0.994001199760048,0.989352174345706,cotta,M-2022-4
49,,40220,0.9396168620854152,0.9304823470909995,0.9350272957813339,cotta,M-2022-4
50,degraded_noncollapsed,4546,0.8362204724409449,0.5840299164100308,0.6877347493847947,cotta,M-2022-4
51,,21842,0.9244298502091673,0.9408936910539328,0.9325891135162118,cotta,M-2022-4
52,,2301,0.9224219489120151,0.847457627118644,0.883352208380521,cotta,M-2022-4
53,,9775,0.9420978172999191,0.9537595907928389,0.9478928371714707,cotta,M-2022-4
54,degraded_noncollapsed,6663,0.8414265244387836,0.7931862524388413,0.8165945611866502,cotta,M-2022-4
55,degraded_noncollapsed,8193,0.9864439603001695,0.9947516172342243,0.9905803707079915,cotta,M-2022-4
56,final_collapsed;abrupt_collapsed,10094,0.9684730056406124,0.9525460669704775,0.9604435121366497,cotta,M-2022-4
57,stable,3065,0.9896204995134609,0.9954323001631321,0.9925178919973975,cotta,M-2022-4
58,,2286,0.9921156373193167,0.9908136482939632,0.9914642153644123,cotta,M-2022-4
59,stable,13724,0.9959639863396461,0.9350043719032352,0.9645219482862297,cotta,M-2022-4
60,,49622,0.9125611283999515,0.9100600540083028,0.9113088751664851,cotta,M-2022-4
61,,19676,0.7111679972231864,0.8330453344175646,0.767297069562775,cotta,M-2022-4
62,stable,15549,0.9463817514420556,0.9285484597080198,0.9373802954065898,cotta,M-2022-4
63,,11152,0.8267159795496574,0.6814921090387375,0.7471123126075203,cotta,M-2022-4
64,stable,2437,0.8217317487266553,0.7944193680755026,0.8078447736282078,cotta,M-2022-4
65,,3145,0.9572409488139825,0.9751987281399046,0.9661363994329816,cotta,M-2022-4
66,final_collapsed;abrupt_collapsed,5149,0.8738705513553384,0.9203728879394057,0.8965191070752933,cotta,M-2022-4
67,,854,0.5721925133689839,0.3758782201405152,0.45371024734982335,cotta,M-2022-4
68,,7271,0.7763801537386443,0.7639939485627837,0.7701372521835574,cotta,M-2022-4
69,final_collapsed;abrupt_collapsed,879,0.8567961165048543,0.8031854379977247,0.8291250733998825,cotta,M-2022-4
70,degraded_noncollapsed,2642,0.8449760765550239,0.668433005299016,0.746407438715131,cotta,M-2022-4
71,absorber,149408,0.8987300795133433,0.8919268044549153,0.8953155180811933,cotta,M-2022-4
72,,17880,0.8362108922363847,0.8072147651006711,0.8214570290267501,cotta,M-2022-4
73,,29211,0.9775112953086252,0.9850741159152374,0.9812781339517119,cotta,M-2022-4
74,,9210,0.8410605219322599,0.6578718783930511,0.7382722066528573,cotta,M-2022-4
75,degraded_noncollapsed,28060,0.732026888458471,0.9158945117605132,0.8137031408308004,cotta,M-2022-4
76,stable,10523,0.9405517959396148,0.8585004276347049,0.8976550079491256,cotta,M-2022-4
77,,81932,0.892083741824996,0.8773739198359616,0.8846676881234117,cotta,M-2022-4
78,,48009,0.9629358588032716,0.9318669416151139,0.9471466830388805,cotta,M-2022-4
79,,25102,0.8362237524441044,0.7837224125567683,0.8091223163609443,cotta,M-2022-4
80,degraded_noncollapsed,6096,0.875,0.7773950131233596,0.8233148019457956,cotta,M-2022-4
81,,7217,0.9666438824333561,0.9797699875294443,0.9731626754748142,cotta,M-2022-4
82,,79609,0.8928792179123305,0.8891331382130161,0.891002240628383,cotta,M-2022-4
83,,24502,0.9587875349515743,0.9656354583299323,0.9621993127147767,cotta,M-2022-4
84,,2397,0.9067663257277734,0.9616186900292032,0.933387325369508,cotta,M-2022-4
85,,2080,0.9163602941176471,0.9586538461538462,0.9370300751879699,cotta,M-2022-4
86,,27759,0.8664660164583968,0.8193018480492813,0.8422241561279094,cotta,M-2022-4
87,,11231,0.9496789866389034,0.974623809099813,0.961989717449576,cotta,M-2022-4
88,,204,0.39914163090128757,0.45588235294117646,0.425629290617849,cotta,M-2022-4
89,,486,0.7607361963190185,0.7654320987654321,0.7630769230769231,cotta,M-2022-4
90,,7635,0.9451179767957242,0.9495743287491814,0.9473409120606299,cotta,M-2022-4
91,,4262,0.9292596944770858,0.9277334584702018,0.9284959492779148,cotta,M-2022-4
92,,2288,0.9801412180052956,0.9707167832167832,0.9754062362758015,cotta,M-2022-4
93,,34812,0.899652448657188,0.8179363437894979,0.8568505311305709,cotta,M-2022-4
94,stable,633,0.8196286472148541,0.4881516587677725,0.6118811881188119,cotta,M-2022-4
95,,50223,0.9931930569180564,0.9877745256157537,0.9904763806253244,cotta,M-2022-4
96,absorber;degraded_noncollapsed,55119,0.9304768018258978,0.9467334313031804,0.9385347254071457,cotta,M-2022-4
97,,41580,0.9666618767064233,0.9707070707070707,0.9686802505579956,cotta,M-2022-4
98,stable,63298,0.9895596200643693,0.9957660589592088,0.992653138361957,cotta,M-2022-4
99,stable,23955,0.9268314446328187,0.8672093508662074,0.8960296749983825,cotta,M-2022-4
100,,30504,0.9789388284926173,0.9889194859690532,0.9839038470947015,cotta,M-2022-4
101,degraded_noncollapsed,60629,0.9878076721654884,0.9955466855795082,0.9916620801261777,cotta,M-2022-4
102,,79891,0.9909905400670704,0.991300647131717,0.99114556934302,cotta,M-2022-4
103,degraded_noncollapsed,1787,0.8924905456509995,0.9244543928371572,0.9081913139087411,cotta,M-2022-4
104,final_collapsed;gradual_collapsed,3363,0.8303817394726486,0.6274159976211716,0.714769647696477,cotta,M-2022-4
105,absorber;degraded_noncollapsed,4895,0.8350672418167978,0.6723186925434116,0.744907197827071,cotta,M-2022-4
106,,3993,0.9779944986246562,0.9794640621086902,0.9787287287287287,cotta,M-2022-4
107,stable,3873,0.9420182580804343,0.9857991221275497,0.9634115569013374,cotta,M-2022-4
108,,11663,0.9405432680178286,0.9589299494126725,0.9496476182389403,cotta,M-2022-4
109,final_collapsed;abrupt_collapsed,1867,0.9490616621983914,0.9480449919657205,0.9485530546623794,cotta,M-2022-4
110,,9808,0.8789909341742215,0.9094616639477977,0.8939667267989577,cotta,M-2022-4
111,degraded_noncollapsed,2817,0.733018056749785,0.6052538161164359,0.6630371378572817,cotta,M-2022-4
112,degraded_noncollapsed,3822,0.9050599895670318,0.9079016221873365,0.906478578892372,cotta,M-2022-4
113,stable,5042,0.993411858654422,0.9869099563665212,0.9901502338075814,cotta,M-2022-4
114,,3329,0.972044971133394,0.9609492340042055,0.9664652567975831,cotta,M-2022-4
115,,22978,0.8963685065647916,0.8883714857689964,0.8923520797359621,cotta,M-2022-4
116,,4023,0.8733031674208145,0.9115088242605021,0.8919970810021892,cotta,M-2022-4
117,,84936,0.8564550069549297,0.848156258830178,0.8522854320344989,cotta,M-2022-4
118,degraded_noncollapsed,3760,0.9615384615384616,0.9574468085106383,0.9594882729211087,cotta,M-2022-4
119,stable,2846,0.9042253521126761,0.9023190442726634,0.9032711924023918,cotta,M-2022-4
120,,2918,0.9065708418891171,0.9078135709389993,0.9071917808219178,cotta,M-2022-4
121,final_collapsed;gradual_collapsed,2543,0.9563492063492064,0.9476995674400315,0.9520047402725657,cotta,M-2022-4
122,,61426,0.9027405324089215,0.8987725067560968,0.9007521495815046,cotta,M-2022-4
123,degraded_noncollapsed,3393,0.9243306169965075,0.7020335985853228,0.7979899497487437,cotta,M-2022-4
124,,30492,0.9044575707691811,0.9189623507805326,0.9116522701023213,cotta,M-2022-4
125,,3522,0.8523809523809524,0.9148211243611585,0.8824979457682827,cotta,M-2022-4
126,,2112,0.9133627019089574,0.8835227272727273,0.8981949458483754,cotta,M-2022-4
127,,3002,0.8816005247622172,0.8954030646235843,0.888448190381755,cotta,M-2022-4
128,stable,2342,0.9290780141843972,0.9508966695132366,0.9398607301118379,cotta,M-2022-4
129,degraded_noncollapsed,44177,0.949403481764879,0.9493175181655613,0.9493604980192416,cotta,M-2022-4
130,stable,7092,0.8054269547325102,0.8831077270163564,0.8424804950228679,cotta,M-2022-4
131,stable,30533,0.8731439930126795,0.9494972652539875,0.9097213505711058,cotta,M-2022-4
132,stable,23157,0.9662696475641902,0.854817117934102,0.9071328735421488,cotta,M-2022-4
133,,54110,0.8848979453333107,0.963869894659028,0.9226972374810922,cotta,M-2022-4
134,,10738,0.8779278509146863,0.9564164648910412,0.9154929577464789,cotta,M-2022-4
135,,3069,0.7449947312961012,0.6911045943304008,0.7170385395537525,cotta,M-2022-4
136,,22342,0.8524243680066308,0.9206427356548205,0.8852212084696162,cotta,M-2022-4
137,degraded_noncollapsed,4089,0.9581439846926573,0.9797016385424309,0.9688029020556227,cotta,M-2022-4
138,degraded_noncollapsed,43631,0.9041320379257872,0.8851504664114964,0.8945405693373173,cotta,M-2022-4
139,degraded_noncollapsed,2846,0.6755267423014587,0.7322557976106817,0.7027482717922778,cotta,M-2022-4
140,,71932,0.8776272708069286,0.9241366846466107,0.9002816977707955,cotta,M-2022-4
141,,2022,0.8109477952356817,0.7912957467853611,0.8010012515644556,cotta,M-2022-4
142,,62604,0.9075155268991894,0.8565906331863778,0.8813180492214142,cotta,M-2022-4
143,degraded_noncollapsed,4384,0.7360020268558399,0.6626368613138686,0.6973952706757892,cotta,M-2022-4
144,stable,3642,0.9784172661870504,0.970895112575508,0.9746416758544653,cotta,M-2022-4
145,stable,2224,0.9915064818953956,0.9973021582733813,0.9943958753642681,cotta,M-2022-4
146,,4793,0.9597630718954249,0.9803880659294805,0.9699659407575602,cotta,M-2022-4
147,degraded_noncollapsed,2203,0.9568884723523898,0.9269178393100318,0.9416647452155869,cotta,M-2022-4
148,,6812,0.9110911540188594,0.8935701702877276,0.9022456088342103,cotta,M-2022-4
149,,74194,0.9044288422008062,0.913254441059924,0.9088202156768067,cotta,M-2022-4
150,degraded_noncollapsed,2305,0.9500651324359531,0.9492407809110629,0.9496527777777778,cotta,M-2022-4
151,,2021,0.8094504365690807,0.7798119742701632,0.7943548387096774,cotta,M-2022-4
152,degraded_noncollapsed,1673,0.9670731707317073,0.9479976090854751,0.9574403863567763,cotta,M-2022-4
153,,70973,0.8747289091303405,0.9092753582348216,0.8916676453723342,cotta,M-2022-4
154,,2978,0.7734290843806104,0.7233042310275353,0.7475273295158772,cotta,M-2022-4
155,,11183,0.8012259983773551,0.7947777877134937,0.7979888669420003,cotta,M-2022-4
156,absorber,32897,0.8382352941176471,0.8698057573638933,0.8537287604612653,cotta,M-2022-4
157,,2075,0.7914757103574702,0.832289156626506,0.8113695090439277,cotta,M-2022-4
158,,12544,0.9248042192744127,0.9225924744897959,0.9236970229068561,cotta,M-2022-4
159,,3182,0.6743346865133063,0.46983029541169075,0.553806260418596,cotta,M-2022-4
160,,1553,0.7390625,0.609143593045718,0.6678432756794918,cotta,M-2022-4
161,,3031,0.9887267904509284,0.9838337182448037,0.986274185546552,cotta,M-2022-4
162,,486,0.6130952380952381,0.6358024691358025,0.6242424242424243,cotta,M-2022-4
163,final_collapsed;gradual_collapsed,3156,0.618970189701897,0.36185044359949303,0.45670865826834633,cotta,M-2022-4
164,,3315,0.8949195329757021,0.8555052790346908,0.8747686613201727,cotta,M-2022-4
165,,5176,0.9846281678437889,0.9157650695517774,0.948948948948949,cotta,M-2022-4
166,degraded_noncollapsed,2317,0.7244177840508116,0.8860595597755718,0.7971267715006795,cotta,M-2022-4
167,degraded_noncollapsed,668,0.9311475409836065,0.8502994011976048,0.8888888888888888,cotta,M-2022-4
168,,3924,0.7485265225933202,0.7767584097859327,0.7623811905952976,cotta,M-2022-4
169,,2891,0.9749826268241835,0.9705984088550674,0.9727855780897903,cotta,M-2022-4
170,,3774,0.9090400223901484,0.8606253312135665,0.8841704096910303,cotta,M-2022-4
171,,7082,0.8193493150684932,0.6756565941824343,0.7405974307382758,cotta,M-2022-4
172,,7688,0.8590203106332138,0.8417013527575442,0.8502726496288023,cotta,M-2022-4
173,degraded_noncollapsed,4960,0.992436974789916,0.9524193548387097,0.9720164609053498,cotta,M-2022-4
174,final_collapsed;abrupt_collapsed,4246,0.9862946647087616,0.9491285916156382,0.9673547767642823,cotta,M-2022-4
175,,50628,0.7619620014711422,0.838883621711306,0.7985747459268382,cotta,M-2022-4
176,degraded_noncollapsed,4309,0.8205374280230326,0.7936876305407287,0.8068892296803114,cotta,M-2022-4
177,,1540,0.9539559014267186,0.9551948051948052,0.954574951330305,cotta,M-2022-4
0,,1621,0.9114935464044254,0.9148673658235656,0.9131773399014779,cotta,M-2022-5
1,,10263,0.9489086816090829,0.9446555588034687,0.94677734375,cotta,M-2022-5
2,absorber,8750,0.7612269938650307,0.7090285714285715,0.7342011834319526,cotta,M-2022-5
3,,1684,0.85691231845078,0.9459619952494062,0.8992379339542761,cotta,M-2022-5
4,,4052,0.9600292468925177,0.9721125370187562,0.9660331085223789,cotta,M-2022-5
5,absorber,2200,0.8479935143899473,0.9509090909090909,0.8965073923291194,cotta,M-2022-5
6,degraded_noncollapsed,2812,0.9701781564678543,0.8908250355618776,0.92880978865406,cotta,M-2022-5
7,,104,0.8461538461538461,0.5288461538461539,0.650887573964497,cotta,M-2022-5
8,stable,2060,0.9055613850996852,0.8378640776699029,0.8703983862834089,cotta,M-2022-5
9,degraded_noncollapsed,1824,0.7328447701532311,0.6030701754385965,0.6616541353383458,cotta,M-2022-5
10,final_collapsed;gradual_collapsed,2341,0.8052653572921019,0.8231524989320803,0.8141106886354035,cotta,M-2022-5
11,degraded_noncollapsed,2013,0.7426298549368273,0.7883755588673621,0.7648192771084338,cotta,M-2022-5
12,degraded_noncollapsed,3428,0.8373108265424912,0.8392648774795799,0.8382867132867133,cotta,M-2022-5
13,absorber,2703,0.5452859350850078,0.6526082130965594,0.5941394408891882,cotta,M-2022-5
14,absorber;degraded_noncollapsed,10444,0.7804054054054054,0.707774798927614,0.7423177344848363,cotta,M-2022-5
15,stable,1474,0.9311875693673696,0.5691994572591588,0.7065263157894737,cotta,M-2022-5
16,,1958,0.7353878852284803,0.3534218590398366,0.4774060020696792,cotta,M-2022-5
17,,9201,0.936502428868841,0.8800130420606456,0.9073793914943687,cotta,M-2022-5
18,,27154,0.9376768428890544,0.9275244899462326,0.9325730366201356,cotta,M-2022-5
19,degraded_noncollapsed,19072,0.9130113486408024,0.9069316275167785,0.9099613330878291,cotta,M-2022-5
20,,2201,0.8712825278810409,0.8518855065879146,0.8614748449345279,cotta,M-2022-5
21,,2853,0.9267719180382936,0.9670522257273045,0.946483704974271,cotta,M-2022-5
22,,648,0.7015643802647413,0.8996913580246914,0.7883705206220419,cotta,M-2022-5
23,,15639,0.9476844458639412,0.9486540060106144,0.9481689780788649,cotta,M-2022-5
24,degraded_noncollapsed,9752,0.9361147327249022,0.9571369975389664,0.9465091517517619,cotta,M-2022-5
25,,63996,0.9226210375953561,0.9487155447215451,0.9354863561424324,cotta,M-2022-5
26,final_collapsed;abrupt_collapsed,2539,0.7913567127169677,0.879873966128397,0.8332711674748229,cotta,M-2022-5
27,,19743,0.9891634595908446,0.9894139695081802,0.9892886986908409,cotta,M-2022-5
28,degraded_noncollapsed,21533,0.8928137602643215,0.8533413829935448,0.872631428978487,cotta,M-2022-5
29,,31966,0.8535647169368099,0.9093724582368767,0.8805852594589683,cotta,M-2022-5
30,,8566,0.9909645623093171,0.9858743871118375,0.9884129213483146,cotta,M-2022-5
31,,10445,0.9822342377136236,0.9739588319770225,0.9780790308624171,cotta,M-2022-5
32,degraded_noncollapsed,2935,0.6537539936102237,0.5577512776831346,0.6019488876631733,cotta,M-2022-5
33,,253,0.7814207650273224,0.5652173913043478,0.6559633027522935,cotta,M-2022-5
34,degraded_noncollapsed,485,0.9026369168356998,0.9175257731958762,0.9100204498977505,cotta,M-2022-5
35,,1307,0.9344432882414152,0.6870696250956388,0.7918871252204586,cotta,M-2022-5
36,degraded_noncollapsed,916,0.8760951188986232,0.7641921397379913,0.8163265306122449,cotta,M-2022-5
37,,1023,0.977296181630547,0.9257086999022482,0.9508032128514057,cotta,M-2022-5
38,final_collapsed;abrupt_collapsed,117,0.7428571428571429,0.6666666666666666,0.7027027027027027,cotta,M-2022-5
39,,8587,0.9420791508018922,0.9508559450331897,0.9464472006491248,cotta,M-2022-5
40,degraded_noncollapsed,2306,0.9764216366158114,0.9158716392020815,0.945177892145894,cotta,M-2022-5
41,,2472,0.8597285067873304,0.8454692556634305,0.8525392616765246,cotta,M-2022-5
42,degraded_noncollapsed,1394,0.8181108508977362,0.7517934002869441,0.7835514018691588,cotta,M-2022-5
43,,3196,0.928214971209213,0.7565707133917396,0.8336493707981383,cotta,M-2022-5
44,stable,2779,0.9827956989247312,0.9866858582223822,0.9847369366133956,cotta,M-2022-5
45,absorber,3156,0.8779196511990034,0.8932192648922687,0.8855033767865557,cotta,M-2022-5
46,absorber,10149,0.7032633223398715,0.7984037836240023,0.7478196668358637,cotta,M-2022-5
47,final_collapsed;gradual_collapsed,3766,0.9903459372485921,0.9806160382368561,0.9854569713142095,cotta,M-2022-5
48,final_collapsed;abrupt_collapsed,5241,0.9933078393881453,0.9912230490364434,0.9922643491548085,cotta,M-2022-5
49,,46428,0.9320434472780669,0.9296545188248471,0.9308474503164864,cotta,M-2022-5
50,degraded_noncollapsed,7426,0.875990675990676,0.5060597899272825,0.6415158757255036,cotta,M-2022-5
51,,22943,0.9273636991028296,0.9371049993462058,0.9322089015110456,cotta,M-2022-5
52,,2346,0.9158279963403476,0.8533674339300937,0.883495145631068,cotta,M-2022-5
53,,10324,0.9300106044538706,0.9344246416117784,0.9322123979320674,cotta,M-2022-5
54,degraded_noncollapsed,7963,0.7529600642183424,0.47117920381765666,0.5796384983778773,cotta,M-2022-5
55,degraded_noncollapsed,10913,0.98816029143898,0.9942270686337396,0.9911843968391724,cotta,M-2022-5
56,final_collapsed;abrupt_collapsed,9591,0.21542227662178703,0.01835053696173496,0.033820138355111454,cotta,M-2022-5
57,stable,3525,0.9874964478545041,0.9858156028368794,0.9866553094832482,cotta,M-2022-5
58,,2323,0.9922813036020584,0.9961256995264743,0.9941997851772287,cotta,M-2022-5
59,stable,9791,0.9793384223918575,0.9827392503319375,0.9810358890701468,cotta,M-2022-5
60,,44901,0.8917349878129847,0.896282933564954,0.8940031766835868,cotta,M-2022-5
61,,19248,0.7166097060833903,0.8170199501246883,0.7635277838467701,cotta,M-2022-5
62,stable,15902,0.9384879070653209,0.9296943780656521,0.934070447006792,cotta,M-2022-5
63,,12327,0.8165272995573045,0.6733187312403667,0.738040192068291,cotta,M-2022-5
64,stable,1122,0.6387696709585121,0.7959001782531194,0.7087301587301588,cotta,M-2022-5
65,,3554,0.9367088607594937,0.9786156443444006,0.9572037979909178,cotta,M-2022-5
66,final_collapsed;abrupt_collapsed,6479,0.8868852459016393,0.8350054020682204,0.8601637650051673,cotta,M-2022-5
67,,1581,0.6670403587443946,0.3763440860215054,0.48119692680954307,cotta,M-2022-5
68,,8946,0.7430258603135818,0.8157835904314777,0.7777067348678602,cotta,M-2022-5
69,final_collapsed;abrupt_collapsed,857,0.852752880921895,0.7771295215869312,0.8131868131868132,cotta,M-2022-5
70,degraded_noncollapsed,2822,0.7864406779661017,0.6576895818568391,0.7163257429563875,cotta,M-2022-5
71,absorber,168702,0.8923025685858207,0.889367049590402,0.8908323907745014,cotta,M-2022-5
72,,19739,0.8475286380992787,0.8096154820406303,0.8281383598911776,cotta,M-2022-5
73,,31508,0.9749269488170421,0.9847975117430494,0.9798373727007184,cotta,M-2022-5
74,,10715,0.8303043817593935,0.6950069995333644,0.7566551513919935,cotta,M-2022-5
75,degraded_noncollapsed,30933,0.6835461334618165,0.9172728154398215,0.7833469072236103,cotta,M-2022-5
76,stable,12560,0.9283699461492435,0.8647292993630573,0.8954202563996867,cotta,M-2022-5
77,,80105,0.8573319151041409,0.8653267586292991,0.8613107848680083,cotta,M-2022-5
78,,54812,0.9605169373898038,0.9342662190761147,0.9472097367885615,cotta,M-2022-5
79,,28257,0.7916947409482605,0.7900697172382065,0.7908813943602098,cotta,M-2022-5
80,degraded_noncollapsed,4284,0.6828817733990148,0.5177404295051354,0.5889537971322358,cotta,M-2022-5
81,,8178,0.9675042280744142,0.979334800684764,0.9733835683033544,cotta,M-2022-5
82,,82376,0.8805501777828392,0.8447727493444692,0.8622905114463616,cotta,M-2022-5
83,,28362,0.9588841506751955,0.9513786051759396,0.9551166330395384,cotta,M-2022-5
84,,2425,0.9527302363488183,0.9641237113402061,0.9583931133428981,cotta,M-2022-5
85,,2268,0.959929546455306,0.9611992945326279,0.9605640008812514,cotta,M-2022-5
86,,26206,0.8411773607748184,0.8484316568724719,0.8447889357498385,cotta,M-2022-5
87,,11488,0.8700953571986869,0.9690111420612814,0.9168931718968784,cotta,M-2022-5
88,,402,0.6111111111111112,0.5746268656716418,0.5923076923076923,cotta,M-2022-5
89,,891,0.8394495412844036,0.8215488215488216,0.8304027226318775,cotta,M-2022-5
90,,7170,0.9290498974709501,0.9478382147838215,0.9383500172592337,cotta,M-2022-5
91,,4660,0.8824377187564341,0.9197424892703863,0.9007040033624041,cotta,M-2022-5
92,,2704,0.9845849802371541,0.9212278106508875,0.9518532670997325,cotta,M-2022-5
93,,37502,0.8905887944863644,0.7993973654738414,0.8425327412736777,cotta,M-2022-5
94,stable,471,0.258148631029987,0.42038216560509556,0.3198707592891761,cotta,M-2022-5
95,,50880,0.9905671477878883,0.992747641509434,0.9916561960106801,cotta,M-2022-5
96,absorber;degraded_noncollapsed,59656,0.8842166716632217,0.9393690492155022,0.9109588484390366,cotta,M-2022-5
97,,45943,0.951071911414408,0.9646518512069303,0.95781374943269,cotta,M-2022-5
98,stable,64696,0.9879213353975382,0.9962130579943118,0.9920498710893908,cotta,M-2022-5
99,stable,25387,0.9384671326411054,0.9149564737857959,0.9265626869839244,cotta,M-2022-5
100,,29408,0.933080726992486,0.9880984766050055,0.9598018166804294,cotta,M-2022-5
101,degraded_noncollapsed,62663,0.9635784517379864,0.6662304709318099,0.7877798639481456,cotta,M-2022-5
102,,75510,0.9319458948729424,0.9927426830883327,0.9613840688443436,cotta,M-2022-5
103,degraded_noncollapsed,2565,0.918867202449292,0.9360623781676414,0.9273850907686365,cotta,M-2022-5
104,final_collapsed;gradual_collapsed,3090,0.5151515151515151,0.1925566343042071,0.28032979976442873,cotta,M-2022-5
105,absorber;degraded_noncollapsed,3665,0.7630914826498423,0.6600272851296044,0.7078273591806876,cotta,M-2022-5
106,,4012,0.9472276264591439,0.9708374875373879,0.9588872476612507,cotta,M-2022-5
107,stable,3512,0.9007295466388744,0.9843394077448747,0.9406802721088435,cotta,M-2022-5
108,,13707,0.9441624365482234,0.9634493324578682,0.9537083844876146,cotta,M-2022-5
109,final_collapsed;abrupt_collapsed,2229,0.9527956003666361,0.9327052489905787,0.942643391521197,cotta,M-2022-5
110,,8623,0.8629773104593248,0.9042096718079554,0.8831124702684335,cotta,M-2022-5
111,degraded_noncollapsed,2530,0.7143520668834185,0.607905138339921,0.6568439034806748,cotta,M-2022-5
112,degraded_noncollapsed,3140,0.8674388674388674,0.8585987261146497,0.8629961587708067,cotta,M-2022-5
113,stable,4677,0.9880265127218303,0.9880265127218303,0.9880265127218303,cotta,M-2022-5
114,,3352,0.9732699732699732,0.9776252983293556,0.9754427742223545,cotta,M-2022-5
115,,28260,0.8538033093466683,0.7431351733899505,0.7946345800934597,cotta,M-2022-5
116,,3962,0.8245653646421314,0.9217566885411408,0.8704564414253366,cotta,M-2022-5
117,,93359,0.7824558923034973,0.8298932079392453,0.8054767177120045,cotta,M-2022-5
118,degraded_noncollapsed,4083,0.8391850888599913,0.9483223120254715,0.8904219845923882,cotta,M-2022-5
119,stable,2954,0.8978201634877384,0.8923493568043331,0.8950764006791172,cotta,M-2022-5
120,,2933,0.8866356382978723,0.9093078758949881,0.8978286483756943,cotta,M-2022-5
121,final_collapsed;gradual_collapsed,2473,0.9553023663453112,0.881520420541852,0.9169295478443743,cotta,M-2022-5
122,,60842,0.8724959092569939,0.9026823575819335,0.8873324770375397,cotta,M-2022-5
123,degraded_noncollapsed,4486,0.93270643549809,0.7075345519393669,0.8046647230320699,cotta,M-2022-5
124,,33764,0.911583938187778,0.9224914109702642,0.9170052405346523,cotta,M-2022-5
125,,4601,0.8385499207606973,0.9200173875244512,0.8773966214115453,cotta,M-2022-5
126,,2052,0.8956817079087821,0.8996101364522417,0.8976416241186482,cotta,M-2022-5
127,,6176,0.8591954022988506,0.8714378238341969,0.8652733118971061,cotta,M-2022-5
128,stable,3079,0.8962939894113984,0.9347190646313738,0.9151033386327504,cotta,M-2022-5
129,degraded_noncollapsed,41384,0.9404035551285131,0.9459936207229848,0.9431903052497169,cotta,M-2022-5
130,stable,7832,0.891454081632653,0.892364657814096,0.8919091373149566,cotta,M-2022-5
131,stable,39752,0.8830218393200399,0.959146709599517,0.9195114010442416,cotta,M-2022-5
132,stable,19465,0.9556701663903727,0.7996403801695351,0.8707205191317968,cotta,M-2022-5
133,,56893,0.8533866641861619,0.9675355491888281,0.9068832580974662,cotta,M-2022-5
134,,12693,0.8946869070208728,0.9658079256282991,0.9288880469785944,cotta,M-2022-5
135,,3366,0.7119693396226415,0.7174688057040999,0.7147084936371707,cotta,M-2022-5
136,,23775,0.8171760526900023,0.9289169295478443,0.8694710734040668,cotta,M-2022-5
137,degraded_noncollapsed,3327,0.9417941794179417,0.943492636008416,0.9426426426426426,cotta,M-2022-5
138,degraded_noncollapsed,44161,0.8802646185912685,0.8798260908946808,0.8800453001132503,cotta,M-2022-5
139,degraded_noncollapsed,2667,0.6378299120234604,0.6524184476940382,0.6450417052826691,cotta,M-2022-5
140,,78108,0.8570086252589987,0.9108157935166692,0.8830933465739821,cotta,M-2022-5
141,,2325,0.7209302325581395,0.72,0.7204648160103292,cotta,M-2022-5
142,,65536,0.8896808439607398,0.8132781982421875,0.8497656324734543,cotta,M-2022-5
143,degraded_noncollapsed,4893,0.6971580817051509,0.6417330880850194,0.6682983931041822,cotta,M-2022-5
144,stable,4171,0.9781500364166059,0.9659554063773675,0.9720144752714114,cotta,M-2022-5
145,stable,2178,0.9863450159308147,0.9949494949494949,0.9906285714285714,cotta,M-2022-5
146,,5639,0.9457216940363008,0.9702074835963823,0.9578081232492998,cotta,M-2022-5
147,degraded_noncollapsed,2716,0.9592777564348828,0.9193667157584683,0.9388982891520963,cotta,M-2022-5
148,,7219,0.9074229691876751,0.8974927275245879,0.9024305313740512,cotta,M-2022-5
149,,74404,0.8678298433720916,0.90180635449707,0.8844919292649007,cotta,M-2022-5
150,degraded_noncollapsed,2214,0.9034385303815355,0.8663053297199639,0.884482361079087,cotta,M-2022-5
151,,2500,0.8107128473620621,0.8052,0.8079470198675497,cotta,M-2022-5
152,degraded_noncollapsed,1141,0.9568345323741008,0.9325153374233128,0.9445184198845983,cotta,M-2022-5
153,,79655,0.8535354138075064,0.8978971815956311,0.8751544814928113,cotta,M-2022-5
154,,2882,0.7468661544682572,0.6408743927827897,0.6898225957049486,cotta,M-2022-5
155,,10789,0.751880380607159,0.7690240059319677,0.7603555718475073,cotta,M-2022-5
156,absorber,34655,0.8343317160436939,0.8882123791660655,0.8604293621065578,cotta,M-2022-5
157,,2043,0.7629765732659624,0.8130200685266764,0.7872037914691943,cotta,M-2022-5
158,,14654,0.9344204927211646,0.9110822983485738,0.9226038283463479,cotta,M-2022-5
159,,2911,0.6502483443708609,0.5396770869117142,0.5898254176834992,cotta,M-2022-5
160,,2122,0.7765,0.7318567389255419,0.7535177098495875,cotta,M-2022-5
161,,3235,0.9827956989247312,0.98887171561051,0.9858243451463791,cotta,M-2022-5
162,,382,0.448207171314741,0.5890052356020943,0.5090497737556561,cotta,M-2022-5
163,final_collapsed;gradual_collapsed,2474,0.2709867452135493,0.07437348423605497,0.11671424040596258,cotta,M-2022-5
164,,3179,0.38474770642201833,0.8442906574394463,0.5286065977351059,cotta,M-2022-5
165,,5617,0.7398197596795728,0.789211322770162,0.7637178051511758,cotta,M-2022-5
166,degraded_noncollapsed,4223,0.870806890299184,0.9097797774094246,0.8898668210770122,cotta,M-2022-5
167,degraded_noncollapsed,558,0.7803379416282642,0.910394265232975,0.8403639371381307,cotta,M-2022-5
168,,5548,0.8196232046260026,0.7919971160778659,0.8055733797781648,cotta,M-2022-5
169,,3467,0.9731523378582202,0.9304874531295068,0.9513417870834562,cotta,M-2022-5
170,,3734,0.8474710221285564,0.8615425816818425,0.8544488711819389,cotta,M-2022-5
171,,7203,0.7533009034051424,0.60197140080522,0.6691874373022609,cotta,M-2022-5
172,,8392,0.8900854066097289,0.8568875119161106,0.8731710278671605,cotta,M-2022-5
173,degraded_noncollapsed,4748,0.9916376306620209,0.8991154170176917,0.9431127802938253,cotta,M-2022-5
174,final_collapsed;abrupt_collapsed,4306,0.9876206981926219,0.92638179284719,0.9560215698022768,cotta,M-2022-5
175,,65299,0.7634001327941088,0.7747285563331751,0.7690226272545547,cotta,M-2022-5
176,degraded_noncollapsed,4048,0.795323107870254,0.7813735177865613,0.7882866043613708,cotta,M-2022-5
177,,1648,0.9566003616636528,0.9629854368932039,0.9597822800120955,cotta,M-2022-5
0,,1356,0.8675123326286117,0.9078171091445427,0.8872072072072072,cotta,M-2022-6
1,,9294,0.9542383961647418,0.9423283839035937,0.9482459939367691,cotta,M-2022-6
2,absorber,7505,0.7448402786906796,0.7549633577614924,0.7498676548438327,cotta,M-2022-6
3,,1306,0.6395759717314488,0.9701378254211332,0.7709157286279282,cotta,M-2022-6
4,,3168,0.9295522388059702,0.9829545454545454,0.9555078244860387,cotta,M-2022-6
5,absorber,1778,0.45812011850255857,0.9566929133858267,0.619559278819887,cotta,M-2022-6
6,degraded_noncollapsed,2765,0.7135636057287279,0.30632911392405066,0.42864372469635625,cotta,M-2022-6
7,,30,0.4444444444444444,0.13333333333333333,0.20512820512820512,cotta,M-2022-6
8,stable,1732,0.8895522388059701,0.8602771362586605,0.8746697974757851,cotta,M-2022-6
9,degraded_noncollapsed,1714,0.8185419968304279,0.602683780630105,0.6942204301075269,cotta,M-2022-6
10,final_collapsed;gradual_collapsed,1895,0.8137592137592138,0.8738786279683377,0.8427480916030534,cotta,M-2022-6
11,degraded_noncollapsed,1542,0.6707182320441989,0.7872892347600519,0.7243436754176611,cotta,M-2022-6
12,degraded_noncollapsed,3008,0.8364532019704434,0.8467420212765957,0.8415661655377499,cotta,M-2022-6
13,absorber,1939,0.4920502092050209,0.6064981949458483,0.5433125433125433,cotta,M-2022-6
14,absorber;degraded_noncollapsed,8055,0.644281914893617,0.48119180633147113,0.5509203325989624,cotta,M-2022-6
15,stable,888,0.9059278350515464,0.7916666666666666,0.8449519230769231,cotta,M-2022-6
16,,1419,0.5928449744463373,0.2452431289640592,0.3469591226321037,cotta,M-2022-6
17,,11760,0.9557186016400518,0.9414965986394558,0.9485542942814307,cotta,M-2022-6
18,,29195,0.9475232459847844,0.9598561397499572,0.953649821337417,cotta,M-2022-6
19,degraded_noncollapsed,19320,0.9140478245418084,0.9318840579710145,0.9228797703565113,cotta,M-2022-6
20,,1495,0.8378720709309689,0.8849498327759198,0.8607677293428757,cotta,M-2022-6
21,,2264,0.9373159444678166,0.9840989399293286,0.9601379013143719,cotta,M-2022-6
22,,721,0.7509529860228716,0.8196948682385575,0.7838196286472149,cotta,M-2022-6
23,,13374,0.9557535154236914,0.9706893973381188,0.9631635567756056,cotta,M-2022-6
24,degraded_noncollapsed,7355,0.9586988797408558,0.9657375934738274,0.9622053643998917,cotta,M-2022-6
25,,55471,0.9192092974263544,0.9439166411277965,0.9313991443793193,cotta,M-2022-6
26,final_collapsed;abrupt_collapsed,3110,0.6532951289398281,0.2932475884244373,0.4047936085219707,cotta,M-2022-6
27,,8737,0.9376126126126126,0.952958681469612,0.9452233637963331,cotta,M-2022-6
28,degraded_noncollapsed,17369,0.8952969447305184,0.7507628533594335,0.8166844115989228,cotta,M-2022-6
29,,28799,0.862325614842514,0.8327719712490017,0.8472911624949215,cotta,M-2022-6
30,,8050,0.994748687171793,0.9883229813664596,0.9915254237288136,cotta,M-2022-6
31,,9340,0.9846370226117062,0.9744111349036403,0.9794973900877145,cotta,M-2022-6
32,degraded_noncollapsed,2999,0.7058504875406284,0.43447815938646217,0.537874097007224,cotta,M-2022-6
33,,159,0.5784313725490197,0.3710691823899371,0.4521072796934866,cotta,M-2022-6
34,degraded_noncollapsed,761,0.9548969072164949,0.973718791064389,0.9642160052049447,cotta,M-2022-6
35,,3117,0.9830508474576272,0.8745588707090151,0.9256366723259762,cotta,M-2022-6
36,degraded_noncollapsed,673,0.8807495741056218,0.7682020802377415,0.8206349206349206,cotta,M-2022-6
37,,912,0.9702857142857143,0.930921052631579,0.9501958589815332,cotta,M-2022-6
38,final_collapsed;abrupt_collapsed,91,0.6185567010309279,0.6593406593406593,0.6382978723404256,cotta,M-2022-6
39,,8494,0.9559763599083343,0.9331292677183894,0.944414655942806,cotta,M-2022-6
40,degraded_noncollapsed,1496,0.954798331015299,0.9177807486631016,0.9359236537150648,cotta,M-2022-6
41,,2296,0.857583774250441,0.8471254355400697,0.8523225241016652,cotta,M-2022-6
42,degraded_noncollapsed,801,0.7154046997389034,0.6841448189762797,0.6994256541161455,cotta,M-2022-6
43,,1363,0.8477905073649754,0.76008804108584,0.8015473887814313,cotta,M-2022-6
44,stable,3176,0.9973941368078176,0.9641057934508817,0.9804674991994877,cotta,M-2022-6
45,absorber,2692,0.927860696517413,0.8313521545319466,0.8769592476489029,cotta,M-2022-6
46,absorber,6856,0.6372857642532354,0.7972578763127188,0.7083522322296378,cotta,M-2022-6
47,final_collapsed;gradual_collapsed,3041,0.9920818211811283,0.9888194672804999,0.9904479578392622,cotta,M-2022-6
48,final_collapsed;abrupt_collapsed,4200,0.994061757719715,0.9964285714285714,0.995243757431629,cotta,M-2022-6
49,,31293,0.9065878803117928,0.9217396861918001,0.9141009998573896,cotta,M-2022-6
50,degraded_noncollapsed,1548,0.45446182152713893,0.31912144702842377,0.3749525616698292,cotta,M-2022-6
51,,19779,0.916295244159279,0.9458516608524192,0.9308388894417355,cotta,M-2022-6
52,,1768,0.8842042755344418,0.8421945701357466,0.8626882966396292,cotta,M-2022-6
53,,8195,0.9356496207487155,0.9332519829164124,0.9344492638524039,cotta,M-2022-6
54,degraded_noncollapsed,6852,0.7657657657657657,0.483800350262697,0.5929702173329756,cotta,M-2022-6
55,degraded_noncollapsed,8613,0.9815515068179214,0.9945431324741669,0.9880046136101499,cotta,M-2022-6
56,final_collapsed;abrupt_collapsed,7619,0.05336426914153132,0.003018768867305421,0.005714285714285714,cotta,M-2022-6
57,stable,3297,0.9903147699757869,0.9924173491052471,0.9913649447053476,cotta,M-2022-6
58,,2249,0.9973345179920036,0.9982214317474433,0.9977777777777778,cotta,M-2022-6
59,stable,9004,0.9776045669118454,0.9890048867170147,0.9832716833213714,cotta,M-2022-6
60,,24221,0.8616373998767715,0.9237851451220016,0.8916296399609476,cotta,M-2022-6
61,,13653,0.5591564283641288,0.8467003588954809,0.6735223002301396,cotta,M-2022-6
62,stable,11912,0.9286780560623652,0.9400604432505036,0.9343345848977889,cotta,M-2022-6
63,,10717,0.7501014198782961,0.6901185033124941,0.7188608640715362,cotta,M-2022-6
64,stable,2776,0.8620689655172413,0.8735590778097982,0.8677759885489355,cotta,M-2022-6
65,,3266,0.9283099450884685,0.9317207593386405,0.9300122249388753,cotta,M-2022-6
66,final_collapsed;abrupt_collapsed,5429,0.9135685531612597,0.7106281083072389,0.7994198093659345,cotta,M-2022-6
67,,2236,0.7400346620450606,0.3819320214669052,0.503834808259587,cotta,M-2022-6
68,,4534,0.6388035569927243,0.8714159682399647,0.7371956339210747,cotta,M-2022-6
69,final_collapsed;abrupt_collapsed,821,0.7314285714285714,0.6236297198538368,0.673241288625904,cotta,M-2022-6
70,degraded_noncollapsed,2230,0.750791974656811,0.6376681614349776,0.6896217264791464,cotta,M-2022-6
71,absorber,139240,0.8942554849232875,0.8819951163458776,0.8880829877319025,cotta,M-2022-6
72,,16647,0.8473458211463065,0.8179251516789812,0.8323755960386355,cotta,M-2022-6
73,,26806,0.9777317452097359,0.9860478997239424,0.9818722139673105,cotta,M-2022-6
74,,5766,0.7548538510774483,0.6135969476240027,0.6769348512388788,cotta,M-2022-6
75,degraded_noncollapsed,25572,0.6507446221731936,0.9227279837322071,0.7632293957821193,cotta,M-2022-6
76,stable,9751,0.9294555942795337,0.793149420572249,0.8559096945551129,cotta,M-2022-6
77,,70171,0.8703676896352056,0.8568354448418862,0.8635485562042643,cotta,M-2022-6
78,,48968,0.9667174796747967,0.9324456788106519,0.9492723492723493,cotta,M-2022-6
79,,21424,0.793277546631761,0.7920556385362211,0.7926661216863249,cotta,M-2022-6
80,degraded_noncollapsed,3042,0.6570731707317073,0.4428007889546351,0.5290652003142183,cotta,M-2022-6
81,,6838,0.9587201828310241,0.9815735595203275,0.9700122841245755,cotta,M-2022-6
82,,67896,0.8745207655531626,0.8432602804288912,0.8586060810557493,cotta,M-2022-6
83,,24048,0.9453488851337427,0.9538007318695941,0.9495560017387344,cotta,M-2022-6
84,,1686,0.9590261282660333,0.9578884934756821,0.9584569732937686,cotta,M-2022-6
85,,2336,0.9591234723978087,0.9743150684931506,0.9666595880229348,cotta,M-2022-6
86,,22524,0.8282843815674816,0.7174125377375244,0.7688720767016392,cotta,M-2022-6
87,,11076,0.9671404001086268,0.9646081617912604,0.9658726212538986,cotta,M-2022-6
88,,337,0.46634615384615385,0.5756676557863502,0.5152722443559097,cotta,M-2022-6
89,,843,0.8779527559055118,0.7935943060498221,0.8336448598130841,cotta,M-2022-6
90,,5608,0.9109751953788651,0.9561340941512125,0.9330085261875761,cotta,M-2022-6
91,,4241,0.884346058278744,0.9231313369488329,0.903322565759114,cotta,M-2022-6
92,,808,0.9352617079889807,0.8403465346534653,0.8852672750977836,cotta,M-2022-6
93,,32986,0.8970969600922057,0.7550779118413873,0.8199835390946502,cotta,M-2022-6
94,stable,183,0.03300043421623969,0.41530054644808745,0.061142397425583264,cotta,M-2022-6
95,,56638,0.9911256668955681,0.9938380592535048,0.992480009873844,cotta,M-2022-6
96,absorber;degraded_noncollapsed,51492,0.8688999630860096,0.9142585255962091,0.8910023468846998,cotta,M-2022-6
97,,41985,0.9374152249958356,0.9382636655948553,0.9378392534044376,cotta,M-2022-6
98,stable,61001,0.9905378729791018,0.9953443386173997,0.9929352892115979,cotta,M-2022-6
99,stable,23763,0.9471678503377793,0.9204225055758953,0.9336036708995838,cotta,M-2022-6
100,,15577,0.9063053489195891,0.9854914296719522,0.9442411194833153,cotta,M-2022-6
101,degraded_noncollapsed,55443,0.8868897200040433,0.15825261980773045,0.26858087425003063,cotta,M-2022-6
102,,70466,0.8348201507489743,0.9933584991343343,0.907215158702386,cotta,M-2022-6
103,degraded_noncollapsed,2444,0.8990646921278254,0.9439443535188216,0.9209580838323354,cotta,M-2022-6
104,final_collapsed;gradual_collapsed,1990,0.6272251308900524,0.30100502512562816,0.40679117147707977,cotta,M-2022-6
105,absorber;degraded_noncollapsed,1700,0.5923632610939112,0.6752941176470588,0.6311159978009896,cotta,M-2022-6
106,,2934,0.9621365787694388,0.9700068166325835,0.9660556687033266,cotta,M-2022-6
107,stable,2722,0.8988952125878809,0.9864070536370316,0.9406200735680504,cotta,M-2022-6
108,,11821,0.9492880339745191,0.9643854157854665,0.9567771716323962,cotta,M-2022-6
109,final_collapsed;abrupt_collapsed,1903,0.9381227058206607,0.9400945874934314,0.9391076115485564,cotta,M-2022-6
110,,7677,0.835820895522388,0.9045199947896314,0.8688145136065061,cotta,M-2022-6
111,degraded_noncollapsed,2787,0.7022082018927445,0.3993541442411195,0.5091491308325709,cotta,M-2022-6
112,degraded_noncollapsed,3386,0.5491178829190057,0.8089190785587714,0.6541676618103655,cotta,M-2022-6
113,stable,3285,0.9920245398773007,0.9844748858447488,0.9882352941176471,cotta,M-2022-6
114,,2637,0.5920724801812004,0.9912779673871824,0.7413499716392513,cotta,M-2022-6
115,,17247,0.8475509080902587,0.8036180205253087,0.825,cotta,M-2022-6
116,,3557,0.850821409644939,0.902727017149283,0.8760060019096986,cotta,M-2022-6
117,,74656,0.6447728173982009,0.8276093013287612,0.7248389859339989,cotta,M-2022-6
118,degraded_noncollapsed,3545,0.8438948995363215,0.9241184767277856,0.882186616399623,cotta,M-2022-6
119,stable,2051,0.8682291666666667,0.8127742564602632,0.839587005791992,cotta,M-2022-6
120,,2075,0.8634294385432474,0.8226506024096386,0.8425468904244817,cotta,M-2022-6
121,final_collapsed;gradual_collapsed,1807,0.9398373983739837,0.6397343663530713,0.7612775765558116,cotta,M-2022-6
122,,55611,0.8933566755735741,0.8717340094585604,0.8824129018165933,cotta,M-2022-6
123,degraded_noncollapsed,2588,0.9301524840137727,0.7306800618238022,0.818437567626055,cotta,M-2022-6
124,,31855,0.9203581675442192,0.9163710563490818,0.918360284401938,cotta,M-2022-6
125,,4050,0.7267632850241545,0.928641975308642,0.8153929539295393,cotta,M-2022-6
126,,1935,0.9199567333693889,0.8790697674418605,0.8990486257928119,cotta,M-2022-6
127,,6177,0.9145226811103588,0.8746964545896067,0.8941663218866364,cotta,M-2022-6
128,stable,3281,0.9443721535458686,0.8847912221883573,0.9136113296616837,cotta,M-2022-6
129,degraded_noncollapsed,31159,0.9204020990073971,0.9344330690972111,0.9273645151529629,cotta,M-2022-6
130,stable,6776,0.8518570427470217,0.8969893742621016,0.8738408453741643,cotta,M-2022-6
131,stable,37618,0.897306106323613,0.9660269020149929,0.9303992728855435,cotta,M-2022-6
132,stable,16527,0.9499032614704257,0.8317904035820173,0.8869318365108552,cotta,M-2022-6
133,,49248,0.8415136689638242,0.974435510071475,0.9031098565043519,cotta,M-2022-6
134,,9015,0.9107087748174056,0.9820299500831947,0.9450256191289497,cotta,M-2022-6
135,,3059,0.7235067437379576,0.7365152010460935,0.7299530212214482,cotta,M-2022-6
136,,21531,0.8484449913021341,0.9287538897403743,0.8867849223946785,cotta,M-2022-6
137,degraded_noncollapsed,1475,0.8259075907590759,0.6786440677966101,0.7450688500186081,cotta,M-2022-6
138,degraded_noncollapsed,40153,0.8964798576693354,0.878439967125744,0.887368235678885,cotta,M-2022-6
139,degraded_noncollapsed,1145,0.27716849451645065,0.2427947598253275,0.25884543761638734,cotta,M-2022-6
140,,66733,0.86904797533894,0.8702590922032578,0.8696531121077576,cotta,M-2022-6
141,,2210,0.660233918128655,0.5108597285067873,0.5760204081632653,cotta,M-2022-6
142,,50300,0.862645041077327,0.8099602385685885,0.8354728898367648,cotta,M-2022-6
143,degraded_noncollapsed,4291,0.7160995429151854,0.657189466324866,0.6853809697411594,cotta,M-2022-6
144,stable,3621,0.9728823036063741,0.9610604805302403,0.9669352597943873,cotta,M-2022-6
145,stable,1317,0.9938176197836167,0.976461655277145,0.9850631941784757,cotta,M-2022-6
146,,6106,0.9584273283918788,0.9741238126433017,0.9662118258609487,cotta,M-2022-6
147,degraded_noncollapsed,13,0.09333333333333334,0.5384615384615384,0.1590909090909091,cotta,M-2022-6
148,,6482,0.9256975989617132,0.8802838630052453,0.9024197374663925,cotta,M-2022-6
149,,53747,0.8301853044287043,0.8635644780173777,0.8465459851351967,cotta,M-2022-6
150,degraded_noncollapsed,2103,0.8954785672342924,0.7251545411317166,0.8013662637940094,cotta,M-2022-6
151,,2108,0.775946547884187,0.8263757115749526,0.8003675626005053,cotta,M-2022-6
152,degraded_noncollapsed,800,0.9468479604449939,0.9575,0.9521441889372281,cotta,M-2022-6
153,,69891,0.8372567714558127,0.8920748021919847,0.8637969492511672,cotta,M-2022-6
154,,2048,0.7265193370165746,0.513671875,0.6018306636155606,cotta,M-2022-6
155,,7616,0.7013827223138399,0.7259716386554622,0.7134653848635396,cotta,M-2022-6
156,absorber,29900,0.8364459712679575,0.895752508361204,0.8650839793281654,cotta,M-2022-6
157,,1384,0.7005948446794448,0.7658959537572254,0.7317915084570245,cotta,M-2022-6
158,,14360,0.9410093948000874,0.8997910863509749,0.9199387704246912,cotta,M-2022-6
159,,2481,0.6270705158542357,0.5340588472390165,0.5768393556813235,cotta,M-2022-6
160,,2171,0.7659157688540646,0.7204053431598342,0.7424638025160218,cotta,M-2022-6
161,,2306,0.9911426040744021,0.9705117085862967,0.9807186678352322,cotta,M-2022-6
162,,288,0.4523809523809524,0.59375,0.5135135135135135,cotta,M-2022-6
163,final_collapsed;gradual_collapsed,2085,0.3814229249011858,0.09256594724220624,0.14897722886916248,cotta,M-2022-6
164,,2477,0.3116315378610461,0.8058134840532902,0.4494483224498987,cotta,M-2022-6
165,,5569,0.7779801324503312,0.8437780571018136,0.8095443190627961,cotta,M-2022-6
166,degraded_noncollapsed,2330,0.7802755620014503,0.9236051502145923,0.8459119496855346,cotta,M-2022-6
167,degraded_noncollapsed,330,0.5231143552311436,0.6515151515151515,0.5802968960863698,cotta,M-2022-6
168,,5028,0.8160195161618216,0.7983293556085919,0.8070775108072786,cotta,M-2022-6
169,,3068,0.9811965811965812,0.9354628422425033,0.957784081428333,cotta,M-2022-6
170,,2611,0.7426523297491039,0.7935656836461126,0.767265321236808,cotta,M-2022-6
171,,5620,0.7415708812260536,0.6887900355871887,0.7142066420664207,cotta,M-2022-6
172,,6732,0.851328434143584,0.8948306595365418,0.8725376593279258,cotta,M-2022-6
173,degraded_noncollapsed,3237,0.9925346605047991,0.86252703120173,0.9229752066115703,cotta,M-2022-6
174,final_collapsed;abrupt_collapsed,3149,0.9899026325279481,0.8717053032708797,0.9270516717325228,cotta,M-2022-6
175,,44968,0.7276634812001836,0.7755292652552926,0.7508342842379486,cotta,M-2022-6
176,degraded_noncollapsed,2820,0.6692546583850931,0.7641843971631206,0.7135761589403974,cotta,M-2022-6
177,,1722,0.9507422402159245,0.8182346109175378,0.8795255930087391,cotta,M-2022-6
0,,627,0.8292682926829268,0.9218500797448166,0.8731117824773413,cotta,M-2022-7
1,,5041,0.9355039402737453,0.8948621305296568,0.914731826016425,cotta,M-2022-7
2,absorber,4913,0.6694258541740049,0.7736617138204763,0.7177792465300727,cotta,M-2022-7
3,,814,0.5648476257973069,0.9791154791154791,0.7164044943820225,cotta,M-2022-7
4,,1306,0.8801128349788434,0.9555895865237366,0.9162995594713657,cotta,M-2022-7
5,absorber,949,0.4413793103448276,0.8767123287671232,0.5871559633027523,cotta,M-2022-7
6,degraded_noncollapsed,1455,0.17335352006056018,0.3147766323024055,0.2235782279716866,cotta,M-2022-7
7,,13,0.7142857142857143,0.38461538461538464,0.5,cotta,M-2022-7
8,stable,1238,0.871331828442438,0.9353796445880452,0.9022204908453447,cotta,M-2022-7
9,degraded_noncollapsed,1255,0.8288409703504043,0.4900398406374502,0.6159238858287431,cotta,M-2022-7
10,final_collapsed;gradual_collapsed,1346,0.8401727861771058,0.8670133729569094,0.853382084095064,cotta,M-2022-7
11,degraded_noncollapsed,1290,0.6629464285714286,0.6906976744186046,0.6765375854214123,cotta,M-2022-7
12,degraded_noncollapsed,1813,0.8151609553478713,0.8659680088251517,0.8397967370954801,cotta,M-2022-7
13,absorber,1115,0.446693657219973,0.5937219730941704,0.509819021948402,cotta,M-2022-7
14,absorber;degraded_noncollapsed,4897,0.39673340358271864,0.3075352256483561,0.34648567813183023,cotta,M-2022-7
15,stable,538,0.8426103646833013,0.8159851301115242,0.8290840415486308,cotta,M-2022-7
16,,949,0.3465909090909091,0.1285563751317176,0.18754803996925443,cotta,M-2022-7
17,,9274,0.9537565238499818,0.8473150744015527,0.8973905099069263,cotta,M-2022-7
18,,12401,0.8692820024884725,0.9577453431174905,0.9113720073664825,cotta,M-2022-7
19,degraded_noncollapsed,9918,0.900117623995295,0.925892316999395,0.9128230616302186,cotta,M-2022-7
20,,1273,0.887390959555908,0.8790259230164965,0.8831886345698501,cotta,M-2022-7
21,,1255,0.9470858895705522,0.9840637450199203,0.965220789370848,cotta,M-2022-7
22,,449,0.7899159663865546,0.8374164810690423,0.812972972972973,cotta,M-2022-7
23,,5629,0.9253604749787956,0.9690886480724817,0.9467198889274557,cotta,M-2022-7
24,degraded_noncollapsed,4214,0.9665151877541258,0.9589463692453726,0.9627159023228112,cotta,M-2022-7
25,,35008,0.9042608863304596,0.9378142138939671,0.9207319638224778,cotta,M-2022-7
26,final_collapsed;abrupt_collapsed,952,0.6365348399246704,0.7100840336134454,0.6713008937437934,cotta,M-2022-7
27,,15113,0.9618309116916359,0.8453649176205915,0.8998450485983941,cotta,M-2022-7
28,degraded_noncollapsed,10579,0.8224188154061927,0.7205785045845543,0.7681378476420798,cotta,M-2022-7
29,,19817,0.8437143371974293,0.708835848009285,0.7704162781769319,cotta,M-2022-7
30,,5745,0.9973488865323435,0.9822454308093995,0.98973954222573,cotta,M-2022-7
31,,5940,0.9795061313623383,0.9816498316498317,0.9805768098881695,cotta,M-2022-7
32,degraded_noncollapsed,2014,0.6237830319888734,0.44538232373386294,0.5196987253765932,cotta,M-2022-7
33,,273,0.6875,0.5238095238095238,0.5945945945945946,cotta,M-2022-7
34,degraded_noncollapsed,802,0.9065533980582524,0.9314214463840399,0.9188191881918819,cotta,M-2022-7
35,,3174,0.9863877822045153,0.9360428481411468,0.9605560944067248,cotta,M-2022-7
36,degraded_noncollapsed,1292,0.9489291598023064,0.891640866873065,0.9193934557063048,cotta,M-2022-7
37,,939,0.9817351598173516,0.9158679446219382,0.9476584022038568,cotta,M-2022-7
38,final_collapsed;abrupt_collapsed,102,0.8490566037735849,0.4411764705882353,0.5806451612903226,cotta,M-2022-7
39,,5963,0.9532393360699625,0.8956900888814355,0.9235690817914577,cotta,M-2022-7
40,degraded_noncollapsed,1205,0.9805013927576601,0.8763485477178423,0.9255039439088519,cotta,M-2022-7
41,,1992,0.8019257221458047,0.5853413654618473,0.6767266395821242,cotta,M-2022-7
42,degraded_noncollapsed,630,0.32761904761904764,0.273015873015873,0.29783549783549784,cotta,M-2022-7
43,,1330,0.762012012012012,0.7631578947368421,0.7625845229151015,cotta,M-2022-7
44,stable,1904,0.9850746268656716,0.9012605042016807,0.9413055403181568,cotta,M-2022-7
45,absorber,1928,0.8916167664670659,0.7723029045643154,0.8276820455808782,cotta,M-2022-7
46,absorber,4182,0.6380119453924915,0.7152080344332855,0.6744081172491545,cotta,M-2022-7
47,final_collapsed;gradual_collapsed,384,0.9654255319148937,0.9453125,0.9552631578947368,cotta,M-2022-7
48,final_collapsed;abrupt_collapsed,4498,0.9579646017699115,0.09626500666963095,0.17494949494949494,cotta,M-2022-7
49,,13761,0.8381861893949513,0.9120703437250199,0.8735688185140074,cotta,M-2022-7
50,degraded_noncollapsed,2568,0.1050228310502283,0.01791277258566978,0.030605455755156354,cotta,M-2022-7
51,,15397,0.8547898964032127,0.9538871208677016,0.9016237453574388,cotta,M-2022-7
52,,1010,0.830379746835443,0.6495049504950495,0.7288888888888889,cotta,M-2022-7
53,,4517,0.8618681090076971,0.9172016825326544,0.8886743886743886,cotta,M-2022-7
54,degraded_noncollapsed,3357,0.365107127240927,0.2487339886803694,0.29588944011339474,cotta,M-2022-7
55,degraded_noncollapsed,5627,0.9799126637554585,0.9969788519637462,0.9883720930232558,cotta,M-2022-7
56,final_collapsed;abrupt_collapsed,8114,0.005859375,0.0003697313285679073,0.0006955715279387897,cotta,M-2022-7
57,stable,2449,0.9967064635652532,0.9885667619436505,0.992619926199262,cotta,M-2022-7
58,,1749,0.9994272623138603,0.9977129788450543,0.9985693848354793,cotta,M-2022-7
59,stable,5381,0.9715270221254987,0.9955398624790931,0.9833868747131712,cotta,M-2022-7
60,,21024,0.877155563623162,0.9193778538812786,0.8977705527171389,cotta,M-2022-7
61,,12195,0.6014979195561719,0.8890528905289052,0.7175380542686962,cotta,M-2022-7
62,stable,8933,0.9148529567894681,0.9646255457293182,0.9390802092414996,cotta,M-2022-7
63,,8561,0.8027814569536423,0.7079780399486041,0.7524051890013035,cotta,M-2022-7
64,stable,16,0.006557377049180328,0.125,0.012461059190031152,cotta,M-2022-7
65,,2044,0.9046378322042731,0.8493150684931506,0.8761039616452183,cotta,M-2022-7
66,final_collapsed;abrupt_collapsed,2587,0.8976535197204194,0.6950135291843834,0.7834422657952069,cotta,M-2022-7
67,,1175,0.37358490566037733,0.33702127659574466,0.35436241610738256,cotta,M-2022-7
68,,3493,0.5567793391568553,0.8393930718580017,0.6694828176732504,cotta,M-2022-7
69,final_collapsed;abrupt_collapsed,605,0.7237851662404092,0.9355371900826446,0.8161499639509733,cotta,M-2022-7
70,degraded_noncollapsed,1078,0.7406103286384976,0.5853432282003711,0.6538860103626943,cotta,M-2022-7
71,absorber,78156,0.8653708256504815,0.8647064844669635,0.865038527506848,cotta,M-2022-7
72,,7931,0.7641661500309982,0.7770772916403984,0.7705676419104777,cotta,M-2022-7
73,,15014,0.974126608878382,0.988011189556414,0.9810197738244825,cotta,M-2022-7
74,,3474,0.7157378198387662,0.5877950489349453,0.6454875928560139,cotta,M-2022-7
75,degraded_noncollapsed,16084,0.6726450930422657,0.8697463317582691,0.7586019901846479,cotta,M-2022-7
76,stable,5019,0.9019710906701708,0.6838015540944411,0.7778785131459656,cotta,M-2022-7
77,,35082,0.850954929659852,0.8293426828573057,0.8400098162343193,cotta,M-2022-7
78,,31608,0.9680761236684853,0.9430840293596557,0.9554166666666667,cotta,M-2022-7
79,,10765,0.7821352772907632,0.7873664653971203,0.7847421535043052,cotta,M-2022-7
80,degraded_noncollapsed,2151,0.6113499570077386,0.3305439330543933,0.42908871454435726,cotta,M-2022-7
81,,3251,0.962287104622871,0.9732390033835743,0.9677320691237192,cotta,M-2022-7
82,,38594,0.8236887151580184,0.8353630097942686,0.8294847880620055,cotta,M-2022-7
83,,21074,0.9278686995850235,0.944291544082756,0.9360080901201759,cotta,M-2022-7
84,,1135,0.9668411867364747,0.9762114537444934,0.9715037264357738,cotta,M-2022-7
85,,1437,0.9617224880382775,0.9791231732776617,0.9703448275862069,cotta,M-2022-7
86,,16760,0.8129475290527057,0.8264319809069213,0.819634297887449,cotta,M-2022-7
87,,9083,0.9737686773657996,0.968622701750523,0.9711888729440336,cotta,M-2022-7
88,,239,0.30303030303030304,0.5439330543933054,0.38922155688622756,cotta,M-2022-7
89,,552,0.9106382978723404,0.7753623188405797,0.837573385518591,cotta,M-2022-7
90,,3605,0.8554609218436874,0.9472954230235784,0.8990390943793602,cotta,M-2022-7
91,,2609,0.8128752501667779,0.9340743579915677,0.8692705546638131,cotta,M-2022-7
92,,804,0.9483695652173914,0.8681592039800995,0.9064935064935065,cotta,M-2022-7
93,,24700,0.8890849052336364,0.795748987854251,0.8398316491123122,cotta,M-2022-7
94,stable,123,0.022294725394236,0.3333333333333333,0.0417940876656473,cotta,M-2022-7
95,,53160,0.9930269473525076,0.9885063957863055,0.9907615151115217,cotta,M-2022-7
96,absorber;degraded_noncollapsed,37892,0.825971776453207,0.8557479151272036,0.840596241088788,cotta,M-2022-7
97,,30023,0.9242406876790831,0.8057822336208906,0.8609559059041247,cotta,M-2022-7
98,stable,48679,0.9950453321272178,0.9942685757718934,0.9946568023016852,cotta,M-2022-7
99,stable,18048,0.9100462379150904,0.9596631205673759,0.9341963322545846,cotta,M-2022-7
100,,10947,0.8951918327021241,0.9932401571206724,0.9416706361235007,cotta,M-2022-7
101,degraded_noncollapsed,44889,0.9305023923444976,0.17329412550959034,0.2921745009295949,cotta,M-2022-7
102,,41479,0.7881024584692262,0.9961908435593915,0.8800127781918858,cotta,M-2022-7
103,degraded_noncollapsed,1231,0.6434151785714286,0.9366368805848904,0.7628183923255044,cotta,M-2022-7
104,final_collapsed;gradual_collapsed,1719,0.42260061919504643,0.15881326352530542,0.23086680761099365,cotta,M-2022-7
105,absorber;degraded_noncollapsed,1105,0.35968379446640314,0.6588235294117647,0.465324384787472,cotta,M-2022-7
106,,2288,0.9376558603491272,0.986013986013986,0.9612270984235194,cotta,M-2022-7
107,stable,2160,0.9099485420240138,0.9824074074074074,0.9447907390917186,cotta,M-2022-7
108,,7204,0.9383983572895277,0.9515546918378679,0.9449307326487008,cotta,M-2022-7
109,final_collapsed;abrupt_collapsed,1236,0.9285714285714286,0.9466019417475728,0.9375,cotta,M-2022-7
110,,6102,0.8951343755489197,0.8351360209767289,0.8640949554896142,cotta,M-2022-7
111,degraded_noncollapsed,1330,0.6180400890868597,0.41729323308270677,0.4982046678635548,cotta,M-2022-7
112,degraded_noncollapsed,1780,0.7169811320754716,0.7044943820224719,0.7106829130065174,cotta,M-2022-7
113,stable,2014,0.9920239282153539,0.9880834160873883,0.9900497512437811,cotta,M-2022-7
114,,1939,0.7553985080486847,0.9922640536358948,0.8577797592510031,cotta,M-2022-7
115,,13745,0.8555796786799826,0.7167697344488905,0.7800475059382422,cotta,M-2022-7
116,,3519,0.9128253370962685,0.8272236430804206,0.8679189028026237,cotta,M-2022-7
117,,45039,0.5548894485561101,0.7973756078065677,0.6543913994169096,cotta,M-2022-7
118,degraded_noncollapsed,1354,0.6483072258716523,0.947562776957164,0.7698769876987699,cotta,M-2022-7
119,stable,1430,0.9236363636363636,0.8881118881118881,0.9055258467023173,cotta,M-2022-7
120,,1510,0.8509277031349968,0.8807947019867549,0.8656036446469249,cotta,M-2022-7
121,final_collapsed;gradual_collapsed,7,0.0,0.0,0.0,cotta,M-2022-7
122,,41710,0.8983748970268853,0.8628146727403501,0.8802357861781359,cotta,M-2022-7
123,degraded_noncollapsed,1121,0.8494031221303948,0.8251561106155219,0.8371040723981901,cotta,M-2022-7
124,,20257,0.9062593144560358,0.9005775781211434,0.9034095129620917,cotta,M-2022-7
125,,2871,0.6500732064421669,0.9278996865203761,0.7645286267757211,cotta,M-2022-7
126,,1107,0.9119683481701286,0.8328816621499548,0.8706326723323891,cotta,M-2022-7
127,,2163,0.8498753117206983,0.7877947295423023,0.817658349328215,cotta,M-2022-7
128,stable,2154,0.7078767123287671,0.9596100278551533,0.8147418210484825,cotta,M-2022-7
129,degraded_noncollapsed,19427,0.888688180442318,0.9369949039995882,0.9122024555249311,cotta,M-2022-7
130,stable,4594,0.8165395423524688,0.8855028297779712,0.849624060150376,cotta,M-2022-7
131,stable,26165,0.9171591197476706,0.9668641314733423,0.9413559574309742,cotta,M-2022-7
132,stable,10712,0.9340288432034366,0.8525018670649739,0.8914051442237299,cotta,M-2022-7
133,,36135,0.838326359832636,0.9703334717033347,0.8995125705489995,cotta,M-2022-7
134,,6337,0.9232916972814107,0.9914786176424175,0.9561710546339979,cotta,M-2022-7
135,,1882,0.6268595041322315,0.80605738575983,0.7052533705253371,cotta,M-2022-7
136,,14759,0.8616931009725214,0.8945050477674639,0.8777925531914894,cotta,M-2022-7
137,degraded_noncollapsed,1585,0.6521739130434783,0.1892744479495268,0.293398533007335,cotta,M-2022-7
138,degraded_noncollapsed,28132,0.8664807930607187,0.6959690032702972,0.771920832676234,cotta,M-2022-7
139,degraded_noncollapsed,1011,0.37763371150729336,0.2304648862512364,0.28624078624078625,cotta,M-2022-7
140,,13811,0.6997520188211356,0.7968286148722034,0.745141851174758,cotta,M-2022-7
141,,1364,0.7226640159045725,0.532991202346041,0.6135021097046414,cotta,M-2022-7
142,,23002,0.8344906875143712,0.7888879227893226,0.8110487853934342,cotta,M-2022-7
143,degraded_noncollapsed,2408,0.6685840707964602,0.6274916943521595,0.6473864610111397,cotta,M-2022-7
144,stable,3002,0.9953588004284184,0.9287141905396402,0.9608823022574531,cotta,M-2022-7
145,stable,1697,0.9952857984678845,0.9952857984678845,0.9952857984678845,cotta,M-2022-7
146,,4786,0.9871639622184548,0.8516506477225241,0.9144139091418957,cotta,M-2022-7
147,degraded_noncollapsed,55,0.1792452830188679,0.34545454545454546,0.2360248447204969,cotta,M-2022-7
148,,4632,0.9111111111111111,0.8762953367875648,0.8933641465830306,cotta,M-2022-7
149,,32883,0.7182226437198405,0.7830489918803029,0.7492361858759857,cotta,M-2022-7
150,degraded_noncollapsed,1436,0.8636788048552755,0.6441504178272981,0.7379337854008775,cotta,M-2022-7
151,,1469,0.7501494321578004,0.8543226684819605,0.7988542329726289,cotta,M-2022-7
152,degraded_noncollapsed,336,0.9103641456582633,0.9672619047619048,0.937950937950938,cotta,M-2022-7
153,,39925,0.7973142511965058,0.8595616781465247,0.82726867308689,cotta,M-2022-7
154,,1219,0.6802884615384616,0.4643150123051682,0.5519258898098488,cotta,M-2022-7
155,,5019,0.6113294040602488,0.7439729029687189,0.6711602408555766,cotta,M-2022-7
156,absorber,19602,0.7949979311296033,0.8821548821548821,0.8363117548908181,cotta,M-2022-7
157,,937,0.5796726959517657,0.7182497331910352,0.6415633937082936,cotta,M-2022-7
158,,5930,0.9079593267882188,0.8733558178752108,0.8903214715489084,cotta,M-2022-7
159,,1512,0.6807228915662651,0.44841269841269843,0.5406698564593302,cotta,M-2022-7
160,,1230,0.4575775307197191,0.6357723577235772,0.5321537938074175,cotta,M-2022-7
161,,1512,0.9926632428466617,0.8948412698412699,0.9412173913043478,cotta,M-2022-7
162,,241,0.5205479452054794,0.4730290456431535,0.4956521739130435,cotta,M-2022-7
163,final_collapsed;gradual_collapsed,1276,0.11498257839721254,0.02586206896551724,0.04222648752399232,cotta,M-2022-7
164,,1702,0.2644428329707518,0.6427732079905993,0.3747216989210481,cotta,M-2022-7
165,,5683,0.7691385511217674,0.7902516276614464,0.7795521610831453,cotta,M-2022-7
166,degraded_noncollapsed,1530,0.6252873563218391,0.5333333333333333,0.5756613756613757,cotta,M-2022-7
167,degraded_noncollapsed,23,0.023255813953488372,0.21739130434782608,0.04201680672268908,cotta,M-2022-7
168,,2156,0.6722532588454376,0.8371985157699443,0.745713695517455,cotta,M-2022-7
169,,2090,0.8870689655172413,0.9846889952153111,0.9333333333333333,cotta,M-2022-7
170,,1882,0.593939393939394,0.7290116896918172,0.6545801526717557,cotta,M-2022-7
171,,6243,0.7191531591134634,0.6964600352394682,0.7076247050207503,cotta,M-2022-7
172,,5217,0.8504877563209238,0.8188614146060954,0.834375,cotta,M-2022-7
173,degraded_noncollapsed,1718,0.9966375252185609,0.8626309662398137,0.924804992199688,cotta,M-2022-7
174,final_collapsed;abrupt_collapsed,1067,0.0,0.0,0.0,cotta,M-2022-7
175,,32188,0.735049159625966,0.7595066484404126,0.7470777881339099,cotta,M-2022-7
176,degraded_noncollapsed,1623,0.5546292233435718,0.7788046826863833,0.6478728856996412,cotta,M-2022-7
177,,1188,0.3738532110091743,0.9604377104377104,0.5382075471698113,cotta,M-2022-7
0,,862,0.8624454148471615,0.9164733178654292,0.8886389201349831,cotta,M-2022-8
1,,5146,0.8805343511450382,0.8966187329965022,0.8885037550548815,cotta,M-2022-8
2,absorber,5944,0.6268919911829537,0.7176985195154778,0.6692289591340498,cotta,M-2022-8
3,,961,0.6909620991253644,0.9864724245577523,0.8126875267895414,cotta,M-2022-8
4,,537,0.7779456193353474,0.9590316573556797,0.8590492076730609,cotta,M-2022-8
5,absorber,2001,0.5734980826587133,0.672663668165917,0.6191352345906164,cotta,M-2022-8
6,degraded_noncollapsed,1603,0.1679525222551929,0.35308796007485965,0.22762919766740397,cotta,M-2022-8
7,,14,0.5,0.07142857142857142,0.125,cotta,M-2022-8
8,stable,2212,0.8835143139190523,0.8092224231464737,0.8447380840018877,cotta,M-2022-8
9,degraded_noncollapsed,1272,0.7696245733788396,0.35455974842767296,0.48546824542518835,cotta,M-2022-8
10,final_collapsed;gradual_collapsed,1331,0.8319763138415989,0.8444778362133734,0.8381804623415362,cotta,M-2022-8
11,degraded_noncollapsed,1630,0.40294117647058825,0.25214723926380367,0.31018867924528304,cotta,M-2022-8
12,degraded_noncollapsed,2224,0.8096716947648624,0.8205935251798561,0.8150960250111657,cotta,M-2022-8
13,absorber,1200,0.42694805194805197,0.6575,0.5177165354330708,cotta,M-2022-8
14,absorber;degraded_noncollapsed,6466,0.2683061619231832,0.3003402412619858,0.28342089900758904,cotta,M-2022-8
15,stable,491,0.8307692307692308,0.769857433808554,0.7991543340380549,cotta,M-2022-8
16,,677,0.2512437810945274,0.14918759231905465,0.1872103799814643,cotta,M-2022-8
17,,10142,0.9564319433516916,0.9588838493393808,0.9576563269325455,cotta,M-2022-8
18,,15084,0.8386927647675638,0.9544550517104217,0.8928372093023256,cotta,M-2022-8
19,degraded_noncollapsed,11453,0.8780884887952499,0.8005762682266655,0.837542817994976,cotta,M-2022-8
20,,1430,0.8261744966442953,0.8608391608391608,0.8431506849315068,cotta,M-2022-8
21,,1311,0.9292487235594457,0.9717772692601068,0.9500372856077554,cotta,M-2022-8
22,,752,0.7834394904458599,0.8178191489361702,0.8002602472348731,cotta,M-2022-8
23,,4529,0.8540145985401459,0.9300066239788033,0.890392136137829,cotta,M-2022-8
24,degraded_noncollapsed,4554,0.9591335417597141,0.943126921387791,0.9510628875110717,cotta,M-2022-8
25,,39522,0.9062087509166463,0.9380345124234604,0.9218470260592799,cotta,M-2022-8
26,final_collapsed;abrupt_collapsed,1103,0.6955810147299509,0.7706255666364461,0.7311827956989247,cotta,M-2022-8
27,,1901,0.8406156901688183,0.8905839032088374,0.8648786717752235,cotta,M-2022-8
28,degraded_noncollapsed,9168,0.760837798343887,0.6815008726003491,0.7189873417721518,cotta,M-2022-8
29,,21945,0.8405672999732405,0.7156983367509683,0.773123307900566,cotta,M-2022-8
30,,3306,0.9977917981072555,0.956745311554749,0.9768375540457073,cotta,M-2022-8
31,,4666,0.9743205649475711,0.9757822546078011,0.975050861976657,cotta,M-2022-8
32,degraded_noncollapsed,2218,0.5106496272630457,0.43237150586113615,0.46826171875,cotta,M-2022-8
33,,286,0.8636363636363636,0.6643356643356644,0.7509881422924901,cotta,M-2022-8
34,degraded_noncollapsed,758,0.8491228070175438,0.9577836411609498,0.9001859888406696,cotta,M-2022-8
35,,1273,0.9527754763877382,0.9033778476040848,0.9274193548387096,cotta,M-2022-8
36,degraded_noncollapsed,629,0.8576779026217228,0.7281399046104928,0.7876182287188306,cotta,M-2022-8
37,,574,0.9700704225352113,0.9599303135888502,0.9649737302977233,cotta,M-2022-8
38,final_collapsed;abrupt_collapsed,973,0.625,0.030832476875642344,0.058765915768854066,cotta,M-2022-8
39,,5926,0.946958981612447,0.9038137023287209,0.924883439820411,cotta,M-2022-8
40,degraded_noncollapsed,1203,0.9806763285024155,0.6749792186201163,0.7996061053668144,cotta,M-2022-8
41,,1928,0.7981254506128335,0.5741701244813278,0.6678733031674208,cotta,M-2022-8
42,degraded_noncollapsed,713,0.3908872901678657,0.22861150070126227,0.2884955752212389,cotta,M-2022-8
43,,2868,0.8664521319388576,0.7510460251046025,0.8046320508031378,cotta,M-2022-8
44,stable,1328,0.9766233766233766,0.8493975903614458,0.9085783326621023,cotta,M-2022-8
45,absorber,1779,0.561078348778433,0.7487352445193929,0.6414640019263184,cotta,M-2022-8
46,absorber,4667,0.5464342313787639,0.7388043711163488,0.6282226473535575,cotta,M-2022-8
47,final_collapsed;gradual_collapsed,10,0.07142857142857142,0.1,0.08333333333333333,cotta,M-2022-8
48,final_collapsed;abrupt_collapsed,4626,0.0,0.0,0.0,cotta,M-2022-8
49,,13190,0.8031686730316867,0.8801364670204701,0.8398929243235422,cotta,M-2022-8
50,degraded_noncollapsed,9033,0.41203703703703703,0.0295582862836267,0.055159590951348,cotta,M-2022-8
51,,15789,0.9089701798865145,0.9537019443916651,0.9307989491577808,cotta,M-2022-8
52,,1110,0.7458926615553122,0.6135135135135135,0.6732575383094415,cotta,M-2022-8
53,,5275,0.8708603469423515,0.9421800947867298,0.9051174649426335,cotta,M-2022-8
54,degraded_noncollapsed,3681,0.3476357267950963,0.21570225482205924,0.266219614417435,cotta,M-2022-8
55,degraded_noncollapsed,4870,0.9887031179394488,0.8985626283367556,0.9414802065404475,cotta,M-2022-8
56,final_collapsed;abrupt_collapsed,10210,0.004322766570605188,0.0002938295788442703,0.0005502567865003668,cotta,M-2022-8
57,stable,1913,0.9941921858500528,0.9843178254051228,0.9892303651168899,cotta,M-2022-8
58,,1356,0.9977924944812362,1.0,0.9988950276243094,cotta,M-2022-8
59,stable,4909,0.9530580444098169,0.99674068038297,0.9744100368415812,cotta,M-2022-8
60,,21862,0.8788219036102954,0.9308388985454212,0.9040828113199165,cotta,M-2022-8
61,,12446,0.5826931284677763,0.8775510204081632,0.700352677140109,cotta,M-2022-8
62,stable,8482,0.9262516914749662,0.9684036783777411,0.9468587896253602,cotta,M-2022-8
63,,8412,0.7808274743104381,0.6865192582025678,0.7306427125506073,cotta,M-2022-8
64,stable,3965,0.9067729083665339,0.8610340479192938,0.8833117723156533,cotta,M-2022-8
65,,2348,0.9224467504096122,0.719335604770017,0.8083273510409189,cotta,M-2022-8
66,final_collapsed;abrupt_collapsed,2980,0.8802480916030534,0.6191275167785235,0.7269503546099291,cotta,M-2022-8
67,,1258,0.3223480947476828,0.24880763116057233,0.28084342754598474,cotta,M-2022-8
68,,3673,0.5029110936270653,0.8701334059352028,0.6374152373354607,cotta,M-2022-8
69,final_collapsed;abrupt_collapsed,517,0.6512261580381471,0.9245647969052224,0.7641886490807354,cotta,M-2022-8
70,degraded_noncollapsed,1217,0.6972704714640199,0.4617912900575185,0.555610479485912,cotta,M-2022-8
71,absorber,73697,0.8143461059021191,0.815528447562316,0.814936847885777,cotta,M-2022-8
72,,8133,0.6553410553410554,0.6260912332472642,0.6403823178016727,cotta,M-2022-8
73,,12129,0.9605939463163906,0.9707313051364498,0.9656360206675961,cotta,M-2022-8
74,,3591,0.7199858757062146,0.5678084099136731,0.6349058072551768,cotta,M-2022-8
75,degraded_noncollapsed,16576,0.6374775363502696,0.7062017374517374,0.6700821431637998,cotta,M-2022-8
76,stable,3558,0.8923431203223949,0.8712759977515458,0.8816837315130831,cotta,M-2022-8
77,,38646,0.876576819407008,0.8415101174765823,0.8586856071607741,cotta,M-2022-8
78,,29549,0.9592370845731905,0.9054790348235134,0.9315831621461649,cotta,M-2022-8
79,,9419,0.7790067470412565,0.7477439218600701,0.7630552546045504,cotta,M-2022-8
80,degraded_noncollapsed,1839,0.4963898916967509,0.29907558455682437,0.3732609433322022,cotta,M-2022-8
81,,2870,0.9528403001071811,0.9292682926829269,0.9409066854824484,cotta,M-2022-8
82,,36090,0.7439033448045357,0.8325574951510114,0.7857376341836535,cotta,M-2022-8
83,,22940,0.9460047898976703,0.9470357454228422,0.9465199869295283,cotta,M-2022-8
84,,2107,0.9728958630527818,0.9710488846701472,0.9719714964370546,cotta,M-2022-8
85,,502,0.9076923076923077,0.9402390438247012,0.923679060665362,cotta,M-2022-8
86,,16937,0.8001838798651547,0.7707976619235992,0.7852159268615422,cotta,M-2022-8
87,,7898,0.9360920666013712,0.9680931881488984,0.9518237271256069,cotta,M-2022-8
88,,291,0.29508196721311475,0.4948453608247423,0.36970474967907574,cotta,M-2022-8
89,,579,0.9096509240246407,0.7651122625215889,0.8311444652908068,cotta,M-2022-8
90,,4021,0.8621780388612743,0.9490176572991793,0.9035160411980585,cotta,M-2022-8
91,,3006,0.8194077982996189,0.9298070525615436,0.8711235779959483,cotta,M-2022-8
92,,1004,0.9576086956521739,0.8774900398406374,0.9158004158004158,cotta,M-2022-8
93,,26793,0.8497214156791965,0.8082708170044415,0.8284779739474741,cotta,M-2022-8
94,stable,128,0.07529722589167767,0.4453125,0.1288135593220339,cotta,M-2022-8
95,,43638,0.9765945521802488,0.9982354828360603,0.9872964427773308,cotta,M-2022-8
96,absorber;degraded_noncollapsed,42812,0.818537130094919,0.856068392039615,0.8368821857124916,cotta,M-2022-8
97,,35301,0.8914044270669105,0.8008271720347866,0.8436917108110125,cotta,M-2022-8
98,stable,52264,0.9937697690022046,0.9918873411908771,0.9928276628139693,cotta,M-2022-8
99,stable,18023,0.913522834151949,0.9700382844143595,0.9409326982589273,cotta,M-2022-8
100,,12122,0.8474631484648587,0.8584392014519057,0.8529158641039302,cotta,M-2022-8
101,degraded_noncollapsed,47771,0.9702327663384065,0.4537271566431517,0.6183052588038966,cotta,M-2022-8
102,,34377,0.8240038638010142,0.992582249760014,0.9004710570414451,cotta,M-2022-8
103,degraded_noncollapsed,1686,0.514502307185234,0.9258600237247924,0.6614406779661017,cotta,M-2022-8
104,final_collapsed;gradual_collapsed,1405,0.3220338983050847,0.12170818505338078,0.17665289256198347,cotta,M-2022-8
105,absorber;degraded_noncollapsed,2363,0.595391008689082,0.6669487939060517,0.6291417165668662,cotta,M-2022-8
106,,2346,0.9304488475535786,0.9808184143222506,0.9549699107698693,cotta,M-2022-8
107,stable,2385,0.905348210850327,0.9865828092243186,0.9442215088282504,cotta,M-2022-8
108,,6942,0.921412471825695,0.8833189282627485,0.9019636684562771,cotta,M-2022-8
109,final_collapsed;abrupt_collapsed,1309,0.9700078926598263,0.9388846447669977,0.9541925465838509,cotta,M-2022-8
110,,5689,0.8404710920770878,0.827913517314115,0.8341450456034711,cotta,M-2022-8
111,degraded_noncollapsed,1028,0.5545556805399325,0.4795719844357977,0.5143453312467396,cotta,M-2022-8
112,degraded_noncollapsed,2194,0.7807748896517901,0.7256153144940748,0.7521852114339712,cotta,M-2022-8
113,stable,1939,0.9901808785529715,0.9881382155750387,0.9891584925141972,cotta,M-2022-8
114,,2359,0.9737936772046589,0.9923696481559983,0.982993911400378,cotta,M-2022-8
115,,13747,0.8844919786096257,0.7820615406997891,0.830128947571616,cotta,M-2022-8
116,,3304,0.9071146245059288,0.8335351089588378,0.8687697160883281,cotta,M-2022-8
117,,52510,0.6078809834897256,0.7796991049323938,0.6831522918022392,cotta,M-2022-8
118,degraded_noncollapsed,1152,0.2746844840386043,0.9635416666666666,0.42749855574812246,cotta,M-2022-8
119,stable,2335,0.9375276916260523,0.9062098501070663,0.921602787456446,cotta,M-2022-8
120,,1976,0.7336082474226804,0.9003036437246964,0.8084526244035446,cotta,M-2022-8
121,final_collapsed;gradual_collapsed,20,0.0,0.0,0.0,cotta,M-2022-8
122,,45228,0.8910579048873418,0.8376669319890333,0.8635379390513528,cotta,M-2022-8
123,degraded_noncollapsed,4318,0.9520383693045563,0.8274664196387216,0.8853921447156486,cotta,M-2022-8
124,,22927,0.8942003514938489,0.8876870065861212,0.8909317749031453,cotta,M-2022-8
125,,3584,0.6907772020725389,0.9299665178571429,0.7927220834819836,cotta,M-2022-8
126,,1562,0.9185236768802229,0.8444302176696543,0.8799199466310874,cotta,M-2022-8
127,,1951,0.822180916976456,0.6801640184520759,0.7444600280504908,cotta,M-2022-8
128,stable,1974,0.9430025445292621,0.9387031408308004,0.9408479309469409,cotta,M-2022-8
129,degraded_noncollapsed,23034,0.8679021436753396,0.9210297820613007,0.8936770714857407,cotta,M-2022-8
130,stable,4970,0.7506854009595614,0.8814889336016096,0.8108458263927447,cotta,M-2022-8
131,stable,27511,0.9038541522251491,0.9479117443931518,0.9253588346965208,cotta,M-2022-8
132,stable,12301,0.9337926098237452,0.8484676042598163,0.889087656529517,cotta,M-2022-8
133,,44441,0.8414739317914544,0.966044868477307,0.8994667979593761,cotta,M-2022-8
134,,7338,0.9316834235627739,0.9850095393840284,0.9576046634870164,cotta,M-2022-8
135,,1863,0.5633475397132894,0.7804616210413312,0.6543654365436543,cotta,M-2022-8
136,,17935,0.8629213483146068,0.877836632283245,0.8703150912106136,cotta,M-2022-8
137,degraded_noncollapsed,1268,0.5187376725838264,0.20741324921135645,0.2963380281690141,cotta,M-2022-8
138,degraded_noncollapsed,27037,0.8579102057362927,0.6261789399711506,0.7239528767826217,cotta,M-2022-8
139,degraded_noncollapsed,1361,0.4191461836998706,0.23806024981631155,0.3036551077788191,cotta,M-2022-8
140,,6533,0.5189504373177842,0.7084034899739783,0.5990550773412724,cotta,M-2022-8
141,,1310,0.724373576309795,0.4854961832061069,0.5813528336380256,cotta,M-2022-8
142,,20740,0.7298288508557457,0.7484088717454195,0.7390020948390783,cotta,M-2022-8
143,degraded_noncollapsed,2610,0.6357142857142857,0.5455938697318008,0.5872164948453609,cotta,M-2022-8
144,stable,2946,0.9942979330007128,0.9470468431771895,0.9700973574408901,cotta,M-2022-8
145,stable,1596,0.993734335839599,0.993734335839599,0.993734335839599,cotta,M-2022-8
146,,5430,0.9854875283446712,0.8003683241252302,0.8833333333333333,cotta,M-2022-8
147,degraded_noncollapsed,19,0.04,0.2631578947368421,0.06944444444444445,cotta,M-2022-8
148,,5228,0.895870736086176,0.8590283091048202,0.8770627868372229,cotta,M-2022-8
149,,36383,0.7058088043761396,0.7447434241266525,0.7247535875249087,cotta,M-2022-8
150,degraded_noncollapsed,1240,0.8375634517766497,0.532258064516129,0.650887573964497,cotta,M-2022-8
151,,1581,0.6939313984168866,0.8317520556609741,0.7566168009205984,cotta,M-2022-8
152,degraded_noncollapsed,356,0.9463276836158192,0.9410112359550562,0.9436619718309859,cotta,M-2022-8
153,,41882,0.7812846444489694,0.8245069480922592,0.8023140995109258,cotta,M-2022-8
154,,1349,0.6887640449438203,0.45441067457375833,0.5475658776239393,cotta,M-2022-8
155,,4958,0.5778225181973052,0.7525211778943123,0.6537012702584318,cotta,M-2022-8
156,absorber,21541,0.7564603306111177,0.890116521981338,0.8178638457601092,cotta,M-2022-8
157,,1614,0.6067244014263882,0.7379182156133829,0.6659211629857422,cotta,M-2022-8
158,,5881,0.8547247023809523,0.7813297058323414,0.8163809185395754,cotta,M-2022-8
159,,1687,0.6494156928213689,0.46117368109069357,0.5393414211438475,cotta,M-2022-8
160,,1280,0.4731631057842626,0.709375,0.567677399187246,cotta,M-2022-8
161,,1187,0.9869888475836431,0.8946925021061499,0.9385771100309324,cotta,M-2022-8
162,,225,0.5296803652968036,0.5155555555555555,0.5225225225225225,cotta,M-2022-8
163,final_collapsed;gradual_collapsed,2303,0.06461538461538462,0.00911854103343465,0.01598173515981735,cotta,M-2022-8
164,,1787,0.20587688302027152,0.6194739787353106,0.30904522613065327,cotta,M-2022-8
165,,6246,0.5888233786208664,0.7355107268651937,0.6540432801822323,cotta,M-2022-8
166,degraded_noncollapsed,2008,0.7071045576407506,0.525398406374502,0.6028571428571429,cotta,M-2022-8
167,degraded_noncollapsed,28,0.020512820512820513,0.14285714285714285,0.03587443946188341,cotta,M-2022-8
168,,3413,0.7193426042983565,0.8335774978025198,0.7722584147665581,cotta,M-2022-8
169,,2076,0.8394704178733968,0.9773603082851637,0.9031827286890719,cotta,M-2022-8
170,,2430,0.640913671481357,0.7851851851851852,0.7057518032180506,cotta,M-2022-8
171,,5885,0.7328859060402685,0.7422259983007646,0.737526382439848,cotta,M-2022-8
172,,6233,0.8683797567673598,0.7102518851275469,0.7813961697996646,cotta,M-2022-8
173,degraded_noncollapsed,2317,0.9959866220735786,0.642641346568839,0.7812172088142707,cotta,M-2022-8
174,final_collapsed;abrupt_collapsed,1419,0.0,0.0,0.0,cotta,M-2022-8
175,,38323,0.7503246339910885,0.7689638076351016,0.7595298847908452,cotta,M-2022-8
176,degraded_noncollapsed,1662,0.45948789898281306,0.7882069795427196,0.5805450919565699,cotta,M-2022-8
177,,1371,0.389009624340267,0.9139314369073669,0.5457317073170732,cotta,M-2022-8
0,,1520,0.8862158647594278,0.8967105263157895,0.8914323086984958,cotta,M-2022-9
1,,3720,0.8510209226115453,0.9075268817204301,0.8783660725900871,cotta,M-2022-9
2,absorber,5358,0.511939858490566,0.6481896229936543,0.5720639103936749,cotta,M-2022-9
3,,1029,0.7861685214626392,0.9611273080660836,0.8648885002186271,cotta,M-2022-9
4,,1001,0.8762420957542909,0.9690309690309691,0.920303605313093,cotta,M-2022-9
5,absorber,2682,0.5642118076688983,0.6912751677852349,0.621313672922252,cotta,M-2022-9
6,degraded_noncollapsed,1625,0.22596964586846544,0.32984615384615384,0.2682011508631474,cotta,M-2022-9
7,,17,0.3333333333333333,0.058823529411764705,0.1,cotta,M-2022-9
8,stable,1739,0.8400441257584115,0.8757906843013226,0.857545045045045,cotta,M-2022-9
9,degraded_noncollapsed,1470,0.5355191256830601,0.2,0.2912332838038633,cotta,M-2022-9
10,final_collapsed;gradual_collapsed,930,0.7395348837209302,0.8548387096774194,0.7930174563591023,cotta,M-2022-9
11,degraded_noncollapsed,1941,0.31197771587743733,0.1731066460587326,0.22266401590457258,cotta,M-2022-9
12,degraded_noncollapsed,3307,0.8602409638554217,0.8636226186876323,0.8619284744228157,cotta,M-2022-9
13,absorber,1491,0.2933572710951526,0.5479543930248155,0.382132834424696,cotta,M-2022-9
14,absorber;degraded_noncollapsed,7474,0.30383603379033375,0.29355097671929353,0.2986049676760803,cotta,M-2022-9
15,stable,529,0.8235294117647058,0.7145557655954632,0.7651821862348178,cotta,M-2022-9
16,,1595,0.2962962962962963,0.12539184952978055,0.1762114537444934,cotta,M-2022-9
17,,10138,0.922223313365413,0.9263168277766818,0.9242655381132818,cotta,M-2022-9
18,,26366,0.8708438570390616,0.954638549647273,0.9108179992400803,cotta,M-2022-9
19,degraded_noncollapsed,19469,0.8158879140311501,0.61615902203503,0.7020952826875805,cotta,M-2022-9
20,,1992,0.6588056295169266,0.8694779116465864,0.7496212940921878,cotta,M-2022-9
21,,2626,0.8867443554260743,0.9272658035034272,0.9065524944154877,cotta,M-2022-9
22,,853,0.7231578947368421,0.8053927315357562,0.762063227953411,cotta,M-2022-9
23,,8006,0.8452127062521047,0.9405445915563327,0.8903340230564588,cotta,M-2022-9
24,degraded_noncollapsed,9634,0.9617430673457839,0.8819804857795308,0.9201364448535384,cotta,M-2022-9
25,,43246,0.8875298593293816,0.9278777227951718,0.9072554206516087,cotta,M-2022-9
26,final_collapsed;abrupt_collapsed,1325,0.5433491686460807,0.690566037735849,0.6081754735792622,cotta,M-2022-9
27,,5401,0.9608853272276283,0.9324199222366228,0.946438639353505,cotta,M-2022-9
28,degraded_noncollapsed,10545,0.7630860828578516,0.5834044570886676,0.661256516364809,cotta,M-2022-9
29,,28520,0.8159026338017354,0.7451262272089761,0.778909943921123,cotta,M-2022-9
30,,958,0.9182389937106918,0.3048016701461378,0.45768025078369906,cotta,M-2022-9
31,,3609,0.9620774938169827,0.970074812967581,0.9660596026490066,cotta,M-2022-9
32,degraded_noncollapsed,1740,0.576874205844981,0.5218390804597701,0.547978273989137,cotta,M-2022-9
33,,452,0.7563451776649747,0.32964601769911506,0.4591679506933744,cotta,M-2022-9
34,degraded_noncollapsed,415,0.7407407407407407,0.963855421686747,0.837696335078534,cotta,M-2022-9
35,,2218,0.9473175447075882,0.8836789900811542,0.9143923489619781,cotta,M-2022-9
36,degraded_noncollapsed,325,0.5586592178770949,0.3076923076923077,0.3968253968253968,cotta,M-2022-9
37,,378,0.9224598930481284,0.9126984126984127,0.9175531914893617,cotta,M-2022-9
38,final_collapsed;abrupt_collapsed,94,0.3333333333333333,0.20212765957446807,0.25165562913907286,cotta,M-2022-9
39,,5608,0.9296703296703297,0.9051355206847361,0.9172388868810987,cotta,M-2022-9
40,degraded_noncollapsed,725,0.8953846153846153,0.4013793103448276,0.5542857142857143,cotta,M-2022-9
41,,2456,0.706920575940548,0.6197068403908795,0.6604469516164027,cotta,M-2022-9
42,degraded_noncollapsed,1420,0.46766917293233085,0.21901408450704227,0.2983213429256595,cotta,M-2022-9
43,,4351,0.8911236256369,0.7637324752930361,0.8225247524752475,cotta,M-2022-9
44,stable,1225,0.9723018147086915,0.8310204081632653,0.8961267605633803,cotta,M-2022-9
45,absorber,1547,0.7918819188191882,0.6936005171299289,0.7394900068917988,cotta,M-2022-9
46,absorber,10981,0.6972338006820765,0.6702486112375922,0.6834749500858986,cotta,M-2022-9
47,final_collapsed;gradual_collapsed,9,0.0,0.0,0.0,cotta,M-2022-9
48,final_collapsed;abrupt_collapsed,3003,0.0,0.0,0.0,cotta,M-2022-9
49,,29267,0.8258589573330609,0.828680766733864,0.827267455742402,cotta,M-2022-9
50,degraded_noncollapsed,7398,0.2611111111111111,0.02541227358745607,0.046316826804631686,cotta,M-2022-9
51,,15775,0.8607880576288839,0.9430744849445325,0.9000544497549761,cotta,M-2022-9
52,,1722,0.7244094488188977,0.6411149825783972,0.6802218114602587,cotta,M-2022-9
53,,7117,0.896489773355445,0.9114795559926936,0.9039225249076848,cotta,M-2022-9
54,degraded_noncollapsed,4884,0.7101045296167248,0.20864045864045863,0.3225193859787941,cotta,M-2022-9
55,degraded_noncollapsed,4695,0.9856338028169014,0.7452609158679446,0.8487568223165555,cotta,M-2022-9
56,final_collapsed;abrupt_collapsed,10537,0.023076923076923078,0.0005694220366328176,0.0011114198388441233,cotta,M-2022-9
57,stable,1758,0.9936672423719056,0.981797497155859,0.9876967095851216,cotta,M-2022-9
58,,1789,0.9983212087297146,0.9972051425377306,0.9977628635346756,cotta,M-2022-9
59,stable,5340,0.9569369369369369,0.9945692883895131,0.9753902662993572,cotta,M-2022-9
60,,40442,0.8927602804994258,0.9034666930418871,0.8980815789797097,cotta,M-2022-9
61,,17276,0.5405794556628621,0.8910048622366289,0.6729033245174969,cotta,M-2022-9
62,stable,17050,0.9303133903133903,0.9575953079178886,0.943757225433526,cotta,M-2022-9
63,,10110,0.766816674561819,0.6404549950544016,0.6979627034601703,cotta,M-2022-9
64,stable,3493,0.8654124457308249,0.8559977097051246,0.8606793321819228,cotta,M-2022-9
65,,2712,0.8997289972899729,0.7345132743362832,0.8087697929354446,cotta,M-2022-9
66,final_collapsed;abrupt_collapsed,3483,0.8647845468053492,0.5012919896640827,0.6346782988004362,cotta,M-2022-9
67,,2757,0.32431052093973445,0.230322814653609,0.26935312831389185,cotta,M-2022-9
68,,4418,0.34712476077645127,0.862154821186057,0.49496458969527646,cotta,M-2022-9
69,final_collapsed;abrupt_collapsed,323,0.04,0.04024767801857585,0.040123456790123455,cotta,M-2022-9
70,degraded_noncollapsed,1678,0.7382319173363949,0.3831942789034565,0.5045115731659474,cotta,M-2022-9
71,absorber,75189,0.7392050088758816,0.819654470733751,0.7773538259723387,cotta,M-2022-9
72,,10841,0.5032579840720779,0.5770685361129048,0.5376418013062908,cotta,M-2022-9
73,,15275,0.9118998978549541,0.9351227495908347,0.9233653317818934,cotta,M-2022-9
74,,3563,0.658966327329679,0.47235475722705583,0.5502697400686611,cotta,M-2022-9
75,degraded_noncollapsed,14009,0.5006171315724512,0.4342922407024056,0.4651020564177051,cotta,M-2022-9
76,stable,4617,0.9034406215316315,0.8815247996534546,0.8923481692611269,cotta,M-2022-9
77,,36366,0.8771616754810032,0.7434141780784249,0.8047687796746394,cotta,M-2022-9
78,,25845,0.9109793532652117,0.8382278970787387,0.8730907185749406,cotta,M-2022-9
79,,11394,0.833933049830989,0.6712304721783395,0.7437879893022125,cotta,M-2022-9
80,degraded_noncollapsed,1593,0.5359801488833746,0.2711864406779661,0.36015006252605253,cotta,M-2022-9
81,,3832,0.9083229813664596,0.954070981210856,0.9306351024564083,cotta,M-2022-9
82,,36697,0.6571335997407928,0.8290050957843965,0.7331309041835358,cotta,M-2022-9
83,,24627,0.9311883513386566,0.9660129126568401,0.9482810164424514,cotta,M-2022-9
84,,2869,0.9650959860383944,0.9637504356918787,0.9644227415416812,cotta,M-2022-9
85,,872,0.9077669902912622,0.8577981651376146,0.8820754716981132,cotta,M-2022-9
86,,39714,0.879878819965293,0.7532608148260059,0.8116614437073515,cotta,M-2022-9
87,,6519,0.8637745233489914,0.9590427979751496,0.9089190957330814,cotta,M-2022-9
88,,241,0.2125237191650854,0.46473029045643155,0.2916666666666667,cotta,M-2022-9
89,,675,0.8835978835978836,0.7422222222222222,0.8067632850241546,cotta,M-2022-9
90,,4709,0.8410571375395496,0.9596517307283925,0.8964491172386432,cotta,M-2022-9
91,,3602,0.8973322554567502,0.9244863964464186,0.910706960207849,cotta,M-2022-9
92,,1310,0.9743370402053037,0.8694656488549618,0.918918918918919,cotta,M-2022-9
93,,30365,0.8023896200877438,0.8492672484768649,0.8251631895558684,cotta,M-2022-9
94,stable,386,0.6612903225806451,0.5310880829015544,0.5890804597701149,cotta,M-2022-9
95,,29536,0.9683838817200753,0.9934656013001083,0.9807644099804469,cotta,M-2022-9
96,absorber;degraded_noncollapsed,52984,0.7712862409086381,0.7305412954854296,0.750361058069769,cotta,M-2022-9
97,,43419,0.8936441092938987,0.8406458002257077,0.8663351649003714,cotta,M-2022-9
98,stable,58568,0.9920733894801579,0.9915482857533124,0.9918107681140856,cotta,M-2022-9
99,stable,22477,0.8698657826649417,0.9572896738888642,0.91148624319573,cotta,M-2022-9
100,,27459,0.9096941853450277,0.7139007247168506,0.7999918380672544,cotta,M-2022-9
101,degraded_noncollapsed,51530,0.9726485932269835,0.625926644673006,0.7616866018821362,cotta,M-2022-9
102,,40247,0.8740409487483011,0.9906825353442492,0.9287136784487277,cotta,M-2022-9
103,degraded_noncollapsed,1956,0.515358361774744,0.6175869120654397,0.5618604651162791,cotta,M-2022-9
104,final_collapsed;gradual_collapsed,2027,0.13701923076923078,0.028120374938332512,0.04666393778141629,cotta,M-2022-9
105,absorber;degraded_noncollapsed,5045,0.6765685730149916,0.48305252725470765,0.5636636983925061,cotta,M-2022-9
106,,2618,0.920995670995671,0.9751718869365928,0.9473098330241188,cotta,M-2022-9
107,stable,2968,0.9157040274742428,0.9882075471698113,0.9505752714308864,cotta,M-2022-9
108,,6913,0.8670894996476392,0.8899175466512368,0.8783552255853798,cotta,M-2022-9
109,final_collapsed;abrupt_collapsed,1610,0.9712092130518234,0.9428571428571428,0.9568231957138355,cotta,M-2022-9
110,,3967,0.7038435903132637,0.7985883539198386,0.7482286254133207,cotta,M-2022-9
111,degraded_noncollapsed,1839,0.4739027283511269,0.4344752582925503,0.4533333333333333,cotta,M-2022-9
112,degraded_noncollapsed,1178,0.6484429065743945,0.7954159592529711,0.7144491040792985,cotta,M-2022-9
113,stable,2241,0.9834229390681004,0.9794734493529674,0.9814442208808406,cotta,M-2022-9
114,,1601,0.9699754901960784,0.9887570268582137,0.9792762140426848,cotta,M-2022-9
115,,17781,0.8924773532886964,0.7646364096507507,0.8236256247160382,cotta,M-2022-9
116,,3648,0.875950136819702,0.7897478070175439,0.8306184229494018,cotta,M-2022-9
117,,70006,0.6194813495868146,0.7752764048795817,0.688677689096423,cotta,M-2022-9
118,degraded_noncollapsed,2321,0.48886848749139317,0.917707884532529,0.637915543575921,cotta,M-2022-9
119,stable,3117,0.9301587301587302,0.8460057747834456,0.8860887096774194,cotta,M-2022-9
120,,2480,0.8063745019920319,0.8161290322580645,0.8112224448897796,cotta,M-2022-9
121,final_collapsed;gradual_collapsed,165,0.02127659574468085,0.012121212121212121,0.015444015444015444,cotta,M-2022-9
122,,56147,0.869474144368955,0.8501789944253477,0.8597183200057633,cotta,M-2022-9
123,degraded_noncollapsed,9087,0.8894207754906653,0.20446792120611862,0.33249821045096634,cotta,M-2022-9
124,,22061,0.8776022644265887,0.8713566928063098,0.8744683270783578,cotta,M-2022-9
125,,4063,0.6361045926919209,0.9340388875215359,0.7568052647322764,cotta,M-2022-9
126,,1866,0.8962099125364431,0.8236870310825295,0.8584194359117565,cotta,M-2022-9
127,,5140,0.8612559510315121,0.7391050583657588,0.7955187938435766,cotta,M-2022-9
128,stable,4300,0.9344812164579607,0.9718604651162791,0.9528043775649795,cotta,M-2022-9
129,degraded_noncollapsed,26014,0.8251282762446263,0.9148919812408703,0.8676947756024646,cotta,M-2022-9
130,stable,4858,0.6557014075597026,0.8534376286537669,0.7416152401395224,cotta,M-2022-9
131,stable,26109,0.8928728714034058,0.9318242751541614,0.9119328298067733,cotta,M-2022-9
132,stable,16414,0.9388159197412712,0.8665773120506884,0.9012513860288294,cotta,M-2022-9
133,,48332,0.7566902491541064,0.9670611603078706,0.8490386100035422,cotta,M-2022-9
134,,8132,0.9270833333333334,0.984997540580423,0.9551633675172907,cotta,M-2022-9
135,,3040,0.4720299884659746,0.5384868421052632,0.5030731407498463,cotta,M-2022-9
136,,19209,0.8276467770266673,0.8094643136029986,0.8184545741657017,cotta,M-2022-9
137,degraded_noncollapsed,698,0.7126030624263839,0.8667621776504298,0.7821590174531351,cotta,M-2022-9
138,degraded_noncollapsed,22985,0.8002674446875759,0.5728083532738742,0.6676978471993306,cotta,M-2022-9
139,degraded_noncollapsed,1588,0.35931307793923384,0.3425692695214106,0.35074145712443583,cotta,M-2022-9
140,,43801,0.8652377315256826,0.8276066756466748,0.8460039441287326,cotta,M-2022-9
141,,1280,0.6358024691358025,0.40234375,0.49282296650717705,cotta,M-2022-9
142,,27851,0.6822938980353754,0.8005457613730207,0.7367047200515455,cotta,M-2022-9
143,degraded_noncollapsed,3431,0.5791741472172351,0.47012532789274264,0.518983268983269,cotta,M-2022-9
144,stable,2630,0.993428681870893,0.9771863117870723,0.9852405597086448,cotta,M-2022-9
145,stable,1613,0.9975155279503105,0.9956602603843769,0.9965870307167235,cotta,M-2022-9
146,,5594,0.9824945295404814,0.8026456918126564,0.8835104289649744,cotta,M-2022-9
147,degraded_noncollapsed,2227,0.7316176470588235,0.17871576111360574,0.2872609166365933,cotta,M-2022-9
148,,5655,0.8841564163759867,0.8516357206012378,0.8675914249684742,cotta,M-2022-9
149,,51310,0.7179558120232402,0.7080491132332879,0.712968050867415,cotta,M-2022-9
150,degraded_noncollapsed,1340,0.8713692946058091,0.4701492537313433,0.6107610276296656,cotta,M-2022-9
151,,2080,0.7714535901926445,0.8471153846153846,0.8075160403299725,cotta,M-2022-9
152,degraded_noncollapsed,491,0.948,0.9653767820773931,0.9566094853683148,cotta,M-2022-9
153,,70434,0.8335937836016688,0.8255104069057557,0.829532403609516,cotta,M-2022-9
154,,2322,0.7996277915632755,0.5551248923341947,0.6553126588713777,cotta,M-2022-9
155,,7193,0.6966703256494694,0.7941053802307799,0.7422037422037422,cotta,M-2022-9
156,absorber,24938,0.7305401111993646,0.8851551848584489,0.8004496500707111,cotta,M-2022-9
157,,2878,0.4021280867295724,0.6959694232105629,0.5097340628578699,cotta,M-2022-9
158,,9684,0.8160552349546579,0.8177406030565881,0.8168970497214773,cotta,M-2022-9
159,,2037,0.48876745598057075,0.3951890034364261,0.4370249728555918,cotta,M-2022-9
160,,1444,0.4209881584320131,0.71398891966759,0.5296686360133573,cotta,M-2022-9
161,,874,0.9929278642149929,0.8032036613272311,0.888045540796964,cotta,M-2022-9
162,,192,0.4,0.4791666666666667,0.43601895734597157,cotta,M-2022-9
163,final_collapsed;gradual_collapsed,2053,0.08924949290060852,0.02143205065757428,0.03456402199528672,cotta,M-2022-9
164,,1875,0.1796351161702791,0.6144,0.277992277992278,cotta,M-2022-9
165,,6351,0.5738985522341423,0.867579908675799,0.6908224674022067,cotta,M-2022-9
166,degraded_noncollapsed,4856,0.818368745716244,0.4917627677100494,0.6143555441214305,cotta,M-2022-9
167,degraded_noncollapsed,47,0.06965174129353234,0.2978723404255319,0.11290322580645161,cotta,M-2022-9
168,,6371,0.7773409057812728,0.8378590488149427,0.8064662335700257,cotta,M-2022-9
169,,2069,0.8325678496868476,0.9637506041565974,0.8933691756272402,cotta,M-2022-9
170,,2824,0.5542758422113446,0.681657223796034,0.6114022550420836,cotta,M-2022-9
171,,7826,0.8038158440481128,0.7429082545361615,0.7721628262168803,cotta,M-2022-9
172,,9097,0.8594538630775204,0.7300208860063757,0.7894674274845459,cotta,M-2022-9
173,degraded_noncollapsed,3337,0.9912177985948478,0.5073419238837279,0.6711595639246779,cotta,M-2022-9
174,final_collapsed;abrupt_collapsed,1445,0.0,0.0,0.0,cotta,M-2022-9
175,,38778,0.6300987148444775,0.6979215018825107,0.6622782332069008,cotta,M-2022-9
176,degraded_noncollapsed,2678,0.5225744476464937,0.8125466766243465,0.6360713241742181,cotta,M-2022-9
177,,1300,0.4383954154727794,0.8238461538461539,0.5722682340368688,cotta,M-2022-9
0,,1642,0.9097744360902256,0.8842874543239951,0.8968499073502162,cotta,M-2022-10
1,,4956,0.858875625721987,0.9001210653753027,0.8790147783251232,cotta,M-2022-10
2,absorber,5086,0.41222102876238215,0.6791191506095163,0.5130337913108058,cotta,M-2022-10
3,,1139,0.8114874815905744,0.9675153643546971,0.8826591910292351,cotta,M-2022-10
4,,972,0.8331854480922803,0.9660493827160493,0.8947117675083373,cotta,M-2022-10
5,absorber,2902,0.5306177502023199,0.6778084079944866,0.5952489030110455,cotta,M-2022-10
6,degraded_noncollapsed,2429,0.32500904813608394,0.36969946480032934,0.3459167950693374,cotta,M-2022-10
7,,39,0.0,0.0,0.0,cotta,M-2022-10
8,stable,1940,0.8978215767634855,0.8922680412371135,0.8950361944157187,cotta,M-2022-10
9,degraded_noncollapsed,1291,0.4951644100580271,0.19829589465530598,0.2831858407079646,cotta,M-2022-10
10,final_collapsed;gradual_collapsed,1434,0.694074969770254,0.400278940027894,0.5077399380804953,cotta,M-2022-10
11,degraded_noncollapsed,2001,0.2973421926910299,0.17891054472763618,0.2234009360374415,cotta,M-2022-10
12,degraded_noncollapsed,2580,0.7474892395982783,0.6058139534883721,0.6692357096981374,cotta,M-2022-10
13,absorber,1607,0.29287031346035647,0.5930304915992533,0.39210039086607695,cotta,M-2022-10
14,absorber;degraded_noncollapsed,10007,0.41254523522316044,0.30758469071649847,0.3524158461186169,cotta,M-2022-10
15,stable,951,0.8455089820359282,0.7423764458464774,0.7905935050391937,cotta,M-2022-10
16,,2405,0.3745283018867924,0.16507276507276508,0.22914862914862916,cotta,M-2022-10
17,,11892,0.9179447852760736,0.9059031281533805,0.9118842051802946,cotta,M-2022-10
18,,43004,0.8949008069575752,0.9618872663008092,0.9271857173277147,cotta,M-2022-10
19,degraded_noncollapsed,29160,0.8150121065375303,0.6348765432098765,0.7137542168674699,cotta,M-2022-10
20,,2388,0.5925174013921114,0.8555276381909548,0.7001370801919122,cotta,M-2022-10
21,,3959,0.9073783359497645,0.8759787825208386,0.8914021334018764,cotta,M-2022-10
22,,1178,0.717391304347826,0.8123938879456706,0.7619426751592356,cotta,M-2022-10
23,,8236,0.8765847638281162,0.9486401165614375,0.9111901568604583,cotta,M-2022-10
24,degraded_noncollapsed,12024,0.957442748091603,0.8344976713240186,0.8917525773195877,cotta,M-2022-10
25,,46993,0.8938314134998385,0.8834081671738344,0.8885892249406023,cotta,M-2022-10
26,final_collapsed;abrupt_collapsed,1400,0.4945169712793734,0.6764285714285714,0.571342383107089,cotta,M-2022-10
27,,10235,0.9722363988976217,0.9306301905227161,0.9509784345047924,cotta,M-2022-10
28,degraded_noncollapsed,11735,0.7057783820530251,0.4423519386450788,0.5438449449973808,cotta,M-2022-10
29,,34921,0.8137062847233373,0.7255805962028579,0.7671207992733878,cotta,M-2022-10
30,,991,0.9077380952380952,0.3077699293642785,0.45968349660889224,cotta,M-2022-10
31,,1938,0.931316950220542,0.762641898864809,0.8385815602836879,cotta,M-2022-10
32,degraded_noncollapsed,1783,0.3934593765968319,0.43185642176107686,0.4117647058823529,cotta,M-2022-10
33,,124,0.5178571428571429,0.46774193548387094,0.4915254237288136,cotta,M-2022-10
34,degraded_noncollapsed,1682,0.759318423855165,0.4239001189060642,0.54406714994277,cotta,M-2022-10
35,,2194,0.9687800192122958,0.9193254329990884,0.9434050514499532,cotta,M-2022-10
36,degraded_noncollapsed,2648,0.9727610400330169,0.8901057401812689,0.9295996844803787,cotta,M-2022-10
37,,1115,0.9667318982387475,0.8860986547085202,0.9246607393542349,cotta,M-2022-10
38,final_collapsed;abrupt_collapsed,92,0.39344262295081966,0.2608695652173913,0.3137254901960784,cotta,M-2022-10
39,,4329,0.8798066359041968,0.924924924924925,0.9018018018018018,cotta,M-2022-10
40,degraded_noncollapsed,981,0.9513776337115073,0.5983690112130479,0.7346683354192741,cotta,M-2022-10
41,,2408,0.678391959798995,0.6166943521594684,0.6460735262127475,cotta,M-2022-10
42,degraded_noncollapsed,2235,0.6314553990610329,0.2407158836689038,0.3485584710074506,cotta,M-2022-10
43,,2062,0.7506799637352675,0.8031037827352085,0.7760074976569822,cotta,M-2022-10
44,stable,1081,0.9875835721107927,0.9565217391304348,0.9718045112781954,cotta,M-2022-10
45,absorber,1536,0.7780203784570596,0.6959635416666666,0.7347079037800688,cotta,M-2022-10
46,absorber,11714,0.6774076427339566,0.6371009049001195,0.6566363116448902,cotta,M-2022-10
47,final_collapsed;gradual_collapsed,34,0.0,0.0,0.0,cotta,M-2022-10
48,final_collapsed;abrupt_collapsed,2986,0.0,0.0,0.0,cotta,M-2022-10
49,,42912,0.8652407206852417,0.819188105891126,0.8415848695235815,cotta,M-2022-10
50,degraded_noncollapsed,3110,0.4479166666666667,0.11061093247588424,0.1774110366168128,cotta,M-2022-10
51,,16876,0.8309911047949892,0.9355297463853994,0.8801672473867596,cotta,M-2022-10
52,,2218,0.6514745308310992,0.6573489630297565,0.6543985637342908,cotta,M-2022-10
53,,11906,0.9294888597640891,0.893499076096086,0.9111387092629866,cotta,M-2022-10
54,degraded_noncollapsed,6595,0.7364939360529217,0.20257771038665656,0.31775478653823286,cotta,M-2022-10
55,degraded_noncollapsed,5643,0.9832915622389307,0.6257309941520468,0.764782326185835,cotta,M-2022-10
56,final_collapsed;abrupt_collapsed,10706,0.12195121951219512,0.0009340556697179152,0.0018539117538005192,cotta,M-2022-10
57,stable,2065,0.9917194349732099,0.9859564164648911,0.9888295288975231,cotta,M-2022-10
58,,2316,0.9961206896551724,0.9978411053540587,0.9969801553062986,cotta,M-2022-10
59,stable,8856,0.9810105496946141,0.9975158084914183,0.9891943340238508,cotta,M-2022-10
60,,59907,0.9022445413365455,0.8877259752616555,0.8949263777871266,cotta,M-2022-10
61,,22920,0.5419937514768043,0.9006980802792321,0.6767526102706158,cotta,M-2022-10
62,stable,24087,0.9402851687857985,0.9609747996844771,0.9505174113009198,cotta,M-2022-10
63,,12148,0.6597472168745292,0.648831083305894,0.6542436190080929,cotta,M-2022-10
64,stable,4110,0.8625244618395304,0.8579075425790754,0.8602098072700659,cotta,M-2022-10
65,,3253,0.9074733096085409,0.9406701506301876,0.9237735849056604,cotta,M-2022-10
66,final_collapsed;abrupt_collapsed,4226,0.8100694444444444,0.5520586843350687,0.6566282015198424,cotta,M-2022-10
67,,4304,0.3241291418861512,0.17727695167286245,0.22919795734454793,cotta,M-2022-10
68,,3689,0.3482133500995494,0.9007861208999729,0.5022672309552599,cotta,M-2022-10
69,final_collapsed;abrupt_collapsed,1232,0.037037037037037035,0.008928571428571428,0.014388489208633094,cotta,M-2022-10
70,degraded_noncollapsed,1735,0.7855579868708972,0.4138328530259366,0.542091355228388,cotta,M-2022-10
71,absorber,63797,0.6858147410873555,0.8316378513096228,0.751719691978549,cotta,M-2022-10
72,,10327,0.4531651670951157,0.5462380168490365,0.4953677277716795,cotta,M-2022-10
73,,13787,0.8606335454176256,0.9222455936752013,0.8903749868702077,cotta,M-2022-10
74,,3353,0.5803906836964688,0.46078138980017896,0.513715710723192,cotta,M-2022-10
75,degraded_noncollapsed,11581,0.46042149843702734,0.39426647094378725,0.4247837008093776,cotta,M-2022-10
76,stable,4405,0.8961431226765799,0.8755959137343927,0.8857503731771731,cotta,M-2022-10
77,,27623,0.8011264583612713,0.6488071534590739,0.716966035924311,cotta,M-2022-10
78,,16173,0.8032154340836013,0.7722747789525752,0.7874412886549191,cotta,M-2022-10
79,,12335,0.8525602104837078,0.6830158086745034,0.7584282306341991,cotta,M-2022-10
80,degraded_noncollapsed,1260,0.5451559934318555,0.2634920634920635,0.3552701979668272,cotta,M-2022-10
81,,3661,0.8984455958549222,0.9472821633433488,0.9222177901874751,cotta,M-2022-10
82,,35248,0.6804116461156172,0.8234509759418974,0.7451287448976972,cotta,M-2022-10
83,,32633,0.9352987612339082,0.9439830846076058,0.9396208574173771,cotta,M-2022-10
84,,1777,0.9439511653718091,0.9572312886888014,0.950544844928751,cotta,M-2022-10
85,,1115,0.8616236162361623,0.8376681614349776,0.8494770350159163,cotta,M-2022-10
86,,52904,0.8907271487586732,0.839577347648571,0.8643962245791573,cotta,M-2022-10
87,,7329,0.9067391023153538,0.9564742802565153,0.9309428950863213,cotta,M-2022-10
88,,229,0.18996415770609318,0.462882096069869,0.26937738246505716,cotta,M-2022-10
89,,613,0.8030560271646859,0.7716150081566069,0.7870216306156406,cotta,M-2022-10
90,,6090,0.8591443205784874,0.9364532019704433,0.8961345065996229,cotta,M-2022-10
91,,3610,0.925638179800222,0.9240997229916897,0.9248683116163017,cotta,M-2022-10
92,,1810,0.9485160508782556,0.8651933701657458,0.9049407685639989,cotta,M-2022-10
93,,34838,0.8293459174714662,0.8676732303806188,0.8480767612153859,cotta,M-2022-10
94,stable,350,0.6,0.54,0.5684210526315789,cotta,M-2022-10
95,,4023,0.8634361233480177,0.9743972160079543,0.9155669741912881,cotta,M-2022-10
96,absorber;degraded_noncollapsed,61021,0.7715533290457977,0.7470870683862932,0.7591231152222602,cotta,M-2022-10
97,,45643,0.861254067526713,0.8176281138400193,0.8388742778789309,cotta,M-2022-10
98,stable,59567,0.9972475979804462,0.9914550002518173,0.994342862915446,cotta,M-2022-10
99,stable,27230,0.926490984743412,0.9322071244950423,0.9293402650655341,cotta,M-2022-10
100,,27178,0.9028269363364744,0.7226801089116197,0.8027711360431611,cotta,M-2022-10
101,degraded_noncollapsed,55343,0.9782639864651737,0.6164284552698625,0.7562960007094085,cotta,M-2022-10
102,,56050,0.8696555819477435,0.9928813559322034,0.9271921494143717,cotta,M-2022-10
103,degraded_noncollapsed,2918,0.5835240274599542,0.5243317340644277,0.5523465703971119,cotta,M-2022-10
104,final_collapsed;gradual_collapsed,2391,0.06323185011709602,0.011292346298619825,0.0191625266146203,cotta,M-2022-10
105,absorber;degraded_noncollapsed,4902,0.4833245103229222,0.37250101999184004,0.4207373271889401,cotta,M-2022-10
106,,2736,0.9295874822190612,0.9554093567251462,0.9423215573179524,cotta,M-2022-10
107,stable,3189,0.9220170038111991,0.9862025713389777,0.953030303030303,cotta,M-2022-10
108,,5587,0.8185501066098081,0.6871308394487202,0.7471051863384256,cotta,M-2022-10
109,final_collapsed;abrupt_collapsed,1824,0.9620548744892002,0.9035087719298246,0.9318631608707945,cotta,M-2022-10
110,,8030,0.787922186418427,0.8221668742216688,0.8046803583399355,cotta,M-2022-10
111,degraded_noncollapsed,2242,0.48074179743223966,0.4509366636931311,0.4653624856156502,cotta,M-2022-10
112,degraded_noncollapsed,1706,0.7366898148148148,0.746189917936694,0.7414094350611532,cotta,M-2022-10
113,stable,4746,0.9884186144451463,0.9890434049726086,0.9887309110057925,cotta,M-2022-10
114,,820,0.9535714285714286,0.9768292682926829,0.9650602409638555,cotta,M-2022-10
115,,21104,0.8957006369426752,0.7996114480667172,0.8449329060684959,cotta,M-2022-10
116,,4100,0.9138972809667674,0.8853658536585366,0.8994053518334986,cotta,M-2022-10
117,,83533,0.6255012338062924,0.7768426849269151,0.6930055479316733,cotta,M-2022-10
118,degraded_noncollapsed,2917,0.8233735649102149,0.9588618443606445,0.8859676908457397,cotta,M-2022-10
119,stable,2621,0.9156118143459916,0.8279282716520412,0.8695652173913043,cotta,M-2022-10
120,,2381,0.8611111111111112,0.8202435951280974,0.8401806840180684,cotta,M-2022-10
121,final_collapsed;gradual_collapsed,205,0.017543859649122806,0.00975609756097561,0.012539184952978056,cotta,M-2022-10
122,,57235,0.8695612498174916,0.8324451821437931,0.8505985164290751,cotta,M-2022-10
123,degraded_noncollapsed,8886,0.8789719626168224,0.21168129642133693,0.3411935425358244,cotta,M-2022-10
124,,24809,0.8599806389157792,0.8951993228263937,0.8772366394122526,cotta,M-2022-10
125,,3524,0.5235756385068763,0.9074914869466515,0.6640365448504983,cotta,M-2022-10
126,,807,0.7441860465116279,0.7534076827757125,0.7487684729064039,cotta,M-2022-10
127,,8546,0.8925451368666278,0.7172946407676106,0.7953808226287791,cotta,M-2022-10
128,stable,4543,0.9019527235354573,0.9658815760510676,0.9328231292517006,cotta,M-2022-10
129,degraded_noncollapsed,31048,0.8570441781541881,0.9191252254573563,0.8869997668816536,cotta,M-2022-10
130,stable,6353,0.7441860465116279,0.8965842908861955,0.8133076318983365,cotta,M-2022-10
131,stable,26225,0.905286914055274,0.9330409914204004,0.9189544447365456,cotta,M-2022-10
132,stable,18623,0.9307184333371286,0.8778929280996617,0.9035342231064688,cotta,M-2022-10
133,,46808,0.7508401344215074,0.9689796615963083,0.8460756424007835,cotta,M-2022-10
134,,8353,0.918346997562597,0.9923380821261822,0.953909891248058,cotta,M-2022-10
135,,2978,0.4291485394655065,0.46373404969778376,0.44577146546158813,cotta,M-2022-10
136,,17861,0.8152757164059824,0.7996192822350372,0.8073716046242121,cotta,M-2022-10
137,degraded_noncollapsed,600,0.4866412213740458,0.425,0.45373665480427045,cotta,M-2022-10
138,degraded_noncollapsed,17872,0.7083974807557732,0.5664167412712623,0.6295006529444687,cotta,M-2022-10
139,degraded_noncollapsed,1906,0.1970649895178197,0.19727177334732424,0.19716832721552177,cotta,M-2022-10
140,,39024,0.8037958667229017,0.7325492004920049,0.7665205325181997,cotta,M-2022-10
141,,1846,0.6734563971992361,0.5731310942578548,0.6192566578870354,cotta,M-2022-10
142,,27783,0.6535538804284798,0.7707950905229817,0.7073492981007432,cotta,M-2022-10
143,degraded_noncollapsed,4318,0.5581687049231734,0.412227883279296,0.47422405754629016,cotta,M-2022-10
144,stable,2456,0.9888475836431226,0.9747557003257329,0.9817510764814436,cotta,M-2022-10
145,stable,1504,0.9953302201467645,0.9920212765957447,0.9936729936729937,cotta,M-2022-10
146,,5568,0.982324949014276,0.7785560344827587,0.8686504358280733,cotta,M-2022-10
147,degraded_noncollapsed,801,0.416403785488959,0.1647940074906367,0.23613595706618962,cotta,M-2022-10
148,,5342,0.8247496423462088,0.863347061025833,0.8436070971282239,cotta,M-2022-10
149,,56482,0.6857025545816449,0.6800573634078113,0.682868292162597,cotta,M-2022-10
150,degraded_noncollapsed,1195,0.8757921419518377,0.5782426778242677,0.6965725806451613,cotta,M-2022-10
151,,2077,0.7321500605082695,0.8738565238324506,0.7967515364354697,cotta,M-2022-10
152,degraded_noncollapsed,618,0.9400630914826499,0.9644012944983819,0.952076677316294,cotta,M-2022-10
153,,90325,0.8521519982427949,0.8160752836977581,0.8337235474421183,cotta,M-2022-10
154,,3149,0.7070619006102877,0.5150841536995872,0.5959948557780635,cotta,M-2022-10
155,,9885,0.6603958455810308,0.6818411734951947,0.6709471902842069,cotta,M-2022-10
156,absorber,24907,0.7606729253751798,0.891355843738708,0.8208455807590631,cotta,M-2022-10
157,,1745,0.398876404494382,0.732378223495702,0.516467973327945,cotta,M-2022-10
158,,11346,0.738057197635405,0.8142957870615195,0.7743043915521287,cotta,M-2022-10
159,,2457,0.47505091649694503,0.3797313797313797,0.4220764532911106,cotta,M-2022-10
160,,2407,0.504341164453524,0.8205234732031574,0.6247034635457852,cotta,M-2022-10
161,,929,0.9898477157360406,0.8396124865446717,0.9085614443797321,cotta,M-2022-10
162,,255,0.4944649446494465,0.5254901960784314,0.5095057034220533,cotta,M-2022-10
163,final_collapsed;gradual_collapsed,2116,0.1311706629055007,0.04395085066162571,0.06584070796460177,cotta,M-2022-10
164,,2237,0.1915648963362681,0.6030397854269111,0.29076409095807737,cotta,M-2022-10
165,,6592,0.6161768874610224,0.9892293689320388,0.7593595342066958,cotta,M-2022-10
166,degraded_noncollapsed,3035,0.6875320677270395,0.4415156507413509,0.5377207062600321,cotta,M-2022-10
167,degraded_noncollapsed,125,0.1187214611872146,0.208,0.1511627906976744,cotta,M-2022-10
168,,4172,0.6700507614213198,0.822627037392138,0.7385409941897999,cotta,M-2022-10
169,,2044,0.8174024860694384,0.9329745596868885,0.8713730865889879,cotta,M-2022-10
170,,3079,0.6325036603221084,0.7015264696329977,0.6652294425623653,cotta,M-2022-10
171,,7488,0.6558395032242655,0.7334401709401709,0.6924725759677216,cotta,M-2022-10
172,,8866,0.8186293070806513,0.7315587638168284,0.7726487581154328,cotta,M-2022-10
173,degraded_noncollapsed,1393,0.9706227967097533,0.592964824120603,0.7361853832442068,cotta,M-2022-10
174,final_collapsed;abrupt_collapsed,2702,0.0,0.0,0.0,cotta,M-2022-10
175,,36003,0.6043240816937233,0.6731105741188235,0.6368653421633554,cotta,M-2022-10
176,degraded_noncollapsed,3404,0.5383728969808712,0.6862514688601645,0.6033837014077231,cotta,M-2022-10
177,,1613,0.47881996974281393,0.7848729076255425,0.594785059901339,cotta,M-2022-10
0,,1567,0.89541639767592,0.8851308232291002,0.8902439024390244,cotta,M-2022-11
1,,7396,0.8962188254223652,0.903731746890211,0.8999596068399084,cotta,M-2022-11
2,absorber,7710,0.47453267021094153,0.717769130998703,0.5713400784637621,cotta,M-2022-11
3,,1321,0.75980687990344,0.9530658591975776,0.8455339153794493,cotta,M-2022-11
4,,1300,0.6082218920257553,0.9446153846153846,0.7399819222657427,cotta,M-2022-11
5,absorber,2225,0.46745751843539596,0.6552808988764045,0.5456586826347305,cotta,M-2022-11
6,degraded_noncollapsed,2352,0.46181262729124234,0.3856292517006803,0.42029657089898054,cotta,M-2022-11
7,,52,0.14285714285714285,0.038461538461538464,0.06060606060606061,cotta,M-2022-11
8,stable,2069,0.8910838227442606,0.8066698888351861,0.8467782851344495,cotta,M-2022-11
9,degraded_noncollapsed,1414,0.5231560891938251,0.2157001414427157,0.3054581872809214,cotta,M-2022-11
10,final_collapsed;gradual_collapsed,2038,0.43458980044345896,0.09617271835132483,0.15749296906388108,cotta,M-2022-11
11,degraded_noncollapsed,3055,0.34183006535947713,0.1711947626841244,0.22813522355507088,cotta,M-2022-11
12,degraded_noncollapsed,2343,0.4351378958120531,0.18181818181818182,0.25647200481637566,cotta,M-2022-11
13,absorber,2295,0.34203821656050953,0.46797385620915033,0.3952161913523459,cotta,M-2022-11
14,absorber;degraded_noncollapsed,12202,0.38445784503356467,0.27692181609572203,0.32194750131008526,cotta,M-2022-11
15,stable,848,0.7943696450428397,0.7653301886792453,0.7795795795795796,cotta,M-2022-11
16,,2260,0.27816901408450706,0.13982300884955753,0.18610129564193167,cotta,M-2022-11
17,,13481,0.7847728726807421,0.909873154810474,0.8427055065095669,cotta,M-2022-11
18,,45913,0.8923212709620476,0.9468560102803127,0.9187801166624397,cotta,M-2022-11
19,degraded_noncollapsed,38480,0.8177596200852015,0.6086018711018711,0.6978455853869305,cotta,M-2022-11
20,,2049,0.49169435215946844,0.8667642752562226,0.6274509803921569,cotta,M-2022-11
21,,4103,0.8934077618288144,0.8191567145990738,0.8546726001271456,cotta,M-2022-11
22,,1125,0.6698194325021496,0.6924444444444444,0.6809440559440559,cotta,M-2022-11
23,,8443,0.8375527426160337,0.9404240198981405,0.8860123863192546,cotta,M-2022-11
24,degraded_noncollapsed,3411,0.7706175680859225,0.5889768396364703,0.6676636756397474,cotta,M-2022-11
25,,49655,0.8642766948149317,0.882187090927399,0.8731400552128286,cotta,M-2022-11
26,final_collapsed;abrupt_collapsed,1647,0.4985133795837463,0.6108075288403157,0.5489768076398363,cotta,M-2022-11
27,,13927,0.9467675181960896,0.4763409205141093,0.6338014712907232,cotta,M-2022-11
28,degraded_noncollapsed,11258,0.6815633245382586,0.36711671700124354,0.47719662856483086,cotta,M-2022-11
29,,44227,0.8413533088600059,0.7669523141972099,0.8024318985604958,cotta,M-2022-11
30,,544,0.9005681818181818,0.5827205882352942,0.7075892857142857,cotta,M-2022-11
31,,1379,0.8714099216710183,0.9680928208846991,0.9172105805565098,cotta,M-2022-11
32,degraded_noncollapsed,1503,0.30453972257250944,0.3213572854291417,0.31272256393654907,cotta,M-2022-11
33,,210,0.6419753086419753,0.49523809523809526,0.5591397849462365,cotta,M-2022-11
34,degraded_noncollapsed,2035,0.8395331874544129,0.5656019656019656,0.6758661186142102,cotta,M-2022-11
35,,1657,0.9357739242132306,0.8792999396499698,0.9066583696328563,cotta,M-2022-11
36,degraded_noncollapsed,1121,0.9439655172413793,0.7814451382694023,0.8550512445095169,cotta,M-2022-11
37,,1388,0.9642276422764228,0.8544668587896254,0.906035141329259,cotta,M-2022-11
38,final_collapsed;abrupt_collapsed,90,0.41509433962264153,0.24444444444444444,0.3076923076923077,cotta,M-2022-11
39,,4557,0.8271604938271605,0.9409699363616414,0.8804024227492044,cotta,M-2022-11
40,degraded_noncollapsed,1040,0.9221014492753623,0.4894230769230769,0.6394472361809045,cotta,M-2022-11
41,,2746,0.675826363998407,0.6179898033503277,0.6456153699828799,cotta,M-2022-11
42,degraded_noncollapsed,2364,0.6464323748668797,0.25676818950930624,0.36754465637299427,cotta,M-2022-11
43,,2936,0.7896630683676807,0.8222070844686649,0.8056065409644585,cotta,M-2022-11
44,stable,1284,0.9786392405063291,0.9633956386292835,0.9709576138147566,cotta,M-2022-11
45,absorber,1723,0.7995951417004049,0.6877539175856066,0.7394695787831513,cotta,M-2022-11
46,absorber,12142,0.6978609625668449,0.6233734145939713,0.6585174873847225,cotta,M-2022-11
47,final_collapsed;gradual_collapsed,83,0.0,0.0,0.0,cotta,M-2022-11
48,final_collapsed;abrupt_collapsed,2978,0.09433962264150944,0.0016789791806581598,0.003299241174529858,cotta,M-2022-11
49,,48158,0.8595743746293897,0.8127206279330537,0.8354911357547683,cotta,M-2022-11
50,degraded_noncollapsed,1438,0.17352941176470588,0.12308762169680111,0.14401952807160293,cotta,M-2022-11
51,,16638,0.7976116303219107,0.9233080899146532,0.8558694077664494,cotta,M-2022-11
52,,2464,0.7727713178294574,0.6473214285714286,0.7045053003533569,cotta,M-2022-11
53,,8909,0.8612259790805157,0.7948142327982939,0.8266884595178332,cotta,M-2022-11
54,degraded_noncollapsed,8068,0.751953125,0.1908775409023302,0.3044681692368525,cotta,M-2022-11
55,degraded_noncollapsed,5499,0.9479229379891632,0.5726495726495726,0.7139780070286815,cotta,M-2022-11
56,final_collapsed;abrupt_collapsed,15132,0.02287581699346405,0.00046259582342056567,0.0009068532193289286,cotta,M-2022-11
57,stable,2855,0.9646655231560892,0.984938704028021,0.9746967071057192,cotta,M-2022-11
58,,204,0.9753694581280788,0.9705882352941176,0.972972972972973,cotta,M-2022-11
59,stable,9194,0.9832366215344939,0.9952142701762019,0.9891891891891892,cotta,M-2022-11
60,,58993,0.8964612916026846,0.8807485633888766,0.8885354675422396,cotta,M-2022-11
61,,24608,0.5232859612060687,0.8858094928478544,0.6579137993480623,cotta,M-2022-11
62,stable,25853,0.9283363255535607,0.9600433218581983,0.9439236342200841,cotta,M-2022-11
63,,14361,0.6281620236951649,0.5464104171018731,0.5844412169962387,cotta,M-2022-11
64,stable,2134,0.7382943143812709,0.8275538894095595,0.7803800265134777,cotta,M-2022-11
65,,3979,0.7599517490952955,0.9499874340286504,0.8444096950742768,cotta,M-2022-11
66,final_collapsed;abrupt_collapsed,3279,0.018456375838926176,0.003354681305275999,0.00567741935483871,cotta,M-2022-11
67,,2508,0.203125,0.15031897926634769,0.17277726856095327,cotta,M-2022-11
68,,3760,0.3875817743601515,0.8981382978723405,0.5414896175739597,cotta,M-2022-11
69,final_collapsed;abrupt_collapsed,2284,0.026385224274406333,0.0043782837127845885,0.007510326699211416,cotta,M-2022-11
70,degraded_noncollapsed,1791,0.6161369193154034,0.2814070351758794,0.38635492525871984,cotta,M-2022-11
71,absorber,64126,0.6249841588036729,0.8459595172005115,0.7188736127215505,cotta,M-2022-11
72,,9807,0.4294552587897993,0.5804017538492913,0.49364728329213825,cotta,M-2022-11
73,,14224,0.8388935134789012,0.921048931383577,0.8780536845279984,cotta,M-2022-11
74,,3465,0.544227353463588,0.44213564213564216,0.4878980891719745,cotta,M-2022-11
75,degraded_noncollapsed,11835,0.45459209851205745,0.37431347697507394,0.41056533827618164,cotta,M-2022-11
76,stable,4370,0.8929828678713917,0.8707093821510298,0.8817054802456262,cotta,M-2022-11
77,,29408,0.7897957561789716,0.6758705114254625,0.728405467805182,cotta,M-2022-11
78,,16972,0.7708774263772147,0.7511194909262314,0.7608702139723656,cotta,M-2022-11
79,,12791,0.7804765847824087,0.6632006879837385,0.7170752324598478,cotta,M-2022-11
80,degraded_noncollapsed,1702,0.5590062111801242,0.21151586368977673,0.3069053708439898,cotta,M-2022-11
81,,3461,0.9351535836177475,0.9500144466917076,0.9425254407338398,cotta,M-2022-11
82,,46016,0.7878170829452159,0.7903337969401947,0.7890734332114689,cotta,M-2022-11
83,,32724,0.9176406842634879,0.7245446766898912,0.8097401045046275,cotta,M-2022-11
84,,704,0.8067331670822943,0.9190340909090909,0.8592297476759628,cotta,M-2022-11
85,,1258,0.8599033816425121,0.7074721780604134,0.7762756214566071,cotta,M-2022-11
86,,51038,0.8531356119516948,0.8318899643402955,0.8423788502554437,cotta,M-2022-11
87,,6282,0.8749083443320135,0.9496975485514167,0.910770170216014,cotta,M-2022-11
88,,465,0.4219114219114219,0.7784946236559139,0.54724111866969,cotta,M-2022-11
89,,591,0.6568213783403657,0.7901861252115059,0.717357910906298,cotta,M-2022-11
90,,5937,0.8202538949798038,0.9577227556004716,0.8836739451394825,cotta,M-2022-11
91,,3441,0.8112726345320072,0.9244405696018599,0.8641673458299375,cotta,M-2022-11
92,,1467,0.6302996042962126,0.7600545330606681,0.6891223733003708,cotta,M-2022-11
93,,32818,0.7902376547602106,0.8460296178926199,0.8171824643503598,cotta,M-2022-11
94,stable,575,0.32216494845360827,0.43478260869565216,0.3700962250185048,cotta,M-2022-11
95,,4315,0.8695383347073372,0.9777520278099653,0.9204756190683975,cotta,M-2022-11
96,absorber;degraded_noncollapsed,63439,0.767947642833704,0.6640237078138054,0.7122145858165742,cotta,M-2022-11
97,,44830,0.8505556083198784,0.7990631273700647,0.8240057046902676,cotta,M-2022-11
98,stable,62033,0.99594788757406,0.9945029258620411,0.9952248822352714,cotta,M-2022-11
99,stable,29328,0.9386471437409776,0.931157937806874,0.9348875423641779,cotta,M-2022-11
100,,25788,0.7998548435298638,0.7265006979990694,0.7614151307634472,cotta,M-2022-11
101,degraded_noncollapsed,60583,0.9594277835229231,0.45941930904709244,0.6213208621209246,cotta,M-2022-11
102,,49858,0.8143885849229183,0.9821894179469693,0.8904526816317996,cotta,M-2022-11
103,degraded_noncollapsed,2627,0.439601921757035,0.4876284735439665,0.4623714131023281,cotta,M-2022-11
104,final_collapsed;gradual_collapsed,2719,0.06982543640897755,0.010297903641044501,0.017948717948717947,cotta,M-2022-11
105,absorber;degraded_noncollapsed,3883,0.2939579090291921,0.3345351532320371,0.31293664177306674,cotta,M-2022-11
106,,2900,0.7661315706641486,0.8393103448275862,0.8010531512259339,cotta,M-2022-11
107,stable,4847,0.8187991422444604,0.9453270063957087,0.8775256152446615,cotta,M-2022-11
108,,6216,0.8147309768413721,0.7527348777348777,0.7825068985701146,cotta,M-2022-11
109,final_collapsed;abrupt_collapsed,1499,0.6928622927180966,0.6410940627084724,0.665973665973666,cotta,M-2022-11
110,,9331,0.7904810644831116,0.8276712035151645,0.8086487618449296,cotta,M-2022-11
111,degraded_noncollapsed,2273,0.4244604316546763,0.3374395072591289,0.37598039215686274,cotta,M-2022-11
112,degraded_noncollapsed,1900,0.7178098676293622,0.6278947368421053,0.6698483997754071,cotta,M-2022-11
113,stable,5194,0.9918777799265133,0.9874855602618405,0.989676796912687,cotta,M-2022-11
114,,1403,0.9596100278551533,0.9821810406272273,0.9707643536456498,cotta,M-2022-11
115,,24533,0.8846366145354185,0.783923694615416,0.8312406803103322,cotta,M-2022-11
116,,4443,0.8673791595822201,0.8037362142696376,0.8343457943925233,cotta,M-2022-11
117,,94992,0.6298130056142522,0.7499052551793836,0.6846326472750688,cotta,M-2022-11
118,degraded_noncollapsed,4590,0.9280291527482539,0.6657952069716776,0.7753393378155524,cotta,M-2022-11
119,stable,2028,0.8994578610152785,0.8999013806706114,0.8996795661819078,cotta,M-2022-11
120,,1965,0.8783013982392542,0.8631043256997456,0.8706365503080082,cotta,M-2022-11
121,final_collapsed;gradual_collapsed,43,0.015748031496062992,0.046511627906976744,0.023529411764705882,cotta,M-2022-11
122,,62698,0.8635891851423321,0.8094995055663657,0.835670006339066,cotta,M-2022-11
123,degraded_noncollapsed,7947,0.8993418505613627,0.2923115641122436,0.44121557454890786,cotta,M-2022-11
124,,31849,0.8705122659581042,0.8846431599108292,0.8775208284668691,cotta,M-2022-11
125,,2900,0.47662863452337134,0.8931034482758621,0.6215502759779218,cotta,M-2022-11
126,,3815,0.8810386473429952,0.7648754914809961,0.8188578644590992,cotta,M-2022-11
127,,8210,0.8637539960420155,0.6911084043848965,0.7678462683537451,cotta,M-2022-11
128,stable,4728,0.907233019434983,0.9576988155668359,0.9317831052577425,cotta,M-2022-11
129,degraded_noncollapsed,35318,0.8026158891041884,0.6098589954131038,0.6930849181066383,cotta,M-2022-11
130,stable,7095,0.7952473058856038,0.8112755461592671,0.8031814693364961,cotta,M-2022-11
131,stable,27358,0.8952907222300437,0.9297828788654141,0.91221086605702,cotta,M-2022-11
132,stable,21202,0.9228395061728395,0.874351476275823,0.8979413901671107,cotta,M-2022-11
133,,51526,0.7278725294571724,0.9698986919225245,0.8316345633814536,cotta,M-2022-11
134,,8608,0.8777342137845646,0.9882667286245354,0.9297267759562842,cotta,M-2022-11
135,,2755,0.424326192121631,0.4457350272232305,0.43476721543636043,cotta,M-2022-11
136,,18290,0.8075334544853792,0.8017495899398579,0.8046311284260199,cotta,M-2022-11
137,degraded_noncollapsed,2562,0.8428781204111601,0.6721311475409836,0.7478827361563518,cotta,M-2022-11
138,degraded_noncollapsed,19416,0.6940003883243803,0.5522764730119489,0.6150801617575358,cotta,M-2022-11
139,degraded_noncollapsed,2252,0.23417366946778712,0.18561278863232683,0.20708446866485014,cotta,M-2022-11
140,,39677,0.7895835049282047,0.7248279859868437,0.7558212877792378,cotta,M-2022-11
141,,1798,0.6725552050473186,0.592880978865406,0.6302098728938812,cotta,M-2022-11
142,,27411,0.6303131823756394,0.7687424756484623,0.6926793990993064,cotta,M-2022-11
143,degraded_noncollapsed,6282,0.6405769685504847,0.43123209169054444,0.5154599942916944,cotta,M-2022-11
144,stable,3033,0.9903397734843438,0.9802176063303659,0.9852526926263463,cotta,M-2022-11
145,stable,1523,0.9967148488830486,0.9960604070912672,0.9963875205254515,cotta,M-2022-11
146,,6358,0.9718982986044733,0.7996225228059138,0.8773837259470187,cotta,M-2022-11
147,degraded_noncollapsed,661,0.5881057268722467,0.4039334341906203,0.4789237668161435,cotta,M-2022-11
148,,5510,0.8073015326330291,0.8508166969147005,0.828488115224883,cotta,M-2022-11
149,,43255,0.586251156118462,0.718044156744885,0.6454891202693435,cotta,M-2022-11
150,degraded_noncollapsed,1522,0.8482886216466234,0.602496714848883,0.704571648098348,cotta,M-2022-11
151,,1879,0.6422635536208944,0.8637573177221927,0.7367226509305492,cotta,M-2022-11
152,degraded_noncollapsed,861,0.8105781057810578,0.7653890824622532,0.7873357228195937,cotta,M-2022-11
153,,98813,0.8268149981126536,0.7980225274002408,0.8121636583670211,cotta,M-2022-11
154,,3641,0.6967821782178217,0.46388354847569346,0.5569661995053586,cotta,M-2022-11
155,,11344,0.3149922214034226,0.6782440056417489,0.4301928990774392,cotta,M-2022-11
156,absorber,26239,0.6828361538232758,0.8749952360989367,0.7670642477698707,cotta,M-2022-11
157,,1255,0.3244167962674961,0.8310756972111554,0.4666666666666667,cotta,M-2022-11
158,,11070,0.6955880068354824,0.8089430894308943,0.7479953224189776,cotta,M-2022-11
159,,2820,0.4908571428571429,0.3046099290780142,0.3759299781181619,cotta,M-2022-11
160,,1939,0.38850574712643676,0.6972666322846828,0.4989850525927293,cotta,M-2022-11
161,,785,0.9786910197869102,0.8191082802547771,0.8918169209431346,cotta,M-2022-11
162,,172,0.43352601156069365,0.436046511627907,0.43478260869565216,cotta,M-2022-11
163,final_collapsed;gradual_collapsed,2302,0.07879924953095685,0.018245004344048653,0.02962962962962963,cotta,M-2022-11
164,,2479,0.1056422569027611,0.6034691407825736,0.1798076923076923,cotta,M-2022-11
165,,5518,0.3832288401253918,0.8861906487857919,0.5350694824379035,cotta,M-2022-11
166,degraded_noncollapsed,2277,0.5292242295430393,0.43741765480895917,0.47896128877133926,cotta,M-2022-11
167,degraded_noncollapsed,74,0.05527638190954774,0.14864864864864866,0.08058608058608059,cotta,M-2022-11
168,,4608,0.6839811115147112,0.8172743055555556,0.7447103025509195,cotta,M-2022-11
169,,2048,0.7952218430034129,0.91015625,0.848816029143898,cotta,M-2022-11
170,,3086,0.4613159797541576,0.6202203499675956,0.5290946786454734,cotta,M-2022-11
171,,7763,0.6295009841380109,0.7003735669200052,0.6630487804878049,cotta,M-2022-11
172,,9888,0.7821330902461258,0.6941747572815534,0.735533647663952,cotta,M-2022-11
173,degraded_noncollapsed,1166,0.9664879356568364,0.6183533447684391,0.75418410041841,cotta,M-2022-11
174,final_collapsed;abrupt_collapsed,3249,0.0,0.0,0.0,cotta,M-2022-11
175,,35700,0.5847299356170442,0.6665266106442577,0.622954682304893,cotta,M-2022-11
176,degraded_noncollapsed,3833,0.48226950354609927,0.4257761544482129,0.45226548427324376,cotta,M-2022-11
177,,2272,0.5729362985299661,0.6690140845070423,0.617258883248731,cotta,M-2022-11
0,,950,0.8753993610223643,0.8652631578947368,0.8703017469560614,cotta,M-2022-12
1,,3117,0.7577213452299245,0.7083734359961501,0.7322168794561432,cotta,M-2022-12
2,absorber,3678,0.3854581673306773,0.6313213703099511,0.47866419294990725,cotta,M-2022-12
3,,743,0.8532544378698225,0.9703903095558546,0.9080604534005038,cotta,M-2022-12
4,,869,0.6130952380952381,0.9482163406214039,0.7446904654315409,cotta,M-2022-12
5,absorber,1080,0.31405990016638935,0.6990740740740741,0.4334098737083812,cotta,M-2022-12
6,degraded_noncollapsed,1684,0.6065573770491803,0.32957244655581946,0.42708734128510967,cotta,M-2022-12
7,,33,0.08860759493670886,0.21212121212121213,0.125,cotta,M-2022-12
8,stable,1142,0.9106628242074928,0.830122591943958,0.8685295464956482,cotta,M-2022-12
9,degraded_noncollapsed,910,0.41359773371104813,0.16043956043956045,0.23119556611243072,cotta,M-2022-12
10,final_collapsed;gradual_collapsed,1004,0.47619047619047616,0.099601593625498,0.16474464579901152,cotta,M-2022-12
11,degraded_noncollapsed,1749,0.2984934086629002,0.1812464265294454,0.2255425115617218,cotta,M-2022-12
12,degraded_noncollapsed,263,0.1980440097799511,0.30798479087452474,0.24107142857142858,cotta,M-2022-12
13,absorber,1090,0.31376623376623375,0.5541284403669725,0.40066334991708125,cotta,M-2022-12
14,absorber;degraded_noncollapsed,5821,0.24479407681628876,0.2726335681154441,0.25796488946684004,cotta,M-2022-12
15,stable,715,0.8402985074626865,0.7874125874125875,0.8129963898916968,cotta,M-2022-12
16,,1186,0.31221719457013575,0.1745362563237774,0.2239048134126555,cotta,M-2022-12
17,,8301,0.767910371055607,0.9000120467413565,0.8287298946200776,cotta,M-2022-12
18,,25658,0.8872441963924613,0.8550159794216229,0.8708320101619562,cotta,M-2022-12
19,degraded_noncollapsed,22936,0.7254901960784313,0.519445413324032,0.6054169419177804,cotta,M-2022-12
20,,1125,0.42567567567567566,0.784,0.5517672818267125,cotta,M-2022-12
21,,2095,0.873538788522848,0.7847255369928401,0.8267538345486548,cotta,M-2022-12
22,,743,0.638731596828992,0.7590847913862718,0.6937269372693727,cotta,M-2022-12
23,,5114,0.8088731144631766,0.8912788423934298,0.8480788910596334,cotta,M-2022-12
24,degraded_noncollapsed,4154,0.8178539224526601,0.4366875300914781,0.5693659761456371,cotta,M-2022-12
25,,34385,0.8673638189767222,0.8539188599680093,0.8605888301068335,cotta,M-2022-12
26,final_collapsed;abrupt_collapsed,807,0.02800658978583196,0.021065675340768277,0.024045261669024046,cotta,M-2022-12
27,,7371,0.9721624115656721,0.8575498575498576,0.9112664888632596,cotta,M-2022-12
28,degraded_noncollapsed,5815,0.41826134499726625,0.26311263972484955,0.3230233294626834,cotta,M-2022-12
29,,30274,0.8547127616673388,0.7700997555658321,0.810203124185505,cotta,M-2022-12
30,,645,0.9713774597495528,0.8418604651162791,0.9019933554817275,cotta,M-2022-12
31,,952,0.8363636363636363,0.9663865546218487,0.8966861598440545,cotta,M-2022-12
32,degraded_noncollapsed,998,0.29158878504672897,0.312625250501002,0.30174081237911027,cotta,M-2022-12
33,,630,0.9193548387096774,0.5428571428571428,0.6826347305389222,cotta,M-2022-12
34,degraded_noncollapsed,1240,0.7637906647807637,0.43548387096774194,0.5546995377503852,cotta,M-2022-12
35,,930,0.915680473372781,0.6655913978494624,0.7708592777085927,cotta,M-2022-12
36,degraded_noncollapsed,216,0.5729166666666666,0.25462962962962965,0.3525641025641026,cotta,M-2022-12
37,,866,0.9696169088507266,0.8475750577367206,0.904497843499692,cotta,M-2022-12
38,final_collapsed;abrupt_collapsed,193,0.3125,0.05181347150259067,0.08888888888888889,cotta,M-2022-12
39,,4483,0.8381726674409601,0.965871068480928,0.8975023318478599,cotta,M-2022-12
40,degraded_noncollapsed,737,0.8808933002481389,0.4816824966078697,0.6228070175438597,cotta,M-2022-12
41,,1636,0.6704331450094162,0.6528117359413202,0.6615051099411583,cotta,M-2022-12
42,degraded_noncollapsed,1444,0.7035775127768313,0.28601108033240996,0.4066962087641556,cotta,M-2022-12
43,,1992,0.7984924623115578,0.7976907630522089,0.7980914113510799,cotta,M-2022-12
44,stable,1181,0.9880514705882353,0.9102455546147333,0.9475539885412075,cotta,M-2022-12
45,absorber,1463,0.8046709129511678,0.7771701982228298,0.7906815020862309,cotta,M-2022-12
46,absorber,7420,0.6472222222222223,0.628032345013477,0.6374829001367989,cotta,M-2022-12
47,final_collapsed;gradual_collapsed,618,0.0,0.0,0.0,cotta,M-2022-12
48,final_collapsed;abrupt_collapsed,3361,0.1111111111111111,0.0008925914906277894,0.0017709563164108619,cotta,M-2022-12
49,,31563,0.8797496801853196,0.8061654468840097,0.8413517177528684,cotta,M-2022-12
50,degraded_noncollapsed,1528,0.34067796610169493,0.13154450261780104,0.18980169971671387,cotta,M-2022-12
51,,11645,0.8113546263744483,0.9314727350794332,0.8672743263772288,cotta,M-2022-12
52,,1274,0.691869918699187,0.6679748822605965,0.6797124600638977,cotta,M-2022-12
53,,5505,0.8371049186459697,0.8130790190735695,0.8249170659786215,cotta,M-2022-12
54,degraded_noncollapsed,5063,0.7359635811836115,0.19158601619593127,0.3040275818837173,cotta,M-2022-12
55,degraded_noncollapsed,4063,0.9721865639709029,0.5591927147428009,0.71,cotta,M-2022-12
56,final_collapsed;abrupt_collapsed,12137,0.008710801393728223,0.00041196341764851283,0.000786720163637794,cotta,M-2022-12
57,stable,2331,0.9733791326749678,0.9725439725439725,0.972961373390558,cotta,M-2022-12
58,,15,0.0,0.0,0.0,cotta,M-2022-12
59,stable,6030,0.98346834187469,0.9865671641791045,0.9850153158374038,cotta,M-2022-12
60,,24845,0.8635024289241061,0.8728516804185953,0.8681518845453272,cotta,M-2022-12
61,,10494,0.46914402870322913,0.87221269296741,0.6101186508465538,cotta,M-2022-12
62,stable,11221,0.9057227638830013,0.9520541841190625,0.928310740354536,cotta,M-2022-12
63,,5492,0.5458915427369686,0.6616897305171158,0.5982385381512881,cotta,M-2022-12
64,stable,1215,0.7336182336182336,0.8477366255144033,0.7865597556319206,cotta,M-2022-12
65,,2112,0.9107142857142857,0.9417613636363636,0.9259776536312849,cotta,M-2022-12
66,final_collapsed;abrupt_collapsed,1955,0.0041928721174004195,0.0010230179028132991,0.001644736842105263,cotta,M-2022-12
67,,1191,0.1563573883161512,0.1528127623845508,0.15456475583864118,cotta,M-2022-12
68,,2499,0.6274843838727996,0.8843537414965986,0.7340973260255772,cotta,M-2022-12
69,final_collapsed;abrupt_collapsed,1866,0.015444015444015444,0.0021436227224008574,0.0037647058823529413,cotta,M-2022-12
70,degraded_noncollapsed,908,0.65,0.2577092511013216,0.36908517350157727,cotta,M-2022-12
71,absorber,39434,0.5977545283086011,0.8519298067657352,0.7025597055502112,cotta,M-2022-12
72,,5765,0.42412935323383083,0.5915004336513443,0.4940239043824701,cotta,M-2022-12
73,,8821,0.8388694037548999,0.9218909420700601,0.8784229003510667,cotta,M-2022-12
74,,2294,0.6006475984889369,0.485178727114211,0.5367735712563299,cotta,M-2022-12
75,degraded_noncollapsed,6807,0.43777197563098347,0.3694726017335096,0.4007329509241555,cotta,M-2022-12
76,stable,2683,0.8863551401869159,0.8837122623928438,0.8850317282568122,cotta,M-2022-12
77,,17960,0.8040038747174685,0.6932071269487751,0.7445059052175214,cotta,M-2022-12
78,,10246,0.7469949592865451,0.7520983798555534,0.7495379826865091,cotta,M-2022-12
79,,7528,0.7900166389351082,0.630712008501594,0.7014330033978431,cotta,M-2022-12
80,degraded_noncollapsed,1055,0.5404157043879908,0.22180094786729856,0.31451612903225806,cotta,M-2022-12
81,,2122,0.9313725490196079,0.9401508011310085,0.9357410881801126,cotta,M-2022-12
82,,27579,0.8082213070168622,0.7542695529207005,0.7803139711536659,cotta,M-2022-12
83,,19531,0.9190712586617024,0.9099892478623727,0.9145077053693175,cotta,M-2022-12
84,,1057,0.908997955010225,0.8410596026490066,0.8737100737100737,cotta,M-2022-12
85,,350,0.7349397590361446,0.6971428571428572,0.7155425219941349,cotta,M-2022-12
86,,20232,0.8104844795492278,0.7962633451957295,0.803310977586078,cotta,M-2022-12
87,,5056,0.8767148344613134,0.9479825949367089,0.9109569514397035,cotta,M-2022-12
88,,83,0.1317365269461078,0.5301204819277109,0.21103117505995203,cotta,M-2022-12
89,,377,0.6342494714587738,0.7957559681697612,0.7058823529411765,cotta,M-2022-12
90,,4080,0.850032601608346,0.9585784313725491,0.901048266328764,cotta,M-2022-12
91,,2334,0.7538841807909604,0.914738646101114,0.8265582655826558,cotta,M-2022-12
92,,896,0.9085051546391752,0.7868303571428571,0.8433014354066986,cotta,M-2022-12
93,,18804,0.7286265319076217,0.7936077430333971,0.7597301769123075,cotta,M-2022-12
94,stable,760,0.6847133757961783,0.5657894736842105,0.6195965417867435,cotta,M-2022-12
95,,3282,0.8770447110141767,0.9801950030469226,0.9257553956834532,cotta,M-2022-12
96,absorber;degraded_noncollapsed,44573,0.800186714123173,0.6153500998362237,0.6957006975269499,cotta,M-2022-12
97,,18214,0.7871396895787139,0.779620072471725,0.783361835935345,cotta,M-2022-12
98,stable,48912,0.9959865672864281,0.994438992476284,0.9952121782542865,cotta,M-2022-12
99,stable,18452,0.917359109151546,0.879525254714936,0.8980438812494812,cotta,M-2022-12
100,,17278,0.7371686077134664,0.7290195624493576,0.7330714389640622,cotta,M-2022-12
101,degraded_noncollapsed,42403,0.9520223826465407,0.6500011791618517,0.7725425344059198,cotta,M-2022-12
102,,35717,0.839037655878678,0.9588431279222779,0.8949486502730812,cotta,M-2022-12
103,degraded_noncollapsed,1446,0.5178571428571429,0.4211618257261411,0.4645308924485126,cotta,M-2022-12
104,final_collapsed;gradual_collapsed,1744,0.05263157894736842,0.00974770642201835,0.01644895984518626,cotta,M-2022-12
105,absorber;degraded_noncollapsed,3159,0.3431971695078804,0.33776511554289335,0.3404594767070836,cotta,M-2022-12
106,,1622,0.9146268656716418,0.9445129469790382,0.9293296936609039,cotta,M-2022-12
107,stable,2555,0.9388138138138138,0.9788649706457926,0.9584211534776778,cotta,M-2022-12
108,,3529,0.8645090510148108,0.8931708699348258,0.8786062717770035,cotta,M-2022-12
109,final_collapsed;abrupt_collapsed,393,0.0,0.0,0.0,cotta,M-2022-12
110,,5670,0.7921926910299003,0.8410934744268077,0.8159110350727117,cotta,M-2022-12
111,degraded_noncollapsed,1136,0.23729946524064172,0.3125,0.26975683890577506,cotta,M-2022-12
112,degraded_noncollapsed,1083,0.6306209850107066,0.543859649122807,0.5840356965790778,cotta,M-2022-12
113,stable,3574,0.9902354968408961,0.9647453833240067,0.9773242630385488,cotta,M-2022-12
114,,911,0.7727272727272727,0.8957189901207464,0.8296898830706659,cotta,M-2022-12
115,,15934,0.8739974672857745,0.7796535709802938,0.8241342709300783,cotta,M-2022-12
116,,3278,0.8932411674347158,0.7095790115924344,0.7908874532471948,cotta,M-2022-12
117,,58860,0.6008496363611368,0.7425076452599388,0.6642096704332165,cotta,M-2022-12
118,degraded_noncollapsed,2577,0.36182551689359554,0.556849049282111,0.43863671098884305,cotta,M-2022-12
119,stable,1033,0.906060606060606,0.8683446272991288,0.8868017795353436,cotta,M-2022-12
120,,1133,0.8531021897810219,0.8252427184466019,0.8389412292507851,cotta,M-2022-12
121,final_collapsed;gradual_collapsed,16,0.0,0.0,0.0,cotta,M-2022-12
122,,40149,0.8448464912280702,0.8060225659418665,0.8249780123131046,cotta,M-2022-12
123,degraded_noncollapsed,1458,0.7080645161290322,0.3010973936899863,0.4225216554379211,cotta,M-2022-12
124,,18817,0.8449375428240131,0.8519423925174044,0.8484255093940196,cotta,M-2022-12
125,,2268,0.5159171298635674,0.900352733686067,0.655958882107292,cotta,M-2022-12
126,,2588,0.9273522975929979,0.8187789799072643,0.8696901292838087,cotta,M-2022-12
127,,4058,0.8382869926494088,0.6463775258748152,0.7299290385418116,cotta,M-2022-12
128,stable,3721,0.8951048951048951,0.9631819403386187,0.9278964401294498,cotta,M-2022-12
129,degraded_noncollapsed,18631,0.7941650784342472,0.5815039450378402,0.6713971431227341,cotta,M-2022-12
130,stable,4618,0.7945368171021377,0.8692074491121697,0.8301964839710445,cotta,M-2022-12
131,stable,17194,0.8882999497851922,0.925962545073863,0.9067403251986218,cotta,M-2022-12
132,stable,13419,0.9250880626223092,0.8806915567478948,0.9023440482553257,cotta,M-2022-12
133,,34000,0.715902154007151,0.9657941176470588,0.8222817649121049,cotta,M-2022-12
134,,5543,0.9108927381745503,0.9866498286126646,0.947259028319044,cotta,M-2022-12
135,,1872,0.42355371900826444,0.5475427350427351,0.47763280521901214,cotta,M-2022-12
136,,12861,0.7653176576983948,0.7895964543970142,0.7772675086107922,cotta,M-2022-12
137,degraded_noncollapsed,1286,0.6873661670235546,0.49922239502332816,0.5783783783783784,cotta,M-2022-12
138,degraded_noncollapsed,12776,0.7367996775493753,0.5723231058234189,0.6442290748898678,cotta,M-2022-12
139,degraded_noncollapsed,973,0.16221374045801526,0.1747173689619733,0.1682335477486393,cotta,M-2022-12
140,,21276,0.7700239091452481,0.7265933446136492,0.7476784677887406,cotta,M-2022-12
141,,1226,0.7063870352716873,0.6044045676998369,0.6514285714285715,cotta,M-2022-12
142,,15948,0.6119561910556739,0.7567720090293454,0.6767031118587048,cotta,M-2022-12
143,degraded_noncollapsed,3052,0.47953216374269003,0.3492791612057667,0.40417061611374405,cotta,M-2022-12
144,stable,2267,0.9810905892700088,0.984119982355536,0.982602950891874,cotta,M-2022-12
145,stable,1149,0.9965034965034965,0.9921671018276762,0.9943305713039686,cotta,M-2022-12
146,,4680,0.9825611660593441,0.8066239316239316,0.8859422670734569,cotta,M-2022-12
147,degraded_noncollapsed,2730,0.9291066282420749,0.5904761904761905,0.7220604703247481,cotta,M-2022-12
148,,3728,0.7784967645594824,0.8390557939914163,0.8076426542731733,cotta,M-2022-12
149,,29896,0.5990951003694053,0.6997926143965748,0.6455405217766944,cotta,M-2022-12
150,degraded_noncollapsed,1291,0.8849462365591397,0.6374903175832688,0.7411076091850518,cotta,M-2022-12
151,,872,0.5287691187181355,0.8325688073394495,0.6467706013363029,cotta,M-2022-12
152,degraded_noncollapsed,729,0.8809523809523809,0.6090534979423868,0.7201946472019465,cotta,M-2022-12
153,,59235,0.8385714028420654,0.7860217776652317,0.8114466965266038,cotta,M-2022-12
154,,1862,0.671919770773639,0.5037593984962406,0.5758133824432167,cotta,M-2022-12
155,,5650,0.5486699795381468,0.664424778761062,0.601024655779699,cotta,M-2022-12
156,absorber,11350,0.640351987845024,0.8911894273127753,0.7452294997421351,cotta,M-2022-12
157,,800,0.36323366555924697,0.82,0.5034535686876439,cotta,M-2022-12
158,,5549,0.6669191154195698,0.793476302036403,0.7247140153073821,cotta,M-2022-12
159,,1740,0.49160671462829736,0.35344827586206895,0.4112337011033099,cotta,M-2022-12
160,,1048,0.3585343228200371,0.7375954198473282,0.48252184769038703,cotta,M-2022-12
161,,334,0.9626556016597511,0.6946107784431138,0.8069565217391305,cotta,M-2022-12
162,,59,0.32432432432432434,0.6101694915254238,0.4235294117647059,cotta,M-2022-12
163,final_collapsed;gradual_collapsed,1741,0.07102272727272728,0.014359563469270534,0.023889154323936932,cotta,M-2022-12
164,,1689,0.20170043415340086,0.6601539372409709,0.3089926562283497,cotta,M-2022-12
165,,4989,0.5467688304178112,0.7580677490479054,0.6353099277675122,cotta,M-2022-12
166,degraded_noncollapsed,1835,0.6494334277620396,0.4997275204359673,0.5648290729904527,cotta,M-2022-12
167,degraded_noncollapsed,55,0.08275862068965517,0.21818181818181817,0.12,cotta,M-2022-12
168,,4221,0.7595640569395018,0.8090499881544657,0.7835264425834576,cotta,M-2022-12
169,,1502,0.8082346305696559,0.9540612516644474,0.8751145038167939,cotta,M-2022-12
170,,1916,0.4533660589060309,0.6748434237995825,0.5423657718120806,cotta,M-2022-12
171,,4142,0.5716760502381983,0.6373732496378561,0.6027397260273972,cotta,M-2022-12
172,,5558,0.7582801892614688,0.663188197193235,0.7075535080142048,cotta,M-2022-12
173,degraded_noncollapsed,978,0.9684542586750788,0.6278118609406953,0.7617866004962779,cotta,M-2022-12
174,final_collapsed;abrupt_collapsed,1507,0.0,0.0,0.0,cotta,M-2022-12
175,,22084,0.5820618230690173,0.6667723238543742,0.6215440462622936,cotta,M-2022-12
176,degraded_noncollapsed,2085,0.4488361879666227,0.49016786570743404,0.46859238881247134,cotta,M-2022-12
177,,1117,0.4267639902676399,0.7851387645478961,0.5529634300126104,cotta,M-2022-12
0,,1414,0.9048951048951049,0.9151343705799151,0.909985935302391,sar,M-2022-4
1,,10792,0.9618039141533516,0.9426426982950333,0.9521269128176331,sar,M-2022-4
2,absorber,7583,0.7183159100673063,0.661479625478043,0.6887271728683235,sar,M-2022-4
3,,1593,0.936183395291202,0.9485247959824231,0.9423136888057374,sar,M-2022-4
4,,3737,0.9533665182080168,0.9737757559539738,0.9634630659253376,sar,M-2022-4
5,absorber,2093,0.9369453526389537,0.9584328714763497,0.9475673122342938,sar,M-2022-4
6,degraded_noncollapsed,2729,0.9713040319651289,0.9798460974716013,0.9755563662896753,sar,M-2022-4
7,,36,0.6857142857142857,0.6666666666666666,0.676056338028169,sar,M-2022-4
8,stable,1574,0.9168384879725086,0.8475222363405337,0.8808187520633872,sar,M-2022-4
9,degraded_noncollapsed,1547,0.720754716981132,0.6173238526179703,0.665041782729805,sar,M-2022-4
10,final_collapsed;gradual_collapsed,2020,0.8413510747185261,0.8138613861386138,0.8273779567186713,sar,M-2022-4
11,degraded_noncollapsed,1685,0.7939759036144578,0.7821958456973294,0.7880418535127055,sar,M-2022-4
12,degraded_noncollapsed,2788,0.8351177730192719,0.8393113342898135,0.8372093023255814,sar,M-2022-4
13,absorber,2093,0.4829059829059829,0.6478738652651697,0.5533564578657417,sar,M-2022-4
14,absorber;degraded_noncollapsed,10401,0.8167637271214643,0.7551197000288434,0.7847329769695759,sar,M-2022-4
15,stable,751,0.8976,0.7470039946737683,0.815406976744186,sar,M-2022-4
16,,2008,0.7734375,0.3944223107569721,0.5224274406332454,sar,M-2022-4
17,,10007,0.9418094442122859,0.9008693914260018,0.9208846212778998,sar,M-2022-4
18,,21926,0.9369428238039673,0.9155340691416584,0.9261147378376509,sar,M-2022-4
19,degraded_noncollapsed,13185,0.9068194049358038,0.894577171027683,0.9006566890653634,sar,M-2022-4
20,,1281,0.8029090909090909,0.8618266978922716,0.8313253012048193,sar,M-2022-4
21,,2620,0.8936853371387798,0.9561068702290076,0.9238428913885304,sar,M-2022-4
22,,4636,0.9441164065795024,0.9657031924072477,0.9547878012369375,sar,M-2022-4
23,,12840,0.9362938851429901,0.9408878504672897,0.9385852464747698,sar,M-2022-4
24,degraded_noncollapsed,10253,0.9471399633452301,0.9576709255827562,0.952376333656644,sar,M-2022-4
25,,54557,0.9088859136072158,0.945653170079,0.9269050763108488,sar,M-2022-4
26,final_collapsed;abrupt_collapsed,2293,0.835820895522388,0.8791975577845617,0.8569606801275239,sar,M-2022-4
27,,19386,0.9926288659793815,0.9933457134014237,0.9929871603155778,sar,M-2022-4
28,degraded_noncollapsed,16366,0.8691825415963347,0.8809727483807894,0.8750379316623171,sar,M-2022-4
29,,29653,0.8927446886082662,0.908339796985128,0.9004747258625301,sar,M-2022-4
30,,8131,0.9885071675729116,0.983765834460706,0.9861308019478519,sar,M-2022-4
31,,7973,0.9809924735297869,0.9645052050671015,0.9726789779913989,sar,M-2022-4
32,degraded_noncollapsed,2331,0.7305034550839091,0.6349206349206349,0.6793665366077576,sar,M-2022-4
33,,204,0.6936936936936937,0.37745098039215685,0.4888888888888889,sar,M-2022-4
34,degraded_noncollapsed,588,0.9302721088435374,0.9302721088435374,0.9302721088435374,sar,M-2022-4
35,,875,0.9268897149938042,0.8548571428571429,0.8894173602853745,sar,M-2022-4
36,degraded_noncollapsed,826,0.6082987551867219,0.887409200968523,0.7218119153126539,sar,M-2022-4
37,,1989,0.9842814371257484,0.6611362493715435,0.7909774436090226,sar,M-2022-4
38,final_collapsed;abrupt_collapsed,77,0.896551724137931,0.6753246753246753,0.7703703703703704,sar,M-2022-4
39,,4388,0.9306294326241135,0.9569279854147675,0.9435955056179776,sar,M-2022-4
40,degraded_noncollapsed,2334,0.9785779398359161,0.9198800342759211,0.948321554770318,sar,M-2022-4
41,,2121,0.8844246031746031,0.8406412069778406,0.8619772782209331,sar,M-2022-4
42,degraded_noncollapsed,1839,0.8760282021151586,0.8107667210440457,0.8421349901157865,sar,M-2022-4
43,,2042,0.9080188679245284,0.7541625857002938,0.8239700374531835,sar,M-2022-4
44,stable,2910,0.9848056537102473,0.9577319587628866,0.9710801393728223,sar,M-2022-4
45,absorber,2192,0.9315448658649399,0.9187956204379562,0.9251263206247129,sar,M-2022-4
46,absorber,9798,0.7505891224432086,0.8127168809961216,0.7804184838535797,sar,M-2022-4
47,final_collapsed;gradual_collapsed,3839,0.9930648172846093,0.9697837978640271,0.9812862414338429,sar,M-2022-4
48,final_collapsed;abrupt_collapsed,5001,0.9845544554455445,0.9942011597680463,0.9893542931051637,sar,M-2022-4
49,,40220,0.9393863305378396,0.930183988065639,0.9347625115558554,sar,M-2022-4
50,degraded_noncollapsed,4546,0.8389240506329114,0.5831500219973603,0.6880352971710355,sar,M-2022-4
51,,21842,0.9234155324978665,0.9412141745261423,0.9322299059063598,sar,M-2022-4
52,,2301,0.9253447456015217,0.8457192524989136,0.8837420526793823,sar,M-2022-4
53,,9775,0.9419133245782402,0.9538618925831202,0.9478499542543458,sar,M-2022-4
54,degraded_noncollapsed,6663,0.8393536121673004,0.7951373255290409,0.8166473988439307,sar,M-2022-4
55,degraded_noncollapsed,8193,0.9862068965517241,0.9948736726473819,0.990521327014218,sar,M-2022-4
56,final_collapsed;abrupt_collapsed,10094,0.9673136880217238,0.9528432732316228,0.9600239556819883,sar,M-2022-4
57,stable,3065,0.9889789303079417,0.9954323001631321,0.9921951219512195,sar,M-2022-4
58,,2286,0.9921156373193167,0.9908136482939632,0.9914642153644123,sar,M-2022-4
59,stable,13724,0.9958038697645505,0.9337656659865928,0.9637874628661678,sar,M-2022-4
60,,49622,0.9120932393398913,0.909979444601185,0.911035115859133,sar,M-2022-4
61,,19676,0.7094860804433476,0.8328420410652572,0.7662310335959601,sar,M-2022-4
62,stable,15549,0.9464472994231777,0.9286127725255643,0.9374452199318293,sar,M-2022-4
63,,11152,0.8232312338222606,0.6844512195121951,0.7474539757148453,sar,M-2022-4
64,stable,2437,0.8164291701592624,0.7993434550677062,0.8077959776072984,sar,M-2022-4
65,,3145,0.957526545908807,0.9748807631160572,0.96612572869072,sar,M-2022-4
66,final_collapsed;abrupt_collapsed,5149,0.8752541119940861,0.9197902505340843,0.896969696969697,sar,M-2022-4
67,,854,0.5737410071942446,0.373536299765808,0.4524822695035461,sar,M-2022-4
68,,7271,0.7689220976892209,0.764269013890799,0.7665884949648227,sar,M-2022-4
69,final_collapsed;abrupt_collapsed,879,0.8580097087378641,0.8043230944254836,0.8302994715208456,sar,M-2022-4
70,degraded_noncollapsed,2642,0.8424068767908309,0.6676760030280091,0.7449324324324325,sar,M-2022-4
71,absorber,149408,0.8963182139134528,0.8921008245877061,0.8942045465981021,sar,M-2022-4
72,,17880,0.8388222972186663,0.8062639821029083,0.8222209547710032,sar,M-2022-4
73,,29211,0.9773399014778326,0.9848344801615829,0.9810728779456399,sar,M-2022-4
74,,9210,0.8382006920415225,0.6575461454940282,0.736963796775175,sar,M-2022-4
75,degraded_noncollapsed,28060,0.7386022622345337,0.912223806129722,0.8162829262070285,sar,M-2022-4
76,stable,10523,0.9414954635519867,0.8579302480281289,0.8977724741447892,sar,M-2022-4
77,,81932,0.8931676555095339,0.876434116096275,0.8847217687535807,sar,M-2022-4
78,,48009,0.9638000259033804,0.9300131225395238,0.946605183653999,sar,M-2022-4
79,,25102,0.8293091182993682,0.7894988447135687,0.8089144676421968,sar,M-2022-4
80,degraded_noncollapsed,6096,0.8732549595885378,0.7798556430446194,0.8239168110918544,sar,M-2022-4
81,,7217,0.9654890192333925,0.980739919634197,0.9730547154248007,sar,M-2022-4
82,,79609,0.8904519078600317,0.8905525757138012,0.890502238941888,sar,M-2022-4
83,,24502,0.9595959595959596,0.9654313933556444,0.9625048318515655,sar,M-2022-4
84,,2397,0.9078377313903111,0.9616186900292032,0.9339546191247974,sar,M-2022-4
85,,2080,0.9235757295044001,0.9586538461538462,0.9407879216796414,sar,M-2022-4
86,,27759,0.8642645607107601,0.8200223350985266,0.8415623786901307,sar,M-2022-4
87,,11231,0.9507427677873339,0.9744457305671801,0.962448333479905,sar,M-2022-4
88,,204,0.39826839826839827,0.45098039215686275,0.42298850574712643,sar,M-2022-4
89,,486,0.7611336032388664,0.7736625514403292,0.7673469387755102,sar,M-2022-4
90,,7635,0.9449876156954765,0.9494433529796987,0.9472102443486214,sar,M-2022-4
91,,4262,0.9277164984745365,0.9274988268418582,0.927607649888537,sar,M-2022-4
92,,2288,0.9797088663431849,0.9707167832167832,0.975192096597146,sar,M-2022-4
93,,34812,0.8966634170885877,0.8190566471331725,0.8561048475477023,sar,M-2022-4
94,stable,633,0.8120104438642297,0.4913112164296998,0.6122047244094488,sar,M-2022-4
95,,50223,0.9932149790845225,0.988073193556737,0.9906374144091988,sar,M-2022-4
96,absorber;degraded_noncollapsed,55119,0.930158786733912,0.9469329995101508,0.9384709436133487,sar,M-2022-4
97,,41580,0.9678301547319179,0.9702741702741703,0.9690506215096379,sar,M-2022-4
98,stable,63298,0.9896373056994818,0.9957660589592088,0.9926922228872019,sar,M-2022-4
99,stable,23955,0.9259374721653157,0.8679190148194531,0.895990001939279,sar,M-2022-4
100,,30504,0.9792579608530528,0.988985051140834,0.9840974702745021,sar,M-2022-4
101,degraded_noncollapsed,60629,0.9878246354754774,0.9956126606079598,0.9917033580863508,sar,M-2022-4
102,,79891,0.9913348359629351,0.9909501696060883,0.991142465461875,sar,M-2022-4
103,degraded_noncollapsed,1787,0.8910463861920173,0.9244543928371572,0.9074430101620434,sar,M-2022-4
104,final_collapsed;gradual_collapsed,3363,0.8281004709576139,0.6274159976211716,0.7139231940450008,sar,M-2022-4
105,absorber;degraded_noncollapsed,4895,0.8332910428825171,0.6708886618998978,0.7433227704843821,sar,M-2022-4
106,,3993,0.9770287141073658,0.9799649386426246,0.978494623655914,sar,M-2022-4
107,stable,3873,0.9420039486673247,0.9855409243480506,0.9632807570977918,sar,M-2022-4
108,,11663,0.941240845188989,0.9586727257137958,0.9498768159034916,sar,M-2022-4
109,final_collapsed;abrupt_collapsed,1867,0.9490616621983914,0.9480449919657205,0.9485530546623794,sar,M-2022-4
110,,9808,0.8788446372239748,0.9089518760195758,0.893644747393745,sar,M-2022-4
111,degraded_noncollapsed,2817,0.7371156344737981,0.6041888533901314,0.6640655481857198,sar,M-2022-4
112,degraded_noncollapsed,3822,0.9027055150884495,0.9079016221873365,0.9052961127054526,sar,M-2022-4
113,stable,5042,0.992818671454219,0.9871082903609679,0.9899552461461959,sar,M-2022-4
114,,3329,0.9720619495900394,0.9615500150195254,0.9667774086378738,sar,M-2022-4
115,,22978,0.8951545713659286,0.8884150056575855,0.8917720551296333,sar,M-2022-4
116,,4023,0.8742543545693152,0.910763112105394,0.8921353786218651,sar,M-2022-4
117,,84936,0.8560028500178126,0.8486860695111613,0.8523287574048455,sar,M-2022-4
118,degraded_noncollapsed,3760,0.960256068284876,0.9574468085106383,0.9588493807431082,sar,M-2022-4
119,stable,2846,0.9028852920478536,0.9016163035839775,0.9022503516174403,sar,M-2022-4
120,,2918,0.905396174863388,0.9084989718985607,0.9069449196031475,sar,M-2022-4
121,final_collapsed;gradual_collapsed,2543,0.9567288606589917,0.9476995674400315,0.9521928091663374,sar,M-2022-4
122,,61426,0.9039445209521936,0.8976166444176733,0.9007694695397886,sar,M-2022-4
123,degraded_noncollapsed,3393,0.9207413249211357,0.6881815502505158,0.7876539045370214,sar,M-2022-4
124,,30492,0.9059093702493773,0.9185360094451004,0.9121789965640216,sar,M-2022-4
125,,3522,0.8475689881734559,0.9156729131175468,0.8803057185751331,sar,M-2022-4
126,,2112,0.9094008767657087,0.8839962121212122,0.8965186074429772,sar,M-2022-4
127,,3002,0.8824688115561392,0.8954030646235843,0.8888888888888888,sar,M-2022-4
128,stable,2342,0.9269406392694064,0.9534585824081981,0.9400126289202273,sar,M-2022-4
129,degraded_noncollapsed,44177,0.9495537534544466,0.9488874301106911,0.9492204748480011,sar,M-2022-4
130,stable,7092,0.7956102512052778,0.8842357586012408,0.8375851475891546,sar,M-2022-4
131,stable,30533,0.8730751845713425,0.9489077391674582,0.9094133525848269,sar,M-2022-4
132,stable,23157,0.9652848981983302,0.8537375307682342,0.9060910215866905,sar,M-2022-4
133,,54110,0.8846140797285835,0.9637405285529477,0.922483637006899,sar,M-2022-4
134,,10738,0.8752023170627822,0.9567889737381263,0.9141789384704364,sar,M-2022-4
135,,3069,0.7409470752089137,0.693385467579016,0.7163777141895303,sar,M-2022-4
136,,22342,0.8507505893056532,0.9207770119058276,0.8843797691464437,sar,M-2022-4
137,degraded_noncollapsed,4089,0.9581439846926573,0.9797016385424309,0.9688029020556227,sar,M-2022-4
138,degraded_noncollapsed,43631,0.9028053537642194,0.8858380509270931,0.8942412253302793,sar,M-2022-4
139,degraded_noncollapsed,2846,0.6745389841475251,0.7326071679550246,0.7023749368367862,sar,M-2022-4
140,,71932,0.8790324714849023,0.9235388978479675,0.9007362412376446,sar,M-2022-4
141,,2022,0.8120567375886525,0.7927794263105836,0.8023023023023023,sar,M-2022-4
142,,62604,0.9069547443282598,0.8575969586607884,0.8815855370645561,sar,M-2022-4
143,degraded_noncollapsed,4384,0.737859140605136,0.6619525547445255,0.697847781652038,sar,M-2022-4
144,stable,3642,0.97732927840752,0.9706205381658429,0.973963355834137,sar,M-2022-4
145,stable,2224,0.9906208128628852,0.9973021582733813,0.9939502576742102,sar,M-2022-4
146,,4793,0.9591670069416088,0.9801794283329857,0.9695593849963884,sar,M-2022-4
147,degraded_noncollapsed,2203,0.9550982226379794,0.9269178393100318,0.940797051370652,sar,M-2022-4
148,,6812,0.9060781691187397,0.8950381679389313,0.9005243335056495,sar,M-2022-4
149,,74194,0.9066739958170215,0.9114887996333936,0.9090750225161646,sar,M-2022-4
150,degraded_noncollapsed,2305,0.9516971279373369,0.9488069414316703,0.9502498370627851,sar,M-2022-4
151,,2021,0.8122090015519917,0.776843146956952,0.7941325240263025,sar,M-2022-4
152,degraded_noncollapsed,1673,0.9664838513101767,0.9479976090854751,0.9571514785757392,sar,M-2022-4
153,,70973,0.875008473771981,0.9093317176954616,0.8918399778898639,sar,M-2022-4
154,,2978,0.7728412755284844,0.7243116185359302,0.7477899115964639,sar,M-2022-4
155,,11183,0.7999460043196545,0.7948672091567558,0.7973985198474994,sar,M-2022-4
156,absorber,32897,0.8367716673484893,0.8704745113536189,0.8532904244699713,sar,M-2022-4
157,,2075,0.7888989990900819,0.8356626506024096,0.8116077697168266,sar,M-2022-4
158,,12544,0.9270482603815937,0.921875,0.9244543928371572,sar,M-2022-4
159,,3182,0.6671105193075899,0.4723444374607165,0.553081876724931,sar,M-2022-4
160,,1553,0.7269938650306749,0.6104314230521571,0.6636331816590829,sar,M-2022-4
161,,3031,0.9877361617500828,0.9831738700098978,0.9854497354497355,sar,M-2022-4
162,,486,0.6209677419354839,0.6337448559670782,0.6272912423625254,sar,M-2022-4
163,final_collapsed;gradual_collapsed,3156,0.650802752293578,0.35963244613434725,0.463265306122449,sar,M-2022-4
164,,3315,0.8953011668243457,0.8564102564102564,0.8754239901325933,sar,M-2022-4
165,,5176,0.9833506763787722,0.9128670788253478,0.9467989179440938,sar,M-2022-4
166,degraded_noncollapsed,2317,0.7268551236749117,0.8877859300820026,0.7993005634350107,sar,M-2022-4
167,degraded_noncollapsed,668,0.9326765188834154,0.8502994011976048,0.889584964761159,sar,M-2022-4
168,,3924,0.7437895762299075,0.7782874617737003,0.7606475716064757,sar,M-2022-4
169,,2891,0.974012474012474,0.9723279142165341,0.9731694651203047,sar,M-2022-4
170,,3774,0.907035175879397,0.8608903020667726,0.8833605220228385,sar,M-2022-4
171,,7082,0.82047758117162,0.6743857667325615,0.7402929551267147,sar,M-2022-4
172,,7688,0.859726100252626,0.8410509885535901,0.8502860148596226,sar,M-2022-4
173,degraded_noncollapsed,4960,0.9924274295330249,0.9512096774193548,0.9713815112209183,sar,M-2022-4
174,final_collapsed;abrupt_collapsed,4246,0.9872455236693647,0.9479510127178521,0.9671993271656855,sar,M-2022-4
175,,50628,0.7673904775703135,0.8369479339495931,0.8006613444187255,sar,M-2022-4
176,degraded_noncollapsed,4309,0.8209062574922081,0.7946159201670921,0.8075471698113208,sar,M-2022-4
177,,1540,0.9521035598705502,0.9551948051948052,0.953646677471637,sar,M-2022-4
0,,1621,0.8737522019964769,0.917951881554596,0.8953068592057761,sar,M-2022-5
1,,10263,0.9494662618744492,0.9446555588034687,0.9470548012112924,sar,M-2022-5
2,absorber,8750,0.7569863350978703,0.7027428571428571,0.7288567533929947,sar,M-2022-5
3,,1684,0.8451749734888653,0.9465558194774347,0.8929971988795519,sar,M-2022-5
4,,4052,0.9599902415223225,0.9711253701875617,0.9655257023678077,sar,M-2022-5
5,absorber,2200,0.8477732793522267,0.9518181818181818,0.8967880085653105,sar,M-2022-5
6,degraded_noncollapsed,2812,0.9701666020922123,0.8904694167852063,0.9286111626182088,sar,M-2022-5
7,,104,0.8181818181818182,0.5192307692307693,0.6352941176470588,sar,M-2022-5
8,stable,2060,0.9076600209863589,0.8398058252427184,0.8724155320221886,sar,M-2022-5
9,degraded_noncollapsed,1824,0.7332448573324486,0.6058114035087719,0.6634644250975683,sar,M-2022-5
10,final_collapsed;gradual_collapsed,2341,0.8085822465292385,0.821016659547202,0.81475201356507,sar,M-2022-5
11,degraded_noncollapsed,2013,0.7428571428571429,0.7878787878787878,0.7647058823529411,sar,M-2022-5
12,degraded_noncollapsed,3428,0.8372160745486313,0.838681446907818,0.8379481200816089,sar,M-2022-5
13,absorber,2703,0.5368453105968332,0.6522382537920829,0.5889427092032737,sar,M-2022-5
14,absorber;degraded_noncollapsed,10444,0.7760334903192047,0.7099770202987361,0.7415370768538427,sar,M-2022-5
15,stable,1474,0.9328859060402684,0.5658073270013568,0.7043918918918919,sar,M-2022-5
16,,1958,0.744908896034298,0.35495403472931564,0.4808024904877205,sar,M-2022-5
17,,9201,0.9369577790630422,0.8803390935767851,0.9077664462624678,sar,M-2022-5
18,,27154,0.9382315663908148,0.9268984311703616,0.932530566876621,sar,M-2022-5
19,degraded_noncollapsed,19072,0.9139107889306313,0.9056208053691275,0.909746912117142,sar,M-2022-5
20,,2201,0.8697459584295612,0.8555202180826896,0.8625744388456252,sar,M-2022-5
21,,2853,0.9273461150353178,0.9663512092534174,0.9464469618949537,sar,M-2022-5
22,,648,0.7092457420924574,0.8996913580246914,0.7931972789115647,sar,M-2022-5
23,,15639,0.9455240522459382,0.9489097768399514,0.9472138890661901,sar,M-2022-5
24,degraded_noncollapsed,9752,0.9383175689273495,0.956214109926169,0.9471813103098019,sar,M-2022-5
25,,63996,0.9246500137249519,0.9474498406150385,0.9359110905302154,sar,M-2022-5
26,final_collapsed;abrupt_collapsed,2539,0.7972730534625044,0.8751476959432848,0.8343972962823882,sar,M-2022-5
27,,19743,0.9889631429728635,0.9894139695081802,0.9891885048740346,sar,M-2022-5
28,degraded_noncollapsed,21533,0.8942246873935679,0.85352714438304,0.8734020814522644,sar,M-2022-5
29,,31966,0.8493833639464707,0.9113745854970906,0.8792877084433713,sar,M-2022-5
30,,8566,0.9918918918918919,0.9854074247023115,0.9886390255329117,sar,M-2022-5
31,,10445,0.9843144848954299,0.9732886548587841,0.9787705194242526,sar,M-2022-5
32,degraded_noncollapsed,2935,0.6548566878980892,0.5604770017035775,0.6040022030475491,sar,M-2022-5
33,,253,0.7955801104972375,0.5691699604743083,0.663594470046083,sar,M-2022-5
34,degraded_noncollapsed,485,0.9079754601226994,0.9154639175257732,0.9117043121149897,sar,M-2022-5
35,,1307,0.9349422875131165,0.6817138485080336,0.7884955752212389,sar,M-2022-5
36,degraded_noncollapsed,916,0.8680641183723797,0.7685589519650655,0.8152866242038217,sar,M-2022-5
37,,1023,0.9782833505687694,0.9247311827956989,0.9507537688442211,sar,M-2022-5
38,final_collapsed;abrupt_collapsed,117,0.7428571428571429,0.6666666666666666,0.7027027027027027,sar,M-2022-5
39,,8587,0.9375788869764773,0.9515546756725283,0.9445150849612761,sar,M-2022-5
40,degraded_noncollapsed,2306,0.9786344635392475,0.9137033824804857,0.945054945054945,sar,M-2022-5
41,,2472,0.8596345514950167,0.837378640776699,0.8483606557377049,sar,M-2022-5
42,degraded_noncollapsed,1394,0.81953125,0.7525107604017217,0.7845923709798055,sar,M-2022-5
43,,3196,0.9292069632495165,0.7515644555694618,0.8309980972150147,sar,M-2022-5
44,stable,2779,0.983142037302726,0.9863260165527168,0.9847314532063949,sar,M-2022-5
45,absorber,3156,0.8762022959975179,0.8948035487959443,0.8854052359303967,sar,M-2022-5
46,absorber,10149,0.7000865051903115,0.7974184648733865,0.7455893868902299,sar,M-2022-5
47,final_collapsed;gradual_collapsed,3766,0.9900751072961373,0.9800849707912905,0.9850547104350147,sar,M-2022-5
48,final_collapsed;abrupt_collapsed,5241,0.9934990439770555,0.9914138523182598,0.9924553528793811,sar,M-2022-5
49,,46428,0.9330432523704377,0.9283406565003877,0.9306860141219149,sar,M-2022-5
50,degraded_noncollapsed,7426,0.8803894297635605,0.5114462698626447,0.6470187393526405,sar,M-2022-5
51,,22943,0.9256198347107438,0.9372793444623633,0.9314131023280996,sar,M-2022-5
52,,2346,0.9224734656206738,0.8520886615515771,0.8858852204741857,sar,M-2022-5
53,,10324,0.9270823325967913,0.9347152266563348,0.9308831331693436,sar,M-2022-5
54,degraded_noncollapsed,7963,0.7536118703631394,0.4847419314328771,0.5899885364921666,sar,M-2022-5
55,degraded_noncollapsed,10913,0.9878026579282724,0.9944103362961605,0.9910954838120463,sar,M-2022-5
56,final_collapsed;abrupt_collapsed,9591,0.20776255707762556,0.018976123449066833,0.03477596254896341,sar,M-2022-5
57,stable,3525,0.9880546075085325,0.985531914893617,0.9867916489135066,sar,M-2022-5
58,,2323,0.9927069927069927,0.9961256995264743,0.994413407821229,sar,M-2022-5
59,stable,9791,0.9797372976275328,0.9827392503319375,0.9812359779726698,sar,M-2022-5
60,,44901,0.8935233563821509,0.8950357453063407,0.8942789114132491,sar,M-2022-5
61,,19248,0.7151186440677966,0.8220074812967582,0.7648466391124646,sar,M-2022-5
62,stable,15902,0.9386343444599569,0.9301345742673878,0.9343651295009475,sar,M-2022-5
63,,12327,0.8136256851996868,0.6742922041048106,0.7374351239852726,sar,M-2022-5
64,stable,1122,0.6083106267029973,0.7959001782531194,0.6895752895752896,sar,M-2022-5
65,,3554,0.9356488960689284,0.977771525042206,0.9562465602641718,sar,M-2022-5
66,final_collapsed;abrupt_collapsed,6479,0.8907742998352554,0.8345423676493287,0.8617419714718304,sar,M-2022-5
67,,1581,0.6719636776390465,0.37444655281467426,0.4809098294069862,sar,M-2022-5
68,,8946,0.7280684304754327,0.818242790073776,0.7705263157894737,sar,M-2022-5
69,final_collapsed;abrupt_collapsed,857,0.8619354838709677,0.779463243873979,0.8186274509803921,sar,M-2022-5
70,degraded_noncollapsed,2822,0.7770727580372251,0.6509567682494685,0.7084458156575395,sar,M-2022-5
71,absorber,168702,0.8889237471735193,0.8901672772107029,0.8895450775974411,sar,M-2022-5
72,,19739,0.8495358019421619,0.8066264755053447,0.8275252722122606,sar,M-2022-5
73,,31508,0.9763972809667674,0.9847022978291228,0.9805322040326149,sar,M-2022-5
74,,10715,0.826782145236509,0.6949136724218385,0.7551341209877795,sar,M-2022-5
75,degraded_noncollapsed,30933,0.6984923374978267,0.9091261759286199,0.7900103941343372,sar,M-2022-5
76,stable,12560,0.9300231541034216,0.8634554140127388,0.8955039015730152,sar,M-2022-5
77,,80105,0.8580734649394397,0.8649397665563947,0.8614929344548682,sar,M-2022-5
78,,54812,0.9612229539040451,0.9320769174633292,0.9464255941905485,sar,M-2022-5
79,,28257,0.7782885186977259,0.7969352726757971,0.7875015299610079,sar,M-2022-5
80,degraded_noncollapsed,4284,0.6721954161640531,0.5203081232492998,0.5865789473684211,sar,M-2022-5
81,,8178,0.9654091840424249,0.979457079970653,0.9723823975720789,sar,M-2022-5
82,,82376,0.87719342413333,0.8459502767796445,0.8612886081894474,sar,M-2022-5
83,,28362,0.959842071565768,0.9514491220647345,0.9556271690629649,sar,M-2022-5
84,,2425,0.953858717844018,0.963298969072165,0.9585556011489537,sar,M-2022-5
85,,2268,0.9586813186813187,0.9616402116402116,0.9601584855822144,sar,M-2022-5
86,,26206,0.838034268499341,0.8491948408761353,0.8435776425769034,sar,M-2022-5
87,,11488,0.8711747671597402,0.9689240947075209,0.9174531217803421,sar,M-2022-5
88,,402,0.6010362694300518,0.5771144278606966,0.5888324873096447,sar,M-2022-5
89,,891,0.8226711560044894,0.8226711560044894,0.8226711560044894,sar,M-2022-5
90,,7170,0.9299206131946346,0.9475592747559275,0.9386570875932578,sar,M-2022-5
91,,4660,0.8817976605786989,0.9221030042918454,0.9015000524493864,sar,M-2022-5
92,,2704,0.9845605700712589,0.9197485207100592,0.9510516252390058,sar,M-2022-5
93,,37502,0.8867785195250192,0.8005173057436936,0.8414429059924884,sar,M-2022-5
94,stable,471,0.2531486146095718,0.4267515923566879,0.31778656126482213,sar,M-2022-5
95,,50880,0.9904724563811017,0.993003144654088,0.9917361860830307,sar,M-2022-5
96,absorber;degraded_noncollapsed,59656,0.8861169993988673,0.9389667426579054,0.9117766745340604,sar,M-2022-5
97,,45943,0.9536013760481616,0.9653701325555579,0.9594496663169394,sar,M-2022-5
98,stable,64696,0.9881629586470201,0.9961512303697292,0.992141015279221,sar,M-2022-5
99,stable,25387,0.938708633384578,0.9139717178083271,0.926175032431893,sar,M-2022-5
100,,29408,0.931379144641999,0.9886085418933623,0.9591409201128285,sar,M-2022-5
101,degraded_noncollapsed,62663,0.9640256268436578,0.6675550165169238,0.7888548394700863,sar,M-2022-5
102,,75510,0.936116492719205,0.9918421401138922,0.9631739703565573,sar,M-2022-5
103,degraded_noncollapsed,2565,0.918805055534278,0.9352826510721247,0.9269706336939721,sar,M-2022-5
104,final_collapsed;gradual_collapsed,3090,0.5125448028673835,0.18511326860841423,0.2719923918212078,sar,M-2022-5
105,absorber;degraded_noncollapsed,3665,0.7545511613308223,0.6559345156889496,0.7017953583418479,sar,M-2022-5
106,,4012,0.9458606457878126,0.9710867397806581,0.9583077112286311,sar,M-2022-5
107,stable,3512,0.8989085239085239,0.9849088838268792,0.939945652173913,sar,M-2022-5
108,,13707,0.9418472063854048,0.9641788867002261,0.9528822235841234,sar,M-2022-5
109,final_collapsed;abrupt_collapsed,2229,0.9519450800915332,0.9331538806639749,0.9424558223833258,sar,M-2022-5
110,,8623,0.8635807277178146,0.9000347906760988,0.8814310051107326,sar,M-2022-5
111,degraded_noncollapsed,2530,0.7221698113207548,0.6051383399209486,0.6584946236559139,sar,M-2022-5
112,degraded_noncollapsed,3140,0.8595933926302414,0.8617834394904459,0.8606870229007634,sar,M-2022-5
113,stable,4677,0.9873958555864132,0.9882403249946546,0.9878179098097885,sar,M-2022-5
114,,3352,0.9732779097387173,0.9779236276849642,0.9755952380952381,sar,M-2022-5
115,,28260,0.8518338201882506,0.7429582448690729,0.793679594768277,sar,M-2022-5
116,,3962,0.8225733634311513,0.9197375063099444,0.8684461391801716,sar,M-2022-5
117,,93359,0.778010355844442,0.8320783213187802,0.8041365174994566,sar,M-2022-5
118,degraded_noncollapsed,4083,0.8171271883568867,0.9488121479304433,0.8780598368087036,sar,M-2022-5
119,stable,2954,0.898043254376931,0.8855788761002031,0.8917675132094768,sar,M-2022-5
120,,2933,0.8805280528052806,0.9096488237299694,0.8948515847727654,sar,M-2022-5
121,final_collapsed;gradual_collapsed,2473,0.9536510712724092,0.8819247877072381,0.9163865546218487,sar,M-2022-5
122,,60842,0.873775427306179,0.9015647085894613,0.8874525760603144,sar,M-2022-5
123,degraded_noncollapsed,4486,0.9291705498602051,0.666740971912617,0.7763789746917586,sar,M-2022-5
124,,33764,0.9113660978251324,0.922136002843265,0.9167194193766838,sar,M-2022-5
125,,4601,0.8299160320249951,0.9237122364703325,0.8743056984159638,sar,M-2022-5
126,,2052,0.8853166986564299,0.8991228070175439,0.8921663442940039,sar,M-2022-5
127,,6176,0.8701697655618432,0.8714378238341969,0.870803333063668,sar,M-2022-5
128,stable,3079,0.8957360722066604,0.9347190646313738,0.9148124602670057,sar,M-2022-5
129,degraded_noncollapsed,41384,0.9396085964701645,0.9455345060893099,0.9425622372905852,sar,M-2022-5
130,stable,7832,0.8914263842817045,0.8921092951991828,0.8917677089980856,sar,M-2022-5
131,stable,39752,0.8826294341020654,0.9589203058965586,0.9191945985049433,sar,M-2022-5
132,stable,19465,0.954442332454473,0.79969175443103,0.8702409571196958,sar,M-2022-5
133,,56893,0.8533354017995656,0.966832474996924,0.9065453676464529,sar,M-2022-5
134,,12693,0.8927998833989215,0.9651776569762861,0.9275790270679538,sar,M-2022-5
135,,3366,0.7071031862028646,0.7186571598336304,0.712833357890084,sar,M-2022-5
136,,23775,0.8155834564254062,0.9289589905362776,0.8685871595713303,sar,M-2022-5
137,degraded_noncollapsed,3327,0.944344163658243,0.943492636008416,0.9439182077883025,sar,M-2022-5
138,degraded_noncollapsed,44161,0.8797601538635592,0.8804374900930686,0.8800986916564806,sar,M-2022-5
139,degraded_noncollapsed,2667,0.6286023054755043,0.6542932133483315,0.64119051993386,sar,M-2022-5
140,,78108,0.8550710672127199,0.9088441644901931,0.8811379772603147,sar,M-2022-5
141,,2325,0.7164179104477612,0.7225806451612903,0.7194860813704497,sar,M-2022-5
142,,65536,0.8884014212554423,0.8126373291015625,0.8488321127164636,sar,M-2022-5
143,degraded_noncollapsed,4893,0.6969292389853138,0.6400980993255672,0.6673058485139022,sar,M-2022-5
144,stable,4171,0.978134110787172,0.9652361543994246,0.9716423313623748,sar,M-2022-5
145,stable,2178,0.9863450159308147,0.9949494949494949,0.9906285714285714,sar,M-2022-5
146,,5639,0.9460487636174996,0.9702074835963823,0.9579758361057608,sar,M-2022-5
147,degraded_noncollapsed,2716,0.9630057803468208,0.9201030927835051,0.9410657126718133,sar,M-2022-5
148,,7219,0.9009571369121931,0.8997091009835158,0.9003326864430274,sar,M-2022-5
149,,74404,0.8728499464933573,0.898916724907263,0.8856915844534199,sar,M-2022-5
150,degraded_noncollapsed,2214,0.9046037019458947,0.8608852755194218,0.8822031937051609,sar,M-2022-5
151,,2500,0.8128797083839611,0.8028,0.8078084121553633,sar,M-2022-5
152,degraded_noncollapsed,1141,0.959349593495935,0.9307624890446976,0.9448398576512456,sar,M-2022-5
153,,79655,0.8530074017294655,0.894118385537631,0.8730792098020828,sar,M-2022-5
154,,2882,0.7450664518727346,0.6419153365718251,0.6896551724137931,sar,M-2022-5
155,,10789,0.7532951549859104,0.7680971359718232,0.7606241395135384,sar,M-2022-5
156,absorber,34655,0.8317459460917896,0.8895397489539749,0.8596726065980647,sar,M-2022-5
157,,2043,0.7616865261228231,0.8135095447870778,0.7867455621301775,sar,M-2022-5
158,,14654,0.9378960709759189,0.9089668349938583,0.9232048794011644,sar,M-2022-5
159,,2911,0.6292624900872323,0.5451734799038132,0.5842076200993926,sar,M-2022-5
160,,2122,0.7639569049951028,0.7351555136663525,0.7492795389048992,sar,M-2022-5
161,,3235,0.981896287204664,0.9891808346213292,0.985525100092393,sar,M-2022-5
162,,382,0.45129224652087474,0.5942408376963351,0.5129943502824859,sar,M-2022-5
163,final_collapsed;gradual_collapsed,2474,0.27358490566037735,0.07033144704931285,0.11189710610932475,sar,M-2022-5
164,,3179,0.39083636363636365,0.8452343504246619,0.5345136264173463,sar,M-2022-5
165,,5617,0.7369747899159664,0.7806658358554388,0.7581914065877065,sar,M-2022-5
166,degraded_noncollapsed,4223,0.867252648185711,0.9112005683163628,0.8886836027713626,sar,M-2022-5
167,degraded_noncollapsed,558,0.88,0.9068100358422939,0.8932038834951457,sar,M-2022-5
168,,5548,0.8115039384502656,0.7984859408795962,0.8049423094394477,sar,M-2022-5
169,,3467,0.9705970597059705,0.9330833573694837,0.9514705882352941,sar,M-2022-5
170,,3734,0.8420641125879593,0.8652919121585431,0.8535200105666358,sar,M-2022-5
171,,7203,0.7541239798576141,0.602943218103568,0.670112636938744,sar,M-2022-5
172,,8392,0.8943697060288989,0.8555767397521449,0.8745432399512789,sar,M-2022-5
173,degraded_noncollapsed,4748,0.9925338310779281,0.8959561920808762,0.9417755147221607,sar,M-2022-5
174,final_collapsed;abrupt_collapsed,4306,0.9890082438171371,0.9194147700882489,0.9529425923697196,sar,M-2022-5
175,,65299,0.7646548179284507,0.7688938574863321,0.7667684789248626,sar,M-2022-5
176,degraded_noncollapsed,4048,0.8035623409669211,0.7801383399209486,0.7916771120581599,sar,M-2022-5
177,,1648,0.9572031344183243,0.9635922330097088,0.9603870577562745,sar,M-2022-5
0,,1356,0.7971667739858339,0.9129793510324484,0.8511515984874527,sar,M-2022-6
1,,9294,0.9556574923547401,0.9414676135140951,0.948509485094851,sar,M-2022-6
2,absorber,7505,0.7436437886971413,0.7521652231845436,0.7478802331743508,sar,M-2022-6
3,,1306,0.6269173676397823,0.9701378254211332,0.7616471295461377,sar,M-2022-6
4,,3168,0.9295312033442819,0.9826388888888888,0.9553475525548565,sar,M-2022-6
5,absorber,1778,0.45430251202565475,0.9561304836895388,0.6159420289855072,sar,M-2022-6
6,degraded_noncollapsed,2765,0.7060344827586207,0.29620253164556964,0.4173248407643312,sar,M-2022-6
7,,30,0.36363636363636365,0.13333333333333333,0.1951219512195122,sar,M-2022-6
8,stable,1732,0.891083183722322,0.8596997690531177,0.8751101968851014,sar,M-2022-6
9,degraded_noncollapsed,1714,0.8178939034045922,0.602683780630105,0.6939872354719516,sar,M-2022-6
10,final_collapsed;gradual_collapsed,1895,0.8180019782393669,0.8728232189973615,0.8445238703089099,sar,M-2022-6
11,degraded_noncollapsed,1542,0.6716500553709857,0.7866407263294423,0.7246117084826762,sar,M-2022-6
12,degraded_noncollapsed,3008,0.835297969875573,0.8480718085106383,0.8416364236225669,sar,M-2022-6
13,absorber,1939,0.48199672667757776,0.6075296544610624,0.5375313712069358,sar,M-2022-6
14,absorber;degraded_noncollapsed,8055,0.6364669589219029,0.4866542520173805,0.5515688757562967,sar,M-2022-6
15,stable,888,0.9053177691309987,0.786036036036036,0.8414707655213984,sar,M-2022-6
16,,1419,0.6040609137055838,0.25158562367864695,0.35522388059701493,sar,M-2022-6
17,,11760,0.9564616447823082,0.9414965986394558,0.948920123414467,sar,M-2022-6
18,,29195,0.946433396379357,0.9598218873094708,0.9530806251381733,sar,M-2022-6
19,degraded_noncollapsed,19320,0.9146093670628873,0.931935817805383,0.9231913039019638,sar,M-2022-6
20,,1495,0.831974921630094,0.8876254180602007,0.8588996763754045,sar,M-2022-6
21,,2264,0.9403805496828752,0.9823321554770318,0.960898682220782,sar,M-2022-6
22,,721,0.756066411238825,0.8210818307905686,0.7872340425531915,sar,M-2022-6
23,,13374,0.9533705389925099,0.9707641692836848,0.9619887374036752,sar,M-2022-6
24,degraded_noncollapsed,7355,0.9596588601597401,0.9638341264445955,0.9617419617419617,sar,M-2022-6
25,,55471,0.9200161974682652,0.9420417876007283,0.930898726284849,sar,M-2022-6
26,final_collapsed;abrupt_collapsed,3110,0.6473149492017417,0.2868167202572347,0.39750445632798576,sar,M-2022-6
27,,8737,0.9339696799550814,0.951928579603983,0.9428636209046594,sar,M-2022-6
28,degraded_noncollapsed,17369,0.8941023357764231,0.751511313259255,0.8166291291291291,sar,M-2022-6
29,,28799,0.8574481726864714,0.835862356331817,0.8465176797425844,sar,M-2022-6
30,,8050,0.9956156833270701,0.9873291925465838,0.9914551238071477,sar,M-2022-6
31,,9340,0.9844054580896686,0.9732334047109208,0.9787875524927317,sar,M-2022-6
32,degraded_noncollapsed,2999,0.6955602536997886,0.438812937645882,0.5381312615007156,sar,M-2022-6
33,,159,0.5959595959595959,0.3710691823899371,0.4573643410852713,sar,M-2022-6
34,degraded_noncollapsed,761,0.959792477302205,0.9724047306176085,0.9660574412532638,sar,M-2022-6
35,,3117,0.9816480748470673,0.8752005133140841,0.9253731343283582,sar,M-2022-6
36,degraded_noncollapsed,673,0.8762711864406779,0.7682020802377415,0.8186856690419636,sar,M-2022-6
37,,912,0.9669703872437357,0.930921052631579,0.9486033519553073,sar,M-2022-6
38,final_collapsed;abrupt_collapsed,91,0.6224489795918368,0.6703296703296703,0.6455026455026455,sar,M-2022-6
39,,8494,0.9527407940506177,0.9351306804803391,0.9438536034697879,sar,M-2022-6
40,degraded_noncollapsed,1496,0.9620786516853933,0.9157754010695187,0.9383561643835616,sar,M-2022-6
41,,2296,0.857649667405765,0.8423344947735192,0.8499230938255329,sar,M-2022-6
42,degraded_noncollapsed,801,0.7060333761232349,0.686641697877653,0.6962025316455697,sar,M-2022-6
43,,1363,0.8609715242881072,0.7542186353631695,0.8040672663277278,sar,M-2022-6
44,stable,3176,0.9980430528375733,0.9634760705289672,0.9804549823774431,sar,M-2022-6
45,absorber,2692,0.919460343417825,0.8354383358098069,0.8754379135850525,sar,M-2022-6
46,absorber,6856,0.6370692696695284,0.7901108518086347,0.7053844651344489,sar,M-2022-6
47,final_collapsed;gradual_collapsed,3041,0.9920792079207921,0.9884906280828675,0.9902816669411959,sar,M-2022-6
48,final_collapsed;abrupt_collapsed,4200,0.994061757719715,0.9964285714285714,0.995243757431629,sar,M-2022-6
49,,31293,0.9079238601150952,0.917585402486179,0.9127290643525803,sar,M-2022-6
50,degraded_noncollapsed,1548,0.4680038204393505,0.3165374677002584,0.37764932562620424,sar,M-2022-6
51,,19779,0.9152326945639421,0.946559482279185,0.9306325338635516,sar,M-2022-6
52,,1768,0.8896882494004796,0.8393665158371041,0.8637951105937136,sar,M-2022-6
53,,8195,0.9399236735196356,0.9316656497864552,0.9357764431915676,sar,M-2022-6
54,degraded_noncollapsed,6852,0.7656932628190388,0.4859894921190893,0.5945897687706455,sar,M-2022-6
55,degraded_noncollapsed,8613,0.9798696099736932,0.9946592360385463,0.9872090343397096,sar,M-2022-6
56,final_collapsed;abrupt_collapsed,7619,0.05442176870748299,0.0031500196876230475,0.005955334987593052,sar,M-2022-6
57,stable,3297,0.9909145972138098,0.9924173491052471,0.9916654038490681,sar,M-2022-6
58,,2249,0.9973345179920036,0.9982214317474433,0.9977777777777778,sar,M-2022-6
59,stable,9004,0.9783587828188509,0.9891159484673478,0.9837079582481913,sar,M-2022-6
60,,24221,0.8626679649464459,0.9144543990751827,0.8878066378066378,sar,M-2022-6
61,,13653,0.5578635014836796,0.8537317805610488,0.6747908646192144,sar,M-2022-6
62,stable,11912,0.9307852098047362,0.9403962390866353,0.9355660416753664,sar,M-2022-6
63,,10717,0.7381995618402709,0.6917047681254083,0.7141962522279494,sar,M-2022-6
64,stable,2776,0.8528486543166724,0.8789625360230547,0.8657087103069009,sar,M-2022-6
65,,3266,0.9276777540433323,0.9308022045315371,0.929237352896225,sar,M-2022-6
66,final_collapsed;abrupt_collapsed,5429,0.9176163342830009,0.7119174801989316,0.8017840472979981,sar,M-2022-6
67,,2236,0.7402597402597403,0.3823792486583184,0.5042760247714538,sar,M-2022-6
68,,4534,0.6254148885727833,0.8727393030436701,0.7286621858024123,sar,M-2022-6
69,final_collapsed;abrupt_collapsed,821,0.7329545454545454,0.6285018270401949,0.6767213114754098,sar,M-2022-6
70,degraded_noncollapsed,2230,0.7394695787831513,0.6376681614349776,0.6848061642186372,sar,M-2022-6
71,absorber,139240,0.8875941636539099,0.8851335823039357,0.88636216531101,sar,M-2022-6
72,,16647,0.8502978990279084,0.8144410404277047,0.8319833087874325,sar,M-2022-6
73,,26806,0.9782713307421803,0.9858986794001343,0.9820701956485387,sar,M-2022-6
74,,5766,0.7449832775919732,0.6181061394380853,0.6756398104265403,sar,M-2022-6
75,degraded_noncollapsed,25572,0.6681729219433571,0.9078288753323948,0.7697791630744745,sar,M-2022-6
76,stable,9751,0.9327191174687841,0.7890472772023382,0.8548888888888889,sar,M-2022-6
77,,70171,0.8722873389810839,0.8569352011514728,0.8645431214820246,sar,M-2022-6
78,,48968,0.9670194228398997,0.9293007678483908,0.9477849749026306,sar,M-2022-6
79,,21424,0.778977091588104,0.7983569828230023,0.7885479818353657,sar,M-2022-6
80,degraded_noncollapsed,3042,0.6556741028128031,0.4444444444444444,0.5297805642633229,sar,M-2022-6
81,,6838,0.9608882521489971,0.980842351564785,0.9707627731943841,sar,M-2022-6
82,,67896,0.8716250171318928,0.8430098974902792,0.8570786819703061,sar,M-2022-6
83,,24048,0.9437286461120488,0.9533433133732535,0.9485116153989367,sar,M-2022-6
84,,1686,0.9613095238095238,0.9578884934756821,0.9595959595959596,sar,M-2022-6
85,,2336,0.9583683767872162,0.9755993150684932,0.9669070852778956,sar,M-2022-6
86,,22524,0.8248833751986466,0.7143935357840525,0.7656729556755728,sar,M-2022-6
87,,11076,0.9671493212669683,0.9648790176959191,0.966012835578053,sar,M-2022-6
88,,337,0.4650602409638554,0.5727002967359051,0.5132978723404256,sar,M-2022-6
89,,843,0.8686605981794538,0.7924080664294187,0.8287841191066998,sar,M-2022-6
90,,5608,0.9155145929339478,0.956490727532097,0.9355541990058428,sar,M-2022-6
91,,4241,0.8812836624775583,0.9259608582881396,0.9030700241462574,sar,M-2022-6
92,,808,0.9301369863013699,0.8403465346534653,0.88296488946684,sar,M-2022-6
93,,32986,0.8937410586552218,0.7575638149517977,0.8200374101663768,sar,M-2022-6
94,stable,183,0.031910484873601326,0.4207650273224044,0.059322033898305086,sar,M-2022-6
95,,56638,0.9906732833562102,0.9939616511882482,0.9923147430021857,sar,M-2022-6
96,absorber;degraded_noncollapsed,51492,0.8709814814814815,0.9134040239260468,0.8916884692678118,sar,M-2022-6
97,,41985,0.9394747493987952,0.9397880195307848,0.9396313583539722,sar,M-2022-6
98,stable,61001,0.9913121580795297,0.9951148341830461,0.9932098563434667,sar,M-2022-6
99,stable,23763,0.9483260237092361,0.9190337920296259,0.9334501624209266,sar,M-2022-6
100,,15577,0.902683972514242,0.9867111767349297,0.9428291007238375,sar,M-2022-6
101,degraded_noncollapsed,55443,0.8896376599277274,0.16429486138917446,0.2773667062513322,sar,M-2022-6
102,,70466,0.838415803605677,0.9925921721113729,0.9090129313145754,sar,M-2022-6
103,degraded_noncollapsed,2444,0.9009397024275646,0.9414893617021277,0.9207683073229291,sar,M-2022-6
104,final_collapsed;gradual_collapsed,1990,0.6296296296296297,0.2904522613065327,0.39752407152682256,sar,M-2022-6
105,absorber;degraded_noncollapsed,1700,0.5847022587268994,0.67,0.6244517543859649,sar,M-2022-6
106,,2934,0.9579124579124579,0.9696659850034083,0.9637533875338753,sar,M-2022-6
107,stable,2722,0.9003355704697986,0.9856722997795738,0.9410733076113644,sar,M-2022-6
108,,11821,0.9388678624321211,0.9653159631164876,0.9519082377476538,sar,M-2022-6
109,final_collapsed;abrupt_collapsed,1903,0.9376636982713462,0.9406200735680504,0.9391395592864638,sar,M-2022-6
110,,7677,0.8397280233122875,0.9008727367461248,0.869226418651417,sar,M-2022-6
111,degraded_noncollapsed,2787,0.721300597213006,0.39002511661284534,0.5062878435025617,sar,M-2022-6
112,degraded_noncollapsed,3386,0.54250850170034,0.8009450679267572,0.6468694096601073,sar,M-2022-6
113,stable,3285,0.9920269855872432,0.984779299847793,0.9883898564008555,sar,M-2022-6
114,,2637,0.5915779941136518,0.9908987485779295,0.7408562517720443,sar,M-2022-6
115,,17247,0.8455150515967516,0.8028642662492027,0.8236378777064002,sar,M-2022-6
116,,3557,0.8412781561026715,0.903008152937869,0.8710508474576271,sar,M-2022-6
117,,74656,0.6435814679854243,0.828011144449207,0.7242393354656544,sar,M-2022-6
118,degraded_noncollapsed,3545,0.810784071234232,0.9246826516220028,0.863995782814971,sar,M-2022-6
119,stable,2051,0.8668407310704961,0.8093612871769869,0.8371154815935451,sar,M-2022-6
120,,2075,0.8604534005037784,0.8231325301204819,0.8413793103448276,sar,M-2022-6
121,final_collapsed;gradual_collapsed,1807,0.9376012965964343,0.6402877697841727,0.7609339033212759,sar,M-2022-6
122,,55611,0.8933175941125477,0.8709248170326015,0.881979094584259,sar,M-2022-6
123,degraded_noncollapsed,2588,0.9313417190775681,0.6866306027820711,0.7904804270462633,sar,M-2022-6
124,,31855,0.919678334910123,0.9154920734578559,0.917580429481633,sar,M-2022-6
125,,4050,0.7086923941551143,0.9340740740740741,0.805922454196847,sar,M-2022-6
126,,1935,0.9072988811933937,0.8801033591731267,0.8934942287513117,sar,M-2022-6
127,,6177,0.9231032125768968,0.8745345637040635,0.8981627732978635,sar,M-2022-6
128,stable,3281,0.9438129262747645,0.8857055775678147,0.9138364779874214,sar,M-2022-6
129,degraded_noncollapsed,31159,0.9199544764795144,0.9339195737989024,0.9268844261120224,sar,M-2022-6
130,stable,6776,0.8486373165618448,0.8961038961038961,0.871724930012203,sar,M-2022-6
131,stable,37618,0.8976234003656307,0.9658674039023871,0.9304958000409752,sar,M-2022-6
132,stable,16527,0.9475745499519033,0.8344527137411508,0.8874231845822207,sar,M-2022-6
133,,49248,0.8436224848740678,0.9739481806367771,0.9041129457890372,sar,M-2022-6
134,,9015,0.9118556701030928,0.9811425402107599,0.9452310980496927,sar,M-2022-6
135,,3059,0.7223650385604113,0.7348806799607714,0.7285691135958515,sar,M-2022-6
136,,21531,0.8455263936435484,0.9291718916910501,0.8853779429987608,sar,M-2022-6
137,degraded_noncollapsed,1475,0.8279835390946502,0.6820338983050848,0.7479553903345725,sar,M-2022-6
138,degraded_noncollapsed,40153,0.8968027695753996,0.8773939680721241,0.8869922076614172,sar,M-2022-6
139,degraded_noncollapsed,1145,0.2809204218600192,0.25589519650655024,0.26782449725776963,sar,M-2022-6
140,,66733,0.8612953483196083,0.8698395096878606,0.8655463437910056,sar,M-2022-6
141,,2210,0.6538237011091652,0.5067873303167421,0.5709915880703543,sar,M-2022-6
142,,50300,0.8650558176268437,0.8057057654075547,0.8343266528734212,sar,M-2022-6
143,degraded_noncollapsed,4291,0.7131979695431472,0.6548590072244233,0.6827845948244442,sar,M-2022-6
144,stable,3621,0.9731543624161074,0.9610604805302403,0.9670696123384743,sar,M-2022-6
145,stable,1317,0.9915188897455667,0.976461655277145,0.9839326702371843,sar,M-2022-6
146,,6106,0.9581050596197228,0.9737962659679005,0.9658869395711501,sar,M-2022-6
147,degraded_noncollapsed,13,0.09333333333333334,0.5384615384615384,0.1590909090909091,sar,M-2022-6
148,,6482,0.9215181730459955,0.8839864239432274,0.9023622047244094,sar,M-2022-6
149,,53747,0.8359599761159462,0.8596014661283421,0.8476159025446273,sar,M-2022-6
150,degraded_noncollapsed,2103,0.8940397350993378,0.7061340941512125,0.7890541976620616,sar,M-2022-6
151,,2108,0.7805206463195691,0.8249525616698292,0.8021217712177122,sar,M-2022-6
152,degraded_noncollapsed,800,0.9480840543881335,0.95875,0.9533871970167807,sar,M-2022-6
153,,69891,0.8352882354530958,0.8844200254682291,0.8591522867686406,sar,M-2022-6
154,,2048,0.7308488612836439,0.51708984375,0.6056619959965684,sar,M-2022-6
155,,7616,0.6990500316656112,0.7246586134453782,0.7116240087679712,sar,M-2022-6
156,absorber,29900,0.8323557707227757,0.8970234113712374,0.8634805144632423,sar,M-2022-6
157,,1384,0.6941715782580222,0.7658959537572254,0.7282720714531089,sar,M-2022-6
158,,14360,0.9451121207679907,0.8981197771587743,0.9210169249446547,sar,M-2022-6
159,,2481,0.6046931407942239,0.5401047964530431,0.570576964019587,sar,M-2022-6
160,,2171,0.7488151658767772,0.7277752187931829,0.7381452931558047,sar,M-2022-6
161,,2306,0.9902654867256637,0.9705117085862967,0.9802890932982917,sar,M-2022-6
162,,288,0.44266666666666665,0.5763888888888888,0.5007541478129713,sar,M-2022-6
163,final_collapsed;gradual_collapsed,2085,0.4051724137931034,0.09016786570743406,0.14750882699097687,sar,M-2022-6
164,,2477,0.3158312182741117,0.8037949132014534,0.4534791026079034,sar,M-2022-6
165,,5569,0.7784421192492942,0.8416232716825283,0.8088006902502157,sar,M-2022-6
166,degraded_noncollapsed,2330,0.7787418655097614,0.9244635193133047,0.8453689167974883,sar,M-2022-6
167,degraded_noncollapsed,330,0.7632508833922261,0.6545454545454545,0.7047308319738989,sar,M-2022-6
168,,5028,0.8106650689035351,0.8072792362768496,0.8089686098654708,sar,M-2022-6
169,,3068,0.9798772169167803,0.9364406779661016,0.9576666666666667,sar,M-2022-6
170,,2611,0.7464183381088825,0.7981616238988893,0.7714232833610957,sar,M-2022-6
171,,5620,0.7422402159244265,0.6850533807829181,0.7125011566577218,sar,M-2022-6
172,,6732,0.8579172610556348,0.8933452168746286,0.8752728860427885,sar,M-2022-6
173,degraded_noncollapsed,3237,0.9935135135135135,0.8517145505097312,0.9171656686626747,sar,M-2022-6
174,final_collapsed;abrupt_collapsed,3149,0.9901889534883721,0.8653540806605271,0.9235722758854431,sar,M-2022-6
175,,44968,0.7273415167311249,0.7695249955523928,0.7478388658367912,sar,M-2022-6
176,degraded_noncollapsed,2820,0.6699906512932378,0.7624113475177305,0.7132194393763477,sar,M-2022-6
177,,1722,0.9501347708894878,0.818815331010453,0.8796007485963818,sar,M-2022-6
0,,627,0.6984318455971049,0.9234449760765551,0.7953296703296703,sar,M-2022-7
1,,5041,0.93705710712797,0.8918865304503075,0.9139140156519971,sar,M-2022-7
2,absorber,4913,0.6667844522968198,0.7681660899653979,0.7138938806393644,sar,M-2022-7
3,,814,0.546949965729952,0.9803439803439803,0.7021557413110426,sar,M-2022-7
4,,1306,0.8881766381766382,0.9548238897396631,0.9202952029520295,sar,M-2022-7
5,absorber,949,0.4378947368421053,0.8767123287671232,0.5840645840645841,sar,M-2022-7
6,degraded_noncollapsed,1455,0.16800305460099274,0.3024054982817869,0.21600392734413354,sar,M-2022-7
7,,13,0.6666666666666666,0.3076923076923077,0.42105263157894735,sar,M-2022-7
8,stable,1238,0.8792710706150342,0.9353796445880452,0.9064579256360078,sar,M-2022-7
9,degraded_noncollapsed,1255,0.8256130790190735,0.4828685258964143,0.6093514328808446,sar,M-2022-7
10,final_collapsed;gradual_collapsed,1346,0.8425593098490295,0.8707280832095097,0.8564121300694191,sar,M-2022-7
11,degraded_noncollapsed,1290,0.6659209545115585,0.6922480620155039,0.6788293424553402,sar,M-2022-7
12,degraded_noncollapsed,1813,0.8066013408973698,0.8626585769442913,0.8336886993603412,sar,M-2022-7
13,absorber,1115,0.4383116883116883,0.6053811659192825,0.5084745762711864,sar,M-2022-7
14,absorber;degraded_noncollapsed,4897,0.3755799755799756,0.3140698386767409,0.34208185053380785,sar,M-2022-7
15,stable,538,0.8563106796116505,0.8197026022304833,0.8376068376068376,sar,M-2022-7
16,,949,0.3563218390804598,0.13066385669125394,0.19121048573631458,sar,M-2022-7
17,,9274,0.9531476997578693,0.8489324994608584,0.8980266910003422,sar,M-2022-7
18,,12401,0.8644795228049756,0.9583098137246996,0.9089796542756616,sar,M-2022-7
19,degraded_noncollapsed,9918,0.8984130094043887,0.9246823956442831,0.9113584418165557,sar,M-2022-7
20,,1273,0.8857368006304176,0.8829536527886881,0.8843430369787569,sar,M-2022-7
21,,1255,0.947652040030793,0.9808764940239044,0.9639780736100235,sar,M-2022-7
22,,449,0.7966101694915254,0.8374164810690423,0.8165038002171553,sar,M-2022-7
23,,5629,0.921039311624768,0.969799253863919,0.9447905849775009,sar,M-2022-7
24,degraded_noncollapsed,4214,0.9673155491468397,0.9551495016611296,0.9611940298507463,sar,M-2022-7
25,,35008,0.9038005405703569,0.9360717550274223,0.919653130525075,sar,M-2022-7
26,final_collapsed;abrupt_collapsed,952,0.6427889207258835,0.7069327731092437,0.673336668334167,sar,M-2022-7
27,,15113,0.9585941624556905,0.8409978164494144,0.8959537572254336,sar,M-2022-7
28,degraded_noncollapsed,10579,0.8251431040069122,0.7221854617638718,0.7702389353765501,sar,M-2022-7
29,,19817,0.8365014508201575,0.7128223242670434,0.7697253705318221,sar,M-2022-7
30,,5745,0.9975181705371388,0.9794604003481288,0.9884068153873178,sar,M-2022-7
31,,5940,0.9811352534950312,0.9806397306397306,0.9808874294855603,sar,M-2022-7
32,degraded_noncollapsed,2014,0.6057371581054036,0.45084409136047665,0.5169370908055793,sar,M-2022-7
33,,273,0.7079207920792079,0.5238095238095238,0.6021052631578947,sar,M-2022-7
34,degraded_noncollapsed,802,0.9063260340632603,0.928927680798005,0.9174876847290641,sar,M-2022-7
35,,3174,0.9857332448573325,0.9360428481411468,0.960245636716225,sar,M-2022-7
36,degraded_noncollapsed,1292,0.951440329218107,0.8947368421052632,0.9222177901874751,sar,M-2022-7
37,,939,0.9816933638443935,0.9137380191693291,0.9464975179260894,sar,M-2022-7
38,final_collapsed;abrupt_collapsed,102,0.8490566037735849,0.4411764705882353,0.5806451612903226,sar,M-2022-7
39,,5963,0.9477009477009477,0.9055844373637431,0.926164136866478,sar,M-2022-7
40,degraded_noncollapsed,1205,0.9822595704948646,0.8730290456431535,0.9244288224956063,sar,M-2022-7
41,,1992,0.8074490513000703,0.5768072289156626,0.6729136163982431,sar,M-2022-7
42,degraded_noncollapsed,630,0.3157894736842105,0.26666666666666666,0.2891566265060241,sar,M-2022-7
43,,1330,0.7705295471987721,0.7548872180451128,0.7626281807823775,sar,M-2022-7
44,stable,1904,0.9861989649223691,0.9007352941176471,0.9415317046390338,sar,M-2022-7
45,absorber,1928,0.8845700824499411,0.779045643153527,0.8284611141753999,sar,M-2022-7
46,absorber,4182,0.6356240633697281,0.709947393591583,0.6707330848300012,sar,M-2022-7
47,final_collapsed;gradual_collapsed,384,0.9758064516129032,0.9453125,0.9603174603174603,sar,M-2022-7
48,final_collapsed;abrupt_collapsed,4498,0.9643652561247216,0.09626500666963095,0.17505558924600767,sar,M-2022-7
49,,13761,0.8363502772025917,0.9098902696024999,0.8715717666713072,sar,M-2022-7
50,degraded_noncollapsed,2568,0.09873417721518987,0.015186915887850467,0.02632467094161323,sar,M-2022-7
51,,15397,0.8516095414543771,0.9553159706436318,0.9004866999295968,sar,M-2022-7
52,,1010,0.8522875816993464,0.6455445544554456,0.7346478873239437,sar,M-2022-7
53,,4517,0.8725779275484414,0.9172016825326544,0.8943335132218024,sar,M-2022-7
54,degraded_noncollapsed,3357,0.36756993006993005,0.2505212987786714,0.29796279893711247,sar,M-2022-7
55,degraded_noncollapsed,5627,0.97633959638135,0.997334281144482,0.9867252747252747,sar,M-2022-7
56,final_collapsed;abrupt_collapsed,8114,0.007662835249042145,0.0004929751047572097,0.0009263547938860583,sar,M-2022-7
57,stable,2449,0.9967064635652532,0.9885667619436505,0.992619926199262,sar,M-2022-7
58,,1749,0.9994275901545506,0.9982847341337907,0.9988558352402745,sar,M-2022-7
59,stable,5381,0.971350861287398,0.9955398624790931,0.9832966226138032,sar,M-2022-7
60,,21024,0.875057229191466,0.9091038812785388,0.8917557038212103,sar,M-2022-7
61,,12195,0.5908596300326442,0.8905289052890529,0.7103843008994276,sar,M-2022-7
62,stable,8933,0.9185674696226818,0.9647374902048584,0.9410865410865411,sar,M-2022-7
63,,8561,0.7908031088082902,0.7131176264455087,0.749953934033536,sar,M-2022-7
64,stable,16,0.005847953216374269,0.125,0.0111731843575419,sar,M-2022-7
65,,2044,0.9064296915838996,0.8483365949119374,0.8764215314632298,sar,M-2022-7
66,final_collapsed;abrupt_collapsed,2587,0.8993020937188435,0.697332817935833,0.785543217940344,sar,M-2022-7
67,,1175,0.3700564971751412,0.334468085106383,0.3513634331694233,sar,M-2022-7
68,,3493,0.5562725374833934,0.8391067849985686,0.6690253366811231,sar,M-2022-7
69,final_collapsed;abrupt_collapsed,605,0.7219387755102041,0.9355371900826446,0.8149748020158387,sar,M-2022-7
70,degraded_noncollapsed,1078,0.7160493827160493,0.5918367346938775,0.6480446927374302,sar,M-2022-7
71,absorber,78156,0.8542369467801219,0.8683146527457904,0.8612182741116752,sar,M-2022-7
72,,7931,0.7745209998731125,0.7696381288614298,0.7720718441689856,sar,M-2022-7
73,,15014,0.9743084302516591,0.9876115625416279,0.9809148943207753,sar,M-2022-7
74,,3474,0.7019912251096861,0.5987334484743811,0.6462637874786391,sar,M-2022-7
75,degraded_noncollapsed,16084,0.6911890075723384,0.8569385724944044,0.7651908396946565,sar,M-2022-7
76,stable,5019,0.9138395261173936,0.6762303247658896,0.7772815756326578,sar,M-2022-7
77,,35082,0.853243322571177,0.8286300667008722,0.840756594169366,sar,M-2022-7
78,,31608,0.9706007390692959,0.9390027841052898,0.9545403380127679,sar,M-2022-7
79,,10765,0.7643157989067121,0.792289828146772,0.7780514504652436,sar,M-2022-7
80,degraded_noncollapsed,2151,0.6103448275862069,0.3291492329149233,0.42766535789791604,sar,M-2022-7
81,,3251,0.9625342674383186,0.9720086127345432,0.9672482399755127,sar,M-2022-7
82,,38594,0.8187291989532787,0.8350002591076333,0.8267846834712334,sar,M-2022-7
83,,21074,0.9249651324965132,0.9441017367372118,0.9344354687206462,sar,M-2022-7
84,,1135,0.9718804920913884,0.9744493392070485,0.9731632204135504,sar,M-2022-7
85,,1437,0.9636986301369863,0.9791231732776617,0.9713496720745599,sar,M-2022-7
86,,16760,0.8089369158878504,0.8263126491646778,0.8175324675324676,sar,M-2022-7
87,,9083,0.9727876106194691,0.968182318617197,0.9704795011863379,sar,M-2022-7
88,,239,0.30260047281323876,0.5355648535564853,0.3867069486404834,sar,M-2022-7
89,,552,0.8938428874734607,0.7626811594202898,0.823069403714565,sar,M-2022-7
90,,3605,0.8693991853360489,0.9472954230235784,0.906677286605602,sar,M-2022-7
91,,2609,0.8124791458124792,0.9333077807589114,0.868712094184802,sar,M-2022-7
92,,804,0.9445196211096076,0.8681592039800995,0.9047310434219054,sar,M-2022-7
93,,24700,0.8852893601725378,0.7976923076923077,0.8392111764204787,sar,M-2022-7
94,stable,123,0.022610483042137718,0.35772357723577236,0.04253262445625906,sar,M-2022-7
95,,53160,0.9924492685228882,0.9889954853273137,0.9907193668441137,sar,M-2022-7
96,absorber;degraded_noncollapsed,37892,0.8329393627954779,0.8555367887680777,0.8440868614279019,sar,M-2022-7
97,,30023,0.9242833558457152,0.8205042800519602,0.8693074547860609,sar,M-2022-7
98,stable,48679,0.995452862022139,0.9938782637276854,0.9946649397107349,sar,M-2022-7
99,stable,18048,0.9498683633172444,0.959552304964539,0.9546857772877618,sar,M-2022-7
100,,10947,0.8931153466973382,0.9930574586644743,0.9404386002854794,sar,M-2022-7
101,degraded_noncollapsed,44889,0.9368181818181818,0.18365301075987436,0.30710201344781984,sar,M-2022-7
102,,41479,0.7913804351997544,0.9942862653390873,0.8813052258181702,sar,M-2022-7
103,degraded_noncollapsed,1231,0.6438969764837627,0.934199837530463,0.762346702021876,sar,M-2022-7
104,final_collapsed;gradual_collapsed,1719,0.42105263157894735,0.1489237929028505,0.22002578427159433,sar,M-2022-7
105,absorber;degraded_noncollapsed,1105,0.33703190013869627,0.6597285067873303,0.44614443084455324,sar,M-2022-7
106,,2288,0.9376558603491272,0.986013986013986,0.9612270984235194,sar,M-2022-7
107,stable,2160,0.9114359415305245,0.9814814814814815,0.9451627284886313,sar,M-2022-7
108,,7204,0.9339404648633954,0.9537756801776791,0.9437538630588559,sar,M-2022-7
109,final_collapsed;abrupt_collapsed,1236,0.9294770206022187,0.9490291262135923,0.9391513210568455,sar,M-2022-7
110,,6102,0.8968833481745325,0.8253031792854801,0.8596057011180336,sar,M-2022-7
111,degraded_noncollapsed,1330,0.6385964912280702,0.4105263157894737,0.4997711670480549,sar,M-2022-7
112,degraded_noncollapsed,1780,0.6862521391899601,0.6758426966292135,0.6810076422303991,sar,M-2022-7
113,stable,2014,0.9905472636815921,0.9885799404170804,0.9895626242544732,sar,M-2022-7
114,,1939,0.7521501172791243,0.9922640536358948,0.8556815654881031,sar,M-2022-7
115,,13745,0.8542478565861262,0.7176427791924336,0.7800094891665349,sar,M-2022-7
116,,3519,0.9108040201005025,0.8240977550440466,0.8652842011039833,sar,M-2022-7
117,,45039,0.5550484265247393,0.7965318945802526,0.6542175375890146,sar,M-2022-7
118,degraded_noncollapsed,1354,0.623062015503876,0.9497784342688331,0.7524868344060854,sar,M-2022-7
119,stable,1430,0.9265246142542248,0.8818181818181818,0.9036187746327481,sar,M-2022-7
120,,1510,0.8962962962962963,0.8814569536423841,0.8888146911519199,sar,M-2022-7
121,final_collapsed;gradual_collapsed,7,0.0,0.0,0.0,sar,M-2022-7
122,,41710,0.9007756218780592,0.860369216015344,0.8801088915866534,sar,M-2022-7
123,degraded_noncollapsed,1121,0.8557784145176696,0.7992863514719001,0.8265682656826568,sar,M-2022-7
124,,20257,0.9045535891827401,0.8982573925062941,0.9013944963217992,sar,M-2022-7
125,,2871,0.6181356714351638,0.9331243469174504,0.7436502428868841,sar,M-2022-7
126,,1107,0.9034146341463415,0.8364950316169828,0.8686679174484052,sar,M-2022-7
127,,2163,0.8659898477157361,0.7887193712436431,0.8255504476167432,sar,M-2022-7
128,stable,2154,0.7323644097837646,0.9591457753017641,0.8305527638190955,sar,M-2022-7
129,degraded_noncollapsed,19427,0.8890194350614383,0.9347814896793123,0.9113263411451799,sar,M-2022-7
130,stable,4594,0.8128619932095067,0.8859381802350893,0.8478283512134153,sar,M-2022-7
131,stable,26165,0.9174827711280378,0.966749474488821,0.9414720387084767,sar,M-2022-7
132,stable,10712,0.9287598944591029,0.8543689320388349,0.8900126422250316,sar,M-2022-7
133,,36135,0.8417245439907717,0.9692818596928185,0.9010109844879479,sar,M-2022-7
134,,6337,0.923235294117647,0.9906896007574562,0.9557737687447667,sar,M-2022-7
135,,1882,0.6219211822660099,0.8049946865037194,0.7017137563686892,sar,M-2022-7
136,,14759,0.858733155393529,0.893759739819771,0.8758964143426294,sar,M-2022-7
137,degraded_noncollapsed,1585,0.6804123711340206,0.2082018927444795,0.3188405797101449,sar,M-2022-7
138,degraded_noncollapsed,28132,0.8779665413046297,0.7219536470922793,0.7923534575246269,sar,M-2022-7
139,degraded_noncollapsed,1011,0.3868378812199037,0.23837784371909002,0.29498164014687883,sar,M-2022-7
140,,13811,0.6907332293291731,0.80146260227355,0.7419895428341601,sar,M-2022-7
141,,1364,0.7132796780684104,0.5197947214076246,0.6013570822731128,sar,M-2022-7
142,,23002,0.8366703744901742,0.7848013216242066,0.8099062317735206,sar,M-2022-7
143,degraded_noncollapsed,2408,0.66489597166888,0.6237541528239202,0.643668309406471,sar,M-2022-7
144,stable,3002,0.9950035688793719,0.9287141905396402,0.9607167470709855,sar,M-2022-7
145,stable,1697,0.9946996466431095,0.9952857984678845,0.9949926362297496,sar,M-2022-7
146,,4786,0.9869249394673123,0.8516506477225241,0.9143113503813369,sar,M-2022-7
147,degraded_noncollapsed,55,0.1623931623931624,0.34545454545454546,0.22093023255813954,sar,M-2022-7
148,,4632,0.903927224317728,0.8795336787564767,0.8915636284057337,sar,M-2022-7
149,,32883,0.7271614776025955,0.7770276434631876,0.7512679907675571,sar,M-2022-7
150,degraded_noncollapsed,1436,0.8706896551724138,0.633008356545961,0.7330645161290322,sar,M-2022-7
151,,1469,0.7560679611650486,0.8481960517358748,0.7994866859159449,sar,M-2022-7
152,degraded_noncollapsed,336,0.9080779944289693,0.9702380952380952,0.9381294964028777,sar,M-2022-7
153,,39925,0.8001122439435039,0.8570068879148404,0.8275828707566907,sar,M-2022-7
154,,1219,0.6958637469586375,0.4692370795734208,0.5605095541401274,sar,M-2022-7
155,,5019,0.6141160949868074,0.7419804741980475,0.6720202111341694,sar,M-2022-7
156,absorber,19602,0.7899539212555318,0.8833282318130803,0.8340357891187592,sar,M-2022-7
157,,937,0.5748098055790364,0.7257203842049093,0.6415094339622641,sar,M-2022-7
158,,5930,0.9133356915458083,0.8708263069139967,0.8915745856353591,sar,M-2022-7
159,,1512,0.6435272045028143,0.4537037037037037,0.5321955003878976,sar,M-2022-7
160,,1230,0.4486607142857143,0.6536585365853659,0.5320979483785573,sar,M-2022-7
161,,1512,0.9941176470588236,0.8941798941798942,0.9415041782729805,sar,M-2022-7
162,,241,0.5283018867924528,0.46473029045643155,0.49448123620309054,sar,M-2022-7
163,final_collapsed;gradual_collapsed,1276,0.12830188679245283,0.02664576802507837,0.04412719013627515,sar,M-2022-7
164,,1702,0.2785493827160494,0.636310223266745,0.38747763864042933,sar,M-2022-7
165,,5683,0.7676008202323992,0.7904275910610593,0.7788469874295622,sar,M-2022-7
166,degraded_noncollapsed,1530,0.6248062015503876,0.526797385620915,0.5716312056737589,sar,M-2022-7
167,degraded_noncollapsed,23,0.07246376811594203,0.21739130434782608,0.10869565217391304,sar,M-2022-7
168,,2156,0.6522206303724928,0.8446196660482375,0.7360549717057397,sar,M-2022-7
169,,2090,0.8852106620808254,0.9851674641148326,0.9325181159420289,sar,M-2022-7
170,,1882,0.6005210594876248,0.7348565356004251,0.6609318996415771,sar,M-2022-7
171,,6243,0.7184853014449427,0.6929360884190293,0.7054794520547946,sar,M-2022-7
172,,5217,0.8584088620342397,0.8169446041786468,0.8371636220781772,sar,M-2022-7
173,degraded_noncollapsed,1718,0.997254632807138,0.8457508731082655,0.9152755905511811,sar,M-2022-7
174,final_collapsed;abrupt_collapsed,1067,0.0,0.0,0.0,sar,M-2022-7
175,,32188,0.7416988890934757,0.7508698893997763,0.7462562139129898,sar,M-2022-7
176,degraded_noncollapsed,1623,0.5553595059550066,0.7757239679605669,0.6473007712082263,sar,M-2022-7
177,,1188,0.3742613263296126,0.9595959595959596,0.538497874350496,sar,M-2022-7
0,,862,0.7754901960784314,0.9176334106728539,0.8405951115834219,sar,M-2022-8
1,,5146,0.8938070277615997,0.8946754760979402,0.8942410410799262,sar,M-2022-8
2,absorber,5944,0.629756242568371,0.7128196500672948,0.6687184343434344,sar,M-2022-8
3,,961,0.6886792452830188,0.9875130072840791,0.8114578879863189,sar,M-2022-8
4,,537,0.7919876733436055,0.957169459962756,0.866779089376054,sar,M-2022-8
5,absorber,2001,0.5647952722667793,0.6686656671664168,0.6123569794050343,sar,M-2022-8
6,degraded_noncollapsed,1603,0.15783096031505606,0.32501559575795386,0.21247960848287112,sar,M-2022-8
7,,14,0.5,0.07142857142857142,0.125,sar,M-2022-8
8,stable,2212,0.8807157057654076,0.8010849909584087,0.8390151515151515,sar,M-2022-8
9,degraded_noncollapsed,1272,0.7731239092495636,0.34827044025157233,0.4802168021680217,sar,M-2022-8
10,final_collapsed;gradual_collapsed,1331,0.8399401645474944,0.8437265214124718,0.8418290854572713,sar,M-2022-8
11,degraded_noncollapsed,1630,0.39793038570084666,0.25950920245398773,0.31414779056813963,sar,M-2022-8
12,degraded_noncollapsed,2224,0.7896566710126032,0.8169964028776978,0.8030939226519337,sar,M-2022-8
13,absorber,1200,0.4148991205380238,0.6683333333333333,0.5119693584423874,sar,M-2022-8
14,absorber;degraded_noncollapsed,6466,0.2537952510704554,0.30250541292916794,0.2760177802864602,sar,M-2022-8
15,stable,491,0.856492027334852,0.7657841140529531,0.8086021505376344,sar,M-2022-8
16,,677,0.24489795918367346,0.14180206794682423,0.1796071094480823,sar,M-2022-8
17,,10142,0.9525908512097169,0.9588838493393808,0.9557269913026387,sar,M-2022-8
18,,15084,0.8355496196504268,0.953924688411562,0.8908218542021359,sar,M-2022-8
19,degraded_noncollapsed,11453,0.8798732475513732,0.800052388020606,0.838066492888828,sar,M-2022-8
20,,1430,0.8050682261208577,0.8664335664335664,0.8346244526776693,sar,M-2022-8
21,,1311,0.9303008070432869,0.9672006102212052,0.9483919222139118,sar,M-2022-8
22,,752,0.7829949238578681,0.8204787234042553,0.8012987012987013,sar,M-2022-8
23,,4529,0.8295030445884894,0.9324354162066681,0.8779625779625779,sar,M-2022-8
24,degraded_noncollapsed,4554,0.9637599093997735,0.9343434343434344,0.9488237261679117,sar,M-2022-8
25,,39522,0.8998253190353729,0.938439350235312,0.9187267773098836,sar,M-2022-8
26,final_collapsed;abrupt_collapsed,1103,0.6876046901172529,0.7443336355394379,0.7148454505877231,sar,M-2022-8
27,,1901,0.8242718446601942,0.8932140978432404,0.8573592527139611,sar,M-2022-8
28,degraded_noncollapsed,9168,0.7650353055758461,0.6854275741710296,0.7230468300540789,sar,M-2022-8
29,,21945,0.8340059751559306,0.7250854408749146,0.7757410296411856,sar,M-2022-8
30,,3306,0.9984081502706145,0.9485783424077435,0.9728555917480999,sar,M-2022-8
31,,4666,0.9784622011630412,0.9736390912987569,0.9760446879364056,sar,M-2022-8
32,degraded_noncollapsed,2218,0.5217155266015201,0.433273219116321,0.47339901477832513,sar,M-2022-8
33,,286,0.8636363636363636,0.6643356643356644,0.7509881422924901,sar,M-2022-8
34,degraded_noncollapsed,758,0.8703481392557023,0.9564643799472295,0.9113764927718416,sar,M-2022-8
35,,1273,0.9551867219917013,0.9041633935585232,0.9289749798224375,sar,M-2022-8
36,degraded_noncollapsed,629,0.8557692307692307,0.7074721780604134,0.7745865970409052,sar,M-2022-8
37,,574,0.9649737302977233,0.9599303135888502,0.9624454148471616,sar,M-2022-8
38,final_collapsed;abrupt_collapsed,973,0.625,0.030832476875642344,0.058765915768854066,sar,M-2022-8
39,,5926,0.9289655172413793,0.9092136348295646,0.9189834555688214,sar,M-2022-8
40,degraded_noncollapsed,1203,0.985239852398524,0.6658354114713217,0.7946428571428571,sar,M-2022-8
41,,1928,0.8063354931605472,0.5809128630705395,0.6753090141694302,sar,M-2022-8
42,degraded_noncollapsed,713,0.37383177570093457,0.2244039270687237,0.28045574057843997,sar,M-2022-8
43,,2868,0.8726298433635614,0.7381450488145049,0.7997733282961843,sar,M-2022-8
44,stable,1328,0.9808695652173913,0.8493975903614458,0.910411622276029,sar,M-2022-8
45,absorber,1779,0.5676246830092984,0.7549184935356942,0.6480096501809409,sar,M-2022-8
46,absorber,4667,0.5446598855689765,0.7343046925219627,0.6254220275572588,sar,M-2022-8
47,final_collapsed;gradual_collapsed,10,0.06666666666666667,0.1,0.08,sar,M-2022-8
48,final_collapsed;abrupt_collapsed,4626,0.0,0.0,0.0,sar,M-2022-8
49,,13190,0.820193735416814,0.8794541319181198,0.8487908389126697,sar,M-2022-8
50,degraded_noncollapsed,9033,0.44833625218914186,0.028340529170818113,0.053311120366513955,sar,M-2022-8
51,,15789,0.9089975845410628,0.9533852682247134,0.9306624625181613,sar,M-2022-8
52,,1110,0.7655719139297849,0.609009009009009,0.6783743100852986,sar,M-2022-8
53,,5275,0.8868626062322946,0.9495734597156398,0.9171473038542525,sar,M-2022-8
54,degraded_noncollapsed,3681,0.35260621988611474,0.2186905732138006,0.2699530516431925,sar,M-2022-8
55,degraded_noncollapsed,4870,0.9870542811719283,0.8924024640657084,0.9373449800496064,sar,M-2022-8
56,final_collapsed;abrupt_collapsed,10210,0.005722460658082976,0.0003917727717923604,0.0007333394444953708,sar,M-2022-8
57,stable,1913,0.9941829719725013,0.9827496079456352,0.9884332281808622,sar,M-2022-8
58,,1356,0.9977924944812362,1.0,0.9988950276243094,sar,M-2022-8
59,stable,4909,0.9562243502051984,0.99674068038297,0.9760622381807301,sar,M-2022-8
60,,21862,0.870759219088937,0.9180770286341597,0.893792304951906,sar,M-2022-8
61,,12446,0.5683374844333748,0.8800417804917242,0.6906488429283056,sar,M-2022-8
62,stable,8482,0.9347380410022779,0.9675784013204433,0.9508747537944618,sar,M-2022-8
63,,8412,0.7646904512067156,0.693057536852116,0.7271139935145922,sar,M-2022-8
64,stable,3965,0.8877734877734877,0.8698612862547289,0.8787261146496815,sar,M-2022-8
65,,2348,0.9267895878524945,0.7278534923339012,0.8153625954198473,sar,M-2022-8
66,final_collapsed;abrupt_collapsed,2980,0.8816425120772947,0.6124161073825504,0.7227722772277227,sar,M-2022-8
67,,1258,0.31293881644934807,0.2480127186009539,0.27671840354767185,sar,M-2022-8
68,,3673,0.4737936154417223,0.8687721208821128,0.6131821675634127,sar,M-2022-8
69,final_collapsed;abrupt_collapsed,517,0.6556927297668038,0.9245647969052224,0.7672552166934189,sar,M-2022-8
70,degraded_noncollapsed,1217,0.6725978647686833,0.4658997534921939,0.5504854368932038,sar,M-2022-8
71,absorber,73697,0.8019162091572943,0.8165732662116504,0.8091783704560276,sar,M-2022-8
72,,8133,0.6790190001347527,0.6195745727283906,0.6479362221936479,sar,M-2022-8
73,,12129,0.9621962196219622,0.9694945997196801,0.9658316221765914,sar,M-2022-8
74,,3591,0.7103092783505155,0.5756056808688388,0.6359021688970927,sar,M-2022-8
75,degraded_noncollapsed,16576,0.6501905340476059,0.7102437258687259,0.6788916760372516,sar,M-2022-8
76,stable,3558,0.9030178728391445,0.8662169758291175,0.8842346865585999,sar,M-2022-8
77,,38646,0.8740337741388133,0.839724680432645,0.8565357967667436,sar,M-2022-8
78,,29549,0.9641822396059684,0.900978036481776,0.9315092458144539,sar,M-2022-8
79,,9419,0.7646740892876446,0.7510351417347914,0.757793251205142,sar,M-2022-8
80,degraded_noncollapsed,1839,0.49183303085299457,0.2947253942359978,0.36858211492689563,sar,M-2022-8
81,,2870,0.9500713266761769,0.9282229965156794,0.939020091646105,sar,M-2022-8
82,,36090,0.7264360597130296,0.8332779163203103,0.7761976047904192,sar,M-2022-8
83,,22940,0.9438972534386254,0.9482999128160419,0.9460934611955553,sar,M-2022-8
84,,2107,0.9770554493307839,0.9700996677740864,0.9735651345558466,sar,M-2022-8
85,,502,0.9129593810444874,0.9402390438247012,0.9263984298331698,sar,M-2022-8
86,,16937,0.7928812334377259,0.7772923185924308,0.785009391491011,sar,M-2022-8
87,,7898,0.9403076923076923,0.9673335021524436,0.9536291580852525,sar,M-2022-8
88,,291,0.32,0.4948453608247423,0.38866396761133604,sar,M-2022-8
89,,579,0.8902439024390244,0.7564766839378239,0.8179271708683473,sar,M-2022-8
90,,4021,0.8797599815370413,0.9480228798806267,0.9126167105578166,sar,M-2022-8
91,,3006,0.820580474934037,0.9311377245508982,0.8723702664796634,sar,M-2022-8
92,,1004,0.9596069868995634,0.8754980079681275,0.915625,sar,M-2022-8
93,,26793,0.8389630489456374,0.8092785429029971,0.8238534898742353,sar,M-2022-8
94,stable,128,0.07261146496815286,0.4453125,0.1248630887185104,sar,M-2022-8
95,,43638,0.9772502916629274,0.9981667354140886,0.9875977780297018,sar,M-2022-8
96,absorber;degraded_noncollapsed,42812,0.8273723615370738,0.8569793515836681,0.8419156455092018,sar,M-2022-8
97,,35301,0.8918239764648198,0.8243959094643212,0.8567853620479001,sar,M-2022-8
98,stable,52264,0.9939364866161374,0.9911028623909384,0.9925176520181263,sar,M-2022-8
99,stable,18023,0.9511452042870355,0.9700382844143595,0.9604988462806285,sar,M-2022-8
100,,12122,0.8463675737517365,0.8543969641973271,0.8503633154070365,sar,M-2022-8
101,degraded_noncollapsed,47771,0.9726484037779393,0.47641874777584725,0.6395672333848532,sar,M-2022-8
102,,34377,0.8288213650430079,0.9894406143642551,0.9020367030868781,sar,M-2022-8
103,degraded_noncollapsed,1686,0.5098039215686274,0.9252669039145908,0.6573957016434893,sar,M-2022-8
104,final_collapsed;gradual_collapsed,1405,0.312,0.1110320284697509,0.16377952755905512,sar,M-2022-8
105,absorber;degraded_noncollapsed,2363,0.5933815138836059,0.6601777401608125,0.625,sar,M-2022-8
106,,2346,0.9316066369890732,0.9812446717817562,0.9557816068092173,sar,M-2022-8
107,stable,2385,0.9153666146645866,0.9840670859538784,0.9484744392806628,sar,M-2022-8
108,,6942,0.9182492581602374,0.8915298184961107,0.9046922964478877,sar,M-2022-8
109,final_collapsed;abrupt_collapsed,1309,0.967032967032967,0.9411764705882353,0.9539295392953929,sar,M-2022-8
110,,5689,0.8418385812522621,0.8177184039374231,0.8296032099866251,sar,M-2022-8
111,degraded_noncollapsed,1028,0.599250936329588,0.4669260700389105,0.5248769819573538,sar,M-2022-8
112,degraded_noncollapsed,2194,0.7688118811881188,0.7078395624430265,0.7370669197911723,sar,M-2022-8
113,stable,1939,0.98659793814433,0.9871067560598247,0.9868522815158546,sar,M-2022-8
114,,2359,0.9721760797342193,0.9923696481559983,0.9821690790853786,sar,M-2022-8
115,,13747,0.8803053936458419,0.7800247326689459,0.8271366862079605,sar,M-2022-8
116,,3304,0.903161397670549,0.8214285714285714,0.8603582184181329,sar,M-2022-8
117,,52510,0.607742509641056,0.7803085126642544,0.6832985908446594,sar,M-2022-8
118,degraded_noncollapsed,1152,0.27405032067094226,0.9644097222222222,0.4268152132155206,sar,M-2022-8
119,stable,2335,0.9352389459580169,0.8967880085653105,0.9156099693922168,sar,M-2022-8
120,,1976,0.8545893719806763,0.895242914979757,0.8744438952051409,sar,M-2022-8
121,final_collapsed;gradual_collapsed,20,0.0,0.0,0.0,sar,M-2022-8
122,,45228,0.8909993880337053,0.8369815158751216,0.8631461340264952,sar,M-2022-8
123,degraded_noncollapsed,4318,0.9518143961927424,0.7410838351088467,0.8333333333333334,sar,M-2022-8
124,,22927,0.8932342072848848,0.8856370218519649,0.889419391576688,sar,M-2022-8
125,,3584,0.657951641438962,0.9338727678571429,0.771998616076577,sar,M-2022-8
126,,1562,0.9103448275862069,0.8450704225352113,0.8764940239043825,sar,M-2022-8
127,,1951,0.850632911392405,0.6888774987186058,0.7612574341546304,sar,M-2022-8
128,stable,1974,0.9460010188487009,0.9407294832826748,0.9433578867157735,sar,M-2022-8
129,degraded_noncollapsed,23034,0.8717006072121938,0.9161674047060867,0.8933810299938615,sar,M-2022-8
130,stable,4970,0.7455872369314325,0.8839034205231389,0.8088749769839808,sar,M-2022-8
131,stable,27511,0.9040682551243368,0.9475119043291774,0.9252804202754508,sar,M-2022-8
132,stable,12301,0.9293468588716853,0.8490366636858792,0.8873783933047283,sar,M-2022-8
133,,44441,0.8413516160626836,0.9664724016111249,0.8995821595752479,sar,M-2022-8
134,,7338,0.9306164560226979,0.9833742164077405,0.956268221574344,sar,M-2022-8
135,,1863,0.5611928737412858,0.7777777777777778,0.6519685039370079,sar,M-2022-8
136,,17935,0.8570341378560556,0.8790632840814051,0.8679089482810822,sar,M-2022-8
137,degraded_noncollapsed,1268,0.5591836734693878,0.21608832807570977,0.3117178612059158,sar,M-2022-8
138,degraded_noncollapsed,27037,0.8732366771159875,0.6593926840995673,0.7513961182643879,sar,M-2022-8
139,degraded_noncollapsed,1361,0.41955445544554454,0.2490815576781778,0.31258644536652835,sar,M-2022-8
140,,6533,0.5189458206085285,0.7022807286086025,0.5968518277611552,sar,M-2022-8
141,,1310,0.7066356228172294,0.4633587786259542,0.5597049331489166,sar,M-2022-8
142,,20740,0.7336475292773493,0.7430568948891032,0.7383222344655775,sar,M-2022-8
143,degraded_noncollapsed,2610,0.6275831087151842,0.5352490421455939,0.5777502067824648,sar,M-2022-8
144,stable,2946,0.9950035688793719,0.9463679565512559,0.9700765483646486,sar,M-2022-8
145,stable,1596,0.993734335839599,0.993734335839599,0.993734335839599,sar,M-2022-8
146,,5430,0.9872611464968153,0.7992633517495396,0.8833706492977814,sar,M-2022-8
147,degraded_noncollapsed,19,0.03875968992248062,0.2631578947368421,0.06756756756756757,sar,M-2022-8
148,,5228,0.8885387948011028,0.8630451415455241,0.8756064428488259,sar,M-2022-8
149,,36383,0.7189900024252877,0.7333369980485391,0.7260926359331628,sar,M-2022-8
150,degraded_noncollapsed,1240,0.8490813648293963,0.521774193548387,0.6463536463536463,sar,M-2022-8
151,,1581,0.7042025862068966,0.8266919671094244,0.7605469886528949,sar,M-2022-8
152,degraded_noncollapsed,356,0.9466292134831461,0.9466292134831461,0.9466292134831461,sar,M-2022-8
153,,41882,0.7829722279178912,0.8205673081514732,0.8013290585835033,sar,M-2022-8
154,,1349,0.7113163972286374,0.45663454410674575,0.5562076749435666,sar,M-2022-8
155,,4958,0.5908801020408163,0.7474788221056877,0.6600178094390027,sar,M-2022-8
156,absorber,21541,0.7509989814306981,0.8899308295807994,0.8145834661227612,sar,M-2022-8
157,,1614,0.6061068702290077,0.7379182156133829,0.6655490360435876,sar,M-2022-8
158,,5881,0.8691109422492401,0.77792892365244,0.8209959623149394,sar,M-2022-8
159,,1687,0.6242283950617284,0.47954949614700654,0.542406972846128,sar,M-2022-8
160,,1280,0.4685890834191555,0.7109375,0.5648665425201738,sar,M-2022-8
161,,1187,0.9869646182495344,0.8930075821398483,0.9376382131800088,sar,M-2022-8
162,,225,0.5213270142180095,0.4888888888888889,0.5045871559633027,sar,M-2022-8
163,final_collapsed;gradual_collapsed,2303,0.07801418439716312,0.009552757273122015,0.01702127659574468,sar,M-2022-8
164,,1787,0.23441880526202286,0.608282036933408,0.33841843088418433,sar,M-2022-8
165,,6246,0.589237668161435,0.7363112391930836,0.6546153298697601,sar,M-2022-8
166,degraded_noncollapsed,2008,0.7055630936227951,0.5179282868525896,0.5973578403216542,sar,M-2022-8
167,degraded_noncollapsed,28,0.06976744186046512,0.21428571428571427,0.10526315789473684,sar,M-2022-8
168,,3413,0.7047244094488189,0.8391444476999707,0.7660826534706433,sar,M-2022-8
169,,2076,0.8398841539098055,0.9778420038535646,0.9036278655686624,sar,M-2022-8
170,,2430,0.6454453098543854,0.7843621399176954,0.7081553037339773,sar,M-2022-8
171,,5885,0.7326430147682906,0.7333899745114698,0.733016304347826,sar,M-2022-8
172,,6233,0.878053585500394,0.7150649767367239,0.7882217702714652,sar,M-2022-8
173,degraded_noncollapsed,2317,0.996299037749815,0.5809236081139404,0.7339149400218102,sar,M-2022-8
174,final_collapsed;abrupt_collapsed,1419,0.0,0.0,0.0,sar,M-2022-8
175,,38323,0.7626998130250441,0.7557341544242361,0.7592010066058509,sar,M-2022-8
176,degraded_noncollapsed,1662,0.4670958512160229,0.7858002406738869,0.5859129654553612,sar,M-2022-8
177,,1371,0.39118198874296434,0.912472647702407,0.5476034143138543,sar,M-2022-8
0,,1520,0.8216216216216217,0.9,0.8590266875981162,sar,M-2022-9
1,,3720,0.8666150670794633,0.9029569892473118,0.8844128488678251,sar,M-2022-9
2,absorber,5358,0.5169337768370124,0.6381112355356476,0.5711660541262947,sar,M-2022-9
3,,1029,0.7748240813135262,0.9630709426627794,0.8587521663778163,sar,M-2022-9
4,,1001,0.8913443830570903,0.967032967032967,0.9276473406804024,sar,M-2022-9
5,absorber,2682,0.5654149000605694,0.6961222967934377,0.6239973262032086,sar,M-2022-9
6,degraded_noncollapsed,1625,0.2118570183086312,0.2990769230769231,0.24802245470783363,sar,M-2022-9
7,,17,0.5,0.058823529411764705,0.10526315789473684,sar,M-2022-9
8,stable,1739,0.8429290106204583,0.8671650373778034,0.854875283446712,sar,M-2022-9
9,degraded_noncollapsed,1470,0.533457249070632,0.19523809523809524,0.2858565737051793,sar,M-2022-9
10,final_collapsed;gradual_collapsed,930,0.7699029126213592,0.8526881720430107,0.8091836734693878,sar,M-2022-9
11,degraded_noncollapsed,1941,0.30369718309859156,0.1777434312210201,0.22424439389015274,sar,M-2022-9
12,degraded_noncollapsed,3307,0.8275058275058275,0.8587843967342002,0.8428550230004451,sar,M-2022-9
13,absorber,1491,0.2958289519803715,0.5660630449362843,0.3885819521178637,sar,M-2022-9
14,absorber;degraded_noncollapsed,7474,0.2920121068561653,0.2968959058067969,0.2944337557221522,sar,M-2022-9
15,stable,529,0.8426966292134831,0.7088846880907372,0.7700205338809035,sar,M-2022-9
16,,1595,0.33687405159332323,0.13918495297805641,0.19698314108251996,sar,M-2022-9
17,,10138,0.9082293782032685,0.926415466561452,0.9172322867327506,sar,M-2022-9
18,,26366,0.8691653412627066,0.9534248653568991,0.9093474171610476,sar,M-2022-9
19,degraded_noncollapsed,19469,0.8190872501534894,0.6167240228054857,0.7036451007969995,sar,M-2022-9
20,,1992,0.6236946344976594,0.8694779116465864,0.7263577269867897,sar,M-2022-9
21,,2626,0.8989598811292719,0.9215536938309216,0.9101165851823994,sar,M-2022-9
22,,853,0.7688888888888888,0.8112543962485346,0.7895037079292642,sar,M-2022-9
23,,8006,0.8176298384473598,0.9419185610791906,0.8753845260897324,sar,M-2022-9
24,degraded_noncollapsed,9634,0.9672358098754038,0.870251193689018,0.9161840236039777,sar,M-2022-9
25,,43246,0.8815390697061536,0.9281783286315497,0.9042577157017346,sar,M-2022-9
26,final_collapsed;abrupt_collapsed,1325,0.4830890642615558,0.6467924528301887,0.553081639238464,sar,M-2022-9
27,,5401,0.9571157495256167,0.9339011294204776,0.9453659450848093,sar,M-2022-9
28,degraded_noncollapsed,10545,0.7685940202619224,0.5899478425794216,0.6675250818176941,sar,M-2022-9
29,,28520,0.8126679026826592,0.7530855539971949,0.7817430708475132,sar,M-2022-9
30,,958,0.9344262295081968,0.2974947807933194,0.4513064133016627,sar,M-2022-9
31,,3609,0.9683245345929424,0.9656414519257412,0.9669811320754716,sar,M-2022-9
32,degraded_noncollapsed,1740,0.5728643216080402,0.5241379310344828,0.5474189675870348,sar,M-2022-9
33,,452,0.6406926406926406,0.3274336283185841,0.4333821376281113,sar,M-2022-9
34,degraded_noncollapsed,415,0.7538167938931297,0.9518072289156626,0.8413205537806177,sar,M-2022-9
35,,2218,0.9424460431654677,0.8859332732191163,0.9133162909597955,sar,M-2022-9
36,degraded_noncollapsed,325,0.510752688172043,0.2923076923076923,0.37181996086105673,sar,M-2022-9
37,,378,0.9274193548387096,0.9126984126984127,0.92,sar,M-2022-9
38,final_collapsed;abrupt_collapsed,94,0.31666666666666665,0.20212765957446807,0.24675324675324675,sar,M-2022-9
39,,5608,0.9153153153153153,0.905848787446505,0.9105574475712493,sar,M-2022-9
40,degraded_noncollapsed,725,0.9114754098360656,0.383448275862069,0.5398058252427185,sar,M-2022-9
41,,2456,0.7258297258297258,0.614413680781759,0.6654906284454245,sar,M-2022-9
42,degraded_noncollapsed,1420,0.42419825072886297,0.20492957746478874,0.27635327635327633,sar,M-2022-9
43,,4351,0.8993122420907841,0.7513215352792462,0.8186826947157526,sar,M-2022-9
44,stable,1225,0.9769230769230769,0.8293877551020408,0.897130242825607,sar,M-2022-9
45,absorber,1547,0.7650771388499299,0.7052359405300582,0.7339387823747057,sar,M-2022-9
46,absorber,10981,0.696995872924465,0.6613241052727439,0.6786915887850468,sar,M-2022-9
47,final_collapsed;gradual_collapsed,9,0.0,0.0,0.0,sar,M-2022-9
48,final_collapsed;abrupt_collapsed,3003,0.0,0.0,0.0,sar,M-2022-9
49,,29267,0.8496033844526706,0.8234188676666553,0.8363062187673515,sar,M-2022-9
50,degraded_noncollapsed,7398,0.2732919254658385,0.02379021357123547,0.04377020641631435,sar,M-2022-9
51,,15775,0.8476331360946746,0.944405705229794,0.8934064945578843,sar,M-2022-9
52,,1722,0.755524861878453,0.6353077816492451,0.6902208201892744,sar,M-2022-9
53,,7117,0.9065987050557928,0.9246873682731488,0.9155537006121314,sar,M-2022-9
54,degraded_noncollapsed,4884,0.7230989956958394,0.20638820638820637,0.32112137623446957,sar,M-2022-9
55,degraded_noncollapsed,4695,0.9758254716981132,0.7050053248136315,0.8185977494744652,sar,M-2022-9
56,final_collapsed;abrupt_collapsed,10537,0.02247191011235955,0.0005694220366328176,0.0011106997408367272,sar,M-2022-9
57,stable,1758,0.9942129629629629,0.9772468714448237,0.9856569133677567,sar,M-2022-9
58,,1789,0.9983212087297146,0.9972051425377306,0.9977628635346756,sar,M-2022-9
59,stable,5340,0.957258791704238,0.9940074906367041,0.975287092328893,sar,M-2022-9
60,,40442,0.8713785495011512,0.8983977053558182,0.8846818768414132,sar,M-2022-9
61,,17276,0.5445687859639213,0.8929150266265339,0.6765344385237814,sar,M-2022-9
62,stable,17050,0.9378158015617822,0.9579472140762464,0.9477746184645738,sar,M-2022-9
63,,10110,0.7535446685878963,0.6465875370919881,0.6959808357732233,sar,M-2022-9
64,stable,3493,0.8337934842628382,0.8645863154881192,0.8489107519325368,sar,M-2022-9
65,,2712,0.9036306588973555,0.7433628318584071,0.8156989682379122,sar,M-2022-9
66,final_collapsed;abrupt_collapsed,3483,0.85539090444558,0.4806201550387597,0.6154411764705883,sar,M-2022-9
67,,2757,0.3198420533070089,0.235038084874864,0.27095964875601086,sar,M-2022-9
68,,4418,0.30896820879746323,0.8601177003168855,0.4546270263803314,sar,M-2022-9
69,final_collapsed;abrupt_collapsed,323,0.01948051948051948,0.018575851393188854,0.01901743264659271,sar,M-2022-9
70,degraded_noncollapsed,1678,0.736784140969163,0.398688915375447,0.5174013921113689,sar,M-2022-9
71,absorber,75189,0.7187332509962017,0.8204125603479232,0.766214327857653,sar,M-2022-9
72,,10841,0.5249545887033994,0.5598192048703994,0.5418266226229801,sar,M-2022-9
73,,15275,0.9141355140186916,0.9220949263502455,0.918097969559691,sar,M-2022-9
74,,3563,0.6553846153846153,0.47824866685377493,0.5529774460490021,sar,M-2022-9
75,degraded_noncollapsed,14009,0.5061373063574028,0.4267970590334785,0.4630934861745798,sar,M-2022-9
76,stable,4617,0.919127669241254,0.8763266190166775,0.8972169863621244,sar,M-2022-9
77,,36366,0.8714767057603836,0.7396744211626244,0.8001844359828653,sar,M-2022-9
78,,25845,0.9188079866603959,0.8314954536660862,0.8729739610838039,sar,M-2022-9
79,,11394,0.7898513582778063,0.6762331051430578,0.7286396519930021,sar,M-2022-9
80,degraded_noncollapsed,1593,0.5277078085642317,0.2630257376020088,0.3510682865521575,sar,M-2022-9
81,,3832,0.91,0.9498956158663883,0.9295199182839632,sar,M-2022-9
82,,36697,0.6226208351933769,0.8361446439763468,0.7137556845276172,sar,M-2022-9
83,,24627,0.9271474184253563,0.966865635278353,0.9465900733467173,sar,M-2022-9
84,,2869,0.9722124516355962,0.963401882188916,0.9677871148459384,sar,M-2022-9
85,,872,0.905982905982906,0.8509174311926605,0.8775872264931993,sar,M-2022-9
86,,39714,0.8735893597420543,0.7640882308505816,0.8151779717931498,sar,M-2022-9
87,,6519,0.870316200027859,0.9584292069335788,0.9122499634983209,sar,M-2022-9
88,,241,0.22755741127348644,0.45228215767634855,0.30277777777777776,sar,M-2022-9
89,,675,0.8485370051635112,0.7303703703703703,0.785031847133758,sar,M-2022-9
90,,4709,0.8539772727272728,0.9575281376088342,0.9027930723796176,sar,M-2022-9
91,,3602,0.9009981116806043,0.9272626318711826,0.9139417156929812,sar,M-2022-9
92,,1310,0.9785223367697594,0.8694656488549618,0.9207760711398545,sar,M-2022-9
93,,30365,0.7884815154292698,0.8498929688786432,0.8180362944765829,sar,M-2022-9
94,stable,386,0.6264705882352941,0.5518134715025906,0.5867768595041323,sar,M-2022-9
95,,29536,0.969234328012954,0.9930254604550379,0.9809856681773333,sar,M-2022-9
96,absorber;degraded_noncollapsed,52984,0.8026924433197121,0.7303525592631738,0.7648157481248703,sar,M-2022-9
97,,43419,0.8964844667951309,0.87862456528248,0.8874646691403115,sar,M-2022-9
98,stable,58568,0.9922536295080285,0.9907457997541319,0.9914991413705605,sar,M-2022-9
99,stable,22477,0.9468971904908923,0.9551541575833074,0.9510077519379845,sar,M-2022-9
100,,27459,0.9088968301851766,0.7132087840052442,0.7992490715422601,sar,M-2022-9
101,degraded_noncollapsed,51530,0.9744806950917775,0.6573064234426548,0.7850686074541072,sar,M-2022-9
102,,40247,0.8904205082077805,0.983849727930032,0.9348064733170438,sar,M-2022-9
103,degraded_noncollapsed,1956,0.5580373489564262,0.7791411042944786,0.6503093663324088,sar,M-2022-9
104,final_collapsed;gradual_collapsed,2027,0.13123359580052493,0.0246669955599408,0.04152823920265781,sar,M-2022-9
105,absorber;degraded_noncollapsed,5045,0.6629401900503075,0.4701684836471754,0.5501565580424447,sar,M-2022-9
106,,2618,0.9173553719008265,0.9751718869365928,0.9453804850953527,sar,M-2022-9
107,stable,2968,0.9266750948166877,0.9878706199460916,0.9562948467058056,sar,M-2022-9
108,,6913,0.8598285872269837,0.8997540865036887,0.8793383756273415,sar,M-2022-9
109,final_collapsed;abrupt_collapsed,1610,0.9668789808917198,0.9428571428571428,0.9547169811320755,sar,M-2022-9
110,,3967,0.699486492520652,0.7897655659188304,0.7418896519062278,sar,M-2022-9
111,degraded_noncollapsed,1839,0.5043074884029158,0.41381185426862427,0.45459976105137395,sar,M-2022-9
112,degraded_noncollapsed,1178,0.628099173553719,0.7741935483870968,0.6935361216730038,sar,M-2022-9
113,stable,2241,0.9834229390681004,0.9794734493529674,0.9814442208808406,sar,M-2022-9
114,,1601,0.9687882496940025,0.9887570268582137,0.9786707882534776,sar,M-2022-9
115,,17781,0.8887287024901703,0.7627242562285586,0.8209194636966194,sar,M-2022-9
116,,3648,0.8777468276075518,0.7774122807017544,0.8245384503561565,sar,M-2022-9
117,,70006,0.6149823803569399,0.7727909036368311,0.684914164176837,sar,M-2022-9
118,degraded_noncollapsed,2321,0.48943985307621674,0.918569582076691,0.6386101542608956,sar,M-2022-9
119,stable,3117,0.9285968028419183,0.8386268848251524,0.8813216453135536,sar,M-2022-9
120,,2480,0.8770240700218819,0.8080645161290323,0.8411332633788038,sar,M-2022-9
121,final_collapsed;gradual_collapsed,165,0.017543859649122806,0.012121212121212121,0.014336917562724014,sar,M-2022-9
122,,56147,0.8670917116233448,0.8501968048159296,0.8585611510791367,sar,M-2022-9
123,degraded_noncollapsed,9087,0.881316098707403,0.1650709805216243,0.27806098804337753,sar,M-2022-9
124,,22061,0.8715048411908425,0.8731245183808531,0.8723139279487354,sar,M-2022-9
125,,4063,0.5980576441102757,0.9396997292640906,0.7309275390064133,sar,M-2022-9
126,,1866,0.8805284319356692,0.8215434083601286,0.8500138619351262,sar,M-2022-9
127,,5140,0.8771283939254487,0.7416342412451362,0.8037107316044697,sar,M-2022-9
128,stable,4300,0.9353178155774395,0.9718604651162791,0.9532390510948905,sar,M-2022-9
129,degraded_noncollapsed,26014,0.8272084558308834,0.9085492427154609,0.8659729600996593,sar,M-2022-9
130,stable,4858,0.6520031421838177,0.8542610127624537,0.739552704268021,sar,M-2022-9
131,stable,26109,0.8917739391938974,0.9313263625569727,0.911121103117506,sar,M-2022-9
132,stable,16414,0.9321314259585864,0.869379797733642,0.8996627052926899,sar,M-2022-9
133,,48332,0.7540957172342622,0.9675991061822395,0.8476093812302896,sar,M-2022-9
134,,8132,0.9249826348691826,0.9825381210034432,0.9528920691711389,sar,M-2022-9
135,,3040,0.46649558026803534,0.5381578947368421,0.49977088742935694,sar,M-2022-9
136,,19209,0.8169602708564778,0.8039460669477849,0.8104009235936188,sar,M-2022-9
137,degraded_noncollapsed,698,0.7262905162064826,0.8667621776504298,0.790333115610712,sar,M-2022-9
138,degraded_noncollapsed,22985,0.8463393248575186,0.6719164672612573,0.7491087235951787,sar,M-2022-9
139,degraded_noncollapsed,1588,0.3532781667727562,0.3494962216624685,0.3513770180436847,sar,M-2022-9
140,,43801,0.8797106492989957,0.8079495901920047,0.842304442513894,sar,M-2022-9
141,,1280,0.618798955613577,0.3703125,0.4633431085043988,sar,M-2022-9
142,,27851,0.6910932935546025,0.7984632508707048,0.7409085608622499,sar,M-2022-9
143,degraded_noncollapsed,3431,0.5771616198467713,0.4610900612066453,0.5126377187297473,sar,M-2022-9
144,stable,2630,0.9926584234930448,0.9768060836501901,0.9846684553468762,sar,M-2022-9
145,stable,1613,0.9975155279503105,0.9956602603843769,0.9965870307167235,sar,M-2022-9
146,,5594,0.9838920330866348,0.8080085806220951,0.8873184138201806,sar,M-2022-9
147,degraded_noncollapsed,2227,0.7182320441988951,0.17512348450830714,0.2815884476534296,sar,M-2022-9
148,,5655,0.874617186092596,0.8585322723253758,0.8665000892379082,sar,M-2022-9
149,,51310,0.7324551488871992,0.694640420970571,0.7130467835672345,sar,M-2022-9
150,degraded_noncollapsed,1340,0.8735294117647059,0.44328358208955226,0.5881188118811881,sar,M-2022-9
151,,2080,0.781981981981982,0.8346153846153846,0.8074418604651162,sar,M-2022-9
152,degraded_noncollapsed,491,0.9386138613861386,0.9653767820773931,0.9518072289156626,sar,M-2022-9
153,,70434,0.825714571685946,0.8198881222137037,0.8227910323357389,sar,M-2022-9
154,,2322,0.8202175303902751,0.5521102497846684,0.65997425997426,sar,M-2022-9
155,,7193,0.704954954954955,0.7832615042402336,0.742048073756997,sar,M-2022-9
156,absorber,24938,0.731521631193936,0.8861977704707675,0.8014651217610473,sar,M-2022-9
157,,2878,0.40306637078878355,0.6942321056289089,0.5100191448627952,sar,M-2022-9
158,,9684,0.8310141260805397,0.8140231309376291,0.8224308815858111,sar,M-2022-9
159,,2037,0.4470145239376009,0.40795287187039764,0.42659137577002054,sar,M-2022-9
160,,1444,0.4120922832140016,0.7174515235457064,0.5234967155128853,sar,M-2022-9
161,,874,0.9929078014184397,0.8009153318077803,0.8866371120962635,sar,M-2022-9
162,,192,0.4017467248908297,0.4791666666666667,0.43705463182897863,sar,M-2022-9
163,final_collapsed;gradual_collapsed,2053,0.12432432432432433,0.022406234778373113,0.037969459347915804,sar,M-2022-9
164,,1875,0.20841986029828205,0.5888,0.3078639152258784,sar,M-2022-9
165,,6351,0.5758872651356993,0.8686820973075107,0.692611888770322,sar,M-2022-9
166,degraded_noncollapsed,4856,0.8230366492146597,0.4855848434925865,0.6108017096231059,sar,M-2022-9
167,degraded_noncollapsed,47,0.15555555555555556,0.2978723404255319,0.20437956204379562,sar,M-2022-9
168,,6371,0.7633069082672707,0.8463349552660493,0.8026795682917752,sar,M-2022-9
169,,2069,0.8445573909360441,0.9637506041565974,0.9002257336343115,sar,M-2022-9
170,,2824,0.56353591160221,0.6862606232294618,0.6188727446910426,sar,M-2022-9
171,,7826,0.8051238975220496,0.7348581650907232,0.7683880018705325,sar,M-2022-9
172,,9097,0.8772321428571429,0.7344179399802132,0.7994973972356848,sar,M-2022-9
173,degraded_noncollapsed,3337,0.9906976744186047,0.44680851063829785,0.6158612143742255,sar,M-2022-9
174,final_collapsed;abrupt_collapsed,1445,0.0,0.0,0.0,sar,M-2022-9
175,,38778,0.656060794817491,0.6790190314095621,0.6673425164421578,sar,M-2022-9
176,degraded_noncollapsed,2678,0.534826482894413,0.8114264376400299,0.6447114671413737,sar,M-2022-9
177,,1300,0.44028006589785834,0.8223076923076923,0.5734978540772532,sar,M-2022-9
0,,1642,0.8375286041189931,0.8915956151035322,0.863716814159292,sar,M-2022-10
1,,4956,0.8621963070942663,0.8950766747376917,0.8783288783288783,sar,M-2022-10
2,absorber,5086,0.4236842105263158,0.6647660243806528,0.5175264044083882,sar,M-2022-10
3,,1139,0.7972582972582972,0.9701492537313433,0.8752475247524752,sar,M-2022-10
4,,972,0.8560953253895509,0.9609053497942387,0.9054774600096946,sar,M-2022-10
5,absorber,2902,0.5288948069241012,0.684355616815989,0.5966651644885084,sar,M-2022-10
6,degraded_noncollapsed,2429,0.30237003058103973,0.3256484149855908,0.31357779980178396,sar,M-2022-10
7,,39,0.0,0.0,0.0,sar,M-2022-10
8,stable,1940,0.8940809968847352,0.8876288659793814,0.8908432488360062,sar,M-2022-10
9,degraded_noncollapsed,1291,0.4894433781190019,0.19752130131680867,0.2814569536423841,sar,M-2022-10
10,final_collapsed;gradual_collapsed,1434,0.75,0.39539748953974896,0.5178082191780822,sar,M-2022-10
11,degraded_noncollapsed,2001,0.29285165257494233,0.1904047976011994,0.23076923076923078,sar,M-2022-10
12,degraded_noncollapsed,2580,0.7016825829922693,0.5980620155038759,0.6457417869847248,sar,M-2022-10
13,absorber,1607,0.28663351857268204,0.6098319850653391,0.38997214484679665,sar,M-2022-10
14,absorber;degraded_noncollapsed,10007,0.39892114050860517,0.31038273208753875,0.34912606081043107,sar,M-2022-10
15,stable,951,0.8545454545454545,0.7413249211356467,0.793918918918919,sar,M-2022-10
16,,2405,0.3880157170923379,0.16424116424116425,0.23079170318434122,sar,M-2022-10
17,,11892,0.9044896586514208,0.9046417759838546,0.9045657109223914,sar,M-2022-10
18,,43004,0.8953717540554004,0.9613524323318761,0.9271897462350157,sar,M-2022-10
19,degraded_noncollapsed,29160,0.8270333213901827,0.6332647462277092,0.7172933499067744,sar,M-2022-10
20,,2388,0.5360230547550432,0.8567839195979899,0.6594681708299758,sar,M-2022-10
21,,3959,0.9102391830153185,0.8555190704723415,0.88203125,sar,M-2022-10
22,,1178,0.7853618421052632,0.8106960950764007,0.797827903091061,sar,M-2022-10
23,,8236,0.8707596485374263,0.9505828071879553,0.9089220409821791,sar,M-2022-10
24,degraded_noncollapsed,12024,0.967862041936116,0.821523619427811,0.8887089518668466,sar,M-2022-10
25,,46993,0.8911729656111679,0.8911540016598217,0.8911634835346066,sar,M-2022-10
26,final_collapsed;abrupt_collapsed,1400,0.4523060796645702,0.6164285714285714,0.5217654171704957,sar,M-2022-10
27,,10235,0.9668356997971602,0.9314118221787983,0.9487932321473003,sar,M-2022-10
28,degraded_noncollapsed,11735,0.7176697424597163,0.44405624201107796,0.5486418193303854,sar,M-2022-10
29,,34921,0.8107877793207928,0.7356318547578821,0.7713835297650327,sar,M-2022-10
30,,991,0.9225806451612903,0.2885973763874874,0.4396617986164489,sar,M-2022-10
31,,1938,0.9401654996817314,0.762125902992776,0.8418352807067541,sar,M-2022-10
32,degraded_noncollapsed,1783,0.40195573854863614,0.4380257992148065,0.4192163177670424,sar,M-2022-10
33,,124,0.4409448818897638,0.45161290322580644,0.44621513944223107,sar,M-2022-10
34,degraded_noncollapsed,1682,0.6742081447963801,0.2657550535077289,0.38123667377398723,sar,M-2022-10
35,,2194,0.9631578947368421,0.9175022789425706,0.9397759103641457,sar,M-2022-10
36,degraded_noncollapsed,2648,0.9667368421052631,0.8670694864048338,0.9141947043599442,sar,M-2022-10
37,,1115,0.9723593287265548,0.8834080717488789,0.9257518796992481,sar,M-2022-10
38,final_collapsed;abrupt_collapsed,92,0.42857142857142855,0.2608695652173913,0.32432432432432434,sar,M-2022-10
39,,4329,0.8576906689390712,0.93000693000693,0.8923861243488862,sar,M-2022-10
40,degraded_noncollapsed,981,0.9584026622296173,0.5871559633027523,0.7281921618204804,sar,M-2022-10
41,,2408,0.7010999521759923,0.6088039867109635,0.6517003778617471,sar,M-2022-10
42,degraded_noncollapsed,2235,0.5889014722536806,0.232662192393736,0.3335471456061578,sar,M-2022-10
43,,2062,0.7746545974273463,0.7885548011639185,0.7815428983417447,sar,M-2022-10
44,stable,1081,0.9904214559386973,0.9565217391304348,0.9731764705882353,sar,M-2022-10
45,absorber,1536,0.7588850174216027,0.708984375,0.7330865028609895,sar,M-2022-10
46,absorber,11714,0.6868866249182166,0.6273689602185419,0.6557801276045152,sar,M-2022-10
47,final_collapsed;gradual_collapsed,34,0.0,0.0,0.0,sar,M-2022-10
48,final_collapsed;abrupt_collapsed,2986,0.0,0.0,0.0,sar,M-2022-10
49,,42912,0.8665161178251483,0.8137117822520508,0.8392842120443702,sar,M-2022-10
50,degraded_noncollapsed,3110,0.4713467048710602,0.10578778135048232,0.17279411764705882,sar,M-2022-10
51,,16876,0.824847250509165,0.9359445366200522,0.8768910478834143,sar,M-2022-10
52,,2218,0.7055365017148456,0.6492335437330928,0.6762150739610238,sar,M-2022-10
53,,11906,0.9425642838208006,0.8959348227784311,0.9186582267579555,sar,M-2022-10
54,degraded_noncollapsed,6595,0.7440585009140768,0.18514025777103865,0.2965031568722681,sar,M-2022-10
55,degraded_noncollapsed,5643,0.974387221151198,0.6269714690767322,0.7629933146430882,sar,M-2022-10
56,final_collapsed;abrupt_collapsed,10706,0.15463917525773196,0.0014010835045768727,0.0027770063871146904,sar,M-2022-10
57,stable,2065,0.9921875,0.9840193704600484,0.9880865548261609,sar,M-2022-10
58,,2316,0.996548748921484,0.9974093264248705,0.9969788519637462,sar,M-2022-10
59,stable,8856,0.9823195818970311,0.9975158084914183,0.9898593758753992,sar,M-2022-10
60,,59907,0.8925935309517777,0.8821339743268733,0.887332930351266,sar,M-2022-10
61,,22920,0.5320786777199938,0.9017015706806283,0.6692464622259642,sar,M-2022-10
62,stable,24087,0.946164859889548,0.9602275086146054,0.9531443171515701,sar,M-2022-10
63,,12148,0.641838480971396,0.6483371748435957,0.6450714607477783,sar,M-2022-10
64,stable,4110,0.8296193129062209,0.8695863746958638,0.8491328106438584,sar,M-2022-10
65,,3253,0.9084967320261438,0.9400553335382723,0.9240066475298383,sar,M-2022-10
66,final_collapsed;abrupt_collapsed,4226,0.7928769017980636,0.5425934690014198,0.6442821017139646,sar,M-2022-10
67,,4304,0.32167832167832167,0.18169144981412638,0.23221974758723088,sar,M-2022-10
68,,3689,0.29176574196389254,0.8980753591759284,0.4404413719755384,sar,M-2022-10
69,final_collapsed;abrupt_collapsed,1232,0.007272727272727273,0.0016233766233766235,0.0026542800265428003,sar,M-2022-10
70,degraded_noncollapsed,1735,0.7778958554729012,0.4219020172910663,0.547085201793722,sar,M-2022-10
71,absorber,63797,0.6676472067179564,0.8324842860949574,0.7410094527189648,sar,M-2022-10
72,,10327,0.47551845796403064,0.535102159388012,0.5035538545653363,sar,M-2022-10
73,,13787,0.8688915375446961,0.8988902589395807,0.8836363636363637,sar,M-2022-10
74,,3353,0.5747168432590427,0.46913212048911423,0.5165845648604269,sar,M-2022-10
75,degraded_noncollapsed,11581,0.45978692291623147,0.380105344961575,0.41616639092413144,sar,M-2022-10
76,stable,4405,0.9133522727272727,0.8758229284903519,0.8941939969869046,sar,M-2022-10
77,,27623,0.7817558057705841,0.6434492994967962,0.7058916976111519,sar,M-2022-10
78,,16173,0.8104318936877076,0.754158164842639,0.7812830285366557,sar,M-2022-10
79,,12335,0.7982662772071987,0.6868261045804621,0.7383649991284643,sar,M-2022-10
80,degraded_noncollapsed,1260,0.5487179487179488,0.25476190476190474,0.34796747967479674,sar,M-2022-10
81,,3661,0.8970893970893971,0.9429117727396886,0.9194300173125582,sar,M-2022-10
82,,35248,0.6340505427628029,0.8335224693599637,0.7202304345161488,sar,M-2022-10
83,,32633,0.9311968133260909,0.9456072074280636,0.9383466877499201,sar,M-2022-10
84,,1777,0.95347533632287,0.9572312886888014,0.9553496208930076,sar,M-2022-10
85,,1115,0.8671655753040225,0.831390134529148,0.8489010989010989,sar,M-2022-10
86,,52904,0.8838888888888888,0.8420535309239376,0.8624641833810889,sar,M-2022-10
87,,7329,0.9080280592361653,0.95374539500614,0.9303254142543422,sar,M-2022-10
88,,229,0.1963927855711423,0.4279475982532751,0.2692307692307692,sar,M-2022-10
89,,613,0.7733990147783252,0.768352365415987,0.7708674304418985,sar,M-2022-10
90,,6090,0.8649507948523846,0.9380952380952381,0.900039385584876,sar,M-2022-10
91,,3610,0.9255878284923929,0.9268698060941828,0.9262283737024222,sar,M-2022-10
92,,1810,0.9461584996975196,0.8640883977900552,0.903263066705169,sar,M-2022-10
93,,34838,0.8118076231860734,0.8687352890521844,0.839307256062896,sar,M-2022-10
94,stable,350,0.5631868131868132,0.5857142857142857,0.5742296918767507,sar,M-2022-10
95,,4023,0.8816234498308907,0.9719115088242605,0.9245684558997399,sar,M-2022-10
96,absorber;degraded_noncollapsed,61021,0.8077646140749148,0.7463823929466905,0.7758613346961373,sar,M-2022-10
97,,45643,0.8819077633272671,0.870604473851412,0.8762196668173449,sar,M-2022-10
98,stable,59567,0.9970439688518775,0.9909177900515386,0.9939714401185504,sar,M-2022-10
99,stable,27230,0.9588698682017877,0.9297833272126331,0.9441026214714546,sar,M-2022-10
100,,27178,0.9044000706838664,0.7532563102509383,0.8219376079013931,sar,M-2022-10
101,degraded_noncollapsed,55343,0.9806210913385404,0.6601557559221581,0.7890928725701943,sar,M-2022-10
102,,56050,0.8930898129841507,0.9832114183764497,0.9359862767077686,sar,M-2022-10
103,degraded_noncollapsed,2918,0.6242281681858277,0.727553118574366,0.6719417629371736,sar,M-2022-10
104,final_collapsed;gradual_collapsed,2391,0.04607046070460705,0.007109995817649519,0.012318840579710146,sar,M-2022-10
105,absorber;degraded_noncollapsed,4902,0.4718421052631579,0.3657690738474092,0.41208917490232133,sar,M-2022-10
106,,2736,0.9291533829259653,0.9586988304093568,0.943694909156323,sar,M-2022-10
107,stable,3189,0.9269878805793674,0.9833803700219504,0.9543517954960439,sar,M-2022-10
108,,5587,0.8168337510442774,0.7000178986933954,0.7539277108433735,sar,M-2022-10
109,final_collapsed;abrupt_collapsed,1824,0.9582124201973302,0.9051535087719298,0.9309275444037215,sar,M-2022-10
110,,8030,0.7815853658536586,0.7981320049813201,0.7897720271102896,sar,M-2022-10
111,degraded_noncollapsed,2242,0.5110274341043571,0.423728813559322,0.46330163374786637,sar,M-2022-10
112,degraded_noncollapsed,1706,0.7252812314979278,0.7180539273153576,0.7216494845360825,sar,M-2022-10
113,stable,4746,0.9863301787592008,0.9882005899705014,0.9872644984738449,sar,M-2022-10
114,,820,0.9502958579881656,0.9792682926829268,0.9645645645645645,sar,M-2022-10
115,,21104,0.897248975682435,0.7989954510993177,0.8452765872120711,sar,M-2022-10
116,,4100,0.9146931499872676,0.8760975609756098,0.8949794443752336,sar,M-2022-10
117,,83533,0.6265003280460036,0.7773335089126453,0.693813876704937,sar,M-2022-10
118,degraded_noncollapsed,2917,0.8166958552247519,0.9592046623243058,0.8822323821535552,sar,M-2022-10
119,stable,2621,0.9188615123194562,0.8252575352918733,0.8695477386934674,sar,M-2022-10
120,,2381,0.8821396192203083,0.8173036539269215,0.8484848484848485,sar,M-2022-10
121,final_collapsed;gradual_collapsed,205,0.014388489208633094,0.00975609756097561,0.011627906976744186,sar,M-2022-10
122,,57235,0.8641781341423773,0.8360793220931249,0.8498965446811534,sar,M-2022-10
123,degraded_noncollapsed,8886,0.8196588139723802,0.11354940355615575,0.19946624493426907,sar,M-2022-10
124,,24809,0.8559704080453127,0.8954411705429481,0.875261022024349,sar,M-2022-10
125,,3524,0.46919294185710153,0.9205448354143019,0.6215750143705691,sar,M-2022-10
126,,807,0.7014051522248244,0.7422552664188352,0.7212522576760987,sar,M-2022-10
127,,8546,0.9116524801878485,0.7268897729932132,0.8088541666666667,sar,M-2022-10
128,stable,4543,0.8979341378605031,0.9663218137794409,0.9308736217133163,sar,M-2022-10
129,degraded_noncollapsed,31048,0.8606584838424756,0.9101391393970626,0.8847075030134156,sar,M-2022-10
130,stable,6353,0.7367468321696405,0.8968991027860853,0.8089728118123092,sar,M-2022-10
131,stable,26225,0.9026899026899027,0.9302955195424214,0.9162848343724179,sar,M-2022-10
132,stable,18623,0.9244667079416896,0.8819739032379316,0.9027205276174773,sar,M-2022-10
133,,46808,0.74524708586439,0.9697701247649975,0.8428117863309753,sar,M-2022-10
134,,8353,0.9193154034229829,0.9903028851909493,0.9534897124085067,sar,M-2022-10
135,,2978,0.421580547112462,0.4657488247145735,0.4425654116145501,sar,M-2022-10
136,,17861,0.8018969118726359,0.7952522255192879,0.7985607466126947,sar,M-2022-10
137,degraded_noncollapsed,600,0.46875,0.45,0.45918367346938777,sar,M-2022-10
138,degraded_noncollapsed,17872,0.7607758620689655,0.6320501342882722,0.6904645476772616,sar,M-2022-10
139,degraded_noncollapsed,1906,0.19242424242424241,0.19989506820566633,0.19608852290272774,sar,M-2022-10
140,,39024,0.8245434887073523,0.7035157851578516,0.7592367256637168,sar,M-2022-10
141,,1846,0.6646785950960902,0.5433369447453954,0.597913561847988,sar,M-2022-10
142,,27783,0.6654845232540053,0.7699672461577224,0.7139233747163263,sar,M-2022-10
143,degraded_noncollapsed,4318,0.5640183847669075,0.3978693839740621,0.4665942422596415,sar,M-2022-10
144,stable,2456,0.9896608767576509,0.9743485342019544,0.9819450143619204,sar,M-2022-10
145,stable,1504,0.9946666666666667,0.9920212765957447,0.9933422103861518,sar,M-2022-10
146,,5568,0.9835115864527629,0.7927442528735632,0.8778838504375497,sar,M-2022-10
147,degraded_noncollapsed,801,0.38484848484848483,0.1585518102372035,0.22458001768346597,sar,M-2022-10
148,,5342,0.8200918079096046,0.8695245226506926,0.8440850445211703,sar,M-2022-10
149,,56482,0.7011192919827458,0.667628625048688,0.683964231948198,sar,M-2022-10
150,degraded_noncollapsed,1195,0.8933500627352572,0.59581589958159,0.714859437751004,sar,M-2022-10
151,,2077,0.742135761589404,0.8632643235435724,0.79813042510572,sar,M-2022-10
152,degraded_noncollapsed,618,0.9371069182389937,0.9644012944983819,0.9505582137161085,sar,M-2022-10
153,,90325,0.8403927454372558,0.8120896761693883,0.8259988288815819,sar,M-2022-10
154,,3149,0.726077097505669,0.5084153699587171,0.5980575270825551,sar,M-2022-10
155,,9885,0.673589900223987,0.6692969145169448,0.671436545389963,sar,M-2022-10
156,absorber,24907,0.750522202007951,0.894407194764524,0.816171756214622,sar,M-2022-10
157,,1745,0.4072181411689556,0.7306590257879656,0.5229696472518458,sar,M-2022-10
158,,11346,0.7578163771712159,0.807509254362771,0.7818740399385561,sar,M-2022-10
159,,2457,0.43806921675774135,0.3915343915343915,0.41349666881581776,sar,M-2022-10
160,,2407,0.4993675689349861,0.8201080182800167,0.620754716981132,sar,M-2022-10
161,,929,0.9885496183206107,0.8363832077502691,0.9061224489795918,sar,M-2022-10
162,,255,0.48484848484848486,0.5019607843137255,0.4932562620423892,sar,M-2022-10
163,final_collapsed;gradual_collapsed,2116,0.17415730337078653,0.04395085066162571,0.07018867924528302,sar,M-2022-10
164,,2237,0.2292691496837667,0.583370585605722,0.32917139614074914,sar,M-2022-10
165,,6592,0.6172675521821632,0.9869538834951457,0.7595143590940929,sar,M-2022-10
166,degraded_noncollapsed,3035,0.7034445640473628,0.43064250411861615,0.5342325771510321,sar,M-2022-10
167,degraded_noncollapsed,125,0.20689655172413793,0.192,0.1991701244813278,sar,M-2022-10
168,,4172,0.6374611304188769,0.8353307766059443,0.7231040564373897,sar,M-2022-10
169,,2044,0.8372401592215833,0.9261252446183953,0.8794425087108014,sar,M-2022-10
170,,3079,0.6406064209274673,0.6999025657681065,0.6689430389570076,sar,M-2022-10
171,,7488,0.6625291876613002,0.7199519230769231,0.690048,sar,M-2022-10
172,,8866,0.8355555555555556,0.74216106474171,0.7860940206678215,sar,M-2022-10
173,degraded_noncollapsed,1393,0.9845758354755784,0.5498923187365399,0.7056655918931368,sar,M-2022-10
174,final_collapsed;abrupt_collapsed,2702,0.0,0.0,0.0,sar,M-2022-10
175,,36003,0.6294294131956645,0.6468072105102353,0.638,sar,M-2022-10
176,degraded_noncollapsed,3404,0.5622887493964268,0.6841950646298472,0.6172806785051683,sar,M-2022-10
177,,1613,0.4891219891219891,0.7805331680099195,0.6013852400286601,sar,M-2022-10
0,,1567,0.8302339532093581,0.8832163369495852,0.8559059987631417,sar,M-2022-11
1,,7396,0.9022444564629529,0.9022444564629529,0.9022444564629529,sar,M-2022-11
2,absorber,7710,0.48280764104842294,0.7047989623865111,0.573055628789876,sar,M-2022-11
3,,1321,0.7549194991055456,0.9583648750946253,0.8445630420280187,sar,M-2022-11
4,,1300,0.6304123711340206,0.9407692307692308,0.7549382716049383,sar,M-2022-11
5,absorber,2225,0.4698029243483789,0.6642696629213484,0.5503630608825172,sar,M-2022-11
6,degraded_noncollapsed,2352,0.4477211796246649,0.3550170068027211,0.39601612520749346,sar,M-2022-11
7,,52,0.15384615384615385,0.038461538461538464,0.06153846153846154,sar,M-2022-11
8,stable,2069,0.889186295503212,0.8028032866118898,0.8437896875793751,sar,M-2022-11
9,degraded_noncollapsed,1414,0.4903339191564148,0.19731258840169733,0.2813918305597579,sar,M-2022-11
10,final_collapsed;gradual_collapsed,2038,0.4637305699481865,0.08783120706575073,0.1476897689768977,sar,M-2022-11
11,degraded_noncollapsed,3055,0.3339517625231911,0.176759410801964,0.23116438356164384,sar,M-2022-11
12,degraded_noncollapsed,2343,0.37238095238095237,0.16688006828851898,0.2304745063365753,sar,M-2022-11
13,absorber,2295,0.33548387096774196,0.47581699346405226,0.3935135135135135,sar,M-2022-11
14,absorber;degraded_noncollapsed,12202,0.3833869357879561,0.2833142107851172,0.3258400490126773,sar,M-2022-11
15,stable,848,0.7944377267230955,0.7747641509433962,0.7844776119402985,sar,M-2022-11
16,,2260,0.28597957288765086,0.13628318584070798,0.18459694336230148,sar,M-2022-11
17,,13481,0.7889790137762328,0.9091313700764039,0.8448044115112873,sar,M-2022-11
18,,45913,0.8928512634784755,0.9450264630932416,0.9181982668317303,sar,M-2022-11
19,degraded_noncollapsed,38480,0.8311724915445321,0.6130977130977131,0.7056712132089017,sar,M-2022-11
20,,2049,0.44183168316831684,0.8711566617862372,0.5863031696501889,sar,M-2022-11
21,,4103,0.9026082130965594,0.7928345113331708,0.8441676398079668,sar,M-2022-11
22,,1125,0.7589545014520813,0.6968888888888889,0.726598702502317,sar,M-2022-11
23,,8443,0.8381545608108109,0.9403055785858108,0.8862963996650851,sar,M-2022-11
24,degraded_noncollapsed,3411,0.7886075949367088,0.5479331574318381,0.6466009340944473,sar,M-2022-11
25,,49655,0.8630993067083292,0.8900412848655724,0.8763632758278802,sar,M-2022-11
26,final_collapsed;abrupt_collapsed,1647,0.4708860759493671,0.5646630236794171,0.5135284373274434,sar,M-2022-11
27,,13927,0.9438488340927366,0.5057083363251239,0.6585628126607135,sar,M-2022-11
28,degraded_noncollapsed,11258,0.6967654986522911,0.3673831941730325,0.4810980574619053,sar,M-2022-11
29,,44227,0.8352028872415138,0.7744138196124539,0.8036604681175573,sar,M-2022-11
30,,544,0.9457831325301205,0.5772058823529411,0.7168949771689498,sar,M-2022-11
31,,1379,0.8891855807743658,0.9659173313995649,0.9259645464025026,sar,M-2022-11
32,degraded_noncollapsed,1503,0.3126201153106983,0.32468396540252825,0.3185378590078329,sar,M-2022-11
33,,210,0.6091954022988506,0.5047619047619047,0.5520833333333334,sar,M-2022-11
34,degraded_noncollapsed,2035,0.8018867924528302,0.4594594594594595,0.584192439862543,sar,M-2022-11
35,,1657,0.9300699300699301,0.8829209414604707,0.9058823529411765,sar,M-2022-11
36,degraded_noncollapsed,1121,0.943089430894309,0.7243532560214094,0.8193743693239153,sar,M-2022-11
37,,1388,0.9728171334431631,0.850864553314121,0.9077632590315142,sar,M-2022-11
38,final_collapsed;abrupt_collapsed,90,0.4489795918367347,0.24444444444444444,0.31654676258992803,sar,M-2022-11
39,,4557,0.8084068305498218,0.945358788676761,0.8715355047541978,sar,M-2022-11
40,degraded_noncollapsed,1040,0.9577735124760077,0.4798076923076923,0.6393337604099936,sar,M-2022-11
41,,2746,0.7003760969494358,0.6103423160961399,0.6522669780112862,sar,M-2022-11
42,degraded_noncollapsed,2364,0.6151515151515151,0.25761421319796957,0.3631484794275492,sar,M-2022-11
43,,2936,0.804028678729942,0.8021117166212534,0.80306905370844,sar,M-2022-11
44,stable,1284,0.9832669322709163,0.9610591900311527,0.9720362347380859,sar,M-2022-11
45,absorber,1723,0.7813525935653316,0.6906558328496808,0.7332101047443007,sar,M-2022-11
46,absorber,12142,0.6980440097799511,0.6113490364025695,0.6518264840182648,sar,M-2022-11
47,final_collapsed;gradual_collapsed,83,0.0,0.0,0.0,sar,M-2022-11
48,final_collapsed;abrupt_collapsed,2978,0.0851063829787234,0.001343183344526528,0.002644628099173554,sar,M-2022-11
49,,48158,0.8515293396928193,0.8081730968894058,0.829284922867127,sar,M-2022-11
50,degraded_noncollapsed,1438,0.17592592592592593,0.11891515994436717,0.14190871369294605,sar,M-2022-11
51,,16638,0.7969643414076307,0.9215049885803582,0.8547218196008474,sar,M-2022-11
52,,2464,0.7965499746321664,0.6371753246753247,0.7080045095828635,sar,M-2022-11
53,,8909,0.8709240802264058,0.794477494668313,0.8309462315097441,sar,M-2022-11
54,degraded_noncollapsed,8068,0.748062015503876,0.16745166088249877,0.27364796435082034,sar,M-2022-11
55,degraded_noncollapsed,5499,0.9168053244592346,0.6012002182214948,0.7261943986820428,sar,M-2022-11
56,final_collapsed;abrupt_collapsed,15132,0.033950617283950615,0.0007269362939466032,0.0014233954451345755,sar,M-2022-11
57,stable,2855,0.969644705070714,0.9845884413309982,0.9770594369134515,sar,M-2022-11
58,,204,0.9704433497536946,0.9656862745098039,0.9680589680589681,sar,M-2022-11
59,stable,9194,0.9834248197180067,0.9938003045464433,0.9885853394644306,sar,M-2022-11
60,,58993,0.8887378005749006,0.8752394351872256,0.8819369715603382,sar,M-2022-11
61,,24608,0.5079736683510269,0.890564044213264,0.6469372693726937,sar,M-2022-11
62,stable,25853,0.9329726480312593,0.9605074846246083,0.9465398616325831,sar,M-2022-11
63,,14361,0.612683232734969,0.5442517930506232,0.5764436905376503,sar,M-2022-11
64,stable,2134,0.6834723275208491,0.8448922211808809,0.7556580050293378,sar,M-2022-11
65,,3979,0.779905291332098,0.951997989444584,0.85740153915799,sar,M-2022-11
66,final_collapsed;abrupt_collapsed,3279,0.010852713178294573,0.0021347971942665446,0.003567787971457696,sar,M-2022-11
67,,2508,0.1979328165374677,0.15271132376395535,0.17240603196038712,sar,M-2022-11
68,,3760,0.3127966496044672,0.8938829787234043,0.4634264046880386,sar,M-2022-11
69,final_collapsed;abrupt_collapsed,2284,0.0029498525073746312,0.00043782837127845885,0.0007624857033930614,sar,M-2022-11
70,degraded_noncollapsed,1791,0.5862068965517241,0.294249022892239,0.39182156133828994,sar,M-2022-11
71,absorber,64126,0.6120972822174227,0.8485325764900352,0.7111787847499053,sar,M-2022-11
72,,9807,0.4469611478316943,0.565412460487407,0.49925719173456984,sar,M-2022-11
73,,14224,0.8503239455242628,0.9042463442069741,0.8764565587734242,sar,M-2022-11
74,,3465,0.542995839112344,0.45194805194805193,0.4933060324460545,sar,M-2022-11
75,degraded_noncollapsed,11835,0.4541382252559727,0.35978031263202365,0.4014897930319174,sar,M-2022-11
76,stable,4370,0.9069990412272292,0.8659038901601831,0.8859751814563334,sar,M-2022-11
77,,29408,0.7728768926925609,0.6786588683351469,0.722710072242038,sar,M-2022-11
78,,16972,0.7774080120557579,0.7294956398774453,0.7526901331387926,sar,M-2022-11
79,,12791,0.7382428940568475,0.6700805253694003,0.7025121921232736,sar,M-2022-11
80,degraded_noncollapsed,1702,0.5735785953177257,0.20152761457109283,0.2982608695652174,sar,M-2022-11
81,,3461,0.9339433800400343,0.9436579023403641,0.9387755102040817,sar,M-2022-11
82,,46016,0.7621133541335207,0.801547287899861,0.7813330791310519,sar,M-2022-11
83,,32724,0.9109729278835217,0.7342011978975675,0.8130901214931131,sar,M-2022-11
84,,704,0.8511198945981555,0.9176136363636364,0.8831168831168831,sar,M-2022-11
85,,1258,0.8607843137254902,0.6979332273449921,0.7708516242317822,sar,M-2022-11
86,,51038,0.8430733780938382,0.8315764724323054,0.8372854606431249,sar,M-2022-11
87,,6282,0.8857992565055762,0.9482648837949698,0.9159683247482125,sar,M-2022-11
88,,465,0.44862155388471175,0.7698924731182796,0.566904196357878,sar,M-2022-11
89,,591,0.6319444444444444,0.7698815566835872,0.6941266209000763,sar,M-2022-11
90,,5937,0.8485705777248362,0.9599124136769412,0.9008140361969493,sar,M-2022-11
91,,3441,0.8156812339331619,0.922115664051148,0.8656390669758559,sar,M-2022-11
92,,1467,0.6240223463687151,0.7614178595773687,0.6859072766349401,sar,M-2022-11
93,,32818,0.7752978266328153,0.8467609238832348,0.8094551492113427,sar,M-2022-11
94,stable,575,0.31442663378545005,0.4434782608695652,0.36796536796536794,sar,M-2022-11
95,,4315,0.8966105308036666,0.9747392815758981,0.9340439706862091,sar,M-2022-11
96,absorber;degraded_noncollapsed,63439,0.8000762921991227,0.6612336260029319,0.7240590667046406,sar,M-2022-11
97,,44830,0.8529694021023501,0.8525317867499442,0.8527505382821826,sar,M-2022-11
98,stable,62033,0.9963317874052647,0.993922589589412,0.9951257303334516,sar,M-2022-11
99,stable,29328,0.9594475566360146,0.928532460447354,0.9437368959123911,sar,M-2022-11
100,,25788,0.8038057465929708,0.7387544594384985,0.7699084645072642,sar,M-2022-11
101,degraded_noncollapsed,60583,0.9722162195536073,0.5198322961886997,0.6774436413698158,sar,M-2022-11
102,,49858,0.8375222708481085,0.9711179750491395,0.8993860814161923,sar,M-2022-11
103,degraded_noncollapsed,2627,0.5358361774744027,0.7171678720974496,0.6133810841608335,sar,M-2022-11
104,final_collapsed;gradual_collapsed,2719,0.07807807807807808,0.009562339095255609,0.01703800786369594,sar,M-2022-11
105,absorber;degraded_noncollapsed,3883,0.2870857142857143,0.3234612413082668,0.30418987648341,sar,M-2022-11
106,,2900,0.733033033033033,0.8417241379310345,0.7836276083467095,sar,M-2022-11
107,stable,4847,0.8374908290535583,0.94202599546111,0.88668802796388,sar,M-2022-11
108,,6216,0.8016021816942219,0.7565958815958816,0.7784490606637424,sar,M-2022-11
109,final_collapsed;abrupt_collapsed,1499,0.6826304503216584,0.6370913942628419,0.6590752242926156,sar,M-2022-11
110,,9331,0.7749897161661867,0.8076304790483335,0.7909734977696142,sar,M-2022-11
111,degraded_noncollapsed,2273,0.4695244474212994,0.3084029916410031,0.3722782793414764,sar,M-2022-11
112,degraded_noncollapsed,1900,0.699501246882793,0.5905263157894737,0.6404109589041096,sar,M-2022-11
113,stable,5194,0.9909108489653838,0.9865229110512129,0.988712011577424,sar,M-2022-11
114,,1403,0.9536332179930795,0.9821810406272273,0.9676966292134831,sar,M-2022-11
115,,24533,0.8918831017980765,0.7824562833734154,0.8335938857043599,sar,M-2022-11
116,,4443,0.871072319201995,0.7861805086653162,0.8264521471666864,sar,M-2022-11
117,,94992,0.6258054349348648,0.7525054741451912,0.6833320587335576,sar,M-2022-11
118,degraded_noncollapsed,4590,0.9313369630973987,0.6708061002178649,0.7798885511651469,sar,M-2022-11
119,stable,2028,0.8997518610421836,0.8939842209072978,0.8968587682414049,sar,M-2022-11
120,,1965,0.8761108207004704,0.8529262086513995,0.8643630737493554,sar,M-2022-11
121,final_collapsed;gradual_collapsed,43,0.015267175572519083,0.046511627906976744,0.022988505747126436,sar,M-2022-11
122,,62698,0.8598006083136195,0.811556987463715,0.8349825235071137,sar,M-2022-11
123,degraded_noncollapsed,7947,0.7885304659498208,0.11073361016735875,0.19419618227959837,sar,M-2022-11
124,,31849,0.8689893109078027,0.8857420955132029,0.877285732056226,sar,M-2022-11
125,,2900,0.43034866590276644,0.9065517241379311,0.5836385836385837,sar,M-2022-11
126,,3815,0.8701764881842656,0.762516382699869,0.8127968706342554,sar,M-2022-11
127,,8210,0.8829819737244119,0.7040194884287454,0.783410138248848,sar,M-2022-11
128,stable,4728,0.8989637305699482,0.9541032148900169,0.9257131130720295,sar,M-2022-11
129,degraded_noncollapsed,35318,0.808359050558159,0.6007418313607792,0.6892552586696987,sar,M-2022-11
130,stable,7095,0.7945998071359691,0.8129668780831572,0.8036784171659468,sar,M-2022-11
131,stable,27358,0.8959674566678457,0.925835221872944,0.9106565039188897,sar,M-2022-11
132,stable,21202,0.9170391473058598,0.8805773040279219,0.8984384398835447,sar,M-2022-11
133,,51526,0.7263831825902644,0.9710437449054846,0.83108124942902,sar,M-2022-11
134,,8608,0.8799377916018662,0.9859433085501859,0.9299293266860242,sar,M-2022-11
135,,2755,0.4140939597315436,0.4479128856624319,0.4303400174367916,sar,M-2022-11
136,,18290,0.7981591058514136,0.7965008201202843,0.7973291007607685,sar,M-2022-11
137,degraded_noncollapsed,2562,0.8267419962335216,0.6854020296643247,0.7494664959453692,sar,M-2022-11
138,degraded_noncollapsed,19416,0.7437205151090144,0.6008446641944788,0.6646914705714774,sar,M-2022-11
139,degraded_noncollapsed,2252,0.23052464228934816,0.19316163410301954,0.2101956994443102,sar,M-2022-11
140,,39677,0.8028045829567652,0.6940292864883938,0.7444645705480007,sar,M-2022-11
141,,1798,0.6623207301173403,0.5650723025583982,0.60984393757503,sar,M-2022-11
142,,27411,0.6459453645945364,0.7668819087227755,0.7012376155052207,sar,M-2022-11
143,degraded_noncollapsed,6282,0.6401358893472459,0.419929958611907,0.5071613957512257,sar,M-2022-11
144,stable,3033,0.9886666666666667,0.977909660402242,0.9832587435769932,sar,M-2022-11
145,stable,1523,0.9967148488830486,0.9960604070912672,0.9963875205254515,sar,M-2022-11
146,,6358,0.9595246936502042,0.8128342245989305,0.8801089918256131,sar,M-2022-11
147,degraded_noncollapsed,661,0.5804347826086956,0.4039334341906203,0.47636039250669043,sar,M-2022-11
148,,5510,0.8042328042328042,0.8551724137931035,0.8289207494062802,sar,M-2022-11
149,,43255,0.6040099754572085,0.7055138134319732,0.6508280105354077,sar,M-2022-11
150,degraded_noncollapsed,1522,0.8892921960072595,0.6438896189224704,0.7469512195121951,sar,M-2022-11
151,,1879,0.64874696847211,0.8541777541245343,0.7374224672639559,sar,M-2022-11
152,degraded_noncollapsed,861,0.82875,0.7700348432055749,0.798314268512944,sar,M-2022-11
153,,98813,0.8169946202432857,0.794571564470262,0.8056270970787116,sar,M-2022-11
154,,3641,0.7132447492498929,0.4570173029387531,0.5570806829594911,sar,M-2022-11
155,,11344,0.3240713161142079,0.6713681241184767,0.43713588750179366,sar,M-2022-11
156,absorber,26239,0.6695971122496507,0.8766340180647129,0.7592546747866845,sar,M-2022-11
157,,1255,0.3378640776699029,0.8318725099601594,0.4805523590333717,sar,M-2022-11
158,,11070,0.7133247918001281,0.8046973803071364,0.7562611427116054,sar,M-2022-11
159,,2820,0.4774774774774775,0.31950354609929077,0.38283407690673465,sar,M-2022-11
160,,1939,0.3848777714610574,0.6982980917998969,0.4962433571559465,sar,M-2022-11
161,,785,0.981651376146789,0.8178343949044586,0.8922863099374566,sar,M-2022-11
162,,172,0.436046511627907,0.436046511627907,0.436046511627907,sar,M-2022-11
163,final_collapsed;gradual_collapsed,2302,0.09227467811158799,0.018679409209383144,0.03106936416184971,sar,M-2022-11
164,,2479,0.13049721773469755,0.5865268253327954,0.2134938697599295,sar,M-2022-11
165,,5518,0.38559155040592735,0.8865530989488946,0.5374347706673991,sar,M-2022-11
166,degraded_noncollapsed,2277,0.5454545454545454,0.4268774703557312,0.4789356984478936,sar,M-2022-11
167,degraded_noncollapsed,74,0.12941176470588237,0.14864864864864866,0.13836477987421383,sar,M-2022-11
168,,4608,0.6537405628002745,0.8268229166666666,0.7301648141050211,sar,M-2022-11
169,,2048,0.821270962047661,0.90869140625,0.8627723690310617,sar,M-2022-11
170,,3086,0.47185185185185186,0.6192482177576151,0.5355941704035875,sar,M-2022-11
171,,7763,0.6305407011289365,0.6834986474301172,0.6559525281246137,sar,M-2022-11
172,,9888,0.7935218038228224,0.7011529126213593,0.74448322147651,sar,M-2022-11
173,degraded_noncollapsed,1166,0.9776119402985075,0.5617495711835334,0.7135076252723311,sar,M-2022-11
174,final_collapsed;abrupt_collapsed,3249,0.0,0.0,0.0,sar,M-2022-11
175,,35700,0.595797502047502,0.6520728291316527,0.6226662386989782,sar,M-2022-11
176,degraded_noncollapsed,3833,0.5041912449549829,0.4236890164362118,0.46044797278140065,sar,M-2022-11
177,,2272,0.5758384146341463,0.6650528169014085,0.6172385620915033,sar,M-2022-11
0,,950,0.7277580071174378,0.8610526315789474,0.7888138862102217,sar,M-2022-12
1,,3117,0.7805139186295503,0.7016361886429259,0.7389761784085149,sar,M-2022-12
2,absorber,3678,0.388551604509974,0.609026644915715,0.4744255003706449,sar,M-2022-12
3,,743,0.8306451612903226,0.9703903095558546,0.8950962135319678,sar,M-2022-12
4,,869,0.6776586974443528,0.9459148446490219,0.7896253602305475,sar,M-2022-12
5,absorber,1080,0.31931330472103003,0.6888888888888889,0.43636363636363634,sar,M-2022-12
6,degraded_noncollapsed,1684,0.5990279465370595,0.29275534441805223,0.3932987634623055,sar,M-2022-12
7,,33,0.10126582278481013,0.24242424242424243,0.14285714285714285,sar,M-2022-12
8,stable,1142,0.9161793372319688,0.8231173380035026,0.8671586715867159,sar,M-2022-12
9,degraded_noncollapsed,910,0.3724340175953079,0.13956043956043956,0.20303756994404476,sar,M-2022-12
10,final_collapsed;gradual_collapsed,1004,0.44,0.08764940239043825,0.1461794019933555,sar,M-2022-12
11,degraded_noncollapsed,1749,0.29159369527145357,0.19039451114922812,0.23037011414735387,sar,M-2022-12
12,degraded_noncollapsed,263,0.15657620041753653,0.28517110266159695,0.20215633423180593,sar,M-2022-12
13,absorber,1090,0.3171225937183384,0.5743119266055046,0.4086161879895561,sar,M-2022-12
14,absorber;degraded_noncollapsed,5821,0.24452499622413532,0.2781309053427246,0.2602475486256229,sar,M-2022-12
15,stable,715,0.850453172205438,0.7874125874125875,0.8177196804647785,sar,M-2022-12
16,,1186,0.3237639553429027,0.1711635750421585,0.22393822393822393,sar,M-2022-12
17,,8301,0.7724066390041494,0.8970003614022407,0.8300540661055682,sar,M-2022-12
18,,25658,0.8867932247770232,0.844765765063528,0.8652694610778443,sar,M-2022-12
19,degraded_noncollapsed,22936,0.7347988488151369,0.5231949773282176,0.6112002444800978,sar,M-2022-12
20,,1125,0.37041719342604296,0.7813333333333333,0.5025728987993139,sar,M-2022-12
21,,2095,0.8779395296752519,0.7484486873508354,0.8080391651636176,sar,M-2022-12
22,,743,0.7212276214833759,0.7590847913862718,0.7396721311475409,sar,M-2022-12
23,,5114,0.8070487718049127,0.8865858427845131,0.8449496831904585,sar,M-2022-12
24,degraded_noncollapsed,4154,0.828163466272772,0.4049109292248435,0.5438965238480195,sar,M-2022-12
25,,34385,0.8687072443430977,0.8641849643740003,0.8664402035252439,sar,M-2022-12
26,final_collapsed;abrupt_collapsed,807,0.019963702359346643,0.013630731102850062,0.016200294550810016,sar,M-2022-12
27,,7371,0.9657534246575342,0.87993487993488,0.9208490097252786,sar,M-2022-12
28,degraded_noncollapsed,5815,0.43119777158774375,0.2662080825451419,0.3291866028708134,sar,M-2022-12
29,,30274,0.8486179095882522,0.7788201096650591,0.8122222604981225,sar,M-2022-12
30,,645,0.9818181818181818,0.8372093023255814,0.9037656903765691,sar,M-2022-12
31,,952,0.8464384828862165,0.9611344537815126,0.9001475651746188,sar,M-2022-12
32,degraded_noncollapsed,998,0.30329457364341084,0.313627254509018,0.3083743842364532,sar,M-2022-12
33,,630,0.9051490514905149,0.5301587301587302,0.6686686686686687,sar,M-2022-12
34,degraded_noncollapsed,1240,0.699288256227758,0.31693548387096776,0.4361820199778024,sar,M-2022-12
35,,930,0.907624633431085,0.6655913978494624,0.7679900744416873,sar,M-2022-12
36,degraded_noncollapsed,216,0.5543478260869565,0.2361111111111111,0.33116883116883117,sar,M-2022-12
37,,866,0.9721854304635762,0.8475750577367206,0.905613818630475,sar,M-2022-12
38,final_collapsed;abrupt_collapsed,193,0.3125,0.05181347150259067,0.08888888888888889,sar,M-2022-12
39,,4483,0.8094793804814331,0.9676555877760429,0.8815281446860395,sar,M-2022-12
40,degraded_noncollapsed,737,0.9346049046321526,0.4654002713704206,0.6213768115942029,sar,M-2022-12
41,,1636,0.6994645247657296,0.6387530562347188,0.6677316293929713,sar,M-2022-12
42,degraded_noncollapsed,1444,0.665079365079365,0.2901662049861496,0.40405014464802314,sar,M-2022-12
43,,1992,0.8293991416309013,0.7761044176706827,0.8018672199170125,sar,M-2022-12
44,stable,1181,0.9916820702402958,0.9085520745131245,0.9482987185152453,sar,M-2022-12
45,absorber,1463,0.7892223738062756,0.7908407382091592,0.7900307272106522,sar,M-2022-12
46,absorber,7420,0.6535365152386429,0.6126684636118599,0.632442960489705,sar,M-2022-12
47,final_collapsed;gradual_collapsed,618,0.0,0.0,0.0,sar,M-2022-12
48,final_collapsed;abrupt_collapsed,3361,0.08333333333333333,0.0005950609937518596,0.0011816838995568684,sar,M-2022-12
49,,31563,0.8634910920712634,0.8046446788961759,0.833029930299303,sar,M-2022-12
50,degraded_noncollapsed,1528,0.3776595744680851,0.1393979057591623,0.20363288718929254,sar,M-2022-12
51,,11645,0.8118307749906402,0.9310433662516101,0.86736,sar,M-2022-12
52,,1274,0.7207514944491887,0.6624803767660911,0.6903885480572597,sar,M-2022-12
53,,5505,0.8536351429119509,0.8083560399636693,0.8303788020153013,sar,M-2022-12
54,degraded_noncollapsed,5063,0.7340332458442694,0.1657120284416354,0.2703834998388656,sar,M-2022-12
55,degraded_noncollapsed,4063,0.9666254635352287,0.5774058577405857,0.7229583975346687,sar,M-2022-12
56,final_collapsed;abrupt_collapsed,12137,0.009983361064891847,0.0004943561011782154,0.0009420631182289214,sar,M-2022-12
57,stable,2331,0.976734166307626,0.9725439725439725,0.9746345657781599,sar,M-2022-12
58,,15,0.0,0.0,0.0,sar,M-2022-12
59,stable,6030,0.9845771144278607,0.9845771144278607,0.9845771144278607,sar,M-2022-12
60,,24845,0.8521429982223978,0.8682632320386395,0.8601275917065391,sar,M-2022-12
61,,10494,0.45173006134969323,0.8770726129216695,0.5963264116103534,sar,M-2022-12
62,stable,11221,0.9093851132686084,0.9516085910346671,0.9300178548099116,sar,M-2022-12
63,,5492,0.5296957284961966,0.6593226511289147,0.5874432186891628,sar,M-2022-12
64,stable,1215,0.6803385416666666,0.8600823045267489,0.7597237368229734,sar,M-2022-12
65,,2112,0.929570895522388,0.943655303030303,0.9365601503759399,sar,M-2022-12
66,final_collapsed;abrupt_collapsed,1955,0.0035211267605633804,0.0010230179028132991,0.0015854141894569957,sar,M-2022-12
67,,1191,0.14628099173553719,0.1486146095717884,0.14743856726364016,sar,M-2022-12
68,,2499,0.5851910828025477,0.8823529411764706,0.7036859741503112,sar,M-2022-12
69,final_collapsed;abrupt_collapsed,1866,0.012552301255230125,0.001607717041800643,0.0028503562945368173,sar,M-2022-12
70,degraded_noncollapsed,908,0.6305418719211823,0.28193832599118945,0.3896499238964992,sar,M-2022-12
71,absorber,39434,0.5874740930386471,0.8553786072931988,0.6965545012441792,sar,M-2022-12
72,,5765,0.43881351423250864,0.5722463139635733,0.4967251373936611,sar,M-2022-12
73,,8821,0.8551282051282051,0.9073801156331481,0.8804796215829712,sar,M-2022-12
74,,2294,0.5828988529718456,0.4873583260680035,0.5308641975308642,sar,M-2022-12
75,degraded_noncollapsed,6807,0.4365108575634891,0.3484648156309681,0.38755003676170247,sar,M-2022-12
76,stable,2683,0.9056966897613549,0.8770033544539695,0.8911191062298807,sar,M-2022-12
77,,17960,0.7861862610647051,0.7022271714922049,0.7418387153696842,sar,M-2022-12
78,,10246,0.755371734086553,0.7308217841108725,0.7428939927575773,sar,M-2022-12
79,,7528,0.747280074603668,0.638682252922423,0.6887265434751468,sar,M-2022-12
80,degraded_noncollapsed,1055,0.5572139303482587,0.2123222748815166,0.3074811256005491,sar,M-2022-12
81,,2122,0.9427184466019417,0.9151743638077285,0.9287422285987565,sar,M-2022-12
82,,27579,0.7930349377717799,0.7670691468146054,0.7798359598193715,sar,M-2022-12
83,,19531,0.9117195496417605,0.912139675387845,0.911929564126846,sar,M-2022-12
84,,1057,0.9348986125933831,0.8287606433301797,0.8786359077231695,sar,M-2022-12
85,,350,0.7539432176656151,0.6828571428571428,0.7166416791604198,sar,M-2022-12
86,,20232,0.7912919553786427,0.7958679319889285,0.7935733471328947,sar,M-2022-12
87,,5056,0.8849067060779605,0.9473892405063291,0.9150826248925399,sar,M-2022-12
88,,83,0.1413793103448276,0.4939759036144578,0.21983914209115282,sar,M-2022-12
89,,377,0.5987654320987654,0.7718832891246684,0.6743916570104287,sar,M-2022-12
90,,4080,0.8578613601574459,0.9615196078431373,0.9067375476713279,sar,M-2022-12
91,,2334,0.7555634051571882,0.916452442159383,0.8282671829622459,sar,M-2022-12
92,,896,0.9139650872817955,0.8180803571428571,0.8633686690223793,sar,M-2022-12
93,,18804,0.70862934545799,0.7956817698362051,0.7496367553484643,sar,M-2022-12
94,stable,760,0.646795827123696,0.5710526315789474,0.6065688329839273,sar,M-2022-12
95,,3282,0.9021922428330523,0.9780621572212066,0.9385964912280702,sar,M-2022-12
96,absorber;degraded_noncollapsed,44573,0.8096210775606868,0.6135777264263119,0.6980970735006956,sar,M-2022-12
97,,18214,0.7542421254735094,0.7980125178434172,0.7755102040816326,sar,M-2022-12
98,stable,48912,0.9965150365921158,0.9938460909388289,0.9951787743236465,sar,M-2022-12
99,stable,18452,0.9519730623818525,0.8733470626490354,0.9109666478236291,sar,M-2022-12
100,,17278,0.7482397491272705,0.7319134159046186,0.7399865414435765,sar,M-2022-12
101,degraded_noncollapsed,42403,0.9656173544283151,0.6980873994764522,0.8103424676284596,sar,M-2022-12
102,,35717,0.8672117282210319,0.9473360024638128,0.9055048572269649,sar,M-2022-12
103,degraded_noncollapsed,1446,0.6658496732026143,0.5636237897648686,0.6104868913857678,sar,M-2022-12
104,final_collapsed;gradual_collapsed,1744,0.04597701149425287,0.006880733944954129,0.011970074812967581,sar,M-2022-12
105,absorber;degraded_noncollapsed,3159,0.33176248821866167,0.3342830009496676,0.3330179754020814,sar,M-2022-12
106,,1622,0.9219219219219219,0.9463625154130703,0.9339823547307575,sar,M-2022-12
107,stable,2555,0.9404223227752639,0.9761252446183953,0.9579412329556366,sar,M-2022-12
108,,3529,0.8579175704989154,0.8965712666477755,0.8768186226964112,sar,M-2022-12
109,final_collapsed;abrupt_collapsed,393,0.0,0.0,0.0,sar,M-2022-12
110,,5670,0.7888135593220339,0.8208112874779542,0.8044943820224719,sar,M-2022-12
111,degraded_noncollapsed,1136,0.27007299270072993,0.29313380281690143,0.28113127902068386,sar,M-2022-12
112,degraded_noncollapsed,1083,0.6251402918069585,0.5143120960295475,0.5643363728470111,sar,M-2022-12
113,stable,3574,0.9873780837636259,0.9630665920537214,0.975070821529745,sar,M-2022-12
114,,911,0.7848222862632085,0.8968166849615807,0.8370901639344263,sar,M-2022-12
115,,15934,0.882445029531061,0.7782728756118991,0.8270917397538934,sar,M-2022-12
116,,3278,0.8959311424100157,0.6985967053081147,0.7850531367843675,sar,M-2022-12
117,,58860,0.596528839851431,0.7421848453958546,0.6614329406777095,sar,M-2022-12
118,degraded_noncollapsed,2577,0.35203708221517443,0.559953434225844,0.4322947872977831,sar,M-2022-12
119,stable,1033,0.9037487335359676,0.8635043562439496,0.8831683168316832,sar,M-2022-12
120,,1133,0.8738229755178908,0.8190644307149162,0.8455580865603645,sar,M-2022-12
121,final_collapsed;gradual_collapsed,16,0.0,0.0,0.0,sar,M-2022-12
122,,40149,0.8372926240361399,0.8032578644549054,0.8199222027305316,sar,M-2022-12
123,degraded_noncollapsed,1458,0.702819956616052,0.2222222222222222,0.3376758728504429,sar,M-2022-12
124,,18817,0.8436826331563174,0.8527395440293352,0.8481869119357226,sar,M-2022-12
125,,2268,0.46307072515666964,0.9122574955908289,0.6143111638954869,sar,M-2022-12
126,,2588,0.9144851657940664,0.8098918083462133,0.8590163934426229,sar,M-2022-12
127,,4058,0.8585461689587426,0.6461310990635781,0.7373453318335208,sar,M-2022-12
128,stable,3721,0.8720703125,0.9599570008062349,0.9139055903799411,sar,M-2022-12
129,degraded_noncollapsed,18631,0.8000895789787996,0.5752777628683378,0.669310269460143,sar,M-2022-12
130,stable,4618,0.7940535183349852,0.8674750974447812,0.8291420883783505,sar,M-2022-12
131,stable,17194,0.8888452914798206,0.9222403163894382,0.9052349146543358,sar,M-2022-12
132,stable,13419,0.9168466522678186,0.8857589984350548,0.9010347572300345,sar,M-2022-12
133,,34000,0.7106986191844761,0.9673235294117647,0.8193878695018498,sar,M-2022-12
134,,5543,0.917465120188267,0.9846653436767093,0.94987817612252,sar,M-2022-12
135,,1872,0.4047899489595603,0.5507478632478633,0.4666214075582711,sar,M-2022-12
136,,12861,0.7581797668296352,0.7837648705388384,0.7707600550542897,sar,M-2022-12
137,degraded_noncollapsed,1286,0.6755373592630501,0.5132192846034215,0.5832965090587715,sar,M-2022-12
138,degraded_noncollapsed,12776,0.7674660120845922,0.6362711333750782,0.6957377610407395,sar,M-2022-12
139,degraded_noncollapsed,973,0.1614100185528757,0.17882836587872558,0.1696733300828864,sar,M-2022-12
140,,21276,0.789167866090943,0.6958074826095131,0.7395528912201823,sar,M-2022-12
141,,1226,0.6916916916916916,0.5636215334420881,0.621123595505618,sar,M-2022-12
142,,15948,0.6300668616798997,0.7563330825181841,0.6874501310840078,sar,M-2022-12
143,degraded_noncollapsed,3052,0.47149532710280373,0.33060288335517696,0.3886748844375963,sar,M-2022-12
144,stable,2267,0.9776315789473684,0.9832377591530658,0.9804266549373213,sar,M-2022-12
145,stable,1149,0.9965034965034965,0.9921671018276762,0.9943305713039686,sar,M-2022-12
146,,4680,0.9842621259029928,0.8151709401709402,0.8917718560074801,sar,M-2022-12
147,degraded_noncollapsed,2730,0.929228998849252,0.5915750915750916,0.7229185317815577,sar,M-2022-12
148,,3728,0.7727496310870634,0.8428111587982833,0.8062612265845522,sar,M-2022-12
149,,29896,0.6177642020782799,0.690025421461065,0.6518984341670748,sar,M-2022-12
150,degraded_noncollapsed,1291,0.9082177161152615,0.6591789310611929,0.7639138240574507,sar,M-2022-12
151,,872,0.5444947209653092,0.8279816513761468,0.6569608735213831,sar,M-2022-12
152,degraded_noncollapsed,729,0.8856015779092702,0.6159122085048011,0.7265372168284789,sar,M-2022-12
153,,59235,0.8283447400868462,0.7825609859036042,0.8048022500781277,sar,M-2022-12
154,,1862,0.6923652694610778,0.4967776584317938,0.5784865540963102,sar,M-2022-12
155,,5650,0.5778197857592943,0.6492035398230088,0.6114352392065344,sar,M-2022-12
156,absorber,11350,0.6298184531211142,0.892511013215859,0.7384996719399286,sar,M-2022-12
157,,800,0.3837485172004745,0.80875,0.5205148833467418,sar,M-2022-12
158,,5549,0.6868702770780857,0.7862677959992791,0.7332156961599866,sar,M-2022-12
159,,1740,0.4752767527675277,0.3701149425287356,0.4161550888529887,sar,M-2022-12
160,,1048,0.36214185063410054,0.7356870229007634,0.48536355051935787,sar,M-2022-12
161,,334,0.9829059829059829,0.688622754491018,0.8098591549295775,sar,M-2022-12
162,,59,0.30357142857142855,0.576271186440678,0.39766081871345027,sar,M-2022-12
163,final_collapsed;gradual_collapsed,1741,0.08940397350993377,0.015508328546812177,0.02643171806167401,sar,M-2022-12
164,,1689,0.23556231003039513,0.6423919478981646,0.34471803018268465,sar,M-2022-12
165,,4989,0.5479272727272727,0.755061134495891,0.635030343897505,sar,M-2022-12
166,degraded_noncollapsed,1835,0.6799100449775113,0.4942779291553134,0.5724203218680972,sar,M-2022-12
167,degraded_noncollapsed,55,0.2608695652173913,0.21818181818181817,0.2376237623762376,sar,M-2022-12
168,,4221,0.7303725531467059,0.8220800758114191,0.7735176103432903,sar,M-2022-12
169,,1502,0.8244099021301093,0.9533954727030626,0.8842235257795616,sar,M-2022-12
170,,1916,0.4676439041830533,0.6826722338204593,0.5550604710375557,sar,M-2022-12
171,,4142,0.571875698636262,0.6175760502172863,0.5938479396401625,sar,M-2022-12
172,,5558,0.763264479546375,0.6781216264843469,0.7181783536585366,sar,M-2022-12
173,degraded_noncollapsed,978,0.9807692307692307,0.5736196319018405,0.7238709677419355,sar,M-2022-12
174,final_collapsed;abrupt_collapsed,1507,0.0,0.0,0.0,sar,M-2022-12
175,,22084,0.588915857605178,0.6592102879913059,0.6220835825997778,sar,M-2022-12
176,degraded_noncollapsed,2085,0.4706985466479137,0.4815347721822542,0.47605500237079185,sar,M-2022-12
177,,1117,0.42892156862745096,0.7833482542524619,0.5543237250554324,sar,M-2022-12
0,,1414,0.901320361362057,0.9172560113154172,0.9092183666316158,tta_tc,M-2022-4
1,,10792,0.961531190926276,0.9426426982950333,0.9519932622122403,tta_tc,M-2022-4
2,absorber,7583,0.7287883298600774,0.6456547540551233,0.6847073631214601,tta_tc,M-2022-4
3,,1593,0.9083832335329342,0.9522912743251726,0.9298191847992645,tta_tc,M-2022-4
4,,3737,0.9466701352757544,0.9737757559539738,0.9600316580925999,tta_tc,M-2022-4
5,absorber,2093,0.9329324699352451,0.9636884854276159,0.9480611045828438,tta_tc,M-2022-4
6,degraded_noncollapsed,2729,0.9709829524845847,0.9809454012458776,0.9759387531899381,tta_tc,M-2022-4
7,,36,0.6944444444444444,0.6944444444444444,0.6944444444444444,tta_tc,M-2022-4
8,stable,1574,0.897742363877822,0.8589580686149937,0.8779220779220779,tta_tc,M-2022-4
9,degraded_noncollapsed,1547,0.675289312457454,0.6412411118293472,0.6578249336870027,tta_tc,M-2022-4
10,final_collapsed;gradual_collapsed,2020,0.848800834202294,0.805940594059406,0.8268156424581006,tta_tc,M-2022-4
11,degraded_noncollapsed,1685,0.7798110979929161,0.7839762611275964,0.7818881325836046,tta_tc,M-2022-4
12,degraded_noncollapsed,2788,0.7796278158667973,0.8565279770444764,0.8162707229533414,tta_tc,M-2022-4
13,absorber,2093,0.47707231040564374,0.5169612995699953,0.4962164641137354,tta_tc,M-2022-4
14,absorber;degraded_noncollapsed,10401,0.8305683399336402,0.7460821074896644,0.7860615883306321,tta_tc,M-2022-4
15,stable,751,0.89792663476874,0.7496671105193076,0.8171262699564587,tta_tc,M-2022-4
16,,2008,0.7612655800575263,0.3954183266932271,0.5204850868567683,tta_tc,M-2022-4
17,,10007,0.9370258755065988,0.9010692515239332,0.9186958736627611,tta_tc,M-2022-4
18,,21926,0.9375584658559402,0.91421143847487,0.9257377730568512,tta_tc,M-2022-4
19,degraded_noncollapsed,13185,0.9012129071630178,0.8960182025028441,0.8986080474632996,tta_tc,M-2022-4
20,,1281,0.8012958963282938,0.8688524590163934,0.8337078651685393,tta_tc,M-2022-4
21,,2620,0.8815697266993693,0.9603053435114504,0.9192546583850931,tta_tc,M-2022-4
22,,4636,0.9469007827374656,0.9654874892148404,0.9561038128804871,tta_tc,M-2022-4
23,,12840,0.9304829283297447,0.942367601246106,0.936387556105866,tta_tc,M-2022-4
24,degraded_noncollapsed,10253,0.9460082620808915,0.9604018336096752,0.9531507114509729,tta_tc,M-2022-4
25,,54557,0.913451511991658,0.9312828784573932,0.9222810154385137,tta_tc,M-2022-4
26,final_collapsed;abrupt_collapsed,2293,0.8228410008071025,0.8892280854775403,0.8547474324041081,tta_tc,M-2022-4
27,,19386,0.9925796145522003,0.9936036314866399,0.9930913590431016,tta_tc,M-2022-4
28,degraded_noncollapsed,16366,0.8820641835920722,0.8783453501160944,0.880200838869669,tta_tc,M-2022-4
29,,29653,0.886360655737705,0.9116784136512326,0.8988412880488089,tta_tc,M-2022-4
30,,8131,0.9862289438091725,0.986471528717255,0.986350221347762,tta_tc,M-2022-4
31,,7973,0.9756499682942296,0.9648814749780509,0.9702358431075798,tta_tc,M-2022-4
32,degraded_noncollapsed,2331,0.7206946454413893,0.640926640926641,0.6784741144414169,tta_tc,M-2022-4
33,,204,0.5125,0.4019607843137255,0.45054945054945056,tta_tc,M-2022-4
34,degraded_noncollapsed,588,0.9288135593220339,0.9319727891156463,0.9303904923599321,tta_tc,M-2022-4
35,,875,0.9200492004920049,0.8548571428571429,0.8862559241706162,tta_tc,M-2022-4
36,degraded_noncollapsed,826,0.6218990590248076,0.8801452784503632,0.7288220551378446,tta_tc,M-2022-4
37,,1989,0.9836674090571641,0.6661639014580191,0.7943645083932853,tta_tc,M-2022-4
38,final_collapsed;abrupt_collapsed,77,0.8548387096774194,0.6883116883116883,0.762589928057554,tta_tc,M-2022-4
39,,4388,0.9124564459930313,0.954876937101185,0.933184855233853,tta_tc,M-2022-4
40,degraded_noncollapsed,2334,0.9668012561686855,0.9233076263924593,0.9445540214770984,tta_tc,M-2022-4
41,,2121,0.862118320610687,0.851956624233852,0.8570073511975338,tta_tc,M-2022-4
42,degraded_noncollapsed,1839,0.9033665835411472,0.7879282218597063,0.8417078129538194,tta_tc,M-2022-4
43,,2042,0.9097922848664688,0.7507345739471106,0.8226455594311779,tta_tc,M-2022-4
44,stable,2910,0.967082467082467,0.959106529209622,0.9630779848171153,tta_tc,M-2022-4
45,absorber,2192,0.899955337204109,0.9192518248175182,0.9095012412547958,tta_tc,M-2022-4
46,absorber,9798,0.7466130991310848,0.8155746070626658,0.77957172820838,tta_tc,M-2022-4
47,final_collapsed;gradual_collapsed,3839,0.9925472451424009,0.9713467048710601,0.9818325434439179,tta_tc,M-2022-4
48,final_collapsed;abrupt_collapsed,5001,0.9841740850642928,0.9948010397920416,0.9894590294351631,tta_tc,M-2022-4
49,,40220,0.9444571081224831,0.927150671307807,0.9357238748855125,tta_tc,M-2022-4
50,degraded_noncollapsed,4546,0.5942350332594235,0.5895292564892213,0.5918727915194346,tta_tc,M-2022-4
51,,21842,0.9194492870233785,0.941717791411043,0.9304503200416168,tta_tc,M-2022-4
52,,2301,0.9088817303267372,0.85832246849196,0.8828788556101922,tta_tc,M-2022-4
53,,9775,0.9410157830837718,0.9515089514066496,0.9462332773793174,tta_tc,M-2022-4
54,degraded_noncollapsed,6663,0.8380160100455187,0.8012907098904397,0.8192419825072886,tta_tc,M-2022-4
55,degraded_noncollapsed,8193,0.9846599830897451,0.9949957280605395,0.9898008742107819,tta_tc,M-2022-4
56,final_collapsed;abrupt_collapsed,10094,0.9692788074133764,0.9533386170001982,0.961242633103586,tta_tc,M-2022-4
57,stable,3065,0.9864253393665159,0.9957585644371941,0.9910699788926773,tta_tc,M-2022-4
58,,2286,0.9899694723070214,0.9930008748906387,0.9914828565188906,tta_tc,M-2022-4
59,stable,13724,0.994888079931841,0.935951617604197,0.9645203679369251,tta_tc,M-2022-4
60,,49622,0.9193478305849248,0.8954294466164201,0.9072310189580717,tta_tc,M-2022-4
61,,19676,0.7036613272311213,0.8439215287660093,0.7674354115635255,tta_tc,M-2022-4
62,stable,15549,0.9485337726523888,0.9257186957360602,0.936987371436011,tta_tc,M-2022-4
63,,11152,0.815270413573701,0.6893830703012912,0.7470605383344671,tta_tc,M-2022-4
64,stable,2437,0.8177966101694916,0.7919573245794009,0.8046695851573901,tta_tc,M-2022-4
65,,3145,0.9399748585795098,0.951033386327504,0.9454717875770507,tta_tc,M-2022-4
66,final_collapsed;abrupt_collapsed,5149,0.8695970695970696,0.92212080015537,0.8950890753134131,tta_tc,M-2022-4
67,,854,0.24043715846994534,0.5152224824355972,0.32786885245901637,tta_tc,M-2022-4
68,,7271,0.7885525749533783,0.7560170540503369,0.7719421429574498,tta_tc,M-2022-4
69,final_collapsed;abrupt_collapsed,879,0.8592411260709915,0.7986348122866894,0.8278301886792453,tta_tc,M-2022-4
70,degraded_noncollapsed,2642,0.831353919239905,0.6623769871309614,0.7373077733305246,tta_tc,M-2022-4
71,absorber,149408,0.8988490512449452,0.8896444634825444,0.8942230713858036,tta_tc,M-2022-4
72,,17880,0.8262441880489065,0.8050335570469799,0.8155009773094246,tta_tc,M-2022-4
73,,29211,0.9634064757827134,0.9859984252507616,0.974571539749945,tta_tc,M-2022-4
74,,9210,0.4130380536494074,0.7188925081433225,0.5246434231378764,tta_tc,M-2022-4
75,degraded_noncollapsed,28060,0.7146135333296021,0.9100498930862437,0.8005768567576889,tta_tc,M-2022-4
76,stable,10523,0.9395169685613158,0.8576451582248408,0.8967161806349049,tta_tc,M-2022-4
77,,81932,0.9214577900157535,0.8495581701899136,0.8840484914682704,tta_tc,M-2022-4
78,,48009,0.9604113774258789,0.929783998833552,0.94484955602358,tta_tc,M-2022-4
79,,25102,0.8834437086092716,0.7440044617958729,0.8077505298213745,tta_tc,M-2022-4
80,degraded_noncollapsed,6096,0.8274863760217984,0.7970800524934383,0.8119986631016043,tta_tc,M-2022-4
81,,7217,0.96,0.9810170430926978,0.9703947368421053,tta_tc,M-2022-4
82,,79609,0.890648081512064,0.886105842304262,0.888371155832053,tta_tc,M-2022-4
83,,24502,0.9600437654496089,0.9669006611705167,0.9634600134203624,tta_tc,M-2022-4
84,,2397,0.8984375,0.9595327492699207,0.9279806334476498,tta_tc,M-2022-4
85,,2080,0.9052583862194016,0.9600961538461539,0.9318712085860943,tta_tc,M-2022-4
86,,27759,0.86553480475382,0.8264346698368097,0.8455329500221141,tta_tc,M-2022-4
87,,11231,0.950616212463114,0.9752470839640281,0.9627741396738891,tta_tc,M-2022-4
88,,204,0.38333333333333336,0.45098039215686275,0.4144144144144144,tta_tc,M-2022-4
89,,486,0.7298850574712644,0.7839506172839507,0.7559523809523809,tta_tc,M-2022-4
90,,7635,0.9434844744705729,0.9511460379829731,0.9472997651969737,tta_tc,M-2022-4
91,,4262,0.9130634774609016,0.9314875645236977,0.9221835075493612,tta_tc,M-2022-4
92,,2288,0.9774368231046932,0.9466783216783217,0.9618117229129662,tta_tc,M-2022-4
93,,34812,0.902992447178049,0.8139434677697346,0.8561586922693417,tta_tc,M-2022-4
94,stable,633,0.7931034482758621,0.5086887835703001,0.6198267564966313,tta_tc,M-2022-4
95,,50223,0.9926066161817457,0.9917567648288633,0.9921815085206618,tta_tc,M-2022-4
96,absorber;degraded_noncollapsed,55119,0.9290606044434957,0.947567989259602,0.9382230365739743,tta_tc,M-2022-4
97,,41580,0.9664543626089455,0.9707311207311208,0.9685880207333462,tta_tc,M-2022-4
98,stable,63298,0.9889997803094498,0.9956870675218806,0.9923321577024814,tta_tc,M-2022-4
99,stable,23955,0.9240731674751881,0.8667501565435191,0.8944942271239015,tta_tc,M-2022-4
100,,30504,0.9783066895813742,0.9890506163126147,0.9836493161403909,tta_tc,M-2022-4
101,degraded_noncollapsed,60629,0.9866252452583388,0.9952662917085883,0.9909269310036211,tta_tc,M-2022-4
102,,79891,0.9913839526117394,0.9908875843336546,0.9911357063264514,tta_tc,M-2022-4
103,degraded_noncollapsed,1787,0.8486238532110092,0.9317291550083939,0.8882368631635102,tta_tc,M-2022-4
104,final_collapsed;gradual_collapsed,3363,0.8226923076923077,0.6360392506690455,0.7174241153781653,tta_tc,M-2022-4
105,absorber;degraded_noncollapsed,4895,0.8204350025290845,0.6627170582226762,0.7331901909820319,tta_tc,M-2022-4
106,,3993,0.9762914898926878,0.9797145003756574,0.978,tta_tc,M-2022-4
107,stable,3873,0.7671342685370741,0.9883810999225406,0.8638158637030351,tta_tc,M-2022-4
108,,11663,0.9438667681122664,0.9573008659864529,0.9505363528009535,tta_tc,M-2022-4
109,final_collapsed;abrupt_collapsed,1867,0.9587404994571118,0.9459025174076058,0.9522782421137773,tta_tc,M-2022-4
110,,9808,0.8711028838659393,0.9116027732463295,0.8908927859705061,tta_tc,M-2022-4
111,degraded_noncollapsed,2817,0.707209021345147,0.6233581824636137,0.6626415094339623,tta_tc,M-2022-4
112,degraded_noncollapsed,3822,0.910070996581646,0.9055468341182626,0.9078032786885246,tta_tc,M-2022-4
113,stable,5042,0.9926221335992024,0.9873066243554145,0.9899572437108481,tta_tc,M-2022-4
114,,3329,0.9633413461538461,0.9630519675578252,0.9631966351209253,tta_tc,M-2022-4
115,,22978,0.8965350665319924,0.8884585255461745,0.8924785241207458,tta_tc,M-2022-4
116,,4023,0.8613327076489911,0.9125031071339796,0.8861798430899216,tta_tc,M-2022-4
117,,84936,0.8640777873184419,0.8411980785532637,0.8524844442588427,tta_tc,M-2022-4
118,degraded_noncollapsed,3760,0.9603406973649188,0.9595744680851064,0.9599574298257284,tta_tc,M-2022-4
119,stable,2846,0.9126178390137781,0.8843991567111735,0.8982869379014989,tta_tc,M-2022-4
120,,2918,0.8972184531886025,0.9064427690198766,0.9018070235254007,tta_tc,M-2022-4
121,final_collapsed;gradual_collapsed,2543,0.9165722914307286,0.9547778214707039,0.9352850539291218,tta_tc,M-2022-4
122,,61426,0.907550255198956,0.894474652427311,0.9009650151270425,tta_tc,M-2022-4
123,degraded_noncollapsed,3393,0.8987060998151571,0.7164750957854407,0.7973105936372581,tta_tc,M-2022-4
124,,30492,0.9157242864835756,0.8922996195723468,0.9038602086240117,tta_tc,M-2022-4
125,,3522,0.8651289009497964,0.9051675184554231,0.884695434993756,tta_tc,M-2022-4
126,,2112,0.9231531978185424,0.8816287878787878,0.9019132961976265,tta_tc,M-2022-4
127,,3002,0.8645533141210374,0.899400399733511,0.8816326530612245,tta_tc,M-2022-4
128,stable,2342,0.9068727124847499,0.9521776259607173,0.9289731305977921,tta_tc,M-2022-4
129,degraded_noncollapsed,44177,0.9520713018962302,0.9478688005070511,0.9499654034188229,tta_tc,M-2022-4
130,stable,7092,0.8512588943623426,0.8771855611957134,0.8640277777777777,tta_tc,M-2022-4
131,stable,30533,0.8733339350723591,0.9506763174270462,0.9103653755684491,tta_tc,M-2022-4
132,stable,23157,0.9661000390777648,0.8540829986613119,0.9066446629535401,tta_tc,M-2022-4
133,,54110,0.8885610492384834,0.9628349658103863,0.9242081548300116,tta_tc,M-2022-4
134,,10738,0.8754487946657549,0.953715775749674,0.9129078267070779,tta_tc,M-2022-4
135,,3069,0.7248908296943232,0.7031606386445096,0.7138604035726099,tta_tc,M-2022-4
136,,22342,0.858883121232418,0.9183152806373646,0.8876054510058403,tta_tc,M-2022-4
137,degraded_noncollapsed,4089,0.9598750600672753,0.9770114942528736,0.968367470609623,tta_tc,M-2022-4
138,degraded_noncollapsed,43631,0.9053911329124322,0.8841420091219546,0.894640413738723,tta_tc,M-2022-4
139,degraded_noncollapsed,2846,0.653395061728395,0.7438510189739986,0.695695037791653,tta_tc,M-2022-4
140,,71932,0.8781479764191561,0.9215231051548685,0.8993128336623321,tta_tc,M-2022-4
141,,2022,0.7472426470588235,0.8041543026706232,0.7746545974273463,tta_tc,M-2022-4
142,,62604,0.9119619184112198,0.8537952846463485,0.8819205543868334,tta_tc,M-2022-4
143,degraded_noncollapsed,4384,0.7534676786181628,0.6567062043795621,0.7017672151127361,tta_tc,M-2022-4
144,stable,3642,0.9778944459795523,0.971718835804503,0.9747968599366479,tta_tc,M-2022-4
145,stable,2224,0.9906208128628852,0.9973021582733813,0.9939502576742102,tta_tc,M-2022-4
146,,4793,0.9603596240294238,0.9805967035259754,0.9703726643955817,tta_tc,M-2022-4
147,degraded_noncollapsed,2203,0.9623529411764706,0.9282796187017703,0.9450092421441775,tta_tc,M-2022-4
148,,6812,0.9067303387554096,0.8919553728714034,0.8992821727225635,tta_tc,M-2022-4
149,,74194,0.9129839682346086,0.9080249076744751,0.9104976855762409,tta_tc,M-2022-4
150,degraded_noncollapsed,2305,0.9546643417611159,0.9501084598698482,0.9523809523809523,tta_tc,M-2022-4
151,,2021,0.8050282195997948,0.7763483424047501,0.7904282115869018,tta_tc,M-2022-4
152,degraded_noncollapsed,1673,0.9490713001797484,0.9468021518230724,0.947935368043088,tta_tc,M-2022-4
153,,70973,0.8688489315061124,0.910275738661181,0.8890800247712104,tta_tc,M-2022-4
154,,2978,0.7519916868721856,0.729012760241773,0.7403239556692243,tta_tc,M-2022-4
155,,11183,0.8044155368266764,0.7852096932844496,0.7946965926060002,tta_tc,M-2022-4
156,absorber,32897,0.8404233426429516,0.8689850138310484,0.8544655667144907,tta_tc,M-2022-4
157,,2075,0.7692307692307693,0.8385542168674699,0.8023979709476596,tta_tc,M-2022-4
158,,12544,0.9283529222347449,0.9193239795918368,0.9238163902907954,tta_tc,M-2022-4
159,,3182,0.29624893435635125,0.4368321810182275,0.3530607061214122,tta_tc,M-2022-4
160,,1553,0.7283372365339579,0.6007726980038635,0.6584333098094566,tta_tc,M-2022-4
161,,3031,0.9874088800530152,0.9831738700098978,0.9852868242684741,tta_tc,M-2022-4
162,,486,0.5781818181818181,0.654320987654321,0.6138996138996139,tta_tc,M-2022-4
163,final_collapsed;gradual_collapsed,3156,0.49874371859296485,0.3773764258555133,0.4296536796536797,tta_tc,M-2022-4
164,,3315,0.8755746245786087,0.8618401206636501,0.8686530860443904,tta_tc,M-2022-4
165,,5176,0.9807770961145195,0.9265842349304482,0.9529107887939599,tta_tc,M-2022-4
166,degraded_noncollapsed,2317,0.7102643323034672,0.8929650410012948,0.7912045889101338,tta_tc,M-2022-4
167,degraded_noncollapsed,668,0.8708206686930091,0.8577844311377245,0.8642533936651584,tta_tc,M-2022-4
168,,3924,0.745361328125,0.778032619775739,0.7613466334164588,tta_tc,M-2022-4
169,,2891,0.9729636048526863,0.9709443099273608,0.9719529085872576,tta_tc,M-2022-4
170,,3774,0.9084310441094361,0.8622151563328034,0.8847199564980968,tta_tc,M-2022-4
171,,7082,0.8110249494268374,0.6793278734820672,0.739357614876287,tta_tc,M-2022-4
172,,7688,0.8656476267095736,0.8397502601456815,0.8525023108411461,tta_tc,M-2022-4
173,degraded_noncollapsed,4960,0.9922072451558551,0.9497983870967742,0.9705397610218377,tta_tc,M-2022-4
174,final_collapsed;abrupt_collapsed,4246,0.9797052428122734,0.955016486104569,0.9672033392963626,tta_tc,M-2022-4
175,,50628,0.7974283954419464,0.8182823733902188,0.8077208032754923,tta_tc,M-2022-4
176,degraded_noncollapsed,4309,0.8432984554060787,0.7855650963100488,0.8134086266971045,tta_tc,M-2022-4
177,,1540,0.9349747474747475,0.9616883116883117,0.9481434058898848,tta_tc,M-2022-4
0,,1621,0.9301252471984179,0.8704503392967304,0.8992989165073295,tta_tc,M-2022-5
1,,10263,0.9520999311497984,0.9431939978563773,0.9476260401370533,tta_tc,M-2022-5
2,absorber,8750,0.7759562841530054,0.6978285714285715,0.7348215897466754,tta_tc,M-2022-5
3,,1684,0.7968047928107839,0.9477434679334917,0.8657445077298617,tta_tc,M-2022-5
4,,4052,0.9517024873219029,0.9726061204343535,0.9620407665079946,tta_tc,M-2022-5
5,absorber,2200,0.8541581319131504,0.9477272727272728,0.898513251454428,tta_tc,M-2022-5
6,degraded_noncollapsed,2812,0.9637542922548645,0.8982930298719772,0.9298729983434566,tta_tc,M-2022-5
7,,104,0.8194444444444444,0.5673076923076923,0.6704545454545454,tta_tc,M-2022-5
8,stable,2060,0.8948443083205717,0.8509708737864078,0.8723563075391888,tta_tc,M-2022-5
9,degraded_noncollapsed,1824,0.7411444141689373,0.5964912280701754,0.660996354799514,tta_tc,M-2022-5
10,final_collapsed;gradual_collapsed,2341,0.7956324680675732,0.8248611704399829,0.80998322147651,tta_tc,M-2022-5
11,degraded_noncollapsed,2013,0.7250796540737369,0.7913561847988078,0.7567695961995249,tta_tc,M-2022-5
12,degraded_noncollapsed,3428,0.8260365323282111,0.8310968494749125,0.8285589646648248,tta_tc,M-2022-5
13,absorber,2703,0.5658317276814386,0.6518682944876064,0.605810555269039,tta_tc,M-2022-5
14,absorber;degraded_noncollapsed,10444,0.7932383954777693,0.6986786671773267,0.7429618693682227,tta_tc,M-2022-5
15,stable,1474,0.9350797266514806,0.5569877883310719,0.6981292517006803,tta_tc,M-2022-5
16,,1958,0.7634408602150538,0.3626149131767109,0.4916897506925208,tta_tc,M-2022-5
17,,9201,0.7403636363636363,0.8851211824801652,0.8062967179842582,tta_tc,M-2022-5
18,,27154,0.9375395731684607,0.9270089121308095,0.9322445049349111,tta_tc,M-2022-5
19,degraded_noncollapsed,19072,0.9087853804547603,0.9074035234899329,0.9080939262757445,tta_tc,M-2022-5
20,,2201,0.8658424908424909,0.8591549295774648,0.8624857468643101,tta_tc,M-2022-5
21,,2853,0.9232053422370617,0.969155275148966,0.9456224350205198,tta_tc,M-2022-5
22,,648,0.7056694813027744,0.9027777777777778,0.7921462423832092,tta_tc,M-2022-5
23,,15639,0.9464661270792174,0.9496131466206279,0.9480370252154484,tta_tc,M-2022-5
24,degraded_noncollapsed,9752,0.9385806192199437,0.9574446267432322,0.9479187817258883,tta_tc,M-2022-5
25,,63996,0.9238391414372389,0.9469654353397088,0.9352593484266247,tta_tc,M-2022-5
26,final_collapsed;abrupt_collapsed,2539,0.7816975200838282,0.8814493895234344,0.8285820066641985,tta_tc,M-2022-5
27,,19743,0.989221738690416,0.9901737324621385,0.9896975066447286,tta_tc,M-2022-5
28,degraded_noncollapsed,21533,0.901701979854116,0.8439139924766638,0.8718514609221322,tta_tc,M-2022-5
29,,31966,0.8529713565334662,0.9101545391978978,0.8806356413166856,tta_tc,M-2022-5
30,,8566,0.983957219251337,0.9880924585570862,0.9860205032618826,tta_tc,M-2022-5
31,,10445,0.9766839378238342,0.9745332695069411,0.9756074184118465,tta_tc,M-2022-5
32,degraded_noncollapsed,2935,0.6105574012550756,0.5635434412265758,0.5861091424521616,tta_tc,M-2022-5
33,,253,0.6239316239316239,0.5770750988142292,0.5995893223819302,tta_tc,M-2022-5
34,degraded_noncollapsed,485,0.9063136456211812,0.9175257731958762,0.9118852459016393,tta_tc,M-2022-5
35,,1307,0.9306418219461697,0.6878347360367253,0.7910250769907611,tta_tc,M-2022-5
36,degraded_noncollapsed,916,0.8904458598726115,0.7631004366812227,0.8218694885361552,tta_tc,M-2022-5
37,,1023,0.9783057851239669,0.9257086999022482,0.9512807634354595,tta_tc,M-2022-5
38,final_collapsed;abrupt_collapsed,117,0.6982758620689655,0.6923076923076923,0.6952789699570815,tta_tc,M-2022-5
39,,8587,0.9421344421344421,0.9499243041807384,0.9460133371991881,tta_tc,M-2022-5
40,degraded_noncollapsed,2306,0.9601629696695337,0.9197745013009541,0.9395348837209302,tta_tc,M-2022-5
41,,2472,0.8337928318235526,0.8563915857605178,0.8449411295150668,tta_tc,M-2022-5
42,degraded_noncollapsed,1394,0.8273950910530483,0.7496413199426112,0.7866014301844185,tta_tc,M-2022-5
43,,3196,0.9226100151745068,0.7609511889862328,0.8340192043895748,tta_tc,M-2022-5
44,stable,2779,0.976843605272533,0.9866858582223822,0.9817400644468314,tta_tc,M-2022-5
45,absorber,3156,0.8627871362940276,0.8925855513307985,0.8774334215854228,tta_tc,M-2022-5
46,absorber,10149,0.734319746882561,0.7775150261109469,0.7553003110792056,tta_tc,M-2022-5
47,final_collapsed;gradual_collapsed,3766,0.988232147633057,0.9811471056824217,0.9846768820786143,tta_tc,M-2022-5
48,final_collapsed;abrupt_collapsed,5241,0.9929321872015282,0.9917954588818928,0.9923634975181367,tta_tc,M-2022-5
49,,46428,0.940490056037798,0.9217928836047213,0.93104761076001,tta_tc,M-2022-5
50,degraded_noncollapsed,7426,0.876135608242854,0.5324535416105575,0.6623670324147751,tta_tc,M-2022-5
51,,22943,0.9278621999654636,0.9367998953929303,0.9323096276053527,tta_tc,M-2022-5
52,,2346,0.8995555555555556,0.8627450980392157,0.8807658833768495,tta_tc,M-2022-5
53,,10324,0.916983282674772,0.9351026733824099,0.9259543449069634,tta_tc,M-2022-5
54,degraded_noncollapsed,7963,0.7786749862360066,0.5328393821424087,0.6327169698777214,tta_tc,M-2022-5
55,degraded_noncollapsed,10913,0.9871794871794872,0.994868505452213,0.9910090821961571,tta_tc,M-2022-5
56,final_collapsed;abrupt_collapsed,9591,0.7920997920997921,0.1588989677822959,0.2646982197134173,tta_tc,M-2022-5
57,stable,3525,0.9874964478545041,0.9858156028368794,0.9866553094832482,tta_tc,M-2022-5
58,,2323,0.9901583226358579,0.9961256995264743,0.9931330472103004,tta_tc,M-2022-5
59,stable,9791,0.9700140873415174,0.9845776733735063,0.9772416240052715,tta_tc,M-2022-5
60,,44901,0.9078411887185311,0.8545243981203091,0.8803762978259623,tta_tc,M-2022-5
61,,19248,0.6501728866102301,0.8499064837905237,0.7367425521853679,tta_tc,M-2022-5
62,stable,15902,0.9420326864147089,0.9279335932587096,0.934929987961731,tta_tc,M-2022-5
63,,12327,0.815169582640993,0.676563640788513,0.7394272541892012,tta_tc,M-2022-5
64,stable,1122,0.6463235294117647,0.7834224598930482,0.7082997582594682,tta_tc,M-2022-5
65,,3554,0.9118268215417107,0.971862689926843,0.9408880414056116,tta_tc,M-2022-5
66,final_collapsed;abrupt_collapsed,6479,0.8749595600129408,0.8348510572619231,0.8544348787615512,tta_tc,M-2022-5
67,,1581,0.4331172657631114,0.4648956356736243,0.448444173276388,tta_tc,M-2022-5
68,,8946,0.7722667792317434,0.8180192264699307,0.7944848550645967,tta_tc,M-2022-5
69,final_collapsed;abrupt_collapsed,857,0.8345864661654135,0.7771295215869312,0.804833836858006,tta_tc,M-2022-5
70,degraded_noncollapsed,2822,0.8087188612099644,0.6442239546420978,0.7171597633136094,tta_tc,M-2022-5
71,absorber,168702,0.8980177125232229,0.8853540562648932,0.8916409223192299,tta_tc,M-2022-5
72,,19739,0.8474108658743633,0.80915953189118,0.8278435742607614,tta_tc,M-2022-5
73,,31508,0.9301086533568799,0.9862257204519487,0.9573455335274274,tta_tc,M-2022-5
74,,10715,0.7489963869931754,0.6965002333177788,0.7217950577880942,tta_tc,M-2022-5
75,degraded_noncollapsed,30933,0.6615960737794525,0.9195357708595998,0.7695262830397965,tta_tc,M-2022-5
76,stable,12560,0.9413420103772755,0.8522292993630574,0.894571894195813,tta_tc,M-2022-5
77,,80105,0.8549255820347159,0.8540290868235441,0.8544770992843136,tta_tc,M-2022-5
78,,54812,0.9576708690284689,0.9340837772750492,0.9457302768901121,tta_tc,M-2022-5
79,,28257,0.8191030212047289,0.7723749867289521,0.7950530035335689,tta_tc,M-2022-5
80,degraded_noncollapsed,4284,0.5894763599389934,0.5413165266106442,0.5643708931613531,tta_tc,M-2022-5
81,,8178,0.9580444656944777,0.9800684764000979,0.968931334622824,tta_tc,M-2022-5
82,,82376,0.8879354247300876,0.8466300864329417,0.8667909520258513,tta_tc,M-2022-5
83,,28362,0.9557256755803288,0.9551865171708624,0.9554560203145941,tta_tc,M-2022-5
84,,2425,0.9162120031176929,0.9694845360824742,0.9420957723903025,tta_tc,M-2022-5
85,,2268,0.960741067490075,0.9603174603174603,0.960529217199559,tta_tc,M-2022-5
86,,26206,0.867114565837272,0.8470960848660612,0.8569884378558882,tta_tc,M-2022-5
87,,11488,0.8875338753387534,0.9692722841225627,0.9266039776982608,tta_tc,M-2022-5
88,,402,0.6010362694300518,0.5771144278606966,0.5888324873096447,tta_tc,M-2022-5
89,,891,0.8110497237569061,0.8237934904601572,0.8173719376391982,tta_tc,M-2022-5
90,,7170,0.9312903669094407,0.9451882845188284,0.9381878590710874,tta_tc,M-2022-5
91,,4660,0.8816809465524276,0.9274678111587983,0.9039949801296799,tta_tc,M-2022-5
92,,2704,0.9815178922532442,0.9230769230769231,0.9514008004574043,tta_tc,M-2022-5
93,,37502,0.8990033222591363,0.7937176683910191,0.8430861609924659,tta_tc,M-2022-5
94,stable,471,0.1909814323607427,0.4585987261146497,0.2696629213483146,tta_tc,M-2022-5
95,,50880,0.9897793354610068,0.9935338050314465,0.991653016586074,tta_tc,M-2022-5
96,absorber;degraded_noncollapsed,59656,0.8964892884039161,0.9378603996245138,0.9167083111457011,tta_tc,M-2022-5
97,,45943,0.9620162290338721,0.962518773262521,0.9622674355347622,tta_tc,M-2022-5
98,stable,64696,0.986923701174417,0.9962748856188945,0.9915772470289604,tta_tc,M-2022-5
99,stable,25387,0.9338451026887987,0.9152322054594871,0.9244449749343518,tta_tc,M-2022-5
100,,29408,0.9080553041415687,0.9893566376496191,0.9469641491318004,tta_tc,M-2022-5
101,degraded_noncollapsed,62663,0.9662082514734774,0.7063498396182756,0.8160924838439059,tta_tc,M-2022-5
102,,75510,0.9365965793386055,0.992822142762548,0.9638901210519887,tta_tc,M-2022-5
103,degraded_noncollapsed,2565,0.9026217228464419,0.9395711500974658,0.9207258834765998,tta_tc,M-2022-5
104,final_collapsed;gradual_collapsed,3090,0.5144312393887945,0.19611650485436893,0.2839737582005623,tta_tc,M-2022-5
105,absorber;degraded_noncollapsed,3665,0.7668494034182521,0.6488403819918145,0.702926396689329,tta_tc,M-2022-5
106,,4012,0.9695456814777833,0.9680957128614157,0.968820154652033,tta_tc,M-2022-5
107,stable,3512,0.8397001934235977,0.9888952164009112,0.9082112970711297,tta_tc,M-2022-5
108,,13707,0.9494811184779476,0.9611877143065587,0.9552985534568393,tta_tc,M-2022-5
109,final_collapsed;abrupt_collapsed,2229,0.9534776600644864,0.9286675639300135,0.9409090909090909,tta_tc,M-2022-5
110,,8623,0.8497072218607677,0.9087324597008002,0.8782291958531802,tta_tc,M-2022-5
111,degraded_noncollapsed,2530,0.5242518059855521,0.6023715415019762,0.5606032738642633,tta_tc,M-2022-5
112,degraded_noncollapsed,3140,0.8583201267828843,0.8624203821656051,0.8603653693407466,tta_tc,M-2022-5
113,stable,4677,0.9876174210076858,0.9890955740859525,0.988355944877684,tta_tc,M-2022-5
114,,3352,0.9672373081463991,0.9776252983293556,0.9724035608308605,tta_tc,M-2022-5
115,,28260,0.8529304400730076,0.7441259731068648,0.7948218841538316,tta_tc,M-2022-5
116,,3962,0.8186285459012732,0.9250378596668349,0.868586325394004,tta_tc,M-2022-5
117,,93359,0.8051931761164074,0.8250731048961536,0.8150119297651609,tta_tc,M-2022-5
118,degraded_noncollapsed,4083,0.8130997079682937,0.9546901787901053,0.8782246254365214,tta_tc,M-2022-5
119,stable,2954,0.9106185198426886,0.8622207176709547,0.8857589984350548,tta_tc,M-2022-5
120,,2933,0.8537974683544304,0.9198772587794067,0.885606433612342,tta_tc,M-2022-5
121,final_collapsed;gradual_collapsed,2473,0.9447561501942167,0.8851597250303276,0.9139874739039666,tta_tc,M-2022-5
122,,60842,0.876705544016616,0.9018934288813648,0.8891211355240132,tta_tc,M-2022-5
123,degraded_noncollapsed,4486,0.9505753138075314,0.8102987070887204,0.8748495788206979,tta_tc,M-2022-5
124,,33764,0.9189645300304373,0.9031512853927259,0.9109892900354012,tta_tc,M-2022-5
125,,4601,0.837448153268813,0.9215387959139317,0.8774834437086093,tta_tc,M-2022-5
126,,2052,0.8877159309021113,0.9015594541910331,0.8945841392649904,tta_tc,M-2022-5
127,,6176,0.8535162409334595,0.8764572538860104,0.8648346381211056,tta_tc,M-2022-5
128,stable,3079,0.8755690440060698,0.9369925300422215,0.9052400376529651,tta_tc,M-2022-5
129,degraded_noncollapsed,41384,0.9409317203395945,0.9453653585926928,0.943143328953871,tta_tc,M-2022-5
130,stable,7832,0.8839556004036327,0.8947906026557712,0.8893401015228426,tta_tc,M-2022-5
131,stable,39752,0.8774831398816351,0.9622912054739384,0.9179324742639119,tta_tc,M-2022-5
132,stable,19465,0.9594880079532745,0.7933213460056512,0.8685283613149976,tta_tc,M-2022-5
133,,56893,0.8568310781318201,0.9660942470954248,0.9081881345990201,tta_tc,M-2022-5
134,,12693,0.8968491848819358,0.9665169778618136,0.9303807068102533,tta_tc,M-2022-5
135,,3366,0.6992805755395683,0.7219251336898396,0.7104224528577693,tta_tc,M-2022-5
136,,23775,0.8282790277673263,0.9259305993690852,0.8743868289873493,tta_tc,M-2022-5
137,degraded_noncollapsed,3327,0.9448296653602652,0.9419897805831079,0.9434075857916917,tta_tc,M-2022-5
138,degraded_noncollapsed,44161,0.8874044487294264,0.875387785602681,0.8813551593634581,tta_tc,M-2022-5
139,degraded_noncollapsed,2667,0.6121751025991792,0.6711661042369704,0.6403147916294044,tta_tc,M-2022-5
140,,78108,0.8552043867187973,0.9045296256465407,0.8791757144368191,tta_tc,M-2022-5
141,,2325,0.6628131021194605,0.7397849462365591,0.6991869918699187,tta_tc,M-2022-5
142,,65536,0.8935631018753167,0.807037353515625,0.8480990330805125,tta_tc,M-2022-5
143,degraded_noncollapsed,4893,0.7094408799266728,0.6327406499080319,0.6688992114075835,tta_tc,M-2022-5
144,stable,4171,0.9781447304516756,0.9657156557180532,0.9718904572324768,tta_tc,M-2022-5
145,stable,2178,0.9867941712204007,0.9949494949494949,0.9908550525834476,tta_tc,M-2022-5
146,,5639,0.9495054659031754,0.9703848200035468,0.9598316084897387,tta_tc,M-2022-5
147,degraded_noncollapsed,2716,0.9538167938931298,0.9201030927835051,0.9366566716641679,tta_tc,M-2022-5
148,,7219,0.902604599612081,0.9024795678071755,0.9025420793793725,tta_tc,M-2022-5
149,,74404,0.8760159675413912,0.8995752916509865,0.8876393318701139,tta_tc,M-2022-5
150,degraded_noncollapsed,2214,0.8883272058823529,0.8730803974706414,0.8806378132118451,tta_tc,M-2022-5
151,,2500,0.814378554021121,0.802,0.8081418782748891,tta_tc,M-2022-5
152,degraded_noncollapsed,1141,0.9499553172475425,0.9316389132340053,0.9407079646017699,tta_tc,M-2022-5
153,,79655,0.8571102021174206,0.8943945766116377,0.875355552142528,tta_tc,M-2022-5
154,,2882,0.7343260188087775,0.6502428868841083,0.6897313213102687,tta_tc,M-2022-5
155,,10789,0.7655786350148368,0.765223839095375,0.7654011959393686,tta_tc,M-2022-5
156,absorber,34655,0.8425015112381161,0.8847785312364738,0.8631226336753508,tta_tc,M-2022-5
157,,2043,0.7335958005249343,0.8208516886930984,0.7747747747747747,tta_tc,M-2022-5
158,,14654,0.9331750576077089,0.9119694281424867,0.9224503882657463,tta_tc,M-2022-5
159,,2911,0.5,0.5145997938852628,0.5071948535635686,tta_tc,M-2022-5
160,,2122,0.7711738484398217,0.7337417530631479,0.7519922723979715,tta_tc,M-2022-5
161,,3235,0.9831029185867896,0.9891808346213292,0.9861325115562404,tta_tc,M-2022-5
162,,382,0.42857142857142855,0.6047120418848168,0.501628664495114,tta_tc,M-2022-5
163,final_collapsed;gradual_collapsed,2474,0.23786407766990292,0.07922392886014551,0.11885991510006064,tta_tc,M-2022-5
164,,3179,0.3902544823597455,0.8490091223655237,0.5347201584943041,tta_tc,M-2022-5
165,,5617,0.7522303959931131,0.8556168773366566,0.800599700149925,tta_tc,M-2022-5
166,degraded_noncollapsed,4223,0.6241384837313672,0.9220932986028889,0.7444083349264004,tta_tc,M-2022-5
167,degraded_noncollapsed,558,0.7395079594790159,0.9157706093189965,0.8182546036829463,tta_tc,M-2022-5
168,,5548,0.8137128072445019,0.7936193222782985,0.803540469020896,tta_tc,M-2022-5
169,,3467,0.9752755436401549,0.944332275742717,0.9595545134818289,tta_tc,M-2022-5
170,,3734,0.8648431214802896,0.8636850562399572,0.8642637009245612,tta_tc,M-2022-5
171,,7203,0.7402117291211561,0.611550742746078,0.6697582484415388,tta_tc,M-2022-5
172,,8392,0.8967112667250219,0.8545042897998093,0.8750991518701569,tta_tc,M-2022-5
173,degraded_noncollapsed,4748,0.992304104477612,0.8961668070766639,0.9417884019477645,tta_tc,M-2022-5
174,final_collapsed;abrupt_collapsed,4306,0.981414433985035,0.9442638179284719,0.9624807669546692,tta_tc,M-2022-5
175,,65299,0.774721826836249,0.775172667269024,0.7749471814813681,tta_tc,M-2022-5
176,degraded_noncollapsed,4048,0.7892510574769843,0.7835968379446641,0.7864137845543573,tta_tc,M-2022-5
177,,1648,0.9483372921615202,0.9690533980582524,0.9585834333733494,tta_tc,M-2022-5
0,,1356,0.9259536275243081,0.9129793510324484,0.9194207203861864,tta_tc,M-2022-6
1,,9294,0.9557763703865473,0.9417904024101571,0.948731844786473,tta_tc,M-2022-6
2,absorber,7505,0.7444256095970792,0.760692871419054,0.7524713325425069,tta_tc,M-2022-6
3,,1306,0.587308939323761,0.9709035222052067,0.7318903318903319,tta_tc,M-2022-6
4,,3168,0.9295522388059702,0.9829545454545454,0.9555078244860387,tta_tc,M-2022-6
5,absorber,1778,0.4638636988183567,0.9493813273340832,0.6232231862654606,tta_tc,M-2022-6
6,degraded_noncollapsed,2765,0.7180094786729858,0.32875226039783,0.45100471347060284,tta_tc,M-2022-6
7,,30,0.5,0.2,0.2857142857142857,tta_tc,M-2022-6
8,stable,1732,0.8735498839907193,0.8695150115473441,0.8715277777777778,tta_tc,M-2022-6
9,degraded_noncollapsed,1714,0.7733812949640287,0.6271878646441074,0.6926546391752577,tta_tc,M-2022-6
10,final_collapsed;gradual_collapsed,1895,0.7889518413597734,0.8817941952506596,0.8327934213805134,tta_tc,M-2022-6
11,degraded_noncollapsed,1542,0.645656779661017,0.7905317769130998,0.7107871720116619,tta_tc,M-2022-6
12,degraded_noncollapsed,3008,0.8616287094547964,0.8301196808510638,0.8455807653234,tta_tc,M-2022-6
13,absorber,1939,0.551473729175566,0.665807117070655,0.6032710280373832,tta_tc,M-2022-6
14,absorber;degraded_noncollapsed,8055,0.6550546448087432,0.47622594661700807,0.551506002444109,tta_tc,M-2022-6
15,stable,888,0.8938053097345132,0.7961711711711712,0.8421679571173317,tta_tc,M-2022-6
16,,1419,0.573268921095008,0.25088090204369273,0.34901960784313724,tta_tc,M-2022-6
17,,11760,0.8045009074410163,0.9423469387755102,0.8679851184648522,tta_tc,M-2022-6
18,,29195,0.9475908706677938,0.95992464463093,0.9537178832737792,tta_tc,M-2022-6
19,degraded_noncollapsed,19320,0.9099276791584484,0.9312629399585921,0.9204716956999974,tta_tc,M-2022-6
20,,1495,0.8252487562189055,0.8876254180602007,0.8553013213019658,tta_tc,M-2022-6
21,,2264,0.92,0.9854240282685512,0.9515888249093624,tta_tc,M-2022-6
22,,721,0.7496886674968867,0.8349514563106796,0.7900262467191601,tta_tc,M-2022-6
23,,13374,0.9540280531688331,0.9713623448482129,0.9626171686858582,tta_tc,M-2022-6
24,degraded_noncollapsed,7355,0.9555645053027252,0.9677770224337185,0.9616319913536882,tta_tc,M-2022-6
25,,55471,0.9181036746555558,0.945412918461899,0.931558192411539,tta_tc,M-2022-6
26,final_collapsed;abrupt_collapsed,3110,0.8337822239322816,0.6967845659163987,0.7591522157996147,tta_tc,M-2022-6
27,,8737,0.940744920993228,0.953988783335241,0.9473205660055691,tta_tc,M-2022-6
28,degraded_noncollapsed,17369,0.9075495394920458,0.7488629166906557,0.8206050282325479,tta_tc,M-2022-6
29,,28799,0.8626666666666667,0.8312441404215424,0.8466639551539373,tta_tc,M-2022-6
30,,8050,0.9914179104477612,0.9901863354037267,0.9908017402113114,tta_tc,M-2022-6
31,,9340,0.9798621580874435,0.9741970021413277,0.9770213679802426,tta_tc,M-2022-6
32,degraded_noncollapsed,2999,0.6848453067645517,0.43547849283094364,0.5324092947411333,tta_tc,M-2022-6
33,,159,0.4722222222222222,0.4276729559748428,0.44884488448844884,tta_tc,M-2022-6
34,degraded_noncollapsed,761,0.9585492227979274,0.9724047306176085,0.9654272667971298,tta_tc,M-2022-6
35,,3117,0.9845045045045046,0.876483798524222,0.9273591310251188,tta_tc,M-2022-6
36,degraded_noncollapsed,673,0.8958333333333334,0.7667161961367014,0.8262610088070457,tta_tc,M-2022-6
37,,912,0.9670079635949943,0.9320175438596491,0.9491903964265773,tta_tc,M-2022-6
38,final_collapsed;abrupt_collapsed,91,0.5688073394495413,0.6813186813186813,0.62,tta_tc,M-2022-6
39,,8494,0.9623904576436222,0.9308923946315046,0.9463794135248355,tta_tc,M-2022-6
40,degraded_noncollapsed,1496,0.9092105263157895,0.9237967914438503,0.916445623342175,tta_tc,M-2022-6
41,,2296,0.854046881910659,0.8410278745644599,0.8474873820495941,tta_tc,M-2022-6
42,degraded_noncollapsed,801,0.6951530612244898,0.6803995006242197,0.6876971608832808,tta_tc,M-2022-6
43,,1363,0.8192397207137315,0.7747615553925165,0.7963800904977375,tta_tc,M-2022-6
44,stable,3176,0.9817541613316261,0.9656801007556675,0.9736507936507937,tta_tc,M-2022-6
45,absorber,2692,0.9313358302122348,0.8313521545319466,0.8785083415112855,tta_tc,M-2022-6
46,absorber,6856,0.6431851135814403,0.7764002333722287,0.703542162305049,tta_tc,M-2022-6
47,final_collapsed;gradual_collapsed,3041,0.9914389199868291,0.9901348240710293,0.9907864429088517,tta_tc,M-2022-6
48,final_collapsed;abrupt_collapsed,4200,0.9921782412894051,0.9966666666666667,0.9944173892386269,tta_tc,M-2022-6
49,,31293,0.9275089871706078,0.8986993896398555,0.9128769435517902,tta_tc,M-2022-6
50,degraded_noncollapsed,1548,0.43602693602693604,0.33462532299741604,0.3786549707602339,tta_tc,M-2022-6
51,,19779,0.9213106676521311,0.9453460741190152,0.9331736287867445,tta_tc,M-2022-6
52,,1768,0.8610792192881745,0.8484162895927602,0.8547008547008547,tta_tc,M-2022-6
53,,8195,0.9308834266244829,0.9334960341671751,0.9321878998354962,tta_tc,M-2022-6
54,degraded_noncollapsed,6852,0.7618030335398419,0.5204319906596614,0.6183993757045001,tta_tc,M-2022-6
55,degraded_noncollapsed,8613,0.9807670291929022,0.9946592360385463,0.9876642840673276,tta_tc,M-2022-6
56,final_collapsed;abrupt_collapsed,7619,0.3088480801335559,0.024281401758760993,0.045023119980530546,tta_tc,M-2022-6
57,stable,3297,0.9900151285930409,0.9924173491052471,0.99121478339897,tta_tc,M-2022-6
58,,2249,0.9924845269672856,0.9982214317474433,0.9953447129239636,tta_tc,M-2022-6
59,stable,9004,0.9831051236749117,0.9887827632163483,0.9859357696566999,tta_tc,M-2022-6
60,,24221,0.8292422625400213,0.9303084100573882,0.8768727867066195,tta_tc,M-2022-6
61,,13653,0.5883652836859842,0.7800483410239508,0.6707816338099137,tta_tc,M-2022-6
62,stable,11912,0.9273845131272848,0.937038280725319,0.9321864038750627,tta_tc,M-2022-6
63,,10717,0.7321744254566883,0.6956237753102548,0.7134312646538112,tta_tc,M-2022-6
64,stable,2776,0.8538812785388128,0.8757204610951008,0.8646629912857905,tta_tc,M-2022-6
65,,3266,0.9083034647550776,0.9311083894672382,0.9195645600241911,tta_tc,M-2022-6
66,final_collapsed;abrupt_collapsed,5429,0.9166863346707577,0.7154172039049549,0.8036416304572729,tta_tc,M-2022-6
67,,2236,0.5097402597402597,0.4915026833631485,0.5004553734061931,tta_tc,M-2022-6
68,,4534,0.6230588235294118,0.8760476400529333,0.7282060683839032,tta_tc,M-2022-6
69,final_collapsed;abrupt_collapsed,821,0.7101648351648352,0.6297198538367844,0.6675274370561652,tta_tc,M-2022-6
70,degraded_noncollapsed,2230,0.7691453940066593,0.62152466367713,0.6875,tta_tc,M-2022-6
71,absorber,139240,0.9005858321697953,0.8755099109451308,0.8878708535595022,tta_tc,M-2022-6
72,,16647,0.8548593350383632,0.8031477143028773,0.8281971071948462,tta_tc,M-2022-6
73,,26806,0.9574760441149882,0.9878012385286876,0.9724022695139641,tta_tc,M-2022-6
74,,5766,0.7611135088476478,0.611689212625737,0.6782692307692307,tta_tc,M-2022-6
75,degraded_noncollapsed,25572,0.5141212015062615,0.9183090880650712,0.6591904334156748,tta_tc,M-2022-6
76,stable,9751,0.9253308128544423,0.8031996718285304,0.8599505901729344,tta_tc,M-2022-6
77,,70171,0.8582169251142723,0.8589018255404655,0.8585592387355945,tta_tc,M-2022-6
78,,48968,0.964367986136061,0.9318534553177585,0.9478319572103651,tta_tc,M-2022-6
79,,21424,0.8733875878868405,0.736370425690814,0.7990477878795553,tta_tc,M-2022-6
80,degraded_noncollapsed,3042,0.584983498349835,0.46614069690992765,0.5188437614343212,tta_tc,M-2022-6
81,,6838,0.9524012503552145,0.980257385200351,0.9661285673104641,tta_tc,M-2022-6
82,,67896,0.8760263728213424,0.84539589961117,0.8604386214753631,tta_tc,M-2022-6
83,,24048,0.9431207709657576,0.9563373253493014,0.9496830673301262,tta_tc,M-2022-6
84,,1686,0.857293868921776,0.9620403321470937,0.9066517607602013,tta_tc,M-2022-6
85,,2336,0.9611650485436893,0.9747431506849316,0.9679064824654623,tta_tc,M-2022-6
86,,22524,0.8338490250969992,0.7537737524418399,0.7917920018654542,tta_tc,M-2022-6
87,,11076,0.964718653880948,0.9628024557602023,0.9637596023497514,tta_tc,M-2022-6
88,,337,0.4457274826789838,0.5727002967359051,0.5012987012987012,tta_tc,M-2022-6
89,,843,0.8540609137055838,0.7983392645314353,0.8252605763335377,tta_tc,M-2022-6
90,,5608,0.8974574844249874,0.9504279600570613,0.9231835108686239,tta_tc,M-2022-6
91,,4241,0.8781578359043147,0.9261966517330819,0.9015377553362406,tta_tc,M-2022-6
92,,808,0.9027962716378163,0.8391089108910891,0.8697883258499037,tta_tc,M-2022-6
93,,32986,0.9016991176256107,0.7497119990298915,0.8187115142686884,tta_tc,M-2022-6
94,stable,183,0.022187004754358162,0.3825136612021858,0.041941282204913125,tta_tc,M-2022-6
95,,56638,0.9898551234264013,0.9940146191602811,0.9919305107740014,tta_tc,M-2022-6
96,absorber;degraded_noncollapsed,51492,0.8763353655126126,0.9128408296434397,0.89421567788146,tta_tc,M-2022-6
97,,41985,0.9401965683824755,0.9410027390734786,0.9405994809894531,tta_tc,M-2022-6
98,stable,61001,0.989314220557094,0.9956230225734004,0.9924585958117835,tta_tc,M-2022-6
99,stable,23763,0.9482781083076388,0.9189075453436014,0.9333618294507373,tta_tc,M-2022-6
100,,15577,0.887984294705237,0.9872889516594979,0.9350072957198443,tta_tc,M-2022-6
101,degraded_noncollapsed,55443,0.9140477092010602,0.2177010623523258,0.35164899195897914,tta_tc,M-2022-6
102,,70466,0.814539316687038,0.9930037181051855,0.8949613419368041,tta_tc,M-2022-6
103,degraded_noncollapsed,2444,0.8844106463878327,0.9517184942716858,0.9168309026409145,tta_tc,M-2022-6
104,final_collapsed;gradual_collapsed,1990,0.4557522123893805,0.31055276381909547,0.36939629408248653,tta_tc,M-2022-6
105,absorber;degraded_noncollapsed,1700,0.5890698896479243,0.6594117647058824,0.6222592284207604,tta_tc,M-2022-6
106,,2934,0.9624365482233502,0.9693251533742331,0.9658685685175752,tta_tc,M-2022-6
107,stable,2722,0.8739441195581547,0.988243938280676,0.9275862068965517,tta_tc,M-2022-6
108,,11821,0.9349272861720483,0.9626089163353354,0.9485661887295765,tta_tc,M-2022-6
109,final_collapsed;abrupt_collapsed,1903,0.9379600420609885,0.9374671571203363,0.9377135348226019,tta_tc,M-2022-6
110,,7677,0.8279058711671025,0.9073856975381008,0.8658256168044248,tta_tc,M-2022-6
111,degraded_noncollapsed,2787,0.7233620119126406,0.39217796914244707,0.5086086551884598,tta_tc,M-2022-6
112,degraded_noncollapsed,3386,0.7275091003640146,0.826343768458358,0.7737831858407079,tta_tc,M-2022-6
113,stable,3285,0.9926289926289926,0.9838660578386605,0.9882280996789482,tta_tc,M-2022-6
114,,2637,0.5876798561151079,0.9912779673871824,0.7378969654199012,tta_tc,M-2022-6
115,,17247,0.8411379352177605,0.8040238882124427,0.822162274330774,tta_tc,M-2022-6
116,,3557,0.8606206527554842,0.9044138318807984,0.8819739547635367,tta_tc,M-2022-6
117,,74656,0.6915132060595821,0.8223853407629661,0.7512925153419276,tta_tc,M-2022-6
118,degraded_noncollapsed,3545,0.7778568041725936,0.9255289139633286,0.845291768646142,tta_tc,M-2022-6
119,stable,2051,0.8893325727324587,0.7601170160897124,0.8196635120925342,tta_tc,M-2022-6
120,,2075,0.8146067415730337,0.8385542168674699,0.8264070292092139,tta_tc,M-2022-6
121,final_collapsed;gradual_collapsed,1807,0.9293739967897271,0.6408411732152739,0.7585981002292826,tta_tc,M-2022-6
122,,55611,0.8972518914107699,0.8700976425527324,0.8834661627365595,tta_tc,M-2022-6
123,degraded_noncollapsed,2588,0.9154302670623146,0.7152241112828439,0.8030368763557484,tta_tc,M-2022-6
124,,31855,0.9274288440133567,0.9154920734578559,0.9214218009478673,tta_tc,M-2022-6
125,,4050,0.7630718954248366,0.9224691358024691,0.8352336239660183,tta_tc,M-2022-6
126,,1935,0.9091874668082847,0.8847545219638243,0.8968046097433211,tta_tc,M-2022-6
127,,6177,0.9097430764097431,0.8827909988667638,0.8960644154136883,tta_tc,M-2022-6
128,stable,3281,0.9355462455688044,0.8847912221883573,0.9094611528822055,tta_tc,M-2022-6
129,degraded_noncollapsed,31159,0.9242492155983864,0.9264738919734267,0.9253602166909749,tta_tc,M-2022-6
130,stable,6776,0.8558342728297632,0.8962514757969303,0.8755767012687428,tta_tc,M-2022-6
131,stable,37618,0.8943603107483529,0.9670636397469297,0.9292921552098501,tta_tc,M-2022-6
132,stable,16527,0.9524468747836922,0.8325769952199431,0.8884871182281914,tta_tc,M-2022-6
133,,49248,0.8390270326943575,0.9749634502923976,0.9019018548955153,tta_tc,M-2022-6
134,,9015,0.9127392467585923,0.9839156960621187,0.9469919393583516,tta_tc,M-2022-6
135,,3059,0.7278048780487805,0.7316116377901275,0.729703293120313,tta_tc,M-2022-6
136,,21531,0.8522251644315367,0.9267567693093679,0.887929691845589,tta_tc,M-2022-6
137,degraded_noncollapsed,1475,0.8208955223880597,0.6711864406779661,0.7385303991048117,tta_tc,M-2022-6
138,degraded_noncollapsed,40153,0.9055539820274481,0.8758747789704381,0.8904671477402203,tta_tc,M-2022-6
139,degraded_noncollapsed,1145,0.2698268003646308,0.25851528384279476,0.264049955396967,tta_tc,M-2022-6
140,,66733,0.896506303706956,0.8567275560816987,0.8761656641507988,tta_tc,M-2022-6
141,,2210,0.654639175257732,0.5171945701357467,0.5778564206268959,tta_tc,M-2022-6
142,,50300,0.86653676502077,0.8045526838966203,0.8343951671099565,tta_tc,M-2022-6
143,degraded_noncollapsed,4291,0.7430946634486457,0.6457702167326963,0.6910224438902743,tta_tc,M-2022-6
144,stable,3621,0.973404255319149,0.9602319801159901,0.9667732517725567,tta_tc,M-2022-6
145,stable,1317,0.9922839506172839,0.976461655277145,0.9843092231151933,tta_tc,M-2022-6
146,,6106,0.9571934341808819,0.9741238126433017,0.9655844155844155,tta_tc,M-2022-6
147,degraded_noncollapsed,13,0.07291666666666667,0.5384615384615384,0.12844036697247707,tta_tc,M-2022-6
148,,6482,0.9350799143186687,0.8755013884603517,0.9043104135128675,tta_tc,M-2022-6
149,,53747,0.8400872647941097,0.8597503116453011,0.8498050610563483,tta_tc,M-2022-6
150,degraded_noncollapsed,2103,0.888457269700333,0.7612933903946743,0.8199743918053777,tta_tc,M-2022-6
151,,2108,0.7658730158730159,0.8240037950664136,0.7938756855575868,tta_tc,M-2022-6
152,degraded_noncollapsed,800,0.9470443349753694,0.96125,0.9540942928039702,tta_tc,M-2022-6
153,,69891,0.8735413261317604,0.8793406876421856,0.8764314133736435,tta_tc,M-2022-6
154,,2048,0.7038486627527724,0.52685546875,0.6026249650935492,tta_tc,M-2022-6
155,,7616,0.7107309486780715,0.720063025210084,0.7153665536133577,tta_tc,M-2022-6
156,absorber,29900,0.8426392740105874,0.89438127090301,0.8677396326821987,tta_tc,M-2022-6
157,,1384,0.6664592408214064,0.7738439306358381,0.7161484453360081,tta_tc,M-2022-6
158,,14360,0.9376805314846909,0.9042479108635098,0.9206608054452637,tta_tc,M-2022-6
159,,2481,0.6375482625482626,0.5324465941152761,0.5802767406105864,tta_tc,M-2022-6
160,,2171,0.7808704453441295,0.710732381391064,0.7441523993248131,tta_tc,M-2022-6
161,,2306,0.9911465250110668,0.9709453599306158,0.9809419496166484,tta_tc,M-2022-6
162,,288,0.4238875878220141,0.6284722222222222,0.5062937062937063,tta_tc,M-2022-6
163,final_collapsed;gradual_collapsed,2085,0.3311367380560132,0.09640287769784173,0.14933135215453194,tta_tc,M-2022-6
164,,2477,0.31473979432845123,0.8155026241421074,0.4541877459246768,tta_tc,M-2022-6
165,,5569,0.780961791831357,0.8514993715209194,0.8147066403229963,tta_tc,M-2022-6
166,degraded_noncollapsed,2330,0.781897491821156,0.9231759656652361,0.8466837236764416,tta_tc,M-2022-6
167,degraded_noncollapsed,330,0.3880070546737213,0.6666666666666666,0.49052396878483834,tta_tc,M-2022-6
168,,5028,0.8122341502937006,0.7975338106603023,0.8048168590065228,tta_tc,M-2022-6
169,,3068,0.9815131804176652,0.9344850065189049,0.9574219402237435,tta_tc,M-2022-6
170,,2611,0.7622222222222222,0.7882037533512064,0.7749952927885521,tta_tc,M-2022-6
171,,5620,0.7436916352076296,0.6660142348754449,0.7027128508401389,tta_tc,M-2022-6
172,,6732,0.8455614673760852,0.8970588235294118,0.8705492287732449,tta_tc,M-2022-6
173,degraded_noncollapsed,3237,0.9917533166009322,0.8544949026876738,0.9180219050779953,tta_tc,M-2022-6
174,final_collapsed;abrupt_collapsed,3149,0.9849108367626886,0.912035566846618,0.947073371805441,tta_tc,M-2022-6
175,,44968,0.7334471832434879,0.7927192670343355,0.7619322432403548,tta_tc,M-2022-6
176,degraded_noncollapsed,2820,0.6358381502890174,0.7801418439716312,0.7006369426751592,tta_tc,M-2022-6
177,,1722,0.937748344370861,0.8222996515679443,0.8762376237623762,tta_tc,M-2022-6
0,,627,0.9008130081300812,0.8835725677830941,0.8921095008051529,tta_tc,M-2022-7
1,,5041,0.9296543359611886,0.9123189843285062,0.920905086103324,tta_tc,M-2022-7
2,absorber,4913,0.6535812672176309,0.7726440056991655,0.7081428971178062,tta_tc,M-2022-7
3,,814,0.4919852034525277,0.9803439803439803,0.6551724137931034,tta_tc,M-2022-7
4,,1306,0.8780658724597057,0.9594180704441041,0.9169410903768752,tta_tc,M-2022-7
5,absorber,949,0.44851380042462846,0.8904109589041096,0.5965407695022944,tta_tc,M-2022-7
6,degraded_noncollapsed,1455,0.17583239805462028,0.3230240549828179,0.22771317829457363,tta_tc,M-2022-7
7,,13,0.625,0.38461538461538464,0.47619047619047616,tta_tc,M-2022-7
8,stable,1238,0.8696629213483146,0.9378029079159935,0.9024485036921881,tta_tc,M-2022-7
9,degraded_noncollapsed,1255,0.7940119760479042,0.5282868525896415,0.6344497607655503,tta_tc,M-2022-7
10,final_collapsed;gradual_collapsed,1346,0.8452639190166306,0.8684992570579495,0.8567240747526567,tta_tc,M-2022-7
11,degraded_noncollapsed,1290,0.6765358993338267,0.7085271317829457,0.6921620598258236,tta_tc,M-2022-7
12,degraded_noncollapsed,1813,0.8389189189189189,0.8560397131825703,0.8473928473928474,tta_tc,M-2022-7
13,absorber,1115,0.49038461538461536,0.5946188340807175,0.5374949331171464,tta_tc,M-2022-7
14,absorber;degraded_noncollapsed,4897,0.28148724936733505,0.2952828262201348,0.28822005182379906,tta_tc,M-2022-7
15,stable,538,0.8480769230769231,0.8197026022304833,0.833648393194707,tta_tc,M-2022-7
16,,949,0.3323442136498516,0.11801896733403583,0.17418351477449456,tta_tc,M-2022-7
17,,9274,0.8398539384454877,0.8680181151606642,0.8537038018982979,tta_tc,M-2022-7
18,,12401,0.8619040718736415,0.9592774776227724,0.9079876350036256,tta_tc,M-2022-7
19,degraded_noncollapsed,9918,0.8997655334114889,0.9286146400483969,0.9139624888359631,tta_tc,M-2022-7
20,,1273,0.8793103448275862,0.8813825608798115,0.8803452334248725,tta_tc,M-2022-7
21,,1255,0.9414893617021277,0.9872509960159362,0.9638273045507585,tta_tc,M-2022-7
22,,449,0.782608695652174,0.8418708240534521,0.8111587982832618,tta_tc,M-2022-7
23,,5629,0.9191833980091109,0.9678450879374667,0.9428868120456906,tta_tc,M-2022-7
24,degraded_noncollapsed,4214,0.9643196955280685,0.96203132415757,0.9631741506296032,tta_tc,M-2022-7
25,,35008,0.9039872056471626,0.9364716636197441,0.9199427561242529,tta_tc,M-2022-7
26,final_collapsed;abrupt_collapsed,952,0.6414565826330533,0.7216386554621849,0.6791893227879388,tta_tc,M-2022-7
27,,15113,0.9649705571493281,0.8457619268179712,0.9014422229274657,tta_tc,M-2022-7
28,degraded_noncollapsed,10579,0.8306310254163015,0.716702901975612,0.7694727761709037,tta_tc,M-2022-7
29,,19817,0.844087608477478,0.7215017409295049,0.7779954293176624,tta_tc,M-2022-7
30,,5745,0.9954201162585873,0.9836379460400348,0.9894939590264402,tta_tc,M-2022-7
31,,5940,0.9770403888050947,0.9814814814814815,0.9792558998908205,tta_tc,M-2022-7
32,degraded_noncollapsed,2014,0.6146540027137042,0.44985104270109233,0.5194954128440367,tta_tc,M-2022-7
33,,273,0.6470588235294118,0.5641025641025641,0.6027397260273972,tta_tc,M-2022-7
34,degraded_noncollapsed,802,0.8946107784431138,0.9314214463840399,0.9126450824679292,tta_tc,M-2022-7
35,,3174,0.9853917662682603,0.9350976685570258,0.9595861623019722,tta_tc,M-2022-7
36,degraded_noncollapsed,1292,0.9453061224489796,0.8962848297213623,0.9201430274135876,tta_tc,M-2022-7
37,,939,0.9795918367346939,0.9201277955271565,0.9489291598023064,tta_tc,M-2022-7
38,final_collapsed;abrupt_collapsed,102,0.7758620689655172,0.4411764705882353,0.5625,tta_tc,M-2022-7
39,,5963,0.9515410653839301,0.8956900888814355,0.9227712508638563,tta_tc,M-2022-7
40,degraded_noncollapsed,1205,0.9585211902614968,0.8821576763485477,0.9187554019014693,tta_tc,M-2022-7
41,,1992,0.7762906309751434,0.6114457831325302,0.6840775063184499,tta_tc,M-2022-7
42,degraded_noncollapsed,630,0.32451499118165783,0.2920634920634921,0.30743525480367584,tta_tc,M-2022-7
43,,1330,0.7368045649072753,0.7766917293233083,0.7562225475841874,tta_tc,M-2022-7
44,stable,1904,0.9673055242390078,0.9012605042016807,0.933115823817292,tta_tc,M-2022-7
45,absorber,1928,0.8853046594982079,0.7686721991701245,0.8228761799000556,tta_tc,M-2022-7
46,absorber,4182,0.6574135272086362,0.713534194165471,0.6843251920651301,tta_tc,M-2022-7
47,final_collapsed;gradual_collapsed,384,0.9603174603174603,0.9453125,0.952755905511811,tta_tc,M-2022-7
48,final_collapsed;abrupt_collapsed,4498,0.9474835886214442,0.09626500666963095,0.17477295660948536,tta_tc,M-2022-7
49,,13761,0.8520200977355633,0.8995712520892377,0.8751502297631671,tta_tc,M-2022-7
50,degraded_noncollapsed,2568,0.6687898089171974,0.286214953271028,0.4008726479410963,tta_tc,M-2022-7
51,,15397,0.8516072980017376,0.9549262843411054,0.9003122895107465,tta_tc,M-2022-7
52,,1010,0.8274173806609547,0.6693069306930693,0.7400109469074986,tta_tc,M-2022-7
53,,4517,0.8646050982030924,0.9160947531547488,0.8896055036009889,tta_tc,M-2022-7
54,degraded_noncollapsed,3357,0.685981308411215,0.32797140303842715,0.4437726723095526,tta_tc,M-2022-7
55,degraded_noncollapsed,5627,0.9799196787148594,0.997334281144482,0.9885502906464682,tta_tc,M-2022-7
56,final_collapsed;abrupt_collapsed,8114,0.9726668308298448,0.4868129159477446,0.648870636550308,tta_tc,M-2022-7
57,stable,2449,0.9958864664747018,0.9885667619436505,0.9922131147540983,tta_tc,M-2022-7
58,,1749,0.9982847341337907,0.9982847341337907,0.9982847341337907,tta_tc,M-2022-7
59,stable,5381,0.9627965492451473,0.9955398624790931,0.978894472361809,tta_tc,M-2022-7
60,,21024,0.8987003058103975,0.8945966514459666,0.8966437833714722,tta_tc,M-2022-7
61,,12195,0.5938651636678951,0.8985649856498565,0.7151107775638725,tta_tc,M-2022-7
62,stable,8933,0.9090140547395118,0.9629463785962162,0.9352033050663188,tta_tc,M-2022-7
63,,8561,0.7967703820401733,0.7089125102207686,0.7502781555198418,tta_tc,M-2022-7
64,stable,16,0.0032679738562091504,0.0625,0.006211180124223602,tta_tc,M-2022-7
65,,2044,0.895198760970573,0.8483365949119374,0.8711379050489827,tta_tc,M-2022-7
66,final_collapsed;abrupt_collapsed,2587,0.8988596926127913,0.7008117510630073,0.7875760208514335,tta_tc,M-2022-7
67,,1175,0.34065244667503136,0.4621276595744681,0.39219934994582883,tta_tc,M-2022-7
68,,3493,0.5760912308297287,0.8388204981391354,0.6830632940902203,tta_tc,M-2022-7
69,final_collapsed;abrupt_collapsed,605,0.7066167290886392,0.9355371900826446,0.8051209103840683,tta_tc,M-2022-7
70,degraded_noncollapsed,1078,0.6985698569856986,0.5890538033395176,0.6391545042778057,tta_tc,M-2022-7
71,absorber,78156,0.8712718901161437,0.8619299861814832,0.86657576186372,tta_tc,M-2022-7
72,,7931,0.7591952604295236,0.7755642415836591,0.7672924593026882,tta_tc,M-2022-7
73,,15014,0.9645523599298838,0.9895430931130944,0.9768879245158957,tta_tc,M-2022-7
74,,3474,0.7257597684515196,0.5774323546344272,0.643154857326066,tta_tc,M-2022-7
75,degraded_noncollapsed,16084,0.6317483341643625,0.8665133051479731,0.7307379735220868,tta_tc,M-2022-7
76,stable,5019,0.8971202462079578,0.8131101813110181,0.8530518394648829,tta_tc,M-2022-7
77,,35082,0.8780631006458391,0.8099595234023146,0.8426374864700562,tta_tc,M-2022-7
78,,31608,0.9657179818887451,0.9446975449253353,0.9550921187308086,tta_tc,M-2022-7
79,,10765,0.6906125009803152,0.8180213655364608,0.7489368940295968,tta_tc,M-2022-7
80,degraded_noncollapsed,2151,0.584491587417703,0.3714551371455137,0.4542353610005685,tta_tc,M-2022-7
81,,3251,0.9537624660018132,0.9707782220855121,0.9621951219512195,tta_tc,M-2022-7
82,,38594,0.8417459985354117,0.8339379178110587,0.8378237667577769,tta_tc,M-2022-7
83,,21074,0.9308137905260208,0.9454778399924078,0.9380885122410546,tta_tc,M-2022-7
84,,1135,0.9422259983007647,0.9770925110132158,0.9593425605536332,tta_tc,M-2022-7
85,,1437,0.9617486338797814,0.9798190675017397,0.9706997587038952,tta_tc,M-2022-7
86,,16760,0.8307542933430426,0.8168257756563246,0.8237311591804808,tta_tc,M-2022-7
87,,9083,0.971201588877855,0.969063084883849,0.9701311583820126,tta_tc,M-2022-7
88,,239,0.3120567375886525,0.5523012552301255,0.3987915407854985,tta_tc,M-2022-7
89,,552,0.8975409836065574,0.7934782608695652,0.8423076923076923,tta_tc,M-2022-7
90,,3605,0.8444609297725024,0.9472954230235784,0.8929271800235324,tta_tc,M-2022-7
91,,2609,0.836426116838488,0.9329244921425833,0.8820438485232832,tta_tc,M-2022-7
92,,804,0.9471544715447154,0.8694029850746269,0.9066147859922179,tta_tc,M-2022-7
93,,24700,0.8902494537509105,0.7917813765182187,0.8381331961943944,tta_tc,M-2022-7
94,stable,123,0.017128279883381923,0.3821138211382114,0.03278688524590164,tta_tc,M-2022-7
95,,53160,0.9924698795180723,0.9917231000752446,0.9920963492660896,tta_tc,M-2022-7
96,absorber;degraded_noncollapsed,37892,0.9208253358925144,0.8609469017206798,0.8898799781778505,tta_tc,M-2022-7
97,,30023,0.9320581202869229,0.8439529693901342,0.8858201650118864,tta_tc,M-2022-7
98,stable,48679,0.9944954505309426,0.9946588878161013,0.9945771624591747,tta_tc,M-2022-7
99,stable,18048,0.971053517334231,0.9591090425531915,0.965044321792942,tta_tc,M-2022-7
100,,10947,0.8573228346456693,0.9946103955421577,0.9208779126316234,tta_tc,M-2022-7
101,degraded_noncollapsed,44889,0.9569303694017652,0.26084341375392633,0.4099431072210066,tta_tc,M-2022-7
102,,41479,0.7853503669062013,0.9959497577087201,0.8782006993973278,tta_tc,M-2022-7
103,degraded_noncollapsed,1231,0.6192758253461129,0.9447603574329814,0.7481505307172724,tta_tc,M-2022-7
104,final_collapsed;gradual_collapsed,1719,0.38154269972451793,0.16114019778941244,0.2265848670756646,tta_tc,M-2022-7
105,absorber;degraded_noncollapsed,1105,0.3727076591154261,0.6253393665158371,0.46704967894558974,tta_tc,M-2022-7
106,,2288,0.9368770764119602,0.986013986013986,0.9608177172061328,tta_tc,M-2022-7
107,stable,2160,0.8704536166734778,0.9861111111111112,0.9246798350336445,tta_tc,M-2022-7
108,,7204,0.9389909514669591,0.9507218212104387,0.9448199751689889,tta_tc,M-2022-7
109,final_collapsed;abrupt_collapsed,1236,0.9413680781758957,0.9352750809061489,0.9383116883116883,tta_tc,M-2022-7
110,,6102,0.8828967642526965,0.8451327433628318,0.8636021100226073,tta_tc,M-2022-7
111,degraded_noncollapsed,1330,0.6141304347826086,0.424812030075188,0.5022222222222222,tta_tc,M-2022-7
112,degraded_noncollapsed,1780,0.7274774774774775,0.7258426966292135,0.7266591676040495,tta_tc,M-2022-7
113,stable,2014,0.9930139720558883,0.9880834160873883,0.9905425584868094,tta_tc,M-2022-7
114,,1939,0.739247311827957,0.9927797833935018,0.847457627118644,tta_tc,M-2022-7
115,,13745,0.8534372057186884,0.7252819206984358,0.7841579485565956,tta_tc,M-2022-7
116,,3519,0.9203125,0.8368854788292128,0.8766185444262539,tta_tc,M-2022-7
117,,45039,0.6081410201822363,0.7928017940007549,0.6883011739306436,tta_tc,M-2022-7
118,degraded_noncollapsed,1354,0.7888616891064871,0.9519940915805022,0.8627844712182061,tta_tc,M-2022-7
119,stable,1430,0.9210332103321033,0.8727272727272727,0.896229802513465,tta_tc,M-2022-7
120,,1510,0.8796052631578948,0.885430463576159,0.8825082508250826,tta_tc,M-2022-7
121,final_collapsed;gradual_collapsed,7,0.0,0.0,0.0,tta_tc,M-2022-7
122,,41710,0.9042106057936727,0.8613521937185328,0.8822612133639478,tta_tc,M-2022-7
123,degraded_noncollapsed,1121,0.7966101694915254,0.8385370205173952,0.8170360712733594,tta_tc,M-2022-7
124,,20257,0.9095702188848058,0.843115959915091,0.875083260747041,tta_tc,M-2022-7
125,,2871,0.6706238949229604,0.9247648902821317,0.7774524158125915,tta_tc,M-2022-7
126,,1107,0.9122287968441815,0.8355916892502259,0.8722300801508722,tta_tc,M-2022-7
127,,2163,0.8327710843373494,0.7988904299583911,0.8154789995280792,tta_tc,M-2022-7
128,stable,2154,0.6986486486486486,0.9600742804085423,0.8087602659366445,tta_tc,M-2022-7
129,degraded_noncollapsed,19427,0.890765821226299,0.9310238328100067,0.9104500151011778,tta_tc,M-2022-7
130,stable,4594,0.8303626306084819,0.8822377013495865,0.8555145118733509,tta_tc,M-2022-7
131,stable,26165,0.9150492468134415,0.9657939996178101,0.9397370818690616,tta_tc,M-2022-7
132,stable,10712,0.9377123442808607,0.8502613890963405,0.8918482252141983,tta_tc,M-2022-7
133,,36135,0.8389406383946745,0.969558599695586,0.8995327102803738,tta_tc,M-2022-7
134,,6337,0.9267177823650841,0.9917942243964021,0.9581522981934598,tta_tc,M-2022-7
135,,1882,0.6295681063122923,0.8055260361317748,0.7067599067599067,tta_tc,M-2022-7
136,,14759,0.8719205298013245,0.8920658581204689,0.8818781606885696,tta_tc,M-2022-7
137,degraded_noncollapsed,1585,0.8955739972337483,0.8170347003154574,0.8545034642032333,tta_tc,M-2022-7
138,degraded_noncollapsed,28132,0.9048204519438674,0.7586378501350775,0.8253059803940525,tta_tc,M-2022-7
139,degraded_noncollapsed,1011,0.3617021276595745,0.2354104846686449,0.2852007189934092,tta_tc,M-2022-7
140,,13811,0.7361111111111112,0.7943668090652378,0.7641302455162807,tta_tc,M-2022-7
141,,1364,0.7024346257889991,0.5711143695014663,0.6300040436716539,tta_tc,M-2022-7
142,,23002,0.8431672940558522,0.837448917485436,0.8402983772465539,tta_tc,M-2022-7
143,degraded_noncollapsed,2408,0.6510638297872341,0.6353820598006644,0.6431273644388399,tta_tc,M-2022-7
144,stable,3002,0.9953571428571428,0.9283810792804796,0.9607032057911065,tta_tc,M-2022-7
145,stable,1697,0.9952857984678845,0.9952857984678845,0.9952857984678845,tta_tc,M-2022-7
146,,4786,0.9860308285163777,0.8554116172168825,0.9160886104273886,tta_tc,M-2022-7
147,degraded_noncollapsed,55,0.16831683168316833,0.3090909090909091,0.21794871794871795,tta_tc,M-2022-7
148,,4632,0.9246747317963935,0.8745682210708118,0.8989237767668923,tta_tc,M-2022-7
149,,32883,0.7290711906862885,0.7789131161998601,0.7531684653159644,tta_tc,M-2022-7
150,degraded_noncollapsed,1436,0.8491228070175438,0.6740947075208914,0.7515527950310559,tta_tc,M-2022-7
151,,1469,0.7814445828144458,0.8543226684819605,0.816260162601626,tta_tc,M-2022-7
152,degraded_noncollapsed,336,0.8181818181818182,0.9642857142857143,0.8852459016393442,tta_tc,M-2022-7
153,,39925,0.8237169423982611,0.8542517219787101,0.838706504364933,tta_tc,M-2022-7
154,,1219,0.681024447031432,0.47990155865463496,0.563041385948027,tta_tc,M-2022-7
155,,5019,0.612924389043792,0.7445706315999203,0.6723641597697013,tta_tc,M-2022-7
156,absorber,19602,0.8008433344145313,0.8816957453321089,0.8393269067333609,tta_tc,M-2022-7
157,,937,0.5402208201892744,0.7310565635005336,0.6213151927437641,tta_tc,M-2022-7
158,,5930,0.9019404019404019,0.8779089376053963,0.8897624337720048,tta_tc,M-2022-7
159,,1512,0.7016806722689075,0.4417989417989418,0.5422077922077922,tta_tc,M-2022-7
160,,1230,0.4453257790368272,0.6390243902439025,0.5248747913188647,tta_tc,M-2022-7
161,,1512,0.9912087912087912,0.8948412698412699,0.940563086548488,tta_tc,M-2022-7
162,,241,0.4541832669322709,0.4730290456431535,0.4634146341463415,tta_tc,M-2022-7
163,final_collapsed;gradual_collapsed,1276,0.10894941634241245,0.0219435736677116,0.0365296803652968,tta_tc,M-2022-7
164,,1702,0.2639175257731959,0.6768507638072856,0.3797593538816548,tta_tc,M-2022-7
165,,5683,0.7871170463472114,0.8815766320605314,0.8316733067729084,tta_tc,M-2022-7
166,degraded_noncollapsed,1530,0.6676190476190477,0.45816993464052286,0.5434108527131783,tta_tc,M-2022-7
167,degraded_noncollapsed,23,0.016216216216216217,0.2608695652173913,0.030534351145038167,tta_tc,M-2022-7
168,,2156,0.6750943396226415,0.8297773654916512,0.7444860590928006,tta_tc,M-2022-7
169,,2090,0.8793840889649273,0.9837320574162679,0.928635953026197,tta_tc,M-2022-7
170,,1882,0.6566666666666666,0.732731137088204,0.6926167754897037,tta_tc,M-2022-7
171,,6243,0.7773286467486819,0.7084734903091462,0.7413056230620967,tta_tc,M-2022-7
172,,5217,0.8578770508005534,0.8318957255127468,0.8446866485013624,tta_tc,M-2022-7
173,degraded_noncollapsed,1718,0.9931972789115646,0.8498253783469151,0.9159347553324969,tta_tc,M-2022-7
174,final_collapsed;abrupt_collapsed,1067,0.0,0.0,0.0,tta_tc,M-2022-7
175,,32188,0.7546048354641983,0.7573008574624084,0.7559504426974306,tta_tc,M-2022-7
176,degraded_noncollapsed,1623,0.5256773150020219,0.8009858287122612,0.634765625,tta_tc,M-2022-7
177,,1188,0.3756527415143603,0.9688552188552189,0.5413922859830668,tta_tc,M-2022-7
0,,862,0.9225352112676056,0.9118329466357309,0.9171528588098017,tta_tc,M-2022-8
1,,5146,0.8603829708124187,0.899339292654489,0.8794299287410926,tta_tc,M-2022-8
2,absorber,5944,0.6090743081893525,0.7294751009421265,0.663859756564342,tta_tc,M-2022-8
3,,961,0.6927578639356254,0.9854318418314256,0.813573883161512,tta_tc,M-2022-8
4,,537,0.7431457431457431,0.9590316573556797,0.8373983739837398,tta_tc,M-2022-8
5,absorber,2001,0.6010748243075651,0.7266366816591704,0.6579185520361991,tta_tc,M-2022-8
6,degraded_noncollapsed,1603,0.1778493993554058,0.3786650031191516,0.2420255183413078,tta_tc,M-2022-8
7,,14,0.5,0.07142857142857142,0.125,tta_tc,M-2022-8
8,stable,2212,0.8891060087933561,0.8227848101265823,0.8546607184785161,tta_tc,M-2022-8
9,degraded_noncollapsed,1272,0.7427701674277016,0.3836477987421384,0.5059616381544841,tta_tc,M-2022-8
10,final_collapsed;gradual_collapsed,1331,0.8273591806876371,0.8497370398196844,0.838398813936249,tta_tc,M-2022-8
11,degraded_noncollapsed,1630,0.40175953079178883,0.25214723926380367,0.3098379193366001,tta_tc,M-2022-8
12,degraded_noncollapsed,2224,0.8265213442325159,0.8183453237410072,0.8224130140081337,tta_tc,M-2022-8
13,absorber,1200,0.4519286125503742,0.6541666666666667,0.5345590738849166,tta_tc,M-2022-8
14,absorber;degraded_noncollapsed,6466,0.4043820463731121,0.29399938137952364,0.34046744873287366,tta_tc,M-2022-8
15,stable,491,0.8246753246753247,0.7759674134419552,0.7995802728226653,tta_tc,M-2022-8
16,,677,0.25870646766169153,0.1536189069423929,0.1927710843373494,tta_tc,M-2022-8
17,,10142,0.9519051817024194,0.9581936501676198,0.9550390644194389,tta_tc,M-2022-8
18,,15084,0.8339888940305414,0.9558472553699284,0.8907698010626467,tta_tc,M-2022-8
19,degraded_noncollapsed,11453,0.8784578313253012,0.7957740330044529,0.8350742166025289,tta_tc,M-2022-8
20,,1430,0.7853968253968254,0.865034965034965,0.8232945091514143,tta_tc,M-2022-8
21,,1311,0.9127948534667619,0.9740655987795576,0.9424354243542435,tta_tc,M-2022-8
22,,752,0.7820197044334976,0.8444148936170213,0.8120204603580563,tta_tc,M-2022-8
23,,4529,0.8074712643678161,0.93066902185913,0.8647040722125346,tta_tc,M-2022-8
24,degraded_noncollapsed,4554,0.953042328042328,0.9492753623188406,0.9511551155115512,tta_tc,M-2022-8
25,,39522,0.9040588607903328,0.9389200951368858,0.9211597656637871,tta_tc,M-2022-8
26,final_collapsed;abrupt_collapsed,1103,0.682753164556962,0.7824116047144152,0.7291930713983946,tta_tc,M-2022-8
27,,1901,0.8556858745537991,0.8826933193056287,0.8689798032107716,tta_tc,M-2022-8
28,degraded_noncollapsed,9168,0.7203863160344426,0.675283595113438,0.6971061817362909,tta_tc,M-2022-8
29,,21945,0.8442227228838107,0.7171565276828434,0.7755192549338458,tta_tc,M-2022-8
30,,3306,0.995302223614156,0.9612825166364186,0.9779966148638252,tta_tc,M-2022-8
31,,4666,0.9628378378378378,0.9772824689241321,0.9700063816209317,tta_tc,M-2022-8
32,degraded_noncollapsed,2218,0.32734986945169714,0.4522091974752029,0.3797803862173419,tta_tc,M-2022-8
33,,286,0.7747035573122529,0.6853146853146853,0.7272727272727273,tta_tc,M-2022-8
34,degraded_noncollapsed,758,0.8453488372093023,0.9591029023746702,0.8986402966625463,tta_tc,M-2022-8
35,,1273,0.9670886075949368,0.9002356637863315,0.9324654190398698,tta_tc,M-2022-8
36,degraded_noncollapsed,629,0.8592592592592593,0.7376788553259142,0.7938408896492729,tta_tc,M-2022-8
37,,574,0.9632867132867133,0.9599303135888502,0.9616055846422339,tta_tc,M-2022-8
38,final_collapsed;abrupt_collapsed,973,0.5961538461538461,0.03186022610483042,0.06048780487804878,tta_tc,M-2022-8
39,,5926,0.9525862068965517,0.8950388120148498,0.9229163041586915,tta_tc,M-2022-8
40,degraded_noncollapsed,1203,0.9679266895761741,0.7024106400665004,0.8140655105973025,tta_tc,M-2022-8
41,,1928,0.7896825396825397,0.6192946058091287,0.6941860465116279,tta_tc,M-2022-8
42,degraded_noncollapsed,713,0.17259323503902863,0.2791023842917251,0.2132904608788853,tta_tc,M-2022-8
43,,2868,0.8472385428907168,0.75418410041841,0.7980077476480354,tta_tc,M-2022-8
44,stable,1328,0.8834115805946792,0.8501506024096386,0.866462010744436,tta_tc,M-2022-8
45,absorber,1779,0.5519591141396933,0.7284991568296796,0.6280591228495275,tta_tc,M-2022-8
46,absorber,4667,0.5718161777174835,0.7225198200128562,0.6383945475198788,tta_tc,M-2022-8
47,final_collapsed;gradual_collapsed,10,0.05,0.1,0.06666666666666667,tta_tc,M-2022-8
48,final_collapsed;abrupt_collapsed,4626,0.43478260869565216,0.00216169476869866,0.004302000430200043,tta_tc,M-2022-8
49,,13190,0.8069662138627656,0.8782410917361637,0.8410963877291705,tta_tc,M-2022-8
50,degraded_noncollapsed,9033,0.9401709401709402,0.6454112697885531,0.7653931994223447,tta_tc,M-2022-8
51,,15789,0.9111084235351031,0.9542719614921781,0.9321908061622224,tta_tc,M-2022-8
52,,1110,0.7216931216931217,0.6144144144144145,0.6637469586374696,tta_tc,M-2022-8
53,,5275,0.8774080560420315,0.9497630331753555,0.9121529358215749,tta_tc,M-2022-8
54,degraded_noncollapsed,3681,0.7321537522879805,0.32599837000814996,0.45112781954887216,tta_tc,M-2022-8
55,degraded_noncollapsed,4870,0.988909008601177,0.8971252566735113,0.9407838070628768,tta_tc,M-2022-8
56,final_collapsed;abrupt_collapsed,10210,0.9446070704796217,0.410871694417238,0.5726571565080882,tta_tc,M-2022-8
57,stable,1913,0.9936808846761453,0.9864087820177732,0.9900314795383001,tta_tc,M-2022-8
58,,1356,0.9955947136563876,1.0,0.9977924944812362,tta_tc,M-2022-8
59,stable,4909,0.945883262466177,0.9969443878590344,0.9707428344738669,tta_tc,M-2022-8
60,,21862,0.880017490161784,0.9205928094410393,0.8998479835464545,tta_tc,M-2022-8
61,,12446,0.6043755697356427,0.8523220311746746,0.7072471498099874,tta_tc,M-2022-8
62,stable,8482,0.924985899605189,0.9667531242631455,0.9454084279702543,tta_tc,M-2022-8
63,,8412,0.7789869676205831,0.6892534474560152,0.7313781141595711,tta_tc,M-2022-8
64,stable,3965,0.9254761247584874,0.8456494325346784,0.8837638376383764,tta_tc,M-2022-8
65,,2348,0.9198473282442748,0.7184838160136287,0.8067910090865614,tta_tc,M-2022-8
66,final_collapsed;abrupt_collapsed,2980,0.8896484375,0.6114093959731544,0.7247414478918058,tta_tc,M-2022-8
67,,1258,0.3142317380352645,0.39666136724960255,0.3506676036542516,tta_tc,M-2022-8
68,,3673,0.5416102841677943,0.871766947998911,0.6681272822117893,tta_tc,M-2022-8
69,final_collapsed;abrupt_collapsed,517,0.6198453608247423,0.9303675048355899,0.7440061871616396,tta_tc,M-2022-8
70,degraded_noncollapsed,1217,0.6643192488262911,0.4650780608052588,0.5471242145964234,tta_tc,M-2022-8
71,absorber,73697,0.8168867503750659,0.8201012252873251,0.818490831775954,tta_tc,M-2022-8
72,,8133,0.6466193973157761,0.6279355711299643,0.637140540203356,tta_tc,M-2022-8
73,,12129,0.9407784764785481,0.974441421386759,0.9573141098331444,tta_tc,M-2022-8
74,,3591,0.6744783306581059,0.5850737956001114,0.6266030420518939,tta_tc,M-2022-8
75,degraded_noncollapsed,16576,0.6252005562092202,0.7052364864864865,0.6628111356806713,tta_tc,M-2022-8
76,stable,3558,0.8873642081189251,0.8724002248454188,0.8798185941043084,tta_tc,M-2022-8
77,,38646,0.8843440695576092,0.8369300833203954,0.8599840467960649,tta_tc,M-2022-8
78,,29549,0.951808503137559,0.913702663372703,0.9323663990330657,tta_tc,M-2022-8
79,,9419,0.8358993157380255,0.7262979084828538,0.7772538771800261,tta_tc,M-2022-8
80,degraded_noncollapsed,1839,0.44142857142857145,0.3360522022838499,0.38159925903056496,tta_tc,M-2022-8
81,,2870,0.9540394973070018,0.9257839721254355,0.9396993810786914,tta_tc,M-2022-8
82,,36090,0.7951768315659148,0.8186201163757274,0.8067281961662389,tta_tc,M-2022-8
83,,22940,0.946869976975542,0.9501307759372275,0.948497573924585,tta_tc,M-2022-8
84,,2107,0.9623883403855195,0.9715234931181775,0.9669343410486537,tta_tc,M-2022-8
85,,502,0.9073359073359073,0.9362549800796812,0.9215686274509803,tta_tc,M-2022-8
86,,16937,0.833880625845084,0.7646572592548857,0.7977701121103856,tta_tc,M-2022-8
87,,7898,0.9416328038418914,0.968219802481641,0.9547412447718334,tta_tc,M-2022-8
88,,291,0.30982905982905984,0.49828178694158076,0.3820816864295125,tta_tc,M-2022-8
89,,579,0.8816568047337278,0.772020725388601,0.8232044198895028,tta_tc,M-2022-8
90,,4021,0.8493211662586245,0.9490176572991793,0.8964059196617337,tta_tc,M-2022-8
91,,3006,0.9081829896907216,0.9377910844976713,0.9227495908346972,tta_tc,M-2022-8
92,,1004,0.9659714599341384,0.8764940239043825,0.9190600522193212,tta_tc,M-2022-8
93,,26793,0.8538668353629606,0.8060314261187623,0.8292598636843621,tta_tc,M-2022-8
94,stable,128,0.05334538878842676,0.4609375,0.09562398703403566,tta_tc,M-2022-8
95,,43638,0.9760037641154329,0.9982354828360603,0.986994448850119,tta_tc,M-2022-8
96,absorber;degraded_noncollapsed,42812,0.9000196088043532,0.8576800896944782,0.8783399114938405,tta_tc,M-2022-8
97,,35301,0.9369872523034204,0.8411943004447466,0.8865105309509949,tta_tc,M-2022-8
98,stable,52264,0.9931877762682026,0.9930927598346855,0.9931402657788237,tta_tc,M-2022-8
99,stable,18023,0.9610268761289616,0.974144149142762,0.9675410558800838,tta_tc,M-2022-8
100,,12122,0.7679363514750405,0.8997690150140241,0.8286419753086419,tta_tc,M-2022-8
101,degraded_noncollapsed,47771,0.9721774193548387,0.504699503883109,0.6644527428311584,tta_tc,M-2022-8
102,,34377,0.7952091059641266,0.9917386624778195,0.8826666666666667,tta_tc,M-2022-8
103,degraded_noncollapsed,1686,0.50528,0.9365361803084223,0.6564123882768655,tta_tc,M-2022-8
104,final_collapsed;gradual_collapsed,1405,0.35185185185185186,0.12170818505338078,0.1808566895822316,tta_tc,M-2022-8
105,absorber;degraded_noncollapsed,2363,0.5633648943918427,0.6546762589928058,0.6055979643765903,tta_tc,M-2022-8
106,,2346,0.9256131885806193,0.9812446717817562,0.9526174218911649,tta_tc,M-2022-8
107,stable,2385,0.8600072912869121,0.9890985324947589,0.9200468018720749,tta_tc,M-2022-8
108,,6942,0.9255399486482404,0.8827427254393546,0.9036348890363489,tta_tc,M-2022-8
109,final_collapsed;abrupt_collapsed,1309,0.9758842443729904,0.9274255156608098,0.9510379945162554,tta_tc,M-2022-8
110,,5689,0.7935897435897435,0.8704517489892776,0.8302456199178473,tta_tc,M-2022-8
111,degraded_noncollapsed,1028,0.5096251266464032,0.4892996108949416,0.4992555831265509,tta_tc,M-2022-8
112,degraded_noncollapsed,2194,0.8580827067669173,0.8322698268003647,0.8449791763072652,tta_tc,M-2022-8
113,stable,1939,0.9906880496637351,0.9876224858174316,0.9891528925619835,tta_tc,M-2022-8
114,,2359,0.9673418768085986,0.9919457397202205,0.9794893260778569,tta_tc,M-2022-8
115,,13747,0.8893801618419955,0.7755146577435077,0.8285536644128391,tta_tc,M-2022-8
116,,3304,0.919628030554633,0.8380750605326877,0.876959619952494,tta_tc,M-2022-8
117,,52510,0.658914351513972,0.7737192915635117,0.7117168408236912,tta_tc,M-2022-8
118,degraded_noncollapsed,1152,0.7055098163394553,0.9670138888888888,0.8158183815452216,tta_tc,M-2022-8
119,stable,2335,0.9321125502456454,0.8937901498929336,0.9125491910800175,tta_tc,M-2022-8
120,,1976,0.8856435643564357,0.9053643724696356,0.8953953953953954,tta_tc,M-2022-8
121,final_collapsed;gradual_collapsed,20,0.0,0.0,0.0,tta_tc,M-2022-8
122,,45228,0.898058137609688,0.839502078358539,0.8677934336681636,tta_tc,M-2022-8
123,degraded_noncollapsed,4318,0.9463427656166578,0.8209819360815193,0.8792162698412699,tta_tc,M-2022-8
124,,22927,0.8989987704198138,0.8929210101626903,0.895949583141863,tta_tc,M-2022-8
125,,3584,0.7068341494571003,0.9263392857142857,0.8018355271102524,tta_tc,M-2022-8
126,,1562,0.9171309192200557,0.8431498079385403,0.8785857238158773,tta_tc,M-2022-8
127,,1951,0.8033175355450237,0.6950281906714505,0.7452596867271228,tta_tc,M-2022-8
128,stable,1974,0.9401926001013685,0.9397163120567376,0.9399543957436027,tta_tc,M-2022-8
129,degraded_noncollapsed,23034,0.8702069761688793,0.9162976469566727,0.8926577567247505,tta_tc,M-2022-8
130,stable,4970,0.77700904736562,0.8812877263581489,0.8258697086829452,tta_tc,M-2022-8
131,stable,27511,0.8997246127366609,0.9500563410999237,0.9242057247927017,tta_tc,M-2022-8
132,stable,12301,0.9376857271499325,0.8465165433704577,0.8897718533709306,tta_tc,M-2022-8
133,,44441,0.8430281703984746,0.9649647847708197,0.8998845871367118,tta_tc,M-2022-8
134,,7338,0.9375485877170251,0.9860997547015535,0.961211477151966,tta_tc,M-2022-8
135,,1863,0.571089108910891,0.774020397208803,0.6572470373746582,tta_tc,M-2022-8
136,,17935,0.8759509134321728,0.8795650961806524,0.8777542844424661,tta_tc,M-2022-8
137,degraded_noncollapsed,1268,0.8240310077519379,0.8383280757097792,0.8311180609851446,tta_tc,M-2022-8
138,degraded_noncollapsed,27037,0.8996510015776641,0.6960091726153049,0.784835467322851,tta_tc,M-2022-8
139,degraded_noncollapsed,1361,0.3952941176470588,0.24687729610580456,0.3039348710990502,tta_tc,M-2022-8
140,,6533,0.5181370353784147,0.7084034899739783,0.5985127707727126,tta_tc,M-2022-8
141,,1310,0.7147435897435898,0.5106870229007634,0.5957257346393589,tta_tc,M-2022-8
142,,20740,0.7393018559476873,0.7413693346190935,0.7403341518609466,tta_tc,M-2022-8
143,degraded_noncollapsed,2610,0.5955823293172691,0.5681992337164751,0.5815686274509804,tta_tc,M-2022-8
144,stable,2946,0.992867332382311,0.945010183299389,0.9683478260869566,tta_tc,M-2022-8
145,stable,1596,0.9949811794228356,0.993734335839599,0.9943573667711598,tta_tc,M-2022-8
146,,5430,0.9870633893919794,0.8430939226519337,0.9094159713945172,tta_tc,M-2022-8
147,degraded_noncollapsed,19,0.03546099290780142,0.2631578947368421,0.0625,tta_tc,M-2022-8
148,,5228,0.8998397435897436,0.8592195868400918,0.8790606653620352,tta_tc,M-2022-8
149,,36383,0.7171176924509726,0.7407305609762801,0.7287328970850684,tta_tc,M-2022-8
150,degraded_noncollapsed,1240,0.8247298919567827,0.5540322580645162,0.662807525325615,tta_tc,M-2022-8
151,,1581,0.7093086554164398,0.8241619228336496,0.7624341720304272,tta_tc,M-2022-8
152,degraded_noncollapsed,356,0.9032258064516129,0.9438202247191011,0.9230769230769231,tta_tc,M-2022-8
153,,41882,0.7880828182089759,0.8188481925409484,0.8031709973184697,tta_tc,M-2022-8
154,,1349,0.6911447084233261,0.4744255003706449,0.5626373626373626,tta_tc,M-2022-8
155,,4958,0.5743692926791518,0.7484872932634127,0.6499693493300639,tta_tc,M-2022-8
156,absorber,21541,0.7624243389614527,0.8888166751775683,0.8207832293743168,tta_tc,M-2022-8
157,,1614,0.6078028747433265,0.7335811648079306,0.664795058955643,tta_tc,M-2022-8
158,,5881,0.8542246982358404,0.7821799013773167,0.8166163678324161,tta_tc,M-2022-8
159,,1687,0.6582587469487388,0.47954949614700654,0.5548696844993142,tta_tc,M-2022-8
160,,1280,0.4645748987854251,0.7171875,0.5638820638820639,tta_tc,M-2022-8
161,,1187,0.9861495844875346,0.8997472620050547,0.9409691629955947,tta_tc,M-2022-8
162,,225,0.46215139442231074,0.5155555555555555,0.48739495798319327,tta_tc,M-2022-8
163,final_collapsed;gradual_collapsed,2303,0.04940711462450593,0.010855405992184108,0.0177999288002848,tta_tc,M-2022-8
164,,1787,0.21235163204747776,0.6407386681589256,0.31898593118818774,tta_tc,M-2022-8
165,,6246,0.6238574040219378,0.8741594620557157,0.7280970796106148,tta_tc,M-2022-8
166,degraded_noncollapsed,2008,0.7067209775967414,0.5184262948207171,0.5981039931054295,tta_tc,M-2022-8
167,degraded_noncollapsed,28,0.018072289156626505,0.21428571428571427,0.03333333333333333,tta_tc,M-2022-8
168,,3413,0.7788492446158791,0.7099326106065046,0.7427958307786634,tta_tc,M-2022-8
169,,2076,0.8826086956521739,0.9778420038535646,0.9277879341864717,tta_tc,M-2022-8
170,,2430,0.7057735011102887,0.7847736625514403,0.7431800467653936,tta_tc,M-2022-8
171,,5885,0.7806288398988074,0.7340696686491079,0.7566336807075926,tta_tc,M-2022-8
172,,6233,0.8681750186985789,0.744906144713621,0.8018305845781885,tta_tc,M-2022-8
173,degraded_noncollapsed,2317,0.9932569116655429,0.6357358653431161,0.7752631578947369,tta_tc,M-2022-8
174,final_collapsed;abrupt_collapsed,1419,0.0,0.0,0.0,tta_tc,M-2022-8
175,,38323,0.7186370058188262,0.7831067505153563,0.7494880375605614,tta_tc,M-2022-8
176,degraded_noncollapsed,1662,0.46052173913043476,0.7966305655836342,0.5836455807802513,tta_tc,M-2022-8
177,,1371,0.3886838868388684,0.9219547775346463,0.5468310620808998,tta_tc,M-2022-8
0,,1520,0.9148936170212766,0.9052631578947369,0.91005291005291,tta_tc,M-2022-9
1,,3720,0.8472326571500125,0.9094086021505376,0.8772202774536497,tta_tc,M-2022-9
2,absorber,5358,0.5292628443782577,0.6633072041806645,0.5887517601259008,tta_tc,M-2022-9
3,,1029,0.8008097165991903,0.9611273080660836,0.8736749116607774,tta_tc,M-2022-9
4,,1001,0.8601959038290294,0.965034965034965,0.9096045197740112,tta_tc,M-2022-9
5,absorber,2682,0.592855033953351,0.7486950037285608,0.6617235129345856,tta_tc,M-2022-9
6,degraded_noncollapsed,1625,0.24630738522954093,0.3796923076923077,0.29878934624697334,tta_tc,M-2022-9
7,,17,0.4,0.11764705882352941,0.18181818181818182,tta_tc,M-2022-9
8,stable,1739,0.8306364617044228,0.8855664174813112,0.857222376843863,tta_tc,M-2022-9
9,degraded_noncollapsed,1470,0.5151515151515151,0.23129251700680273,0.3192488262910798,tta_tc,M-2022-9
10,final_collapsed;gradual_collapsed,930,0.7095070422535211,0.8666666666666667,0.7802516940948693,tta_tc,M-2022-9
11,degraded_noncollapsed,1941,0.3216318785578748,0.17465224111282843,0.22637729549248747,tta_tc,M-2022-9
12,degraded_noncollapsed,3307,0.849789283564118,0.8536437859086785,0.8517121737818676,tta_tc,M-2022-9
13,absorber,1491,0.25745332961827805,0.6197183098591549,0.3637795275590551,tta_tc,M-2022-9
14,absorber;degraded_noncollapsed,7474,0.440748031496063,0.29957184907679957,0.3566990600605385,tta_tc,M-2022-9
15,stable,529,0.8213507625272332,0.7126654064272212,0.7631578947368421,tta_tc,M-2022-9
16,,1595,0.29493087557603687,0.12037617554858934,0.1709706144256456,tta_tc,M-2022-9
17,,10138,0.8016035482770385,0.927007299270073,0.8597566553837709,tta_tc,M-2022-9
18,,26366,0.8651392509260529,0.956686641887279,0.9086128021324881,tta_tc,M-2022-9
19,degraded_noncollapsed,19469,0.8003041724525557,0.6216549386203708,0.6997571692876966,tta_tc,M-2022-9
20,,1992,0.6975432944019332,0.8694779116465864,0.7740782122905028,tta_tc,M-2022-9
21,,2626,0.877726135144798,0.9348819497334349,0.9054029135165038,tta_tc,M-2022-9
22,,853,0.7276550998948476,0.8112543962485346,0.7671840354767184,tta_tc,M-2022-9
23,,8006,0.8897843090779806,0.9377966525106171,0.9131598151301387,tta_tc,M-2022-9
24,degraded_noncollapsed,9634,0.9538649218143507,0.8927755864646045,0.922309795721409,tta_tc,M-2022-9
25,,43246,0.8799545762267694,0.9317393516163345,0.9051068656850523,tta_tc,M-2022-9
26,final_collapsed;abrupt_collapsed,1325,0.457709038182697,0.7147169811320755,0.558043606364172,tta_tc,M-2022-9
27,,5401,0.9647330892272115,0.9268653952971672,0.9454202077431539,tta_tc,M-2022-9
28,degraded_noncollapsed,10545,0.7630833641177195,0.5876718824087245,0.6639879995714133,tta_tc,M-2022-9
29,,28520,0.8204969424878087,0.7433380084151473,0.7800139813826852,tta_tc,M-2022-9
30,,958,0.9015384615384615,0.3058455114822547,0.4567420109119252,tta_tc,M-2022-9
31,,3609,0.9518760195758564,0.970074812967581,0.9608892548373816,tta_tc,M-2022-9
32,degraded_noncollapsed,1740,0.5650557620817844,0.5241379310344828,0.5438282647584973,tta_tc,M-2022-9
33,,452,0.2830188679245283,0.33185840707964603,0.3054989816700611,tta_tc,M-2022-9
34,degraded_noncollapsed,415,0.7416974169741697,0.9686746987951808,0.8401253918495298,tta_tc,M-2022-9
35,,2218,0.9538823529411765,0.9138863841298467,0.9334561363113055,tta_tc,M-2022-9
36,degraded_noncollapsed,325,0.5987261146496815,0.28923076923076924,0.3900414937759336,tta_tc,M-2022-9
37,,378,0.9102902374670184,0.9126984126984127,0.9114927344782034,tta_tc,M-2022-9
38,final_collapsed;abrupt_collapsed,94,0.2638888888888889,0.20212765957446807,0.2289156626506024,tta_tc,M-2022-9
39,,5608,0.9447142323496451,0.901925820256776,0.922824302134647,tta_tc,M-2022-9
40,degraded_noncollapsed,725,0.8372093023255814,0.44689655172413795,0.5827338129496403,tta_tc,M-2022-9
41,,2456,0.7024866785079928,0.6441368078175895,0.6720475785896347,tta_tc,M-2022-9
42,degraded_noncollapsed,1420,0.5583333333333333,0.2830985915492958,0.37570093457943926,tta_tc,M-2022-9
43,,4351,0.8796561604584527,0.7761434153068261,0.8246642246642246,tta_tc,M-2022-9
44,stable,1225,0.8527196652719665,0.8318367346938775,0.8421487603305785,tta_tc,M-2022-9
45,absorber,1547,0.8098159509202454,0.6826115061409179,0.7407927043142757,tta_tc,M-2022-9
46,absorber,10981,0.7321428571428571,0.6758036608687733,0.7028460482076052,tta_tc,M-2022-9
47,final_collapsed;gradual_collapsed,9,0.0,0.0,0.0,tta_tc,M-2022-9
48,final_collapsed;abrupt_collapsed,3003,0.0,0.0,0.0,tta_tc,M-2022-9
49,,29267,0.8403968170505135,0.8191478456965182,0.8296362944250268,tta_tc,M-2022-9
50,degraded_noncollapsed,7398,0.9010731707317073,0.6242227629088943,0.7375229577577258,tta_tc,M-2022-9
51,,15775,0.9047098146460043,0.9437083993660855,0.9237977040024822,tta_tc,M-2022-9
52,,1722,0.6627288836385116,0.6515679442508711,0.6571010248901903,tta_tc,M-2022-9
53,,7117,0.8877055810191427,0.9252494028382745,0.9060887512899897,tta_tc,M-2022-9
54,degraded_noncollapsed,4884,0.7271745002701242,0.27559377559377557,0.3997030438010393,tta_tc,M-2022-9
55,degraded_noncollapsed,4695,0.9883348581884721,0.9203407880724175,0.9531267232822322,tta_tc,M-2022-9
56,final_collapsed;abrupt_collapsed,10537,0.9580005153311002,0.3528518553668027,0.5157442086281038,tta_tc,M-2022-9
57,stable,1758,0.9936926605504587,0.9857792946530148,0.9897201599086236,tta_tc,M-2022-9
58,,1789,0.9983240223463687,0.9988820570150923,0.9986029617211511,tta_tc,M-2022-9
59,stable,5340,0.961100054278994,0.9947565543071161,0.9776387227385663,tta_tc,M-2022-9
60,,40442,0.8972940348053515,0.8822511250679986,0.8897089993267336,tta_tc,M-2022-9
61,,17276,0.5334386700099611,0.8989349386432044,0.6695552825023173,tta_tc,M-2022-9
62,stable,17050,0.9165730967886818,0.9575366568914956,0.9366071940795135,tta_tc,M-2022-9
63,,10110,0.770189312245387,0.6358061325420375,0.6965756393584742,tta_tc,M-2022-9
64,stable,3493,0.9047467346288627,0.8130546807901518,0.856453558504222,tta_tc,M-2022-9
65,,2712,0.8935309973045822,0.7334070796460177,0.8055893074119077,tta_tc,M-2022-9
66,final_collapsed;abrupt_collapsed,3483,0.8558780127889818,0.49956933677863913,0.630891950688905,tta_tc,M-2022-9
67,,2757,0.28694768918232605,0.2049328980776206,0.23910283537875582,tta_tc,M-2022-9
68,,4418,0.4322704658525554,0.865323675871435,0.576534459357563,tta_tc,M-2022-9
69,final_collapsed;abrupt_collapsed,323,0.05555555555555555,0.05572755417956656,0.05564142194744977,tta_tc,M-2022-9
70,degraded_noncollapsed,1678,0.8154235145385588,0.3843861740166865,0.5224787363304981,tta_tc,M-2022-9
71,absorber,75189,0.740940447866477,0.8242296080543696,0.7803689479317509,tta_tc,M-2022-9
72,,10841,0.49630386914123936,0.5821418688312886,0.5358067665662011,tta_tc,M-2022-9
73,,15275,0.8695861985764266,0.9437643207855974,0.9051580698835274,tta_tc,M-2022-9
74,,3563,0.6686819830713422,0.4656188605108055,0.5489741892786234,tta_tc,M-2022-9
75,degraded_noncollapsed,14009,0.48132911392405064,0.4342922407024056,0.4566024991556906,tta_tc,M-2022-9
76,stable,4617,0.8986337593653592,0.8832575265323803,0.8908793009284544,tta_tc,M-2022-9
77,,36366,0.8901928191489362,0.7363196392234505,0.8059777864732264,tta_tc,M-2022-9
78,,25845,0.906347511906717,0.8541303927258658,0.8794645524989542,tta_tc,M-2022-9
79,,11394,0.789479070719476,0.6770229945585395,0.7289392865579967,tta_tc,M-2022-9
80,degraded_noncollapsed,1593,0.5285252960172229,0.30822347771500314,0.3893735130848533,tta_tc,M-2022-9
81,,3832,0.9095464795790529,0.947286012526096,0.9280327240189186,tta_tc,M-2022-9
82,,36697,0.6516717325227963,0.8179415211052674,0.7254008724337518,tta_tc,M-2022-9
83,,24627,0.9344822171625972,0.966622000243635,0.9502804335242809,tta_tc,M-2022-9
84,,2869,0.95562435500516,0.9682816312303939,0.9619113573407202,tta_tc,M-2022-9
85,,872,0.9049338146811071,0.8623853211009175,0.8831473869641808,tta_tc,M-2022-9
86,,39714,0.8869385183184805,0.744296721559148,0.8093810325707479,tta_tc,M-2022-9
87,,6519,0.8605769230769231,0.9610369688602547,0.9080368142619031,tta_tc,M-2022-9
88,,241,0.21032504780114722,0.45643153526970953,0.2879581151832461,tta_tc,M-2022-9
89,,675,0.8590381426202321,0.7674074074074074,0.810641627543036,tta_tc,M-2022-9
90,,4709,0.8547591960561244,0.9573157782968783,0.9031353300611039,tta_tc,M-2022-9
91,,3602,0.7614840989399293,0.9572459744586341,0.8482164821648216,tta_tc,M-2022-9
92,,1310,0.9801038062283737,0.8648854961832061,0.9188969991889699,tta_tc,M-2022-9
93,,30365,0.8154938094783412,0.8438004281244854,0.8294056713712288,tta_tc,M-2022-9
94,stable,386,0.6596491228070176,0.48704663212435234,0.5603576751117735,tta_tc,M-2022-9
95,,29536,0.9672698506872343,0.9935671722643553,0.9802421711899791,tta_tc,M-2022-9
96,absorber;degraded_noncollapsed,52984,0.8710261341780744,0.7265400875736071,0.7922493542843618,tta_tc,M-2022-9
97,,43419,0.955161806324597,0.8939174094290518,0.923525352749423,tta_tc,M-2022-9
98,stable,58568,0.991745706229172,0.9908482447753039,0.9912967723751527,tta_tc,M-2022-9
99,stable,22477,0.9537690225830783,0.9563998754282155,0.955082637284521,tta_tc,M-2022-9
100,,27459,0.7950084994591253,0.7494082086019156,0.7715351592523855,tta_tc,M-2022-9
101,degraded_noncollapsed,51530,0.9805862513367518,0.6939840869396469,0.812759235900408,tta_tc,M-2022-9
102,,40247,0.8974393622052564,0.9901110641786965,0.9415002953337271,tta_tc,M-2022-9
103,degraded_noncollapsed,1956,0.4851408722500965,0.6426380368098159,0.5528920167143171,tta_tc,M-2022-9
104,final_collapsed;gradual_collapsed,2027,0.11677282377919321,0.02713369511593488,0.044035228182546036,tta_tc,M-2022-9
105,absorber;degraded_noncollapsed,5045,0.606673161227472,0.4937561942517344,0.5444213747131461,tta_tc,M-2022-9
106,,2618,0.8979950756243404,0.9751718869365928,0.9349935909174144,tta_tc,M-2022-9
107,stable,2968,0.7805201698513801,0.9909029649595688,0.8732185273159145,tta_tc,M-2022-9
108,,6913,0.8715019988577956,0.8829741067553883,0.8772005460947043,tta_tc,M-2022-9
109,final_collapsed;abrupt_collapsed,1610,0.9729555698647778,0.9385093167701863,0.9554220676572874,tta_tc,M-2022-9
110,,3967,0.6923917796239615,0.798336274262667,0.7415993443390704,tta_tc,M-2022-9
111,degraded_noncollapsed,1839,0.45013774104683196,0.44426318651441,0.44718117131910234,tta_tc,M-2022-9
112,degraded_noncollapsed,1178,0.7713588283157038,0.8047538200339559,0.7877025342750311,tta_tc,M-2022-9
113,stable,2241,0.9851752021563343,0.9785809906291834,0.9818670248488919,tta_tc,M-2022-9
114,,1601,0.9681762545899633,0.9881324172392255,0.9780525502318392,tta_tc,M-2022-9
115,,17781,0.8948061352116384,0.7644676902311456,0.8245177726555866,tta_tc,M-2022-9
116,,3648,0.8833231521075138,0.7927631578947368,0.8355966483675238,tta_tc,M-2022-9
117,,70006,0.6488788270806382,0.7738051024197926,0.7058570590917975,tta_tc,M-2022-9
118,degraded_noncollapsed,2321,0.8871369294605809,0.9211546747091771,0.9038258296343268,tta_tc,M-2022-9
119,stable,3117,0.9400818756978042,0.8103946102021174,0.870434183321847,tta_tc,M-2022-9
120,,2480,0.8475484136794397,0.8294354838709678,0.8383941308335031,tta_tc,M-2022-9
121,final_collapsed;gradual_collapsed,165,0.015625,0.012121212121212121,0.013651877133105802,tta_tc,M-2022-9
122,,56147,0.8838511158893749,0.8492350437245089,0.866197374994323,tta_tc,M-2022-9
123,degraded_noncollapsed,9087,0.9426651735722285,0.46318917134367776,0.6211629279811098,tta_tc,M-2022-9
124,,22061,0.8796033994334278,0.8726259009111101,0.8761007577309031,tta_tc,M-2022-9
125,,4063,0.6710880086036924,0.9214865862663056,0.776602364654636,tta_tc,M-2022-9
126,,1866,0.900705052878966,0.8215434083601286,0.859304932735426,tta_tc,M-2022-9
127,,5140,0.8413615928066795,0.7645914396887159,0.8011415757822852,tta_tc,M-2022-9
128,stable,4300,0.9316106036979283,0.9725581395348837,0.9516441005802708,tta_tc,M-2022-9
129,degraded_noncollapsed,26014,0.8255862356042736,0.9148919812408703,0.8679479231246126,tta_tc,M-2022-9
130,stable,4858,0.6706860029330292,0.8472622478386167,0.7487039563437926,tta_tc,M-2022-9
131,stable,26109,0.8876315123467949,0.940327090275384,0.9132197589644399,tta_tc,M-2022-9
132,stable,16414,0.9407598623245962,0.8659071524308517,0.9017828817968403,tta_tc,M-2022-9
133,,48332,0.7585495426705441,0.9660473392369444,0.849815716430814,tta_tc,M-2022-9
134,,8132,0.9360831970086468,0.985120511559272,0.9599760335530257,tta_tc,M-2022-9
135,,3040,0.46704707560627673,0.5384868421052632,0.5002291825821238,tta_tc,M-2022-9
136,,19209,0.832475884244373,0.8086834296423552,0.8204071932187277,tta_tc,M-2022-9
137,degraded_noncollapsed,698,0.709483793517407,0.8467048710601719,0.7720444154147615,tta_tc,M-2022-9
138,degraded_noncollapsed,22985,0.8584949483219139,0.6432455949532304,0.735444076902032,tta_tc,M-2022-9
139,degraded_noncollapsed,1588,0.35344827586206895,0.3614609571788413,0.3574097135740971,tta_tc,M-2022-9
140,,43801,0.8582179338979452,0.8305518138855277,0.8441582550179835,tta_tc,M-2022-9
141,,1280,0.6207584830339321,0.4859375,0.5451358457493427,tta_tc,M-2022-9
142,,27851,0.6893948845913911,0.793580122796309,0.7378277778705079,tta_tc,M-2022-9
143,degraded_noncollapsed,3431,0.5657356948228883,0.4841154182454095,0.5217527878121564,tta_tc,M-2022-9
144,stable,2630,0.9941860465116279,0.9752851711026616,0.9846449136276392,tta_tc,M-2022-9
145,stable,1613,0.9975155279503105,0.9956602603843769,0.9965870307167235,tta_tc,M-2022-9
146,,5594,0.979006443566826,0.8419735430818734,0.9053339740509371,tta_tc,M-2022-9
147,degraded_noncollapsed,2227,0.7307692307692307,0.17916479568926807,0.28777497295348,tta_tc,M-2022-9
148,,5655,0.9070745697896749,0.8389036251105216,0.8716582452916858,tta_tc,M-2022-9
149,,51310,0.7242364492374552,0.7015396608848178,0.7127074011008593,tta_tc,M-2022-9
150,degraded_noncollapsed,1340,0.8619354838709677,0.49850746268656715,0.631678486997636,tta_tc,M-2022-9
151,,2080,0.7710056595559426,0.8514423076923077,0.809230066255426,tta_tc,M-2022-9
152,degraded_noncollapsed,491,0.9195402298850575,0.9775967413441955,0.947680157946693,tta_tc,M-2022-9
153,,70434,0.8471279698653026,0.820583808955902,0.8336446441320919,tta_tc,M-2022-9
154,,2322,0.7888161808447353,0.5710594315245479,0.6625031226580065,tta_tc,M-2022-9
155,,7193,0.7040753127709649,0.7902127067982762,0.744661338923097,tta_tc,M-2022-9
156,absorber,24938,0.7401657011989762,0.8812655385355682,0.8045762401610836,tta_tc,M-2022-9
157,,2878,0.38206739006282125,0.697359277275886,0.4936662157176239,tta_tc,M-2022-9
158,,9684,0.8050676357762971,0.8235233374638579,0.8141909137314957,tta_tc,M-2022-9
159,,2037,0.5196850393700787,0.38880706921944036,0.44481887110362256,tta_tc,M-2022-9
160,,1444,0.4024632499006754,0.7015235457063712,0.5114869982327696,tta_tc,M-2022-9
161,,874,0.993006993006993,0.8123569794050344,0.893643801132788,tta_tc,M-2022-9
162,,192,0.34831460674157305,0.484375,0.40522875816993464,tta_tc,M-2022-9
163,final_collapsed;gradual_collapsed,2053,0.07269789983844911,0.021919142717973697,0.033682634730538924,tta_tc,M-2022-9
164,,1875,0.18184493158746506,0.6592,0.28505535055350556,tta_tc,M-2022-9
165,,6351,0.580688238315357,0.8900960478664777,0.7028471963197812,tta_tc,M-2022-9
166,degraded_noncollapsed,4856,0.8098732488325551,0.5,0.6182836771072066,tta_tc,M-2022-9
167,degraded_noncollapsed,47,0.03926701570680628,0.3191489361702128,0.06993006993006994,tta_tc,M-2022-9
168,,6371,0.7693189964157706,0.842253963271072,0.8041360707328038,tta_tc,M-2022-9
169,,2069,0.8662613981762918,0.9642339294345095,0.9126258005489478,tta_tc,M-2022-9
170,,2824,0.6225315636128197,0.6809490084985835,0.6504312531709792,tta_tc,M-2022-9
171,,7826,0.8044661549197488,0.7365192946588296,0.7689947301714362,tta_tc,M-2022-9
172,,9097,0.8629160063391442,0.7182587666263603,0.7839702441658167,tta_tc,M-2022-9
173,degraded_noncollapsed,3337,0.992100538599641,0.8279892118669464,0.9026461940542306,tta_tc,M-2022-9
174,final_collapsed;abrupt_collapsed,1445,0.0,0.0,0.0,tta_tc,M-2022-9
175,,38778,0.6586875670818461,0.6805147248439837,0.6694232696185994,tta_tc,M-2022-9
176,degraded_noncollapsed,2678,0.5088743577767398,0.8136669156086632,0.6261494252873563,tta_tc,M-2022-9
177,,1300,0.43757575757575756,0.833076923076923,0.5737748344370861,tta_tc,M-2022-9
0,,1642,0.9282994923857868,0.8909866017052375,0.9092604101926662,tta_tc,M-2022-10
1,,4956,0.8571428571428571,0.9116222760290557,0.883543561161631,tta_tc,M-2022-10
2,absorber,5086,0.4079161816065192,0.6889500589854503,0.5124305352442234,tta_tc,M-2022-10
3,,1139,0.7975415762834418,0.9683933274802459,0.8747026169706582,tta_tc,M-2022-10
4,,972,0.813529921942758,0.9650205761316872,0.8828235294117647,tta_tc,M-2022-10
5,absorber,2902,0.5406852248394004,0.6960716747070985,0.608617053329316,tta_tc,M-2022-10
6,degraded_noncollapsed,2429,0.3333333333333333,0.3976945244956772,0.36268068331143233,tta_tc,M-2022-10
7,,39,0.2,0.02564102564102564,0.045454545454545456,tta_tc,M-2022-10
8,stable,1940,0.8856998992950654,0.906701030927835,0.8960774325012736,tta_tc,M-2022-10
9,degraded_noncollapsed,1291,0.4794745484400657,0.22618125484120838,0.30736842105263157,tta_tc,M-2022-10
10,final_collapsed;gradual_collapsed,1434,0.6622662266226622,0.4198047419804742,0.5138711054204012,tta_tc,M-2022-10
11,degraded_noncollapsed,2001,0.25203252032520324,0.2013993003498251,0.2238888888888889,tta_tc,M-2022-10
12,degraded_noncollapsed,2580,0.7851074462768616,0.6089147286821706,0.685876446190788,tta_tc,M-2022-10
13,absorber,1607,0.32935231970601747,0.44617299315494713,0.37896405919661735,tta_tc,M-2022-10
14,absorber;degraded_noncollapsed,10007,0.4260857060684498,0.2960927350854402,0.3493897765461942,tta_tc,M-2022-10
15,stable,951,0.8346915017462165,0.7539432176656151,0.7922651933701658,tta_tc,M-2022-10
16,,2405,0.35567970204841715,0.15883575883575884,0.21960333429146306,tta_tc,M-2022-10
17,,11892,0.9007780473521292,0.9053985872855701,0.9030824072132523,tta_tc,M-2022-10
18,,43004,0.8901006891517637,0.9640963631290113,0.9256220488262282,tta_tc,M-2022-10
19,degraded_noncollapsed,29160,0.7722880430215948,0.6303840877914952,0.6941580756013745,tta_tc,M-2022-10
20,,2388,0.5098087906630245,0.859715242881072,0.640062353858145,tta_tc,M-2022-10
21,,3959,0.9140974967061923,0.8762313715584744,0.8947639927779211,tta_tc,M-2022-10
22,,1178,0.7315026697177727,0.8140916808149405,0.7705905986339896,tta_tc,M-2022-10
23,,8236,0.882226738934056,0.9486401165614375,0.9142288790077229,tta_tc,M-2022-10
24,degraded_noncollapsed,12024,0.9250373495034713,0.8754158349966733,0.8995427936589326,tta_tc,M-2022-10
25,,46993,0.894018233422207,0.884791351903475,0.8893808622367675,tta_tc,M-2022-10
26,final_collapsed;abrupt_collapsed,1400,0.48616004026170107,0.69,0.5704162976085031,tta_tc,M-2022-10
27,,10235,0.9750587754267607,0.9319980459208598,0.9530422619642321,tta_tc,M-2022-10
28,degraded_noncollapsed,11735,0.7127747252747253,0.4421815083084789,0.5457796476465948,tta_tc,M-2022-10
29,,34921,0.8108547389891007,0.7285873829500873,0.7675228887313534,tta_tc,M-2022-10
30,,991,0.8742857142857143,0.3087790110998991,0.4563758389261745,tta_tc,M-2022-10
31,,1938,0.934301958307012,0.7631578947368421,0.8401022436807725,tta_tc,M-2022-10
32,degraded_noncollapsed,1783,0.4172077922077922,0.43241727425687043,0.4246763976865877,tta_tc,M-2022-10
33,,124,0.45652173913043476,0.5080645161290323,0.48091603053435117,tta_tc,M-2022-10
34,degraded_noncollapsed,1682,0.7477064220183486,0.4845422116527943,0.588023088023088,tta_tc,M-2022-10
35,,2194,0.961520190023753,0.9225159525979946,0.9416143289137009,tta_tc,M-2022-10
36,degraded_noncollapsed,2648,0.9785035138486978,0.8938821752265861,0.9342806394316163,tta_tc,M-2022-10
37,,1115,0.9686274509803922,0.8860986547085202,0.9255269320843091,tta_tc,M-2022-10
38,final_collapsed;abrupt_collapsed,92,0.3333333333333333,0.2717391304347826,0.2994011976047904,tta_tc,M-2022-10
39,,4329,0.8819229065130705,0.9196119196119196,0.9003731765238041,tta_tc,M-2022-10
40,degraded_noncollapsed,981,0.9214501510574018,0.6218144750254841,0.7425441265976872,tta_tc,M-2022-10
41,,2408,0.6437527021184609,0.6183554817275747,0.6307985596271977,tta_tc,M-2022-10
42,degraded_noncollapsed,2235,0.6233480176211453,0.2532438478747204,0.3601654470251352,tta_tc,M-2022-10
43,,2062,0.7222222222222222,0.8132880698351116,0.7650547445255474,tta_tc,M-2022-10
44,stable,1081,0.9494949494949495,0.9565217391304348,0.9529953917050691,tta_tc,M-2022-10
45,absorber,1536,0.7896318557475582,0.6842447916666666,0.733170561562609,tta_tc,M-2022-10
46,absorber,11714,0.5717274357441722,0.6532354447669455,0.6097697027651605,tta_tc,M-2022-10
47,final_collapsed;gradual_collapsed,34,0.0,0.0,0.0,tta_tc,M-2022-10
48,final_collapsed;abrupt_collapsed,2986,0.12,0.0010046885465505692,0.0019926934573231483,tta_tc,M-2022-10
49,,42912,0.8794709341949163,0.8119407158836689,0.8443577409153146,tta_tc,M-2022-10
50,degraded_noncollapsed,3110,0.47196870925684486,0.11639871382636656,0.18674232654114006,tta_tc,M-2022-10
51,,16876,0.9027960432271713,0.935589002133207,0.9189000436490615,tta_tc,M-2022-10
52,,2218,0.7160148975791434,0.6934174932371506,0.7045350435180944,tta_tc,M-2022-10
53,,11906,0.9264782382521242,0.8975306568116915,0.9117747440273037,tta_tc,M-2022-10
54,degraded_noncollapsed,6595,0.7569820758649437,0.2753601213040182,0.40382477207026907,tta_tc,M-2022-10
55,degraded_noncollapsed,5643,0.9861733203505355,0.8973950026581605,0.9396919651141213,tta_tc,M-2022-10
56,final_collapsed;abrupt_collapsed,10706,0.8232558139534883,0.0330655707080142,0.06357758620689655,tta_tc,M-2022-10
57,stable,2065,0.9907856450048497,0.9893462469733656,0.9900654228252969,tta_tc,M-2022-10
58,,2316,0.9956933677863911,0.998272884283247,0.9969814575247952,tta_tc,M-2022-10
59,stable,8856,0.97829216967549,0.9974028906955736,0.9877551020408163,tta_tc,M-2022-10
60,,59907,0.9087416442698643,0.8804814128565944,0.8943883477037075,tta_tc,M-2022-10
61,,22920,0.5496575798758228,0.899956369982548,0.6824821744668883,tta_tc,M-2022-10
62,stable,24087,0.9326403996454757,0.9610993481961224,0.9466560346766444,tta_tc,M-2022-10
63,,12148,0.6442440490697864,0.6527823510042805,0.6484850962914503,tta_tc,M-2022-10
64,stable,4110,0.8606818739269071,0.8537712895377129,0.8572126542078906,tta_tc,M-2022-10
65,,3253,0.8805067664843075,0.9400553335382723,0.9093071662206363,tta_tc,M-2022-10
66,final_collapsed;abrupt_collapsed,4226,0.797329681615885,0.5511121628017037,0.6517419896460053,tta_tc,M-2022-10
67,,4304,0.36765256458255335,0.22815985130111524,0.28157706093189966,tta_tc,M-2022-10
68,,3689,0.43165933212529123,0.9040390349688262,0.5843188786684187,tta_tc,M-2022-10
69,final_collapsed;abrupt_collapsed,1232,0.06832298136645963,0.017857142857142856,0.028314028314028315,tta_tc,M-2022-10
70,degraded_noncollapsed,1735,0.7639484978540773,0.41037463976945243,0.5339332583427071,tta_tc,M-2022-10
71,absorber,63797,0.6856690113627579,0.8342555292568616,0.7526994251126087,tta_tc,M-2022-10
72,,10327,0.43996254973862836,0.5460443497627578,0.4872969236087107,tta_tc,M-2022-10
73,,13787,0.8428902883659264,0.9222455936752013,0.8807841507342754,tta_tc,M-2022-10
74,,3353,0.5391963109354414,0.4882195049209663,0.5124432618563155,tta_tc,M-2022-10
75,degraded_noncollapsed,11581,0.4745098039215686,0.3970296174769018,0.43232570165953643,tta_tc,M-2022-10
76,stable,4405,0.9007936507936508,0.876049943246311,0.88824951087582,tta_tc,M-2022-10
77,,27623,0.8159231297185998,0.6455489990225537,0.7208052063543393,tta_tc,M-2022-10
78,,16173,0.8096930533117932,0.7747480368515427,0.791835187057634,tta_tc,M-2022-10
79,,12335,0.8968009352747369,0.6840697203080665,0.7761221486387049,tta_tc,M-2022-10
80,degraded_noncollapsed,1260,0.4861111111111111,0.2777777777777778,0.35353535353535354,tta_tc,M-2022-10
81,,3661,0.8791517629024016,0.9399071291996722,0.9085148514851485,tta_tc,M-2022-10
82,,35248,0.6811035794981567,0.8124432591920109,0.7409985380306108,tta_tc,M-2022-10
83,,32633,0.9370327599829819,0.9448717555848374,0.9409359312775599,tta_tc,M-2022-10
84,,1777,0.9262872628726287,0.9617332583005065,0.943677526228603,tta_tc,M-2022-10
85,,1115,0.8738489871086557,0.8511210762331839,0.862335302135393,tta_tc,M-2022-10
86,,52904,0.8972290138549307,0.8323756237713594,0.8635864449325384,tta_tc,M-2022-10
87,,7329,0.8949446071565007,0.958930276981853,0.9258332235542089,tta_tc,M-2022-10
88,,229,0.20717131474103587,0.45414847161572053,0.28454172366621067,tta_tc,M-2022-10
89,,613,0.782608695652174,0.7928221859706363,0.7876823338735819,tta_tc,M-2022-10
90,,6090,0.8554271130460892,0.9356321839080459,0.8937338247980551,tta_tc,M-2022-10
91,,3610,0.9053908355795148,0.9304709141274238,0.91775956284153,tta_tc,M-2022-10
92,,1810,0.9434075857916917,0.8657458563535911,0.9029098242581388,tta_tc,M-2022-10
93,,34838,0.8355264980469291,0.8657213387680119,0.8503559596813984,tta_tc,M-2022-10
94,stable,350,0.5846645367412141,0.5228571428571429,0.5520361990950227,tta_tc,M-2022-10
95,,4023,0.8465025906735751,0.9746457867263236,0.9060658578856152,tta_tc,M-2022-10
96,absorber;degraded_noncollapsed,61021,0.7817100066676924,0.7492994215106275,0.7651616574067877,tta_tc,M-2022-10
97,,45643,0.8210836131492766,0.8679096466051749,0.8438475220739384,tta_tc,M-2022-10
98,stable,59567,0.9961067853170189,0.9922104520959592,0.9941548010529768,tta_tc,M-2022-10
99,stable,27230,0.9459217209441291,0.9301505692251194,0.937969855201274,tta_tc,M-2022-10
100,,27178,0.8899539073957679,0.6251747737140334,0.7344283553058137,tta_tc,M-2022-10
101,degraded_noncollapsed,55343,0.9799733333333334,0.6640225502773612,0.7916374955570156,tta_tc,M-2022-10
102,,56050,0.8754098360655738,0.9908296164139161,0.929550590007532,tta_tc,M-2022-10
103,degraded_noncollapsed,2918,0.6157049375371803,0.7093899931459904,0.6592356687898089,tta_tc,M-2022-10
104,final_collapsed;gradual_collapsed,2391,0.05371900826446281,0.010874111250522794,0.01808695652173913,tta_tc,M-2022-10
105,absorber;degraded_noncollapsed,4902,0.4701130856219709,0.3561811505507956,0.4052924791086351,tta_tc,M-2022-10
106,,2736,0.9331665475339528,0.9543128654970761,0.9436212504517528,tta_tc,M-2022-10
107,stable,3189,0.886734120292299,0.9893383505801192,0.9352304728027271,tta_tc,M-2022-10
108,,5587,0.8241593488969801,0.6887417218543046,0.750390015600624,tta_tc,M-2022-10
109,final_collapsed;abrupt_collapsed,1824,0.9615608619685498,0.9051535087719298,0.9325049421067495,tta_tc,M-2022-10
110,,8030,0.8077112589307711,0.8165628891656289,0.8121129551647263,tta_tc,M-2022-10
111,degraded_noncollapsed,2242,0.49874434957307884,0.4429081177520071,0.46917080085046065,tta_tc,M-2022-10
112,degraded_noncollapsed,1706,0.7258328782086292,0.7790152403282532,0.7514843087362172,tta_tc,M-2022-10
113,stable,4746,0.9896689858739195,0.9890434049726086,0.9893560965328275,tta_tc,M-2022-10
114,,820,0.9492924528301887,0.9817073170731707,0.9652278177458034,tta_tc,M-2022-10
115,,21104,0.8908384114309729,0.8035443517816527,0.8449427005480817,tta_tc,M-2022-10
116,,4100,0.8886210221793636,0.8990243902439025,0.8937924345295829,tta_tc,M-2022-10
117,,83533,0.6509177635551262,0.7743406797313637,0.7072852027008556,tta_tc,M-2022-10
118,degraded_noncollapsed,2917,0.8020624462904612,0.9598902982516284,0.8739076154806492,tta_tc,M-2022-10
119,stable,2621,0.8120857699805069,0.7947348340328119,0.803316621673737,tta_tc,M-2022-10
120,,2381,0.7876739562624254,0.8320033599328014,0.8092320261437909,tta_tc,M-2022-10
121,final_collapsed;gradual_collapsed,205,0.016129032258064516,0.00975609756097561,0.0121580547112462,tta_tc,M-2022-10
122,,57235,0.8730992433703078,0.8306455839958068,0.8513434867083904,tta_tc,M-2022-10
123,degraded_noncollapsed,8886,0.9321747525947381,0.43461625028134143,0.5928313761608719,tta_tc,M-2022-10
124,,24809,0.8734932663237661,0.8967310250312387,0.8849596244878476,tta_tc,M-2022-10
125,,3524,0.5490128160720471,0.8995459704880817,0.6818670681867068,tta_tc,M-2022-10
126,,807,0.7339782345828295,0.7521685254027262,0.7429620563035496,tta_tc,M-2022-10
127,,8546,0.8791966426858513,0.6864029955534753,0.7709291628334867,tta_tc,M-2022-10
128,stable,4543,0.8938900203665988,0.9661016949152542,0.9285940971120279,tta_tc,M-2022-10
129,degraded_noncollapsed,31048,0.8584124115077572,0.9177724813192476,0.8871005401366686,tta_tc,M-2022-10
130,stable,6353,0.7453261864295987,0.8973713206359201,0.814312241108413,tta_tc,M-2022-10
131,stable,26225,0.9070749348312956,0.9420781696854147,0.9242452583143167,tta_tc,M-2022-10
132,stable,18623,0.9349565614997714,0.8783762014712989,0.9057836595697555,tta_tc,M-2022-10
133,,46808,0.7564029880610952,0.9691292086822766,0.8496534931635138,tta_tc,M-2022-10
134,,8353,0.9237798083351906,0.9924577995929607,0.9568880937265539,tta_tc,M-2022-10
135,,2978,0.4335223692501575,0.4620550705171256,0.44733420026007803,tta_tc,M-2022-10
136,,17861,0.8240905695074996,0.8028665808185432,0.8133401395269696,tta_tc,M-2022-10
137,degraded_noncollapsed,600,0.46120689655172414,0.3566666666666667,0.40225563909774437,tta_tc,M-2022-10
138,degraded_noncollapsed,17872,0.7660494764000607,0.5648500447627574,0.6502415458937199,tta_tc,M-2022-10
139,degraded_noncollapsed,1906,0.2173469387755102,0.22350472193074503,0.22038282462493533,tta_tc,M-2022-10
140,,39024,0.7920317634173056,0.7412105371053711,0.7657788838292915,tta_tc,M-2022-10
141,,1846,0.6271097046413502,0.6440953412784398,0.635489043292357,tta_tc,M-2022-10
142,,27783,0.6637007898598233,0.765180146132527,0.7108369278095429,tta_tc,M-2022-10
143,degraded_noncollapsed,4318,0.5639168765743073,0.41477535896248263,0.477982385908727,tta_tc,M-2022-10
144,stable,2456,0.9875827814569537,0.9714983713355049,0.9794745484400657,tta_tc,M-2022-10
145,stable,1504,0.9953302201467645,0.9920212765957447,0.9936729936729937,tta_tc,M-2022-10
146,,5568,0.9809894145603802,0.8155531609195402,0.8906541139550849,tta_tc,M-2022-10
147,degraded_noncollapsed,801,0.5483870967741935,0.16978776529338327,0.25929456625357483,tta_tc,M-2022-10
148,,5342,0.8173959068454482,0.8672781729689255,0.8415985467756585,tta_tc,M-2022-10
149,,56482,0.7001995496402614,0.6771537835062498,0.6884838666126637,tta_tc,M-2022-10
150,degraded_noncollapsed,1195,0.8460606060606061,0.5841004184100418,0.691089108910891,tta_tc,M-2022-10
151,,2077,0.7302737520128825,0.8733750601829562,0.7954395965796974,tta_tc,M-2022-10
152,degraded_noncollapsed,618,0.9274691358024691,0.9724919093851133,0.9494470774091627,tta_tc,M-2022-10
153,,90325,0.860499628988375,0.8088458344865762,0.8338735818476499,tta_tc,M-2022-10
154,,3149,0.6968670618120237,0.5227056208320101,0.5973507530393758,tta_tc,M-2022-10
155,,9885,0.6575663026521061,0.6822458270106222,0.6696787647088029,tta_tc,M-2022-10
156,absorber,24907,0.7649390033772141,0.8911952463162967,0.8232545201668985,tta_tc,M-2022-10
157,,1745,0.33656873032528856,0.735243553008596,0.4617599424149721,tta_tc,M-2022-10
158,,11346,0.7378019895783988,0.8236382866208355,0.7783608195902049,tta_tc,M-2022-10
159,,2457,0.5283129013426737,0.36833536833536834,0.434052757793765,tta_tc,M-2022-10
160,,2407,0.49168528170761977,0.8230162027420025,0.6155997513983841,tta_tc,M-2022-10
161,,929,0.987389659520807,0.8428417653390743,0.9094076655052264,tta_tc,M-2022-10
162,,255,0.4230769230769231,0.5607843137254902,0.4822934232715008,tta_tc,M-2022-10
163,final_collapsed;gradual_collapsed,2116,0.10742857142857143,0.0444234404536862,0.06285523236375794,tta_tc,M-2022-10
164,,2237,0.19122876333465033,0.6490835940992401,0.29542217700915563,tta_tc,M-2022-10
165,,6592,0.6172769420001892,0.9896844660194175,0.7603286521764466,tta_tc,M-2022-10
166,degraded_noncollapsed,3035,0.6762948207171314,0.44744645799011534,0.5385683125123935,tta_tc,M-2022-10
167,degraded_noncollapsed,125,0.07407407407407407,0.208,0.1092436974789916,tta_tc,M-2022-10
168,,4172,0.6441241685144125,0.8355704697986577,0.7274624373956594,tta_tc,M-2022-10
169,,2044,0.87,0.9363992172211351,0.9019792648444863,tta_tc,M-2022-10
170,,3079,0.6897427754842808,0.7054238389087366,0.697495183044316,tta_tc,M-2022-10
171,,7488,0.6740982841134586,0.7712339743589743,0.7194020554344441,tta_tc,M-2022-10
172,,8866,0.8353190362721736,0.7117076471915181,0.7685749086479903,tta_tc,M-2022-10
173,degraded_noncollapsed,1393,0.9808126410835214,0.6238334529791816,0.7626151820974112,tta_tc,M-2022-10
174,final_collapsed;abrupt_collapsed,2702,0.0,0.0,0.0,tta_tc,M-2022-10
175,,36003,0.6134361233480177,0.6652501180457184,0.6382933361759964,tta_tc,M-2022-10
176,degraded_noncollapsed,3404,0.512486659551761,0.7053466509988249,0.5936456916800593,tta_tc,M-2022-10
177,,1613,0.47698589458054935,0.796652200867948,0.5967030415602508,tta_tc,M-2022-10
0,,1567,0.9080906148867314,0.8953414167198468,0.9016709511568124,tta_tc,M-2022-11
1,,7396,0.8843923016082257,0.9071119524067063,0.895608063008944,tta_tc,M-2022-11
2,absorber,7710,0.48685792819103246,0.7351491569390403,0.5857792476229847,tta_tc,M-2022-11
3,,1321,0.7088465845464725,0.9583648750946253,0.8149340199549404,tta_tc,M-2022-11
4,,1300,0.600392734413353,0.9407692307692308,0.7329937069223854,tta_tc,M-2022-11
5,absorber,2225,0.47020065887990414,0.7056179775280899,0.5643421998562186,tta_tc,M-2022-11
6,degraded_noncollapsed,2352,0.47173489278752434,0.41156462585034015,0.4396003633060854,tta_tc,M-2022-11
7,,52,0.13636363636363635,0.057692307692307696,0.08108108108108109,tta_tc,M-2022-11
8,stable,2069,0.8890675241157556,0.8018366360560657,0.8432020330368488,tta_tc,M-2022-11
9,degraded_noncollapsed,1414,0.49145299145299143,0.24398868458274398,0.32608695652173914,tta_tc,M-2022-11
10,final_collapsed;gradual_collapsed,2038,0.488659793814433,0.11629048086359176,0.187871581450654,tta_tc,M-2022-11
11,degraded_noncollapsed,3055,0.33051359516616313,0.17905073649754502,0.23227176220806794,tta_tc,M-2022-11
12,degraded_noncollapsed,2343,0.4402390438247012,0.18864703371745625,0.264117119808784,tta_tc,M-2022-11
13,absorber,2295,0.32802547770700635,0.538562091503268,0.40771895101434935,tta_tc,M-2022-11
14,absorber;degraded_noncollapsed,12202,0.41625143733231124,0.26700540894935254,0.3253282740026961,tta_tc,M-2022-11
15,stable,848,0.7791116446578632,0.7653301886792453,0.7721594289113622,tta_tc,M-2022-11
16,,2260,0.27597955706984667,0.1433628318584071,0.18870122306348283,tta_tc,M-2022-11
17,,13481,0.7887287699433865,0.9094280839700319,0.8447889750215332,tta_tc,M-2022-11
18,,45913,0.8899206138650232,0.9497745736501645,0.9188739279769054,tta_tc,M-2022-11
19,degraded_noncollapsed,38480,0.8171123368009495,0.6082900207900208,0.6974048803742217,tta_tc,M-2022-11
20,,2049,0.44643746885899355,0.874572962420693,0.5911265050305129,tta_tc,M-2022-11
21,,4103,0.8765560165975104,0.8237874725810382,0.8493529337856515,tta_tc,M-2022-11
22,,1125,0.6505016722408027,0.6915555555555556,0.6704006893580353,tta_tc,M-2022-11
23,,8443,0.8454419742580577,0.9413715503967784,0.8908316520959426,tta_tc,M-2022-11
24,degraded_noncollapsed,3411,0.7505438723712835,0.6068601583113457,0.6710974225968552,tta_tc,M-2022-11
25,,49655,0.8637096457079941,0.8847044607793777,0.8740810012236736,tta_tc,M-2022-11
26,final_collapsed;abrupt_collapsed,1647,0.5991855730075626,0.6253794778384942,0.6120023767082591,tta_tc,M-2022-11
27,,13927,0.9483455418034857,0.5391685215767933,0.6874799725337606,tta_tc,M-2022-11
28,degraded_noncollapsed,11258,0.701981332896676,0.38079587848640967,0.4937517995968903,tta_tc,M-2022-11
29,,44227,0.8437445537159218,0.7662513849006263,0.8031329983884729,tta_tc,M-2022-11
30,,544,0.8372703412073491,0.5863970588235294,0.6897297297297297,tta_tc,M-2022-11
31,,1379,0.8541401273885351,0.9724437998549673,0.9094608341810784,tta_tc,M-2022-11
32,degraded_noncollapsed,1503,0.30299471520845567,0.34331337325349304,0.32189644416718655,tta_tc,M-2022-11
33,,210,0.5409090909090909,0.5666666666666667,0.5534883720930233,tta_tc,M-2022-11
34,degraded_noncollapsed,2035,0.8279009126466753,0.6240786240786241,0.7116839450826562,tta_tc,M-2022-11
35,,1657,0.9450830140485313,0.8931804465902233,0.9183990071362085,tta_tc,M-2022-11
36,degraded_noncollapsed,1121,0.9605543710021321,0.8037466547725245,0.875182127246236,tta_tc,M-2022-11
37,,1388,0.9626623376623377,0.8544668587896254,0.9053435114503817,tta_tc,M-2022-11
38,final_collapsed;abrupt_collapsed,90,0.3142857142857143,0.24444444444444444,0.275,tta_tc,M-2022-11
39,,4557,0.8272058823529411,0.9381171823568137,0.8791773778920309,tta_tc,M-2022-11
40,degraded_noncollapsed,1040,0.8973966309341501,0.5634615384615385,0.6922622563496751,tta_tc,M-2022-11
41,,2746,0.6618086696562033,0.6449380917698471,0.6532644780523792,tta_tc,M-2022-11
42,degraded_noncollapsed,2364,0.6670235546038544,0.26353637901861254,0.37780473013947846,tta_tc,M-2022-11
43,,2936,0.7806056701030928,0.8252724795640327,0.802317880794702,tta_tc,M-2022-11
44,stable,1284,0.915680473372781,0.9641744548286605,0.9393019726858877,tta_tc,M-2022-11
45,absorber,1723,0.8101884159106769,0.67382472431805,0.7357414448669202,tta_tc,M-2022-11
46,absorber,12142,0.7205910210267096,0.6265854060286609,0.6703083700440529,tta_tc,M-2022-11
47,final_collapsed;gradual_collapsed,83,0.0,0.0,0.0,tta_tc,M-2022-11
48,final_collapsed;abrupt_collapsed,2978,0.21153846153846154,0.0036937541974479517,0.007260726072607261,tta_tc,M-2022-11
49,,48158,0.8804347826086957,0.8056605340753353,0.8413896298223928,tta_tc,M-2022-11
50,degraded_noncollapsed,1438,0.2368663594470046,0.1787204450625869,0.20372572334522393,tta_tc,M-2022-11
51,,16638,0.8841055786076533,0.9220459189806467,0.9026772580170639,tta_tc,M-2022-11
52,,2464,0.7466666666666667,0.6590909090909091,0.7001508945893512,tta_tc,M-2022-11
53,,8909,0.8674182085528734,0.7945897407116399,0.8294083186877563,tta_tc,M-2022-11
54,degraded_noncollapsed,8068,0.8240418118466899,0.3517600396628656,0.4930507296733843,tta_tc,M-2022-11
55,degraded_noncollapsed,5499,0.9661741835147745,0.9038006910347336,0.9339471953396599,tta_tc,M-2022-11
56,final_collapsed;abrupt_collapsed,15132,0.8855507868383404,0.08181337562780862,0.14978826376285542,tta_tc,M-2022-11
57,stable,2855,0.9634812286689419,0.9887915936952715,0.975972342264477,tta_tc,M-2022-11
58,,204,0.926605504587156,0.9901960784313726,0.957345971563981,tta_tc,M-2022-11
59,stable,9194,0.9814457314457314,0.9953230367631064,0.9883356733988552,tta_tc,M-2022-11
60,,58993,0.894486138240636,0.8849185496584341,0.8896766222146478,tta_tc,M-2022-11
61,,24608,0.5416969727370771,0.8776820546163849,0.6699235409978442,tta_tc,M-2022-11
62,stable,25853,0.9149594694178335,0.9605074846246083,0.9371803823146453,tta_tc,M-2022-11
63,,14361,0.5977728285077951,0.560685189053687,0.5786353346987173,tta_tc,M-2022-11
64,stable,2134,0.669098869025903,0.85941893158388,0.7524102564102564,tta_tc,M-2022-11
65,,3979,0.7048350824587706,0.945212364915808,0.8075147611379495,tta_tc,M-2022-11
66,final_collapsed;abrupt_collapsed,3279,0.029296875,0.004574565416285453,0.007913479293062516,tta_tc,M-2022-11
67,,2508,0.25485436893203883,0.2511961722488038,0.25301204819277107,tta_tc,M-2022-11
68,,3760,0.48488305761551626,0.9042553191489362,0.6312662458225028,tta_tc,M-2022-11
69,final_collapsed;abrupt_collapsed,2284,0.033426183844011144,0.005253940455341506,0.009080590238365494,tta_tc,M-2022-11
70,degraded_noncollapsed,1791,0.28331466965285557,0.2825237297599107,0.28291864691081914,tta_tc,M-2022-11
71,absorber,64126,0.6296917007087741,0.8437295324829243,0.7211644196229232,tta_tc,M-2022-11
72,,9807,0.4311646708870414,0.5764250025491996,0.49332402478401255,tta_tc,M-2022-11
73,,14224,0.8280270744547505,0.9288526434195725,0.8755467196819086,tta_tc,M-2022-11
74,,3465,0.4914887031878675,0.4582972582972583,0.4743130227001195,tta_tc,M-2022-11
75,degraded_noncollapsed,11835,0.4487579201448255,0.3770173215040135,0.4097713288639912,tta_tc,M-2022-11
76,stable,4370,0.9004492787893119,0.8713958810068649,0.8856843819048726,tta_tc,M-2022-11
77,,29408,0.8082994101520312,0.6616906964091404,0.7276840806252571,tta_tc,M-2022-11
78,,16972,0.7744243371610654,0.7589559274098515,0.7666121112929624,tta_tc,M-2022-11
79,,12791,0.7888329519450801,0.6737549839731061,0.7267667397537527,tta_tc,M-2022-11
80,degraded_noncollapsed,1702,0.5115681233933161,0.23384253819036427,0.3209677419354839,tta_tc,M-2022-11
81,,3461,0.9333333333333333,0.9425021670037561,0.9378953421506613,tta_tc,M-2022-11
82,,46016,0.7956399065379359,0.7844010778859527,0.7899805213280515,tta_tc,M-2022-11
83,,32724,0.9169383577223443,0.7391211343356557,0.8184833000575277,tta_tc,M-2022-11
84,,704,0.7235228539576366,0.921875,0.8107432854465959,tta_tc,M-2022-11
85,,1258,0.8660194174757282,0.7090620031796503,0.7797202797202797,tta_tc,M-2022-11
86,,51038,0.8590703414232826,0.8183706258082213,0.8382267354351883,tta_tc,M-2022-11
87,,6282,0.8686280221380717,0.9493791786055397,0.9072102220870094,tta_tc,M-2022-11
88,,465,0.42705882352941177,0.7806451612903226,0.5520912547528517,tta_tc,M-2022-11
89,,591,0.6378162450066578,0.8104906937394247,0.713859910581222,tta_tc,M-2022-11
90,,5937,0.8063469675599436,0.9629442479366683,0.8777155139326015,tta_tc,M-2022-11
91,,3441,0.78099173553719,0.9337401918047079,0.8505625413633355,tta_tc,M-2022-11
92,,1467,0.5909330521876648,0.7641445126107703,0.6664684898929846,tta_tc,M-2022-11
93,,32818,0.7974865971061279,0.8430739228472179,0.8196468775921317,tta_tc,M-2022-11
94,stable,575,0.3102232667450059,0.4591304347826087,0.3702664796633941,tta_tc,M-2022-11
95,,4315,0.8449208575435785,0.9772885283893396,0.9062970126799914,tta_tc,M-2022-11
96,absorber;degraded_noncollapsed,63439,0.7937074155861314,0.6628887592805688,0.7224235969146725,tta_tc,M-2022-11
97,,44830,0.8405858771360104,0.8372295337943342,0.8389043484091595,tta_tc,M-2022-11
98,stable,62033,0.9954842351423272,0.9950349007786178,0.9952595172447153,tta_tc,M-2022-11
99,stable,29328,0.9592475386779185,0.9302032187670486,0.9445021465171028,tta_tc,M-2022-11
100,,25788,0.7865720045578053,0.6959826275787188,0.738509649014525,tta_tc,M-2022-11
101,degraded_noncollapsed,60583,0.9671328258688854,0.5410758793721011,0.6939255056786308,tta_tc,M-2022-11
102,,49858,0.8368360001364675,0.9839343736210838,0.904443215339233,tta_tc,M-2022-11
103,degraded_noncollapsed,2627,0.42703727100442196,0.5146555005709935,0.4667702399447609,tta_tc,M-2022-11
104,final_collapsed;gradual_collapsed,2719,0.23214285714285715,0.04303052592865024,0.0726031647533354,tta_tc,M-2022-11
105,absorber;degraded_noncollapsed,3883,0.3356986899563319,0.31676538758691736,0.3259573340400159,tta_tc,M-2022-11
106,,2900,0.7860858257477243,0.8337931034482758,0.8092369477911646,tta_tc,M-2022-11
107,stable,4847,0.7101959583588487,0.9570868578502166,0.8153616310747869,tta_tc,M-2022-11
108,,6216,0.81421143847487,0.7557915057915058,0.7839145669948273,tta_tc,M-2022-11
109,final_collapsed;abrupt_collapsed,1499,0.6734982332155477,0.6357571714476318,0.6540837336993823,tta_tc,M-2022-11
110,,9331,0.7883441622366607,0.8582145536384096,0.821796911078044,tta_tc,M-2022-11
111,degraded_noncollapsed,2273,0.3987154150197628,0.3550373955125385,0.37561089131952524,tta_tc,M-2022-11
112,degraded_noncollapsed,1900,0.7019867549668874,0.6694736842105263,0.6853448275862069,tta_tc,M-2022-11
113,stable,5194,0.992264552310965,0.9878706199460916,0.9900627110467921,tta_tc,M-2022-11
114,,1403,0.9569444444444445,0.9821810406272273,0.9693985226873022,tta_tc,M-2022-11
115,,24533,0.8789861371642952,0.7831084661476378,0.8282819573183876,tta_tc,M-2022-11
116,,4443,0.8680337756332931,0.8098131892865181,0.8379133674895203,tta_tc,M-2022-11
117,,94992,0.65362252988251,0.7420203806636348,0.6950219640981902,tta_tc,M-2022-11
118,degraded_noncollapsed,4590,0.8955705485479613,0.6651416122004358,0.7633454181772722,tta_tc,M-2022-11
119,stable,2028,0.9014803471158754,0.8708086785009862,0.8858791070980687,tta_tc,M-2022-11
120,,1965,0.8444444444444444,0.8702290076335878,0.8571428571428571,tta_tc,M-2022-11
121,final_collapsed;gradual_collapsed,43,0.011834319526627219,0.046511627906976744,0.018867924528301886,tta_tc,M-2022-11
122,,62698,0.8681701691440287,0.8104564738907142,0.8383211799254298,tta_tc,M-2022-11
123,degraded_noncollapsed,7947,0.948666532985763,0.5953189882974708,0.7315602288541828,tta_tc,M-2022-11
124,,31849,0.8762522097819682,0.8870922163961192,0.8816388940897459,tta_tc,M-2022-11
125,,2900,0.486904088939137,0.8910344827586207,0.6297063482393079,tta_tc,M-2022-11
126,,3815,0.8778443113772455,0.7685452162516383,0.8195667365478686,tta_tc,M-2022-11
127,,8210,0.8362407031778228,0.7532277710109623,0.7925664851009292,tta_tc,M-2022-11
128,stable,4728,0.8963740836140281,0.9568527918781726,0.9256265984654731,tta_tc,M-2022-11
129,degraded_noncollapsed,35318,0.8055493977684179,0.617333937369047,0.6989933316234932,tta_tc,M-2022-11
130,stable,7095,0.8074367312314435,0.8049330514446793,0.8061829474872954,tta_tc,M-2022-11
131,stable,27358,0.896557749432116,0.9377512976094744,0.9166919764886642,tta_tc,M-2022-11
132,stable,21202,0.9283204497540407,0.8722762003584568,0.8994261258632429,tta_tc,M-2022-11
133,,51526,0.7342452441250957,0.9678026627333773,0.8349994139414946,tta_tc,M-2022-11
134,,8608,0.8863304855178162,0.9882667286245354,0.93452707898495,tta_tc,M-2022-11
135,,2755,0.6008359456635318,0.8348457350272233,0.6987695579523013,tta_tc,M-2022-11
136,,18290,0.8145801190213797,0.8082558775287042,0.8114056753938197,tta_tc,M-2022-11
137,degraded_noncollapsed,2562,0.8603945371775418,0.6639344262295082,0.7495042961004627,tta_tc,M-2022-11
138,degraded_noncollapsed,19416,0.7364838329624296,0.5795220436753193,0.6486424165561768,tta_tc,M-2022-11
139,degraded_noncollapsed,2252,0.22027397260273973,0.17850799289520428,0.19720382634289918,tta_tc,M-2022-11
140,,39677,0.7832934392340333,0.7257857196864682,0.7534438324982666,tta_tc,M-2022-11
141,,1798,0.6220595922634605,0.6618464961067854,0.6413365669630827,tta_tc,M-2022-11
142,,27411,0.6292248895258569,0.7688154390573128,0.692051294681707,tta_tc,M-2022-11
143,degraded_noncollapsed,6282,0.6251402918069585,0.44333014963387457,0.5187668808792028,tta_tc,M-2022-11
144,stable,3033,0.9855263157894737,0.987800857237059,0.9866622756463033,tta_tc,M-2022-11
145,stable,1523,0.9967148488830486,0.9960604070912672,0.9963875205254515,tta_tc,M-2022-11
146,,6358,0.9360842844600527,0.8384712173639509,0.8845930473740977,tta_tc,M-2022-11
147,degraded_noncollapsed,661,0.6,0.4084720121028744,0.48604860486048607,tta_tc,M-2022-11
148,,5510,0.7787137534424105,0.8724137931034482,0.8229050757510913,tta_tc,M-2022-11
149,,43255,0.6090721243727246,0.715524216853543,0.6580206229403636,tta_tc,M-2022-11
150,degraded_noncollapsed,1522,0.8554720133667502,0.6727989487516426,0.7532180948878264,tta_tc,M-2022-11
151,,1879,0.6533929297033726,0.8557743480574774,0.7410138248847926,tta_tc,M-2022-11
152,degraded_noncollapsed,861,0.8035928143712575,0.7793263646922184,0.7912735849056604,tta_tc,M-2022-11
153,,98813,0.83279636777356,0.7926285002985437,0.8122161153168101,tta_tc,M-2022-11
154,,3641,0.6994970662196144,0.45839055204614115,0.5538410486145677,tta_tc,M-2022-11
155,,11344,0.3360731396422135,0.6740126939351199,0.4485115119518991,tta_tc,M-2022-11
156,absorber,26239,0.6966009356309587,0.8966424025305842,0.7840634529185343,tta_tc,M-2022-11
157,,1255,0.2869967355821545,0.8406374501992032,0.4279050902453863,tta_tc,M-2022-11
158,,11070,0.702843786521231,0.8149051490514905,0.7547375026145158,tta_tc,M-2022-11
159,,2820,0.5684754521963824,0.3120567375886525,0.40293040293040294,tta_tc,M-2022-11
160,,1939,0.3750678978815861,0.7122227952552862,0.4913716420565736,tta_tc,M-2022-11
161,,785,0.9759398496240601,0.8267515923566879,0.8951724137931034,tta_tc,M-2022-11
162,,172,0.34051724137931033,0.45930232558139533,0.3910891089108911,tta_tc,M-2022-11
163,final_collapsed;gradual_collapsed,2302,0.05390070921985816,0.016507384882710686,0.02527435982707017,tta_tc,M-2022-11
164,,2479,0.11479814115596863,0.6377571601452199,0.1945726416835887,tta_tc,M-2022-11
165,,5518,0.4296593857226546,0.9304095686843059,0.5878513768821205,tta_tc,M-2022-11
166,degraded_noncollapsed,2277,0.5231822971549,0.43610013175230566,0.47568862275449103,tta_tc,M-2022-11
167,degraded_noncollapsed,74,0.031161473087818695,0.14864864864864866,0.05152224824355972,tta_tc,M-2022-11
168,,4608,0.7109566639411283,0.7547743055555556,0.7322105263157894,tta_tc,M-2022-11
169,,2048,0.8367071524966262,0.908203125,0.8709904003746195,tta_tc,M-2022-11
170,,3086,0.4676556420233463,0.6231367465975373,0.5343150875243123,tta_tc,M-2022-11
171,,7763,0.6411128659944114,0.6797629782300657,0.6598724521695636,tta_tc,M-2022-11
172,,9888,0.8027743595480479,0.7257281553398058,0.7623094491953046,tta_tc,M-2022-11
173,degraded_noncollapsed,1166,0.9610062893081761,0.6552315608919382,0.7791942886282509,tta_tc,M-2022-11
174,final_collapsed;abrupt_collapsed,3249,0.9090909090909091,0.09233610341643583,0.16764459346186086,tta_tc,M-2022-11
175,,35700,0.5850373695764781,0.6643697478991597,0.6221849136291496,tta_tc,M-2022-11
176,degraded_noncollapsed,3833,0.5052099778970635,0.4174276024002087,0.45714285714285713,tta_tc,M-2022-11
177,,2272,0.6107226107226107,0.8072183098591549,0.6953554502369669,tta_tc,M-2022-11
0,,950,0.40019102196752626,0.8821052631578947,0.5505913272010512,tta_tc,M-2022-12
1,,3117,0.7812821391840933,0.7311517484760988,0.7553861451773285,tta_tc,M-2022-12
2,absorber,3678,0.37243589743589745,0.6318651441000543,0.4686428715466828,tta_tc,M-2022-12
3,,743,0.8403263403263403,0.9703903095558546,0.9006870705808869,tta_tc,M-2022-12
4,,869,0.6326219512195121,0.9551208285385501,0.761118752865658,tta_tc,M-2022-12
5,absorber,1080,0.31061192873741283,0.7425925925925926,0.4380120152921901,tta_tc,M-2022-12
6,degraded_noncollapsed,1684,0.6102564102564103,0.35332541567695963,0.4475366679202708,tta_tc,M-2022-12
7,,33,0.07216494845360824,0.21212121212121213,0.1076923076923077,tta_tc,M-2022-12
8,stable,1142,0.8959700093720713,0.8371278458844134,0.8655500226346763,tta_tc,M-2022-12
9,degraded_noncollapsed,910,0.3911007025761124,0.1835164835164835,0.24981301421091998,tta_tc,M-2022-12
10,final_collapsed;gradual_collapsed,1004,0.606425702811245,0.150398406374502,0.24102154828411812,tta_tc,M-2022-12
11,degraded_noncollapsed,1749,0.3062200956937799,0.18296169239565466,0.2290622763063708,tta_tc,M-2022-12
12,degraded_noncollapsed,263,0.17706237424547283,0.33460076045627374,0.23157894736842105,tta_tc,M-2022-12
13,absorber,1090,0.2882298424467099,0.5706422018348624,0.3830049261083744,tta_tc,M-2022-12
14,absorber;degraded_noncollapsed,5821,0.2644501278772379,0.26644906373475347,0.26544583262022936,tta_tc,M-2022-12
15,stable,715,0.8221574344023324,0.7888111888111888,0.8051391862955032,tta_tc,M-2022-12
16,,1186,0.3162118780096308,0.16610455311973019,0.2177998894416805,tta_tc,M-2022-12
17,,8301,0.6852973568281938,0.8995301770870979,0.7779340521956556,tta_tc,M-2022-12
18,,25658,0.8948870586316562,0.855405721412425,0.874701099952176,tta_tc,M-2022-12
19,degraded_noncollapsed,22936,0.7300272149984881,0.5262905476107429,0.6116389247802184,tta_tc,M-2022-12
20,,1125,0.37913267496779735,0.7848888888888889,0.5112912565141865,tta_tc,M-2022-12
21,,2095,0.8696569920844327,0.786634844868735,0.8260651629072682,tta_tc,M-2022-12
22,,743,0.636978579481398,0.7604306864064603,0.6932515337423313,tta_tc,M-2022-12
23,,5114,0.79922982671101,0.892843175596402,0.8434469382100305,tta_tc,M-2022-12
24,degraded_noncollapsed,4154,0.8035928143712575,0.4845931632161772,0.6045952845772639,tta_tc,M-2022-12
25,,34385,0.8908611326609776,0.8348989384906209,0.861972676775259,tta_tc,M-2022-12
26,final_collapsed;abrupt_collapsed,807,0.0640495867768595,0.03841387856257745,0.048024786986831915,tta_tc,M-2022-12
27,,7371,0.9738844948515147,0.8853615520282186,0.927515633882888,tta_tc,M-2022-12
28,degraded_noncollapsed,5815,0.43690441813456543,0.260189165950129,0.3261478766975641,tta_tc,M-2022-12
29,,30274,0.8503581948434489,0.7724119706678998,0.809513094352033,tta_tc,M-2022-12
30,,645,0.9427083333333334,0.8418604651162791,0.8894348894348895,tta_tc,M-2022-12
31,,952,0.8198757763975155,0.9705882352941176,0.8888888888888888,tta_tc,M-2022-12
32,degraded_noncollapsed,998,0.3063314711359404,0.32965931863727455,0.31756756756756754,tta_tc,M-2022-12
33,,630,0.8113207547169812,0.546031746031746,0.6527514231499051,tta_tc,M-2022-12
34,degraded_noncollapsed,1240,0.7377245508982035,0.4967741935483871,0.5937349397590361,tta_tc,M-2022-12
35,,930,0.915680473372781,0.6655913978494624,0.7708592777085927,tta_tc,M-2022-12
36,degraded_noncollapsed,216,0.6,0.25,0.35294117647058826,tta_tc,M-2022-12
37,,866,0.9658792650918635,0.8498845265588915,0.9041769041769042,tta_tc,M-2022-12
38,final_collapsed;abrupt_collapsed,193,0.2972972972972973,0.05699481865284974,0.09565217391304348,tta_tc,M-2022-12
39,,4483,0.8472549019607843,0.9638634842739238,0.9018052801836586,tta_tc,M-2022-12
40,degraded_noncollapsed,737,0.8487584650112867,0.5101763907734057,0.6372881355932203,tta_tc,M-2022-12
41,,1636,0.6465467208357516,0.6809290953545232,0.6632926466210182,tta_tc,M-2022-12
42,degraded_noncollapsed,1444,0.6885245901639344,0.29085872576177285,0.4089581304771178,tta_tc,M-2022-12
43,,1992,0.7734225621414914,0.8122489959839357,0.7923604309500489,tta_tc,M-2022-12
44,stable,1181,0.9023372287145242,0.9153259949195597,0.9087852038671711,tta_tc,M-2022-12
45,absorber,1463,0.810966810966811,0.7682843472317157,0.7890487890487891,tta_tc,M-2022-12
46,absorber,7420,0.6673306772908366,0.6320754716981132,0.6492248062015504,tta_tc,M-2022-12
47,final_collapsed;gradual_collapsed,618,0.0,0.0,0.0,tta_tc,M-2022-12
48,final_collapsed;abrupt_collapsed,3361,0.9307359307359307,0.1279381136566498,0.22495422443107507,tta_tc,M-2022-12
49,,31563,0.8920214465788446,0.7959319456325444,0.8412416702943442,tta_tc,M-2022-12
50,degraded_noncollapsed,1528,0.3248,0.13285340314136126,0.18857408267533673,tta_tc,M-2022-12
51,,11645,0.904769832681262,0.9333619579218548,0.918843520162313,tta_tc,M-2022-12
52,,1274,0.6755905511811023,0.673469387755102,0.6745283018867925,tta_tc,M-2022-12
53,,5505,0.8369929289170078,0.8170753860127157,0.8269142384410332,tta_tc,M-2022-12
54,degraded_noncollapsed,5063,0.7099236641221374,0.1836855619198104,0.2918562686332967,tta_tc,M-2022-12
55,degraded_noncollapsed,4063,0.9856459330143541,0.9126261383214374,0.9477316293929713,tta_tc,M-2022-12
56,final_collapsed;abrupt_collapsed,12137,0.42636457260556127,0.03411057098129686,0.06316753127860848,tta_tc,M-2022-12
57,stable,2331,0.976303317535545,0.9721149721149721,0.9742046431642304,tta_tc,M-2022-12
58,,15,0.0,0.0,0.0,tta_tc,M-2022-12
59,stable,6030,0.981393051210275,0.988391376451078,0.9848797818722631,tta_tc,M-2022-12
60,,24845,0.869799910710662,0.8625880458844838,0.8661789669388085,tta_tc,M-2022-12
61,,10494,0.4799202057850806,0.8711644749380598,0.6188944927732458,tta_tc,M-2022-12
62,stable,11221,0.8941334002845427,0.9521433027359415,0.9222270176952957,tta_tc,M-2022-12
63,,5492,0.5488755622188906,0.6666059723233795,0.6020391382996217,tta_tc,M-2022-12
64,stable,1215,0.7052845528455285,0.8567901234567902,0.7736900780379041,tta_tc,M-2022-12
65,,2112,0.8876554174067496,0.9464962121212122,0.9161319890009166,tta_tc,M-2022-12
66,final_collapsed;abrupt_collapsed,1955,0.011764705882352941,0.0025575447570332483,0.004201680672268907,tta_tc,M-2022-12
67,,1191,0.22200520833333334,0.2863140218303946,0.25009167583425007,tta_tc,M-2022-12
68,,2499,0.6357388316151202,0.8883553421368547,0.7411116675012519,tta_tc,M-2022-12
69,final_collapsed;abrupt_collapsed,1866,0.04,0.006430868167202572,0.0110803324099723,tta_tc,M-2022-12
70,degraded_noncollapsed,908,0.18900343642611683,0.30286343612334804,0.23275497249259416,tta_tc,M-2022-12
71,absorber,39434,0.6399068415709537,0.8152102246792108,0.7169988067491162,tta_tc,M-2022-12
72,,5765,0.46076431388548894,0.5876843018213357,0.5165421558164355,tta_tc,M-2022-12
73,,8821,0.8152507676560901,0.9029588482031515,0.8568662255930288,tta_tc,M-2022-12
74,,2294,0.5176088971269694,0.486922406277245,0.5017969451931716,tta_tc,M-2022-12
75,degraded_noncollapsed,6807,0.4545775892541534,0.3778463346555017,0.4126754913758524,tta_tc,M-2022-12
76,stable,2683,0.8832279657865377,0.8852031308237048,0.8842144452717796,tta_tc,M-2022-12
77,,17960,0.8110731739974559,0.674554565701559,0.7365413259567741,tta_tc,M-2022-12
78,,10246,0.4916143196926267,0.7867460472379465,0.6051120369327778,tta_tc,M-2022-12
79,,7528,0.7904181758314126,0.6377523910733263,0.7059255991765917,tta_tc,M-2022-12
80,degraded_noncollapsed,1055,0.5020161290322581,0.23601895734597156,0.32108317214700194,tta_tc,M-2022-12
81,,2122,0.914364640883978,0.9359095193213949,0.9250116441546343,tta_tc,M-2022-12
82,,27579,0.8155604571886906,0.7373726386018348,0.7744982290436836,tta_tc,M-2022-12
83,,19531,0.9217052248505329,0.9077364190261635,0.9146674921322808,tta_tc,M-2022-12
84,,1057,0.8531935176358436,0.8467360454115421,0.8499525166191833,tta_tc,M-2022-12
85,,350,0.7484662576687117,0.6971428571428572,0.7218934911242604,tta_tc,M-2022-12
86,,20232,0.8151527578429363,0.7859826018189008,0.8003019627579265,tta_tc,M-2022-12
87,,5056,0.8864056150720354,0.9491693037974683,0.9167144221585483,tta_tc,M-2022-12
88,,83,0.13395638629283488,0.5180722891566265,0.21287128712871287,tta_tc,M-2022-12
89,,377,0.4296774193548387,0.883289124668435,0.578125,tta_tc,M-2022-12
90,,4080,0.8453276047261009,0.9644607843137255,0.9009730967372639,tta_tc,M-2022-12
91,,2334,0.7878112225938313,0.908311910882605,0.8437810945273632,tta_tc,M-2022-12
92,,896,0.9038461538461539,0.7868303571428571,0.8412887828162291,tta_tc,M-2022-12
93,,18804,0.7436448084702592,0.7918527972771751,0.7669920416205218,tta_tc,M-2022-12
94,stable,760,0.6931464174454829,0.5855263157894737,0.6348074179743224,tta_tc,M-2022-12
95,,3282,0.8698001080497029,0.9811090798293723,0.9221076746849943,tta_tc,M-2022-12
96,absorber;degraded_noncollapsed,44573,0.8089507444241747,0.6168083817557715,0.6999325347827747,tta_tc,M-2022-12
97,,18214,0.8835494377189209,0.7893927747886241,0.8338214399628846,tta_tc,M-2022-12
98,stable,48912,0.9953787956241693,0.9952363428197579,0.9953075641248453,tta_tc,M-2022-12
99,stable,18452,0.9503142068479474,0.8769239106871883,0.9121452126610108,tta_tc,M-2022-12
100,,17278,0.6334924199887704,0.7835976386155805,0.700595084087969,tta_tc,M-2022-12
101,degraded_noncollapsed,42403,0.9873039106500779,0.7317406787255619,0.84052553162671,tta_tc,M-2022-12
102,,35717,0.8521065351172236,0.957555225802839,0.9017586416009703,tta_tc,M-2022-12
103,degraded_noncollapsed,1446,0.5404255319148936,0.5269709543568465,0.5336134453781513,tta_tc,M-2022-12
104,final_collapsed;gradual_collapsed,1744,0.05234159779614325,0.010894495412844037,0.018035121025154248,tta_tc,M-2022-12
105,absorber;degraded_noncollapsed,3159,0.36237695953335763,0.3146565368787591,0.3368349711962047,tta_tc,M-2022-12
106,,1622,0.9097387173396675,0.9445129469790382,0.926799758015729,tta_tc,M-2022-12
107,stable,2555,0.9278312361213915,0.9812133072407045,0.953775917823854,tta_tc,M-2022-12
108,,3529,0.8736551724137931,0.8974213658260131,0.8853788090578697,tta_tc,M-2022-12
109,final_collapsed;abrupt_collapsed,393,0.0,0.0,0.0,tta_tc,M-2022-12
110,,5670,0.8148865036072497,0.8167548500881834,0.8158196071522945,tta_tc,M-2022-12
111,degraded_noncollapsed,1136,0.2403846153846154,0.3301056338028169,0.27818991097922846,tta_tc,M-2022-12
112,degraded_noncollapsed,1083,0.6301218161683277,0.5253924284395198,0.5730110775427996,tta_tc,M-2022-12
113,stable,3574,0.9919517102615694,0.9655847789591494,0.9785906706366085,tta_tc,M-2022-12
114,,911,0.7529953917050691,0.8968166849615807,0.8186372745490982,tta_tc,M-2022-12
115,,15934,0.845610699979632,0.7816618551525041,0.8123797410559959,tta_tc,M-2022-12
116,,3278,0.9078844652615145,0.7095790115924344,0.7965753424657535,tta_tc,M-2022-12
117,,58860,0.6314912000927833,0.74004417261298,0.6814718628263896,tta_tc,M-2022-12
118,degraded_noncollapsed,2577,0.4752318926386422,0.9344198680636399,0.63003663003663,tta_tc,M-2022-12
119,stable,1033,0.8932135728542914,0.8664085188770572,0.8796068796068796,tta_tc,M-2022-12
120,,1133,0.8381818181818181,0.8137687555163283,0.825794894760412,tta_tc,M-2022-12
121,final_collapsed;gradual_collapsed,16,0.0,0.0,0.0,tta_tc,M-2022-12
122,,40149,0.850746661057945,0.8059727515006601,0.827754684402379,tta_tc,M-2022-12
123,degraded_noncollapsed,1458,0.6807580174927114,0.32030178326474623,0.435634328358209,tta_tc,M-2022-12
124,,18817,0.8553553285920539,0.8500823723228995,0.852710698864545,tta_tc,M-2022-12
125,,2268,0.5402298850574713,0.8910934744268078,0.672657680146447,tta_tc,M-2022-12
126,,2588,0.9227765726681127,0.8218701700154559,0.8694052728387492,tta_tc,M-2022-12
127,,4058,0.8250591016548463,0.6880236569738788,0.7503359312012899,tta_tc,M-2022-12
128,stable,3721,0.8924382330920888,0.9610319806503628,0.9254658385093167,tta_tc,M-2022-12
129,degraded_noncollapsed,18631,0.7958394160583941,0.5852074499490098,0.6744610435804645,tta_tc,M-2022-12
130,stable,4618,0.7148493543758967,0.86314421827631,0.782028644300569,tta_tc,M-2022-12
131,stable,17194,0.8861851565092357,0.9319530068628591,0.908493026420229,tta_tc,M-2022-12
132,stable,13419,0.9235921800763299,0.8836724047991653,0.9031914083326986,tta_tc,M-2022-12
133,,34000,0.7205136648007903,0.9653823529411765,0.8251649802023757,tta_tc,M-2022-12
134,,5543,0.922053872053872,0.9880930903842684,0.9539318993294436,tta_tc,M-2022-12
135,,1872,0.4243820695433599,0.5411324786324786,0.47569852077952574,tta_tc,M-2022-12
136,,12861,0.7784212130448034,0.7943394759349973,0.7862997883394266,tta_tc,M-2022-12
137,degraded_noncollapsed,1286,0.6974416017797553,0.48755832037325036,0.5739130434782609,tta_tc,M-2022-12
138,degraded_noncollapsed,12776,0.771010101010101,0.5974483406386976,0.6732227906156288,tta_tc,M-2022-12
139,degraded_noncollapsed,973,0.15591915303176132,0.16649537512846865,0.1610337972166998,tta_tc,M-2022-12
140,,21276,0.7676666998903618,0.7240082722316225,0.745198587392966,tta_tc,M-2022-12
141,,1226,0.673419773095624,0.6778140293637847,0.675609756097561,tta_tc,M-2022-12
142,,15948,0.6092223127035831,0.7505643340857788,0.6725474772446343,tta_tc,M-2022-12
143,degraded_noncollapsed,3052,0.44344773790951636,0.37254259501965925,0.4049145299145299,tta_tc,M-2022-12
144,stable,2267,0.9805996472663139,0.9810322011468902,0.9808158765159868,tta_tc,M-2022-12
145,stable,1149,0.9965034965034965,0.9921671018276762,0.9943305713039686,tta_tc,M-2022-12
146,,4680,0.9793945560925973,0.8226495726495726,0.8942050865172454,tta_tc,M-2022-12
147,degraded_noncollapsed,2730,0.94021101992966,0.5875457875457876,0.7231740306582507,tta_tc,M-2022-12
148,,3728,0.7908447142134547,0.8387875536480687,0.8141109086175475,tta_tc,M-2022-12
149,,29896,0.6121503496503496,0.7027361519935778,0.6543229101781487,tta_tc,M-2022-12
150,degraded_noncollapsed,1291,0.8663157894736843,0.6374903175832688,0.7344935296742525,tta_tc,M-2022-12
151,,872,0.5404002965159377,0.8360091743119266,0.6564610535794687,tta_tc,M-2022-12
152,degraded_noncollapsed,729,0.8667953667953668,0.6159122085048011,0.7201283079390537,tta_tc,M-2022-12
153,,59235,0.8483305140839891,0.7789144931206212,0.8121419078883677,tta_tc,M-2022-12
154,,1862,0.6655003498950315,0.5107411385606875,0.577939835916135,tta_tc,M-2022-12
155,,5650,0.5625849313000151,0.6594690265486726,0.6071865069665119,tta_tc,M-2022-12
156,absorber,11350,0.6572601668404588,0.8885462555066079,0.7556005094777852,tta_tc,M-2022-12
157,,800,0.3094569288389513,0.82625,0.4502724795640327,tta_tc,M-2022-12
158,,5549,0.6771058315334774,0.7909533249234096,0.7296151608345108,tta_tc,M-2022-12
159,,1740,0.5541044776119403,0.3413793103448276,0.422475106685633,tta_tc,M-2022-12
160,,1048,0.34864864864864864,0.7385496183206107,0.47368421052631576,tta_tc,M-2022-12
161,,334,0.9672131147540983,0.7065868263473054,0.8166089965397924,tta_tc,M-2022-12
162,,59,0.2631578947368421,0.5932203389830508,0.3645833333333333,tta_tc,M-2022-12
163,final_collapsed;gradual_collapsed,1741,0.06950672645739911,0.017805858701895463,0.0283493369913123,tta_tc,M-2022-12
164,,1689,0.2545380379359576,0.738898756660746,0.3786407766990291,tta_tc,M-2022-12
165,,4989,0.5538725350100029,0.7769092002405291,0.646700592308334,tta_tc,M-2022-12
166,degraded_noncollapsed,1835,0.6231190150478796,0.49645776566757494,0.5526235972095844,tta_tc,M-2022-12
167,degraded_noncollapsed,55,0.05405405405405406,0.21818181818181817,0.08664259927797834,tta_tc,M-2022-12
168,,4221,0.723439099283521,0.8372423596304194,0.7761915220733582,tta_tc,M-2022-12
169,,1502,0.8172531214528944,0.9587217043941412,0.8823529411764706,tta_tc,M-2022-12
170,,1916,0.48728496634255797,0.680062630480167,0.5677559912854031,tta_tc,M-2022-12
171,,4142,0.5881598632186364,0.6644133268952197,0.6239655367872123,tta_tc,M-2022-12
172,,5558,0.7836480514262756,0.7018711766822598,0.7405087319665907,tta_tc,M-2022-12
173,degraded_noncollapsed,978,0.9522342064714946,0.6319018404907976,0.759680393362016,tta_tc,M-2022-12
174,final_collapsed;abrupt_collapsed,1507,0.0,0.0,0.0,tta_tc,M-2022-12
175,,22084,0.5847187972317238,0.6656855642093824,0.6225807817727523,tta_tc,M-2022-12
176,degraded_noncollapsed,2085,0.4329813160032494,0.5112709832134292,0.46888058060259513,tta_tc,M-2022-12
177,,1117,0.43279961183891313,0.7985675917636527,0.5613593455003146,tta_tc,M-2022-12
