norm,period,class_id,groups,support,precision,recall,f1
gn,M-2022-7,0,,627,0.8763358778625954,0.9154704944178629,0.8954758190327613
gn,M-2022-7,1,,5041,0.9311765917988872,0.8964491172386432,0.9134829189407722
gn,M-2022-7,2,absorber,4913,0.6682960893854749,0.7791573376755546,0.7194812517620525
gn,M-2022-7,3,,814,0.5692857142857143,0.9791154791154791,0.7199638663053297
gn,M-2022-7,4,,1306,0.8729050279329609,0.9571209800918836,0.9130752373995618
gn,M-2022-7,5,absorber,949,0.4429637526652452,0.8756585879873551,0.5883185840707965
gn,M-2022-7,6,degraded_noncollapsed,1455,0.17620481927710843,0.3216494845360825,0.22768182923862806
gn,M-2022-7,7,,13,0.7142857142857143,0.38461538461538464,0.5
gn,M-2022-7,8,stable,1238,0.8773656320968963,0.9361873990306947,0.9058225869480265
gn,M-2022-7,9,degraded_noncollapsed,1255,0.8315363881401617,0.49163346613545816,0.6179268903355033
gn,M-2022-7,10,final_collapsed;gradual_collapsed,1346,0.8383620689655172,0.8670133729569094,0.8524470416362309
gn,M-2022-7,11,degraded_noncollapsed,1290,0.6821345707656613,0.6837209302325581,0.6829268292682927
gn,M-2022-7,12,degraded_noncollapsed,1813,0.812790097988654,0.8692774407060121,0.8400852878464818
gn,M-2022-7,13,absorber,1115,0.45198902606310015,0.5910313901345291,0.5122425184609405
gn,M-2022-7,14,absorber;degraded_noncollapsed,4897,0.39216696727647515,0.3108025321625485,0.3467760309865573
gn,M-2022-7,15,stable,538,0.8445297504798465,0.8178438661710037,0.8309726156751652
gn,M-2022-7,16,,949,0.335149863760218,0.12961011591148577,0.18693009118541035
gn,M-2022-7,17,,9274,0.9529867926814491,0.848069872762562,0.897472471044674
gn,M-2022-7,18,,12401,0.8660102115244347,0.9574227884847996,0.9094251464899851
gn,M-2022-7,19,degraded_noncollapsed,9918,0.8991884228023859,0.9272030651340997,0.9129808885579548
gn,M-2022-7,20,,1273,0.8870326173428799,0.8758837391987431,0.8814229249011858
gn,M-2022-7,21,,1255,0.9434682964094728,0.9840637450199203,0.9633385335413417
gn,M-2022-7,22,,449,0.778705636743215,0.8307349665924276,0.8038793103448276
gn,M-2022-7,23,,5629,0.9239112014912727,0.9685556937289039,0.9457068516912402
gn,M-2022-7,24,degraded_noncollapsed,4214,0.9672170375687964,0.9591836734693877,0.9631836053854402
gn,M-2022-7,25,,35008,0.9054225858161516,0.9357861060329068,0.9203539823008849
gn,M-2022-7,26,final_collapsed;abrupt_collapsed,952,0.6336448598130842,0.7121848739495799,0.6706231454005934
gn,M-2022-7,27,,15113,0.9650504741511166,0.834976510289155,0.8953137748767249
gn,M-2022-7,28,degraded_noncollapsed,10579,0.8206374932468936,0.7179317515833255,0.7658566098618533
gn,M-2022-7,29,,19817,0.8459763133920437,0.7028813644850381,0.7678187531007111
gn,M-2022-7,30,,5745,0.9968231556653724,0.9831157528285466,0.9899220050828148
gn,M-2022-7,31,,5940,0.9781988931745765,0.981986531986532,0.9800890531798706
gn,M-2022-7,32,degraded_noncollapsed,2014,0.6063685636856369,0.4443892750744787,0.5128939828080229
gn,M-2022-7,33,,273,0.6851851851851852,0.5421245421245421,0.6053169734151329
gn,M-2022-7,34,degraded_noncollapsed,802,0.9043583535108959,0.9314214463840399,0.9176904176904177
gn,M-2022-7,35,,3174,0.9850696748506967,0.9354127284183995,0.9595992243051067
gn,M-2022-7,36,degraded_noncollapsed,1292,0.9467649467649467,0.8947368421052632,0.9200159172304019
gn,M-2022-7,37,,939,0.981859410430839,0.9222577209797657,0.9511257550796266
gn,M-2022-7,38,final_collapsed;abrupt_collapsed,102,0.8333333333333334,0.4411764705882353,0.5769230769230769
gn,M-2022-7,39,,5963,0.9565139263252471,0.8926714740902231,0.9234906315058987
gn,M-2022-7,40,degraded_noncollapsed,1205,0.9750692520775623,0.8763485477178423,0.9230769230769231
gn,M-2022-7,41,,1992,0.7894021739130435,0.5833333333333334,0.6709006928406467
gn,M-2022-7,42,degraded_noncollapsed,630,0.3333333333333333,0.2761904761904762,0.3020833333333333
gn,M-2022-7,43,,1330,0.7581602373887241,0.7684210526315789,0.7632561613144138
gn,M-2022-7,44,stable,1904,0.9845094664371773,0.9012605042016807,0.9410474362489718
gn,M-2022-7,45,absorber,1928,0.889618138424821,0.7733402489626556,0.8274139844617092
gn,M-2022-7,46,absorber,4182,0.6371343789741416,0.7187948350071736,0.6755056179775281
gn,M-2022-7,47,final_collapsed;gradual_collapsed,384,0.9654255319148937,0.9453125,0.9552631578947368
gn,M-2022-7,48,final_collapsed;abrupt_collapsed,4498,0.9537444933920705,0.09626500666963095,0.17487883683360259
gn,M-2022-7,49,,13761,0.8393060486301829,0.9105442918392559,0.8734750784245382
gn,M-2022-7,50,degraded_noncollapsed,2568,0.09333333333333334,0.016355140186915886,0.027833001988071572
gn,M-2022-7,51,,15397,0.8475455174003227,0.9553809183607196,0.8982383293133454
gn,M-2022-7,52,,1010,0.818069306930693,0.6544554455445545,0.7271727172717272
gn,M-2022-7,53,,4517,0.859187059311489,0.9172016825326544,0.8872470285897848
gn,M-2022-7,54,degraded_noncollapsed,3357,0.38280922431865827,0.2719690199582961,0.31800766283524906
gn,M-2022-7,55,degraded_noncollapsed,5627,0.9821397303449484,0.9968011373733784,0.9894161227729759
gn,M-2022-7,56,final_collapsed;abrupt_collapsed,8114,0.005928853754940711,0.0003697313285679073,0.0006960556844547563
gn,M-2022-7,57,stable,2449,0.9967064635652532,0.9885667619436505,0.992619926199262
gn,M-2022-7,58,,1749,0.9994275901545506,0.9982847341337907,0.9988558352402745
gn,M-2022-7,59,stable,5381,0.9697737556561086,0.9957257015424642,0.9825783972125436
gn,M-2022-7,60,,21024,0.8796906461651107,0.91433599695586,0.8966787946636813
gn,M-2022-7,61,,12195,0.6032433633233366,0.8906929069290693,0.7193139300023178
gn,M-2022-7,62,stable,8933,0.9139762107051826,0.9633941564983768,0.9380347702872092
gn,M-2022-7,63,,8561,0.8001575630252101,0.7118327298212825,0.7534153427706002
gn,M-2022-7,64,stable,16,0.0035842293906810036,0.0625,0.006779661016949152
gn,M-2022-7,65,,2044,0.9030585795749093,0.8522504892367906,0.876919204631261
gn,M-2022-7,66,final_collapsed;abrupt_collapsed,2587,0.8981018981018981,0.6950135291843834,0.7836129875789932
gn,M-2022-7,67,,1175,0.3799043062200957,0.33787234042553194,0.35765765765765767
gn,M-2022-7,68,,3493,0.5613063407181055,0.8413970798740338,0.6733875587123381
gn,M-2022-7,69,final_collapsed;abrupt_collapsed,605,0.7142857142857143,0.9338842975206612,0.8094555873925502
gn,M-2022-7,70,degraded_noncollapsed,1078,0.7446808510638298,0.5844155844155844,0.6548856548856549
gn,M-2022-7,71,absorber,78156,0.867349426969032,0.8647192793899381,0.8660323562389877
gn,M-2022-7,72,,7931,0.7596946940785424,0.7780859916782247,0.7687803662638595
gn,M-2022-7,73,,15014,0.9741787122207621,0.9875449580391634,0.9808162995303301
gn,M-2022-7,74,,3474,0.7082613204286208,0.5898100172711571,0.643631223496152
gn,M-2022-7,75,degraded_noncollapsed,16084,0.6813482925873303,0.864648097488187,0.7621317988765585
gn,M-2022-7,76,stable,5019,0.8991617983235967,0.7053197848176928,0.7905314872711031
gn,M-2022-7,77,,35082,0.8542527926818542,0.8305113733538567,0.8422148029311017
gn,M-2022-7,78,,31608,0.965984414912536,0.9451721083270058,0.9554649396338051
gn,M-2022-7,79,,10765,0.7853631388553938,0.7865304226660473,0.7859463473498561
gn,M-2022-7,80,degraded_noncollapsed,2151,0.6070234113712375,0.33751743375174337,0.43382133253659994
gn,M-2022-7,81,,3251,0.9623100303951367,0.9738541987080899,0.9680476991285736
gn,M-2022-7,82,,38594,0.8303969871282276,0.8341192931543763,0.8322539781026616
gn,M-2022-7,83,,21074,0.9276866264666013,0.9417291449179084,0.9346551439941602
gn,M-2022-7,84,,1135,0.9668122270742358,0.9753303964757709,0.9710526315789474
gn,M-2022-7,85,,1437,0.9597818677573279,0.9798190675017397,0.9696969696969697
gn,M-2022-7,86,,16760,0.8176655031651187,0.8246420047732697,0.8211389359237145
gn,M-2022-7,87,,9083,0.9712174680194089,0.9696135638005065,0.9704148531761335
gn,M-2022-7,88,,239,0.2813186813186813,0.5355648535564853,0.3688760806916426
gn,M-2022-7,89,,552,0.910828025477707,0.7771739130434783,0.8387096774193549
gn,M-2022-7,90,,3605,0.8497757847533632,0.9461858529819694,0.8953930962068513
gn,M-2022-7,91,,2609,0.8126666666666666,0.9344576466078958,0.8693171688357996
gn,M-2022-7,92,,804,0.94579945799458,0.8681592039800995,0.9053177691309987
gn,M-2022-7,93,,24700,0.8900483353661292,0.7976923076923077,0.8413433823686401
gn,M-2022-7,94,stable,123,0.021092482422931314,0.3170731707317073,0.03955375253549696
gn,M-2022-7,95,,53160,0.9929320608523103,0.9883559066967644,0.9906386990337026
gn,M-2022-7,96,absorber;degraded_noncollapsed,37892,0.8220145273530757,0.8541644674337591,0.8377811715372868
gn,M-2022-7,97,,30023,0.9256558051993883,0.7862971721680045,0.8503043619205417
gn,M-2022-7,98,stable,48679,0.995002467917078,0.9938782637276854,0.994440048097181
gn,M-2022-7,99,stable,18048,0.9044958487807425,0.9597739361702128,0.9313153579397295
gn,M-2022-7,100,,10947,0.8952263374485596,0.9936055540330684,0.9418539204225657
gn,M-2022-7,101,degraded_noncollapsed,44889,0.9237121510027526,0.15698723518011093,0.26836513195475836
gn,M-2022-7,102,,41479,0.7885639059012077,0.996431929410063,0.8803944958036893
gn,M-2022-7,103,degraded_noncollapsed,1231,0.649379932356257,0.9358245329000813,0.7667221297836938
gn,M-2022-7,104,final_collapsed;gradual_collapsed,1719,0.4161676646706587,0.16172193135543922,0.23292836196062003
gn,M-2022-7,105,absorber;degraded_noncollapsed,1105,0.35490101400289714,0.665158371040724,0.4628463476070529
gn,M-2022-7,106,,2288,0.9384359400998337,0.986013986013986,0.9616368286445013
gn,M-2022-7,107,stable,2160,0.9126506024096386,0.9819444444444444,0.9460303300624442
gn,M-2022-7,108,,7204,0.9411280362289007,0.9519711271515825,0.9465185287419777
gn,M-2022-7,109,final_collapsed;abrupt_collapsed,1236,0.9307875894988067,0.9466019417475728,0.9386281588447654
gn,M-2022-7,110,,6102,0.8964310706787963,0.839724680432645,0.8671518023354206
gn,M-2022-7,111,degraded_noncollapsed,1330,0.604978354978355,0.42030075187969923,0.49600709849157054
gn,M-2022-7,112,degraded_noncollapsed,1780,0.7136490250696379,0.7196629213483146,0.7166433566433567
gn,M-2022-7,113,stable,2014,0.9925149700598802,0.9875868917576961,0.9900447984071677
gn,M-2022-7,114,,1939,0.7561934722768384,0.9917483238782878,0.85809906291834
gn,M-2022-7,115,,13745,0.8578384488305365,0.7177882866496907,0.7815891626396261
gn,M-2022-7,116,,3519,0.9113607990012484,0.8297811878374538,0.8686598244831176
gn,M-2022-7,117,,45039,0.5546501956193586,0.7995070938519949,0.6549412973690673
gn,M-2022-7,118,degraded_noncollapsed,1354,0.6144636015325671,0.947562776957164,0.7454968041836142
gn,M-2022-7,119,stable,1430,0.9193899782135077,0.8853146853146853,0.9020306376914856
gn,M-2022-7,120,,1510,0.8423052564914503,0.8807947019867549,0.861120103593396
gn,M-2022-7,121,final_collapsed;gradual_collapsed,7,0.0,0.0,0.0
gn,M-2022-7,122,,41710,0.9025825433148088,0.860537041476864,0.8810584582152018
gn,M-2022-7,123,degraded_noncollapsed,1121,0.8445642407906558,0.8385370205173952,0.8415398388540735
gn,M-2022-7,124,,20257,0.9072508454346528,0.9005775781211434,0.903901895206243
gn,M-2022-7,125,,2871,0.665081351689612,0.9254615116684082,0.7739586367608505
gn,M-2022-7,126,,1107,0.9150197628458498,0.8364950316169828,0.8739971684756961
gn,M-2022-7,127,,2163,0.8434093161546086,0.7868700878409616,0.8141592920353983
gn,M-2022-7,128,stable,2154,0.7047391749062394,0.9596100278551533,0.8126597208570867
gn,M-2022-7,129,degraded_noncollapsed,19427,0.886508283534956,0.9392597930714984,0.9121219695076231
gn,M-2022-7,130,stable,4594,0.8135491606714629,0.8861558554636483,0.8483017295269848
gn,M-2022-7,131,stable,26165,0.9171378860374075,0.967017007452704,0.9414172232247503
gn,M-2022-7,132,stable,10712,0.9377503852080123,0.8522218073188947,0.8929427299848388
gn,M-2022-7,133,,36135,0.8432236018866108,0.9697246436972464,0.9020607277548236
gn,M-2022-7,134,,6337,0.9233254994124559,0.9919520277733943,0.9564092810954735
gn,M-2022-7,135,,1882,0.6320201173512154,0.8012752391073327,0.7066541705716963
gn,M-2022-7,136,,14759,0.865318981359937,0.8932854529439664,0.8790798466411068
gn,M-2022-7,137,degraded_noncollapsed,1585,0.6509635974304069,0.19179810725552052,0.2962962962962963
gn,M-2022-7,138,degraded_noncollapsed,28132,0.8554360812425329,0.6871889663017204,0.7621375490331356
gn,M-2022-7,139,degraded_noncollapsed,1011,0.3778135048231511,0.2324431256181998,0.2878138395590937
gn,M-2022-7,140,,13811,0.6877828054298643,0.8034175657084932,0.7411167512690355
gn,M-2022-7,141,,1364,0.7223851417399805,0.5417888563049853,0.6191872643485546
gn,M-2022-7,142,,23002,0.8331109372843142,0.7871489435701243,0.8094780373309489
gn,M-2022-7,143,degraded_noncollapsed,2408,0.6537634408602151,0.6312292358803987,0.6422987534333404
gn,M-2022-7,144,stable,3002,0.9946485907955762,0.9287141905396402,0.960551248923342
gn,M-2022-7,145,stable,1697,0.995872641509434,0.9952857984678845,0.995579133510168
gn,M-2022-7,146,,4786,0.9859086491739553,0.8478896782281655,0.9117052347787015
gn,M-2022-7,147,degraded_noncollapsed,55,0.18811881188118812,0.34545454545454546,0.24358974358974358
gn,M-2022-7,148,,4632,0.9153846153846154,0.8734887737478411,0.8939460892620416
gn,M-2022-7,149,,32883,0.7125976643383672,0.7849344646169754,0.7470189858763603
gn,M-2022-7,150,degraded_noncollapsed,1436,0.8592870544090057,0.637883008356546,0.7322142286171063
gn,M-2022-7,151,,1469,0.7505966587112172,0.8563648740639891,0.8
gn,M-2022-7,152,degraded_noncollapsed,336,0.9106145251396648,0.9702380952380952,0.9394812680115274
gn,M-2022-7,153,,39925,0.7984454632193805,0.8593613024420789,0.8277842115421733
gn,M-2022-7,154,,1219,0.6693830034924331,0.4716981132075472,0.5534167468719923
gn,M-2022-7,155,,5019,0.5943246670894102,0.7469615461247261,0.6619581530855478
gn,M-2022-7,156,absorber,19602,0.7957924780186899,0.8818998061422304,0.8366364186327888
gn,M-2022-7,157,,937,0.5713080168776371,0.7225186766275347,0.6380772855796418
gn,M-2022-7,158,,5930,0.9054856743535988,0.8740303541315345,0.8894800068645958
gn,M-2022-7,159,,1512,0.6848049281314168,0.44113756613756616,0.5366049879324215
gn,M-2022-7,160,,1230,0.46135693215339235,0.6357723577235772,0.5347008547008547
gn,M-2022-7,161,,1512,0.9912087912087912,0.8948412698412699,0.940563086548488
gn,M-2022-7,162,,241,0.5045045045045045,0.46473029045643155,0.4838012958963283
gn,M-2022-7,163,final_collapsed;gradual_collapsed,1276,0.12,0.02821316614420063,0.04568527918781726
gn,M-2022-7,164,,1702,0.2250050906129098,0.6492361927144535,0.3341902313624679
gn,M-2022-7,165,,5683,0.770854788877446,0.7902516276614464,0.7804327048396906
gn,M-2022-7,166,degraded_noncollapsed,1530,0.6203492786636294,0.5339869281045752,0.5739374780470671
gn,M-2022-7,167,degraded_noncollapsed,23,0.019455252918287938,0.21739130434782608,0.03571428571428571
gn,M-2022-7,168,,2156,0.6869498660543437,0.8325602968460112,0.7527783602432375
gn,M-2022-7,169,,2090,0.8778821520068317,0.9837320574162679,0.927797833935018
gn,M-2022-7,170,,1882,0.5824829931972789,0.7279489904357067,0.6471421823334907
gn,M-2022-7,171,,6243,0.7180790034420587,0.7017459554701265,0.7098185353208036
gn,M-2022-7,172,,5217,0.847211155378486,0.8152194747939429,0.8309074924294226
gn,M-2022-7,173,degraded_noncollapsed,1718,0.9952988582941572,0.8626309662398137,0.9242282507015903
gn,M-2022-7,174,final_collapsed;abrupt_collapsed,1067,0.0,0.0,0.0
gn,M-2022-7,175,,32188,0.729845880260818,0.7650366596247049,0.747027059822837
gn,M-2022-7,176,degraded_noncollapsed,1623,0.5485122897800776,0.7837338262476895,0.6453576864535768
gn,M-2022-7,177,,1188,0.37458962573867366,0.9604377104377104,0.5389702409069438
gn,M-2022-10,0,,1642,0.9252396166134186,0.881851400730816,0.9030246336139695
gn,M-2022-10,1,,4956,0.8567593480345158,0.9015334947538337,0.8785763445088979
gn,M-2022-10,2,absorber,5086,0.40220765781303897,0.6877703499803381,0.5075818036711891
gn,M-2022-10,3,,1139,0.8167655786350149,0.9666374012291484,0.8854041013268998
gn,M-2022-10,4,,972,0.8296557811120918,0.9670781893004116,0.8931116389548693
gn,M-2022-10,5,absorber,2902,0.532555615843733,0.6764300482425913,0.5959319975713419
gn,M-2022-10,6,degraded_noncollapsed,2429,0.33285968028419183,0.3857554549197201,0.35736079328756676
gn,M-2022-10,7,,39,0.25,0.02564102564102564,0.046511627906976744
gn,M-2022-10,8,stable,1940,0.9035639412997903,0.8886597938144329,0.896049896049896
gn,M-2022-10,9,degraded_noncollapsed,1291,0.5057471264367817,0.20449264136328427,0.2912300055157198
gn,M-2022-10,10,final_collapsed;gradual_collapsed,1434,0.7194968553459119,0.398884239888424,0.5132346343651862
gn,M-2022-10,11,degraded_noncollapsed,2001,0.30226480836236935,0.17341329335332334,0.2203874245792315
gn,M-2022-10,12,degraded_noncollapsed,2580,0.7142210144927537,0.6112403100775193,0.6587301587301587
gn,M-2022-10,13,absorber,1607,0.300739787713091,0.5818294959551961,0.39652247667514845
gn,M-2022-10,14,absorber;degraded_noncollapsed,10007,0.41714285714285715,0.3063855301289098,0.35328685832805207
gn,M-2022-10,15,stable,951,0.8444976076555024,0.7423764458464774,0.7901510912143257
gn,M-2022-10,16,,2405,0.37068160597572364,0.16507276507276508,0.2284234752589183
gn,M-2022-10,17,,11892,0.9212100495641771,0.9064917591658258,0.9137916419428669
gn,M-2022-10,18,,43004,0.8917678986818299,0.9627709050320901,0.9259101887467573
gn,M-2022-10,19,degraded_noncollapsed,29160,0.8097567366903962,0.6358367626886146,0.7123345563516914
gn,M-2022-10,20,,2388,0.5920745920745921,0.8509212730318257,0.6982817869415807
gn,M-2022-10,21,,3959,0.9112860892388451,0.8769891386713816,0.8938087269918908
gn,M-2022-10,22,,1178,0.7078066914498141,0.8081494057724957,0.7546571541815299
gn,M-2022-10,23,,8236,0.8797653958944281,0.9470616804273919,0.9121740147351187
gn,M-2022-10,24,degraded_noncollapsed,12024,0.9547882487600152,0.8325016633399867,0.8894615247911853
gn,M-2022-10,25,,46993,0.8952174853927721,0.8803013214734109,0.8876967479587566
gn,M-2022-10,26,final_collapsed;abrupt_collapsed,1400,0.47703703703703704,0.69,0.5640875912408759
gn,M-2022-10,27,,10235,0.9748666393106278,0.9284807034684904,0.9511084421758494
gn,M-2022-10,28,degraded_noncollapsed,11735,0.6979026620059156,0.4423519386450788,0.54149063787618
gn,M-2022-10,29,,34921,0.8156613206934614,0.7194524784513616,0.7645420933311018
gn,M-2022-10,30,,991,0.9107142857142857,0.3087790110998991,0.4611906556141673
gn,M-2022-10,31,,1938,0.924422236102436,0.7636738906088751,0.8363944617123481
gn,M-2022-10,32,degraded_noncollapsed,1783,0.38412228796844183,0.4369040942232193,0.40881658357386513
gn,M-2022-10,33,,124,0.5,0.45161290322580644,0.4745762711864407
gn,M-2022-10,34,degraded_noncollapsed,1682,0.7705078125,0.4690844233055886,0.5831485587583148
gn,M-2022-10,35,,2194,0.967911877394636,0.9211485870556062,0.9439514245679589
gn,M-2022-10,36,degraded_noncollapsed,2648,0.9768307819611088,0.8916163141993958,0.9322803553800593
gn,M-2022-10,37,,1115,0.9668292682926829,0.8887892376681614,0.9261682242990654
gn,M-2022-10,38,final_collapsed;abrupt_collapsed,92,0.4098360655737705,0.2717391304347826,0.32679738562091504
gn,M-2022-10,39,,4329,0.8869893428063943,0.9228459228459228,0.9045624363183516
gn,M-2022-10,40,degraded_noncollapsed,981,0.9488,0.6044852191641182,0.7384806973848069
gn,M-2022-10,41,,2408,0.66925536774783,0.6083887043189369,0.6373721992603872
gn,M-2022-10,42,degraded_noncollapsed,2235,0.639269406392694,0.2505592841163311,0.3600128576020572
gn,M-2022-10,43,,2062,0.7376325088339223,0.8098933074684772,0.77207582061951
gn,M-2022-10,44,stable,1081,0.9857006673021925,0.9565217391304348,0.9708920187793427
gn,M-2022-10,45,absorber,1536,0.7743813682678311,0.6927083333333334,0.7312714776632302
gn,M-2022-10,46,absorber,11714,0.6789306751246036,0.6395765750384156,0.6586663150028572
gn,M-2022-10,47,final_collapsed;gradual_collapsed,34,0.0,0.0,0.0
gn,M-2022-10,48,final_collapsed;abrupt_collapsed,2986,0.0,0.0,0.0
gn,M-2022-10,49,,42912,0.8615938127172157,0.8203532811334825,0.8404679479527277
gn,M-2022-10,50,degraded_noncollapsed,3110,0.43672456575682383,0.11318327974276528,0.1797752808988764
gn,M-2022-10,51,,16876,0.8225907058945836,0.9377222090542783,0.8763914271473666
gn,M-2022-10,52,,2218,0.6196111580726965,0.6609558160504959,0.6396160558464223
gn,M-2022-10,53,,11906,0.9234292628122029,0.8974466655467831,0.9102525876389658
gn,M-2022-10,54,degraded_noncollapsed,6595,0.742696053305997,0.21971190295678544,0.3391060145097122
gn,M-2022-10,55,degraded_noncollapsed,5643,0.9834661942722173,0.5902888534467482,0.7377630121816169
gn,M-2022-10,56,final_collapsed;abrupt_collapsed,10706,0.12987012987012986,0.0009340556697179152,0.001854771399425021
gn,M-2022-10,57,stable,2065,0.9912536443148688,0.9878934624697336,0.9895707009459132
gn,M-2022-10,58,,2316,0.996122361051271,0.998272884283247,0.997196463230537
gn,M-2022-10,59,stable,8856,0.9804639804639804,0.9974028906955736,0.9888609012034705
gn,M-2022-10,60,,59907,0.9054916326986912,0.8788288513863155,0.8919610334603981
gn,M-2022-10,61,,22920,0.5406811113143932,0.9025741710296684,0.6762557002991124
gn,M-2022-10,62,stable,24087,0.9378723404255319,0.960767218831735,0.9491817398794143
gn,M-2022-10,63,,12148,0.6602842809364549,0.6500658544616398,0.655135224821636
gn,M-2022-10,64,stable,4110,0.8770429972340961,0.848661800486618,0.8626190181773217
gn,M-2022-10,65,,3253,0.9042991755005889,0.9440516446357209,0.9237479320198526
gn,M-2022-10,66,final_collapsed;abrupt_collapsed,4226,0.8160112359550562,0.5499290108849977,0.6570540005654509
gn,M-2022-10,67,,4304,0.32904884318766064,0.17843866171003717,0.23139499849352216
gn,M-2022-10,68,,3689,0.37958204864679684,0.9010571970723773,0.5341475172746264
gn,M-2022-10,69,final_collapsed;abrupt_collapsed,1232,0.04983388704318937,0.012175324675324676,0.019569471624266144
gn,M-2022-10,70,degraded_noncollapsed,1735,0.7647058823529411,0.4046109510086455,0.5292122125895213
gn,M-2022-10,71,absorber,63797,0.6857286665634196,0.8328448046146371,0.7521605877648091
gn,M-2022-10,72,,10327,0.4473103013093548,0.5491430231432168,0.4930232558139535
gn,M-2022-10,73,,13787,0.8624923682246795,0.922173061579749,0.8913348289399888
gn,M-2022-10,74,,3353,0.5762902019446522,0.4595884282731882,0.5113655218184835
gn,M-2022-10,75,degraded_noncollapsed,11581,0.46754044644685644,0.39426647094378725,0.42778844802548366
gn,M-2022-10,76,stable,4405,0.8892725598526704,0.8769580022701475,0.8830723511258429
gn,M-2022-10,77,,27623,0.8062347739781648,0.6469608659450458,0.7178694089055816
gn,M-2022-10,78,,16173,0.8024810386939195,0.7719656217152043,0.7869276102234408
gn,M-2022-10,79,,12335,0.8643737166324436,0.6825293879205513,0.7627633069082673
gn,M-2022-10,80,degraded_noncollapsed,1260,0.5414634146341464,0.2642857142857143,0.3552
gn,M-2022-10,81,,3661,0.9014560582423297,0.9470090139306201,0.9236712401758359
gn,M-2022-10,82,,35248,0.7084037938386883,0.820046527462551,0.7601477955582439
gn,M-2022-10,83,,32633,0.9359566962656611,0.9431557012839763,0.9395424088404536
gn,M-2022-10,84,,1777,0.9440133037694013,0.9583567810917276,0.9511309690030718
gn,M-2022-10,85,,1115,0.8631677600749765,0.8260089686098655,0.844179651695692
gn,M-2022-10,86,,52904,0.8954764508160208,0.8359292303039467,0.8646788542379509
gn,M-2022-10,87,,7329,0.9016814272878962,0.9585209441942967,0.9292328042328042
gn,M-2022-10,88,,229,0.18661971830985916,0.462882096069869,0.2659974905897114
gn,M-2022-10,89,,613,0.8040201005025126,0.7830342577487766,0.7933884297520661
gn,M-2022-10,90,,6090,0.8570139828597203,0.9359605911330049,0.894749234753944
gn,M-2022-10,91,,3610,0.9200881785615872,0.9249307479224377,0.9225031081641111
gn,M-2022-10,92,,1810,0.9513677811550152,0.8646408839779005,0.9059334298118669
gn,M-2022-10,93,,34838,0.8332507296657304,0.8686491761869223,0.8505818202259824
gn,M-2022-10,94,stable,350,0.6026058631921825,0.5285714285714286,0.563165905631659
gn,M-2022-10,95,,4023,0.8509438055977435,0.974894357444693,0.9087117701575533
gn,M-2022-10,96,absorber;degraded_noncollapsed,61021,0.7592972621252315,0.7458088199144557,0.7524926007374461
gn,M-2022-10,97,,45643,0.8347020425352706,0.7816313563963806,0.8072954380883418
gn,M-2022-10,98,stable,59567,0.9973316670325773,0.9914046367955411,0.9943593197507998
gn,M-2022-10,99,stable,27230,0.9327771243751838,0.9320235034887991,0.9324001616517874
gn,M-2022-10,100,,27178,0.8964681943704278,0.6808448009419383,0.7739183169869717
gn,M-2022-10,101,degraded_noncollapsed,55343,0.9763142311994211,0.5362557143631534,0.6922709089000595
gn,M-2022-10,102,,56050,0.8635510830632782,0.9936306868867083,0.9240354064524693
gn,M-2022-10,103,degraded_noncollapsed,2918,0.5633976200246205,0.4705277587388622,0.5127917833800186
gn,M-2022-10,104,final_collapsed;gradual_collapsed,2391,0.05790645879732739,0.010874111250522794,0.018309859154929577
gn,M-2022-10,105,absorber;degraded_noncollapsed,4902,0.4777749555499111,0.38372093023255816,0.42561375721235434
gn,M-2022-10,106,,2736,0.926950354609929,0.9554093567251462,0.9409647228221742
gn,M-2022-10,107,stable,3189,0.927536231884058,0.9833803700219504,0.9546423135464231
gn,M-2022-10,108,,5587,0.8207282913165266,0.6817612314301056,0.7448181462651545
gn,M-2022-10,109,final_collapsed;abrupt_collapsed,1824,0.959837019790454,0.9040570175438597,0.9311123658949746
gn,M-2022-10,110,,8030,0.7913942707714252,0.8291407222914072,0.8098278902876604
gn,M-2022-10,111,degraded_noncollapsed,2242,0.47848699763593383,0.4513826940231936,0.464539820977737
gn,M-2022-10,112,degraded_noncollapsed,1706,0.7352445193929174,0.7667057444314185,0.7506456241032998
gn,M-2022-10,113,stable,4746,0.9890480202190396,0.989464812473662,0.9892563724457553
gn,M-2022-10,114,,820,0.9547079856972587,0.9768292682926829,0.9656419529837251
gn,M-2022-10,115,,21104,0.8955358564679654,0.7994219105382866,0.8447537741281326
gn,M-2022-10,116,,4100,0.9075274177467597,0.8880487804878049,0.8976824457593688
gn,M-2022-10,117,,83533,0.6089020106136482,0.7801946536099506,0.6839870910188125
gn,M-2022-10,118,degraded_noncollapsed,2917,0.8113372093023256,0.9568049365786767,0.8780871480257983
gn,M-2022-10,119,stable,2621,0.9142136248948697,0.8294544067149943,0.8697739547909582
gn,M-2022-10,120,,2381,0.8218947368421052,0.8198236035279295,0.8208578637510513
gn,M-2022-10,121,final_collapsed;gradual_collapsed,205,0.01834862385321101,0.00975609756097561,0.012738853503184714
gn,M-2022-10,122,,57235,0.872205177196818,0.8294749716082817,0.8503035839019935
gn,M-2022-10,123,degraded_noncollapsed,8886,0.9034129692832764,0.2978843124015305,0.4480365605958023
gn,M-2022-10,124,,24809,0.8728307813113467,0.8960860977870934,0.884305574892102
gn,M-2022-10,125,,3524,0.5444140758455757,0.9043700340522134,0.6796758370654724
gn,M-2022-10,126,,807,0.7580645161290323,0.7571251548946716,0.7575945443273404
gn,M-2022-10,127,,8546,0.8852242744063324,0.7066463842733443,0.7859187922956793
gn,M-2022-10,128,stable,4543,0.9061013443640125,0.964340744001761,0.9343143527404564
gn,M-2022-10,129,degraded_noncollapsed,31048,0.8512558636660531,0.923473331615563,0.885895257222308
gn,M-2022-10,130,stable,6353,0.7447337432945179,0.8959546670864159,0.813375250071449
gn,M-2022-10,131,stable,26225,0.905212219718518,0.9344137273593899,0.9195812068447914
gn,M-2022-10,132,stable,18623,0.9328541274459468,0.8780540192235408,0.9046249170170392
gn,M-2022-10,133,,46808,0.7569192737476824,0.9681251068193472,0.8495926957076033
gn,M-2022-10,134,,8353,0.9207689743304812,0.991978929725847,0.9550484094052559
gn,M-2022-10,135,,2978,0.4332175560467319,0.46071188717259903,0.4465419039869813
gn,M-2022-10,136,,17861,0.8202931876976143,0.798891439449079,0.8094508736101657
gn,M-2022-10,137,degraded_noncollapsed,600,0.49292929292929294,0.4066666666666667,0.445662100456621
gn,M-2022-10,138,degraded_noncollapsed,17872,0.686334539382132,0.5519247985675918,0.6118347599553405
gn,M-2022-10,139,degraded_noncollapsed,1906,0.19060331019754403,0.18730325288562436,0.18893887271765017
gn,M-2022-10,140,,39024,0.7984483190122633,0.7357779827798278,0.7658331666333267
gn,M-2022-10,141,,1846,0.6685254027261462,0.5845070422535211,0.6236994219653179
gn,M-2022-10,142,,27783,0.6556029326052947,0.7692473814922794,0.7078930807194197
gn,M-2022-10,143,degraded_noncollapsed,4318,0.553670573719926,0.41570171375636866,0.4748677248677249
gn,M-2022-10,144,stable,2456,0.9888198757763975,0.9723127035830619,0.9804968179018682
gn,M-2022-10,145,stable,1504,0.9953271028037384,0.9913563829787234,0.9933377748167888
gn,M-2022-10,146,,5568,0.9769353733729161,0.7683189655172413,0.8601588418618679
gn,M-2022-10,147,degraded_noncollapsed,801,0.42443729903536975,0.1647940074906367,0.23741007194244604
gn,M-2022-10,148,,5342,0.8312228654124457,0.8601647323099962,0.8454461821527139
gn,M-2022-10,149,,56482,0.6733600602230353,0.6809780106936724,0.6771476105384541
gn,M-2022-10,150,degraded_noncollapsed,1195,0.8720316622691293,0.5531380753138075,0.6769073220686124
gn,M-2022-10,151,,2077,0.7241242038216561,0.8757823784304285,0.7927653083460449
gn,M-2022-10,152,degraded_noncollapsed,618,0.9413629160063391,0.9611650485436893,0.9511609287429944
gn,M-2022-10,153,,90325,0.8540315645120052,0.8135732078605037,0.8333115988456152
gn,M-2022-10,154,,3149,0.69593147751606,0.51603683709114,0.5926331145149526
gn,M-2022-10,155,,9885,0.6473944465576265,0.6887202832574608,0.6674182638105975
gn,M-2022-10,156,absorber,24907,0.758657267998905,0.8901513630706227,0.8191609244240823
gn,M-2022-10,157,,1745,0.3922702373706634,0.7386819484240688,0.5124229775392566
gn,M-2022-10,158,,11346,0.7310911100584241,0.8161466596157236,0.7712810261535898
gn,M-2022-10,159,,2457,0.4883351007423118,0.37484737484737485,0.4241307851715404
gn,M-2022-10,160,,2407,0.5006317917614355,0.8230162027420025,0.6225644248900063
gn,M-2022-10,161,,929,0.9898605830164765,0.8406889128094726,0.9091967403958091
gn,M-2022-10,162,,255,0.5077519379844961,0.5137254901960784,0.5107212475633528
gn,M-2022-10,163,final_collapsed;gradual_collapsed,2116,0.12101910828025478,0.04489603024574669,0.06549465701482247
gn,M-2022-10,164,,2237,0.1521690767519466,0.6115333035315155,0.24369822748730738
gn,M-2022-10,165,,6592,0.6192147192716236,0.9904429611650486,0.7620214752567693
gn,M-2022-10,166,degraded_noncollapsed,3035,0.681246857717446,0.4464579901153213,0.5394108280254777
gn,M-2022-10,167,degraded_noncollapsed,125,0.10569105691056911,0.208,0.14016172506738545
gn,M-2022-10,168,,4172,0.6897884458909682,0.8127996164908916,0.7462588028169014
gn,M-2022-10,169,,2044,0.8016771488469602,0.9354207436399217,0.863400316098442
gn,M-2022-10,170,,3079,0.6310566258026854,0.7021760311789542,0.6647194465795542
gn,M-2022-10,171,,7488,0.6591992373689228,0.7387820512820513,0.6967254408060454
gn,M-2022-10,172,,8866,0.8161199384930805,0.7183622828784119,0.7641271745650869
gn,M-2022-10,173,degraded_noncollapsed,1393,0.9706227967097533,0.592964824120603,0.7361853832442068
gn,M-2022-10,174,final_collapsed;abrupt_collapsed,2702,0.0,0.0,0.0
gn,M-2022-10,175,,36003,0.5877624045801527,0.6843596366969419,0.6323935166767193
gn,M-2022-10,176,degraded_noncollapsed,3404,0.5274602107150863,0.6912455934195064,0.5983471074380166
gn,M-2022-10,177,,1613,0.4778660612939841,0.7830130192188469,0.5935150375939849
gn,M-2022-12,0,,950,0.9036544850498339,0.8589473684210527,0.8807339449541285
gn,M-2022-12,1,,3117,0.7545114061967995,0.7109400064164261,0.7320779649818302
gn,M-2022-12,2,absorber,3678,0.38136422976501305,0.6353996737357259,0.47664695084642056
gn,M-2022-12,3,,743,0.8551068883610451,0.9690444145356663,0.9085173501577287
gn,M-2022-12,4,,869,0.6099185788304959,0.9482163406214039,0.7423423423423423
gn,M-2022-12,5,absorber,1080,0.31640788921527485,0.6981481481481482,0.4354605833092694
gn,M-2022-12,6,degraded_noncollapsed,1684,0.6045081967213115,0.3503562945368171,0.44360902255639095
gn,M-2022-12,7,,33,0.08860759493670886,0.21212121212121213,0.125
gn,M-2022-12,8,stable,1142,0.9138431752178122,0.8266199649737302,0.8680459770114942
gn,M-2022-12,9,degraded_noncollapsed,910,0.4222222222222222,0.16703296703296702,0.23937007874015748
gn,M-2022-12,10,final_collapsed;gradual_collapsed,1004,0.47342995169082125,0.09760956175298804,0.16184971098265896
gn,M-2022-12,11,degraded_noncollapsed,1749,0.3073073073073073,0.1755288736420812,0.22343522561863174
gn,M-2022-12,12,degraded_noncollapsed,263,0.18322295805739514,0.3155893536121673,0.23184357541899442
gn,M-2022-12,13,absorber,1090,0.3163265306122449,0.5403669724770642,0.3990514905149051
gn,M-2022-12,14,absorber;degraded_noncollapsed,5821,0.2455731593662628,0.271602817385329,0.2579329472224488
gn,M-2022-12,15,stable,715,0.8353115727002968,0.7874125874125875,0.8106551475881929
gn,M-2022-12,16,,1186,0.31203566121842496,0.17706576728499157,0.22592791823561054
gn,M-2022-12,17,,8301,0.7706980101041344,0.9004939163956149,0.8305555555555556
gn,M-2022-12,18,,25658,0.8863206217533122,0.857822121755398,0.8718385454833535
gn,M-2022-12,19,degraded_noncollapsed,22936,0.7239438324658032,0.521494593651901,0.6062648892493284
gn,M-2022-12,20,,1125,0.4394394394394394,0.7804444444444445,0.5622798591098302
gn,M-2022-12,21,,2095,0.8748010610079575,0.7871121718377089,0.828643216080402
gn,M-2022-12,22,,743,0.6345062429057888,0.7523553162853297,0.6884236453201971
gn,M-2022-12,23,,5114,0.8133166278861643,0.8885412592882284,0.8492664236987197
gn,M-2022-12,24,degraded_noncollapsed,4154,0.8084722848129788,0.43187289359653347,0.5630001569119724
gn,M-2022-12,25,,34385,0.8670064600248918,0.8508942852988222,0.8588748146952195
gn,M-2022-12,26,final_collapsed;abrupt_collapsed,807,0.02727272727272727,0.022304832713754646,0.024539877300613498
gn,M-2022-12,27,,7371,0.9729144095341279,0.8528015194681862,0.9089068825910931
gn,M-2022-12,28,degraded_noncollapsed,5815,0.4132721877528999,0.26345657781599313,0.3217811384162991
gn,M-2022-12,29,,30274,0.8564464305499132,0.7660038316707406,0.8087042946068944
gn,M-2022-12,30,,645,0.9610619469026549,0.8418604651162791,0.8975206611570248
gn,M-2022-12,31,,952,0.8312274368231047,0.967436974789916,0.8941747572815534
gn,M-2022-12,32,degraded_noncollapsed,998,0.2840605520926091,0.3196392785571142,0.3008015087223008
gn,M-2022-12,33,,630,0.9164420485175202,0.5396825396825397,0.6793206793206793
gn,M-2022-12,34,degraded_noncollapsed,1240,0.772020725388601,0.4806451612903226,0.5924453280318092
gn,M-2022-12,35,,930,0.9227340267459139,0.667741935483871,0.7747972551466001
gn,M-2022-12,36,degraded_noncollapsed,216,0.5757575757575758,0.2638888888888889,0.3619047619047619
gn,M-2022-12,37,,866,0.9672346002621232,0.8521939953810623,0.9060773480662984
gn,M-2022-12,38,final_collapsed;abrupt_collapsed,193,0.3333333333333333,0.05181347150259067,0.08968609865470852
gn,M-2022-12,39,,4483,0.848586017282011,0.9638634842739238,0.9025587467362924
gn,M-2022-12,40,degraded_noncollapsed,737,0.875609756097561,0.4871099050203528,0.6259808195292066
gn,M-2022-12,41,,1636,0.6656210790464241,0.6485330073349633,0.6569659442724458
gn,M-2022-12,42,degraded_noncollapsed,1444,0.7103448275862069,0.2853185595567867,0.40711462450592883
gn,M-2022-12,43,,1992,0.794044665012407,0.8032128514056225,0.7986024457199901
gn,M-2022-12,44,stable,1181,0.9889604415823368,0.9102455546147333,0.9479717813051146
gn,M-2022-12,45,absorber,1463,0.7992982456140351,0.7785372522214627,0.788781163434903
gn,M-2022-12,46,absorber,7420,0.6482739498128379,0.630188679245283,0.6391033964327205
gn,M-2022-12,47,final_collapsed;gradual_collapsed,618,0.0,0.0,0.0
gn,M-2022-12,48,final_collapsed;abrupt_collapsed,3361,0.1111111111111111,0.0008925914906277894,0.0017709563164108619
gn,M-2022-12,49,,31563,0.8820407880133185,0.8057218895542249,0.8421558075999669
gn,M-2022-12,50,degraded_noncollapsed,1528,0.3262295081967213,0.13023560209424084,0.186155285313377
gn,M-2022-12,51,,11645,0.7978715596330275,0.9335337054529841,0.8603878116343491
gn,M-2022-12,52,,1274,0.6656225528582616,0.6671899529042387,0.6664053312426499
gn,M-2022-12,53,,5505,0.82808181315644,0.8163487738419618,0.8221734357848518
gn,M-2022-12,54,degraded_noncollapsed,5063,0.7419580419580419,0.20955954967410625,0.3268134914523333
gn,M-2022-12,55,degraded_noncollapsed,4063,0.9752616555661275,0.5045532857494462,0.6650446066504461
gn,M-2022-12,56,final_collapsed;abrupt_collapsed,12137,0.008818342151675485,0.00041196341764851283,0.0007871536523929471
gn,M-2022-12,57,stable,2331,0.975473321858864,0.9725439725439725,0.9740064446831365
gn,M-2022-12,58,,15,0.0,0.0,0.0
gn,M-2022-12,59,stable,6030,0.9828354513946196,0.9875621890547264,0.9851931507982463
gn,M-2022-12,60,,24845,0.8661980317332798,0.8679412356610988,0.8670687575392039
gn,M-2022-12,61,,10494,0.4725672877846791,0.870020964360587,0.6124639431139733
gn,M-2022-12,62,stable,11221,0.9035502958579882,0.9525888958203369,0.9274218038262982
gn,M-2022-12,63,,5492,0.5489694599067249,0.66442097596504,0.6012027349864074
gn,M-2022-12,64,stable,1215,0.7420520231213873,0.8452674897119341,0.7903039630627164
gn,M-2022-12,65,,2112,0.9056859205776173,0.9502840909090909,0.927449168207024
gn,M-2022-12,66,final_collapsed;abrupt_collapsed,1955,0.00437636761487965,0.0010230179028132991,0.001658374792703151
gn,M-2022-12,67,,1191,0.1589519650655022,0.1528127623845508,0.1558219178082192
gn,M-2022-12,68,,2499,0.6367299942429476,0.8851540616246498,0.7406663318265528
gn,M-2022-12,69,final_collapsed;abrupt_collapsed,1866,0.03345724907063197,0.00482315112540193,0.008430913348946136
gn,M-2022-12,70,degraded_noncollapsed,908,0.6404494382022472,0.2511013215859031,0.36075949367088606
gn,M-2022-12,71,absorber,39434,0.5971763613971836,0.8484556474108638,0.7009773624831083
gn,M-2022-12,72,,5765,0.4215230166503428,0.5972246313963573,0.49422234981698127
gn,M-2022-12,73,,8821,0.8420943494038362,0.9207572837546764,0.8796707462363262
gn,M-2022-12,74,,2294,0.5941489361702128,0.486922406277245,0.5352180162913273
gn,M-2022-12,75,degraded_noncollapsed,6807,0.4407491685629267,0.36991332451887765,0.4022364217252396
gn,M-2022-12,76,stable,2683,0.8761518614080354,0.8859485650391353,0.8810229799851742
gn,M-2022-12,77,,17960,0.8060207206620187,0.6887527839643652,0.7427868015732428
gn,M-2022-12,78,,10246,0.7434216867469879,0.7527815732968963,0.748072353426119
gn,M-2022-12,79,,7528,0.7921817574340126,0.6299149840595112,0.7017907355335208
gn,M-2022-12,80,degraded_noncollapsed,1055,0.5365296803652968,0.22274881516587677,0.31480241125251174
gn,M-2022-12,81,,2122,0.9318712085860943,0.9410933081998115,0.9364595545134818
gn,M-2022-12,82,,27579,0.8099480326651819,0.7516226114072302,0.7796960806439479
gn,M-2022-12,83,,19531,0.9201018869886157,0.9062516000204802,0.91312422616591
gn,M-2022-12,84,,1057,0.9003021148036254,0.8457899716177862,0.8721951219512195
gn,M-2022-12,85,,350,0.7283582089552239,0.6971428571428572,0.7124087591240876
gn,M-2022-12,86,,20232,0.8164908525709627,0.7919137999209174,0.8040145527537322
gn,M-2022-12,87,,5056,0.8681974326523233,0.9497626582278481,0.9071502786436195
gn,M-2022-12,88,,83,0.13134328358208955,0.5301204819277109,0.21052631578947367
gn,M-2022-12,89,,377,0.6331236897274634,0.8010610079575596,0.7072599531615925
gn,M-2022-12,90,,4080,0.8407574779427588,0.9575980392156863,0.8953821473587716
gn,M-2022-12,91,,2334,0.7505263157894737,0.916452442159383,0.8252314814814815
gn,M-2022-12,92,,896,0.9059278350515464,0.7845982142857143,0.8409090909090909
gn,M-2022-12,93,,18804,0.7320309439874657,0.7950967879174644,0.7622616498419497
gn,M-2022-12,94,stable,760,0.6943521594684385,0.55,0.6138032305433186
gn,M-2022-12,95,,3282,0.8681585332973848,0.9811090798293723,0.9211843799170362
gn,M-2022-12,96,absorber;degraded_noncollapsed,44573,0.7984834289729477,0.6118726583357638,0.692832374347445
gn,M-2022-12,97,,18214,0.7824805339265851,0.7724278027890633,0.7774216721003481
gn,M-2022-12,98,stable,48912,0.995802277008764,0.9942549885508669,0.9950280312640668
gn,M-2022-12,99,stable,18452,0.903179110294527,0.8791458920442229,0.8910004668662291
gn,M-2022-12,100,,17278,0.7276838148931172,0.7171547632827874,0.7223809246196
gn,M-2022-12,101,degraded_noncollapsed,42403,0.9495652858098272,0.5692285923165814,0.7117749402848633
gn,M-2022-12,102,,35717,0.8329278380614082,0.9585071534563373,0.8913159504810008
gn,M-2022-12,103,degraded_noncollapsed,1446,0.48990342405618964,0.38589211618257263,0.43172147001934236
gn,M-2022-12,104,final_collapsed;gradual_collapsed,1744,0.052795031055900624,0.00974770642201835,0.016456921587608905
gn,M-2022-12,105,absorber;degraded_noncollapsed,3159,0.3464996788696211,0.34156378600823045,0.3440140283755779
gn,M-2022-12,106,,1622,0.9161676646706587,0.9432799013563502,0.9295261239368166
gn,M-2022-12,107,stable,2555,0.9472885855138415,0.9776908023483366,0.9622496147919877
gn,M-2022-12,108,,3529,0.8661894273127754,0.8914706715783508,0.8786482334869432
gn,M-2022-12,109,final_collapsed;abrupt_collapsed,393,0.0,0.0,0.0
gn,M-2022-12,110,,5670,0.7936901222332342,0.8474426807760141,0.8196861139542818
gn,M-2022-12,111,degraded_noncollapsed,1136,0.23342175066312998,0.30985915492957744,0.26626323751891073
gn,M-2022-12,112,degraded_noncollapsed,1083,0.6379310344827587,0.5466297322253001,0.5887618100447538
gn,M-2022-12,113,stable,3574,0.9905199655271474,0.9647453833240067,0.977462792345854
gn,M-2022-12,114,,911,0.7793696275071633,0.8957189901207464,0.8335035750766088
gn,M-2022-12,115,,15934,0.8681980530849499,0.7780218400903728,0.8206401218018734
gn,M-2022-12,116,,3278,0.8893552079359023,0.711104331909701,0.7903034412612308
gn,M-2022-12,117,,58860,0.5821457452308672,0.7460584437648657,0.6539879219318951
gn,M-2022-12,118,degraded_noncollapsed,2577,0.35841039740064984,0.5564610011641443,0.4359987838248708
gn,M-2022-12,119,stable,1033,0.9015075376884422,0.8683446272991288,0.8846153846153846
gn,M-2022-12,120,,1133,0.8483197093551317,0.824360105913504,0.8361683079677709
gn,M-2022-12,121,final_collapsed;gradual_collapsed,16,0.0,0.0,0.0
gn,M-2022-12,122,,40149,0.847704926652295,0.8031333283518892,0.824817424891606
gn,M-2022-12,123,degraded_noncollapsed,1458,0.7190332326283988,0.32647462277091904,0.4490566037735849
gn,M-2022-12,124,,18817,0.857379413492869,0.8530052611999788,0.8551867440993127
gn,M-2022-12,125,,2268,0.5387258789320645,0.8985890652557319,0.6736076681540242
gn,M-2022-12,126,,2588,0.9291958041958042,0.821483771251932,0.8720262510254306
gn,M-2022-12,127,,4058,0.8325892857142857,0.6434204041399705,0.7258826800111203
gn,M-2022-12,128,stable,3721,0.9008555611474585,0.9621069604944907,0.9304743339831059
gn,M-2022-12,129,degraded_noncollapsed,18631,0.7887690860409581,0.5850464279963502,0.6718027734976888
gn,M-2022-12,130,stable,4618,0.7988826815642458,0.8670420095279342,0.8315680166147456
gn,M-2022-12,131,stable,17194,0.8882809446708726,0.9253227870187275,0.906423586383706
gn,M-2022-12,132,stable,13419,0.9241109808518952,0.8811386839555854,0.9021133745326925
gn,M-2022-12,133,,34000,0.7200518259876584,0.9643823529411765,0.8244967750858091
gn,M-2022-12,134,,5543,0.9103757898237446,0.9877322749413675,0.9474777191312624
gn,M-2022-12,135,,1872,0.4245833333333333,0.5443376068376068,0.477059925093633
gn,M-2022-12,136,,12861,0.7722116482679863,0.7886634009797061,0.7803508232035697
gn,M-2022-12,137,degraded_noncollapsed,1286,0.6906552094522019,0.5,0.5800631483987371
gn,M-2022-12,138,degraded_noncollapsed,12776,0.720234973250813,0.5374139010644959,0.6155363306288941
gn,M-2022-12,139,degraded_noncollapsed,973,0.16218809980806143,0.1736896197327852,0.16774193548387098
gn,M-2022-12,140,,21276,0.7710543353752677,0.7276743748824968,0.7487365493894329
gn,M-2022-12,141,,1226,0.7039106145251397,0.6166394779771615,0.6573913043478261
gn,M-2022-12,142,,15948,0.6127620598412375,0.755079006772009,0.6765168539325843
gn,M-2022-12,143,degraded_noncollapsed,3052,0.47536617842876167,0.35091743119266056,0.4037700282752121
gn,M-2022-12,144,stable,2267,0.9802110817941952,0.9832377591530658,0.981722087645893
gn,M-2022-12,145,stable,1149,0.9965034965034965,0.9921671018276762,0.9943305713039686
gn,M-2022-12,146,,4680,0.9803459119496856,0.7993589743589744,0.8806497175141242
gn,M-2022-12,147,degraded_noncollapsed,2730,0.9340277777777778,0.5912087912087912,0.7240915208613729
gn,M-2022-12,148,,3728,0.780310621242485,0.835568669527897,0.8069948186528497
gn,M-2022-12,149,,29896,0.5904201396710971,0.7013312817768264,0.6411142367906066
gn,M-2022-12,150,degraded_noncollapsed,1291,0.888135593220339,0.6088303640588691,0.7224264705882353
gn,M-2022-12,151,,872,0.5215208034433285,0.8337155963302753,0.6416593115622242
gn,M-2022-12,152,degraded_noncollapsed,729,0.8809523809523809,0.6090534979423868,0.7201946472019465
gn,M-2022-12,153,,59235,0.8389827442752233,0.7830505613235418,0.810052304817457
gn,M-2022-12,154,,1862,0.6610407876230661,0.5048335123523093,0.5724725943970768
gn,M-2022-12,155,,5650,0.5303263762431714,0.6700884955752212,0.592071311283134
gn,M-2022-12,156,absorber,11350,0.6350332872754679,0.8908370044052863,0.7414931064828395
gn,M-2022-12,157,,800,0.35753275109170307,0.81875,0.49772036474164133
gn,M-2022-12,158,,5549,0.6525724423418096,0.795458641196612,0.7169658084950865
gn,M-2022-12,159,,1740,0.5,0.3488505747126437,0.4109681787406906
gn,M-2022-12,160,,1048,0.35378228782287824,0.7318702290076335,0.47699004975124376
gn,M-2022-12,161,,334,0.9629629629629629,0.7005988023952096,0.8110918544194108
gn,M-2022-12,162,,59,0.3103448275862069,0.6101694915254238,0.4114285714285714
gn,M-2022-12,163,final_collapsed;gradual_collapsed,1741,0.07563025210084033,0.015508328546812177,0.025738798856053385
gn,M-2022-12,164,,1689,0.1648113343935232,0.6749555950266429,0.26493144317917733
gn,M-2022-12,165,,4989,0.5475742215785663,0.7578673080777711,0.6357827476038339
gn,M-2022-12,166,degraded_noncollapsed,1835,0.642512077294686,0.5073569482288829,0.5669914738124239
gn,M-2022-12,167,degraded_noncollapsed,55,0.0736196319018405,0.21818181818181817,0.11009174311926606
gn,M-2022-12,168,,4221,0.7715782281940332,0.802653399668325,0.786809103576405
gn,M-2022-12,169,,1502,0.7934662236987818,0.9540612516644474,0.8663845223700121
gn,M-2022-12,170,,1916,0.4437971213159698,0.6758872651356994,0.5357881671493587
gn,M-2022-12,171,,4142,0.5704812834224599,0.6438918396909705,0.6049676760802994
gn,M-2022-12,172,,5558,0.7568922305764411,0.6520331054336093,0.700560603131645
gn,M-2022-12,173,degraded_noncollapsed,978,0.9613601236476044,0.6359918200408998,0.7655384615384615
gn,M-2022-12,174,final_collapsed;abrupt_collapsed,1507,0.0,0.0,0.0
gn,M-2022-12,175,,22084,0.5767683474592821,0.66867415323311,0.6193302157820789
gn,M-2022-12,176,degraded_noncollapsed,2085,0.43316412859560066,0.49112709832134294,0.4603281636322769
gn,M-2022-12,177,,1117,0.4257907542579075,0.7833482542524619,0.5517023959646911
in,M-2022-7,0,,627,0.7605421686746988,0.8054226475279107,0.7823392718822618
in,M-2022-7,1,,5041,0.8769110152881223,0.8875223170005951,0.8821847579611555
in,M-2022-7,2,absorber,4913,0.6095934609593461,0.576836963158966,0.5927630202886426
in,M-2022-7,3,,814,0.46974236069502695,0.9631449631449631,0.6314941602899719
in,M-2022-7,4,,1306,0.8630993745656707,0.9509954058192955,0.9049180327868852
in,M-2022-7,5,absorber,949,0.6295681063122923,0.7987355110642782,0.7041337668369717
in,M-2022-7,6,degraded_noncollapsed,1455,0.3320964749536178,0.7381443298969073,0.4580934101087652
in,M-2022-7,7,,13,0.043478260869565216,0.07692307692307693,0.05555555555555555
in,M-2022-7,8,stable,1238,0.8261194029850746,0.8941841680129241,0.8588052754072925
in,M-2022-7,9,degraded_noncollapsed,1255,0.6857142857142857,0.24860557768924302,0.3649122807017544
in,M-2022-7,10,final_collapsed;gradual_collapsed,1346,0.7699929228591649,0.8083209509658247,0.7886915549111997
in,M-2022-7,11,degraded_noncollapsed,1290,0.580046403712297,0.3875968992248062,0.4646840148698885
in,M-2022-7,12,degraded_noncollapsed,1813,0.6787244169443122,0.7865416436845009,0.7286663260091978
in,M-2022-7,13,absorber,1115,0.4022526146419952,0.4484304932735426,0.42408821034775235
in,M-2022-7,14,absorber;degraded_noncollapsed,4897,0.35239018087855295,0.22278946293649174,0.2729888652571
in,M-2022-7,15,stable,538,0.8899755501222494,0.6765799256505576,0.7687434002111933
in,M-2022-7,16,,949,0.31547619047619047,0.05584826132771338,0.09489704565801253
in,M-2022-7,17,,9274,0.942062714355708,0.8293077420746172,0.8820965707076499
in,M-2022-7,18,,12401,0.8362783195248918,0.9197645351181356,0.876036866359447
in,M-2022-7,19,degraded_noncollapsed,9918,0.8444292148032113,0.8696309739866909,0.8568448241605404
in,M-2022-7,20,,1273,0.7420520231213873,0.8067556952081697,0.7730523146405721
in,M-2022-7,21,,1255,0.9291828793774319,0.951394422310757,0.9401574803149606
in,M-2022-7,22,,449,0.6758474576271186,0.7104677060133631,0.6927252985884907
in,M-2022-7,23,,5629,0.8612088263511353,0.9568306981701901,0.906505091306909
in,M-2022-7,24,degraded_noncollapsed,4214,0.9385314518057881,0.9311817750355956,0.9348421679571174
in,M-2022-7,25,,35008,0.788108270225688,0.9007369744058501,0.8406670310188086
in,M-2022-7,26,final_collapsed;abrupt_collapsed,952,0.47950819672131145,0.36869747899159666,0.4168646080760095
in,M-2022-7,27,,15113,0.9798906950672646,0.925362270892609,0.9518461800238217
in,M-2022-7,28,degraded_noncollapsed,10579,0.7738736796723432,0.6787030910293979,0.7231706702925921
in,M-2022-7,29,,19817,0.6997751365242532,0.5496291063228541,0.6156802894126957
in,M-2022-7,30,,5745,0.99191955467768,0.9615317667536989,0.976489305285487
in,M-2022-7,31,,5940,0.9553480475382004,0.9473063973063973,0.9513102282333051
in,M-2022-7,32,degraded_noncollapsed,2014,0.35599505562422745,0.14299900695134063,0.20403825717321997
in,M-2022-7,33,,273,0.27586206896551724,0.05860805860805861,0.09667673716012085
in,M-2022-7,34,degraded_noncollapsed,802,0.9233817701453104,0.871571072319202,0.8967286722257858
in,M-2022-7,35,,3174,0.9764912280701754,0.8768115942028986,0.9239707835325365
in,M-2022-7,36,degraded_noncollapsed,1292,0.9475,0.8800309597523219,0.9125200642054575
in,M-2022-7,37,,939,0.9703791469194313,0.8722044728434505,0.9186763881099271
in,M-2022-7,38,final_collapsed;abrupt_collapsed,102,0.64,0.3137254901960784,0.42105263157894735
in,M-2022-7,39,,5963,0.8907093986316168,0.8296159651182291,0.8590778848658505
in,M-2022-7,40,degraded_noncollapsed,1205,0.9717153284671532,0.8838174273858921,0.9256844850065189
in,M-2022-7,41,,1992,0.6119850187265917,0.410140562248996,0.4911331529906823
in,M-2022-7,42,degraded_noncollapsed,630,0.1442411194833154,0.2126984126984127,0.17190506735086594
in,M-2022-7,43,,1330,0.5591766723842195,0.49022556390977445,0.5224358974358975
in,M-2022-7,44,stable,1904,0.9935672514619883,0.8923319327731093,0.9402324294410626
in,M-2022-7,45,absorber,1928,0.6312584573748309,0.48392116182572614,0.5478567234292425
in,M-2022-7,46,absorber,4182,0.5351288056206089,0.546389287422286,0.54070042593469
in,M-2022-7,47,final_collapsed;gradual_collapsed,384,0.9627659574468085,0.9427083333333334,0.9526315789473684
in,M-2022-7,48,final_collapsed;abrupt_collapsed,4498,0.9514348785871964,0.09582036460649178,0.17410624116340134
in,M-2022-7,49,,13761,0.8215906710425249,0.855025070852409,0.8379745032405099
in,M-2022-7,50,degraded_noncollapsed,2568,0.4091666666666667,0.1911993769470405,0.2606157112526539
in,M-2022-7,51,,15397,0.8904930021434876,0.9173865038643891,0.9037397229597876
in,M-2022-7,52,,1010,0.7033426183844012,0.5,0.5844907407407407
in,M-2022-7,53,,4517,0.7839254513686663,0.8939561655966349,0.8353330575093091
in,M-2022-7,54,degraded_noncollapsed,3357,0.118562874251497,0.058981233243967826,0.0787746170678337
in,M-2022-7,55,degraded_noncollapsed,5627,0.9319580768590917,0.9955571352408032,0.9627083691355903
in,M-2022-7,56,final_collapsed;abrupt_collapsed,8114,0.01639344262295082,0.00012324377618930243,0.00024464831804281347
in,M-2022-7,57,stable,2449,0.9874335427742871,0.8342180481829318,0.9043824701195219
in,M-2022-7,58,,1749,0.9847371396269079,0.9959977129788451,0.9903354178510517
in,M-2022-7,59,stable,5381,0.9612891609650702,0.992194759338413,0.9764974851394604
in,M-2022-7,60,,21024,0.8284406140587126,0.8778538812785388,0.8524317583483442
in,M-2022-7,61,,12195,0.5491644204851752,0.8353423534235342,0.6626768580256952
in,M-2022-7,62,stable,8933,0.802755905511811,0.9130191425053173,0.8543445241711622
in,M-2022-7,63,,8561,0.6435760805210183,0.6348557411517346,0.6391861695872045
in,M-2022-7,64,stable,16,0.0069605568445475635,0.1875,0.013422818791946308
in,M-2022-7,65,,2044,0.9062816616008106,0.8752446183953033,0.8904927824788452
in,M-2022-7,66,final_collapsed;abrupt_collapsed,2587,0.8426245683275777,0.6602241979126401,0.7403554399653229
in,M-2022-7,67,,1175,0.3491655969191271,0.23148936170212767,0.27840327533265097
in,M-2022-7,68,,3493,0.6430517711171662,0.7432006870884627,0.6895086321381142
in,M-2022-7,69,final_collapsed;abrupt_collapsed,605,0.7534456355283308,0.8132231404958677,0.7821939586645469
in,M-2022-7,70,degraded_noncollapsed,1078,0.7305151915455746,0.512987012987013,0.602724795640327
in,M-2022-7,71,absorber,78156,0.7740458937198068,0.8200394083627617,0.7963791346703447
in,M-2022-7,72,,7931,0.7382094324540368,0.6986508636994074,0.7178855995335881
in,M-2022-7,73,,15014,0.9517089590885551,0.9792193952311177,0.9652682030070251
in,M-2022-7,74,,3474,0.5217391304347826,0.46632124352331605,0.49247606019151846
in,M-2022-7,75,degraded_noncollapsed,16084,0.6102433020922087,0.8015419049987565,0.692932007524859
in,M-2022-7,76,stable,5019,0.8581479800272356,0.7533373181908747,0.8023342175066313
in,M-2022-7,77,,35082,0.7950741754284891,0.7867567413488399,0.7908935914151038
in,M-2022-7,78,,31608,0.9320330035089938,0.932770184763351,0.9324014484274442
in,M-2022-7,79,,10765,0.7167432225524633,0.7392475615420344,0.7278214743003475
in,M-2022-7,80,degraded_noncollapsed,2151,0.5497512437810945,0.3082287308228731,0.39499553172475427
in,M-2022-7,81,,3251,0.9518995098039216,0.9557059366348816,0.9537989255564083
in,M-2022-7,82,,38594,0.8171742082074871,0.7641343213971084,0.7897647389633518
in,M-2022-7,83,,21074,0.9144415193681835,0.9230331213817975,0.918717234213385
in,M-2022-7,84,,1135,0.8545310015898251,0.947136563876652,0.8984538236523193
in,M-2022-7,85,,1437,0.915426251691475,0.941544885177453,0.9283018867924528
in,M-2022-7,86,,16760,0.7598682275427966,0.7707040572792363,0.765247785775645
in,M-2022-7,87,,9083,0.9402968902372955,0.9554112077507432,0.9477937964176496
in,M-2022-7,88,,239,0.27472527472527475,0.10460251046025104,0.15151515151515152
in,M-2022-7,89,,552,0.717948717948718,0.5072463768115942,0.5944798301486199
in,M-2022-7,90,,3605,0.6867241742057648,0.9054091539528433,0.7810480976310122
in,M-2022-7,91,,2609,0.8676046176046176,0.9218091222690686,0.8938858948150902
in,M-2022-7,92,,804,0.8795811518324608,0.835820895522388,0.8571428571428571
in,M-2022-7,93,,24700,0.8351739085560945,0.6552226720647774,0.734334588683697
in,M-2022-7,94,stable,123,0.0026252019386106625,0.10569105691056911,0.0051231527093596055
in,M-2022-7,95,,53160,0.9914310357758944,0.9946388261851016,0.9930323404574991
in,M-2022-7,96,absorber;degraded_noncollapsed,37892,0.8968115162114894,0.7036841549667476,0.7885957648172247
in,M-2022-7,97,,30023,0.9280481316252609,0.7552543050328082,0.8327824298516233
in,M-2022-7,98,stable,48679,0.9899361451509578,0.9840793771441484,0.9869990728340373
in,M-2022-7,99,stable,18048,0.9414776883686906,0.9270279255319149,0.9341969345877886
in,M-2022-7,100,,10947,0.8770745200130166,0.9848360281355623,0.9278368260252162
in,M-2022-7,101,degraded_noncollapsed,44889,0.8614226375908619,0.3696005702956181,0.5172644936008356
in,M-2022-7,102,,41479,0.781801969303155,0.9934665734468044,0.8750159255956172
in,M-2022-7,103,degraded_noncollapsed,1231,0.7986918604651163,0.892770105605199,0.8431146912159571
in,M-2022-7,104,final_collapsed;gradual_collapsed,1719,0.4979811574697174,0.2152414194299011,0.3005686433793664
in,M-2022-7,105,absorber;degraded_noncollapsed,1105,0.28820375335120646,0.3891402714932127,0.33115132845591067
in,M-2022-7,106,,2288,0.9702407002188184,0.9689685314685315,0.9696041985567461
in,M-2022-7,107,stable,2160,0.8833757421543681,0.9643518518518519,0.9220894200973883
in,M-2022-7,108,,7204,0.9133694294044148,0.9132426429761243,0.9133060317901021
in,M-2022-7,109,final_collapsed;abrupt_collapsed,1236,0.9237560192616372,0.9312297734627831,0.927477840451249
in,M-2022-7,110,,6102,0.8334749362786746,0.803834808259587,0.8183865854675899
in,M-2022-7,111,degraded_noncollapsed,1330,0.4655493482309125,0.37593984962406013,0.415973377703827
in,M-2022-7,112,degraded_noncollapsed,1780,0.5954135954135954,0.4084269662921348,0.48450516494501833
in,M-2022-7,113,stable,2014,0.9626352015732547,0.9721946375372393,0.967391304347826
in,M-2022-7,114,,1939,0.7364917776037588,0.9700876740587931,0.8373024705096818
in,M-2022-7,115,,13745,0.7717982528432503,0.6813386686067661,0.723752849800997
in,M-2022-7,116,,3519,0.8442141623488774,0.6945154873543621,0.7620829435609604
in,M-2022-7,117,,45039,0.5612917898567205,0.7123603987655144,0.627866927592955
in,M-2022-7,118,degraded_noncollapsed,1354,0.437432771602725,0.9010339734121122,0.588945208785904
in,M-2022-7,119,stable,1430,0.8909235668789809,0.7825174825174825,0.8332092330603127
in,M-2022-7,120,,1510,0.8249669749009247,0.8271523178807947,0.826058201058201
in,M-2022-7,121,final_collapsed;gradual_collapsed,7,0.0,0.0,0.0
in,M-2022-7,122,,41710,0.8251711677443895,0.8321745384799808,0.8286580561988206
in,M-2022-7,123,degraded_noncollapsed,1121,0.8065934065934066,0.6547725245316681,0.7227966518956179
in,M-2022-7,124,,20257,0.769615720123043,0.8275164140790838,0.7975165326609258
in,M-2022-7,125,,2871,0.5329763932830373,0.7628004179728317,0.6275071633237822
in,M-2022-7,126,,1107,0.7924701561065197,0.7795844625112918,0.7859744990892532
in,M-2022-7,127,,2163,0.7911668484187568,0.6708275543226999,0.72604453340005
in,M-2022-7,128,stable,2154,0.5889250814332248,0.8393686165273909,0.6921898928024502
in,M-2022-7,129,degraded_noncollapsed,19427,0.8373054007303479,0.8969990219797189,0.8661249037003902
in,M-2022-7,130,stable,4594,0.6643732169827152,0.8617762298650413,0.75030796929783
in,M-2022-7,131,stable,26165,0.8906322599092177,0.9523791324288171,0.9204713356973995
in,M-2022-7,132,stable,10712,0.8967065868263473,0.7828603435399552,0.8359250398724083
in,M-2022-7,133,,36135,0.8106791410150759,0.9256122872561229,0.8643417363327432
in,M-2022-7,134,,6337,0.8715726665719562,0.9681237178475619,0.9173145933014354
in,M-2022-7,135,,1882,0.4747729566094854,0.5,0.4870600414078675
in,M-2022-7,136,,14759,0.7719411092052602,0.7318246493664883,0.7513477792076797
in,M-2022-7,137,degraded_noncollapsed,1585,0.4609164420485175,0.10788643533123028,0.17484662576687116
in,M-2022-7,138,degraded_noncollapsed,28132,0.806694594376863,0.7118939286222096,0.7563352090335738
in,M-2022-7,139,degraded_noncollapsed,1011,0.2550335570469799,0.11275964391691394,0.15637860082304528
in,M-2022-7,140,,13811,0.5766443395190513,0.7604807761928897,0.6559250585480094
in,M-2022-7,141,,1364,0.5356294536817102,0.33064516129032256,0.40888485947416137
in,M-2022-7,142,,23002,0.7397569444444444,0.7409790453004087,0.7403674905521046
in,M-2022-7,143,degraded_noncollapsed,2408,0.5261401557285873,0.39285714285714285,0.4498335710889206
in,M-2022-7,144,stable,3002,0.9563841013014421,0.9057295136575616,0.9303678357570573
in,M-2022-7,145,stable,1697,0.993533215755438,0.995875073659399,0.9947027663331371
in,M-2022-7,146,,4786,0.9389993145990404,0.8587547012118679,0.8970861071701408
in,M-2022-7,147,degraded_noncollapsed,55,0.07096774193548387,0.2,0.10476190476190476
in,M-2022-7,148,,4632,0.834399117971334,0.8169257340241797,0.825569979273481
in,M-2022-7,149,,32883,0.6321489304573525,0.6443755131831037,0.6382036685641999
in,M-2022-7,150,degraded_noncollapsed,1436,0.6966598500340832,0.7116991643454039,0.7040992077161558
in,M-2022-7,151,,1469,0.49759846301633043,0.7052416609938734,0.5834976063080822
in,M-2022-7,152,degraded_noncollapsed,336,0.7146067415730337,0.9464285714285714,0.8143405889884763
in,M-2022-7,153,,39925,0.7143603489005996,0.7877019411396369,0.7492406103705821
in,M-2022-7,154,,1219,0.41383989145183175,0.2502050861361772,0.3118609406952965
in,M-2022-7,155,,5019,0.380820886155391,0.6045028890217174,0.46727244725088557
in,M-2022-7,156,absorber,19602,0.6554480437526293,0.794816855422916,0.7184358572350825
in,M-2022-7,157,,937,0.4830917874396135,0.5336179295624333,0.5070993914807302
in,M-2022-7,158,,5930,0.8389526542324247,0.7888701517706577,0.8131409699287329
in,M-2022-7,159,,1512,0.5686070686070686,0.36177248677248675,0.4421988682295877
in,M-2022-7,160,,1230,0.3911917098445596,0.49105691056910566,0.43547224224945924
in,M-2022-7,161,,1512,0.9800918836140888,0.8465608465608465,0.9084457061745919
in,M-2022-7,162,,241,0.5081967213114754,0.12863070539419086,0.2052980132450331
in,M-2022-7,163,final_collapsed;gradual_collapsed,1276,0.03953488372093023,0.013322884012539185,0.01992966002344666
in,M-2022-7,164,,1702,0.39552238805970147,0.31139835487661577,0.34845496383957925
in,M-2022-7,165,,5683,0.7489788972089857,0.7744149216962871,0.761484557487672
in,M-2022-7,166,degraded_noncollapsed,1530,0.514760147601476,0.36470588235294116,0.4269319051262433
in,M-2022-7,167,degraded_noncollapsed,23,0.005698005698005698,0.17391304347826086,0.011034482758620689
in,M-2022-7,168,,2156,0.6098457016899339,0.7699443413729128,0.6806068060680607
in,M-2022-7,169,,2090,0.978433598183882,0.8248803827751197,0.8951194184839044
in,M-2022-7,170,,1882,0.8082083662194159,0.5441020191285866,0.6503651953000953
in,M-2022-7,171,,6243,0.566806181584031,0.5639916706711516,0.5653954235246889
in,M-2022-7,172,,5217,0.763494182719817,0.7672992141077247,0.7653919694072657
in,M-2022-7,173,degraded_noncollapsed,1718,0.9915407854984895,0.9551804423748544,0.9730210495108212
in,M-2022-7,174,final_collapsed;abrupt_collapsed,1067,0.0,0.0,0.0
in,M-2022-7,175,,32188,0.6779671502366297,0.6809369951534734,0.6794488274408296
in,M-2022-7,176,degraded_noncollapsed,1623,0.5648195221148958,0.6845348120764018,0.618941504178273
in,M-2022-7,177,,1188,0.48388483025354534,0.9478114478114478,0.6406827880512092
in,M-2022-10,0,,1642,0.7866756393001346,0.7119366626065774,0.7474424552429667
in,M-2022-10,1,,4956,0.7993759177679882,0.8787328490718321,0.8371780084582853
in,M-2022-10,2,absorber,5086,0.38080710026348635,0.5399134880062918,0.4466129950394405
in,M-2022-10,3,,1139,0.8717105263157895,0.9306409130816505,0.9002123142250531
in,M-2022-10,4,,972,0.6843283582089552,0.9434156378600823,0.7932525951557093
in,M-2022-10,5,absorber,2902,0.6338823529411765,0.46416264645072364,0.5359061070220807
in,M-2022-10,6,degraded_noncollapsed,2429,0.4472089314194577,0.5771922601893783,0.5039539899352984
in,M-2022-10,7,,39,0.04081632653061224,0.10256410256410256,0.058394160583941604
in,M-2022-10,8,stable,1940,0.8464773922187171,0.8298969072164949,0.8381051535658511
in,M-2022-10,9,degraded_noncollapsed,1291,0.28832116788321166,0.061192873741285826,0.10095846645367412
in,M-2022-10,10,final_collapsed;gradual_collapsed,1434,0.5373443983402489,0.3612273361227336,0.43202668890742285
in,M-2022-10,11,degraded_noncollapsed,2001,0.2876712328767123,0.08395802098950525,0.12998065764023212
in,M-2022-10,12,degraded_noncollapsed,2580,0.603764705882353,0.4972868217054264,0.5453772582359192
in,M-2022-10,13,absorber,1607,0.270617636558372,0.4716863721219664,0.34392014519056263
in,M-2022-10,14,absorber;degraded_noncollapsed,10007,0.46058592570220475,0.3047866493454582,0.3668290336159721
in,M-2022-10,15,stable,951,0.6412903225806451,0.5226077812828601,0.5758980301274623
in,M-2022-10,16,,2405,0.3045977011494253,0.06611226611226612,0.10864366245302358
in,M-2022-10,17,,11892,0.8562825520833334,0.8847965018499832,0.8703060380479736
in,M-2022-10,18,,43004,0.8705995539423623,0.9258673611757046,0.8973833081656111
in,M-2022-10,19,degraded_noncollapsed,29160,0.7551424213693887,0.6282235939643347,0.6858608360321234
in,M-2022-10,20,,2388,0.3857919098410143,0.8027638190954773,0.5211363327443251
in,M-2022-10,21,,3959,0.8910058840011208,0.8032331396817378,0.844845908607864
in,M-2022-10,22,,1178,0.6107480029048656,0.7139219015280136,0.6583170254403131
in,M-2022-10,23,,8236,0.7994024314856789,0.9420835356969403,0.8648980046817523
in,M-2022-10,24,degraded_noncollapsed,12024,0.9272594447923189,0.7389387890884896,0.8224567249838008
in,M-2022-10,25,,46993,0.8030893268988507,0.8817696252633371,0.8405923521655341
in,M-2022-10,26,final_collapsed;abrupt_collapsed,1400,0.4691689008042895,0.375,0.4168320762207225
in,M-2022-10,27,,10235,0.9550695825049702,0.9387396189545677,0.9468341956146834
in,M-2022-10,28,degraded_noncollapsed,11735,0.6128052638238644,0.41269706007669366,0.49322741623383237
in,M-2022-10,29,,34921,0.6964588712652158,0.5406775292803757,0.6087601360610018
in,M-2022-10,30,,991,0.7591397849462366,0.3562058526740666,0.4848901098901099
in,M-2022-10,31,,1938,0.7903645833333334,0.9396284829721362,0.8585572842998586
in,M-2022-10,32,degraded_noncollapsed,1783,0.17696629213483145,0.10600112170499158,0.13258505787443003
in,M-2022-10,33,,124,0.09392265193370165,0.13709677419354838,0.11147540983606558
in,M-2022-10,34,degraded_noncollapsed,1682,0.667458432304038,0.1670630202140309,0.2672372800760818
in,M-2022-10,35,,2194,0.9357314148681055,0.8892433910665452,0.9118953026408039
in,M-2022-10,36,degraded_noncollapsed,2648,0.9700623700623701,0.8810422960725075,0.9234118345537304
in,M-2022-10,37,,1115,0.9642502482621649,0.8708520179372198,0.9151743638077285
in,M-2022-10,38,final_collapsed;abrupt_collapsed,92,0.11538461538461539,0.03260869565217391,0.05084745762711865
in,M-2022-10,39,,4329,0.8116854908774979,0.8632478632478633,0.8366730101869473
in,M-2022-10,40,degraded_noncollapsed,981,0.9112426035502958,0.6279306829765545,0.7435123717561859
in,M-2022-10,41,,2408,0.5795218295218295,0.4630398671096346,0.5147737765466297
in,M-2022-10,42,degraded_noncollapsed,2235,0.3919270833333333,0.26935123042505593,0.3192787059135508
in,M-2022-10,43,,2062,0.5302554908112954,0.5737148399612028,0.5511297460982996
in,M-2022-10,44,stable,1081,0.9742612011439467,0.9454209065679926,0.9596244131455399
in,M-2022-10,45,absorber,1536,0.623121387283237,0.3509114583333333,0.4489795918367347
in,M-2022-10,46,absorber,11714,0.5647156669092421,0.46371862728359226,0.5092579571555805
in,M-2022-10,47,final_collapsed;gradual_collapsed,34,0.0,0.0,0.0
in,M-2022-10,48,final_collapsed;abrupt_collapsed,2986,0.0,0.0,0.0
in,M-2022-10,49,,42912,0.8459944061532314,0.7894528337061895,0.8167462269154733
in,M-2022-10,50,degraded_noncollapsed,3110,0.44823906083244397,0.27009646302250806,0.33707865168539325
in,M-2022-10,51,,16876,0.794320317394028,0.901635458639488,0.844582593250444
in,M-2022-10,52,,2218,0.5889121338912134,0.5076645626690712,0.5452784503631961
in,M-2022-10,53,,11906,0.8745356298547788,0.8699815219217202,0.8722526315789474
in,M-2022-10,54,degraded_noncollapsed,6595,0.6125,0.1411675511751327,0.22945163277880468
in,M-2022-10,55,degraded_noncollapsed,5643,0.9785535021674652,0.7600567074251284,0.8555755036904049
in,M-2022-10,56,final_collapsed;abrupt_collapsed,10706,0.07936507936507936,0.0004670278348589576,0.0009285913269570063
in,M-2022-10,57,stable,2065,0.9745060548119822,0.7404358353510896,0.8414969730324711
in,M-2022-10,58,,2316,0.9755170958210215,0.9978411053540587,0.9865528281750267
in,M-2022-10,59,stable,8856,0.9713340683572216,0.9948057813911473,0.9829298226040388
in,M-2022-10,60,,59907,0.8694425560842964,0.8539569666316124,0.8616301885521318
in,M-2022-10,61,,22920,0.5240325363569139,0.8348167539267015,0.6438847105143607
in,M-2022-10,62,stable,24087,0.8774672036365087,0.9136048490887201,0.8951714599519993
in,M-2022-10,63,,12148,0.49101006594932317,0.5822357589726704,0.5327458290965239
in,M-2022-10,64,stable,4110,0.8134087237479806,0.7350364963503649,0.772239263803681
in,M-2022-10,65,,3253,0.8900028645087368,0.9551183522901937,0.9214116251482799
in,M-2022-10,66,final_collapsed;abrupt_collapsed,4226,0.7519741564967696,0.49574065309985804,0.5975470621791215
in,M-2022-10,67,,4304,0.3271731690622861,0.11105947955390334,0.1658282740676496
in,M-2022-10,68,,3689,0.2952953940230792,0.8116020601789102,0.43303442291003763
in,M-2022-10,69,final_collapsed;abrupt_collapsed,1232,0.0,0.0,0.0
in,M-2022-10,70,degraded_noncollapsed,1735,0.8571428571428571,0.23861671469740633,0.37330928764652843
in,M-2022-10,71,absorber,63797,0.572402391764087,0.8357916516450616,0.6794647977062759
in,M-2022-10,72,,10327,0.487337440109514,0.5515638617217004,0.517465364524188
in,M-2022-10,73,,13787,0.8941922320192378,0.8900413432944078,0.8921119592875318
in,M-2022-10,74,,3353,0.4387550200803213,0.3909931404712198,0.4134994480365873
in,M-2022-10,75,degraded_noncollapsed,11581,0.4418558736426456,0.38649512131940245,0.4123255492607434
in,M-2022-10,76,stable,4405,0.8161813736385863,0.8335981838819523,0.8247978436657682
in,M-2022-10,77,,27623,0.7350430961635964,0.6298012525793723,0.6783646253728725
in,M-2022-10,78,,16173,0.8343834980433773,0.777839609225252,0.80512
in,M-2022-10,79,,12335,0.775522270398108,0.6380218889339279,0.7000845082951563
in,M-2022-10,80,degraded_noncollapsed,1260,0.4304,0.21349206349206348,0.2854111405835544
in,M-2022-10,81,,3661,0.9000807971990304,0.9128653373395247,0.9064279902359642
in,M-2022-10,82,,35248,0.7734453781512605,0.7833635950975942,0.7783728928229126
in,M-2022-10,83,,32633,0.9065550475719758,0.8993043851316153,0.902915160372279
in,M-2022-10,84,,1777,0.9570692615912993,0.9409116488463702,0.9489216799091941
in,M-2022-10,85,,1115,0.8848780487804878,0.8134529147982063,0.8476635514018691
in,M-2022-10,86,,52904,0.8524740889334671,0.7711326175714501,0.8097657800714569
in,M-2022-10,87,,7329,0.85725,0.9357347523536635,0.8947746102159306
in,M-2022-10,88,,229,0.11206896551724138,0.056768558951965066,0.07536231884057971
in,M-2022-10,89,,613,0.5786061588330632,0.5823817292006526,0.5804878048780487
in,M-2022-10,90,,6090,0.6685441410554671,0.896551724137931,0.7659395384723294
in,M-2022-10,91,,3610,0.8467845247245709,0.9155124653739612,0.8798083322241448
in,M-2022-10,92,,1810,0.9366771159874608,0.825414364640884,0.8775330396475771
in,M-2022-10,93,,34838,0.7843706490505673,0.7600321488030312,0.7720096216925432
in,M-2022-10,94,stable,350,0.23026315789473684,0.1,0.1394422310756972
in,M-2022-10,95,,4023,0.6881170018281536,0.9356201839423316,0.7930053723796482
in,M-2022-10,96,absorber;degraded_noncollapsed,61021,0.8753986332574032,0.6927615083331967,0.77344457556879
in,M-2022-10,97,,45643,0.7778789763639595,0.7671932169226388,0.772499145148303
in,M-2022-10,98,stable,59567,0.9868801722397901,0.9849749022109557,0.9859266167586688
in,M-2022-10,99,stable,27230,0.9457833678371939,0.8892030848329049,0.9166209233215347
in,M-2022-10,100,,27178,0.9119944361224053,0.627235263816322,0.7432744713320253
in,M-2022-10,101,degraded_noncollapsed,55343,0.9040741633610204,0.7453878539291329,0.8170978092936656
in,M-2022-10,102,,56050,0.8566313222515473,0.9902230151650312,0.9185955098021367
in,M-2022-10,103,degraded_noncollapsed,2918,0.7015384615384616,0.39067854694996573,0.5018710103455866
in,M-2022-10,104,final_collapsed;gradual_collapsed,2391,0.45108005082592123,0.14847344207444585,0.223410950283197
in,M-2022-10,105,absorber;degraded_noncollapsed,4902,0.4122421373013189,0.24867401060791514,0.31021758493447005
in,M-2022-10,106,,2736,0.9448173005219985,0.9261695906432749,0.9354005167958657
in,M-2022-10,107,stable,3189,0.9057484680478552,0.9733458764502979,0.9383313180169287
in,M-2022-10,108,,5587,0.7368797709923665,0.5528906389833542,0.631761938848553
in,M-2022-10,109,final_collapsed;abrupt_collapsed,1824,0.9404481132075472,0.8744517543859649,0.90625
in,M-2022-10,110,,8030,0.7070070986947561,0.7689912826899128,0.7366976855165831
in,M-2022-10,111,degraded_noncollapsed,2242,0.36472678809418035,0.3661909009812667,0.3654573781437792
in,M-2022-10,112,degraded_noncollapsed,1706,0.5469659185369908,0.38569753810082064,0.45238913716053625
in,M-2022-10,113,stable,4746,0.977608787494719,0.9751369574378423,0.9763713080168777
in,M-2022-10,114,,820,0.9414519906323185,0.9804878048780488,0.9605734767025089
in,M-2022-10,115,,21104,0.7848774244363493,0.7554965883244883,0.7699068038051089
in,M-2022-10,116,,4100,0.7770002332633543,0.812439024390244,0.7943245498986526
in,M-2022-10,117,,83533,0.5706334965481585,0.673853447140651,0.6179628491129457
in,M-2022-10,118,degraded_noncollapsed,2917,0.8968897903989181,0.9094960575934179,0.9031489361702127
in,M-2022-10,119,stable,2621,0.8888888888888888,0.747806180847005,0.8122668876916701
in,M-2022-10,120,,2381,0.8102541630148992,0.7765644687106258,0.7930516834655801
in,M-2022-10,121,final_collapsed;gradual_collapsed,205,0.006622516556291391,0.004878048780487805,0.0056179775280898875
in,M-2022-10,122,,57235,0.8051954923019946,0.7977111907049882,0.8014358686303077
in,M-2022-10,123,degraded_noncollapsed,8886,0.788659793814433,0.10330857528696827,0.1826865671641791
in,M-2022-10,124,,24809,0.7573532253700769,0.7898343343141602,0.7732528313799771
in,M-2022-10,125,,3524,0.42060567216792183,0.7448921679909194,0.5376344086021505
in,M-2022-10,126,,807,0.5945945945945946,0.6815365551425031,0.6351039260969977
in,M-2022-10,127,,8546,0.8688111005991801,0.6447460800374444,0.7401934443847394
in,M-2022-10,128,stable,4543,0.8663634394628547,0.8804754567466432,0.8733624454148472
in,M-2022-10,129,degraded_noncollapsed,31048,0.83044310046902,0.8668191187838186,0.8482413010590015
in,M-2022-10,130,stable,6353,0.7347240915208614,0.8592790807492523,0.7921352390626134
in,M-2022-10,131,stable,26225,0.8659237958303379,0.9185891325071497,0.8914793227865667
in,M-2022-10,132,stable,18623,0.8769275700934579,0.8061536809321806,0.84005259771144
in,M-2022-10,133,,46808,0.7219832954186939,0.9289010425568279,0.8124748904522988
in,M-2022-10,134,,8353,0.8644121700413442,0.9761762241110978,0.9169009333183402
in,M-2022-10,135,,2978,0.5282087447108603,0.5030221625251847,0.5153078775369797
in,M-2022-10,136,,17861,0.7080745341614907,0.6637926207939085,0.6852188990030342
in,M-2022-10,137,degraded_noncollapsed,600,0.020186335403726708,0.021666666666666667,0.02090032154340836
in,M-2022-10,138,degraded_noncollapsed,17872,0.5640694040306068,0.5857206803939122,0.57469118858084
in,M-2022-10,139,degraded_noncollapsed,1906,0.11789038262668046,0.05981112277019937,0.07935955447267665
in,M-2022-10,140,,39024,0.7121725973077324,0.6995438704387044,0.7058017477635865
in,M-2022-10,141,,1846,0.43498049414824447,0.36240520043336943,0.3953900709219858
in,M-2022-10,142,,27783,0.608971248331918,0.7227081308713962,0.6609826351740598
in,M-2022-10,143,degraded_noncollapsed,4318,0.26801346801346804,0.1843446039833256,0.21844127332601537
in,M-2022-10,144,stable,2456,0.9408163265306122,0.9385179153094463,0.9396657154504688
in,M-2022-10,145,stable,1504,0.9973262032085561,0.9920212765957447,0.9946666666666667
in,M-2022-10,146,,5568,0.96794208893485,0.8405172413793104,0.8997404594828415
in,M-2022-10,147,degraded_noncollapsed,801,0.19696969696969696,0.08114856429463171,0.11494252873563218
in,M-2022-10,148,,5342,0.7747780394999094,0.8004492699363535,0.7874044747260841
in,M-2022-10,149,,56482,0.5563940773670814,0.5495379058815197,0.5529447393736416
in,M-2022-10,150,degraded_noncollapsed,1195,0.686491935483871,0.5698744769874478,0.6227709190672154
in,M-2022-10,151,,2077,0.5082178536899774,0.7592681752527685,0.6088803088803089
in,M-2022-10,152,degraded_noncollapsed,618,0.7257861635220125,0.9336569579288025,0.8167020523708421
in,M-2022-10,153,,90325,0.7773757838880849,0.7493274287295876,0.7630939562886505
in,M-2022-10,154,,3149,0.5054878048780488,0.2632581771991108,0.34621006473167676
in,M-2022-10,155,,9885,0.401356993736952,0.5445624683864441,0.4621195862128171
in,M-2022-10,156,absorber,24907,0.5882151421719767,0.8272373228409684,0.6875448402435972
in,M-2022-10,157,,1745,0.33006650332516624,0.5404011461318051,0.4098218166014776
in,M-2022-10,158,,11346,0.7608800076856567,0.6980433632998414,0.7281084808090095
in,M-2022-10,159,,2457,0.41135573580533025,0.288970288970289,0.33946928042075064
in,M-2022-10,160,,2407,0.5179833012202955,0.6701287910261736,0.5843144357906176
in,M-2022-10,161,,929,0.9433465085638999,0.7707212055974165,0.8483412322274881
in,M-2022-10,162,,255,0.38095238095238093,0.1568627450980392,0.2222222222222222
in,M-2022-10,163,final_collapsed;gradual_collapsed,2116,0.02857142857142857,0.021266540642722116,0.02438363587103766
in,M-2022-10,164,,2237,0.42848837209302326,0.3294590970049173,0.37250442254233007
in,M-2022-10,165,,6592,0.7357690041249263,0.9470570388349514,0.8281488359753266
in,M-2022-10,166,degraded_noncollapsed,3035,0.5635118306351183,0.2981878088962109,0.39000215470803706
in,M-2022-10,167,degraded_noncollapsed,125,0.018154311649016642,0.096,0.030534351145038167
in,M-2022-10,168,,4172,0.601453432778734,0.7538350910834132,0.6690777576853526
in,M-2022-10,169,,2044,0.9233381853469189,0.9310176125244618,0.9271619975639465
in,M-2022-10,170,,3079,0.719281663516068,0.4943163364728808,0.5859480269489894
in,M-2022-10,171,,7488,0.47689096511281187,0.6407585470085471,0.5468117841472449
in,M-2022-10,172,,8866,0.7746123332131266,0.726821565531243,0.7499563572883329
in,M-2022-10,173,degraded_noncollapsed,1393,0.952922077922078,0.4213926776740847,0.5843703334992534
in,M-2022-10,174,final_collapsed;abrupt_collapsed,2702,0.0,0.0,0.0
in,M-2022-10,175,,36003,0.5633102239632999,0.6070882981973724,0.584380514410994
in,M-2022-10,176,degraded_noncollapsed,3404,0.42919525888958204,0.6063454759106933,0.5026178010471204
in,M-2022-10,177,,1613,0.6153140761118753,0.8319900805951643,0.7074327886136004
in,M-2022-12,0,,950,0.7851690294438386,0.7578947368421053,0.7712908409212641
in,M-2022-12,1,,3117,0.7053291536050157,0.7218479307025987,0.7134929443475504
in,M-2022-12,2,absorber,3678,0.3435791061663209,0.4953779227841218,0.4057454626433582
in,M-2022-12,3,,743,0.8633461047254151,0.9098250336473755,0.8859764089121888
in,M-2022-12,4,,869,0.458710407239819,0.9332566168009206,0.6150929086082669
in,M-2022-12,5,absorber,1080,0.3840682788051209,0.5,0.4344328238133548
in,M-2022-12,6,degraded_noncollapsed,1684,0.7343283582089553,0.43824228028503565,0.5489029378951283
in,M-2022-12,7,,33,0.5,0.030303030303030304,0.05714285714285714
in,M-2022-12,8,stable,1142,0.8274881516587678,0.7644483362521891,0.7947200728265817
in,M-2022-12,9,degraded_noncollapsed,910,0.3023255813953488,0.05714285714285714,0.09611829944547134
in,M-2022-12,10,final_collapsed;gradual_collapsed,1004,0.23049645390070922,0.0647410358565737,0.10108864696734059
in,M-2022-12,11,degraded_noncollapsed,1749,0.2863636363636364,0.07204116638078903,0.11512105984467794
in,M-2022-12,12,degraded_noncollapsed,263,0.025899280575539568,0.06844106463878327,0.037578288100208766
in,M-2022-12,13,absorber,1090,0.27519818799546997,0.44587155963302755,0.3403361344537815
in,M-2022-12,14,absorber;degraded_noncollapsed,5821,0.35076353540027766,0.26043635114241537,0.2989253672483486
in,M-2022-12,15,stable,715,0.8793103448275862,0.5706293706293706,0.6921119592875318
in,M-2022-12,16,,1186,0.2564102564102564,0.07588532883642496,0.11711125569290826
in,M-2022-12,17,,8301,0.7396677471636953,0.8796530538489339,0.8036097507291036
in,M-2022-12,18,,25658,0.8587757494557026,0.7993997973341648,0.8280247063097977
in,M-2022-12,19,degraded_noncollapsed,22936,0.6671435680517541,0.4676055109870945,0.5498308212857582
in,M-2022-12,20,,1125,0.2786355475763016,0.6897777777777778,0.3969309462915601
in,M-2022-12,21,,2095,0.8296169239565466,0.692601431980907,0.754942767950052
in,M-2022-12,22,,743,0.6170703575547867,0.7200538358008075,0.6645962732919255
in,M-2022-12,23,,5114,0.741216950380297,0.8003519749706688,0.7696502444528018
in,M-2022-12,24,degraded_noncollapsed,4154,0.7304313099041534,0.44029850746268656,0.5494142385100631
in,M-2022-12,25,,34385,0.7888656886406161,0.8460375163588775,0.8164519659846763
in,M-2022-12,26,final_collapsed;abrupt_collapsed,807,0.052123552123552123,0.03345724907063197,0.040754716981132075
in,M-2022-12,27,,7371,0.9397452411621583,0.8907882241215574,0.9146120629614153
in,M-2022-12,28,degraded_noncollapsed,5815,0.29541062801932366,0.21031814273430782,0.2457056755399297
in,M-2022-12,29,,30274,0.7365809115451802,0.6128360969809077,0.6690346543579387
in,M-2022-12,30,,645,0.8705501618122977,0.834108527131783,0.8519398258115598
in,M-2022-12,31,,952,0.7067193675889328,0.9390756302521008,0.8064952638700947
in,M-2022-12,32,degraded_noncollapsed,998,0.08450704225352113,0.04809619238476954,0.06130268199233716
in,M-2022-12,33,,630,0.7229437229437229,0.2650793650793651,0.3879210220673635
in,M-2022-12,34,degraded_noncollapsed,1240,0.7563739376770539,0.2153225806451613,0.3352165725047081
in,M-2022-12,35,,930,0.8680124223602484,0.6010752688172043,0.7102922490470139
in,M-2022-12,36,degraded_noncollapsed,216,0.48863636363636365,0.19907407407407407,0.28289473684210525
in,M-2022-12,37,,866,0.9291237113402062,0.8325635103926097,0.8781973203410475
in,M-2022-12,38,final_collapsed;abrupt_collapsed,193,0.23529411764705882,0.02072538860103627,0.0380952380952381
in,M-2022-12,39,,4483,0.8783102143757882,0.9321882667856346,0.9044475706092414
in,M-2022-12,40,degraded_noncollapsed,737,0.95,0.4898236092265943,0.6463742166517458
in,M-2022-12,41,,1636,0.5423357664233577,0.45415647921760394,0.49434464404524286
in,M-2022-12,42,degraded_noncollapsed,1444,0.3549382716049383,0.2389196675900277,0.2855960264900662
in,M-2022-12,43,,1992,0.6149269875608437,0.5707831325301205,0.5920333246550378
in,M-2022-12,44,stable,1181,0.9861239592969473,0.9026248941574937,0.9425287356321839
in,M-2022-12,45,absorber,1463,0.7268041237113402,0.4818865345181135,0.5795314426633785
in,M-2022-12,46,absorber,7420,0.5406675307841866,0.44973045822102425,0.4910241318422601
in,M-2022-12,47,final_collapsed;gradual_collapsed,618,0.0,0.0,0.0
in,M-2022-12,48,final_collapsed;abrupt_collapsed,3361,0.016666666666666666,0.0002975304968759298,0.0005846243788365975
in,M-2022-12,49,,31563,0.8471764220939819,0.7813896017488832,0.8129542645241038
in,M-2022-12,50,degraded_noncollapsed,1528,0.1111111111111111,0.08507853403141362,0.09636767976278725
in,M-2022-12,51,,11645,0.7822804314329738,0.8719622155431516,0.8246903553299493
in,M-2022-12,52,,1274,0.6027000964320154,0.49058084772370486,0.540891389009087
in,M-2022-12,53,,5505,0.7733910221741482,0.779291553133515,0.7763300760043431
in,M-2022-12,54,degraded_noncollapsed,5063,0.6144578313253012,0.13095002962670355,0.2158905893845653
in,M-2022-12,55,degraded_noncollapsed,4063,0.8768054375531011,0.7619985232586759,0.8153805636028444
in,M-2022-12,56,final_collapsed;abrupt_collapsed,12137,0.1346153846153846,0.000576748784707918,0.001148576585445894
in,M-2022-12,57,stable,2331,0.8512014787430684,0.7902187902187903,0.8195773081201335
in,M-2022-12,58,,15,0.0,0.0,0.0
in,M-2022-12,59,stable,6030,0.9588330632090761,0.981094527363184,0.9698360655737704
in,M-2022-12,60,,24845,0.8060706986602074,0.8572348561078688,0.8308658591296546
in,M-2022-12,61,,10494,0.467703967388184,0.776253097007814,0.5837125147791193
in,M-2022-12,62,stable,11221,0.8391369543485505,0.8976918278228322,0.867427341227126
in,M-2022-12,63,,5492,0.4031347962382445,0.5853969410050983,0.4774634291230415
in,M-2022-12,64,stable,1215,0.6361149110807114,0.7654320987654321,0.6948076204706761
in,M-2022-12,65,,2112,0.9078578110383536,0.9190340909090909,0.9134117647058824
in,M-2022-12,66,final_collapsed;abrupt_collapsed,1955,0.0,0.0,0.0
in,M-2022-12,67,,1191,0.14868421052631578,0.0948782535684299,0.11583803177857509
in,M-2022-12,68,,2499,0.5641313499859669,0.8043217286914766,0.6631474760805015
in,M-2022-12,69,final_collapsed;abrupt_collapsed,1866,0.005714285714285714,0.0005359056806002144,0.0009799118079372856
in,M-2022-12,70,degraded_noncollapsed,908,0.6872246696035242,0.17180616740088106,0.2748898678414097
in,M-2022-12,71,absorber,39434,0.5260518473419425,0.8326063802809758,0.6447451103605373
in,M-2022-12,72,,5765,0.470926800472255,0.5535125758889853,0.5088908380511921
in,M-2022-12,73,,8821,0.8906197087707416,0.8944564108377735,0.8925339366515838
in,M-2022-12,74,,2294,0.4225473321858864,0.4280732345248474,0.4252923343438718
in,M-2022-12,75,degraded_noncollapsed,6807,0.4131306381556966,0.3633024827383576,0.3866176815445947
in,M-2022-12,76,stable,2683,0.7711545049674546,0.8389862094670145,0.8036415565869333
in,M-2022-12,77,,17960,0.7477700693756194,0.6721603563474388,0.7079521463757917
in,M-2022-12,78,,10246,0.7937428778618046,0.7478040210813977,0.7700889491934269
in,M-2022-12,79,,7528,0.7767123287671233,0.6025504782146652,0.6786355475763016
in,M-2022-12,80,degraded_noncollapsed,1055,0.42655935613682094,0.2009478672985782,0.27319587628865977
in,M-2022-12,81,,2122,0.9153846153846154,0.8972667295004713,0.9062351261304141
in,M-2022-12,82,,27579,0.7834264219765189,0.7476340694006309,0.7651118779917622
in,M-2022-12,83,,19531,0.879930118058129,0.8510060928779888,0.865226444560125
in,M-2022-12,84,,1057,0.8588957055214724,0.6622516556291391,0.7478632478632479
in,M-2022-12,85,,350,0.6539509536784741,0.6857142857142857,0.6694560669456067
in,M-2022-12,86,,20232,0.7672321565031331,0.7443653618030842,0.755625799653797
in,M-2022-12,87,,5056,0.8670745272525028,0.9250395569620253,0.8951196172248804
in,M-2022-12,88,,83,0.056338028169014086,0.04819277108433735,0.05194805194805195
in,M-2022-12,89,,377,0.4590909090909091,0.5358090185676393,0.4944920440636475
in,M-2022-12,90,,4080,0.716012084592145,0.9294117647058824,0.8088737201365188
in,M-2022-12,91,,2334,0.7583844212044717,0.9010282776349614,0.8235754846289407
in,M-2022-12,92,,896,0.8707124010554089,0.7366071428571429,0.7980652962515115
in,M-2022-12,93,,18804,0.6569221997615715,0.6740055307381408,0.6653542273669842
in,M-2022-12,94,stable,760,0.7883064516129032,0.5144736842105263,0.6226114649681529
in,M-2022-12,95,,3282,0.7158646097167857,0.9472882388787325,0.8154754098360656
in,M-2022-12,96,absorber;degraded_noncollapsed,44573,0.875520740608866,0.5516568326116708,0.6768421921880591
in,M-2022-12,97,,18214,0.7270855362012355,0.7173053694959921,0.7221623414310587
in,M-2022-12,98,stable,48912,0.9875076671437334,0.987467288191037,0.9874874772546053
in,M-2022-12,99,stable,18452,0.9379737241030823,0.8047908085844353,0.8662933146657333
in,M-2022-12,100,,17278,0.7344456667889011,0.6955087394374349,0.7144470868014269
in,M-2022-12,101,degraded_noncollapsed,42403,0.8401557925554162,0.7579888215456454,0.7969600416568516
in,M-2022-12,102,,35717,0.8468245039885457,0.927317523868186,0.8852450253244063
in,M-2022-12,103,degraded_noncollapsed,1446,0.6688396349413298,0.35477178423236516,0.46362403976502486
in,M-2022-12,104,final_collapsed;gradual_collapsed,1744,0.4949664429530201,0.169151376146789,0.25213675213675213
in,M-2022-12,105,absorber;degraded_noncollapsed,3159,0.3758357211079274,0.24912947135169358,0.29963830192271085
in,M-2022-12,106,,1622,0.9257105943152455,0.8834771886559802,0.9041009463722397
in,M-2022-12,107,stable,2555,0.9031051253273475,0.9448140900195695,0.9234889058913542
in,M-2022-12,108,,3529,0.795772787318362,0.8534995749504108,0.8236259228876128
in,M-2022-12,109,final_collapsed;abrupt_collapsed,393,0.0,0.0,0.0
in,M-2022-12,110,,5670,0.6916127089293781,0.81005291005291,0.7461619689708391
in,M-2022-12,111,degraded_noncollapsed,1136,0.17773677736777369,0.25440140845070425,0.20926864590876176
in,M-2022-12,112,degraded_noncollapsed,1083,0.4774381368267831,0.3028624192059095,0.3706214689265537
in,M-2022-12,113,stable,3574,0.9812096300645919,0.9350867375489648,0.957593123209169
in,M-2022-12,114,,911,0.5547445255474452,0.58397365532382,0.5689839572192513
in,M-2022-12,115,,15934,0.790577305905773,0.7477093008660726,0.7685459940652819
in,M-2022-12,116,,3278,0.6980363097443497,0.5747406955460647,0.6304165969549942
in,M-2022-12,117,,58860,0.5185273592721044,0.6274040095141012,0.5677934178460782
in,M-2022-12,118,degraded_noncollapsed,2577,0.5079922027290449,0.505626697710516,0.5068066900038896
in,M-2022-12,119,stable,1033,0.8433609958506224,0.78702807357212,0.814221331997997
in,M-2022-12,120,,1133,0.7801998183469573,0.7581641659311562,0.7690241718889884
in,M-2022-12,121,final_collapsed;gradual_collapsed,16,0.008928571428571428,0.0625,0.015625
in,M-2022-12,122,,40149,0.7725114986349214,0.7822859847069665,0.7773680172264436
in,M-2022-12,123,degraded_noncollapsed,1458,0.6945010183299389,0.23388203017832648,0.34992303745510517
in,M-2022-12,124,,18817,0.7559470905003398,0.768400914067067,0.7621231288214211
in,M-2022-12,125,,2268,0.42385231965023074,0.7694003527336861,0.5465935787000783
in,M-2022-12,126,,2588,0.8757904245709124,0.749227202472952,0.8075801749271136
in,M-2022-12,127,,4058,0.8221024258760108,0.6012814194184327,0.6945630515229149
in,M-2022-12,128,stable,3721,0.852498017446471,0.8667024993281376,0.8595415778251599
in,M-2022-12,129,degraded_noncollapsed,18631,0.7291800470991222,0.5484407707584134,0.6260262222766818
in,M-2022-12,130,stable,4618,0.7830169422331088,0.8306626245127761,0.8061363875170747
in,M-2022-12,131,stable,17194,0.8380932045054182,0.9131092241479586,0.8739944888245609
in,M-2022-12,132,stable,13419,0.8823529411764706,0.8148893360160966,0.8472803347280334
in,M-2022-12,133,,34000,0.6828642833858525,0.9241764705882353,0.785402736986815
in,M-2022-12,134,,5543,0.8517930815614091,0.9684286487461663,0.9063739974672858
in,M-2022-12,135,,1872,0.4718485301444943,0.5058760683760684,0.4882701727249291
in,M-2022-12,136,,12861,0.6721900253040568,0.6403079076277117,0.6558617394074546
in,M-2022-12,137,degraded_noncollapsed,1286,0.125,0.05287713841368585,0.07431693989071038
in,M-2022-12,138,degraded_noncollapsed,12776,0.6219272369714848,0.5940826549780839,0.6076861489191353
in,M-2022-12,139,degraded_noncollapsed,973,0.11808118081180811,0.065775950668037,0.08448844884488449
in,M-2022-12,140,,21276,0.6705170517051705,0.6875352509870276,0.6789195210247841
in,M-2022-12,141,,1226,0.44260599793174765,0.34910277324632955,0.3903328773369813
in,M-2022-12,142,,15948,0.574951135167644,0.7193378480060195,0.6390908331244255
in,M-2022-12,143,degraded_noncollapsed,3052,0.24564025909317388,0.16153342070773263,0.1949001779007709
in,M-2022-12,144,stable,2267,0.9492656875834445,0.940891045434495,0.9450598139122729
in,M-2022-12,145,stable,1149,0.9965034965034965,0.9921671018276762,0.9943305713039686
in,M-2022-12,146,,4680,0.969168260038241,0.8664529914529915,0.9149368231046932
in,M-2022-12,147,degraded_noncollapsed,2730,0.889826041117554,0.6183150183150183,0.7296304300842879
in,M-2022-12,148,,3728,0.7250317662007624,0.7652896995708155,0.7446169907346992
in,M-2022-12,149,,29896,0.4913907675950264,0.5565293015788065,0.5219355344678849
in,M-2022-12,150,degraded_noncollapsed,1291,0.7157784743991641,0.530596436870643,0.6094306049822064
in,M-2022-12,151,,872,0.42907801418439717,0.6938073394495413,0.530236634531113
in,M-2022-12,152,degraded_noncollapsed,729,0.7748344370860927,0.48148148148148145,0.5939086294416244
in,M-2022-12,153,,59235,0.7532439906402894,0.7173461635857179,0.7348569353290617
in,M-2022-12,154,,1862,0.48247232472324725,0.28088077336197637,0.35505770536320436
in,M-2022-12,155,,5650,0.34796612191339615,0.516283185840708,0.4157343404831469
in,M-2022-12,156,absorber,11350,0.48881908209988284,0.8088986784140969,0.6093853710341166
in,M-2022-12,157,,800,0.31550151975683893,0.64875,0.4245398773006135
in,M-2022-12,158,,5549,0.6480223035372016,0.6702108488015859,0.6589298369950389
in,M-2022-12,159,,1740,0.4357876712328767,0.2925287356321839,0.3500687757909216
in,M-2022-12,160,,1048,0.2937420178799489,0.4389312977099237,0.3519510328997705
in,M-2022-12,161,,334,0.8192771084337349,0.6107784431137725,0.6998284734133791
in,M-2022-12,162,,59,0.3,0.2033898305084746,0.24242424242424243
in,M-2022-12,163,final_collapsed;gradual_collapsed,1741,0.012612612612612612,0.00402067777139575,0.006097560975609756
in,M-2022-12,164,,1689,0.4048140043763676,0.3285968028419183,0.3627450980392157
in,M-2022-12,165,,4989,0.6443031621214657,0.7718981759871718,0.7023527266095203
in,M-2022-12,166,degraded_noncollapsed,1835,0.5127362366474938,0.34005449591280656,0.4089121887287025
in,M-2022-12,167,degraded_noncollapsed,55,0.0028846153846153848,0.05454545454545454,0.005479452054794521
in,M-2022-12,168,,4221,0.6766703176341731,0.7318171049514333,0.7031641247439108
in,M-2022-12,169,,1502,0.9250814332247557,0.9454061251664447,0.9351333552848206
in,M-2022-12,170,,1916,0.6202356202356203,0.4671189979123173,0.5328966954450729
in,M-2022-12,171,,4142,0.3729340533464245,0.5502172863351038,0.44455281381059203
in,M-2022-12,172,,5558,0.6936299292214358,0.7405541561712846,0.7163243995823181
in,M-2022-12,173,degraded_noncollapsed,978,0.9408866995073891,0.39059304703476483,0.5520231213872833
in,M-2022-12,174,final_collapsed;abrupt_collapsed,1507,0.0,0.0,0.0
in,M-2022-12,175,,22084,0.5290302536020817,0.6168266618366238,0.5695649447034474
in,M-2022-12,176,degraded_noncollapsed,2085,0.3404013631200303,0.43117505995203836,0.38044858231062206
in,M-2022-12,177,,1117,0.8766355140186916,0.8397493285586393,0.8577960676726109
bn,M-2022-7,0,,627,0.7519788918205804,0.9090909090909091,0.8231046931407943
bn,M-2022-7,1,,5041,0.9278439869989166,0.8494346359849236,0.8869096934548467
bn,M-2022-7,2,absorber,4913,0.4716446124763705,0.7109708935477305,0.5670914846984333
bn,M-2022-7,3,,814,0.9960732984293194,0.9348894348894349,0.9645120405576679
bn,M-2022-7,4,,1306,0.9429223744292238,0.9486983154670751,0.9458015267175572
bn,M-2022-7,5,absorber,949,0.3919843597262952,0.845100105374078,0.535559265442404
bn,M-2022-7,6,degraded_noncollapsed,1455,0.08339429407461595,0.15670103092783505,0.10885652900453568
bn,M-2022-7,7,,13,1.0,0.15384615384615385,0.26666666666666666
bn,M-2022-7,8,stable,1238,0.8760268857356236,0.9474959612277868,0.910360884749709
bn,M-2022-7,9,degraded_noncollapsed,1255,0.6321626617375231,0.5450199203187251,0.5853658536585366
bn,M-2022-7,10,final_collapsed;gradual_collapsed,1346,0.9083769633507853,0.7734026745913819,0.8354735152487961
bn,M-2022-7,11,degraded_noncollapsed,1290,0.9610705596107056,0.3062015503875969,0.4644326866549089
bn,M-2022-7,12,degraded_noncollapsed,1813,0.8821635544108177,0.7556536127964699,0.8140225787284611
bn,M-2022-7,13,absorber,1115,0.4163763066202091,0.6430493273542601,0.5054635178004935
bn,M-2022-7,14,absorber;degraded_noncollapsed,4897,0.19095595126522963,0.33285685113334695,0.2426859227276111
bn,M-2022-7,15,stable,538,0.7624784853700516,0.8234200743494424,0.7917783735478106
bn,M-2022-7,16,,949,0.13095238095238096,0.13909378292939936,0.13490035769034237
bn,M-2022-7,17,,9274,0.957592033120734,0.9227949105024801,0.9398715062324968
bn,M-2022-7,18,,12401,0.681339547730019,0.9548423514232723,0.7952316991269308
bn,M-2022-7,19,degraded_noncollapsed,9918,0.7578656126482214,0.9666263359548296,0.8496100673520028
bn,M-2022-7,20,,1273,0.9063313096270599,0.8208955223880597,0.8615004122011541
bn,M-2022-7,21,,1255,0.935163996948894,0.9768924302788845,0.9555728760717069
bn,M-2022-7,22,,449,0.6153846153846154,0.6948775055679287,0.6527196652719666
bn,M-2022-7,23,,5629,0.6938724259166248,0.9817019008704921,0.8130655484440521
bn,M-2022-7,24,degraded_noncollapsed,4214,0.9820359281437125,0.9340294257237779,0.9574312819265386
bn,M-2022-7,25,,35008,0.8212797619047619,0.9458980804387569,0.879194987255735
bn,M-2022-7,26,final_collapsed;abrupt_collapsed,952,0.44384384384384384,0.7762605042016807,0.5647688192586932
bn,M-2022-7,27,,15113,0.9987745098039216,0.6471249917289751,0.7853844609516162
bn,M-2022-7,28,degraded_noncollapsed,10579,0.748850636159521,0.6620663578788165,0.7027894842464378
bn,M-2022-7,29,,19817,0.7263778293309925,0.584599081596609,0.6478219538108818
bn,M-2022-7,30,,5745,0.9996320824135394,0.9458659704090514,0.9720060817458188
bn,M-2022-7,31,,5940,0.9125020216723273,0.9498316498316498,0.9307927080755588
bn,M-2022-7,32,degraded_noncollapsed,2014,0.2741683411475776,0.6097318768619663,0.3782535037732943
bn,M-2022-7,33,,273,0.3069306930693069,0.11355311355311355,0.1657754010695187
bn,M-2022-7,34,degraded_noncollapsed,802,0.9782608695652174,0.8977556109725686,0.9362808842652796
bn,M-2022-7,35,,3174,0.9961430575035063,0.8950850661625709,0.9429140391636243
bn,M-2022-7,36,degraded_noncollapsed,1292,0.7908713692946058,0.7376160990712074,0.76331597917501
bn,M-2022-7,37,,939,0.9764705882352941,0.35356762513312034,0.5191555903049258
bn,M-2022-7,38,final_collapsed;abrupt_collapsed,102,0.6049382716049383,0.4803921568627451,0.5355191256830601
bn,M-2022-7,39,,5963,0.9247003207833868,0.9184974006372632,0.9215884233552079
bn,M-2022-7,40,degraded_noncollapsed,1205,0.9914712153518124,0.7717842323651453,0.8679421371908539
bn,M-2022-7,41,,1992,0.7776595744680851,0.3669678714859438,0.49863574351978174
bn,M-2022-7,42,degraded_noncollapsed,630,0.5254237288135594,0.049206349206349205,0.0899854862119013
bn,M-2022-7,43,,1330,0.815914489311164,0.5165413533834586,0.6325966850828729
bn,M-2022-7,44,stable,1904,0.9982537834691502,0.9007352941176471,0.9469906129210381
bn,M-2022-7,45,absorber,1928,0.7313432835820896,0.6607883817427386,0.6942779291553134
bn,M-2022-7,46,absorber,4182,0.6745454545454546,0.6209947393591583,0.6466633466135459
bn,M-2022-7,47,final_collapsed;gradual_collapsed,384,0.9945205479452055,0.9453125,0.9692923898531375
bn,M-2022-7,48,final_collapsed;abrupt_collapsed,4498,0.3318007662835249,0.09626500666963095,0.14923315526451836
bn,M-2022-7,49,,13761,0.8625819643234859,0.8890342271637236,0.8756083595762955
bn,M-2022-7,50,degraded_noncollapsed,2568,0.0778405524168236,0.048286604361370715,0.059601057438115834
bn,M-2022-7,51,,15397,0.7338059154241017,0.9748652334870429,0.8373312506973112
bn,M-2022-7,52,,1010,0.6453608247422681,0.6198019801980198,0.6323232323232323
bn,M-2022-7,53,,4517,0.8422825440855954,0.9411113570954173,0.8889585947302384
bn,M-2022-7,54,degraded_noncollapsed,3357,0.1590909090909091,0.08757819481680071,0.11296829971181556
bn,M-2022-7,55,degraded_noncollapsed,5627,0.9516569866757773,0.9900479829393993,0.970472955317481
bn,M-2022-7,56,final_collapsed;abrupt_collapsed,8114,0.0023094688221709007,0.00012324377618930243,0.000234000234000234
bn,M-2022-7,57,stable,2449,0.9402927580893683,0.9967333605553287,0.9676907829534193
bn,M-2022-7,58,,1749,1.0,0.9982847341337907,0.9991416309012876
bn,M-2022-7,59,stable,5381,0.9076740640352363,0.9957257015424642,0.9496632399858206
bn,M-2022-7,60,,21024,0.8345613433858807,0.9266552511415526,0.8782005048683736
bn,M-2022-7,61,,12195,0.7430485762144053,0.7275112751127512,0.7351978454526621
bn,M-2022-7,62,stable,8933,0.9521885521885521,0.9497369304824806,0.9509611612397019
bn,M-2022-7,63,,8561,0.8826573193123017,0.6176848499007125,0.7267729521715228
bn,M-2022-7,64,stable,16,0.024291497975708502,0.375,0.045627376425855515
bn,M-2022-7,65,,2044,0.9742747673782156,0.8708414872798435,0.919659002841643
bn,M-2022-7,66,final_collapsed;abrupt_collapsed,2587,0.8220640569395018,0.714340935446463,0.7644260599793175
bn,M-2022-7,67,,1175,0.31198808637379,0.3565957446808511,0.3328038125496426
bn,M-2022-7,68,,3493,0.6735088142960638,0.798454050959061,0.7306785433586587
bn,M-2022-7,69,final_collapsed;abrupt_collapsed,605,0.8061674008810573,0.9074380165289256,0.8538102643856921
bn,M-2022-7,70,degraded_noncollapsed,1078,0.5720338983050848,0.6261595547309833,0.5978742249778565
bn,M-2022-7,71,absorber,78156,0.8599406919275123,0.8348431342443319,0.847206081892606
bn,M-2022-7,72,,7931,0.750506329113924,0.7475728155339806,0.7490367001452846
bn,M-2022-7,73,,15014,0.9910702019508174,0.9609697615558812,0.9757879074800487
bn,M-2022-7,74,,3474,0.5315161839863713,0.6286701208981001,0.5760253197942766
bn,M-2022-7,75,degraded_noncollapsed,16084,0.7206004018437537,0.7581447401143994,0.7388959583106102
bn,M-2022-7,76,stable,5019,0.9310800105624505,0.7025303845387527,0.8008176243470361
bn,M-2022-7,77,,35082,0.8102562701491722,0.8453622940539308,0.8274370849840968
bn,M-2022-7,78,,31608,0.9846372495939361,0.9205897241204758,0.9515369522563767
bn,M-2022-7,79,,10765,0.7184645042326712,0.7962842545285648,0.7553753965456468
bn,M-2022-7,80,degraded_noncollapsed,2151,0.5761523046092184,0.2673175267317527,0.36519530009526835
bn,M-2022-7,81,,3251,0.9154768703597944,0.9861581051984005,0.9495039241818451
bn,M-2022-7,82,,38594,0.851400798860367,0.7897859770948852,0.819436790106862
bn,M-2022-7,83,,21074,0.7807967473317956,0.9477080763025529,0.8561935995541552
bn,M-2022-7,84,,1135,0.8558352402745996,0.9885462555066079,0.9174161896974653
bn,M-2022-7,85,,1437,0.9334677419354839,0.9665970772442589,0.9497435897435897
bn,M-2022-7,86,,16760,0.9097351221190231,0.7889618138424821,0.8450551206262982
bn,M-2022-7,87,,9083,0.8870659285354806,0.9702741385004954,0.9268061836155221
bn,M-2022-7,88,,239,0.3463855421686747,0.4811715481171548,0.4028021015761821
bn,M-2022-7,89,,552,0.9727891156462585,0.7771739130434783,0.8640483383685801
bn,M-2022-7,90,,3605,0.7816869643662607,0.9614424410540915,0.8622963055106356
bn,M-2022-7,91,,2609,0.8304363249379213,0.8972786508240705,0.8625644804716286
bn,M-2022-7,92,,804,0.39059876888640177,0.8681592039800995,0.5387881126978
bn,M-2022-7,93,,24700,0.844732370433305,0.8050607287449393,0.8244195688225538
bn,M-2022-7,94,stable,123,0.005082776648271856,0.2845528455284553,0.009987159366528749
bn,M-2022-7,95,,53160,0.9928111851167003,0.9898043641835967,0.9913054945883062
bn,M-2022-7,96,absorber;degraded_noncollapsed,37892,0.9798257973613423,0.807505542066927,0.8853587962962963
bn,M-2022-7,97,,30023,0.976509511993383,0.7864637111547813,0.8712432891168386
bn,M-2022-7,98,stable,48679,0.9955455651564208,0.9917007333757883,0.9936194298651847
bn,M-2022-7,99,stable,18048,0.9908119144847466,0.9141733156028369,0.9509510086455332
bn,M-2022-7,100,,10947,0.9855982274741507,0.9752443591851648,0.9803939574819781
bn,M-2022-7,101,degraded_noncollapsed,44889,0.977319587628866,0.44349395174764417,0.6101227416908013
bn,M-2022-7,102,,41479,0.866453125654231,0.997782010173823,0.9274917362317217
bn,M-2022-7,103,degraded_noncollapsed,1231,0.9329470198675497,0.9155158407798538,0.924149241492415
bn,M-2022-7,104,final_collapsed;gradual_collapsed,1719,0.44695898161244696,0.18382780686445607,0.2605111294311624
bn,M-2022-7,105,absorber;degraded_noncollapsed,1105,0.2015267175572519,0.7167420814479638,0.31459781529294933
bn,M-2022-7,106,,2288,0.9731949848681366,0.9838286713286714,0.9784829384916323
bn,M-2022-7,107,stable,2160,0.9529198732458126,0.9745370370370371,0.963607232776379
bn,M-2022-7,108,,7204,0.9797196540411571,0.9119933370349805,0.9446441409058232
bn,M-2022-7,109,final_collapsed;abrupt_collapsed,1236,0.956953642384106,0.9352750809061489,0.9459901800327333
bn,M-2022-7,110,,6102,0.9386530340075573,0.6920681743690593,0.7967172908216206
bn,M-2022-7,111,degraded_noncollapsed,1330,0.40698455339153794,0.4556390977443609,0.4299396949272792
bn,M-2022-7,112,degraded_noncollapsed,1780,0.8697342838626053,0.7539325842696629,0.8077038820343063
bn,M-2022-7,113,stable,2014,0.9904378459989934,0.9771598808341608,0.9837540614846289
bn,M-2022-7,114,,1939,0.8444643657552667,0.9716348633316142,0.9035971223021583
bn,M-2022-7,115,,13745,0.9671859157526039,0.7634048744998181,0.8532975522485159
bn,M-2022-7,116,,3519,0.9653069004956157,0.7195225916453538,0.8244871377401498
bn,M-2022-7,117,,45039,0.6369470028687906,0.7493061568862541,0.6885730899890842
bn,M-2022-7,118,degraded_noncollapsed,1354,0.7904269081500647,0.9025110782865583,0.8427586206896551
bn,M-2022-7,119,stable,1430,0.889811320754717,0.8244755244755245,0.8558983666061706
bn,M-2022-7,120,,1510,0.587012987012987,0.8980132450331125,0.7099476439790576
bn,M-2022-7,121,final_collapsed;gradual_collapsed,7,0.0,0.0,0.0
bn,M-2022-7,122,,41710,0.9433123988700874,0.8246463677775114,0.8799969298862779
bn,M-2022-7,123,degraded_noncollapsed,1121,0.7602663706992231,0.6110615521855486,0.6775469831849654
bn,M-2022-7,124,,20257,0.9499115139164477,0.8744137828898653,0.9106004523956406
bn,M-2022-7,125,,2871,0.5402393726784978,0.9118773946360154,0.6785020085525463
bn,M-2022-7,126,,1107,0.954070981210856,0.8256549232158988,0.8852300242130751
bn,M-2022-7,127,,2163,0.899837574445046,0.768377253814147,0.8289276807980049
bn,M-2022-7,128,stable,2154,0.9012400354295838,0.9447539461467038,0.9224841341795105
bn,M-2022-7,129,degraded_noncollapsed,19427,0.801318719706563,0.944613167241468,0.867085617085617
bn,M-2022-7,130,stable,4594,0.6655416264866603,0.9013931214627775,0.7657174556213018
bn,M-2022-7,131,stable,26165,0.9232064668238464,0.9428243837187082,0.9329123019324584
bn,M-2022-7,132,stable,10712,0.9857928505957837,0.8032113517550411,0.8851851851851852
bn,M-2022-7,133,,36135,0.8946552258864882,0.9579631935796319,0.9252275248239272
bn,M-2022-7,134,,6337,0.9398330445739487,0.941612750512861,0.9407220558095538
bn,M-2022-7,135,,1882,0.7042864894194248,0.6896918172157279,0.6969127516778524
bn,M-2022-7,136,,14759,0.8153326265571164,0.8337285723965038,0.8244279923620649
bn,M-2022-7,137,degraded_noncollapsed,1585,0.5481481481481482,0.09337539432176656,0.15956873315363881
bn,M-2022-7,138,degraded_noncollapsed,28132,0.8060668913663469,0.5525735816863359,0.6556720163654386
bn,M-2022-7,139,degraded_noncollapsed,1011,0.3769633507853403,0.21364985163204747,0.2727272727272727
bn,M-2022-7,140,,13811,0.6424075295246089,0.7759032655129969,0.7028728846910665
bn,M-2022-7,141,,1364,0.5985748218527316,0.7390029325513197,0.6614173228346457
bn,M-2022-7,142,,23002,0.876048858204992,0.7171550299973916,0.7886785236182826
bn,M-2022-7,143,degraded_noncollapsed,2408,0.6655216831258051,0.643687707641196,0.6544226303567658
bn,M-2022-7,144,stable,3002,0.9349211673934921,0.9283810792804796,0.9316396456627111
bn,M-2022-7,145,stable,1697,0.9988179669030733,0.995875073659399,0.9973443493655946
bn,M-2022-7,146,,4786,0.9973675551168147,0.6333054743000418,0.7746964856230032
bn,M-2022-7,147,degraded_noncollapsed,55,0.17333333333333334,0.23636363636363636,0.2
bn,M-2022-7,148,,4632,0.9105381165919283,0.876727115716753,0.8933128024637044
bn,M-2022-7,149,,32883,0.6969740468534681,0.7382842198096281,0.7170346304363878
bn,M-2022-7,150,degraded_noncollapsed,1436,0.8543689320388349,0.3064066852367688,0.451050743208611
bn,M-2022-7,151,,1469,0.8113079019073569,0.8107556160653506,0.8110316649642493
bn,M-2022-7,152,degraded_noncollapsed,336,0.936046511627907,0.9583333333333334,0.9470588235294117
bn,M-2022-7,153,,39925,0.672716704479403,0.8986349405134627,0.7694353299448841
bn,M-2022-7,154,,1219,0.6224719101123596,0.6817063166529943,0.6507439310884886
bn,M-2022-7,155,,5019,0.646477132262052,0.7294281729428173,0.6854521625163827
bn,M-2022-7,156,absorber,19602,0.6417486338797814,0.8986838077747169,0.7487885743432797
bn,M-2022-7,157,,937,0.2953941541186891,0.7118463180362861,0.41752738654147104
bn,M-2022-7,158,,5930,0.8807542983915696,0.8033726812816189,0.8402857394831996
bn,M-2022-7,159,,1512,0.6945010183299389,0.45105820105820105,0.5469125902165196
bn,M-2022-7,160,,1230,0.45362058647516457,0.616260162601626,0.5225784212340572
bn,M-2022-7,161,,1512,0.9644153957879448,0.8783068783068783,0.919349255797854
bn,M-2022-7,162,,241,0.5714285714285714,0.3651452282157676,0.44556962025316454
bn,M-2022-7,163,final_collapsed;gradual_collapsed,1276,0.15296803652968036,0.052507836990595615,0.07817969661610269
bn,M-2022-7,164,,1702,0.09673055242390079,0.2520564042303173,0.13980772364347402
bn,M-2022-7,165,,5683,0.7857542420287152,0.7415097659686786,0.7629911280101395
bn,M-2022-7,166,degraded_noncollapsed,1530,0.28110599078341014,0.47843137254901963,0.35413642960812775
bn,M-2022-7,167,degraded_noncollapsed,23,0.07476635514018691,0.34782608695652173,0.12307692307692308
bn,M-2022-7,168,,2156,0.6984600099354198,0.6521335807050093,0.6745022787239147
bn,M-2022-7,169,,2090,0.9658653846153846,0.961244019138756,0.9635491606714628
bn,M-2022-7,170,,1882,0.8793103448275862,0.6503719447396387,0.7477092241905925
bn,M-2022-7,171,,6243,0.5760691750408974,0.7896844465801698,0.6661712046483346
bn,M-2022-7,172,,5217,0.5181614349775785,0.8859497795668009,0.6538869632878263
bn,M-2022-7,173,degraded_noncollapsed,1718,0.9928952042628775,0.6507566938300349,0.7862165963431786
bn,M-2022-7,174,final_collapsed;abrupt_collapsed,1067,0.0,0.0,0.0
bn,M-2022-7,175,,32188,0.7212007625941125,0.6933950540574128,0.707024629761622
bn,M-2022-7,176,degraded_noncollapsed,1623,0.611525086934923,0.758471965495995,0.6771177117711771
bn,M-2022-7,177,,1188,0.43795341733486065,0.9654882154882155,0.6025742054110849
bn,M-2022-10,0,,1642,0.867741935483871,0.8191230207064556,0.8427318295739349
bn,M-2022-10,1,,4956,0.897203947368421,0.880548829701372,0.8887983706720978
bn,M-2022-10,2,absorber,5086,0.3019040492225825,0.7139205662603224,0.4243557529363642
bn,M-2022-10,3,,1139,0.9886578449905482,0.9183494293239683,0.9522075557578517
bn,M-2022-10,4,,972,0.907843137254902,0.9526748971193416,0.929718875502008
bn,M-2022-10,5,absorber,2902,0.4594502884289108,0.4665747760165403,0.46298512566250644
bn,M-2022-10,6,degraded_noncollapsed,2429,0.15937635339974016,0.15150267599835324,0.1553398058252427
bn,M-2022-10,7,,39,0.0,0.0,0.0
bn,M-2022-10,8,stable,1940,0.7921291624621595,0.8092783505154639,0.8006119326874044
bn,M-2022-10,9,degraded_noncollapsed,1291,0.19344933469805528,0.1463981409759876,0.16666666666666666
bn,M-2022-10,10,final_collapsed;gradual_collapsed,1434,0.8254437869822485,0.3891213389121339,0.5289099526066351
bn,M-2022-10,11,degraded_noncollapsed,2001,0.6818181818181818,0.022488755622188907,0.04354136429608128
bn,M-2022-10,12,degraded_noncollapsed,2580,0.8293124246079614,0.5329457364341085,0.6488909863142992
bn,M-2022-10,13,absorber,1607,0.2780804150453956,0.6670815183571873,0.3925302087147565
bn,M-2022-10,14,absorber;degraded_noncollapsed,10007,0.2180769511571877,0.29849105626061756,0.2520249746878164
bn,M-2022-10,15,stable,951,0.7472118959107806,0.6340694006309149,0.6860068259385665
bn,M-2022-10,16,,2405,0.2200392927308448,0.1862785862785863,0.20175636117991444
bn,M-2022-10,17,,11892,0.9206185567010309,0.9011099899091827,0.9107598164201938
bn,M-2022-10,18,,43004,0.8174592134809133,0.9565854339131243,0.8815669634725214
bn,M-2022-10,19,degraded_noncollapsed,29160,0.6903610322339064,0.7587105624142662,0.7229238485794108
bn,M-2022-10,20,,2388,0.651062416998672,0.8211892797319933,0.7262962962962963
bn,M-2022-10,21,,3959,0.829041985618186,0.9027532205102299,0.864328899637243
bn,M-2022-10,22,,1178,0.35526315789473684,0.5730050933786078,0.43859649122807015
bn,M-2022-10,23,,8236,0.5922091464322955,0.9653958232151529,0.734096574646847
bn,M-2022-10,24,degraded_noncollapsed,12024,0.9581912094337783,0.8176979374584165,0.8823872560017949
bn,M-2022-10,25,,46993,0.7691261801260078,0.8546592045623816,0.8096399629077128
bn,M-2022-10,26,final_collapsed;abrupt_collapsed,1400,0.402740768937952,0.7557142857142857,0.5254531909610132
bn,M-2022-10,27,,10235,0.9979642968994676,0.6226673180263801,0.7668611996871427
bn,M-2022-10,28,degraded_noncollapsed,11735,0.6816987740805605,0.39804005112910096,0.5026093506214021
bn,M-2022-10,29,,34921,0.7894911872297972,0.6118381489648063,0.6894037170882809
bn,M-2022-10,30,,991,0.9846153846153847,0.3229061553985873,0.48632218844984804
bn,M-2022-10,31,,1938,0.7560386473429952,0.9690402476780186,0.8493894165535957
bn,M-2022-10,32,degraded_noncollapsed,1783,0.11914124774152407,0.6287156477846326,0.2003216583273767
bn,M-2022-10,33,,124,0.4852941176470588,0.2661290322580645,0.34375
bn,M-2022-10,34,degraded_noncollapsed,1682,0.7257142857142858,0.07550535077288942,0.1367797522886376
bn,M-2022-10,35,,2194,0.9890547263681592,0.9061075660893345,0.9457659372026641
bn,M-2022-10,36,degraded_noncollapsed,2648,0.9443272880641079,0.8455438066465257,0.8922096035066747
bn,M-2022-10,37,,1115,0.968503937007874,0.3309417040358744,0.49331550802139035
bn,M-2022-10,38,final_collapsed;abrupt_collapsed,92,0.20491803278688525,0.2717391304347826,0.2336448598130841
bn,M-2022-10,39,,4329,0.8053910557484174,0.911064911064911,0.8549750704530674
bn,M-2022-10,40,degraded_noncollapsed,981,0.9946428571428572,0.5677879714576962,0.7229072031148605
bn,M-2022-10,41,,2408,0.7363367799113737,0.41403654485049834,0.5300372142477405
bn,M-2022-10,42,degraded_noncollapsed,2235,0.7333333333333333,0.05413870246085011,0.10083333333333333
bn,M-2022-10,43,,2062,0.785829307568438,0.47332686711930166,0.5907990314769975
bn,M-2022-10,44,stable,1081,0.9923298178331735,0.9574468085106383,0.9745762711864406
bn,M-2022-10,45,absorber,1536,0.5743380855397149,0.55078125,0.5623130608175474
bn,M-2022-10,46,absorber,11714,0.7489888175113014,0.5374765238176541,0.625844930417495
bn,M-2022-10,47,final_collapsed;gradual_collapsed,34,0.0,0.0,0.0
bn,M-2022-10,48,final_collapsed;abrupt_collapsed,2986,0.0,0.0,0.0
bn,M-2022-10,49,,42912,0.8969725096229969,0.7656832587621178,0.8261443495970733
bn,M-2022-10,50,degraded_noncollapsed,3110,0.07703851925962982,0.049517684887459806,0.06028577020943433
bn,M-2022-10,51,,16876,0.6672710041616877,0.9595875799952596,0.7871673350346337
bn,M-2022-10,52,,2218,0.544146246596655,0.6307484220018035,0.5842555857172688
bn,M-2022-10,53,,11906,0.8873977086743045,0.9108012766672267,0.8989471938986985
bn,M-2022-10,54,degraded_noncollapsed,6595,0.7772020725388601,0.11372251705837756,0.1984126984126984
bn,M-2022-10,55,degraded_noncollapsed,5643,1.0,0.7276271486797803,0.8423428043901938
bn,M-2022-10,56,final_collapsed;abrupt_collapsed,10706,0.13636363636363635,0.0005604334018307491,0.0011162790697674418
bn,M-2022-10,57,stable,2065,0.9039473684210526,0.9980629539951574,0.9486766398158804
bn,M-2022-10,58,,2316,0.9995674740484429,0.9978411053540587,0.9987035436473639
bn,M-2022-10,59,stable,8856,0.9679894759921069,0.9970641373080398,0.9823117143174992
bn,M-2022-10,60,,59907,0.8707840283490477,0.9188241774750864,0.8941593092861378
bn,M-2022-10,61,,22920,0.7149720110284903,0.7467277486910995,0.7305049297878697
bn,M-2022-10,62,stable,24087,0.9608204269568857,0.9529621787686304,0.9568751693519811
bn,M-2022-10,63,,12148,0.762449846589568,0.5318570958182417,0.626612355736592
bn,M-2022-10,64,stable,4110,0.8838300220750552,0.7793187347931874,0.8282906645978795
bn,M-2022-10,65,,3253,0.9771341463414634,0.9852443897940363,0.9811725088014694
bn,M-2022-10,66,final_collapsed;abrupt_collapsed,4226,0.7450433705080545,0.5690960719356365,0.6452911188623558
bn,M-2022-10,67,,4304,0.37364864864864866,0.2569702602230483,0.30451541850220265
bn,M-2022-10,68,,3689,0.6375366568914956,0.8839793982108972,0.7407996365288505
bn,M-2022-10,69,final_collapsed;abrupt_collapsed,1232,0.0,0.0,0.0
bn,M-2022-10,70,degraded_noncollapsed,1735,0.845691382765531,0.24322766570605187,0.37779767233661593
bn,M-2022-10,71,absorber,63797,0.7139044722154468,0.7799269558129692,0.7454567246468006
bn,M-2022-10,72,,10327,0.41081081081081083,0.5813885930086182,0.48143693368615187
bn,M-2022-10,73,,13787,0.9783190809363393,0.8214985130920432,0.8930768017662829
bn,M-2022-10,74,,3353,0.4691394658753709,0.47151804354309573,0.47032574743418115
bn,M-2022-10,75,degraded_noncollapsed,11581,0.5864022662889519,0.4111043951299542,0.4833502538071066
bn,M-2022-10,76,stable,4405,0.9422885572139303,0.8599318955732123,0.8992284866468843
bn,M-2022-10,77,,27623,0.7426389960605938,0.6619845780690005,0.6999961719557478
bn,M-2022-10,78,,16173,0.8273948197889543,0.7466147282507883,0.7849319075632983
bn,M-2022-10,79,,12335,0.8383879503358437,0.6678556951763275,0.7434682550426425
bn,M-2022-10,80,degraded_noncollapsed,1260,0.597911227154047,0.18174603174603174,0.2787583688374924
bn,M-2022-10,81,,3661,0.8936918823825082,0.97131931166348,0.930890052356021
bn,M-2022-10,82,,35248,0.7386548410938655,0.8506014525646846,0.7906854083704739
bn,M-2022-10,83,,32633,0.8707073548024188,0.9486715901081727,0.9080190062767642
bn,M-2022-10,84,,1777,0.9145702306079665,0.9819921215531795,0.9470827679782904
bn,M-2022-10,85,,1115,0.7701421800947867,0.5829596412556054,0.6636038795303726
bn,M-2022-10,86,,52904,0.9374610522567435,0.7961968849236353,0.8610736334273682
bn,M-2022-10,87,,7329,0.803228021978022,0.9574293900941465,0.8735760971055089
bn,M-2022-10,88,,229,0.23480662983425415,0.37117903930131,0.2876480541455161
bn,M-2022-10,89,,613,0.9186691312384473,0.8107667210440457,0.8613518197573656
bn,M-2022-10,90,,6090,0.7249056603773585,0.9463054187192118,0.8209401709401709
bn,M-2022-10,91,,3610,0.9274985557481225,0.8894736842105263,0.9080882352941176
bn,M-2022-10,92,,1810,0.9828680203045685,0.8558011049723757,0.9149438865918488
bn,M-2022-10,93,,34838,0.7739899961523663,0.8661231988059016,0.8174688105333027
bn,M-2022-10,94,stable,350,0.5241545893719807,0.62,0.5680628272251309
bn,M-2022-10,95,,4023,0.6512871949180876,0.9684315187670892,0.7788105947026487
bn,M-2022-10,96,absorber;degraded_noncollapsed,61021,0.8520593897116283,0.7326166401730552,0.7878365994642605
bn,M-2022-10,97,,45643,0.9526642391917535,0.8139692833512259,0.8778724258928888
bn,M-2022-10,98,stable,59567,0.9924172524283246,0.9931169943089294,0.9927670000671276
bn,M-2022-10,99,stable,27230,0.9887351536671972,0.8896437752478884,0.9365757476174827
bn,M-2022-10,100,,27178,0.975470621791215,0.3775112223121643,0.5443548387096774
bn,M-2022-10,101,degraded_noncollapsed,55343,0.9923550087873462,0.8162188533328515,0.8957100225057751
bn,M-2022-10,102,,56050,0.8568754985580168,0.9965744870651204,0.9214602682327323
bn,M-2022-10,103,degraded_noncollapsed,2918,0.7629179331306991,0.1720356408498972,0.2807606263982103
bn,M-2022-10,104,final_collapsed;gradual_collapsed,2391,0.02857142857142857,0.003345880384776244,0.005990265818045676
bn,M-2022-10,105,absorber;degraded_noncollapsed,4902,0.3231429686483674,0.5067319461444308,0.39463023274287073
bn,M-2022-10,106,,2736,0.9642582628747117,0.91703216374269,0.9400524541026601
bn,M-2022-10,107,stable,3189,0.967530440212301,0.9717779868297272,0.9696495619524406
bn,M-2022-10,108,,5587,0.9279626065438549,0.6040809020941471,0.731786643538595
bn,M-2022-10,109,final_collapsed;abrupt_collapsed,1824,0.9738124238733252,0.8766447368421053,0.9226774379688402
bn,M-2022-10,110,,8030,0.9315198481733354,0.7334993773349938,0.8207343412526998
bn,M-2022-10,111,degraded_noncollapsed,2242,0.3665919282511211,0.43755575379125783,0.3989426596177308
bn,M-2022-10,112,degraded_noncollapsed,1706,0.8143322475570033,0.5861664712778429,0.6816632583503749
bn,M-2022-10,113,stable,4746,0.9965657866494956,0.9782975136957438,0.9873471557682084
bn,M-2022-10,114,,820,0.982051282051282,0.9341463414634147,0.9575
bn,M-2022-10,115,,21104,0.9539577764442747,0.8286106899166035,0.8868771395968049
bn,M-2022-10,116,,4100,0.9534622932436221,0.8295121951219512,0.8871788183122473
bn,M-2022-10,117,,83533,0.6405388457629684,0.7092526306968503,0.6731467331716157
bn,M-2022-10,118,degraded_noncollapsed,2917,0.8244664863240156,0.9403496743229345,0.8786034593209481
bn,M-2022-10,119,stable,2621,0.9169960474308301,0.7966425028615033,0.8525928950592079
bn,M-2022-10,120,,2381,0.549527665317139,0.8551028979420412,0.6690765691751561
bn,M-2022-10,121,final_collapsed;gradual_collapsed,205,0.1,0.00975609756097561,0.017777777777777778
bn,M-2022-10,122,,57235,0.8986994248612252,0.7835415392679305,0.8371789127837514
bn,M-2022-10,123,degraded_noncollapsed,8886,0.8514957264957265,0.08969164978618051,0.16228873956424353
bn,M-2022-10,124,,24809,0.9371274669963354,0.8555362973114595,0.8944751148383834
bn,M-2022-10,125,,3524,0.49703680598877104,0.9043700340522134,0.6415056360708534
bn,M-2022-10,126,,807,0.8532763532763533,0.7422552664188352,0.7939032471835653
bn,M-2022-10,127,,8546,0.924804355222865,0.6360870582728761,0.7537437603993344
bn,M-2022-10,128,stable,4543,0.7679498657117279,0.9440898084965882,0.846958925750395
bn,M-2022-10,129,degraded_noncollapsed,31048,0.735671861515813,0.9335222880700851,0.8228714192431082
bn,M-2022-10,130,stable,6353,0.6441988950276243,0.9176766881788132,0.7569953905083425
bn,M-2022-10,131,stable,26225,0.9135754815300884,0.9024976167778836,0.9080027622189826
bn,M-2022-10,132,stable,18623,0.9866446280991735,0.8013209472158084,0.8843783335308759
bn,M-2022-10,133,,46808,0.816632793786746,0.9614382156896257,0.8831390556929236
bn,M-2022-10,134,,8353,0.9360861759425494,0.9363103076738897,0.9361982283935839
bn,M-2022-10,135,,2978,0.5239941832283083,0.3629952988582942,0.4288831581035509
bn,M-2022-10,136,,17861,0.7760903671164104,0.6924024410727283,0.7318617587880223
bn,M-2022-10,137,degraded_noncollapsed,600,0.4342629482071713,0.18166666666666667,0.25616921269095183
bn,M-2022-10,138,degraded_noncollapsed,17872,0.5376019743607322,0.4387869292748433,0.4831941834314058
bn,M-2022-10,139,degraded_noncollapsed,1906,0.24591738712776176,0.13431269674711438,0.17373600271462505
bn,M-2022-10,140,,39024,0.7614767346244364,0.6881662566625666,0.7229677888304101
bn,M-2022-10,141,,1846,0.5505882352941176,0.7605633802816901,0.6387625113739763
bn,M-2022-10,142,,27783,0.8285884505723647,0.7008242450419321,0.7593697593697594
bn,M-2022-10,143,degraded_noncollapsed,4318,0.4904442789774138,0.4576192681797128,0.4734635198274829
bn,M-2022-10,144,stable,2456,0.8800148588410104,0.9645765472312704,0.9203574203574204
bn,M-2022-10,145,stable,1504,1.0,0.9906914893617021,0.9953239812959251
bn,M-2022-10,146,,5568,0.9932735426008968,0.47737068965517243,0.6448326055312955
bn,M-2022-10,147,degraded_noncollapsed,801,0.3388888888888889,0.07615480649188515,0.12436289500509684
bn,M-2022-10,148,,5342,0.8350715927169878,0.8843129913889929,0.8589871806527866
bn,M-2022-10,149,,56482,0.5386746536877574,0.6368400552388371,0.5836585346065538
bn,M-2022-10,150,degraded_noncollapsed,1195,0.8213552361396304,0.33472803347280333,0.4756242568370987
bn,M-2022-10,151,,2077,0.7268170426065163,0.8377467501203659,0.7783493625587117
bn,M-2022-10,152,degraded_noncollapsed,618,0.9617224880382775,0.9757281553398058,0.9686746987951808
bn,M-2022-10,153,,90325,0.7818339493299746,0.8384168281206753,0.8091373866774936
bn,M-2022-10,154,,3149,0.6329695577254452,0.6999047316608447,0.664756446991404
bn,M-2022-10,155,,9885,0.7134806131650135,0.6403641881638846,0.6749480194060884
bn,M-2022-10,156,absorber,24907,0.5611985277770917,0.9121532099409805,0.6948768924912067
bn,M-2022-10,157,,1745,0.3889721306562781,0.7438395415472779,0.5108225108225108
bn,M-2022-10,158,,11346,0.6261240664532846,0.72413185263529,0.6715710315514141
bn,M-2022-10,159,,2457,0.5422459893048128,0.4126984126984127,0.468685001155535
bn,M-2022-10,160,,2407,0.4931222424085128,0.7893643539675945,0.6070287539936102
bn,M-2022-10,161,,929,0.7529411764705882,0.8266953713670614,0.7880964597229349
bn,M-2022-10,162,,255,0.6125,0.3843137254901961,0.472289156626506
bn,M-2022-10,163,final_collapsed;gradual_collapsed,2116,0.12763596004439512,0.05434782608695652,0.0762346702021876
bn,M-2022-10,164,,2237,0.015767045454545454,0.04962002682163612,0.023930149832920126
bn,M-2022-10,165,,6592,0.8255829099908819,0.9614684466019418,0.888359380475156
bn,M-2022-10,166,degraded_noncollapsed,3035,0.3343558282208589,0.39505766062602965,0.36218093943513063
bn,M-2022-10,167,degraded_noncollapsed,125,0.13903743315508021,0.416,0.20841683366733466
bn,M-2022-10,168,,4172,0.785049534674272,0.62679769894535,0.6970545115287219
bn,M-2022-10,169,,2044,0.8927550047664442,0.9163405088062623,0.9043940125543216
bn,M-2022-10,170,,3079,0.7748011720385098,0.6011692107827217,0.6770299926847111
bn,M-2022-10,171,,7488,0.44834742505764796,0.7789797008547008,0.5691286954824861
bn,M-2022-10,172,,8866,0.5278440731901353,0.8980374464245432,0.6648851774530271
bn,M-2022-10,173,degraded_noncollapsed,1393,0.9324324324324325,0.14860014357501794,0.2563467492260062
bn,M-2022-10,174,final_collapsed;abrupt_collapsed,2702,0.0,0.0,0.0
bn,M-2022-10,175,,36003,0.5363719559831254,0.6674443796350304,0.5947725360130687
bn,M-2022-10,176,degraded_noncollapsed,3404,0.4353649068322981,0.6589306698002351,0.5243104254324451
bn,M-2022-10,177,,1613,0.5822342901474011,0.930564166150031,0.716296826533047
bn,M-2022-12,0,,950,0.8661588683351469,0.8378947368421052,0.8517924023542001
bn,M-2022-12,1,,3117,0.881979695431472,0.6689124157844081,0.7608100711548987
bn,M-2022-12,2,absorber,3678,0.27520316274983525,0.6813485589994562,0.3920525657071339
bn,M-2022-12,3,,743,0.8911290322580645,0.892328398384926,0.8917283120376597
bn,M-2022-12,4,,869,0.8998899889988999,0.9413118527042578,0.9201349831271091
bn,M-2022-12,5,absorber,1080,0.32573891625615764,0.4898148148148148,0.39127218934911245
bn,M-2022-12,6,degraded_noncollapsed,1684,0.4151838671411625,0.20783847980997625,0.2770083102493075
bn,M-2022-12,7,,33,0.0,0.0,0.0
bn,M-2022-12,8,stable,1142,0.7066881547139404,0.7679509632224168,0.7360469995803609
bn,M-2022-12,9,degraded_noncollapsed,910,0.20145631067961164,0.1824175824175824,0.1914648212226067
bn,M-2022-12,10,final_collapsed;gradual_collapsed,1004,0.6910112359550562,0.12250996015936255,0.20812182741116753
bn,M-2022-12,11,degraded_noncollapsed,1749,0.7804878048780488,0.018296169239565466,0.035754189944134075
bn,M-2022-12,12,degraded_noncollapsed,263,0.22310756972111553,0.21292775665399238,0.2178988326848249
bn,M-2022-12,13,absorber,1090,0.26275229357798163,0.6568807339449542,0.3753604193971166
bn,M-2022-12,14,absorber;degraded_noncollapsed,5821,0.14298884484189175,0.26644906373475347,0.1861051115910727
bn,M-2022-12,15,stable,715,0.5237556561085973,0.6475524475524476,0.5791119449656035
bn,M-2022-12,16,,1186,0.15095785440613027,0.16610455311973019,0.15816940987555198
bn,M-2022-12,17,,8301,0.8658008658008658,0.8914588603782677,0.8784425451092118
bn,M-2022-12,18,,25658,0.8014192022363187,0.8715410398316314,0.8350105487201509
bn,M-2022-12,19,degraded_noncollapsed,22936,0.6561557334191369,0.711283571677712,0.6826084227703508
bn,M-2022-12,20,,1125,0.5392953929539296,0.7075555555555556,0.6120722798923491
bn,M-2022-12,21,,2095,0.8298279158699808,0.8286396181384248,0.8292333412944829
bn,M-2022-12,22,,743,0.45935727788279773,0.6541049798115747,0.5397001665741255
bn,M-2022-12,23,,5114,0.5166503959214666,0.9313648807195932,0.6646201074443592
bn,M-2022-12,24,degraded_noncollapsed,4154,0.843940232429441,0.36711603273952814,0.5116591175977185
bn,M-2022-12,25,,34385,0.7542448614834674,0.8345499491057147,0.7923679087683451
bn,M-2022-12,26,final_collapsed;abrupt_collapsed,807,0.03425774877650897,0.05204460966542751,0.04131824889326119
bn,M-2022-12,27,,7371,0.9953177257525083,0.20187220187220187,0.3356643356643357
bn,M-2022-12,28,degraded_noncollapsed,5815,0.3795826283135928,0.23147033533963887,0.2875761136630702
bn,M-2022-12,29,,30274,0.8247945147140241,0.6397238554535245,0.7205655287880197
bn,M-2022-12,30,,645,0.9832089552238806,0.8170542635658915,0.8924640135478408
bn,M-2022-12,31,,952,0.732484076433121,0.9663865546218487,0.8333333333333334
bn,M-2022-12,32,degraded_noncollapsed,998,0.08421052631578947,0.5130260521042084,0.14467363662051427
bn,M-2022-12,33,,630,0.41304347826086957,0.03015873015873016,0.05621301775147929
bn,M-2022-12,34,degraded_noncollapsed,1240,0.943127962085308,0.16048387096774194,0.2742935906271537
bn,M-2022-12,35,,930,0.9741824440619621,0.6086021505376344,0.7491727332892124
bn,M-2022-12,36,degraded_noncollapsed,216,0.5564516129032258,0.3194444444444444,0.40588235294117647
bn,M-2022-12,37,,866,0.9768211920529801,0.3406466512702079,0.5051369863013698
bn,M-2022-12,38,final_collapsed;abrupt_collapsed,193,0.1891891891891892,0.07253886010362694,0.10486891385767791
bn,M-2022-12,39,,4483,0.8188060270837307,0.9576176667410217,0.8827884022208513
bn,M-2022-12,40,degraded_noncollapsed,737,0.9943342776203966,0.4762550881953867,0.6440366972477064
bn,M-2022-12,41,,1636,0.6666666666666666,0.4229828850855746,0.5175766641735228
bn,M-2022-12,42,degraded_noncollapsed,1444,0.7132352941176471,0.06717451523545706,0.12278481012658228
bn,M-2022-12,43,,1992,0.8232642019837692,0.4583333333333333,0.5888423089326024
bn,M-2022-12,44,stable,1181,0.9911738746690203,0.9508890770533446,0.9706136560069144
bn,M-2022-12,45,absorber,1463,0.7026239067055393,0.65892002734108,0.6800705467372135
bn,M-2022-12,46,absorber,7420,0.695574269844114,0.5231805929919138,0.5971848319360049
bn,M-2022-12,47,final_collapsed;gradual_collapsed,618,0.3235294117647059,0.01779935275080906,0.03374233128834356
bn,M-2022-12,48,final_collapsed;abrupt_collapsed,3361,0.006263048016701462,0.0017851829812555787,0.0027784209307710117
bn,M-2022-12,49,,31563,0.8968845494521875,0.7625067325666128,0.8242546706166413
bn,M-2022-12,50,degraded_noncollapsed,1528,0.11447562776957164,0.10143979057591623,0.10756419153365718
bn,M-2022-12,51,,11645,0.6672851328704812,0.9574066122799485,0.7864423517793532
bn,M-2022-12,52,,1274,0.49398353388220395,0.6122448979591837,0.5467928496319664
bn,M-2022-12,53,,5505,0.7349042709867453,0.8158038147138964,0.7732438016528925
bn,M-2022-12,54,degraded_noncollapsed,5063,0.8310911808669657,0.1098163144380802,0.19399860432658758
bn,M-2022-12,55,degraded_noncollapsed,4063,0.9216174183514775,0.7292640905734679,0.8142346798571036
bn,M-2022-12,56,final_collapsed;abrupt_collapsed,12137,0.009487666034155597,0.00041196341764851283,0.0007896399241945673
bn,M-2022-12,57,stable,2331,0.9191353082465973,0.984984984984985,0.9509215158417892
bn,M-2022-12,58,,15,0.0,0.0,0.0
bn,M-2022-12,59,stable,6030,0.9286826533790097,0.9890547263681592,0.9579184066816576
bn,M-2022-12,60,,24845,0.851764793672114,0.9188569128597304,0.8840397312525413
bn,M-2022-12,61,,10494,0.7004163512490538,0.7053554412044978,0.7028772196372615
bn,M-2022-12,62,stable,11221,0.9553211009174312,0.9279921575617146,0.9414583427512319
bn,M-2022-12,63,,5492,0.7140058765915769,0.5309541150764748,0.6090225563909775
bn,M-2022-12,64,stable,1215,0.732612055641422,0.7802469135802469,0.7556795536070148
bn,M-2022-12,65,,2112,0.9774038461538461,0.962594696969697,0.9699427480916031
bn,M-2022-12,66,final_collapsed;abrupt_collapsed,1955,0.010291595197255575,0.003069053708439898,0.004728132387706856
bn,M-2022-12,67,,1191,0.201949860724234,0.2434928631402183,0.22078416444613627
bn,M-2022-12,68,,2499,0.6415653720723392,0.8659463785514205,0.7370572207084468
bn,M-2022-12,69,final_collapsed;abrupt_collapsed,1866,0.0,0.0,0.0
bn,M-2022-12,70,degraded_noncollapsed,908,0.7099236641221374,0.20484581497797358,0.31794871794871793
bn,M-2022-12,71,absorber,39434,0.6135835665550861,0.8506365065679363,0.7129209483225827
bn,M-2022-12,72,,5765,0.37198535745047373,0.5993061578490894,0.459044708695941
bn,M-2022-12,73,,8821,0.9774003744316663,0.828590862713978,0.8968648383336401
bn,M-2022-12,74,,2294,0.48203842940685043,0.5030514385353095,0.492320819112628
bn,M-2022-12,75,degraded_noncollapsed,6807,0.5829903978052127,0.374614367562803,0.4561309364099812
bn,M-2022-12,76,stable,2683,0.9260450160771704,0.8587402161759224,0.8911235737768324
bn,M-2022-12,77,,17960,0.7517085672443251,0.6859131403118041,0.7173052288342844
bn,M-2022-12,78,,10246,0.7713958094443866,0.722233066562561,0.7460053430112404
bn,M-2022-12,79,,7528,0.8479801559177887,0.635759829968119,0.7266929851199514
bn,M-2022-12,80,degraded_noncollapsed,1055,0.5682656826568265,0.14597156398104266,0.23227752639517346
bn,M-2022-12,81,,2122,0.8838209982788297,0.9679547596606974,0.9239766081871345
bn,M-2022-12,82,,27579,0.8804441384059218,0.7417962942818811,0.8051953163435993
bn,M-2022-12,83,,19531,0.8142863634298177,0.9175157442015258,0.8628244017526121
bn,M-2022-12,84,,1057,0.8102253032928943,0.8845789971617786,0.845771144278607
bn,M-2022-12,85,,350,0.5602605863192183,0.49142857142857144,0.5235920852359208
bn,M-2022-12,86,,20232,0.8902828216132938,0.7997232107552392,0.8425766807269698
bn,M-2022-12,87,,5056,0.7840537000654879,0.9471914556962026,0.8579362235757793
bn,M-2022-12,88,,83,0.10847457627118644,0.3855421686746988,0.1693121693121693
bn,M-2022-12,89,,377,0.8865671641791045,0.7877984084880637,0.8342696629213483
bn,M-2022-12,90,,4080,0.7797967956232903,0.9781862745098039,0.867797347249402
bn,M-2022-12,91,,2334,0.8087885985748219,0.8753213367609255,0.8407407407407408
bn,M-2022-12,92,,896,0.9807692307692307,0.7399553571428571,0.8435114503816794
bn,M-2022-12,93,,18804,0.6795839550601246,0.8234950010636035,0.7446501562875691
bn,M-2022-12,94,stable,760,0.61,0.6421052631578947,0.6256410256410256
bn,M-2022-12,95,,3282,0.7347686669720568,0.9774527726995734,0.8389121338912134
bn,M-2022-12,96,absorber;degraded_noncollapsed,44573,0.9488705320440042,0.5437596751396585,0.6913400650350847
bn,M-2022-12,97,,18214,0.8737485721964657,0.7139562973536839,0.7858114028461795
bn,M-2022-12,98,stable,48912,0.99348248033507,0.9941527641478574,0.9938175092226412
bn,M-2022-12,99,stable,18452,0.9932419260510754,0.8283654888358986,0.9033420998197452
bn,M-2022-12,100,,17278,0.7949097881983788,0.5278388702396111,0.6344127160794407
bn,M-2022-12,101,degraded_noncollapsed,42403,0.9763747890606166,0.8596325731669929,0.9142921641416675
bn,M-2022-12,102,,35717,0.857616312900043,0.9490998684100008,0.9010419435436713
bn,M-2022-12,103,degraded_noncollapsed,1446,0.7225433526011561,0.17289073305670816,0.27901785714285715
bn,M-2022-12,104,final_collapsed;gradual_collapsed,1744,0.018726591760299626,0.0028669724770642203,0.004972650422675286
bn,M-2022-12,105,absorber;degraded_noncollapsed,3159,0.2490546579580612,0.4586894586894587,0.32282499721510527
bn,M-2022-12,106,,1622,0.975033738191633,0.8908754623921085,0.9310567010309279
bn,M-2022-12,107,stable,2555,0.9556272690601049,0.9272015655577299,0.9411998410806516
bn,M-2022-12,108,,3529,0.947617438323758,0.7945593652592803,0.8643649815043156
bn,M-2022-12,109,final_collapsed;abrupt_collapsed,393,0.0,0.0,0.0
bn,M-2022-12,110,,5670,0.916723861816518,0.7067019400352734,0.7981276765262424
bn,M-2022-12,111,degraded_noncollapsed,1136,0.14003164556962025,0.31161971830985913,0.19323144104803494
bn,M-2022-12,112,degraded_noncollapsed,1083,0.7702349869451697,0.5447830101569714,0.638182801514332
bn,M-2022-12,113,stable,3574,0.997968659315148,0.9622271964185787,0.9797720797720798
bn,M-2022-12,114,,911,0.9356357927786499,0.6542261251372119,0.7700258397932817
bn,M-2022-12,115,,15934,0.9589516426725729,0.8151750972762646,0.881237491095356
bn,M-2022-12,116,,3278,0.9327256944444444,0.6555826723611958,0.7699749193837334
bn,M-2022-12,117,,58860,0.6249066583696329,0.6824498810737343,0.6524118889069352
bn,M-2022-12,118,degraded_noncollapsed,2577,0.6014617368873603,0.5428793170353123,0.5706710177442382
bn,M-2022-12,119,stable,1033,0.8837920489296636,0.8393030009680542,0.8609731876861966
bn,M-2022-12,120,,1133,0.7830188679245284,0.8790820829655781,0.8282744282744283
bn,M-2022-12,121,final_collapsed;gradual_collapsed,16,0.0,0.0,0.0
bn,M-2022-12,122,,40149,0.8619802707821024,0.7595705995168,0.8075415739858066
bn,M-2022-12,123,degraded_noncollapsed,1458,0.7142857142857143,0.16803840877914952,0.27207107162687394
bn,M-2022-12,124,,18817,0.9302587176602924,0.8350427804644737,0.8800828945894478
bn,M-2022-12,125,,2268,0.3426502778245496,0.8972663139329806,0.4959181186791763
bn,M-2022-12,126,,2588,0.9638939670932358,0.8149149922720247,0.8831658291457286
bn,M-2022-12,127,,4058,0.8222718570516911,0.6350418925579103,0.7166295884315906
bn,M-2022-12,128,stable,3721,0.8056727613689639,0.9236764310669175,0.8606485539000877
bn,M-2022-12,129,degraded_noncollapsed,18631,0.6253353041002901,0.613117921743331,0.6191663504797008
bn,M-2022-12,130,stable,4618,0.5880665519219737,0.887830229536596,0.7075064710957722
bn,M-2022-12,131,stable,17194,0.9072177227251071,0.8860067465394905,0.8964867886776908
bn,M-2022-12,132,stable,13419,0.9856140981837799,0.8169014084507042,0.8933621286826128
bn,M-2022-12,133,,34000,0.7282681414745105,0.9605,0.8284163263235331
bn,M-2022-12,134,,5543,0.9394898529137963,0.9103373624391123,0.9246838922484881
bn,M-2022-12,135,,1872,0.5589849108367627,0.43536324786324787,0.4894894894894895
bn,M-2022-12,136,,12861,0.7388333760355282,0.6726537594277272,0.7041921041921042
bn,M-2022-12,137,degraded_noncollapsed,1286,0.3634085213032581,0.11275272161741835,0.17210682492581603
bn,M-2022-12,138,degraded_noncollapsed,12776,0.5652675760755509,0.4216499686912962,0.48300905585941
bn,M-2022-12,139,degraded_noncollapsed,973,0.17236024844720496,0.11408016443987667,0.137291280148423
bn,M-2022-12,140,,21276,0.7301762667604078,0.6833991351757849,0.7060137415329335
bn,M-2022-12,141,,1226,0.5505685218432077,0.7504078303425775,0.6351397997928891
bn,M-2022-12,142,,15948,0.8169212516683969,0.6908076247805367,0.748590065910172
bn,M-2022-12,143,degraded_noncollapsed,3052,0.4594302199783628,0.41743119266055045,0.43742489270386264
bn,M-2022-12,144,stable,2267,0.9133858267716536,0.9722099691221879,0.9418803418803419
bn,M-2022-12,145,stable,1149,1.0,0.9921671018276762,0.9960681520314548
bn,M-2022-12,146,,4680,0.9964650432050275,0.542094017094017,0.7021865485745917
bn,M-2022-12,147,degraded_noncollapsed,2730,0.9707252162341983,0.5344322344322344,0.6893456177651783
bn,M-2022-12,148,,3728,0.8167391860762734,0.8559549356223176,0.8358873608382449
bn,M-2022-12,149,,29896,0.49802671523983,0.6584827401659085,0.5671237612353077
bn,M-2022-12,150,degraded_noncollapsed,1291,0.9012693935119888,0.4949651432997676,0.639
bn,M-2022-12,151,,872,0.5790816326530612,0.7809633027522935,0.6650390625
bn,M-2022-12,152,degraded_noncollapsed,729,0.9575,0.5253772290809328,0.6784765279007972
bn,M-2022-12,153,,59235,0.7669848219028151,0.8044568245125349,0.7852740516133285
bn,M-2022-12,154,,1862,0.5853658536585366,0.6573576799140709,0.6192764988616241
bn,M-2022-12,155,,5650,0.6337094751925488,0.6261946902654867,0.6299296715036055
bn,M-2022-12,156,absorber,11350,0.430009648055707,0.9031718061674009,0.5826252522094972
bn,M-2022-12,157,,800,0.2939547761882787,0.79625,0.42938995618469833
bn,M-2022-12,158,,5549,0.4943695087241678,0.7199495404577402,0.5862068965517241
bn,M-2022-12,159,,1740,0.6103781882145998,0.3988505747126437,0.4824469933958985
bn,M-2022-12,160,,1048,0.3285573122529644,0.6345419847328244,0.4329427083333333
bn,M-2022-12,161,,334,0.5106888361045131,0.6437125748502994,0.5695364238410596
bn,M-2022-12,162,,59,0.46511627906976744,0.3389830508474576,0.39215686274509803
bn,M-2022-12,163,final_collapsed;gradual_collapsed,1741,0.059770114942528735,0.014933946008041356,0.02389705882352941
bn,M-2022-12,164,,1689,0.019491734517641253,0.046773238602723505,0.027516544757924068
bn,M-2022-12,165,,4989,0.7942767012167643,0.7065544197233915,0.7478519147130582
bn,M-2022-12,166,degraded_noncollapsed,1835,0.31986275257338925,0.45722070844686646,0.3764019739793629
bn,M-2022-12,167,degraded_noncollapsed,55,0.03825136612021858,0.12727272727272726,0.058823529411764705
bn,M-2022-12,168,,4221,0.7963786531130876,0.5939350864723999,0.6804179671597231
bn,M-2022-12,169,,1502,0.9159235668789809,0.9573901464713716,0.9361979166666666
bn,M-2022-12,170,,1916,0.3288761540910538,0.5391440501043842,0.4085426141981412
bn,M-2022-12,171,,4142,0.43155383238890543,0.6986962819893772,0.5335545722713865
bn,M-2022-12,172,,5558,0.36158970824718584,0.8495861820798849,0.507278294032336
bn,M-2022-12,173,degraded_noncollapsed,978,0.9051094890510949,0.12678936605316973,0.22242152466367712
bn,M-2022-12,174,final_collapsed;abrupt_collapsed,1507,0.2857142857142857,0.0013271400132714001,0.002642007926023778
bn,M-2022-12,175,,22084,0.5604069520983468,0.6584857815613113,0.6055003851518748
bn,M-2022-12,176,degraded_noncollapsed,2085,0.36363636363636365,0.44700239808153475,0.4010327022375215
bn,M-2022-12,177,,1117,0.45718050065876153,0.9319606087735004,0.6134354743665291
ln,M-2022-7,0,,627,0.8937784522003035,0.9393939393939394,0.9160186625194401
ln,M-2022-7,1,,5041,0.943765796124684,0.8889109303709581,0.9155174175094494
ln,M-2022-7,2,absorber,4913,0.693226348199291,0.7561571341339304,0.7233255451713395
ln,M-2022-7,3,,814,0.8945005611672279,0.9791154791154791,0.9348973607038124
ln,M-2022-7,4,,1306,0.8632893823733518,0.9525267993874426,0.9057153258099745
ln,M-2022-7,5,absorber,949,0.43156199677938806,0.8472075869336143,0.5718349928876245
ln,M-2022-7,6,degraded_noncollapsed,1455,0.13457617244392658,0.31752577319587627,0.1890343698854337
ln,M-2022-7,7,,13,0.125,0.07692307692307693,0.09523809523809523
ln,M-2022-7,8,stable,1238,0.8906605922551253,0.9474959612277868,0.9181996086105675
ln,M-2022-7,9,degraded_noncollapsed,1255,0.8021390374331551,0.47808764940239046,0.5991013479780329
ln,M-2022-7,10,final_collapsed;gradual_collapsed,1346,0.8553956834532375,0.8833580980683506,0.8691520467836257
ln,M-2022-7,11,degraded_noncollapsed,1290,0.8013307984790875,0.6534883720930232,0.7198975234842016
ln,M-2022-7,12,degraded_noncollapsed,1813,0.6765578635014837,0.8803088803088803,0.7651006711409396
ln,M-2022-7,13,absorber,1115,0.47346938775510206,0.6242152466367713,0.5384912959381044
ln,M-2022-7,14,absorber;degraded_noncollapsed,4897,0.4176630434782609,0.3138656320196038,0.3584003730908243
ln,M-2022-7,15,stable,538,0.865424430641822,0.7769516728624535,0.8188050930460333
ln,M-2022-7,16,,949,0.2250453720508167,0.13066385669125394,0.16533333333333333
ln,M-2022-7,17,,9274,0.9552529182879378,0.8470994177269786,0.8979311921362442
ln,M-2022-7,18,,12401,0.8493160547156228,0.9512942504636723,0.8974173671598646
ln,M-2022-7,19,degraded_noncollapsed,9918,0.8963735620978748,0.927102238354507,0.9114789849325932
ln,M-2022-7,20,,1273,0.809489575844716,0.8845247446975648,0.8453453453453453
ln,M-2022-7,21,,1255,0.9386363636363636,0.9872509960159362,0.9623300970873786
ln,M-2022-7,22,,449,0.7215686274509804,0.8195991091314031,0.7674661105318039
ln,M-2022-7,23,,5629,0.9085467243099434,0.9706875111032155,0.9385897105556987
ln,M-2022-7,24,degraded_noncollapsed,4214,0.9637182831396728,0.9644043663977219,0.9640612027043055
ln,M-2022-7,25,,35008,0.9123787284908126,0.9375285648994516,0.9247826883250447
ln,M-2022-7,26,final_collapsed;abrupt_collapsed,952,0.3241106719367589,0.6890756302521008,0.44086021505376344
ln,M-2022-7,27,,15113,0.9907574554119432,0.9078938662079005,0.947517436641116
ln,M-2022-7,28,degraded_noncollapsed,10579,0.706637711264281,0.7074392664713111,0.7070382616910723
ln,M-2022-7,29,,19817,0.7292063655559561,0.7144875611848412,0.721771932507519
ln,M-2022-7,30,,5745,0.9964801126363957,0.9855526544821585,0.990986260610834
ln,M-2022-7,31,,5940,0.9699485306325751,0.9835016835016835,0.9766780907799048
ln,M-2022-7,32,degraded_noncollapsed,2014,0.5805168986083499,0.43495531281032773,0.4973034345728073
ln,M-2022-7,33,,273,0.412,0.3772893772893773,0.3938814531548757
ln,M-2022-7,34,degraded_noncollapsed,802,0.9202898550724637,0.9501246882793017,0.9349693251533743
ln,M-2022-7,35,,3174,0.9829545454545454,0.926591052299937,0.9539409665909828
ln,M-2022-7,36,degraded_noncollapsed,1292,0.9297071129707113,0.8599071207430341,0.8934459187776438
ln,M-2022-7,37,,939,0.9834619625137817,0.9499467518636848,0.9664138678223185
ln,M-2022-7,38,final_collapsed;abrupt_collapsed,102,0.6388888888888888,0.45098039215686275,0.5287356321839081
ln,M-2022-7,39,,5963,0.9680944826370527,0.9210129129632735,0.9439669989687177
ln,M-2022-7,40,degraded_noncollapsed,1205,0.9390681003584229,0.8697095435684647,0.9030590262817751
ln,M-2022-7,41,,1992,0.7584960231381056,0.5266064257028112,0.6216296296296296
ln,M-2022-7,42,degraded_noncollapsed,630,0.41686746987951806,0.2746031746031746,0.3311004784688995
ln,M-2022-7,43,,1330,0.7240168539325843,0.775187969924812,0.7487291212781408
ln,M-2022-7,44,stable,1904,0.9828178694158075,0.9012605042016807,0.9402739726027397
ln,M-2022-7,45,absorber,1928,0.7811955890887986,0.6981327800829875,0.7373322377430841
ln,M-2022-7,46,absorber,4182,0.6440528634361233,0.6991869918699187,0.6704884200871359
ln,M-2022-7,47,final_collapsed;gradual_collapsed,384,0.9811320754716981,0.9479166666666666,0.9642384105960264
ln,M-2022-7,48,final_collapsed;abrupt_collapsed,4498,0.9290322580645162,0.09604268563806136,0.17408825307273826
ln,M-2022-7,49,,13761,0.83118166249506,0.917011845069399,0.8719897730021076
ln,M-2022-7,50,degraded_noncollapsed,2568,0.7079783113865221,0.3559190031152648,0.47369784918372637
ln,M-2022-7,51,,15397,0.939143692034049,0.9601870494252127,0.9495487973281095
ln,M-2022-7,52,,1010,0.808634772462077,0.6861386138613862,0.7423674343867167
ln,M-2022-7,53,,4517,0.7873191165270373,0.9154305955280053,0.8465554304432388
ln,M-2022-7,54,degraded_noncollapsed,3357,0.5810344827586207,0.20077450104259756,0.29842816028337393
ln,M-2022-7,55,degraded_noncollapsed,5627,0.9714087679778202,0.9962679936022747,0.9836813476048429
ln,M-2022-7,56,final_collapsed;abrupt_collapsed,8114,0.030303030303030304,0.00012324377618930243,0.0002454891371056831
ln,M-2022-7,57,stable,2449,0.9798353909465021,0.972233564720294,0.9760196761631482
ln,M-2022-7,58,,1749,0.9988564894225271,0.9988564894225271,0.9988564894225271
ln,M-2022-7,59,stable,5381,0.960545193687231,0.995354023415722,0.977639864926531
ln,M-2022-7,60,,21024,0.8834960272417707,0.9255612633181126,0.9040395828009942
ln,M-2022-7,61,,12195,0.6448240228557535,0.8698646986469865,0.740626963624939
ln,M-2022-7,62,stable,8933,0.9219486081370449,0.9639538788760774,0.9424834455207136
ln,M-2022-7,63,,8561,0.79254436358994,0.7251489311996262,0.7573502500914969
ln,M-2022-7,64,stable,16,0.035,0.4375,0.06481481481481481
ln,M-2022-7,65,,2044,0.9465608465608466,0.8752446183953033,0.909506863243518
ln,M-2022-7,66,final_collapsed;abrupt_collapsed,2587,0.8537494177922683,0.7085427135678392,0.7743979721166033
ln,M-2022-7,67,,1175,0.452914798206278,0.4297872340425532,0.4410480349344978
ln,M-2022-7,68,,3493,0.7516658124038954,0.8396793587174348,0.7932386747802569
ln,M-2022-7,69,final_collapsed;abrupt_collapsed,605,0.7652645861601085,0.9322314049586777,0.8405365126676602
ln,M-2022-7,70,degraded_noncollapsed,1078,0.7377423033067275,0.6001855287569573,0.6618925831202046
ln,M-2022-7,71,absorber,78156,0.8287761208553288,0.8718076667178464,0.8497474590010601
ln,M-2022-7,72,,7931,0.7519475701743539,0.7667381162526794,0.759270820327132
ln,M-2022-7,73,,15014,0.9636540962288687,0.9871453310243773,0.9752582746594722
ln,M-2022-7,74,,3474,0.7075630252100841,0.6059297639608521,0.6528143898278803
ln,M-2022-7,75,degraded_noncollapsed,16084,0.7349047465288989,0.8490425267346431,0.7878613050250967
ln,M-2022-7,76,stable,5019,0.9050732217573222,0.6895795975293884,0.7827660296279543
ln,M-2022-7,77,,35082,0.8479554337047192,0.8287155806396442,0.8382251182101257
ln,M-2022-7,78,,31608,0.9439721429243655,0.9520058213110605,0.9479719618807593
ln,M-2022-7,79,,10765,0.7588387211684032,0.7915466790524849,0.7748476857324725
ln,M-2022-7,80,degraded_noncollapsed,2151,0.6719626168224299,0.33426313342631336,0.446445203352996
ln,M-2022-7,81,,3251,0.9707620528771385,0.9600123039064903,0.965357253325085
ln,M-2022-7,82,,38594,0.8522612798897196,0.8330051303311395,0.8425231930394674
ln,M-2022-7,83,,21074,0.9330631637786473,0.9505077346493309,0.9417046683277702
ln,M-2022-7,84,,1135,0.9787045252883763,0.9718061674008811,0.9752431476569408
ln,M-2022-7,85,,1437,0.9838822704975473,0.9770354906054279,0.9804469273743017
ln,M-2022-7,86,,16760,0.8341836734693877,0.8389618138424821,0.8365659209900047
ln,M-2022-7,87,,9083,0.9741445703597755,0.9747880656170869,0.9744662117543473
ln,M-2022-7,88,,239,0.40764331210191085,0.5355648535564853,0.4629294755877034
ln,M-2022-7,89,,552,0.8709677419354839,0.7336956521739131,0.7964601769911505
ln,M-2022-7,90,,3605,0.8827763496143959,0.9525658807212205,0.9163442294863242
ln,M-2022-7,91,,2609,0.7072961373390558,0.947489459563051,0.8099606815203145
ln,M-2022-7,92,,804,0.8245033112582781,0.9291044776119403,0.8736842105263158
ln,M-2022-7,93,,24700,0.8898070374574347,0.7934412955465587,0.8388657035848047
ln,M-2022-7,94,stable,123,0.2157676348547718,0.42276422764227645,0.2857142857142857
ln,M-2022-7,95,,53160,0.9965115176794009,0.9887321294206171,0.9926065813700958
ln,M-2022-7,96,absorber;degraded_noncollapsed,37892,0.9014432151464994,0.8192494457933073,0.858383221114629
ln,M-2022-7,97,,30023,0.9044903508440651,0.7977217466608933,0.8477576015008318
ln,M-2022-7,98,stable,48679,0.9872499540262766,0.9925635284208797,0.989899610735505
ln,M-2022-7,99,stable,18048,0.9674044963301162,0.9274711879432624,0.9470170575089814
ln,M-2022-7,100,,10947,0.9320950323974082,0.9855668219603544,0.95808542758192
ln,M-2022-7,101,degraded_noncollapsed,44889,0.9566751016026378,0.2779300051237497,0.43072673916796134
ln,M-2022-7,102,,41479,0.8358344794110509,0.9963354950697944,0.9090549145980665
ln,M-2022-7,103,degraded_noncollapsed,1231,0.8783679753656659,0.9268887083671812,0.9019762845849802
ln,M-2022-7,104,final_collapsed;gradual_collapsed,1719,0.21023513139695713,0.17684700407213497,0.19210110584518167
ln,M-2022-7,105,absorber;degraded_noncollapsed,1105,0.45071295722256666,0.6579185520361991,0.5349521707137601
ln,M-2022-7,106,,2288,0.9337748344370861,0.986013986013986,0.9591836734693877
ln,M-2022-7,107,stable,2160,0.920950323974082,0.987037037037037,0.9528491620111732
ln,M-2022-7,108,,7204,0.8996976469041672,0.9500277623542477,0.9241779758287759
ln,M-2022-7,109,final_collapsed;abrupt_collapsed,1236,0.9648117839607201,0.9538834951456311,0.9593165174938975
ln,M-2022-7,110,,6102,0.9208504556012149,0.8446411012782694,0.8811009487990427
ln,M-2022-7,111,degraded_noncollapsed,1330,0.47913322632423755,0.4488721804511278,0.4635093167701863
ln,M-2022-7,112,degraded_noncollapsed,1780,0.36763590391908973,0.8168539325842696,0.5070619006102877
ln,M-2022-7,113,stable,2014,0.9812807881773399,0.9890764647467726,0.9851632047477745
ln,M-2022-7,114,,1939,0.7485402880498249,0.9917483238782878,0.8531499556344276
ln,M-2022-7,115,,13745,0.901487577148283,0.8288832302655511,0.8636622067240268
ln,M-2022-7,116,,3519,0.9337620578778135,0.8252344416027281,0.8761502489063208
ln,M-2022-7,117,,45039,0.5333333333333333,0.7953995426186194,0.6385227566416242
ln,M-2022-7,118,degraded_noncollapsed,1354,0.9013888888888889,0.9586410635155096,0.9291338582677166
ln,M-2022-7,119,stable,1430,0.8901098901098901,0.8496503496503497,0.8694096601073346
ln,M-2022-7,120,,1510,0.8202453987730062,0.885430463576159,0.8515923566878981
ln,M-2022-7,121,final_collapsed;gradual_collapsed,7,0.0,0.0,0.0
ln,M-2022-7,122,,41710,0.9069961765376142,0.8587868616638695,0.8822334150216125
ln,M-2022-7,123,degraded_noncollapsed,1121,0.854630715123095,0.6503122212310437,0.7386018237082067
ln,M-2022-7,124,,20257,0.8955216486673933,0.8923828799921015,0.8939495091857677
ln,M-2022-7,125,,2871,0.6912751677852349,0.932776036224312,0.7940696812453669
ln,M-2022-7,126,,1107,0.889413988657845,0.8500451671183379,0.869284064665127
ln,M-2022-7,127,,2163,0.847910592808552,0.8067498844197873,0.8268182895048567
ln,M-2022-7,128,stable,2154,0.6065868263473054,0.9405756731662024,0.7375318529304696
ln,M-2022-7,129,degraded_noncollapsed,19427,0.8848228604752879,0.9372008030061255,0.9102589741025897
ln,M-2022-7,130,stable,4594,0.7296190815236739,0.8922507618633,0.8027810419114767
ln,M-2022-7,131,stable,26165,0.8984466640600007,0.9660233135868527,0.9310103502891451
ln,M-2022-7,132,stable,10712,0.9400811401227505,0.8436333084391336,0.889249692496925
ln,M-2022-7,133,,36135,0.8842459173871278,0.9680088556800885,0.9242334165642794
ln,M-2022-7,134,,6337,0.9242245199409158,0.9873757298406186,0.9547570000762952
ln,M-2022-7,135,,1882,0.7096310493531385,0.7869287991498406,0.746283698664651
ln,M-2022-7,136,,14759,0.8744865358283889,0.9087336540416018,0.8912812333864966
ln,M-2022-7,137,degraded_noncollapsed,1585,0.43936731107205623,0.31545741324921134,0.3672420124862284
ln,M-2022-7,138,degraded_noncollapsed,28132,0.7429677419354839,0.6140338404663728,0.6723755400723989
ln,M-2022-7,139,degraded_noncollapsed,1011,0.47390396659707723,0.22453016815034618,0.3046979865771812
ln,M-2022-7,140,,13811,0.6943066976335447,0.8008833538483817,0.7437966512003228
ln,M-2022-7,141,,1364,0.6998087954110899,0.5366568914956011,0.6074688796680497
ln,M-2022-7,142,,23002,0.8266091366042436,0.8078862707590644,0.8171404700657389
ln,M-2022-7,143,degraded_noncollapsed,2408,0.6145574855252275,0.617109634551495,0.615830915872358
ln,M-2022-7,144,stable,3002,0.9308724832214765,0.9240506329113924,0.92744901370779
ln,M-2022-7,145,stable,1697,0.9994086339444116,0.995875073659399,0.9976387249114522
ln,M-2022-7,146,,4786,0.9812286689419796,0.8409945674885081,0.9057155715571558
ln,M-2022-7,147,degraded_noncollapsed,55,0.15789473684210525,0.2727272727272727,0.2
ln,M-2022-7,148,,4632,0.936806342015855,0.8929188255613126,0.914336244058804
ln,M-2022-7,149,,32883,0.6976580479220251,0.7836267980415412,0.7381477555931135
ln,M-2022-7,150,degraded_noncollapsed,1436,0.8573643410852713,0.7701949860724234,0.8114453411592076
ln,M-2022-7,151,,1469,0.7796284433055733,0.8284547311095983,0.8033003300330033
ln,M-2022-7,152,degraded_noncollapsed,336,0.9052924791086351,0.9672619047619048,0.935251798561151
ln,M-2022-7,153,,39925,0.7814262466840545,0.8779962429555417,0.8269013021324778
ln,M-2022-7,154,,1219,0.7084708470847084,0.5283018867924528,0.6052631578947368
ln,M-2022-7,155,,5019,0.6490865218890038,0.7503486750348675,0.6960539691340911
ln,M-2022-7,156,absorber,19602,0.818794794417201,0.885878991939598,0.8510169076206812
ln,M-2022-7,157,,937,0.5476588628762542,0.6990394877267876,0.614158462259728
ln,M-2022-7,158,,5930,0.9040999472109801,0.866441821247892,0.8848704038577456
ln,M-2022-7,159,,1512,0.6164267569856055,0.48148148148148145,0.5406609728926848
ln,M-2022-7,160,,1230,0.4598108747044917,0.6325203252032521,0.5325119780971937
ln,M-2022-7,161,,1512,0.9926793557833089,0.8968253968253969,0.9423210562890897
ln,M-2022-7,162,,241,0.6347305389221557,0.43983402489626555,0.5196078431372549
ln,M-2022-7,163,final_collapsed;gradual_collapsed,1276,0.09841269841269841,0.024294670846394983,0.03896920175989944
ln,M-2022-7,164,,1702,0.3451295147756293,0.5558166862514688,0.42583839747918073
ln,M-2022-7,165,,5683,0.7046211490424646,0.5956361076896005,0.6455611709735863
ln,M-2022-7,166,degraded_noncollapsed,1530,0.7085242896425298,0.5052287581699346,0.5898512018313621
ln,M-2022-7,167,degraded_noncollapsed,23,0.35,0.30434782608695654,0.32558139534883723
ln,M-2022-7,168,,2156,0.6929228308676529,0.8038033395176253,0.7442559587717414
ln,M-2022-7,169,,2090,0.9866004962779157,0.9511961722488038,0.9685749086479902
ln,M-2022-7,170,,1882,0.7925107427869859,0.6859723698193412,0.7354030190828824
ln,M-2022-7,171,,6243,0.6566192063011209,0.6943777030273907,0.6749708057609966
ln,M-2022-7,172,,5217,0.8666531357824234,0.8184780525206057,0.8418769716088328
ln,M-2022-7,173,degraded_noncollapsed,1718,0.9940933254577673,0.9796274738067521,0.9868073878627969
ln,M-2022-7,174,final_collapsed;abrupt_collapsed,1067,0.0,0.0,0.0
ln,M-2022-7,175,,32188,0.7474871214976756,0.7393127873741767,0.7433774834437086
ln,M-2022-7,176,degraded_noncollapsed,1623,0.6135693215339233,0.7689463955637708,0.682526661197703
ln,M-2022-7,177,,1188,0.6535796766743649,0.9528619528619529,0.7753424657534247
ln,M-2022-10,0,,1642,0.9042357274401474,0.8970767356881851,0.9006420055029043
ln,M-2022-10,1,,4956,0.8989469420818145,0.895682001614205,0.8973115019203558
ln,M-2022-10,2,absorber,5086,0.39424778761061946,0.700747149036571,0.5046014441455472
ln,M-2022-10,3,,1139,0.8167655786350149,0.9666374012291484,0.8854041013268998
ln,M-2022-10,4,,972,0.7174922600619195,0.9537037037037037,0.818904593639576
ln,M-2022-10,5,absorber,2902,0.5771615008156606,0.6095796002756719,0.5929277693983577
ln,M-2022-10,6,degraded_noncollapsed,2429,0.2225201072386059,0.23919308357348704,0.23055555555555557
ln,M-2022-10,7,,39,0.015625,0.02564102564102564,0.019417475728155338
ln,M-2022-10,8,stable,1940,0.9121900826446281,0.9103092783505154,0.9112487100103199
ln,M-2022-10,9,degraded_noncollapsed,1291,0.07619359058207979,0.18048024786986833,0.10715106921131294
ln,M-2022-10,10,final_collapsed;gradual_collapsed,1434,0.6811926605504587,0.41422594142259417,0.5151777970511708
ln,M-2022-10,11,degraded_noncollapsed,2001,0.43411927877947293,0.15642178910544727,0.22997795738427626
ln,M-2022-10,12,degraded_noncollapsed,2580,0.6283728536385936,0.5957364341085272,0.6116195781933943
ln,M-2022-10,13,absorber,1607,0.34540977840309534,0.611076540136901,0.44134831460674157
ln,M-2022-10,14,absorber;degraded_noncollapsed,10007,0.37737244269164405,0.30598580993304686,0.3379504442359693
ln,M-2022-10,15,stable,951,0.8060836501901141,0.668769716088328,0.7310344827586207
ln,M-2022-10,16,,2405,0.3179530201342282,0.1575883575883576,0.21073116485960522
ln,M-2022-10,17,,11892,0.8503079109426812,0.9056508577194753,0.8771072562912289
ln,M-2022-10,18,,43004,0.8910078220958045,0.9615152078876383,0.9249197526031473
ln,M-2022-10,19,degraded_noncollapsed,29160,0.8356063558037841,0.6618655692729767,0.7386570220257573
ln,M-2022-10,20,,2388,0.38966240701888233,0.8555276381909548,0.535447516708164
ln,M-2022-10,21,,3959,0.8729769494850417,0.8992169739833291,0.8859027000124424
ln,M-2022-10,22,,1178,0.7380165289256199,0.7580645161290323,0.7479061976549414
ln,M-2022-10,23,,8236,0.784026323661382,0.9547110247693055,0.8609909663290446
ln,M-2022-10,24,degraded_noncollapsed,12024,0.9550710900473933,0.8379906852960746,0.8927084256223975
ln,M-2022-10,25,,46993,0.9106048669467787,0.8854723043857596,0.8978627453095837
ln,M-2022-10,26,final_collapsed;abrupt_collapsed,1400,0.5746606334841629,0.635,0.6033254156769596
ln,M-2022-10,27,,10235,0.9755604928297313,0.9438202247191011,0.9594279187565179
ln,M-2022-10,28,degraded_noncollapsed,11735,0.6078995854444956,0.4498508734554751,0.5170674371908517
ln,M-2022-10,29,,34921,0.7764993132916221,0.728558746885828,0.7517655054220962
ln,M-2022-10,30,,991,0.9607476635514018,0.5186680121089808,0.6736566186107471
ln,M-2022-10,31,,1938,0.9301745635910225,0.7698658410732714,0.8424618859401468
ln,M-2022-10,32,degraded_noncollapsed,1783,0.3703349282296651,0.43409983174425126,0.3996901626646011
ln,M-2022-10,33,,124,0.3051948051948052,0.3790322580645161,0.3381294964028777
ln,M-2022-10,34,degraded_noncollapsed,1682,0.8868778280542986,0.6991676575505351,0.7819148936170213
ln,M-2022-10,35,,2194,0.9653864390706496,0.9279854147675478,0.9463165233557983
ln,M-2022-10,36,degraded_noncollapsed,2648,0.9749692244562987,0.8972809667673716,0.9345132743362832
ln,M-2022-10,37,,1115,0.9765625,0.8968609865470852,0.9350163627863488
ln,M-2022-10,38,final_collapsed;abrupt_collapsed,92,0.17355371900826447,0.22826086956521738,0.19718309859154928
ln,M-2022-10,39,,4329,0.9178547182620502,0.9369369369369369,0.9272976680384087
ln,M-2022-10,40,degraded_noncollapsed,981,0.9241379310344827,0.54638124362895,0.686739269698911
ln,M-2022-10,41,,2408,0.6994897959183674,0.5693521594684385,0.6277472527472527
ln,M-2022-10,42,degraded_noncollapsed,2235,0.6171875,0.21208053691275167,0.3156843156843157
ln,M-2022-10,43,,2062,0.7015043547110056,0.8593598448108632,0.7724498692240628
ln,M-2022-10,44,stable,1081,0.9810785241248817,0.9592969472710453,0.9700654817586529
ln,M-2022-10,45,absorber,1536,0.7061011904761905,0.6178385416666666,0.6590277777777778
ln,M-2022-10,46,absorber,11714,0.6844059405940595,0.6137100904900119,0.6471329552614997
ln,M-2022-10,47,final_collapsed;gradual_collapsed,34,0.0,0.0,0.0
ln,M-2022-10,48,final_collapsed;abrupt_collapsed,2986,0.0,0.0,0.0
ln,M-2022-10,49,,42912,0.8152898567441003,0.8235924683072334,0.8194201319252037
ln,M-2022-10,50,degraded_noncollapsed,3110,0.7236893969255026,0.5903536977491961,0.6502567735080573
ln,M-2022-10,51,,16876,0.9322968612496333,0.9416330884095757,0.9369417175201202
ln,M-2022-10,52,,2218,0.5360668185269551,0.6366095581605049,0.5820280296784831
ln,M-2022-10,53,,11906,0.9268398644539056,0.8959348227784311,0.9111253469997864
ln,M-2022-10,54,degraded_noncollapsed,6595,0.7011046133853152,0.16360879454131919,0.2653061224489796
ln,M-2022-10,55,degraded_noncollapsed,5643,0.9912801484230056,0.9468367889420521,0.9685488987582707
ln,M-2022-10,56,final_collapsed;abrupt_collapsed,10706,0.15384615384615385,0.0007472445357743321,0.0014872652909462725
ln,M-2022-10,57,stable,2065,0.9322505800464037,0.9728813559322034,0.952132701421801
ln,M-2022-10,58,,2316,0.9982253771073647,0.9715025906735751,0.9846827133479212
ln,M-2022-10,59,stable,8856,0.9489521762493284,0.9970641373080398,0.9724134133582952
ln,M-2022-10,60,,59907,0.8980236348818256,0.8828684460914418,0.8903815560213126
ln,M-2022-10,61,,22920,0.5871457785568215,0.8768760907504363,0.7033420822397201
ln,M-2022-10,62,stable,24087,0.943613301894463,0.9636318345995766,0.9535175105268563
ln,M-2022-10,63,,12148,0.6016182420007355,0.6732795521896608,0.635434875500136
ln,M-2022-10,64,stable,4110,0.9142781316348195,0.8381995133819952,0.8745874587458746
ln,M-2022-10,65,,3253,0.9466586754569973,0.9711035966799877,0.9587253414264036
ln,M-2022-10,66,final_collapsed;abrupt_collapsed,4226,0.7896156439649359,0.5541883577851396,0.6512791991101223
ln,M-2022-10,67,,4304,0.38261997405966275,0.20562267657992564,0.26749282152032644
ln,M-2022-10,68,,3689,0.38185557586837293,0.9059365681756574,0.5372558476006752
ln,M-2022-10,69,final_collapsed;abrupt_collapsed,1232,0.012232415902140673,0.003246753246753247,0.005131494547787043
ln,M-2022-10,70,degraded_noncollapsed,1735,0.8932584269662921,0.3665706051873199,0.5198201879852881
ln,M-2022-10,71,absorber,63797,0.6615982850590757,0.8320767434205371,0.7371088569980491
ln,M-2022-10,72,,10327,0.48889071757735353,0.5752880797908395,0.5285822323057076
ln,M-2022-10,73,,13787,0.8770627062706271,0.7710161746572859,0.8206276295981781
ln,M-2022-10,74,,3353,0.6122785331685208,0.44318520727706534,0.5141868512110727
ln,M-2022-10,75,degraded_noncollapsed,11581,0.5109445634070902,0.3708660737414731,0.4297793565817782
ln,M-2022-10,76,stable,4405,0.907342247243725,0.8780930760499432,0.8924780802953391
ln,M-2022-10,77,,27623,0.8160533578656853,0.6422546428700721,0.7187974798938476
ln,M-2022-10,78,,16173,0.90186639016442,0.7529215358931552,0.8206908171861836
ln,M-2022-10,79,,12335,0.8396709140162536,0.6784758816376165,0.7505156488207335
ln,M-2022-10,80,degraded_noncollapsed,1260,0.5917602996254682,0.2507936507936508,0.35228539576365664
ln,M-2022-10,81,,3661,0.5625894703356131,0.9661294728216334,0.7110977080820265
ln,M-2022-10,82,,35248,0.7210348983055016,0.8317635043123014,0.7724512244924844
ln,M-2022-10,83,,32633,0.9556662438511276,0.9465878098856986,0.9511053636307655
ln,M-2022-10,84,,1777,0.9528824833702882,0.9673607203151379,0.9600670203853672
ln,M-2022-10,85,,1115,0.8607467204843592,0.7650224215246637,0.8100664767331434
ln,M-2022-10,86,,52904,0.901057743754373,0.8276500831695146,0.8627953260162762
ln,M-2022-10,87,,7329,0.9183541017653167,0.9653431573202347,0.9412625557107697
ln,M-2022-10,88,,229,0.26857142857142857,0.4104803493449782,0.32469775474956825
ln,M-2022-10,89,,613,0.704225352112676,0.8156606851549756,0.7558578987150416
ln,M-2022-10,90,,6090,0.8639650497137692,0.9417077175697866,0.9011627906976745
ln,M-2022-10,91,,3610,0.9014008620689655,0.9268698060941828,0.9139579349904398
ln,M-2022-10,92,,1810,0.9596541786743515,0.919889502762431,0.9393511988716502
ln,M-2022-10,93,,34838,0.8091216673433482,0.8580572937596876,0.8328712926458911
ln,M-2022-10,94,stable,350,0.6654545454545454,0.5228571428571429,0.5856
ln,M-2022-10,95,,4023,0.9195241427571729,0.9798657718120806,0.9487364620938629
ln,M-2022-10,96,absorber;degraded_noncollapsed,61021,0.8862393651670977,0.7357467101489651,0.8040114613180516
ln,M-2022-10,97,,45643,0.8198176842014525,0.8334684398483886,0.8265867066466767
ln,M-2022-10,98,stable,59567,0.9956944397726126,0.9938724461530714,0.9947826086956522
ln,M-2022-10,99,stable,27230,0.9714263499591805,0.9176643408005876,0.9437803335032954
ln,M-2022-10,100,,27178,0.9427458961992832,0.783979689454706,0.8560638020048615
ln,M-2022-10,101,degraded_noncollapsed,55343,0.9729094204673492,0.7177059429376795,0.8260458151795277
ln,M-2022-10,102,,56050,0.8783112190966031,0.9932203389830508,0.9322381586328736
ln,M-2022-10,103,degraded_noncollapsed,2918,0.8625760649087221,0.5829335161069226,0.6957055214723926
ln,M-2022-10,104,final_collapsed;gradual_collapsed,2391,0.08027923211169284,0.019238812212463405,0.0310391363022942
ln,M-2022-10,105,absorber;degraded_noncollapsed,4902,0.4423461453010442,0.40616075071399427,0.4234818674890992
ln,M-2022-10,106,,2736,0.9152356594811838,0.9155701754385965,0.9154028868993239
ln,M-2022-10,107,stable,3189,0.9221698113207547,0.9808717466290373,0.9506154079927063
ln,M-2022-10,108,,5587,0.8044019933554817,0.6933953821371039,0.7447851581274633
ln,M-2022-10,109,final_collapsed;abrupt_collapsed,1824,0.9529688418577308,0.8887061403508771,0.9197163120567375
ln,M-2022-10,110,,8030,0.8590330788804071,0.8408468244084683,0.849842668344871
ln,M-2022-10,111,degraded_noncollapsed,2242,0.4213784564589352,0.4553969669937556,0.4377277599142551
ln,M-2022-10,112,degraded_noncollapsed,1706,0.37925696594427244,0.7180539273153576,0.49635332252836306
ln,M-2022-10,113,stable,4746,0.9834450963956413,0.9888327012220818,0.9861315402395461
ln,M-2022-10,114,,820,0.9627851140456183,0.9780487804878049,0.970356926799758
ln,M-2022-10,115,,21104,0.90031048483401,0.8931008339651251,0.8966911677252075
ln,M-2022-10,116,,4100,0.9469461697722568,0.8924390243902439,0.918884982420894
ln,M-2022-10,117,,83533,0.6167985969569133,0.7788897800869118,0.6884317895650149
ln,M-2022-10,118,degraded_noncollapsed,2917,0.962874659400545,0.9691463832704834,0.9660003417051085
ln,M-2022-10,119,stable,2621,0.9047217537942664,0.8187714612743228,0.8596034448227519
ln,M-2022-10,120,,2381,0.8668407310704961,0.8366232675346493,0.8514639880316307
ln,M-2022-10,121,final_collapsed;gradual_collapsed,205,0.016129032258064516,0.004878048780487805,0.00749063670411985
ln,M-2022-10,122,,57235,0.8778739048524866,0.8385777933082904,0.8577760303106123
ln,M-2022-10,123,degraded_noncollapsed,8886,0.8350612629594723,0.09970740490659465,0.1781441640695687
ln,M-2022-10,124,,24809,0.8817315329626688,0.8949171671570801,0.8882754205925304
ln,M-2022-10,125,,3524,0.5765636232925953,0.9103291713961408,0.7059859154929577
ln,M-2022-10,126,,807,0.7286549707602339,0.7719950433705081,0.7496991576413959
ln,M-2022-10,127,,8546,0.8763626695027918,0.7713550198923473,0.8205128205128205
ln,M-2022-10,128,stable,4543,0.881055452484024,0.9407880255337883,0.9099425164998936
ln,M-2022-10,129,degraded_noncollapsed,31048,0.843396507983883,0.9101391393970626,0.8754976530912584
ln,M-2022-10,130,stable,6353,0.7868222374742622,0.9022509050842121,0.8405924622378648
ln,M-2022-10,131,stable,26225,0.8965593620791494,0.9260629170638703,0.911072346332039
ln,M-2022-10,132,stable,18623,0.9235270495094946,0.8644149707351125,0.8929938425694791
ln,M-2022-10,133,,46808,0.8187897450848198,0.9600068364382157,0.8837927406110789
ln,M-2022-10,134,,8353,0.9167129989992217,0.9869507961211541,0.9505361466620547
ln,M-2022-10,135,,2978,0.6705374917053749,0.6786433848220282,0.67456608811749
ln,M-2022-10,136,,17861,0.827622416270587,0.8384189015172723,0.8329856765401196
ln,M-2022-10,137,degraded_noncollapsed,600,0.5278276481149012,0.49,0.5082108902333622
ln,M-2022-10,138,degraded_noncollapsed,17872,0.6201387429051923,0.4951880035810206,0.5506642192701365
ln,M-2022-10,139,degraded_noncollapsed,1906,0.273542600896861,0.16002098635886675,0.20191989407480967
ln,M-2022-10,140,,39024,0.7971081834581534,0.7473093480934809,0.7714058986906493
ln,M-2022-10,141,,1846,0.6858605246321178,0.580715059588299,0.6289234379583456
ln,M-2022-10,142,,27783,0.7475979176129416,0.7701472123240831,0.7587050563789802
ln,M-2022-10,143,degraded_noncollapsed,4318,0.4852216748768473,0.4562297359888837,0.47027930293626163
ln,M-2022-10,144,stable,2456,0.8627450980392157,0.9674267100977199,0.9120921305182341
ln,M-2022-10,145,stable,1504,0.999330207635633,0.9920212765957447,0.9956623289956623
ln,M-2022-10,146,,5568,0.9775230388851427,0.7810704022988506,0.8683238494559249
ln,M-2022-10,147,degraded_noncollapsed,801,0.23399014778325122,0.11860174781523096,0.15741507870753935
ln,M-2022-10,148,,5342,0.9146882841150357,0.8871209284912018,0.9006937185213342
ln,M-2022-10,149,,56482,0.6790832446019306,0.6887858078679934,0.6839001151435778
ln,M-2022-10,150,degraded_noncollapsed,1195,0.7024704618689581,0.5472803347280335,0.6152398871119473
ln,M-2022-10,151,,2077,0.674076865109269,0.8613384689455946,0.7562883111392941
ln,M-2022-10,152,degraded_noncollapsed,618,0.9376947040498442,0.9741100323624595,0.9555555555555556
ln,M-2022-10,153,,90325,0.8389411347203123,0.8375200664267921,0.83822999828252
ln,M-2022-10,154,,3149,0.7353966870095903,0.5357256271832328,0.6198787433400698
ln,M-2022-10,155,,9885,0.6797477224947442,0.6868993424380374,0.6833048203683204
ln,M-2022-10,156,absorber,24907,0.7957203994293865,0.8958124222106235,0.8428050692201635
ln,M-2022-10,157,,1745,0.403457273320287,0.7088825214899713,0.5142382041155685
ln,M-2022-10,158,,11346,0.7114355603118789,0.820289088665609,0.7619944326183069
ln,M-2022-10,159,,2457,0.41339396444811904,0.407000407000407,0.41017227235438886
ln,M-2022-10,160,,2407,0.5435754189944134,0.8084752804320732,0.6500751628528478
ln,M-2022-10,161,,929,0.9936868686868687,0.8471474703982778,0.9145845438698431
ln,M-2022-10,162,,255,0.6868131868131868,0.49019607843137253,0.5720823798627003
ln,M-2022-10,163,final_collapsed;gradual_collapsed,2116,0.11057108140947752,0.04300567107750473,0.06192582511058183
ln,M-2022-10,164,,2237,0.16469120399251402,0.2360303978542691,0.19401065588829688
ln,M-2022-10,165,,6592,0.6101433933211433,0.9617718446601942,0.7466289819230996
ln,M-2022-10,166,degraded_noncollapsed,3035,0.7270501835985312,0.3914332784184514,0.508888412936389
ln,M-2022-10,167,degraded_noncollapsed,125,0.7540983606557377,0.368,0.4946236559139785
ln,M-2022-10,168,,4172,0.7236928462043316,0.7929050814956855,0.7567196614434405
ln,M-2022-10,169,,2044,0.9621993127147767,0.958904109589041,0.9605488850771869
ln,M-2022-10,170,,3079,0.7043333333333334,0.6862617733030204,0.6951801283105774
ln,M-2022-10,171,,7488,0.5863453815261044,0.7409188034188035,0.6546312684365782
ln,M-2022-10,172,,8866,0.8586178575618914,0.8254004060455673,0.8416815228017712
ln,M-2022-10,173,degraded_noncollapsed,1393,0.9639423076923077,0.28786791098348885,0.443338861249309
ln,M-2022-10,174,final_collapsed;abrupt_collapsed,2702,0.0,0.0,0.0
ln,M-2022-10,175,,36003,0.5687982903172777,0.6727217176346415,0.6164104652346534
ln,M-2022-10,176,degraded_noncollapsed,3404,0.5830125737746985,0.6674500587544065,0.6223804958224901
ln,M-2022-10,177,,1613,0.7096774193548387,0.7228766274023558,0.7162162162162162
ln,M-2022-12,0,,950,0.8800424628450106,0.8726315789473684,0.8763213530655392
ln,M-2022-12,1,,3117,0.8869257950530035,0.7247353224254091,0.7976694915254238
ln,M-2022-12,2,absorber,3678,0.3536640191817773,0.641653072321914,0.45599458989469616
ln,M-2022-12,3,,743,0.8857493857493858,0.9703903095558546,0.9261400128452152
ln,M-2022-12,4,,869,0.730072463768116,0.9275028768699655,0.8170299036999493
ln,M-2022-12,5,absorber,1080,0.40718562874251496,0.6296296296296297,0.49454545454545457
ln,M-2022-12,6,degraded_noncollapsed,1684,0.4828693790149893,0.2678147268408551,0.3445378151260504
ln,M-2022-12,7,,33,0.16666666666666666,0.21212121212121213,0.18666666666666668
ln,M-2022-12,8,stable,1142,0.9025069637883009,0.851138353765324,0.8760703019378098
ln,M-2022-12,9,degraded_noncollapsed,910,0.24476987447698745,0.12857142857142856,0.1685878962536023
ln,M-2022-12,10,final_collapsed;gradual_collapsed,1004,0.46875,0.10458167330677291,0.17100977198697068
ln,M-2022-12,11,degraded_noncollapsed,1749,0.5313092979127134,0.16009148084619781,0.2460456942003515
ln,M-2022-12,12,degraded_noncollapsed,263,0.015089163237311385,0.04182509505703422,0.02217741935483871
ln,M-2022-12,13,absorber,1090,0.32426885582349924,0.5798165137614679,0.4159262915432708
ln,M-2022-12,14,absorber;degraded_noncollapsed,5821,0.2669442131557036,0.27538223672908435,0.2710975815998647
ln,M-2022-12,15,stable,715,0.5816917728852838,0.7020979020979021,0.6362484157160964
ln,M-2022-12,16,,1186,0.22625698324022347,0.13659359190556492,0.17034700315457413
ln,M-2022-12,17,,8301,0.7243757893714174,0.898205035537887,0.8019791330536732
ln,M-2022-12,18,,25658,0.8931326046607548,0.8439473068828436,0.8678436166162355
ln,M-2022-12,19,degraded_noncollapsed,22936,0.757973223032546,0.6072113707708406,0.6742677317840716
ln,M-2022-12,20,,1125,0.24722472247224722,0.7324444444444445,0.3696724988784208
ln,M-2022-12,21,,2095,0.837,0.7990453460620525,0.8175824175824176
ln,M-2022-12,22,,743,0.670316301703163,0.7415881561238223,0.7041533546325879
ln,M-2022-12,23,,5114,0.693269085981027,0.9002737583105201,0.7833262441514249
ln,M-2022-12,24,degraded_noncollapsed,4154,0.8114951768488746,0.48603755416466055,0.6079494128274616
ln,M-2022-12,25,,34385,0.8764965155756745,0.85592554893122,0.8660889013139502
ln,M-2022-12,26,final_collapsed;abrupt_collapsed,807,0.07556270096463022,0.058240396530359353,0.06578026592022393
ln,M-2022-12,27,,7371,0.9729421817146112,0.9268755935422602,0.9493503786562912
ln,M-2022-12,28,degraded_noncollapsed,5815,0.3445284697508897,0.26638005159071365,0.3004558238774125
ln,M-2022-12,29,,30274,0.8165514797093745,0.7610160533791372,0.7878062541674503
ln,M-2022-12,30,,645,0.9649122807017544,0.8527131782945736,0.9053497942386831
ln,M-2022-12,31,,952,0.8689915174363808,0.9684873949579832,0.9160457029309488
ln,M-2022-12,32,degraded_noncollapsed,998,0.2804366078925273,0.3346693386773547,0.3051621745089082
ln,M-2022-12,33,,630,0.6585365853658537,0.04285714285714286,0.08047690014903129
ln,M-2022-12,34,degraded_noncollapsed,1240,0.8912087912087913,0.6540322580645161,0.7544186046511628
ln,M-2022-12,35,,930,0.9243323442136498,0.6698924731182796,0.7768079800498753
ln,M-2022-12,36,degraded_noncollapsed,216,0.5775862068965517,0.3101851851851852,0.4036144578313253
ln,M-2022-12,37,,866,0.9560723514211886,0.8545034642032333,0.9024390243902439
ln,M-2022-12,38,final_collapsed;abrupt_collapsed,193,0.1951219512195122,0.04145077720207254,0.06837606837606838
ln,M-2022-12,39,,4483,0.9174603174603174,0.9669863930403747,0.9415725456125109
ln,M-2022-12,40,degraded_noncollapsed,737,0.9590643274853801,0.4450474898236092,0.607970342910102
ln,M-2022-12,41,,1636,0.6173740053050398,0.5690709046454768,0.5922391857506362
ln,M-2022-12,42,degraded_noncollapsed,1444,0.6405959031657356,0.23822714681440443,0.34729934376577487
ln,M-2022-12,43,,1992,0.762550881953867,0.8463855421686747,0.8022840827980015
ln,M-2022-12,44,stable,1181,0.9495374264087468,0.955969517358171,0.9527426160337553
ln,M-2022-12,45,absorber,1463,0.7114047287899861,0.6992481203007519,0.7052740434332989
ln,M-2022-12,46,absorber,7420,0.663075131042516,0.6137466307277628,0.6374580067189249
ln,M-2022-12,47,final_collapsed;gradual_collapsed,618,0.07317073170731707,0.0048543689320388345,0.009104704097116844
ln,M-2022-12,48,final_collapsed;abrupt_collapsed,3361,0.1111111111111111,0.001487652484379649,0.002935995302407516
ln,M-2022-12,49,,31563,0.8665632005518192,0.7960586762981973,0.8298160441229895
ln,M-2022-12,50,degraded_noncollapsed,1528,0.4346103038309115,0.21531413612565445,0.28796498905908097
ln,M-2022-12,51,,11645,0.9296943231441048,0.91412623443538,0.9218445550985062
ln,M-2022-12,52,,1274,0.5804806991988347,0.6255886970172685,0.6021911598035512
ln,M-2022-12,53,,5505,0.7498732465776576,0.8059945504087194,0.776921729994747
ln,M-2022-12,54,degraded_noncollapsed,5063,0.7159190853122251,0.16077424451905983,0.2625806451612903
ln,M-2022-12,55,degraded_noncollapsed,4063,0.9577711144427786,0.9433915825744523,0.9505269683818971
ln,M-2022-12,56,final_collapsed;abrupt_collapsed,12137,0.047619047619047616,0.00041196341764851283,0.0008168599901976801
ln,M-2022-12,57,stable,2331,0.9422352448723316,0.9656799656799657,0.9538135593220339
ln,M-2022-12,58,,15,0.0,0.0,0.0
ln,M-2022-12,59,stable,6030,0.9570532411130771,0.9867330016583747,0.9716665305789173
ln,M-2022-12,60,,24845,0.8672936259143156,0.8685852284161804,0.8679389466487019
ln,M-2022-12,61,,10494,0.5397474223659325,0.8430531732418525,0.6581365073461037
ln,M-2022-12,62,stable,11221,0.9329476728898238,0.9485785580607788,0.9406981882456915
ln,M-2022-12,63,,5492,0.5259994408722393,0.6851784413692644,0.5951288945120987
ln,M-2022-12,64,stable,1215,0.7646616541353384,0.837037037037037,0.7992141453831041
ln,M-2022-12,65,,2112,0.9458293384467881,0.9341856060606061,0.9399714149595045
ln,M-2022-12,66,final_collapsed;abrupt_collapsed,1955,0.001893939393939394,0.0005115089514066496,0.0008054772452678212
ln,M-2022-12,67,,1191,0.15520282186948853,0.14777497900923595,0.1513978494623656
ln,M-2022-12,68,,2499,0.7072463768115942,0.8787515006002401,0.7837259100642399
ln,M-2022-12,69,final_collapsed;abrupt_collapsed,1866,0.010344827586206896,0.001607717041800643,0.0027829313543599257
ln,M-2022-12,70,degraded_noncollapsed,908,0.6411042944785276,0.2301762114537445,0.3387358184764992
ln,M-2022-12,71,absorber,39434,0.5188186015226098,0.8606278845666177,0.6473752479780254
ln,M-2022-12,72,,5765,0.4989309712889432,0.5666955767562879,0.5306586534556972
ln,M-2022-12,73,,8821,0.8553622435730979,0.7468540981748101,0.7974338800459965
ln,M-2022-12,74,,2294,0.6033519553072626,0.4707933740191805,0.5288932419196866
ln,M-2022-12,75,degraded_noncollapsed,6807,0.4582043343653251,0.3261348611723226,0.38105046343975285
ln,M-2022-12,76,stable,2683,0.8428010003572705,0.8792396571002609,0.8606348048157607
ln,M-2022-12,77,,17960,0.8172420648068385,0.6866926503340757,0.7463011709176727
ln,M-2022-12,78,,10246,0.883124556842354,0.7293577981651376,0.7989095574085953
ln,M-2022-12,79,,7528,0.8278716798896171,0.6376195536663124,0.720396217919856
ln,M-2022-12,80,degraded_noncollapsed,1055,0.5458715596330275,0.22559241706161137,0.3192488262910798
ln,M-2022-12,81,,2122,0.4804860948819818,0.9688972667295005,0.6423996250585846
ln,M-2022-12,82,,27579,0.7653298350824588,0.7403821748431778,0.7526493300650583
ln,M-2022-12,83,,19531,0.9430851344924166,0.913726895704265,0.9281739220887294
ln,M-2022-12,84,,1057,0.8756218905472637,0.6660359508041628,0.7565824825362708
ln,M-2022-12,85,,350,0.8222996515679443,0.6742857142857143,0.7409733124018838
ln,M-2022-12,86,,20232,0.827044796624307,0.8331356267299328,0.8300790387314406
ln,M-2022-12,87,,5056,0.9159425765017001,0.9590585443037974,0.9370048309178743
ln,M-2022-12,88,,83,0.1965065502183406,0.5421686746987951,0.28846153846153844
ln,M-2022-12,89,,377,0.6239837398373984,0.8143236074270557,0.7065592635212888
ln,M-2022-12,90,,4080,0.8627408056042032,0.9659313725490196,0.9114246068455134
ln,M-2022-12,91,,2334,0.7034845496383958,0.9168808911739503,0.7961309523809523
ln,M-2022-12,92,,896,0.8988095238095238,0.8426339285714286,0.869815668202765
ln,M-2022-12,93,,18804,0.7300973724127807,0.7935013826845352,0.7604801100889376
ln,M-2022-12,94,stable,760,0.7288401253918495,0.6118421052631579,0.6652360515021459
ln,M-2022-12,95,,3282,0.9221522610188895,0.9817184643510055,0.9510035419126328
ln,M-2022-12,96,absorber;degraded_noncollapsed,44573,0.8198229202515408,0.5878895295358176,0.6847496602905823
ln,M-2022-12,97,,18214,0.7325504549844949,0.7911496650927857,0.7607232413884123
ln,M-2022-12,98,stable,48912,0.99447751119838,0.9940505397448479,0.9942639796325267
ln,M-2022-12,99,stable,18452,0.9667188252286952,0.8705289399523087,0.9161058514885365
ln,M-2022-12,100,,17278,0.7842043270720972,0.7321449241810395,0.7572809721931216
ln,M-2022-12,101,degraded_noncollapsed,42403,0.945842255531763,0.7500176874277763,0.8366238310074052
ln,M-2022-12,102,,35717,0.8308535819525626,0.9630988044908587,0.8921018166729341
ln,M-2022-12,103,degraded_noncollapsed,1446,0.7849829351535836,0.47717842323651455,0.5935483870967742
ln,M-2022-12,104,final_collapsed;gradual_collapsed,1744,0.08200455580865604,0.020642201834862386,0.03298213467704993
ln,M-2022-12,105,absorber;degraded_noncollapsed,3159,0.34773601657295056,0.3719531497309275,0.3594371367390639
ln,M-2022-12,106,,1622,0.9341590612777053,0.8834771886559802,0.9081115335868187
ln,M-2022-12,107,stable,2555,0.901627486437613,0.9757338551859099,0.937218045112782
ln,M-2022-12,108,,3529,0.8569497025419145,0.8979880986115046,0.8769890687698907
ln,M-2022-12,109,final_collapsed;abrupt_collapsed,393,0.0,0.0,0.0
ln,M-2022-12,110,,5670,0.8400280652517103,0.8446208112874779,0.8423181778207721
ln,M-2022-12,111,degraded_noncollapsed,1136,0.2219116825041923,0.3494718309859155,0.27145299145299145
ln,M-2022-12,112,degraded_noncollapsed,1083,0.2736633663366337,0.6380424746075716,0.3830376940133038
ln,M-2022-12,113,stable,3574,0.9871391826236068,0.9664241745942921,0.9766718506998445
ln,M-2022-12,114,,911,0.6735057983942908,0.8287596048298573,0.7431102362204725
ln,M-2022-12,115,,15934,0.8906780727135489,0.8886657462030877,0.8896707715506409
ln,M-2022-12,116,,3278,0.909433962264151,0.7352043929225137,0.8130904183535762
ln,M-2022-12,117,,58860,0.6048483317190944,0.7320761128100578,0.6624084365223941
ln,M-2022-12,118,degraded_noncollapsed,2577,0.8093907210732253,0.5618936748156771,0.663307375171782
ln,M-2022-12,119,stable,1033,0.8772455089820359,0.850919651500484,0.8638820638820639
ln,M-2022-12,120,,1133,0.8271391529818496,0.8446601941747572,0.8358078602620087
ln,M-2022-12,121,final_collapsed;gradual_collapsed,16,0.0,0.0,0.0
ln,M-2022-12,122,,40149,0.8433986053572807,0.8163839697128198,0.8296714423125601
ln,M-2022-12,123,degraded_noncollapsed,1458,0.6809421841541756,0.21810699588477367,0.3303896103896104
ln,M-2022-12,124,,18817,0.8777942549568847,0.8493383642450976,0.8633318928262749
ln,M-2022-12,125,,2268,0.596665691722726,0.8994708994708994,0.7174257077545279
ln,M-2022-12,126,,2588,0.8961474036850922,0.8268933539412674,0.860128617363344
ln,M-2022-12,127,,4058,0.8183556405353728,0.7382947264662395,0.7762663557455629
ln,M-2022-12,128,stable,3721,0.8624078624078624,0.9432948132222521,0.9010396611474779
ln,M-2022-12,129,degraded_noncollapsed,18631,0.7829497520905795,0.5678707530459987,0.6582877053260329
ln,M-2022-12,130,stable,4618,0.8281122864117169,0.8815504547423126,0.8539962240402769
ln,M-2022-12,131,stable,17194,0.8786120718509428,0.9160172153076654,0.8969248291571754
ln,M-2022-12,132,stable,13419,0.8997383810403201,0.8713764065876742,0.8853303047510884
ln,M-2022-12,133,,34000,0.7506444485361812,0.9592352941176471,0.842216713149468
ln,M-2022-12,134,,5543,0.9018768521567336,0.988273498105719,0.9431006283894293
ln,M-2022-12,135,,1872,0.6130725190839694,0.6864316239316239,0.6476814516129032
ln,M-2022-12,136,,12861,0.7830312774042678,0.8331389472047275,0.8073083443209644
ln,M-2022-12,137,degraded_noncollapsed,1286,0.7772087067861716,0.47200622083981336,0.5873246250604741
ln,M-2022-12,138,degraded_noncollapsed,12776,0.6369439868204283,0.4841891045710708,0.5501600853788687
ln,M-2022-12,139,degraded_noncollapsed,973,0.22641509433962265,0.13566289825282632,0.16966580976863754
ln,M-2022-12,140,,21276,0.780937896070976,0.7240082722316225,0.7513963074071364
ln,M-2022-12,141,,1226,0.6991643454038997,0.6141924959216966,0.6539296569691706
ln,M-2022-12,142,,15948,0.6864363656923164,0.7612866817155757,0.7219265645904563
ln,M-2022-12,143,degraded_noncollapsed,3052,0.40942269409422694,0.4043250327653997,0.40685789647213977
ln,M-2022-12,144,stable,2267,0.8950567260940032,0.9744155271283634,0.933051742344245
ln,M-2022-12,145,stable,1149,1.0,0.9921671018276762,0.9960681520314548
ln,M-2022-12,146,,4680,0.9870934434692824,0.8170940170940171,0.8940846387654898
ln,M-2022-12,147,degraded_noncollapsed,2730,0.8945375878853434,0.6058608058608058,0.7224284778335881
ln,M-2022-12,148,,3728,0.8561917443408789,0.862392703862661,0.8592810370172391
ln,M-2022-12,149,,29896,0.5999553022684099,0.7183569708322184,0.6538391280521221
ln,M-2022-12,150,degraded_noncollapsed,1291,0.7279503105590062,0.4539116963594113,0.5591603053435115
ln,M-2022-12,151,,872,0.5031271716469771,0.8302752293577982,0.6265685850281264
ln,M-2022-12,152,degraded_noncollapsed,729,0.9170653907496013,0.7887517146776406,0.8480825958702065
ln,M-2022-12,153,,59235,0.8248966852081118,0.7986325652063814,0.8115521855486173
ln,M-2022-12,154,,1862,0.7103448275862069,0.49785177228786254,0.5854120618882223
ln,M-2022-12,155,,5650,0.5738867924528301,0.6729203539823009,0.6194704684317719
ln,M-2022-12,156,absorber,11350,0.6645453352578402,0.8924229074889868,0.7618080625752106
ln,M-2022-12,157,,800,0.3772348033373063,0.79125,0.5108958837772397
ln,M-2022-12,158,,5549,0.6364410387398893,0.8082537394125068,0.7121308351857732
ln,M-2022-12,159,,1740,0.4738351254480287,0.3798850574712644,0.4216905901116427
ln,M-2022-12,160,,1048,0.3610188261351052,0.6221374045801527,0.45690259285213736
ln,M-2022-12,161,,334,0.9354838709677419,0.6946107784431138,0.7972508591065293
ln,M-2022-12,162,,59,0.3625,0.4915254237288136,0.4172661870503597
ln,M-2022-12,163,final_collapsed;gradual_collapsed,1741,0.07473309608540925,0.012062033314187249,0.020771513353115726
ln,M-2022-12,164,,1689,0.17851739788199697,0.20959147424511546,0.19281045751633988
ln,M-2022-12,165,,4989,0.4710589036431733,0.5546201643615956,0.509435699162294
ln,M-2022-12,166,degraded_noncollapsed,1835,0.7063166529942576,0.46920980926430517,0.5638506876227898
ln,M-2022-12,167,degraded_noncollapsed,55,0.7777777777777778,0.38181818181818183,0.5121951219512195
ln,M-2022-12,168,,4221,0.7765757290686736,0.7822790807865435,0.7794169715567095
ln,M-2022-12,169,,1502,0.9506903353057199,0.96271637816245,0.9566655640092623
ln,M-2022-12,170,,1916,0.4161676646706587,0.6529227557411273,0.5083299471759447
ln,M-2022-12,171,,4142,0.5351888667992047,0.649927571221632,0.5870039249890973
ln,M-2022-12,172,,5558,0.7697297297297298,0.7686218064051817,0.7691753691033489
ln,M-2022-12,173,degraded_noncollapsed,978,0.951310861423221,0.25971370143149286,0.40803212851405624
ln,M-2022-12,174,final_collapsed;abrupt_collapsed,1507,0.0,0.0,0.0
ln,M-2022-12,175,,22084,0.587408337722319,0.6565386705307009,0.620052601193149
ln,M-2022-12,176,degraded_noncollapsed,2085,0.4759592034968431,0.47002398081534774,0.47297297297297297
ln,M-2022-12,177,,1117,0.7561196736174071,0.7466427931960609,0.7513513513513513
