{
  "best_epoch": 50,
  "best_val_f1": 0.8223979677320502,
  "test_accuracy": 0.8378887900827826,
  "test_macro_f1": 0.7787650208343817,
  "num_classes": 102
}