{
  "best_epoch": 46,
  "best_val_f1": 0.7932809099552367,
  "test_accuracy": 0.8213570981005924,
  "test_macro_f1": 0.7479096405499309,
  "num_classes": 101
}